0.1064758301
-0.1064758301
0.0000000000
-0.1064758301
-0.1064758301
-0.1064758301
0.0000000000
0.0000000000
0.0785675049
0.0000000000
0.0000000000
0.0000000000
0.0000000000
0.0000000000
0.0000000000
-0.0785675049
0.0000000000
0.9840087891
0.0715637207
-0.0715637207
0.0000000000
0.0178985596
0.0894622803
-0.0536804199
-0.0550384521
0.1100921631
-0.2476959229
0.7981414795
0.2752227783
-0.1376037598
-0.1376037598
-0.3853149414
0.1698303223
-0.0283050537
-0.0283050537
-0.2264404297
-0.9057464600
0.1981353760
0.1132202148
-0.1415252686
0.0314331055
-0.0628662109
0.0000000000
-0.0942993164
-0.6600494385
-0.6914672852
-0.1257171631
-0.1571502686
0.2842712402
-0.2842712402
0.5685577393
-0.2842712402
0.0000000000
-0.2842712402
-0.1895141602
0.0000000000
0.2185974121
0.0546417236
0.3278961182
-0.2185974121
-0.4371795654
0.0000000000
0.0000000000
-0.7104339600
0.8979339600
0.1870727539
0.0748291016
-0.2244873047
-0.2244873047
-0.0374145508
-0.0748291016
0.0000000000
0.0594482422
0.2972106934
0.1783294678
0.4755249023
-0.0594482422
-0.6538543701
0.1188812256
0.2972106934
-0.2416839600
0.0000000000
0.2416839600
0.0000000000
0.3625183105
0.3625183105
-0.1208343506
0.0000000000
-0.0536041260
0.1340026855
0.0803985596
0.1608123779
0.0803985596
0.1608123779
-0.9380340576
-0.1072082520
0.4407043457
-0.0881347656
-0.3525543213
0.2644195557
0.3525543213
0.2644195557
-0.2644195557
-0.2644195557
0.1304931641
0.9134674072
0.1739959717
0.1304931641
0.0000000000
0.0435028076
-0.0869903564
-0.1739959717
0.0000000000
0.0000000000
0.0000000000
0.1113433838
0.0000000000
-0.1113433838
-0.2226867676
0.0000000000
-0.1895141602
-0.3790283203
0.0000000000
0.0947570801
-0.1895141602
0.0947570801
0.6633148193
0.0947570801
0.2463989258
0.0821380615
0.4927825928
-0.3285217285
-0.0821380615
0.5749206543
0.0821380615
0.0821380615
-0.5742187500
-0.1148376465
0.5742187500
-0.2679595947
0.0382843018
0.4210968018
-0.1531219482
0.0765686035
0.1064758301
0.0000000000
0.1064758301
0.0000000000
-0.1064758301
0.0000000000
0.1064758301
0.1064758301
0.1637268066
-0.1637268066
0.0818634033
0.2455902100
0.4093017578
0.1637268066
0.6548919678
0.1637268066
-0.0575561523
-0.0575561523
0.8826446533
-0.2494354248
-0.0575561523
-0.0767517090
0.3070068359
-0.1918792725
0.0000000000
0.0000000000
0.0000000000
-0.1000061035
-0.1000061035
0.1000061035
-0.1000061035
0.0000000000
0.0000000000
0.0000000000
0.1289215088
-0.9797973633
0.0257873535
-0.0257873535
0.0000000000
0.0257873535
0.0000000000
0.9510040283
0.0891571045
-0.1783142090
0.0297241211
-0.0594329834
-0.1485900879
-0.0297241211
-0.2308349609
0.3077850342
0.1539001465
0.3077850342
0.4616851807
-0.2308349609
0.4616851807
0.2308349609
-0.1332397461
0.0666198730
0.6661682129
-0.2664642334
-0.1998443604
0.3997039795
-0.0666198730
-0.3330841064
-0.0773010254
-0.2319030762
0.1546020508
0.1159515381
0.7343597412
0.4251556396
-0.1159515381
-0.3478546143
0.1331634521
-0.0295867920
-0.1183624268
0.9617156982
0.1479492188
-0.0148010254
-0.0739746094
0.0887756348
0.0000000000
0.9749908447
0.0487518311
0.1462402344
-0.0243682861
0.0731201172
0.0000000000
0.0243682861
0.5821685791
-0.1819305420
0.1455383301
0.1091613770
0.2183074951
0.6913146973
0.1455383301
-0.0727691650
0.0000000000
-0.7856750488
-0.1571350098
-0.2357025146
0.1571350098
-0.2357025146
0.0785675049
-0.0785675049
-0.1499938965
-0.1499938965
0.2250061035
0.0749969482
-0.6750030518
0.0000000000
0.2250061035
-0.4499969482
0.1178436279
-0.1178436279
0.0000000000
-0.1178436279
-0.2357025146
-0.1178436279
0.0000000000
0.0000000000
0.1064758301
0.0000000000
0.0000000000
-0.1064758301
-0.1064758301
0.0000000000
0.1064758301
-0.1064758301
0.0000000000
0.9911651611
0.0314636230
-0.0314636230
-0.0157318115
0.0786590576
0.0314636230
-0.0157318115
-0.0378265381
0.0945587158
-0.3782348633
0.8321075439
0.1701965332
-0.0945587158
-0.0378265381
-0.3214874268
0.1253814697
-0.0501556396
0.0250701904
-0.1755371094
-0.9529266357
0.1253814697
-0.0250701904
-0.0752258301
0.0276641846
-0.0276641846
0.0553131104
0.0000000000
-0.6084899902
-0.7191162109
-0.0829772949
-0.2765808105
0.2830657959
-0.3774108887
0.4717712402
-0.2830657959
0.1887054443
-0.2830657959
0.1887054443
-0.0943603516
0.3344268799
0.2229461670
-0.2786865234
-0.2229461670
-0.3344268799
0.2229461670
0.0000000000
-0.6688537598
0.8578338623
0.2401885986
0.2058868408
-0.3088226318
-0.1029357910
-0.1372528076
0.0000000000
-0.0343170166
0.0000000000
0.4116210938
0.5145263672
0.4116210938
-0.2058105469
-0.3601684570
0.3087158203
0.2058105469
-0.1762847900
0.0881347656
0.2644195557
0.1762847900
0.6169738770
0.4407043457
-0.0881347656
0.0881347656
-0.0473937988
0.0710906982
0.0710906982
0.1184692383
0.0236968994
0.0947723389
-0.9714813232
-0.0473937988
0.5787506104
0.0000000000
0.0000000000
0.3307189941
0.4133911133
0.1653594971
-0.2480316162
-0.2480316162
0.0000000000
0.9479064941
0.1755371094
0.0000000000
0.0702209473
0.0702209473
-0.0351104736
-0.1404266357
-0.2494506836
-0.1247253418
0.1247253418
0.1247253418
-0.1247253418
-0.1247253418
-0.1247253418
0.2494506836
0.0000000000
-0.4312133789
-0.0718688965
0.0000000000
0.0000000000
-0.0718688965
0.7905731201
0.0718688965
0.4175415039
0.5103302002
0.4639434814
-0.2783660889
-0.2319641113
0.3711547852
-0.0463867188
-0.0927886963
-0.5468597412
-0.1952972412
0.5077972412
-0.3124847412
0.0000000000
0.4687347412
-0.1952972412
0.0000000000
0.0911560059
0.0000000000
0.0000000000
-0.0911560059
0.0000000000
0.0000000000
0.0000000000
-0.0911560059
0.9224853516
-0.0512542725
-0.1024932861
-0.1537475586
0.0000000000
0.1537475586
0.0000000000
0.0512542725
-0.0505065918
-0.1515350342
0.9092559814
-0.2525634766
0.0673522949
-0.0336761475
0.2020568848
-0.1683807373
0.0000000000
0.1064758301
0.1064758301
-0.1064758301
-0.1064758301
0.0000000000
0.0000000000
-0.1064758301
0.0249328613
0.0249328613
0.1496124268
-0.9725189209
0.0000000000
0.0000000000
-0.0997467041
0.0249328613
0.0178527832
0.9816589355
0.0535430908
-0.1070861816
-0.0178527832
-0.0535430908
-0.0892486572
-0.0178527832
-0.2484893799
0.4348449707
0.1242370605
0.3727264404
0.4348449707
-0.1242370605
0.4969635010
0.1242370605
-0.1164550781
-0.0582275391
0.8733673096
-0.1164550781
-0.0582275391
0.0582275391
-0.0582275391
-0.2911224365
0.0000000000
-0.3855133057
0.2570037842
-0.0642547607
0.5782775879
0.4497680664
-0.0642547607
-0.3212585449
0.0974273682
-0.0108184814
-0.0649566650
0.9851226807
0.0541229248
-0.0433044434
-0.0541229248
0.0649566650
0.0225524902
0.9697570801
0.0225524902
0.0902099609
0.0225524902
0.1578674316
-0.0902099609
0.0225524902
0.4662017822
-0.3107910156
0.3418731689
0.1243133545
0.2175598145
0.6837463379
0.0621643066
-0.0621643066
0.1210327148
-0.9077301025
-0.0605163574
-0.0605163574
0.1210327148
-0.1210327148
0.0605163574
0.0000000000
0.6557769775
-0.1092987061
0.1092987061
0.0546417236
-0.4918365479
0.0000000000
0.1092987061
-0.4371795654
0.0000000000
0.0000000000
0.0000000000
-0.1228332520
-0.2456817627
-0.1228332520
-0.2456817627
-0.1228332520
0.1250000000
-0.1250000000
0.0000000000
0.0000000000
-0.2500000000
0.3750000000
0.1250000000
0.0000000000
-0.0268707275
0.9942016602
-0.0134277344
0.0134277344
-0.0134277344
0.0671691895
0.0000000000
0.0000000000
-0.0423431396
0.0846862793
-0.4445953369
0.8468322754
0.1481933594
0.0423431396
-0.0423431396
-0.1905364990
-0.0437469482
0.0656127930
0.1093597412
-0.0218658447
-0.9405517578
0.0218658447
-0.2624816895
0.1093597412
0.1546478271
-0.0515441895
-0.0257720947
0.0515441895
-0.4897308350
-0.7474822998
-0.0257720947
-0.3866271973
-0.1341247559
-0.7376861572
0.0670623779
-0.2011871338
0.4694366455
0.1341247559
-0.0670623779
0.0000000000
0.3042449951
0.3042449951
-0.6084899902
-0.1825408936
-0.2433929443
0.1825408936
-0.1217041016
-0.4259490967
0.7189636230
0.0756835938
0.3405609131
-0.3405609131
0.1891937256
-0.2648773193
0.2648773193
0.1513671875
-0.1735076904
0.1735076904
0.8241271973
0.2602539062
-0.0867462158
0.0433807373
0.3036346436
0.1735076904
-0.1735076904
-0.0578308105
0.3470153809
0.4048461914
0.6361846924
0.4048461914
-0.0578308105
0.0000000000
-0.0500183105
0.1000213623
0.1000213623
-0.0250091553
-0.0500183105
-0.0500183105
-0.9752502441
0.0250091553
0.4976654053
0.0000000000
-0.4976654053
-0.0995330811
0.0000000000
0.2985992432
-0.0995330811
-0.1990661621
-0.0762329102
0.8766174316
0.3811340332
-0.0762329102
-0.0381164551
-0.0381164551
-0.0381164551
-0.1524505615
-0.2295379639
-0.1147766113
0.1147766113
0.1147766113
0.0000000000
-0.2295379639
-0.1147766113
0.5738525391
0.0000000000
-0.4508209229
-0.1690521240
0.0000000000
0.0000000000
-0.1690521240
0.7889251709
-0.1127014160
0.5034484863
0.5537872314
0.4782714844
0.0503387451
0.0000000000
0.4027557373
-0.1006927490
0.1258544922
-0.3217163086
-0.3217163086
0.3217163086
-0.5361938477
-0.0536193848
0.4825744629
-0.2144775391
0.1608581543
0.1178436279
-0.1178436279
0.1178436279
0.0000000000
-0.1178436279
-0.2357025146
0.0000000000
0.0000000000
0.8804931641
0.0628967285
0.0000000000
-0.0628967285
-0.1257781982
-0.0314483643
-0.4087982178
-0.0314483643
-0.0279693604
-0.1398315430
0.9229125977
-0.2237396240
0.1258544922
-0.0559387207
0.1398315430
-0.1817932129
-0.1150360107
-0.1150360107
0.0000000000
0.0000000000
0.0000000000
0.0000000000
-0.2300720215
-0.1150360107
0.0727691650
0.0363922119
0.0363922119
-0.9824523926
0.1091613770
0.0000000000
-0.0363922119
-0.0545806885
-0.0293884277
0.9845428467
0.0440826416
-0.0881652832
-0.0293884277
-0.0587768555
-0.0734710693
0.0587768555
-0.2298126221
0.4596252441
0.2872619629
0.3447265625
0.2298126221
-0.1149139404
0.5745391846
0.1723632812
-0.1156921387
-0.0771331787
0.8869781494
-0.1156921387
0.0000000000
0.0771331787
-0.0771331787
-0.3470764160
-0.0888061523
-0.5328674316
0.2664337158
0.0000000000
0.2664337158
0.5328674316
0.0000000000
0.0888061523
0.0632324219
0.0180664062
0.0090332031
0.9936523438
-0.0090332031
-0.0361328125
-0.0361328125
0.0541992188
0.0922088623
0.9774475098
0.0184478760
0.0184478760
0.0368804932
0.1475372314
-0.0368804932
0.0000000000
0.2527008057
-0.4422149658
0.5369720459
0.0000000000
0.1263427734
0.6317443848
0.0315856934
-0.0631713867
0.1543579102
-0.9261322021
-0.0514526367
-0.1543579102
-0.0514526367
0.0000000000
0.0000000000
0.0514526367
0.9110870361
-0.0911102295
0.0607452393
0.0000000000
-0.2429504395
0.0303649902
0.1518402100
-0.2125854492
0.0000000000
0.0000000000
0.0000000000
0.1150360107
-0.2300720215
-0.1150360107
0.0000000000
-0.1150360107
0.1216278076
-0.1216278076
0.2432556152
0.0000000000
-0.1216278076
0.1216278076
0.1216278076
-0.1216278076
-0.0249023438
0.9963378906
-0.0124511719
0.0000000000
0.0249023438
0.0249023438
0.0124511719
-0.0124511719
-0.0260925293
0.1304473877
-0.3652496338
0.8609466553
0.1043548584
0.2608947754
-0.0260925293
-0.0782623291
-0.0901336670
0.2028198242
0.0676116943
0.0450744629
-0.8788757324
-0.0225372314
-0.3605651855
0.1577453613
0.5557861328
-0.2526245117
-0.1010589600
0.2021026611
0.1010589600
-0.5557861328
0.1010589600
-0.4042053223
-0.2748413086
-0.5954895020
-0.0458068848
-0.2290344238
0.4122619629
0.4580688477
-0.1832275391
0.1832275391
0.1099700928
0.2199401855
-0.5498504639
-0.1099700928
-0.3299102783
0.0000000000
-0.2199401855
-0.1099700928
0.8545989990
0.0502777100
0.1508178711
-0.1005401611
0.1508178711
-0.2513580322
0.0502777100
0.2513580322
-0.1638488770
0.0000000000
0.8519897461
0.0655364990
-0.0983123779
0.3604583740
0.2621459961
0.0000000000
-0.3385162354
-0.0846252441
0.4231567383
0.4231567383
0.5924072266
0.2962036133
-0.1269378662
0.0846252441
-0.0928192139
0.1856384277
0.1160278320
-0.0696105957
-0.0464019775
-0.1160278320
-0.9514007568
0.0232086182
-0.0660400391
0.0660400391
-0.8584899902
-0.2641448975
0.0000000000
-0.0660400391
-0.1320800781
-0.1320800781
-0.0269622803
0.9438171387
0.2157287598
-0.0539398193
-0.1078643799
-0.0539398193
-0.1348266602
-0.0539398193
-0.1153869629
0.1153869629
-0.3461608887
-0.2307739258
0.2307739258
-0.1153869629
0.0000000000
0.4615325928
0.0000000000
-0.1752624512
-0.0584259033
0.1752624512
0.0000000000
0.3505401611
0.7594909668
-0.3505401611
0.5842895508
0.3651885986
0.4138793945
0.0730438232
0.1217346191
0.4625701904
-0.1704254150
0.2678070068
0.4008636475
0.0572662354
0.0572662354
-0.6299133301
-0.2863311768
0.0572662354
-0.2863311768
0.4008636475
0.0000000000
0.0000000000
0.4969024658
0.1242218018
-0.1242218018
0.0000000000
0.1242218018
0.1242218018
0.7308044434
0.0292358398
-0.0292358398
0.1753997803
-0.3800201416
-0.1169281006
-0.4969482422
0.0292358398
0.0135650635
-0.1492919922
0.9500274658
-0.1221466064
0.1085815430
-0.0678558350
0.0814361572
-0.1764373779
-0.1249389648
-0.2498779297
-0.1249389648
0.1249389648
0.2498779297
0.1249389648
-0.2498779297
-0.1249389648
0.0579223633
0.0579223633
-0.0144805908
-0.9845733643
0.0868682861
-0.0579223633
-0.0289611816
-0.0723876953
-0.0142669678
0.9842987061
-0.0570678711
0.0000000000
-0.0570678711
-0.0570678711
-0.0855865479
0.0855865479
-0.3591918945
0.4190521240
0.2993164062
0.2394561768
0.0000000000
-0.1197204590
0.5986480713
0.2394561768
-0.0324249268
-0.0648498535
0.8429870605
-0.1621093750
-0.0648498535
0.0972747803
-0.0648498535
-0.4539184570
-0.1250000000
0.0000000000
-0.1250000000
0.0000000000
0.3750000000
0.0000000000
0.2500000000
0.1250000000
0.0612792969
0.0306396484
0.0816955566
0.9906158447
0.0102081299
-0.0102081299
-0.0612792969
0.0000000000
0.0829772949
0.9791107178
0.0000000000
-0.0166015625
-0.0166015625
0.1493530273
-0.0166015625
-0.0497894287
0.2013397217
-0.4530029297
0.5536804199
-0.1006622314
0.0503387451
0.5536804199
0.1510009766
-0.1510009766
0.0527191162
-0.8962554932
0.0000000000
-0.2635955811
0.0527191162
0.0527191162
-0.1581573486
0.0527191162
0.9382476807
-0.1172790527
0.0879669189
-0.0586395264
-0.1759185791
0.0293273926
0.1466064453
-0.1172790527
0.0911560059
0.0911560059
0.0000000000
0.0000000000
0.0000000000
0.0911560059
0.0000000000
0.0000000000
0.1250000000
-0.2500000000
0.3750000000
0.1250000000
0.0000000000
0.0000000000
0.0000000000
-0.1250000000
0.0000000000
0.9974212646
0.0095977783
-0.0287780762
0.0000000000
-0.0287780762
0.0191802979
-0.0095977783
-0.1757812500
0.1318359375
-0.2856597900
0.9009094238
-0.0439453125
0.1977539062
0.0000000000
-0.0439453125
-0.0208892822
0.1462707520
0.1253814697
0.0208892822
-0.9403381348
0.1044769287
-0.2298583984
0.0000000000
0.4494018555
-0.2808685303
0.0561676025
0.0561676025
0.7302703857
0.2247009277
-0.1123504639
-0.1123504639
-0.1862945557
-0.3725891113
-0.1490325928
-0.3353271484
0.5216217041
0.5216217041
-0.1862945557
0.2608032227
-0.2320098877
0.3480072021
0.0000000000
0.0000000000
-0.4640045166
-0.1159973145
-0.2320098877
0.1159973145
0.9422760010
0.1087188721
-0.0362396240
0.1449737549
0.0362396240
0.0000000000
-0.1812133789
-0.0362396240
-0.1397399902
0.0279541016
0.8943481445
0.0558929443
-0.1118011475
0.3353881836
0.1397399902
-0.0838470459
-0.4864196777
0.0972900391
0.3891296387
0.2918548584
0.6323394775
0.1459197998
-0.0972900391
0.0972900391
-0.0857696533
0.1200866699
0.0857696533
-0.0171508789
-0.0514678955
-0.0343017578
-0.9778137207
-0.0343017578
-0.1945648193
0.1167449951
-0.8560791016
-0.1945648193
-0.0389099121
0.3113098145
-0.1556549072
0.0778198242
-0.0158843994
0.9852294922
-0.0158843994
-0.0158843994
0.0000000000
0.0158843994
-0.1271209717
-0.0635681152
0.0000000000
0.0000000000
0.0000000000
0.0000000000
-0.0911560059
0.0000000000
-0.0911560059
0.0911560059
0.0000000000
-0.0943145752
0.1886444092
0.2358093262
-0.1414794922
0.6130828857
0.6130828857
-0.2358093262
0.6733245850
0.3366546631
0.3703308105
0.1009979248
0.3029937744
0.3029937744
-0.1009979248
0.2356567383
0.4188995361
0.2327270508
0.3723602295
-0.5119934082
-0.3258056641
-0.0930938721
-0.3258056641
0.2792663574
0.2393341064
-0.2393341064
0.4786834717
0.0000000000
0.0000000000
0.1196746826
0.0000000000
-0.2393341064
0.6867828369
0.1144561768
-0.1430816650
0.1430816650
-0.6009216309
-0.1144561768
-0.2575378418
-0.0858459473
0.0484008789
-0.1452178955
0.9681091309
-0.0645446777
0.0968170166
-0.0484008789
0.0484008789
-0.1129455566
-0.1228332520
-0.1228332520
0.0000000000
0.1228332520
0.2456817627
0.0000000000
0.2456817627
0.0000000000
0.0382843018
0.1276245117
0.0638122559
-0.9827423096
-0.0127563477
-0.0382843018
-0.0638122559
-0.0382843018
-0.0125427246
0.9914550781
-0.0627441406
0.0000000000
-0.0125427246
-0.0376434326
-0.0753021240
0.0251007080
-0.4772338867
0.2386169434
0.1590728760
0.0000000000
0.0795440674
-0.0795440674
0.6363220215
0.2386169434
-0.0345611572
-0.1036682129
0.7948455811
-0.2419128418
-0.0345611572
0.0691223145
-0.1382293701
-0.4838256836
0.1082458496
0.1082458496
0.0000000000
-0.3247528076
0.5412597656
-0.2165069580
0.2165069580
-0.2165069580
0.0283355713
0.0377807617
0.0566711426
0.9918060303
-0.0188903809
-0.0188903809
-0.0850067139
0.0094451904
0.1032562256
0.9809875488
0.0129089355
0.0258178711
-0.1032562256
0.0774536133
0.0645446777
0.0000000000
0.2219390869
-0.0887756348
0.5770416260
-0.0887756348
-0.1331634521
0.6214294434
0.3551025391
-0.0887756348
-0.0905761719
-0.9057617188
-0.0905761719
-0.2264404297
0.0905761719
0.0452880859
-0.1811523438
-0.0452880859
0.8675079346
-0.0867462158
0.1301269531
-0.3470001221
-0.0867462158
-0.1301269531
0.0000000000
-0.1301269531
0.1000061035
-0.1000061035
0.0000000000
0.1000061035
0.0000000000
0.1000061035
0.0000000000
0.0000000000
0.1064758301
0.0000000000
0.1064758301
0.1064758301
0.0000000000
-0.1064758301
0.0000000000
-0.1064758301
0.0216217041
0.9942626953
0.0432281494
-0.0216217041
-0.0108032227
-0.0108032227
0.0648498535
-0.0216217041
-0.1464538574
0.1464538574
-0.2562866211
0.9336090088
0.0183105469
-0.0183105469
-0.0549163818
-0.0732269287
0.0210571289
0.0421142578
0.2105865479
-0.0421142578
-0.9265441895
0.2527008057
-0.0631713867
-0.1052856445
0.1659393311
-0.1659393311
0.1659393311
0.1659393311
0.7190399170
0.3318634033
-0.1106262207
-0.3871765137
0.0669555664
-0.4017181396
-0.2008666992
-0.1673889160
0.7030181885
0.4351959229
-0.1339111328
0.1673889160
0.0000000000
0.2165069580
0.0000000000
0.0000000000
-0.5412597656
0.1082458496
-0.3247528076
-0.3247528076
0.9849548340
0.0214080811
0.0214080811
-0.0214080811
0.0856475830
0.0214080811
-0.0428314209
-0.0642395020
-0.1097412109
0.1097412109
0.9144897461
0.0731658936
-0.2560577393
0.1097412109
0.1097412109
0.0365753174
-0.5018005371
0.0627288818
0.3136291504
0.1881713867
0.6899871826
0.0000000000
0.0000000000
0.0627288818
-0.0130615234
0.0391845703
0.0653076172
0.0130615234
-0.0261230469
-0.0261230469
-0.9927215576
-0.0391845703
-0.1915435791
0.0957641602
-0.7342376709
-0.0319213867
0.0000000000
0.5746154785
-0.2234649658
-0.0319213867
-0.0681915283
0.9887390137
-0.0170440674
-0.0340881348
0.0340881348
0.0340881348
-0.0681915283
0.0000000000
0.0000000000
0.0000000000
-0.1064758301
0.1064758301
-0.1064758301
-0.1064758301
-0.1064758301
0.0000000000
0.0600738525
-0.1201629639
0.2403106689
0.1201629639
-0.0600738525
0.6608734131
0.5407104492
-0.2403106689
0.5697479248
0.5127716064
0.2848815918
0.2848815918
0.4273223877
0.1424407959
-0.1424407959
0.0284881592
0.3400421143
0.2125244141
0.4675598145
-0.6375885010
-0.2125244141
0.0000000000
-0.2550354004
0.2125244141
0.1150360107
-0.1150360107
0.1150360107
0.1150360107
0.1150360107
0.0000000000
0.1150360107
-0.1150360107
0.6366577148
0.0353698730
-0.2122192383
0.0707397461
-0.6720275879
-0.0353698730
-0.2122192383
-0.0707397461
0.0389251709
-0.1362304688
0.9730987549
0.0000000000
0.1167755127
0.0583801270
-0.0194549561
-0.0583801270
-0.1178436279
0.0000000000
0.1178436279
0.1178436279
0.1178436279
0.0000000000
0.2357025146
0.0000000000
-0.0257263184
0.0643310547
0.0514678955
-0.9906768799
-0.0386047363
0.0000000000
-0.0643310547
-0.0128631592
0.0137481689
0.9903869629
-0.0412597656
0.0137481689
0.0137481689
-0.0962829590
-0.0275115967
0.0275115967
-0.5521545410
0.2760772705
0.0000000000
0.1840515137
0.1840515137
-0.0920257568
0.4601287842
0.1840515137
-0.1665496826
0.0666198730
0.7994232178
-0.0999298096
0.0666198730
0.0333099365
-0.1665496826
-0.4996337891
0.3352355957
0.3352355957
-0.0838012695
-0.5866546631
0.3352355957
-0.0838012695
0.0000000000
-0.2514190674
0.0326843262
-0.0081634521
0.0081634521
0.9966583252
-0.0081634521
-0.0245056152
-0.0490112305
0.0163421631
0.0874481201
0.9743804932
-0.0124969482
0.0874481201
-0.0999298096
0.0874481201
0.0999298096
0.0499725342
0.3287811279
-0.0730590820
0.6210174561
0.0365295410
0.0000000000
0.6575469971
0.1095886230
-0.1095886230
-0.1502838135
-0.9017333984
-0.2254333496
-0.1878662109
0.0751495361
-0.1127166748
-0.1127166748
0.0375671387
0.8875885010
-0.0710144043
0.0710144043
-0.3550415039
-0.0710144043
-0.1420135498
-0.0710144043
-0.0710144043
0.1150360107
-0.1150360107
0.0000000000
0.0000000000
-0.2300720215
-0.1150360107
0.0000000000
0.0000000000
0.0000000000
-0.0911560059
0.0000000000
0.0000000000
0.0000000000
0.0000000000
0.0911560059
-0.0911560059
-0.0880889893
0.8368072510
0.1761779785
-0.1761779785
-0.0440368652
0.0000000000
0.3083038330
-0.2642517090
0.0000000000
0.1341552734
-0.1878051758
0.6975708008
0.2682952881
-0.2951354980
-0.1341552734
-0.5097656250
0.1278228760
0.0000000000
0.0000000000
-0.2556457520
-0.7669372559
0.3515167236
0.3515167236
-0.2236938477
0.0000000000
0.0902099609
0.1353149414
-0.0902099609
-0.6314544678
-0.6314544678
-0.0451049805
-0.3157196045
0.3211669922
0.0000000000
0.5620422363
-0.4817504883
-0.0802917480
-0.2408752441
-0.2408752441
0.0802917480
0.1443939209
0.0481262207
0.3850555420
-0.0962677002
-0.3850555420
0.0000000000
-0.0481262207
-0.7701263428
0.5228729248
0.4183044434
-0.1568603516
-0.2614440918
-0.4705810547
0.1045684814
-0.2614440918
-0.2614440918
0.3279418945
0.1873931885
-0.1405487061
0.2810974121
-0.3279418945
-0.7495880127
0.0937042236
0.0937042236
-0.1243286133
0.0000000000
0.2486572266
-0.1243286133
0.1243286133
0.2486572266
-0.1243286133
-0.1243286133
-0.0768432617
0.1536865234
-0.1152648926
0.1921081543
0.0768432617
0.2689514160
-0.8836975098
-0.1152648926
0.4544525146
-0.1298370361
-0.2596893311
0.2596893311
0.1298370361
0.3246154785
-0.5843048096
-0.1947631836
0.0536956787
0.8054504395
0.0536956787
0.1610870361
-0.2684783936
0.1073913574
-0.3758850098
0.0000000000
0.0000000000
0.0000000000
0.0000000000
0.1000061035
0.0000000000
-0.1000061035
-0.1000061035
-0.1000061035
0.0000000000
-0.3726806641
0.1242218018
0.0000000000
-0.1242218018
-0.2484588623
0.2484588623
0.1242218018
0.2058258057
0.1029205322
0.2058258057
-0.4116668701
-0.3087463379
0.4116668701
-0.2058258057
0.2058258057
-0.4311065674
-0.1658172607
0.5305938721
-0.1658172607
0.1326446533
0.6300964355
0.1326446533
0.0994873047
0.2357025146
-0.1178436279
0.1178436279
0.0000000000
0.0000000000
-0.1178436279
0.1178436279
0.0000000000
0.2892761230
-0.0964202881
0.0000000000
-0.1928405762
0.2892761230
0.1928405762
0.5785369873
0.2892761230
-0.1231994629
-0.1231994629
0.6775665283
-0.3695831299
-0.1847839355
0.0307922363
0.5235748291
-0.1847839355
0.0000000000
0.1000061035
0.1000061035
0.0000000000
0.0000000000
0.1000061035
0.0000000000
0.1000061035
-0.0423126221
0.1269378662
0.1692657471
-0.9309234619
0.0000000000
0.0000000000
-0.1692657471
0.0000000000
0.0000000000
0.9117126465
0.0792846680
-0.0792846680
0.1585540771
-0.0396423340
-0.1981964111
-0.1981964111
-0.1811065674
0.3622283936
0.2716674805
0.3622283936
0.4527893066
-0.1811065674
0.2716674805
0.1811065674
-0.1999969482
0.1999969482
0.3999938965
-0.3000030518
-0.1999969482
0.5000000000
-0.1000061035
-0.1000061035
0.0550537109
-0.2202453613
0.1101226807
0.0550537109
0.6056518555
0.4404754639
-0.1651763916
-0.4955444336
0.2491302490
-0.0996551514
-0.3487854004
0.8221435547
0.1993103027
0.0249176025
-0.1743927002
0.1993103027
0.0266113281
0.9845886230
0.0532226562
0.0266113281
0.0000000000
-0.0266113281
-0.0532226562
0.0000000000
0.5810546875
-0.3873748779
-0.1162109375
0.0000000000
0.4261169434
0.4261169434
0.2711639404
0.1162109375
-0.1014251709
-0.6085968018
0.0000000000
-0.3042907715
0.1014251709
-0.3042907715
-0.2028656006
0.1014251709
-0.4241180420
0.1060333252
0.1060333252
-0.1590423584
-0.6361846924
-0.0530090332
0.2120666504
-0.4771423340
0.1237182617
-0.2474365234
0.0000000000
-0.1237182617
-0.2474365234
-0.1237182617
-0.1237182617
0.0000000000
0.2498626709
0.0000000000
0.1249389648
0.0000000000
-0.1249389648
0.1249389648
0.2498626709
-0.2498626709
-0.1811523438
0.9057617188
0.0905761719
-0.1358642578
-0.0905761719
0.1358642578
0.0905761719
-0.1358642578
0.0597686768
0.0996246338
-0.3187866211
0.7571105957
0.1992340088
-0.2390899658
-0.0996246338
-0.4383239746
-0.0792236328
0.0396118164
0.0396118164
-0.0396118164
-0.8713836670
0.2772521973
0.3168640137
-0.0396118164
0.0376586914
0.1506042480
0.1882629395
0.0376586914
-0.5271301270
-0.6400909424
-0.0376586914
-0.4518280029
0.3856964111
-0.0964202881
0.3856964111
-0.5785369873
0.0964202881
-0.0964202881
0.0000000000
-0.0964202881
0.3082427979
0.2465972900
0.0616455078
-0.0616455078
-0.4315490723
0.2465972900
-0.0616455078
-0.6781463623
0.6850433350
0.3914489746
0.0489349365
-0.4403839111
-0.2446594238
-0.0489349365
-0.0489349365
-0.1957244873
0.0916137695
0.0458068848
0.4122619629
0.5038757324
-0.3664550781
-0.5496826172
0.2290344238
0.0916137695
0.1243286133
0.2486572266
0.1243286133
0.0000000000
0.2486572266
0.1243286133
-0.1243286133
0.1243286133
-0.0303955078
0.0303955078
-0.0911865234
0.0303955078
-0.0911865234
0.0607910156
-0.9727172852
0.0303955078
0.5069885254
-0.0724334717
-0.0724334717
0.2897033691
0.2897033691
0.2172851562
-0.5069885254
-0.2897033691
-0.0354156494
0.9561920166
-0.0708312988
-0.0708312988
-0.1416625977
0.0354156494
-0.1062469482
-0.0354156494
-0.1216278076
-0.1216278076
0.0000000000
0.0000000000
0.0000000000
-0.2432556152
0.0000000000
-0.2432556152
0.0935668945
-0.5613555908
0.0000000000
0.0000000000
0.0935668945
-0.3742370605
0.4678039551
0.0000000000
0.4094543457
0.6141967773
0.3275756836
-0.0409393311
-0.2047271729
0.3685150146
-0.3275604248
0.0818939209
-0.4257812500
-0.2128906250
0.4257812500
-0.1064453125
0.1773986816
0.7096252441
0.0709686279
0.0000000000
0.1178436279
-0.2357025146
0.0000000000
-0.1178436279
0.0000000000
-0.1178436279
-0.1178436279
0.0000000000
0.7637481689
-0.1018371582
-0.1018371582
-0.5091705322
-0.0509185791
0.1527557373
0.0509185791
0.1527557373
-0.1080932617
-0.2702484131
0.7566986084
-0.3783569336
-0.0540466309
0.0540466309
0.3513336182
-0.2162017822
-0.1199951172
0.1199951172
0.2400054932
0.0000000000
0.0000000000
-0.1199951172
0.1199951172
0.1199951172
-0.0393371582
0.1573333740
0.1179962158
-0.9439697266
-0.0393371582
0.0393371582
-0.1179962158
-0.0393371582
0.0230560303
0.9686279297
0.0461273193
-0.0230560303
0.1383819580
-0.0230560303
-0.1153106689
-0.0922546387
-0.2919921875
0.4379882812
0.3649902344
0.3649902344
0.3649902344
-0.0729980469
0.3649902344
0.0729980469
-0.2378845215
0.1585845947
0.7929382324
-0.0792999268
-0.0792999268
0.0792999268
0.0000000000
-0.2378845215
0.0838165283
-0.3352355957
0.0838165283
-0.2514190674
0.3352355957
0.4190521240
-0.1676177979
-0.5028533936
0.1677246094
-0.0209655762
-0.1677246094
0.9434356689
0.0628967285
0.0000000000
-0.1677246094
0.0838623047
-0.0247192383
0.9638671875
0.0741424561
-0.0494232178
0.0988616943
0.1235656738
-0.1235656738
-0.0494232178
0.5687713623
-0.4265747070
0.2132873535
0.0710906982
0.3910369873
0.4976806641
0.0355529785
0.0355529785
0.0802917480
-0.8029174805
0.0802917480
0.0802917480
0.0000000000
-0.3211669922
0.0802917480
-0.0802917480
0.4323577881
0.1853027344
0.1235351562
0.0617675781
-0.5558929443
0.0000000000
0.1235351562
-0.5558929443
0.0000000000
-0.1178436279
0.0000000000
0.0000000000
-0.2357025146
-0.1178436279
-0.1178436279
-0.1178436279
0.1247253418
0.0000000000
-0.1247253418
0.1247253418
0.1247253418
0.3741607666
-0.1247253418
0.0000000000
-0.1886596680
0.9433135986
-0.0377349854
-0.0377349854
-0.0754699707
0.1131896973
-0.0754699707
0.0377349854
0.0995025635
0.0597076416
-0.4378051758
0.7562103271
0.1392974854
-0.1791076660
-0.0198974609
-0.3980102539
-0.2852935791
0.1069793701
0.1069793701
0.0713195801
-0.8915252686
0.1069793701
-0.1069793701
0.1782989502
0.1591339111
0.2227783203
0.1591339111
0.0636596680
-0.3500823975
-0.6683502197
0.0318298340
-0.5410461426
-0.1395263672
-0.5580749512
0.2092742920
-0.3488006592
0.5580749512
0.0697631836
-0.0697631836
0.1395263672
0.3165283203
0.4220428467
-0.1055145264
-0.2110137939
-0.3165283203
0.2110137939
-0.1055145264
-0.3165283203
0.2797088623
0.1398620605
0.4195709229
-0.5594329834
0.0000000000
-0.0699310303
0.4895019531
0.0699310303
-0.1388244629
-0.0555267334
0.8607177734
0.3609466553
-0.1110534668
-0.1388244629
0.1943511963
0.1110534668
0.0000000000
0.2078704834
0.3117980957
0.5196685791
0.4157409668
-0.1039276123
0.0000000000
0.1039276123
-0.0997467041
0.1246795654
0.0498657227
-0.0498657227
-0.0249328613
-0.0249328613
-0.9725189209
0.0498657227
0.4263610840
0.1065826416
-0.3197631836
-0.1065826416
0.0000000000
0.2131805420
-0.4263610840
-0.2131805420
0.0000000000
0.9462432861
0.0000000000
-0.0326232910
-0.1957702637
-0.0652618408
-0.0978851318
-0.1305084229
0.0000000000
-0.1237182617
-0.1237182617
0.0000000000
0.2474365234
-0.2474365234
-0.1237182617
0.1237182617
0.0756378174
-0.4537963867
-0.3025360107
-0.1512603760
0.2268981934
-0.3781585693
0.5294342041
-0.0756378174
0.5111999512
0.5576629639
0.3485412598
0.2091217041
0.0000000000
0.4182434082
-0.2091217041
0.1626586914
-0.2280883789
-0.3193206787
0.2280883789
-0.0912322998
0.1824645996
0.8210906982
0.0456237793
0.0912322998
0.1228332520
-0.2456817627
-0.1228332520
0.1228332520
0.0000000000
-0.2456817627
0.0000000000
0.0000000000
0.7873535156
0.0000000000
-0.1026916504
-0.4450225830
-0.1026916504
0.0684661865
-0.3423309326
0.0342407227
-0.1543426514
-0.3344116211
0.7202758789
-0.3858642578
0.0514526367
0.0000000000
0.1543426514
-0.3858642578
-0.0785675049
0.0000000000
0.0000000000
0.0000000000
0.0000000000
0.0000000000
-0.0785675049
0.0000000000
0.0257263184
0.1028900146
-0.0257263184
-0.9775238037
0.0257263184
0.0000000000
0.0000000000
-0.1028900146
0.0000000000
0.9767303467
-0.0406951904
0.0000000000
0.1017456055
-0.0203552246
-0.1424407959
0.0000000000
-0.1818847656
0.3637542725
0.5456390381
0.3031311035
0.2425079346
-0.1212463379
0.4850006104
0.1212463379
-0.0874176025
0.1748199463
0.8740997314
-0.0437011719
0.0437011719
0.0874176025
0.0437011719
-0.3496398926
-0.0894927979
-0.5369873047
0.1790008545
0.0000000000
0.2684936523
0.5369873047
0.0000000000
0.1790008545
0.1501312256
0.0428924561
0.0214538574
0.9651031494
-0.0643463135
0.0214538574
-0.1501312256
-0.0428924561
0.0340576172
0.9705657959
0.0510864258
-0.0851440430
0.0851440430
0.1362152100
-0.0851440430
-0.0681152344
0.2801666260
-0.4902954102
0.5603485107
-0.0700378418
0.2451477051
0.4902954102
-0.1050567627
0.1050567627
0.1359558105
-0.8837280273
-0.0679779053
0.0000000000
0.0679779053
-0.1359558105
0.0000000000
-0.1359558105
0.8939971924
0.0924835205
0.0924835205
0.1233062744
-0.2466278076
0.1233062744
0.1233062744
-0.2157897949
-0.1250000000
-0.1250000000
0.1250000000
0.1250000000
-0.3750000000
-0.1250000000
0.1250000000
-0.1250000000
0.0000000000
0.0000000000
-0.0911560059
0.0000000000
0.0911560059
-0.0911560059
0.0000000000
0.0000000000
-0.1071166992
0.9640808105
0.0000000000
-0.0714111328
0.0000000000
0.0000000000
-0.1071166992
0.0357055664
0.1307983398
0.1307983398
-0.3269805908
0.7847595215
0.1307983398
0.0326995850
0.0980987549
-0.4250793457
-0.1596984863
0.1596984863
0.0638732910
0.1277618408
-0.8623657227
0.0638732910
-0.2874603271
0.2555084229
0.5554046631
0.0694274902
0.0000000000
0.2082824707
0.3471221924
-0.3471221924
-0.0694274902
-0.4859771729
-0.1461029053
-0.4869842529
0.1461029053
-0.2434997559
0.4869842529
0.4382934570
-0.1947937012
0.3408966064
-0.1172332764
0.1172332764
0.1172332764
-0.4689483643
-0.2344665527
0.0000000000
0.1172332764
0.3517150879
0.4738464355
0.0000000000
0.1184692383
-0.2369232178
-0.1184692383
-0.2369232178
0.2369232178
0.1184692383
-0.0707092285
0.0235748291
0.9427642822
0.0000000000
-0.1885528564
0.1414184570
0.1649780273
-0.0707092285
-0.3548431396
0.0709686279
0.4258117676
0.3548431396
0.5677490234
0.2129058838
-0.1419372559
0.0709686279
-0.1799621582
0.2024536133
0.0674896240
-0.0674896240
0.0224914551
-0.0899810791
-0.9448089600
0.0000000000
-0.3352355957
0.0838165283
-0.5866546631
-0.1676177979
0.1676177979
-0.2514190674
-0.3352355957
-0.2514190674
0.0000000000
0.9275512695
-0.0343475342
-0.0343475342
-0.2404785156
-0.1030578613
-0.1717681885
0.0343475342
0.0000000000
0.2078704834
-0.3117980957
-0.4157409668
0.3117980957
-0.1039276123
-0.1039276123
0.4157409668
0.0920257568
0.0920257568
-0.3681030273
0.0000000000
0.2760772705
0.3681030273
0.5521545410
-0.1840515137
0.5687561035
0.4095001221
0.2957458496
0.2047424316
0.0910034180
0.4777526855
-0.2274932861
0.2729949951
0.5108795166
-0.1277160645
0.0638580322
-0.3193054199
0.0638580322
0.5747528076
0.0000000000
0.3831634521
0.0000000000
0.0000000000
0.4615325928
0.2307739258
-0.2307739258
-0.2307739258
0.2307739258
0.2307739258
0.7381744385
-0.0351562500
-0.2109069824
-0.1757507324
-0.3866577148
0.0000000000
-0.4218139648
0.1054534912
-0.1289520264
-0.3868408203
0.7414398193
-0.1934204102
0.0644683838
-0.0644683838
-0.0322418213
-0.4513092041
-0.1202545166
-0.3607788086
-0.2405242920
0.2405242920
0.2405242920
0.1202545166
-0.2405242920
-0.1202545166
0.0392456055
0.0784912109
-0.0392456055
-0.9811248779
0.0588684082
-0.0784912109
0.0000000000
-0.0784912109
-0.0255889893
0.9467926025
-0.1535339355
0.1535339355
0.0000000000
0.0000000000
-0.1791229248
0.0511779785
-0.2364196777
0.3152313232
0.5516510010
0.1576080322
0.0000000000
-0.2364196777
0.4728393555
0.1576080322
-0.0358428955
0.2150573730
0.8244018555
-0.1075286865
0.0358428955
0.0000000000
0.0358428955
-0.4659729004
-0.1141510010
-0.1141510010
-0.2283172607
0.1141510010
0.5707855225
0.1141510010
0.1141510010
0.2283172607
0.0681152344
0.1702728271
0.2043304443
0.8172912598
0.0000000000
0.1702728271
-0.2724304199
-0.3405456543
-0.0173034668
0.9867095947
0.0173034668
-0.0519256592
-0.0346221924
0.1038665771
-0.0346221924
-0.0173034668
0.1384429932
-0.3691711426
0.7383575439
-0.1845855713
0.1384429932
0.4153289795
0.0461425781
-0.0461425781
0.0000000000
-0.8518829346
0.0000000000
-0.3042449951
0.1217041016
-0.1217041016
-0.1217041016
-0.1217041016
0.9108428955
0.0364379883
0.0728607178
0.0364379883
-0.1821746826
0.0728607178
0.2185974121
-0.1821746826
0.0000000000
0.1178436279
0.0000000000
-0.2357025146
-0.1178436279
-0.1178436279
0.1178436279
0.0000000000
0.0000000000
-0.1229705811
0.0000000000
0.2459411621
0.2459411621
-0.1229705811
-0.3689117432
0.2459411621
-0.0334930420
0.9878540039
0.0167388916
-0.0334930420
0.0000000000
-0.0837097168
-0.0669708252
0.0334930420
0.0000000000
0.1730499268
-0.2472229004
0.8899993896
-0.0494384766
0.0741729736
0.1236114502
-0.2719421387
-0.0640106201
0.1920318604
0.0960083008
0.1280212402
-0.9281311035
0.1600189209
-0.0640106201
0.0960083008
0.2276153564
-0.1365661621
0.0910491943
-0.0455169678
0.5917816162
0.6828308105
-0.1820831299
0.0455169678
-0.1262664795
-0.4208984375
-0.1262664795
-0.2946319580
0.6313476562
0.4208984375
-0.0841827393
0.2525329590
-0.1776275635
0.0000000000
0.5328674316
-0.3552398682
-0.4440612793
0.0888061523
-0.0888061523
0.2664337158
0.8868103027
0.0806121826
-0.2418518066
0.1209259033
0.0000000000
0.1209259033
-0.2015533447
-0.1612396240
-0.0641479492
-0.0213775635
0.9194641113
-0.0427703857
-0.1496734619
0.2779693604
0.1069183350
-0.1496734619
-0.4368438721
0.2912292480
0.2184143066
0.2184143066
0.6552581787
0.0000000000
0.0000000000
0.1456146240
-0.1613006592
0.1254577637
0.0716857910
0.0537719727
-0.0179290771
0.0000000000
-0.9678344727
-0.0537719727
-0.3835906982
0.0426177979
-0.8097991943
-0.0426177979
0.0426177979
0.2557220459
-0.2557220459
0.0426177979
0.0000000000
0.9577331543
-0.1824188232
0.0684051514
-0.0456085205
0.0227966309
-0.1596221924
0.0000000000
0.0000000000
0.0000000000
-0.0911560059
0.0000000000
0.0000000000
0.0000000000
-0.0911560059
0.0911560059
0.0000000000
0.1130676270
0.1695861816
0.1695861816
-0.1130676270
0.7914276123
0.3957214355
-0.1695861816
0.6600189209
0.3882446289
0.3105926514
0.0776519775
0.1164703369
0.3882446289
-0.0388183594
0.3105926514
0.7411804199
0.1058807373
0.3176422119
-0.3705902100
-0.0529479980
0.0529479980
-0.0529479980
0.3176422119
0.1178436279
-0.2357025146
0.4714050293
0.2357025146
-0.1178436279
-0.1178436279
0.2357025146
-0.1178436279
0.6074218750
0.0000000000
-0.2313995361
0.0000000000
-0.7231292725
-0.0578460693
-0.1446228027
-0.0578460693
-0.1030426025
-0.5151977539
0.5151977539
-0.1030426025
0.1030426025
-0.2060852051
-0.2060852051
-0.5151977539
-0.1234283447
-0.3703002930
-0.1234283447
0.2468566895
0.2468566895
-0.1234283447
0.1234283447
-0.1234283447
0.0332183838
0.1328887939
0.0332183838
-0.9800567627
-0.0332183838
-0.0830535889
0.0166168213
-0.0498352051
0.0213012695
0.9582824707
-0.1277770996
0.1703643799
0.0213012695
0.0638885498
-0.1277770996
0.0213012695
-0.3553924561
0.1184692383
0.1184692383
-0.1184692383
0.1184692383
0.0000000000
0.3553924561
0.3553924561
0.0000000000
0.0730133057
0.8031311035
-0.0364990234
0.0000000000
0.0000000000
0.0730133057
-0.5475921631
0.0000000000
0.2369232178
-0.1184692383
0.0000000000
0.4738464355
-0.3553924561
0.0000000000
-0.1184692383
-0.1558532715
0.2181854248
0.1870269775
0.7792510986
0.0311737061
0.1870269775
-0.2805328369
-0.3740386963
-0.0153656006
0.9829864502
0.0460815430
0.0307159424
-0.1228790283
0.0614318848
0.0614318848
0.0153656006
0.2306976318
0.2306976318
0.6921081543
-0.0384521484
-0.0769042969
0.5767517090
0.1153564453
-0.1153564453
-0.0413360596
-0.9092254639
-0.1239929199
-0.2479705811
0.1239929199
-0.0413360596
-0.0826568604
-0.1239929199
0.6174926758
0.0000000000
0.0686035156
-0.4116668701
-0.2058258057
-0.2744445801
0.0000000000
-0.4116668701
0.0785675049
-0.0785675049
0.0000000000
0.0000000000
0.0000000000
0.0000000000
0.0000000000
0.0000000000
0.1064758301
0.0000000000
0.0000000000
0.1064758301
0.1064758301
-0.1064758301
-0.1064758301
0.0000000000
0.0159606934
0.9897460938
0.0159606934
0.0478973389
-0.0319213867
-0.0798187256
-0.0319213867
0.0319213867
0.0000000000
0.1415557861
-0.3033447266
0.9100494385
-0.0202178955
-0.0404510498
0.0606689453
-0.2022399902
-0.0901184082
0.0600738525
0.1501922607
0.0000000000
-0.8711242676
0.3604736328
0.2102661133
-0.0600738525
0.0000000000
-0.0912322998
0.1368560791
-0.0456237793
0.4561614990
0.8210906982
-0.1368560791
-0.0456237793
0.1208343506
-0.5236053467
-0.1611022949
-0.2013854980
0.7249755859
0.2416534424
-0.0402832031
0.0805511475
0.1724090576
0.1724090576
0.4310302734
-0.0862121582
-0.6034545898
0.1724090576
-0.1724090576
-0.2586212158
0.9622039795
-0.0583190918
-0.0874786377
0.0000000000
0.1166381836
0.0000000000
-0.0291595459
-0.1457824707
-0.0305938721
-0.0917816162
0.9178771973
0.0305938721
-0.0917816162
0.3059539795
0.0000000000
-0.1223907471
-0.5095977783
0.2038421631
0.1019134521
0.0000000000
0.5095977783
-0.2038421631
0.0000000000
0.1019134521
-0.0362243652
-0.0181121826
0.0724487305
0.1267852783
0.0362243652
0.0181121826
-0.9780883789
-0.0905609131
-0.2942199707
0.0588378906
-0.7355346680
0.0588378906
0.0294189453
0.5295867920
-0.2059478760
-0.1176910400
0.0000000000
0.9533386230
-0.2022247314
0.1155548096
0.0288848877
-0.0288848877
-0.0866699219
-0.0288848877
0.0000000000
0.0000000000
-0.1000061035
0.1000061035
-0.1000061035
0.0000000000
-0.1000061035
0.0000000000
0.0000000000
0.0000000000
0.3329620361
0.0000000000
-0.0832366943
0.6659088135
0.4161987305
-0.1664733887
0.6021423340
0.5720367432
0.2709655762
0.1806335449
0.2408599854
0.2408599854
-0.1204223633
0.2107543945
0.6704559326
0.0446929932
0.4916687012
-0.4469757080
0.0000000000
0.0446929932
-0.0894012451
0.1787872314
0.1199951172
-0.1199951172
0.0000000000
0.2400054932
0.1199951172
0.0000000000
0.1199951172
-0.1199951172
0.5171508789
-0.0689544678
-0.3102874756
-0.0344696045
-0.7584838867
0.0344696045
-0.0689544678
-0.1034240723
0.0000000000
-0.5063476562
0.1687774658
0.0843963623
0.1687774658
0.0000000000
-0.5063476562
-0.4219512939
0.0000000000
0.0000000000
-0.1064758301
0.1064758301
0.0000000000
0.1064758301
0.1064758301
-0.1064758301
-0.0170440674
0.0511169434
0.0852050781
-0.9883117676
-0.0340728760
-0.0511169434
0.0000000000
0.0000000000
0.0000000000
0.9599609375
0.0000000000
0.1170654297
0.1170654297
-0.0702362061
-0.0936584473
0.1404876709
-0.5616760254
0.1123352051
0.0000000000
0.1123352051
0.1123352051
0.0000000000
0.2246704102
0.3370056152
0.0000000000
0.2232666016
0.7590942383
-0.0446472168
0.0000000000
-0.1339569092
-0.0446472168
-0.5358276367
0.2187805176
0.4375762939
-0.3281707764
-0.2187805176
0.2187805176
-0.3281707764
0.0000000000
0.0000000000
-0.0600585938
0.0200195312
0.0400390625
0.9609375000
0.0000000000
0.0600585938
-0.1201171875
-0.2001953125
0.0000000000
0.9711303711
0.0170440674
0.0681457520
-0.1533355713
0.0681457520
0.0851898193
0.0851898193
0.2694854736
0.1684265137
0.7073822021
0.1010589600
0.0673675537
0.5726470947
-0.0336914062
-0.1347351074
-0.0859527588
-0.9024353027
-0.2578430176
-0.1718902588
0.0859527588
-0.0859527588
-0.0859527588
0.0000000000
0.5735778809
-0.1274566650
0.0637359619
-0.5098571777
-0.1911926270
-0.3186645508
-0.1274566650
-0.3186645508
0.1150360107
-0.1150360107
0.0000000000
-0.1150360107
-0.1150360107
-0.1150360107
-0.1150360107
-0.1150360107
0.0000000000
0.0000000000
0.0000000000
0.0000000000
-0.0911560059
0.0000000000
0.0911560059
-0.0911560059
-0.2268981934
0.1512603760
0.2268981934
-0.3781585693
0.0000000000
-0.4537963867
0.2268981934
-0.5294342041
0.1111602783
0.1852722168
-0.0741119385
0.5928497314
0.2593688965
-0.4075775146
-0.2223205566
-0.5187377930
0.1303710938
0.0434570312
0.1303710938
-0.3041992188
-0.4780273438
0.4345703125
0.5214843750
-0.3476562500
0.0699310303
0.2097930908
0.2097930908
0.0000000000
-0.4195709229
-0.4195709229
-0.2797088623
-0.5594329834
0.3454742432
0.0000000000
0.4836730957
-0.6218719482
0.0690917969
0.0000000000
-0.1381988525
0.2763824463
0.0000000000
0.0000000000
0.4612731934
0.0000000000
-0.3294830322
-0.0659027100
-0.0659027100
-0.7248535156
0.3823852539
0.5098571777
-0.1911926270
-0.1911926270
-0.3823852539
0.1911926270
-0.3186645508
-0.3186645508
0.1573333740
0.0786590576
-0.6293029785
0.0393371582
-0.3146514893
-0.6293029785
0.0393371582
0.1573333740
0.0000000000
0.1113433838
0.1113433838
-0.1113433838
0.1113433838
0.0000000000
-0.1113433838
-0.1113433838
-0.1529541016
0.1529541016
-0.2549133301
0.2039337158
0.0000000000
0.3058929443
-0.8157196045
-0.0509796143
0.2694549561
-0.1347198486
0.0000000000
0.2694549561
0.0673675537
0.3368225098
-0.7409973145
-0.1347198486
-0.0589294434
0.4124755859
-0.0589294434
0.1767730713
-0.4714050293
0.1767730713
-0.6481781006
0.0589294434
0.0000000000
0.0000000000
0.0000000000
0.2226867676
0.0000000000
-0.1113433838
-0.1113433838
0.0000000000
0.0000000000
-0.1178436279
0.1178436279
0.0000000000
0.0000000000
-0.2357025146
-0.1178436279
0.1178436279
0.2099609375
0.2099609375
-0.1049804688
-0.3149414062
-0.3149414062
0.1049804688
-0.5248870850
0.1049804688
-0.2303771973
-0.1645507812
0.4936523438
-0.1974639893
0.1645507812
0.6911163330
0.2961883545
0.0987243652
0.2226867676
-0.1113433838
0.1113433838
0.0000000000
0.0000000000
0.0000000000
0.0000000000
0.0000000000
0.1887054443
0.0943603516
0.0943603516
-0.6604766846
-0.0943603516
-0.0943603516
0.3774108887
0.1887054443
-0.1088714600
-0.1451568604
0.5080566406
-0.3991851807
-0.2903137207
0.1451568604
0.6169128418
-0.1451568604
0.0000000000
0.2494506836
0.2494506836
-0.1247253418
0.0000000000
0.1247253418
0.0000000000
0.2494506836
0.0000000000
0.3858642578
0.1543426514
-0.7717285156
0.0000000000
0.0771789551
-0.1543426514
0.0000000000
0.0827941895
0.8279876709
0.1241912842
0.0000000000
0.3311920166
0.1241912842
-0.2897949219
-0.1656036377
-0.2153778076
0.3230743408
0.3230743408
0.3230743408
0.4307708740
-0.1076965332
0.0000000000
0.1076965332
-0.2222900391
0.0000000000
0.0000000000
-0.3334350586
-0.2222900391
0.5557098389
-0.1111450195
0.0000000000
0.0739746094
-0.2959136963
0.0739746094
0.0000000000
0.2959136963
0.3698883057
-0.2219390869
-0.6658172607
0.3189239502
-0.1417388916
-0.4961090088
0.6024169922
0.2126159668
0.0354309082
-0.3189239502
0.2834930420
0.0806121826
0.9271240234
0.0806121826
0.0000000000
0.0403137207
-0.1612396240
-0.2015533447
-0.0806121826
0.5107421875
-0.4377746582
-0.2188873291
0.0000000000
0.5472259521
0.2188873291
0.3283386230
0.0364837646
-0.1099700928
-0.3299102783
-0.2199401855
-0.2199401855
0.0000000000
-0.3299102783
-0.3299102783
0.3299102783
-0.4642944336
0.1547698975
0.1547698975
-0.3095245361
-0.5158843994
-0.1031799316
0.1031799316
-0.5158843994
0.0000000000
-0.1113433838
0.0000000000
-0.1113433838
-0.1113433838
-0.1113433838
0.1113433838
-0.1113433838
0.1237182617
0.0000000000
0.2474365234
0.0000000000
-0.1237182617
-0.1237182617
0.1237182617
-0.2474365234
-0.2732391357
-0.7650756836
0.1092987061
-0.2732391357
-0.0546417236
-0.2732391357
-0.0546417236
-0.2732391357
0.2604827881
0.0976715088
-0.1953582764
0.5860748291
0.2604827881
-0.4558410645
-0.2279205322
-0.4232788086
-0.2738037109
0.2053527832
0.3422546387
0.1369018555
-0.2053527832
0.2738037109
0.6845092773
-0.0684509277
0.2455444336
0.2455444336
0.2455444336
0.0491027832
-0.2455444336
-0.4419708252
-0.0982208252
-0.6875000000
0.4944305420
-0.1648101807
0.4120178223
-0.4944305420
-0.1648101807
0.1648101807
0.0000000000
0.1648101807
0.0927886963
0.1855621338
0.2783508301
0.0927886963
-0.4639129639
0.1855621338
-0.0927886963
-0.5567016602
0.5806579590
0.3225860596
0.1290283203
-0.5161437988
-0.1290283203
-0.1935577393
0.2580718994
-0.1290283203
0.0000000000
0.0000000000
-0.2507171631
0.3008728027
-0.5014495850
-0.7020263672
0.1002960205
0.1002960205
0.0000000000
0.2357025146
0.1178436279
-0.1178436279
0.1178436279
0.0000000000
-0.1178436279
0.0000000000
-0.0672149658
-0.1008300781
-0.2016601562
0.0000000000
-0.2352600098
-0.0336151123
-0.9074401855
0.1680450439
0.2463989258
-0.1642608643
0.1642608643
0.1642608643
0.2463989258
0.1642608643
-0.6570434570
-0.3285217285
0.0000000000
0.7471466064
-0.2801818848
-0.0466918945
-0.3735656738
0.0933990479
-0.3735656738
-0.0466918945
0.0000000000
0.0000000000
0.0000000000
0.1150360107
0.1150360107
-0.1150360107
0.0000000000
-0.2300720215
0.1147766113
-0.3443145752
-0.2295379639
-0.1147766113
0.2295379639
-0.4590759277
0.1147766113
0.1147766113
0.2991027832
0.5982055664
0.2243347168
0.1121673584
-0.1869354248
0.2991027832
-0.5608215332
0.0747833252
-0.2527008057
-0.2165985107
0.3609924316
-0.1082916260
0.2888031006
0.7580871582
0.2165985107
0.0000000000
0.0000000000
-0.2300720215
0.0000000000
0.0000000000
0.0000000000
-0.1150360107
-0.1150360107
0.1150360107
0.5428009033
0.0000000000
0.0493469238
-0.7401885986
-0.2467346191
-0.0986938477
-0.0493469238
0.0493469238
-0.1486206055
-0.2972412109
0.5573272705
-0.4458618164
-0.1857757568
0.1857757568
0.4458618164
-0.2600860596
-0.1228332520
0.1228332520
0.2456817627
0.0000000000
0.1228332520
0.0000000000
0.0000000000
0.2456817627
-0.2099609375
0.5248870850
0.2099609375
-0.3149414062
-0.3149414062
0.1049804688
-0.1049804688
-0.1049804688
0.1346588135
0.8753204346
0.0336608887
-0.0336608887
0.3703308105
0.0336608887
-0.1683349609
-0.1009979248
-0.1711730957
0.3423614502
0.5135345459
0.4279479980
0.3423614502
-0.0855865479
0.1711730957
0.0000000000
-0.4263610840
0.1065826416
0.5329437256
-0.1065826416
0.0000000000
0.2131805420
0.0000000000
-0.2131805420
-0.1009521484
-0.3028411865
0.1009521484
-0.3028411865
0.2019042969
0.3028411865
-0.2019042969
-0.5047454834
0.3391113281
-0.0753631592
-0.1507110596
0.7912597656
0.0753631592
0.0376739502
-0.3767852783
0.1884002686
-0.0603027344
0.7235565186
0.3014831543
-0.1808929443
0.3014831543
0.1205902100
-0.3014831543
-0.1808929443
0.5680084229
-0.4922790527
-0.1136016846
0.0757293701
0.5680084229
0.1893310547
0.0757293701
0.0757293701
0.0000000000
-0.6205291748
0.1034240723
0.2068481445
0.0000000000
-0.4136962891
0.0000000000
0.0000000000
0.4941253662
0.3088378906
0.0617675781
-0.1235351562
-0.4323577881
-0.0617675781
0.1235351562
-0.5558929443
-0.1250000000
0.0000000000
-0.1250000000
0.0000000000
0.0000000000
-0.1250000000
0.3750000000
-0.2500000000
-0.1000061035
0.0000000000
-0.1000061035
0.0000000000
0.1000061035
-0.1000061035
0.0000000000
0.0000000000
-0.2418518066
-0.8868103027
0.0000000000
-0.1209259033
-0.0403137207
-0.1612396240
-0.2418518066
-0.0403137207
0.3730773926
-0.0339202881
-0.3052520752
0.4748382568
0.1356658936
-0.5087432861
-0.0339202881
-0.4748382568
-0.5862121582
0.3517303467
0.4689788818
0.2931060791
0.1758728027
-0.1172485352
0.1172485352
0.2344818115
0.3163757324
0.2711791992
0.3163757324
0.0903930664
0.0451965332
-0.4971466064
0.0451965332
-0.6327362061
0.1034240723
-0.2068481445
0.5171051025
-0.4136962891
0.0000000000
0.1034240723
0.1034240723
0.3102722168
-0.2428131104
0.0000000000
0.3642120361
-0.3642120361
-0.1213989258
0.1213989258
-0.1213989258
0.1213989258
-0.3429260254
0.0000000000
0.4409027100
-0.4409027100
0.0000000000
-0.2449493408
0.5878753662
0.0979766846
-0.3752136230
-0.0937957764
0.6097106934
0.3283081055
-0.3752136230
-0.3752136230
0.0937957764
0.0937957764
-0.1172332764
0.3517150879
0.2344665527
0.3517150879
0.1172332764
-0.3517150879
0.0000000000
0.0000000000
-0.2041778564
0.0000000000
0.0510406494
-0.1020965576
-0.0765686035
-0.1276092529
-0.9443359375
0.1020965576
0.2931823730
0.0977325439
0.3908996582
-0.1954498291
0.1954498291
-0.0977325439
-0.4886322021
-0.2931823730
0.1011810303
0.7082672119
-0.1517791748
0.0000000000
-0.5059051514
0.1011810303
-0.3035430908
-0.1517791748
0.0000000000
-0.1199951172
0.0000000000
-0.1199951172
0.2400054932
-0.1199951172
-0.1199951172
-0.1199951172
0.3133544922
0.0000000000
-0.4178161621
-0.1044464111
0.4178161621
-0.3133544922
0.0000000000
0.2089080811
0.3991241455
0.5634765625
0.2347869873
0.2817382812
-0.0939178467
0.4695587158
-0.3756561279
0.0234832764
-0.0422821045
-0.3382110596
0.1691131592
-0.0422821045
0.2536621094
0.8455352783
0.1268310547
0.0000000000
-0.1117401123
0.0000000000
-0.6704254150
0.1117401123
0.0000000000
0.0000000000
-0.2234802246
0.0000000000
0.5117034912
0.0000000000
0.0000000000
-0.7504882812
-0.2046813965
-0.0341186523
-0.3070220947
0.0000000000
-0.3427276611
-0.4455566406
0.3427276611
-0.4455566406
-0.0685424805
0.1371002197
0.2056427002
-0.5140991211
0.0000000000
0.0000000000
0.0000000000
0.0000000000
0.1064758301
0.0000000000
-0.2129516602
0.0000000000
-0.3165283203
0.4220428467
-0.1055145264
-0.1055145264
-0.5275421143
0.1055145264
0.0000000000
0.0000000000
0.1725921631
0.8974456787
-0.1380767822
0.0345153809
0.2416229248
0.0690307617
-0.2071075439
0.0000000000
-0.0747985840
0.2243804932
0.7479248047
0.2243804932
0.2991638184
0.0000000000
0.2243804932
0.0747985840
-0.1951751709
0.1951751709
0.8457641602
0.0650634766
0.0650634766
0.0650634766
0.1301116943
-0.1951751709
-0.4658508301
-0.3726806641
0.2795104980
0.0000000000
0.0931701660
0.2795104980
0.1863403320
0.3726806641
0.5539550781
-0.0553894043
0.3323669434
0.3877716064
-0.2215881348
0.1661834717
-0.4985656738
-0.0553894043
0.0890350342
0.7568359375
0.1335601807
-0.1335601807
0.2671203613
0.4451904297
-0.1335601807
-0.1780853271
0.4269866943
-0.5550842285
0.1280975342
-0.0854034424
0.5550842285
0.2561950684
-0.0854034424
0.2134857178
0.0862121582
-0.7758636475
-0.0862121582
0.1724090576
0.1724090576
-0.2586212158
0.0000000000
0.0000000000
0.9262847900
0.1403503418
0.0842132568
0.0842132568
-0.1684112549
0.1122741699
0.0561370850
-0.1964874268
-0.2416839600
0.0000000000
0.1208343506
0.0000000000
-0.3625183105
0.0000000000
0.3625183105
-0.2416839600
0.0000000000
0.0000000000
-0.3736267090
0.1245422363
0.2490844727
-0.2490844727
-0.1245422363
0.0000000000
-0.1592712402
-0.7963409424
-0.0530853271
-0.1592712402
0.0000000000
-0.2654418945
-0.3716278076
0.1061859131
0.3819732666
-0.0477447510
0.0000000000
0.2864837646
0.1432495117
-0.3819732666
0.2864837646
-0.6684570312
-0.4411468506
0.3860015869
0.4962921143
0.2205657959
0.0000000000
-0.0551452637
-0.3308563232
0.3860015869
0.3839416504
-0.0639953613
0.1919708252
0.0000000000
0.7678833008
0.2559661865
-0.0639953613
-0.1279754639
-0.1422882080
-0.0711517334
0.2845764160
-0.3557281494
0.2134399414
0.5691680908
-0.2134399414
0.4268798828
-0.3000030518
-0.1999969482
0.5000000000
-0.3999938965
-0.1000061035
-0.1000061035
0.1999969482
0.1999969482
0.1736755371
-0.2605133057
0.4341888428
-0.2605133057
-0.4341888428
-0.3473510742
0.2605133057
0.0868377686
-0.2191467285
0.1252288818
0.8766021729
-0.1252288818
-0.3443756104
-0.0313110352
0.0313110352
0.0000000000
-0.4057312012
0.2028656006
0.4057312012
0.2028656006
0.4057312012
0.0000000000
-0.1014251709
-0.2028656006
-0.2516326904
0.0838775635
0.1118316650
-0.1398010254
0.0279541016
-0.1398010254
-0.9226684570
0.0279541016
-0.1833038330
-0.0916442871
0.3666076660
-0.1833038330
0.2749481201
-0.4582519531
-0.3666076660
-0.2749481201
0.1989746094
0.5969238281
-0.1989746094
0.0000000000
-0.4642791748
-0.0663299561
-0.3979492188
0.1989746094
0.0000000000
0.1243286133
-0.1243286133
-0.2486572266
0.2486572266
-0.1243286133
-0.1243286133
0.1243286133
0.3840026855
0.3840026855
-0.3840026855
0.0000000000
0.3840026855
0.0959930420
-0.1920013428
0.1920013428
0.4823608398
0.4582366943
0.1929473877
0.1929473877
-0.0241241455
0.5788269043
-0.3376464844
0.1205902100
0.5481109619
-0.2192535400
0.1644287109
-0.2740631104
0.1096191406
0.6029357910
0.0000000000
0.2740631104
-0.1247253418
0.1247253418
-0.2494506836
0.1247253418
-0.1247253418
-0.2494506836
0.1247253418
0.1247253418
0.4850616455
-0.0323333740
-0.1940307617
-0.5497436523
-0.4527282715
0.0646820068
-0.4203948975
0.0646820068
-0.4262084961
-0.4688262939
0.1704864502
-0.3835906982
0.0000000000
0.0000000000
0.0852355957
-0.5966949463
0.0000000000
-0.2484588623
-0.2484588623
0.1242218018
0.0000000000
0.1242218018
-0.3726806641
-0.1242218018
-0.1903381348
0.0951690674
-0.2855072021
-0.6661682129
-0.2855072021
-0.0951690674
-0.0951690674
0.0951690674
0.1867218018
0.6224060059
-0.3112030029
0.3734436035
0.0622406006
0.0622406006
-0.4356842041
0.1244812012
-0.1928405762
0.2892761230
0.6749725342
0.0000000000
0.0964202881
-0.1928405762
0.0964202881
0.1928405762
-0.0869903564
0.2174835205
0.8264617920
-0.0435028076
0.0000000000
0.0435028076
0.0869903564
-0.4349822998
-0.3742370605
0.0935668945
-0.0935668945
0.2806854248
0.4678039551
-0.0935668945
0.0935668945
0.4678039551
0.2048950195
0.1229400635
0.2868652344
-0.7376403809
0.0409851074
0.2048950195
-0.3688201904
-0.2868652344
-0.0828704834
0.8701324463
-0.0414276123
0.1242980957
-0.0414276123
0.3729095459
-0.1242980957
0.0828704834
0.3775177002
-0.3235778809
0.5393066406
-0.2157135010
0.4853668213
0.2696533203
0.0000000000
-0.1078643799
-0.0681304932
-0.8176269531
-0.1362762451
-0.1362762451
0.2725372314
-0.2044067383
-0.1362762451
0.0000000000
0.9132995605
0.0000000000
0.1889648438
0.0944824219
-0.1574707031
0.1574707031
0.0629882812
-0.1889648438
0.0000000000
0.1113433838
0.1113433838
-0.1113433838
-0.1113433838
0.0000000000
0.1113433838
-0.1113433838
0.0000000000
0.1238555908
-0.1238555908
0.1238555908
0.2477111816
0.1238555908
-0.3715667725
0.2477111816
-0.2724304199
0.6538391113
-0.1089782715
0.0000000000
0.0000000000
-0.2724304199
-0.4903717041
0.2724304199
0.1515808105
0.1136779785
-0.0378875732
0.7578887939
0.0757904053
-0.0378875732
0.3031616211
-0.4926300049
-0.1212463379
0.3637542725
0.4243774414
0.3637542725
-0.4850006104
0.0000000000
0.0606231689
0.4243774414
0.1609344482
-0.2253112793
0.0643768311
-0.0965576172
0.5149841309
0.7402954102
-0.1609344482
0.1931152344
-0.1968994141
-0.4430389404
0.0000000000
-0.2461242676
0.6399383545
0.3938140869
-0.1476745605
0.1968994141
-0.0713195801
-0.1426544189
0.7132415771
-0.2852935791
-0.4279479980
0.0713195801
-0.0713195801
0.1426544189
0.9386444092
-0.0375518799
-0.0750885010
0.1126403809
-0.1126403809
0.0750885010
-0.1501770020
-0.1126403809
-0.2630920410
0.0584716797
0.8477478027
-0.3507843018
-0.1753997803
0.1169281006
0.0000000000
-0.1169281006
-0.1216278076
0.2432556152
0.1216278076
0.0000000000
0.2432556152
0.0000000000
0.0000000000
0.0000000000
-0.1831817627
0.0686950684
0.1144866943
-0.0457916260
-0.0457916260
-0.0457916260
-0.9617462158
-0.0229034424
-0.5678710938
-0.1892852783
-0.5678710938
-0.0630950928
0.2523956299
0.1261901855
-0.3154907227
-0.0630950928
0.1203765869
0.6620635986
-0.4814910889
0.2407531738
0.0000000000
0.0601806641
-0.3611297607
0.0601806641
0.0000000000
0.0000000000
0.0000000000
0.1000061035
-0.1000061035
0.0000000000
0.1000061035
0.1000061035
0.0808105469
0.4848327637
0.0000000000
0.0000000000
0.0000000000
0.7272491455
0.0808105469
0.0000000000
0.6137695312
0.4249114990
0.0944213867
-0.0944213867
-0.0944213867
0.5665588379
-0.0472106934
0.1416320801
0.7487792969
-0.0467987061
0.3275909424
-0.4211883545
0.0935974121
0.0935974121
0.0935974121
0.2339935303
-0.1237182617
0.0000000000
0.0000000000
0.1237182617
-0.1237182617
-0.2474365234
0.2474365234
0.1237182617
0.3794250488
0.0632324219
-0.0948486328
-0.3478088379
-0.7904663086
-0.1580963135
-0.1897125244
-0.0632324219
-0.2790374756
-0.3488006592
0.0000000000
-0.2790374756
0.2092742920
-0.3488006592
0.0000000000
-0.6278381348
0.0000000000
-0.3715667725
-0.1238555908
0.2477111816
0.1238555908
-0.1238555908
0.1238555908
-0.2477111816
0.1111297607
0.2222595215
0.0000000000
-0.8890533447
-0.0555725098
-0.1667022705
0.1111297607
-0.0555725098
0.2849273682
0.5128784180
-0.3989105225
0.5128784180
-0.1139678955
0.1709594727
-0.2849273682
0.0569915771
-0.4762878418
0.2381439209
0.0000000000
-0.2381439209
-0.1190643311
0.0000000000
-0.1190643311
0.2381439209
0.0000000000
0.1393127441
0.8010864258
0.0348358154
-0.0696563721
0.0348358154
0.1393127441
-0.5224456787
-0.1903381348
0.4758453369
-0.1903381348
0.1903381348
0.2855072021
-0.4758453369
0.0000000000
0.1903381348
-0.1124725342
0.1874694824
0.2999420166
-0.7873535156
0.0749816895
0.2249603271
-0.2249603271
-0.2999420166
-0.0959167480
0.8952178955
0.0319671631
0.2238006592
-0.2238006592
0.2238006592
0.0319671631
0.0639495850
0.3945312500
0.3586730957
0.5380096436
0.0358734131
0.1793365479
0.4662628174
0.0717315674
-0.3586730957
-0.0809478760
-0.8904266357
-0.1618957520
-0.1618957520
0.2023773193
-0.1618957520
-0.1618957520
0.0404815674
0.7071075439
-0.0785675049
0.0785675049
-0.1571350098
-0.1571350098
0.0000000000
-0.0785675049
-0.4714050293
0.1000061035
0.0000000000
0.0000000000
-0.1000061035
-0.1000061035
-0.1000061035
0.0000000000
0.0000000000
0.0000000000
0.2357025146
0.0000000000
0.1178436279
0.1178436279
0.0000000000
-0.1178436279
0.1178436279
-0.0757293701
0.8709411621
-0.1514739990
0.1893310547
-0.0378723145
-0.1514739990
-0.2650756836
0.1893310547
0.0833892822
0.0833892822
-0.3057708740
0.8895111084
0.0278015137
-0.0278015137
0.1111907959
-0.2501678467
-0.1927642822
0.0642547607
0.2570037842
0.1285095215
-0.5140228271
0.3212585449
0.5782775879
0.1927642822
0.0000000000
-0.2300262451
0.1150054932
-0.1533508301
0.4217071533
0.8050842285
-0.1150054932
0.1533508301
-0.0528717041
-0.5815429688
0.0000000000
-0.2114715576
0.6872711182
0.2114715576
-0.0528717041
0.0528717041
0.0675201416
0.0000000000
0.6751556396
-0.1350250244
-0.5401306152
0.1350250244
-0.2025451660
-0.1350250244
0.9567260742
-0.1275634766
-0.0318908691
0.0318908691
0.0956726074
-0.0637817383
0.0637817383
-0.1275634766
-0.2760009766
-0.0919952393
0.7360076904
-0.4600067139
0.0460052490
0.2299957275
-0.1380004883
-0.1380004883
0.0000000000
0.1150360107
0.0000000000
0.0000000000
0.1150360107
-0.2300720215
-0.1150360107
0.0000000000
-0.0281524658
-0.1407928467
0.1126403809
0.1407928467
0.0563201904
0.0281524658
-0.9573822021
-0.0281524658
-0.2794799805
-0.0349426270
-0.6987152100
0.0698699951
0.0698699951
0.5589752197
-0.2445526123
-0.1048126221
0.2664337158
0.1776275635
-0.5328674316
0.4440612793
0.1776275635
-0.2664337158
-0.0888061523
-0.1776275635
0.0000000000
0.0000000000
0.0000000000
0.0000000000
0.0000000000
0.0000000000
-0.0588226318
0.0000000000
0.1196746826
0.1196746826
0.1196746826
-0.1196746826
0.0000000000
0.5983581543
0.0000000000
0.0000000000
0.6499938965
0.5416717529
-0.0541687012
-0.1625061035
-0.0541687012
0.3249969482
-0.0541687012
0.2166595459
0.6154022217
-0.0879211426
0.5274963379
-0.4835357666
0.1318664551
0.0439605713
0.0439605713
0.1318664551
-0.1064758301
0.0000000000
-0.1064758301
0.1064758301
0.0000000000
-0.1064758301
0.0000000000
0.1064758301
0.3705291748
-0.0370483398
-0.1482086182
-0.3334808350
-0.8151702881
-0.0370483398
-0.0741119385
-0.1111602783
0.0000000000
-0.2416839600
-0.3625183105
0.0000000000
0.0000000000
-0.2416839600
-0.1208343506
-0.3625183105
0.1113433838
0.0000000000
-0.1113433838
0.0000000000
0.0000000000
0.0000000000
0.0000000000
-0.2226867676
-0.0502014160
0.0000000000
0.3012390137
-0.9037322998
0.0502014160
0.0000000000
0.0502014160
-0.0502014160
0.2744445801
0.6174926758
-0.0686035156
0.4116668701
0.1372222900
0.0000000000
-0.2744445801
0.3430480957
-0.4898986816
0.1224670410
-0.1224670410
0.0000000000
-0.1224670410
0.1224670410
0.0000000000
0.2449493408
0.0597534180
0.2987823486
0.7768554688
-0.0597534180
-0.0597534180
-0.0597534180
0.0000000000
-0.4183044434
0.0000000000
0.4640045166
-0.3480072021
0.0000000000
0.0000000000
-0.3480072021
-0.1159973145
0.0000000000
-0.3112030029
0.3112030029
0.2489624023
-0.3734436035
-0.0622406006
0.2489624023
-0.3112030029
-0.5601654053
-0.0627441406
0.8783264160
0.0000000000
0.2195739746
-0.2823181152
0.1568450928
0.1254730225
0.1568450928
0.3930206299
0.3144073486
0.4323120117
0.2751159668
0.2358093262
0.4716186523
0.0393066406
-0.3930206299
-0.0606231689
-0.8487701416
-0.2425079346
-0.1212463379
0.1818847656
-0.1818847656
-0.1212463379
0.0000000000
0.4422149658
-0.1105499268
0.1105499268
-0.2211151123
-0.1105499268
-0.1105499268
-0.2211151123
-0.4422149658
0.0000000000
0.0911560059
0.0000000000
-0.0911560059
0.0000000000
0.0000000000
0.0000000000
-0.0911560059
0.0000000000
-0.1000061035
0.1000061035
0.1000061035
-0.1000061035
0.0000000000
0.0000000000
0.0000000000
-0.2967224121
0.4450836182
0.0000000000
-0.0741729736
0.0741729736
-0.6676177979
-0.1483612061
-0.2225341797
0.0000000000
0.1989746094
0.0663299561
0.3979492188
0.1989746094
-0.4642791748
-0.5969238281
-0.1989746094
0.1981201172
0.1320800781
0.3962249756
-0.2641448975
-0.1981201172
0.2641448975
0.5943450928
-0.3301849365
-0.1240081787
0.2480010986
0.1860046387
-0.0619964600
-0.5580139160
-0.3720092773
-0.2480010986
-0.4960174561
0.2676544189
-0.1338195801
0.4014739990
-0.6691284180
0.0000000000
0.2007446289
0.0000000000
0.3345642090
-0.2393341064
0.0000000000
0.4786834717
0.0000000000
-0.2393341064
-0.2393341064
0.0000000000
-0.1196746826
0.2048339844
0.4096679688
-0.1024169922
0.2048339844
0.0000000000
0.3072509766
0.0000000000
-0.5120697021
0.1780853271
0.2225952148
-0.5787506104
-0.0890350342
-0.3116302490
-0.6232757568
-0.0890350342
0.1335601807
0.0000000000
0.0000000000
0.0911560059
0.0000000000
0.0911560059
0.0000000000
0.0000000000
-0.0911560059
-0.3850555420
0.0962677002
-0.2406616211
0.1925354004
-0.1925354004
0.3369293213
-0.7219848633
0.0000000000
0.1539001465
-0.0769500732
0.0000000000
0.2308349609
0.1539001465
0.3077850342
-0.7694702148
-0.0769500732
-0.0635986328
0.1272125244
0.0635986328
0.0635986328
-0.5724334717
0.0635986328
-0.6996307373
0.1272125244
-0.1150360107
0.0000000000
0.0000000000
0.2300720215
0.0000000000
-0.1150360107
0.0000000000
0.1150360107
0.0000000000
0.1150360107
0.1150360107
0.0000000000
0.0000000000
-0.1150360107
0.0000000000
-0.2300720215
0.2795104980
0.1863403320
-0.2795104980
-0.0931701660
-0.1863403320
-0.1863403320
-0.6521911621
0.0000000000
0.0000000000
-0.0804290771
0.6031799316
-0.4021148682
0.1206359863
0.5629577637
0.1608428955
0.2412719727
0.0000000000
0.0000000000
0.0000000000
0.0000000000
0.0000000000
0.0785675049
0.0000000000
-0.0785675049
-0.0805511475
0.1611022949
0.3221893311
-0.6443786621
-0.0805511475
-0.3221893311
0.2416381836
0.2416381836
-0.1704864502
-0.1278686523
0.4262084961
-0.3835906982
-0.3409729004
0.2557220459
0.5966949463
-0.1704864502
0.1113433838
0.1113433838
0.1113433838
-0.1113433838
0.0000000000
0.0000000000
0.1113433838
0.1113433838
0.0000000000
0.4407043457
0.0881347656
-0.6169738770
0.0881347656
0.2644195557
0.0000000000
-0.2644195557
0.1090087891
0.8720855713
0.0726776123
0.0363311768
0.2543640137
0.2180175781
-0.2543640137
-0.0363311768
-0.2416839600
0.2416839600
0.2416839600
0.2416839600
0.3625183105
0.0000000000
-0.1208343506
0.1208343506
-0.2243804932
-0.0747985840
-0.4487609863
-0.4487609863
-0.1495819092
0.3739624023
-0.2243804932
0.3739624023
0.0000000000
-0.4294891357
0.0858917236
-0.0858917236
0.0858917236
0.2576904297
0.0000000000
-0.6871643066
0.1360626221
-0.0340118408
-0.4421844482
0.7823333740
0.1360626221
0.0680236816
-0.3061370850
0.1360626221
0.1707916260
0.8966674805
0.0426940918
-0.1280975342
-0.0426940918
-0.1707916260
-0.1707916260
-0.1707916260
0.3345794678
-0.4684143066
-0.2007446289
-0.1003723145
0.6022491455
0.0000000000
0.4684143066
0.0000000000
0.0000000000
0.0000000000
-0.2456817627
-0.1228332520
0.1228332520
0.0000000000
-0.2456817627
0.1228332520
-0.3517303467
0.2344818115
0.1172485352
-0.4103546143
-0.4689788818
-0.1758728027
0.2344818115
-0.4689788818
0.0000000000
0.0000000000
0.0000000000
-0.2498626709
0.0000000000
-0.1249389648
0.3748016357
-0.1249389648
0.0000000000
-0.1228332520
0.2456817627
0.0000000000
-0.1228332520
-0.2456817627
0.0000000000
-0.1228332520
-0.1892700195
-0.8044128418
0.0946350098
-0.0946350098
0.0000000000
-0.4258728027
-0.1892700195
-0.0946350098
0.3620758057
0.0000000000
0.1551818848
-0.3103485107
0.2586364746
-0.5172576904
-0.5689849854
0.0517272949
-0.3053741455
0.3664398193
0.4886016846
0.3053741455
0.2442932129
-0.2442932129
0.4275207520
0.1221466064
0.2461242676
0.1968994141
0.1476745605
0.0984497070
-0.3445892334
-0.4430389404
0.0000000000
-0.6891632080
0.4310302734
-0.1724090576
0.2586212158
-0.4310302734
-0.4310302734
0.1724090576
0.1724090576
0.1724090576
0.0000000000
0.2484588623
0.3726806641
0.0000000000
-0.2484588623
0.1242218018
-0.1242218018
0.1242218018
0.3280639648
0.0000000000
0.1968383789
-0.3936767578
0.1968383789
-0.2624511719
0.6561279297
-0.1312255859
0.0873260498
0.2619781494
-0.4366302490
-0.0436706543
-0.4803009033
-0.6549530029
-0.0873260498
0.0436706543
0.0000000000
0.1000061035
0.1000061035
0.0000000000
0.1000061035
0.0000000000
0.0000000000
-0.1000061035
-0.1830139160
-0.2562255859
-0.3294372559
-0.0366058350
-0.2928314209
-0.0732116699
-0.7686767578
0.2562255859
0.0000000000
-0.0959930420
0.0959930420
0.0000000000
0.2879943848
0.1920013428
-0.6719970703
-0.2879943848
0.0000000000
0.3452911377
-0.1150970459
-0.1150970459
-0.6330261230
0.1150970459
-0.5754852295
0.0000000000
-0.1064758301
0.0000000000
-0.1064758301
0.1064758301
0.1064758301
-0.1064758301
0.0000000000
0.0000000000
0.1044464111
0.0000000000
-0.2089080811
-0.2089080811
0.4178161621
-0.5222625732
0.1044464111
-0.2089080811
0.2736358643
0.6645507812
0.0781860352
0.2736358643
-0.1172790527
0.1954498291
-0.5472717285
-0.0390930176
0.0538482666
-0.1615600586
0.4846649170
-0.4308166504
0.2154083252
0.5923767090
-0.1077117920
0.2154083252
-0.1150360107
0.0000000000
-0.2300720215
0.1150360107
0.0000000000
0.0000000000
0.0000000000
0.1150360107
0.3231201172
0.0000000000
0.2692565918
-0.7539367676
-0.2692565918
-0.2692565918
-0.1077117920
0.0538482666
-0.2401123047
-0.2401123047
0.4321899414
-0.4321899414
-0.2401123047
0.2881317139
0.3841705322
-0.3841705322
0.0000000000
0.0000000000
0.0000000000
-0.1000061035
0.1000061035
-0.1000061035
0.0000000000
0.1000061035
-0.2424163818
0.4848327637
0.1616058350
0.4848327637
-0.0808105469
0.3232269287
-0.0808105469
-0.3232269287
0.1768646240
0.8400726318
0.0884246826
-0.1326446533
0.3979339600
0.0884246826
-0.0884246826
0.0000000000
-0.2120971680
0.3181304932
0.4241790771
0.4241790771
0.2120971680
0.1060485840
0.1060485840
-0.1060485840
-0.4541778564
-0.1135406494
-0.2270965576
-0.3406372070
0.0000000000
0.1135406494
-0.2270965576
0.2270965576
-0.2131805420
-0.2131805420
0.2131805420
-0.3197631836
0.4263610840
0.2131805420
-0.1065826416
-0.3197631836
0.0911102295
-0.0607452393
-0.0303649902
0.9414520264
0.0000000000
0.0911102295
-0.2429504395
0.0607452393
0.0912780762
0.3651275635
0.1825714111
-0.4564056396
0.2738494873
0.0912780762
-0.1825714111
-0.4564056396
0.4689331055
-0.4354400635
-0.3014678955
0.0334930420
0.6364135742
-0.0334930420
0.2344665527
0.0334930420
0.0000000000
-0.4714050293
-0.3535461426
0.0000000000
0.1178436279
-0.2357025146
-0.1178436279
0.1178436279
0.6788177490
0.3655090332
-0.0522155762
-0.2610778809
-0.2088623047
-0.2088623047
0.1566467285
-0.3655090332
0.0000000000
0.0000000000
0.0000000000
-0.1202545166
0.0000000000
-0.1202545166
0.6013031006
-0.1202545166
-0.2498779297
0.0000000000
0.1249389648
-0.1249389648
0.0000000000
-0.3748321533
-0.1249389648
0.1249389648
-0.0907287598
-0.9375762939
0.0000000000
-0.0604858398
0.0302429199
-0.1814575195
-0.2117156982
0.0302429199
0.3746643066
-0.1873321533
0.2622680664
-0.6369323730
0.0374603271
-0.5245361328
-0.1498718262
0.0749359131
-0.4402008057
0.3601684570
0.4402008057
0.2401123047
0.4001770020
-0.3601684570
0.1600799561
0.2401123047
0.3865814209
0.1656799316
0.1656799316
0.1656799316
0.0552215576
-0.4970397949
0.2209014893
-0.6074981689
0.2682495117
0.3353118896
0.2682495117
-0.2682495117
-0.6035614014
0.2011871338
0.0670623779
0.3353118896
-0.3486328125
0.0000000000
0.4357910156
-0.4357910156
-0.1743164062
0.0871582031
-0.0871582031
0.4357910156
-0.4496002197
-0.1873321533
0.3746643066
-0.3372039795
0.0749359131
-0.3746643066
0.5619964600
0.0374603271
-0.1562194824
0.2603759766
0.1041564941
0.1041564941
-0.5207519531
-0.6248931885
-0.3645172119
-0.0520782471
0.0000000000
0.2459411621
0.0000000000
0.2459411621
-0.1229705811
-0.3689117432
0.1229705811
-0.2459411621
-0.2606201172
-0.2606201172
-0.0977325439
-0.1303100586
-0.0977325439
-0.1954650879
-0.8470001221
0.1954650879
0.1863403320
0.0931701660
0.2795104980
-0.2795104980
0.3726806641
-0.2795104980
-0.3726806641
-0.3726806641
0.1210327148
0.1210327148
0.1815490723
-0.2420654297
-0.7866973877
0.0605163574
-0.3630981445
0.0605163574
0.0000000000
-0.1150360107
0.1150360107
0.1150360107
0.1150360107
-0.1150360107
0.1150360107
-0.1150360107
0.0916442871
0.5499114990
-0.2749481201
0.0000000000
0.3666076660
-0.2749481201
-0.1833038330
0.2749481201
0.2790527344
0.5859985352
0.0837097168
0.3348541260
-0.1953277588
0.5022888184
-0.3627624512
-0.1116180420
0.3938446045
-0.3375701904
0.1125183105
-0.2813110352
0.2250518799
0.5626220703
-0.3938446045
0.1125183105
-0.1471710205
0.2207489014
-0.8094024658
0.0735778809
-0.1471710205
0.1471710205
-0.1471710205
0.1471710205
0.2516479492
-0.0838775635
0.2097015381
-0.7968902588
-0.2516479492
-0.2097015381
-0.2935943604
0.0000000000
-0.4078674316
-0.2966308594
0.2595520020
-0.4820251465
-0.1112365723
0.1112365723
0.2595520020
-0.5561828613
0.0000000000
0.1150360107
-0.1150360107
-0.1150360107
0.0000000000
0.0000000000
-0.2300720215
0.0000000000
-0.2232971191
0.3907623291
0.0000000000
0.7257080078
-0.2791137695
0.2232971191
-0.1674652100
-0.1116485596
0.3036804199
0.7288513184
-0.1822052002
0.0000000000
0.4251556396
0.1822052002
-0.0607299805
0.0607299805
-0.2867431641
0.2867431641
0.4779052734
0.2867431641
0.2867431641
0.2867431641
0.0000000000
-0.1911621094
-0.4541778564
0.0000000000
0.2270965576
-0.2270965576
0.2270965576
-0.1135406494
-0.1135406494
0.3406372070
-0.5028533936
-0.0838012695
0.4190521240
0.0838165283
0.4190521240
0.0000000000
0.1676177979
0.3352355957
0.1459197998
-0.0486450195
0.3891296387
0.6809844971
-0.2918548584
0.1945648193
-0.3891296387
-0.0972900391
0.1935577393
-0.0645141602
0.0000000000
-0.3871002197
0.3871002197
0.6451721191
0.0000000000
-0.3225860596
0.4598083496
-0.3890686035
-0.2122192383
0.0000000000
0.7073974609
-0.1768493652
0.1414794922
0.0000000000
0.0924072266
-0.7392120361
-0.2772064209
0.0924072266
0.0924072266
-0.0924072266
-0.0924072266
0.1847991943
0.9550476074
0.1432647705
0.0477600098
0.0000000000
-0.1193847656
0.0477600098
0.0477600098
-0.1671295166
0.1196746826
0.0000000000
0.0000000000
-0.1196746826
-0.4786834717
0.1196746826
0.3590087891
-0.1196746826
-0.1082458496
0.2165069580
-0.2165069580
0.0000000000
0.3247528076
-0.5412597656
-0.2165069580
0.1082458496
-0.0464935303
-0.8833923340
0.0000000000
-0.0464935303
0.0000000000
-0.1394805908
-0.3254547119
0.1394805908
0.2089691162
-0.1671752930
0.5433349609
-0.6687164307
0.0000000000
-0.3343505859
0.1253814697
-0.0417938232
-0.3590087891
0.3590087891
0.4936370850
0.1346282959
0.2692565918
-0.4038848877
-0.2243804932
0.3590087891
0.2770385742
-0.0692596436
-0.0692596436
-0.0692596436
0.8311309814
0.1385192871
0.1385192871
0.1385192871
0.1064758301
0.3194427490
0.1597137451
-0.2662048340
-0.5323944092
0.4791564941
-0.0532379150
0.4259185791
-0.1782989502
-0.0891571045
0.5349121094
-0.4457702637
-0.1782989502
-0.0891571045
0.1782989502
0.3566131592
-0.2126617432
-0.3721466064
0.4253234863
-0.1595001221
-0.2658233643
-0.5848083496
0.3189849854
0.0531616211
-0.0461425781
0.3230285645
0.6921997070
0.0000000000
-0.4614715576
-0.2307281494
-0.2768859863
0.0461425781
-0.4640045166
0.0000000000
0.3480072021
0.0000000000
0.0000000000
0.0000000000
-0.1159973145
-0.3480072021
-0.3110198975
-0.2221527100
0.0444335938
-0.1333007812
0.1333007812
-0.1777343750
-0.8442077637
0.0888671875
-0.0829620361
-0.1659088135
0.3318328857
-0.3318328857
0.4147949219
-0.4977416992
-0.1659088135
-0.2488708496
0.3446655273
0.0689392090
0.0689392090
-0.2068023682
-0.5514678955
-0.2757263184
-0.4136047363
0.3446655273
-0.1249389648
0.0000000000
0.0000000000
-0.1249389648
0.1249389648
0.2498626709
0.2498626709
-0.2498626709
0.1441040039
0.6484832764
-0.2161560059
0.0000000000
0.2882232666
0.1441040039
-0.2161560059
0.4323272705
0.4024047852
0.4694671631
0.0000000000
0.1676635742
-0.2347259521
0.6371307373
-0.3018035889
0.0335388184
0.6967926025
-0.1493072510
0.0000000000
-0.3484039307
0.0497741699
0.1990814209
-0.3981628418
0.2986297607
-0.1495819092
0.2991638184
-0.7479248047
0.0747985840
-0.1495819092
-0.1495819092
0.0000000000
0.2991638184
0.2313842773
-0.1156921387
-0.0385589600
-0.6941528320
-0.5013427734
0.0000000000
-0.3856506348
0.0385589600
-0.4515380859
-0.3283996582
0.2052459717
-0.4104919434
-0.1231536865
-0.0410461426
0.1641998291
-0.6157379150
0.1250000000
0.0000000000
-0.2500000000
0.1250000000
-0.1250000000
0.1250000000
-0.2500000000
-0.2500000000
-0.1947631836
-0.0649261475
-0.1947631836
0.5843048096
-0.5193786621
0.0000000000
-0.3895263672
0.1298370361
0.5222625732
-0.1044464111
-0.4178161621
0.3133544922
-0.1044464111
0.1044464111
-0.1044464111
0.1044464111
-0.5275421143
0.3165283203
0.3165283203
0.2110137939
0.2110137939
0.0000000000
-0.1055145264
0.1055145264
-0.2576904297
0.0000000000
0.7730712891
-0.2576904297
-0.0858917236
0.0000000000
-0.0858917236
0.0000000000
-0.1943664551
0.1295776367
0.0000000000
0.2591400146
0.6478576660
-0.3887176514
0.1295776367
0.3887176514
0.0000000000
0.0469512939
0.2347564697
-0.7512359619
-0.0469512939
0.2347564697
-0.3286743164
-0.3756256104
0.0000000000
0.2919921875
-0.4379882812
0.0000000000
0.0000000000
0.7299804688
-0.0729980469
-0.0729980469
0.4378814697
-0.2189483643
-0.0437927246
-0.0437927246
0.6130371094
-0.3065185547
0.2627258301
-0.3941040039
0.0000000000
-0.6751251221
-0.3375549316
-0.1687774658
0.3375549316
-0.0843963623
-0.1687774658
0.0843963623
0.9318695068
0.0000000000
0.1918640137
0.1644439697
-0.1096343994
0.1370391846
0.0274047852
-0.1096343994
0.1216278076
0.0000000000
0.1216278076
-0.1216278076
-0.1216278076
0.1216278076
0.1216278076
-0.2432556152
0.0000000000
0.1245422363
-0.1245422363
0.2490844727
0.2490844727
0.2490844727
-0.2490844727
0.1245422363
-0.2719116211
0.4078674316
-0.2039337158
0.1359558105
-0.0679779053
-0.1359558105
-0.5438232422
0.4758453369
0.2972259521
-0.0990753174
0.5944366455
0.0990753174
0.0990753174
0.0990753174
0.3963012695
-0.0990753174
-0.1121673584
0.2243499756
0.5608673096
0.3365173340
0.0000000000
-0.4486846924
-0.0560913086
0.4486846924
0.0668487549
-0.2673645020
-0.0334167480
-0.1670989990
0.4678955078
0.7352600098
-0.1670989990
0.2673645020
-0.1981201172
-0.3301849365
0.0660400391
-0.2641448975
0.2641448975
0.6603698730
-0.1320800781
0.3301849365
0.0000000000
0.0000000000
0.7126464844
-0.3239288330
-0.4535064697
-0.0647888184
0.0000000000
0.1943664551
0.9061737061
-0.1907653809
0.0953826904
0.0953826904
-0.1430816650
-0.1430816650
0.0000000000
-0.0953826904
-0.3753356934
0.3217163086
0.6434478760
-0.3753356934
-0.2144775391
-0.1072387695
-0.0536193848
-0.2144775391
-0.1199951172
-0.1199951172
0.1199951172
-0.1199951172
-0.2400054932
0.0000000000
0.0000000000
-0.1199951172
-0.1943511963
-0.0277709961
0.1665954590
-0.0832977295
-0.0832977295
-0.0555267334
-0.9440002441
0.0277709961
-0.4653015137
-0.2658843994
-0.5982360840
-0.3323516846
0.2658843994
0.1329345703
-0.0664672852
-0.0664672852
0.2068481445
0.1034240723
-0.5171051025
0.1034240723
0.0000000000
0.0000000000
-0.5171051025
0.1034240723
0.0000000000
0.0000000000
0.0000000000
0.1178436279
-0.1178436279
0.1178436279
0.2357025146
0.1178436279
0.0765075684
0.6120147705
-0.0765075684
-0.0765075684
0.0765075684
0.5355072021
0.1529998779
0.3059997559
0.5098571777
0.3186645508
-0.1911926270
-0.1274566650
-0.3186645508
0.5735778809
0.0637359619
0.1274566650
0.7180633545
-0.0844726562
0.2956695557
-0.5068664551
0.1267242432
-0.0844726562
-0.0844726562
0.2111968994
-0.1009521484
0.2019042969
-0.5047454834
0.2019042969
-0.1009521484
-0.3028411865
0.3028411865
0.3028411865
0.0788421631
0.1182708740
0.1576995850
-0.5124969482
-0.7096252441
-0.2759704590
-0.2365417480
-0.0788421631
-0.1693725586
-0.1693725586
0.1693725586
-0.2540588379
0.2540588379
-0.4234313965
0.0846862793
-0.5928039551
0.0000000000
-0.2494506836
0.0000000000
0.2494506836
0.0000000000
-0.1247253418
0.2494506836
-0.1247253418
0.1202545166
0.2405242920
0.1202545166
0.1202545166
-0.2405242920
-0.4810485840
-0.1202545166
0.0000000000
0.4279479980
0.0000000000
-0.4992675781
0.4279479980
-0.3566284180
0.2852935791
0.0000000000
-0.0713195801
-0.4833679199
0.1208343506
0.0000000000
-0.2416839600
-0.1208343506
0.2416839600
-0.1208343506
0.0000000000
0.0000000000
0.0678253174
0.8138732910
-0.0678253174
-0.1356506348
0.0000000000
0.2034759521
-0.3391113281
0.0000000000
0.3720092773
-0.1860046387
0.2480010986
0.6820220947
-0.3720092773
0.0000000000
0.1860046387
-0.2042236328
0.1633758545
0.3267517090
-0.8168640137
0.0408477783
0.1633758545
-0.1225280762
-0.2450561523
-0.0547332764
0.7114868164
-0.1094665527
0.2189178467
-0.2736511230
0.4925689697
0.0547332764
-0.1094665527
0.5068664551
0.2534332275
0.1689605713
0.1267242432
0.3379211426
0.1267242432
0.2111968994
-0.6335906982
0.0000000000
-0.7731781006
-0.2761383057
-0.2209014893
0.2761383057
-0.2209014893
-0.2209014893
0.0552215576
0.8106536865
-0.0810699463
0.1621246338
0.1621246338
0.0000000000
0.0810699463
-0.1621246338
-0.1621246338
0.1150360107
0.1150360107
0.0000000000
-0.1150360107
-0.1150360107
-0.1150360107
0.1150360107
-0.1150360107
0.0000000000
0.0000000000
0.0000000000
0.0911560059
0.0911560059
0.0000000000
-0.0911560059
0.0000000000
-0.1014404297
0.7100830078
-0.2028808594
0.2536010742
-0.0507202148
-0.0507202148
-0.3550415039
0.4057617188
0.2700500488
0.0000000000
-0.3780670166
0.8101348877
0.0540161133
0.1620330811
0.0540161133
0.0000000000
-0.0849761963
0.0000000000
0.4249114990
0.2549438477
-0.0849761963
-0.3399353027
0.3399353027
0.5099029541
0.0000000000
-0.2583160400
0.0430603027
-0.3444213867
0.3444213867
0.7749481201
-0.1291656494
0.1291656494
-0.2401123047
-0.4001922607
0.0800323486
-0.3201599121
0.2401123047
0.5602722168
-0.1600799561
0.2401123047
0.0000000000
0.0000000000
0.7158508301
-0.2386169434
-0.3976898193
-0.1590728760
-0.0795440674
0.1590728760
0.9373779297
-0.1802673340
0.0721130371
0.0360565186
0.1081542969
-0.1081542969
0.1081542969
-0.0721130371
-0.3504943848
0.2803955078
-0.0700988770
-0.7009887695
0.0700988770
0.0700988770
-0.0700988770
-0.3504943848
0.1064758301
-0.1064758301
0.0000000000
0.0000000000
-0.1064758301
0.0000000000
-0.1064758301
-0.1064758301
-0.0334930420
-0.2344665527
0.1004943848
0.0669860840
-0.0669860840
0.0669860840
-0.9378814697
0.0669860840
-0.2397308350
-0.1198577881
-0.7591247559
-0.0399475098
0.0399475098
0.5194091797
-0.1598205566
-0.0399475098
0.2089080811
-0.4178161621
-0.4178161621
0.2089080811
0.1044464111
-0.2089080811
-0.1044464111
-0.3133544922
0.0000000000
0.0000000000
0.0000000000
0.0588226318
0.0000000000
0.0000000000
0.0000000000
0.0000000000
0.0000000000
0.3806762695
0.1903381348
0.0000000000
-0.0951690674
0.6661682129
0.1903381348
0.0951690674
0.5463409424
0.4097595215
-0.4097595215
-0.2731628418
-0.2048797607
0.2731628418
0.0000000000
0.1365814209
0.5510864258
-0.0847778320
0.4662933350
-0.5510864258
0.0847778320
-0.1695556641
-0.2119598389
0.1695709229
0.0000000000
0.0000000000
-0.4991302490
0.0000000000
0.0000000000
-0.1247863770
0.0000000000
0.1247863770
0.1929779053
0.0000000000
0.0482482910
-0.5789337158
-0.7236633301
-0.1447296143
-0.0482482910
-0.0482482910
-0.1129455566
-0.1129455566
0.5646972656
0.0000000000
-0.1129455566
-0.2258758545
0.2258758545
-0.2258758545
0.0000000000
-0.1113433838
0.0000000000
0.0000000000
0.0000000000
0.0000000000
0.1113433838
-0.2226867676
0.0000000000
0.0000000000
0.6529235840
-0.3264617920
0.1088256836
0.0000000000
0.0000000000
-0.1088256836
0.4357910156
0.4357910156
-0.2614746094
0.4357910156
-0.1743164062
0.1743164062
0.0871582031
0.1743164062
-0.3726806641
0.0000000000
-0.1242218018
-0.1242218018
-0.2484588623
0.2484588623
-0.1242218018
0.0000000000
0.3424682617
0.3424682617
0.3424682617
-0.1141510010
0.0000000000
-0.1141510010
0.0000000000
0.3424682617
0.1166229248
0.2332305908
-0.3498535156
0.1166229248
0.4664764404
-0.1166229248
-0.1166229248
0.1166229248
-0.2694549561
0.4041748047
0.2020874023
-0.5389099121
0.0673675537
0.2694549561
-0.2020874023
-0.4041748047
-0.0531616211
0.7974700928
0.0000000000
0.2658233643
-0.3189849854
0.2658233643
0.1595001221
0.0000000000
0.4404754639
0.1651763916
0.1101226807
0.2752990723
0.3854217529
0.2202453613
0.1651763916
-0.6056518555
0.0000000000
-0.4714050293
-0.1178436279
-0.2357025146
0.3535461426
0.0000000000
-0.1178436279
-0.1178436279
0.6935119629
0.0000000000
0.0990753174
0.0990753174
0.1981506348
0.0990753174
-0.2972259521
-0.0990753174
0.0000000000
0.1000061035
0.0000000000
-0.1000061035
0.1000061035
0.0000000000
0.0000000000
-0.1000061035
0.0000000000
-0.0785675049
0.0000000000
0.0000000000
-0.0785675049
0.0000000000
0.0000000000
0.0000000000
-0.0359649658
0.9349517822
-0.1078796387
0.1078796387
0.0000000000
-0.2157592773
-0.1078796387
0.0359649658
-0.2618865967
0.0000000000
-0.1964111328
0.7201995850
-0.0654754639
-0.2618865967
-0.3928375244
-0.0654754639
0.1840515137
0.2760772705
0.3681030273
-0.1840515137
0.0920257568
-0.5521545410
0.1840515137
-0.2760772705
-0.2113800049
0.2113800049
0.2113800049
-0.0422821045
-0.6341552734
-0.5073242188
-0.0422821045
-0.3804931641
0.0000000000
0.0769500732
0.4616851807
-0.6155700684
-0.2308349609
0.2308349609
0.0000000000
0.3077850342
0.0000000000
0.1920013428
0.0000000000
0.0000000000
0.1920013428
0.0959930420
0.0000000000
0.7680053711
0.4499969482
0.0749969482
0.3750000000
0.1499938965
0.1499938965
0.3000030518
0.5249938965
-0.2250061035
-0.0569915771
0.2849273682
0.7408294678
0.0569915771
-0.2849273682
-0.3989105225
-0.0569915771
-0.1139678955
0.1113433838
0.1113433838
0.1113433838
0.1113433838
0.0000000000
0.0000000000
-0.1113433838
0.1113433838
-0.4056243896
0.0579528809
0.0579528809
0.1448669434
-0.1738433838
0.2028198242
-0.8402404785
-0.0579528809
0.1437377930
-0.0718688965
-0.1437377930
0.1437377930
0.2874755859
0.5030822754
-0.6468353271
-0.0718688965
-0.1985473633
0.5956268311
0.1985473633
-0.1985473633
-0.3970947266
-0.0661773682
-0.4632720947
0.0661773682
0.0000000000
0.1178436279
-0.1178436279
0.1178436279
0.0000000000
0.0000000000
0.1178436279
0.2357025146
0.0000000000
0.0000000000
0.0000000000
-0.1178436279
0.1178436279
-0.2357025146
0.1178436279
-0.1178436279
0.5516510010
0.3940429688
-0.1576080322
0.0000000000
0.0000000000
-0.2364196777
-0.4728393555
-0.1576080322
0.2467041016
0.0822296143
0.6578979492
-0.4934234619
-0.0411224365
0.3700714111
0.0411224365
0.2467041016
0.0000000000
0.0000000000
0.0000000000
0.0000000000
0.0000000000
0.0785675049
0.0000000000
-0.0785675049
-0.3557281494
0.0711517334
0.3557281494
-0.4268798828
0.4268798828
-0.2845764160
0.0000000000
0.3557281494
-0.2170257568
-0.1446838379
0.4340515137
-0.3255310059
-0.3617095947
0.3255310059
0.5425567627
-0.2531890869
0.1064758301
0.1064758301
0.1064758301
0.0000000000
0.0000000000
0.1064758301
0.1064758301
0.0000000000
-0.0835266113
0.2505645752
0.2505645752
-0.6681823730
0.0835266113
0.3340911865
0.0000000000
-0.2505645752
0.1387329102
0.9364318848
0.0346832275
0.0693664551
0.0000000000
0.2080993652
-0.1040496826
0.0693664551
-0.4541778564
0.2270965576
0.2270965576
0.1135406494
0.3406372070
0.0000000000
-0.1135406494
0.2270965576
-0.1137847900
-0.0569000244
-0.5689392090
-0.5120544434
-0.0569000244
0.2275848389
-0.1706848145
0.4551544189
0.0000000000
-0.4678039551
0.0000000000
0.0000000000
-0.0935668945
0.0000000000
0.1871185303
-0.6549224854
0.0796966553
0.0265655518
-0.3187561035
0.9031677246
0.0265655518
0.0265655518
-0.2125091553
0.0796966553
0.1340637207
0.9384002686
-0.1005401611
-0.1340637207
-0.1340637207
-0.0670318604
-0.0670318604
-0.1005401611
0.3027191162
-0.4843444824
-0.0302734375
-0.1210937500
0.6357116699
0.0605468750
0.4540710449
-0.1210937500
0.1196746826
0.3590087891
0.0000000000
-0.1196746826
0.1196746826
0.4786834717
-0.1196746826
0.0000000000
-0.1442260742
0.1923065186
0.0961608887
-0.4807739258
-0.4807739258
-0.2403869629
0.2403869629
-0.5288391113
0.0000000000
0.0000000000
0.0000000000
-0.1247863770
0.0000000000
0.1247863770
0.4991302490
0.0000000000
0.0000000000
-0.1000061035
0.1000061035
0.1000061035
0.0000000000
-0.1000061035
0.0000000000
0.0000000000
0.0000000000
0.3117980957
0.0000000000
0.0000000000
-0.1039276123
-0.6236114502
-0.3117980957
-0.1039276123
0.0980987549
-0.0980987549
0.1961975098
-0.5885772705
0.1471405029
-0.4414367676
-0.4904785156
0.2452392578
-0.1338195801
0.2676544189
0.4683837891
0.1338195801
0.2676544189
-0.6691284180
0.0000000000
0.0669097900
-0.0355987549
0.2135620117
0.1779632568
0.1067810059
-0.5694885254
-0.5339050293
0.2135620117
-0.4627075195
0.0000000000
0.0000000000
0.1863403320
-0.4658508301
-0.6521911621
-0.0931701660
0.0931701660
0.0000000000
0.1071319580
0.2142791748
0.0000000000
-0.1071319580
0.0000000000
0.2142791748
-0.2142791748
0.6428222656
0.1674652100
-0.1674652100
0.3349456787
-0.2791137695
0.3349456787
-0.1116485596
0.7257080078
0.0000000000
0.0000000000
0.4417114258
0.2650299072
-0.1325073242
-0.4417114258
-0.6625671387
-0.1325073242
-0.0441741943
0.0000000000
0.2226867676
0.1113433838
0.1113433838
0.0000000000
0.0000000000
0.0000000000
0.0000000000
-0.3447113037
-0.1880340576
-0.1566925049
-0.0313415527
-0.2507019043
-0.0313415527
-0.8461303711
0.0940093994
-0.1769409180
0.0000000000
-0.0884704590
-0.0884704590
0.2654266357
0.4423675537
-0.6193237305
-0.1769409180
-0.0707855225
0.3539581299
0.2123718262
-0.2831726074
-0.5663299561
-0.0707855225
-0.4955444336
-0.0707855225
0.0000000000
0.1113433838
-0.1113433838
0.1113433838
0.1113433838
-0.1113433838
0.1113433838
0.0000000000
0.0909118652
-0.1818389893
-0.2727508545
-0.3636779785
0.3636779785
-0.5455017090
0.0000000000
-0.1818389893
0.3060302734
0.6885528564
0.1147613525
0.3825225830
0.1147613525
0.0382537842
-0.4590301514
0.0000000000
0.3488311768
0.0000000000
0.5979919434
-0.4983215332
0.0000000000
0.2989959717
-0.1993255615
0.2491607666
-0.2300720215
0.0000000000
-0.1150360107
0.0000000000
0.0000000000
0.0000000000
0.1150360107
0.1150360107
0.3201599121
-0.0800323486
0.3201599121
-0.6403045654
0.1600799561
-0.3201599121
-0.0800323486
0.1600799561
-0.2847137451
-0.0813446045
0.4880981445
-0.4067382812
-0.2847137451
0.3660736084
0.3253936768
-0.3660736084
0.1216278076
0.1216278076
-0.1216278076
-0.1216278076
0.2432556152
-0.1216278076
0.1216278076
0.0000000000
-0.3059997559
0.2295074463
0.3059997559
0.3825073242
0.0765075684
0.4590148926
-0.2295074463
-0.3825073242
0.1529541016
0.9176940918
0.0509796143
-0.1529541016
0.1019592285
0.0000000000
0.0509796143
0.1019592285
-0.4157409668
0.4157409668
0.2078704834
0.3117980957
0.3117980957
0.1039276123
0.0000000000
-0.1039276123
-0.2189941406
-0.1459960938
-0.5839843750
-0.4379882812
0.1459960938
0.0000000000
-0.0729980469
0.4379882812
-0.2405242920
-0.2405242920
0.0000000000
-0.1202545166
0.3607788086
0.0000000000
-0.1202545166
-0.3607788086
0.0000000000
-0.0419006348
-0.0837860107
0.9844970703
-0.0419006348
-0.0209503174
-0.0628356934
0.0419006348
0.0419464111
0.9227142334
-0.1677703857
-0.1677703857
0.0000000000
0.1258239746
-0.0419464111
-0.1258239746
0.4190368652
-0.4489593506
-0.1197204590
0.0299377441
0.6884155273
-0.0299377441
0.2993164062
-0.1197204590
-0.1159973145
-0.2320098877
-0.4640045166
-0.1159973145
0.0000000000
0.0000000000
-0.2320098877
0.3480072021
0.5550842285
0.2018432617
-0.0504608154
-0.4037017822
-0.2523040771
-0.3027648926
0.2018432617
-0.4541625977
0.1249389648
-0.1249389648
0.0000000000
-0.2498779297
-0.1249389648
0.0000000000
0.3748321533
0.1249389648
-0.1213989258
0.0000000000
0.2428131104
0.0000000000
0.0000000000
-0.4856262207
-0.1213989258
0.2428131104
0.1184692383
-0.8885040283
0.0592346191
0.0000000000
0.0592346191
-0.1184692383
-0.2369384766
0.0592346191
0.1242523193
-0.1863861084
0.3106536865
-0.8076782227
0.0000000000
-0.3727722168
-0.1242523193
0.1242523193
-0.3823852539
0.3823852539
0.3823852539
0.0000000000
0.2549285889
-0.5735778809
0.1274566650
0.1274566650
0.0000000000
0.2343597412
0.1562500000
0.1953125000
-0.3906097412
-0.5468597412
0.5077972412
-0.3515472412
0.1994171143
0.3988189697
0.0664672852
-0.1994171143
-0.7311859131
0.0000000000
0.0664672852
0.2658843994
-0.1840515137
0.0920257568
0.2760772705
-0.3681030273
-0.2760772705
0.1840515137
-0.1840515137
0.5521545410
-0.3937835693
-0.2147827148
0.4295806885
-0.3937835693
0.1431884766
-0.3221740723
0.5369720459
0.0715942383
0.0735473633
0.3309936523
0.4780883789
0.0367736816
-0.3309936523
-0.5516510010
-0.4045410156
-0.1838836670
0.1219482422
0.3658599854
-0.1219482422
0.1219482422
-0.2438964844
-0.2438964844
0.1219482422
-0.2438964844
-0.2841491699
-0.3157196045
-0.0947113037
-0.0947113037
-0.0947113037
-0.1578521729
-0.8524322510
0.0947113037
-0.1000061035
0.1000061035
-0.1000061035
-0.3999938965
0.3999938965
0.0000000000
-0.5000000000
-0.1999969482
0.0000000000
-0.2744445801
0.4116668701
-0.4116668701
-0.6174926758
0.0000000000
-0.2058258057
0.0686035156
0.0000000000
-0.1000061035
0.0000000000
0.1000061035
0.0000000000
0.0000000000
0.1000061035
-0.1000061035
0.0729980469
0.2189941406
-0.2919921875
-0.1459960938
0.4379882812
-0.4379882812
-0.2919921875
0.4379882812
0.1660308838
0.6225891113
0.0830078125
0.3735504150
-0.1660308838
0.4150543213
-0.3735504150
-0.2075347900
0.4806365967
-0.1802368164
0.3003997803
-0.3604736328
0.0600738525
0.3604736328
-0.4806365967
0.1802368164
-0.2586212158
0.2586212158
-0.6896514893
0.0000000000
-0.2586212158
0.1724090576
-0.0862121582
0.1724090576
0.1228332520
-0.0614166260
0.3070831299
-0.7370147705
-0.1228332520
-0.3070831299
-0.3070831299
-0.1228332520
-0.3523864746
-0.1409454346
0.4228515625
-0.4580993652
-0.2114257812
0.1409454346
0.2114257812
-0.5638122559
0.1224670410
0.3674163818
0.0000000000
-0.2449493408
0.2449493408
-0.1224670410
-0.2449493408
0.1224670410
-0.2236480713
0.2236480713
0.2236480713
0.6150207520
-0.1118164062
0.3913726807
-0.3913726807
-0.2236480713
0.4717712402
0.4717712402
-0.1887054443
-0.0943603516
0.1887054443
-0.0943603516
0.3774108887
0.0943603516
-0.5288391113
0.4407043457
0.0881347656
0.1762847900
0.2644195557
0.2644195557
0.0881347656
-0.2644195557
-0.1419372559
-0.0709686279
-0.4258117676
-0.2129058838
0.3548431396
-0.3548431396
-0.0709686279
0.5677490234
-0.3999938965
-0.1999969482
0.3000030518
0.1999969482
0.5000000000
-0.1000061035
0.1000061035
0.1999969482
-0.0513763428
-0.0256958008
0.1027679443
0.9505462646
-0.2312164307
-0.0513763428
-0.0513763428
0.0513763428
0.1139678955
0.6268463135
-0.2279510498
-0.3419189453
0.2849273682
0.4558868408
0.0000000000
-0.1709594727
0.4487609863
-0.3926696777
-0.0560913086
0.0841369629
0.7011871338
-0.2243804932
0.1963348389
-0.1682891846
0.0000000000
-0.6056976318
-0.2019042969
0.0000000000
0.1009521484
0.1009521484
-0.2019042969
0.4037933350
0.9497833252
0.1295166016
0.0215911865
-0.0647583008
-0.1511077881
-0.0215911865
0.0215911865
-0.1942749023
0.1250000000
0.0000000000
0.0000000000
-0.1250000000
-0.3750000000
0.2500000000
0.1250000000
0.0000000000
0.0000000000
0.2842712402
0.0000000000
-0.0947570801
0.2842712402
-0.6633148193
-0.1895141602
0.1895141602
0.0776367188
-0.7762908936
0.0000000000
0.0776367188
0.1552581787
0.3105163574
-0.2328948975
0.0776367188
-0.0319061279
-0.1914367676
0.5105133057
-0.7657623291
-0.0638122559
-0.2552490234
0.0638122559
0.0957183838
-0.3446655273
0.4136047363
0.3446655273
-0.2757263184
-0.0689392090
-0.4825286865
-0.2757263184
0.2068023682
-0.2063140869
0.2063140869
-0.0687713623
0.0000000000
0.0687713623
-0.4813995361
0.6877136230
0.2063140869
0.2287902832
0.4118347168
0.1372833252
-0.1372833252
-0.7321472168
0.2287902832
0.0915222168
0.2745513916
0.0000000000
-0.0862121582
0.5172424316
-0.4310302734
-0.4310302734
0.1724090576
0.0000000000
0.2586212158
-0.5166320801
-0.3013763428
0.4305267334
-0.1722106934
-0.2152709961
-0.5166320801
0.2152709961
0.0861053467
0.2145690918
0.1226196289
0.7663421631
0.2758789062
-0.2452239990
-0.2145690918
-0.3678436279
0.0613098145
-0.3572082520
-0.1190643311
0.0000000000
-0.1190643311
-0.3572082520
-0.1190643311
0.0000000000
-0.3572082520
-0.2663269043
-0.3107147217
0.0000000000
-0.0887756348
0.1775512695
-0.1331634521
-0.8433685303
0.0000000000
-0.1082458496
0.0000000000
0.1082458496
-0.4330139160
0.4330139160
-0.3247528076
-0.1082458496
-0.2165069580
0.4323272705
0.0000000000
0.0720520020
-0.2882232666
-0.4323272705
-0.4323272705
-0.2161560059
0.3602752686
0.0000000000
0.0000000000
-0.1247863770
0.0000000000
0.0000000000
0.2495727539
0.3743438721
-0.2495727539
0.1242370605
0.3106079102
-0.2484893799
-0.1242370605
0.3727264404
-0.2484893799
-0.3106079102
0.6212158203
0.3054962158
0.4582519531
-0.1018371582
0.2545776367
-0.3054962158
0.5600891113
-0.3564147949
-0.0509185791
0.6084289551
-0.1659393311
0.1106262207
-0.3871765137
0.0553131104
0.1106262207
-0.4978027344
0.2765502930
-0.1796875000
0.3593902588
-0.6289367676
0.0898437500
-0.2695465088
-0.0898437500
0.0000000000
0.2695465088
0.0000000000
-0.2484893799
0.0621185303
-0.7454528809
-0.3727264404
0.0000000000
-0.3106079102
-0.1242370605
-0.4153442383
-0.1132812500
0.3398284912
-0.4153442383
-0.3020782471
-0.0377655029
0.1510314941
-0.6041412354
0.2474365234
0.1237182617
-0.1237182617
0.0000000000
0.0000000000
0.1237182617
-0.2474365234
-0.1237182617
-0.2290649414
-0.1717987061
-0.0572662354
0.5153808594
-0.4581298828
0.0000000000
-0.5726470947
0.0572662354
0.4374084473
-0.5248870850
-0.1749572754
0.0874786377
-0.3499298096
-0.0874786377
0.2624511719
0.1749572754
-0.6395263672
0.2131805420
0.1065826416
0.1065826416
0.2131805420
0.1065826416
0.0000000000
-0.2131805420
-0.0931701660
-0.0931701660
0.0000000000
-0.2795104980
0.1863403320
-0.3726806641
0.0000000000
0.6521911621
-0.1998443604
0.1332397461
0.0666198730
0.4663238525
0.6661682129
-0.1998443604
0.1332397461
0.2664642334
-0.3512420654
0.0000000000
-0.0878143311
0.2634277344
-0.3512420654
0.0878143311
-0.3512420654
-0.5268554688
0.0951690674
0.6661987305
-0.4758453369
-0.0951690674
0.0951690674
0.4758453369
-0.0475921631
0.0000000000
0.4703063965
-0.2821807861
0.0000000000
0.0940551758
0.5643615723
-0.3448944092
0.2821807861
-0.3762359619
0.1055145264
-0.5275421143
-0.4220428467
-0.1055145264
0.2110137939
0.1055145264
-0.2110137939
0.1055145264
0.9354095459
0.0259857178
0.1558990479
0.1299133301
-0.1818847656
0.1039276123
0.0259857178
-0.1299133301
0.2456817627
0.1228332520
0.0000000000
-0.1228332520
0.0000000000
0.1228332520
0.0000000000
-0.2456817627
0.1249389648
0.1249389648
0.0000000000
0.2498626709
0.2498626709
0.1249389648
-0.2498626709
0.0000000000
-0.2134399414
0.7826080322
-0.0711517334
0.1422882080
0.0000000000
0.1422882080
-0.2134399414
0.2845764160
0.0792999268
-0.2378845215
0.6343383789
-0.3964691162
-0.0792999268
0.0000000000
0.3171691895
0.2378845215
-0.0743865967
0.1487579346
0.4462890625
0.1487579346
-0.1487579346
-0.5950622559
-0.2231445312
0.3719177246
-0.1004180908
-0.2510375977
-0.2008361816
-0.3012390137
0.3514556885
0.6526947021
0.0502014160
0.4016571045
0.0000000000
0.1659088135
0.3318328857
-0.2488708496
-0.3318328857
0.5807037354
0.0829620361
0.3318328857
0.1521301270
0.1521301270
0.5324401855
-0.3803100586
-0.5324401855
-0.1521301270
0.0000000000
0.1521301270
0.7438201904
-0.2231445312
0.2975311279
0.0743865967
-0.1487579346
-0.2975311279
0.0743865967
0.0000000000
-0.1158599854
0.1737976074
0.8689727783
0.1737976074
-0.0579376221
-0.1737976074
-0.1158599854
-0.1158599854
0.0000000000
-0.2494506836
0.0000000000
0.0000000000
-0.3741607666
0.0000000000
0.0000000000
-0.1247253418
-0.1822967529
-0.0303802490
0.1822967529
-0.0911560059
-0.0607604980
0.0000000000
-0.9418792725
-0.0607604980
-0.1919708252
-0.1279754639
-0.7678833008
-0.3839416504
0.0639953613
0.2559661865
0.0000000000
-0.0639953613
0.3191528320
0.4787292480
-0.5585174561
0.0797882080
0.0797882080
0.0000000000
-0.3191528320
-0.1595764160
0.1228332520
0.0000000000
-0.1228332520
-0.1228332520
0.0000000000
0.2456817627
0.2456817627
0.0000000000
0.1000061035
0.5000000000
-0.1000061035
-0.1999969482
0.1000061035
0.3999938965
0.0000000000
0.3999938965
0.3593902588
0.0898437500
-0.3593902588
0.0000000000
-0.3593902588
0.5390777588
0.0000000000
0.1796875000
0.5591430664
-0.0466003418
0.3727569580
-0.6057281494
0.1397857666
-0.1863861084
-0.1863861084
0.1397857666
0.0000000000
0.1229705811
-0.3689117432
0.1229705811
-0.1229705811
-0.1229705811
0.1229705811
0.3689117432
-0.1083374023
0.1083374023
0.2708282471
-0.5416717529
-0.5958251953
-0.3249969482
-0.1625061035
-0.1625061035
-0.1611022949
0.0000000000
0.4832916260
-0.1611022949
-0.0805511475
-0.4027404785
0.0805511475
-0.5638275146
-0.1228332520
-0.2456817627
0.1228332520
0.2456817627
0.0000000000
0.0000000000
0.1228332520
0.0000000000
-0.2131805420
0.0000000000
0.3197631836
0.3197631836
-0.2131805420
-0.4263610840
-0.3197631836
0.0000000000
0.5011291504
-0.1670379639
-0.4176177979
0.2505645752
-0.4176177979
0.2505645752
0.0000000000
-0.0835266113
-0.2500000000
-0.1250000000
0.1250000000
-0.2500000000
-0.1250000000
0.2500000000
0.0000000000
-0.1250000000
0.1242218018
-0.1242218018
-0.2484588623
-0.1242218018
0.0000000000
0.0000000000
0.2484588623
0.3726806641
0.0000000000
0.3678131104
-0.1226043701
0.3678131104
0.7356262207
-0.1226043701
0.0000000000
0.1839141846
-0.3719177246
0.2975311279
0.1487579346
-0.6694488525
0.1487579346
0.0743865967
0.0000000000
-0.2975311279
0.0898437500
0.8535156250
-0.1796875000
0.0898437500
-0.1347656250
0.3593750000
0.0449218750
-0.0898437500
0.5671844482
-0.0472717285
0.0945281982
0.1890563965
0.4253845215
0.0000000000
0.2363281250
-0.5671844482
0.0840911865
-0.5886840820
-0.3363952637
-0.3363952637
0.3363952637
-0.1681976318
-0.1681976318
-0.0840911865
0.8186035156
-0.0818634033
0.0818634033
0.1637268066
-0.0818634033
0.1637268066
0.0000000000
-0.1637268066
0.1113433838
0.1113433838
0.0000000000
-0.1113433838
-0.1113433838
0.0000000000
0.1113433838
-0.1113433838
0.1064758301
0.0000000000
0.0000000000
0.1064758301
0.1064758301
0.0000000000
-0.1064758301
-0.1064758301
-0.0456695557
0.8219451904
-0.1369934082
0.2283172607
-0.0913238525
0.0913238525
-0.1826629639
0.3653106689
0.2842712402
-0.2842712402
-0.2842712402
0.4738006592
0.0000000000
0.1895141602
0.1895141602
0.3790283203
-0.0972900391
0.0000000000
0.2918548584
0.2918548584
-0.0972900391
-0.4864349365
0.0000000000
0.4864349365
-0.1298370361
-0.2596893311
0.0000000000
-0.4544525146
0.1947631836
0.7141418457
0.0649261475
0.1298370361
-0.1963348389
0.1963348389
0.1963348389
-0.2945098877
-0.2945098877
0.5890197754
-0.0981750488
0.0981750488
0.1034240723
0.1034240723
0.4136962891
-0.3102722168
-0.4136962891
-0.3102722168
-0.1034240723
0.2068481445
0.8574981689
-0.1905517578
0.2381896973
-0.0476379395
0.1905517578
-0.1429138184
0.1905517578
-0.0476379395
-0.1776275635
0.3552398682
-0.2664337158
-0.5328674316
0.2664337158
-0.0888061523
-0.0888061523
-0.3552398682
0.0000000000
-0.1000061035
0.1000061035
0.0000000000
-0.1000061035
0.0000000000
-0.1000061035
0.0000000000
0.0000000000
-0.1393127441
0.1393127441
-0.0348358154
-0.1741485596
0.0696563721
-0.9403991699
0.0348358154
-0.1777343750
-0.0444335938
-0.7997741699
-0.0888671875
-0.0888671875
0.4887542725
-0.0888671875
0.0000000000
0.1769409180
-0.1769409180
-0.5308380127
0.1769409180
0.1769409180
-0.0884704590
-0.1769409180
-0.5308380127
0.0000000000
0.0000000000
-0.0911560059
0.0000000000
0.0911560059
0.0911560059
0.0000000000
0.0000000000
0.0000000000
0.3281707764
0.1093902588
0.0000000000
-0.1093902588
0.5469665527
0.3281707764
0.1093902588
0.5229492188
0.2614746094
-0.5229492188
-0.1743164062
-0.1743164062
0.1743164062
0.0000000000
0.1743164062
0.4597473145
0.0000000000
0.4179534912
-0.5851287842
0.0417938232
-0.2925567627
-0.3343505859
0.1253814697
0.0000000000
0.0000000000
-0.2300720215
0.0000000000
0.1150360107
0.0000000000
-0.1150360107
0.1150360107
0.0660400391
0.1320800781
0.2641448975
-0.5943450928
-0.5943450928
-0.1981201172
0.0000000000
-0.1320800781
0.0000000000
-0.0843963623
0.7595062256
-0.0843963623
-0.0843963623
-0.2531738281
0.1687774658
-0.2531738281
0.1000061035
-0.1000061035
0.0000000000
0.0000000000
0.0000000000
0.0000000000
0.1000061035
-0.1000061035
-0.1166229248
-0.1166229248
0.5830993652
-0.2332305908
0.1166229248
0.0000000000
-0.1166229248
-0.1166229248
0.4076843262
0.3057556152
-0.2038421631
0.4076843262
-0.3057556152
0.2038421631
0.1019134521
0.1019134521
-0.2498626709
-0.1249389648
-0.1249389648
-0.1249389648
-0.2498626709
0.2498626709
0.0000000000
0.0000000000
0.3201599121
0.0800323486
-0.4802398682
0.0000000000
0.0800323486
-0.1600799561
0.0000000000
0.6403045654
0.2344665527
0.2344665527
-0.2344665527
0.1172332764
0.4689483643
0.2344665527
0.0000000000
0.0000000000
-0.3057556152
0.5095977783
-0.2038421631
0.0000000000
0.2038421631
0.3057556152
0.0000000000
-0.3057556152
0.0450134277
0.9002532959
0.0000000000
0.1350402832
-0.1800537109
0.2250671387
0.1350402832
-0.0450134277
0.4806365967
-0.1201629639
-0.0600738525
0.2403106689
0.4205474854
0.0600738525
0.1802368164
-0.6007843018
0.1243286133
0.1243286133
-0.1243286133
-0.1243286133
0.2486572266
0.1243286133
0.0000000000
-0.2486572266
0.6563568115
0.0000000000
0.0000000000
0.0000000000
0.1093902588
0.2187805176
-0.1093902588
-0.2187805176
0.0000000000
0.2357025146
0.0000000000
0.0000000000
0.1178436279
0.1178436279
-0.1178436279
0.1178436279
0.2484588623
-0.1242218018
-0.1242218018
-0.2484588623
-0.2484588623
0.1242218018
0.2484588623
-0.1242218018
0.0318145752
0.9862365723
-0.0636291504
0.0795288086
-0.0318145752
-0.0477142334
-0.0477142334
0.0477142334
-0.2120971680
-0.0303039551
-0.2726898193
0.8786926270
-0.2424011230
0.0605926514
0.0303039551
-0.1212005615
0.1723632812
0.1149139404
-0.0574493408
-0.1149139404
0.0574493408
-0.8618011475
-0.2872619629
-0.0574493408
-0.2684936523
0.2416381836
0.1879425049
-0.0536956787
-0.5638275146
-0.6443786621
0.0536956787
-0.2684936523
-0.1054382324
0.3163299561
0.3690490723
-0.4217681885
-0.4744873047
0.2635955811
-0.1054382324
0.4217681885
0.1717987061
0.0858917236
-0.1717987061
0.0000000000
0.0858917236
0.2576904297
-0.0858917236
0.7730712891
0.8094787598
0.0809478760
0.3237915039
0.0404815674
-0.0809478760
-0.0404815674
0.4047393799
-0.0809478760
-0.0762023926
0.0190582275
0.9525756836
0.1905212402
0.0762023926
0.0952606201
-0.0190582275
-0.1524200439
0.2500000000
0.2500000000
0.1250000000
0.1250000000
-0.1250000000
-0.1250000000
0.0000000000
0.2500000000
-0.2886352539
0.0160369873
0.1443176270
0.1122436523
-0.0962066650
0.1443176270
-0.9140167236
-0.0962066650
0.2030029297
-0.1353454590
0.0676727295
0.1353454590
0.6090240479
0.4736785889
-0.4060211182
-0.0676727295
-0.0858154297
0.9725341797
0.0000000000
-0.1144104004
0.0000000000
-0.0572052002
-0.0572052002
-0.0286102295
0.0000000000
0.2432556152
0.0000000000
0.1216278076
0.1216278076
0.0000000000
0.2432556152
0.0000000000
0.0000000000
-0.1238555908
-0.1238555908
-0.2477111816
0.1238555908
-0.2477111816
0.3715667725
0.1238555908
0.5690002441
0.4425659180
0.1896667480
0.0000000000
0.1264495850
0.1896667480
-0.4425659180
-0.2528839111
0.3132019043
0.0783081055
0.7438659668
-0.4698028564
-0.1957550049
0.1174468994
-0.0783081055
0.1174468994
0.1178436279
-0.1178436279
0.2357025146
0.0000000000
-0.1178436279
-0.1178436279
0.0000000000
0.0000000000
-0.3705902100
0.1853027344
0.3088378906
-0.1235351562
0.6794281006
-0.1853027344
-0.1853027344
0.2470703125
-0.2590332031
-0.2302551270
0.4604949951
-0.2590332031
-0.3453674316
0.3453674316
0.5180664062
-0.2590332031
0.1178436279
0.0000000000
0.0000000000
0.1178436279
0.0000000000
0.1178436279
0.1178436279
-0.2357025146
-0.0714569092
0.0714569092
0.0714569092
-0.9646911621
-0.0714569092
0.0714569092
-0.0357360840
-0.0357360840
0.1798858643
0.9251556396
-0.0513916016
0.1541900635
-0.2055969238
0.1284942627
0.0513916016
0.0513916016
-0.5499114990
0.2749481201
0.3666076660
0.0916442871
0.1833038330
-0.0916442871
-0.0916442871
0.3666076660
0.0000000000
-0.0993041992
-0.5957794189
-0.4964904785
0.0000000000
0.1985931396
-0.1489410400
0.4964904785
-0.2749481201
-0.3666076660
0.0916442871
0.1833038330
-0.0916442871
-0.0916442871
0.3666076660
-0.5499114990
0.1271057129
0.0635528564
-0.1271057129
0.9533233643
0.0211791992
0.0423736572
-0.1906585693
0.0423736572
0.0000000000
0.9657745361
-0.1016540527
-0.1016540527
-0.1524963379
0.0000000000
0.0000000000
-0.0508270264
0.2737731934
-0.4927978516
0.0547485352
-0.1642608643
0.6022949219
0.1095123291
0.4654083252
-0.1916351318
0.0947570801
0.5685577393
0.1895141602
0.0947570801
0.1895141602
0.4738006592
0.1895141602
-0.0947570801
0.2762908936
0.0000000000
0.1381530762
-0.4604949951
-0.4604949951
-0.3683929443
0.1381530762
-0.5065460205
0.0000000000
-0.1247253418
0.1247253418
0.2494506836
0.0000000000
0.2494506836
0.2494506836
0.0000000000
0.1199951172
-0.2400054932
0.0000000000
-0.1199951172
-0.1199951172
0.0000000000
0.1199951172
-0.1199951172
0.0774688721
0.9877166748
-0.0193634033
0.0193634033
-0.0581054688
-0.0387268066
-0.0193634033
0.0193634033
-0.3042449951
-0.1217041016
-0.0608520508
0.5476379395
-0.4259490967
-0.3650970459
-0.2433929443
0.3042449951
0.0613098145
0.1839141846
0.2452087402
0.0000000000
0.1839141846
-0.7969360352
-0.3065185547
-0.1226043701
-0.2227172852
0.2672576904
0.2004394531
0.0222778320
-0.5122375488
-0.6458587646
0.2672576904
-0.2672576904
-0.2178497314
0.2178497314
0.4356994629
-0.2904663086
-0.6535491943
-0.0726165771
0.0000000000
0.1452331543
0.3152313232
0.0788116455
-0.3152313232
-0.1576080322
0.0788116455
0.3940429688
0.0000000000
0.6304626465
0.1599426270
-0.1999359131
0.4798278809
-0.1999359131
0.1999359131
-0.1999359131
0.7197570801
0.1199645996
-0.0396575928
0.1189575195
0.9516448975
0.1387786865
-0.0594787598
-0.1189575195
-0.0991363525
-0.1387786865
0.0000000000
0.3743438721
-0.1247863770
0.1247863770
-0.1247863770
-0.1247863770
0.1247863770
0.2495727539
-0.2936553955
-0.0489501953
0.0815734863
0.0489501953
-0.1305236816
0.0489501953
-0.9299316406
-0.0978851318
-0.0840911865
0.0840911865
0.0840911865
-0.1681976318
0.3363952637
0.6727905273
-0.3363952637
-0.1681976318
-0.0343170166
0.9607849121
0.0686340332
-0.0343170166
-0.0343170166
-0.0343170166
-0.1029357910
-0.1372528076
0.0000000000
0.0000000000
0.0000000000
0.0000000000
0.0000000000
0.0000000000
0.2357025146
0.2357025146
0.1034240723
-0.1034240723
-0.2068481445
-0.4136962891
0.3102722168
-0.5171051025
0.0000000000
0.1034240723
0.3602905273
0.5764770508
0.2882385254
0.3602905273
0.2882385254
0.1080932617
-0.4323577881
0.0360260010
0.3039093018
0.0000000000
0.6946563721
-0.5209960938
-0.1736602783
0.0868377686
-0.2170867920
0.0868377686
-0.2400054932
0.1199951172
-0.1199951172
-0.1199951172
-0.1199951172
0.0000000000
0.0000000000
0.1199951172
0.0000000000
0.2134399414
0.2845764160
-0.3557281494
0.7114562988
-0.1422882080
-0.2134399414
0.0711517334
-0.3316192627
-0.1808929443
0.5426635742
-0.3617706299
-0.2110290527
0.3919219971
0.2713317871
-0.3617706299
0.0000000000
0.0000000000
-0.2300720215
0.1150360107
0.1150360107
0.0000000000
0.1150360107
0.0000000000
-0.1698608398
-0.0566253662
0.2264862061
-0.7926940918
-0.0566253662
0.3397216797
-0.1132354736
-0.2264862061
0.1176910400
0.9414978027
-0.0588378906
-0.0294189453
-0.2353668213
-0.0294189453
0.0882720947
0.0588378906
-0.5222625732
0.4178161621
0.2089080811
0.2089080811
0.1044464111
0.1044464111
-0.2089080811
0.0000000000
-0.1500549316
-0.2000732422
-0.7002716064
-0.3501281738
0.2000732422
0.0000000000
0.0000000000
0.4501647949
-0.2381439209
-0.2381439209
-0.1190643311
0.1190643311
0.2381439209
0.0000000000
0.0000000000
-0.4762878418
0.0162200928
-0.0324249268
-0.0810699463
0.9890136719
-0.0324249268
-0.0324249268
-0.0486450195
0.0324249268
-0.0175170898
0.9809417725
-0.1401367188
-0.0525512695
-0.0350341797
0.0525512695
0.0000000000
-0.0350341797
0.3000793457
-0.5251312256
0.0000000000
-0.0250091553
0.6501770020
0.0000000000
0.4001007080
-0.1750488281
-0.1000061035
0.6000061035
-0.3999938965
0.1000061035
0.1000061035
0.1999969482
-0.1000061035
0.1999969482
0.5586547852
-0.0429687500
0.0859527588
-0.3867645264
-0.3867645264
-0.2578430176
0.1718902588
-0.4727020264
0.0000000000
0.0000000000
0.1000061035
-0.1000061035
-0.1000061035
0.0000000000
0.0000000000
0.1000061035
-0.1238555908
-0.1238555908
0.1238555908
0.0000000000
-0.1238555908
-0.4954071045
-0.1238555908
0.0000000000
0.1429290771
0.9766998291
0.0238189697
0.0000000000
-0.0476379395
0.0476379395
0.0000000000
0.0476379395
-0.0373840332
-0.1495513916
0.4486541748
-0.6729888916
-0.2991027832
-0.3364868164
-0.0747833252
0.2617187500
0.3077850342
0.0769500732
0.1539001465
-0.3077850342
-0.4616851807
-0.5386199951
-0.1539001465
-0.2308349609
-0.2182159424
0.3173980713
0.1983795166
0.0198364258
-0.4165954590
-0.6149597168
0.4562683105
-0.1983795166
-0.0695953369
0.3479614258
0.2087707520
0.0000000000
-0.6959228516
-0.1391906738
0.2087707520
0.3479614258
0.0865173340
0.0000000000
0.1730346680
-0.3460845947
-0.3460845947
0.2595672607
-0.1730346680
0.6056518555
-0.3955535889
-0.1797943115
0.4315185547
-0.2876739502
0.1438446045
-0.3236389160
0.6113128662
0.0359649658
0.0360107422
0.1080169678
0.9181976318
0.1620330811
-0.0900268555
-0.1620330811
-0.1620330811
-0.2160491943
0.1219482422
0.2438964844
-0.2438964844
0.1219482422
-0.3658599854
-0.1219482422
0.2438964844
0.1219482422
-0.2679595947
-0.0472869873
0.0630493164
0.0315246582
-0.0788116455
0.0157623291
-0.9457244873
-0.1103363037
-0.5390777588
0.0000000000
0.0000000000
-0.2695465088
0.2695465088
0.2695465088
-0.4492340088
0.0898437500
0.0783233643
0.7049713135
0.2349853516
-0.2349853516
-0.3133239746
0.0000000000
-0.1566619873
-0.2349853516
-0.1150360107
-0.1150360107
0.0000000000
-0.2300720215
0.0000000000
0.0000000000
0.1150360107
0.0000000000
0.0657501221
-0.0657501221
-0.1972656250
-0.3287658691
0.3945159912
-0.3945159912
-0.1972656250
0.5917816162
0.1230621338
0.6153259277
0.3692016602
0.3076629639
0.1846008301
0.2461395264
-0.3076629639
-0.2461395264
0.3814086914
-0.0544891357
0.5448608398
-0.4903717041
-0.2179412842
0.1089782715
-0.3814086914
0.1089782715
-0.3334350586
0.2222900391
-0.4445648193
-0.2222900391
-0.3334350586
0.0000000000
-0.1111450195
0.0000000000
0.1487579346
0.2975311279
0.0743865967
-0.6694488525
0.3719177246
0.0000000000
-0.1487579346
-0.2975311279
-0.3833160400
-0.2064056396
0.4422760010
-0.4422760010
-0.1769104004
0.2653656006
0.0884552002
-0.5307312012
0.0000000000
0.1199951172
0.0000000000
-0.1199951172
0.1199951172
0.1199951172
-0.1199951172
0.2400054932
0.0000000000
0.0692596436
0.2077789307
-0.6233367920
0.0692596436
0.3462982178
-0.4848175049
-0.2077789307
0.2214050293
0.8487396240
-0.1845092773
-0.0368957520
-0.3321075439
-0.0738067627
0.1845092773
-0.0368957520
-0.4930877686
0.4930877686
0.0000000000
0.1972351074
0.1972351074
0.1972351074
-0.0986175537
-0.1972351074
-0.0802307129
-0.1203460693
-0.7220611572
-0.2406921387
0.2406921387
-0.2406921387
0.0000000000
0.4813690186
-0.1247863770
-0.2495727539
-0.1247863770
0.1247863770
0.3743438721
-0.1247863770
0.0000000000
-0.1247863770
-0.0337982178
-0.0337982178
-0.0168914795
0.9799499512
-0.1351623535
-0.0675811768
0.0506896973
0.0506896973
-0.0317993164
0.9699554443
-0.1431121826
-0.0954132080
0.0954132080
0.0794982910
-0.0317993164
-0.0635986328
0.3081970215
-0.4741516113
0.0237121582
0.0948333740
0.6638183594
-0.2370758057
0.3319091797
-0.2133789062
-0.1249389648
0.1249389648
-0.2498626709
-0.1249389648
0.0000000000
0.2498626709
0.0000000000
0.2498626709
0.9605560303
0.0200042725
0.0400238037
-0.0800476074
-0.1400756836
-0.0600280762
0.0200042725
-0.1800994873
0.1178436279
0.0000000000
0.0000000000
-0.1178436279
-0.2357025146
0.1178436279
0.0000000000
0.1178436279
-0.1029205322
0.0000000000
0.2058258057
0.0000000000
0.0000000000
-0.7204132080
-0.2058258057
0.0000000000
0.0906982422
0.9673767090
0.0302276611
-0.0302276611
0.0000000000
0.1511535645
0.0302276611
0.0302276611
-0.0661468506
-0.1653594971
0.5952911377
-0.6614379883
-0.1984252930
-0.2645721436
0.1653594971
0.0661468506
0.2210693359
0.0884246826
-0.0884246826
-0.5305786133
-0.7074279785
0.1326446533
0.0442199707
-0.2652893066
-0.2848815918
0.3703460693
0.1709289551
-0.0284881592
-0.3703460693
-0.5697479248
0.5127716064
-0.0284881592
0.1759948730
0.4839935303
0.1759948730
-0.0440063477
-0.6600036621
0.1759948730
0.2200012207
0.3520050049
0.1664733887
0.0832366943
0.5826721191
-0.2497100830
-0.4994354248
0.2497100830
-0.0832366943
-0.0832366943
-0.6358642578
-0.3815155029
0.3815155029
-0.0847778320
-0.2543487549
-0.3815155029
0.1695709229
0.0000000000
0.1128234863
-0.0644683838
0.9026336670
0.3062438965
-0.0805969238
-0.0967102051
-0.2095336914
-0.0805969238
-0.1202545166
0.0000000000
-0.2405242920
-0.2405242920
-0.3607788086
0.0000000000
0.1202545166
-0.3607788086
-0.2035980225
-0.0339355469
0.0848236084
0.0339355469
0.0339355469
0.0339355469
-0.9501037598
-0.1866302490
-0.3424682617
0.1141510010
-0.1141510010
-0.3424682617
0.3424682617
-0.1141510010
-0.2283172607
0.2283172607
0.3280639648
0.7873535156
-0.1312255859
-0.0656127930
-0.2624511719
-0.1312255859
-0.0656127930
0.1312255859
-0.1247863770
0.0000000000
-0.1247863770
-0.1247863770
0.1247863770
0.3743438721
0.2495727539
-0.1247863770
0.1475067139
-0.0491638184
-0.2458343506
-0.2949981689
0.3441619873
-0.4425048828
-0.2949981689
0.5899963379
0.2408752441
0.4014587402
0.0000000000
0.3211669922
0.0802917480
0.4014587402
-0.4817504883
-0.2408752441
0.2002868652
-0.0667572021
0.5341186523
-0.5341186523
-0.1335296631
0.4005889893
-0.2002868652
0.1335296631
-0.2142791748
0.3214111328
-0.3214111328
-0.1071319580
-0.5356903076
0.0000000000
0.1071319580
0.1071319580
0.0000000000
-0.1756134033
0.0000000000
-0.5268554688
0.0878143311
0.2634277344
0.2634277344
-0.5268554688
-0.3953552246
-0.0988311768
0.4941864014
-0.4612426758
-0.2306213379
0.0988311768
-0.0329437256
-0.5271301270
0.2456817627
0.0000000000
-0.1228332520
0.0000000000
0.1228332520
0.1228332520
-0.2456817627
0.0000000000
0.0000000000
-0.0681304932
-0.0681304932
-0.6132202148
-0.2725372314
0.0681304932
-0.6132202148
0.0681304932
0.3553924561
0.5923309326
-0.3553924561
0.0592346191
-0.4146270752
-0.1184692383
0.2961730957
-0.0592346191
-0.4352722168
0.3264617920
0.1088256836
0.0000000000
0.2176361084
0.1088256836
0.0000000000
-0.4352722168
0.0537719727
-0.1075439453
-0.5915222168
-0.3226470947
0.0537719727
-0.3764190674
0.0537719727
0.5377502441
0.0000000000
0.1825714111
0.0000000000
0.3651275635
0.7302551270
0.0000000000
0.0912780762
0.0000000000
-0.1341400146
0.0000000000
-0.1341400146
0.9389343262
-0.2012023926
-0.0670623779
0.0000000000
0.0335388184
-0.0547485352
0.9718627930
-0.1368865967
-0.0684356689
0.1095123291
0.0684356689
-0.0684356689
-0.0410614014
0.2823638916
-0.4000091553
0.0235290527
0.1882476807
0.5411987305
-0.4000091553
0.4000091553
-0.3058929443
0.1199951172
0.2400054932
-0.1199951172
0.0000000000
0.1199951172
0.1199951172
0.0000000000
-0.1199951172
0.9499206543
-0.0220947266
0.1104583740
0.0441894531
-0.1767272949
0.0220947266
0.0662689209
-0.1767272949
0.2357025146
0.1178436279
0.0000000000
0.0000000000
0.0000000000
0.1178436279
0.1178436279
-0.1178436279
0.0000000000
0.1216278076
0.1216278076
0.1216278076
0.1216278076
-0.1216278076
-0.2432556152
-0.1216278076
-0.0469360352
0.9858093262
0.0234680176
0.0000000000
-0.0469360352
0.0704193115
0.0234680176
0.0000000000
0.0800323486
-0.2401123047
0.4802398682
0.2401123047
-0.2401123047
-0.2401123047
0.5602722168
0.0000000000
0.2475280762
0.1237640381
0.0618896484
-0.3094177246
-0.8044891357
0.0000000000
0.1237640381
-0.1856536865
-0.3741607666
0.3117980957
0.0623626709
-0.4988861084
-0.0623626709
-0.3117980957
0.3741607666
0.3741607666
0.1217041016
0.6084899902
0.2433929443
-0.1217041016
-0.3650970459
0.4867858887
0.1217041016
0.1825408936
0.2991638184
0.0747985840
0.5983428955
-0.1495819092
-0.5235443115
-0.0747985840
-0.0747985840
-0.2243804932
0.5401306152
-0.4726104736
0.3375854492
0.0675201416
-0.4050903320
-0.2025451660
-0.0675201416
0.0675201416
-0.0253295898
-0.0253295898
0.9117126465
0.3545532227
0.0253295898
-0.1013031006
-0.1013031006
0.0000000000
0.1229705811
0.0000000000
-0.1229705811
-0.1229705811
-0.4918823242
0.0000000000
0.0000000000
-0.2459411621
-0.1617126465
0.0485076904
0.1293640137
0.0161743164
0.0000000000
0.0646820068
-0.9540863037
-0.1778869629
-0.0697631836
-0.0697631836
-0.7673645020
-0.1395263672
0.0697631836
0.4185638428
-0.1395263672
-0.1395263672
0.2055206299
0.8563232422
-0.3767852783
0.1027526855
0.0000000000
0.0685119629
-0.1027526855
-0.1370086670
0.1237182617
0.0000000000
-0.1237182617
-0.1237182617
0.0000000000
0.2474365234
0.2474365234
-0.1237182617
0.1049804688
0.2099609375
-0.2099609375
-0.3149414062
0.2099609375
0.0000000000
-0.4199066162
0.4199066162
0.2855072021
-0.0951690674
-0.2855072021
0.1903381348
0.0951690674
0.4758453369
-0.4758453369
0.0951690674
0.1314849854
0.0000000000
0.6574554443
-0.6574554443
-0.0876617432
0.1753234863
-0.1314849854
0.0000000000
0.0000000000
0.0000000000
-0.1178436279
0.1178436279
-0.1178436279
0.0000000000
0.1178436279
0.2357025146
0.0000000000
0.1855621338
0.3711395264
-0.3711395264
-0.3711395264
-0.1855621338
0.2783508301
-0.3711395264
-0.1861724854
-0.0930938721
0.8377990723
-0.2327270508
-0.1396331787
-0.0465393066
-0.0465393066
-0.3258056641
0.0000000000
0.0000000000
-0.1113433838
0.1113433838
-0.1113433838
0.1113433838
0.1113433838
-0.1113433838
-0.1467742920
0.0733795166
0.0733795166
-0.8072509766
-0.1467742920
-0.1467742920
-0.2935485840
0.0733795166
0.3720092773
0.7440185547
-0.3100128174
0.1240081787
-0.1860046387
0.1240081787
-0.0619964600
-0.1240081787
-0.3748016357
0.1249389648
0.1249389648
-0.1249389648
0.1249389648
0.0000000000
0.1249389648
-0.1249389648
0.0891571045
-0.2674560547
-0.6240692139
-0.0891571045
-0.0891571045
-0.0891571045
0.1782989502
0.4457702637
0.0000000000
0.4685668945
0.0000000000
0.3904724121
0.6247558594
0.1561889648
0.0000000000
0.0780944824
-0.4799957275
0.2879943848
-0.1920013428
0.4799957275
-0.1920013428
-0.1920013428
0.0959930420
-0.0959930420
0.0000000000
0.9844970703
-0.1284179688
-0.0142669678
0.0285339355
0.0570678711
-0.0570678711
-0.0142669678
0.3067016602
-0.4600524902
-0.1150054932
0.2683563232
0.4217071533
-0.2300262451
0.4600524902
-0.3450317383
0.2320098877
0.3480072021
-0.2320098877
-0.2320098877
0.2320098877
0.1159973145
0.0000000000
-0.3480072021
0.8118743896
-0.1353149414
0.0451049805
0.0000000000
-0.2706298828
0.0000000000
0.2255249023
-0.3608245850
0.1178436279
0.2357025146
0.1178436279
0.0000000000
0.0000000000
0.0000000000
0.1178436279
-0.1178436279
0.1216278076
-0.1216278076
0.1216278076
0.1216278076
0.1216278076
0.0000000000
-0.2432556152
-0.1216278076
-0.0209808350
0.9857940674
0.0000000000
0.0629272461
-0.0419464111
0.0629272461
0.0000000000
0.0629272461
0.3708953857
-0.4450836182
-0.1483612061
0.5192565918
-0.0741729736
-0.0741729736
0.2967224121
0.2967224121
0.0000000000
0.0947570801
0.1895141602
0.0000000000
-0.5685577393
-0.4738006592
0.2842712402
0.0947570801
-0.2658843994
0.2658843994
0.1994171143
-0.5982360840
0.0664672852
-0.3323516846
0.1994171143
0.3988189697
-0.0749969482
0.5249938965
0.3000030518
-0.1499938965
-0.2250061035
0.6000061035
0.0000000000
0.0749969482
0.2089080811
0.2089080811
0.4178161621
-0.1044464111
-0.5222625732
-0.1044464111
-0.2089080811
0.0000000000
0.7339630127
-0.3425140381
0.2935943604
-0.1467895508
0.1467895508
-0.1957244873
0.2446594238
0.1957244873
-0.0656127930
0.1968383789
0.7873535156
0.2624511719
0.2624511719
-0.1968383789
-0.1312255859
0.0000000000
0.1199951172
0.0000000000
-0.1199951172
-0.1199951172
-0.2400054932
0.0000000000
-0.1199951172
0.1199951172
-0.0523376465
0.0000000000
0.1221313477
0.0000000000
-0.0872344971
0.0523376465
-0.9770507812
-0.0872344971
-0.0941162109
0.0470581055
-0.7528991699
0.0000000000
-0.0470581055
0.5646820068
-0.0941162109
-0.1411743164
0.1143493652
0.6860656738
-0.5145416260
0.2286834717
0.0571746826
0.0571746826
-0.0571746826
-0.2858581543
0.0000000000
0.0000000000
0.0000000000
0.0000000000
0.0000000000
0.0785675049
0.0000000000
-0.0785675049
0.0000000000
0.3572082520
0.1190643311
-0.2381439209
0.0000000000
0.4762878418
0.0000000000
0.0000000000
0.1920013428
0.0000000000
-0.7680053711
0.0000000000
0.0000000000
-0.1920013428
0.0000000000
0.0959930420
0.1528930664
0.0764465332
0.5733795166
-0.6880493164
-0.1146697998
-0.1146697998
-0.3058013916
0.0382232666
0.0000000000
0.0000000000
-0.2226867676
0.0000000000
0.1113433838
0.0000000000
0.0000000000
0.1113433838
-0.3538970947
0.3538970947
0.4423675537
0.0884704590
-0.0884704590
-0.2654266357
0.2654266357
-0.3538970947
0.0489349365
-0.0978698730
0.9296875000
-0.1957244873
-0.0489349365
-0.0489349365
0.0000000000
-0.0489349365
0.0000000000
0.0000000000
0.0000000000
0.0911560059
0.0000000000
0.0000000000
0.0911560059
-0.0911560059
-0.1947631836
-0.0649261475
0.2596893311
-0.8439941406
0.0000000000
0.0000000000
-0.1947631836
0.0000000000
0.2744445801
0.8233337402
-0.1372222900
0.2058258057
-0.0686035156
0.0000000000
-0.0686035156
-0.1372222900
-0.3736267090
0.0000000000
-0.2490844727
-0.1245422363
0.0000000000
0.2490844727
-0.1245422363
0.0000000000
0.1561889648
-0.3123779297
-0.4685668945
0.0780944824
0.0780944824
-0.1561889648
-0.1561889648
0.6247558594
0.1202545166
0.4810485840
-0.1202545166
0.2405242920
0.1202545166
0.2405242920
0.0000000000
0.1202545166
-0.2514190674
0.1676177979
-0.2514190674
0.7542877197
0.0000000000
0.0000000000
0.1676177979
0.0838165283
0.0000000000
0.9912414551
-0.0650024414
0.0487518311
-0.0325012207
0.0325012207
0.0000000000
0.0162506104
0.3107757568
-0.5697479248
-0.1553802490
0.2589721680
0.3625640869
0.0000000000
0.3107757568
-0.4143676758
0.1963348389
0.6871795654
0.0000000000
-0.0981750488
0.0981750488
0.2945098877
0.0000000000
-0.1963348389
0.6976013184
-0.1395263672
0.0000000000
-0.0697631836
-0.2092742920
0.0000000000
0.2092742920
-0.4883270264
