0.1245422363
0.0000000000
-0.2490844727
0.0000000000
0.1245422363
0.3736267090
0.2490844727
0.0000000000
0.5567321777
-0.4175567627
0.1391906738
-0.2087707520
-0.0695953369
-0.2087707520
-0.0695953369
-0.4871520996
0.0312042236
0.9909515381
-0.0702209473
-0.0234069824
-0.0077972412
0.0858306885
-0.0468139648
0.0000000000
0.1369171143
0.2151489258
-0.5671997070
0.7432250977
0.1760253906
0.1173553467
0.0586700439
0.0195617676
0.1806182861
-0.1444854736
0.0722503662
-0.1806182861
-0.7947082520
0.1444854736
-0.3612365723
-0.2889862061
0.0374145508
0.1122283936
0.0748138428
-0.0187072754
-0.2431640625
-0.9352569580
-0.1496429443
0.1122283936
0.3226928711
0.2765808105
0.2304840088
-0.1382904053
-0.6453704834
0.5070800781
-0.0460968018
-0.0460968018
-0.2178497314
0.0000000000
-0.1452331543
0.7261657715
0.2178497314
0.0000000000
0.3630828857
0.2178497314
0.9636230469
0.0250244141
0.0625762939
-0.1251525879
0.0375366211
-0.0750885010
0.0625762939
0.1877136230
-0.2714538574
-0.1187591553
0.8482971191
0.3902130127
0.0339355469
0.1357269287
0.0339355469
0.1017913818
-0.2344818115
-0.4689788818
0.2931060791
0.1758728027
0.1172485352
0.5862121582
-0.3517303467
0.1172485352
0.0000000000
0.1239624023
0.1593780518
0.1239624023
0.0177154541
0.1062469482
-0.9562225342
-0.0885467529
0.4089202881
-0.1022338867
0.6133880615
-0.0511169434
0.4600372314
0.2044677734
-0.1022338867
-0.3066864014
-0.0488891602
0.9615325928
-0.1466674805
0.1303710938
-0.0325927734
-0.0488891602
-0.1466674805
0.0325927734
0.2068481445
-0.1034240723
-0.1034240723
-0.1034240723
0.0000000000
0.0000000000
-0.1034240723
-0.7239532471
-0.0509185791
0.1527557373
-0.0509185791
0.4582519531
-0.3054962158
0.2545776367
0.7128295898
-0.1018371582
0.1704864502
0.2131042480
0.8097991943
-0.0426177979
0.1704864502
0.2131042480
-0.2983398438
-0.2131042480
-0.0559387207
0.0000000000
0.3356323242
-0.5780487061
-0.2424011230
-0.6712799072
-0.1118774414
-0.1305236816
0.1135406494
-0.1135406494
0.4541778564
-0.1135406494
0.1135406494
0.3406372070
-0.3406372070
0.1135406494
0.7654113770
-0.0546722412
0.1913604736
0.0273437500
-0.2460327148
-0.1366882324
-0.5193939209
-0.0273437500
0.0307617188
0.0461578369
0.9692230225
-0.0769195557
-0.0769195557
0.0615386963
0.1384582520
0.1230773926
-0.2357025146
0.0000000000
0.1178436279
0.0000000000
0.1178436279
0.1178436279
0.0000000000
-0.1178436279
0.0724945068
-0.0483398438
-0.0483398438
-0.9666900635
0.0241699219
0.0241699219
-0.1208343506
0.1450042725
-0.0720825195
0.8649902344
0.3604125977
-0.1681976318
-0.0240325928
0.2402801514
-0.0480499268
0.0961151123
-0.2898559570
0.4058074951
-0.1739196777
0.3768157959
0.2318878174
-0.3768157959
0.5217437744
0.2898559570
-0.2840118408
-0.7303314209
0.1622924805
-0.2434387207
-0.1622924805
0.4057312012
-0.2028656006
-0.1217193604
-0.0346069336
-0.6228027344
0.3459930420
-0.3459930420
0.4151916504
0.1730041504
-0.1038055420
-0.3459930420
-0.1011810303
0.0224914551
0.0562133789
0.9893188477
-0.0337219238
0.0000000000
-0.0112457275
-0.0449676514
-0.0870513916
0.9576263428
-0.0435333252
0.1160736084
0.0580444336
-0.1596069336
-0.1450958252
-0.0580444336
-0.2471313477
-0.4118804932
0.4530639648
0.0411834717
-0.2883148193
0.6178283691
0.1647491455
0.1235656738
0.2831726074
-0.7787017822
0.1415863037
-0.1415863037
-0.1415863037
-0.1415863037
0.1415863037
-0.2123718262
0.9423980713
-0.0209350586
0.0628204346
0.0000000000
0.0000000000
0.0837707520
-0.0209350586
-0.2931976318
0.1234283447
0.0000000000
-0.2468566895
0.0000000000
-0.2468566895
0.3703002930
0.2468566895
0.0000000000
0.5191192627
-0.5191192627
0.0000000000
-0.2595672607
0.0000000000
-0.0865173340
0.0865173340
-0.3460845947
0.0078125000
0.9917907715
-0.0702819824
-0.0390472412
-0.0156250000
0.0780944824
-0.0390472412
0.0000000000
0.0636138916
0.2968597412
-0.5725097656
0.7209472656
0.1484222412
0.1484222412
0.0000000000
0.0424041748
0.0000000000
-0.1102600098
0.1470031738
0.0367584229
-0.7350311279
0.0367584229
-0.5880279541
-0.1837615967
0.0230255127
0.0230255127
0.0690917969
-0.1151580811
-0.3224487305
-0.8982391357
-0.1842498779
0.1381835938
0.2835998535
0.2835998535
0.4253845215
-0.2835998535
-0.5199279785
0.4726562500
-0.0945281982
-0.0472717285
-0.1726379395
0.0000000000
-0.4603881836
0.5179290771
0.4603881836
-0.0575408936
0.2877349854
0.2877349854
0.9669799805
0.0000000000
0.1179199219
-0.0825500488
0.0471649170
-0.0825500488
0.0589599609
0.1651000977
-0.2342071533
-0.0836486816
0.8866577148
0.3178558350
-0.0334625244
0.1505584717
0.1171112061
0.0669097900
-0.2178955078
-0.4358062744
0.2614898682
0.3486480713
0.1743164062
0.5229644775
-0.4358062744
0.1307373047
0.0902862549
0.1354217529
0.0902862549
0.0225677490
0.0677032471
0.0000000000
-0.9704895020
0.0451354980
0.4791564941
-0.2053527832
0.5476074219
-0.2053527832
0.3422546387
0.2738037109
0.1369018555
-0.1369018555
-0.0619964600
0.9765319824
-0.0930023193
0.0619964600
-0.0465087891
-0.0619964600
-0.1240081787
-0.0310058594
0.0000000000
-0.1213989258
0.0000000000
0.0000000000
0.1213989258
0.2428131104
-0.2428131104
-0.4856262207
0.0000000000
0.0512542725
-0.0512542725
0.3074951172
-0.2562408447
0.2562408447
0.8199920654
-0.1024932861
0.2894592285
0.1447296143
0.8201446533
-0.1447296143
0.1447296143
0.1929779053
-0.2412261963
-0.0964813232
-0.1560211182
0.0390014648
0.2925415039
-0.6631011963
-0.2730407715
-0.5850830078
-0.1170196533
-0.0780181885
0.3316650391
0.0000000000
0.3316650391
-0.2211151123
0.1105499268
0.4422149658
-0.1105499268
-0.2211151123
0.8480834961
-0.0242309570
0.1453857422
0.1938476562
-0.1938476562
-0.0969238281
-0.3876953125
-0.0726928711
0.0863189697
0.0575408936
0.9638519287
-0.0431518555
-0.0575408936
0.0143890381
0.1870117188
0.1150817871
-0.3748016357
-0.1249389648
0.1249389648
0.0000000000
0.0000000000
0.2498626709
0.0000000000
0.0000000000
0.0634613037
0.0422973633
0.0211486816
-0.9729919434
0.0846099854
0.0422973633
-0.1480560303
0.0422973633
-0.1358032227
0.8600616455
0.3394927979
-0.2489624023
-0.0679016113
0.1584320068
0.0000000000
0.1358032227
-0.3397369385
0.4181365967
-0.1306762695
0.3135986328
0.2874755859
-0.3658752441
0.5226745605
0.2874755859
-0.3940734863
-0.6239471436
0.3283996582
-0.1313629150
-0.2298736572
0.4597473145
-0.1641998291
-0.0656738281
-0.1272888184
-0.5940093994
0.3394317627
-0.3394317627
0.4667205811
0.0424346924
-0.0848541260
-0.3394317627
-0.0850524902
0.0189056396
0.0283508301
0.9923248291
0.0189056396
0.0094451904
0.0189056396
-0.0567016602
-0.0485534668
0.9711456299
-0.0485534668
0.1132965088
0.0323791504
-0.1132965088
-0.1132965088
-0.0647430420
-0.2272033691
-0.3408050537
0.4165344238
-0.0378723145
-0.2272033691
0.7194824219
0.0757293701
0.1893310547
0.2219238281
-0.8876953125
0.0554809570
-0.0554809570
-0.1109619141
-0.1664428711
0.0554809570
-0.1109619141
0.9490356445
0.0197753906
0.0593109131
0.0790863037
0.0000000000
0.1186218262
-0.0790863037
-0.2372589111
0.1178436279
0.1178436279
-0.1178436279
0.0000000000
-0.1178436279
0.2357025146
0.0000000000
0.0000000000
0.4493408203
-0.3370056152
-0.1123352051
-0.3370056152
0.1123352051
0.1123352051
0.2246704102
0.0000000000
0.0000000000
0.9942779541
-0.0469665527
-0.0548095703
-0.0313110352
0.0548095703
-0.0156555176
0.0000000000
-0.0488433838
0.3175354004
-0.5373535156
0.7327575684
0.1709747314
0.1465454102
-0.0244293213
-0.0244293213
-0.0803680420
-0.0535888672
0.1875457764
0.1071624756
-0.7233734131
-0.0803680420
-0.6161956787
-0.1071624756
0.0324707031
-0.0974273682
0.0324707031
-0.1298980713
-0.5845336914
-0.7469024658
-0.1948394775
0.0000000000
-0.0546417236
0.3278961182
0.5464782715
-0.3825378418
-0.4371795654
0.3278961182
-0.2185974121
0.0000000000
-0.0488128662
0.0000000000
-0.7810363770
0.1952514648
0.4881439209
0.0488128662
0.1464385986
0.0976257324
0.9618682861
-0.0109252930
0.1639556885
-0.0655822754
0.0655822754
-0.0874481201
0.0655822754
0.1530303955
-0.1666259766
-0.0151519775
0.9240264893
0.2272186279
-0.0908813477
0.1666259766
0.1514739990
-0.0151519775
-0.2488403320
-0.3199310303
0.2843933105
0.4621276855
0.3199310303
0.4621276855
-0.3910369873
0.1777343750
0.0942687988
0.0471343994
0.0000000000
-0.0942687988
0.0471343994
-0.0942687988
-0.9741058350
0.1099853516
0.1566619873
-0.3133239746
-0.0783233643
-0.3916473389
-0.2349853516
0.5483093262
0.3916473389
0.0000000000
-0.0550994873
0.9917144775
-0.0275421143
0.0000000000
0.0137786865
0.0000000000
-0.0688629150
-0.0413208008
-0.1250000000
-0.1250000000
0.0000000000
0.0000000000
0.0000000000
0.3750000000
-0.2500000000
-0.1250000000
0.0000000000
-0.1519622803
-0.1519622803
0.2026214600
-0.2026214600
0.1519622803
0.8611450195
-0.1519622803
0.2509002686
0.1254577637
0.8154449463
-0.3136291504
0.1254577637
-0.0627288818
0.0627288818
-0.0627288818
-0.2153778076
0.0239257812
0.2153778076
-0.7418518066
-0.2871704102
-0.5025482178
0.0239257812
-0.0478668213
0.2468566895
0.0000000000
0.1234283447
-0.3703002930
0.0000000000
0.2468566895
0.0000000000
-0.2468566895
0.8324127197
0.0624237061
0.1040496826
0.2497253418
-0.1664886475
-0.1040496826
-0.3954010010
-0.1456756592
0.0730438232
0.0608825684
0.9740142822
-0.0121765137
-0.0121765137
-0.0121765137
0.1826324463
0.0608825684
-0.2357025146
-0.1178436279
0.1178436279
0.0000000000
0.0000000000
0.1178436279
-0.1178436279
0.0000000000
0.0000000000
0.0000000000
0.1182250977
-0.9795227051
0.0337829590
0.0337829590
-0.1182250977
0.0337829590
-0.1240539551
0.8684082031
0.2481231689
-0.3101501465
-0.1447296143
0.0413513184
0.0413513184
0.1860809326
-0.4137878418
0.4396514893
-0.1293029785
0.2844696045
0.2844696045
-0.3361968994
0.4913635254
0.2844696045
-0.3896331787
-0.5095062256
0.5994262695
-0.0599365234
-0.1498565674
0.3896331787
-0.1198883057
-0.0899200439
-0.4068145752
-0.5085144043
0.3559570312
0.0000000000
0.5085144043
-0.2033996582
0.0000000000
-0.2542572021
-0.0679779053
0.0254974365
0.0169982910
0.9942474365
0.0424957275
0.0000000000
0.0254974365
-0.0339965820
-0.0169219971
0.9814910889
-0.0676879883
0.1353759766
-0.0169219971
-0.0338439941
-0.0507659912
-0.0169219971
0.0000000000
-0.1800689697
0.6002349854
-0.1200408936
-0.1500549316
0.7202758789
0.0000000000
0.1500549316
0.1712646484
-0.9419403076
-0.0428161621
0.0000000000
-0.0428161621
-0.1284484863
-0.0428161621
0.0428161621
0.9044799805
0.0000000000
0.1256256104
0.1507415771
-0.1004943848
0.1758728027
-0.0753784180
-0.2763671875
0.0000000000
0.1150360107
0.0000000000
-0.1150360107
0.0000000000
0.2300720215
-0.1150360107
0.0000000000
0.2459411621
0.0000000000
0.0000000000
-0.2459411621
0.1229705811
0.3689117432
0.1229705811
0.2459411621
0.0000000000
0.9960174561
-0.0078430176
-0.0549011230
-0.0392150879
0.0235290527
0.0235290527
-0.0156860352
-0.0886688232
0.2660064697
-0.3768310547
0.8201751709
0.2438354492
0.0000000000
0.0000000000
-0.1773376465
-0.0452728271
-0.0226440430
0.2263946533
0.0679168701
-0.8150024414
0.0000000000
-0.4980621338
-0.1131896973
0.2918548584
-0.3891296387
-0.0486450195
-0.0972900391
-0.6809844971
-0.3404846191
-0.0972900391
-0.2918548584
-0.3708953857
0.1483612061
0.5934448242
-0.4450836182
-0.0741729736
0.2225341797
-0.2225341797
0.0000000000
0.1588287354
-0.1058807373
-0.7941131592
0.2117614746
0.3705902100
0.1058807373
0.0529479980
-0.2117614746
0.9649200439
-0.0098419189
0.1476898193
-0.0590820312
0.0590820312
-0.0984649658
0.0492248535
0.1575317383
-0.1101837158
0.0137786865
0.9227447510
0.1928100586
-0.1377258301
0.1928100586
0.1790466309
-0.0688629150
-0.3002471924
-0.2402038574
0.3002471924
0.4804077148
0.4503784180
0.4203491211
-0.3002471924
0.1801452637
0.0622406006
0.0415039062
0.0103759766
-0.0829925537
0.0000000000
-0.0933685303
-0.9855804443
0.0622406006
-0.1089782715
-0.3269195557
-0.5993499756
-0.2724304199
-0.3814086914
0.4358825684
0.1089782715
-0.0544891357
-0.0419769287
0.9935150146
0.0139923096
-0.0419769287
0.0139923096
0.0419769287
-0.0279846191
-0.0139923096
-0.1237182617
-0.1237182617
0.0000000000
0.1237182617
0.0000000000
0.2474365234
-0.1237182617
-0.2474365234
0.0000000000
-0.2344818115
-0.1758728027
0.1172485352
-0.2344818115
0.0586242676
0.8207092285
-0.2344818115
0.1998596191
0.1998596191
0.6661682129
-0.3997039795
0.1998596191
-0.1998443604
0.2664642334
-0.1332397461
-0.2199096680
-0.0314178467
0.1570739746
-0.7853851318
-0.1884918213
-0.3769836426
0.3141479492
-0.0314178467
0.1237182617
0.0000000000
0.1237182617
-0.3711547852
0.0000000000
-0.1237182617
0.0000000000
0.0000000000
0.7566680908
0.0613555908
0.1022491455
0.2658538818
-0.1431579590
-0.1636047363
-0.5112609863
-0.1431579590
0.0695343018
0.0596008301
0.9833374023
0.0000000000
0.0298004150
-0.0298004150
0.1390533447
0.0198669434
-0.1178436279
0.0000000000
0.2357025146
0.1178436279
0.0000000000
0.1178436279
-0.1178436279
0.0000000000
-0.0136260986
-0.0408935547
0.1363067627
-0.9814300537
0.0000000000
0.0272674561
-0.0545196533
0.0817871094
-0.1615600586
0.8683624268
0.1817474365
-0.3433074951
-0.1211700439
0.0000000000
0.0201873779
0.2019500732
-0.4655914307
0.4655914307
-0.0821685791
0.2738800049
0.2738800049
-0.3286437988
0.4655914307
0.2464904785
-0.3678131104
-0.3678131104
0.7356262207
-0.0490417480
-0.0735626221
0.3432922363
-0.1471252441
-0.1471252441
-0.5486602783
-0.3657684326
0.2438507080
0.3048095703
0.2438507080
-0.3657684326
-0.0609588623
-0.3048095703
-0.0574951172
0.0492858887
0.0246429443
0.9939117432
0.0410766602
-0.0328521729
0.0164337158
0.0246429443
0.0000000000
0.9821319580
-0.0415039062
0.1244964600
-0.0829925537
-0.0138397217
0.0138397217
0.0691680908
0.1600036621
-0.0457153320
0.7542724609
-0.0914306641
-0.1600036621
0.5714111328
-0.1142883301
0.1142883301
0.0681457520
-0.9540710449
-0.1022186279
-0.0340728760
-0.0340728760
-0.1703643799
-0.0681457520
0.0340728760
0.6823425293
-0.1795654297
0.3232116699
0.2513885498
-0.3232116699
0.1795654297
0.0000000000
-0.3950500488
0.0000000000
0.2300720215
0.1150360107
-0.1150360107
0.0000000000
0.1150360107
0.0000000000
0.0000000000
0.0000000000
0.3625183105
0.2416839600
-0.1208343506
0.0000000000
0.3625183105
0.0000000000
0.2416839600
0.0000000000
0.9956512451
0.0079040527
-0.0474090576
-0.0474090576
0.0237121582
0.0316009521
-0.0237121582
-0.0995483398
0.1990814209
-0.2787170410
0.8759613037
0.2388916016
0.0597229004
0.0000000000
-0.1791687012
0.0000000000
0.0000000000
0.1740722656
0.0870361328
-0.8703613281
0.0000000000
-0.4351806641
0.0000000000
0.5286712646
-0.5815429688
0.0000000000
-0.2643432617
-0.2643432617
0.1057281494
-0.0528717041
-0.3700714111
-0.5294189453
-0.2352905273
0.3529357910
-0.2352905273
0.5294189453
0.2352905273
-0.0588226318
-0.1764678955
0.3716278076
-0.2123565674
-0.3716278076
0.3185424805
0.0530853271
0.0530853271
-0.0530853271
-0.6901702881
0.9761657715
0.0205535889
0.1027526855
-0.0513763428
0.0513763428
-0.0821990967
0.0000000000
0.1438598633
-0.0855865479
0.0171203613
0.9243164062
0.1711730957
-0.1198120117
0.2053985596
0.1882934570
-0.0855865479
-0.3446655273
-0.1723327637
0.3159332275
0.4882659912
0.5457153320
0.3446655273
-0.2010498047
0.1723327637
0.0318603516
0.0849456787
0.0424652100
-0.0530853271
0.0106201172
-0.0743255615
-0.9874572754
0.0530853271
-0.2507629395
-0.1253814697
-0.7523040771
-0.2089691162
-0.3343505859
0.3761596680
0.0000000000
-0.0417938232
-0.0167999268
0.9911956787
-0.0335998535
-0.0671997070
0.0335998535
0.0335998535
-0.0167999268
0.0000000000
0.0000000000
-0.1178436279
-0.1178436279
0.1178436279
0.0000000000
0.1178436279
0.0000000000
-0.2357025146
-0.0512542725
-0.2050018311
0.0512542725
0.2562408447
-0.4099884033
0.3074951172
0.6662445068
-0.3074951172
0.3354644775
0.3354644775
0.7268371582
-0.2236480713
0.2795562744
0.1118164062
0.0000000000
-0.0559082031
-0.2527618408
-0.0421295166
0.1685028076
-0.7582855225
-0.1263732910
-0.3791351318
0.3370208740
0.0000000000
0.0000000000
0.2494506836
0.2494506836
-0.2494506836
0.0000000000
-0.1247253418
0.0000000000
0.1247253418
0.6880340576
0.0491485596
0.0982971191
0.2702941895
-0.2211456299
-0.1965789795
-0.5651702881
-0.1228637695
0.0285034180
0.0380096436
0.9882354736
0.0095062256
0.0570068359
-0.0665130615
0.0950164795
-0.0380096436
0.0000000000
0.0000000000
0.3748016357
0.0000000000
0.1249389648
0.2498626709
-0.1249389648
0.0000000000
0.0000000000
-0.0521087646
0.0781707764
-0.9901885986
-0.0130310059
0.0130310059
0.0260620117
0.0651397705
-0.1461791992
0.9136199951
0.0730895996
-0.2740783691
-0.1096343994
0.0000000000
-0.0182647705
0.2009887695
-0.4873199463
0.4525146484
-0.0348052979
0.2436676025
0.2088470459
-0.3132781982
0.5221252441
0.2088470459
-0.3152465820
-0.1891479492
0.8196258545
-0.0630493164
-0.0210113525
0.3152465820
-0.1471099854
-0.2311706543
-0.4911651611
-0.0818634033
0.0000000000
0.3274383545
0.0818634033
-0.3274383545
-0.2455902100
-0.4911651611
-0.0238800049
0.0477600098
0.0238800049
0.9951324463
0.0398101807
-0.0318450928
0.0079650879
0.0398101807
0.0275726318
0.9785766602
-0.0137786865
0.0964813232
-0.1240386963
0.0275726318
0.0551300049
0.0827026367
0.1888122559
-0.0236053467
0.7552642822
-0.0472106934
-0.2832183838
0.4956359863
-0.1652069092
0.1416168213
0.0313110352
-0.9392242432
-0.0626068115
-0.1252288818
0.0313110352
-0.2191467285
0.0313110352
-0.1252288818
0.5950775146
-0.3825531006
0.3825531006
0.1700286865
-0.3825531006
-0.0425109863
-0.0425109863
-0.3400421143
0.0000000000
0.0000000000
0.0911560059
0.0000000000
0.0000000000
0.0911560059
0.0911560059
0.0000000000
-0.1178436279
0.2357025146
0.1178436279
-0.1178436279
0.0000000000
0.5892486572
0.0000000000
0.0000000000
0.0185699463
0.9934692383
0.0278472900
-0.0557098389
-0.0371398926
0.0557098389
0.0278472900
-0.0278472900
-0.0698699951
0.1397247314
-0.3143920898
0.9082183838
0.1222686768
0.1047973633
0.0349273682
-0.1222534180
-0.0238342285
0.0476684570
0.2145233154
0.0715026855
-0.8580780029
-0.0715026855
-0.4290466309
0.0476684570
0.5378112793
-0.4183044434
0.0597534180
-0.2987823486
0.2987823486
0.0597534180
0.0597534180
-0.4780578613
-0.2379608154
-0.3399505615
0.0339965820
-0.1019897461
0.7818908691
0.3399505615
-0.1019897461
-0.2039642334
0.3831024170
-0.2189178467
-0.3283843994
0.2736511230
-0.0547332764
0.0547332764
-0.1094665527
-0.7114868164
0.9834747314
0.0468292236
0.0702514648
-0.0468292236
0.0936584473
-0.0585479736
-0.0117034912
0.0819549561
-0.0869598389
0.0434722900
0.9130096436
0.1956481934
-0.1086883545
0.1739044189
0.2391204834
-0.0652160645
-0.2650146484
-0.0662536621
0.3312683105
0.4968872070
0.5962677002
0.3643951416
-0.1325073242
0.1656341553
-0.0216979980
0.0976257324
0.0976257324
-0.0108489990
-0.0108489990
-0.0325469971
-0.9870910645
0.0325469971
-0.1942291260
0.0647430420
-0.8416595459
-0.1942291260
-0.1618499756
0.3884582520
0.0000000000
-0.0323638916
0.0000000000
0.9828948975
-0.1034698486
-0.0689697266
0.0862121582
0.0172424316
0.0344848633
0.0000000000
0.1064758301
0.0000000000
-0.1064758301
0.0000000000
0.1064758301
0.0000000000
0.1064758301
-0.1064758301
-0.0398254395
-0.2389678955
0.1194763184
0.1991424561
-0.3584442139
0.4380950928
0.6770629883
-0.2389678955
0.4299163818
0.3070831299
0.5527648926
-0.1842498779
0.4299163818
0.1842498779
-0.0614166260
-0.1842498779
-0.2129516602
-0.0532379150
0.1597137451
-0.7453613281
-0.1597137451
-0.4259185791
0.2129516602
-0.1597137451
-0.1237182617
0.2474365234
0.2474365234
-0.1237182617
0.1237182617
0.0000000000
0.0000000000
0.1237182617
0.6788482666
0.0617065430
0.0617065430
0.2160034180
-0.3085632324
-0.2160034180
-0.5554199219
-0.0617065430
0.0102539062
0.0205230713
0.9850463867
0.0000000000
0.0923461914
-0.0820922852
0.0820922852
-0.0615692139
0.1243286133
-0.1243286133
0.2486572266
0.1243286133
0.1243286133
0.2486572266
-0.1243286133
0.0000000000
0.0000000000
-0.0381011963
0.0634918213
-0.9904327393
-0.0507965088
0.0253906250
0.0507965088
0.0507965088
-0.0821533203
0.9694213867
0.0164337158
-0.1643066406
-0.0821533203
-0.0328674316
0.0000000000
0.0985870361
-0.5072021484
0.4057617188
-0.0507202148
0.2028808594
0.1521606445
-0.3043212891
0.5579223633
0.1521606445
-0.3239440918
-0.0647888184
0.8422546387
-0.0431976318
0.0431976318
0.2591552734
-0.1295776367
-0.2807464600
-0.2540588379
0.1693725586
0.0000000000
0.0846862793
0.2540588379
0.2540588379
-0.2540588379
-0.6774902344
-0.0080261230
0.0481109619
0.0240631104
0.9943542480
0.0481109619
-0.0401000977
0.0000000000
0.0481109619
0.0653076172
0.9796600342
-0.0391845703
0.0783691406
-0.1044921875
0.0783691406
0.0391845703
0.0653076172
0.1566467285
-0.0522155762
0.7048950195
-0.0783233643
-0.3654937744
0.5221405029
-0.1566467285
0.1305389404
-0.0349426270
-0.9432678223
0.0000000000
0.0000000000
0.0349426270
-0.2096099854
0.0698699951
-0.1397399902
0.7046813965
-0.4844665527
0.1761779785
0.0000000000
-0.3083038330
-0.0880889893
-0.0440368652
-0.2642517090
-0.1243286133
0.0000000000
0.0000000000
0.1243286133
0.0000000000
0.3729858398
0.1243286133
-0.1243286133
0.5000000000
-0.1000061035
0.1999969482
-0.3000030518
-0.1999969482
-0.1999969482
0.1000061035
-0.3999938965
0.0467987061
0.9905242920
0.0000000000
-0.0779876709
0.0000000000
0.0701904297
0.0390014648
-0.0467987061
-0.0382690430
0.1275939941
-0.4593200684
0.8293151855
0.1020660400
0.0127563477
-0.0510406494
-0.2551727295
0.1643524170
-0.0704345703
-0.0704345703
0.0000000000
-0.9626007080
0.0939178467
-0.0704345703
-0.0704345703
0.0254058838
-0.0762023926
-0.0254058838
0.0254058838
-0.2793884277
-0.9143524170
-0.2031860352
0.1269989014
0.5340270996
-0.2373504639
0.1186676025
-0.3560180664
-0.5340270996
0.2966918945
-0.1186676025
0.1186676025
0.1442260742
-0.0480804443
-0.4326934814
0.3846130371
0.1442260742
0.0961608887
0.2884674072
-0.6730804443
0.9806823730
0.0105438232
0.1159973145
-0.0843658447
0.0000000000
-0.0105438232
0.0210876465
0.1159973145
-0.0801391602
-0.0200347900
0.9316711426
0.3305969238
-0.0200347900
0.0801391602
0.0701293945
0.0300598145
-0.2557067871
-0.1826477051
0.2557067871
0.4383697510
0.3653106689
0.5479583740
-0.3653106689
0.1826477051
0.0101623535
0.0203247070
0.0508117676
-0.0101623535
-0.0101623535
-0.0304870605
-0.9960174561
-0.0203247070
0.4217681885
-0.2108764648
0.0527191162
0.0000000000
0.5272064209
0.4744873047
-0.2108764648
-0.3690490723
-0.0391387939
0.9916992188
-0.0130462646
0.0260925293
0.0130462646
0.0000000000
-0.0652465820
0.0652465820
0.2222900391
-0.2222900391
-0.1111450195
-0.2222900391
0.0000000000
-0.1111450195
0.2222900391
-0.5557098389
0.0000000000
0.0000000000
0.0000000000
0.1904296875
-0.0634765625
0.1904296875
0.8886566162
0.0000000000
0.2448425293
0.1399078369
0.8045043945
-0.1399078369
0.1748962402
0.3497924805
-0.1748962402
0.1748962402
-0.4437713623
-0.0950927734
0.3169860840
-0.7290496826
-0.3486785889
0.0000000000
-0.0634002686
-0.0634002686
0.0000000000
0.0000000000
-0.1199951172
-0.1199951172
0.1199951172
-0.1199951172
-0.1199951172
0.2400054932
0.8994598389
-0.0972442627
-0.0486145020
0.3646392822
0.0000000000
0.0243072510
-0.1458587646
0.0729217529
0.0488739014
-0.0122222900
0.9775695801
-0.0488739014
-0.0244445801
0.0488739014
0.1710815430
0.0488739014
-0.2500000000
0.1250000000
0.0000000000
-0.1250000000
0.1250000000
0.2500000000
-0.1250000000
0.2500000000
-0.0129394531
-0.0517578125
0.0517578125
-0.9832916260
-0.0517578125
-0.0258789062
-0.0905609131
0.1035003662
-0.0437927246
0.9853820801
0.0766448975
-0.0875854492
-0.0109558105
0.0875854492
-0.0437927246
0.0000000000
-0.3037109375
0.4205322266
-0.0233612061
0.3737945557
0.3737945557
-0.3504333496
0.4672546387
0.3037109375
-0.2121887207
-0.2593383789
0.8958740234
-0.0942993164
-0.0942993164
0.0000000000
-0.1178741455
-0.1886138916
0.0446014404
-0.4460754395
0.3568572998
-0.4460754395
0.0892181396
-0.0892181396
-0.0446014404
-0.6245117188
-0.0552673340
0.0184173584
0.0092163086
0.9949340820
0.0368499756
-0.0184173584
-0.0460662842
-0.0092163086
-0.0591888428
0.9864807129
0.0000000000
0.1085052490
-0.0098571777
-0.0197296143
-0.0887756348
-0.0098571777
0.0000000000
-0.1346893311
0.6734161377
-0.1077423096
0.0000000000
0.6464843750
-0.0538787842
0.2693634033
0.0383148193
-0.9577178955
-0.0383148193
-0.0383148193
0.0383148193
-0.1532287598
-0.0766143799
0.0000000000
0.9027862549
0.0000000000
0.0225677490
0.0000000000
-0.2708282471
0.0225677490
0.0902862549
-0.2934112549
-0.2498779297
0.1249389648
0.0000000000
0.0000000000
-0.3748321533
0.1249389648
0.1249389648
-0.1249389648
0.1000061035
0.0000000000
0.0000000000
-0.1000061035
-0.1000061035
0.0000000000
0.0000000000
-0.1000061035
0.0234375000
0.9922790527
0.0000000000
-0.0781250000
0.0078125000
0.0546875000
0.0468750000
-0.0390625000
-0.0828247070
0.1064910889
-0.4496154785
0.8282470703
0.1419830322
0.0709991455
-0.0473327637
-0.2484741211
-0.0764923096
0.0000000000
0.0254974365
0.0254974365
-0.9434051514
0.0254974365
-0.2804718018
-0.0509948730
0.1609802246
-0.2012176514
0.0804901123
0.0000000000
-0.3621978760
-0.8451232910
-0.1207275391
-0.1207275391
0.0815887451
-0.5711517334
0.0000000000
-0.4895629883
-0.4079742432
0.0815887451
-0.1631927490
0.0000000000
0.0481872559
-0.0963745117
-0.5300750732
0.3373107910
0.3373107910
0.0481872559
0.0963745117
-0.6264495850
0.9825592041
0.0225830078
0.1242370605
-0.0790557861
-0.0338745117
-0.0225830078
-0.0451812744
0.0677642822
-0.0916900635
0.0407562256
0.9576873779
0.2139587402
-0.0509338379
0.1120758057
0.0916900635
0.0101928711
-0.3192443848
-0.0870666504
0.2902221680
0.4063110352
0.4353332520
0.5223999023
-0.3482666016
0.1741333008
0.0000000000
0.0122528076
0.0489807129
-0.0367431641
0.0122528076
-0.0857238770
-0.9918670654
0.0000000000
0.3593444824
-0.2874755859
-0.2874755859
-0.0718688965
0.2156066895
0.5749664307
-0.1437377930
-0.3593444824
-0.0377349854
0.9936523438
0.0125732422
0.0251617432
0.0377349854
0.0000000000
-0.0503082275
0.0377349854
0.1216278076
-0.2432556152
0.0000000000
0.0000000000
0.0000000000
-0.2432556152
0.1216278076
0.0000000000
0.0000000000
-0.1512603760
-0.0756378174
0.1512603760
-0.0756378174
0.2268981934
0.8319549561
0.0756378174
0.3960723877
0.2880554199
0.7201232910
-0.1440277100
0.2160339355
0.2520446777
-0.0720062256
0.2520446777
-0.3120117188
-0.1170043945
0.0390014648
-0.8190307617
-0.3900146484
-0.0390014648
0.1170043945
0.0000000000
0.0000000000
0.1178436279
-0.2357025146
-0.1178436279
0.1178436279
-0.1178436279
0.0000000000
0.0000000000
0.9006958008
-0.0400238037
-0.0400238037
0.3202514648
-0.1401062012
-0.0200195312
-0.2201690674
0.0400238037
0.0485229492
-0.0363922119
0.9824829102
-0.0121307373
0.0121307373
-0.0242614746
0.1576843262
0.0242614746
-0.2477111816
-0.1238555908
-0.1238555908
0.0000000000
0.1238555908
0.2477111816
-0.3715667725
0.1238555908
-0.0270996094
-0.0270996094
0.0541992188
-0.9891052246
0.0135498047
-0.0406494141
-0.0812988281
0.0541992188
-0.0518493652
0.9852600098
0.0518493652
-0.1037139893
-0.0207366943
0.0518493652
-0.0622253418
0.0518493652
-0.3553771973
0.4145965576
0.0592346191
0.3257598877
0.3849945068
-0.3257598877
0.5034484863
0.2369079590
-0.2256317139
-0.2030792236
0.9025573730
-0.0902557373
-0.0451202393
0.0225677490
-0.1579437256
-0.2030792236
-0.1687927246
-0.5626220703
0.3938446045
-0.2250518799
-0.2250518799
-0.2813110352
-0.1125183105
-0.4501037598
-0.0379028320
0.0284271240
0.0094757080
0.9947814941
0.0189514160
-0.0473632812
-0.0473632812
0.0189514160
0.0000000000
0.9926300049
-0.0297851562
0.0794067383
-0.0198516846
0.0198516846
-0.0595550537
0.0000000000
0.0693664551
-0.0693664551
0.7168426514
-0.1156158447
-0.0924987793
0.6243438721
-0.1156158447
0.1849975586
0.0396728516
-0.9520874023
-0.0396728516
0.0000000000
0.0000000000
-0.1983489990
0.0000000000
0.0000000000
0.8949890137
0.0263214111
0.0526428223
0.0789642334
-0.2895507812
0.1052856445
0.0526428223
-0.2632293701
-0.2498626709
0.2498626709
0.0000000000
0.0000000000
-0.2498626709
0.1249389648
0.1249389648
-0.1249389648
-0.1249389648
0.1249389648
-0.1249389648
0.0000000000
0.1249389648
0.3748016357
-0.1249389648
0.1249389648
0.0090026855
0.9908752441
0.0180206299
-0.0810699463
0.0270233154
0.0540466309
0.0540466309
-0.0450439453
-0.1159973145
0.0811920166
-0.3943939209
0.8699798584
0.1044006348
0.0928039551
-0.0115966797
-0.2088012695
-0.2058563232
0.1029357910
0.1029357910
0.0257263184
-0.8749084473
0.0000000000
-0.3859863281
0.0000000000
0.3895568848
-0.2782592773
0.1669616699
0.0556488037
-0.3339080811
-0.2782592773
0.0556488037
-0.6678161621
-0.3499298096
-0.6998596191
-0.1749572754
-0.2624511719
0.0874786377
0.0874786377
-0.0874786377
0.0000000000
-0.0547332764
-0.0547332764
-0.6020202637
0.3283843994
0.2189178467
0.0547332764
-0.1094665527
-0.6020202637
0.9802551270
0.0461273193
0.1153259277
-0.0461273193
-0.0576629639
-0.0230712891
-0.1153259277
0.0115356445
-0.0857238770
0.0428619385
0.9751129150
0.1392974854
-0.0428619385
0.0964355469
0.0750122070
-0.0107116699
-0.3224182129
0.0000000000
0.3492889404
0.3492889404
0.5642395020
0.4836425781
-0.2418212891
0.1343383789
-0.0112915039
0.0112915039
0.0338897705
-0.0338897705
0.0000000000
-0.0677947998
-0.9942932129
-0.0112915039
0.2172851562
-0.2172851562
-0.6518402100
-0.2172851562
-0.1448516846
0.4345703125
0.0000000000
-0.2172851562
-0.0367279053
0.9917907715
0.0734710693
0.0122375488
0.0612182617
0.0122375488
-0.0244903564
-0.0122375488
-0.1178436279
-0.1178436279
-0.1178436279
0.1178436279
-0.1178436279
-0.1178436279
0.1178436279
-0.1178436279
0.0000000000
-0.3719177246
-0.0743865967
0.0000000000
0.0000000000
0.0000000000
0.8182067871
0.0000000000
0.4157714844
0.3695678711
0.6929473877
-0.2771759033
0.1847839355
0.0462036133
0.0923919678
0.1385955811
-0.1354522705
-0.1806030273
-0.0903015137
-0.7675476074
-0.2709045410
-0.0903015137
0.4514923096
0.0000000000
0.2474365234
0.0000000000
-0.2474365234
-0.1237182617
0.1237182617
0.0000000000
0.1237182617
-0.1237182617
0.9040985107
0.0521545410
-0.0347747803
0.1564788818
-0.2260284424
-0.0347747803
-0.2955780029
-0.0695495605
0.0232696533
-0.0232543945
0.9886322021
-0.0116271973
0.0465240479
-0.0348968506
0.1163177490
0.0116271973
-0.1113433838
-0.1113433838
0.1113433838
0.1113433838
0.0000000000
0.1113433838
-0.1113433838
0.0000000000
-0.0401000977
-0.0267333984
0.0802001953
-0.9891204834
0.0267333984
-0.0534667969
-0.0534667969
0.0267333984
-0.0449218750
0.9884490967
0.0000000000
-0.0898590088
-0.0449218750
0.0224609375
-0.0561676025
0.0561676025
-0.4034576416
0.4401245117
0.0733489990
0.2200622559
0.3300933838
-0.2934265137
0.5501708984
0.2200622559
-0.1467285156
-0.1222686768
0.9292755127
-0.0978240967
-0.0244598389
-0.0244598389
-0.1467285156
-0.2200927734
-0.2774047852
-0.5548095703
0.3328857422
0.1664428711
-0.3328857422
-0.2774047852
-0.2774047852
-0.3328857422
-0.0422821045
0.0422821045
0.0317077637
0.9934997559
0.0105743408
-0.0422821045
-0.0528411865
0.0105743408
0.0286865234
0.9943084717
-0.0286865234
0.0478057861
-0.0382385254
0.0382385254
-0.0095672607
0.0382385254
0.1984863281
-0.0441131592
0.7939147949
-0.0882110596
-0.1102600098
0.5292816162
-0.1102600098
-0.0220489502
0.0854797363
-0.9402313232
-0.0427398682
-0.0427398682
0.0000000000
-0.2136840820
0.0000000000
0.0000000000
0.8206329346
-0.0341949463
0.1367797852
0.2051544189
-0.3419342041
0.2051544189
0.1025848389
-0.2393493652
-0.1238555908
0.4954071045
0.1238555908
0.0000000000
0.0000000000
0.1238555908
0.1238555908
-0.1238555908
0.0000000000
0.2456817627
0.0000000000
-0.1228332520
0.0000000000
0.2456817627
-0.1228332520
0.1228332520
0.0216827393
0.9863891602
0.0216827393
-0.0867156982
0.0433654785
0.0541992188
0.0758819580
-0.0650329590
-0.0904083252
0.0565032959
-0.3390350342
0.8927764893
0.0904083252
0.0451965332
0.0225982666
-0.2486267090
-0.1332855225
0.1066284180
0.1599426270
-0.0533142090
-0.9063720703
0.1066284180
-0.2932281494
-0.0266571045
0.5375976562
-0.3421173096
0.0977478027
-0.0488739014
0.1466217041
0.4398498535
0.0000000000
-0.5375976562
-0.3316040039
-0.6632080078
-0.2842254639
0.0000000000
0.5210876465
-0.0473785400
0.0473785400
-0.1421203613
0.1478576660
-0.1971435547
0.0000000000
0.3942871094
-0.1478576660
0.1478576660
-0.1971435547
-0.7885742188
0.9680175781
0.0550079346
0.0769958496
0.0000000000
-0.1100006104
-0.0330047607
-0.1870117188
0.0440063477
-0.0619812012
0.0247955322
0.9792633057
0.1239624023
-0.0495758057
0.0867767334
0.0619812012
-0.0495758057
-0.3602447510
0.0554199219
0.3602447510
0.3602447510
0.6096496582
0.4156799316
-0.1385650635
0.1385650635
-0.0401153564
0.0501556396
0.0501556396
0.0000000000
0.0100250244
-0.0200653076
-0.9929809570
-0.0601806641
-0.1350402832
-0.2250671387
-0.8102264404
-0.1350402832
-0.2700805664
0.3150939941
0.0000000000
-0.1350402832
-0.0285949707
0.9867095947
0.1287078857
-0.0142974854
0.0142974854
0.0000000000
-0.0429077148
0.0142974854
0.0000000000
0.1242218018
-0.1242218018
0.1242218018
0.0000000000
0.1242218018
0.0000000000
-0.4969024658
-0.0829620361
-0.4977416992
-0.1659088135
-0.1659088135
0.0000000000
-0.3318328857
0.5807037354
-0.0829620361
0.3464355469
0.4041748047
0.5773925781
-0.4619140625
0.1732177734
-0.1154785156
0.1154785156
-0.0577392578
-0.0950622559
-0.1425933838
0.0000000000
-0.5228424072
-0.0950622559
0.1901245117
0.7604980469
0.0000000000
0.2474365234
-0.1237182617
0.1237182617
-0.2474365234
0.1237182617
-0.1237182617
0.0000000000
0.0000000000
0.8778839111
0.0199584961
-0.0598602295
0.1197052002
-0.2593688965
-0.0399017334
-0.3391723633
-0.1197052002
0.0238952637
-0.0119476318
0.9914703369
0.0000000000
0.0716705322
-0.0358428955
0.0716705322
0.0119476318
0.0000000000
-0.1000061035
0.1000061035
0.0000000000
0.1000061035
0.0000000000
-0.1000061035
0.0000000000
-0.0549468994
0.0000000000
0.0961608887
-0.9890899658
0.0137329102
-0.0274810791
-0.0274810791
0.0412139893
-0.0495605469
0.9911346436
-0.0371704102
-0.0619506836
-0.0247802734
0.0247802734
-0.0371704102
0.0495605469
-0.4515380859
0.4515380859
0.0820922852
0.2052459717
0.2462921143
-0.2873382568
0.5336456299
0.2462921143
-0.0810089111
0.0405120850
0.9316101074
-0.0810089111
0.0000000000
-0.0405120850
-0.1012573242
-0.3037872314
0.0000000000
-0.5692901611
0.2439880371
0.1626586914
-0.1626586914
0.0813293457
-0.4066467285
-0.4066467285
-0.0220947266
0.0441894531
0.0110473633
0.9942474365
0.0000000000
-0.0331420898
-0.0441894531
0.0441894531
0.0280761719
0.9920806885
-0.0374298096
0.0187225342
-0.0561523438
0.0467987061
0.0280761719
0.0655212402
0.2903747559
0.0544433594
0.7803955078
-0.0181427002
-0.1270446777
0.4718627930
-0.1814880371
-0.1451873779
0.0632324219
-0.9169464111
-0.0632324219
-0.1897125244
0.0000000000
-0.2845611572
0.0316162109
-0.0316162109
0.7026367188
-0.0878295898
0.2634887695
0.3513183594
-0.3074035645
0.2634887695
0.2195739746
-0.1756591797
0.0000000000
0.3685150146
0.0000000000
0.0000000000
0.0000000000
0.1228332520
0.1228332520
0.0000000000
0.0000000000
0.3685150146
0.1228332520
0.0000000000
0.0000000000
0.1228332520
0.0000000000
0.0000000000
0.0000000000
0.9907531738
-0.0122375488
-0.0611572266
0.0244598389
0.0733947754
0.0366973877
-0.0489196777
-0.0867919922
0.0619964600
-0.3223876953
0.9051666260
0.0867919922
0.0247955322
0.0495910645
-0.2231903076
-0.0251159668
0.0502166748
0.1004333496
-0.1255493164
-0.9290313721
0.0753326416
-0.2761993408
-0.0753326416
0.4764709473
-0.2117614746
0.1058807373
-0.2647094727
0.4764709473
0.3176422119
0.0000000000
-0.4764709473
-0.2553863525
-0.6703796387
-0.2553863525
0.0319213867
0.6065368652
-0.0319213867
-0.0319213867
-0.1276855469
0.3193817139
-0.1596832275
0.1996154785
0.2794647217
-0.1596832275
0.1596832275
-0.1197662354
-0.7984466553
0.9550170898
0.0830383301
0.0415191650
0.0553588867
-0.1245727539
-0.0276794434
-0.2214508057
0.0691986084
-0.0167388916
-0.0167388916
0.9709777832
0.1841583252
-0.0334777832
0.0669708252
0.0837097168
-0.0334777832
-0.3986053467
0.0996551514
0.3986053467
0.3321685791
0.5979156494
0.3653869629
-0.1328735352
0.1328735352
-0.0583343506
0.0933380127
0.0933380127
0.0700073242
0.0233306885
0.0466766357
-0.9800567627
-0.0816650391
-0.1706695557
-0.1706695557
-0.8533325195
-0.1365356445
-0.1706695557
0.3413391113
-0.0341339111
-0.1024017334
-0.0164947510
0.9898681641
0.0494995117
-0.0494995117
0.0494995117
-0.0494995117
-0.0329895020
0.0164947510
0.0000000000
0.1243286133
-0.1243286133
-0.1243286133
0.0000000000
0.1243286133
0.0000000000
-0.3729858398
-0.1871185303
-0.3742370605
0.1871185303
0.0000000000
-0.2806854248
0.0935668945
0.5613555908
-0.2806854248
0.4121551514
0.4636840820
0.6182403564
-0.2575988770
0.2060852051
0.1030426025
-0.1545562744
0.0515136719
-0.1104583740
-0.1104583740
0.0552215576
-0.3865814209
0.0000000000
0.4418182373
0.7179565430
-0.1104583740
0.0000000000
0.0000000000
0.3736267090
-0.2490844727
0.0000000000
-0.2490844727
-0.1245422363
0.1245422363
0.8652343750
-0.0240325928
-0.1442108154
0.0961303711
-0.3364868164
0.0240325928
-0.2884063721
-0.0720977783
0.0427856445
-0.0142669678
0.9842071533
0.0285339355
0.1283721924
-0.0713195801
-0.0142669678
0.0142669678
0.1199951172
-0.1199951172
0.1199951172
0.0000000000
0.1199951172
0.1199951172
-0.2400054932
0.0000000000
-0.0136260986
0.0272369385
0.0544891357
-0.9944152832
-0.0136260986
-0.0136260986
0.0272369385
0.0136260986
-0.0652923584
0.9924621582
-0.0261230469
-0.0261230469
0.0391693115
0.0130615234
-0.0391693115
0.0261230469
-0.4655303955
0.4655303955
0.0000000000
0.1551818848
0.1551818848
-0.3103485107
0.5172576904
0.2586364746
-0.0408782959
0.1635284424
0.8994445801
-0.0408782959
0.0613250732
-0.0817718506
-0.0408782959
-0.3679504395
0.3152313232
-0.2364196777
-0.0788116455
-0.1576080322
0.3152313232
0.4728393555
-0.2364196777
-0.4728393555
-0.0109252930
0.0327758789
0.0327758789
0.9943695068
0.0000000000
-0.0327758789
-0.0327758789
0.0546417236
0.0104522705
0.9925537109
-0.0208892822
0.0208892822
-0.0522460938
0.0522460938
0.0313415527
0.0626831055
0.2703552246
0.0225219727
0.7660064697
-0.0225219727
-0.1576995850
0.4731140137
-0.2478179932
-0.1126403809
0.0546569824
-0.8744354248
-0.0546569824
-0.2459411621
0.0000000000
-0.3552398682
0.0819854736
-0.1092987061
0.6766967773
-0.2030029297
0.4060211182
0.2706756592
-0.1353454590
0.2706756592
0.1353454590
0.0000000000
0.1178436279
0.1178436279
0.0000000000
0.0000000000
-0.1178436279
0.0000000000
0.1178436279
0.2357025146
0.0000000000
0.1999969482
0.0000000000
0.0000000000
0.0000000000
0.0000000000
0.0000000000
0.0000000000
0.0000000000
0.9933166504
-0.0386962891
-0.0386962891
-0.0258026123
0.0644989014
0.0000000000
-0.0128936768
-0.0530853271
0.0530853271
-0.2919921875
0.9290466309
0.0530853271
-0.0132751465
0.0530853271
-0.1858062744
0.0000000000
0.0522155762
0.1305389404
-0.2088623047
-0.9137420654
0.0522155762
-0.2088623047
-0.1827545166
0.1812133789
0.0604095459
0.1812133789
-0.3020324707
0.7248687744
0.2416229248
-0.0604095459
-0.3624267578
-0.0899505615
-0.5997009277
-0.2998504639
0.1199340820
0.6896514893
0.1199340820
0.0299835205
-0.0899505615
0.2555847168
-0.1533508301
0.1533508301
0.2044677734
-0.2555847168
0.0511169434
-0.1533508301
-0.8178558350
0.9704589844
0.0746459961
0.0186614990
0.0373229980
-0.0186614990
-0.0746459961
-0.1679687500
0.0746459961
-0.0482482910
0.0482482910
0.9408721924
0.2171325684
-0.0482482910
0.0482482910
0.1930084229
-0.0482482910
-0.4149169922
0.1555938721
0.4149169922
0.2593231201
0.5705108643
0.3111877441
-0.1037292480
0.2074584961
-0.0615997314
0.0862426758
0.0985565186
0.0985565186
0.0123138428
0.0862426758
-0.9732360840
-0.0985565186
-0.1971893311
-0.0563354492
-0.8450775146
-0.1408538818
-0.0845031738
0.4225463867
0.0000000000
-0.1126708984
0.0000000000
0.9880523682
-0.0346679688
-0.0693359375
0.0866699219
-0.0173339844
0.0000000000
0.0173339844
-0.1150360107
0.0000000000
-0.1150360107
-0.1150360107
0.0000000000
0.0000000000
0.0000000000
-0.2300720215
-0.0749969482
-0.3000030518
0.2250061035
0.0000000000
-0.2250061035
0.4499969482
0.6000061035
-0.2250061035
0.5231323242
0.5231323242
0.4650115967
-0.1743774414
0.1743774414
0.1743774414
-0.1743774414
-0.0581207275
0.2439880371
-0.0813293457
0.3253173828
-0.2439880371
0.0813293457
0.3253173828
0.5692901611
-0.3253173828
0.0000000000
0.0000000000
0.2456817627
-0.1228332520
0.0000000000
-0.1228332520
-0.2456817627
0.1228332520
0.8550720215
-0.0884552002
-0.1769104004
0.0884552002
-0.4127960205
0.0294799805
-0.1474304199
0.0294799805
0.0205688477
-0.0617065430
0.9460754395
0.0822601318
0.2262268066
-0.0205688477
-0.1645355225
0.0411376953
0.2357025146
-0.1178436279
0.1178436279
0.0000000000
0.1178436279
0.1178436279
0.0000000000
0.0000000000
-0.0283508301
0.0141754150
0.0567016602
-0.9922332764
-0.0567016602
0.0000000000
0.0283508301
0.0283508301
-0.0559539795
0.9931182861
-0.0279693604
0.0139923096
0.0419616699
-0.0279693604
0.0000000000
-0.0279693604
-0.4699859619
0.3916473389
-0.0783233643
0.0783233643
0.1566619873
-0.2349853516
0.5483093262
0.1566619873
-0.0286254883
0.2576446533
0.8588256836
0.0000000000
0.1717681885
-0.2003936768
0.0000000000
-0.3148956299
0.3152313232
0.0000000000
-0.0788116455
-0.2364196777
0.3940429688
0.4728393555
-0.1576080322
-0.4728393555
-0.0114288330
0.0343017578
0.0343017578
0.9946899414
0.0114288330
-0.0228729248
-0.0343017578
0.0457305908
0.0350189209
0.9924011230
-0.0233459473
0.0233459473
-0.0350189209
0.0700531006
0.0116729736
0.0467071533
0.1621093750
-0.0648498535
0.7781372070
-0.0648498535
-0.1621093750
0.5187530518
-0.1621093750
-0.0648498535
0.0000000000
-0.8991394043
-0.0620117188
-0.1550292969
0.0620117188
-0.3410491943
0.0930175781
-0.0620117188
0.6247558594
-0.5466613770
0.2342834473
0.0780944824
-0.0780944824
0.0780944824
-0.1561889648
0.0780944824
-0.3674163818
0.1224670410
0.1224670410
0.2449493408
0.0000000000
0.2449493408
0.2449493408
-0.1224670410
0.0000000000
-0.1238555908
-0.2477111816
0.2477111816
0.1238555908
-0.3715667725
-0.1238555908
-0.1238555908
0.0286407471
0.9832763672
-0.0095520020
-0.0381927490
0.0954589844
0.0859222412
0.0954589844
-0.0477294922
-0.0515594482
0.0257720947
-0.4210357666
0.8248901367
0.1031188965
-0.0429687500
0.0000000000
-0.3522949219
-0.0476989746
0.0476989746
-0.2384948730
-0.0715484619
-0.9062652588
0.2384948730
0.1907958984
-0.0238494873
0.2322235107
-0.1857757568
0.0928955078
0.3251037598
0.1857757568
-0.7895507812
-0.1857757568
-0.1857757568
0.5108795166
-0.6386108398
-0.1277160645
-0.3193054199
-0.0638580322
-0.0638580322
-0.0638580322
0.2554473877
0.1718750000
-0.1031188965
-0.2406158447
0.2749938965
0.1374969482
0.1718750000
-0.0343780518
-0.8593597412
0.9427337646
0.1382751465
0.0628509521
-0.1382751465
-0.1759796143
0.0377044678
-0.1759796143
-0.0251464844
-0.0198516846
0.0099334717
0.9631347656
0.2482299805
-0.0397186279
-0.0198516846
0.0397186279
0.0595703125
-0.4058380127
0.0338134766
0.3720092773
0.1690979004
0.5072937012
0.5072937012
-0.3381958008
0.0338134766
0.0000000000
-0.0081634521
0.0407867432
0.0000000000
-0.0652618408
-0.0244750977
-0.9953308105
-0.0244750977
0.3909759521
-0.3421173096
-0.0488739014
0.1466217041
0.4398498535
0.5375976562
-0.2443695068
-0.2932434082
-0.0209503174
0.9952087402
0.0523834229
0.0104827881
0.0419006348
-0.0104827881
-0.0209503174
0.0209503174
0.2048339844
-0.1024169922
0.0000000000
-0.2048339844
-0.1024169922
-0.3072509766
0.2048339844
-0.6144866943
0.0905609131
-0.5433349609
-0.1811065674
-0.2716674805
0.0905609131
-0.3622283936
0.3622283936
0.1811065674
0.4370574951
0.3277893066
0.6282653809
0.0546264648
0.1638946533
0.3551025391
-0.1912078857
0.3004760742
-0.3815155029
-0.0423889160
-0.1695556641
-0.5086822510
-0.4239044189
0.4662933350
0.2543487549
0.2119598389
0.0000000000
0.0823974609
-0.7416381836
0.1648101807
0.0823974609
-0.2472076416
0.0823974609
0.3296203613
0.9608154297
-0.0758514404
0.1264190674
0.1264190674
-0.1011352539
0.0000000000
0.0505676270
0.0758514404
-0.0145111084
-0.1015777588
0.9867401123
-0.0145111084
-0.0435333252
0.0290222168
0.0725555420
0.0290222168
-0.2432556152
0.0000000000
-0.2432556152
0.0000000000
0.0000000000
0.1216278076
0.0000000000
0.1216278076
-0.0672760010
-0.0672760010
0.0560607910
-0.9867706299
-0.0672760010
-0.0224304199
0.0224304199
0.0672760010
-0.0318298340
0.9946594238
-0.0397796631
0.0079498291
0.0079498291
0.0397796631
-0.0636596680
-0.0159149170
-0.3344726562
0.3902130127
0.1672363281
0.3902130127
0.4180908203
-0.3065948486
0.4459533691
0.2508544922
-0.0679321289
-0.0452880859
0.9284362793
-0.1358642578
0.0226440430
-0.2037963867
-0.1132202148
-0.2037963867
0.0810089111
-0.3240509033
0.2025299072
-0.4455871582
-0.2835540771
0.0000000000
-0.2025299072
-0.6886291504
0.0000000000
-0.0324249268
-0.0216217041
0.9942626953
0.0324249268
0.0216217041
-0.0648498535
0.0216217041
0.0078430176
0.9964904785
0.0000000000
0.0470733643
0.0156860352
0.0313873291
-0.0392303467
0.0000000000
0.3654479980
0.0812072754
0.6699829102
-0.0406036377
-0.0406036377
0.5887603760
-0.2030181885
0.0812072754
0.1152648926
-0.8836975098
-0.0768432617
-0.0768432617
0.1152648926
-0.3073730469
0.0384216309
0.1921081543
0.8996887207
0.0870666504
-0.0290222168
-0.0290222168
-0.3192443848
-0.0290222168
0.1451110840
-0.1741333008
-0.2405242920
0.1202545166
0.0000000000
0.1202545166
-0.1202545166
0.2405242920
0.4810485840
-0.1202545166
-0.1190643311
0.0000000000
-0.3572082520
0.3572082520
0.1190643311
-0.1190643311
-0.3572082520
0.0000000000
-0.0217590332
0.9898834229
-0.0435180664
-0.0326385498
0.0870208740
0.0543823242
0.0435180664
-0.0217590332
-0.0749664307
0.0093688965
-0.4123535156
0.8247070312
0.0937194824
-0.0655975342
0.0374908447
-0.3561248779
-0.2184448242
0.1365356445
-0.1092224121
-0.1092224121
-0.9010925293
0.2457580566
0.0819244385
-0.0819244385
0.1732177734
-0.0577392578
0.2886962891
0.4041748047
0.4041748047
-0.4041748047
0.1154785156
-0.5196533203
0.1818847656
-0.7275085449
-0.2425079346
-0.3031311035
0.3031311035
-0.1212463379
0.0000000000
0.2425079346
-0.2219238281
-0.1664428711
-0.1664428711
0.2219238281
0.2219238281
0.0554809570
0.0000000000
-0.8322143555
0.9189453125
0.1185760498
0.0444641113
-0.0889282227
-0.2075042725
0.0148162842
-0.2816162109
-0.0444641113
-0.0429534912
-0.0536956787
0.9665069580
0.2255249023
-0.0536956787
0.0000000000
0.0429534912
0.0429534912
-0.3468170166
0.2312164307
0.3468170166
0.1926727295
0.5395050049
0.5009613037
-0.2697448730
0.0770721436
0.0000000000
-0.0088195801
0.0264739990
-0.0176544189
-0.0176544189
-0.0352935791
-0.9970703125
-0.0264739990
0.3142395020
-0.5656433105
-0.2514038086
0.0628509521
0.2514038086
0.4399414062
-0.2514038086
-0.2514038086
0.0000000000
0.9922790527
0.0000000000
0.0511474609
0.0613708496
-0.0204620361
-0.0716094971
-0.0102233887
0.2468566895
0.0000000000
-0.1234283447
-0.2468566895
0.0000000000
-0.2468566895
0.0000000000
-0.3703002930
0.1412353516
-0.7767791748
-0.2118530273
-0.2118530273
0.1412353516
-0.2824707031
0.0000000000
-0.1412353516
0.5201721191
0.4458618164
0.5573272705
-0.0743103027
0.1857757568
0.1486206055
-0.0371551514
0.3343963623
-0.1002960205
-0.1504364014
-0.3510131836
-0.3510131836
-0.3008728027
0.3510131836
0.6518707275
0.0000000000
0.0959930420
0.0000000000
-0.6719970703
0.0959930420
0.0959930420
-0.0959930420
-0.1920013428
0.3840026855
0.9321899414
0.0594940186
0.0000000000
0.0198364258
-0.2975006104
0.0198364258
-0.1586761475
-0.0198364258
0.0143127441
-0.1002197266
0.9879302979
0.0429534912
-0.0143127441
-0.0429534912
-0.0572662354
0.0000000000
-0.2432556152
0.0000000000
-0.2432556152
0.0000000000
0.1216278076
0.0000000000
0.0000000000
0.1216278076
-0.0466461182
-0.0466461182
0.0233306885
-0.9912567139
-0.0349884033
-0.0816345215
0.0116577148
0.0116577148
-0.0488433838
0.9865570068
-0.0488433838
0.0390777588
0.0586090088
0.0488433838
-0.1074523926
0.0000000000
-0.4127349854
0.3783416748
0.2407684326
0.3439483643
0.3439483643
-0.3095550537
0.4471282959
0.2407684326
0.0237579346
0.0475158691
0.9029388428
-0.0950469971
0.0950469971
-0.2613830566
-0.0950469971
-0.2613830566
0.0000000000
-0.5626220703
0.2250518799
-0.2813110352
-0.3375701904
0.0000000000
-0.2813110352
-0.5063629150
-0.0110321045
-0.0331268311
0.0331268311
0.9935760498
0.0220794678
0.0110473633
-0.0772857666
0.0000000000
0.0625610352
0.9931640625
0.0000000000
0.0391082764
0.0391082764
0.0625610352
-0.0234527588
-0.0156402588
0.4100341797
0.2050170898
0.6150512695
0.0205078125
-0.1025085449
0.5740509033
-0.2255249023
-0.0820007324
0.1705627441
-0.9210662842
0.0000000000
-0.0341186523
0.0682220459
-0.2729034424
0.0682220459
0.0000000000
0.8291778564
0.1184539795
0.0394897461
0.1184539795
-0.3948516846
0.0789642334
0.2369079590
-0.1184539795
-0.2307739258
0.3461608887
-0.1153869629
-0.1153869629
0.0000000000
0.1153869629
0.4615325928
-0.2307739258
-0.2332305908
0.0000000000
-0.3498535156
0.2332305908
0.0000000000
0.2332305908
-0.3498535156
0.2332305908
-0.0643005371
0.9902801514
-0.0643005371
-0.0257263184
0.0643005371
0.0257263184
-0.0128631592
-0.0128631592
-0.0659942627
0.0000000000
-0.3629608154
0.8359222412
0.0769958496
-0.0879974365
0.0879974365
-0.3739624023
-0.2789154053
0.2169342041
0.0619812012
-0.1549530029
-0.8677215576
0.2169342041
0.0309906006
-0.1239624023
0.0706176758
0.0706176758
0.4237060547
0.0000000000
0.4943237305
0.2824707031
0.0000000000
-0.5649261475
-0.1408843994
-0.6339874268
-0.2113342285
-0.1408843994
0.5635375977
-0.1408843994
0.0704498291
0.0704498291
-0.2407531738
-0.1203765869
0.1805572510
0.2407531738
0.0000000000
0.0601806641
-0.0601806641
-0.8426208496
0.9315338135
0.0916290283
0.0305480957
-0.0458068848
-0.1374359131
0.0305480957
-0.3054199219
-0.0152740479
-0.0483245850
-0.0724945068
0.9665985107
0.2174835205
-0.0483245850
0.0000000000
0.0604095459
0.0120849609
-0.3781433105
0.4201507568
0.2520904541
0.1680603027
0.5882110596
0.4201507568
-0.0420227051
0.0840301514
-0.0098571777
0.0098571777
0.0098571777
-0.0098571777
0.0098571777
-0.0394592285
-0.9962005615
-0.0493164062
0.0000000000
-0.3944702148
-0.7325744629
-0.1690521240
-0.0563507080
0.3381042480
-0.1690521240
-0.1690521240
-0.0121002197
0.9925689697
-0.0242156982
0.0363159180
0.0605163574
-0.0121002197
-0.0605163574
-0.0242156982
0.0000000000
0.1190643311
-0.1190643311
0.1190643311
-0.1190643311
-0.1190643311
0.0000000000
-0.5953521729
0.1764678955
-0.7647094727
-0.1764678955
-0.3529357910
0.1176452637
-0.2352905273
0.1176452637
-0.1764678955
0.4985656738
0.4985656738
0.4985656738
-0.2769775391
0.1661834717
0.0000000000
0.0000000000
0.2215881348
0.0000000000
-0.2911682129
-0.0970611572
-0.0970611572
0.0970611572
0.1941070557
0.8734893799
-0.0970611572
0.2357025146
-0.3535461426
-0.2357025146
0.0000000000
0.2357025146
0.1178436279
-0.3535461426
0.1178436279
0.8923339844
0.1037597656
-0.0415039062
-0.0830078125
-0.3112792969
0.0207519531
-0.2282714844
-0.1452636719
-0.0187530518
-0.1312561035
0.9563140869
0.1125030518
0.0000000000
-0.0562591553
-0.1875152588
-0.0750122070
-0.2500000000
0.0000000000
-0.1250000000
0.0000000000
-0.1250000000
-0.3750000000
0.1250000000
0.0000000000
-0.0139617920
0.0139617920
0.0279235840
-0.9913787842
0.0000000000
-0.0977478027
0.0000000000
-0.0139617920
-0.0430755615
0.9765167236
-0.0574493408
0.1148834229
0.1148834229
0.0000000000
-0.0861663818
-0.0287170410
-0.4466857910
0.4060668945
0.2842559814
0.2842559814
0.2842559814
-0.2842559814
0.4466857910
0.2436370850
0.0752105713
0.1504211426
0.9024963379
0.0000000000
0.0752105713
-0.2005615234
-0.0250701904
-0.3008270264
0.1362762451
-0.6813507080
0.1362762451
0.0000000000
-0.1362762451
0.2044067383
-0.3406677246
-0.4088134766
-0.0399780273
0.0133209229
0.0532989502
0.9861297607
-0.0266571045
0.0266571045
-0.1066131592
-0.0666351318
0.0797424316
0.9922790527
-0.0265808105
0.0000000000
0.0442962646
0.0620117188
0.0000000000
0.0000000000
0.4303741455
0.1956176758
0.6259918213
0.0586853027
-0.0782470703
0.5477447510
-0.1564941406
-0.1956176758
0.1137695312
-0.9385681152
0.0000000000
-0.0853271484
0.0853271484
-0.2275390625
0.0284423828
-0.1137695312
0.6182403564
0.0000000000
0.2060852051
0.4121551514
-0.4121551514
0.3091278076
0.2060852051
-0.1030426025
-0.1224670410
0.4898986816
-0.1224670410
0.0000000000
0.0000000000
0.1224670410
0.2449493408
-0.1224670410
-0.1243286133
0.1243286133
-0.2486572266
0.0000000000
-0.1243286133
0.1243286133
-0.1243286133
0.2486572266
-0.1003723145
0.9870300293
-0.0501861572
0.0000000000
0.0501861572
-0.0167236328
-0.0334625244
-0.0167236328
-0.0216522217
-0.0216522217
-0.3463897705
0.8226928711
0.0974273682
-0.1190795898
0.1515502930
-0.3896942139
-0.1772155762
0.1181488037
0.0590667725
-0.1772155762
-0.8861083984
0.2658386230
0.1181488037
-0.1476898193
0.1625061035
-0.0541687012
0.1625061035
-0.3249969482
0.5416717529
0.5958251953
-0.2166595459
-0.2166595459
-0.0923919678
-0.6467437744
-0.1385955811
-0.0462036133
0.6467437744
-0.2309875488
0.0462036133
-0.0923919678
0.1404266357
-0.0702209473
0.4564056396
0.2106475830
-0.2106475830
0.1755371094
-0.1053161621
-0.7723693848
0.9466247559
0.0573730469
-0.0430297852
0.0286865234
-0.0860595703
0.0286865234
-0.2868499756
0.0286865234
0.0138549805
-0.1107788086
0.9554748535
0.2492523193
-0.0276947021
-0.0276947021
0.0553894043
-0.0415496826
-0.4658813477
0.3811798096
0.2117614746
0.2541198730
0.5929412842
0.2964630127
0.0423583984
0.1694183350
-0.0454711914
0.0568389893
0.0454711914
0.0341033936
0.0682067871
0.0000000000
-0.9889526367
-0.0682067871
-0.2467041016
-0.2467041016
-0.8223724365
-0.0822296143
-0.1233520508
0.2878265381
-0.1233520508
-0.1644744873
-0.0511322021
0.9884490967
-0.0681762695
0.0170440674
0.0000000000
-0.0170440674
-0.0681762695
0.0340881348
0.0000000000
0.2459411621
-0.1229705811
0.1229705811
-0.1229705811
0.0000000000
0.0000000000
-0.4918823242
0.0676727295
-0.6090240479
-0.2030029297
-0.4060211182
0.0676727295
-0.4736785889
0.1353454590
-0.1353454590
0.3684997559
0.6141815186
0.4913330078
-0.1842498779
0.1228332520
0.0614166260
-0.1842498779
0.1842498779
0.0000000000
-0.2685546875
0.0000000000
-0.0767364502
0.1918334961
0.3452911377
0.8440399170
-0.0767364502
0.1135406494
-0.4541778564
0.4541778564
0.0000000000
0.1135406494
0.1135406494
-0.2270965576
0.0000000000
0.8627166748
-0.0681152344
-0.2270355225
-0.1135101318
-0.3178405762
0.1589202881
-0.1589202881
-0.1362152100
-0.0357818604
-0.1788787842
0.7870483398
0.2861938477
-0.0357818604
-0.0357818604
-0.4650726318
-0.0715484619
0.0000000000
0.0000000000
0.0000000000
0.1064758301
-0.1064758301
-0.1064758301
0.1064758301
0.1064758301
-0.0166625977
0.1000061035
0.0000000000
-0.9833221436
-0.0333404541
-0.1000061035
-0.0500030518
-0.0166625977
-0.0565185547
0.9607086182
-0.0188446045
0.1506958008
0.1883697510
-0.0565185547
-0.0188446045
-0.0188446045
-0.4673156738
0.5062561035
0.2336578369
0.2336578369
0.1947174072
-0.3504791260
0.3894195557
0.2336578369
0.0448608398
0.2467041016
0.8746643066
0.0897064209
0.0672760010
-0.1121368408
0.0448608398
-0.3588409424
0.2288513184
-0.3814086914
0.0762786865
0.0000000000
0.5339660645
0.4576873779
-0.2288513184
-0.2288513184
-0.0308532715
0.0462951660
0.0000000000
0.9721069336
-0.0308532715
0.0771484375
-0.1697387695
-0.0925750732
0.0557098389
0.9915161133
-0.0557098389
-0.0334167480
0.0334167480
0.0445556641
0.0222778320
0.0445556641
0.3919677734
0.1796569824
0.6859436035
0.0979919434
-0.0489959717
0.5062866211
-0.2123107910
-0.1469879150
0.0000000000
-0.9505004883
-0.0413208008
-0.1239776611
0.0826568604
-0.2272949219
0.0206604004
-0.0826568604
0.3808441162
0.0000000000
0.3808441162
0.5440521240
-0.2176208496
0.4896545410
0.1632232666
-0.0544128418
0.1237182617
0.2474365234
-0.2474365234
0.0000000000
0.0000000000
0.1237182617
0.1237182617
0.1237182617
0.1199951172
0.2400054932
0.1199951172
-0.1199951172
0.0000000000
-0.1199951172
0.0000000000
0.1199951172
-0.1460266113
0.9735412598
-0.0730133057
0.0243377686
0.0243377686
0.0000000000
-0.0730133057
0.0000000000
0.0000000000
0.0000000000
-0.3479919434
0.8399658203
0.1080017090
-0.1080017090
0.1559906006
-0.3479919434
-0.0582122803
0.0291137695
0.0000000000
-0.2037658691
-0.9023590088
0.2619781494
0.1164398193
-0.1746520996
0.2406616211
-0.0962677002
0.0962677002
-0.3369293213
0.5775909424
0.5775909424
-0.2406616211
-0.0962677002
-0.1101837158
-0.6610870361
-0.1101837158
0.1101837158
0.6610870361
-0.1836395264
0.0000000000
-0.1101837158
0.2854766846
0.0000000000
0.3211517334
0.1784210205
-0.2497863770
0.1784210205
-0.1784210205
-0.7850494385
0.9567413330
0.0735931396
-0.1287841797
0.0368041992
-0.0184020996
0.0000000000
-0.2207794189
0.0368041992
0.0540924072
-0.0540924072
0.9557495117
0.2344360352
-0.0540924072
0.0180358887
0.1082000732
-0.0180358887
-0.5572052002
0.3039245605
0.3039245605
0.1519622803
0.5572052002
0.2532806396
0.0000000000
0.1519622803
-0.0476837158
0.0635833740
0.0794830322
0.1112823486
0.1271820068
0.0635833740
-0.9697113037
-0.0794830322
-0.3153839111
-0.1401672363
-0.8059844971
-0.0350494385
-0.1051330566
0.3854675293
-0.1051330566
-0.1401672363
-0.0774230957
0.9678039551
-0.1935577393
0.0000000000
0.0193634033
0.0000000000
-0.0387115479
0.0774230957
-0.1216278076
0.2432556152
0.0000000000
0.0000000000
0.0000000000
0.1216278076
0.0000000000
-0.2432556152
-0.1972351074
-0.5917053223
0.0000000000
-0.3944702148
-0.0986175537
-0.2958526611
0.0986175537
0.0000000000
0.3099365234
0.5165710449
0.4649200439
-0.0516510010
0.0516510010
0.3616027832
-0.3616027832
0.2582855225
0.0859527588
-0.3008117676
0.0429687500
-0.0429687500
0.3008117676
0.4297332764
0.7305450439
-0.1718902588
0.1184692383
-0.2369232178
0.4738464355
-0.1184692383
0.0000000000
0.0000000000
-0.3553924561
0.0000000000
0.8200073242
-0.1447143555
-0.3135375977
-0.0482330322
-0.3858947754
0.1929473877
-0.0241241455
-0.0241241455
-0.0747985840
-0.2991638184
0.2991638184
0.3739624023
-0.0747985840
0.1495819092
-0.6731262207
0.0747985840
0.1113433838
0.1113433838
0.1113433838
0.1113433838
0.0000000000
0.1113433838
0.1113433838
0.0000000000
-0.0178070068
0.0890197754
-0.0534057617
-0.9791717529
-0.1068115234
-0.0890197754
-0.0178070068
0.0178070068
-0.0880279541
0.9462280273
0.0660095215
0.1100311279
0.2420654297
-0.0660095215
0.0000000000
-0.0440063477
-0.4747772217
0.5697326660
0.0474853516
0.2373962402
0.1899108887
-0.2848663330
0.3798217773
0.2373962402
0.0325012207
0.3575897217
0.7801971436
0.1625366211
0.1950531006
-0.2275543213
0.1625366211
-0.2925720215
0.3579864502
-0.0894927979
-0.0894927979
-0.0894927979
0.4474945068
0.5369873047
-0.0894927979
-0.2684936523
-0.0824890137
0.1031188965
-0.0206298828
0.9486846924
0.0000000000
0.1031188965
-0.2062377930
-0.1237487793
0.0287322998
0.9914855957
-0.0574798584
0.0000000000
0.0143737793
0.0000000000
0.0287322998
0.0718536377
0.3063659668
0.0437622070
0.7659301758
0.0875396729
-0.0437622070
0.5033264160
-0.1969604492
-0.0218811035
-0.0470275879
-0.9406890869
-0.0470275879
-0.1410980225
0.0235137939
-0.2586822510
0.0235137939
-0.0705566406
0.3989410400
-0.0797882080
0.5585174561
0.2393646240
-0.0797882080
0.4787292480
-0.0797882080
-0.0797882080
0.1216278076
0.1216278076
-0.1216278076
0.0000000000
-0.1216278076
0.1216278076
0.1216278076
0.2432556152
0.2494506836
0.2494506836
0.1247253418
-0.1247253418
0.1247253418
-0.1247253418
-0.1247253418
0.1247253418
-0.0935058594
0.9662780762
-0.0623474121
0.0311737061
-0.1246795654
0.0623474121
-0.0311737061
-0.0311737061
0.0430755615
0.0143585205
-0.3014831543
0.8900756836
0.0861358643
-0.0717773438
0.1148529053
-0.2871246338
0.0314636230
-0.0314636230
0.0314636230
-0.2831573486
-0.8494720459
0.3146209717
0.1258544922
-0.2202301025
0.0000000000
0.0000000000
0.1326446533
-0.2653045654
0.5306091309
0.6632537842
-0.1989746094
0.0663299561
0.0372314453
-0.5584869385
-0.2233886719
0.1861572266
0.7074127197
0.0372314453
0.0744628906
-0.2233886719
0.2486114502
0.0414276123
0.2900390625
0.1242980957
-0.3729095459
0.0828704834
-0.1242980957
-0.7872619629
0.9766998291
0.0465087891
-0.0465087891
0.0000000000
0.0930175781
-0.0930175781
-0.0465087891
0.0697631836
0.0000000000
0.0000000000
0.9249725342
0.2387084961
-0.1193542480
0.0000000000
0.2088623047
0.0298309326
-0.5685577393
0.1895141602
0.2842712402
0.0947570801
0.3790283203
0.0947570801
0.0000000000
0.2842712402
-0.0553588867
0.0369110107
0.1107177734
0.1476135254
0.0738067627
0.1107177734
-0.9595031738
-0.1107177734
-0.3232116699
-0.0323181152
-0.7433776855
-0.0323181152
-0.0323181152
0.4848175049
-0.0646362305
-0.2585601807
-0.0498046875
0.9464111328
-0.2490539551
-0.0498046875
0.0249023438
-0.0249023438
0.0249023438
0.1245269775
-0.2300720215
0.0000000000
0.0000000000
0.1150360107
0.0000000000
0.1150360107
0.0000000000
-0.1150360107
-0.1250000000
-0.3750000000
0.0000000000
-0.1250000000
-0.1250000000
0.0000000000
0.2500000000
0.0000000000
0.2688751221
0.4839630127
0.4301910400
-0.0537719727
-0.1075439453
0.4301910400
-0.3764190674
0.2688751221
0.1973876953
-0.3947601318
0.1973876953
0.0000000000
0.3947601318
0.2467346191
0.5921478271
-0.3454132080
-0.1237182617
-0.1237182617
0.2474365234
-0.1237182617
-0.1237182617
0.0000000000
-0.2474365234
0.0000000000
0.7399139404
-0.2895355225
-0.2895355225
0.0965118408
-0.4503784180
0.1608428955
0.0643463135
0.0965118408
-0.1203765869
-0.2407531738
-0.5416870117
0.2407531738
0.0601806641
0.2407531738
-0.6018676758
0.1805572510
0.0000000000
0.0000000000
0.0000000000
0.0785675049
0.0785675049
0.0000000000
0.0000000000
0.0000000000
-0.0428009033
0.0428009033
-0.0213928223
-0.9842834473
-0.1069946289
-0.0213928223
0.0000000000
0.0213928223
-0.1300506592
0.9363555908
0.1040344238
0.1560516357
0.2080841064
-0.0520172119
0.0260162354
-0.0520172119
-0.4176177979
0.4176177979
0.0000000000
0.2505645752
0.0835266113
-0.2505645752
0.5011291504
0.1670379639
0.1015777588
0.4062805176
0.6094207764
0.3047180176
0.2539215088
-0.4062805176
0.1523590088
-0.1523590088
0.3840026855
-0.0959930420
-0.2879943848
-0.0959930420
0.3840026855
0.4799957275
-0.0959930420
-0.1920013428
-0.1597137451
0.1331024170
-0.0532379150
0.9317016602
0.0000000000
0.1064758301
-0.2129669189
-0.0798645020
0.0637969971
0.9888610840
-0.0478515625
0.0478515625
0.0000000000
0.0159454346
0.0319061279
0.0637969971
0.2641448975
-0.0660400391
0.7263946533
0.0990600586
0.1320648193
0.5282897949
-0.1981048584
-0.1320648193
-0.0634918213
-0.9206237793
-0.0317382812
-0.0952301025
0.0000000000
-0.3174591064
0.0634918213
-0.0317382812
0.3963012695
-0.2972259521
0.0990753174
0.0990753174
-0.1981506348
0.2972259521
-0.4953613281
-0.0990753174
-0.3674163818
0.1224670410
0.2449493408
0.3674163818
0.0000000000
0.1224670410
0.0000000000
0.0000000000
0.0000000000
0.2078704834
-0.3117980957
0.4157409668
0.3117980957
-0.4157409668
-0.1039276123
0.1039276123
-0.1147003174
0.9750061035
-0.1147003174
0.0573577881
0.0573577881
0.0573577881
0.0000000000
0.0382385254
0.0309600830
-0.0412902832
-0.3612823486
0.7328948975
0.1651611328
-0.1858062744
0.0928955078
-0.5057983398
-0.5407867432
0.3965759277
-0.2523651123
-0.1442108154
-0.3244781494
0.3605346680
0.4326324463
-0.0360565186
0.0487518311
0.2437896729
0.3412933350
0.1950225830
0.7801055908
-0.2925415039
-0.0487518311
-0.0975189209
0.4183044434
-0.4780578613
-0.1792755127
-0.3585510254
0.1195220947
-0.3585510254
0.0000000000
0.4183044434
0.1198577881
-0.0399475098
-0.1997680664
0.2796783447
0.2796783447
0.0799102783
-0.1598205566
-0.8390350342
0.9104919434
0.1451568604
-0.0263977051
-0.0791778564
-0.1583404541
0.0527801514
-0.3298950195
-0.0263977051
0.0636138916
-0.1399383545
0.9413909912
0.2671508789
0.0000000000
-0.0508880615
0.0254364014
0.1017761230
-0.6070861816
0.4553222656
0.1011810303
0.1011810303
0.5059051514
0.2529602051
0.0000000000
0.0000000000
-0.0085144043
-0.0170440674
0.0085144043
0.0000000000
-0.0426025391
-0.0340881348
-0.9969787598
-0.0170440674
-0.2664642334
-0.6661682129
-0.3330841064
-0.2664642334
0.0000000000
0.3330841064
-0.0666198730
-0.1998443604
0.0136108398
0.9795227051
-0.1496429443
0.0408172607
0.0000000000
-0.0544128418
-0.0816192627
-0.0272064209
0.2089080811
0.0000000000
0.1044464111
-0.2089080811
0.0000000000
-0.3133544922
0.1044464111
-0.6267242432
0.0000000000
-0.7111663818
-0.2586059570
-0.3232574463
0.1293029785
-0.3879089355
0.0000000000
0.1293029785
0.3710479736
0.4452514648
0.4823455811
0.2968292236
0.0742034912
0.2968292236
-0.2597351074
0.3710479736
0.0000000000
-0.1261596680
-0.3784790039
-0.1261596680
-0.0420532227
0.4205169678
0.7569427490
0.1261596680
-0.1539001465
0.0000000000
-0.6925201416
0.0769500732
0.0000000000
-0.2308349609
-0.1539001465
0.4616851807
0.9240570068
-0.0866241455
0.1732635498
-0.1155090332
-0.2598876953
-0.0288696289
0.0000000000
0.0000000000
-0.1213073730
-0.1819610596
0.8491668701
0.1819610596
-0.2122955322
0.1516418457
-0.3032684326
-0.0909881592
-0.2416839600
0.3625183105
-0.2416839600
-0.2416839600
0.0000000000
0.2416839600
-0.1208343506
0.1208343506
-0.0615081787
-0.0615081787
0.0461273193
-0.9840240479
-0.0615081787
-0.0615081787
0.0768737793
0.0307464600
-0.0152893066
0.9789428711
-0.0917816162
0.1070709229
0.0764770508
0.0458831787
-0.0764770508
-0.0152893066
-0.3802947998
0.4278259277
0.3802947998
0.4040527344
0.3565216064
-0.2852172852
0.2852172852
0.2376861572
0.1004333496
0.1506500244
0.9039154053
0.0502166748
0.0753326416
-0.1757659912
0.0000000000
-0.3013000488
0.1178436279
-0.1767730713
0.0000000000
-0.4124755859
-0.4714050293
0.1178436279
-0.1178436279
-0.6481781006
-0.0313262939
-0.0156555176
0.0469818115
0.9866638184
0.0156555176
0.0469818115
-0.0939636230
-0.0626373291
0.1544952393
0.9710845947
-0.0110321045
-0.0551757812
0.1434631348
0.0551757812
-0.0441436768
-0.0220642090
0.4197845459
0.2583312988
0.5973968506
0.0807342529
-0.0484313965
0.5812377930
-0.2098999023
-0.0322875977
0.0415344238
-0.9552001953
0.0415344238
-0.0415344238
0.1453552246
-0.2076568604
-0.0207672119
0.0623016357
0.9594421387
0.0738067627
-0.0368957520
0.0738067627
-0.0738067627
0.0000000000
0.0738067627
-0.1107025146
-0.2477111816
0.3715667725
0.0000000000
0.2477111816
0.1238555908
0.1238555908
0.1238555908
-0.1238555908
-0.1141510010
0.1141510010
-0.1141510010
0.3424682617
0.2283172607
-0.3424682617
-0.3424682617
0.2283172607
-0.1886291504
0.9161834717
-0.2425231934
0.1616821289
0.0538940430
0.0269470215
-0.0808410645
0.0808410645
0.0473022461
-0.0236511230
-0.3428955078
0.7212524414
0.1300659180
-0.2246551514
0.1300659180
-0.5202484131
-0.4165039062
0.3331909180
-0.1665954590
-0.1665954590
-0.4165039062
0.5830993652
0.2498931885
-0.1665954590
-0.0512542725
0.2050018311
0.4099884033
0.0512542725
0.7687377930
0.2562408447
0.0000000000
-0.2050018311
0.0555725098
-0.4445343018
-0.1111297607
-0.3333892822
0.5556640625
-0.3889617920
0.0555725098
0.3333892822
-0.0624847412
-0.2499237061
0.2499237061
0.0624847412
0.2499237061
0.0000000000
-0.1249694824
-0.8122711182
0.9268188477
0.1090393066
-0.0408935547
-0.0408935547
-0.1362915039
0.0545196533
-0.3134765625
0.0000000000
0.0640716553
-0.1281280518
0.9481658936
0.2562561035
-0.0384368896
0.0000000000
0.0000000000
0.0896911621
-0.4535827637
0.5543823242
0.0503997803
0.2015991211
0.5543823242
0.2015991211
0.0503997803
0.1007995605
-0.0397949219
0.0000000000
0.0198974609
0.0298461914
0.0198974609
-0.0397949219
-0.9947357178
-0.0497436523
-0.5260314941
-0.6575317383
-0.0657501221
-0.1315002441
0.0000000000
0.1315002441
-0.2630157471
-0.1972656250
-0.0316467285
0.9654541016
-0.2057495117
0.0633087158
0.0158233643
-0.0316467285
-0.0949554443
-0.0474853516
0.2498626709
0.0000000000
0.0000000000
0.1249389648
-0.1249389648
-0.2498626709
0.1249389648
-0.2498626709
-0.0713195801
-0.7132415771
-0.1426544189
-0.2852935791
0.0713195801
-0.4279479980
-0.0713195801
0.1426544189
0.1799163818
0.5397338867
0.3598327637
0.1199493408
0.0000000000
0.2998504639
-0.1799163818
0.5397338867
0.1837615967
-0.2205047607
-0.3675231934
0.1102600098
0.1102600098
0.2205047607
0.8085327148
-0.1102600098
-0.2514190674
0.0000000000
-0.6704711914
-0.0838012695
0.1676177979
-0.0838012695
-0.1676177979
0.4190521240
0.8350677490
-0.1070556641
-0.1284790039
-0.1712951660
-0.4496612549
0.1070556641
-0.1284790039
-0.0214080811
-0.3454132080
-0.0986938477
0.3454132080
0.3454132080
-0.4441070557
0.1973876953
-0.5428009033
-0.1480407715
-0.3689117432
0.2459411621
-0.2459411621
-0.2459411621
0.0000000000
0.0000000000
-0.1229705811
-0.1229705811
-0.0200500488
-0.0401000977
0.0000000000
-0.9823455811
-0.0601501465
-0.1002349854
0.0801849365
0.0000000000
-0.0445251465
0.9351501465
0.0000000000
0.2003936768
0.2226562500
0.0000000000
-0.1335906982
0.0000000000
-0.4864654541
0.4292297363
0.4578552246
0.3433837891
0.2575378418
-0.2575378418
0.2289276123
0.2003021240
0.1381378174
0.2486419678
0.8011779785
0.1657562256
0.0828857422
-0.2486419678
0.0828857422
-0.3867797852
0.0000000000
-0.3028411865
0.1009521484
-0.1009521484
-0.3028411865
0.5047454834
-0.1009521484
-0.4037933350
-0.0777740479
0.0518493652
-0.0777740479
0.9331970215
-0.0259246826
0.0259246826
-0.2592163086
-0.1555328369
0.1864624023
0.9696350098
-0.0497283936
-0.0124359131
0.1243133545
0.0248565674
-0.0372924805
0.0000000000
0.4054107666
0.2494812012
0.6704864502
0.1091461182
-0.0467834473
0.5145568848
-0.1871032715
-0.0467834473
0.0211181641
-0.9505615234
0.0211181641
-0.0633697510
0.1056213379
-0.2534790039
0.0422515869
0.0000000000
0.9123535156
0.0000000000
0.0829467773
0.1658782959
-0.1658782959
0.2073516846
0.0000000000
-0.0829467773
-0.3715667725
0.3715667725
0.0000000000
0.0000000000
0.0000000000
-0.1238555908
0.1238555908
-0.1238555908
-0.3370056152
-0.1123352051
-0.1123352051
0.1123352051
0.0000000000
-0.2246704102
-0.3370056152
0.4493408203
-0.3069152832
0.8440399170
-0.2301940918
0.1918334961
0.0767364502
-0.1150970459
-0.1918334961
0.0000000000
0.1010284424
-0.0288696289
-0.3463745117
0.7071685791
0.1010284424
-0.2164764404
0.1876220703
-0.5195617676
-0.3361511230
0.2881317139
-0.0480194092
-0.1920928955
-0.5282440186
0.5762634277
0.2401123047
-0.1440582275
0.1123962402
-0.0749359131
0.2247924805
-0.1873321533
0.6743927002
0.5994720459
-0.1873321533
0.0374603271
-0.0520782471
-0.4165954590
-0.1041564941
-0.0520782471
0.6769714355
-0.4686737061
0.2082977295
0.0000000000
0.0447845459
-0.1791381836
0.4926452637
-0.0447845459
-0.2239379883
0.0895690918
-0.1343536377
-0.7613677979
0.9282989502
0.1065216064
-0.0608673096
0.0000000000
-0.1217498779
0.0913085938
-0.3043518066
0.0000000000
0.0430755615
-0.1579284668
0.9476013184
0.2440795898
-0.0287170410
-0.0287170410
0.0000000000
0.0861511230
-0.3657684326
0.5486602783
0.0000000000
0.1828918457
0.5486602783
0.2438507080
0.1219177246
0.1828918457
-0.0513000488
0.0384674072
0.0769348145
0.0513000488
0.0384674072
-0.0384674072
-0.9874267578
-0.0641174316
-0.7987823486
-0.2904663086
-0.0726165771
-0.0726165771
0.0000000000
-0.1452331543
-0.1452331543
-0.2178497314
-0.0207519531
0.9340362549
-0.2905883789
0.1452941895
0.0207519531
0.0000000000
-0.0830230713
0.0207519531
0.0000000000
0.0000000000
0.1229705811
0.2459411621
-0.2459411621
-0.3689117432
0.1229705811
-0.2459411621
0.0000000000
-0.5450286865
-0.1557159424
-0.3892974854
0.1557159424
-0.4671630859
-0.1557159424
0.2335815430
0.1656799316
0.5522613525
0.4970397949
-0.0552215576
0.0000000000
0.4418182373
-0.1104583740
0.3313598633
0.1175384521
-0.2742614746
-0.1959075928
0.0783538818
0.3134460449
0.3134460449
0.7836151123
-0.0783538818
-0.1237182617
-0.1237182617
-0.2474365234
0.0000000000
0.2474365234
0.0000000000
0.1237182617
0.1237182617
0.7354583740
-0.1149139404
-0.2528076172
-0.2068481445
-0.5286102295
0.1378936768
-0.0689544678
-0.1378936768
-0.4525604248
0.0646514893
-0.5172119141
0.1293029785
-0.5172119141
0.1293029785
-0.2586059570
-0.1293029785
-0.1247863770
0.1247863770
-0.2495727539
0.0000000000
0.1247863770
-0.3743438721
-0.1247863770
-0.1247863770
0.0000000000
0.0604553223
-0.0604553223
-0.9673767090
-0.0604553223
-0.1209259033
0.0302276611
-0.0906982422
0.0000000000
0.7781219482
0.0622558594
0.3112487793
0.4357452393
-0.1556243896
-0.2178802490
-0.0311279297
-0.5649414062
0.4345703125
0.3911132812
0.2607421875
0.2172851562
-0.2607421875
0.2172851562
0.2172851562
0.0897064209
0.2093353271
0.7775115967
0.2093353271
0.0598144531
-0.2093353271
0.1495208740
-0.4485626221
0.0000000000
-0.1705627441
0.0852813721
0.2558593750
0.3411407471
0.5117034912
0.0852813721
-0.5117034912
-0.1358642578
0.2717285156
-0.1358642578
0.6793212891
-0.1811523438
0.0000000000
-0.5434570312
-0.1811523438
0.1076354980
0.9687652588
-0.1076354980
0.0897064209
0.0538177490
0.0358734131
0.0000000000
0.1255798340
0.4052581787
0.2649841309
0.7014160156
0.1091156006
-0.0311737061
0.4520263672
-0.2182159424
-0.0311737061
-0.0451965332
-0.9491424561
-0.0451965332
-0.0903930664
0.0903930664
-0.2485809326
0.0000000000
0.0225982666
0.6721191406
-0.0672149658
0.2688446045
0.2016296387
-0.2016296387
0.4032745361
-0.0672149658
-0.2688446045
-0.1000061035
0.1000061035
-0.1000061035
0.0000000000
-0.1000061035
0.0000000000
0.0000000000
0.0000000000
-0.1247253418
-0.1247253418
0.1247253418
-0.1247253418
-0.1247253418
-0.2494506836
-0.1247253418
0.2494506836
-0.4850006104
0.4243774414
-0.3031311035
0.3637542725
0.1818847656
-0.3637542725
-0.2425079346
-0.1212463379
0.1176147461
-0.0294036865
-0.3822631836
0.7351226807
0.0735168457
-0.1911315918
0.2352447510
-0.4410705566
-0.1899108887
0.2373962402
-0.0474853516
-0.1899108887
-0.5697326660
0.4747772217
0.4747772217
-0.1424407959
0.1613464355
-0.1936187744
0.1290740967
-0.2581634521
0.6131286621
0.6131286621
-0.2258911133
0.1290740967
-0.1218261719
-0.5278930664
0.0000000000
0.1218261719
0.6091156006
-0.4466857910
0.1624298096
-0.2030334473
0.1330871582
-0.0332794189
0.4658203125
0.0665435791
-0.3327178955
0.0998229980
-0.1330871582
-0.7652740479
0.9530334473
0.0549774170
-0.1282958984
0.0366516113
-0.0183258057
0.0549774170
-0.2382507324
0.0000000000
0.0520782471
-0.2256774902
0.9200897217
0.2604064941
0.0000000000
-0.0520782471
-0.0173645020
0.1388854980
-0.4802398682
0.4802398682
0.0800323486
0.1600799561
0.4802398682
0.1600799561
0.0800323486
0.1600799561
0.0000000000
0.0735015869
0.1286163330
0.0735015869
0.1102447510
0.0000000000
-0.9738159180
-0.0367431641
-0.6403198242
-0.0711517334
-0.4268798828
0.0711517334
0.0711517334
0.1422882080
-0.1422882080
-0.4268798828
0.0000000000
0.8957519531
-0.3639068604
0.1679534912
-0.0279998779
0.0279998779
-0.0839843750
0.0559844971
0.0000000000
0.1242218018
0.0000000000
0.2484588623
-0.1242218018
-0.3726806641
0.1242218018
-0.2484588623
0.0000000000
-0.4237060547
-0.0706176758
-0.3530883789
0.1412353516
-0.4943237305
-0.4237060547
0.2824707031
0.2386627197
0.5113983154
0.4091186523
0.0000000000
-0.0340881348
0.6136779785
-0.2045593262
0.2386627197
0.0390319824
-0.3512878418
-0.0390319824
-0.0780639648
0.3903198242
0.4683685303
0.6635284424
-0.0780639648
0.0000000000
-0.1216278076
0.2432556152
-0.1216278076
0.1216278076
0.1216278076
0.1216278076
-0.1216278076
0.6500854492
-0.1160888672
-0.3018188477
-0.3250427246
-0.5572204590
0.1857452393
-0.0696563721
0.0000000000
-0.2810821533
0.0702667236
-0.7729797363
0.0702667236
-0.3513488770
0.0702667236
-0.1405334473
0.0000000000
-0.1228332520
0.2456817627
0.1228332520
0.0000000000
0.1228332520
-0.2456817627
0.0000000000
0.0000000000
0.0392456055
0.1177215576
-0.1569671631
-0.9417877197
-0.1177215576
-0.0784759521
0.0392456055
-0.0392456055
-0.0780029297
0.6630249023
0.1950073242
0.1950073242
0.5460205078
-0.2340087891
-0.2730102539
0.0390014648
-0.5871734619
0.5382385254
0.1957244873
0.2446594238
0.1467895508
-0.2446594238
0.2935943604
0.1467895508
0.1272888184
0.2545776367
0.6364288330
0.3394317627
0.1272888184
-0.1697082520
0.3394317627
-0.4242858887
0.0909118652
0.0000000000
0.0000000000
0.1818389893
0.5455017090
0.4545898438
0.1818389893
-0.3636779785
-0.1040039062
0.4160308838
-0.1560058594
0.4160308838
-0.1560058594
0.1560058594
-0.6760559082
-0.1560058594
0.0279846191
0.8954010010
-0.1399078369
0.2238464355
0.0000000000
0.0839385986
0.0279846191
0.3078002930
0.3589935303
0.2456359863
0.7368927002
0.1511535645
0.0188903809
0.4156799316
-0.2456359863
0.0000000000
-0.0477447510
-0.9547729492
-0.0716094971
-0.0477447510
0.0477447510
-0.2386932373
0.0238647461
0.0238647461
0.5182952881
-0.1295776367
0.4535064697
0.1295776367
-0.1295776367
0.5182952881
0.0000000000
-0.2591400146
0.0911560059
0.0000000000
-0.0911560059
0.0000000000
0.0000000000
0.0911560059
0.0000000000
0.0000000000
0.1247863770
0.0000000000
0.2495727539
-0.1247863770
-0.1247863770
-0.3743438721
-0.1247863770
0.1247863770
-0.5063476562
0.0000000000
-0.3375549316
0.3375549316
0.1687774658
-0.3375549316
-0.2531738281
-0.2531738281
0.0858917236
0.0343475342
-0.3263702393
0.8245239258
0.0515289307
-0.1202392578
0.1889495850
-0.3778991699
0.0404052734
0.0000000000
-0.0404052734
-0.3636779785
-0.4444885254
0.5657196045
0.4848937988
-0.2424468994
0.1665954590
-0.1665954590
0.0832977295
-0.2082519531
0.5414428711
0.7080383301
-0.1665954590
0.1249542236
-0.0921936035
-0.5531768799
0.1382904053
0.1843872070
0.5992736816
-0.1843872070
0.1843872070
-0.3687896729
0.2020416260
0.0404052734
0.2828521729
0.0808105469
-0.3636779785
0.0808105469
-0.1616363525
-0.8081665039
0.9620819092
0.1069030762
-0.1336212158
-0.0267181396
0.0534515381
0.0000000000
-0.1336212158
-0.0267181396
0.0000000000
-0.2062225342
0.9132537842
0.1767578125
0.0000000000
-0.0294647217
0.0883789062
0.2356719971
-0.5738525391
0.3443145752
0.1147766113
0.0000000000
0.1147766113
0.0000000000
0.0000000000
0.1147766113
0.0254211426
0.0508422852
0.1779632568
0.1525421143
0.1525421143
0.1016998291
-0.9406585693
-0.0508422852
-0.5580139160
-0.0619964600
-0.4340209961
0.0619964600
-0.0619964600
0.4340209961
-0.1860046387
-0.3720092773
0.0000000000
0.8585968018
-0.4293060303
0.1430969238
0.0715484619
0.0357818604
-0.0715484619
0.0715484619
0.0000000000
0.2400054932
0.0000000000
0.1199951172
-0.1199951172
-0.1199951172
0.1199951172
-0.1199951172
-0.0920257568
-0.2760772705
-0.1840515137
-0.1840515137
0.0000000000
-0.4601287842
-0.5521545410
0.1840515137
0.2613525391
0.4853668213
0.3733520508
-0.0373382568
-0.1866760254
0.6347045898
-0.2240142822
0.1493377686
-0.0398559570
-0.3985900879
0.1195831299
0.0398559570
0.4384460449
0.4783020020
0.5580291748
-0.1992950439
0.1178436279
-0.1178436279
0.1178436279
-0.1178436279
0.1178436279
0.1178436279
-0.1178436279
-0.1178436279
0.6397247314
-0.1023559570
-0.2558898926
-0.3582458496
-0.5885467529
0.1023559570
-0.0767669678
0.0511779785
-0.2830657959
-0.1887054443
-0.6604766846
0.1887054443
0.0000000000
0.0943603516
-0.2830657959
0.0943603516
-0.1237182617
0.2474365234
0.2474365234
0.0000000000
0.1237182617
0.0000000000
-0.1237182617
0.1237182617
0.0000000000
0.0552215576
-0.1656799316
-0.8836364746
-0.2761383057
0.0000000000
0.0000000000
0.1104583740
-0.0489349365
0.6850433350
0.2446594238
0.0978698730
0.5382385254
-0.0489349365
-0.2935943604
-0.0489349365
-0.5720367432
0.5005340576
0.0715026855
0.2145080566
0.1430053711
-0.2145080566
0.3575286865
0.0715026855
0.2826538086
0.2826538086
0.4522552490
0.3957214355
0.2261199951
-0.3391876221
0.4522552490
-0.0565338135
0.3590087891
-0.1196746826
-0.2393341064
-0.1196746826
0.1196746826
0.3590087891
0.0000000000
-0.2393341064
-0.1885528564
0.4399414062
-0.1885528564
0.1257019043
-0.1257019043
0.0628509521
-0.7541961670
0.0000000000
0.1134338379
0.7940673828
-0.0756225586
0.4537506104
0.0000000000
0.0756225586
-0.0378112793
0.3025054932
0.3692626953
0.1477050781
0.6277465820
0.2584838867
0.1846313477
0.5169677734
-0.1846313477
-0.0369262695
-0.1420135498
-0.9230957031
-0.1420135498
0.0000000000
0.0355072021
-0.2130279541
0.0000000000
0.1420135498
0.4977416992
-0.1659088135
0.3318328857
0.0000000000
-0.0829620361
0.4977416992
-0.2488708496
-0.2488708496
0.1150360107
0.0000000000
-0.1150360107
0.0000000000
-0.1150360107
0.2300720215
0.0000000000
0.0000000000
0.1243286133
0.0000000000
0.1243286133
-0.1243286133
0.0000000000
-0.3729858398
0.0000000000
0.1243286133
-0.4398803711
0.3299102783
-0.2199401855
0.2199401855
-0.1099700928
-0.1099700928
-0.1099700928
-0.3299102783
0.0788421631
0.0394134521
-0.3153533936
0.8869476318
0.0591278076
0.0000000000
0.1182556152
-0.2759399414
0.1886596680
-0.1886596680
0.0000000000
-0.3773193359
-0.3773193359
0.6037139893
0.3773193359
-0.3018646240
0.1441040039
-0.2882232666
0.0720520020
0.0000000000
0.5764312744
0.2882232666
-0.2161560059
0.5043792725
0.1015777588
-0.5078582764
0.2539215088
0.2539215088
0.6094207764
0.2031402588
0.2031402588
-0.2539215088
0.2172851562
0.0000000000
0.1738281250
0.0869140625
-0.3911132812
0.1303710938
-0.0434570312
-0.8256835938
0.8950042725
0.0389099121
0.1167449951
-0.0778198242
0.1556549072
-0.1556549072
0.2723846436
0.0778198242
-0.2559661865
-0.0639953613
0.6399078369
-0.0639953613
-0.1919708252
-0.2559661865
0.1279754639
0.5119171143
-0.2456817627
0.0000000000
0.0000000000
-0.1228332520
-0.1228332520
-0.2456817627
0.0000000000
0.1228332520
-0.0289154053
0.0289154053
0.2313079834
0.1734771729
0.0578308105
0.1445617676
-0.9252166748
-0.0867462158
-0.2569274902
-0.0513916016
-0.6166076660
-0.0513916016
-0.0513916016
0.5652313232
-0.1027679443
-0.3596954346
0.0000000000
0.6492156982
-0.5843048096
0.1298370361
0.1947631836
0.0000000000
-0.0649261475
0.1947631836
-0.1178436279
0.0000000000
0.1178436279
0.1178436279
-0.2357025146
-0.1178436279
0.0000000000
0.0000000000
0.0000000000
-0.2089080811
-0.1044464111
0.0000000000
0.0000000000
-0.4178161621
-0.5222625732
0.3133544922
0.1161193848
0.4257965088
0.3870849609
0.0000000000
-0.2322540283
0.6580505371
-0.1548309326
0.3096618652
0.0000000000
-0.4154205322
0.2492523193
0.0415344238
0.4569549561
0.3323364258
0.4985046387
-0.3738708496
0.0000000000
-0.1064758301
0.0000000000
-0.1064758301
0.0000000000
0.1064758301
-0.1064758301
-0.1064758301
0.6035919189
-0.1341400146
-0.2347259521
-0.3018035889
-0.6371307373
0.1341400146
-0.0335388184
0.1006011963
-0.2630157471
-0.1972656250
-0.7890472412
0.0000000000
0.1315002441
0.0000000000
-0.3287658691
0.0000000000
-0.1064758301
0.1064758301
0.1064758301
0.0000000000
-0.1064758301
0.0000000000
0.0000000000
0.1064758301
0.0573577881
-0.1720733643
-0.1720733643
-0.8603820801
-0.2294311523
0.0573577881
0.0573577881
0.1720733643
0.0000000000
0.8423767090
0.0467987061
0.2339935303
0.3743896484
0.0000000000
-0.1403961182
-0.0467987061
-0.3370056152
0.3370056152
0.1123352051
0.2246704102
0.0000000000
-0.1123352051
0.4493408203
0.1123352051
0.3847351074
0.3847351074
-0.1539001465
0.4616851807
0.1539001465
-0.3847351074
0.3077850342
0.0000000000
0.3535461426
-0.2357025146
-0.3535461426
-0.2357025146
-0.1178436279
0.2357025146
-0.1178436279
0.0000000000
-0.2243804932
0.3739624023
-0.1495819092
0.3739624023
-0.2991638184
-0.0747985840
-0.5983428955
0.0747985840
0.1622161865
0.9191894531
0.0811004639
0.2703552246
0.0811004639
0.1081390381
-0.0270385742
0.0811004639
0.2499237061
-0.2499237061
0.0624847412
0.3124084473
0.6248168945
0.3748931885
-0.1249694824
-0.3124084473
-0.1641845703
-0.8756713867
-0.1641845703
0.0547332764
0.0000000000
-0.2189178467
0.0547332764
0.1641845703
0.4908447266
-0.3926696777
0.0981750488
0.0000000000
-0.1963348389
0.2945098877
-0.2945098877
-0.1963348389
-0.2474365234
0.0000000000
-0.1237182617
0.1237182617
-0.2474365234
0.0000000000
0.1237182617
-0.1237182617
-0.1184692383
0.2369232178
-0.1184692383
0.2369232178
0.2369232178
-0.4738464355
0.0000000000
-0.1184692383
-0.4685668945
0.1561889648
-0.4685668945
0.4685668945
-0.1561889648
-0.0780944824
-0.1561889648
0.2342834473
0.1151733398
-0.2111511230
-0.2687225342
0.4414825439
0.1535644531
-0.3071136475
0.3455047607
-0.6526336670
-0.5561828613
0.4820251465
0.0000000000
0.1112365723
0.5932617188
0.1483154297
0.1483154297
0.0741577148
0.1225280762
0.0000000000
0.0816802979
-0.1633758545
0.8168640137
0.4492797852
-0.0408477783
-0.1633758545
0.1679992676
-0.3919830322
-0.2239990234
-0.0559997559
0.5039825439
-0.6159820557
0.0000000000
0.1679992676
0.0657501221
0.1315002441
0.1315002441
0.3287658691
0.2630157471
0.0000000000
-0.1315002441
-0.7890472412
0.9644470215
0.0924835205
-0.0132141113
-0.0396423340
-0.0792694092
-0.0132141113
-0.2113800049
0.0528411865
0.0991210938
-0.1840820312
0.9204254150
0.2407226562
0.0141601562
0.0141601562
-0.0708007812
0.1982421875
-0.5930633545
0.4612731934
-0.1317901611
0.1976928711
0.4612731934
0.0000000000
0.1317901611
-0.0659027100
-0.0693969727
-0.0555114746
0.0832824707
-0.0138854980
0.0000000000
-0.0832824707
-0.9854431152
0.0277557373
-0.6706237793
-0.1341247559
0.3353118896
-0.2682495117
0.1341247559
0.0000000000
0.1341247559
-0.4023742676
0.0395050049
0.9085998535
-0.3555450439
0.0790100098
-0.0987548828
-0.0197448730
-0.1185150146
-0.0592498779
-0.1172332764
0.0000000000
-0.1172332764
-0.2344665527
0.3517150879
-0.3517150879
0.0000000000
-0.3517150879
-0.2038421631
-0.4076843262
0.0000000000
-0.3057556152
-0.1019134521
-0.5095977783
-0.2038421631
0.1019134521
0.0424346924
0.4242858887
0.3818664551
0.2545776367
-0.2545776367
0.5940093994
-0.1272888184
0.3394317627
0.5339813232
-0.1907043457
-0.4958343506
-0.0762786865
0.0762786865
-0.0381469727
0.6102600098
0.0000000000
0.0000000000
0.1637268066
-0.8186035156
-0.0818634033
0.0000000000
-0.0818634033
0.0000000000
0.2455902100
0.6712341309
-0.1525573730
0.1220397949
-0.2745971680
-0.6102142334
-0.1220397949
-0.1220397949
0.0610198975
-0.4787292480
0.1595764160
0.0000000000
0.2393646240
-0.4787292480
0.4787292480
0.0797882080
-0.0797882080
-0.3741607666
0.2494506836
0.0000000000
0.0000000000
0.0000000000
0.1247253418
0.0000000000
0.0000000000
0.0560913086
-0.0560913086
0.0560913086
-0.8973846436
-0.1682586670
0.1121673584
0.1682586670
0.1121673584
-0.1223754883
0.8566284180
0.0000000000
-0.1223754883
0.0611877441
0.1223754883
-0.1835632324
0.2447509766
-0.4782714844
0.4531097412
0.4782714844
0.3775787354
0.2013854980
-0.2265472412
0.2265472412
0.1762084961
0.1103363037
0.1838836670
0.7723083496
0.2206573486
-0.0367736816
-0.1838836670
0.0367736816
-0.4780883789
0.1459960938
0.0729980469
-0.0729980469
-0.2919921875
-0.2919921875
0.4379882812
0.2919921875
-0.5839843750
-0.1425933838
0.3327178955
0.2376556396
0.8080444336
-0.0475311279
-0.0475311279
-0.2851867676
0.0000000000
0.7209014893
0.4405517578
-0.1201477051
0.0000000000
0.1602020264
0.2402954102
-0.0800933838
0.3604583740
0.3827667236
0.3238830566
0.6624755859
0.1177673340
0.0294494629
0.5005340576
-0.1913757324
0.0294494629
-0.0531311035
-0.9739379883
-0.0177154541
-0.0354156494
0.0531311035
-0.1416625977
-0.0531311035
0.1062469482
0.9670410156
-0.1000366211
0.0000000000
-0.0666961670
0.0000000000
0.0000000000
0.0666961670
-0.1000366211
-0.1237182617
0.2474365234
-0.1237182617
0.0000000000
0.0000000000
0.2474365234
0.1237182617
-0.1237182617
-0.1249389648
0.0000000000
0.0000000000
0.1249389648
0.1249389648
-0.3748321533
-0.2498779297
0.1249389648
-0.4107055664
0.4791564941
-0.3422546387
0.5476074219
0.0000000000
-0.1369018555
-0.0684509277
0.0684509277
0.1330718994
-0.1774291992
-0.1996002197
0.3770294189
0.1108856201
-0.3548431396
0.3770294189
-0.6875152588
-0.4038848877
0.4038848877
0.0000000000
-0.0897521973
0.3141326904
0.6282653809
0.3141326904
-0.0897521973
0.0740051270
-0.1850128174
0.0000000000
-0.2220153809
0.6660461426
0.6290435791
-0.1480102539
0.0740051270
0.0000000000
-0.2489624023
-0.2489624023
0.0000000000
0.6846466064
-0.4979248047
0.1244812012
0.1244812012
0.0000000000
0.0642547607
0.5782775879
0.0642547607
-0.1285095215
-0.0642547607
0.0000000000
-0.7067718506
0.9607696533
0.0738983154
-0.0295562744
-0.0147857666
-0.1182556152
0.0147857666
-0.2217102051
0.0000000000
0.0800170898
-0.1760559082
0.9282531738
0.2080535889
0.0000000000
0.0000000000
-0.1120300293
0.1920471191
-0.4564056396
0.4564056396
-0.0912780762
0.1825714111
0.4564056396
0.1825714111
0.0912780762
0.0000000000
-0.0856475830
-0.0171356201
0.1370391846
0.0342559814
0.0856475830
-0.0342559814
-0.9763793945
-0.0342559814
-0.5411987305
0.0000000000
0.4510040283
0.0000000000
0.0901947021
-0.2705993652
-0.0901947021
-0.3607940674
0.1338348389
0.9033660889
-0.3011169434
0.1338348389
-0.1003723145
-0.0334625244
-0.1003723145
0.0000000000
0.0000000000
-0.1249389648
0.0000000000
-0.1249389648
0.1249389648
-0.3748321533
0.1249389648
-0.2498779297
-0.0771789551
-0.0771789551
-0.0771789551
-0.3858642578
0.1543426514
-0.5402069092
-0.5402069092
0.1543426514
0.0385284424
0.4624328613
0.3468170166
0.1156005859
-0.2697448730
0.6165771484
0.0385284424
0.3853607178
0.4938354492
-0.2469177246
-0.4938354492
-0.0411529541
0.2469177246
0.0411529541
0.5761413574
0.0000000000
0.1014251709
0.1014251709
-0.7100219727
-0.1014251709
0.1014251709
0.0000000000
0.2028656006
0.2028656006
0.5289611816
-0.1113586426
-0.0835266113
-0.2227172852
-0.7795257568
0.0556793213
-0.1113586426
-0.0556793213
-0.4379882812
0.2189941406
-0.5109863281
-0.1459960938
-0.4379882812
0.2919921875
0.1459960938
0.0000000000
-0.3642120361
0.1213989258
-0.3642120361
0.0000000000
0.1213989258
-0.2428131104
-0.1213989258
-0.1213989258
0.2806854248
0.0000000000
0.0000000000
-0.7484741211
0.0935668945
0.1871185303
0.0935668945
0.0000000000
-0.3296203613
-0.3296203613
0.3296203613
-0.1648101807
0.3296203613
-0.1648101807
-0.3296203613
0.4120178223
-0.6152954102
0.4705200195
0.3257446289
0.3257446289
0.1809692383
-0.2171630859
0.1809692383
0.1809692383
0.1894683838
0.1894683838
0.6442108154
0.3410491943
0.0378875732
-0.2652587891
0.1894683838
-0.4926300049
-0.0821380615
0.0821380615
0.0821380615
0.0821380615
0.2463989258
0.3285217285
0.1642608643
-0.7391815186
-0.0785675049
0.3142700195
-0.2357025146
0.4714050293
0.0785675049
0.0000000000
-0.6285400391
-0.0785675049
0.5264739990
0.5703430176
-0.2193603516
0.3071136475
0.1316223145
0.1316223145
-0.0438690186
0.3948516846
0.4070739746
0.3392181396
0.6954040527
0.1187286377
0.0508880615
0.4409942627
-0.1187286377
-0.0339202881
-0.1052398682
-0.9471893311
-0.1052398682
-0.0210418701
0.0631408691
-0.2104797363
-0.0420989990
0.1262969971
0.8378601074
-0.1971435547
0.1478576660
0.0985717773
-0.1478576660
0.2957153320
0.0000000000
-0.1971435547
0.0000000000
0.2300720215
-0.1150360107
-0.1150360107
-0.1150360107
0.0000000000
0.0000000000
0.0000000000
-0.2474365234
0.0000000000
-0.1237182617
-0.1237182617
0.0000000000
-0.2474365234
-0.1237182617
0.1237182617
-0.5303192139
0.4714050293
-0.1767730713
0.4124755859
0.0589294434
-0.2946319580
-0.2946319580
0.0589294434
0.1935424805
-0.1382446289
-0.2488250732
0.4976654053
0.1382446289
-0.3317718506
0.3317718506
-0.6082611084
-0.3245239258
0.3786163330
0.1081695557
-0.2163543701
0.0000000000
0.5408782959
0.5408782959
-0.1081695557
0.1614379883
-0.2583007812
-0.0645751953
-0.2260131836
0.5811614990
0.6134490967
-0.1937255859
0.2583007812
0.0000000000
-0.3871002197
-0.1290283203
0.0645141602
0.6451721191
-0.4516296387
0.2580718994
-0.0645141602
0.0389404297
0.0000000000
0.6230773926
-0.1168212891
-0.3894195557
-0.0389404297
-0.0778808594
-0.6230773926
0.9655914307
0.0603485107
-0.0603485107
0.0000000000
-0.1206970215
0.0000000000
-0.1810455322
0.0000000000
-0.0252685547
-0.2274169922
0.8843994141
0.2274169922
0.0252685547
-0.1516113281
-0.0758056641
0.2526855469
-0.4517517090
0.3388214111
0.0000000000
0.1129455566
0.3388214111
0.2258758545
0.0000000000
0.1129455566
-0.0204467773
0.0204467773
0.2044219971
0.0613250732
0.1022033691
0.0000000000
-0.9607696533
-0.0817718506
-0.4445648193
0.1111450195
0.1111450195
0.0000000000
0.2222900391
-0.1111450195
-0.2222900391
-0.4445648193
0.4988861084
0.6236114502
-0.1870880127
0.3741607666
-0.0623626709
-0.0623626709
-0.1870880127
0.1247253418
0.1228332520
0.0000000000
0.0000000000
-0.1228332520
0.0000000000
-0.2456817627
0.1228332520
-0.2456817627
0.0797882080
-0.0797882080
-0.1595764160
-0.3989410400
0.1595764160
-0.4787292480
-0.4787292480
0.3191528320
0.1276245117
0.4679870605
0.2552642822
0.0000000000
-0.2978057861
0.6381530762
0.1701812744
0.3403472900
0.1780853271
-0.4006805420
-0.1780853271
-0.1335601807
0.4897155762
0.4006805420
0.5342407227
0.0890350342
0.1216278076
0.0000000000
-0.1216278076
-0.1216278076
-0.1216278076
0.1216278076
0.2432556152
0.1216278076
0.3244781494
-0.1081542969
-0.1081542969
-0.2884216309
-0.8292083740
0.1081542969
0.0000000000
-0.2163238525
-0.3836212158
0.1534423828
-0.6905059814
-0.2301635742
-0.2301635742
0.1534423828
0.1534423828
0.0000000000
-0.2477111816
0.1238555908
-0.1238555908
0.0000000000
0.2477111816
-0.3715667725
-0.1238555908
-0.1238555908
0.2468566895
0.1234283447
-0.2468566895
-0.2468566895
-0.1234283447
0.0000000000
0.2468566895
-0.2468566895
-0.1323699951
-0.1323699951
0.1985473633
-0.1985473633
0.5294494629
-0.3309020996
-0.5294494629
0.2647247314
-0.7454528809
0.3727264404
0.1242370605
0.2484893799
0.1242370605
-0.1863555908
0.1863555908
0.1242370605
0.1058807373
0.1058807373
0.5823516846
0.3176422119
-0.1058807373
-0.1588287354
0.2647094727
-0.5823516846
-0.0578308105
0.0578308105
0.0000000000
0.1735076904
0.7518615723
0.1156768799
0.0578308105
-0.5205230713
0.0000000000
0.3630828857
0.1452331543
-0.0726165771
-0.1452331543
-0.0726165771
-0.7987823486
0.0000000000
0.0877532959
0.6580963135
-0.1316223145
0.5264739990
0.0438690186
0.2632446289
-0.0877532959
0.3509826660
0.5151062012
0.3277893066
0.5619354248
0.2341308594
0.0936584473
0.4682769775
-0.0468292236
-0.0936584473
-0.1068267822
-0.9079742432
-0.1869354248
-0.0267028809
0.0801086426
-0.2403411865
-0.0801086426
0.1869354248
0.4147949219
0.0000000000
0.1659088135
0.1659088135
-0.0829620361
0.6636657715
-0.1659088135
-0.2488708496
0.0000000000
0.0000000000
0.0000000000
0.0000000000
0.0000000000
0.0588226318
0.0000000000
0.0000000000
0.0000000000
0.0000000000
0.1150360107
0.0000000000
-0.1150360107
-0.2300720215
0.0000000000
0.1150360107
-0.5466308594
0.1214752197
-0.1822052002
0.3644256592
0.0607299805
-0.4251556396
-0.4251556396
0.1822052002
0.2138671875
-0.0305480957
-0.3360900879
0.7332763672
0.1527709961
-0.2138671875
0.2138671875
-0.3971862793
-0.1380004883
0.1840057373
0.0919952393
-0.3220062256
0.0000000000
0.5059967041
0.6900024414
-0.1840057373
0.2235565186
-0.3353271484
-0.1117706299
-0.2608032227
0.4470977783
0.5961303711
-0.2980651855
0.2608032227
-0.1193084717
-0.4772186279
0.2982635498
0.0596466064
0.4175567627
-0.4772186279
0.2386016846
-0.2982635498
0.0814819336
0.0000000000
0.4889068604
-0.0814819336
-0.2851867676
-0.0814819336
-0.0814819336
-0.7740936279
0.9638519287
0.0292053223
-0.1752471924
-0.0584106445
0.0584106445
-0.0584106445
-0.0292053223
-0.0292053223
-0.1549682617
-0.2582855225
0.6715393066
0.1549682617
0.0516510010
-0.2582855225
0.1033172607
0.5165710449
-0.4918823242
0.1229705811
0.1229705811
-0.1229705811
0.1229705811
0.1229705811
-0.1229705811
0.1229705811
0.0814971924
0.0271606445
0.2173156738
0.1086578369
0.2173156738
0.0814971924
-0.9235839844
-0.0543212891
-0.1196746826
-0.1196746826
-0.3590087891
0.3590087891
-0.2393341064
0.1196746826
-0.2393341064
0.0000000000
0.3823242188
0.4779052734
0.0000000000
0.3823242188
0.0955810547
0.0000000000
-0.3823242188
0.0000000000
0.1228332520
0.1228332520
0.0000000000
0.0000000000
0.0000000000
-0.1228332520
0.2456817627
-0.2456817627
0.0000000000
-0.3087463379
-0.1029205322
-0.2058258057
0.1029205322
-0.3087463379
-0.5145721436
0.3087463379
0.0982208252
0.3437500000
0.0491027832
-0.1473236084
-0.4419708252
0.7366180420
0.0982208252
0.1473236084
-0.0895690918
-0.4926452637
0.1343536377
-0.1343536377
0.4926452637
0.4926452637
0.4030761719
0.0000000000
0.0911560059
0.0000000000
-0.0911560059
0.0000000000
0.0000000000
0.0911560059
0.0000000000
0.0000000000
0.3020782471
-0.0755157471
-0.0755157471
-0.6041412354
-0.6796722412
0.0755157471
-0.0755157471
-0.1132812500
-0.3642120361
-0.2428131104
-0.2428131104
-0.2428131104
0.0000000000
0.1213989258
0.2428131104
0.0000000000
-0.2432556152
0.1216278076
0.1216278076
-0.1216278076
0.1216278076
-0.1216278076
0.0000000000
0.1216278076
0.2486572266
0.0000000000
-0.2486572266
0.0000000000
-0.2486572266
0.0000000000
0.1243286133
0.0000000000
-0.0709686279
0.2129058838
0.2129058838
-0.2838745117
0.5677490234
-0.0709686279
-0.5677490234
0.0709686279
-0.6264953613
0.3579864502
0.0000000000
0.2684936523
0.1790008545
-0.1790008545
0.1790008545
0.1790008545
0.2176361084
0.1088256836
-0.4352722168
0.4352722168
-0.1088256836
0.0000000000
0.3264617920
0.0000000000
0.0724334717
0.0724334717
-0.0724334717
0.0000000000
0.8691253662
0.0724334717
0.0000000000
-0.2172851562
0.0569915771
0.3989105225
0.0569915771
-0.3989105225
-0.1139678955
-0.0569915771
-0.7408294678
0.0569915771
0.0000000000
0.4582519531
0.0000000000
0.7128295898
0.0000000000
0.3054962158
-0.1018371582
0.3054962158
0.5625152588
0.0803527832
0.2008972168
0.4821472168
0.2812500000
0.4821472168
0.1205444336
-0.1607208252
-0.1236724854
-0.8656921387
-0.2061157227
-0.0412292480
0.0824432373
-0.2473449707
-0.0824432373
0.2473449707
0.1088256836
0.1088256836
0.2176361084
0.0000000000
0.0000000000
0.6529235840
-0.2176361084
-0.1088256836
0.0000000000
0.0000000000
0.0000000000
0.0000000000
0.0000000000
0.0588226318
0.0000000000
0.0000000000
0.1178436279
0.0000000000
0.1178436279
0.0000000000
-0.1178436279
-0.2357025146
0.1178436279
0.0000000000
-0.5083160400
0.0726165771
-0.1452331543
0.2904663086
0.0000000000
-0.4356994629
-0.3630828857
0.3630828857
0.1529846191
0.0917816162
-0.2447662354
0.8872833252
0.1529846191
-0.0611877441
0.0611877441
-0.2447662354
0.1122436523
-0.0748291016
0.0748291016
-0.3741455078
-0.0748291016
0.5986328125
0.5986328125
-0.2619018555
0.2607269287
-0.3650207520
-0.0521392822
-0.2085876465
0.3650207520
0.5735931396
-0.3650207520
0.2607269287
-0.0544128418
-0.4352416992
0.6528625488
0.0000000000
0.4352416992
0.0000000000
0.2176208496
-0.2176208496
0.1417999268
0.0000000000
0.2363281250
-0.0945281982
-0.3308563232
0.0000000000
0.0945281982
-0.8507843018
0.9127502441
0.1140899658
-0.1521301270
-0.1521301270
0.1521301270
-0.1521301270
0.1140899658
-0.0380249023
-0.3259735107
0.0000000000
-0.3911743164
-0.0652008057
-0.1303863525
-0.3911743164
0.3911743164
0.5215606689
-0.5953521729
-0.1190643311
0.1190643311
0.0000000000
0.0000000000
-0.1190643311
-0.1190643311
0.1190643311
0.0577545166
-0.0577545166
0.2021331787
0.1732635498
0.1443786621
0.1443786621
-0.9240570068
0.0000000000
0.0000000000
-0.3042907715
-0.4057312012
0.3042907715
-0.1014251709
0.4057312012
-0.3042907715
-0.1014251709
0.2438964844
-0.1219482422
-0.1219482422
0.1219482422
0.3658599854
0.1219482422
-0.2438964844
0.2438964844
0.1243286133
0.1243286133
0.0000000000
0.1243286133
-0.1243286133
-0.1243286133
0.2486572266
-0.2486572266
-0.1237182617
0.0000000000
0.1237182617
0.1237182617
-0.1237182617
0.0000000000
-0.2474365234
0.2474365234
-0.0724334717
0.2897033691
0.0000000000
-0.2172851562
-0.6518402100
0.5069885254
0.0000000000
0.0724334717
-0.0857086182
-0.4285430908
0.2999877930
-0.0428619385
0.4714050293
0.4714050293
0.4285430908
-0.1714172363
0.1178436279
-0.1178436279
-0.2357025146
0.0000000000
0.1178436279
0.0000000000
0.0000000000
-0.1178436279
0.3326263428
-0.1247253418
-0.0415802002
-0.6652374268
-0.5820922852
0.0831604004
-0.1663055420
0.0000000000
-0.3963012695
-0.5944366455
0.0990753174
0.0990753174
0.1981506348
0.1981506348
-0.1981506348
0.0000000000
-0.0911560059
0.0911560059
0.0911560059
0.0000000000
0.0000000000
0.0000000000
0.0000000000
0.0000000000
0.2222900391
-0.1111450195
-0.2222900391
0.4445648193
-0.3334350586
-0.1111450195
-0.2222900391
0.2222900391
0.0752105713
0.5264587402
0.1504211426
-0.1504211426
0.4512481689
0.2256317139
-0.4512481689
-0.1504211426
-0.3674163818
0.2449493408
0.1224670410
0.2449493408
0.1224670410
-0.1224670410
0.2449493408
0.0000000000
0.3535461426
0.1178436279
-0.2357025146
0.3535461426
-0.2357025146
-0.1178436279
0.0000000000
0.2357025146
0.2332305908
-0.2332305908
-0.2332305908
-0.2332305908
0.3498535156
0.2332305908
-0.1166229248
-0.2332305908
0.0661773682
0.2647247314
0.0000000000
-0.2647247314
-0.2647247314
-0.2647247314
-0.7279968262
0.1985473633
0.1849822998
0.6474304199
0.1849822998
0.6011962891
0.0924835205
0.2312316895
-0.1387329102
0.0000000000
0.3437500000
-0.2455444336
-0.3437500000
0.4419708252
0.5401763916
0.2455444336
0.1964263916
-0.1964263916
-0.1874389648
-0.8122711182
-0.1874389648
0.0624847412
0.0624847412
-0.1874389648
0.0000000000
0.3124084473
-0.1249389648
-0.1249389648
0.2498779297
-0.1249389648
-0.1249389648
0.1249389648
-0.2498779297
-0.2498779297
0.0000000000
-0.1113433838
0.0000000000
0.0000000000
0.0000000000
0.2226867676
0.1113433838
0.0000000000
0.1064758301
0.0000000000
-0.1064758301
-0.1064758301
-0.1064758301
-0.1064758301
0.0000000000
0.0000000000
-0.3480072021
-0.2320098877
0.2320098877
0.0000000000
-0.2320098877
-0.3480072021
-0.1159973145
0.2320098877
0.1951446533
0.1300964355
-0.2927246094
0.8781738281
0.1626281738
0.0975799561
0.0325317383
-0.1300964355
0.1833953857
-0.1100311279
0.1100311279
-0.4034576416
-0.1833801270
0.6235198975
0.4768066406
-0.2934265137
0.2254028320
-0.2817535400
-0.1127014160
-0.0563507080
0.4508209229
-0.5635223389
-0.3381042480
0.3381042480
0.1445617676
-0.5300750732
0.6264495850
0.0963745117
0.2891235352
0.3373107910
0.1445617676
0.0481872559
0.1172485352
-0.0586242676
0.0586242676
0.0000000000
-0.2931060791
0.0586242676
0.0586242676
-0.8793334961
0.4430389404
-0.0805511475
0.2013854980
-0.2416534424
0.2416534424
-0.3624877930
0.6444244385
0.2013854980
-0.1981048584
0.0990600586
-0.7429046631
-0.1485748291
-0.0990600586
-0.3466796875
0.0990600586
0.3962097168
-0.1247863770
-0.2495727539
0.0000000000
-0.2495727539
-0.2495727539
-0.2495727539
0.0000000000
-0.1247863770
0.0322570801
-0.0322570801
0.1935272217
0.1612701416
0.0967559814
0.1290130615
-0.9353485107
0.0000000000
0.1878051758
-0.1252136230
-0.5634307861
-0.0626068115
-0.0626068115
0.5634307861
-0.1878051758
-0.3756256104
0.2019042969
-0.6056976318
0.2019042969
0.0000000000
0.1009521484
0.2019042969
-0.3028411865
0.2019042969
0.0000000000
-0.1238555908
0.2477111816
0.2477111816
-0.3715667725
-0.1238555908
0.1238555908
-0.1238555908
-0.2474365234
-0.1237182617
0.0000000000
0.1237182617
0.0000000000
0.1237182617
-0.1237182617
0.2474365234
0.1032409668
0.3097381592
0.3441467285
0.2409057617
-0.1032409668
0.6882934570
-0.3441467285
0.2753143311
-0.1445617676
-0.4337005615
0.3855133057
-0.0481872559
0.4337005615
0.3373107910
0.3855133057
-0.3373107910
0.1150360107
0.0000000000
0.0000000000
-0.1150360107
0.1150360107
0.0000000000
0.0000000000
-0.2300720215
0.3487548828
-0.1743774414
-0.1162567139
-0.5812683105
-0.5812683105
0.1743774414
-0.1162567139
0.0581207275
-0.4601287842
-0.5521545410
-0.1840515137
-0.0920257568
0.0000000000
0.3681030273
0.0000000000
-0.0920257568
0.0000000000
0.0000000000
0.0000000000
-0.0588226318
0.0000000000
0.0000000000
0.0000000000
0.0000000000
0.1415863037
-0.2831726074
-0.4247436523
-0.6371307373
-0.2831726074
-0.1415863037
0.0000000000
0.2123718262
0.1015777588
0.8125762939
-0.0507812500
0.3047180176
0.3554992676
0.1015777588
-0.0507812500
-0.1015777588
-0.1243286133
0.1243286133
0.0000000000
0.3729858398
0.0000000000
0.1243286133
0.1243286133
0.0000000000
0.1730346680
0.0865173340
-0.7786865234
0.0865173340
-0.0865173340
-0.0865173340
-0.2595672607
0.0865173340
0.2484588623
-0.2484588623
-0.1242218018
-0.2484588623
0.2484588623
0.1242218018
-0.1242218018
-0.1242218018
0.2528839111
0.0000000000
0.1264495850
0.6322326660
-0.4425659180
-0.2528839111
-0.2528839111
0.2528839111
0.1521301270
0.8519134521
0.2434082031
0.3042602539
0.1217041016
0.1521301270
-0.0912780762
-0.1521301270
-0.0434570312
-0.6518554688
-0.5214843750
-0.0434570312
0.4345703125
-0.0434570312
0.1303710938
0.1738281250
-0.1796875000
-0.6289367676
-0.2695465088
0.0000000000
0.0898437500
-0.2695465088
-0.0898437500
0.3593902588
0.7628173828
-0.0762786865
0.0000000000
-0.2288513184
-0.2288513184
-0.2288513184
-0.0762786865
-0.2288513184
0.0000000000
-0.1150360107
0.0000000000
0.2300720215
0.0000000000
0.1150360107
0.0000000000
-0.1150360107
0.0000000000
0.2486572266
-0.1243286133
0.1243286133
-0.1243286133
0.1243286133
0.1243286133
-0.2486572266
-0.3947601318
0.7401885986
-0.0986938477
0.3947601318
-0.1973876953
0.0000000000
-0.0493469238
0.0986938477
0.1312408447
-0.4374694824
0.0437469482
0.0874938965
0.1749877930
-0.3499755859
0.4374694824
-0.6124572754
-0.5828094482
0.3586578369
0.1793212891
0.0000000000
0.6276397705
0.1793212891
-0.0896606445
0.0000000000
0.1063232422
-0.4253234863
-0.4253234863
-0.2126617432
0.4253234863
0.5316467285
-0.1595001221
0.0000000000
0.0840911865
-0.2522888184
-0.0840911865
-0.2522888184
0.5886840820
-0.4204864502
-0.1681976318
0.2522888184
-0.1937103271
0.2905578613
0.4842681885
0.0000000000
-0.1937103271
-0.1937103271
0.2905578613
-0.3874053955
0.9757995605
0.0000000000
-0.0920562744
-0.0552368164
-0.0184173584
-0.1472930908
-0.0552368164
0.0184173584
0.0000000000
-0.1239166260
0.9169616699
0.2230529785
0.0495605469
-0.0991363525
-0.0247802734
0.2478332520
-0.3517150879
-0.1172332764
0.2344665527
0.0000000000
0.0000000000
0.3517150879
-0.1172332764
-0.3517150879
-0.0783843994
-0.1175842285
0.1763610840
0.0000000000
0.0979766846
-0.0587921143
-0.9602050781
0.0391998291
0.3042907715
0.1014251709
0.5071563721
0.0000000000
0.1014251709
0.0000000000
-0.3042907715
-0.4057312012
0.1763000488
0.9520263672
-0.1410369873
0.0000000000
-0.0352630615
0.0000000000
-0.0352630615
0.0000000000
0.0000000000
0.0000000000
-0.1250000000
-0.2500000000
0.3750000000
0.1250000000
-0.1250000000
0.0000000000
-0.2405242920
-0.3607788086
0.1202545166
-0.2405242920
-0.1202545166
-0.2405242920
0.2405242920
0.1202545166
-0.3764190674
0.1613159180
-0.1613159180
0.1075439453
-0.6452941895
0.3764190674
0.3764190674
0.0000000000
0.5791168213
-0.3685302734
-0.2632446289
-0.2105865479
0.2105865479
-0.4211730957
0.3158874512
0.0526428223
0.1099700928
0.2199401855
-0.5498504639
-0.1099700928
-0.2199401855
0.1099700928
0.0000000000
0.3299102783
0.3492584229
-0.3492584229
0.2993621826
0.0498962402
-0.7484130859
-0.0498962402
-0.0997924805
0.0997924805
-0.1670379639
0.3340911865
0.5846557617
-0.1670379639
0.0000000000
0.3340911865
0.3340911865
0.1670379639
-0.1249389648
0.2498626709
0.0000000000
0.0000000000
0.1249389648
0.2498626709
0.1249389648
0.2498626709
0.1224670410
-0.2449493408
-0.1224670410
0.2449493408
0.0000000000
0.1224670410
0.2449493408
-0.3674163818
-0.3283843994
-0.4378356934
0.2736511230
-0.6020202637
-0.0547332764
-0.1094665527
0.0547332764
0.3831024170
-0.5286712646
0.2643432617
0.2114715576
0.3171997070
0.2643432617
-0.3700714111
0.3700714111
0.2643432617
0.2549438477
0.0000000000
0.5099029541
0.2549438477
0.0000000000
-0.3399353027
0.2549438477
-0.4249114990
-0.2016296387
0.0000000000
0.0672149658
0.3360595703
0.4032745361
0.2688446045
0.0672149658
-0.6721191406
-0.0548095703
0.3288726807
0.1644287109
0.7673645020
-0.1096191406
-0.1096191406
-0.3836822510
0.0548095703
0.7598266602
0.1013031006
-0.0506591797
0.2532806396
0.0506591797
0.4052429199
0.0506591797
0.3039245605
0.3941650391
0.2782287598
0.6260223389
0.2086791992
0.0695648193
0.5564727783
0.0000000000
0.0000000000
-0.1082916260
-0.9205322266
-0.0812225342
-0.1082916260
0.0270690918
-0.0541534424
-0.1895294189
0.2436676025
0.8864746094
-0.2607269287
0.1042938232
0.1042938232
-0.1042938232
0.1042938232
0.1042938232
-0.0521392822
-0.1150360107
0.1150360107
-0.1150360107
0.1150360107
-0.1150360107
0.1150360107
-0.1150360107
0.0000000000
-0.1064758301
0.1064758301
-0.1064758301
0.1064758301
0.0000000000
0.1064758301
0.0000000000
0.0000000000
-0.2935943604
0.8388214111
-0.0419464111
0.3355255127
-0.1258239746
0.0000000000
-0.0838775635
0.1258239746
0.2751312256
-0.3668365479
0.0917053223
0.0917053223
0.2751312256
-0.2292785645
0.3209838867
-0.6878356934
-0.5634307861
0.3756256104
0.2347564697
-0.1408538818
0.5164794922
0.3286743164
0.1408538818
0.0000000000
0.1321258545
-0.4404296875
-0.3523406982
-0.3523406982
0.2642517090
0.5725555420
-0.2202148438
0.1761779785
0.0000000000
-0.2576904297
-0.0858917236
-0.0858917236
0.6012725830
-0.5153808594
0.0858917236
0.1717987061
0.0000000000
0.0968322754
0.5809631348
-0.1936492920
-0.4357147217
-0.0968322754
0.0484161377
-0.5809631348
0.9326934814
0.0532989502
-0.1865386963
-0.0266418457
-0.1598968506
-0.1065979004
-0.1598968506
-0.0799407959
0.0751495361
-0.0375671387
0.8641662598
0.1502838135
0.0000000000
-0.3757171631
-0.0375671387
0.1878662109
-0.2484588623
0.1242218018
0.3726806641
0.0000000000
0.1242218018
0.2484588623
0.0000000000
-0.1242218018
-0.0193176270
-0.0579376221
0.1931304932
0.0386199951
0.0965576172
-0.0193176270
-0.9656372070
-0.0579376221
0.2490844727
0.0000000000
-0.1245422363
0.0000000000
0.0000000000
-0.1245422363
-0.3736267090
-0.2490844727
0.6415557861
0.1833038330
0.2749481201
0.1833038330
-0.1833038330
0.0916442871
-0.1833038330
0.2749481201
0.1199951172
0.0000000000
-0.1199951172
-0.1199951172
0.2400054932
0.0000000000
-0.1199951172
0.1199951172
-0.1249389648
-0.2498779297
0.0000000000
-0.1249389648
0.0000000000
-0.3748321533
-0.1249389648
0.1249389648
-0.3422546387
0.0684509277
-0.2738037109
0.0000000000
-0.5476074219
0.2053527832
0.5476074219
0.0684509277
0.0637359619
-0.4461212158
0.0000000000
-0.2549285889
0.5735778809
0.0637359619
0.4461212158
0.2549285889
0.1202545166
0.1202545166
-0.4810485840
-0.1202545166
-0.2405242920
0.0000000000
0.1202545166
0.2405242920
-0.1786346436
-0.3572692871
0.2977294922
0.1786346436
-0.7145538330
0.0595397949
0.0000000000
-0.2977294922
-0.1887054443
0.2830657959
0.1887054443
-0.3774108887
-0.1887054443
0.1887054443
0.5661315918
0.0000000000
-0.1199951172
0.1199951172
-0.1199951172
0.0000000000
0.2400054932
0.0000000000
-0.1199951172
0.1199951172
0.1055145264
-0.1055145264
-0.1055145264
0.4220428467
0.4220428467
-0.1055145264
0.1055145264
-0.4220428467
-0.1064758301
-0.6921234131
0.2662048340
-0.4259185791
0.1064758301
-0.2662048340
-0.1064758301
0.2662048340
-0.5221099854
0.1491699219
0.0000000000
0.2237548828
0.2237548828
-0.3729400635
0.3729400635
0.3729400635
0.0829620361
-0.0829620361
0.5807037354
0.3318328857
-0.0829620361
-0.2488708496
0.2488708496
-0.4147949219
-0.2018737793
0.0403747559
0.0807495117
0.3633728027
0.6863708496
0.2422485352
-0.0403747559
-0.4844970703
0.0000000000
0.3496398926
0.0000000000
0.2797088623
-0.2097930908
0.0000000000
-0.7692108154
0.0000000000
0.2583160400
0.7749481201
-0.1291656494
0.3444213867
-0.0430603027
0.2583160400
0.0430603027
0.2583160400
0.5163726807
0.2581787109
0.5421905518
0.2581787109
0.1032714844
0.4905548096
0.1290893555
-0.1290893555
-0.1280212402
-0.8641357422
-0.1600189209
-0.0960083008
0.0640106201
-0.1280212402
-0.2560424805
0.2880401611
-0.0947570801
-0.3790283203
0.2842712402
0.0947570801
-0.5685577393
0.1895141602
0.0000000000
-0.2842712402
0.0000000000
0.1150360107
-0.2300720215
-0.1150360107
0.0000000000
0.0000000000
-0.1150360107
0.0000000000
0.0000000000
0.0000000000
-0.0785675049
0.0000000000
0.0000000000
0.0000000000
0.0000000000
-0.0785675049
-0.4194488525
0.6815948486
-0.1048583984
0.3670196533
-0.1048583984
-0.2097167969
-0.2097167969
0.1572875977
0.2904815674
-0.1936492920
-0.1936492920
0.5809631348
0.2904815674
-0.1936492920
0.1452331543
-0.5325469971
-0.3231201172
0.3769683838
0.2154083252
-0.3231201172
0.0538482666
0.3769683838
0.5923767090
-0.1077117920
0.2446594238
-0.4403839111
-0.3425140381
-0.3914489746
0.2446594238
0.4893188477
-0.2446594238
0.1957244873
-0.0657501221
-0.4602813721
0.1972656250
-0.1315002441
0.5917816162
-0.4602813721
0.1315002441
-0.0657501221
0.0696105957
0.0696105957
0.5569458008
-0.1392364502
-0.4177093506
-0.0696105957
-0.0696105957
-0.6613616943
0.9518280029
0.0000000000
-0.1969299316
-0.0328216553
-0.0656433105
-0.0984649658
-0.0656433105
-0.0328216553
0.0000000000
-0.0633544922
0.2534027100
0.1266937256
0.0000000000
-0.8235321045
0.0633544922
0.3167419434
-0.3741607666
0.0000000000
0.2494506836
-0.1247253418
0.0000000000
0.0000000000
0.0000000000
0.0000000000
0.0705108643
0.0000000000
0.1645355225
0.0470123291
0.1175231934
0.0234985352
-0.9636688232
-0.0705108643
0.0920257568
-0.0920257568
-0.7361907959
0.0000000000
0.0000000000
0.1840515137
-0.2760772705
-0.1840515137
0.5288391113
-0.3525543213
0.2644195557
0.1762847900
-0.1762847900
0.0000000000
-0.2644195557
0.3525543213
0.1178436279
0.0000000000
-0.1178436279
-0.1178436279
0.2357025146
0.0000000000
0.0000000000
0.1178436279
0.0000000000
-0.2495727539
0.1247863770
-0.2495727539
0.0000000000
-0.2495727539
-0.2495727539
0.1247863770
-0.2817687988
-0.2817687988
-0.3522186279
-0.2817687988
-0.4931030273
0.2113342285
0.4226531982
0.0704498291
-0.2146759033
-0.3863983154
0.3434753418
-0.3434753418
0.4722747803
0.3863983154
0.3005371094
0.2146759033
0.1064758301
0.0000000000
0.0000000000
0.0000000000
-0.1064758301
0.1064758301
0.1064758301
0.1064758301
-0.4895019531
-0.4195709229
0.2797088623
-0.1398620605
-0.4195709229
0.0699310303
0.1398620605
-0.3496398926
-0.3352050781
0.1117401123
0.2234802246
-0.2234802246
-0.2234802246
0.0000000000
0.4469451904
-0.2234802246
-0.1113433838
0.0000000000
0.0000000000
0.0000000000
0.2226867676
0.0000000000
-0.1113433838
0.0000000000
0.2484588623
0.1242218018
0.0000000000
0.0000000000
0.1242218018
-0.3726806641
0.1242218018
-0.2484588623
-0.0739746094
-0.4438781738
0.2219390869
-0.3698883057
0.3698883057
-0.2959136963
-0.4438781738
0.0739746094
-0.4786834717
0.0000000000
0.0000000000
0.0000000000
0.1196746826
-0.2393341064
0.2393341064
0.2393341064
0.1249389648
-0.1249389648
-0.1249389648
0.1249389648
-0.1249389648
0.2498779297
0.2498779297
-0.2498779297
-0.1131134033
0.0754089355
0.0000000000
0.2262268066
0.8672332764
0.1885223389
-0.0754089355
-0.3016510010
0.0604095459
0.3624267578
0.0604095459
-0.1208038330
-0.0604095459
0.0604095459
-0.8456726074
0.0604095459
0.0000000000
0.8541564941
-0.0813446045
0.3660736084
0.0406799316
0.2440490723
0.0000000000
0.1220245361
0.6378479004
0.0671386719
0.2014312744
0.4028472900
0.2685699463
0.4700012207
0.1678619385
-0.1678619385
-0.1417999268
-0.8035125732
-0.1890563965
-0.1417999268
0.0945281982
-0.1890563965
-0.2835998535
0.2835998535
-0.6012725830
0.0000000000
0.0858917236
0.0858917236
-0.4294891357
0.2576904297
0.0000000000
-0.3435821533
0.0000000000
0.0588226318
0.0000000000
0.0000000000
0.0000000000
0.0000000000
0.0000000000
0.0000000000
0.0000000000
-0.1113433838
0.1113433838
0.0000000000
-0.1113433838
-0.1113433838
0.1113433838
-0.1113433838
-0.4079742432
0.0000000000
-0.0815887451
0.3263702393
-0.1631927490
-0.4079742432
-0.2447814941
0.4895629883
0.1439056396
0.0479736328
-0.2398376465
0.8633880615
0.1918640137
-0.0479736328
-0.0479736328
-0.2398376465
0.0483551025
0.0967102051
0.1934204102
-0.3868560791
-0.1934204102
0.4835662842
0.6286315918
-0.2417907715
0.3211669922
-0.4014587402
-0.2408752441
-0.4817504883
-0.2408752441
0.3211669922
-0.2408752441
0.0802917480
-0.1341247559
-0.4023742676
0.6706237793
-0.1341247559
0.2682495117
-0.1341247559
0.2011871338
-0.2682495117
0.1754913330
0.0877532959
0.3509826660
-0.0877532959
-0.2632446289
-0.0438690186
0.0438690186
-0.8335876465
0.8828735352
0.0490417480
-0.1961975098
-0.1961975098
0.1961975098
-0.1471405029
0.0490417480
0.0000000000
0.0546417236
0.0546417236
-0.6011352539
-0.0546417236
-0.2185974121
-0.6011352539
0.2732391357
0.2185974121
-0.4918823242
-0.1229705811
0.2459411621
-0.1229705811
0.0000000000
0.0000000000
-0.1229705811
0.0000000000
0.1063079834
0.0000000000
0.0354309082
0.1771850586
0.2126159668
0.1417388916
-0.9213562012
-0.0354309082
0.0947570801
-0.0947570801
-0.6633148193
0.0947570801
-0.1895141602
0.3790283203
-0.1895141602
0.0000000000
0.1990661621
-0.5971984863
0.2985992432
0.0995330811
0.0995330811
0.0995330811
-0.1990661621
0.2985992432
0.0000000000
0.0911560059
0.0000000000
0.0000000000
0.0000000000
0.0000000000
0.0911560059
0.0911560059
-0.1178436279
0.0000000000
0.1178436279
-0.1178436279
0.0000000000
0.0000000000
-0.2357025146
0.1178436279
-0.2688446045
-0.3360595703
-0.4032745361
-0.3360595703
-0.5377044678
0.2016296387
0.2016296387
-0.1344299316
-0.2946319580
-0.3367156982
0.5050811768
-0.2525329590
0.3787994385
0.4629821777
0.2525329590
0.0420837402
0.1000061035
-0.1000061035
0.0000000000
0.0000000000
0.1000061035
0.0000000000
0.0000000000
-0.1000061035
-0.1637268066
-0.2455902100
0.3274383545
-0.6548919678
-0.3274383545
-0.0818634033
-0.0818634033
-0.1637268066
-0.1927642822
-0.1927642822
0.7067718506
-0.0642547607
-0.1285095215
0.0000000000
0.4497680664
-0.2570037842
0.0000000000
0.0911560059
0.0000000000
0.0000000000
0.0911560059
0.0000000000
-0.0911560059
0.0000000000
0.3443145752
0.0000000000
0.1147766113
0.1147766113
-0.2295379639
-0.3443145752
-0.3443145752
0.2295379639
0.1060485840
0.2120971680
0.2120971680
-0.2120971680
0.2120971680
0.3181304932
-0.5302276611
-0.1060485840
-0.3689117432
0.1229705811
0.0000000000
0.2459411621
0.0000000000
-0.2459411621
0.1229705811
0.2459411621
0.0898437500
0.1796875000
-0.6289367676
-0.0898437500
-0.0898437500
0.3593902588
-0.0898437500
0.3593902588
0.0720520020
0.0720520020
0.0000000000
0.0000000000
0.8646545410
0.2161560059
0.0000000000
-0.1441040039
0.2077789307
0.2770385742
-0.2770385742
0.0000000000
0.2077789307
0.0000000000
-0.7618713379
0.1385192871
0.1500549316
0.7502899170
0.0500183105
0.5502014160
0.0000000000
0.1500549316
-0.0500183105
0.0500183105
0.4756774902
-0.2774810791
-0.3171081543
0.4360351562
0.4360351562
0.3171081543
0.1981964111
-0.1585540771
-0.1911621094
-0.5734863281
-0.1911621094
0.0000000000
0.0955810547
-0.1911621094
-0.2867431641
0.3823242188
-0.5499114990
0.0916442871
0.0916442871
0.0000000000
-0.4582519531
0.1833038330
0.0916442871
-0.3666076660
0.0000000000
0.0000000000
0.0000000000
0.0000000000
0.0000000000
0.0000000000
0.0000000000
0.0000000000
0.0000000000
0.0000000000
0.0000000000
0.0000000000
-0.1000061035
-0.1000061035
0.1000061035
-0.1000061035
-0.3214111328
-0.4285430908
0.1071319580
0.1071319580
-0.2142791748
-0.3214111328
0.1071319580
0.3214111328
0.1421203613
0.0473785400
-0.1421203613
0.9000549316
0.2368621826
0.0947418213
-0.0947418213
0.0000000000
0.1543579102
0.0000000000
0.2572631836
-0.3601684570
-0.2572631836
0.5145263672
0.5659790039
-0.2058105469
0.2416381836
-0.0805511475
-0.1611022949
-0.3221893311
-0.2416381836
-0.6443786621
-0.3221893311
0.0805511475
0.0614166260
-0.4299163818
0.6755981445
-0.1228332520
0.3684997559
0.2456665039
0.0614166260
-0.1228332520
0.2297668457
0.0000000000
0.1838073730
-0.0459442139
-0.2297668457
0.1378631592
0.0919036865
-0.8730926514
0.5822296143
-0.0447845459
0.1791381836
-0.2687225342
0.3135070801
-0.3135070801
0.4926452637
0.2239379883
0.0454254150
0.0000000000
-0.7722778320
0.0908508301
-0.2271423340
-0.4088592529
0.1817169189
0.2725677490
-0.3750000000
-0.1250000000
0.0000000000
-0.1250000000
0.0000000000
-0.1250000000
0.0000000000
-0.2500000000
0.1211242676
-0.0807495117
-0.0403747559
0.1614990234
0.1211242676
0.1211242676
-0.9286346436
0.0807495117
0.2250518799
0.0000000000
-0.6751556396
0.0562591553
0.0000000000
0.5063629150
-0.2250518799
-0.2813110352
0.0588226318
-0.8823547363
0.1764678955
0.0000000000
0.0000000000
0.0588226318
-0.1176452637
0.2352905273
0.0000000000
0.0000000000
0.0000000000
0.0785675049
0.0000000000
0.0000000000
0.0785675049
0.0000000000
-0.1199951172
0.0000000000
0.2400054932
0.0000000000
-0.1199951172
0.1199951172
0.1199951172
0.1199951172
-0.2058258057
0.3430480957
0.0686035156
-0.0686035156
-0.6174926758
0.4802703857
-0.2058258057
0.1372222900
-0.2650299072
-0.3092041016
0.5300598145
-0.1766815186
0.3975372314
0.3975372314
0.3533630371
-0.1325073242
0.1064758301
0.0000000000
0.1064758301
0.0000000000
0.0000000000
-0.1064758301
0.1064758301
-0.1064758301
-0.3230743408
-0.3230743408
0.3230743408
-0.4307708740
0.0000000000
-0.1076965332
-0.2153778076
-0.1076965332
-0.3294830322
-0.3953704834
0.5930633545
-0.1317901611
-0.0659027100
0.1976928711
0.2635803223
-0.3294830322
0.0000000000
0.0000000000
0.0000000000
-0.0911560059
0.0000000000
0.0911560059
-0.0911560059
0.0000000000
0.1219482422
0.0000000000
0.1219482422
0.0000000000
-0.3658599854
-0.1219482422
-0.3658599854
0.2438964844
0.0000000000
0.5023651123
0.3014221191
0.0000000000
0.3014221191
0.4018859863
-0.2009429932
0.0000000000
0.0000000000
0.2456817627
0.0000000000
0.2456817627
0.1228332520
0.0000000000
0.1228332520
0.1228332520
0.0000000000
-0.1444854736
-0.5779266357
-0.1444854736
-0.2167205811
0.3612060547
-0.2889556885
0.4334411621
0.2332305908
0.0000000000
0.0000000000
-0.3498535156
0.4664764404
0.2332305908
0.0000000000
-0.1166229248
0.2349853516
0.0000000000
-0.2349853516
0.7049713135
0.0000000000
-0.0783233643
-0.3916473389
0.1566619873
0.2063598633
0.7738342285
0.2063598633
0.4642944336
0.0000000000
0.1031799316
0.0000000000
-0.0515899658
0.2128906250
-0.6031799316
-0.4612579346
0.1773986816
0.5322113037
0.1064453125
0.1064453125
0.0000000000
-0.1229705811
-0.4918823242
0.1229705811
0.0000000000
0.0000000000
-0.2459411621
0.0000000000
0.1229705811
-0.2522888184
0.0000000000
0.0000000000
-0.3363952637
-0.5045928955
-0.2522888184
0.0840911865
-0.5045928955
0.0000000000
-0.1000061035
0.0000000000
0.0000000000
-0.1000061035
0.1000061035
0.1000061035
0.0000000000
-0.1216278076
0.1216278076
-0.1216278076
-0.1216278076
-0.2432556152
0.0000000000
0.1216278076
-0.1216278076
-0.0840911865
-0.7568817139
0.1681976318
0.0000000000
0.0000000000
-0.1681976318
0.3363952637
-0.0840911865
0.2209014893
0.2209014893
-0.2209014893
0.6627197266
0.3313598633
0.3865814209
-0.1656799316
0.1656799316
0.2394561768
-0.0598602295
0.1795959473
-0.4190521240
-0.4190521240
0.5387725830
0.2993164062
-0.2394561768
0.1300048828
0.0433349609
-0.1733398438
-0.0866699219
0.1733398438
-0.9100341797
-0.0866699219
0.1300048828
0.2814025879
-0.3752136230
0.6566162109
0.0000000000
0.0000000000
0.5159149170
0.0469055176
0.0937957764
0.1044464111
0.0000000000
0.0000000000
0.0000000000
-0.1044464111
0.2089080811
0.0000000000
-0.7311706543
0.1997528076
-0.1664581299
0.3329162598
-0.2996215820
0.2330322266
-0.4327850342
0.6325225830
0.2330322266
0.0869903564
0.0869903564
-0.8699645996
0.0435028076
-0.1304931641
-0.2174835205
0.0869903564
0.3044891357
-0.2416839600
-0.3625183105
0.2416839600
-0.1208343506
-0.2416839600
0.0000000000
-0.1208343506
-0.2416839600
0.2144775391
-0.2144775391
0.0000000000
0.0536193848
0.1608581543
-0.0536193848
-0.8579254150
0.2144775391
0.3308563232
0.0945281982
-0.5671844482
-0.1417999268
0.0000000000
0.4726562500
-0.1417999268
-0.4726562500
0.1433715820
-0.7885589600
0.3584289551
-0.0716857910
-0.1433715820
0.0716857910
-0.1433715820
0.0716857910
0.0000000000
0.0000000000
0.0911560059
0.0911560059
-0.0911560059
0.0000000000
0.0000000000
0.0000000000
-0.3014221191
0.4018859863
0.2009429932
0.3014221191
-0.2009429932
0.4018859863
0.1004791260
0.2009429932
0.2474517822
0.2721862793
0.2721862793
0.3216857910
0.0494842529
0.6433715820
-0.4206695557
0.2721862793
-0.3726806641
-0.2662048340
0.5323944092
-0.1597137451
0.3194427490
0.3726806641
0.3194427490
-0.2129516602
0.2300720215
0.0000000000
0.1150360107
0.0000000000
0.0000000000
0.0000000000
0.1150360107
-0.1150360107
-0.4352722168
-0.4352722168
0.3264617920
0.2176361084
-0.1088256836
0.0000000000
-0.1088256836
0.0000000000
-0.2439880371
-0.3253173828
0.4066467285
0.0813293457
-0.2439880371
0.3253173828
0.3253173828
-0.4066467285
0.0000000000
-0.0911560059
0.0000000000
-0.0911560059
0.0000000000
0.0911560059
0.0000000000
0.0000000000
-0.0689392090
-0.1378631592
-0.2757263184
-0.8271942139
-0.1378631592
-0.1378631592
0.0000000000
0.1378631592
0.0000000000
0.7261810303
-0.0605163574
0.4841156006
0.3025817871
0.1210327148
-0.0605163574
-0.0605163574
0.1250000000
0.1250000000
0.1250000000
0.3750000000
0.0000000000
0.0000000000
0.2500000000
0.0000000000
-0.0713195801
-0.1426544189
-0.5706024170
-0.2852935791
-0.0713195801
0.2852935791
-0.3566284180
0.4279479980
0.4640045166
0.0000000000
-0.2320098877
-0.2320098877
0.3480072021
0.0000000000
-0.1159973145
-0.1159973145
0.2665710449
-0.2132568359
0.1066284180
0.8530426025
-0.0533142090
0.0533142090
0.0000000000
0.2132568359
0.2352752686
0.7999572754
0.1882324219
0.3764495850
0.0941162109
0.0941162109
-0.0470581055
-0.1882324219
0.0000000000
-0.7262573242
-0.3631286621
-0.2178802490
0.3631286621
-0.1089324951
0.0000000000
0.3268127441
-0.2416839600
0.2416839600
-0.1208343506
-0.1208343506
0.0000000000
-0.3625183105
-0.2416839600
0.2416839600
0.8990478516
0.0000000000
-0.0473175049
-0.1419525146
-0.2365875244
-0.0473175049
0.0473175049
-0.1892700195
