0.0000000000
0.0000000000
0.0000000000
0.0000000000
0.0785675049
0.0000000000
0.0000000000
0.0785675049
0.1249389648
-0.3748321533
0.0000000000
0.1249389648
-0.1249389648
0.0000000000
0.2498779297
-0.1249389648
-0.0593414307
0.9939270020
0.0000000000
0.0148315430
0.0000000000
-0.0296630859
0.0148315430
0.0148315430
-0.1315002441
0.0657501221
-0.4273681641
0.6903686523
0.1643676758
-0.0657501221
-0.0986175537
-0.4931182861
0.1701812744
-0.1701812744
-0.4254455566
0.0425415039
-0.6381530762
-0.3828887939
-0.3828887939
0.0000000000
-0.0780334473
0.1755523682
0.0390167236
-0.0585174561
-0.6047058105
-0.7412414551
0.0000000000
-0.1755523682
0.0448760986
0.4487609863
0.3590087891
0.0448760986
-0.7628936768
-0.0448760986
-0.0897521973
0.0897521973
0.1242218018
0.1242218018
0.0000000000
0.0000000000
-0.1242218018
0.0000000000
0.1242218018
-0.4969024658
0.7596282959
0.2532043457
0.2532043457
-0.0422058105
-0.3798217773
0.2954101562
0.0422058105
0.0422058105
0.1014556885
-0.0202941895
0.8927459717
0.3449249268
-0.0608673096
-0.2231903076
0.0811614990
0.0000000000
-0.1199951172
-0.1199951172
0.0000000000
-0.1199951172
0.0000000000
0.1199951172
-0.2400054932
-0.1199951172
0.0467376709
0.0233764648
-0.0467376709
0.0467376709
-0.0467376709
0.0701141357
-0.9814910889
-0.0701141357
0.2459411621
-0.1229705811
0.4918823242
-0.1229705811
0.1229705811
0.0000000000
0.0000000000
0.0000000000
0.0228729248
0.9833526611
-0.0228729248
0.0228729248
-0.0686035156
-0.0228729248
-0.0686035156
-0.0686035156
0.0000000000
0.0000000000
0.0000000000
0.0000000000
0.0588226318
0.0000000000
0.0000000000
0.0000000000
-0.1224670410
0.0000000000
0.0000000000
0.1224670410
-0.1224670410
-0.2449493408
0.1224670410
0.4898986816
0.3237152100
0.2774658203
0.7399291992
0.1849822998
0.0462493896
0.3699645996
-0.0924835205
0.1387329102
-0.6062622070
-0.1212463379
0.4850006104
-0.0606231689
-0.0606231689
-0.1212463379
-0.4850006104
-0.0606231689
0.1150360107
0.0000000000
0.1150360107
0.0000000000
-0.2300720215
0.1150360107
0.0000000000
0.0000000000
0.4544219971
0.2272186279
-0.5112304688
0.0568084717
0.1704101562
0.5112304688
0.1704101562
0.2272186279
-0.1206817627
-0.0804443359
0.7240447998
-0.3217926025
-0.3016815186
0.0201110840
0.4625854492
-0.1810150146
0.0000000000
0.0000000000
0.0000000000
0.0785675049
0.0000000000
0.0000000000
-0.0785675049
0.0000000000
0.0000000000
-0.0830688477
-0.0553741455
-0.9691619873
0.0553741455
0.0553741455
0.0276947021
-0.1384582520
-0.0224609375
0.9882965088
0.0449218750
-0.0449218750
0.0449218750
0.0000000000
0.0000000000
-0.0224609375
-0.2201538086
0.0733795166
-0.0733795166
0.2201538086
0.5870819092
-0.2935485840
0.2935485840
0.4403228760
-0.1583862305
-0.1055908203
-0.5807342529
-0.3695526123
-0.1055908203
0.1583862305
-0.1583862305
0.5807342529
-0.3041992188
-0.4394073486
0.3041992188
0.2366027832
0.3041992188
0.3718109131
0.2028045654
-0.5070037842
0.1284332275
-0.0285491943
-0.1427154541
0.9704284668
0.0856323242
-0.0142669678
-0.0570831299
0.0570831299
-0.1124725342
0.9747161865
0.0187377930
0.0000000000
0.0749816895
-0.1312103271
-0.0374908447
-0.0374908447
0.3264617920
-0.4570465088
0.2938232422
-0.3917541504
0.1632385254
0.4570465088
0.3264617920
0.2611694336
0.2295379639
-0.3443145752
0.2295379639
-0.3443145752
0.0000000000
-0.1147766113
0.3443145752
-0.1147766113
-0.1811065674
0.4527893066
0.0000000000
0.0000000000
-0.5433349609
0.1811065674
-0.2716674805
0.2716674805
0.1250000000
0.2500000000
-0.1250000000
0.0000000000
-0.1250000000
-0.2500000000
-0.2500000000
0.1250000000
0.0911560059
-0.0911560059
0.0000000000
0.0000000000
0.0000000000
0.0000000000
0.0911560059
0.0000000000
-0.0347747803
0.9911804199
0.0347747803
-0.0695495605
-0.0173950195
-0.0173950195
0.0000000000
0.0000000000
-0.0320739746
0.1282806396
-0.4810638428
0.6414031982
0.2244873047
-0.2244873047
-0.0641479492
-0.4489898682
0.0821685791
0.0000000000
-0.1643371582
0.0821685791
-0.9038391113
-0.2465057373
-0.1643371582
0.0000000000
-0.0229339600
0.1146697998
-0.0229339600
0.0000000000
-0.6880340576
-0.6651000977
0.0229339600
-0.2293395996
-0.0989379883
0.3462677002
0.2473297119
0.0494689941
-0.8409271240
-0.0989379883
-0.0989379883
0.0000000000
0.0000000000
-0.1111450195
-0.6668548584
0.0000000000
0.1111450195
-0.2222900391
-0.1111450195
0.0000000000
0.5994720459
0.2497863770
0.2497863770
-0.2497863770
-0.4995727539
0.3497009277
0.0000000000
0.0000000000
0.0419006348
0.0628356934
0.8797607422
0.3351440430
-0.2094726562
-0.1675720215
0.1466217041
0.0209503174
-0.3553924561
0.1184692383
0.1184692383
0.1184692383
0.3553924561
0.3553924561
0.0000000000
0.1184692383
0.0000000000
0.1304016113
-0.0652008057
0.0217285156
-0.0217285156
0.0434722900
-0.9779968262
-0.0652008057
0.2549438477
0.0000000000
0.7648468018
0.0000000000
-0.1699676514
-0.2549438477
0.0849761963
0.0000000000
0.0351562500
0.9844207764
-0.0175781250
0.0351562500
-0.0527343750
0.0000000000
-0.0878906250
-0.0878906250
-0.1178436279
-0.1178436279
-0.1178436279
-0.2357025146
0.1178436279
0.0000000000
0.0000000000
0.0000000000
-0.1945648193
-0.3891448975
0.0000000000
0.0972900391
-0.1945648193
0.0000000000
0.5837097168
0.2918548584
0.3548431396
0.3548431396
0.6277923584
0.1910705566
0.1910705566
0.3821411133
-0.2729492188
0.1910705566
-0.3607940674
-0.3607940674
0.4510040283
0.0000000000
-0.0901947021
-0.1804046631
-0.4510040283
-0.0901947021
0.0000000000
0.0000000000
0.0911560059
0.0000000000
-0.0911560059
0.0911560059
0.0000000000
0.0000000000
0.8042297363
0.2412719727
-0.2412719727
-0.3216857910
0.0000000000
0.2010650635
0.1206359863
0.1608428955
-0.1296997070
-0.0926361084
0.8152160645
-0.2964477539
-0.1852722168
-0.0185241699
0.3149719238
-0.2779235840
0.0000000000
0.0000000000
-0.1199951172
0.1199951172
0.1199951172
-0.2400054932
-0.1199951172
-0.1199951172
-0.0262756348
-0.1576690674
0.0262756348
-0.9722747803
0.0262756348
0.0525512695
0.0000000000
-0.0525512695
-0.0691986084
0.9861297607
0.0173034668
-0.1038055420
0.0173034668
-0.0173034668
-0.0346069336
-0.0173034668
-0.3211669922
0.2408752441
0.0802917480
0.2408752441
0.4817504883
-0.2408752441
0.4014587402
0.3211669922
-0.3230743408
0.2153778076
0.3230743408
-0.4307708740
0.0000000000
-0.1076965332
0.1076965332
-0.3230743408
-0.2138824463
-0.5988769531
0.2566528320
0.0855560303
0.2566528320
0.3422088623
0.1283264160
-0.5133209229
0.0856933594
-0.0612182617
-0.1101837158
0.9794006348
0.0979461670
-0.0244903564
-0.0122375488
0.0489654541
-0.1269989014
0.9842376709
0.0635070801
0.0000000000
0.0158691406
-0.0476226807
0.0158691406
-0.0158691406
0.3415374756
-0.4098358154
0.4781494141
-0.3415374756
0.0000000000
0.4439849854
0.1366119385
0.3415374756
0.0868377686
-0.6947021484
-0.1736755371
-0.4341888428
0.0000000000
-0.1736755371
0.0000000000
0.0000000000
0.1076965332
0.4307708740
-0.2153778076
0.2153778076
-0.2153778076
0.4307708740
0.0000000000
0.2153778076
0.2456817627
0.2456817627
-0.1228332520
0.0000000000
0.0000000000
-0.1228332520
-0.1228332520
0.0000000000
0.0000000000
0.0000000000
0.1150360107
-0.1150360107
-0.1150360107
-0.2300720215
0.0000000000
0.0000000000
0.0000000000
0.9914855957
0.0347900391
-0.0521850586
-0.0173950195
0.0521850586
0.0000000000
-0.0173950195
0.0511779785
0.3070983887
-0.3582763672
0.5630035400
0.2559051514
-0.2047271729
-0.0511779785
-0.5118255615
-0.1513671875
0.1135253906
-0.0756835938
0.1513671875
-0.8324890137
-0.3027191162
-0.3027191162
0.1135253906
0.0753631592
0.0376739502
-0.1130371094
0.0753631592
-0.7158966064
-0.5651855469
0.0753631592
-0.3014221191
-0.2250061035
0.3000030518
0.1499938965
0.0749969482
-0.7500000000
-0.1499938965
0.0749969482
-0.2250061035
-0.1242218018
-0.1242218018
-0.1242218018
-0.1242218018
-0.2484588623
-0.2484588623
-0.2484588623
0.2484588623
0.4416809082
0.3785858154
0.0630950928
-0.1892852783
-0.5678710938
0.2523956299
-0.3154907227
-0.0630950928
0.0834503174
0.0000000000
0.9180145264
0.2503662109
-0.2225494385
0.0000000000
0.1112670898
0.0278167725
-0.3719177246
0.0000000000
0.2231445312
0.2231445312
0.5950622559
0.4462890625
0.0000000000
0.1487579346
-0.0400238037
0.1400756836
-0.0200042725
0.0000000000
-0.0600280762
0.0000000000
-0.9805603027
-0.0200042725
0.2320098877
0.0000000000
0.4640045166
0.0000000000
-0.3480072021
-0.2320098877
0.1159973145
-0.1159973145
0.1191253662
0.9529571533
-0.1389770508
0.0595550537
-0.0595550537
0.0000000000
-0.1389770508
-0.1389770508
-0.1249389648
0.0000000000
-0.2498779297
-0.2498779297
0.2498779297
0.2498779297
0.0000000000
0.0000000000
-0.2156066895
-0.4312133789
0.0000000000
0.1437377930
-0.2156066895
0.0718688965
0.7187042236
-0.0718688965
0.3661956787
0.3994903564
0.6325225830
0.1664581299
0.1664581299
0.3661956787
-0.2663269043
0.0998687744
-0.0835266113
-0.4176177979
0.5011291504
0.0835266113
0.0835266113
-0.4176177979
-0.3340911865
-0.1670379639
-0.1150360107
0.1150360107
0.2300720215
0.0000000000
-0.1150360107
0.0000000000
0.0000000000
0.0000000000
0.8703765869
0.1813201904
-0.1813201904
-0.2901306152
-0.1813201904
0.0725250244
0.1087951660
0.0000000000
-0.1456756592
-0.1456756592
0.8324127197
-0.2705383301
-0.0416259766
-0.0624237061
0.1248626709
-0.3954010010
0.1150360107
0.1150360107
-0.1150360107
0.0000000000
0.1150360107
-0.1150360107
-0.1150360107
-0.1150360107
0.0321655273
-0.1608428955
0.0321655273
-0.9651031494
0.0643463135
0.0321655273
-0.0321655273
-0.0321655273
-0.0714569092
0.9826049805
0.0178680420
-0.1250610352
-0.0178680420
-0.0178680420
-0.0357360840
-0.0357360840
-0.2842712402
0.2842712402
0.1895141602
0.1895141602
0.2842712402
-0.0947570801
0.5685577393
0.1895141602
-0.0694274902
0.2777099609
0.3471221924
0.0000000000
0.0694274902
-0.3471221924
0.3471221924
-0.6248321533
-0.1287689209
-0.6438446045
0.1931610107
0.0643920898
0.0643920898
0.3219299316
0.1287689209
-0.5150756836
0.0122528076
-0.0245208740
-0.0612945557
0.9929809570
0.0367736816
-0.0367736816
0.0245208740
0.0367736816
-0.1270446777
0.9800262451
0.0907440186
-0.0363006592
-0.0181427002
0.0363006592
-0.0181427002
0.0363006592
0.3649291992
-0.4105529785
0.5473937988
-0.1824645996
-0.1368560791
0.3193206787
0.0912322998
0.4105529785
0.0000000000
-0.7009887695
-0.2803955078
-0.4906921387
0.0000000000
-0.1401977539
0.0000000000
-0.0700988770
0.8922424316
0.1911926270
0.0000000000
-0.0637359619
-0.0637359619
-0.0637359619
0.0637359619
0.1274566650
0.0000000000
0.0911560059
0.0000000000
0.0911560059
0.0000000000
0.0000000000
-0.0911560059
0.0000000000
-0.2494506836
0.2494506836
0.1247253418
0.0000000000
0.0000000000
-0.2494506836
0.0000000000
-0.1247253418
0.0000000000
0.9934234619
0.0141906738
-0.0283813477
0.0141906738
0.0709533691
0.0141906738
-0.0141906738
-0.0472717285
0.2363281250
-0.3781280518
0.7089843750
0.1417999268
-0.1417999268
0.0472717285
-0.4253845215
-0.1630554199
0.0978393555
-0.1304473877
0.1304473877
-0.8805084229
-0.1304473877
-0.2935028076
0.1304473877
0.2463989258
0.0821380615
-0.2463989258
0.2463989258
-0.2463989258
-0.4927825928
0.4106597900
-0.3285217285
-0.3406372070
0.0000000000
-0.4541778564
-0.1135406494
-0.2270965576
0.2270965576
-0.2270965576
-0.1135406494
-0.1202545166
-0.2405242920
0.3607788086
0.0000000000
0.0000000000
-0.3607788086
0.2405242920
0.1202545166
0.6179199219
0.1685180664
0.0000000000
0.0000000000
-0.5055694580
0.1685180664
-0.4494018555
0.0000000000
0.0669555664
-0.1004333496
0.9038696289
0.2678222656
-0.0334777832
0.2343444824
0.0000000000
0.0669555664
-0.4205474854
0.0600738525
0.3003997803
0.3604736328
0.6007843018
0.3003997803
-0.1201629639
0.1201629639
-0.0662078857
0.1324157715
0.1103515625
-0.0220642090
-0.0441436768
-0.0662078857
-0.9710540771
-0.0220642090
-0.1920013428
0.0000000000
-0.6719970703
0.0959930420
-0.3840026855
-0.0959930420
0.0959930420
0.0959930420
0.1294250488
0.9429779053
-0.2218780518
0.0554656982
-0.0184936523
0.0000000000
-0.0924530029
-0.1479187012
0.0000000000
0.1237182617
-0.2474365234
-0.1237182617
0.2474365234
0.1237182617
0.1237182617
0.0000000000
-0.1249694824
-0.3748931885
0.1874389648
0.2499237061
-0.3124084473
0.3748931885
0.5623321533
-0.2499237061
0.3767852783
0.3767852783
0.6028594971
0.2260742188
0.1884002686
0.3391113281
-0.1884002686
0.2637481689
0.2369384766
-0.2961730957
0.4146270752
0.0592346191
0.0000000000
-0.4738616943
-0.5330963135
-0.2369384766
0.0000000000
0.1247863770
0.2495727539
0.2495727539
0.1247863770
0.0000000000
0.2495727539
-0.2495727539
0.8366241455
0.1254882812
-0.1673278809
-0.2091522217
-0.3764801025
0.0000000000
-0.0836639404
-0.0836639404
-0.0975036621
-0.1706237793
0.8774871826
-0.1462402344
0.0487518311
-0.0975036621
-0.0731201172
-0.3656158447
-0.0911560059
0.0911560059
0.0000000000
0.0000000000
0.0000000000
-0.0911560059
0.0000000000
0.0000000000
0.0000000000
-0.0961303711
-0.0240325928
-0.9854125977
0.0000000000
0.0000000000
-0.0240325928
0.0000000000
-0.0334930420
0.9880065918
-0.0502319336
-0.0837249756
0.0167388916
-0.0167388916
-0.0502319336
-0.0334930420
-0.1039276123
0.2078704834
0.3117980957
0.1039276123
0.0000000000
-0.2078704834
0.6236114502
0.1039276123
0.0505218506
0.3031616211
0.5557861328
0.0505218506
0.1010589600
-0.3031616211
0.2021026611
-0.6063079834
-0.0901947021
-0.2705993652
0.1804046631
0.0000000000
0.0901947021
0.5411987305
0.0901947021
-0.5411987305
-0.0392456055
0.0130767822
0.0000000000
0.9940795898
-0.0130767822
-0.0392456055
0.0523223877
-0.0130767822
-0.0644836426
0.9833526611
0.0967254639
0.0161132812
-0.0161132812
0.0967254639
-0.0161132812
0.0322418213
0.2163543701
-0.1622619629
0.4867858887
-0.1622619629
-0.4867858887
0.1622619629
-0.1081695557
0.5408782959
-0.1273956299
-0.8493499756
-0.0849304199
-0.3397369385
0.0849304199
-0.2548065186
0.0424652100
-0.0849304199
0.9331970215
-0.0405731201
0.0405731201
-0.1622924805
-0.0405731201
-0.2028656006
0.0405731201
0.0405731201
0.0000000000
0.1000061035
0.0000000000
0.1000061035
0.0000000000
-0.1000061035
-0.1000061035
0.0000000000
-0.1150360107
0.2300720215
0.1150360107
0.0000000000
0.1150360107
0.0000000000
0.0000000000
0.0000000000
0.0135955811
0.9926605225
0.0135955811
0.0000000000
0.0271911621
0.0815887451
0.0271911621
0.0135955811
-0.1278686523
0.1278686523
-0.2983398438
0.8524169922
0.0426177979
-0.1278686523
0.1704864502
-0.2131042480
-0.1176300049
0.0294036865
0.0000000000
0.0000000000
-0.9410858154
0.0294036865
-0.2646789551
0.0294036865
0.0756378174
0.0756378174
-0.2268981934
0.1512603760
0.7563323975
0.0756378174
0.3781585693
0.0000000000
-0.0661773682
-0.3309020996
-0.5294494629
-0.0661773682
0.5294494629
0.3970947266
-0.1323699951
0.0000000000
0.1178436279
0.1178436279
0.0000000000
0.0000000000
0.1178436279
-0.2357025146
0.3535461426
0.4714050293
0.8202667236
0.0630950928
0.0000000000
0.0630950928
-0.1892852783
0.0630950928
-0.3785858154
-0.0630950928
0.0427398682
-0.0854797363
0.8974914551
0.2136840820
0.0854797363
0.2564239502
0.0000000000
0.0854797363
-0.4813995361
0.0687713623
0.3438568115
0.3438568115
0.5501708984
0.2063140869
-0.1375427246
0.0687713623
-0.0209808350
0.1468200684
0.1468200684
-0.0419464111
-0.0419464111
-0.0629272461
-0.9648284912
-0.0629272461
-0.3447265625
0.1149139404
-0.8043518066
-0.0574493408
-0.1723632812
0.2298126221
0.1149139404
0.1149139404
0.0575561523
0.9593963623
-0.2110595703
0.0191955566
0.0383758545
0.0383758545
-0.0575561523
-0.1151275635
0.1113433838
0.1113433838
-0.1113433838
-0.1113433838
0.0000000000
0.1113433838
0.0000000000
0.1113433838
-0.1168518066
-0.0584259033
0.2921142578
0.2336883545
-0.2921142578
0.7010650635
0.3505401611
-0.1752624512
0.4671020508
0.4337463379
0.4337463379
0.3002777100
0.2669219971
0.3002777100
-0.1668243408
0.3002777100
0.4438781738
0.0000000000
0.2219390869
-0.1775512695
-0.1775512695
-0.4882659912
-0.6214294434
-0.0443878174
0.0000000000
0.0000000000
0.2498779297
0.2498779297
0.1249389648
0.0000000000
0.2498779297
-0.2498779297
0.7146911621
0.1020965576
-0.2552490234
0.0000000000
-0.5615386963
0.0000000000
-0.1020965576
-0.0510559082
0.0000000000
-0.1847076416
0.8927307129
0.0615692139
0.1231384277
-0.0923461914
-0.1847076416
-0.2770538330
0.0000000000
0.0000000000
0.0000000000
0.0911560059
0.0000000000
0.0911560059
0.0911560059
0.0000000000
0.0000000000
-0.0682220459
0.0000000000
-0.9891662598
-0.0511627197
-0.0682220459
0.0000000000
0.0170593262
-0.0365753174
0.9873657227
-0.0548553467
-0.0182800293
0.0365753174
-0.0548553467
-0.0731353760
0.0000000000
-0.1234283447
0.1234283447
0.1234283447
0.1234283447
0.0000000000
-0.1234283447
0.4937286377
0.1234283447
0.1132354736
0.2831115723
0.6794586182
0.0000000000
0.1698608398
-0.2264862061
0.0000000000
-0.5095977783
0.0000000000
-0.1000061035
0.1000061035
-0.1000061035
0.0000000000
0.6000061035
0.0000000000
-0.5000000000
-0.0122833252
-0.0122833252
-0.0245819092
0.9954528809
0.0122833252
-0.0122833252
0.0491638184
-0.0245819092
0.0308532715
0.9871826172
0.0462799072
0.0308532715
-0.0462799072
0.0925445557
0.0308532715
0.0462799072
-0.0990600586
0.0990600586
0.5943145752
-0.1981048584
-0.5447998047
0.0990600586
-0.0495300293
0.4457397461
-0.2125244141
-0.8926086426
-0.1275177002
-0.1700286865
0.0850067139
-0.2125244141
0.0000000000
-0.0425109863
0.9577178955
-0.1149291992
0.1149291992
-0.0383148193
0.0000000000
-0.0383148193
0.0000000000
0.0766143799
0.1178436279
0.1178436279
0.0000000000
0.0000000000
0.0000000000
-0.1178436279
-0.2357025146
0.1178436279
0.1216278076
0.1216278076
0.2432556152
0.0000000000
0.2432556152
0.0000000000
0.0000000000
0.0000000000
0.0137939453
0.9934997559
0.0137939453
0.0276031494
0.0276031494
0.0551910400
0.0137939453
0.0413970947
-0.1467132568
0.0733489990
-0.2567443848
0.9169464111
0.0000000000
-0.0733489990
0.1100311279
-0.0733489990
-0.1088104248
0.0000000000
0.1904296875
0.0816192627
-0.9249572754
0.0544128418
-0.2448425293
0.0544128418
-0.0595397949
0.0000000000
-0.2381896973
-0.0595397949
0.8931884766
0.1190948486
0.0595397949
0.0595397949
0.0530090332
-0.2120666504
-0.4241180420
0.0000000000
0.6361846924
0.4771423340
-0.2120666504
0.0530090332
-0.2332305908
0.1166229248
0.1166229248
-0.2332305908
0.0000000000
-0.2332305908
0.2332305908
0.4664764404
0.9174804688
0.0797882080
-0.0398864746
0.0398864746
0.0797882080
0.1994476318
-0.1595611572
-0.1595611572
0.0787811279
-0.1181793213
0.9060363770
0.1575775146
-0.0393981934
0.2757415771
0.0000000000
-0.0787811279
-0.4294891357
0.1717987061
0.2576904297
0.2576904297
0.6012725830
0.0858917236
0.0000000000
0.1717987061
-0.0182647705
0.1278381348
0.1643676758
0.0000000000
-0.0730590820
-0.0182647705
-0.9679565430
-0.0547943115
-0.2820281982
0.2820281982
-0.7520751953
-0.1410064697
-0.0469970703
0.3760375977
0.1410064697
0.1410064697
0.0000000000
0.9631042480
-0.1872711182
0.0267486572
0.0802612305
0.0267486572
0.0000000000
-0.0802612305
0.0000000000
0.0911560059
0.0000000000
-0.0911560059
0.0911560059
0.0000000000
0.0000000000
0.0000000000
-0.0839538574
0.0839538574
0.3358306885
0.0839538574
-0.2098846436
0.7975921631
0.3358306885
-0.1259307861
0.4814910889
0.5068359375
0.3294372559
0.4054565430
0.3040924072
0.2787628174
-0.1267089844
0.1773834229
0.4168548584
0.0833740234
0.2084350586
-0.3334808350
-0.1250610352
-0.5836029053
-0.5002288818
-0.0416870117
0.1000061035
0.0000000000
0.1000061035
0.0000000000
0.0000000000
0.0000000000
0.1000061035
-0.1000061035
0.4655303955
0.1034545898
-0.2069091797
0.1551818848
-0.7758941650
-0.0517272949
-0.0517272949
-0.1034545898
0.1296386719
-0.1296386719
0.8210449219
0.1728515625
0.3024902344
-0.0432128906
-0.3024902344
-0.1296386719
0.0000000000
-0.1113433838
-0.1113433838
0.0000000000
0.1113433838
0.1113433838
-0.1113433838
-0.1113433838
0.0000000000
-0.0165100098
0.0000000000
-0.9909515381
-0.0330352783
-0.0825805664
0.0000000000
0.0330352783
-0.0245819092
0.9834899902
-0.0245819092
0.0491790771
0.0000000000
-0.0983428955
0.0000000000
0.0000000000
0.0000000000
-0.2432556152
-0.1216278076
0.0000000000
0.0000000000
0.1216278076
0.2432556152
0.0000000000
-0.1303863525
0.2607879639
0.6519622803
0.1303863525
0.1955871582
-0.1303863525
-0.0652008057
-0.5215606689
0.2258758545
0.0000000000
-0.1129455566
-0.3388214111
0.1129455566
0.3388214111
0.0000000000
-0.4517517090
0.0108337402
-0.0325164795
0.0000000000
0.9969329834
0.0108337402
0.0000000000
0.0325164795
0.0000000000
0.1058197021
0.9699859619
0.0000000000
0.1058197021
-0.0881805420
0.0705413818
0.1058197021
0.0529022217
-0.0464477539
0.2786712646
0.6502227783
-0.0928955078
-0.4644470215
0.3251037598
-0.1393280029
0.2786712646
-0.1116485596
-0.8931884766
-0.0558166504
-0.1674652100
0.0558166504
-0.2232971191
0.0000000000
-0.0558166504
0.9782257080
-0.0631103516
0.0315551758
0.0000000000
0.0315551758
0.0000000000
-0.0315551758
0.0631103516
0.0000000000
0.0785675049
0.0000000000
0.0000000000
0.0000000000
0.0000000000
0.0000000000
-0.0785675049
0.1172332764
-0.4689483643
0.0000000000
0.0000000000
-0.2344665527
-0.2344665527
0.2344665527
-0.2344665527
-0.0154418945
0.9887084961
0.0463409424
-0.0463409424
0.0000000000
-0.0772399902
0.0463409424
-0.0463409424
0.0000000000
0.0000000000
-0.4267120361
0.7530212402
0.0251007080
-0.1255035400
0.1004028320
-0.4518127441
0.2183227539
-0.1746520996
-0.6549530029
-0.0873260498
-0.4803009033
-0.4366302490
-0.0436706543
0.0000000000
-0.0403289795
0.2621459961
0.0605010986
0.0201721191
-0.4234771729
-0.8267974854
0.0201721191
-0.2218170166
0.0716400146
0.5373077393
0.1791076660
-0.0358276367
-0.7522430420
-0.0358276367
-0.1791076660
0.1791076660
0.0000000000
0.2400054932
-0.1199951172
-0.1199951172
-0.1199951172
-0.1199951172
0.0000000000
-0.1199951172
0.7297363281
0.2837829590
0.2026977539
-0.0405426025
-0.4864807129
0.1621551514
-0.0405426025
-0.1621551514
0.0764923096
-0.0917968750
0.9332733154
0.3059997559
-0.0458984375
-0.0305938721
0.0458984375
-0.0917968750
-0.3703002930
-0.1234283447
0.0000000000
0.0000000000
0.1234283447
0.1234283447
-0.3703002930
0.1234283447
-0.0510253906
0.0000000000
-0.0680389404
0.0510253906
-0.0170135498
0.0680389404
-0.9865875244
-0.0510253906
0.2576904297
-0.0858917236
0.6871643066
-0.0858917236
0.4294891357
0.0000000000
-0.0858917236
0.0000000000
0.0164794922
0.9889221191
-0.0824127197
0.0000000000
-0.0494537354
0.0494537354
-0.0329589844
0.0164794922
-0.1184692383
0.0000000000
0.1184692383
0.2369232178
0.0000000000
0.0000000000
0.0000000000
-0.5923156738
-0.1237182617
-0.2474365234
0.0000000000
0.0000000000
-0.1237182617
-0.1237182617
-0.2474365234
0.1237182617
0.3764190674
0.2823181152
0.6273803711
0.2195739746
0.1882171631
0.3764190674
-0.2195739746
0.2823181152
-0.6363220215
0.0000000000
0.4772338867
0.0795440674
-0.2386169434
0.1590728760
-0.2386169434
0.0795440674
0.2456817627
-0.1228332520
0.1228332520
0.2456817627
0.0000000000
0.0000000000
0.1228332520
0.0000000000
0.6986999512
0.1746673584
-0.4075775146
-0.1746673584
0.0582275391
0.4075775146
0.0582275391
0.0000000000
-0.1603393555
-0.0916137695
0.6871337891
-0.2061462402
-0.3435668945
0.1603393555
0.5268096924
-0.1145172119
0.0000000000
0.0000000000
0.0911560059
0.0000000000
-0.0911560059
0.0000000000
-0.0911560059
0.0000000000
0.0000000000
-0.0209655762
-0.0629119873
-0.9855804443
-0.0629119873
0.0419464111
-0.0209655762
-0.0629119873
0.0401000977
0.9823455811
-0.0601501465
0.0801849365
0.0000000000
0.0000000000
0.0200500488
-0.1002349854
-0.2991638184
0.2243804932
0.1495819092
0.3739624023
0.2991638184
-0.3739624023
-0.0747985840
0.5235443115
-0.1077117920
-0.2692565918
-0.5385284424
-0.3231201172
0.0000000000
0.0538482666
-0.2692565918
0.5923767090
-0.2629852295
-0.4821319580
0.2629852295
0.2191467285
0.1753234863
0.3068084717
0.2629852295
-0.5697937012
0.1252899170
-0.0469818115
-0.1096343994
0.9709930420
0.0783081055
0.0313262939
-0.0783081055
0.0783081055
-0.1916656494
0.9391632080
0.0000000000
-0.0383300781
0.0766601562
-0.2299957275
-0.0574951172
-0.0766601562
0.2904357910
-0.4840545654
0.2581634521
-0.5163269043
0.1936187744
0.3549652100
0.2581634521
0.2904357910
0.0000000000
0.1242218018
0.2484588623
-0.2484588623
0.0000000000
-0.3726806641
0.1242218018
-0.1242218018
0.4977416992
0.3318328857
0.0000000000
0.0829620361
-0.4147949219
0.1659088135
-0.1659088135
0.4147949219
0.0000000000
0.1064758301
0.0000000000
0.0000000000
0.0000000000
0.0000000000
-0.2129516602
0.0000000000
0.1213989258
-0.3642120361
0.0000000000
-0.1213989258
-0.1213989258
-0.3642120361
0.2428131104
-0.1213989258
-0.0200042725
0.9805603027
0.0400238037
-0.1200714111
-0.0200042725
-0.0600280762
0.0400238037
-0.0600280762
0.0000000000
0.0829772949
-0.4148559570
0.7052612305
0.0000000000
-0.3318939209
0.1659393311
-0.4148559570
0.1123504639
0.0000000000
-0.5055694580
-0.1123504639
-0.6740875244
-0.2808685303
0.2808685303
-0.0561676025
0.0000000000
0.2673492432
0.0891113281
0.0891113281
-0.4158782959
-0.7723541260
0.0891113281
-0.3267669678
0.0867462158
0.5638732910
0.1301269531
-0.0867462158
-0.7373809814
-0.0867462158
-0.1735076904
0.0867462158
0.0000000000
-0.1213989258
-0.3642120361
-0.2428131104
0.3642120361
-0.1213989258
0.1213989258
0.1213989258
0.4600067139
0.1840057373
0.2299957275
-0.0919952393
-0.6440124512
0.3220062256
-0.2299957275
-0.2299957275
0.0436401367
-0.0581970215
0.9310607910
0.3200531006
-0.1163787842
-0.0581970215
0.0290985107
-0.0290985107
-0.3674163818
0.1224670410
-0.2449493408
0.0000000000
0.2449493408
0.1224670410
0.1224670410
0.2449493408
-0.1092376709
0.0624237061
-0.0312042236
0.0000000000
-0.0624237061
0.0312042236
-0.9831695557
-0.0624237061
0.2139739990
0.0713195801
0.8558959961
-0.1426544189
-0.0713195801
-0.1426544189
0.0000000000
0.0000000000
0.0149383545
0.9856109619
-0.0895996094
0.0000000000
-0.0447998047
0.0597381592
-0.0746612549
-0.0447998047
-0.0911560059
0.0000000000
0.0000000000
0.0000000000
0.0000000000
-0.0911560059
0.0911560059
0.0000000000
0.0000000000
-0.2498626709
0.1249389648
-0.2498626709
-0.1249389648
-0.1249389648
-0.2498626709
0.0000000000
0.3339080811
0.3339080811
0.6071014404
0.2428436279
0.2428436279
0.3339080811
-0.2731933594
0.2731933594
-0.2187805176
-0.2187805176
0.4375762939
0.2187805176
-0.1093902588
0.4375762939
0.1093902588
0.0000000000
0.0785675049
-0.0785675049
0.0000000000
0.0000000000
0.0000000000
0.0000000000
0.0000000000
0.0000000000
0.6509246826
0.2789611816
-0.1859741211
-0.6044311523
0.0000000000
0.1394805908
0.0000000000
0.0929870605
-0.1964874268
-0.1403503418
0.7578735352
-0.2245483398
-0.1964874268
0.1403503418
0.3929748535
-0.2807006836
0.0000000000
0.1113433838
-0.1113433838
0.0000000000
0.1113433838
-0.1113433838
-0.1113433838
-0.1113433838
-0.0250091553
-0.1250762939
0.0250091553
-0.9755554199
-0.0750427246
0.0250091553
-0.0500335693
0.0500335693
-0.0580749512
0.9873504639
-0.0387268066
0.0000000000
0.0193634033
-0.0193634033
-0.0387268066
-0.0774383545
-0.3171691895
0.3171691895
0.3171691895
0.3171691895
0.3171691895
-0.2378845215
0.0000000000
0.4757537842
-0.2738494873
0.1825714111
0.5476989746
-0.0912780762
0.0912780762
-0.3651275635
0.2738494873
-0.2738494873
-0.1828918457
-0.5486602783
0.1219177246
0.0609588623
0.0000000000
0.2438507080
0.1219177246
-0.6705780029
0.1077117920
-0.0615386963
-0.1384735107
0.9693450928
0.0923156738
0.0000000000
-0.0769348145
0.0615386963
-0.1434936523
0.9686126709
0.0538177490
-0.0358734131
0.0179443359
-0.1614379883
0.0000000000
-0.0179443359
0.3245697021
-0.3894805908
0.5517578125
-0.4219360352
0.0973663330
0.2921142578
0.1622772217
0.3245697021
0.0000000000
-0.5120697021
-0.2048339844
-0.3072509766
-0.2048339844
-0.3072509766
-0.2048339844
0.2048339844
0.4499969482
0.6000061035
0.0000000000
0.0000000000
-0.2250061035
0.2250061035
0.0749969482
0.3750000000
0.0000000000
0.1113433838
0.0000000000
0.1113433838
0.0000000000
0.0000000000
-0.2226867676
0.0000000000
0.1184692383
-0.2369232178
0.1184692383
-0.2369232178
-0.2369232178
-0.4738464355
0.0000000000
-0.1184692383
0.0000000000
0.9863128662
0.0000000000
-0.0896606445
-0.0224151611
0.0000000000
0.0448303223
-0.0224151611
0.1375732422
0.1719665527
-0.3439483643
0.4471282959
-0.0343933105
-0.5159149170
0.3095550537
-0.4815216064
0.0552215576
0.0552215576
-0.4418182373
0.0000000000
-0.8283996582
-0.1104583740
0.0000000000
0.0000000000
-0.0473175049
0.3312225342
0.0946350098
0.0946350098
-0.4258728027
-0.6151428223
0.2365875244
-0.4258728027
-0.1796875000
0.4492340088
-0.0898437500
0.0898437500
-0.5390777588
-0.2695465088
-0.1796875000
-0.2695465088
-0.2099609375
-0.2099609375
0.1049804688
-0.3149414062
0.3149414062
-0.3149414062
0.3149414062
0.3149414062
0.0000000000
0.1892852783
-0.0630950928
0.0630950928
-0.6940765381
0.3154907227
-0.3785858154
-0.3154907227
0.0668945312
-0.1170501709
0.9364471436
0.2842864990
-0.1170501709
0.0167236328
0.0000000000
-0.0334472656
-0.3736267090
0.0000000000
0.0000000000
-0.1245422363
0.2490844727
0.2490844727
0.0000000000
0.1245422363
-0.1481933594
0.1152648926
0.0164642334
-0.0329284668
-0.0988006592
0.0000000000
-0.9715270996
-0.0329284668
0.0924072266
0.0924072266
0.6468200684
-0.0924072266
-0.1847991943
-0.4620056152
0.0000000000
0.0924072266
0.1058807373
0.9317321777
-0.2541046143
0.0423583984
-0.0847015381
0.0211791992
-0.1270599365
-0.1270599365
0.0000000000
0.0000000000
-0.2456817627
-0.1228332520
0.2456817627
0.0000000000
0.1228332520
0.1228332520
0.0000000000
-0.5953521729
0.1190643311
0.0000000000
-0.1190643311
-0.1190643311
0.1190643311
-0.1190643311
0.3176727295
0.4084320068
0.6353302002
0.2269134521
0.2722930908
0.2269134521
-0.1815185547
0.2269134521
0.0964202881
-0.3856964111
0.2892761230
0.2892761230
0.0964202881
0.3856964111
0.3856964111
-0.1928405762
0.1178436279
-0.1178436279
0.2357025146
0.0000000000
0.1178436279
-0.1178436279
0.0000000000
0.0000000000
0.7366943359
0.2600097656
-0.2600097656
-0.4766845703
-0.0866699219
0.1300048828
0.0433349609
-0.0866699219
-0.1878051758
-0.0939025879
0.7042846680
-0.3286743164
-0.0469512939
0.0469512939
0.2347564697
-0.4695281982
0.1216278076
0.1216278076
-0.1216278076
0.0000000000
0.1216278076
-0.1216278076
-0.2432556152
-0.1216278076
0.0342559814
-0.1712646484
0.0000000000
-0.9590911865
-0.0342559814
0.0000000000
0.0000000000
0.1027526855
-0.0997467041
0.9725189209
-0.0748138428
-0.0249328613
0.0000000000
0.0000000000
-0.0498657227
-0.1246795654
-0.2749481201
0.4582519531
0.3666076660
0.3666076660
0.1833038330
-0.1833038330
0.0916442871
0.2749481201
-0.0735778809
0.2207489014
0.2943267822
0.2943267822
0.1471710205
-0.2943267822
0.3679046631
-0.5886535645
-0.0835266113
-0.5846557617
0.0000000000
0.0000000000
-0.0835266113
0.2505645752
0.0000000000
-0.5846557617
0.0203704834
-0.0407562256
-0.1426391602
0.9781494141
0.0203704834
-0.0407562256
0.0407562256
0.0611267090
-0.1288757324
0.9757995605
0.0368194580
-0.0184173584
-0.0184173584
-0.1288757324
0.0184173584
0.0368194580
0.2469787598
-0.2822570801
0.7056427002
-0.3175354004
-0.0705566406
0.1764068604
-0.0705566406
0.4233856201
-0.1359558105
-0.6797790527
-0.1359558105
-0.4078674316
-0.2039337158
-0.3398895264
-0.0679779053
0.1359558105
0.8154449463
0.3136291504
0.0627288818
0.0000000000
0.0000000000
0.0627288818
0.1881713867
0.2509002686
0.0000000000
0.1150360107
0.0000000000
0.2300720215
0.1150360107
0.0000000000
0.0000000000
-0.1150360107
-0.2393341064
0.1196746826
0.2393341064
-0.1196746826
-0.1196746826
-0.4786834717
-0.1196746826
-0.1196746826
0.0245666504
0.9828948975
0.0000000000
-0.0737152100
0.0245666504
0.0737152100
0.0491485596
0.0000000000
0.1564788818
0.1564788818
-0.2738494873
0.3520812988
0.0000000000
-0.5085754395
0.4303283691
-0.5085754395
0.1158599854
-0.0386199951
-0.4248352051
-0.1158599854
-0.8496856689
0.1158599854
-0.0772399902
-0.0386199951
0.1895141602
0.2842712402
0.0947570801
0.2842712402
0.0000000000
0.0947570801
0.3790283203
-0.5685577393
-0.1937103271
-0.2905578613
-0.2905578613
0.1937103271
0.5811157227
-0.1937103271
-0.1937103271
-0.0968475342
-0.1903381348
-0.3806762695
0.3806762695
-0.1903381348
0.2855072021
-0.0951690674
0.2855072021
0.3806762695
0.1419372559
0.0709686279
-0.2129058838
0.0709686279
-0.6387176514
0.1419372559
-0.4967803955
-0.2838745117
0.0403137207
-0.2015380859
0.9270477295
0.2418365479
-0.0403137207
0.1410675049
-0.0403137207
-0.0604553223
-0.1242218018
0.2484588623
0.1242218018
0.1242218018
0.3726806641
0.2484588623
0.0000000000
0.0000000000
-0.1830902100
0.1602020264
0.1373138428
0.0228881836
-0.0686645508
0.0228881836
-0.9383544922
-0.1373138428
-0.3181304932
0.0000000000
-0.2120971680
0.3181304932
-0.1060485840
-0.4241790771
-0.2120971680
0.3181304932
0.1569061279
0.8630065918
-0.3922729492
0.0523071289
-0.0261535645
0.0261535645
-0.1307525635
-0.1830596924
0.1199951172
0.1199951172
-0.2400054932
0.0000000000
0.1199951172
0.0000000000
0.1199951172
0.1199951172
-0.1202545166
-0.4810485840
0.0000000000
0.1202545166
-0.1202545166
-0.2405242920
-0.1202545166
-0.2405242920
0.2129058838
0.3548431396
0.6387176514
0.2129058838
0.2838745117
0.0000000000
0.0000000000
0.3548431396
0.2935485840
-0.3669281006
0.2201538086
0.3669281006
0.2201538086
0.2935485840
0.4403228760
-0.2935485840
0.0000000000
-0.1166229248
0.4664764404
0.2332305908
0.1166229248
-0.2332305908
0.2332305908
-0.2332305908
0.7026367188
0.0439147949
-0.3952331543
-0.3513183594
-0.3074035645
0.2195739746
0.0439147949
-0.1317443848
-0.2424163818
0.0000000000
0.4848327637
-0.3232269287
0.2424163818
0.0000000000
0.0000000000
-0.5656433105
0.1113433838
0.0000000000
-0.1113433838
0.0000000000
0.1113433838
-0.1113433838
-0.1113433838
-0.1113433838
0.0363922119
-0.1455383301
0.0000000000
-0.9460144043
-0.0727691650
-0.0363922119
0.1091613770
0.1455383301
-0.0303192139
0.9397277832
-0.1818847656
0.0606231689
0.0909423828
0.0606231689
-0.1212615967
-0.1515655518
0.0000000000
0.3388214111
0.3388214111
0.2258758545
-0.1129455566
-0.2258758545
0.3388214111
0.2258758545
0.0000000000
0.3671264648
0.3671264648
0.2447509766
0.1223754883
-0.3671264648
0.3059387207
-0.5506896973
0.0000000000
-0.4294891357
0.0858917236
-0.1717987061
-0.2576904297
0.5153808594
-0.0858917236
-0.4294891357
-0.0297698975
-0.0595397949
-0.0595397949
0.9526824951
-0.0297698975
-0.0893096924
0.2084045410
0.0595397949
-0.1002044678
0.9853820801
0.0668029785
0.0000000000
0.0000000000
-0.0668029785
0.0000000000
0.0334014893
0.1064453125
-0.0354766846
0.8160705566
-0.2483673096
-0.2128906250
0.0354766846
-0.1419219971
0.3902893066
-0.1673278809
-0.8366241455
-0.0836639404
-0.2509918213
-0.0418243408
-0.3764801025
0.0418243408
0.0000000000
0.9162445068
0.0572662354
0.0572662354
-0.1145324707
0.0572662354
-0.1145324707
0.0572662354
0.1145324707
0.1178436279
0.2357025146
0.1178436279
0.1178436279
0.0000000000
0.0000000000
0.0000000000
-0.1178436279
-0.1199951172
0.1199951172
0.2400054932
0.0000000000
0.0000000000
-0.1199951172
-0.1199951172
-0.1199951172
0.0239715576
0.9825744629
0.0239715576
-0.0479278564
0.0239715576
0.0958557129
0.0479278564
0.0239715576
0.1171875000
0.1562500000
-0.2343597412
0.6249694824
0.0000000000
-0.4296722412
0.3124847412
-0.4296722412
0.0823822021
-0.0823822021
-0.2471313477
-0.1235656738
-0.9061431885
0.1647491455
0.0000000000
-0.0823822021
0.0000000000
0.1903381348
0.0000000000
-0.0951690674
0.3806762695
0.5709991455
0.2855072021
-0.2855072021
0.0905609131
-0.2716674805
-0.4527893066
-0.0905609131
0.6338958740
0.0000000000
-0.0905609131
-0.0905609131
0.1147766113
-0.1147766113
0.2295379639
-0.1147766113
0.2295379639
-0.1147766113
0.3443145752
0.4590759277
0.5390777588
0.0000000000
-0.1796875000
0.1796875000
-0.3593902588
0.2695465088
-0.3593902588
-0.1796875000
0.0523376465
-0.2093505859
0.9159393311
0.2355194092
0.0000000000
0.1831817627
-0.0523376465
-0.0261688232
-0.2498626709
0.2498626709
0.1249389648
0.1249389648
0.2498626709
0.1249389648
0.0000000000
0.0000000000
-0.0923004150
0.1538391113
0.1846160889
0.0923004150
0.0000000000
0.0923004150
-0.9230804443
-0.1846160889
-0.4644012451
0.0773925781
-0.6965942383
0.1548004150
0.0000000000
0.2321929932
-0.0773925781
-0.0773925781
0.0917053223
0.8864593506
-0.3973693848
0.0305633545
-0.0305633545
0.0000000000
-0.0305633545
-0.1222686768
0.1064758301
0.1064758301
-0.1064758301
-0.1064758301
0.0000000000
0.1064758301
0.0000000000
0.0000000000
-0.1247253418
-0.1247253418
0.2494506836
-0.1247253418
-0.1247253418
0.2494506836
-0.1247253418
-0.1247253418
0.4211730957
0.5264739990
0.3685302734
0.3158874512
0.1579437256
0.2632446289
-0.1579437256
0.3158874512
0.7517089844
-0.2505645752
0.1670379639
0.0835266113
0.1670379639
0.0000000000
-0.0835266113
-0.2505645752
0.0000000000
0.0000000000
0.1228332520
0.2456817627
0.0000000000
-0.2456817627
0.1228332520
-0.1228332520
0.5875396729
-0.0451965332
-0.4519500732
-0.1807861328
-0.5423431396
0.2259826660
0.0451965332
-0.0451965332
-0.2283172607
-0.1141510010
0.0000000000
-0.2283172607
0.2283172607
0.0000000000
-0.3424682617
-0.4566192627
0.0000000000
-0.1064758301
-0.1064758301
0.1064758301
0.0000000000
0.0000000000
0.1064758301
-0.1064758301
0.0000000000
-0.0904388428
0.0904388428
-0.9647369385
-0.0603027344
-0.0603027344
0.0904388428
0.0904388428
-0.1098785400
0.9157104492
-0.1098785400
0.0732574463
0.2563934326
0.0000000000
-0.1465148926
0.0366210938
-0.1237182617
0.1237182617
0.1237182617
0.1237182617
0.0000000000
0.0000000000
0.2474365234
0.2474365234
0.0673675537
0.4041748047
0.4715423584
0.2694549561
0.1347198486
-0.4041748047
0.2020874023
-0.4041748047
0.3014221191
0.0000000000
0.0000000000
-0.3014221191
-0.2009429932
0.5023651123
0.0000000000
-0.4018859863
-0.0903167725
0.0000000000
-0.0301055908
0.9634246826
0.0000000000
0.0000000000
0.1806335449
-0.0301055908
-0.0352325439
0.9864044189
0.0352325439
0.0528411865
-0.0704498291
-0.0352325439
0.0528411865
0.0528411865
0.0000000000
0.1279754639
0.8531951904
-0.1706390381
-0.2559509277
0.0853118896
-0.1706390381
0.2559509277
-0.2295227051
-0.8721618652
-0.0458984375
-0.0918121338
0.0458984375
-0.3213195801
0.0458984375
0.0000000000
0.9177398682
0.1147155762
0.0000000000
0.0573577881
0.1147155762
0.0573577881
-0.1147155762
0.0573577881
0.0000000000
0.1000061035
0.1000061035
0.0000000000
0.0000000000
-0.1000061035
-0.1000061035
0.0000000000
0.0000000000
0.0000000000
0.2226867676
0.1113433838
0.1113433838
0.0000000000
0.0000000000
0.0000000000
-0.0186462402
0.9886169434
0.0000000000
0.0000000000
0.0000000000
0.0746154785
0.0000000000
0.0746154785
0.0405120850
0.1620330811
-0.2025299072
0.8101501465
-0.0405120850
-0.2835540771
0.2835540771
-0.2430419922
-0.0889587402
-0.1334228516
0.0444793701
0.0000000000
-0.9339904785
0.1779022217
-0.0444793701
-0.0444793701
-0.2830657959
0.0943603516
-0.0943603516
-0.2830657959
0.3774108887
0.5661315918
0.1887054443
-0.0943603516
0.2760772705
-0.0920257568
-0.4601287842
-0.0920257568
0.5521545410
0.2760772705
-0.0920257568
-0.0920257568
-0.1229705811
-0.1229705811
0.0000000000
-0.2459411621
0.0000000000
-0.2459411621
0.2459411621
0.3689117432
0.8689727783
0.0579376221
-0.1158599854
0.1158599854
0.0579376221
0.2896575928
-0.0579376221
-0.1158599854
0.0636596680
-0.1591339111
0.9229583740
0.1273040771
-0.0636444092
0.2227783203
0.0000000000
-0.1273040771
-0.2498626709
0.2498626709
0.1249389648
0.0000000000
0.2498626709
0.0000000000
0.1249389648
0.1249389648
-0.0540924072
0.1622619629
0.2163543701
0.1352233887
0.0000000000
0.1352233887
-0.9195251465
-0.1352233887
-0.3094177246
0.1237640381
-0.7425994873
-0.0618896484
0.0618896484
0.4331817627
0.0000000000
-0.1237640381
0.0000000000
0.8160247803
-0.4986877441
0.0906677246
0.0000000000
-0.0453338623
0.0000000000
-0.0906677246
0.1199951172
0.1199951172
-0.1199951172
-0.1199951172
0.1199951172
0.0000000000
0.0000000000
-0.2400054932
-0.0891571045
0.0891571045
0.3566131592
-0.0891571045
-0.1782989502
0.7132263184
0.1782989502
0.0000000000
0.4315795898
0.5857238770
0.2466278076
0.4315795898
0.2157897949
0.2774505615
-0.0924835205
0.2466278076
0.7232818604
-0.1315002441
0.1315002441
-0.1972656250
0.1315002441
-0.3945159912
-0.2630157471
-0.1315002441
0.0000000000
0.0911560059
0.0000000000
0.0000000000
0.0000000000
0.0000000000
0.0911560059
0.0911560059
0.4121551514
0.0000000000
-0.3606414795
0.0000000000
-0.7727966309
0.1030426025
0.0515136719
-0.0515136719
0.0000000000
-0.1887054443
-0.5661315918
-0.0943603516
0.3774108887
0.0000000000
-0.3774108887
-0.1887054443
0.0000000000
0.0000000000
0.0000000000
0.0000000000
0.0911560059
0.0911560059
-0.0911560059
0.0000000000
0.0000000000
-0.0556793213
0.0556793213
-0.9743957520
-0.0278472900
-0.0556793213
0.1113586426
0.0556793213
-0.1817169189
0.9085540771
-0.0908508301
0.0908508301
0.2271423340
-0.0454254150
-0.0454254150
0.0454254150
0.0000000000
-0.1178436279
-0.2357025146
0.0000000000
0.1178436279
0.1178436279
0.1178436279
0.0000000000
-0.1196746826
0.3590087891
0.1196746826
0.2393341064
0.1196746826
-0.3590087891
0.0000000000
-0.2393341064
0.3230743408
0.1076965332
-0.1076965332
-0.2153778076
0.0000000000
0.3230743408
0.0000000000
-0.5384674072
-0.1042022705
-0.0208435059
0.0625305176
0.9795684814
0.0000000000
0.0000000000
0.1042022705
-0.0208435059
0.0615539551
0.9644012451
0.0205230713
0.1231079102
-0.1231079102
0.0000000000
0.1231079102
0.0820770264
0.0513153076
0.2565765381
0.7697448730
-0.0513153076
-0.3079071045
0.2565765381
-0.2565765381
0.1539459229
-0.1459960938
-0.8029785156
-0.1459960938
-0.1459960938
0.0000000000
-0.2919921875
-0.0729980469
0.1459960938
0.9145202637
0.0481262207
0.0000000000
0.1925354004
0.0481262207
0.1925354004
-0.0962677002
0.0000000000
-0.2474365234
0.0000000000
0.2474365234
0.1237182617
-0.1237182617
0.0000000000
0.1237182617
-0.1237182617
0.2007293701
-0.5620574951
0.3613281250
-0.0802917480
-0.2408752441
-0.5620574951
0.2007293701
-0.2007293701
-0.0137023926
0.9862976074
0.0000000000
-0.0273895264
-0.0273895264
-0.1369781494
0.0000000000
0.0274047852
0.1520843506
0.0000000000
-0.5513000488
0.7033843994
-0.0570373535
-0.0760345459
0.1140594482
-0.3802032471
0.5371856689
-0.3491668701
-0.5908966064
-0.0268554688
-0.1880187988
-0.3491668701
0.2417297363
0.0268554688
0.2701568604
0.1543731689
-0.1157836914
0.0000000000
0.0000000000
-0.8490447998
-0.3473358154
0.0000000000
0.0647583008
0.5828247070
-0.1079254150
-0.1942749023
-0.6044158936
0.3022003174
-0.2374420166
0.2806243896
0.0000000000
-0.1976928711
-0.7907409668
-0.3294830322
0.0659027100
-0.1976928711
0.0000000000
0.1976928711
0.9188995361
-0.0483703613
0.1692657471
0.0241851807
-0.2176361084
0.1692657471
-0.1209106445
-0.1209106445
0.0131225586
-0.1312561035
0.9450836182
0.2493896484
-0.0131225586
0.1443939209
0.0000000000
-0.0262451172
-0.5915222168
-0.4301910400
0.0537719727
0.0537719727
0.3226470947
0.2688751221
-0.3764190674
0.2151031494
-0.1212615967
0.0606384277
-0.0757904053
0.0757904053
0.0454711914
0.1364288330
-0.9701385498
-0.0303192139
-0.1782989502
0.0000000000
0.6240692139
0.0000000000
0.0000000000
-0.0891571045
-0.5349121094
0.0891571045
0.0000000000
0.9803771973
-0.1759643555
-0.0502777100
0.0000000000
-0.0125732422
-0.0125732422
0.0000000000
-0.2408752441
0.0000000000
0.0000000000
0.2408752441
0.0802917480
-0.0802917480
-0.0802917480
-0.8029174805
-0.0947570801
0.2842712402
0.2842712402
0.0000000000
-0.0947570801
0.3790283203
0.1895141602
0.5685577393
0.4532318115
0.2832794189
0.5665435791
0.1699676514
0.2549438477
0.2832794189
-0.1133117676
0.4249114990
0.6327362061
0.0451965332
-0.0451965332
-0.2259826660
-0.3615722656
-0.2259826660
-0.3615722656
0.4067535400
0.0000000000
0.0000000000
-0.5830993652
0.0000000000
-0.2332305908
0.1166229248
-0.2332305908
0.0000000000
0.8414611816
-0.0205230713
-0.2667999268
-0.3078460693
-0.2667999268
0.1847076416
0.0000000000
0.0820922852
0.0000000000
0.1235504150
0.5250701904
0.0000000000
-0.3397521973
0.1544342041
0.6795043945
0.2779846191
0.1249389648
-0.1249389648
0.0000000000
0.0000000000
0.1249389648
0.1249389648
-0.3748321533
0.2498779297
-0.0174865723
-0.0349884033
-0.0524749756
-0.9795837402
-0.1224517822
-0.0174865723
0.0000000000
0.1049499512
0.0000000000
0.9776916504
-0.0371246338
0.1485137939
0.0866241455
0.0742492676
-0.0371246338
-0.0371246338
-0.4242095947
0.4242095947
0.0385589600
0.4627685547
0.1156921387
-0.3856506348
0.0000000000
0.4627685547
-0.2254028320
-0.4508209229
0.7325744629
-0.1690521240
-0.1127014160
0.0000000000
-0.1127014160
0.2254028320
-0.2849273682
-0.4558868408
0.2279510498
0.1139678955
0.1139678955
-0.2279510498
0.2849273682
-0.6268463135
0.0638427734
0.0000000000
0.0478820801
0.9894866943
-0.0159606934
0.0319213867
-0.0638427734
0.0319213867
-0.4306793213
0.6998443604
0.1345825195
-0.0807495117
-0.0538330078
-0.5114288330
-0.1076660156
-0.0269165039
0.3660430908
0.1098175049
0.4758453369
-0.6222686768
-0.1098175049
0.4026489258
-0.1464080811
-0.0366058350
0.0000000000
-0.4352722168
0.1088256836
0.0000000000
-0.2176361084
-0.4352722168
-0.3264617920
0.1088256836
0.7673339844
0.0959167480
0.0319671631
-0.0959167480
0.4156341553
-0.0319671631
-0.3197174072
0.2877502441
-0.2495727539
0.2495727539
0.2495727539
0.1247863770
0.2495727539
0.0000000000
0.0000000000
-0.1247863770
0.1704864502
-0.4688262939
0.3835906982
-0.1278686523
-0.2131042480
-0.6393127441
0.1704864502
-0.2131042480
0.0000000000
0.9800415039
-0.0489959717
0.0000000000
-0.0489959717
-0.1470031738
-0.0163269043
0.0653381348
0.1616821289
0.0161743164
-0.5335693359
0.6467590332
-0.1131896973
-0.2586975098
0.2101898193
-0.3718872070
0.5520172119
-0.3680114746
-0.4293518066
-0.0306701660
-0.3680114746
-0.1533355713
0.4293518066
-0.0306701660
0.4390869141
0.0627288818
-0.0627288818
0.2509002686
0.6899871826
-0.2509002686
-0.2509002686
0.0627288818
0.1251525879
0.5506591797
-0.2002410889
-0.2753295898
-0.6257476807
0.2252655029
-0.2002410889
0.2503051758
-0.2092742920
-0.0697631836
-0.6278381348
-0.4185638428
0.2092742920
-0.2790374756
0.1395263672
0.2790374756
0.7839202881
-0.0922241211
0.2305603027
0.0922241211
-0.4150085449
0.2305603027
-0.2536163330
-0.0922241211
0.0625915527
-0.1502380371
0.9264373779
0.2879486084
-0.0125122070
0.1502380371
-0.0625915527
-0.0250396729
-0.6827392578
-0.3413696289
0.0569000244
0.1137847900
0.4551544189
0.1706848145
-0.1706848145
0.1706848145
-0.1593322754
0.1062164307
0.0132751465
0.0531158447
0.0132751465
0.0929412842
-0.9692840576
-0.0796661377
-0.2262573242
0.0754241943
0.6787872314
0.0754241943
-0.1508331299
-0.2262573242
-0.4525146484
0.0754241943
0.0340576172
0.9761962891
-0.1929626465
0.0000000000
0.0000000000
0.0113525391
-0.0340576172
-0.0567626953
-0.4422149658
0.0000000000
-0.1105499268
0.3316650391
0.1105499268
-0.1105499268
0.0000000000
-0.4422149658
0.1099700928
0.3299102783
0.2199401855
-0.1099700928
-0.2199401855
0.4398803711
-0.1099700928
0.3299102783
0.3077087402
0.3077087402
0.6154022217
0.0879211426
0.3077087402
0.1758270264
-0.0439605713
0.4835357666
0.8797149658
-0.1466217041
-0.0488739014
-0.0977478027
-0.0977478027
-0.0977478027
0.0977478027
0.2932434082
0.1088256836
0.0000000000
-0.6529235840
0.1088256836
-0.2176361084
0.0000000000
-0.2176361084
-0.1088256836
0.7395782471
0.0924530029
-0.1386718750
-0.5084533691
-0.3697814941
0.0462188721
-0.0924530029
0.0462188721
0.1741638184
0.1741638184
0.6530914307
0.0870819092
-0.2176971436
0.0870819092
0.5660095215
0.2612304688
0.2416839600
0.1208343506
-0.2416839600
-0.2416839600
0.2416839600
-0.1208343506
-0.3625183105
0.0000000000
-0.0458526611
-0.0458526611
0.0229187012
-0.9169006348
-0.2292327881
-0.0687713623
-0.0687713623
0.2750701904
-0.0439147949
0.9808502197
-0.0731964111
0.1317596436
0.0439147949
0.0585632324
-0.0292816162
-0.0146331787
-0.4393310547
0.4393310547
0.1464385986
0.4393310547
0.0976257324
-0.3417053223
-0.0488128662
0.4393310547
-0.2804260254
-0.2243499756
0.8412933350
0.0000000000
-0.0560913086
-0.2243499756
0.0560913086
-0.0560913086
-0.1456146240
-0.4368438721
0.1456146240
-0.0727996826
0.0000000000
-0.3640289307
0.1456146240
-0.6552581787
0.0716400146
0.0179138184
0.0179138184
0.9851226807
-0.0179138184
0.0358276367
-0.1074676514
0.0179138184
-0.4336547852
0.6307678223
0.2365417480
0.0000000000
-0.1971130371
-0.5124969482
0.0000000000
0.0788421631
0.4140930176
0.4140930176
0.5521087646
-0.3036651611
-0.1932373047
0.2760620117
-0.3312683105
-0.1104278564
-0.0745849609
-0.7458648682
0.0745849609
0.0745849609
-0.2983398438
-0.2237548828
-0.2237548828
0.2237548828
0.8140563965
0.1838226318
0.0000000000
-0.0525207520
0.3938903809
-0.0787811279
-0.1838226318
0.2888488770
-0.1150360107
0.0000000000
0.1150360107
0.1150360107
0.1150360107
0.1150360107
-0.1150360107
0.1150360107
0.1084899902
-0.3254699707
0.3254699707
-0.1627349854
-0.1627349854
-0.7594451904
0.0542449951
-0.2169799805
0.0650024414
0.9750061035
-0.0650024414
0.0216674805
-0.0650024414
-0.1083374023
0.0433349609
0.0866699219
0.2570648193
0.0000000000
-0.4957580566
0.5508422852
-0.1836090088
-0.3488616943
0.3305053711
-0.3305053711
0.5717163086
-0.3811340332
-0.2540893555
0.0000000000
-0.5399475098
0.1270446777
0.3493804932
-0.0317687988
0.3370513916
-0.0561676025
-0.0561676025
0.1685180664
0.7302703857
0.4494018555
0.0000000000
0.1123504639
0.1312103271
0.5576629639
-0.2296295166
-0.2296295166
-0.5904693604
0.2952423096
-0.1640167236
0.2624359131
-0.1552581787
-0.0776367188
-0.3105163574
-0.4657745361
0.3105163574
-0.2328948975
0.3881530762
0.3881530762
0.6795806885
-0.1698913574
0.1698913574
0.1415863037
-0.4813690186
0.2831573486
-0.3397979736
-0.0849456787
0.1164550781
-0.1552886963
0.9187469482
0.2588043213
-0.0258789062
0.1811676025
-0.0646972656
-0.0905761719
-0.6976013184
-0.0697631836
0.1395263672
0.1395263672
0.4883270264
0.2092742920
-0.0697631836
0.1395263672
-0.1627502441
0.1479492188
0.0591888428
0.0000000000
-0.0443878174
0.0591888428
-0.9617156982
-0.1035766602
-0.3171691895
0.0792999268
0.6343383789
-0.0792999268
-0.0792999268
-0.3171691895
-0.3964691162
-0.0792999268
0.0753631592
0.9496459961
-0.2562561035
0.0301513672
-0.0150756836
0.0150756836
-0.0602874756
-0.1205902100
-0.1216278076
0.1216278076
-0.1216278076
0.1216278076
0.2432556152
0.1216278076
0.1216278076
0.0000000000
0.3461608887
0.2307739258
0.0000000000
-0.2307739258
-0.1153869629
0.1153869629
-0.4615325928
0.1153869629
0.0000000000
0.1459960938
0.5109863281
-0.2919921875
0.2919921875
-0.1459960938
0.2919921875
0.5109863281
0.8409271240
-0.2473297119
-0.0494689941
0.0000000000
0.0989379883
0.0989379883
0.3462677002
0.0989379883
0.3674163818
-0.2449493408
-0.2449493408
0.1224670410
-0.1224670410
-0.1224670410
-0.2449493408
0.0000000000
0.6968994141
0.1393737793
-0.2322998047
-0.4645996094
-0.4181365967
0.1393737793
-0.1161499023
0.0000000000
0.4035034180
0.1729278564
0.6917266846
0.0000000000
-0.0576477051
0.0000000000
0.4035034180
0.2305755615
0.2486572266
0.2486572266
-0.1243286133
-0.1243286133
0.1243286133
0.0000000000
-0.1243286133
-0.1243286133
-0.0367279053
-0.1101837158
0.0734558105
-0.8447265625
-0.3305358887
-0.0734558105
0.0000000000
0.3305358887
-0.0439453125
0.9668273926
-0.1318359375
0.1318359375
-0.0219726562
0.0659179688
-0.0219726562
-0.0878906250
-0.3803100586
0.5324401855
0.1521301270
0.4563751221
0.0000000000
-0.2281951904
0.0000000000
0.3042602539
-0.2134399414
-0.1422882080
0.7114562988
0.3557281494
0.0000000000
-0.2134399414
0.0711517334
-0.2845764160
-0.0981750488
-0.3926696777
-0.0981750488
-0.0981750488
-0.1963348389
-0.3926696777
-0.1963348389
-0.4908447266
0.0503540039
0.0251770020
0.0000000000
0.9820251465
-0.0755462646
-0.0251770020
0.0000000000
0.0755462646
-0.4251556396
0.6570587158
0.1932525635
0.1159515381
-0.3092041016
-0.3865051270
0.0773010254
0.1932525635
0.2665710449
0.4531860352
0.6664428711
-0.2132568359
-0.2399139404
0.1066284180
-0.3732147217
-0.0533142090
-0.1415863037
-0.7787017822
0.0707855225
0.0000000000
-0.2831726074
-0.1415863037
-0.2831726074
0.1415863037
0.8677215576
0.1239624023
0.0309906006
-0.0619812012
0.3099060059
-0.0619812012
0.0000000000
0.3099060059
0.0000000000
0.0000000000
0.1150360107
0.2300720215
0.0000000000
0.1150360107
0.0000000000
0.1150360107
0.0000000000
-0.0927886963
0.2783508301
-0.0927886963
-0.0927886963
-0.7422637939
-0.0927886963
-0.1855621338
0.2218627930
0.9244232178
0.0369720459
-0.0739593506
-0.0739593506
0.0000000000
0.1848907471
0.0739593506
0.3058776855
-0.0254821777
-0.3568420410
0.3568420410
-0.2039184570
-0.4333190918
0.4842987061
-0.4078216553
0.5198516846
-0.2924194336
-0.1949462891
-0.0974731445
-0.5848388672
0.3249053955
0.3249053955
-0.0974731445
0.1978607178
-0.1483917236
-0.0494689941
0.0494689941
0.5935974121
0.6925201416
0.0000000000
0.1483917236
0.0000000000
0.4426727295
-0.2951202393
-0.1475524902
-0.3688964844
0.5164642334
-0.1475524902
0.2951202393
0.0000000000
-0.2165069580
0.1082458496
-0.3247528076
0.3247528076
0.0000000000
0.4330139160
0.3247528076
0.7765045166
-0.1617736816
0.0647125244
0.0647125244
-0.4206085205
0.1941223145
-0.3235473633
-0.0970611572
0.1085510254
-0.1628265381
0.9046020508
0.1809234619
-0.0180969238
0.2532958984
-0.0542755127
-0.1809234619
-0.4969024658
0.0000000000
0.0000000000
-0.1242218018
0.0000000000
0.1242218018
0.1242218018
-0.1242218018
-0.2297821045
0.2297821045
0.1531829834
0.0510559082
-0.0255279541
0.1276550293
-0.8935699463
-0.1787109375
-0.4930877686
0.0000000000
0.0986175537
0.1972351074
0.1972351074
-0.3944702148
-0.3944702148
0.0986175537
0.1626892090
0.8676605225
-0.3524932861
0.0271148682
0.0000000000
0.0271148682
-0.1084594727
-0.2440338135
0.1113433838
0.0000000000
0.0000000000
0.0000000000
0.0000000000
0.0000000000
0.2226867676
0.1113433838
0.3171691895
0.0000000000
-0.0792999268
-0.3171691895
0.2378845215
-0.3964691162
-0.5550537109
0.2378845215
0.0000000000
0.1004791260
0.3014221191
-0.4018859863
0.2009429932
-0.1004791260
0.4018859863
0.4018859863
0.6905822754
-0.2877349854
0.0000000000
0.1726379395
0.1726379395
0.1726379395
0.4603881836
-0.1726379395
0.1064758301
-0.1064758301
0.0000000000
0.1064758301
0.0000000000
-0.1064758301
0.0000000000
-0.1064758301
0.6139984131
0.1334838867
-0.3470458984
-0.4271392822
-0.4805297852
0.2135620117
0.0000000000
-0.0533905029
0.5000000000
0.3000030518
0.3999938965
0.0000000000
0.0000000000
-0.1999969482
0.3000030518
0.1000061035
0.1113433838
0.1113433838
0.0000000000
0.0000000000
0.1113433838
0.1113433838
0.1113433838
-0.1113433838
0.0523529053
0.0000000000
0.1047210693
-0.8377380371
-0.2617950439
0.0523529053
0.1570739746
0.3141479492
0.0000000000
0.9072265625
-0.2903137207
0.1088714600
0.0000000000
0.0725860596
0.0000000000
-0.1814422607
-0.2405242920
0.4810485840
0.0000000000
0.2405242920
-0.1202545166
-0.1202545166
-0.1202545166
0.1202545166
-0.0838012695
0.1676177979
0.5028533936
0.4190521240
0.0838165283
-0.3352355957
0.2514343262
-0.3352355957
0.0000000000
-0.3247528076
-0.1082458496
-0.3247528076
-0.4330139160
0.0000000000
-0.2165069580
-0.3247528076
0.0747222900
-0.0373687744
0.0000000000
0.8593292236
-0.2241668701
-0.1494445801
0.2615356445
0.2615356445
-0.2412719727
0.8444519043
0.1206359863
0.0402069092
-0.2010650635
-0.2814788818
0.1608428955
0.1206359863
0.0922241211
0.3381347656
0.8299865723
-0.2151794434
-0.1844482422
0.0000000000
-0.2766571045
0.0307464600
-0.1170501709
-0.8778228760
0.0585174561
-0.1170501709
-0.1170501709
-0.2340850830
-0.1170501709
0.0585174561
0.8741302490
0.0794677734
0.0397338867
-0.1192016602
0.2781372070
-0.0397338867
0.0794677734
0.2781372070
0.1064758301
0.0000000000
0.0000000000
0.1064758301
-0.1064758301
0.1064758301
0.1064758301
0.0000000000
-0.1250000000
0.0000000000
0.2500000000
0.0000000000
0.0000000000
-0.3750000000
-0.1250000000
-0.1250000000
0.1377105713
0.9180755615
0.1377105713
-0.0458984375
-0.0458984375
0.0918121338
0.1377105713
0.1377105713
0.1969299316
0.0984649658
-0.2625732422
0.6236114502
-0.0984649658
-0.3610382080
0.3282165527
-0.4595031738
0.3881988525
-0.2156677246
-0.1725311279
-0.0862731934
-0.6469879150
0.3881988525
0.3450622559
-0.1293945312
0.0613098145
-0.1839141846
0.0000000000
-0.1226043701
0.4291229248
0.7969360352
0.0000000000
0.0613098145
0.0000000000
0.0000000000
-0.4493408203
-0.1123352051
0.2246704102
0.4493408203
0.0000000000
0.2246704102
0.1237182617
-0.1237182617
0.0000000000
-0.1237182617
0.1237182617
0.0000000000
0.2474365234
0.2474365234
0.8804016113
-0.0400238037
0.0000000000
0.0400238037
-0.2801208496
0.1600799561
-0.2000885010
-0.1600799561
0.0303192139
-0.1212615967
0.9094085693
0.0606231689
-0.0606231689
0.2728271484
-0.0303192139
-0.2121887207
0.1216278076
-0.1216278076
-0.1216278076
-0.1216278076
-0.2432556152
0.1216278076
0.0000000000
-0.1216278076
-0.1960601807
0.1960601807
0.1960601807
0.1568450928
0.0392150879
0.2744750977
-0.8234252930
-0.2352600098
-0.2089080811
0.0000000000
-0.5222625732
0.1044464111
0.2089080811
0.1044464111
-0.4178161621
-0.2089080811
0.1354522705
0.8578491211
-0.3160400391
0.0000000000
0.0451507568
-0.0451507568
0.0451507568
-0.2709045410
0.0000000000
0.0000000000
0.0000000000
0.0000000000
0.0000000000
0.0785675049
0.0000000000
0.0785675049
0.2131805420
0.0000000000
-0.1065826416
-0.4263610840
0.2131805420
-0.3197631836
-0.4263610840
0.1065826416
0.3057556152
0.6115264893
0.1019134521
-0.1019134521
0.0000000000
0.2038421631
0.0000000000
0.3057556152
0.6383056641
-0.3989410400
0.0797882080
0.1595764160
0.2393646240
0.0000000000
0.1595764160
-0.3191528320
0.0000000000
0.0000000000
0.0000000000
0.0588226318
0.0000000000
0.0000000000
0.0000000000
0.0000000000
0.6143951416
0.0682678223
-0.3754730225
-0.3072052002
-0.5461273193
0.2048034668
0.0682678223
0.0000000000
0.2498626709
0.2498626709
0.0000000000
-0.1249389648
0.1249389648
-0.2498626709
0.1249389648
0.0000000000
0.0000000000
-0.1000061035
0.0000000000
0.1000061035
0.0000000000
0.0000000000
0.1000061035
-0.1000061035
0.0000000000
0.0653381348
0.2613372803
-0.8493347168
-0.0653381348
0.0653381348
0.1959991455
0.1306610107
-0.0527954102
0.8974914551
-0.2639617920
0.0527954102
0.1055908203
-0.1055908203
0.0527954102
-0.0527954102
-0.1178436279
0.1178436279
0.0000000000
0.1178436279
0.0000000000
-0.1178436279
0.0000000000
0.2357025146
0.0858917236
0.3435821533
0.2576904297
0.4294891357
0.1717987061
-0.5153808594
0.2576904297
-0.0858917236
0.2283172607
0.0000000000
-0.1141510010
-0.2283172607
-0.2283172607
0.3424682617
0.0000000000
-0.4566192627
0.0933990479
0.0000000000
-0.0466918945
0.8872222900
-0.1400909424
-0.0466918945
0.2334747314
0.2334747314
-0.0620117188
0.9611511230
0.0930175781
0.0620117188
-0.0930175781
-0.0620117188
0.1240234375
0.0310058594
0.0914154053
0.2285614014
0.8685150146
-0.1371307373
-0.1371307373
0.0457153320
-0.2742614746
0.0457153320
-0.1388549805
-0.8331146240
0.1388549805
0.0000000000
-0.0694274902
-0.2777099609
-0.0694274902
0.1388549805
0.8301849365
0.1915893555
0.0000000000
0.0000000000
0.3193054199
0.1277160645
0.0638580322
0.1277160645
0.0000000000
0.0911560059
0.0911560059
0.0000000000
0.0000000000
0.0000000000
-0.0911560059
0.0000000000
0.1000061035
0.1000061035
0.1000061035
0.0000000000
0.1000061035
0.0000000000
0.0000000000
0.0000000000
-0.0587158203
0.9688110352
0.0000000000
0.0293579102
0.0000000000
0.0880737305
0.0000000000
0.1467895508
0.0644378662
0.1288757324
-0.1933135986
0.8699340820
-0.0644378662
-0.1933135986
0.1611022949
-0.2899780273
0.1228332520
-0.2456665039
0.1228332520
0.0614166260
-0.6755981445
0.4299163818
0.3684997559
-0.0614166260
-0.0741729736
-0.1483612061
-0.0741729736
-0.2967224121
0.3708953857
0.7418060303
0.0741729736
0.0000000000
0.1105499268
0.1105499268
-0.2211151123
-0.2211151123
0.2211151123
0.5527648926
-0.1105499268
0.2211151123
0.0000000000
-0.1199951172
-0.1199951172
-0.1199951172
0.1199951172
0.0000000000
0.1199951172
0.2400054932
0.8871459961
0.0492858887
-0.0985717773
0.0985717773
-0.1971435547
0.2464294434
-0.0492858887
-0.0985717773
0.0000000000
-0.0458068848
0.8703308105
-0.0458068848
-0.1374206543
0.2748413086
0.0000000000
-0.2748413086
0.2300720215
0.0000000000
0.0000000000
0.1150360107
0.0000000000
0.1150360107
0.0000000000
0.1150360107
-0.1323547363
0.1985321045
0.1985321045
0.1985321045
0.0330963135
0.2647247314
-0.8603363037
-0.1323547363
0.0000000000
-0.1676177979
-0.6704711914
-0.0838012695
0.0838165283
0.4190521240
-0.2514190674
-0.1676177979
0.0000000000
0.5760040283
-0.3840026855
0.0000000000
-0.1920013428
-0.1920013428
0.1920013428
-0.2879943848
0.0000000000
0.0000000000
-0.0785675049
-0.0785675049
0.0000000000
0.0000000000
0.0000000000
0.0000000000
-0.1216278076
0.0000000000
0.1216278076
-0.1216278076
-0.1216278076
0.2432556152
-0.1216278076
0.1216278076
0.3280639648
0.7217407227
-0.0656127930
0.3280639648
0.0656127930
0.1968383789
-0.0656127930
0.2624511719
0.5417938232
-0.3869934082
0.1548004150
-0.1548004150
0.3096008301
-0.2321929932
-0.0773925781
-0.3869934082
0.0000000000
0.0000000000
0.0000000000
0.0000000000
0.0000000000
-0.1064758301
0.0000000000
0.2129516602
0.5678253174
0.0473175049
-0.3312225342
-0.1892700195
-0.6624603271
0.0946350098
0.0946350098
0.0000000000
0.1202545166
0.1202545166
-0.2405242920
-0.2405242920
0.4810485840
-0.1202545166
0.0000000000
0.1202545166
0.0000000000
-0.0911560059
0.0000000000
0.0911560059
0.0000000000
0.0000000000
0.0000000000
-0.0911560059
-0.1272125244
0.0000000000
0.1908111572
-0.8904418945
0.0000000000
0.0000000000
0.0635986328
0.1272125244
-0.0569915771
0.9117889404
-0.2279510498
0.0000000000
0.0000000000
-0.0569915771
0.0000000000
0.0569915771
0.0000000000
0.0000000000
-0.2129516602
0.0000000000
0.0000000000
0.1064758301
0.0000000000
0.0000000000
0.1111450195
0.3334350586
-0.2222900391
0.4445648193
0.2222900391
-0.2222900391
0.1111450195
0.2222900391
0.0000000000
0.0000000000
-0.1088256836
-0.2176361084
-0.1088256836
0.4352722168
0.0000000000
-0.5440979004
-0.1170043945
-0.0390014648
0.0780029297
0.9360351562
-0.0390014648
0.0000000000
0.1950073242
0.1170043945
0.0757751465
0.9598999023
0.0505218506
0.1515655518
-0.1010437012
0.0000000000
0.1262969971
0.0252532959
0.1626586914
0.1626586914
0.7319488525
-0.0813293457
-0.2439880371
0.0813293457
-0.3253173828
0.0813293457
0.0000000000
-0.4566192627
-0.1141510010
-0.2283172607
0.0000000000
-0.3424682617
-0.2283172607
0.2283172607
0.7332153320
0.1833038330
0.0000000000
0.1833038330
0.0916442871
0.2749481201
0.0916442871
0.0916442871
-0.3642120361
0.0000000000
0.3642120361
-0.1213989258
-0.1213989258
-0.1213989258
-0.2428131104
-0.1213989258
0.2667694092
-0.5001983643
0.5001983643
-0.0666961670
-0.2667694092
-0.4668426514
0.1667327881
-0.2667694092
0.0000000000
0.9604339600
-0.0565032959
-0.0565032959
-0.0282440186
-0.1694946289
-0.0565032959
0.1129913330
0.1539154053
-0.0171051025
-0.5985717773
0.5985717773
0.0342102051
0.0171051025
0.0513000488
-0.4959564209
0.5468902588
-0.0965118408
-0.4182128906
0.1930236816
-0.0321655273
-0.2895355225
0.5790557861
0.1608428955
0.1927642822
-0.0642547607
0.1927642822
0.5782775879
-0.3212585449
0.2570037842
-0.5140228271
0.1285095215
0.0644073486
0.6011962891
-0.0644073486
-0.2147064209
-0.6011962891
0.3650054932
-0.1932373047
0.1932373047
0.0387725830
-0.1550598145
-0.8916320801
-0.1163024902
0.0775299072
-0.1550598145
-0.1163024902
-0.2713623047
0.9647216797
-0.1107025146
0.0790710449
-0.0316314697
-0.0790710449
0.1423339844
-0.0948944092
-0.0790710449
-0.0335388184
-0.0894165039
0.9724426270
0.1453094482
-0.0670623779
0.1117706299
0.0335388184
-0.0447082520
-0.7100830078
-0.2028808594
0.1521606445
0.1014404297
0.4564819336
0.1521606445
-0.2536010742
0.2028808594
-0.0359039307
0.0239410400
-0.0718231201
0.0359039307
0.1316680908
0.0718231201
-0.9814910889
0.0359039307
0.0000000000
0.0457611084
0.8236694336
-0.0457611084
-0.2745513916
-0.2287902832
-0.3203125000
0.1372833252
-0.0616607666
0.9763793945
-0.1849975586
-0.0616607666
0.0000000000
-0.0205535889
-0.0102844238
0.0308380127
-0.1111450195
-0.1111450195
-0.2222900391
0.2222900391
0.2222900391
-0.4445648193
0.2222900391
-0.3334350586
-0.1601715088
0.4805145264
0.2669525146
0.3203430176
-0.1601715088
0.5339050293
0.1601715088
0.3737335205
0.4679870605
0.2552642822
0.6381530762
0.2552642822
0.2127227783
0.1701812744
-0.2552642822
0.2127227783
0.7165069580
0.0741271973
-0.1729431152
-0.3211975098
-0.3459014893
-0.3459014893
-0.1235351562
0.2717742920
-0.1156768799
0.1735076904
-0.8675231934
0.0578308105
-0.2313385010
-0.1735076904
-0.0578308105
0.0578308105
0.8355560303
0.0000000000
-0.0870361328
-0.4700012207
-0.2088928223
0.0174102783
-0.1218566895
0.0696258545
0.0364379883
0.1092987061
0.7651062012
0.1457366943
-0.2185974121
0.1457366943
0.4007720947
0.3278961182
0.1229705811
-0.2459411621
-0.1229705811
0.0000000000
0.0000000000
0.0000000000
-0.4918823242
0.1229705811
0.0221099854
-0.1105346680
-0.1105346680
-0.9727172852
-0.1105346680
-0.0221099854
-0.0221099854
0.0000000000
-0.0368804932
0.9835357666
0.0245819092
0.0860595703
0.1106414795
0.0737609863
-0.0122985840
0.0245819092
-0.4971008301
0.4971008301
0.0276184082
0.4418640137
0.1380767822
-0.3313903809
0.1656951904
0.3590087891
-0.1037292480
-0.1037292480
0.9335632324
-0.0518646240
-0.0518646240
-0.1037292480
0.0000000000
-0.0518646240
-0.2905426025
-0.2490386963
0.0000000000
0.0415039062
0.3735504150
-0.6640930176
0.2075347900
-0.4150543213
0.0158081055
-0.0158081055
0.2055511475
0.9644927979
-0.1106719971
-0.0790557861
-0.0158081055
0.0158081055
-0.4691467285
0.7901458740
0.1728515625
0.0246887207
-0.0987701416
-0.2963104248
-0.0740814209
-0.0493774414
0.4539489746
0.4107055664
0.3242492676
-0.2161560059
-0.1729278564
0.4971771240
-0.3890991211
-0.1729278564
0.0474243164
-0.9485015869
-0.0474243164
-0.0474243164
0.0000000000
-0.0948486328
-0.0948486328
0.0474243164
0.8954925537
-0.0484008789
0.1210174561
-0.0484008789
0.2662353516
-0.0484008789
-0.2904357910
-0.0484008789
-0.3517150879
0.1172332764
0.3517150879
0.0000000000
0.3517150879
0.1172332764
0.0000000000
-0.2344665527
0.2028045654
-0.3718109131
0.5746002197
-0.0675964355
-0.2028045654
-0.5746002197
0.0675964355
-0.2704010010
0.0000000000
0.9444274902
-0.1049346924
0.0699615479
-0.0349731445
-0.1399078369
-0.0349731445
0.1748962402
0.1510009766
-0.0503387451
-0.5872497559
0.6543731689
-0.0335540771
-0.0335540771
0.1677856445
-0.4026947021
0.5917510986
-0.0696105957
-0.2436676025
0.0696105957
-0.0696105957
0.0348052979
0.7309875488
0.0348052979
0.1807403564
-0.1445922852
0.1445922852
0.3976135254
0.4337615967
0.6867828369
0.0361480713
0.2530212402
0.0940093994
0.5876007080
-0.1645355225
-0.2585449219
-0.5405883789
0.3995666504
-0.1645355225
0.2350463867
-0.0482940674
-0.0966033936
-0.9177093506
-0.1448974609
0.0000000000
-0.1932067871
-0.0966033936
-0.0482940674
0.9178314209
-0.1203765869
0.1203765869
-0.0150451660
-0.2256927490
0.1053314209
-0.2256927490
-0.0902709961
0.0418090820
-0.1254425049
0.9512786865
0.2090759277
-0.0104522705
0.1567993164
-0.0418090820
-0.0627288818
-0.7357940674
-0.2043914795
0.1635131836
0.1226348877
0.4905242920
0.1635131836
-0.1635131836
0.1635131836
-0.0927276611
0.0231781006
-0.0231781006
0.0811309814
0.1390991211
0.1043243408
-0.9736480713
-0.0347747803
-0.0670623779
0.2011871338
0.5364990234
-0.0670623779
-0.2682495117
-0.2682495117
-0.6035614014
-0.0670623779
-0.0099639893
0.9769744873
-0.1993865967
-0.0398712158
0.0199432373
-0.0199432373
0.0000000000
-0.0099639893
-0.2258758545
0.0000000000
-0.2258758545
0.3388214111
0.1129455566
-0.3388214111
0.3388214111
0.2258758545
-0.1178436279
0.5892486572
0.2357025146
0.2946319580
-0.1767730713
0.5303192139
-0.1178436279
0.2357025146
0.2211151123
0.1105499268
0.5527648926
0.2211151123
0.2211151123
-0.1105499268
-0.1105499268
0.2211151123
0.8526611328
-0.0448760986
-0.0897521973
-0.2917022705
-0.2243804932
-0.2917022705
0.0897521973
0.1346282959
-0.0423583984
0.2117614746
-0.9317626953
0.0000000000
-0.1270599365
-0.0423583984
-0.0423583984
-0.0847015381
0.7112579346
0.0889129639
0.0444488525
-0.6001281738
-0.2000427246
-0.0889129639
-0.2444915771
-0.0222320557
0.1256103516
0.2093353271
0.7954864502
0.2512054443
-0.1256103516
0.1256103516
0.2093353271
0.3349456787
0.1123352051
-0.1123352051
-0.3370056152
-0.2246704102
0.0000000000
-0.1123352051
-0.5616760254
0.0000000000
0.0327911377
-0.0983581543
-0.0983581543
-0.9180145264
-0.2950744629
-0.0655670166
0.0327911377
0.0983581543
-0.0150756836
0.9795684814
-0.0150756836
0.1356353760
0.0904235840
0.0753479004
0.0150756836
0.0150756836
-0.5532226562
0.5532226562
0.0325469971
0.4555969238
0.0976257324
-0.2603454590
0.0000000000
0.2603454590
-0.1270599365
-0.0423583984
0.8894042969
0.0847015381
0.0847015381
-0.2117614746
0.1694183350
-0.2117614746
-0.2928924561
-0.1464385986
-0.0976257324
0.0976257324
0.1464385986
-0.8298492432
0.0000000000
-0.2928924561
0.0000000000
0.0813293457
0.2439727783
0.9352569580
-0.1829833984
-0.1016540527
-0.0406646729
0.0203247070
-0.6293029785
0.5113067627
0.2753295898
0.1573333740
-0.2753295898
-0.2753295898
0.0393371582
0.1966552734
0.4077301025
0.5495452881
0.4254608154
-0.0709075928
-0.1595458984
0.3013610840
-0.4077301025
-0.2304534912
0.0397949219
-0.9551086426
0.0397949219
0.0000000000
-0.0795898438
-0.1591796875
0.0000000000
0.0397949219
0.9313049316
-0.0211639404
0.0634918213
0.0211639404
0.2751617432
-0.0846710205
-0.1693267822
0.0423278809
-0.1229705811
-0.2459411621
0.2459411621
0.0000000000
0.2459411621
0.3689117432
0.0000000000
0.1229705811
0.0842590332
-0.2527618408
0.5476531982
-0.0421295166
-0.1685028076
-0.6740264893
0.0000000000
-0.2948913574
0.0544128418
0.8160858154
-0.1632232666
0.2176208496
-0.2176208496
-0.0544128418
0.0544128418
0.3264312744
0.1985626221
-0.0496368408
-0.5460662842
0.6784515381
-0.0827331543
-0.0661926270
0.2647552490
-0.3309478760
0.5950012207
-0.2100067139
-0.1399993896
-0.0350036621
-0.2449951172
0.3500061035
0.5950012207
-0.0700073242
0.2095794678
-0.1571807861
-0.0261993408
0.1833801270
0.6025238037
0.6287231445
0.0261993408
0.3405609131
0.0783996582
0.4704132080
-0.1829376221
-0.2613372803
-0.4965362549
0.5488128662
-0.0522613525
0.3135986328
-0.0810699463
0.1621246338
-0.6485290527
-0.1621246338
0.0810699463
-0.1621246338
0.1621246338
0.4863891602
0.8634033203
-0.1354370117
0.0677185059
0.0507812500
-0.2877960205
0.1523590088
-0.3216552734
-0.1015777588
0.0777435303
-0.1443786621
0.9328765869
0.2110137939
0.0111083984
0.1999053955
-0.0444183350
-0.1110534668
-0.7589569092
-0.2529907227
0.1686553955
0.0843353271
0.4638061523
0.1686553955
-0.1264953613
0.0843353271
-0.1156311035
0.0578155518
0.0289001465
0.0578155518
0.1011657715
0.0867156982
-0.9683685303
-0.1300811768
-0.2328948975
0.1552581787
0.4657745361
-0.0776367188
0.0000000000
-0.2328948975
-0.6210327148
-0.2328948975
0.0252685547
0.9725799561
-0.2020874023
-0.0252685547
0.0378875732
-0.0378875732
0.0000000000
-0.0631561279
-0.2187805176
0.1093902588
-0.2187805176
0.2187805176
0.2187805176
0.2187805176
0.4375762939
0.3281707764
0.0747985840
0.6731262207
0.0747985840
0.1495819092
-0.1495819092
0.5235443115
-0.1495819092
-0.0747985840
-0.2199401855
-0.1099700928
0.3299102783
-0.3299102783
0.1099700928
-0.2199401855
0.4398803711
0.1099700928
0.8728027344
-0.1363830566
0.0545501709
-0.3000335693
-0.0545501709
-0.2727508545
0.1363830566
0.0818328857
0.0557403564
0.2229461670
-0.8917999268
-0.0557403564
-0.1672058105
-0.0557403564
-0.0557403564
-0.1114807129
0.5847320557
0.1349334717
-0.0449829102
-0.5847320557
-0.4048156738
0.0000000000
-0.3373413086
-0.0449829102
0.3976287842
0.1136016846
0.6248321533
0.3976287842
-0.1136016846
0.0000000000
0.0568084717
0.3976287842
0.2405242920
0.0000000000
-0.2405242920
-0.3607788086
0.1202545166
0.0000000000
-0.3607788086
-0.1202545166
-0.2301635742
-0.0767211914
0.0767211914
-0.4603424072
-0.6137847900
0.0000000000
0.0000000000
0.3836212158
-0.0206909180
0.9721984863
-0.0827484131
0.1447906494
0.0206909180
0.0827484131
0.0413665771
-0.0620574951
-0.5124969482
0.5637359619
-0.0512542725
0.4099884033
0.1537475586
-0.2050018311
-0.0512542725
0.3074951172
-0.0812835693
0.0000000000
0.8941040039
0.2032012939
0.0406341553
-0.2032012939
0.1219177246
-0.2032012939
-0.2077789307
-0.0692596436
-0.2077789307
0.2077789307
-0.0692596436
-0.7618713379
-0.2077789307
-0.2770385742
-0.0587615967
0.2056884766
0.1469116211
0.8815002441
-0.3232116699
-0.1469116211
0.0293884277
0.0293884277
-0.6137695312
0.2832794189
0.2360687256
0.1416320801
-0.4721374512
-0.1416320801
0.0944213867
0.3777008057
0.2994995117
0.5615539551
0.5428314209
-0.0748748779
-0.2246246338
0.2246246338
-0.3743591309
-0.2059020996
0.0580291748
-0.8704376221
0.1160583496
-0.1160583496
-0.2321166992
-0.1160583496
0.0580291748
-0.1740875244
0.9310607910
-0.0454101562
0.0908355713
0.0908355713
0.2498016357
-0.0454101562
-0.0908355713
0.1589660645
0.1245422363
-0.2490844727
0.1245422363
0.1245422363
0.1245422363
0.3736267090
0.1245422363
0.1245422363
0.0745849609
-0.2237548828
0.4475250244
-0.0745849609
-0.2237548828
-0.5966949463
0.0745849609
-0.3729400635
0.3874053955
0.2905578613
0.0000000000
0.0968475342
-0.3874053955
0.1937103271
0.2905578613
0.3874053955
0.2317504883
-0.0193176270
-0.4828186035
0.6759490967
-0.0772552490
-0.0965576172
0.3283233643
-0.3476257324
0.4153442383
-0.1887969971
-0.1132812500
-0.0755157471
-0.2643127441
0.5286254883
0.6041412354
-0.1132812500
0.1444396973
-0.1733398438
-0.0866699219
0.0288848877
0.6355590820
0.6066741943
-0.0288848877
0.3755493164
0.0380554199
0.4186401367
-0.2664031982
-0.2283477783
-0.3425292969
0.6470031738
0.0000000000
0.3425292969
0.1963348389
0.1963348389
-0.2945098877
-0.0981750488
0.2945098877
0.0000000000
0.3926696777
0.4908447266
0.8417358398
-0.0935211182
0.0000000000
0.0467681885
-0.3273468018
0.1870574951
-0.3273468018
-0.1169128418
0.0698089600
-0.1221618652
0.9075317383
0.1570739746
0.0174560547
0.2792358398
0.0000000000
-0.2094268799
-0.7564849854
-0.3438568115
0.2063140869
-0.0687713623
0.2750854492
0.1375427246
-0.0687713623
-0.0687713623
-0.1466369629
0.1466369629
0.1466369629
0.0244445801
0.0733184814
0.0977630615
-0.9287261963
-0.1955261230
-0.1963348389
0.0981750488
0.0000000000
0.0981750488
0.1963348389
-0.2945098877
-0.6871795654
0.0000000000
0.0480346680
0.9365234375
-0.2401428223
-0.0720367432
0.0720367432
-0.0720367432
0.0240173340
-0.1680908203
-0.1249389648
0.1249389648
-0.1249389648
0.1249389648
0.1249389648
0.2498779297
0.2498779297
0.2498779297
0.2211151123
0.5527648926
-0.1105499268
-0.1105499268
0.0000000000
0.2211151123
-0.3316650391
0.0000000000
0.0000000000
0.0000000000
0.3517150879
-0.2344665527
0.3517150879
0.1172332764
0.1172332764
0.3517150879
0.8515930176
-0.2322540283
0.1161193848
-0.2322540283
0.0774230957
-0.2709655762
0.1548309326
-0.0387115479
0.1034240723
0.1034240723
-0.7239532471
-0.1034240723
0.0000000000
0.0000000000
-0.1034240723
-0.2068481445
0.5619506836
0.1465911865
-0.2443237305
-0.4397888184
-0.5863800049
0.1221618652
-0.1710357666
-0.0488586426
0.5879974365
0.1306610107
0.1959991455
0.5226745605
0.0653381348
-0.2613372803
-0.0653381348
0.3266754150
0.1064758301
0.0000000000
-0.1064758301
-0.1064758301
0.0000000000
0.1064758301
0.0000000000
-0.1064758301
-0.0990753174
0.0000000000
0.1981506348
-0.3963012695
-0.4953613281
0.0000000000
0.1981506348
0.3963012695
0.0000000000
0.9316253662
-0.1996307373
0.1330871582
0.0000000000
0.0332794189
0.0998229980
-0.1663665771
-0.4564056396
0.4564056396
-0.0912780762
0.1825714111
0.0912780762
-0.2738494873
-0.1825714111
0.3651275635
-0.0517883301
0.1035919189
0.8805236816
0.2071838379
0.1035919189
-0.2071838379
0.0517883301
-0.1553802490
0.0000000000
-0.1213989258
-0.2428131104
0.1213989258
-0.1213989258
-0.3642120361
-0.3642120361
-0.1213989258
-0.0401153564
0.2005767822
0.1203460693
0.7220611572
-0.4813690186
-0.2406921387
0.2005767822
0.2005767822
-0.4506988525
0.4506988525
0.2575378418
0.0000000000
-0.5150756836
-0.0643920898
0.1287689209
0.3219299316
0.1336669922
0.5614166260
0.6148834229
-0.1069335938
-0.2406005859
0.1336669922
-0.4010009766
-0.1336669922
0.1116485596
-0.8931884766
0.1674652100
-0.1674652100
-0.1116485596
-0.0558166504
0.0558166504
-0.1116485596
0.9137420654
-0.0315093994
0.1260375977
0.0630187988
0.2520751953
0.0000000000
0.0000000000
0.2205657959
0.0000000000
-0.1243286133
0.0000000000
0.1243286133
-0.1243286133
0.1243286133
0.3729858398
0.0000000000
0.0000000000
-0.1228332520
0.1228332520
0.0000000000
-0.1228332520
-0.2456817627
0.0000000000
-0.2456817627
0.2455902100
0.6548919678
0.0818634033
0.1637268066
-0.3274383545
0.1637268066
0.0818634033
0.3274383545
0.1885528564
0.0000000000
-0.3771209717
0.7811584473
-0.0269317627
-0.0808105469
0.2424316406
-0.3501739502
0.2467346191
-0.1480407715
0.0000000000
-0.1480407715
-0.2960815430
0.6414947510
0.5428009033
-0.1480407715
0.0424652100
-0.1698760986
-0.0424652100
-0.1273956299
0.5520782471
0.7219390869
-0.0424652100
0.2548065186
0.0000000000
0.1981201172
-0.3301849365
-0.1320800781
-0.0660400391
0.7264099121
0.0000000000
0.3962249756
0.1245422363
0.1245422363
0.0000000000
0.0000000000
0.2490844727
0.0000000000
0.2490844727
0.3736267090
0.8603820801
-0.0688323975
-0.0344085693
0.0688323975
-0.2753143311
0.1720733643
-0.2753143311
-0.1720733643
0.0387115479
-0.0387115479
0.8515930176
0.0000000000
0.0000000000
0.3483734131
0.0774230957
-0.3096618652
-0.1249389648
-0.3748321533
0.0000000000
-0.2498779297
-0.1249389648
0.1249389648
0.0000000000
-0.1249389648
-0.1143341064
0.1524505615
0.1524505615
0.1524505615
0.1143341064
0.2286834717
-0.8766174316
-0.1905670166
-0.0951690674
0.0000000000
-0.6661682129
0.0951690674
0.1903381348
0.1903381348
-0.3806762695
0.0000000000
0.0533142090
0.8530426025
-0.2132568359
-0.1066284180
0.1066284180
-0.1599426270
0.1066284180
-0.2665710449
0.0000000000
0.0000000000
0.0000000000
0.0000000000
0.0000000000
0.0911560059
0.0911560059
0.0911560059
0.0000000000
0.3748321533
0.1249389648
-0.1249389648
0.0000000000
0.2498779297
-0.1249389648
0.1249389648
0.3334350586
0.3334350586
0.0000000000
0.0000000000
0.2222900391
0.1111450195
0.2222900391
0.4445648193
0.7815399170
-0.2232971191
0.1116485596
-0.1674652100
0.1674652100
-0.3907623291
-0.0558166504
-0.1116485596
-0.1237182617
0.0000000000
-0.3711547852
0.0000000000
0.0000000000
0.1237182617
-0.1237182617
0.0000000000
0.6012420654
0.1002044678
-0.3340148926
-0.3006134033
-0.6012420654
0.1670074463
0.0334014893
0.0000000000
0.4976654053
0.0995330811
0.0000000000
0.3981323242
0.1990661621
-0.2985992432
-0.0995330811
0.2985992432
0.0000000000
0.0000000000
-0.0911560059
0.0000000000
-0.0911560059
0.0000000000
0.0911560059
0.0000000000
-0.0852813721
0.0852813721
0.3411407471
-0.7675628662
-0.0852813721
0.0852813721
0.0852813721
0.0852813721
0.0000000000
0.8680267334
-0.2480010986
0.0000000000
-0.0619964600
-0.1240081787
0.1860046387
-0.0619964600
-0.2500000000
0.2500000000
-0.1250000000
0.1250000000
0.0000000000
-0.1250000000
-0.1250000000
0.2500000000
0.1825714111
0.3651275635
0.3651275635
0.3651275635
0.1825714111
-0.4564056396
0.1825714111
0.0000000000
0.1247253418
0.1247253418
-0.2494506836
-0.1247253418
-0.1247253418
0.1247253418
-0.1247253418
-0.2494506836
0.0497131348
0.0994262695
0.0000000000
0.8450622559
-0.3479614258
-0.0994262695
0.1491241455
0.1988372803
-0.0881652832
0.9257965088
0.1322631836
-0.0440826416
-0.1763458252
0.0440826416
0.1322631836
0.0440826416
0.0000000000
0.4636840820
0.6697540283
-0.1030426025
-0.2060852051
0.0515136719
-0.4121551514
-0.1545562744
0.0800323486
-0.8003845215
0.3201599121
-0.0800323486
-0.0800323486
-0.0800323486
0.0800323486
-0.0800323486
0.8422241211
0.0000000000
0.0647888184
0.0647888184
0.3239288330
0.0000000000
0.0000000000
0.1943664551
-0.1000061035
0.0000000000
0.1000061035
0.1000061035
0.0000000000
0.0000000000
0.0000000000
-0.1000061035
0.0000000000
0.0000000000
0.0000000000
0.0785675049
0.0785675049
0.0000000000
0.0000000000
0.0000000000
-0.0401153564
0.9226379395
-0.0802307129
0.2005767822
-0.0401153564
0.0802307129
0.0000000000
0.2005767822
0.0832672119
0.0000000000
-0.2220306396
0.9158935547
0.0000000000
-0.0555114746
0.1665191650
-0.2220306396
0.1510009766
-0.1510009766
0.2013397217
-0.0503387451
-0.5536804199
0.5536804199
0.4530029297
-0.1006622314
0.0000000000
-0.2313385010
-0.1156768799
-0.2891693115
0.4626770020
0.6940155029
-0.1156768799
0.1735076904
0.0727996826
0.0727996826
-0.0727996826
-0.0727996826
0.3640289307
0.7280578613
-0.0727996826
0.3640289307
0.1150360107
-0.1150360107
-0.1150360107
0.0000000000
0.1150360107
0.1150360107
0.1150360107
0.1150360107
0.9095001221
0.0454711914
-0.0909423828
0.0909423828
-0.2273712158
0.1364288330
-0.0909423828
-0.0909423828
-0.0611877441
0.0611877441
0.8566284180
0.0000000000
-0.0611877441
0.3059387207
0.0611877441
-0.1835632324
0.2226867676
0.0000000000
0.0000000000
0.0000000000
0.0000000000
0.1113433838
0.0000000000
0.1113433838
-0.1289520264
0.1934204102
0.1934204102
0.1934204102
0.0644683838
0.2578887939
-0.8703918457
-0.0967102051
0.0000000000
-0.1344299316
-0.7393341064
-0.1344299316
0.0000000000
0.4704895020
-0.2016296387
-0.0672149658
0.1178436279
0.1178436279
-0.1178436279
0.0000000000
0.0000000000
-0.4714050293
0.3535461426
-0.2357025146
0.0000000000
0.0000000000
0.0000000000
0.0000000000
0.0000000000
-0.0785675049
0.0000000000
0.0785675049
-0.2595672607
0.1730346680
0.3460845947
0.1730346680
-0.3460845947
0.6056518555
0.0865173340
0.0000000000
0.2763824463
0.6909637451
-0.1381988525
0.3454742432
0.1381988525
0.0690917969
-0.0690917969
0.3454742432
0.5377044678
-0.3360595703
0.2688446045
-0.2688446045
0.3360595703
-0.3360595703
0.0672149658
-0.2688446045
0.0000000000
0.0000000000
-0.2226867676
0.1113433838
0.0000000000
0.0000000000
0.0000000000
0.1113433838
0.5515899658
0.1504364014
-0.3008728027
-0.2005767822
-0.6518707275
0.1504364014
0.1002960205
-0.0501403809
0.1945648193
0.0972900391
-0.1945648193
0.2918548584
0.3891448975
-0.1945648193
-0.3891448975
0.3891448975
0.0000000000
-0.1000061035
-0.1000061035
0.1000061035
0.0000000000
0.0000000000
0.0000000000
-0.1000061035
-0.1773834229
0.0591278076
0.2365264893
-0.8869476318
0.0000000000
0.0591278076
0.0000000000
0.0591278076
-0.1259460449
0.8816223145
-0.1889190674
0.0000000000
-0.1259460449
-0.0629730225
0.1259460449
0.0629730225
-0.1178436279
0.0000000000
-0.2357025146
0.0000000000
-0.1178436279
0.1178436279
-0.1178436279
0.0000000000
0.1190643311
0.2381439209
-0.1190643311
0.3572082520
0.1190643311
-0.2381439209
-0.1190643311
0.3572082520
-0.1213989258
0.0000000000
-0.1213989258
-0.1213989258
-0.2428131104
0.3642120361
-0.1213989258
-0.3642120361
-0.0755767822
-0.0755767822
0.0377807617
0.9446563721
-0.1133575439
0.0000000000
0.1511383057
0.1133575439
0.0241241455
0.9647216797
0.0723571777
0.1447143555
-0.0964660645
0.0000000000
0.1205902100
0.0000000000
-0.0846862793
0.1693725586
0.6774902344
-0.0846862793
-0.2540588379
0.0846862793
-0.4234313965
0.0000000000
0.1117401123
-0.5586853027
0.1117401123
-0.2234802246
-0.1117401123
-0.3352050781
0.1117401123
0.0000000000
0.6704254150
0.0000000000
0.0000000000
-0.1117401123
0.2234802246
0.0000000000
0.1117401123
0.0000000000
-0.2405242920
-0.1202545166
0.1202545166
-0.3607788086
0.0000000000
-0.3607788086
0.0000000000
0.2405242920
0.4438934326
-0.3329162598
0.3606719971
-0.2219543457
-0.3329162598
-0.3329162598
0.3051757812
-0.4161529541
0.0000000000
0.9759216309
-0.0278778076
-0.1115264893
-0.0278778076
0.0278778076
0.0836486816
-0.0278778076
0.1547393799
0.0464172363
-0.6654052734
0.4023437500
0.1237945557
-0.0773773193
0.2166442871
-0.5416107178
0.1511383057
0.2644958496
0.0000000000
0.1133575439
0.3400726318
0.1889343262
0.8312988281
0.0755767822
0.0000000000
-0.0418701172
0.4605407715
0.7536163330
-0.2512054443
0.1674652100
0.2512054443
-0.0837402344
0.0927429199
0.6801452637
0.0618286133
-0.1545867920
-0.5874023438
0.2782440186
-0.1545867920
0.1545867920
0.2234649658
-0.0957641602
-0.8938446045
-0.1915435791
0.0638427734
0.0957641602
0.0957641602
-0.2234649658
0.9590911865
-0.0767211914
0.0255737305
-0.0255737305
-0.0767211914
0.2173919678
-0.1023101807
-0.0639343262
-0.0980529785
-0.0882415771
0.9609222412
0.2059173584
-0.0882415771
0.0098114014
0.0490264893
-0.0588378906
-0.5687103271
-0.2187347412
0.1312408447
0.0874938965
0.5687103271
-0.0437469482
-0.3062286377
0.3499755859
-0.0394134521
0.0098571777
0.0098571777
0.0000000000
0.0591278076
-0.0295715332
-0.9953308105
0.0098571777
0.0261230469
0.0261230469
0.9662933350
0.0261230469
-0.1566925049
-0.1044616699
-0.0261230469
0.0783538818
-0.0641784668
0.9786376953
-0.1764678955
-0.0481262207
0.0240631104
0.0320892334
-0.0320892334
0.0000000000
-0.0788116455
0.0788116455
-0.4728393555
0.1576080322
0.1576080322
-0.4728393555
0.4728393555
-0.2364196777
0.0000000000
0.4825286865
0.3446655273
0.2757263184
-0.1378631592
0.3446655273
-0.4825286865
0.2068023682
0.3898925781
0.3249053955
0.6498107910
0.1624603271
0.2274322510
0.2274322510
-0.3898925781
0.0649871826
0.6020812988
0.0547332764
-0.3010406494
-0.3831329346
-0.3557739258
-0.4652404785
0.1641998291
0.0547332764
-0.1051483154
0.1577301025
-0.8937683105
0.1051483154
-0.1051483154
-0.1577301025
-0.0525817871
0.1577301025
0.6582031250
0.1212463379
0.0346374512
-0.5715942383
-0.1905364990
-0.1212463379
-0.3983917236
0.0692901611
-0.0265502930
-0.1061859131
0.9290771484
0.1592712402
0.0796356201
0.1592712402
-0.2123565674
0.0000000000
0.2972259521
0.0990753174
-0.2972259521
-0.2972259521
-0.0990753174
-0.0990753174
-0.5944366455
0.0000000000
0.0000000000
-0.4143676758
-0.0318756104
-0.8287353516
-0.2231140137
-0.1275024414
-0.1275024414
0.1593780518
0.0000000000
0.9883728027
0.0149688721
0.0599060059
0.1048278809
0.0149688721
0.0000000000
0.0299530029
-0.5311737061
0.4886779785
0.0424957275
0.4461975098
0.2974548340
-0.2549591064
0.2124786377
0.2549591064
-0.0861816406
0.1292724609
0.9049530029
0.0000000000
-0.0430908203
-0.2154693604
0.0430908203
-0.2154693604
-0.2055358887
-0.1027679443
-0.1541595459
-0.0513916016
0.0513916016
-0.8735351562
0.0513916016
-0.2569274902
0.0000000000
-0.0987091064
0.1269073486
0.9729919434
-0.0422973633
-0.1269073486
0.0000000000
0.0564117432
-0.2189636230
0.9634246826
0.0437927246
0.0583953857
0.0146026611
-0.0291900635
-0.0729827881
-0.0729827881
0.5571289062
0.3774108887
0.2516021729
-0.1258087158
-0.1797180176
0.5571289062
-0.2875518799
-0.1797180176
-0.0456237793
-0.9810485840
-0.0684509277
-0.0684509277
0.0000000000
-0.0912628174
-0.0228118896
0.0228118896
0.9367828369
-0.1277465820
0.1703186035
-0.0638732910
-0.0425872803
0.0000000000
-0.0425872803
-0.2341918945
-0.2490844727
0.0000000000
0.0000000000
-0.3736267090
0.2490844727
-0.1245422363
0.0000000000
0.1245422363
0.4047851562
-0.2428741455
0.4317779541
-0.2158813477
-0.2968444824
-0.4317779541
0.1889038086
-0.4587554932
-0.0577087402
0.9810028076
-0.0288543701
0.0288543701
-0.0288543701
0.0288543701
0.0577087402
0.0288543701
0.1357269287
0.0000000000
-0.6484680176
0.4674987793
0.0301666260
-0.0301666260
0.3770141602
-0.4373321533
0.2456817627
0.2763977051
-0.0614166260
-0.0307159424
0.2149810791
0.3071136475
0.8292083740
0.0000000000
0.0652923584
0.0000000000
0.3917541504
0.5223388672
0.1305847168
0.5549926758
0.4570465088
0.0326538086
0.1900177002
0.6460571289
0.0760040283
-0.1520080566
-0.3040313721
0.5700531006
-0.0380096436
0.2280273438
0.1153564453
-0.1153564453
-0.9228057861
-0.1153564453
0.0000000000
-0.0384521484
0.0769042969
-0.2306976318
0.9504241943
-0.0831604004
0.0475158691
-0.0356445312
-0.1306762695
0.1425628662
-0.2019653320
-0.0594024658
-0.0258331299
-0.1205444336
0.9556884766
0.2410736084
-0.0172271729
0.0688781738
-0.0344390869
-0.0688781738
-0.6242065430
-0.2496795654
0.1248474121
0.1248474121
0.5825958252
0.1248474121
-0.2496795654
0.2080688477
-0.0641479492
0.0000000000
0.0274963379
0.0458221436
0.0916442871
0.0183258057
-0.9897003174
-0.0458221436
-0.0928955078
0.2322235107
0.8359985352
0.0000000000
-0.3251037598
-0.0928955078
-0.2322235107
0.0000000000
-0.0443267822
0.9661865234
-0.2304687500
-0.0709075928
0.0531921387
0.0265960693
0.0000000000
-0.0177307129
0.0000000000
-0.0790557861
-0.3952484131
0.3161926270
0.0790557861
-0.3952484131
0.5533447266
0.2371520996
-0.1853027344
0.4941253662
0.2470703125
0.3088378906
-0.1853027344
0.3088378906
-0.5558929443
0.0000000000
0.2465972900
0.1849517822
0.7397918701
0.1233062744
0.2465972900
0.1233062744
-0.3699035645
0.0616455078
0.7072448730
0.0415954590
-0.1248016357
-0.3952178955
-0.2704162598
-0.3744201660
0.3120117188
0.0415954590
-0.1228332520
0.1637878418
-0.9417572021
0.0409393311
-0.0818939209
-0.0818939209
0.0409393311
0.0000000000
0.5367736816
0.1725311279
0.1341857910
-0.6134490967
-0.1150207520
-0.1725311279
-0.4792633057
-0.0575103760
-0.0543670654
-0.0543670654
0.8970794678
0.1359252930
0.0543670654
0.1359252930
-0.3533935547
-0.0271911621
0.3316650391
0.1105499268
-0.2211151123
-0.1105499268
0.0000000000
-0.2211151123
-0.5527648926
0.0000000000
0.1795043945
-0.4936370850
-0.1346282959
-0.7628936768
-0.1795043945
-0.1346282959
-0.0897521973
0.0000000000
0.0533905029
0.9788513184
0.0000000000
0.1245880127
0.1067810059
0.0177917480
0.0355987549
-0.0177917480
-0.5706024170
0.5468139648
-0.0237731934
0.4517211914
0.2615203857
-0.1902008057
0.1664276123
0.1426544189
-0.1933898926
0.3094329834
0.6962280273
0.1547241211
0.0386810303
-0.3481140137
0.1933898926
-0.3867950439
-0.0517272949
0.0517272949
-0.2069091797
0.0517272949
-0.3620758057
-0.8276214600
-0.0517272949
-0.2069091797
-0.0193023682
-0.0772094727
0.1737213135
0.9458007812
-0.1544189453
-0.1544189453
0.0579071045
0.0772094727
-0.2371978760
0.9645996094
0.0316314697
0.0000000000
0.0000000000
-0.0158081055
-0.0632476807
0.0000000000
0.4781036377
0.4781036377
0.4626922607
0.0154266357
-0.1079559326
0.3701477051
-0.3084564209
-0.2776184082
-0.0214691162
-0.9876861572
0.0214691162
-0.0858917236
-0.0214691162
0.0214691162
0.0000000000
-0.0214691162
0.9613952637
-0.1508026123
0.0754089355
-0.0377044678
0.0000000000
-0.0754089355
0.0000000000
-0.1696624756
-0.3590087891
-0.2393341064
0.0000000000
-0.1196746826
0.3590087891
0.2393341064
-0.1196746826
0.1196746826
0.2638549805
-0.1978912354
0.4947204590
-0.1649017334
-0.2968292236
-0.5277099609
0.0659637451
-0.4617462158
-0.0312957764
0.9700469971
0.0312957764
0.0625762939
-0.0938720703
0.0000000000
0.0938720703
0.0625762939
0.1768493652
-0.0482330322
-0.5626831055
0.5466003418
0.0000000000
-0.0160827637
0.4662170410
-0.3536834717
0.2240295410
0.1920318604
-0.0960083008
-0.1280212402
0.0640106201
0.4480743408
0.8001251221
-0.0960083008
0.2138671875
-0.1871337891
0.0534667969
0.2406005859
0.4812164307
0.6416168213
0.2673339844
0.3475341797
0.2265930176
0.4532012939
0.0323638916
-0.2913360596
-0.1294860840
0.7445373535
0.0323638916
0.2265930176
0.2455902100
-0.0818634033
-0.5730285645
0.0818634033
-0.2455902100
-0.0818634033
0.2455902100
-0.4911651611
0.9006500244
-0.1228179932
0.0409393311
0.0136413574
-0.2046966553
0.1228179932
-0.3275146484
-0.0409393311
0.0191040039
-0.1814575195
0.9263763428
0.2674102783
0.0286560059
0.1336975098
-0.0477447510
-0.1146087646
-0.6992797852
-0.3059387207
0.1748199463
0.0874176025
0.4807586670
0.1748199463
-0.2185211182
0.0874176025
-0.1053314209
0.0351104736
0.0585174561
0.0819244385
0.1638488770
0.0468139648
-0.9596710205
-0.1521453857
-0.1487579346
0.2975311279
0.3719177246
0.1487579346
-0.1487579346
0.1487579346
-0.6694488525
-0.2231445312
0.0000000000
0.9516143799
-0.2819671631
-0.0587463379
0.0587463379
-0.0352478027
0.0117492676
-0.0469970703
0.0000000000
0.0995330811
-0.2985992432
0.2985992432
0.1990661621
-0.0995330811
0.4976654053
0.3981323242
-0.0626068115
0.6886444092
0.0626068115
0.1878051758
-0.1252136230
0.3756256104
-0.3130187988
-0.3130187988
-0.1178436279
0.0000000000
0.4714050293
-0.1178436279
0.2357025146
0.0000000000
-0.3535461426
-0.1178436279
0.6974639893
-0.0232543945
0.1627349854
-0.4882202148
-0.2092437744
-0.3487243652
0.2557373047
0.0000000000
-0.1015777588
0.2031402588
-0.9141387939
0.0000000000
-0.0507812500
-0.0507812500
0.0000000000
-0.1523590088
0.3723144531
0.1737518311
0.1240997314
-0.6205291748
-0.1985626221
-0.1240997314
-0.5708770752
-0.1737518311
0.0000000000
-0.0727691650
0.7640838623
0.2183074951
0.0727691650
0.1091613770
-0.5457763672
0.0727691650
0.2357025146
0.0000000000
-0.1178436279
-0.1178436279
0.0000000000
-0.1178436279
-0.1178436279
0.0000000000
0.0000000000
-0.3590087891
-0.1196746826
-0.3590087891
-0.2393341064
-0.1196746826
-0.2393341064
-0.1196746826
0.0430145264
0.9679870605
-0.0215148926
0.1505737305
0.0645294189
0.0860443115
0.1075592041
0.0000000000
-0.5460357666
0.5460357666
-0.0642395020
0.4175567627
0.2890777588
-0.2569580078
0.1284790039
0.1605987549
-0.1936798096
0.2711639404
0.7747497559
0.1549530029
-0.0774688721
-0.2324218750
0.0774688721
-0.3873748779
-0.0673675537
0.1347198486
-0.1347198486
0.1347198486
-0.5389099121
-0.6062774658
-0.3368225098
-0.1347198486
-0.0899505615
0.0299835205
0.1499176025
0.8395690918
-0.4197845459
-0.1799163818
0.1499176025
0.0599670410
-0.2678833008
0.9478759766
0.0000000000
-0.1030273438
-0.0412139893
0.0412139893
-0.0205993652
0.0412139893
0.3775634766
0.5148620605
0.5320281982
0.0686492920
-0.1716156006
0.2917633057
-0.3089141846
-0.2917633057
0.0284576416
-0.9674072266
0.0569000244
-0.0853576660
0.0000000000
0.0569000244
0.0569000244
-0.1422576904
0.9644470215
-0.1205596924
0.0482177734
0.0000000000
0.0000000000
-0.1687774658
-0.0241088867
-0.0723266602
0.0000000000
-0.3750000000
0.0000000000
0.1250000000
0.1250000000
0.2500000000
0.0000000000
0.1250000000
0.1761627197
-0.1174468994
0.4697723389
-0.1761627197
-0.2936096191
-0.4697723389
0.0587158203
-0.5285034180
0.0398254395
0.9558563232
0.0398254395
0.0398254395
-0.1194763184
-0.0398254395
0.0000000000
0.1194763184
0.1930236816
-0.0579071045
-0.5018463135
0.6562652588
0.0193023682
0.0193023682
0.4246368408
-0.2895355225
0.1229400635
0.0819549561
0.0409851074
-0.1229400635
0.0409851074
0.5327453613
0.7786254883
-0.1229400635
0.1608581543
-0.1608581543
-0.0804290771
0.0000000000
0.5898284912
0.6166381836
0.0804290771
0.4289703369
0.1205444336
0.2410736084
-0.2410736084
-0.2008972168
0.0803527832
0.8437652588
0.0000000000
0.2410736084
0.3406372070
0.2270965576
0.1135406494
0.2270965576
-0.2270965576
-0.1135406494
0.4541778564
0.0000000000
0.8626098633
-0.1683197021
-0.0420837402
0.0841522217
-0.2314300537
0.1262359619
-0.3576660156
-0.0841522217
0.0153961182
-0.1693878174
0.9085388184
0.2463836670
0.0462036133
0.2001953125
-0.0307922363
-0.1847839355
-0.6535491943
-0.3630828857
0.1452331543
0.0726165771
0.3630828857
0.1452331543
-0.2904663086
0.0000000000
-0.1290283203
0.0737304688
0.1290283203
0.0737304688
0.2027587891
0.0737304688
-0.9216613770
-0.2211914062
-0.3232269287
0.0000000000
-0.4848327637
0.1616058350
0.0808105469
0.2424163818
-0.5656433105
-0.1616058350
-0.0198516846
0.9134216309
-0.3574218750
-0.0595703125
0.0397186279
-0.0992889404
0.0000000000
-0.0992889404
0.0000000000
0.1245422363
-0.1245422363
0.1245422363
0.2490844727
0.2490844727
0.2490844727
0.2490844727
0.0000000000
0.5995483398
0.1332397461
0.1332397461
-0.1332397461
0.5995483398
-0.1998443604
-0.1998443604
0.1216278076
0.0000000000
0.1216278076
-0.1216278076
0.2432556152
0.1216278076
-0.1216278076
0.1216278076
0.6239471436
-0.0985107422
0.2955474854
-0.5582733154
-0.0985107422
-0.3612365723
0.1313629150
-0.0985107422
0.0000000000
0.1879119873
-0.7516326904
0.0000000000
0.0000000000
0.0939483643
0.0000000000
-0.2818603516
0.3992309570
0.2395324707
-0.0399169922
-0.4790649414
-0.4790649414
-0.0399169922
-0.4790649414
-0.1996154785
0.3547821045
-0.0591278076
0.5321655273
0.2365264893
0.1773834229
-0.0591278076
-0.5912933350
0.1773834229
0.1178436279
0.0000000000
-0.2357025146
-0.1178436279
0.0000000000
0.1178436279
0.0000000000
-0.1178436279
-0.1247253418
0.1247253418
0.0000000000
-0.3741607666
0.0000000000
-0.1247253418
-0.1247253418
0.1247253418
-0.0381469727
0.9535369873
-0.0381469727
0.0762786865
0.0762786865
0.0762786865
0.1525726318
0.0000000000
-0.5129699707
0.5129699707
0.0000000000
0.3847198486
0.2564849854
-0.3206024170
0.0641174316
0.1282348633
-0.1698760986
0.0849304199
0.8918151855
0.0849304199
-0.0424652100
-0.1698760986
-0.0849304199
-0.2548065186
-0.1000061035
0.1999969482
-0.1000061035
0.1999969482
-0.5000000000
-0.1999969482
-0.5000000000
0.0000000000
-0.0847778320
0.0423889160
0.1695709229
0.7206420898
-0.5086822510
-0.2119598389
0.2543487549
0.1271667480
-0.1719055176
0.9454803467
0.0000000000
-0.2005615234
-0.0572967529
0.0572967529
-0.0572967529
0.0000000000
0.2012176514
0.5174102783
0.6324005127
0.0000000000
-0.2299652100
0.2299652100
-0.3449401855
-0.2012176514
0.0829467773
-0.9538116455
0.0414733887
-0.0829467773
0.0000000000
0.0414733887
0.0414733887
-0.1244049072
0.9510650635
-0.1463165283
0.0365753174
0.0000000000
0.0365753174
-0.1463165283
0.0365753174
-0.0731658936
0.0000000000
0.0000000000
0.0000000000
0.1064758301
0.0000000000
0.0000000000
0.2129516602
0.0000000000
0.0000000000
-0.1243286133
0.2486572266
0.0000000000
0.0000000000
-0.2486572266
0.0000000000
-0.2486572266
0.0377044678
0.9426422119
-0.0377044678
0.1131134033
-0.1131134033
0.0377044678
-0.1131134033
0.1508178711
0.2196807861
-0.0823822021
-0.4118957520
0.7688751221
0.0823822021
0.0274658203
0.3020629883
-0.2471313477
0.0000000000
0.0000000000
0.2433929443
-0.1217041016
0.0000000000
0.4867858887
0.7301940918
-0.1825408936
0.0000000000
-0.0833740234
0.0000000000
-0.2501220703
0.6252899170
0.5836029053
-0.0416870117
0.3751678467
0.0000000000
0.1287689209
-0.3219299316
0.0000000000
0.1931610107
0.7726135254
0.0643920898
0.3219299316
0.0000000000
0.3281707764
0.4375762939
0.1093902588
-0.3281707764
-0.1093902588
0.1093902588
0.3281707764
0.9187927246
-0.1837615967
-0.0735015869
0.0367584229
-0.1102600098
0.0735015869
-0.2205047607
-0.0735015869
0.0000000000
-0.1055908203
0.9150543213
0.1407775879
0.1055908203
0.2111663818
-0.0703887939
-0.1759796143
-0.1249389648
-0.3748321533
0.0000000000
0.0000000000
-0.1249389648
0.1249389648
-0.2498779297
0.1249389648
-0.0698852539
0.0698852539
0.1630554199
0.0465850830
0.1164703369
0.0698852539
-0.9550018311
-0.1164703369
-0.2630157471
0.0657501221
-0.7232818604
0.0657501221
0.0657501221
0.4602813721
-0.1972656250
0.0000000000
-0.0968322754
0.8230285645
-0.4357147217
0.0484161377
0.0000000000
-0.1452331543
0.0484161377
-0.1452331543
0.0000000000
0.1000061035
0.0000000000
-0.1000061035
0.0000000000
0.1000061035
0.0000000000
0.1000061035
-0.1274566650
0.3823852539
0.3186645508
0.1911926270
-0.2549285889
0.7010498047
0.0637359619
-0.0637359619
0.3181304932
0.2120971680
-0.3181304932
0.1060485840
0.3181304932
-0.2120971680
0.0000000000
0.4241790771
0.5581359863
-0.0429382324
0.2575988770
-0.5581359863
-0.0429382324
-0.4722747803
-0.1287994385
-0.0858612061
0.0000000000
0.0000000000
-0.3741607666
0.0000000000
0.0000000000
0.2494506836
-0.1247253418
0.0000000000
0.4602813721
0.2630157471
-0.1972656250
-0.0657501221
-0.7232818604
0.0000000000
-0.0657501221
-0.0657501221
0.4895629883
0.0815887451
0.0815887451
0.1631927490
0.2447814941
-0.1631927490
-0.4895629883
0.4079742432
0.1113433838
0.1113433838
-0.1113433838
0.0000000000
0.0000000000
0.1113433838
0.1113433838
-0.1113433838
-0.0731964111
0.0000000000
0.1463775635
-0.8782958984
0.0731964111
-0.0731964111
-0.0731964111
0.0731964111
-0.1595764160
0.7978820801
0.0000000000
0.0797882080
0.0000000000
-0.0797882080
0.3191528320
0.0797882080
-0.4810485840
0.2405242920
-0.1202545166
0.1202545166
0.1202545166
-0.2405242920
0.0000000000
0.1202545166
-0.0881347656
0.0000000000
0.7051239014
0.1762847900
0.0000000000
-0.3525543213
-0.2644195557
0.0000000000
0.0000000000
0.2498626709
-0.1249389648
0.1249389648
-0.2498626709
0.1249389648
-0.2498626709
0.0000000000
0.0000000000
0.0000000000
0.1972656250
0.7890472412
-0.3945159912
-0.0657501221
0.1315002441
0.1315002441
-0.0792236328
0.9770050049
-0.0264129639
-0.0792236328
-0.0792236328
0.0264129639
0.0000000000
0.0528106689
0.0609588623
0.4267272949
0.6096191406
0.0000000000
-0.3048095703
0.2438507080
-0.3657684326
-0.1828918457
0.2605133057
-0.7815399170
0.1736755371
-0.0868377686
-0.0868377686
0.0000000000
0.0868377686
-0.0868377686
0.8737640381
-0.2016296387
0.0000000000
-0.0672149658
0.1344299316
-0.1344299316
0.0000000000
-0.0672149658
-0.1064758301
0.1064758301
0.0000000000
0.0000000000
0.1064758301
0.0000000000
0.1064758301
-0.1064758301
0.1216278076
-0.1216278076
0.2432556152
0.1216278076
0.1216278076
-0.1216278076
0.0000000000
-0.1216278076
0.0000000000
0.9462585449
-0.1221008301
0.1831512451
-0.0610504150
0.0610504150
-0.0610504150
0.1221008301
0.1940612793
-0.0831604004
-0.2494964600
0.8871154785
0.1108856201
-0.0277252197
0.2217712402
-0.1386108398
0.0000000000
-0.1047210693
0.3665161133
-0.1047210693
-0.3665161133
0.4712219238
0.6283111572
-0.0523529053
-0.1430053711
-0.1430053711
0.0000000000
-0.5005340576
0.5005340576
0.2860260010
-0.1430053711
0.4290313721
0.0629730225
0.0000000000
0.0629730225
0.0629730225
0.3778381348
0.7556762695
0.0000000000
0.3778381348
-0.1234283447
0.1234283447
0.3703002930
0.0000000000
-0.3703002930
-0.1234283447
0.0000000000
-0.1234283447
0.9524688721
-0.0432891846
-0.0432891846
-0.0432891846
0.0000000000
-0.0432891846
0.1298828125
0.0865936279
-0.0540924072
0.0000000000
0.9194793701
0.1081695557
0.1081695557
0.1622619629
-0.0540924072
-0.0540924072
0.0000000000
0.1178436279
0.0000000000
0.1178436279
0.1178436279
0.1178436279
0.0000000000
0.2357025146
-0.0637664795
0.1062774658
0.2125701904
0.0637664795
0.0000000000
0.0637664795
-0.9565582275
-0.0425109863
0.0000000000
0.0000000000
-0.6573333740
-0.0939025879
0.0000000000
0.6573333740
-0.1408538818
-0.1878051758
-0.2110137939
-0.3165283203
-0.2110137939
0.2110137939
0.0000000000
-0.4220428467
0.4220428467
0.0000000000
0.0000000000
0.0785675049
0.0000000000
0.0000000000
0.0000000000
0.0000000000
0.0000000000
0.0785675049
-0.1860046387
0.3720092773
0.3720092773
0.1860046387
-0.2480010986
0.6820220947
0.0000000000
0.0000000000
0.2229461670
0.6131134033
-0.0557403564
0.5016326904
0.2229461670
0.0557403564
-0.1114807129
0.3901672363
0.4138031006
-0.1551818848
0.3103485107
-0.6724395752
0.1034545898
-0.3620758057
-0.0517272949
-0.1551818848
0.0000000000
0.1150360107
-0.2300720215
0.1150360107
0.0000000000
0.0000000000
0.1150360107
0.0000000000
0.3133239746
0.1566619873
-0.1566619873
0.1566619873
-0.7832946777
0.0000000000
0.0783233643
0.0000000000
0.3698883057
0.1479644775
-0.3698883057
0.0739746094
0.2219390869
0.0000000000
-0.5178527832
0.4438781738
0.0000000000
0.0000000000
-0.1064758301
0.1064758301
0.0000000000
-0.1064758301
0.1064758301
-0.1064758301
-0.2013397217
0.0000000000
0.2013397217
-0.9060211182
0.0000000000
-0.0503387451
-0.0503387451
0.1006622314
-0.2213439941
0.7377929688
-0.0737762451
0.2213439941
-0.0737762451
-0.1475524902
0.3688964844
0.0737762451
-0.2357025146
0.1178436279
-0.1178436279
0.1178436279
0.1178436279
0.0000000000
0.0000000000
0.0000000000
0.0000000000
-0.1238555908
-0.1238555908
0.0000000000
0.0000000000
0.1238555908
-0.3715667725
0.3715667725
-0.2498626709
0.1249389648
0.0000000000
0.1249389648
-0.2498626709
0.2498626709
0.0000000000
0.1249389648
-0.2337341309
-0.1402435303
0.1402435303
0.8881988525
-0.1869964600
0.0000000000
0.0934906006
0.0467529297
0.0207672119
0.9761810303
0.0000000000
0.1453857422
-0.0830841064
0.0207672119
0.0623168945
0.0207672119
0.1463775635
0.2927703857
0.4391479492
0.0000000000
-0.1463775635
0.3659515381
-0.5855255127
-0.1463775635
0.1071319580
-0.6428222656
0.1071319580
-0.1071319580
-0.1071319580
-0.3214111328
0.1071319580
0.0000000000
0.7517089844
-0.2505645752
0.0835266113
-0.1670379639
0.0000000000
-0.1670379639
-0.0835266113
-0.2505645752
-0.2270965576
-0.2270965576
0.1135406494
0.0000000000
-0.1135406494
-0.3406372070
0.2270965576
0.4541778564
0.4888763428
-0.1725463867
0.1150360107
-0.3738403320
-0.3163299561
-0.3163299561
0.3738403320
-0.4601135254
0.0303344727
0.9907531738
0.0404357910
-0.0909881592
0.0202178955
0.0202178955
0.0303344727
-0.0505523682
0.1658325195
-0.0276336670
-0.6218872070
0.6357116699
0.0138244629
-0.0967407227
0.3316650391
-0.2349395752
-0.3014221191
0.6405334473
0.0753631592
-0.0376739502
0.3391113281
0.0753631592
0.5651855469
0.0753631592
0.0711212158
0.1185455322
0.2133789062
0.5452880859
-0.0237121582
-0.7112426758
0.2607879639
-0.2133789062
0.0440368652
0.5285186768
0.3523406982
0.2202148438
-0.6165924072
0.1761779785
0.0440368652
0.2642517090
0.2446594238
-0.1467895508
-0.7828979492
-0.2935943604
-0.1957244873
0.1467895508
0.2446594238
0.1467895508
0.9792938232
-0.0910949707
0.1252593994
0.0113830566
-0.0910949707
0.0341644287
-0.0341644287
0.0455474854
-0.1172943115
-0.0938415527
0.9305725098
0.3284301758
0.0078125000
0.0078125000
0.0000000000
-0.0390930176
-0.5321350098
-0.2217254639
0.1330261230
0.0443420410
0.6208190918
-0.0443420410
-0.2660675049
0.3547515869
-0.0850677490
0.0077362061
0.0928039551
0.0000000000
-0.0309295654
-0.0154724121
-0.9899597168
-0.0309295654
-0.0856323242
0.0000000000
0.9705505371
-0.0570983887
-0.0285491943
0.0000000000
0.1427307129
0.0000000000
-0.0155487061
0.9873199463
-0.1321563721
0.0000000000
0.0233154297
0.0388641357
-0.0233154297
-0.0544128418
0.0720520020
0.0000000000
-0.1441040039
0.0000000000
-0.0720520020
-0.3602752686
0.5764312744
-0.5764312744
0.0813293457
0.2439880371
0.1626586914
-0.0813293457
0.0000000000
-0.0813293457
-0.8132781982
-0.0813293457
0.3733367920
0.3200073242
0.5866851807
0.0266723633
0.2400054932
0.4266815186
-0.3733367920
0.1066741943
0.4238128662
0.0302734375
-0.3329925537
-0.3935394287
-0.2724456787
-0.5751647949
0.3329925537
-0.0908203125
-0.2488708496
0.1659088135
-0.7466278076
0.0000000000
0.0000000000
-0.1659088135
-0.1659088135
0.2488708496
0.5083923340
0.1626892090
0.1423492432
-0.5287322998
-0.2846984863
-0.2033538818
-0.5287322998
0.0000000000
-0.1138153076
-0.1300659180
0.9429931641
-0.0162658691
0.1625823975
0.1788482666
-0.0975494385
-0.0650329590
0.4493408203
0.3370056152
-0.1123352051
-0.1123352051
0.0000000000
-0.2246704102
-0.3370056152
-0.1123352051
0.0143127441
-0.1716766357
-0.0715332031
-0.9585113525
-0.1573638916
-0.0572204590
-0.0429229736
0.1001434326
0.0572814941
0.9880371094
-0.0429534912
0.0715942383
0.0572814941
0.0429534912
-0.0429534912
0.0000000000
-0.5965423584
0.4687042236
0.0639190674
0.4687042236
0.1917419434
-0.2556610107
0.1704406738
0.2343597412
-0.0860290527
-0.3010864258
0.7312164307
0.1720581055
0.0430145264
-0.4301300049
0.0000000000
-0.3010864258
-0.2357025146
-0.3142700195
-0.0785675049
-0.2357025146
-0.3928375244
-0.6285400391
0.1571350098
0.0000000000
-0.0311279297
-0.0415039062
0.1141357422
0.9856872559
0.0103759766
-0.0726318359
-0.0622558594
0.0000000000
-0.1018676758
0.9881439209
-0.0203704834
0.0509338379
0.0407409668
0.0305633545
-0.0407409668
-0.0509338379
0.6158294678
0.1924438477
0.2694244385
0.0769805908
-0.0577392578
0.6350708008
-0.0577392578
-0.2886657715
-0.1005249023
-0.9550323486
-0.1508026123
0.0000000000
-0.0251312256
-0.1759338379
0.0251312256
0.0502624512
0.9682464600
-0.0864562988
0.0172882080
0.0172882080
-0.0864562988
0.0691528320
0.0518646240
-0.1728973389
-0.2468566895
-0.1234283447
0.0000000000
-0.2468566895
0.1234283447
-0.2468566895
0.2468566895
0.2468566895
0.4541473389
-0.1135406494
0.2270812988
-0.3406066895
-0.2838439941
-0.4541473389
0.1986846924
-0.5109100342
0.0304870605
0.9960174561
0.0203247070
-0.0304870605
0.0101623535
0.0304870605
0.0304870605
-0.0203247070
0.2047882080
-0.0546112061
-0.5870513916
0.5870513916
-0.0546112061
-0.1092224121
0.4505310059
-0.2047882080
-0.0297393799
0.5056610107
-0.0594940186
-0.0892333984
0.2082214355
0.3271942139
0.7436218262
0.0000000000
-0.0280303955
0.3363037109
0.3643341064
0.4203796387
0.1681518555
-0.4764251709
0.5324859619
-0.1121063232
0.1839141846
0.4291229248
0.0613098145
0.4904174805
-0.1226043701
0.5517272949
0.1839141846
0.2452087402
0.0000000000
-0.2763824463
-0.4836730957
-0.2072906494
-0.6218719482
-0.0690917969
0.1381988525
0.2763824463
0.9774780273
-0.1332855225
0.0666503906
0.0222167969
-0.0999755859
0.0000000000
-0.0888671875
0.0000000000
-0.1033630371
-0.0812072754
0.9376525879
0.3027038574
0.0442962646
0.0073852539
-0.0516815186
-0.0738372803
-0.5152130127
-0.3005371094
0.1287994385
0.1287994385
0.6440124512
0.0000000000
-0.2146759033
0.3005371094
-0.1223449707
0.0305938721
0.1376342773
0.0305938721
0.0076446533
0.0229339600
-0.9787750244
-0.0611724854
-0.3896484375
0.0432891846
0.8658752441
-0.0432891846
-0.1731719971
-0.0432891846
-0.0432891846
0.0000000000
-0.0158996582
0.9774780273
-0.1907348633
-0.0158996582
0.0158996582
0.0476837158
0.0000000000
-0.0556335449
0.0727996826
-0.0727996826
-0.2912292480
0.1456146240
-0.0727996826
-0.2912292480
0.7280578613
-0.2912292480
0.2184143066
0.1456146240
0.1456146240
-0.2184143066
0.1456146240
-0.1456146240
-0.8008728027
0.0000000000
0.3659515381
0.3659515381
0.5794219971
0.0305023193
0.2439727783
0.3964538574
-0.3659515381
0.1219787598
0.4913635254
0.0258636475
-0.1034393311
-0.5430908203
-0.2844696045
-0.4396514893
0.3879241943
-0.0775909424
-0.2371520996
0.1580963135
-0.7904968262
-0.0790557861
0.0790557861
-0.2371520996
-0.0790557861
0.0790557861
0.5151977539
0.1717376709
0.1502685547
-0.6439971924
-0.1931915283
-0.1717376709
-0.4293212891
-0.0429382324
-0.1502227783
-0.1877746582
0.8825531006
-0.0751037598
0.1877746582
0.2065582275
-0.2441101074
-0.0938873291
0.4689483643
0.0000000000
-0.1172332764
0.1172332764
0.3517150879
-0.2344665527
-0.1172332764
-0.1172332764
0.0943908691
-0.1887817383
-0.0943908691
-0.9627685547
-0.0566406250
-0.0188751221
0.0377502441
0.0566406250
0.0756683350
0.9835968018
-0.0605316162
0.0907897949
0.0605316162
0.0302581787
-0.0302581787
-0.0453948975
-0.5755004883
0.5035552979
0.0719299316
0.4795837402
0.1918334961
-0.2397918701
0.1438751221
0.2158050537
-0.3245849609
-0.0405731201
0.4057312012
0.3245849609
0.0405731201
-0.5680389404
0.2840118408
-0.4057312012
0.0000000000
-0.1822052002
-0.2429504395
-0.1214752197
-0.7288513184
-0.4859008789
0.0000000000
-0.0607299805
-0.0458221436
-0.0763702393
0.1221771240
0.9774627686
-0.0305480957
-0.1069030762
0.0305480957
0.0305480957
-0.0764923096
0.9943542480
-0.0339965820
-0.0084991455
0.0339965820
-0.0084991455
-0.0254974365
0.0000000000
0.4790649414
0.2737579346
0.5988311768
0.1368713379
-0.0342254639
0.3935241699
-0.1539916992
-0.3592987061
-0.1161804199
-0.9759216309
-0.0464782715
-0.0697021484
-0.0697021484
-0.0464782715
-0.0232391357
0.0464782715
0.9660949707
-0.1610107422
0.0146331787
0.0292816162
-0.1024627686
0.0292816162
0.0878295898
-0.1170959473
0.0000000000
-0.1249389648
-0.2498626709
0.1249389648
0.2498626709
0.2498626709
0.0000000000
0.1249389648
0.3374328613
-0.0674896240
0.3036804199
-0.3374328613
-0.2699432373
-0.5061340332
0.1349639893
-0.5398864746
0.0335235596
0.9944915771
0.0111694336
0.0223541260
-0.0335235596
0.0446929932
0.0446929932
-0.0111694336
0.2147521973
-0.1227111816
-0.4908599854
0.6289062500
-0.0306854248
-0.0613555908
0.5061950684
-0.1840667725
0.0857391357
0.3143920898
-0.2572326660
-0.1714782715
-0.0857391357
0.4572906494
0.7430877686
-0.0571594238
0.1134338379
0.3025054932
0.3781280518
0.3403167725
0.5293884277
-0.2268829346
0.3781280518
0.3403167725
0.5052642822
0.1515808105
-0.1010589600
0.2526245117
0.3031616211
0.6568450928
0.2021026611
0.0000000000
0.0000000000
-0.1205902100
0.4823608398
0.1205902100
-0.7235565186
-0.0603027344
0.0000000000
-0.3014831543
0.9346923828
-0.2147216797
-0.0126342773
0.0757904053
-0.1515655518
0.0000000000
-0.2147216797
0.0126342773
-0.0823059082
-0.1421508789
0.9277496338
0.2992706299
0.0897827148
0.0523681641
-0.0673370361
-0.0748138428
-0.5556640625
-0.3333892822
0.1111297607
0.1111297607
0.6112213135
0.0555725098
-0.2222595215
0.1667022705
-0.1135559082
0.0454254150
0.1513977051
0.0605621338
0.0529937744
0.0605621338
-0.9689788818
-0.1059875488
-0.5770874023
0.1282348633
0.5129699707
0.2564849854
0.0000000000
0.1282348633
-0.3206024170
-0.2564849854
0.0100555420
0.9555053711
-0.2816162109
-0.0201110840
0.0100555420
0.0100555420
0.0100555420
-0.0603485107
0.0000000000
0.1055145264
-0.3165283203
0.2110137939
0.1055145264
-0.1055145264
0.6330566406
0.1055145264
0.0878143311
0.3512420654
0.3512420654
0.0000000000
0.0000000000
0.1756134033
-0.6146697998
-0.2634277344
0.3360900879
0.3360900879
0.5041351318
0.1008300781
0.3024749756
0.4033050537
-0.4369201660
0.1680450439
0.4444122314
0.0277709961
0.2221984863
-0.6110687256
-0.3055267334
-0.3610839844
0.3333129883
-0.1388854980
-0.2258758545
0.1129455566
-0.5646972656
0.2258758545
0.0000000000
-0.2258758545
0.1129455566
-0.1129455566
0.5390014648
0.0898284912
0.1197814941
-0.6587829590
-0.2096099854
-0.1197814941
-0.3892822266
-0.1197814941
-0.1535339355
-0.1791229248
0.8700256348
-0.0511779785
0.1023559570
0.2303009033
-0.3070678711
0.0767669678
0.3689117432
0.0000000000
0.0000000000
0.0000000000
0.3689117432
-0.2459411621
-0.1229705811
0.0000000000
0.0520477295
-0.1561584473
-0.0780792236
-0.9630126953
0.1041107178
0.0000000000
0.0780792236
-0.0260314941
0.0613098145
0.9808959961
-0.0613098145
0.0919647217
0.0766296387
0.0613098145
-0.0306549072
-0.0613098145
-0.6201934814
0.5107421875
0.0000000000
0.4377899170
0.1459350586
-0.2553710938
0.1094512939
0.1459350586
-0.4955444336
0.0550537109
0.0550537109
0.2202453613
-0.1651763916
-0.5505981445
0.2752990723
-0.4404754639
0.1839141846
0.0613098145
-0.1839141846
-0.1226043701
-0.7969360352
-0.3678131104
-0.1226043701
-0.0613098145
-0.1353302002
-0.0270690918
0.1082611084
0.8931274414
-0.2706451416
-0.1894531250
0.1894531250
-0.0541229248
-0.0733795166
0.9946594238
-0.0326080322
-0.0326080322
0.0081481934
0.0081481934
-0.0163116455
0.0244598389
0.3362579346
0.2942199707
0.7565765381
0.1471099854
-0.1050872803
0.2311706543
-0.1681213379
-0.3152465820
-0.1103820801
-0.9658355713
0.0275878906
-0.1379699707
0.0000000000
-0.0551910400
0.0275878906
-0.0827789307
0.9496917725
-0.2204589844
0.0000000000
0.0169525146
-0.1187133789
-0.0678405762
0.1187133789
-0.0847930908
0.2494506836
-0.1247253418
0.0000000000
0.2494506836
0.0000000000
0.2494506836
0.0000000000
0.1247253418
0.2854003906
0.0000000000
0.3424682617
-0.2283172607
-0.2283172607
-0.5137176514
0.0000000000
-0.5707855225
0.0118560791
0.9954986572
0.0000000000
0.0236968994
-0.0355529785
0.0355529785
0.0355529785
0.0000000000
0.2368469238
-0.1105194092
-0.4579010010
0.7421112061
0.0157928467
-0.0315856934
0.3631591797
-0.1736907959
0.1379852295
0.1379852295
-0.3104705811
-0.2069854736
-0.2414703369
0.4139556885
0.7244262695
-0.1724853516
0.1803741455
0.1443023682
0.2164611816
0.0721588135
0.6854553223
0.0360717773
0.0721588135
0.6132965088
0.3781280518
0.0000000000
-0.2363281250
0.0000000000
0.4726562500
0.7089843750
0.0472717285
0.0000000000
0.0632171631
0.0000000000
0.7586669922
0.1896667480
-0.4425659180
-0.1264495850
-0.0632171631
-0.1896667480
0.9051055908
-0.2586059570
-0.0808105469
0.0969696045
-0.1616210938
0.0484924316
-0.2424316406
0.0484924316
-0.0745544434
-0.1304626465
0.9318542480
0.2888793945
0.1025085449
0.0838623047
-0.0465850830
-0.0559082031
-0.5455017090
-0.1818389893
0.0909118652
0.2727508545
0.4545898438
0.0909118652
-0.2727508545
0.0909118652
-0.0924072266
0.0369567871
0.1478576660
0.0646820068
0.0462036133
0.0739288330
-0.9702606201
-0.1108856201
-0.5806579590
0.0645141602
-0.2580718994
0.2580718994
0.1290283203
0.3871002197
-0.1290283203
-0.4516296387
0.0124816895
0.9355926514
-0.3368225098
0.0124816895
0.0000000000
-0.0249481201
0.0374298096
-0.0623779297
0.0000000000
0.1113433838
-0.1113433838
0.1113433838
0.1113433838
0.0000000000
0.1113433838
0.1113433838
-0.0661773682
0.3970947266
0.3309020996
0.0000000000
-0.1323699951
0.5294494629
-0.4632720947
-0.2647247314
0.3412933350
0.3412933350
0.3792114258
0.2275238037
0.3033752441
0.4171447754
-0.4550628662
0.2275238037
0.3670196533
0.0333709717
0.4337463379
-0.6339263916
-0.3002777100
-0.3002777100
0.1334533691
-0.2001953125
-0.1249389648
0.0000000000
-0.2498626709
0.2498626709
0.1249389648
-0.1249389648
0.0000000000
-0.2498626709
0.5848083496
0.1063232422
0.0531616211
-0.5316467285
-0.4784851074
-0.0531616211
-0.1595001221
-0.1063232422
-0.0371246338
-0.1113891602
0.8168487549
0.0000000000
0.0371246338
0.2227783203
-0.3341674805
0.3341674805
0.2474365234
0.1237182617
-0.1237182617
-0.1237182617
0.2474365234
0.0000000000
0.0000000000
-0.1237182617
-0.0753784180
-0.1004943848
0.0251312256
-0.9798583984
0.0502471924
0.0000000000
0.0251312256
0.0000000000
0.0196685791
0.9837799072
-0.0393524170
0.0393524170
0.1180572510
0.0393524170
-0.0196685791
-0.0196685791
-0.5872192383
0.4697723389
0.0000000000
0.4110565186
0.1761627197
-0.2936096191
0.0587158203
0.1761627197
-0.4697723389
-0.2818603516
0.0939483643
0.2818603516
-0.1879119873
-0.4697723389
0.0939483643
-0.1879119873
0.0000000000
0.2654266357
0.0000000000
0.0884704590
-0.7962646484
-0.0884704590
-0.0884704590
0.0000000000
-0.3173675537
-0.0396728516
0.2380218506
0.6743927002
-0.3966979980
-0.1586761475
0.3570404053
-0.1586761475
-0.0533599854
0.9960021973
-0.0177917480
0.0177917480
-0.0266723633
0.0000000000
0.0000000000
0.0355682373
0.1611022949
0.2899780273
0.8377227783
0.0322265625
-0.2255401611
0.1611022949
-0.2255401611
-0.1611022949
-0.0431671143
-0.9497985840
0.0863494873
-0.0431671143
0.0000000000
-0.0431671143
0.0863494873
-0.1295166016
0.9492034912
-0.1703643799
-0.0243377686
0.0730133057
-0.0730133057
-0.0730133057
0.1703643799
-0.0730133057
0.1000061035
0.0000000000
0.0000000000
0.1000061035
0.1000061035
0.0000000000
0.1000061035
0.0000000000
0.2477111816
0.0000000000
0.2477111816
0.0000000000
0.0000000000
-0.2477111816
0.0000000000
-0.3715667725
0.0139923096
0.9938964844
-0.0139923096
0.0139923096
-0.0419921875
0.0419921875
0.0000000000
0.0419921875
0.2261657715
-0.1319274902
-0.3957977295
0.8292846680
0.0376892090
-0.0376892090
0.2450103760
-0.1130828857
0.1057281494
-0.0528717041
-0.1585998535
-0.2114715576
-0.3700714111
0.2643432617
0.7401428223
-0.2643432617
0.0000000000
0.0783538818
0.2350769043
-0.1567230225
0.6660766602
0.1175384521
-0.1175384521
0.6268920898
0.1822052002
-0.1214752197
-0.0607299805
0.0607299805
0.4251556396
0.7895812988
0.1214752197
0.0607299805
-0.1365814209
0.0682983398
0.6829223633
-0.0682983398
-0.4780426025
-0.2048797607
0.0682983398
0.2731628418
0.9467010498
-0.2366790771
0.0000000000
0.0215148926
-0.0215148926
-0.0215148926
-0.0430297852
0.1721343994
-0.0580291748
-0.0580291748
0.9575195312
0.2321319580
0.0580291748
0.1015625000
-0.0145111084
-0.0435180664
-0.1199951172
-0.1199951172
0.0000000000
0.1199951172
0.0000000000
0.1199951172
-0.2400054932
0.1199951172
-0.0325164795
0.0108337402
0.1300659180
0.0216827393
-0.0108337402
0.0433502197
-0.9862823486
-0.0541839600
-0.2299957275
0.0000000000
-0.4600067139
0.0460052490
0.1380004883
0.6440124512
0.1380004883
-0.4600067139
-0.0218353271
0.8953094482
-0.4149017334
0.0655059814
-0.0436706543
-0.0436706543
0.0436706543
-0.0218353271
0.0000000000
0.2226867676
0.0000000000
0.1113433838
0.0000000000
0.1113433838
0.0000000000
0.0000000000
-0.1780090332
0.4747009277
0.3560180664
0.0000000000
-0.1186676025
0.6527099609
-0.2373504639
-0.0593414307
0.2799987793
0.3359832764
0.1119995117
0.3919830322
0.3919830322
0.2799987793
-0.3919830322
0.3919830322
0.3082885742
0.0770721436
0.3853607178
-0.6936492920
-0.2312164307
-0.3468170166
-0.1541442871
-0.1541442871
-0.1247253418
0.1247253418
-0.3741607666
0.0000000000
0.1247253418
0.1247253418
0.0000000000
-0.1247253418
0.4475250244
0.1491699219
0.0000000000
0.0000000000
-0.7458648682
-0.0745849609
0.1491699219
-0.0745849609
0.1783294678
0.0000000000
0.3566436768
0.0000000000
0.1783294678
0.2377624512
-0.3566436768
0.7133026123
0.1113433838
0.2226867676
0.0000000000
0.0000000000
0.0000000000
0.0000000000
0.1113433838
0.0000000000
-0.0979614258
-0.0244903564
0.0979614258
-0.9796447754
0.0000000000
0.0244903564
-0.0244903564
0.0000000000
0.0000000000
0.9822235107
-0.0577850342
0.0288848877
0.0288848877
0.0000000000
0.0577850342
0.0000000000
-0.5861816406
0.2344665527
0.0000000000
0.1172332764
0.1172332764
-0.1172332764
-0.1172332764
0.0000000000
-0.3480072021
-0.2320098877
0.0000000000
0.2320098877
-0.2320098877
-0.1159973145
-0.3480072021
0.2320098877
0.0000000000
0.2484588623
-0.1242218018
0.2484588623
-0.3726806641
0.1242218018
-0.1242218018
0.0000000000
-0.4446563721
-0.0494079590
0.3458404541
0.5928649902
-0.3458404541
-0.0494079590
0.2964324951
-0.1976165771
-0.0316314697
0.9909057617
-0.0210876465
0.0632476807
-0.0737915039
-0.0210876465
0.0210876465
0.0527038574
-0.0564422607
0.2257690430
0.7901763916
-0.0564422607
-0.2822113037
0.2257690430
-0.2822113037
-0.0564422607
0.1000061035
-0.6999969482
0.1000061035
-0.1000061035
0.0000000000
-0.1999969482
0.1999969482
-0.1999969482
0.9385070801
-0.1279754639
-0.0426635742
0.1279754639
0.0000000000
0.0426635742
0.1279754639
-0.0853118896
0.0000000000
0.0000000000
0.0000000000
-0.0785675049
0.0000000000
0.0000000000
0.0785675049
0.0000000000
0.1150360107
0.0000000000
0.1150360107
0.1150360107
0.0000000000
0.0000000000
0.0000000000
-0.2300720215
0.0000000000
0.9814910889
-0.0846099854
0.0846099854
-0.0338439941
0.0846099854
0.0169219971
0.0676879883
0.2053680420
-0.1026763916
-0.3080444336
0.8830718994
0.0616149902
-0.0205383301
0.2259063721
-0.0616149902
0.1198577881
-0.1598205566
0.1598205566
-0.2397308350
-0.5593566895
0.4394989014
0.5593566895
-0.0799102783
-0.2332305908
-0.0466461182
0.1865844727
-0.2798767090
0.5131072998
-0.1865844727
-0.1865844727
0.6530303955
0.1545562744
-0.2060852051
0.2060852051
0.1030426025
0.4121551514
0.7727966309
0.0515136719
0.1545562744
-0.1920013428
0.0959930420
0.4799957275
-0.0959930420
-0.4799957275
-0.3840026855
0.0000000000
0.0959930420
0.8902740479
-0.1483764648
0.0741882324
-0.0741882324
0.0989227295
-0.0989227295
0.2472991943
0.2720336914
0.0000000000
-0.0424194336
0.9544067383
0.2332916260
0.0424194336
0.1272583008
0.0000000000
-0.0212097168
-0.1178436279
0.1178436279
0.1178436279
0.1178436279
0.1178436279
0.1178436279
-0.1178436279
0.1178436279
-0.0115966797
0.0231781006
0.1506652832
0.0115966797
-0.0347747803
0.0231781006
-0.9851074219
0.0000000000
0.0000000000
-0.1006622314
-0.4361724854
-0.1006622314
0.1342010498
0.7381439209
0.0000000000
-0.4361724854
-0.2105865479
0.6317749023
-0.5791168213
0.0526428223
-0.0526428223
-0.2105865479
0.2632446289
0.1053009033
0.0000000000
0.1064758301
0.0000000000
0.1064758301
0.1064758301
0.1064758301
-0.1064758301
0.0000000000
-0.1761627197
0.4110565186
0.4110565186
0.0000000000
-0.1174468994
0.6459503174
-0.2936096191
0.0000000000
0.1199645996
0.3998565674
0.0799713135
0.5198211670
0.2799072266
0.3598785400
-0.3998565674
0.3598785400
0.3183288574
-0.0454711914
0.3183288574
-0.7730712891
-0.1364288330
-0.2728424072
-0.1364288330
-0.1364288330
-0.1247253418
0.1247253418
-0.3741607666
0.1247253418
0.0000000000
0.0000000000
0.1247253418
-0.1247253418
0.0749969482
0.0000000000
0.0749969482
0.3000030518
-0.8249969482
0.0000000000
0.1499938965
0.0749969482
0.1842498779
0.1842498779
-0.3070831299
0.0000000000
0.2456665039
0.2456665039
-0.3684997559
0.6755981445
0.0000000000
0.0911560059
0.0000000000
0.0911560059
0.0000000000
0.0000000000
0.0911560059
0.0000000000
-0.1003112793
-0.0250701904
0.1003112793
-0.9780120850
-0.0250701904
-0.0250701904
-0.0250701904
0.0250701904
-0.0340576172
0.9535064697
-0.0340576172
0.1702728271
-0.0340576172
-0.0340576172
0.1362152100
0.0340576172
-0.4810485840
0.2405242920
0.0000000000
0.1202545166
0.2405242920
-0.1202545166
0.1202545166
-0.1202545166
-0.0931701660
-0.2795104980
-0.4658508301
-0.0931701660
-0.0931701660
0.2795104980
-0.2795104980
0.4658508301
-0.1247253418
0.1247253418
-0.2494506836
0.1247253418
-0.1247253418
0.2494506836
-0.1247253418
0.1247253418
-0.5358276367
-0.0446472168
0.2232666016
0.6697845459
-0.3125610352
0.0000000000
0.1786041260
-0.1339569092
0.0469818115
0.9749908447
0.0000000000
0.1879425049
-0.0704803467
0.0117492676
0.0469818115
0.0117492676
0.1539001465
0.3077850342
0.2308349609
0.1539001465
-0.1539001465
0.3847351074
-0.6155700684
-0.2308349609
0.1229705811
-0.3689117432
0.0000000000
-0.1229705811
-0.1229705811
-0.3689117432
0.1229705811
0.1229705811
0.9030609131
-0.1693267822
0.0000000000
0.0000000000
0.0000000000
0.0000000000
0.0000000000
-0.2257690430
