0.1242218018
0.0000000000
0.0000000000
0.0000000000
-0.1242218018
0.1242218018
0.4969024658
-0.1242218018
0.4076843262
-0.3057556152
0.3057556152
-0.2038421631
-0.1019134521
-0.4076843262
0.1019134521
-0.2038421631
0.0631103516
0.9845886230
0.0126190186
0.0504913330
-0.0378723145
0.1262359619
0.0000000000
0.0378723145
-0.4922637939
0.0492248535
-0.2953643799
0.4430389404
0.0984497070
-0.1476745605
-0.3445892334
0.4922637939
-0.2134246826
0.1422882080
0.2134246826
0.0711364746
-0.6402740479
-0.3912811279
-0.4979858398
0.1778564453
-0.0881500244
0.0881500244
0.0293884277
0.2644500732
-0.4407501221
-0.7052001953
0.2644500732
-0.3526000977
0.2518920898
-0.4408111572
-0.4408111572
0.0629730225
0.6297302246
0.1259460449
0.0000000000
0.0000000000
0.4832916260
0.2416381836
-0.4027404785
-0.1611022949
-0.3221893311
0.4027404785
-0.1611022949
0.0805511475
0.6560211182
-0.2566986084
0.3422698975
-0.3137512207
0.3422698975
-0.1426086426
0.3422698975
0.0855712891
0.0320434570
0.5446319580
-0.2242584229
-0.3844451904
-0.1601867676
-0.5446319580
-0.3844451904
-0.0320434570
-0.4066467285
-0.0813293457
-0.1626586914
0.2439880371
0.6506195068
-0.1626586914
0.0813293457
0.2439880371
-0.1119842529
-0.0139923096
0.0559997559
-0.0279998779
-0.1959838867
-0.0699920654
-0.9659118652
0.0279998779
-0.5680389404
0.0811462402
-0.5680389404
-0.0811462402
0.0405731201
0.5274658203
0.0405731201
0.0811462402
-0.3099365234
0.7232055664
0.4132537842
-0.2066345215
0.0000000000
0.1033172607
0.0516510010
-0.2582855225
0.1064758301
0.1064758301
-0.1064758301
0.0000000000
0.0000000000
0.0000000000
0.1064758301
0.1064758301
0.1611022949
-0.0805511475
-0.0805511475
-0.4832916260
0.4027404785
0.0805511475
0.4832916260
-0.3221893311
0.3834686279
0.7030334473
0.2875976562
0.3195648193
0.1278228760
0.2556457520
-0.0958709717
-0.2236938477
0.3899078369
0.2228088379
0.3063659668
-0.5291595459
-0.3063659668
-0.3620605469
-0.3342132568
0.2506561279
-0.2432556152
0.0000000000
0.0000000000
0.0000000000
0.0000000000
-0.1216278076
-0.1216278076
0.2432556152
-0.3016204834
0.0000000000
0.4524383545
0.0000000000
0.2513580322
-0.5529785156
-0.5027008057
0.0000000000
-0.0771484375
-0.0771484375
0.9258117676
-0.2160186768
0.0925750732
0.0925750732
0.0771484375
-0.2314605713
-0.1178436279
0.1178436279
0.0000000000
0.1178436279
0.0000000000
0.1178436279
0.2357025146
0.0000000000
0.0469360352
-0.0156402588
0.0625762939
-0.9855651855
0.0469360352
0.0782165527
-0.0625762939
-0.0469360352
0.0934143066
0.9714813232
0.0373687744
0.0934143066
-0.0747222900
-0.1307830811
0.0560455322
0.0186767578
-0.5119171143
0.3839416504
-0.1919708252
0.3839416504
0.3199462891
0.0000000000
0.3199462891
0.2559661865
-0.5933685303
-0.4153594971
0.4747009277
-0.3560180664
0.0593414307
0.0000000000
-0.0593414307
0.0000000000
0.0706176758
0.3530883789
0.2824707031
-0.2118530273
0.7061614990
0.0000000000
0.0000000000
0.2824707031
0.0078430176
-0.0078430176
-0.0783538818
0.9951019287
0.0156707764
-0.0156707764
0.0313415527
-0.0078430176
0.2574768066
0.9011688232
-0.1072845459
-0.0643768311
0.0214538574
0.3003845215
0.0214538574
0.0000000000
0.4809722900
-0.1923828125
0.2645263672
0.1202392578
0.4569244385
0.3126220703
0.3366699219
-0.4569091797
0.0000000000
-0.9214477539
-0.1535797119
-0.0767822266
-0.0767822266
0.0383911133
-0.1151733398
0.2303619385
0.8092651367
-0.0951995850
-0.1190032959
-0.3570251465
-0.2142181396
-0.2380218506
0.1666107178
-0.2142181396
0.1228332520
0.1228332520
0.0000000000
0.0000000000
-0.2456817627
0.0000000000
0.2456817627
-0.1228332520
0.3087463379
-0.1029205322
0.3087463379
-0.4116668701
-0.2058258057
-0.3087463379
0.3087463379
-0.1029205322
0.1067199707
0.9604492188
0.0355682373
0.0711517334
0.0000000000
0.2134399414
0.0355682373
0.0533599854
-0.5109863281
-0.0851593018
0.0851593018
0.0425872803
-0.0425872803
0.1703338623
-0.2129058838
0.7664794922
0.0000000000
0.1005554199
0.1508483887
-0.0251464844
-0.8044891357
-0.1005554199
-0.5279541016
0.1005554199
-0.0240936279
0.0240936279
-0.0481872559
0.2891693115
-0.3855590820
-0.7711029053
0.3373565674
-0.1927795410
0.4175567627
-0.1193084717
-0.1789550781
-0.0596466064
-0.0596466064
0.7158203125
0.1193084717
0.3579101562
0.3411407471
0.2558593750
-0.4264221191
-0.1705627441
-0.1705627441
0.4264221191
-0.1705627441
0.3411407471
0.4134674072
-0.2411956787
0.3790130615
-0.4479217529
0.3101043701
-0.3445587158
0.3790130615
0.1722717285
0.3942871094
0.3942871094
0.0492858887
0.0000000000
-0.3942871094
-0.1971435547
-0.6407165527
0.0492858887
-0.3087463379
-0.4116668701
-0.2058258057
0.1029205322
0.5145721436
-0.1029205322
-0.1029205322
0.1029205322
-0.1518859863
-0.0650939941
0.0216979980
-0.0433959961
-0.1735839844
-0.1084899902
-0.9546966553
0.0433959961
-0.5142211914
0.0934906006
-0.6077117920
-0.3272247314
0.0467529297
0.2804870605
0.2804870605
0.1402435303
-0.2261199951
-0.0565338135
0.5087738037
-0.3957214355
-0.1130676270
-0.4522552490
0.2261199951
-0.3957214355
0.1224670410
0.0000000000
-0.2449493408
0.1224670410
0.0000000000
0.1224670410
0.4898986816
0.1224670410
0.0000000000
0.2447814941
0.0000000000
-0.4895629883
0.4079742432
0.2447814941
0.4895629883
0.0815887451
0.4112854004
0.5483703613
0.1713714600
0.4455566406
-0.1371002197
0.4455566406
-0.2056427002
-0.0685424805
0.3212585449
0.1606292725
0.2409515381
-0.4283599854
-0.2944946289
-0.5354461670
-0.4551239014
0.1606292725
-0.2416839600
0.2416839600
-0.3625183105
0.0000000000
-0.2416839600
0.1208343506
-0.1208343506
0.2416839600
0.2975311279
0.0000000000
0.0991821289
0.1487579346
-0.3966979980
-0.2975311279
-0.7438049316
0.0000000000
-0.0541839600
-0.0135498047
0.9347381592
-0.2167510986
0.0406341553
-0.0270996094
0.1219177246
-0.2303009033
0.1216278076
0.2432556152
0.1216278076
0.1216278076
0.1216278076
0.0000000000
0.1216278076
0.1216278076
0.0482788086
-0.0482788086
0.0160980225
-0.9656066895
0.0965576172
0.0804595947
-0.1609344482
-0.1126556396
0.1778564453
0.8181304932
0.1778564453
0.3201446533
-0.1067199707
-0.2134246826
0.2489929199
0.0711364746
-0.3680267334
0.4731750488
-0.1051483154
0.4731750488
0.4205932617
0.0000000000
0.3680267334
0.0525817871
-0.5769195557
-0.3846130371
0.0000000000
-0.5288391113
-0.1442260742
0.1442260742
-0.0961608887
0.3365325928
0.1199493408
0.2998504639
0.2398834229
0.0000000000
0.7196502686
0.1199493408
0.2398834229
0.3598327637
0.0156402588
-0.0078277588
-0.0782165527
0.9934234619
-0.0469360352
-0.0312957764
0.0312957764
0.0234680176
0.3549041748
0.7985382080
-0.2366027832
-0.1774597168
0.1478729248
0.2957611084
0.0591583252
-0.0887298584
0.4015808105
-0.2944946289
0.2677154541
0.1606292725
0.4819030762
0.0000000000
0.3748168945
-0.5086669922
0.0000000000
-0.7881317139
-0.1212463379
0.0000000000
0.0606231689
0.3637542725
-0.1212463379
0.3031311035
0.9755401611
-0.0541992188
-0.0180664062
-0.0722656250
-0.1264648438
-0.0722656250
0.0541992188
-0.0722656250
0.3743438721
0.1247863770
-0.2495727539
-0.1247863770
-0.1247863770
0.1247863770
0.0000000000
0.1247863770
0.4779052734
0.0000000000
0.3823242188
-0.1911621094
0.0000000000
-0.2867431641
0.1911621094
-0.3823242188
0.0392761230
0.9817504883
0.0785369873
-0.0261840820
0.0261840820
0.1309051514
0.0654449463
0.0130920410
-0.4227142334
0.0563659668
0.1690826416
0.0000000000
-0.1690826416
0.4227142334
-0.1408996582
0.7326965332
0.1179656982
0.0000000000
0.0786437988
0.0393218994
-0.8060760498
-0.1572875977
-0.5308380127
0.0982971191
-0.1264190674
-0.0252838135
-0.1011352539
0.3034210205
-0.3287048340
-0.8091125488
0.3034210205
-0.0758514404
0.1397399902
0.3842926025
0.2445526123
-0.0698699951
-0.4891052246
0.6637878418
-0.0698699951
0.2096099854
0.3952484131
0.1580963135
-0.3161926270
-0.4742889404
-0.4742889404
0.0790557861
-0.1580963135
0.1580963135
0.5783538818
-0.1156768799
0.4626770020
0.0000000000
0.1735076904
-0.4048461914
0.1156768799
0.3470153809
0.2956542969
0.1773834229
0.2365264893
0.4730377197
-0.4139099121
0.2365264893
-0.2956542969
0.4139099121
-0.6403198242
-0.3557281494
0.0000000000
0.1422882080
0.3557281494
-0.2845764160
-0.1422882080
0.2134399414
-0.1923980713
0.0641326904
0.0641326904
-0.0427551270
-0.1923980713
-0.1282653809
-0.9406280518
0.0000000000
-0.4351959229
0.1004333496
-0.5021514893
-0.4686737061
-0.0669555664
0.1673889160
0.4686737061
0.2008666992
0.0813446045
0.8947753906
-0.0813446045
-0.1898040771
0.0813446045
-0.2440338135
0.0271148682
-0.2440338135
0.0000000000
0.0000000000
-0.3625183105
0.1208343506
0.0000000000
0.2416839600
0.3625183105
-0.2416839600
-0.1168518066
0.3505401611
0.1168518066
0.0000000000
0.1168518066
0.4673767090
0.7010650635
0.1168518066
0.5980072021
0.2299957275
0.0000000000
0.3679962158
-0.2760009766
0.5059967041
-0.1380004883
0.1840057373
0.3064422607
0.1532287598
0.2188873291
-0.2407836914
-0.2626647949
-0.6566619873
-0.5034484863
0.0875549316
0.1178436279
0.3535461426
-0.2357025146
0.1178436279
-0.2357025146
0.0000000000
-0.2357025146
0.3535461426
0.3859252930
0.1929626465
-0.0385894775
0.1543731689
-0.6174926758
-0.1543731689
-0.5788879395
0.0000000000
-0.0220794678
0.0220794678
0.9494781494
-0.1656036377
0.0220794678
-0.0993652344
0.1435241699
-0.1876831055
-0.1196746826
0.0000000000
0.3590087891
0.0000000000
0.0000000000
-0.1196746826
0.3590087891
0.3590087891
-0.0509643555
-0.1188964844
0.0169830322
-0.9681854248
-0.0849304199
-0.0339660645
-0.1528778076
-0.0679473877
0.1824645996
0.8210906982
-0.0912322998
0.2736968994
-0.2280883789
-0.1368560791
0.1368560791
0.2280883789
-0.4785614014
0.3828582764
-0.0478515625
0.3828582764
0.4307098389
-0.0957183838
0.4307098389
0.1435699463
-0.4657897949
-0.2328948975
-0.0582275391
-0.4657897949
-0.2328948975
0.4657897949
-0.0582275391
0.3493499756
0.0371551514
0.4458618164
0.1114654541
0.0743103027
0.7059478760
-0.1114654541
0.2972412109
0.3715515137
0.0087585449
0.0350494385
-0.0963592529
0.9899291992
-0.0350494385
-0.0613250732
0.0438079834
-0.0087585449
0.3071899414
0.8776702881
-0.0877685547
0.0438842773
0.0000000000
0.2633056641
0.1535949707
-0.1316528320
0.5055694580
-0.1348114014
-0.1348114014
0.2359313965
0.2359313965
0.0000000000
0.4381561279
-0.6066741943
-0.0835266113
-0.5011291504
-0.2505645752
0.0835266113
0.5011291504
0.4176177979
0.0000000000
-0.0835266113
0.9667358398
-0.1171875000
0.0878906250
0.0292968750
-0.0878906250
-0.0585937500
-0.0292968750
0.0585937500
0.2300720215
0.0000000000
-0.1150360107
0.0000000000
0.0000000000
0.1150360107
0.0000000000
-0.1150360107
0.4911651611
-0.4093017578
0.4093017578
0.1637268066
0.0000000000
0.0000000000
0.0000000000
-0.4093017578
0.0000000000
0.9910888672
0.0668182373
-0.0334014893
0.0000000000
0.0779571533
0.0445404053
0.0111389160
-0.3805084229
0.0713500977
0.0713500977
-0.2615966797
-0.2615966797
0.4756317139
-0.1426849365
0.6658782959
0.0851745605
-0.0638885498
-0.0425872803
0.1490631104
-0.7240447998
-0.3620147705
-0.4897918701
0.2342529297
-0.1900177002
-0.2280273438
-0.1520080566
0.2280273438
-0.4180450439
-0.7220764160
0.3040313721
0.0380096436
0.0000000000
0.3928222656
0.1208648682
-0.1208648682
-0.5136871338
0.6647644043
-0.1510772705
0.2417297363
0.4663238525
0.3330841064
-0.3997039795
-0.3997039795
-0.3997039795
0.0666198730
-0.1998443604
0.0000000000
0.4707946777
-0.3362731934
0.5044250488
-0.1008911133
0.4371643066
-0.2017669678
0.3026580811
0.2017669678
0.1767730713
0.2946319580
-0.4124755859
0.3535461426
0.0000000000
-0.3535461426
-0.4714050293
0.3535461426
-0.7097015381
-0.1935577393
0.0645141602
-0.0645141602
0.4516296387
-0.3225860596
0.0000000000
0.0645141602
-0.0736389160
-0.0184020996
0.0368194580
-0.1288604736
-0.2209014893
-0.2393035889
-0.9204101562
0.1104431152
-0.3076934814
0.1846160889
-0.6461486816
-0.3076934814
-0.1230773926
0.2769165039
0.3999938965
0.2769165039
0.0493774414
0.9545440674
-0.1810302734
-0.0658264160
0.1152038574
0.0164642334
0.0000000000
-0.1645812988
0.1178436279
0.0000000000
-0.4714050293
0.0000000000
0.1178436279
0.1178436279
0.2357025146
-0.3535461426
0.0804290771
0.1206359863
-0.0402069092
0.0402069092
0.0000000000
0.4423217773
0.8444519043
-0.1206359863
0.7637176514
0.1697082520
0.0000000000
0.3394317627
0.2121429443
0.3818664551
0.1272888184
0.0848541260
0.2255706787
0.2255706787
0.1127777100
-0.3007659912
-0.2067718506
-0.6391143799
-0.5451202393
0.1879730225
0.2283172607
0.1141510010
-0.3424682617
0.0000000000
-0.2283172607
0.0000000000
-0.2283172607
0.4566192627
-0.2207794189
0.4730987549
0.5046386719
0.0000000000
-0.1576995850
-0.5046386719
-0.2838592529
-0.2838592529
-0.0204010010
0.0305938721
0.9586334229
-0.0917816162
0.0407867432
-0.1325836182
0.1223754883
-0.1835632324
-0.3703002930
0.0000000000
0.2468566895
0.0000000000
0.0000000000
0.0000000000
0.3703002930
0.0000000000
-0.0517425537
-0.0689849854
0.1724700928
-0.9657897949
-0.0689849854
0.0000000000
-0.1207275391
-0.0345001221
0.1801452637
0.9307861328
-0.0600433350
0.0300292969
-0.2101745605
-0.0900726318
0.1201019287
0.0300292969
-0.4315490723
0.2465972900
-0.0616455078
0.3082427979
0.4315490723
-0.0616455078
0.4931945801
0.3082427979
-0.0571746826
-0.3430328369
0.2286834717
-0.2858581543
-0.1715087891
0.6288909912
-0.0571746826
0.4573822021
0.1287994385
0.4722747803
0.0429382324
0.0429382324
0.7298736572
-0.1287994385
0.1717376709
0.3434753418
-0.0250701904
0.0417785645
-0.0167083740
0.9944000244
0.0250701904
-0.0334320068
0.0668487549
-0.0083618164
0.2793273926
0.8809356689
-0.0859375000
0.1074371338
-0.0859375000
0.2363433838
0.1933746338
-0.1074371338
0.4393768311
0.0000000000
-0.3766174316
0.2196960449
-0.0313873291
0.1883087158
0.4393768311
-0.5962982178
0.1928405762
-0.1928405762
-0.0964202881
-0.0964202881
0.2892761230
0.6749725342
0.0000000000
-0.1928405762
0.9628448486
-0.0356597900
0.0000000000
-0.1069793701
0.0356597900
-0.1069793701
-0.0356597900
0.0713195801
0.1150360107
0.0000000000
0.0000000000
0.1150360107
0.0000000000
0.0000000000
0.2300720215
-0.1150360107
0.3790283203
-0.5685577393
0.2842712402
0.0947570801
0.0000000000
0.1895141602
-0.0947570801
-0.2842712402
0.0116577148
0.9904479980
0.0582580566
0.0000000000
-0.0116577148
0.0932159424
0.0116577148
0.0466156006
-0.3884582520
0.1942291260
-0.1942291260
-0.0323638916
-0.2589721680
0.4532012939
-0.0647430420
0.6797943115
-0.0258941650
-0.0258941650
0.0258941650
0.1812744141
-0.6473999023
-0.3884429932
-0.4920196533
0.3625488281
-0.1193084717
-0.1789550781
-0.1789550781
0.3579101562
-0.1789550781
-0.7158203125
0.3579101562
-0.0596466064
-0.0748748779
0.2995300293
0.1123199463
-0.1497650146
-0.0748748779
0.8236846924
-0.2995300293
0.2246398926
0.4107055664
0.2738037109
-0.6160583496
-0.4107055664
-0.2053527832
0.0684509277
0.0000000000
0.0684509277
0.7697448730
-0.2228240967
0.2835845947
-0.2228240967
0.3848724365
-0.0607757568
0.2430725098
0.0607757568
0.1993255615
0.3488311768
-0.6478271484
-0.0996704102
-0.0498352051
-0.3488311768
-0.4484863281
0.0498352051
-0.5586395264
-0.1523590088
0.1015777588
0.2031402588
0.7109985352
-0.1015777588
0.1015777588
0.0507812500
-0.0138549805
-0.0138549805
0.0415496826
-0.0969390869
-0.2077331543
-0.1384887695
-0.9555664062
0.0830993652
-0.2577819824
0.2577819824
-0.6628723145
-0.1841278076
-0.1104736328
0.4050903320
0.2946166992
0.2946166992
0.0000000000
0.9590454102
-0.1534423828
-0.0959014893
0.1150817871
0.0959014893
0.0000000000
-0.1150817871
0.1216278076
0.1216278076
-0.1216278076
0.1216278076
-0.1216278076
0.1216278076
0.2432556152
0.0000000000
0.0365600586
0.1827697754
0.1096649170
0.0731048584
-0.1462249756
0.5483245850
0.7310943604
-0.2193298340
0.5535888672
0.4613189697
0.2767944336
0.3075408936
0.3998107910
0.3075408936
-0.0307617188
-0.1537780762
0.2109832764
0.2285614014
0.1054840088
-0.4219512939
-0.2285614014
-0.6153564453
-0.4922790527
0.1758117676
0.1199951172
0.0000000000
-0.2400054932
0.1199951172
0.1199951172
0.1199951172
-0.1199951172
0.0000000000
-0.2578887939
0.3868408203
0.5480194092
-0.1289520264
-0.1289520264
-0.5157928467
-0.2901306152
-0.2578887939
-0.0665435791
-0.0110931396
0.9648132324
-0.0665435791
0.0443572998
-0.0665435791
0.0998077393
-0.1996154785
-0.1247863770
-0.1247863770
0.2495727539
0.1247863770
0.1247863770
0.0000000000
0.3743438721
-0.1247863770
0.0000000000
-0.0677795410
0.0847320557
-0.9828948975
-0.0508422852
0.0677795410
-0.0677795410
-0.0338897705
0.1533660889
0.9421234131
0.0000000000
0.0438232422
-0.1971893311
-0.0876464844
0.1314544678
-0.0876464844
-0.4027404785
0.1611022949
-0.2416381836
0.4027404785
0.3221893311
0.0000000000
0.4027404785
0.3221893311
-0.2436370850
-0.2842559814
0.7309265137
-0.1624298096
-0.0406036377
0.4872894287
0.0000000000
0.0812072754
0.1533508301
0.4089202881
0.1533508301
-0.0511169434
0.8178558350
0.0511169434
-0.0511169434
0.1533508301
-0.0234832764
0.0078277588
-0.0078277588
0.9940643311
0.0626220703
0.0156555176
0.0704498291
-0.0078277588
0.2302551270
0.9210357666
-0.0690765381
0.1151275635
-0.0460510254
0.1842041016
0.1381530762
-0.0921020508
0.4547271729
0.0378875732
-0.2273712158
0.1136779785
-0.2273712158
0.4168395996
0.4168395996
-0.5305175781
0.0000000000
-0.7976531982
0.0664672852
-0.1994171143
-0.0664672852
0.3988189697
-0.0664672852
-0.0664672852
0.9629821777
-0.0740814209
-0.0493774414
-0.1975402832
-0.0246887207
-0.0740814209
0.0000000000
0.0000000000
0.0785675049
0.0000000000
0.0000000000
0.0785675049
0.0000000000
0.0000000000
0.0000000000
0.0000000000
0.5063476562
-0.4219512939
0.3375549316
-0.0843963623
-0.1687774658
0.1687774658
0.1687774658
-0.3375549316
0.0386810303
0.9799346924
0.0644683838
0.0257873535
0.0000000000
0.1547241211
0.0386810303
0.0515747070
-0.2480316162
0.0930175781
-0.4030609131
0.5270843506
-0.1240234375
0.3410491943
0.1240234375
0.5580902100
-0.2403411865
0.2060089111
0.3090057373
0.2746734619
-0.4806671143
-0.1716613770
-0.4806671143
0.4463348389
0.3283843994
-0.3283843994
-0.1641845703
0.3831024170
0.4378356934
-0.4925689697
0.2736511230
-0.0547332764
0.1463165283
0.0731658936
0.1828918457
-0.2194824219
0.4755249023
0.7315826416
-0.2560577393
0.1463165283
0.3593902588
0.0898437500
-0.6289367676
-0.2695465088
-0.0898437500
0.1796875000
0.0000000000
-0.2695465088
0.8937377930
-0.0971374512
0.0777130127
-0.2331542969
0.3302917480
0.0194244385
0.0971527100
-0.0194244385
0.3242645264
0.0810699463
-0.2431945801
0.0000000000
-0.4053344727
0.2431945801
-0.5674591064
-0.2431945801
-0.4998016357
-0.1249542236
0.1665954590
0.2915496826
0.7496948242
0.0416564941
0.0416564941
0.0000000000
-0.0442504883
0.0589904785
0.0885009766
-0.0442504883
-0.1622314453
-0.0442504883
-0.9734344482
0.0442504883
-0.2319641113
0.1391754150
-0.7423095703
-0.1391754150
-0.0927886963
0.3711547852
0.1855773926
0.3247528076
-0.0812072754
0.9339599609
-0.0406036377
-0.0812072754
0.1218261719
0.1218261719
0.1218261719
-0.1218261719
0.2474365234
0.0000000000
-0.1237182617
-0.1237182617
0.0000000000
0.1237182617
0.2474365234
0.1237182617
-0.0704803467
0.1761932373
0.2819061279
0.0352325439
-0.2466735840
0.6342926025
0.5285644531
-0.3171386719
0.3975372314
0.5521392822
0.3754577637
0.3312835693
0.2650299072
0.4196319580
-0.1104278564
-0.1104278564
0.1805725098
0.1605072021
0.0802612305
-0.5216674805
-0.2207031250
-0.6621093750
-0.3611450195
0.1805725098
0.0000000000
-0.1228332520
-0.1228332520
0.2456817627
0.0000000000
-0.2456817627
0.0000000000
0.1228332520
-0.1779174805
0.2075805664
0.4448089600
-0.0296478271
-0.2965393066
-0.5337677002
-0.5634155273
-0.0889587402
-0.0692596436
-0.0554046631
0.9696960449
-0.0415649414
0.1385345459
-0.0277099609
0.0277099609
-0.1523742676
0.0000000000
-0.2226867676
0.0000000000
0.1113433838
0.0000000000
0.0000000000
0.0000000000
-0.1113433838
0.0331268311
0.0000000000
0.0165710449
-0.9939270020
0.0165710449
0.0331268311
-0.0165710449
-0.0165710449
0.1150054932
0.9583435059
0.0191650391
0.1533355713
-0.1533355713
0.0000000000
0.0574951172
-0.0766601562
-0.2817687988
0.2817687988
-0.1408843994
0.5635375977
0.2817687988
0.0000000000
0.4226531982
0.2817687988
-0.5997924805
-0.2822570801
0.5645141602
-0.1411285400
0.0352783203
0.4233856201
0.0352783203
0.0000000000
0.2007446289
0.4014739990
0.0669097900
-0.2007446289
0.7360382080
0.2007446289
-0.1338195801
0.0669097900
0.0078277588
-0.0313110352
-0.0547790527
0.9939727783
0.0469665527
0.0234832764
0.0547790527
0.0156555176
0.3972930908
0.8276977539
0.0000000000
0.1324310303
-0.0662231445
0.2979736328
0.0993194580
-0.0331115723
0.4887237549
0.0977478027
0.0977478027
0.0977478027
-0.2932434082
0.5375976562
0.2932434082
-0.4398498535
-0.0382843018
-0.9570159912
0.0765686035
-0.1148376465
-0.0382843018
0.1148376465
0.0000000000
0.0382843018
0.9180755615
-0.1836090088
0.0000000000
-0.2019805908
-0.1468963623
-0.1468963623
0.1101684570
-0.1285247803
0.0000000000
-0.1237182617
0.1237182617
0.2474365234
0.0000000000
0.2474365234
0.1237182617
-0.1237182617
0.1216278076
-0.1216278076
0.1216278076
-0.2432556152
-0.1216278076
-0.1216278076
0.1216278076
0.0000000000
0.0791931152
0.9843139648
0.0000000000
0.0339355469
-0.0678863525
0.1131439209
0.0113067627
0.0452575684
-0.4529724121
-0.1132354736
-0.2264862061
0.5095977783
-0.2831115723
-0.4529724121
-0.1698608398
0.2264862061
-0.0948486328
0.0474243164
0.1422729492
0.0948486328
-0.4268188477
-0.6165161133
-0.5690917969
0.0000000000
-0.2252349854
0.2477569580
0.1576690674
0.0675659180
-0.5180511475
-0.6531982422
0.2928161621
-0.2477569580
0.1249389648
-0.1249389648
0.1249389648
0.1249389648
0.1249389648
-0.3748016357
0.1249389648
0.0000000000
0.4895629883
0.2447814941
-0.1631927490
-0.2447814941
-0.2447814941
0.4895629883
-0.1631927490
0.2447814941
0.2354431152
-0.2746887207
0.4316558838
-0.2746887207
0.3531646729
-0.1569671631
0.6278533936
0.1177215576
0.0000000000
0.2164916992
0.8900451660
0.0481109619
-0.0240478516
-0.2886657715
-0.2164916992
-0.0962219238
-0.2165069580
0.3247528076
-0.3247528076
0.2165069580
0.2165069580
-0.1082458496
0.1082458496
0.4330139160
-0.2014923096
0.0134277344
0.1208953857
0.0134277344
-0.1611938477
-0.0134277344
-0.9537200928
-0.0537261963
-0.5473022461
0.0547332764
-0.4378356934
-0.0547332764
0.1641845703
0.6020202637
0.0547332764
0.1094665527
-0.0625762939
0.9387512207
-0.0312957764
0.0312957764
0.0000000000
0.0312957764
-0.0312957764
-0.2816314697
0.2500000000
0.1250000000
0.0000000000
-0.1250000000
0.0000000000
0.0000000000
0.1250000000
0.3750000000
0.0871582031
-0.0871582031
-0.0871582031
-0.6101074219
0.3486328125
-0.1743164062
0.4357910156
0.0000000000
0.4149627686
0.6817321777
0.3556823730
0.2964019775
0.1778411865
0.2371215820
-0.1778411865
-0.0296478271
0.5153045654
0.1374206543
0.3778991699
-0.4809570312
-0.2748260498
-0.2061309814
-0.3778991699
0.2061309814
-0.1064758301
0.1064758301
-0.1064758301
0.0000000000
0.0000000000
0.0000000000
0.1064758301
-0.1064758301
-0.1972656250
0.1972656250
0.1972656250
-0.1972656250
0.5917816162
-0.2630157471
-0.5260314941
0.0657501221
-0.1905212402
-0.1667022705
0.7144622803
-0.4286804199
0.0000000000
0.2857818604
0.2143402100
-0.3096008301
0.0000000000
0.0000000000
0.0000000000
0.1178436279
-0.1178436279
0.1178436279
0.2357025146
-0.1178436279
0.0339813232
-0.0509643555
0.0849456787
-0.9854431152
0.0339813232
0.0679626465
-0.0169830322
-0.0509643555
0.0184936523
0.9802856445
-0.0184936523
0.0924835205
-0.0924835205
-0.0924835205
0.0369873047
0.0184936523
-0.5928039551
0.4234313965
0.0000000000
0.3387451172
0.2540588379
0.0846862793
0.0846862793
0.1693725586
-0.4955444336
-0.3539581299
-0.4247436523
-0.4247436523
0.1415863037
0.0000000000
0.0000000000
0.2831726074
0.1060485840
0.3181304932
0.2120971680
-0.1060485840
0.6362762451
0.0000000000
0.0000000000
0.1060485840
-0.0112609863
-0.0225219727
-0.1013641357
0.9910736084
0.0000000000
-0.0337829590
0.0337829590
-0.0225219727
0.0272064209
0.9792480469
-0.0816040039
-0.0543975830
-0.0680084229
0.1360015869
0.0000000000
0.0408020020
0.3353271484
-0.3353271484
0.3113708496
0.0478973389
0.5987854004
0.1437072754
0.4071807861
-0.3353271484
0.0000000000
-0.7077941895
-0.3538970947
-0.0884704590
-0.0884704590
0.0884704590
-0.0884704590
0.2654266357
0.7498626709
-0.1442108154
-0.0576782227
-0.3172454834
-0.2884063721
-0.2307281494
0.1730499268
-0.3460845947
0.0000000000
0.0000000000
0.2357025146
0.0000000000
-0.1178436279
0.1178436279
0.1178436279
-0.1178436279
-0.1243286133
0.1243286133
0.1243286133
0.0000000000
-0.1243286133
-0.2486572266
0.1243286133
0.2486572266
0.1350097656
0.9600372314
0.0149993896
0.0449981689
-0.0449981689
0.2100067139
0.0299987793
0.0599975586
-0.4564819336
-0.1014404297
0.3043212891
-0.5072021484
-0.2536010742
-0.2536010742
-0.1014404297
0.4564819336
0.0653228760
0.0000000000
0.0979919434
-0.1306610107
-0.8165893555
-0.1633148193
-0.4899597168
-0.0326690674
-0.2050781250
0.2237243652
0.0932159424
0.1305084229
-0.4847259521
-0.6525115967
0.4101562500
-0.2050781250
0.3149414062
0.0000000000
-0.4199066162
0.1049804688
-0.3149414062
0.1049804688
0.3149414062
0.3149414062
0.2576904297
0.2576904297
-0.1717987061
-0.2576904297
-0.3435821533
0.2576904297
-0.2576904297
0.5153808594
-0.2125244141
-0.2550354004
0.4675598145
-0.2975311279
0.2975311279
-0.2550354004
0.5950775146
0.1275177002
0.1315307617
0.1841278076
0.8417663574
0.0526123047
-0.0789184570
-0.2367401123
-0.3682708740
-0.1315307617
0.1247253418
0.1247253418
-0.3741607666
0.0000000000
-0.1247253418
0.0000000000
0.1247253418
0.1247253418
-0.1978454590
0.0329742432
0.1154022217
-0.0329742432
-0.1318969727
-0.0494537354
-0.9562225342
-0.0494537354
-0.5933685303
0.0000000000
-0.4153594971
-0.3560180664
0.1780090332
0.4153594971
0.1186676025
0.1186676025
-0.2016296387
0.4704895020
0.2016296387
-0.2688446045
-0.1344299316
-0.2688446045
0.1344299316
-0.6049041748
0.0000000000
0.1250000000
-0.1250000000
-0.2500000000
0.1250000000
0.1250000000
0.2500000000
0.2500000000
0.1193084717
-0.0596466064
-0.1789550781
-0.5965118408
0.4772186279
-0.2982635498
0.1789550781
0.3579101562
0.3466796875
0.6066894531
0.3033447266
0.4333496094
-0.0433349609
0.3466796875
-0.2166748047
-0.0433349609
0.5274963379
0.1130371094
0.3767852783
-0.4144592285
-0.3014221191
-0.2260742188
-0.4144592285
0.1884002686
-0.3443145752
0.2295379639
-0.4590759277
0.0000000000
-0.2295379639
0.0000000000
0.0000000000
0.2295379639
0.2321929932
0.3869934082
0.0000000000
-0.3096008301
0.0773925781
-0.2321929932
-0.6192016602
-0.2321929932
-0.1216125488
-0.0810699463
0.7904815674
-0.4256439209
0.0202636719
0.1418762207
0.1418762207
-0.3445739746
0.0000000000
0.2474365234
0.1237182617
0.1237182617
-0.1237182617
0.1237182617
0.0000000000
0.2474365234
0.1078338623
-0.0359497070
0.0539093018
-0.9704742432
0.0898590088
0.0539093018
-0.1258087158
-0.0718841553
0.0594940186
0.9221038818
0.0000000000
0.0892333984
-0.2082214355
-0.2082214355
0.1487274170
0.0297393799
-0.4512481689
0.5264587402
0.0000000000
0.3008422852
0.3760528564
0.0000000000
0.3008422852
0.0752105713
-0.2440795898
-0.3905181885
-0.4881439209
-0.3905181885
0.0976257324
-0.1464385986
0.0000000000
0.5369567871
0.0846862793
0.1693725586
0.1693725586
0.0846862793
0.7621765137
0.0846862793
0.1693725586
0.2540588379
-0.0101623535
-0.0305023193
-0.0610046387
0.9862518311
-0.0813446045
-0.0813446045
0.0711669922
0.0305023193
0.0782623291
0.9705200195
-0.1252288818
-0.1095733643
0.0156555176
0.1252288818
-0.0156555176
0.0156555176
0.2901000977
-0.3867950439
0.2659149170
0.1450500488
0.6043548584
-0.0966949463
0.3867950439
-0.3626098633
0.0912780762
-0.4564056396
-0.1825714111
0.1825714111
-0.0912780762
0.4564056396
0.0000000000
0.4564056396
0.9659271240
-0.0371551514
-0.0371551514
-0.0742950439
-0.1300354004
-0.0557250977
0.0742950439
-0.1486053467
0.1216278076
0.0000000000
0.0000000000
0.0000000000
-0.2432556152
0.1216278076
0.2432556152
0.0000000000
0.0000000000
0.3689117432
0.2459411621
0.0000000000
0.0000000000
-0.3689117432
0.0000000000
-0.1229705811
0.0777435303
0.9639282227
0.0466461182
0.0155487061
0.0155487061
0.2176666260
0.0777435303
0.0310974121
-0.4408569336
0.0000000000
0.3967742920
-0.3085937500
-0.3967742920
0.0440826416
0.0440826416
0.5731048584
0.1595764160
0.0000000000
0.0000000000
-0.1139831543
-0.8890991211
-0.0455932617
-0.3875579834
-0.0455932617
-0.2322540283
0.1900329590
0.0422210693
0.2111358643
-0.4222869873
-0.6967620850
0.4222869873
-0.0844573975
0.1395263672
0.2790374756
0.0697631836
0.2092742920
-0.4185638428
0.6278381348
0.2790374756
0.2092742920
0.4161987305
0.2497100830
-0.1664733887
-0.3329620361
-0.4994354248
0.1664733887
0.0000000000
0.3329620361
-0.6705780029
-0.1828918457
0.4876861572
0.2438507080
-0.0609588623
-0.1828918457
0.0000000000
0.2438507080
0.1254730225
0.0627441406
0.8783264160
0.2823181152
-0.0941009521
0.0313720703
-0.2509460449
0.1568450928
-0.2357025146
-0.1178436279
-0.3535461426
-0.2357025146
-0.1178436279
-0.3535461426
0.0000000000
-0.2357025146
-0.2698669434
0.1428680420
0.1587524414
-0.0158691406
-0.1269989014
-0.0158691406
-0.9207458496
-0.0952453613
-0.4655303955
-0.0517272949
-0.5172576904
-0.4655303955
0.1034545898
0.1551818848
0.4138031006
0.0517272949
0.1208648682
0.8460693359
-0.1813049316
-0.1510772705
0.0000000000
-0.2719421387
0.0000000000
-0.3323822021
0.1196746826
0.2393341064
-0.3590087891
0.0000000000
0.1196746826
0.2393341064
0.3590087891
-0.1196746826
0.0754241943
0.1508331299
-0.0754241943
-0.5279388428
0.4525146484
0.0754241943
0.3771057129
0.3771057129
0.4228363037
0.2416229248
0.0000000000
0.5436553955
-0.1812133789
0.3020324707
-0.3020324707
0.3624267578
0.5305938721
0.1326446533
0.3979492188
-0.2984619141
-0.2984619141
-0.3647918701
-0.4311065674
0.0994873047
0.1166229248
0.3498535156
-0.3498535156
0.1166229248
-0.3498535156
0.0000000000
0.1166229248
0.2332305908
0.6050720215
0.0930938721
-0.2792663574
-0.2792663574
-0.5585327148
0.0930938721
-0.2792663574
0.0000000000
-0.0347595215
0.0173797607
0.9212036133
-0.2607116699
0.0173797607
-0.0347595215
0.0521392822
-0.2607116699
-0.1249389648
0.1249389648
0.2498779297
-0.1249389648
0.0000000000
0.0000000000
0.1249389648
0.3748321533
0.0000000000
-0.1371154785
0.0783538818
-0.9598388672
-0.0391845703
-0.0391845703
-0.1958923340
0.0000000000
0.0440368652
0.8368072510
-0.1321258545
0.1321258545
-0.3083038330
-0.2202148438
0.0880889893
0.2202148438
-0.5950622559
0.3719177246
0.0743865967
0.2975311279
0.2975311279
0.0000000000
0.3719177246
0.0000000000
-0.3806762695
0.0000000000
0.0951690674
-0.5709991455
-0.2855072021
-0.1903381348
0.0000000000
0.2855072021
0.1097869873
0.4391479492
0.1097869873
0.1646881104
0.7136230469
0.1097869873
0.1646881104
0.3293609619
-0.0371704102
0.0619506836
-0.1115264893
0.9788970947
-0.0619506836
-0.0991210938
0.0743408203
0.0000000000
0.1335754395
0.9750671387
-0.0935058594
-0.0267181396
0.0133514404
0.1202087402
0.0000000000
-0.0400695801
0.3674926758
-0.3062438965
0.0918731689
0.2449951172
0.4287414551
-0.1224975586
0.3674926758
-0.5818634033
-0.1879119873
-0.3758239746
-0.3758239746
0.2818603516
0.3758239746
0.3758239746
0.0939483643
0.0000000000
0.9625396729
-0.0621032715
0.0000000000
0.0310516357
-0.1552429199
-0.0621032715
0.0931549072
-0.0310516357
0.2494506836
0.1247253418
0.0000000000
0.0000000000
0.0000000000
0.1247253418
0.2494506836
-0.2494506836
0.2222900391
-0.1111450195
0.4445648193
0.3334350586
0.0000000000
0.0000000000
-0.2222900391
-0.3334350586
0.0117187500
0.9846954346
0.0586090088
-0.0234375000
0.0117187500
0.1289520264
0.0703430176
0.0117187500
-0.3483276367
0.0000000000
0.2216644287
-0.3483276367
-0.4116668701
0.2533264160
0.0000000000
0.6649932861
0.0788879395
0.0000000000
0.0000000000
0.0525970459
-0.7099914551
-0.4207305908
-0.5259246826
0.1051788330
-0.3757171631
0.0751495361
0.0000000000
0.1502838135
-0.3757171631
-0.6011505127
0.5260162354
0.0751495361
0.0444335938
0.4443206787
0.1333007812
0.0000000000
-0.5776062012
0.5776062012
0.0444335938
0.2221527100
0.3242645264
0.4053344727
-0.2431945801
-0.4053344727
-0.3242645264
-0.0810699463
-0.0810699463
0.4053344727
-0.3877716064
-0.3323669434
0.5539550781
0.1661834717
0.3877716064
-0.1661834717
0.2769775391
0.2215881348
0.0000000000
0.1439056396
0.5276336670
0.4317016602
0.2398376465
-0.2877960205
-0.4317016602
0.3357696533
-0.4375762939
0.0000000000
-0.2187805176
-0.2187805176
-0.1093902588
-0.4375762939
0.1093902588
-0.2187805176
-0.2142944336
0.1153869629
0.1813354492
-0.0329742432
-0.1978149414
-0.0494537354
-0.9231262207
-0.0659332275
-0.2590179443
0.0370025635
-0.7400512695
-0.2960205078
-0.0740051270
0.2960205078
0.3700256348
0.1480102539
0.1124420166
0.8995819092
-0.2436370850
0.0000000000
0.1311950684
0.0000000000
-0.0187377930
-0.2998657227
0.3658599854
0.1219482422
-0.3658599854
-0.1219482422
0.0000000000
0.1219482422
0.0000000000
-0.2438964844
0.1849517822
0.1233062744
-0.1233062744
-0.2465972900
0.2465972900
0.3699035645
0.7397918701
-0.0616455078
0.5450286865
0.0000000000
-0.3114471436
0.4671630859
-0.0778656006
0.1557159424
0.3114471436
0.2335815430
0.3004760742
0.2185211182
0.3004760742
-0.3277893066
-0.1912078857
-0.4643707275
-0.6009521484
0.1638946533
0.2246704102
0.1123352051
-0.4493408203
0.0000000000
-0.2246704102
0.0000000000
0.0000000000
0.4493408203
0.0000000000
0.4869842529
0.3408966064
-0.2921905518
-0.3408966064
-0.4382934570
-0.2434997559
-0.3408966064
0.0000000000
0.0150604248
0.9492187500
-0.1356048584
0.0602722168
-0.0753326416
0.0753326416
-0.2410736084
-0.4352722168
0.0000000000
0.3264617920
0.0000000000
-0.1088256836
0.1088256836
0.4352722168
0.2176361084
-0.0799407959
-0.0799407959
0.2597808838
-0.9392242432
-0.0399627686
-0.0599517822
-0.1398925781
0.0000000000
0.1766815186
0.9423065186
-0.1472320557
0.0000000000
-0.1472320557
-0.0883483887
-0.0294494629
0.0294494629
-0.5248870850
0.1049804688
0.1049804688
0.1049804688
0.3149414062
0.2099609375
0.3149414062
0.2099609375
-0.1093902588
-0.1093902588
-0.1093902588
-0.3281707764
-0.2187805176
0.2187805176
0.1093902588
0.5469665527
0.1802368164
0.6007843018
0.1201629639
0.0600738525
0.5407104492
0.1802368164
0.1201629639
0.3604736328
-0.0578460693
0.0694122314
-0.0694122314
0.9833984375
0.0000000000
-0.0694122314
0.1041259766
0.0000000000
0.1647796631
0.9587554932
-0.0449371338
0.0299682617
-0.0599212646
0.1797637939
0.0749053955
-0.0449371338
0.4204711914
-0.1528930664
-0.1146697998
0.2293548584
0.2293548584
0.0382232666
0.4586944580
-0.6498260498
-0.0972900391
-0.2918548584
-0.1945648193
0.0000000000
0.5837097168
0.3891448975
0.0000000000
-0.1945648193
0.9549713135
-0.0909423828
0.0000000000
0.0000000000
-0.0454711914
-0.0454711914
0.0909423828
0.0000000000
0.1216278076
0.1216278076
0.1216278076
0.1216278076
-0.1216278076
0.0000000000
0.2432556152
-0.1216278076
0.2283172607
-0.4566192627
0.2283172607
0.2283172607
0.0000000000
0.0000000000
-0.1141510010
-0.3424682617
0.0108642578
0.9879608154
0.0651397705
0.0108642578
0.0108642578
0.1085662842
0.0434265137
0.0434265137
-0.3587341309
0.0797119141
0.1594390869
-0.3985900879
-0.3587341309
0.1992950439
-0.0398559570
0.6775970459
-0.0839843750
0.0000000000
0.0279998779
0.1679534912
-0.6158294678
-0.4758758545
-0.5318603516
0.2239379883
-0.3756256104
0.0000000000
-0.1252136230
0.0626068115
-0.0626068115
-0.6260375977
0.5008239746
0.2504119873
0.0613098145
0.3678131104
-0.0613098145
0.0000000000
-0.3065185547
0.7356262207
-0.0613098145
0.3065185547
0.3499298096
0.4374084473
-0.4374084473
-0.3499298096
-0.1749572754
0.0000000000
-0.0874786377
0.2624511719
0.2329559326
-0.4270782471
0.4658966064
-0.1164703369
0.5435485840
-0.1553039551
0.3882446289
0.1164703369
0.0494079590
0.3458404541
-0.1976165771
-0.0494079590
0.2964324951
-0.5434570312
-0.5928649902
0.1482238770
-0.4445648193
-0.2222900391
-0.1111450195
-0.1111450195
0.3334350586
-0.2222900391
0.2222900391
-0.2222900391
-0.0904083252
0.0451965332
0.1356048584
-0.0602722168
-0.2259979248
-0.0904083252
-0.9492187500
0.0150604248
-0.2581329346
0.2212524414
-0.7375335693
-0.1843872070
-0.0737457275
0.3687591553
0.2950134277
0.1843872070
0.0490264893
0.9069976807
-0.1961059570
0.0000000000
0.0980529785
0.0735473633
-0.0245208740
-0.3186798096
0.1113433838
0.0000000000
0.0000000000
0.0000000000
-0.2226867676
-0.1113433838
0.0000000000
0.0000000000
0.1123504639
0.2247009277
0.0561676025
-0.1685180664
0.1123504639
0.5055694580
0.6740875244
-0.2808685303
0.5869445801
0.5417938232
-0.0451507568
0.4514923096
0.2257537842
0.1354522705
0.0451507568
-0.1354522705
0.2648315430
0.2427673340
0.1986236572
-0.3972473145
-0.2206878662
-0.4634552002
-0.5958709717
0.1986236572
0.1237182617
0.0000000000
-0.3711547852
0.0000000000
0.0000000000
0.1237182617
0.1237182617
0.0000000000
-0.3275909424
0.4211883545
0.5615844727
-0.0935974121
-0.0467987061
-0.4679870605
-0.1403961182
-0.2807922363
-0.0160522461
-0.0160522461
0.9469299316
-0.1444549561
0.0962982178
-0.0641937256
0.0481567383
-0.2407531738
-0.1250000000
0.1250000000
0.2500000000
0.0000000000
0.0000000000
0.1250000000
0.3750000000
0.0000000000
-0.0366668701
-0.0550079346
0.1833343506
-0.9716796875
0.0183410645
0.0000000000
-0.0733337402
-0.0366668701
0.1144104004
0.9609832764
-0.0457611084
0.0915222168
-0.1144104004
-0.1372833252
0.0457611084
-0.0457611084
-0.3535461426
0.0000000000
-0.1178436279
0.1178436279
0.2357025146
0.3535461426
0.2357025146
0.2357025146
-0.0912780762
-0.4564056396
0.0912780762
-0.1825714111
-0.0912780762
0.3651275635
-0.0912780762
0.5476989746
0.2237548828
0.5966949463
0.1491699219
0.0000000000
0.4475250244
0.2983398438
0.0745849609
0.2983398438
-0.0302734375
0.0302734375
-0.0403747559
0.9890441895
0.0504608154
-0.0100860596
0.1110076904
-0.0100860596
0.1848907471
0.9429779053
-0.0184936523
0.0369720459
-0.0554656982
0.2218780518
0.0924530029
-0.0554656982
0.4552154541
-0.1365661621
0.0455169678
0.1365661621
0.1820831299
0.2276153564
0.5007476807
-0.5917816162
0.0000000000
-0.5302276611
0.0000000000
-0.3181304932
0.1060485840
0.4241790771
-0.1060485840
0.0000000000
0.9481353760
-0.0824432373
0.0000000000
-0.1648864746
-0.0412292480
-0.0824432373
0.0412292480
-0.0412292480
0.0911560059
0.0911560059
0.0000000000
0.0911560059
0.0000000000
0.0000000000
0.0000000000
0.0000000000
0.3625183105
-0.3625183105
0.2416839600
0.0000000000
0.0000000000
0.0000000000
0.1208343506
-0.2416839600
0.0358276367
0.9793090820
0.0477752686
0.0716552734
0.0358276367
0.1433105469
0.0477752686
0.0597076416
-0.3793334961
0.1264495850
-0.3161163330
0.3161163330
-0.1264495850
0.0632171631
0.0632171631
0.6954498291
-0.2208862305
0.0631103516
0.2208862305
0.1893310547
-0.7257843018
-0.1893310547
-0.4102172852
0.3155517578
-0.1842498779
-0.1228332520
-0.3070831299
0.1842498779
0.3684997559
-0.6141815186
0.4299163818
0.0000000000
0.1792755127
-0.1195220947
-0.2390289307
-0.0597534180
0.4780578613
0.6573333740
-0.2390289307
0.2390289307
0.2307739258
0.2307739258
-0.3461608887
-0.3461608887
0.0000000000
0.1153869629
0.0000000000
0.3461608887
0.7444305420
-0.3134460449
0.0783538818
-0.1567230225
0.4701690674
0.0391845703
0.1959075928
-0.0783538818
0.0706176758
0.2118530273
0.0000000000
-0.0706176758
0.2118530273
-0.3530883789
-0.7767791748
-0.0706176758
-0.3823242188
-0.1911621094
0.0000000000
0.1911621094
0.6690673828
0.0000000000
0.0955810547
0.0000000000
-0.0492858887
0.0821380615
0.1642913818
-0.0164337158
-0.2135772705
-0.0328521729
-0.9528656006
0.0164337158
-0.3649291992
0.1824645996
-0.6842498779
-0.1368560791
0.0000000000
0.4561614990
0.2280883789
0.1368560791
-0.1842498779
0.7984313965
0.0000000000
0.0000000000
0.0614166260
0.1228332520
0.0000000000
-0.4299163818
0.1064758301
0.1064758301
0.0000000000
0.1064758301
0.0000000000
0.0000000000
0.1064758301
0.1064758301
-0.0527191162
0.2635955811
0.2108764648
-0.1054382324
-0.0527191162
0.6326446533
0.5272064209
-0.3163299561
0.4331817627
0.6115417480
0.2038421631
0.4331817627
0.1783599854
0.3822174072
-0.1019287109
0.0000000000
0.3538665771
0.1769409180
0.1516571045
-0.4549865723
-0.2022094727
-0.5055389404
-0.5055389404
0.2022094727
0.0000000000
0.0000000000
-0.3750000000
0.1250000000
0.0000000000
-0.2500000000
0.1250000000
0.1250000000
-0.4188995361
0.1861724854
0.5119934082
-0.0465393066
-0.0930938721
-0.5119934082
-0.4188995361
-0.0930938721
0.0195465088
-0.0586395264
0.9382781982
-0.1368255615
0.1954803467
-0.0195465088
0.0000000000
-0.2150268555
0.0000000000
0.0000000000
0.0000000000
0.0000000000
0.0000000000
0.0785675049
0.0000000000
-0.0785675049
0.0494995117
-0.0164947510
0.0494995117
-0.9901428223
0.0660095215
0.0164947510
0.0000000000
-0.0330047607
0.0931701660
0.9550018311
0.0000000000
0.2096405029
-0.0465850830
-0.0931701660
0.0465850830
-0.0698852539
-0.3247528076
0.2165069580
-0.1082458496
0.3247528076
0.2165069580
0.1082458496
0.4330139160
0.2165069580
-0.4848175049
-0.5540771484
0.3462982178
-0.1385192871
0.0000000000
0.2770385742
-0.0692596436
0.2770385742
0.1664733887
0.4994354248
0.1664733887
-0.1664733887
0.5826721191
0.2497100830
0.0000000000
0.1664733887
0.0000000000
-0.0357666016
-0.0536651611
0.9926910400
0.0357666016
0.0089416504
0.0804901123
0.0000000000
0.3271942139
0.8626098633
0.0000000000
0.0892333984
-0.0594940186
0.3271942139
0.0297393799
-0.0297393799
0.4622650146
0.0000000000
0.3962249756
0.0660400391
0.1981201172
0.2641448975
0.3962249756
-0.4622650146
0.0650634766
-0.8457641602
0.0000000000
-0.2602386475
-0.1301116943
0.1951751709
0.0000000000
0.1301116943
0.9325103760
-0.1195526123
0.0000000000
-0.1673736572
-0.1434631348
-0.1195526123
0.1434631348
-0.1195526123
0.0000000000
0.0000000000
0.1228332520
0.2456817627
-0.1228332520
0.2456817627
0.0000000000
0.1228332520
0.3352050781
0.0000000000
0.1117401123
-0.3352050781
-0.2234802246
-0.1117401123
0.3352050781
-0.3352050781
0.0211181641
0.9926147461
-0.0316772461
0.0316772461
-0.0739135742
0.0527954102
0.0000000000
0.0211181641
-0.1227722168
-0.0613861084
-0.2660217285
0.9003753662
-0.2455596924
-0.1023101807
0.1227722168
-0.0204620361
0.2129058838
0.0709686279
0.0000000000
-0.0709686279
-0.3548431396
-0.7096862793
-0.3548431396
-0.1419372559
-0.1989593506
0.3183441162
0.2188568115
-0.0397949219
-0.2785491943
-0.8157501221
0.1989593506
-0.1193847656
0.0745849609
0.3729400635
0.3729400635
-0.0745849609
-0.5966949463
-0.0745849609
0.1491699219
0.3729400635
0.4620056152
0.0924072266
0.0924072266
-0.2772064209
-0.4620056152
0.3696136475
-0.1847991943
0.0924072266
0.6963043213
-0.1582489014
0.4430999756
-0.0949554443
-0.0632934570
-0.1898956299
0.4430999756
0.1266021729
-0.0333862305
0.0111236572
0.9680938721
0.2225494385
0.0333862305
0.0222625732
-0.0445098877
-0.0667724609
0.1123352051
0.3370056152
-0.2246704102
0.3370056152
0.1123352051
-0.1123352051
0.0000000000
0.4493408203
-0.1411743164
-0.0108642578
0.0651550293
0.0434417725
-0.0651550293
0.0543060303
-0.9773864746
-0.0868835449
-0.2705993652
0.0000000000
0.3607940674
-0.0901947021
0.4510040283
0.5411987305
0.0000000000
0.0901947021
0.0155029297
0.9765319824
-0.1705017090
0.0155029297
0.0155029297
0.0155029297
0.0000000000
-0.0930023193
-0.1247253418
0.1247253418
0.1247253418
-0.1247253418
0.0000000000
0.0000000000
0.3741607666
-0.1247253418
0.1911621094
-0.2867431641
-0.2867431641
-0.4779052734
0.2867431641
-0.2867431641
0.0000000000
0.2867431641
0.3596801758
0.4250793457
0.4577789307
0.1961975098
0.3269805908
0.2942810059
-0.4577789307
0.0653991699
0.4556884766
0.0455627441
0.6379699707
-0.4101257324
-0.2734069824
0.1367034912
-0.2278442383
-0.0455627441
-0.1216278076
0.1216278076
-0.2432556152
-0.1216278076
-0.1216278076
0.1216278076
-0.1216278076
0.0000000000
0.5008239746
0.1252136230
0.0626068115
-0.5008239746
0.5008239746
0.1878051758
-0.2504119873
0.0000000000
-0.2734680176
-0.1640777588
0.6289672852
-0.3554992676
-0.1640777588
0.4648895264
0.3008117676
-0.1367340088
0.1199951172
-0.1199951172
-0.1199951172
0.2400054932
-0.1199951172
0.0000000000
0.0000000000
-0.1199951172
-0.0154876709
-0.0154876709
0.0464630127
-0.9911956787
-0.0309753418
0.0619506836
0.0154876709
-0.0464630127
0.0333862305
0.9849700928
-0.0333862305
0.0667724609
-0.1168670654
-0.0166931152
0.0166931152
0.0000000000
-0.5661315918
0.4717712402
0.0943603516
0.2830657959
0.0943603516
0.0000000000
-0.1887054443
0.0943603516
-0.3211669922
-0.1605834961
-0.5620422363
-0.2408752441
0.4014587402
-0.0802917480
-0.0802917480
0.3211669922
0.0000000000
0.2498626709
-0.1249389648
0.0000000000
-0.1249389648
-0.1249389648
0.2498626709
-0.2498626709
0.0164947510
0.0329895020
-0.0659942627
0.9898681641
-0.0329895020
0.0000000000
-0.0659942627
-0.0164947510
-0.0875091553
0.9845581055
-0.0765838623
0.0109405518
-0.0984497070
-0.0218811035
0.0000000000
0.0547027588
0.2131347656
-0.5446777344
0.2841796875
-0.0236816406
0.5446777344
0.1184082031
0.4499511719
-0.2131347656
-0.1009521484
0.7066345215
-0.3028411865
0.0000000000
0.1009521484
0.1009521484
0.1009521484
0.0000000000
0.8988952637
-0.1605224609
0.0321044922
-0.0963134766
-0.1926269531
-0.1605224609
0.0963134766
-0.2247314453
-0.1249389648
0.0000000000
0.2498626709
0.1249389648
-0.2498626709
0.2498626709
-0.1249389648
0.0000000000
-0.1243286133
0.1243286133
0.0000000000
-0.1243286133
-0.2486572266
-0.2486572266
0.1243286133
-0.1243286133
0.0561218262
0.9876403809
-0.0336761475
0.0224456787
-0.0673370361
0.1010131836
0.0224456787
0.0224456787
-0.1912689209
-0.2295227051
-0.0765075684
0.5355377197
-0.5737915039
-0.3825225830
0.2677764893
0.1530151367
0.3344268799
0.0557403564
0.0000000000
-0.0557403564
-0.8360595703
-0.0557403564
-0.2229461670
-0.1672058105
-0.2449340820
0.3202972412
0.2072448730
0.0188446045
-0.3391418457
-0.7347869873
0.3391418457
-0.1130523682
0.1014251709
0.4057312012
0.1014251709
0.0000000000
-0.5071563721
0.0000000000
0.3042907715
0.3042907715
0.3117980957
0.0000000000
0.1039276123
-0.4157409668
-0.2078704834
0.1039276123
-0.3117980957
0.4157409668
-0.0447845459
-0.2687225342
0.5374298096
-0.1791381836
0.0895690918
-0.2687225342
0.6717987061
0.0895690918
0.0116424561
0.0232849121
0.9661560059
0.2095336914
0.0000000000
0.0000000000
-0.0814819336
-0.1047668457
0.4615325928
0.1153869629
-0.2307739258
0.1153869629
-0.3461608887
0.0000000000
0.2307739258
0.1153869629
-0.1412811279
0.0235443115
0.0941772461
0.0117797852
-0.0706329346
0.0353240967
-0.9771423340
-0.0706329346
-0.5210266113
0.0000000000
0.0868377686
-0.2605133057
0.0868377686
0.4341888428
-0.0868377686
0.4341888428
0.0473785400
0.9475250244
-0.1894989014
0.0236816406
0.0000000000
0.0000000000
0.0000000000
-0.2131958008
0.0000000000
0.1238555908
-0.1238555908
-0.2477111816
0.1238555908
0.1238555908
0.3715667725
0.2477111816
0.2264862061
-0.1698608398
-0.1698608398
-0.4529724121
0.3397216797
-0.3397216797
-0.1698608398
0.5662078857
0.3458557129
0.5187835693
0.4611511230
0.2305755615
0.1729278564
0.2882232666
-0.3458557129
0.0576477051
0.5039825439
0.0000000000
0.5543823242
-0.4031829834
-0.2519836426
0.2519836426
-0.2519836426
0.0503997803
-0.2405242920
0.2405242920
-0.4810485840
-0.1202545166
-0.1202545166
-0.1202545166
-0.1202545166
0.0000000000
0.4988861084
0.3741607666
-0.0623626709
-0.5612487793
0.3117980957
0.1247253418
-0.1247253418
-0.1870880127
-0.1676330566
-0.0558776855
0.6984405518
-0.4470062256
-0.0558776855
0.3911285400
0.2234954834
-0.2234954834
0.0000000000
-0.0911560059
0.0000000000
0.0000000000
0.0000000000
0.0911560059
-0.0911560059
0.0000000000
0.0352630615
-0.0528869629
0.0705261230
-0.9873199463
0.0176239014
0.0528869629
-0.0176239014
-0.0528869629
0.0000000000
0.9624786377
-0.1002655029
0.0200500488
-0.1604156494
-0.1203155518
0.0601501465
-0.0802001953
-0.3908996582
0.5863494873
0.1954498291
0.1954498291
0.1954498291
0.0000000000
-0.1954498291
0.0977325439
-0.1896972656
-0.3319702148
-0.6639404297
-0.2371215820
0.1896972656
-0.1422729492
0.0474243164
0.4742431641
-0.1247253418
0.1247253418
0.0000000000
0.1247253418
0.3741607666
0.0000000000
0.1247253418
-0.1247253418
-0.0285186768
0.0000000000
-0.0285186768
0.9837036133
-0.1283111572
-0.0712890625
0.0427703857
0.0285186768
-0.0527801514
0.9923400879
-0.0844573975
-0.0211181641
-0.0211181641
-0.0211181641
0.0000000000
0.0211181641
0.1485595703
-0.5694885254
0.3713989258
0.0495147705
0.5447235107
-0.0990447998
0.3961639404
-0.1733245850
-0.1804046631
0.5411987305
-0.1804046631
0.0901947021
-0.0901947021
0.4510040283
-0.0901947021
0.3607940674
0.9828948975
-0.0436859131
0.0000000000
0.0000000000
-0.0655212402
-0.0218353271
0.0000000000
-0.1092071533
0.0000000000
0.0000000000
0.1150360107
0.1150360107
-0.2300720215
0.1150360107
0.0000000000
0.0000000000
-0.1249389648
0.1249389648
0.1249389648
0.1249389648
0.0000000000
-0.3748016357
-0.1249389648
-0.1249389648
0.0437011719
0.9761505127
-0.0145721436
0.0437011719
-0.0582733154
0.1602630615
0.0728454590
0.0437011719
-0.2061157227
-0.1648864746
0.2061157227
-0.0824432373
-0.6595764160
-0.4534606934
0.4122314453
0.1236724854
0.3522338867
-0.0270996094
-0.1896667480
-0.1896667480
-0.8399353027
0.1625671387
-0.1083831787
-0.1896667480
-0.3174438477
0.3174438477
0.1709289551
0.1465148926
-0.3906860352
-0.6348724365
0.4151153564
-0.0244140625
0.1920013428
0.3840026855
-0.0959930420
0.2879943848
-0.2879943848
0.2879943848
0.3840026855
0.2879943848
0.3566131592
0.2674560547
-0.0891571045
-0.2674560547
0.0000000000
0.3566131592
0.1782989502
0.5349121094
-0.7146911621
-0.4083862305
0.3573455811
0.0510559082
-0.0510559082
-0.1020965576
0.3062896729
0.0000000000
0.0378875732
-0.0252532959
0.9597167969
0.2525634766
-0.0126342773
0.0378875732
-0.0757598877
-0.0252532959
0.3197631836
0.0000000000
-0.4263610840
-0.2131805420
-0.4263610840
-0.1065826416
0.1065826416
-0.2131805420
-0.2052001953
0.1207122803
0.1327819824
0.0241394043
-0.0965728760
0.0603485107
-0.9415283203
-0.1448516846
-0.3424682617
-0.1141510010
-0.1141510010
-0.3424682617
0.2283172607
-0.1141510010
0.2283172607
0.3424682617
0.0788116455
0.9194030762
-0.2364196777
-0.0788116455
0.0525360107
-0.1050720215
0.0788116455
-0.2101440430
0.0000000000
0.1245422363
-0.2490844727
-0.2490844727
0.1245422363
0.2490844727
0.1245422363
0.2490844727
0.2485504150
-0.0994262695
-0.1988372803
-0.4971008301
0.4473876953
-0.3479614258
-0.1988372803
0.4473876953
0.3149414062
0.2099609375
0.1049804688
0.4199066162
-0.2099609375
0.0000000000
-0.2099609375
0.4199066162
0.6393890381
0.0581207275
0.5231323242
-0.2906341553
-0.1743774414
0.2906341553
0.0000000000
0.0581207275
0.0000000000
0.3535461426
-0.4714050293
0.1178436279
-0.2357025146
-0.1178436279
0.1178436279
0.0000000000
0.6044311523
0.2324676514
-0.3254547119
-0.5114440918
-0.2324676514
0.2789611816
-0.0464935303
-0.0929870605
0.0000000000
0.1246795654
0.8104248047
-0.4363861084
0.0311737061
0.1870269775
0.1870269775
-0.1870269775
0.1064758301
0.0000000000
0.0000000000
-0.1064758301
0.1064758301
0.0000000000
-0.1064758301
0.1064758301
0.0219726562
-0.1318664551
0.1538543701
-0.9670562744
0.0000000000
0.0000000000
-0.0879211426
0.0000000000
0.0000000000
0.9326477051
-0.1165771484
0.0000000000
-0.2331695557
-0.1748657227
0.0291442871
-0.0582885742
-0.4241790771
0.5302276611
0.2120971680
0.1060485840
0.2120971680
-0.1060485840
0.0000000000
0.1060485840
-0.0874786377
-0.1749572754
-0.3499298096
-0.2624511719
0.0874786377
-0.5248870850
0.1749572754
0.4374084473
0.0000000000
0.3742370605
0.0935668945
0.1871185303
0.6549224854
0.1871185303
0.0935668945
0.1871185303
-0.0734863281
0.0734863281
-0.0918579102
0.9552764893
-0.1653442383
-0.1286010742
0.1102294922
0.0367431641
0.0095825195
0.9960479736
-0.0670471191
-0.0095825195
0.0095825195
-0.0095825195
-0.0095825195
0.0000000000
0.1406250000
-0.5062408447
0.5625000000
0.0562438965
0.4218750000
-0.1687469482
0.3656311035
-0.1968688965
-0.3057556152
-0.1019134521
-0.4076843262
0.2038421631
0.2038421631
0.4076843262
-0.1019134521
0.3057556152
0.9745178223
0.0000000000
-0.0304565430
0.0304565430
-0.0913543701
-0.0304565430
0.0913543701
-0.0304565430
0.2498626709
0.0000000000
0.1249389648
0.2498626709
0.0000000000
0.1249389648
0.1249389648
-0.2498626709
0.0000000000
0.0000000000
0.2494506836
0.2494506836
0.0000000000
0.1247253418
-0.2494506836
-0.1247253418
0.0000000000
0.9817962646
0.0288696289
0.0000000000
-0.0577545166
0.1299438477
0.0866241455
0.0288696289
-0.2559051514
-0.1535491943
0.2047271729
-0.1535491943
-0.6653747559
-0.3070983887
0.3582763672
0.3070983887
0.3363952637
-0.0305786133
-0.1834869385
-0.0917510986
-0.8256988525
-0.1223297119
-0.3058166504
-0.1529083252
-0.3825225830
0.3060302734
0.1530151367
0.1147613525
-0.4207763672
-0.4590301514
0.5355377197
-0.0382537842
0.1595764160
0.6383056641
0.0797882080
0.0797882080
-0.3191528320
0.4787292480
0.0797882080
0.0000000000
0.3964691162
0.2378845215
-0.3171691895
-0.2378845215
0.1585845947
0.2378845215
0.1585845947
0.5550537109
-0.4461212158
-0.4461212158
0.4461212158
0.1274566650
0.3186645508
0.0000000000
0.3823852539
0.0637359619
0.0000000000
-0.0753479004
0.9230346680
0.3390808105
0.0753479004
-0.0376739502
-0.0753479004
0.0565185547
0.3498535156
0.1166229248
-0.3498535156
-0.1166229248
-0.3498535156
-0.1166229248
0.0000000000
-0.2332305908
-0.2347412109
0.1467132568
0.1760559082
0.0440063477
-0.1320343018
0.0880279541
-0.9095916748
-0.1760559082
-0.1459960938
0.0000000000
-0.7299804688
-0.1459960938
-0.0729980469
0.3649902344
0.2919921875
0.1459960938
0.0732116699
0.9273376465
-0.2440338135
-0.0488128662
0.0488128662
0.0243988037
0.0488128662
-0.2196350098
0.3703002930
0.1234283447
-0.1234283447
-0.2468566895
0.1234283447
0.2468566895
-0.1234283447
-0.1234283447
0.2262573242
-0.1508331299
-0.2262573242
-0.6033630371
0.4525146484
-0.3016815186
0.0000000000
0.1508331299
-0.1332397461
-0.3330841064
-0.4663238525
0.0000000000
-0.3330841064
-0.4663238525
0.3997039795
0.1332397461
0.4979248047
0.2489624023
0.5601654053
-0.3734436035
-0.1244812012
0.2489624023
-0.1244812012
0.1244812012
0.1219482422
0.1219482422
-0.3658599854
0.1219482422
-0.2438964844
-0.2438964844
0.1219482422
0.2438964844
0.5476379395
0.3650970459
-0.1825408936
-0.4259490967
-0.3650970459
0.0000000000
-0.0608520508
-0.3042449951
0.0000000000
0.1195678711
0.8668365479
-0.3287963867
0.0597839355
0.1195678711
0.2391204834
-0.1494598389
-0.2494506836
0.0000000000
0.1247253418
0.0000000000
0.0000000000
0.2494506836
0.2494506836
0.1247253418
-0.0517883301
-0.0776824951
0.3107604980
-0.9322662354
-0.0258941650
0.0258941650
-0.0517883301
0.0000000000
0.0706481934
0.9537963867
-0.1059722900
-0.0353240967
-0.1059722900
-0.0706481934
-0.1059722900
-0.0706481934
-0.3703002930
0.2468566895
0.0000000000
0.0000000000
0.1234283447
0.2468566895
0.0000000000
0.2468566895
-0.1117401123
0.0000000000
-0.4469451904
0.0000000000
-0.1117401123
-0.2234802246
0.2234802246
0.4469451904
0.1776275635
0.5328674316
0.2664337158
0.0000000000
0.3552398682
0.4440612793
0.0888061523
0.0888061523
-0.0769348145
0.1154022217
-0.0961761475
0.9617004395
-0.0769348145
-0.0961761475
0.1346435547
0.0384674072
0.0216217041
0.9948425293
-0.0432586670
0.0108184814
-0.0540618896
0.0324401855
0.0000000000
0.0108184814
0.2770385742
-0.3957672119
0.5936584473
0.0395812988
0.3957672119
0.0395812988
0.2770385742
-0.3562011719
-0.3230743408
-0.3230743408
-0.3230743408
0.1076965332
0.3230743408
0.2153778076
-0.2153778076
0.2153778076
0.8917999268
0.0557403564
-0.1672058105
0.0000000000
-0.1672058105
-0.0557403564
0.1672058105
-0.1114807129
0.1228332520
0.0000000000
0.1228332520
0.2456817627
0.0000000000
0.0000000000
0.1228332520
-0.2456817627
0.0000000000
-0.2456817627
0.1228332520
0.1228332520
0.0000000000
0.2456817627
-0.1228332520
0.0000000000
0.0148620605
0.9806060791
0.0594329834
0.0000000000
-0.0297088623
0.1337127686
0.0891418457
0.0297088623
-0.2403106689
-0.1201629639
0.3003997803
-0.5407104492
-0.4205474854
-0.1201629639
0.0600738525
0.4806365967
0.0000000000
0.0445709229
-0.0445709229
0.1336975098
-0.5793304443
-0.5793304443
-0.4902038574
0.0445709229
-0.4371795654
0.2732391357
0.1092987061
0.0000000000
-0.2732391357
-0.3278961182
0.6557769775
0.1092987061
0.2207489014
0.6622314453
0.1471710205
-0.1471710205
-0.4414978027
0.2943267822
0.0000000000
0.0735778809
0.3334350586
0.2222900391
-0.2222900391
-0.3334350586
-0.2222900391
0.2222900391
0.0000000000
0.3334350586
0.0532379150
-0.4259185791
0.4259185791
-0.0532379150
0.4791564941
0.0000000000
0.5323944092
0.1597137451
-0.0422363281
0.0844726562
0.7180633545
0.2534332275
0.2111968994
-0.4223937988
-0.3379211426
0.1267242432
0.2498779297
0.1249389648
-0.3748321533
0.1249389648
0.0000000000
-0.1249389648
0.1249389648
0.0000000000
-0.1629943848
0.0814971924
0.1629943848
0.0000000000
-0.2037353516
0.0203704834
-0.9371948242
-0.0814971924
-0.1749725342
0.1166534424
-0.7581939697
-0.1166534424
0.0000000000
0.4082641602
0.2916107178
0.0583190918
0.0385589600
0.8869781494
-0.1928253174
-0.0385589600
0.0000000000
0.1542510986
0.0771331787
-0.3085174561
0.3748016357
0.0000000000
0.0000000000
0.0000000000
-0.1249389648
0.0000000000
-0.1249389648
-0.2498626709
0.2540588379
-0.0846862793
-0.1693725586
-0.5928039551
0.3387451172
-0.0846862793
0.3387451172
-0.2540588379
0.3096008301
0.3869934082
-0.4644012451
0.3096008301
-0.1548004150
-0.3096008301
0.3096008301
-0.1548004150
0.3941040039
0.3065185547
0.3941040039
-0.4378814697
-0.1751556396
-0.2189483643
-0.4816741943
0.1751556396
0.1242218018
0.1242218018
-0.4969024658
0.0000000000
-0.1242218018
0.0000000000
0.1242218018
0.0000000000
-0.1903381348
0.4758453369
0.2855072021
-0.0951690674
0.0000000000
-0.3806762695
-0.1903381348
-0.3806762695
-0.0347900391
0.0000000000
0.8348999023
-0.3478698730
0.1391448975
0.1391448975
0.2435150146
-0.2087249756
0.0000000000
0.2490844727
0.2490844727
0.0000000000
0.0000000000
0.1245422363
0.3736267090
0.1245422363
-0.1085357666
-0.0271301270
0.3256072998
-0.9225616455
0.0271301270
0.0542755127
-0.0542755127
0.0000000000
0.0850830078
0.9359588623
-0.1276245117
0.0850830078
-0.0425415039
-0.1701812744
-0.0425415039
-0.0425415039
-0.1216278076
0.0000000000
0.0000000000
0.0000000000
0.2432556152
0.2432556152
0.0000000000
0.1216278076
-0.1347198486
-0.2020874023
-0.6736297607
0.0673675537
-0.0673675537
0.1347198486
-0.1347198486
0.5389099121
0.2972259521
0.5944366455
0.0990753174
0.0000000000
0.1981506348
0.3963012695
0.0000000000
0.0000000000
-0.0991363525
0.0792999268
-0.0396575928
0.9714660645
0.0198211670
-0.0198211670
0.1585998535
0.0000000000
0.0332031250
0.9795227051
-0.0332031250
0.0332031250
-0.1162109375
0.0996093750
0.0498046875
0.0498046875
0.4084320068
-0.2722930908
0.3630523682
0.0907592773
0.4538116455
0.0907592773
0.3630523682
-0.4538116455
-0.1245422363
-0.2490844727
-0.1245422363
0.0000000000
0.2490844727
0.2490844727
-0.1245422363
0.2490844727
0.7338562012
-0.0733795166
0.0000000000
-0.0733795166
-0.2935485840
0.0000000000
0.2201538086
-0.3669281006
0.0000000000
0.0000000000
0.0000000000
0.0785675049
0.0785675049
0.0000000000
0.0000000000
0.0000000000
0.1113433838
0.0000000000
0.1113433838
0.0000000000
0.0000000000
0.2226867676
0.0000000000
0.0000000000
0.0152282715
0.9750823975
0.0304718018
0.0609436035
0.0304718018
0.1675872803
0.0761718750
0.0457000732
-0.4057312012
0.0000000000
0.0000000000
0.0000000000
-0.2028656006
-0.4057312012
0.0000000000
0.5071563721
-0.2036743164
0.0000000000
0.1527557373
0.1527557373
-0.7637481689
-0.3054962158
-0.3564147949
0.1527557373
-0.3414611816
0.2048797607
-0.0682983398
0.0682983398
-0.2048797607
-0.4097595215
0.6829223633
0.0000000000
0.4136962891
0.3102722168
0.1034240723
-0.3102722168
0.1034240723
0.4136962891
-0.2068481445
0.1034240723
0.1208343506
0.0000000000
0.0000000000
-0.3625183105
-0.1208343506
0.0000000000
0.0000000000
0.4833679199
0.5057830811
-0.3161163330
0.1264495850
-0.0632171631
0.5057830811
0.1896667480
0.4425659180
0.0632171631
-0.0575408936
0.0575408936
0.5179290771
0.1150970459
0.2301940918
-0.5179290771
-0.5179290771
0.1150970459
0.0000000000
0.0000000000
0.0000000000
0.2400054932
0.2400054932
0.0000000000
0.0000000000
0.1199951172
-0.0721893311
0.0962524414
0.1925048828
0.0000000000
-0.2165527344
0.0481262207
-0.9384307861
0.0000000000
-0.3219299316
0.1287689209
-0.7082366943
-0.1287689209
-0.0643920898
0.4506988525
0.1287689209
0.0000000000
-0.1516876221
0.6826171875
-0.1516876221
-0.0758514404
-0.2275390625
0.1516876221
-0.0758514404
-0.4550781250
0.2300720215
0.1150360107
0.0000000000
0.0000000000
0.0000000000
0.0000000000
0.1150360107
-0.1150360107
0.0000000000
0.2009429932
0.1004791260
-0.4018859863
0.1004791260
0.4018859863
0.4018859863
-0.3014221191
0.4179534912
0.6965942383
0.1044921875
0.4527893066
0.1393127441
0.2438049316
-0.0696563721
0.0348358154
0.5612487793
0.1295166016
0.1726989746
-0.4317321777
-0.1295166016
-0.3453826904
-0.4748992920
0.1726989746
0.0000000000
0.1243286133
-0.3729858398
0.0000000000
0.0000000000
-0.1243286133
0.1243286133
0.1243286133
-0.4871520996
0.2087707520
0.3479614258
-0.0695953369
0.2783660889
-0.4175567627
-0.4175567627
-0.0695953369
0.0000000000
-0.0451965332
0.7683258057
-0.4067535400
0.1807861328
0.1355895996
0.2259826660
-0.2711791992
0.1064758301
0.1064758301
0.1064758301
0.0000000000
0.0000000000
0.1064758301
0.1064758301
0.0000000000
0.0000000000
0.0000000000
0.1464233398
-0.9761505127
0.0732116699
0.0243988037
0.0243988037
0.0000000000
0.0000000000
0.9266967773
0.0000000000
0.2206420898
0.0882568359
-0.1323852539
-0.0441284180
-0.0441284180
-0.2486572266
0.1243286133
-0.1243286133
0.1243286133
0.1243286133
0.1243286133
0.2486572266
0.0000000000
-0.2456665039
-0.3070831299
-0.6141815186
0.0000000000
0.0000000000
0.1842498779
-0.0614166260
0.5527648926
0.1141510010
0.4566192627
0.1141510010
-0.1141510010
0.3424682617
0.3424682617
0.0000000000
-0.1141510010
-0.0615539551
-0.0153961182
-0.0307769775
0.9849548340
0.0461730957
0.0000000000
0.1231231689
0.0000000000
0.1372528076
0.9332733154
0.0000000000
0.1098022461
-0.1921386719
0.1647033691
0.0549011230
0.0823516846
0.4069366455
-0.2712860107
0.4069366455
0.0000000000
0.5425872803
0.0000000000
0.2712860107
-0.2712860107
0.1250000000
-0.2500000000
-0.1250000000
-0.1250000000
-0.1250000000
0.2500000000
0.0000000000
0.2500000000
0.8977203369
-0.0390319824
0.0780639648
-0.0390319824
-0.2341918945
0.0390319824
0.1561279297
-0.2341918945
0.0000000000
0.1237182617
-0.1237182617
0.0000000000
-0.2474365234
0.1237182617
-0.1237182617
0.2474365234
0.3499450684
0.0583190918
-0.1166534424
-0.4665832520
-0.2916107178
-0.0583190918
0.5249023438
-0.4082641602
-0.0109252930
0.9946136475
-0.0218658447
-0.0327911377
-0.0655822754
0.0000000000
-0.0218658447
-0.0218658447
-0.0787048340
-0.0337371826
-0.2923431396
0.9219818115
-0.1349182129
0.0224914551
0.0449676514
-0.1799011230
0.6157989502
-0.2052612305
0.0000000000
-0.2052612305
-0.5644836426
-0.2565765381
0.0000000000
-0.2565765381
-0.1788482666
0.2980957031
0.1788482666
-0.1589813232
-0.0794982910
-0.8942718506
-0.0397491455
0.0397491455
0.0000000000
0.3406677246
0.2725372314
0.0000000000
-0.5450744629
-0.2044067383
0.1362762451
0.5450744629
0.1009521484
0.0000000000
-0.2019042969
-0.4037933350
-0.4037933350
0.4037933350
0.0000000000
-0.3028411865
0.9189453125
-0.0706939697
0.2827453613
-0.0706939697
-0.0706939697
-0.1590423584
0.1590423584
0.0000000000
-0.0268096924
-0.0089416504
0.9653625488
0.2502746582
0.0268096924
0.0268096924
0.0178833008
-0.0178833008
0.1029205322
0.2058258057
-0.4116668701
0.4116668701
0.1029205322
-0.4116668701
0.0000000000
0.2058258057
-0.1575012207
-0.0185241699
0.0370635986
0.1204528809
0.0648498535
0.1482391357
-0.9543151855
-0.1389770508
0.2610778809
-0.0522155762
0.6265869141
0.0000000000
0.6265869141
0.0000000000
-0.2088623047
-0.1044311523
0.0210418701
0.9887542725
-0.1051940918
0.0000000000
0.0210418701
0.0736236572
0.0210418701
0.0315551758
-0.1597137451
0.2129516602
-0.0532379150
0.0000000000
0.0532379150
0.1064758301
0.0000000000
-0.9050750732
0.2234802246
-0.4469451904
-0.2234802246
-0.2234802246
0.0000000000
-0.1117401123
0.2234802246
0.3352050781
0.2650756836
0.0378723145
0.3408050537
0.1136016846
0.3786773682
0.1893310547
-0.7573394775
0.0000000000
0.2845611572
0.0711364746
0.6402740479
-0.3912811279
-0.3557128906
0.4268493652
0.0000000000
-0.0355682373
0.0000000000
0.0000000000
-0.6013031006
-0.1202545166
-0.1202545166
0.1202545166
0.0000000000
0.0000000000
0.8220825195
-0.0342559814
-0.0685119629
-0.2397766113
0.3425292969
0.2740325928
0.0342559814
-0.1712646484
-0.1571807861
-0.0523986816
0.6025238037
-0.1571807861
-0.2619628906
0.5239257812
0.4191436768
0.2095794678
0.0000000000
-0.2357025146
-0.1178436279
0.1178436279
0.0000000000
-0.1178436279
0.0000000000
-0.1178436279
-0.0112457275
0.0562591553
0.0337524414
-0.9900817871
-0.1012573242
0.0225067139
0.0225067139
0.0000000000
0.0300140381
0.9907073975
0.0150146484
0.0450286865
-0.0450286865
-0.0150146484
0.0150146484
-0.0750579834
-0.4784851074
0.6379699707
0.2126617432
0.3189849854
0.1595001221
-0.2658233643
0.0531616211
0.1595001221
-0.0869140625
0.1303710938
0.9125976562
-0.1303710938
0.0434570312
0.1738281250
-0.0434570312
0.1738281250
0.2165069580
0.2165069580
-0.2165069580
-0.5412597656
-0.1082458496
0.1082458496
0.0000000000
-0.3247528076
0.0475769043
0.1268768311
0.0317230225
0.9673919678
-0.1268768311
-0.0158538818
-0.1427307129
0.0000000000
-0.2104187012
0.9413604736
-0.0332183838
0.0775299072
-0.1772003174
-0.0553741455
0.0000000000
0.1550445557
0.1739959717
-0.4349822998
0.5654754639
-0.0652465820
0.4349822998
0.3697357178
0.2609863281
-0.2174835205
-0.1539001465
0.8464202881
-0.1539001465
-0.0769500732
0.1539001465
0.0000000000
0.0000000000
0.0769500732
0.9705963135
-0.1235351562
0.0882415771
0.1235351562
-0.0352935791
-0.0176544189
0.0176544189
-0.0882415771
-0.1237182617
0.1237182617
0.1237182617
0.0000000000
-0.2474365234
0.1237182617
-0.2474365234
0.0000000000
0.1705627441
0.0852813721
-0.0852813721
-0.3411407471
-0.3411407471
-0.1705627441
0.4264221191
-0.5117034912
0.0120697021
0.9890899658
-0.0120697021
-0.0603179932
-0.1085662842
0.0241241455
0.0120697021
-0.0241241455
-0.0707855225
-0.0424804688
-0.2548370361
0.9060821533
-0.2548370361
-0.0991058350
0.0991058350
-0.1274261475
0.5626220703
-0.0562591553
0.2813110352
-0.1687927246
-0.6188964844
0.0562591553
-0.0562591553
-0.2813110352
-0.2378082275
0.3567199707
0.2140350342
-0.0951232910
-0.1902465820
-0.8323516846
0.1189117432
0.0000000000
0.0000000000
0.3242645264
0.2431945801
0.0000000000
-0.4863891602
-0.3242645264
0.3242645264
0.4053344727
0.2234802246
-0.1117401123
-0.4469451904
-0.3352050781
0.3352050781
0.1117401123
-0.1117401123
0.1117401123
0.8167114258
-0.1786499023
0.3573150635
-0.1020965576
-0.0510406494
-0.1531372070
0.3317871094
0.0765686035
0.0266113281
0.0000000000
0.9668731689
0.2395019531
0.0000000000
0.0266113281
0.0000000000
-0.0620880127
0.3028411865
0.3028411865
-0.3028411865
0.5047454834
-0.1009521484
-0.2019042969
0.2019042969
0.1009521484
-0.1430206299
0.0204315186
0.0408630371
0.0612945557
0.0306396484
0.1123657227
-0.9704437256
-0.1225891113
0.0838165283
0.1676177979
0.6704711914
-0.1676177979
0.3352355957
0.0838165283
-0.2514190674
0.2514343262
0.0480804443
0.9856567383
-0.1081848145
0.0120239258
-0.0120239258
0.0841369629
-0.0120239258
-0.0480804443
-0.4375762939
0.2187805176
0.0000000000
0.0000000000
0.1093902588
0.0000000000
0.0000000000
-0.5469665527
0.1508331299
-0.0754241943
-0.1508331299
-0.3016815186
0.1508331299
-0.3016815186
-0.3016815186
0.6787872314
-0.3096008301
-0.3869934082
-0.2321929932
0.0000000000
0.0000000000
-0.3869934082
-0.5417938232
-0.2321929932
0.4129333496
0.0412902832
0.5368194580
-0.3303527832
-0.2064666748
0.5368194580
0.2064666748
0.0412902832
0.0000000000
0.2038421631
-0.7134399414
-0.1019134521
-0.2038421631
0.0000000000
0.1019134521
-0.1019134521
0.8541564941
0.1627044678
0.0000000000
-0.2847137451
0.2033691406
0.1627044678
0.0000000000
-0.2033691406
-0.0808715820
0.0269622803
0.6739044189
-0.2695617676
-0.0539093018
0.5391235352
0.3504333496
0.1617431641
0.0000000000
-0.2498626709
-0.2498626709
0.1249389648
0.0000000000
-0.2498626709
-0.1249389648
-0.1249389648
0.0122070312
0.0488586426
0.0610656738
-0.9892730713
-0.0732727051
0.0488586426
0.0488586426
-0.0122070312
-0.0354919434
0.9760742188
-0.0354919434
-0.0354919434
-0.0709838867
-0.0887298584
0.0709838867
-0.1242218018
-0.4895019531
0.6293640137
0.2797088623
0.2797088623
0.0000000000
-0.1398620605
-0.1398620605
0.0699310303
-0.3575286865
-0.1430053711
0.5005340576
-0.2145080566
0.2145080566
0.0715026855
-0.0715026855
0.5720367432
-0.2456817627
0.1228332520
-0.1228332520
0.0000000000
0.1228332520
0.0000000000
0.2456817627
0.0000000000
0.0314178467
0.0785217285
0.0000000000
0.9737548828
-0.1570587158
-0.0942382812
-0.0314178467
0.0471191406
-0.1472167969
0.9626159668
-0.0792694092
0.0453033447
-0.1472167969
-0.0679473877
0.0113220215
0.1132507324
0.1177825928
-0.3533477783
0.7773590088
-0.0235595703
0.3768920898
0.2355651855
0.1177825928
-0.1648864746
-0.1681976318
0.5045928955
-0.2522888184
-0.0840911865
0.0840911865
0.1681976318
-0.3363952637
0.5045928955
0.9825897217
-0.0350952148
0.0526428223
0.1228179932
0.0175476074
0.0350952148
-0.0350952148
-0.0526428223
-0.1245422363
0.0000000000
0.2490844727
0.0000000000
-0.1245422363
0.2490844727
-0.3736267090
0.0000000000
0.1234283447
0.0000000000
-0.1234283447
-0.1234283447
-0.1234283447
-0.3703002930
0.0000000000
-0.3703002930
0.0366973877
0.9726715088
0.0183563232
-0.0366973877
-0.1651763916
0.0550537109
0.0917663574
-0.0366973877
-0.1049652100
-0.0629730225
-0.1469573975
0.7977294922
-0.3988647461
-0.2519073486
0.2729034424
-0.1259613037
0.4808044434
-0.0320587158
0.0641021729
-0.2564392090
-0.6090240479
0.4487609863
0.0961608887
-0.2884826660
-0.4766845703
0.3900146484
0.2600097656
0.0000000000
-0.3900146484
-0.4333496094
0.3900146484
0.0000000000
0.2522888184
0.5045928955
0.1681976318
0.0000000000
-0.4204864502
0.0840911865
0.3363952637
0.3363952637
0.1911621094
0.0000000000
-0.3823242188
-0.1911621094
0.5734863281
0.1911621094
0.0955810547
0.2867431641
0.8529052734
-0.2624359131
0.2624359131
-0.0656127930
-0.0656127930
-0.0656127930
0.2952423096
0.0000000000
0.0695800781
-0.0099334717
0.9641418457
0.2286071777
-0.0099334717
0.0596313477
-0.0099334717
-0.0795135498
0.4541778564
0.1135406494
-0.3406372070
0.1135406494
-0.3406372070
-0.1135406494
0.1135406494
-0.1135406494
-0.1677856445
0.0903472900
0.0903472900
0.0903472900
0.0387268066
0.1419677734
-0.9421844482
-0.1806945801
-0.2258758545
0.0000000000
0.3388214111
0.1129455566
0.3388214111
-0.2258758545
-0.2258758545
0.3388214111
0.0857543945
0.9775238037
-0.1029052734
-0.0343017578
0.0171508789
0.0686035156
0.0171508789
-0.1029052734
-0.2498626709
0.0000000000
0.0000000000
0.0000000000
0.1249389648
0.0000000000
0.1249389648
0.3748016357
0.2486114502
0.0000000000
-0.2071685791
-0.3729095459
0.3314819336
-0.4972229004
-0.4143524170
0.4143524170
-0.4299163818
-0.3070831299
-0.4913330078
-0.1228332520
-0.3684997559
-0.4299163818
0.1228332520
-0.0614166260
0.5646820068
-0.0470581055
0.2823333740
-0.1882324219
-0.0470581055
0.5176239014
0.4705657959
0.0000000000
0.0862121582
0.1724090576
-0.7758636475
0.0000000000
-0.2586212158
-0.0862121582
0.1724090576
0.0000000000
0.7721710205
0.2844848633
-0.1625671387
-0.3657684326
-0.1219177246
0.2032012939
-0.1625671387
-0.1625671387
0.0376739502
0.1130371094
0.5651855469
-0.3767852783
0.0376739502
0.6028594971
0.3014373779
0.1507110596
0.1237182617
-0.1237182617
-0.2474365234
-0.1237182617
0.0000000000
0.0000000000
-0.2474365234
-0.1237182617
0.0000000000
0.0000000000
0.1403961182
-0.9827423096
-0.0175476074
0.0526428223
0.0350952148
-0.0175476074
-0.0242767334
0.9469604492
-0.0971221924
-0.0728454590
-0.0971221924
-0.1456909180
0.0971221924
-0.1699676514
-0.4717712402
0.5661315918
0.1887054443
0.0943603516
0.0000000000
-0.0943603516
-0.2830657959
0.0943603516
-0.3729400635
-0.2237548828
-0.0745849609
-0.1491699219
0.2237548828
-0.2983398438
0.0745849609
0.6712799072
-0.1199951172
0.1199951172
-0.1199951172
0.0000000000
-0.1199951172
0.0000000000
0.2400054932
0.1199951172
0.0192108154
0.1152343750
-0.0768280029
0.9410705566
-0.2112579346
-0.1536407471
0.0384063721
0.1152343750
-0.0821533203
0.9858398438
-0.0938873291
0.0000000000
-0.0586853027
-0.0586853027
0.0000000000
0.0352020264
0.0436553955
-0.2619171143
0.9167022705
-0.0436553955
0.2400970459
0.0218200684
0.0436553955
-0.1091308594
-0.2315216064
-0.3086853027
-0.2315216064
-0.0771789551
0.0771789551
0.2315216064
-0.3858642578
0.6173706055
0.9764709473
0.0500793457
0.0000000000
0.1251831055
0.0500793457
0.0500793457
-0.0500793457
-0.0250396729
0.1199951172
0.0000000000
0.2400054932
0.1199951172
0.0000000000
0.1199951172
-0.1199951172
-0.1199951172
-0.1242218018
0.0000000000
-0.1242218018
0.2484588623
0.2484588623
-0.1242218018
-0.3726806641
0.0000000000
0.0000000000
0.9732208252
0.0226287842
0.0000000000
-0.1584320068
0.0226287842
0.0905303955
-0.0452728271
-0.1116180420
0.0000000000
-0.0837097168
0.7813415527
-0.3627624512
-0.3348541260
0.2511444092
-0.1953277588
0.5301971436
-0.0279083252
-0.0558166504
-0.2232360840
-0.6697235107
0.3069610596
0.0558166504
-0.3069610596
-0.4622650146
0.1981201172
0.1981201172
0.0000000000
-0.4622650146
0.2641448975
0.5283050537
0.0000000000
0.3087463379
0.5145721436
-0.1029205322
-0.1029205322
0.1029205322
0.4116668701
0.2058258057
0.1029205322
0.1981506348
0.0000000000
-0.3963012695
-0.0990753174
0.4953613281
0.1981506348
0.0000000000
0.3963012695
0.9131317139
-0.1690979004
0.2029113770
-0.0338134766
0.0000000000
0.0338134766
0.2367401123
-0.0338134766
0.0146636963
0.0146636963
0.9676513672
0.2052612305
-0.0586395264
0.0439910889
0.0733032227
-0.0586395264
0.4714050293
0.0000000000
-0.3535461426
0.1178436279
-0.2357025146
0.0000000000
-0.1178436279
0.1178436279
-0.2197418213
0.1690216064
0.1014099121
0.1014099121
0.0169067383
0.1859283447
-0.8958587646
-0.2366333008
-0.1219482422
-0.2438964844
-0.1219482422
0.2438964844
0.2438964844
-0.1219482422
-0.3658599854
-0.1219482422
0.0247650146
0.9659423828
-0.0247650146
-0.1486053467
-0.0247650146
0.0495300293
0.0743103027
-0.1238403320
0.0000000000
-0.1243286133
0.1243286133
0.0000000000
0.0000000000
0.1243286133
-0.1243286133
0.3729858398
0.2401123047
0.0000000000
-0.2881317139
-0.4321899414
0.3841705322
-0.5282440186
-0.3361511230
0.2401123047
-0.3564147949
-0.2545776367
-0.4582519531
-0.2036743164
-0.4073333740
-0.4582519531
0.3054962158
-0.0509185791
0.3630523682
0.0000000000
0.3111877441
-0.1037292480
0.1037292480
0.5705108643
0.5705108643
-0.1037292480
0.1219482422
0.1219482422
-0.4878082275
0.0000000000
-0.2438964844
-0.1219482422
0.1219482422
0.1219482422
0.7366943359
0.2600097656
-0.2600097656
-0.3033447266
-0.3466796875
0.1300048828
-0.1733398438
-0.0433349609
0.1186676025
0.1186676025
0.4153594971
-0.4747009277
0.1186676025
0.5340270996
0.3560180664
0.1780090332
0.1150360107
-0.1150360107
-0.1150360107
-0.1150360107
0.1150360107
0.1150360107
-0.1150360107
0.0000000000
-0.0566558838
0.0283203125
0.2832794189
-0.9347991943
0.0000000000
0.1133117676
0.0566558838
0.0000000000
-0.0307006836
0.9515991211
-0.0920867920
-0.0920867920
-0.0613861084
-0.1534881592
0.0613861084
-0.1227874756
-0.4714050293
0.3535461426
-0.1178436279
0.0000000000
0.0000000000
0.1178436279
-0.2357025146
0.1178436279
-0.3448333740
-0.2586212158
-0.3448333740
0.0862121582
0.1724090576
-0.4310302734
0.1724090576
0.4310302734
-0.1178436279
0.0000000000
0.1178436279
0.0000000000
-0.4714050293
0.3535461426
0.2357025146
-0.1178436279
-0.0218658447
0.1311798096
-0.0874481201
0.9400939941
-0.1530456543
-0.1311798096
0.0655822754
0.1748962402
-0.0244445801
0.9899444580
-0.0855560303
-0.0488891602
-0.0488891602
-0.0488891602
0.0000000000
0.0122222900
0.1424407959
-0.2848968506
0.9021759033
-0.0474853516
0.1899261475
0.1187133789
0.0000000000
-0.1187133789
-0.2313385010
-0.4626770020
-0.3470153809
0.0000000000
0.0578308105
0.0000000000
-0.4048461914
0.5783538818
0.8584899902
0.1981201172
-0.1320800781
-0.1320800781
-0.0660400391
-0.0660400391
0.1320800781
-0.1320800781
0.1199951172
0.0000000000
0.1199951172
0.2400054932
0.1199951172
0.0000000000
0.1199951172
-0.1199951172
-0.1216278076
0.0000000000
0.1216278076
0.2432556152
0.1216278076
0.1216278076
-0.1216278076
0.1216278076
-0.0257873535
0.9797973633
0.0257873535
0.0000000000
-0.1031341553
0.0257873535
0.0773468018
0.0000000000
-0.0979766846
0.0000000000
0.0000000000
0.8328247070
-0.1959533691
-0.3429260254
0.0489959717
-0.2449493408
0.4530029297
0.0000000000
0.0503387451
-0.2516632080
-0.7046813965
0.1510009766
0.0503387451
-0.3523406982
-0.4014587402
0.1605834961
0.2408752441
-0.1605834961
-0.1605834961
0.4014587402
0.5620422363
-0.0802917480
0.1141510010
0.3424682617
0.0000000000
-0.3424682617
0.3424682617
0.3424682617
0.1141510010
0.0000000000
0.0000000000
-0.1242218018
-0.2484588623
-0.1242218018
0.0000000000
0.2484588623
-0.1242218018
0.3726806641
0.8460998535
-0.1493072510
0.2488555908
-0.0497741699
0.0497741699
0.1493072510
0.2986297607
0.0497741699
-0.0971069336
0.1294860840
0.9387664795
0.1618499756
-0.0971069336
-0.0971069336
0.0647430420
-0.0971069336
0.3658599854
0.1219482422
-0.3658599854
0.2438964844
-0.1219482422
0.0000000000
0.0000000000
0.1219482422
-0.2659454346
0.1772918701
0.1181945801
0.0886535645
0.0000000000
0.2068481445
-0.8569488525
-0.2659454346
0.0000000000
-0.2393341064
-0.3590087891
0.1196746826
0.1196746826
0.2393341064
-0.3590087891
-0.1196746826
-0.0968322754
0.8230285645
0.1936492920
-0.2904815674
-0.2420654297
0.1936492920
0.0968322754
-0.0968322754
0.0911560059
0.0000000000
0.0911560059
0.0000000000
0.0000000000
0.0000000000
0.0000000000
0.0911560059
0.2281951904
0.0000000000
-0.3042602539
-0.3803100586
0.4563751221
-0.4563751221
-0.3042602539
0.0760650635
-0.1448516846
0.0000000000
-0.5794219971
-0.1448516846
-0.2897033691
-0.5069885254
0.2897033691
-0.1448516846
0.4258117676
0.0709686279
0.4967803955
-0.2838745117
0.0709686279
0.4258117676
0.3548431396
-0.0709686279
0.0000000000
0.1178436279
-0.2357025146
0.0000000000
-0.1178436279
0.1178436279
0.0000000000
0.1178436279
0.6845703125
0.1521301270
-0.3803100586
-0.1521301270
-0.3042602539
0.0760650635
-0.1521301270
0.1521301270
-0.0758514404
0.0758514404
0.4550781250
-0.4550781250
0.1516876221
0.4550781250
0.3792419434
0.0758514404
0.1064758301
0.1064758301
0.0000000000
-0.1064758301
0.1064758301
0.1064758301
0.0000000000
0.0000000000
-0.1535491943
0.1023712158
0.4094543457
-0.8189239502
0.0000000000
0.2047271729
0.0000000000
0.0000000000
0.0000000000
0.9510498047
-0.1358642578
0.0000000000
0.0000000000
-0.0905761719
0.0000000000
-0.0452880859
-0.3715667725
0.2477111816
-0.1238555908
0.0000000000
0.1238555908
0.2477111816
-0.1238555908
0.1238555908
-0.2123718262
-0.2123718262
-0.7787017822
0.0707855225
0.0707855225
0.0000000000
0.0000000000
0.3539581299
-0.1219482422
0.1219482422
0.0000000000
0.0000000000
-0.3658599854
0.3658599854
0.1219482422
-0.2438964844
0.0266876221
0.0800628662
0.0000000000
0.9607086182
-0.0800628662
-0.0533752441
0.0533752441
0.1867980957
0.0164794922
0.9885253906
-0.0659027100
-0.0164794922
-0.0823822021
-0.0164794922
0.0329437256
0.0329437256
0.2654571533
-0.3792114258
0.7584381104
-0.0758361816
0.3412933350
0.1137695312
0.0758361816
-0.1516876221
-0.1782989502
-0.2674560547
-0.3566131592
0.0000000000
0.0000000000
0.0891571045
-0.4457702637
0.5349121094
0.6289367676
0.2695465088
0.0000000000
-0.1796875000
-0.2695465088
0.0000000000
0.2695465088
-0.2695465088
0.0000000000
0.0000000000
0.1064758301
0.1064758301
0.1064758301
0.0000000000
0.1064758301
-0.1064758301
0.0000000000
0.0000000000
0.0785675049
0.0000000000
0.0785675049
0.0000000000
0.0000000000
0.0000000000
-0.0295562744
0.9751434326
0.0000000000
0.0590972900
0.0000000000
0.0886535645
0.0886535645
0.0295562744
-0.1566619873
0.0000000000
0.0000000000
0.7832946777
-0.0783233643
-0.3133239746
-0.1566619873
-0.1566619873
0.1811065674
0.0000000000
0.2716674805
-0.0905609131
-0.7244567871
0.0905609131
0.1811065674
-0.1811065674
-0.2749481201
0.1833038330
0.1833038330
-0.0916442871
-0.1833038330
0.2749481201
0.6415557861
-0.1833038330
0.2068481445
0.3102722168
0.3102722168
-0.4136962891
0.1034240723
0.4136962891
-0.1034240723
0.1034240723
-0.1243286133
-0.1243286133
0.0000000000
-0.1243286133
0.0000000000
0.0000000000
-0.1243286133
0.3729858398
0.7673645020
-0.0697631836
0.1395263672
0.0000000000
0.0000000000
0.4185638428
0.2092742920
0.0697631836
-0.1266937256
0.1900482178
0.7601928711
0.0633544922
-0.1266937256
-0.4434356689
-0.1266937256
0.0633544922
0.1178436279
0.1178436279
0.0000000000
0.2357025146
0.1178436279
0.0000000000
0.0000000000
0.1178436279
-0.1722106934
0.0861053467
0.1291656494
0.0861053467
-0.0861053467
0.2152709961
-0.9041137695
-0.0861053467
-0.1034240723
-0.2068481445
-0.5171051025
0.0000000000
-0.1034240723
0.4136962891
-0.3102722168
-0.1034240723
-0.3352355957
0.5028533936
0.1676177979
-0.3352355957
-0.4190368652
0.2514343262
-0.0838012695
0.0838165283
0.1000061035
0.1000061035
0.0000000000
-0.1000061035
0.0000000000
0.0000000000
0.1000061035
0.0000000000
0.1237182617
0.0000000000
-0.1237182617
-0.2474365234
0.2474365234
-0.1237182617
-0.1237182617
0.0000000000
0.3000030518
0.6750030518
-0.1499938965
0.4499969482
0.0749969482
-0.0749969482
-0.1499938965
-0.0749969482
0.6056518555
0.0000000000
0.3460845947
-0.4326019287
0.1730346680
-0.0865173340
-0.1730346680
0.0000000000
0.0000000000
0.0911560059
-0.0911560059
0.0000000000
0.0000000000
0.0000000000
0.0000000000
0.0911560059
0.3443145752
0.1147766113
-0.3443145752
-0.2295379639
0.1147766113
0.0000000000
-0.2295379639
0.3443145752
-0.2576904297
0.0858917236
0.4294891357
-0.5153808594
0.0858917236
0.1717987061
0.3435821533
-0.2576904297
0.0911560059
0.0000000000
0.0000000000
0.0000000000
0.0000000000
0.0911560059
0.0911560059
0.0000000000
-0.1998443604
0.1332397461
0.3330841064
-0.7994079590
0.0000000000
0.1998596191
0.0000000000
0.0666198730
0.0767211914
0.8439483643
-0.1534423828
0.0767211914
0.1534423828
0.0000000000
-0.1534423828
0.0767211914
-0.2300720215
0.1150360107
0.0000000000
0.0000000000
0.0000000000
0.1150360107
0.1150360107
0.0000000000
-0.1160583496
-0.1740875244
-0.8124084473
0.0580291748
0.0000000000
0.1160583496
-0.0580291748
0.4062042236
-0.1238555908
0.0000000000
0.1238555908
-0.1238555908
-0.2477111816
0.2477111816
-0.1238555908
-0.3715667725
-0.0478820801
0.0000000000
0.0239410400
0.9817352295
0.0000000000
0.0239410400
0.0718383789
0.0957794189
0.0544433594
0.9528656006
0.0000000000
0.0816802979
-0.1905670166
-0.0272216797
0.1361236572
0.0544433594
0.3430480957
-0.4802703857
0.3430480957
-0.1372222900
0.5488891602
-0.1372222900
0.1372222900
0.1372222900
0.0000000000
0.2495727539
-0.2495727539
-0.1247863770
0.0000000000
0.1247863770
-0.2495727539
0.2495727539
0.8186492920
0.1889190674
0.1889190674
0.0629730225
-0.1889190674
0.1889190674
0.1889190674
-0.1259460449
0.0000000000
0.0000000000
-0.1216278076
-0.2432556152
0.0000000000
0.0000000000
-0.1216278076
0.2432556152
0.2028808594
0.0507202148
-0.1521606445
-0.3043212891
-0.3550415039
-0.0507202148
0.6086425781
-0.5072021484
0.0000000000
0.9777374268
0.0814819336
-0.0407409668
0.0407409668
0.0000000000
0.0203704834
-0.1425933838
-0.0513763428
-0.0428161621
-0.3254089355
0.8649291992
-0.0856323242
0.0770721436
0.0513763428
-0.3511047363
0.6937561035
-0.1651763916
-0.0660705566
-0.1982116699
-0.3633880615
0.3303527832
0.3633880615
-0.1982116699
-0.3410491943
0.1240234375
0.2790374756
-0.2170410156
0.2480316162
-0.4650726318
-0.4340667725
0.4960784912
0.0000000000
0.5186462402
0.5186462402
-0.0518646240
-0.4149169922
0.1555938721
0.0518646240
0.4149169922
0.2052459717
0.0820922852
-0.3694458008
-0.0410461426
-0.1641998291
0.2052459717
0.1231536865
-0.8209838867
0.9787445068
-0.0567321777
0.0283660889
0.0000000000
-0.0283660889
-0.0567321777
-0.0567321777
-0.1560363770
-0.0456695557
-0.0380554199
0.9666748047
0.2359619141
0.0304412842
-0.0456695557
0.0380554199
0.0000000000
-0.1060485840
0.4241790771
-0.2120971680
0.1060485840
0.2120971680
-0.5302276611
0.0000000000
0.1060485840
-0.1809539795
-0.0542907715
0.0090484619
0.1809539795
0.1809539795
0.2171478271
-0.9138488770
-0.1176300049
0.3153839111
0.0000000000
0.6658172607
0.0000000000
0.5957336426
-0.0350494385
-0.1752166748
-0.1752166748
0.0087432861
0.9790344238
-0.0349578857
0.0000000000
0.0699310303
0.1136322021
0.0524444580
0.1311187744
0.0000000000
0.1286773682
-0.1286773682
0.0000000000
0.0857849121
0.0857849121
-0.0428924561
-0.9436798096
0.2381439209
-0.1190643311
-0.4762878418
-0.3572082520
0.0000000000
0.0000000000
0.0000000000
0.0000000000
0.0830078125
-0.3735504150
-0.0830078125
-0.0415039062
0.1245117188
0.0000000000
-0.8301239014
-0.2905426025
0.2279968262
0.0854949951
0.4844818115
-0.4274902344
-0.4274902344
0.5414886475
0.1425018311
0.0285034180
0.0000000000
0.0000000000
-0.8023834229
-0.1782989502
-0.1782989502
0.0891571045
-0.0891571045
0.0000000000
0.8622436523
-0.2371215820
-0.1724548340
-0.1508941650
0.1940002441
0.2586669922
0.1077728271
-0.1293334961
-0.1217651367
-0.1217651367
0.4870300293
-0.1217651367
-0.2739562988
0.5479125977
0.3957214355
0.3957214355
0.0000000000
-0.2500000000
0.2500000000
0.0000000000
-0.2500000000
-0.2500000000
0.0000000000
0.0000000000
0.0222473145
0.0444946289
0.0000000000
-0.9901123047
-0.0890045166
0.0333709717
0.0556182861
-0.0333709717
0.0824737549
0.9779510498
0.0117797852
0.0706939697
0.0589141846
-0.0117797852
0.0117797852
-0.1531677246
-0.3839721680
0.5612030029
0.2953643799
0.3839721680
0.3544464111
-0.3249053955
0.1476898193
0.1476898193
0.0540771484
0.2433166504
0.9462280273
-0.0811004639
-0.0540771484
0.0811004639
0.0540771484
0.0000000000
0.2390289307
0.0000000000
0.0000000000
-0.6573333740
0.0000000000
0.0597534180
-0.1792755127
-0.5975799561
0.1077728271
0.1539611816
0.1231689453
0.8775329590
-0.3079071045
-0.1231689453
-0.2309265137
0.0923767090
-0.2824401855
0.9233703613
0.0108642578
0.0760345459
-0.1629486084
-0.0325927734
-0.0108642578
0.1738128662
0.0963897705
0.0000000000
0.7132415771
-0.0385589600
0.2698822021
0.6168518066
-0.0771026611
-0.0963897705
-0.1353454590
0.4060211182
0.1353454590
0.2706756592
0.2706756592
0.6766967773
-0.2030029297
0.0000000000
0.9509582520
-0.1141204834
0.1521606445
0.1901855469
-0.0760803223
0.0634002686
-0.0507202148
-0.0760803223
0.0000000000
0.0000000000
0.0000000000
-0.2495727539
-0.2495727539
0.0000000000
-0.3743438721
0.1247863770
0.1749725342
0.1166534424
0.0000000000
-0.3499450684
-0.4082641602
-0.0583190918
0.5249023438
-0.5249023438
0.0445709229
0.9581298828
0.1114044189
-0.1559753418
-0.0222778320
0.0222778320
0.0445709229
-0.1559753418
-0.0525512695
-0.0262756348
-0.3153076172
0.8845977783
-0.0963439941
0.0350341797
0.0875854492
-0.3065490723
0.4846954346
0.0000000000
0.2982788086
-0.2982788086
-0.3355560303
0.5219726562
0.2609863281
-0.2982788086
-0.4438781738
0.3107147217
0.3107147217
-0.2219390869
0.1331634521
-0.5770416260
-0.2219390869
0.3107147217
-0.1516876221
0.3792419434
0.5309295654
0.0000000000
0.1516876221
0.0000000000
0.2275390625
0.5309295654
0.1097869873
0.2195739746
-0.4940490723
-0.1646881104
0.2195739746
0.1097869873
0.2744750977
-0.6587219238
0.9789581299
-0.0473632812
0.0947418213
0.0000000000
-0.0947418213
-0.0157928467
-0.0315856934
-0.1105194092
-0.0151977539
-0.0379943848
0.9649200439
0.2507324219
0.0000000000
-0.0151977539
0.0455932617
-0.0151977539
-0.0780944824
0.4685668945
-0.3123779297
0.3904724121
0.2342834473
-0.3904724121
0.2342834473
0.2342834473
-0.1838989258
-0.0459747314
0.0092010498
0.1287231445
0.1471099854
0.1563110352
-0.9378662109
-0.1379241943
0.4411468506
0.0551452637
0.6617126465
-0.1654357910
0.4411468506
-0.1102905273
-0.1654357910
0.0551452637
0.0267639160
0.9900054932
-0.0267639160
-0.0178375244
0.0356750488
0.0891876221
0.0356750488
0.0713500977
-0.0687713623
0.1375427246
-0.0687713623
-0.0687713623
0.0687713623
0.0687713623
0.0000000000
-0.8940277100
0.1159973145
-0.2320098877
-0.2320098877
-0.2320098877
-0.1159973145
-0.2320098877
-0.1159973145
0.4640045166
-0.3191223145
-0.4964294434
-0.4964294434
-0.1063690186
-0.1063690186
-0.2836761475
-0.2836761475
-0.4255065918
0.3560333252
0.0000000000
0.3560333252
-0.4108123779
-0.2738800049
0.5751342773
0.3834228516
0.0273895264
0.0000000000
0.1217041016
-0.9127349854
0.0000000000
-0.1217041016
-0.1217041016
0.0000000000
0.0000000000
0.9137573242
-0.0761413574
-0.1269073486
-0.2284393311
0.1522979736
0.2030639648
0.0000000000
-0.0761413574
-0.1346588135
-0.0673370361
0.4376525879
-0.3029937744
-0.0336608887
0.5723266602
0.4376525879
0.3703308105
-0.2490844727
-0.2490844727
0.0000000000
-0.1245422363
0.0000000000
-0.3736267090
-0.1245422363
0.0000000000
0.0216979980
0.0433959961
0.0108489990
-0.9870910645
-0.0650787354
0.0542297363
0.1084747314
-0.0216979980
0.0385437012
0.9763641357
-0.0128479004
0.0256958008
0.0385437012
-0.0513916016
0.0513916016
-0.1798553467
-0.4723968506
0.6073608398
0.2699432373
0.3374328613
0.3374328613
-0.2361907959
0.0674896240
0.1012268066
-0.0234680176
0.2112426758
0.9623413086
-0.0234680176
0.0234680176
0.0938873291
0.0234680176
-0.0234680176
-0.1129455566
-0.1129455566
0.0000000000
-0.4517517090
-0.1129455566
0.2258758545
-0.1129455566
-0.4517517090
0.0938262939
0.1407470703
0.0938262939
0.8913726807
-0.2814941406
-0.2032928467
-0.1407470703
0.1407470703
-0.1846618652
0.9464111328
-0.0461730957
0.0577087402
-0.1615753174
-0.0115356445
-0.0115356445
0.1846618652
0.0683898926
0.0170898438
0.8035583496
0.0170898438
0.1880645752
0.5299987793
-0.0683898926
-0.1367797852
-0.1989746094
0.4642791748
-0.1326446533
0.0000000000
0.2653045654
0.5306091309
-0.3979492188
0.2653045654
0.9500885010
-0.0487213135
0.1096191406
0.2314300537
-0.0121765137
0.1218109131
-0.0852661133
-0.0487213135
0.0000000000
-0.1249389648
0.1249389648
-0.1249389648
-0.2498779297
0.1249389648
-0.3748321533
0.0000000000
0.1937103271
0.0968475342
-0.0968475342
-0.1937103271
-0.3874053955
0.0000000000
0.2905578613
-0.5811157227
0.1813049316
0.8460693359
0.2115173340
-0.2417297363
-0.0604400635
0.0906524658
0.1813049316
-0.2719421387
-0.0610351562
0.0101776123
-0.2949981689
0.8849945068
-0.1220703125
-0.0203399658
0.1424102783
-0.2949981689
0.3070678711
0.0558319092
0.2791595459
-0.3628997803
-0.1674957275
0.6699829102
0.1954040527
-0.3908233643
-0.6501617432
0.3612060547
0.3612060547
-0.1444854736
-0.1444854736
0.2167205811
0.2167205811
-0.0722351074
-0.0846862793
0.3387451172
0.3387451172
-0.0846862793
0.2540588379
0.1693725586
0.2540588379
0.5928039551
0.0000000000
0.2231445312
-0.5950622559
-0.1487579346
0.5206756592
-0.0743865967
0.1487579346
-0.2975311279
0.9753723145
0.0000000000
0.0650177002
0.0325164795
-0.1300506592
0.0650177002
-0.0975341797
-0.0650177002
0.0240478516
-0.0400848389
0.9699249268
0.2324676514
0.0080108643
0.0080108643
0.0240478516
-0.0160369873
-0.0894927979
0.5369873047
-0.3579864502
0.1790008545
0.0894927979
-0.3579864502
0.3579864502
0.0000000000
-0.1611938477
-0.0107421875
0.0429840088
0.1074523926
0.1182098389
0.1504364014
-0.9456329346
-0.1611938477
0.1928405762
0.0000000000
0.4821166992
0.0000000000
0.2892761230
-0.2892761230
-0.3856964111
0.2892761230
0.0707855225
0.9910430908
-0.0354003906
-0.0354003906
0.0117950439
0.0707855225
0.0117950439
0.0235900879
-0.2474365234
0.1237182617
0.0000000000
0.0000000000
0.1237182617
-0.1237182617
0.2474365234
-0.1237182617
0.1566619873
0.0000000000
-0.1566619873
-0.3133239746
0.1566619873
-0.4699859619
-0.3133239746
0.5483093262
-0.4228363037
-0.3926391602
-0.5134429932
-0.1208038330
-0.2718200684
-0.3624267578
0.0000000000
-0.3926391602
0.5131988525
-0.1026458740
0.2052764893
-0.3763427734
-0.1026458740
0.4789886475
0.5131988525
0.0342102051
0.0555725098
0.1111297607
-0.8890533447
0.1111297607
-0.1111297607
-0.1667022705
0.1667022705
0.1111297607
0.8793029785
0.1014556885
-0.1014556885
-0.2705535889
-0.1014556885
0.1690979004
-0.2367401123
0.0338134766
-0.1213226318
-0.0404357910
0.3235321045
-0.3639678955
0.0808868408
0.6470642090
0.4044036865
0.3235321045
-0.2416839600
-0.2416839600
-0.2416839600
-0.1208343506
0.0000000000
-0.3625183105
-0.2416839600
-0.1208343506
0.0126953125
0.0000000000
0.0253906250
-0.9905242920
0.0000000000
0.0507965088
0.1015930176
0.0000000000
0.0511779785
0.9553375244
-0.0511779785
0.0511779785
0.0341186523
-0.0682373047
0.0852966309
-0.2388305664
-0.5550842285
0.5977783203
0.2561950684
0.2561950684
0.2988891602
-0.2134857178
0.0426940918
0.0854034424
-0.0892791748
0.1487884521
0.9522705078
-0.0297546387
0.0595092773
0.0892791748
0.0000000000
0.1487884521
-0.1238555908
-0.2477111816
0.0000000000
-0.1238555908
-0.3715667725
0.2477111816
0.1238555908
-0.1238555908
0.0703125000
0.1406250000
-0.0351562500
0.8789367676
-0.2636871338
-0.2636871338
-0.1230468750
0.1933746338
-0.0669403076
0.9774169922
-0.0803375244
0.0133819580
-0.1071166992
-0.0133819580
-0.0401611328
0.1204986572
0.0726776123
0.0363464355
0.8903045654
0.0363464355
0.1635284424
0.3452148438
-0.0545043945
-0.1998596191
-0.2002868652
-0.2002868652
-0.1335296631
-0.2670593262
0.1335296631
0.5341186523
-0.4005889893
0.4673461914
0.9441375732
0.0160064697
0.0640106201
0.2400360107
0.0319976807
0.1440277100
-0.1280212402
-0.0160064697
0.1216278076
-0.1216278076
0.2432556152
0.1216278076
-0.1216278076
0.1216278076
0.0000000000
-0.1216278076
0.0000000000
0.0000000000
0.0000000000
0.2432556152
0.0000000000
-0.1216278076
-0.1216278076
-0.2432556152
0.1542510986
0.8484191895
0.1928253174
-0.1928253174
-0.0771331787
0.0385589600
0.2313842773
-0.2699432373
-0.0780029297
0.0520019531
-0.2600097656
0.8840026855
-0.1300048828
-0.0780029297
0.1560058594
-0.2989959717
0.3433990479
0.0264129639
0.1584930420
-0.3169860840
-0.2905578613
0.6603698730
0.1849060059
-0.4226379395
-0.3199462891
0.1279754639
0.3199462891
-0.0639953613
-0.1919708252
0.7038879395
0.3199462891
-0.0639953613
0.0909118652
0.0909118652
0.0000000000
-0.2727508545
0.4545898438
0.4545898438
0.2727508545
0.3636779785
-0.1024169922
0.1024169922
-0.5120697021
-0.1024169922
0.5120697021
-0.1024169922
-0.1024169922
0.2048339844
0.9760742188
0.0000000000
0.0354919434
0.0354919434
-0.1242218018
0.1064758301
-0.0709838867
-0.0532379150
0.0246124268
-0.0122985840
0.9721221924
0.2091979980
-0.0122985840
0.0000000000
0.0738372803
0.0000000000
0.2211151123
0.3316650391
-0.3316650391
0.3316650391
0.2211151123
-0.2211151123
0.1105499268
0.2211151123
-0.1868286133
0.0800781250
0.0800781250
0.0934143066
0.0934143066
0.1467895508
-0.9341583252
-0.1868286133
-0.1153869629
-0.2307739258
-0.1153869629
0.2307739258
0.1153869629
-0.3461608887
-0.4615325928
0.0000000000
0.0527648926
0.9850311279
-0.0351867676
-0.1055450439
-0.0351867676
0.0527648926
-0.0175933838
-0.0175933838
-0.2468566895
0.0000000000
0.0000000000
0.1234283447
0.0000000000
0.0000000000
0.1234283447
0.4937286377
0.1362762451
0.2044067383
-0.2044067383
-0.3406677246
0.2044067383
-0.6132202148
-0.4088134766
0.2044067383
-0.4335021973
-0.3334655762
-0.5001983643
-0.2334289551
-0.3334655762
-0.4001617432
0.1333923340
-0.2667694092
0.4496765137
-0.0449676514
0.1798706055
-0.3147735596
0.0000000000
0.4496765137
0.6295318604
0.0000000000
0.0000000000
0.0881347656
-0.7051239014
0.0881347656
-0.1762847900
-0.1762847900
0.1762847900
0.3525543213
0.7957763672
0.1515808105
-0.1515808105
-0.2273712158
-0.3410491943
0.1136779785
-0.2652587891
0.1515808105
-0.0568084717
0.0000000000
0.1704101562
-0.4544219971
0.1704101562
0.6816406250
0.2840118408
0.2840118408
0.0000000000
-0.2486572266
-0.2486572266
-0.1243286133
0.0000000000
0.0000000000
-0.2486572266
0.0000000000
0.0000000000
-0.0385894775
0.0385894775
-0.9842224121
0.0578918457
0.0964965820
0.0578918457
-0.0193023682
0.0231475830
0.9719848633
-0.0462799072
0.0462799072
0.0000000000
-0.0462799072
0.0694274902
-0.1620025635
-0.6299133301
0.5726470947
0.0572662354
0.1717987061
0.3435974121
-0.1145324707
0.0000000000
0.0572662354
-0.1740875244
0.0000000000
0.8704376221
-0.0580291748
0.1160583496
0.0000000000
0.0000000000
0.2901458740
-0.1009521484
-0.2019042969
0.0000000000
-0.2019042969
-0.6056976318
0.2019042969
0.3028411865
-0.2019042969
0.0596008301
0.1390838623
-0.1192169189
0.8941040039
-0.1788177490
-0.2185516357
-0.1192169189
0.2384338379
0.0298767090
0.9857330322
-0.1045532227
-0.0447998047
-0.0597381592
-0.0447998047
-0.0298767090
0.0298767090
0.1373901367
0.0000000000
0.8701477051
0.0457916260
0.1602935791
0.2976837158
-0.0457916260
-0.2976837158
-0.1672058105
-0.6131134033
-0.2786865234
-0.0557403564
0.0000000000
0.2229461670
-0.3344268799
0.5016326904
0.9491577148
0.1095123291
0.0364990234
0.1095123291
-0.0364990234
0.0730133057
-0.1095123291
-0.1095123291
0.0000000000
0.0000000000
0.2456817627
0.2456817627
0.1228332520
-0.1228332520
0.0000000000
-0.1228332520
-0.2490844727
-0.1245422363
0.0000000000
0.3736267090
0.1245422363
0.0000000000
-0.2490844727
0.0000000000
0.0333709717
0.9675903320
0.0333709717
0.0000000000
-0.0667266846
-0.0333709717
0.1000976562
-0.1000976562
-0.1054534912
0.0632781982
-0.2319946289
0.8858032227
-0.1265411377
-0.1476287842
0.0843658447
-0.2952728271
0.3848419189
0.0320739746
0.2244873047
-0.3207092285
-0.4169158936
0.5131225586
0.1603546143
-0.4489898682
-0.2540588379
0.0846862793
0.3387451172
-0.2540588379
-0.1693725586
0.5928039551
0.3387451172
-0.0846862793
0.1504211426
-0.1504211426
0.0000000000
-0.3760528564
0.5264587402
0.4512481689
0.2256317139
0.3008422852
-0.1242218018
0.0000000000
-0.2484588623
-0.1242218018
0.1242218018
0.0000000000
-0.3726806641
0.2484588623
0.9457397461
-0.0326080322
0.0326080322
0.0652160645
-0.1304473877
0.1956634521
0.0000000000
-0.0978393555
-0.0240020752
0.1439971924
0.9359893799
0.1920013428
-0.1439971924
-0.0720062256
0.1439971924
0.0240020752
0.2416839600
0.2416839600
-0.2416839600
0.3625183105
0.1208343506
-0.1208343506
0.0000000000
0.2416839600
-0.2879180908
0.1679534912
0.0959777832
0.1679534912
0.1679534912
0.2639160156
-0.8157501221
-0.2639160156
0.0000000000
-0.3197631836
-0.2131805420
0.1065826416
0.1065826416
0.0000000000
-0.6395263672
0.0000000000
-0.0311431885
0.9341888428
0.0622863770
-0.1868438721
-0.2179718018
0.0622863770
-0.0622863770
-0.0311431885
-0.1242218018
-0.1242218018
0.1242218018
0.0000000000
0.0000000000
-0.1242218018
0.0000000000
0.4969024658
0.0874786377
0.1749572754
-0.1749572754
-0.2624511719
0.3499298096
-0.5248870850
-0.4374084473
0.0874786377
-0.2891693115
-0.1735076904
-0.5205230713
-0.2891693115
-0.2891693115
-0.5205230713
0.1156768799
-0.2313385010
0.4267272949
0.0000000000
0.3048095703
-0.2438507080
0.0609588623
0.4876861572
0.5486602783
0.0000000000
0.0000000000
0.1247253418
-0.2494506836
0.0000000000
-0.2494506836
0.0000000000
0.1247253418
0.2494506836
0.7072753906
0.1088104248
-0.2720336914
-0.1632232666
-0.3264312744
0.1088104248
-0.1632232666
0.3808441162
-0.0650634766
-0.0650634766
0.3903503418
-0.5204620361
0.0000000000
0.5204620361
0.3903503418
0.0650634766
0.1150360107
-0.1150360107
-0.1150360107
-0.1150360107
0.1150360107
0.1150360107
0.0000000000
-0.1150360107
0.0000000000
0.1257171631
0.1257171631
-0.9219055176
0.1257171631
0.1676177979
0.0419006348
-0.1257171631
-0.0297241211
0.9807281494
0.0000000000
0.0000000000
0.0297241211
-0.0297241211
-0.0594329834
-0.0594329834
-0.5811157227
0.4842681885
0.0000000000
0.0000000000
0.2905578613
0.0968475342
0.0000000000
0.0000000000
-0.3607788086
-0.3607788086
-0.1202545166
-0.1202545166
0.2405242920
0.0000000000
0.0000000000
0.2405242920
-0.1014251709
-0.2028656006
0.0000000000
-0.1014251709
-0.6085968018
0.1014251709
0.3042907715
-0.3042907715
0.1215362549
0.0607757568
-0.1012878418
0.9317932129
-0.1012878418
-0.1012878418
-0.1012878418
0.2430725098
0.0656280518
0.9843902588
-0.0820312500
-0.0492248535
-0.0656280518
-0.0656280518
0.0164031982
0.0000000000
0.1902923584
-0.2664031982
0.7611694336
0.0380554199
0.3805847168
0.1902923584
0.1141815186
-0.2664031982
-0.0707855225
-0.4955444336
-0.4247436523
-0.0707855225
0.0707855225
0.1415863037
-0.3539581299
0.4955444336
0.6104125977
0.2034759521
0.1356506348
-0.3391113281
-0.2712860107
-0.1356506348
0.2034759521
-0.4069366455
0.0000000000
0.0000000000
0.1178436279
0.1178436279
0.1178436279
0.0000000000
0.1178436279
-0.2357025146
-0.0911560059
0.0000000000
0.0911560059
0.0911560059
0.0000000000
0.0000000000
0.0000000000
0.0000000000
-0.0346221924
0.9693756104
-0.0346221924
0.1038665771
-0.0346221924
-0.0346221924
0.0692443848
-0.0346221924
-0.1372833252
0.0915222168
-0.1372833252
0.8694305420
-0.0457611084
-0.1830444336
-0.1372833252
-0.2745513916
0.2621459961
0.0000000000
0.3145904541
-0.2621459961
-0.4194488525
0.4718780518
0.3145904541
-0.4194488525
-0.2664337158
0.1776275635
0.2664337158
-0.2664337158
-0.3552398682
0.1776275635
0.4440612793
-0.3552398682
0.1693725586
-0.0846862793
0.2540588379
-0.4234313965
0.4234313965
0.5081176758
0.0846862793
0.1693725586
-0.1247863770
-0.1247863770
0.1247863770
-0.1247863770
-0.2495727539
0.1247863770
-0.3743438721
0.0000000000
0.7748718262
-0.0704498291
0.0000000000
0.0704498291
-0.1408843994
0.4226531982
0.0704498291
-0.1408843994
-0.0578308105
0.3470153809
0.6940155029
0.0578308105
-0.2891693115
-0.4048461914
0.0578308105
0.1735076904
0.0000000000
0.2494506836
0.0000000000
0.2494506836
0.2494506836
0.1247253418
0.0000000000
0.1247253418
-0.3050994873
0.1525573730
0.0508575439
0.2033996582
0.2033996582
0.4068145752
-0.7119140625
-0.2033996582
0.0000000000
-0.1887054443
-0.3774108887
0.1887054443
0.0000000000
0.3774108887
-0.5661315918
-0.0943603516
-0.1682586670
0.7852020264
0.0560913086
-0.2243499756
-0.3926086426
0.1121673584
-0.1682586670
0.0560913086
0.0000000000
0.1113433838
-0.1113433838
-0.1113433838
0.0000000000
-0.1113433838
0.1113433838
0.1113433838
0.0000000000
0.1216278076
0.0000000000
0.0000000000
0.2432556152
-0.1216278076
-0.2432556152
0.0000000000
0.2567596436
0.5991210938
-0.0855865479
0.3423614502
0.2567596436
-0.0855865479
-0.3423614502
-0.0855865479
0.5521545410
0.0000000000
0.3681030273
-0.3681030273
0.2760772705
0.1840515137
0.0920257568
0.0920257568
0.0000000000
0.1000061035
-0.1000061035
0.0000000000
0.0000000000
0.0000000000
0.1000061035
0.1000061035
0.5099029541
0.0000000000
-0.4249114990
-0.0849761963
0.0849761963
0.1699676514
-0.0849761963
0.5099029541
-0.2738037109
-0.0684509277
0.4107055664
-0.5476074219
-0.1369018555
0.3422546387
0.3422546387
-0.2053527832
0.1000061035
0.0000000000
0.0000000000
0.0000000000
0.0000000000
0.1000061035
0.1000061035
-0.1000061035
-0.2250061035
0.3000030518
0.2250061035
-0.7500000000
0.0749969482
0.1499938965
-0.0749969482
-0.1499938965
0.0000000000
0.9348144531
0.0000000000
-0.0519409180
0.1038665771
0.0000000000
-0.1558074951
0.0000000000
-0.3750000000
0.2500000000
0.1250000000
0.0000000000
0.1250000000
0.1250000000
0.0000000000
0.0000000000
-0.1833038330
-0.2749481201
-0.7332153320
-0.0916442871
0.0916442871
0.0916442871
0.0000000000
0.1833038330
-0.1178436279
0.0000000000
-0.1178436279
-0.2357025146
-0.3535461426
-0.1178436279
0.0000000000
-0.4714050293
0.0796813965
-0.0199127197
-0.0398406982
0.9760894775
-0.0199127197
0.0000000000
-0.0199127197
0.1593627930
0.0691833496
0.9686279297
0.0000000000
0.0461273193
-0.1383819580
-0.0691833496
0.1153106689
0.0230560303
0.1881713867
-0.5645294189
0.2509002686
-0.0627288818
0.5645294189
-0.1254577637
0.3136291504
0.1254577637
0.0000000000
0.1129455566
-0.4517517090
-0.1129455566
0.0000000000
0.2258758545
-0.3388214111
0.3388214111
0.6909637451
0.2072906494
0.2763824463
-0.2763824463
-0.2072906494
-0.0690917969
0.2072906494
-0.2763824463
0.0000000000
-0.3748321533
0.0000000000
-0.1249389648
0.1249389648
0.1249389648
0.1249389648
0.2498779297
0.0519409180
0.0519409180
0.0000000000
-0.1038665771
-0.4674072266
0.0519409180
0.6751403809
-0.4674072266
0.0647888184
-0.0647888184
0.4535064697
0.2591400146
0.4535064697
0.1943664551
0.2591400146
-0.5182952881
-0.0226898193
-0.1248321533
-0.3631439209
0.7489776611
-0.0340423584
0.0567474365
0.1475219727
-0.5106658936
0.1381378174
0.1657562256
0.1105041504
-0.1381378174
0.2762756348
0.6630401611
0.6077880859
-0.1105041504
-0.2716369629
-0.1901550293
0.2988128662
0.0814971924
0.5704498291
0.5161285400
-0.2988128662
0.2988128662
0.1240844727
0.3309173584
0.6618194580
-0.1654510498
-0.4550018311
0.2895507812
0.0413665771
0.2481842041
0.3154449463
0.1577148438
-0.3680114746
0.2102966309
-0.1314392090
0.2628631592
-0.0788574219
-0.7623138428
0.9429321289
-0.0269470215
-0.1616516113
0.0134735107
0.0673522949
0.0538787842
-0.1347045898
-0.2290039062
-0.0171508789
-0.0686035156
0.9689636230
0.1972198486
0.0343017578
-0.1114807129
0.0085754395
0.0343017578
-0.4697723389
0.1879119873
0.1879119873
-0.2818603516
0.4697723389
0.0939483643
-0.2818603516
0.0939483643
-0.0691680908
-0.0691680908
0.0000000000
0.0691680908
0.1383361816
0.0691680908
-0.9782867432
0.0395202637
0.3057708740
0.0278015137
0.8617095947
0.0555877686
0.2779693604
0.1389923096
-0.1389923096
-0.1389923096
-0.0594635010
0.9768981934
-0.1019439697
-0.0424804688
0.0764465332
0.0849456787
0.0764465332
0.0934448242
-0.1579437256
0.1053009033
-0.2105865479
0.1579437256
0.0526428223
0.0000000000
0.0000000000
-0.8950042725
0.0000000000
0.4738006592
0.0947570801
-0.1895141602
0.0947570801
0.3790283203
-0.1895141602
-0.4738006592
0.2624511719
0.2249603271
0.2999420166
-0.1124725342
-0.0749816895
0.4499206543
-0.6748809814
-0.2624511719
0.2071228027
0.0591735840
0.1183471680
-0.5325927734
-0.3550567627
0.6509399414
0.1479492188
0.2367095947
0.0579376221
-0.0579376221
-0.9269104004
-0.0579376221
0.1158599854
0.0579376221
0.0000000000
-0.0579376221
0.8228607178
-0.1967773438
-0.0178833008
-0.4472045898
-0.2504425049
0.0536651611
-0.0894470215
0.0000000000
-0.1041717529
-0.1041717529
0.7986755371
0.1041717529
-0.1389007568
0.3472442627
-0.0694427490
0.3819732666
0.2459411621
-0.1229705811
0.2459411621
-0.2459411621
-0.1229705811
-0.2459411621
-0.2459411621
0.1229705811
0.0971069336
-0.0485534668
-0.0161895752
-0.9872131348
0.0161895752
0.0485534668
0.0485534668
0.0000000000
0.0993957520
0.9566802979
0.1118164062
0.0993957520
0.1863708496
-0.0124206543
-0.0124206543
-0.1118164062
-0.3646850586
0.4457397461
0.3444366455
0.4052124023
0.4052124023
-0.3444366455
0.2633819580
0.1418304443
0.0869903564
0.2029876709
0.9279327393
-0.0289916992
-0.0289916992
-0.0289916992
0.1739807129
-0.1739807129
0.3889160156
0.0864257812
-0.1728515625
-0.5617675781
-0.0864257812
-0.2592773438
-0.3024902344
-0.5185546875
0.2067108154
0.0689086914
0.1378021240
0.7923889160
-0.3789672852
-0.1550292969
-0.2928314209
0.2067108154
-0.2180633545
0.9561157227
0.0167694092
0.0000000000
-0.1174163818
-0.0335540771
-0.0167694092
0.1174163818
0.2396545410
0.3794555664
0.4992980957
0.0000000000
0.0798797607
0.6790313721
-0.2596282959
0.0399475098
-0.0968933105
-0.8720703125
0.1453399658
0.1453399658
0.0000000000
0.3875885010
-0.0968933105
0.0968933105
0.9462890625
-0.0988616943
0.2259826660
0.1271209717
-0.0564880371
-0.0141296387
-0.1129913330
-0.0706176758
0.1234283447
-0.3703002930
0.0000000000
-0.3703002930
0.0000000000
0.1234283447
-0.1234283447
0.1234283447
0.1998291016
0.0999145508
0.0499572754
-0.0499572754
-0.4995727539
0.0999145508
0.5495147705
-0.5495147705
0.1147155762
0.5735931396
0.4588775635
-0.1147155762
0.4015197754
0.0000000000
0.0573577881
-0.4015197754
-0.0192413330
-0.0961914062
-0.3462982178
0.7984008789
-0.0577087402
0.0480957031
0.1923828125
-0.4328765869
0.1013641357
0.2280731201
0.3294372559
-0.2027282715
0.1013641357
0.7349090576
0.4308013916
-0.1773834229
-0.2509002686
-0.1075286865
0.3226013184
0.0000000000
0.6451873779
0.5376586914
-0.1075286865
0.2509002686
-0.0456695557
0.2283172607
0.6849517822
-0.1369934082
0.1826629639
0.4109802246
0.1369934082
0.4109802246
0.2779693604
0.2779693604
-0.3822021484
0.1737213135
0.0347442627
0.2084808350
0.0347442627
-0.7644042969
0.9689788818
-0.0433807373
-0.0578460693
0.0289306641
0.0144653320
0.0433807373
-0.1446228027
-0.1590881348
-0.0395202637
-0.0474243164
0.9722137451
0.1976013184
0.0079040527
-0.0869445801
0.0474243164
0.0079040527
-0.1825714111
0.6389770508
-0.0912780762
0.0912780762
0.3651275635
-0.2738494873
0.0912780762
0.1825714111
-0.1595001221
-0.0469207764
0.0187683105
0.1032104492
0.1688842773
0.1125946045
-0.9570312500
-0.0375366211
0.3576049805
0.0000000000
0.8741302490
-0.1192016602
0.1589355469
-0.0397338867
-0.1192016602
0.0397338867
-0.0420837402
0.9847564697
-0.0925903320
-0.0505065918
0.0673370361
0.0505065918
0.0589141846
0.0673370361
-0.1802368164
0.0600738525
-0.1201629639
0.0600738525
0.0000000000
-0.1201629639
0.0000000000
-0.9011840820
0.2416839600
0.2416839600
-0.2416839600
-0.2416839600
0.0000000000
0.1208343506
0.1208343506
-0.3625183105
-0.1585540771
-0.1585540771
-0.3567504883
-0.3567504883
-0.2378387451
-0.0792846680
-0.3567504883
-0.6738739014
0.3420562744
-0.0488586426
0.1954650879
-0.4642181396
-0.2687530518
0.6352539062
0.3420562744
0.1221618652
0.0000000000
0.0000000000
-0.9633483887
0.0000000000
0.0875701904
0.0000000000
-0.0437927246
0.0000000000
0.8503875732
-0.1478881836
-0.0369720459
-0.4436798096
-0.1663818359
0.0739440918
-0.1109161377
0.0184936523
-0.2734069824
-0.1822814941
0.6835327148
-0.1367034912
0.0000000000
0.4101257324
-0.0455627441
0.4101257324
0.1029205322
-0.2058258057
0.2058258057
-0.2058258057
0.0000000000
-0.6174926758
-0.3087463379
0.0000000000
0.0998382568
0.0285186768
-0.0285186768
-0.9841003418
-0.0142669678
0.0713043213
0.0855712891
-0.0285186768
0.1022338867
0.9584655762
0.0255584717
0.1277923584
0.1405792236
-0.0255584717
0.0255584717
-0.1661376953
-0.4260864258
0.5072479248
0.3449249268
0.3652191162
0.4057922363
-0.2637634277
0.2028961182
0.1420288086
0.0575103760
0.2875518799
0.9201660156
0.0000000000
0.0383453369
-0.0191650391
0.0958557129
-0.2108764648
0.1687774658
-0.2531738281
0.0843963623
-0.5907287598
-0.3375549316
0.0843963623
-0.0843963623
-0.4219512939
0.1653442383
0.1157379150
0.2314758301
0.7605590820
-0.3637390137
-0.2314758301
-0.2810821533
0.2314758301
-0.0892639160
0.9819030762
-0.0297546387
-0.0595092773
-0.0446319580
0.0297546387
-0.0743865967
0.0892639160
0.1491699219
0.3480682373
0.6298370361
0.0662994385
0.0828704834
0.6298370361
-0.1823272705
-0.0994415283
-0.0749969482
-0.7999572754
0.0749969482
0.1250000000
0.0249938965
0.4999694824
-0.1999969482
0.1499938965
0.9370574951
-0.0543212891
0.1765441895
0.2308654785
-0.0135803223
0.1086425781
-0.1222229004
-0.0407409668
0.1247863770
-0.2495727539
0.0000000000
-0.1247863770
-0.1247863770
0.3743438721
-0.1247863770
-0.1247863770
0.2268981934
0.0756378174
-0.0756378174
-0.0756378174
-0.4537963867
0.1512603760
0.3781585693
-0.6050567627
0.1608428955
0.8042297363
0.3217010498
-0.2412719727
0.1608428955
-0.0402069092
0.0804290771
-0.2814788818
-0.0384368896
-0.0480499268
-0.3267364502
0.8168487549
-0.0576629639
0.0288238525
0.2594757080
-0.3843994141
0.0487670898
0.2438201904
0.3413391113
-0.2925872803
-0.0243835449
0.7558441162
0.2925872803
-0.2438201904
-0.3334808350
0.0000000000
0.2858276367
-0.1905517578
0.4287567139
0.7145843506
0.0476379395
0.0000000000
-0.1372833252
0.0000000000
0.3203125000
-0.1372833252
0.5948638916
0.3660736084
-0.0457611084
0.5491180420
0.1627349854
0.3797149658
-0.3254699707
0.1084899902
0.1627349854
0.0000000000
0.1084899902
-0.7594451904
0.9732208252
0.0000000000
0.0147399902
0.0442352295
-0.0589752197
0.0589752197
-0.1769409180
-0.0737304688
-0.0160217285
-0.0641021729
0.9694519043
0.2243347168
0.0160217285
-0.0240325928
0.0480651855
0.0160217285
-0.0898437500
0.6289367676
-0.1796875000
0.2695465088
0.1796875000
-0.2695465088
0.2695465088
0.1796875000
-0.1828308105
-0.0304718018
0.0406341553
0.1320495605
0.1929931641
0.1422119141
-0.9345092773
-0.1117401123
-0.0785675049
-0.2357025146
0.6285400391
-0.2357025146
0.0000000000
-0.3928375244
-0.1571350098
0.3142700195
0.0000000000
0.9863433838
-0.1130218506
-0.0513763428
0.0616455078
0.0308227539
0.0308227539
0.0513763428
-0.2187805176
-0.1093902588
0.0000000000
-0.1093902588
0.0000000000
-0.2187805176
0.0000000000
-0.6563568115
0.3149414062
0.0000000000
-0.3149414062
-0.4199066162
0.1049804688
-0.3149414062
-0.1049804688
-0.3149414062
-0.3079833984
-0.2771911621
-0.4927673340
-0.3695831299
-0.2463836670
-0.2155914307
-0.0615997314
-0.5543670654
0.4492034912
-0.0792694092
0.1585388184
-0.4492034912
-0.1849670410
0.5284881592
0.4756317139
0.0528411865
-0.0468444824
0.0000000000
-0.9369964600
0.0468444824
0.0000000000
-0.0937042236
-0.0468444824
0.1873931885
0.8580780029
-0.0715026855
-0.0715026855
-0.3813629150
-0.1430206299
0.1191711426
-0.2145233154
0.0953369141
-0.3671264648
-0.1835632324
0.3059387207
-0.4283142090
0.0000000000
0.5506896973
0.1835632324
0.3059387207
-0.1208343506
-0.3625183105
0.1208343506
-0.1208343506
-0.1208343506
-0.3625183105
-0.2416839600
-0.1208343506
0.0724487305
0.0434722900
-0.0289764404
-0.9852905273
0.0289764404
0.0869445801
0.0724487305
-0.0289764404
0.1272583008
0.9385070801
-0.0158996582
0.1590728760
0.0954437256
-0.0477142334
0.0318145752
-0.2386016846
-0.5009765625
0.5486907959
0.3339843750
0.3101196289
0.3578338623
-0.2385559082
0.1669921875
0.0954284668
0.0170135498
0.2211303711
0.9525756836
-0.0170135498
0.0000000000
0.0680389404
-0.0170135498
-0.1701049805
0.0000000000
-0.3847351074
0.0000000000
-0.4616851807
-0.5386199951
0.3077850342
0.0000000000
-0.2308349609
0.0828247070
0.1490936279
0.1656494141
0.7951507568
-0.3147430420
-0.2650451660
-0.2816162109
0.2319183350
0.0483551025
0.9833526611
-0.0322418213
-0.0805969238
0.0161132812
0.0322418213
-0.0967254639
0.0644836426
0.0835418701
0.2673339844
0.7685852051
0.0668334961
0.0668334961
0.5179595947
-0.0668334961
-0.2005004883
-0.0589141846
-0.7659606934
0.0294647217
0.0000000000
0.0883789062
0.5302734375
-0.2651367188
0.1472930908
0.9347839355
0.0000000000
0.1038665771
0.2423553467
0.0346221924
0.1211700439
-0.1731109619
-0.0346221924
0.1199951172
0.0000000000
0.1199951172
0.1199951172
-0.1199951172
0.2400054932
0.0000000000
-0.1199951172
0.0000000000
0.0000000000
-0.1249389648
0.1249389648
-0.2498779297
0.1249389648
0.1249389648
-0.3748321533
0.1032409668
0.8947906494
0.2409057617
-0.1720733643
0.0688323975
-0.1032409668
0.0688323975
-0.2064971924
-0.0758361816
0.0000000000
-0.2925262451
0.8450775146
-0.0541687012
0.0000000000
0.2600250244
-0.3466949463
0.1396942139
0.1955566406
0.2793731689
-0.3073120117
-0.1396942139
0.7543182373
0.2793731689
-0.2793731689
-0.2886962891
0.0000000000
0.3464355469
-0.3464355469
0.2309570312
0.6928710938
0.0577392578
-0.1732177734
-0.1399383545
-0.2332305908
0.0466461182
-0.2332305908
0.6530303955
0.3265228271
-0.0466461182
0.5131072998
0.1833038330
0.2749481201
-0.1833038330
-0.0916442871
0.0916442871
0.0000000000
-0.0916442871
-0.7332153320
0.9764099121
0.0488128662
0.0325469971
0.0162658691
-0.1139068604
0.0650939941
-0.1301879883
-0.0162658691
0.0000000000
-0.0706176758
0.9685668945
0.2219543457
0.0302734375
0.0000000000
0.0504455566
0.0302734375
0.1055145264
0.4220428467
-0.3165283203
0.2110137939
0.1055145264
-0.3165283203
0.3165283203
0.2110137939
-0.1835021973
0.0344085693
0.0802917480
0.1146850586
0.1376342773
0.1376342773
-0.9404754639
-0.1376342773
-0.4220428467
-0.3165283203
-0.1055145264
0.0000000000
0.1055145264
-0.4220428467
-0.1055145264
0.3165283203
0.0277252197
0.9842987061
-0.1386413574
-0.0554504395
0.0138702393
0.0277252197
-0.0138702393
0.0277252197
-0.2474365234
-0.1237182617
0.0000000000
0.0000000000
0.1237182617
-0.1237182617
0.1237182617
0.2474365234
-0.1196746826
0.3590087891
0.0000000000
-0.1196746826
-0.1196746826
-0.2393341064
-0.2393341064
-0.3590087891
-0.3320465088
-0.2490386963
-0.4565734863
-0.3735504150
-0.2490386963
-0.2075347900
-0.1660308838
-0.5395812988
0.4867248535
-0.0748748779
0.1871948242
-0.4492797852
-0.1871948242
0.4492797852
0.4867248535
0.0374450684
0.0000000000
0.0000000000
-0.7832946777
0.0783233643
-0.0783233643
-0.0783233643
0.0783233643
0.3916473389
0.7981109619
0.0000000000
-0.0920867920
-0.3069610596
-0.2455749512
0.1227874756
-0.3069610596
0.2455749512
-0.4379882812
-0.2189941406
-0.0729980469
-0.5109863281
0.0000000000
0.5109863281
0.2189941406
0.0729980469
0.1237182617
-0.3711547852
0.0000000000
0.0000000000
0.0000000000
0.0000000000
-0.1237182617
-0.1237182617
0.0678100586
0.0000000000
-0.0678100586
-0.9833221436
0.0678100586
0.0847625732
0.0508575439
-0.0169525146
0.1452941895
0.9340362549
-0.0207519531
0.2075653076
0.0622711182
-0.0415191650
0.0207519531
-0.2075653076
-0.5612945557
0.5612945557
0.2641448975
0.2971649170
0.3301696777
-0.2311248779
0.0990600586
0.0660400391
-0.0230407715
0.0921478271
0.9675903320
0.0000000000
-0.0230407715
0.1382293701
-0.0691070557
-0.1151885986
0.0000000000
-0.1804046631
-0.0901947021
-0.4510040283
-0.6314086914
0.1804046631
0.0901947021
-0.1804046631
0.0595855713
0.1787567139
0.0595855713
0.8540191650
-0.2184753418
-0.1588897705
-0.3376312256
0.1787567139
0.1109771729
0.9802856445
-0.0184936523
-0.0369873047
0.0184936523
0.0000000000
-0.1109771729
0.0369873047
0.1156158447
0.1618652344
0.8093414307
0.0924987793
0.1156158447
0.4393615723
0.0924987793
-0.2543640137
-0.1166534424
-0.8554382324
-0.0777740479
-0.0388793945
0.1166534424
0.3499450684
-0.1944122314
0.1555328369
0.9462585449
0.0286712646
0.0860290527
0.1433715820
-0.0286712646
0.0286712646
-0.2007141113
-0.0860290527
0.0000000000
0.1150360107
0.1150360107
0.2300720215
0.1150360107
0.0000000000
0.0000000000
0.0000000000
-0.1178436279
-0.1178436279
0.1178436279
0.1178436279
-0.1178436279
0.1178436279
-0.1178436279
-0.1178436279
0.0217895508
0.9805450439
0.0653686523
-0.0435791016
0.0000000000
-0.1089477539
0.0217895508
-0.0653686523
-0.0865783691
0.0288543701
-0.2597503662
0.8658447266
-0.0865783691
-0.0577239990
0.2164611816
-0.3319091797
0.2123870850
0.1820526123
0.2730712891
-0.3337554932
-0.3337554932
0.6371765137
0.1820526123
-0.3944396973
-0.2867431641
0.1911621094
0.3823242188
-0.5734863281
0.1911621094
0.1911621094
0.0000000000
-0.0955810547
-0.1936492920
-0.3388977051
0.0968322754
-0.2904815674
0.4841308594
0.3872985840
0.0968322754
0.5325469971
0.1153869629
0.2307739258
0.1153869629
-0.1153869629
-0.2307739258
0.0000000000
-0.4615325928
-0.3461608887
0.9458770752
0.0810699463
0.0270233154
0.0000000000
-0.2162017822
0.1621551514
-0.0270233154
-0.0270233154
-0.0272827148
-0.0409240723
0.9550476074
0.2728729248
-0.0136413574
0.0136413574
0.0682220459
0.0000000000
0.1202545166
0.3607788086
-0.2405242920
0.2405242920
0.1202545166
-0.2405242920
0.2405242920
0.1202545166
-0.2352142334
0.1029052734
0.1323089600
0.1176147461
0.0882110596
0.1617126465
-0.9114685059
-0.1764068604
-0.2019042969
-0.3028411865
-0.2019042969
0.1009521484
0.3028411865
-0.1009521484
-0.5047454834
0.3028411865
0.0178070068
0.9791717529
-0.1068115234
-0.0534057617
-0.1068115234
0.0000000000
-0.0712127686
0.0000000000
0.0000000000
0.1237182617
0.0000000000
0.0000000000
0.1237182617
0.0000000000
0.1237182617
0.3711547852
-0.1242218018
0.4969024658
0.1242218018
0.0000000000
0.0000000000
-0.1242218018
-0.1242218018
0.0000000000
-0.1405334473
0.0702667236
-0.2810821533
-0.3513488770
-0.2108154297
-0.0702667236
-0.4918975830
-0.5621643066
0.4277343750
-0.1069335938
0.4812011719
-0.4277343750
-0.1069335938
0.4277343750
0.3208007812
0.0000000000
0.0000000000
0.1234283447
0.0000000000
0.0000000000
-0.2468566895
-0.2468566895
0.2468566895
0.3703002930
0.7330169678
0.0000000000
-0.1570739746
-0.1570739746
-0.2617950439
0.1047210693
-0.2617950439
0.4188690186
-0.3043212891
-0.2028808594
0.1521606445
-0.5579223633
-0.2536010742
0.4564819336
0.4057617188
-0.1014404297
0.2474365234
-0.1237182617
-0.1237182617
0.1237182617
0.0000000000
0.0000000000
0.1237182617
-0.2474365234
0.0905761719
0.0679321289
-0.0905761719
-0.9737243652
0.0452880859
0.0905761719
0.0452880859
-0.0452880859
0.0709991455
0.9703979492
-0.0236663818
0.1420135498
0.0000000000
-0.0236663818
0.0000000000
-0.1183471680
-0.6347503662
0.5078125000
0.2539062500
0.1904296875
0.3173828125
-0.0634765625
0.0000000000
0.0000000000
-0.0553131104
-0.0553131104
0.8849792480
-0.0553131104
0.0000000000
0.2765502930
-0.0553131104
-0.1659393311
-0.0920257568
-0.2760772705
0.0920257568
-0.2760772705
-0.5521545410
-0.0920257568
0.0920257568
-0.4601287842
0.1453552246
0.1038208008
-0.0415344238
0.8929138184
-0.1245880127
-0.0415344238
-0.3322448730
0.1661224365
0.0171051025
0.9919128418
-0.0171051025
-0.0171051025
-0.0513000488
-0.0171051025
-0.0513000488
0.0171051025
0.1848907471
-0.1848907471
0.6286163330
0.1109313965
0.4067535400
0.3327941895
0.3697662354
-0.2588348389
-0.1350250244
-0.7426757812
-0.2700653076
0.0000000000
0.2700653076
0.2700653076
-0.1350250244
0.2025451660
0.6738586426
0.0000000000
0.2406616211
-0.2406616211
-0.3850555420
-0.2406616211
0.0000000000
-0.3850555420
0.1000061035
0.0000000000
0.0000000000
0.1000061035
0.0000000000
-0.1000061035
-0.1000061035
0.0000000000
-0.1228332520
0.0000000000
0.2456817627
0.0000000000
-0.1228332520
0.1228332520
0.0000000000
-0.2456817627
0.0000000000
0.9913635254
-0.0162506104
0.0325012207
-0.0162506104
-0.0487518311
0.0487518311
-0.0487518311
-0.1356658936
0.0814056396
-0.1628112793
0.9225616455
-0.1085357666
-0.1085357666
0.0542755127
-0.2170715332
0.2286834717
0.1143341064
0.3811340332
-0.3049163818
-0.3430175781
0.5335998535
0.2667999268
-0.4192504883
-0.3339080811
0.3339080811
0.2226104736
-0.3339080811
-0.2782592773
-0.5565185547
0.2782592773
-0.2226104736
-0.1102905273
-0.3308563232
0.3308563232
-0.2757110596
0.4411468506
0.4962921143
0.0551452637
0.3860015869
0.0959930420
0.0959930420
0.4799957275
0.0000000000
-0.4799957275
0.0959930420
-0.3840026855
-0.1920013428
0.8763275146
0.0000000000
0.0000000000
0.0000000000
-0.1752624512
0.1752624512
0.2336883545
0.0584259033
-0.0195312500
0.0000000000
0.9373779297
0.3124542236
-0.0585937500
-0.0781097412
0.0390625000
0.0000000000
-0.3736267090
0.2490844727
0.1245422363
0.1245422363
0.2490844727
0.0000000000
0.0000000000
0.0000000000
-0.1928863525
0.0428619385
0.1285858154
0.1500244141
0.0643005371
0.1928863525
-0.9215698242
-0.1285858154
0.0000000000
-0.0884704590
-0.2654266357
0.1769409180
0.1769409180
0.4423675537
-0.6193237305
0.0884704590
0.0000000000
0.9655609131
-0.0965576172
0.0241394043
-0.1689758301
0.0241394043
-0.0965576172
-0.0241394043
0.0000000000
0.2400054932
0.0000000000
-0.1199951172
0.0000000000
0.0000000000
0.2400054932
0.0000000000
-0.1213989258
0.3642120361
0.3642120361
0.1213989258
0.0000000000
0.2428131104
0.1213989258
0.1213989258
0.3492584229
0.4490509033
0.2494659424
0.1496887207
0.2993621826
0.2494659424
-0.5987396240
0.0000000000
0.3330841064
-0.1332397461
0.6661682129
-0.4663238525
0.0000000000
0.1332397461
-0.1998443604
0.0666198730
0.0000000000
0.1178436279
0.1178436279
0.0000000000
-0.1178436279
-0.1178436279
0.2357025146
0.0000000000
0.4564056396
0.0000000000
-0.2738494873
0.0912780762
0.2738494873
0.3651275635
0.0000000000
0.4564056396
-0.3148956299
-0.1968078613
0.3148956299
-0.5510711670
-0.3148956299
0.3936157227
0.3148956299
-0.2361755371
0.2490844727
0.1245422363
0.0000000000
0.1245422363
-0.2490844727
0.1245422363
0.2490844727
-0.2490844727
-0.0274963379
0.1375122070
0.0000000000
-0.9625396729
-0.0274963379
0.0825042725
0.0550079346
-0.1375122070
0.0000000000
0.9830017090
0.0000000000
0.0546112061
0.0000000000
-0.0273132324
-0.0546112061
-0.0546112061
-0.5944366455
0.3963012695
0.2972259521
0.0990753174
0.0990753174
-0.0990753174
0.0990753174
0.0990753174
-0.2153778076
-0.3230743408
-0.3230743408
-0.3230743408
0.0000000000
0.4307708740
-0.1076965332
-0.1076965332
0.0000000000
-0.1981506348
0.0000000000
-0.2972259521
-0.3963012695
0.0000000000
-0.0990753174
-0.5944366455
0.1093139648
-0.0182189941
-0.0910949707
0.9655456543
-0.0546569824
0.0182189941
-0.1457366943
0.1093139648
-0.0278015137
0.9871520996
-0.0139007568
0.0417175293
-0.1112213135
-0.0278015137
0.0417175293
0.0417175293
0.0397338867
-0.5562591553
-0.0397338867
0.0397338867
0.5562591553
-0.0397338867
0.5562591553
0.1192016602
0.0000000000
0.2405242920
-0.3607788086
-0.2405242920
0.3607788086
0.1202545166
0.0000000000
0.1202545166
0.5665588379
-0.0472106934
0.2360687256
-0.3304901123
-0.3777008057
-0.2832794189
0.1888580322
-0.4249114990
