0.0000000000
0.1249389648
-0.2498779297
-0.1249389648
-0.3748321533
0.0000000000
0.1249389648
0.1249389648
0.3087463379
-0.3087463379
-0.1029205322
0.1029205322
-0.2058258057
-0.5145721436
0.0000000000
-0.3087463379
-0.0191650391
0.9963684082
-0.0191650391
-0.0287475586
0.0383148193
0.0287475586
-0.0095825195
0.0191650391
-0.0657958984
0.0187988281
-0.4417266846
0.8176727295
0.0751953125
-0.0469970703
0.0000000000
-0.3477478027
-0.2567443848
0.2200622559
-0.2200622559
0.0733489990
-0.8435821533
-0.0733489990
0.2567443848
0.0733489990
0.2871398926
-0.3349914551
0.0957183838
0.3349914551
-0.4307098389
-0.4785614014
-0.3349914551
-0.2871398926
0.1129455566
-0.5646972656
-0.2258758545
-0.2258758545
0.0000000000
-0.1129455566
0.2258758545
-0.1129455566
0.2592468262
-0.0288085938
-0.5760955811
0.2016296387
0.1152191162
0.1440277100
-0.1440277100
-0.6913146973
0.9610443115
0.0000000000
0.1174621582
-0.0640716553
-0.1708526611
-0.0213623047
-0.1494903564
0.0533905029
-0.0307464600
0.0820007324
0.9737091064
0.1639862061
-0.0410003662
-0.0614929199
0.0000000000
0.0922393799
-0.7761230469
0.0895538330
0.2686614990
0.0895538330
0.4477691650
0.2388000488
-0.1492614746
0.0298461914
-0.0543823242
-0.0077667236
0.0155334473
0.0000000000
-0.0699157715
-0.0233001709
-0.9944000244
-0.0233001709
-0.0622406006
-0.1867218018
-0.6224060059
-0.0622406006
-0.3112030029
0.5601654053
0.1244812012
-0.1244812012
-0.0291595459
0.9914550781
0.0971984863
-0.0388793945
0.0291595459
-0.0097198486
0.0194396973
0.0291595459
-0.1631927490
-0.0815887451
-0.0815887451
-0.0815887451
0.0815887451
0.1631927490
0.1631927490
-0.8159332275
-0.2258758545
-0.2258758545
0.1129455566
-0.1129455566
-0.1129455566
-0.3388214111
0.4517517090
0.2258758545
0.5036621094
0.4756774902
0.5316467285
0.1958770752
0.0839385986
0.3917388916
-0.1119232178
0.0279846191
0.1691131592
0.0000000000
0.0422821045
-0.6341552734
-0.2536621094
0.0845489502
0.2959442139
0.5918731689
0.0000000000
0.0000000000
-0.6849365234
0.0000000000
0.0000000000
0.0000000000
0.1141510010
-0.1141510010
0.8736114502
-0.0312042236
0.3120117188
0.1872100830
0.2183990479
-0.1560058594
0.0000000000
0.0000000000
-0.1150512695
-0.0511322021
0.9843444824
-0.0255737305
0.0000000000
-0.0639190674
0.0511322021
-0.0511322021
0.0000000000
0.0000000000
0.0000000000
0.0000000000
-0.1000061035
-0.1000061035
-0.1000061035
0.1000061035
-0.0531158447
-0.0318756104
0.0743713379
-0.9880676270
-0.0956268311
0.0106201172
-0.0212554932
0.0318756104
-0.0491943359
0.9937896729
-0.0295257568
-0.0590362549
-0.0295257568
0.0000000000
-0.0393524170
0.0098419189
-0.3928070068
0.4173583984
0.1718444824
0.3682556152
0.3437042236
-0.2946014404
0.4419097900
0.2946014404
0.0000000000
0.0530853271
0.9554748535
-0.0177001953
0.0000000000
-0.1061706543
0.0353851318
-0.2477111816
-0.2863311768
-0.1717987061
0.3435974121
0.2290649414
-0.2863311768
-0.3435974121
-0.1145324707
-0.6299133301
-0.0416259766
0.0208129883
0.0624389648
0.9885559082
0.0728454590
0.0000000000
-0.0832519531
-0.0312194824
0.0452423096
0.9952392578
-0.0180969238
0.0452423096
-0.0090484619
0.0361938477
0.0180969238
0.0271453857
0.4147491455
0.0286102295
0.6006774902
0.0142974854
0.0142974854
0.6578826904
-0.1287078857
-0.1001129150
0.1715698242
-0.8921508789
-0.1715698242
-0.1715698242
-0.0343170166
-0.2401885986
0.0000000000
0.1372528076
0.9187927246
0.1102600098
0.0000000000
-0.0735015869
-0.2572631836
-0.1470031738
0.0735015869
0.0367584229
-0.2432556152
0.0000000000
0.0000000000
0.0000000000
-0.2432556152
0.0000000000
0.1216278076
0.1216278076
0.3165283203
-0.2110137939
-0.1055145264
0.2110137939
0.0000000000
-0.5275421143
0.1055145264
-0.3165283203
-0.0295410156
0.9945983887
-0.0689392090
0.0196990967
0.0393829346
0.0098419189
0.0000000000
0.0000000000
-0.0561828613
0.0337066650
-0.4044647217
0.8426361084
0.1011199951
-0.0224761963
0.0337066650
-0.3258209229
-0.1446838379
0.1736297607
-0.1736297607
0.0289306641
-0.9259948730
0.0578765869
0.0000000000
0.1736297607
0.5514221191
-0.2757110596
0.0459594727
0.3676147461
0.0459594727
0.5054779053
-0.2297668457
-0.3216705322
-0.2332916260
-0.6415557861
-0.4082641602
-0.1749725342
0.4082641602
0.0583190918
-0.2332916260
0.0000000000
0.1365661621
-0.1820831299
-0.4552154541
0.2276153564
0.0455169678
0.0455169678
-0.1365661621
-0.7738647461
0.9633178711
-0.0111999512
0.0672149658
0.0000000000
-0.1008148193
-0.0672149658
-0.2016296387
0.0896148682
-0.0137023926
0.0274200439
0.9869384766
0.0822448730
0.0000000000
0.0685424805
0.0274200439
0.0822448730
-0.6956634521
0.1159362793
0.3188476562
0.2028961182
0.5507354736
0.1449279785
-0.0289916992
0.0869598389
-0.0255279541
0.0255279541
0.0255279541
-0.0170135498
-0.0510559082
-0.0340423584
-0.9956817627
-0.0170135498
-0.4121398926
-0.1873321533
-0.7493286133
-0.0749359131
-0.3372039795
0.2247924805
0.0749359131
-0.1123962402
-0.0428771973
0.9863128662
0.1286468506
-0.0142974854
0.0142974854
0.0000000000
-0.0428771973
0.0000000000
-0.1153869629
0.0000000000
-0.1153869629
-0.2307739258
0.2307739258
0.0000000000
-0.1153869629
-0.5769195557
0.0000000000
-0.2058258057
-0.2058258057
0.0000000000
0.0000000000
-0.3087463379
0.4116668701
-0.5145721436
0.4971618652
0.5556488037
0.4679260254
0.1754760742
0.0877380371
0.3217010498
-0.0292510986
0.2339630127
0.4680175781
-0.0780029297
-0.0780029297
-0.5460205078
-0.1560058594
-0.2340087891
0.3510131836
0.4680175781
0.2428131104
-0.1213989258
-0.4856262207
0.1213989258
0.0000000000
0.0000000000
0.0000000000
0.2428131104
0.8172454834
0.0563659668
0.3099822998
0.1972656250
-0.0281829834
-0.2536315918
-0.3099822998
-0.0845489502
-0.0695037842
-0.0556030273
0.9730682373
0.0278015137
0.0973052979
-0.1112060547
-0.0834045410
-0.0973052979
-0.3715667725
0.0000000000
-0.1238555908
0.1238555908
0.1238555908
0.2477111816
-0.1238555908
0.2477111816
-0.0218963623
-0.0328521729
0.0328521729
-0.9963989258
0.0109558105
-0.0109558105
-0.0218963623
0.0000000000
-0.0240936279
0.9880981445
-0.0482025146
-0.0361480713
-0.0843505859
0.0120544434
-0.0482025146
0.0722961426
-0.4461059570
0.4985961914
0.1836853027
0.3148956299
0.2624206543
-0.2624206543
0.4198608398
0.2886505127
0.0823822021
0.1318206787
0.9062652588
-0.0329589844
0.0329589844
-0.0988616943
-0.0494384766
-0.3625030518
-0.2408752441
-0.3211669922
0.1605834961
0.0802917480
-0.5620422363
-0.4014587402
0.0802917480
-0.3211669922
-0.0308990479
0.0205993652
0.0102996826
0.9886322021
0.0926818848
0.0102996826
-0.0720825195
-0.0617828369
0.1276092529
0.9860992432
-0.0348052979
0.0348052979
0.0464019775
0.0464019775
-0.0115966797
0.0115966797
0.3669738770
0.1116943359
0.6701354980
0.0638275146
-0.0797729492
0.5584411621
-0.1914672852
-0.1914672852
0.0507354736
-0.9385375977
-0.0253601074
-0.2790222168
0.0000000000
-0.1268310547
0.0253601074
0.0253601074
0.8499603271
-0.0809478760
-0.1214294434
-0.2428436279
-0.0809478760
-0.3237915039
0.0809478760
0.1618957520
-0.1228332520
0.2456817627
0.2456817627
0.0000000000
-0.1228332520
0.0000000000
0.1228332520
0.0000000000
0.2009429932
0.1004791260
0.0000000000
0.1004791260
0.0000000000
-0.7033081055
0.2009429932
-0.2009429932
-0.0209503174
0.9950408936
-0.0628509521
0.0209503174
0.0314178467
0.0000000000
0.0209503174
-0.0104675293
-0.0127716064
0.0382995605
-0.3574829102
0.8809204102
0.0893707275
0.0382995605
0.0893707275
-0.2681121826
-0.0231323242
0.1156463623
-0.0231323242
-0.0462646484
-0.9483337402
0.2313079834
-0.0693969727
0.0925140381
0.3786621094
-0.2208862305
0.0000000000
0.2208862305
0.4102172852
0.7257843018
-0.1262207031
-0.1262207031
-0.2320098877
-0.5303039551
-0.3977355957
-0.1988677979
0.5634613037
0.2651519775
-0.1988677979
0.0662841797
0.0986175537
-0.2958526611
0.0986175537
0.3944702148
-0.1972351074
0.0000000000
0.0000000000
-0.5917053223
0.9455566406
0.0000000000
-0.0411071777
0.0548095703
-0.1233367920
0.0137023926
-0.2740783691
0.0685119629
-0.0344085693
-0.0516052246
0.9289550781
0.1032104492
-0.0516052246
0.3096466064
0.1204223633
0.0000000000
-0.5941162109
0.0891113281
0.2673492432
0.3267669678
0.6238250732
0.0891113281
-0.0594177246
0.1782379150
-0.0222778320
0.0890808105
0.0556793213
-0.0222778320
0.0111389160
-0.0222778320
-0.9910888672
-0.0334014893
-0.4509887695
-0.0601348877
-0.8117828369
-0.1503295898
-0.2405242920
0.1503295898
-0.0300598145
-0.0300598145
-0.0312194824
0.9832916260
0.0000000000
-0.0156097412
0.0000000000
-0.0468292236
-0.1404724121
-0.0468292236
0.0000000000
0.1247253418
-0.2494506836
0.0000000000
0.1247253418
-0.2494506836
0.0000000000
-0.2494506836
0.0000000000
-0.0826721191
-0.0826721191
0.0000000000
-0.0826721191
0.2480316162
0.4960784912
-0.6614379883
0.5248718262
0.5248718262
0.4037475586
0.1614990234
0.2018737793
0.2826232910
-0.0807495117
0.2826232910
0.6920318604
-0.0407104492
-0.0814208984
-0.3663787842
-0.2035369873
-0.4477844238
0.2035369873
0.2035369873
0.0000000000
-0.2498626709
0.1249389648
0.1249389648
0.0000000000
-0.1249389648
0.2498626709
0.2498626709
0.7232818604
0.0278167725
0.0278167725
0.2503662109
-0.4450988770
-0.1947326660
-0.3894653320
0.0000000000
0.0154418945
-0.0617523193
0.9572448730
0.1080780029
0.1235198975
-0.1543884277
-0.1235198975
-0.0771942139
-0.3715667725
0.1238555908
-0.1238555908
0.0000000000
0.3715667725
0.0000000000
-0.1238555908
0.0000000000
0.0245971680
0.0122985840
0.0122985840
-0.9960632324
0.0122985840
-0.0368957520
-0.0245971680
0.0000000000
-0.0388336182
0.9839477539
-0.0647277832
-0.0129394531
-0.0517883301
0.0129394531
-0.0647277832
0.1165161133
-0.5300140381
0.4968872070
0.1987609863
0.2981414795
0.0993804932
-0.2650146484
0.3975067139
0.2650146484
0.0832824707
0.1665649414
0.8661804199
0.0000000000
0.0333099365
-0.0499725342
-0.0166625977
-0.4497528076
-0.1088256836
0.0000000000
-0.2176361084
-0.4352722168
0.3264617920
-0.3264617920
0.2176361084
-0.2176361084
0.0097503662
0.0000000000
-0.0097503662
0.9947509766
0.0487670898
0.0097503662
-0.0487670898
-0.0487670898
0.1462249756
0.9836883545
-0.0132904053
0.0265808105
0.0265808105
0.0531768799
0.0132904053
-0.0265808105
0.3369293213
0.2527008057
0.6317443848
0.0631713867
-0.2527008057
0.5264434814
-0.1895141602
-0.1684570312
-0.0205383301
-0.9444732666
-0.0821228027
-0.2258453369
0.0615997314
-0.1642608643
0.0410614014
-0.0615997314
0.8069610596
-0.1344909668
0.0000000000
-0.3138122559
0.1344909668
-0.3138122559
-0.1344909668
0.1793212891
0.0000000000
0.0000000000
0.2357025146
-0.1178436279
0.0000000000
0.1178436279
0.1178436279
-0.1178436279
0.0000000000
0.1238555908
0.0000000000
0.0000000000
-0.1238555908
-0.3715667725
0.1238555908
-0.3715667725
-0.0126037598
0.9953002930
-0.0126037598
-0.0377960205
0.0000000000
-0.0503997803
0.0000000000
0.0000000000
-0.0462188721
0.0462188721
-0.3235778809
0.9244995117
0.0154113770
0.0616302490
0.0308227539
-0.1540832520
-0.0238342285
0.0238342285
0.1668548584
0.0238342285
-0.9534149170
0.1430206299
-0.1430206299
0.0476684570
0.2275238037
-0.1896057129
0.0758361816
0.0758361816
0.5688171387
0.6446685791
-0.1516876221
-0.3033752441
-0.1452941895
-0.4940032959
-0.3196563721
-0.1162414551
0.6974182129
0.2905883789
-0.1452941895
0.0000000000
0.2332305908
0.1166229248
0.3498535156
0.1166229248
-0.4664764404
-0.1166229248
0.1166229248
-0.1166229248
0.9853363037
-0.0205230713
-0.0205230713
0.0205230713
0.0410614014
0.0205230713
-0.1026458740
0.0410614014
-0.1205596924
-0.0482177734
0.8438873291
0.1446685791
-0.1446685791
0.4098815918
0.1928863525
-0.0723266602
-0.5520019531
0.1380004883
0.2760009766
0.1840057373
0.6900024414
0.0000000000
-0.0460052490
0.1380004883
-0.0304107666
0.0760345459
0.0760345459
0.0000000000
0.0456237793
-0.0152130127
-0.9883575439
-0.0304107666
-0.3591766357
0.0897979736
-0.8081359863
-0.0598602295
-0.1496582031
0.3890991211
-0.0598602295
0.0000000000
-0.0409545898
0.9830780029
-0.1228790283
-0.0546112061
0.0136566162
0.0000000000
-0.0682678223
-0.0546112061
-0.1064758301
0.1064758301
-0.1064758301
0.0000000000
0.0000000000
-0.1064758301
0.1064758301
0.0000000000
-0.1010589600
0.0505218506
0.3031616211
0.2021026611
-0.2021026611
0.6568450928
0.4547424316
-0.3031616211
0.5535278320
0.4059143066
0.4059143066
0.1845092773
0.4059143066
0.2952117920
-0.1107025146
0.1476135254
0.6462249756
0.0994262695
0.1491241455
-0.3976745605
-0.1988372803
-0.4971008301
-0.1491241455
0.0497131348
-0.1228332520
0.0000000000
0.2456817627
0.1228332520
0.1228332520
0.0000000000
0.2456817627
0.0000000000
0.5975494385
0.0896301270
-0.2390136719
0.0298767090
-0.6871795654
-0.0597534180
-0.2689056396
0.0000000000
0.0180206299
-0.0901184082
0.9552917480
0.1081390381
0.1802368164
-0.0901184082
-0.0901184082
-0.0901184082
-0.1216278076
-0.1216278076
-0.1216278076
0.1216278076
0.2432556152
0.0000000000
-0.1216278076
-0.1216278076
0.0284118652
0.0426330566
0.0142059326
-0.9946289062
-0.0284118652
-0.0142059326
-0.0142059326
-0.0142059326
-0.0139312744
0.9890747070
-0.0696563721
-0.0139312744
0.0000000000
-0.0139312744
-0.0557250977
0.0835876465
-0.5930633545
0.3294830322
0.0000000000
0.1976928711
0.0659027100
-0.2635803223
0.4612731934
0.2635803223
0.0000000000
0.2066345215
0.8494720459
-0.0459136963
0.0688781738
-0.0229644775
-0.0229644775
-0.4591827393
0.1847991943
0.1847991943
-0.2772064209
-0.4620056152
0.5544128418
0.0000000000
0.1847991943
0.0000000000
0.0461273193
-0.0092315674
0.0000000000
0.9962005615
0.0184478760
-0.0092315674
-0.0461273193
-0.0092315674
0.1325378418
0.9775085449
0.0000000000
0.0331420898
-0.0496978760
0.0994110107
0.0662689209
-0.0165710449
0.2129669189
0.2662048340
0.5856323242
0.0000000000
-0.3993072510
0.5590209961
-0.2129669189
-0.0266265869
-0.0722961426
-0.9397888184
-0.1204833984
-0.1445770264
0.0963897705
-0.1686859131
0.0722961426
-0.1204833984
0.8700256348
0.0000000000
0.0395507812
-0.1581878662
0.1977386475
-0.1581878662
-0.2768249512
0.1581878662
0.0000000000
0.0000000000
0.1000061035
-0.1000061035
0.0000000000
0.0000000000
0.1000061035
-0.1000061035
0.1249389648
0.0000000000
0.0000000000
-0.2498626709
-0.1249389648
-0.2498626709
0.1249389648
-0.2498626709
0.0457763672
0.9916992188
0.0610198975
-0.0152587891
0.0000000000
0.0000000000
0.0457763672
0.0305175781
-0.0750122070
0.0562591553
-0.3000640869
0.9377288818
0.0187530518
0.0375061035
0.0562591553
-0.0750122070
0.0000000000
0.0260925293
0.2869873047
0.0521850586
-0.9131317139
0.2348022461
-0.0521850586
0.0260925293
0.0966033936
-0.0966033936
0.0482940674
0.1932067871
0.7245025635
0.3863983154
-0.0482940674
-0.4347076416
0.0307617188
-0.3692321777
-0.2461547852
-0.0615386963
0.7076873779
0.4923095703
-0.1538391113
0.0307617188
0.2131805420
0.2131805420
-0.1065826416
-0.2131805420
-0.6395263672
-0.1065826416
0.1065826416
0.0000000000
0.9726104736
-0.0198516846
-0.0397033691
-0.0793914795
0.1786499023
0.0198516846
0.0198516846
-0.0198516846
0.0000000000
-0.0348052979
0.8005981445
0.0696105957
-0.2436676025
0.3828887939
0.1740417480
-0.2784729004
-0.5193786621
0.1298370361
0.1947631836
0.0649261475
0.7141418457
-0.0649261475
0.0000000000
0.1298370361
-0.0299224854
0.0448760986
0.1047210693
0.0299224854
-0.0299224854
-0.0149536133
-0.9873809814
-0.0448760986
-0.2710266113
0.2032623291
-0.7114257812
0.0000000000
0.0677490234
0.5759277344
-0.0677490234
-0.0338745117
-0.0371246338
0.9836578369
-0.1113586426
-0.0742340088
0.0185546875
0.0000000000
0.0371246338
-0.0185546875
-0.2226867676
0.0000000000
0.0000000000
0.1113433838
0.0000000000
0.0000000000
0.0000000000
-0.1113433838
-0.0398864746
0.0797882080
0.3191223145
0.1196746826
-0.1994476318
0.7180328369
0.4786834717
-0.1994476318
0.4997406006
0.5291290283
0.3527526855
0.2645721436
0.4115447998
0.2645721436
-0.0881958008
0.0294036865
0.4901275635
0.1225280762
0.2859039307
-0.5309600830
-0.2042236328
-0.4492797852
-0.2859039307
0.0408477783
0.0000000000
0.0000000000
0.0000000000
0.0000000000
0.0000000000
0.0000000000
0.0785675049
0.0785675049
0.4658203125
0.0665435791
-0.2329101562
-0.0998229980
-0.7985382080
0.0000000000
-0.1996307373
0.0332794189
0.0443267822
-0.0886688232
0.9310150146
0.0664978027
0.2881622314
0.0000000000
-0.1108398438
-0.0886688232
0.0000000000
-0.1000061035
0.0000000000
0.0000000000
0.1000061035
0.0000000000
-0.1000061035
-0.1000061035
0.0163116455
0.0000000000
0.0163116455
-0.9950561523
-0.0163116455
0.0163116455
0.0000000000
0.0163116455
0.0197296143
0.9864654541
-0.0591888428
0.0197296143
-0.0394592285
-0.0591888428
0.0591888428
0.0394592285
-0.4457702637
0.1782989502
-0.1782989502
0.3566131592
0.0891571045
-0.2674560547
0.3566131592
0.3566131592
-0.1620941162
0.2161254883
0.8374786377
0.0000000000
0.1080627441
-0.0540313721
0.0270080566
-0.4322509766
0.2614746094
0.4357910156
-0.0871582031
-0.4357910156
0.5229492188
0.0000000000
-0.0871582031
0.0000000000
0.0272064209
0.0000000000
0.0090637207
0.9978179932
0.0090637207
-0.0090637207
-0.0272064209
0.0000000000
0.1511383057
0.9500122070
-0.0215911865
0.1079559326
-0.0863647461
0.1511383057
0.1295471191
0.0215911865
0.2320861816
0.3191070557
0.5511932373
0.0290069580
-0.3481292725
0.5802001953
-0.2030792236
-0.1160430908
-0.1198883057
-0.9590759277
-0.1198883057
-0.0599365234
0.0599365234
-0.1198883057
0.0000000000
0.0299682617
0.9514617920
-0.1359252930
0.0000000000
-0.1631011963
0.0000000000
-0.1359252930
-0.0815582275
0.0271911621
0.0000000000
0.0000000000
0.1064758301
0.0000000000
0.0000000000
0.0000000000
0.0000000000
-0.2129516602
0.1234283447
0.0000000000
0.0000000000
-0.2468566895
-0.2468566895
0.0000000000
0.2468566895
-0.3703002930
0.0555114746
0.9806213379
0.0925140381
0.0185089111
0.0000000000
0.0740051270
0.0370025635
0.0925140381
-0.0662384033
0.0000000000
-0.2649688721
0.9273681641
-0.0220794678
0.0883178711
0.1324768066
0.1545562744
0.0545043945
0.0545043945
0.4360809326
0.0545043945
-0.7903900146
0.3815765381
-0.0817718506
0.0000000000
0.1242370605
-0.3106079102
-0.1242370605
0.3727264404
0.6833343506
-0.2484893799
0.1242370605
-0.2484893799
0.1601867676
-0.2883453369
-0.0320434570
-0.0320434570
0.6727905273
0.6087188721
-0.1281433105
0.1281433105
0.2234802246
0.2234802246
-0.1117401123
-0.1117401123
-0.4469451904
0.0000000000
0.0000000000
-0.4469451904
0.9349365234
-0.0252685547
-0.0252685547
-0.1516113281
0.2526855469
-0.0252685547
0.1263427734
-0.0252685547
0.0832214355
0.0416107178
0.7906646729
0.1664581299
-0.2912902832
0.3329162598
-0.0416107178
-0.2912902832
-0.4537963867
0.0756378174
0.0756378174
0.0000000000
0.7563323975
-0.0756378174
0.0756378174
0.0756378174
-0.1064910889
0.0456390381
0.1369171143
0.0760650635
-0.0760650635
0.0000000000
-0.9736022949
-0.0304260254
-0.2241668701
0.1494445801
-0.7472381592
-0.0747222900
0.0373687744
0.5604248047
0.0373687744
0.0373687744
0.0000000000
0.7839813232
0.3359832764
-0.1119995117
-0.0559997559
-0.1119995117
0.3359832764
-0.1679992676
-0.0785675049
0.0000000000
0.0000000000
0.0785675049
0.0000000000
0.0000000000
0.0000000000
0.0000000000
-0.0771331787
0.1156921387
0.4627685547
-0.0385589600
-0.2699432373
0.7327270508
0.2313842773
-0.2313842773
0.3612213135
0.5934295654
0.3354187012
0.3870239258
0.1806030273
0.4386138916
-0.0774078369
-0.0516052246
0.2267150879
0.0755767822
0.3400726318
-0.6045837402
-0.1511383057
-0.5667877197
-0.2644958496
0.0377807617
-0.1150360107
0.1150360107
-0.1150360107
0.1150360107
-0.1150360107
-0.1150360107
0.1150360107
0.0000000000
0.2574920654
0.0643768311
-0.0643768311
-0.0321807861
-0.8690338135
-0.0965576172
-0.3540496826
0.0321807861
0.0598297119
-0.0897521973
0.8376922607
0.0299224854
0.4188537598
0.0897521973
-0.2692565918
-0.0299224854
0.2357025146
0.0000000000
-0.1178436279
0.0000000000
0.1178436279
0.0000000000
-0.1178436279
-0.1178436279
0.0183868408
0.0000000000
0.0000000000
-0.9926910400
0.0183868408
0.0367736816
0.0367736816
-0.0183868408
0.0245208740
0.9315032959
-0.0245208740
0.2941589355
-0.0245208740
-0.0490264893
0.1470794678
-0.0245208740
-0.1065826416
0.2131805420
-0.1065826416
0.5329437256
0.3197631836
-0.1065826416
0.3197631836
0.1065826416
-0.6086425781
0.0507202148
0.6593627930
-0.2028808594
0.1521606445
0.1521606445
0.1014404297
-0.1014404297
0.2705993652
0.4510040283
-0.1804046631
-0.1804046631
0.5411987305
0.2705993652
0.0000000000
0.0901947021
0.0295715332
-0.0295715332
-0.0098571777
0.9958038330
-0.0493011475
0.0098571777
0.0000000000
0.0295715332
0.2365722656
0.8817443848
0.0645141602
0.2365722656
0.0860290527
0.2365722656
0.1075286865
-0.1290435791
0.3088226318
0.3088226318
0.5490112305
0.1372528076
-0.1029357910
0.5147094727
-0.2401885986
-0.3431396484
-0.0630187988
-0.9767608643
0.0315093994
0.0000000000
0.0000000000
-0.0630187988
0.0315093994
0.0630187988
0.9571075439
-0.1595153809
-0.0199432373
-0.1196441650
-0.0797576904
-0.1196441650
0.0199432373
-0.0997009277
-0.1250000000
0.2500000000
-0.1250000000
0.0000000000
-0.2500000000
0.1250000000
-0.2500000000
0.1250000000
0.2307739258
-0.1153869629
-0.3461608887
0.2307739258
-0.1153869629
-0.3461608887
0.2307739258
-0.2307739258
-0.1472167969
0.9651336670
-0.1308593750
0.0654296875
0.0327148438
0.0817871094
-0.0490722656
0.0817871094
-0.0312805176
-0.0312805176
-0.4483795166
0.7403411865
0.1042785645
-0.1042785645
0.1147003174
-0.4588012695
-0.7148895264
0.4625701904
0.0420532227
0.1682128906
-0.0841064453
0.0420532227
0.4205169678
0.0420532227
-0.1749725342
0.2916107178
0.6415557861
0.1166534424
0.1166534424
-0.4665832520
0.1749725342
-0.2916107178
0.1019134521
-0.1019134521
0.0000000000
-0.2038421631
-0.2038421631
-0.7134399414
0.0000000000
0.1019134521
0.1087951660
-0.0725250244
-0.4351806641
0.1813201904
0.1813201904
0.0362701416
-0.2175903320
-0.7978363037
0.9306640625
0.0116271973
0.0465393066
0.0116271973
-0.1512298584
0.0581665039
-0.3141021729
0.0465393066
0.0000000000
-0.1039886475
0.9463195801
0.2703857422
0.0207977295
-0.0935974121
-0.0312042236
0.0831909180
-0.7419891357
0.4451904297
-0.0989379883
-0.0989379883
0.2967987061
-0.1978607178
0.1483917236
-0.0494689941
-0.0798950195
-0.0177612305
0.0266265869
0.0266265869
-0.0177612305
-0.0177612305
-0.9943084717
-0.0088806152
-0.4283142090
-0.2447509766
-0.3671264648
-0.4283142090
-0.4283142090
0.3059387207
0.1835632324
-0.0611877441
-0.0111541748
0.9925079346
-0.0892181396
0.0111541748
0.0223083496
-0.0446014404
0.0111541748
-0.0111541748
-0.1895141602
-0.2842712402
0.1895141602
-0.2842712402
0.0000000000
0.0000000000
-0.0947570801
-0.6633148193
-0.0805511475
-0.7249298096
-0.0805511475
-0.1611022949
-0.1611022949
-0.4027404785
-0.1611022949
0.0000000000
0.3949279785
0.4607391357
0.4607391357
0.3620147705
0.0000000000
0.4278411865
-0.1316375732
0.2303771973
0.2108764648
-0.1581573486
-0.1054382324
-0.3163299561
-0.0527191162
0.0527191162
0.7380828857
0.4217681885
-0.0667572021
0.0000000000
-0.8011779785
0.1335296631
-0.0667572021
-0.0667572021
-0.1335296631
0.4005889893
0.8783111572
-0.1688995361
0.2702484131
-0.2364654541
0.0675659180
-0.1013488770
-0.1351165771
-0.0337829590
-0.2195129395
-0.1371917725
0.8506164551
0.0274353027
-0.1097564697
-0.0548706055
-0.2469482422
-0.3292694092
-0.1243286133
0.1243286133
-0.1243286133
-0.2486572266
-0.1243286133
0.1243286133
-0.2486572266
0.0000000000
-0.0341949463
-0.0341949463
0.0341949463
-0.9917602539
0.0000000000
-0.0341949463
0.0341949463
-0.0341949463
-0.0395507812
0.9689941406
-0.1582031250
0.1186523438
0.0000000000
0.0000000000
-0.0791015625
0.0395507812
-0.4834136963
0.4174957275
0.3515777588
0.3515777588
0.2856597900
-0.2636871338
0.3296051025
0.2636871338
0.0250244141
0.2503051758
0.9261169434
0.0000000000
0.0000000000
-0.0750885010
0.0500640869
-0.2252655029
0.0000000000
-0.1356506348
0.0678253174
0.0678253174
-0.7460632324
-0.1356506348
0.1356506348
-0.4747619629
-0.1171569824
0.0976257324
0.1562042236
0.9567260742
0.0390472412
0.0000000000
-0.0976257324
-0.1171569824
0.2182617188
0.9548797607
-0.0272827148
-0.0818481445
0.1227722168
0.1091308594
0.0136413574
0.0000000000
0.4602050781
0.1673431396
0.5857086182
0.0557861328
0.0557861328
0.6136016846
-0.1255035400
-0.1115570068
0.0809326172
-0.9711151123
0.0606994629
-0.0809326172
0.0606994629
-0.1011505127
-0.0809326172
0.0809326172
0.9157104492
0.1831359863
-0.2197723389
0.0732574463
-0.0366210938
-0.1098785400
0.0732574463
0.1098785400
-0.1178436279
0.1178436279
0.0000000000
0.1178436279
-0.2357025146
0.0000000000
0.0000000000
-0.1178436279
0.1250000000
-0.1250000000
0.0000000000
0.2500000000
0.0000000000
-0.3750000000
0.0000000000
-0.1250000000
-0.1257171631
0.9638214111
-0.1536560059
0.1117553711
-0.0139617920
0.0279388428
-0.0698394775
0.0838165283
0.0456848145
-0.0228424072
-0.4340057373
0.7309570312
0.1256408691
-0.0913696289
0.1941680908
-0.4568481445
-0.5295410156
0.2647705078
0.0882568359
0.1765136719
-0.6619262695
0.2647705078
0.0882568359
0.1765136719
0.0758514404
0.2275390625
0.6067810059
0.0000000000
-0.0758514404
0.3033905029
0.0000000000
-0.5309295654
-0.0716857910
-0.4301147461
-0.0716857910
-0.2150573730
0.7168731689
-0.0716857910
-0.1433715820
0.2150573730
0.2872619629
-0.0574493408
-0.2298126221
0.2872619629
0.1723632812
0.1723632812
-0.2298126221
-0.7468872070
0.9384460449
0.0000000000
-0.0223388672
0.0558624268
-0.1005401611
0.0670318604
-0.3016357422
0.0782012939
0.0321197510
-0.0963439941
0.9634552002
0.2248077393
0.0321197510
-0.0214080811
-0.0107116699
0.0749359131
-0.7667694092
0.3157196045
0.0451049805
0.1353149414
0.4059295654
-0.0902099609
0.2255249023
-0.0451049805
-0.0197143555
0.0000000000
0.0197143555
-0.0295715332
0.0295715332
-0.0394287109
-0.9956207275
0.0394287109
-0.7080383301
-0.2082519531
-0.4998016357
-0.2498931885
-0.2498931885
0.0832977295
0.0416564941
-0.1249542236
0.0147247314
0.9718475342
-0.1766967773
0.0588989258
-0.0736236572
-0.0294494629
-0.0736236572
-0.0441741943
-0.1247253418
0.0000000000
0.0000000000
-0.3741607666
0.1247253418
-0.1247253418
-0.1247253418
-0.1247253418
-0.2783508301
-0.4639129639
-0.1855621338
-0.1855621338
-0.0927886963
-0.4639129639
0.1855621338
-0.2783508301
0.3925170898
0.5352630615
0.4282073975
0.3211517334
0.0000000000
0.3568420410
-0.0356903076
0.3211517334
0.5175933838
-0.1725311279
-0.2588043213
-0.2588043213
0.0862731934
-0.3450622559
0.5607299805
0.2588043213
0.0000000000
0.0000000000
-0.7132263184
0.0000000000
-0.0891571045
0.0000000000
-0.0891571045
0.4457702637
0.8430786133
-0.1453552246
0.0290679932
-0.2035064697
-0.2325744629
-0.0290679932
-0.3779296875
0.0290679932
-0.2615356445
-0.1494445801
0.6351470947
0.0000000000
-0.0747222900
-0.1120910645
-0.4109802246
-0.5230712891
-0.2400054932
0.0000000000
-0.1199951172
0.1199951172
-0.1199951172
0.1199951172
0.0000000000
0.1199951172
0.0000000000
-0.0312957764
0.0156402588
-0.9858093262
0.1251831055
-0.0156402588
0.0312957764
-0.0469360352
-0.0723266602
0.9644470215
-0.0723266602
0.1446685791
0.0241088867
0.0241088867
-0.0964508057
0.0964508057
-0.5009307861
0.4573669434
0.3702545166
0.3049163818
0.2178039551
-0.2613525391
0.3484802246
0.2395782471
-0.0209655762
0.2726135254
0.8597564697
0.0838775635
-0.0209655762
-0.0419464111
0.0629119873
-0.3984222412
0.1653594971
-0.0826721191
-0.1653594971
-0.1653594971
-0.7441101074
0.0826873779
0.3307189941
-0.0826721191
-0.1571502686
0.1347045898
-0.0673522949
0.9204406738
0.0897979736
0.0449066162
-0.1347045898
-0.2469482422
0.1707763672
0.9720764160
-0.0525512695
-0.0919494629
0.0919494629
0.0000000000
0.0262756348
0.0000000000
0.3702087402
0.1782531738
0.7404174805
0.0959777832
0.0000000000
0.4936065674
-0.1096954346
-0.1096954346
-0.0366668701
-0.9716796875
0.0000000000
-0.1650085449
0.0550079346
-0.1100006104
0.0000000000
-0.0366668701
0.8071289062
0.0949554443
-0.3323516846
-0.1424407959
-0.0474853516
-0.3323516846
0.1424407959
0.0474853516
-0.1178436279
0.2357025146
0.1178436279
0.1178436279
0.0000000000
0.0000000000
0.0000000000
-0.1178436279
0.0000000000
0.0000000000
0.0000000000
0.1247863770
0.0000000000
-0.4991302490
-0.1247863770
0.0000000000
-0.1229095459
0.9696044922
-0.1229095459
0.1229095459
-0.0136566162
0.0000000000
-0.0819396973
0.0409698486
0.1245117188
0.0138397217
-0.4288635254
0.7608795166
0.0830078125
-0.0553436279
0.2351837158
-0.3873596191
-0.1641082764
0.0656433105
-0.0328216553
0.1312866211
-0.9190063477
0.2297515869
-0.0328216553
0.1312866211
0.2632446289
-0.0526428223
0.1579437256
0.0000000000
0.2105865479
0.7897186279
-0.3158874512
-0.2105865479
-0.0987243652
-0.5594787598
-0.1974639893
-0.0658264160
0.7569427490
0.0658264160
-0.1316375732
-0.0658264160
0.4487609863
0.0000000000
0.2243804932
0.4487609863
0.0000000000
0.0000000000
0.0000000000
-0.5983428955
0.9029846191
-0.0132751465
-0.1327972412
0.1327972412
-0.1062316895
0.1460723877
-0.3319702148
0.0265655518
0.0248565674
-0.1118164062
0.9691162109
0.1739501953
-0.0248413086
0.0993957520
0.0248565674
0.0372772217
-0.6430664062
0.1978607178
0.1978607178
0.2473297119
0.5935974121
0.0989379883
-0.0494689941
0.0494689941
-0.0494079590
0.0864715576
0.0617675781
0.0123596191
0.0617675781
0.0123596191
-0.9882507324
0.0247039795
-0.6701812744
-0.1116943359
-0.6701812744
-0.0744628906
-0.0372314453
0.0372314453
-0.0372314453
-0.1861572266
0.0000000000
0.9328308105
-0.2816162109
0.0175933838
-0.1231994629
-0.0704040527
-0.1408081055
-0.0175933838
-0.1237182617
0.1237182617
0.0000000000
0.0000000000
0.0000000000
-0.3711547852
0.0000000000
0.1237182617
-0.3299102783
0.0000000000
-0.1099700928
-0.3299102783
0.0000000000
-0.1099700928
0.4398803711
-0.3299102783
0.3472442627
0.5903167725
0.4167022705
0.2083435059
-0.0347290039
0.3819732666
-0.1736297607
0.3125152588
0.7285308838
-0.2023773193
-0.2833251953
-0.2023773193
0.1214294434
-0.3237915039
0.3642730713
0.0404815674
0.0000000000
0.0000000000
0.2495727539
0.0000000000
0.2495727539
0.0000000000
0.3743438721
0.1247863770
0.7224884033
-0.1494750977
-0.2740478516
-0.1245727539
-0.5231781006
0.0747375488
-0.2242126465
0.1245727539
-0.2169799805
-0.1084899902
0.3797149658
0.1084899902
-0.1084899902
-0.1627349854
-0.5967102051
-0.5424652100
-0.3689117432
0.0000000000
-0.2459411621
0.1229705811
0.2459411621
-0.2459411621
0.0000000000
-0.1229705811
0.0632171631
0.0158081055
-0.0158081055
-0.9799346924
0.1264495850
-0.0316162109
0.0790252686
-0.0632171631
-0.0935211182
0.9539642334
0.0374145508
0.0748138428
0.1309356689
0.0187072754
-0.1309356689
0.1683502197
-0.5640869141
0.5014038086
0.2820434570
0.2507019043
0.0626831055
-0.2507019043
0.3760528564
0.2193603516
0.0000000000
0.2377166748
0.8122253418
0.0990447998
0.0000000000
-0.0792388916
0.0990447998
-0.4952545166
0.4079742432
0.0815887451
-0.3263702393
-0.4079742432
-0.3263702393
0.0815887451
0.3263702393
-0.3263702393
-0.1041564941
0.1041717529
-0.1250000000
0.9166412354
0.0625000000
0.1250000000
-0.1250000000
-0.2708282471
0.0790100098
0.9876861572
-0.0395050049
-0.0921783447
0.0263366699
-0.0395050049
0.0131683350
-0.0131683350
0.2704925537
0.2028656006
0.8283538818
0.0676269531
-0.0507202148
0.4057312012
-0.1183319092
-0.0676269531
-0.0720367432
-0.9545135498
-0.1080627441
-0.1800994873
0.0720367432
-0.1440734863
0.0180053711
-0.0540313721
0.8321838379
0.0594482422
-0.1783294678
-0.1783294678
0.1783294678
-0.2972106934
0.0594482422
0.0000000000
0.0000000000
0.0000000000
0.0000000000
-0.1150360107
-0.1150360107
0.0000000000
0.2300720215
-0.1150360107
0.1064758301
0.0000000000
0.1064758301
0.0000000000
-0.1064758301
-0.1064758301
0.0000000000
-0.1064758301
-0.0648040771
0.9850921631
-0.0518493652
0.0777740479
0.0000000000
-0.0388793945
-0.0907287598
0.0388793945
0.0676574707
0.0507354736
-0.4228210449
0.8625335693
-0.0169067383
-0.0338287354
0.1352996826
-0.2029571533
-0.0321502686
-0.0643005371
-0.0321502686
0.0964660645
-0.9645996094
0.0643005371
-0.1286163330
0.0000000000
0.0533905029
0.0533905029
0.2135620117
-0.0533905029
0.3737335205
0.8008575439
-0.1601715088
-0.2135620117
0.0000000000
-0.5771789551
-0.2308654785
0.0000000000
0.7310943604
0.1539154053
-0.0769500732
-0.0384826660
0.1811065674
0.1811065674
0.4527893066
0.2716674805
-0.4527893066
-0.1811065674
0.0000000000
-0.3622283936
0.9034729004
-0.0732574463
-0.1709289551
0.1709289551
0.0244140625
0.1953430176
-0.2441864014
-0.0488433838
-0.0548095703
-0.1096191406
0.9500122070
0.1644287109
-0.0548095703
0.1826934814
0.0548095703
-0.0730743408
-0.4738006592
0.1895141602
0.1895141602
0.0947570801
0.5685577393
0.0947570801
-0.1895141602
0.0947570801
-0.0877380371
0.0526428223
0.1053009033
0.1403961182
0.0701904297
0.1053009033
-0.9651947021
-0.0350952148
-0.3792419434
0.0000000000
-0.8274230957
0.0689544678
0.0344696045
0.3102874756
-0.0344696045
-0.1723785400
0.0148620605
0.9515228271
-0.2824859619
0.0148620605
-0.0297393799
-0.0297393799
-0.0594635010
-0.0446014404
-0.1247253418
0.0000000000
-0.1247253418
0.2494506836
-0.2494506836
-0.2494506836
0.0000000000
0.0000000000
-0.1717987061
0.0000000000
0.2576904297
-0.0858917236
0.0858917236
0.6012725830
0.5153808594
0.0858917236
0.4166412354
0.5555114746
0.4166412354
0.1666564941
0.0833282471
0.4444122314
-0.1944274902
0.2221984863
0.8308410645
-0.1466217041
-0.0488739014
-0.2443695068
0.0977478027
-0.3421173096
0.0000000000
-0.1466217041
-0.1178436279
0.0000000000
0.1178436279
0.1178436279
0.2357025146
0.0000000000
0.1178436279
0.0000000000
0.6010894775
-0.1252288818
-0.3506469727
-0.2003631592
-0.6261444092
0.1502685547
-0.0500946045
0.1502685547
-0.2321929932
-0.2321929932
0.3869934082
-0.1548004150
0.0773925781
0.0000000000
-0.5417938232
-0.4644012451
-0.1113433838
-0.1113433838
-0.1113433838
0.1113433838
0.1113433838
-0.1113433838
0.0000000000
0.0000000000
-0.0159912109
0.0159912109
0.0159912109
-0.9912567139
0.0000000000
-0.0639495850
0.0639495850
-0.0159912109
-0.0624237061
0.9675598145
0.0468139648
0.0468139648
0.1716613770
-0.0156097412
-0.0780334473
0.1092376709
-0.5735778809
0.3186645508
0.0000000000
0.2549285889
0.0637359619
-0.2549285889
0.4461212158
0.3186645508
-0.0298004150
0.2979736328
0.7449493408
0.0894012451
0.0894012451
-0.1787872314
0.1489868164
-0.5065612793
0.1219482422
-0.1219482422
-0.2438964844
-0.2438964844
-0.1219482422
0.1219482422
0.3658599854
-0.2438964844
-0.0318450928
0.0318450928
-0.0796203613
0.9714355469
0.0637054443
0.0637054443
-0.0796203613
-0.1592559814
0.0155334473
0.9938201904
0.0000000000
-0.0310516357
-0.0310516357
0.0155334473
0.0465850830
0.0000000000
0.1578826904
0.2105102539
0.8157348633
-0.0263214111
-0.1315765381
0.4473419189
-0.1578826904
0.0000000000
-0.1075134277
-0.9407348633
-0.1881408691
-0.1075134277
0.1075134277
-0.1343841553
0.0268859863
-0.0537567139
0.8746795654
0.0000000000
-0.0514526367
0.0514526367
0.3087158203
0.0514526367
-0.2058105469
0.0514526367
-0.1064758301
0.1064758301
0.1064758301
0.0000000000
0.0000000000
0.0000000000
0.1064758301
-0.1064758301
0.1000061035
0.0000000000
0.0000000000
-0.1000061035
-0.1000061035
0.0000000000
0.1000061035
0.0000000000
0.0137481689
0.9900207520
-0.0274963379
0.0687561035
0.0000000000
0.0412445068
-0.0412445068
0.0687561035
0.0000000000
0.0693664551
-0.3237304688
0.9249572754
-0.0462493896
-0.0693664551
0.0924987793
-0.0462493896
-0.1471099854
-0.0735473633
0.1838836670
0.0735473633
-0.9194183350
0.1471099854
-0.1471099854
-0.0367736816
-0.2904663086
0.0726165771
0.1452331543
0.0726165771
0.2178497314
0.7261657715
0.0000000000
-0.3630828857
0.2185974121
-0.4918365479
-0.3278961182
0.0546417236
0.5464782715
0.4371795654
0.0000000000
-0.1092987061
0.0000000000
0.1000061035
0.3999938965
-0.1000061035
-0.6000061035
-0.3000030518
0.1000061035
0.0000000000
0.9088134766
-0.1136016846
-0.1136016846
0.0378723145
0.2650756836
0.1514739990
0.0757293701
-0.0378723145
-0.0549011230
-0.0549011230
0.9332733154
0.0549011230
-0.0823516846
0.1647033691
-0.0274505615
-0.2470397949
-0.3689117432
0.0000000000
0.0000000000
-0.2459411621
0.3689117432
0.0000000000
-0.1229705811
0.0000000000
-0.0541229248
0.0000000000
0.1623840332
0.0902099609
-0.0360870361
0.0360870361
-0.9742584229
-0.0180358887
-0.3263854980
0.0362701416
-0.7253112793
0.0362701416
0.0725250244
0.5439758301
0.0000000000
-0.1450653076
0.0217285156
0.9343109131
-0.2824707031
0.0000000000
-0.0869140625
-0.1086425781
-0.0217285156
-0.1086425781
0.0000000000
-0.1150360107
0.0000000000
0.1150360107
-0.1150360107
-0.2300720215
0.0000000000
0.0000000000
-0.0670623779
0.1341247559
0.2682495117
-0.1341247559
0.0000000000
0.5364990234
0.6706237793
0.0000000000
0.4559936523
0.6239929199
0.3119964600
0.2639923096
0.1439971924
0.3600006104
-0.2399902344
0.0959930420
0.6465301514
-0.0760650635
0.2281799316
-0.3422851562
0.0380249023
-0.4563751221
-0.3803100586
-0.0760650635
-0.1113433838
0.0000000000
0.0000000000
0.1113433838
0.1113433838
-0.1113433838
0.1113433838
-0.1113433838
0.5062408447
-0.1406250000
-0.3093719482
-0.2812500000
-0.6750030518
0.1687469482
-0.0281219482
0.1968688965
0.0000000000
-0.3199462891
0.3199462891
-0.2559661865
0.5119171143
0.1919708252
-0.3839416504
-0.3839416504
0.0000000000
-0.0911560059
0.0000000000
0.0000000000
0.0000000000
0.0000000000
-0.0911560059
-0.0911560059
0.0197601318
-0.0395050049
0.0197601318
-0.9878082275
0.0395050049
-0.0395050049
0.0790252686
0.0000000000
-0.0695953369
0.9742279053
0.0521850586
0.0869903564
0.1391754150
-0.0521850586
0.0347900391
0.0521850586
-0.4799957275
0.0959930420
-0.0959930420
0.2879943848
0.0959930420
-0.1920013428
0.3840026855
0.3840026855
-0.1145324707
0.3435974121
0.5726470947
0.1717987061
0.1717987061
-0.4008636475
0.2290649414
-0.4008636475
0.2428131104
-0.1213989258
0.0000000000
-0.2428131104
0.3642120361
0.2428131104
0.2428131104
0.0000000000
0.0000000000
-0.0126953125
-0.0762023926
0.9906768799
0.0507965088
0.0126953125
-0.0254058838
-0.0635070801
0.0709228516
0.9692993164
0.0236358643
0.0236358643
-0.0709228516
0.1418457031
0.0945739746
0.0472869873
0.1532287598
0.2298583984
0.8044891357
0.0000000000
-0.0766143799
0.4597015381
-0.0766143799
-0.0766143799
-0.0961608887
-0.9134674072
-0.2403869629
-0.0480804443
0.0480804443
-0.0961608887
0.0000000000
0.0961608887
0.9622344971
-0.1069183350
-0.0356445312
0.0356445312
0.0712738037
0.0356445312
-0.1069183350
-0.0356445312
0.0000000000
0.0785675049
0.0000000000
0.0000000000
0.0000000000
0.0000000000
0.0000000000
-0.0785675049
0.0000000000
0.0000000000
0.0000000000
-0.0911560059
-0.0911560059
0.0000000000
0.0911560059
0.0000000000
0.0657958984
0.9705963135
-0.0164489746
0.0987091064
0.0000000000
0.1316070557
-0.0164489746
0.1316070557
-0.0292053223
0.0876159668
-0.2920684814
0.9054260254
-0.0584106445
0.0000000000
0.0292053223
0.2336578369
-0.0644073486
-0.0966033936
0.3864440918
0.0321960449
-0.8372802734
0.2898254395
-0.1288146973
-0.0321960449
-0.3274383545
0.0000000000
-0.1637268066
0.1637268066
0.2455902100
-0.6548919678
0.2455902100
-0.2455902100
0.2166595459
-0.3249969482
-0.3249969482
0.0541687012
0.3791656494
0.7041625977
0.0000000000
0.0541687012
0.1208343506
0.1208343506
0.0000000000
-0.2416839600
-0.4833679199
-0.2416839600
0.0000000000
0.1208343506
0.4940490723
-0.1646881104
-0.0549011230
-0.1097869873
0.4940490723
0.0549011230
0.6038360596
0.0549011230
0.0000000000
0.0667266846
0.9008483887
0.1000976562
-0.1000976562
0.1000976562
-0.1668243408
-0.3002777100
-0.3703002930
-0.2468566895
-0.1234283447
-0.2468566895
0.2468566895
0.0000000000
0.0000000000
0.0000000000
-0.0949859619
0.0379943848
0.2279510498
0.0759887695
-0.1329803467
0.0189971924
-0.9498291016
0.0000000000
-0.3601684570
0.0000000000
-0.7203216553
-0.1600799561
0.0400238037
0.5202331543
0.0400238037
0.0000000000
-0.1295776367
0.5182952881
-0.0647888184
-0.0647888184
-0.3887176514
-0.4535064697
0.3239288330
-0.3239288330
-0.0588226318
0.0000000000
0.0000000000
0.0000000000
0.0000000000
0.0000000000
0.0000000000
0.0000000000
-0.0587158203
0.2936096191
0.3523406982
-0.2348937988
0.0000000000
0.6459503174
0.4110565186
-0.1761627197
0.3256378174
0.5495147705
0.2645874023
0.4273986816
0.0610656738
0.5088195801
-0.2442321777
0.0610656738
0.4292297363
-0.0990600586
0.2311248779
-0.3962097168
0.0000000000
-0.5612945557
-0.4952697754
0.0000000000
0.0000000000
0.0000000000
-0.1113433838
0.1113433838
0.1113433838
-0.1113433838
0.1113433838
-0.1113433838
0.2815551758
-0.1055908203
-0.1759796143
-0.1759796143
-0.8446655273
0.0703887939
-0.2111663818
0.2111663818
0.2301940918
-0.3452911377
0.2301940918
-0.3452911377
0.5754852295
0.1150970459
-0.3452911377
-0.2877349854
0.0000000000
0.0000000000
-0.1064758301
0.0000000000
-0.1064758301
-0.1064758301
-0.1064758301
-0.1064758301
0.0868530273
-0.0217132568
-0.0434265137
-0.9770812988
0.1085662842
-0.0217132568
0.0868530273
-0.0217132568
-0.0440826416
0.9478302002
0.0220489502
0.2424621582
0.1102142334
-0.0661315918
0.0881652832
-0.0220489502
0.0000000000
0.0000000000
0.0000000000
0.3498535156
0.2332305908
-0.1166229248
0.4664764404
0.2332305908
-0.2635803223
-0.3294830322
-0.4612731934
-0.0659027100
0.1317901611
0.0659027100
0.0659027100
0.6589508057
0.3806762695
0.0951690674
0.0000000000
-0.1903381348
0.5709991455
0.3806762695
0.0951690674
0.0951690674
0.0236358643
-0.0472564697
-0.0590820312
0.9924926758
-0.0590820312
0.0118103027
0.0236358643
0.0000000000
0.2297821045
0.8935699463
0.0765991211
0.1787109375
0.0510559082
0.2553100586
0.0765991211
-0.1276550293
0.2845764160
0.2134399414
0.5691680908
0.2134399414
0.2845764160
0.2845764160
-0.2134399414
-0.3557281494
0.0000000000
-0.8958740234
-0.0639953613
0.0000000000
-0.1279754639
0.0000000000
0.0639953613
0.1919708252
0.9717407227
-0.1129913330
-0.0225982666
-0.0451965332
-0.0677947998
-0.0451965332
0.0677947998
-0.1129913330
-0.1150360107
0.1150360107
-0.1150360107
-0.1150360107
-0.1150360107
-0.1150360107
0.0000000000
0.1150360107
0.3448333740
-0.2586212158
0.0000000000
-0.1724090576
-0.0862121582
-0.4310302734
0.5172424316
-0.2586212158
-0.3161926270
0.8853149414
-0.1897125244
0.1580963135
0.0948486328
-0.0316162109
-0.0632324219
0.0948486328
0.0882720947
-0.1589050293
-0.4237365723
0.6532440186
0.0353088379
-0.1589050293
0.2824859619
-0.4943542480
-0.3937835693
0.3937835693
0.2147827148
0.1431884766
0.7159576416
0.1789855957
0.1789855957
-0.0715942383
0.0411529541
0.2057647705
0.3703765869
0.0000000000
0.6996002197
-0.2880706787
0.2880706787
-0.3292236328
0.2497100830
-0.2497100830
0.0832366943
0.0832366943
0.1664733887
-0.5826721191
0.0832366943
0.4994354248
0.0000000000
-0.0771789551
-0.1543426514
0.3086853027
0.0000000000
0.1543426514
-0.2315216064
-0.7717285156
0.9643707275
0.0133972168
0.0000000000
0.0669708252
-0.0669708252
0.0401763916
-0.2277069092
0.0401763916
0.0252685547
-0.2021789551
0.9097900391
0.3285369873
0.0252685547
-0.0126342773
-0.0631866455
0.1137237549
-0.5222625732
0.2089080811
-0.4178161621
0.1044464111
0.2089080811
-0.2089080811
0.0000000000
0.1044464111
-0.0945587158
-0.0540313721
0.0270233154
0.0405273438
0.0810546875
0.0135040283
-0.9861145020
0.0270233154
-0.5172119141
0.0000000000
0.7111663818
-0.2586059570
0.0000000000
0.0000000000
0.0646514893
-0.1293029785
0.0317840576
0.9536895752
-0.2702178955
0.0794677734
0.0000000000
0.0000000000
-0.0317840576
-0.0317840576
-0.1811065674
-0.3622283936
0.1811065674
-0.2716674805
-0.0905609131
-0.1811065674
0.0000000000
-0.6338958740
0.0000000000
-0.4116668701
-0.1029205322
0.0000000000
0.0000000000
-0.4116668701
-0.4116668701
0.3087463379
0.1644592285
0.4933929443
0.5262756348
0.1315765381
-0.1315765381
0.5591735840
-0.1315765381
0.2302398682
0.5257263184
-0.1213226318
-0.5257263184
-0.2830810547
0.0404357910
-0.0808868408
0.5257263184
0.1213226318
0.0000000000
-0.0609588623
-0.8534545898
0.0000000000
-0.0609588623
-0.0609588623
-0.0609588623
0.3657684326
0.7353515625
-0.2238006592
0.0639495850
-0.3836669922
-0.4156341553
-0.0319671631
-0.2238006592
0.0319671631
-0.5882415771
0.1176452637
0.5294189453
0.0588226318
-0.2941131592
0.2941131592
0.1176452637
-0.2352905273
-0.1249389648
0.0000000000
-0.1249389648
-0.1249389648
0.1249389648
0.1249389648
-0.3748016357
-0.1249389648
0.0417175293
-0.0417175293
-0.0834503174
-0.9596099854
-0.0417175293
0.0834503174
-0.0417175293
-0.0417175293
0.0000000000
0.9251556396
-0.1261596680
0.0841064453
0.0000000000
0.1682128906
-0.0841064453
0.1682128906
-0.5694732666
0.4508361816
0.3796539307
0.3559265137
0.2372741699
-0.2135467529
0.2135467529
0.1898193359
0.0906677246
0.2266693115
0.8160247803
0.1360015869
-0.0453338623
-0.1360015869
0.0453338623
-0.4080047607
0.0000000000
-0.1139678955
-0.1139678955
-0.1709594727
-0.7978057861
0.0569915771
0.2849273682
-0.3419189453
0.0000000000
0.1131134033
0.3393554688
0.8672332764
-0.0377044678
-0.0377044678
-0.2639312744
0.0377044678
0.4465942383
0.7257080078
-0.2232971191
-0.1674652100
0.2791137695
0.0000000000
-0.0558166504
0.1116485596
0.4715728760
0.2750854492
0.6091156006
0.0785980225
0.1571960449
0.5305175781
-0.0785980225
0.0000000000
0.0000000000
-0.9817047119
0.0417785645
-0.0417785645
-0.0208892822
-0.0835418701
-0.0208892822
0.1044311523
0.9440612793
0.0304565430
-0.1522674561
-0.1522674561
0.1218109131
-0.0913543701
0.0000000000
-0.0913543701
0.0000000000
0.1064758301
0.1064758301
0.1064758301
-0.1064758301
0.0000000000
0.1064758301
0.0000000000
0.2234802246
-0.3352050781
0.1117401123
0.0000000000
-0.2234802246
-0.4469451904
0.2234802246
-0.2234802246
-0.2421112061
0.9024353027
-0.1980895996
0.1980895996
0.0000000000
-0.0880432129
-0.1320648193
0.0880432129
0.1865386963
-0.1187133789
-0.4578857422
0.5596313477
0.0000000000
-0.2035064697
0.3900451660
-0.4748382568
-0.5153808594
0.2290649414
0.0000000000
0.4008636475
0.6299133301
-0.0572662354
0.0000000000
0.1145324707
0.2461395264
0.0000000000
0.3076629639
-0.3076629639
0.7384033203
0.2461395264
-0.0615386963
-0.1230621338
0.2449493408
0.1224670410
0.0000000000
0.1224670410
0.2449493408
-0.2449493408
-0.1224670410
0.3674163818
0.1736755371
0.0000000000
0.0000000000
0.5210266113
0.1736755371
0.1736755371
-0.0868377686
-0.6078643799
0.9444732666
0.0000000000
0.0000000000
0.0776214600
-0.1293792725
0.1293792725
-0.2458190918
0.0517578125
-0.0219879150
-0.1649017334
0.9234161377
0.3078002930
0.0659637451
0.0109863281
-0.0439758301
0.1209259033
-0.6395263672
0.0000000000
0.0000000000
0.3197631836
0.2131805420
0.1065826416
0.0000000000
-0.1065826416
-0.0441894531
0.0147247314
0.0736541748
-0.0147247314
0.1031188965
0.0147247314
-0.9869995117
0.0147247314
-0.7694702148
0.1539001465
0.3847351074
0.0000000000
-0.1539001465
0.0000000000
0.0769500732
-0.0769500732
0.0979309082
0.9302978516
-0.2937774658
0.0652770996
-0.0652770996
-0.0489654541
-0.0979309082
-0.0979309082
-0.1135406494
-0.2270965576
0.0000000000
-0.2270965576
0.1135406494
-0.2270965576
0.0000000000
-0.5677337646
-0.0955810547
-0.2867431641
-0.0955810547
-0.1911621094
0.0000000000
-0.4779052734
-0.4779052734
0.2867431641
0.2030792236
0.5511932373
0.5221862793
0.0870361328
-0.1740570068
0.5221862793
-0.0580139160
0.2030792236
0.6640930176
-0.2075347900
-0.4565734863
-0.2075347900
0.1660308838
-0.0830078125
0.4150543213
0.0415039062
0.0000000000
0.1014251709
-0.7100219727
0.0000000000
-0.1014251709
-0.1014251709
0.0000000000
0.3042907715
0.6390991211
-0.0798950195
-0.1597747803
-0.3994445801
-0.5059661865
0.1331481934
-0.2929229736
0.1331481934
-0.5170745850
0.0574493408
0.3447265625
-0.2872619629
-0.2872619629
0.4021759033
0.4021759033
-0.1149139404
-0.2400054932
-0.1199951172
-0.1199951172
0.1199951172
0.1199951172
0.0000000000
-0.1199951172
0.0000000000
-0.0422058105
-0.2110137939
0.0000000000
-0.9284362793
0.1266021729
0.1266021729
-0.0422058105
0.0000000000
-0.0969085693
0.9045104980
0.0646057129
0.0646057129
0.2261199951
0.0646057129
-0.1938171387
0.1938171387
-0.6005096436
0.4913177490
0.3002471924
0.3002471924
0.1910705566
-0.2456665039
0.2456665039
0.1910705566
0.0877532959
0.2193603516
0.7458343506
0.2632446289
-0.0438690186
-0.1754913330
0.1754913330
-0.4387359619
0.0991821289
-0.1983489990
-0.0991821289
-0.1487579346
-0.6942291260
0.0000000000
0.3966979980
-0.4462890625
0.0799713135
0.1199645996
-0.1199645996
0.9196777344
-0.0399932861
-0.0799713135
-0.2399139404
0.0399932861
0.0736999512
0.9212799072
-0.1105499268
0.0736999512
0.1105499268
-0.1473999023
0.0368499756
0.2211151123
0.3842468262
0.1415557861
0.7684783936
0.0404510498
0.1011199951
0.4651336670
-0.0202178955
0.0000000000
-0.0520477295
-0.9630126953
-0.0520477295
-0.1561584473
0.0260314941
-0.1301422119
-0.0260314941
0.0520477295
0.8970642090
0.1223297119
-0.1631011963
-0.2446594238
0.1631011963
-0.0815582275
-0.0815582275
0.0000000000
-0.1178436279
0.1178436279
0.2357025146
0.0000000000
0.0000000000
0.0000000000
-0.1178436279
0.1178436279
0.1242218018
-0.2484588623
0.1242218018
-0.1242218018
-0.2484588623
-0.2484588623
0.1242218018
-0.2484588623
-0.1892700195
0.9253234863
-0.1682434082
0.1892700195
0.0000000000
-0.0630950928
-0.1472167969
0.0630950928
0.1896209717
-0.0517120361
-0.4999237061
0.5343933105
0.0000000000
-0.2413330078
0.3964843750
-0.4481964111
-0.2705993652
0.1804046631
-0.3607940674
0.6314086914
-0.0901947021
-0.1804046631
0.0901947021
0.1804046631
0.3889617920
-0.1111297607
0.1111297607
-0.0555725098
0.5556640625
0.5000915527
-0.3333892822
0.2222595215
-0.3165283203
-0.2110137939
-0.2110137939
0.1055145264
0.4220428467
-0.1055145264
-0.3165283203
-0.3165283203
0.2830657959
0.1887054443
0.0943603516
0.4717712402
0.0000000000
-0.0943603516
0.0943603516
-0.5661315918
0.9070739746
-0.0513458252
-0.0171203613
0.1540374756
-0.1540374756
0.2396087646
-0.2396087646
0.0513458252
-0.0717163086
-0.1075744629
0.9682006836
0.1912536621
0.0239105225
0.0000000000
-0.0239105225
0.0597686768
-0.5498504639
0.1099700928
0.1099700928
0.2199401855
0.3299102783
0.2199401855
-0.1099700928
0.0000000000
-0.1017913818
0.1163330078
0.1308746338
0.0000000000
0.0145416260
0.0436248779
-0.9742889404
-0.0290832520
-0.7595062256
-0.0843963623
-0.2531738281
0.0000000000
-0.0843963623
-0.2531738281
-0.1687774658
-0.0843963623
0.0532226562
0.9402923584
-0.2838592529
0.0177459717
-0.0532226562
-0.0532226562
-0.1064453125
-0.0709686279
0.0000000000
0.0000000000
0.1228332520
-0.1228332520
0.1228332520
-0.2456817627
0.0000000000
-0.2456817627
0.0000000000
-0.2439880371
-0.2439880371
-0.2439880371
0.1626586914
-0.4879760742
-0.4066467285
0.4066467285
0.3107299805
0.5932159424
0.4802093506
0.0565032959
-0.1129913330
0.4802093506
-0.1412353516
0.1694946289
0.7975921631
-0.2518768311
-0.2098846436
-0.1679077148
0.2098846436
-0.0839538574
0.3358306885
-0.0839538574
0.0000000000
0.1247253418
0.3741607666
0.1247253418
0.0000000000
-0.1247253418
0.1247253418
-0.1247253418
0.5843505859
-0.0254058838
-0.2540740967
-0.4319152832
-0.5589447021
0.1016235352
-0.1778411865
0.1778411865
-0.1908111572
0.2544097900
0.1272125244
-0.3816223145
-0.3816223145
0.4452209473
0.5088195801
0.0000000000
-0.2498779297
-0.1249389648
-0.1249389648
0.1249389648
0.2498779297
-0.2498779297
-0.1249389648
-0.1249389648
-0.0401458740
-0.2408752441
0.0000000000
-0.9233856201
0.1605834961
0.0401458740
0.0802917480
-0.0401458740
-0.1362762451
0.8994140625
0.1090240479
0.0545043945
0.2725524902
0.0000000000
-0.2180328369
0.1090240479
-0.6015777588
0.4511871338
0.0375976562
0.3007965088
0.1503906250
-0.3007965088
0.3383941650
0.2631988525
0.0462036133
0.1847839355
0.6005554199
0.3233795166
0.0462036133
-0.2771759033
0.3695678711
-0.4619598389
0.1240081787
-0.2480010986
-0.0619964600
-0.1860046387
-0.5580139160
0.0000000000
0.2480010986
-0.6200256348
0.0784759521
0.1177215576
-0.2354431152
0.9025421143
0.0392456055
-0.0392456055
-0.2354431152
-0.0392456055
-0.0888214111
0.9770202637
0.0222015381
0.0888214111
0.0222015381
-0.0666198730
-0.0222015381
0.0888214111
0.3256988525
0.0501098633
0.8017120361
-0.0501098633
0.1002197266
0.4509582520
0.1002197266
-0.0501098633
-0.0895080566
-0.8951263428
-0.2387084961
-0.1491851807
0.1193542480
-0.1193542480
-0.1790313721
0.1491851807
0.7727355957
0.2972106934
-0.1783294678
-0.2972106934
0.2377624512
0.0594482422
-0.1188812256
0.0594482422
0.0000000000
0.0785675049
0.0000000000
0.0000000000
0.0000000000
-0.0785675049
0.0000000000
0.0000000000
0.2474365234
0.0000000000
0.1237182617
-0.1237182617
-0.2474365234
0.0000000000
0.1237182617
-0.1237182617
-0.0806121826
0.9673614502
-0.1007690430
0.1410675049
-0.0201568604
-0.0201568604
-0.1007690430
0.0604553223
0.1430511475
-0.0238494873
-0.5245361328
0.6437377930
0.0000000000
-0.2384185791
0.2622680664
-0.3814697266
-0.0795440674
0.0000000000
-0.3181610107
0.3976898193
-0.6363220215
-0.0795440674
0.3181610107
-0.0795440674
0.2377624512
-0.1188812256
0.0594482422
0.1188812256
0.4755249023
0.7133026123
0.0594482422
0.2377624512
-0.2058258057
-0.3087463379
0.0000000000
0.1029205322
0.5145721436
-0.1029205322
-0.3087463379
-0.3087463379
0.0000000000
0.0000000000
0.2142791748
0.3214111328
-0.4285430908
-0.1071319580
-0.2142791748
-0.4285430908
0.8951873779
-0.1155090332
-0.0577545166
0.1443786621
-0.0577545166
0.3176422119
-0.1732635498
0.0000000000
-0.1093444824
-0.0182189941
0.9840850830
0.0364532471
-0.0728912354
-0.0364532471
-0.0182189941
-0.0182189941
-0.3406372070
0.1135406494
0.2270965576
0.2270965576
0.3406372070
0.2270965576
-0.2270965576
0.2270965576
-0.0548706055
0.0000000000
0.0548706055
0.0365753174
-0.0548706055
0.0548706055
-0.9877014160
-0.0182952881
-0.3831634521
-0.1915893555
-0.7024688721
0.1277160645
-0.1277160645
0.3193054199
-0.1915893555
-0.1277160645
0.0000000000
0.9559020996
-0.2549133301
0.0212402344
-0.0424804688
0.0000000000
-0.0637207031
-0.0212402344
0.1178436279
0.0000000000
0.0000000000
0.1178436279
0.0000000000
-0.1178436279
-0.1178436279
-0.2357025146
0.0898437500
-0.4492340088
-0.1796875000
-0.1796875000
0.0898437500
-0.4492340088
-0.1796875000
0.4492340088
0.3723297119
0.5957183838
0.4095611572
0.0372314453
-0.0372314453
0.4840240479
-0.1861572266
0.1489257812
0.8734893799
-0.1941070557
-0.0485229492
-0.1455841064
0.1941070557
-0.1941070557
0.1455841064
-0.0485229492
0.0000000000
0.0000000000
0.3711547852
0.0000000000
0.1237182617
-0.1237182617
0.0000000000
-0.1237182617
0.5773010254
-0.0865936279
-0.3175201416
-0.3752441406
-0.5773010254
0.1154632568
0.0577239990
0.2020568848
-0.1195220947
0.2987823486
0.2390289307
-0.5378112793
-0.3585510254
0.3585510254
0.4183044434
0.0000000000
0.1064758301
0.0000000000
-0.2129516602
0.0000000000
0.0000000000
0.0000000000
0.0000000000
0.0000000000
-0.0895996094
-0.1493225098
0.1194610596
-0.9556579590
-0.0298614502
0.0597229004
0.0895996094
0.0298614502
-0.0542755127
0.9497070312
0.0814056396
0.0542755127
0.2170715332
-0.0542755127
-0.1085357666
0.0000000000
-0.5554046631
0.3471221924
-0.0694274902
0.2777099609
0.2082824707
-0.2082824707
0.3471221924
0.3471221924
-0.0689392090
0.2757263184
0.3446655273
0.4136047363
0.2068023682
-0.4825286865
0.3446655273
-0.2757263184
-0.0981750488
-0.2945098877
-0.0981750488
-0.1963348389
-0.3926696777
0.0000000000
0.0981750488
-0.5890197754
0.0000000000
0.0338134766
-0.1014556885
0.9469451904
0.0676422119
0.0676422119
-0.2029113770
-0.0676422119
-0.1278839111
0.9682769775
0.0730743408
0.1096191406
-0.0730743408
-0.0548095703
0.0365447998
0.0913391113
0.4044036865
0.0808868408
0.7279357910
-0.0404357910
0.1617584229
0.4448547363
0.0808868408
-0.1213226318
-0.1786041260
-0.8483886719
-0.3125610352
0.0000000000
0.1339569092
-0.1339569092
-0.1339569092
0.1786041260
0.7494812012
0.2044067383
-0.2044067383
-0.0681304932
0.2725372314
0.3406677246
0.0000000000
-0.0681304932
-0.1150360107
0.1150360107
0.1150360107
-0.1150360107
-0.1150360107
-0.1150360107
0.0000000000
-0.1150360107
0.1150360107
0.0000000000
0.1150360107
-0.1150360107
-0.1150360107
0.1150360107
0.1150360107
0.1150360107
0.0399475098
0.9786071777
-0.0399475098
0.0998535156
-0.0199737549
0.1198272705
0.0000000000
0.0399475098
0.0733489990
-0.0366821289
-0.4034576416
0.8435821533
0.0000000000
-0.1467132568
0.0733489990
-0.2200622559
-0.2749481201
-0.1833038330
-0.0916442871
0.4582519531
-0.5499114990
-0.1833038330
0.1833038330
-0.0916442871
-0.2905578613
-0.0968475342
0.0000000000
0.1937103271
-0.0968475342
0.5811157227
0.3874053955
0.1937103271
0.3715667725
0.1238555908
0.0000000000
-0.1238555908
-0.1238555908
0.2477111816
-0.1238555908
-0.2477111816
0.0000000000
0.0000000000
0.4582519531
0.0916442871
-0.6415557861
-0.0916442871
-0.1833038330
-0.1833038330
0.9304046631
-0.0387725830
-0.0387725830
0.0000000000
0.0387725830
0.2713623047
0.0387725830
0.0775299072
-0.0553131104
0.0553131104
0.9680480957
-0.0553131104
-0.1106414795
-0.0829772949
-0.0829772949
-0.0553131104
-0.1238555908
0.2477111816
0.1238555908
0.2477111816
0.3715667725
0.1238555908
0.0000000000
0.1238555908
0.0000000000
-0.1065216064
0.0639190674
0.0426025391
-0.0639190674
0.0426025391
-0.9800262451
0.0426025391
-0.3043212891
-0.1521606445
-0.7100830078
-0.0507202148
-0.0507202148
0.5072021484
-0.1014404297
-0.1521606445
-0.0323028564
0.9045104980
-0.3553466797
0.0000000000
-0.0969085693
-0.0969085693
-0.0323028564
-0.0323028564
0.1113433838
0.0000000000
0.0000000000
-0.1113433838
0.0000000000
0.0000000000
0.0000000000
-0.2226867676
0.0990753174
-0.5944366455
-0.0990753174
-0.2972259521
0.0000000000
-0.2972259521
0.2972259521
0.0990753174
0.3437805176
0.6875457764
0.2673797607
0.1909790039
0.0381927490
0.3819732666
-0.3055725098
0.1145935059
0.6777801514
-0.1936492920
0.1936492920
-0.2904815674
0.1452331543
-0.4357147217
-0.2904815674
-0.0968322754
-0.1199951172
-0.1199951172
0.1199951172
0.2400054932
0.0000000000
-0.1199951172
0.0000000000
-0.1199951172
0.5202331543
-0.2000885010
-0.3201446533
-0.3201446533
-0.5602569580
0.1600799561
0.1200561523
0.2801208496
-0.1487579346
0.1487579346
0.2231445312
-0.6694488525
-0.1487579346
0.3719177246
0.2975311279
-0.1487579346
0.0000000000
-0.1000061035
0.0000000000
0.1000061035
-0.1000061035
-0.1000061035
0.0000000000
0.0000000000
-0.0697021484
-0.1045532227
0.1742553711
-0.9409790039
0.0697021484
0.1394042969
0.0697021484
0.0000000000
-0.0643005371
0.9645996094
0.0964660645
-0.0321502686
0.1286163330
-0.0643005371
0.0321502686
0.0000000000
-0.4398803711
0.2199401855
-0.1099700928
0.2199401855
0.1099700928
-0.1099700928
0.3299102783
0.3299102783
-0.0765075684
0.0765075684
-0.6120147705
0.3825073242
0.1529998779
-0.3825073242
0.0765075684
0.3059997559
-0.1213989258
-0.2428131104
0.0000000000
-0.3642120361
0.1213989258
0.1213989258
-0.1213989258
-0.3642120361
-0.0953979492
0.0000000000
-0.0953979492
0.9778137207
0.0238494873
0.0476989746
-0.0476989746
-0.0476989746
-0.0917205811
0.9400787354
0.0917205811
0.1605072021
-0.1605072021
0.0229339600
0.0687866211
0.1605072021
0.4622650146
-0.1320800781
0.5283050537
0.0660400391
0.5283050537
0.1981201172
0.1320800781
-0.0660400391
-0.1082458496
-0.6495208740
-0.3247528076
0.0000000000
0.0000000000
-0.1082458496
0.0000000000
0.1082458496
0.9285888672
0.0977478027
-0.0488739014
0.0488739014
0.0000000000
0.1466217041
0.0488739014
-0.1466217041
0.0000000000
0.0911560059
0.0911560059
0.0000000000
-0.0911560059
0.0000000000
0.0000000000
0.0000000000
0.0000000000
0.0000000000
0.0000000000
-0.2456817627
-0.1228332520
0.2456817627
0.1228332520
0.1228332520
0.0928497314
0.9516448975
-0.0696258545
0.0928497314
0.0000000000
0.2321166992
0.0232086182
0.0232086182
-0.1482238770
0.0000000000
-0.2964324951
0.8399047852
-0.1976165771
0.0494079590
-0.0494079590
0.2470245361
-0.1350250244
-0.2700653076
0.1350250244
0.0000000000
-0.8101959229
0.2025451660
0.0000000000
-0.2025451660
-0.1543426514
0.0771789551
0.0000000000
0.1543426514
-0.1543426514
-0.6945495605
0.4630279541
-0.1543426514
0.5117034912
0.1705627441
0.0000000000
-0.2558593750
-0.1705627441
0.5970001221
0.0000000000
-0.0852813721
0.0000000000
0.0000000000
0.3553924561
-0.1184692383
-0.4738464355
-0.1184692383
-0.2369232178
0.0000000000
0.0000000000
0.0000000000
0.0722351074
-0.2889556885
0.2889556885
0.2889556885
0.7223968506
0.2167205811
0.0765686035
0.1531219482
0.9187469482
-0.0765686035
-0.0382843018
-0.1148376465
-0.2296905518
-0.0765686035
0.0000000000
0.0000000000
0.1000061035
0.1000061035
0.1000061035
0.0000000000
0.0000000000
0.1000061035
-0.1147918701
-0.0574035645
0.2295837402
0.0574035645
0.0000000000
0.0574035645
-0.9470367432
0.0287017822
-0.3027648926
-0.1009216309
-0.7569274902
-0.2523040771
-0.1009216309
0.4037017822
0.0504608154
-0.0504608154
-0.1259460449
0.6927032471
-0.5037841797
-0.0629730225
-0.1259460449
-0.2518920898
0.1889190674
0.0000000000
0.0000000000
0.0000000000
-0.1113433838
-0.1113433838
0.1113433838
0.1113433838
0.1113433838
-0.1113433838
0.1034240723
-0.4136962891
0.0000000000
-0.2068481445
-0.1034240723
0.3102722168
0.5171051025
-0.1034240723
0.2492828369
0.5438995361
0.3172760010
0.4079132080
0.0679931641
0.4985656738
-0.3172760010
0.0679931641
0.5114440918
-0.2789611816
0.2789611816
-0.2789611816
0.1859741211
-0.4649353027
-0.4184417725
-0.0929870605
0.0000000000
-0.1000061035
0.0000000000
0.1000061035
0.1000061035
-0.1000061035
0.0000000000
0.0000000000
0.2301635742
-0.1534423828
-0.2301635742
-0.3068847656
-0.6905059814
0.0767211914
0.0000000000
0.3068847656
-0.1756134033
0.0000000000
0.0000000000
-0.6146697998
-0.0878143311
0.2634277344
0.3512420654
-0.3512420654
0.0000000000
-0.1216278076
-0.1216278076
0.1216278076
-0.1216278076
-0.2432556152
0.1216278076
-0.1216278076
-0.0370025635
0.0000000000
0.1110076904
-0.9620666504
0.1110076904
0.0370025635
0.0370025635
0.0370025635
-0.0792846680
0.9513397217
0.1189117432
-0.0396423340
0.1189117432
-0.0792846680
0.0000000000
0.0396423340
-0.2320098877
0.2320098877
0.0000000000
0.3480072021
0.1159973145
0.0000000000
0.4640045166
0.1159973145
-0.0494079590
-0.1976165771
-0.7410888672
0.0494079590
0.1482238770
0.0988159180
0.0000000000
0.5434570312
0.1147766113
-0.1147766113
0.1147766113
-0.2295379639
0.3443145752
0.4590759277
-0.1147766113
-0.2295379639
-0.0466308594
-0.0466308594
-0.1088104248
0.9793548584
-0.1088104248
-0.0155487061
0.0621795654
0.0310974121
0.1240692139
0.9429016113
0.0496215820
0.2233276367
-0.0744476318
0.0744476318
0.0992584229
0.0496215820
0.2991638184
-0.5235443115
0.0747985840
0.0747985840
0.5235443115
-0.2243804932
-0.1495819092
0.2991638184
0.1250000000
0.0000000000
-0.3750000000
-0.1250000000
-0.1250000000
0.0000000000
0.0000000000
0.2500000000
0.9423065186
0.0294494629
0.0294494629
-0.0588989258
-0.1472320557
-0.0294494629
0.1177825928
-0.2061309814
0.0000000000
0.1000061035
0.0000000000
0.0000000000
-0.1000061035
0.0000000000
0.1000061035
0.1000061035
0.4497680664
-0.3855133057
0.0000000000
-0.1927642822
-0.0642547607
-0.3212585449
0.5140228271
-0.3212585449
-0.2483215332
0.9312286377
-0.0620880127
0.1241607666
-0.0206909180
-0.1241607666
-0.0827789307
0.1241607666
0.2548370361
-0.3397979736
-0.4247436523
0.5379943848
0.0849456787
-0.1415863037
0.2548370361
-0.4813690186
-0.3957214355
0.2826538086
0.0565338135
0.3957214355
0.6783752441
-0.1130676270
0.1130676270
0.1130676270
0.2792663574
-0.1861724854
-0.0930938721
-0.0930938721
0.6516265869
-0.5119934082
-0.1861724854
-0.2792663574
0.2892761230
0.1928405762
-0.0964202881
-0.1928405762
-0.1928405762
0.0000000000
-0.0964202881
0.6749725342
0.0000000000
-0.1159973145
-0.2320098877
0.5800018311
0.0000000000
0.1159973145
0.0000000000
-0.2320098877
0.9882354736
-0.0485992432
-0.0162048340
0.0485992432
-0.0162048340
-0.0162048340
-0.0971984863
0.0000000000
-0.0470123291
-0.1410217285
0.9244689941
0.3290405273
0.0470123291
0.0000000000
0.0313415527
0.0626831055
-0.2357025146
-0.6285400391
0.0785675049
0.1571350098
-0.0785675049
0.2357025146
-0.4714050293
0.1571350098
-0.0548706055
-0.0914459229
0.0365753174
-0.0365753174
0.1646118164
0.0000000000
-0.9694061279
0.0914611816
0.0000000000
0.0000000000
0.8296203613
0.1508331299
0.0000000000
0.0754241943
-0.3016815186
0.0000000000
0.0213775635
0.9833831787
-0.1282653809
-0.0213775635
-0.0213775635
0.0000000000
0.0000000000
-0.0213775635
-0.0862121582
-0.2586212158
0.0862121582
-0.1724090576
0.0000000000
-0.1724090576
0.0000000000
-0.7758636475
0.0000000000
-0.2830657959
-0.0943603516
-0.0943603516
0.0000000000
-0.3774108887
-0.0943603516
0.6604766846
0.1849822998
0.4624481201
0.2774658203
0.0462493896
-0.4624481201
0.6011962891
0.1387329102
0.0924835205
0.4740142822
-0.0430908203
-0.5602111816
-0.3447418213
-0.0861816406
-0.4740142822
0.0430908203
0.2154693604
0.1172332764
-0.2344665527
-0.4689483643
0.0000000000
-0.1172332764
0.1172332764
0.1172332764
0.3517150879
0.7363586426
-0.2454528809
-0.0350646973
-0.0701293945
-0.5610351562
0.1753234863
0.0350646973
0.0701293945
-0.1901245117
0.2376556396
0.6179046631
-0.1425933838
-0.3327178955
0.2376556396
0.4277801514
0.2851867676
-0.1216278076
-0.1216278076
-0.1216278076
-0.1216278076
0.1216278076
0.0000000000
-0.2432556152
0.1216278076
0.0750885010
0.1501770020
-0.0750885010
-0.9386444092
-0.0750885010
0.1501770020
-0.0750885010
-0.0750885010
-0.2066497803
0.8679046631
0.0413360596
-0.2479705811
0.1239929199
0.0826568604
0.0413360596
0.2479705811
-0.6182556152
0.3934326172
0.0843048096
0.3934326172
0.1967163086
-0.2810211182
0.2810211182
0.2810211182
0.0000000000
-0.1298370361
0.8439941406
0.0000000000
-0.1298370361
-0.0649261475
-0.0649261475
-0.3246154785
-0.1228332520
-0.3070831299
-0.0614166260
-0.2456665039
-0.4299163818
-0.0614166260
0.3684997559
-0.6141815186
0.0505371094
0.0505371094
0.2274169922
0.9096679688
-0.1768798828
0.0000000000
-0.2526855469
0.0000000000
-0.0404815674
0.9309082031
-0.0809478760
-0.1214294434
0.1214294434
-0.1618957520
0.0404815674
-0.1214294434
0.3227691650
0.1344909668
0.6724395752
0.0269012451
0.1344909668
0.6186523438
0.0269012451
0.0000000000
0.0000000000
-0.9192352295
-0.1267852783
-0.1267852783
-0.0950927734
-0.0316925049
-0.1267852783
0.2535858154
0.8456726074
0.1812133789
-0.2114257812
-0.1510162354
0.3322296143
-0.0906066895
-0.1812133789
0.0604095459
0.0000000000
0.0000000000
0.2494506836
0.2494506836
-0.2494506836
0.0000000000
0.1247253418
0.1247253418
0.3086853027
-0.3086853027
0.0771789551
-0.2315216064
-0.1543426514
-0.4630279541
0.4630279541
-0.3086853027
-0.1774139404
0.9402923584
-0.0532226562
0.1064453125
-0.0886993408
-0.1596679688
-0.1241912842
0.1064453125
0.3647766113
-0.2735748291
-0.4559631348
0.4255676270
0.0911865234
-0.1519927979
0.2735748291
-0.5167541504
-0.4674072266
0.1558074951
-0.2077331543
0.3635406494
0.5712738037
-0.3635406494
0.1038665771
0.1558074951
0.4683837891
-0.4014739990
-0.2676544189
-0.1338195801
0.4014739990
0.0000000000
-0.4683837891
0.0000000000
0.1259460449
0.6297302246
-0.1889190674
-0.1259460449
-0.4408111572
0.0629730225
-0.2518920898
0.3778381348
0.1039276123
0.2078704834
-0.4157409668
0.3117980957
0.1039276123
0.0000000000
0.0000000000
-0.5196685791
0.9748687744
-0.0443115234
0.0221557617
0.0221557617
-0.1329345703
0.0221557617
-0.1107788086
-0.0221557617
-0.0315093994
-0.1103057861
0.9454956055
0.2836456299
0.0315093994
-0.0157623291
0.0315093994
0.0472717285
-0.4694366455
-0.4023742676
0.2011871338
0.2011871338
0.2011871338
0.3353118896
-0.4023742676
0.2682495117
-0.0156097412
-0.0312347412
0.0468444824
-0.0156097412
0.1405334473
0.0000000000
-0.9837646484
0.0312347412
-0.0981750488
0.0000000000
0.5890197754
0.4908447266
-0.0981750488
0.0000000000
-0.1963348389
0.0981750488
0.0591125488
0.9851226807
-0.0788116455
-0.0196990967
-0.0393981934
-0.0196990967
-0.0591125488
-0.0393981934
0.0871582031
-0.0871582031
0.0000000000
-0.1743164062
0.2614746094
0.0000000000
-0.0871582031
-0.7844238281
-0.0981750488
-0.3926696777
0.0000000000
0.0000000000
-0.0981750488
-0.2945098877
-0.3926696777
0.4908447266
0.2610778809
0.4699401855
0.3132934570
0.1044311523
-0.3132934570
0.5221557617
0.2088623047
0.3132934570
0.6257171631
-0.1925354004
-0.4813232422
-0.2887878418
0.0962677002
-0.3369293213
0.1443939209
0.1925354004
-0.1238555908
0.1238555908
-0.3715667725
0.2477111816
-0.1238555908
0.0000000000
0.1238555908
0.2477111816
0.6530914307
-0.2176971436
-0.1741638184
-0.1306152344
-0.5660095215
0.3047790527
-0.0435333252
0.0435333252
-0.0808868408
0.2426452637
0.5661773682
-0.0808868408
-0.3235321045
0.2022094727
0.5257263184
0.3639678955
-0.1208343506
-0.1208343506
-0.2416839600
0.0000000000
0.2416839600
0.2416839600
-0.3625183105
0.2416839600
0.0000000000
-0.0714111328
-0.1071166992
-0.9640808105
-0.1071166992
0.0357055664
0.0000000000
0.0000000000
-0.2258911133
0.8712921143
0.0645446777
-0.1936187744
0.1936187744
-0.0322723389
-0.0968170166
0.2581634521
-0.6024169922
0.3543701172
-0.0354309082
0.3543701172
0.1771850586
-0.3543701172
0.2480621338
0.3543701172
-0.2905578613
-0.5811157227
0.3874053955
0.1937103271
-0.1937103271
-0.0968475342
-0.0968475342
0.0000000000
-0.2357025146
-0.2357025146
-0.1178436279
0.0000000000
-0.0589294434
-0.2946319580
0.4124755859
-0.7071075439
0.0862731934
0.0287628174
0.1437835693
0.9202270508
-0.1150360107
-0.0287628174
-0.2875671387
-0.0287628174
-0.1793365479
0.9325408936
0.0358734131
0.1793365479
0.0717315674
-0.1076049805
0.0717315674
0.0358734131
0.4083862305
0.0291748047
0.6417388916
0.0000000000
0.1166839600
0.6125793457
0.0583343506
-0.0291748047
-0.0670623779
-0.8718719482
-0.1341400146
-0.2012023926
0.0000000000
-0.1676635742
-0.2012023926
0.2682647705
0.7049713135
0.2226257324
-0.1484222412
-0.1484222412
0.4452514648
-0.0742034912
-0.3339385986
0.2226257324
0.0000000000
0.0000000000
0.0911560059
0.0911560059
-0.0911560059
0.0000000000
0.0000000000
0.0000000000
0.2818603516
-0.2818603516
0.2818603516
-0.1879119873
-0.1879119873
-0.4697723389
0.2818603516
-0.2818603516
-0.1177520752
0.9420623779
-0.0785064697
0.1177520752
-0.1177520752
-0.1570129395
-0.1177520752
0.1177520752
0.3458099365
-0.1330108643
-0.4522247314
0.5054168701
0.0798034668
-0.2128143311
0.2128143311
-0.5320281982
-0.2795562744
0.1677398682
-0.3913726807
0.2795562744
0.5032043457
-0.4472961426
0.2795562744
0.1677398682
0.3925933838
-0.4362182617
-0.2181091309
0.0436248779
0.2617340088
0.5234680176
-0.3925933838
0.2181091309
0.1005401611
0.6535186768
0.0000000000
-0.3518981934
-0.5027008057
0.1508178711
-0.2010803223
0.2010803223
0.1855621338
0.0927886963
-0.4639129639
0.2783508301
0.0927886963
-0.1855621338
-0.0927886963
-0.5567016602
0.9162445068
0.0000000000
0.0832977295
-0.0555267334
-0.3054199219
0.1388244629
-0.1110534668
-0.0277709961
-0.0357208252
0.0357208252
0.9822845459
0.1250152588
-0.0357208252
0.0357208252
0.0535736084
-0.0357208252
-0.6691284180
-0.1338195801
0.2007446289
0.2676544189
0.3345642090
0.1338195801
-0.2676544189
0.2676544189
-0.0419921875
0.0000000000
0.0559844971
-0.0279998779
0.0139923096
0.0000000000
-0.9938049316
-0.0139923096
-0.3014221191
-0.3014221191
-0.1004791260
0.4018859863
-0.3014221191
-0.1004791260
-0.3014221191
0.3014221191
-0.0394744873
0.9868469238
-0.0197296143
-0.0789489746
-0.0394744873
0.0000000000
-0.0592041016
0.0197296143
0.1049804688
0.0000000000
-0.1049804688
-0.1049804688
0.1049804688
0.1049804688
0.0000000000
-0.7348480225
-0.0947570801
-0.1895141602
0.0000000000
0.0947570801
0.0000000000
-0.2842712402
-0.5685577393
0.4738006592
0.3981628418
0.5474853516
0.4479370117
0.1990814209
0.0000000000
0.3981628418
0.0000000000
0.2488555908
0.7714843750
-0.1815185547
-0.1361389160
-0.2722930908
0.1361389160
-0.2722930908
0.3176727295
0.1361389160
0.0000000000
0.0000000000
0.0000000000
0.1150360107
-0.1150360107
-0.2300720215
0.1150360107
0.0000000000
0.5999145508
-0.1384429932
-0.1384429932
-0.3691711426
-0.5999145508
0.0923004150
-0.1384429932
0.0923004150
0.0000000000
0.2486114502
0.5800933838
0.0000000000
-0.2900390625
0.2486114502
0.5386505127
0.3314819336
-0.1150360107
-0.1150360107
-0.1150360107
0.1150360107
0.1150360107
0.1150360107
-0.1150360107
0.0000000000
-0.0494079590
-0.0988159180
0.0000000000
-0.9387054443
-0.1482238770
-0.0494079590
0.0000000000
0.0494079590
-0.1673889160
0.9373474121
0.0669555664
-0.1339111328
0.1004333496
-0.0669555664
-0.1004333496
0.1004333496
-0.5839843750
0.3185424805
-0.2123565674
0.2654418945
0.1592712402
-0.2654418945
0.1592712402
0.4778137207
-0.2540588379
-0.5081176758
-0.0846862793
0.4234313965
0.0000000000
-0.4234313965
0.2540588379
0.0000000000
-0.3232574463
-0.0646514893
0.0000000000
0.3232574463
0.1939544678
-0.4525604248
0.2586059570
-0.5818634033
0.1883087158
0.0000000000
0.0313873291
0.9101409912
0.0627746582
0.0000000000
-0.3138427734
0.0313873291
-0.3025054932
0.8697052002
0.1134338379
0.2646942139
-0.0756225586
-0.0756225586
0.0756225586
0.0756225586
0.5406951904
-0.0300445557
0.5406951904
-0.0901184082
0.1501922607
0.5707397461
0.1201629639
-0.1201629639
-0.0775299072
-0.8141021729
-0.3101348877
-0.1163024902
0.0387725830
-0.1550598145
-0.2713623047
0.2713623047
0.2058258057
0.3430480957
-0.1372222900
-0.4802703857
0.4116668701
-0.1372222900
-0.4116668701
0.2744445801
-0.1064758301
0.1064758301
0.1064758301
0.0000000000
-0.1064758301
0.0000000000
0.0000000000
-0.1064758301
0.3072509766
-0.2048339844
0.2048339844
-0.2048339844
-0.1024169922
-0.6144866943
0.1024169922
0.0000000000
-0.0754699707
0.9307861328
-0.1509399414
0.2012481689
-0.1006317139
-0.1257781982
-0.0503082275
0.1257781982
0.2695617676
-0.0245056152
-0.4411010742
0.6616668701
0.0735168457
-0.2450561523
0.1225280762
-0.4411010742
0.1726379395
-0.1150970459
-0.4028320312
0.0575408936
0.0000000000
0.1726379395
0.8056793213
-0.0575408936
0.2255249023
-0.4059295654
-0.0902099609
0.0451049805
0.3157196045
0.6765594482
-0.2255249023
0.3157196045
0.1030426025
0.5667266846
0.0000000000
-0.4121551514
-0.4636840820
0.3606414795
-0.2060852051
0.1545562744
0.1250000000
0.0000000000
0.0000000000
0.1250000000
-0.3750000000
-0.1250000000
0.0000000000
-0.2500000000
0.9097290039
-0.0779724121
0.0259857178
-0.0519866943
-0.2599182129
0.2079315186
-0.1559600830
-0.0779724121
0.0000000000
0.1434173584
0.9561462402
0.0000000000
-0.1673278809
0.0956115723
0.0239105225
-0.0956115723
-0.7726135254
0.0643920898
0.0643920898
0.1931610107
0.3863067627
-0.0643920898
0.0000000000
0.2575378418
-0.0180206299
-0.0540466309
0.0000000000
-0.0180206299
-0.0540466309
0.0000000000
-0.9908599854
-0.0360260010
-0.3096008301
-0.3096008301
-0.3869934082
0.3096008301
-0.3869934082
0.2321929932
-0.3869934082
0.0773925781
-0.0833587646
0.9725189209
-0.1111450195
-0.0833587646
0.0000000000
0.0555725098
0.0000000000
0.0000000000
0.1172332764
0.1172332764
0.0000000000
-0.1172332764
0.0000000000
0.2344665527
-0.1172332764
-0.5861816406
-0.0855865479
0.0000000000
-0.0855865479
0.0855865479
-0.0855865479
-0.3423614502
-0.7702941895
0.0855865479
0.4166564941
0.5555419922
0.3703613281
0.2777709961
0.1851806641
0.3703613281
-0.0925903320
0.2314758301
0.8035125732
-0.1417999268
0.0472717285
-0.1890563965
0.1890563965
-0.3781280518
0.1890563965
0.0945281982
0.0785675049
-0.0785675049
0.0000000000
0.0000000000
0.0000000000
0.0000000000
0.0000000000
0.0000000000
0.5109252930
-0.0785980225
-0.2358093262
-0.5502166748
-0.5502166748
0.0393066406
0.0785980225
0.1179046631
-0.1007995605
0.2519836426
0.7055664062
0.0000000000
-0.4031829834
0.1007995605
0.4031829834
0.1007995605
0.1064758301
-0.1064758301
-0.1064758301
0.1064758301
0.1064758301
0.0000000000
0.0000000000
0.0000000000
-0.1908111572
-0.1908111572
0.1908111572
-0.7632446289
-0.3180084229
0.0635986328
-0.0635986328
0.2544097900
-0.1101074219
0.9542541504
0.0734100342
-0.1101074219
0.0366973877
-0.0366973877
-0.1101074219
0.0366973877
-0.5516510010
0.3152313232
-0.1576080322
0.2364196777
0.2364196777
-0.1576080322
0.0000000000
0.4728393555
-0.0840911865
-0.0840911865
-0.0840911865
0.5045928955
0.2522888184
-0.5886840820
0.2522888184
-0.0840911865
-0.3142700195
-0.0785675049
-0.1571350098
0.1571350098
-0.1571350098
-0.5499725342
0.0785675049
-0.5499725342
0.1623840332
-0.0270690918
-0.0270690918
0.9472656250
0.0270690918
-0.0270690918
-0.2165222168
0.0541229248
-0.2098693848
0.8744659424
0.1399078369
0.2448425293
-0.1399078369
-0.1748962402
0.1049346924
0.1049346924
0.5490570068
-0.0366058350
0.6588745117
-0.1098175049
0.1098175049
0.4392395020
-0.0366058350
-0.0366058350
-0.0617675781
-0.8029632568
-0.3088378906
-0.1235351562
-0.0617675781
-0.1235351562
-0.2470703125
0.1853027344
0.2386169434
0.4772338867
0.0000000000
-0.4772338867
0.3181610107
-0.0795440674
-0.0795440674
0.3976898193
-0.1178436279
0.1178436279
0.0000000000
0.0000000000
-0.1178436279
0.0000000000
0.1178436279
-0.2357025146
0.2498779297
0.0000000000
0.1249389648
-0.1249389648
0.1249389648
-0.3748321533
0.0000000000
0.1249389648
0.0333251953
0.9331817627
-0.0999908447
0.2666168213
-0.0666503906
-0.0333251953
0.0333251953
0.0666503906
0.1916809082
0.0000000000
-0.4217071533
0.7667388916
0.0766754150
-0.1533508301
0.0383300781
-0.3450317383
0.2712860107
-0.3391113281
-0.3391113281
0.1356506348
-0.3391113281
0.3391113281
0.5425872803
0.0000000000
0.1341247559
-0.4023742676
-0.0670623779
-0.0670623779
0.2011871338
0.7376861572
-0.0670623779
0.2682495117
0.1487579346
0.5950622559
0.0000000000
-0.3719177246
-0.3719177246
0.3719177246
-0.1487579346
0.0000000000
0.1228332520
0.0000000000
0.0000000000
0.1228332520
-0.2456817627
0.0000000000
-0.2456817627
-0.1228332520
0.9230957031
0.0000000000
0.0000000000
-0.1420135498
-0.2130279541
0.1775207520
-0.0710144043
-0.0710144043
0.1679077148
0.2098846436
0.8815460205
-0.0839538574
-0.2518768311
0.1259307861
0.0000000000
-0.0839538574
-0.6000061035
0.1999969482
0.0000000000
0.1000061035
0.3000030518
-0.1000061035
0.1999969482
0.3000030518
-0.0611877441
-0.0611877441
-0.0305938721
0.0305938721
-0.0305938721
0.0305938721
-0.9790649414
0.0000000000
-0.3523406982
-0.1761627197
-0.6459503174
0.0000000000
-0.2936096191
0.4110565186
-0.2348937988
0.0587158203
-0.1998443604
0.7994079590
-0.3997039795
-0.0666198730
0.0000000000
0.0666198730
0.0666198730
0.0000000000
0.1237182617
0.1237182617
-0.1237182617
-0.2474365234
0.0000000000
0.0000000000
-0.1237182617
-0.2474365234
0.0000000000
-0.4116668701
-0.2058258057
0.1029205322
-0.1029205322
-0.4116668701
-0.4116668701
-0.2058258057
0.2851867676
0.6518707275
0.3259277344
0.3259277344
0.2444458008
0.2851867676
-0.2444458008
0.1629638672
0.5932312012
-0.1617889404
0.2696533203
-0.2157135010
0.1617889404
-0.5932312012
-0.1617889404
-0.0539245605
0.0000000000
-0.1000061035
0.1000061035
0.1000061035
0.0000000000
-0.1000061035
0.0000000000
0.0000000000
0.5628051758
0.0000000000
-0.3283081055
-0.4221038818
-0.4221038818
0.1407012939
0.3283081055
0.1407012939
-0.2077789307
0.4155578613
0.5540771484
-0.0692596436
-0.2770385742
-0.2077789307
0.4155578613
-0.1385192871
0.1216278076
-0.1216278076
-0.1216278076
0.1216278076
0.1216278076
-0.2432556152
0.0000000000
-0.1216278076
-0.1717987061
-0.2576904297
0.1717987061
-0.6871643066
-0.0858917236
0.2576904297
-0.0858917236
0.2576904297
-0.1137847900
0.7965240479
0.1137847900
-0.3982696533
-0.1706848145
-0.0569000244
-0.1137847900
0.1706848145
-0.3299102783
0.4398803711
-0.2199401855
0.2199401855
0.1099700928
0.1099700928
-0.1099700928
0.3299102783
0.1301116943
0.0000000000
-0.7807006836
0.3252868652
0.1951751709
-0.1301116943
0.0650634766
0.2602386475
-0.2246704102
-0.1123352051
-0.1123352051
-0.2246704102
-0.1123352051
-0.2246704102
-0.1123352051
-0.5616760254
0.0901794434
-0.0901794434
-0.1352844238
0.9695129395
0.0225524902
0.0000000000
-0.0225524902
0.0901794434
-0.1421051025
0.8170928955
0.1421051025
0.2842102051
-0.2131500244
-0.2486877441
0.1776275635
0.1776275635
0.5088195801
-0.3816223145
0.3816223145
-0.1272125244
0.1272125244
0.1908111572
-0.3180084229
0.3816223145
-0.1055145264
-0.5275421143
-0.2110137939
-0.4220428467
-0.1055145264
-0.2110137939
0.1055145264
0.1055145264
0.5540771484
0.4155578613
0.0692596436
-0.4848175049
0.1385192871
-0.2770385742
0.1385192871
0.0692596436
0.0000000000
0.1064758301
0.1064758301
0.0000000000
-0.1064758301
-0.1064758301
0.0000000000
-0.1064758301
0.1178436279
0.1178436279
0.0000000000
-0.2357025146
0.0000000000
0.1178436279
0.1178436279
0.0000000000
0.0407409668
0.9370574951
-0.1222229004
0.2037048340
0.0000000000
0.0814819336
0.0407409668
-0.0407409668
-0.1279754639
0.0000000000
-0.1919708252
0.8958740234
-0.0639953613
0.0000000000
0.0000000000
-0.0639953613
0.3123779297
-0.3904724121
-0.3123779297
-0.1561889648
-0.4685668945
0.3904724121
0.1561889648
-0.1561889648
0.3068847656
-0.3836212158
-0.1534423828
-0.0767211914
0.3836212158
0.6137847900
0.0000000000
0.0767211914
0.2250518799
0.4501037598
0.2813110352
-0.3938446045
-0.2250518799
0.5063629150
-0.2250518799
0.2250518799
0.1237182617
0.0000000000
-0.1237182617
-0.1237182617
0.1237182617
0.2474365234
-0.2474365234
0.0000000000
0.5692901611
0.2439880371
0.0813293457
-0.4879760742
-0.3253173828
0.1626586914
0.0813293457
-0.0813293457
0.3171997070
0.2114715576
0.7930145264
-0.1585998535
-0.2643432617
0.1585998535
-0.1057281494
-0.0528717041
0.0000000000
0.2400054932
0.0000000000
0.1199951172
0.0000000000
0.0000000000
0.2400054932
0.0000000000
-0.3212585449
0.0000000000
0.0535430908
0.1070861816
0.1606292725
0.1606292725
-0.8566894531
-0.0535430908
-0.2294311523
-0.0573577881
-0.8030242920
-0.2294311523
-0.2294311523
0.2294311523
-0.0573577881
0.1720733643
-0.2664337158
0.2664337158
-0.5328674316
-0.1776275635
0.0000000000
0.0000000000
0.2664337158
0.4440612793
0.1000061035
0.0000000000
0.0000000000
0.0000000000
-0.1000061035
-0.1000061035
-0.1000061035
0.0000000000
0.1060485840
-0.4241790771
-0.1060485840
0.4241790771
-0.3181304932
0.2120971680
0.2120971680
-0.1060485840
0.2164459229
0.5681457520
0.3517150879
0.4328765869
0.2164459229
0.3787689209
-0.3246612549
0.0000000000
0.3657684326
-0.3048095703
0.4876861572
-0.1219177246
0.3048095703
-0.4876861572
-0.1828918457
-0.1828918457
0.0000000000
-0.2456817627
0.2456817627
0.1228332520
0.1228332520
-0.1228332520
0.0000000000
0.0000000000
0.3593444824
0.1437377930
-0.4312133789
-0.3593444824
-0.2874755859
0.1437377930
0.5030822754
0.0718688965
-0.3242645264
0.4863891602
0.3242645264
0.0000000000
0.0000000000
-0.2431945801
0.4053344727
-0.3242645264
0.0000000000
-0.2494506836
-0.1247253418
0.0000000000
-0.1247253418
-0.2494506836
0.0000000000
-0.2494506836
-0.2184143066
-0.0727996826
0.2184143066
-0.8008728027
-0.0727996826
0.2184143066
-0.0727996826
0.1456146240
-0.1456146240
0.3640289307
0.1456146240
-0.6552581787
-0.2912292480
0.0000000000
-0.2184143066
0.2912292480
-0.1190643311
0.4762878418
-0.1190643311
0.3572082520
0.0000000000
0.1190643311
0.1190643311
0.1190643311
0.0613098145
0.0000000000
-0.7356262207
0.1226043701
0.2452087402
0.1226043701
0.0000000000
0.4904174805
-0.2295379639
0.0000000000
0.2295379639
-0.3443145752
-0.1147766113
0.3443145752
-0.1147766113
-0.3443145752
0.0447998047
-0.0895843506
-0.1045227051
0.9705810547
-0.0895843506
-0.0149383545
0.0597229004
0.1343841553
0.0330352783
0.8919677734
0.0991058350
0.1982116699
-0.1651763916
-0.2642822266
0.1321411133
0.0660705566
0.2074584961
-0.5705108643
0.2074584961
-0.1555938721
0.1037292480
-0.1037292480
-0.2593231201
0.6223754883
-0.2477111816
-0.1238555908
-0.2477111816
-0.3715667725
0.0000000000
-0.1238555908
0.1238555908
0.1238555908
0.8663940430
0.1443939209
0.1082916260
-0.2888031006
-0.1082916260
-0.2165985107
0.1082916260
-0.1443939209
-0.1113433838
0.0000000000
0.1113433838
0.1113433838
-0.1113433838
-0.1113433838
0.0000000000
0.1113433838
0.4106597900
-0.4927825928
0.0821380615
-0.0821380615
-0.0821380615
-0.4106597900
0.3285217285
-0.2463989258
-0.1752166748
0.9261169434
-0.0500640869
0.0500640869
-0.1001129150
-0.2002410889
-0.0750885010
0.1752166748
0.2359313965
-0.2097167969
-0.4718627930
0.4718627930
0.1310729980
-0.1310729980
0.0524291992
-0.6291503906
-0.1118164062
0.0000000000
-0.4472961426
0.5032043457
0.2236480713
-0.5032043457
0.2236480713
0.2795562744
0.2439880371
-0.3253173828
0.0813293457
0.2439880371
0.0813293457
-0.5692901611
-0.3253173828
-0.3253173828
0.0000000000
0.5340270996
-0.2373504639
-0.1186676025
-0.6527099609
0.0000000000
-0.1186676025
0.2966918945
0.0924072266
-0.0924072266
-0.6468200684
0.1847991943
0.0000000000
-0.0924072266
-0.0924072266
-0.4620056152
0.9536895752
-0.0773315430
0.0000000000
0.1031036377
-0.0773315430
0.1546478271
-0.1288757324
-0.0773315430
-0.0395812988
-0.0791473389
0.9497833252
0.2374420166
-0.0791473389
-0.0197906494
0.1187286377
-0.0197906494
-0.4960784912
-0.3307189941
0.1653594971
0.0826873779
0.0826873779
0.2480316162
-0.4960784912
0.2480316162
-0.0622558594
-0.0207519531
-0.0622558594
-0.0830078125
0.1245117188
-0.0207519531
-0.9753417969
0.0622558594
0.0000000000
-0.0664672852
0.8641204834
0.1994171143
0.0664672852
0.0000000000
-0.1994171143
0.1329345703
-0.0447692871
0.9850616455
-0.0447692871
-0.0223846436
-0.0895538330
0.0000000000
-0.0223846436
0.0223846436
0.0959930420
-0.0959930420
-0.0959930420
0.0000000000
0.0959930420
-0.1920013428
-0.0959930420
-0.7680053711
0.0000000000
-0.0947570801
0.0000000000
0.0947570801
0.0000000000
-0.2842712402
-0.0947570801
0.7580718994
0.4066467285
0.4066467285
0.2439880371
0.0813293457
-0.4879760742
0.3253173828
0.1626586914
-0.0813293457
0.3245239258
0.1081695557
-0.3786163330
-0.2704315186
-0.2704315186
-0.4867858887
-0.2704315186
0.4326934814
0.0000000000
0.0000000000
-0.3726806641
0.0000000000
0.0000000000
0.3726806641
0.1242218018
0.1242218018
0.8191680908
-0.1638336182
-0.2184448242
-0.1638336182
-0.3822784424
0.2184448242
0.0546112061
0.0819244385
-0.1048583984
0.1048583984
0.6815948486
0.0524291992
-0.4194488525
0.1048583984
0.3145904541
0.3670196533
-0.1166229248
-0.2332305908
-0.2332305908
0.0000000000
0.2332305908
0.2332305908
-0.4664764404
0.1166229248
0.0000000000
0.0894012451
-0.0446929932
-0.8939361572
-0.2234802246
0.0446929932
-0.2681884766
-0.0446929932
-0.1736907959
0.9263763428
0.0289459229
-0.2026519775
0.0289459229
0.0289459229
0.0000000000
0.2026519775
-0.5030059814
0.3018035889
-0.0335388184
0.3688659668
0.2682647705
-0.3688659668
0.3353271484
0.4024047852
-0.0762786865
-0.2288513184
0.8390960693
-0.0762786865
0.0000000000
-0.0762786865
-0.0762786865
0.1525573730
-0.4041748047
-0.2694549561
0.1347198486
0.0000000000
0.2020874023
-0.2694549561
0.3368225098
-0.6062774658
0.0545501709
0.0000000000
0.1909332275
0.9273529053
-0.1909332275
0.0272827148
-0.1909332275
-0.0545501709
-0.1604309082
0.9305267334
-0.0320892334
-0.1283416748
0.0641784668
-0.1925201416
0.0000000000
-0.1283416748
0.3843078613
0.1478118896
0.2956237793
-0.1182556152
-0.0295562744
0.8277587891
-0.1182556152
-0.0295562744
0.0997924805
-0.8981018066
-0.0997924805
0.0000000000
-0.0997924805
-0.0997924805
-0.0997924805
0.2494659424
0.7206420898
0.2119598389
-0.1695556641
-0.0847778320
0.3391265869
-0.0423889160
-0.4239044189
0.2119598389
-0.1150360107
0.1150360107
0.1150360107
0.1150360107
-0.1150360107
-0.1150360107
-0.1150360107
0.0000000000
0.1762847900
-0.3525543213
0.1762847900
-0.1762847900
-0.1762847900
-0.6169738770
0.2644195557
-0.1762847900
-0.1020965576
0.9443359375
0.0255279541
0.0000000000
-0.1020965576
-0.2297058105
-0.0510406494
0.1020965576
0.2327728271
-0.1163787842
-0.4073486328
0.4655303955
0.1745758057
-0.0581970215
0.0290985107
-0.6983032227
-0.0667572021
0.0000000000
-0.4673461914
0.3338165283
0.2002868652
-0.4673461914
0.4673461914
0.2002868652
0.2867431641
-0.2867431641
0.0000000000
0.0955810547
-0.2867431641
0.2867431641
-0.5734863281
-0.0955810547
-0.0451507568
0.6772460938
-0.2257537842
-0.1354522705
-0.4966430664
0.1806030273
-0.2709045410
0.2257537842
0.0823974609
-0.0823974609
-0.7416381836
0.0000000000
0.1648101807
-0.0823974609
-0.2472076416
-0.3296203613
0.9535369873
-0.0596008301
0.0298004150
0.0000000000
-0.1787872314
0.0596008301
-0.1191864014
-0.0894012451
-0.0185852051
-0.0557556152
0.9664306641
0.1486816406
-0.1300964355
0.0371704102
0.0743408203
-0.0743408203
-0.7468872070
-0.0622406006
0.1867218018
0.0622406006
0.3734436035
0.1867218018
-0.2489624023
0.1867218018
-0.0463409424
0.0000000000
-0.0463409424
-0.0308990479
0.0926971436
0.0000000000
-0.9887084961
0.0308990479
-0.4037933350
-0.2019042969
0.6056976318
0.2019042969
-0.1009521484
0.0000000000
-0.1009521484
0.0000000000
-0.0428771973
0.9863128662
0.0000000000
-0.0214385986
-0.0857696533
0.0214385986
-0.0214385986
0.0428771973
0.1928405762
0.0000000000
-0.1928405762
-0.0964202881
0.2892761230
0.0964202881
-0.1928405762
-0.6749725342
-0.1147766113
-0.1147766113
0.1147766113
0.2295379639
-0.3443145752
-0.1147766113
-0.4590759277
0.2295379639
0.5749664307
0.3593444824
0.2874755859
0.3593444824
-0.0718688965
0.1437377930
0.2156066895
0.2874755859
0.6585235596
-0.1519622803
-0.3545837402
-0.2026214600
-0.0506591797
-0.4559020996
0.2026214600
0.2026214600
0.0000000000
0.1219482422
-0.4878082275
0.1219482422
-0.2438964844
0.1219482422
0.1219482422
0.1219482422
0.9041137695
-0.0861053467
-0.1722106934
-0.1722106934
-0.2152709961
0.0861053467
0.0000000000
-0.0430603027
-0.0420837402
0.1683654785
0.7996978760
0.1683654785
-0.2104492188
0.0000000000
0.2946319580
0.3367156982
-0.1153869629
-0.3461608887
-0.2307739258
0.1153869629
0.2307739258
0.1153869629
-0.4615325928
0.0000000000
-0.0681457520
-0.0340728760
-0.0340728760
-0.9540710449
-0.1703643799
0.0340728760
-0.0681457520
0.1022186279
-0.1206970215
0.9656066895
-0.0603485107
-0.0603485107
-0.0301818848
-0.0301818848
0.0000000000
0.1206970215
-0.5402984619
0.3859252930
-0.0385894775
0.3859252930
0.2315521240
-0.3473358154
0.1929626465
0.3859252930
-0.0986175537
-0.2958526611
0.5917053223
0.0986175537
0.0000000000
-0.3944702148
0.1972351074
0.0000000000
-0.4564819336
-0.2028808594
0.0507202148
0.3550415039
0.3043212891
-0.4057617188
0.1521606445
-0.5072021484
0.0765075684
-0.0765075684
0.2295227051
0.9180755615
0.0382537842
0.0382537842
-0.1912689209
-0.0765075684
-0.2691497803
0.8843536377
0.0769042969
0.0769042969
0.0769042969
-0.2691497803
0.0769042969
-0.0384521484
0.4465789795
0.1786346436
0.3274841309
-0.2084045410
-0.0595397949
0.7442932129
-0.1786346436
0.0000000000
-0.0437927246
-0.8757781982
-0.0437927246
-0.1313629150
-0.0437927246
-0.2627258301
-0.1751556396
0.2189483643
0.6451721191
0.0645141602
0.0000000000
-0.1290283203
0.4516296387
-0.0645141602
-0.3871002197
0.2580718994
-0.1249389648
0.2498626709
0.2498626709
0.0000000000
-0.1249389648
0.0000000000
-0.2498626709
-0.1249389648
0.0818634033
-0.3274383545
0.3274383545
-0.1637268066
-0.1637268066
-0.6548919678
0.2455902100
-0.0818634033
-0.0536041260
0.9648284912
-0.0267944336
0.0803985596
-0.0536041260
-0.1608123779
-0.0267944336
0.0803985596
0.2429656982
0.0000000000
-0.4049377441
0.5939025879
0.2159576416
0.0269927979
0.0269927979
-0.5939025879
0.2390289307
-0.2390289307
-0.4780578613
0.1792755127
0.2390289307
-0.3585510254
0.5378112793
0.1792755127
0.2523040771
-0.2523040771
-0.1009216309
-0.0504608154
0.1009216309
0.6055450439
-0.5550842285
0.3027648926
-0.0400543213
0.6408081055
-0.1602020264
-0.2402954102
-0.4806060791
0.3204040527
-0.2002563477
0.2803497314
0.1833038330
0.0000000000
-0.6415557861
0.1833038330
0.0916442871
0.0916442871
-0.2749481201
-0.3666076660
0.9135589600
-0.0222778320
0.0668487549
-0.0445709229
-0.2896728516
0.0668487549
-0.2228240967
-0.0668487549
0.0000000000
-0.0202026367
0.9497222900
0.0404205322
-0.1414489746
0.1818542480
0.0606231689
-0.1616516113
-0.8061523438
0.0447845459
0.1791381836
0.1343536377
0.4030761719
0.0447845459
-0.1343536377
0.2239379883
-0.0838165283
0.0139617920
-0.0419006348
0.0139617920
0.0139617920
0.0000000000
-0.9917602539
-0.0279388428
-0.4886322021
-0.0977325439
-0.3908996582
0.0977325439
-0.3908996582
0.0000000000
-0.2931823730
0.0977325439
-0.0746307373
0.9701080322
0.0497436523
-0.0746307373
-0.0497436523
0.0000000000
0.0248718262
0.1492462158
0.1024169922
0.0000000000
-0.2048339844
0.0000000000
0.1024169922
0.2048339844
0.0000000000
-0.7169036865
-0.1937103271
0.3874053955
0.1937103271
0.2905578613
-0.2905578613
0.1937103271
-0.4842681885
0.0000000000
0.4317016602
0.3837280273
0.4317016602
0.4317016602
0.1439056396
0.2877960205
-0.0479736328
0.3357696533
0.7656097412
-0.1458282471
-0.0364532471
-0.1458282471
0.0729217529
-0.4739532471
0.2916564941
0.1093750000
0.0000000000
0.1190643311
-0.4762878418
0.1190643311
-0.1190643311
-0.1190643311
0.3572082520
0.1190643311
0.7083282471
0.0544891357
-0.0544891357
-0.4358825684
-0.3814086914
-0.2179412842
-0.1089782715
0.0000000000
-0.0389099121
0.1945648193
0.8560791016
0.1945648193
-0.1167449951
-0.0778198242
0.3113098145
0.1556549072
-0.1237182617
-0.2474365234
-0.1237182617
0.2474365234
0.1237182617
0.0000000000
-0.1237182617
0.0000000000
0.0000000000
-0.0397033691
0.0000000000
-0.9528350830
-0.1191101074
0.0000000000
0.0000000000
0.1588134766
-0.0330963135
0.9265136719
-0.1654510498
0.0992736816
-0.1985321045
0.0992736816
0.0330963135
0.1323547363
-0.5671844482
0.4253845215
-0.0945281982
0.3781280518
0.0945281982
-0.2835998535
0.0472717285
0.4253845215
-0.0724334717
-0.0724334717
0.6518402100
0.2897033691
0.1448516846
-0.3621368408
0.3621368408
-0.1448516846
-0.3099365234
0.0000000000
0.0000000000
0.3099365234
0.3099365234
-0.6715393066
0.0516510010
-0.4132537842
0.1541595459
-0.1027679443
0.2569274902
0.8735351562
0.2055358887
0.0513916016
-0.0513916016
-0.0513916016
-0.4644012451
0.5417938232
0.0773925781
0.2321929932
-0.2321929932
-0.3096008301
0.1548004150
0.2321929932
0.5851745605
0.2155914307
0.4003753662
-0.2155914307
-0.0923919678
0.5543670654
-0.1847839355
-0.1539916992
0.0426635742
-0.8958587646
-0.1279754639
-0.1279754639
0.0000000000
-0.2133026123
-0.1706390381
0.1706390381
0.3242645264
0.0810699463
-0.0810699463
-0.4863891602
0.3242645264
-0.3242645264
-0.3242645264
0.3242645264
-0.1243286133
0.1243286133
0.1243286133
0.0000000000
0.0000000000
0.1243286133
0.0000000000
-0.3729858398
-0.1014251709
-0.1014251709
0.3042907715
0.0000000000
-0.1014251709
-0.7100219727
0.0000000000
0.0000000000
-0.0324249268
0.9078216553
-0.1621093750
0.2269592285
-0.0648498535
-0.1945343018
-0.0648498535
0.1296844482
0.2261352539
0.0411224365
-0.4522705078
0.7195281982
0.1439056396
0.0205535889
0.0616760254
-0.4317169189
0.3103485107
-0.2069091797
-0.3620758057
0.1551818848
0.0517272949
0.0517272949
0.7758941650
0.1034545898
0.1454162598
-0.1938781738
0.0969390869
-0.0969390869
0.2908172607
0.6785736084
-0.3877563477
0.3877563477
0.0895690918
0.4478607178
-0.2687225342
-0.4030761719
-0.4030761719
0.5374298096
-0.0895690918
0.1791381836
0.0000000000
0.0000000000
-0.2432556152
0.2432556152
0.1216278076
0.0000000000
0.1216278076
0.0000000000
0.9201049805
-0.0751037598
0.0375518799
0.0000000000
-0.2441101074
0.0563354492
-0.2628936768
-0.0563354492
0.0797424316
-0.0531616211
0.8772125244
0.0531616211
-0.1063232422
0.3721466064
-0.0265808105
-0.2126617432
-0.8117065430
0.0477447510
0.1432495117
0.1432495117
0.4297332764
0.0000000000
-0.0477447510
0.1909942627
-0.0639953613
0.0000000000
-0.0639953613
0.0639953613
0.0639953613
0.0426635742
-0.9813690186
-0.0639953613
-0.2738037109
0.0000000000
-0.6160583496
0.0684509277
-0.2738037109
0.2738037109
-0.4791564941
0.0684509277
-0.0407409668
0.9370574951
-0.2037048340
0.0407409668
0.0000000000
-0.0407409668
0.0814819336
0.1222229004
0.0000000000
0.2381439209
-0.2381439209
-0.1190643311
0.1190643311
0.2381439209
0.0000000000
-0.4762878418
-0.1156768799
0.3470153809
0.2313385010
0.3470153809
-0.3470153809
0.4048461914
-0.4626770020
-0.2891693115
0.3711547852
0.4175415039
0.4175415039
0.4639434814
0.1855773926
0.3711547852
-0.0463867188
0.2319641113
0.7321319580
-0.0813446045
0.1627044678
-0.2033691406
0.1220245361
-0.5287628174
0.1627044678
0.1220245361
0.0000000000
0.0000000000
-0.2456817627
0.1228332520
-0.1228332520
0.0000000000
0.2456817627
0.1228332520
0.3454132080
0.0493469238
-0.0493469238
-0.5428009033
-0.6414947510
-0.2960815430
0.0000000000
-0.0493469238
-0.0451965332
0.1355895996
0.8587188721
0.1807861328
-0.1355895996
-0.2259826660
0.2711791992
0.0000000000
0.0000000000
-0.1178436279
-0.2357025146
0.1178436279
0.1178436279
0.0000000000
-0.1178436279
0.0000000000
0.0000000000
0.0000000000
0.0722351074
-0.7946472168
-0.2167205811
-0.0722351074
-0.0722351074
0.3612060547
-0.0447845459
0.8509368896
-0.0447845459
-0.0447845459
-0.2687225342
0.1791381836
-0.0447845459
0.3135070801
-0.5950622559
0.3719177246
0.0000000000
0.2975311279
0.0743865967
-0.2975311279
0.0000000000
0.3719177246
-0.1491699219
0.0000000000
0.8204498291
0.0745849609
0.0745849609
-0.2237548828
0.0745849609
-0.2237548828
-0.1525573730
0.0762786865
-0.0762786865
0.0762786865
0.0000000000
-0.6865386963
0.0762786865
-0.5339660645
0.0766754150
-0.0383300781
0.1533508301
0.9584350586
0.0383300781
0.0000000000
-0.0383300781
0.0000000000
-0.2123718262
0.2123718262
0.1415863037
0.3539581299
-0.4955444336
-0.4247436523
0.2123718262
0.3539581299
0.4956054688
0.3717041016
0.4336547852
-0.0619506836
-0.1858520508
0.4336547852
-0.4026794434
-0.0929260254
0.0438232422
-0.9204406738
-0.0876617432
-0.1753234863
-0.0438232422
-0.2191467285
0.0000000000
0.0000000000
0.3330841064
0.3997039795
-0.0666198730
-0.3997039795
0.2664642334
-0.4663238525
-0.1332397461
0.3330841064
-0.1228332520
0.0000000000
0.0000000000
0.0000000000
-0.1228332520
0.1228332520
0.2456817627
-0.2456817627
0.0000000000
0.1150360107
0.1150360107
0.0000000000
0.0000000000
-0.2300720215
-0.1150360107
0.0000000000
0.0419464111
0.8807678223
-0.1677703857
0.2516479492
-0.0419464111
-0.1677703857
-0.1258239746
0.1677703857
0.2831573486
-0.0314636230
-0.4089965820
0.7550811768
0.1573028564
0.0629272461
0.0314636230
-0.3460845947
0.3211669922
-0.1605834961
-0.1605834961
0.1605834961
-0.2408752441
0.3211669922
0.6423339844
0.1605834961
0.2247009277
-0.2247009277
-0.0561676025
-0.1685180664
0.4494018555
0.6740875244
-0.1685180664
0.2808685303
0.1454162598
0.2908172607
-0.2423553467
-0.3877563477
-0.1454162598
0.7270507812
-0.1938781738
0.1454162598
0.2456817627
0.0000000000
-0.1228332520
-0.1228332520
0.0000000000
0.0000000000
0.1228332520
0.2456817627
0.9328918457
-0.1504669189
0.0300903320
-0.0902862549
-0.1805572510
0.0000000000
-0.1805572510
-0.0601806641
0.3198852539
-0.0399932861
0.7197570801
0.0000000000
-0.1199645996
0.5198211670
-0.0399932861
-0.1999359131
-0.6719970703
0.1920013428
0.1920013428
0.0959930420
0.2879943848
0.0959930420
0.0959930420
0.1920013428
-0.0832214355
0.0416107178
-0.0416107178
0.0832214355
0.0832214355
0.0416107178
-0.9571075439
-0.0416107178
-0.2350158691
0.1410064697
-0.7520751953
-0.1410064697
-0.0940093994
0.4230346680
-0.2820281982
0.0000000000
0.0878143311
0.3512420654
-0.7024688721
0.1756134033
-0.0878143311
-0.0878143311
0.1756134033
0.1756134033
0.1113433838
0.1113433838
-0.1113433838
-0.1113433838
0.0000000000
0.1113433838
0.0000000000
-0.1113433838
-0.1398620605
0.2097930908
0.2797088623
0.3496398926
-0.4195709229
0.5594329834
-0.0699310303
-0.2797088623
0.3703613281
0.5555419922
0.2777709961
0.4166564941
0.3703613281
0.1851806641
-0.0925903320
0.2314758301
0.6595153809
-0.0942230225
0.3297576904
-0.1884307861
0.0942230225
-0.5653076172
-0.0942230225
0.0471038818
0.0000000000
-0.0785675049
0.0000000000
0.0000000000
0.0000000000
0.0000000000
0.0000000000
0.0785675049
0.4841308594
0.1452331543
-0.3872985840
-0.2904815674
-0.6293792725
0.0000000000
0.1936492920
0.0000000000
0.0000000000
0.3441619873
0.7456665039
0.1720733643
0.0573577881
-0.3441619873
0.2294311523
-0.1147155762
0.1199951172
-0.1199951172
-0.1199951172
0.1199951172
0.1199951172
0.0000000000
0.0000000000
-0.2400054932
0.0000000000
-0.1004791260
0.1004791260
-0.7033081055
-0.2009429932
0.2009429932
0.0000000000
0.2009429932
-0.2225341797
0.1483612061
0.0000000000
-0.5192565918
-0.4450836182
0.0741729736
0.0000000000
0.5192565918
-0.3498535156
0.3498535156
0.0000000000
0.3498535156
-0.1166229248
-0.1166229248
-0.1166229248
0.2332305908
-0.1247253418
0.1247253418
0.0000000000
0.0000000000
0.3741607666
-0.1247253418
-0.1247253418
0.1247253418
0.0000000000
0.2484588623
-0.1242218018
-0.2484588623
0.1242218018
-0.1242218018
0.0000000000
-0.3726806641
0.0791320801
-0.1055145264
0.0263824463
0.9759979248
0.0527496338
0.0263824463
0.0263824463
0.0527496338
-0.1091308594
0.3819732666
0.0000000000
0.2728424072
-0.5456695557
-0.4365386963
0.2728424072
0.3274078369
0.4561614990
0.4105529785
0.3193206787
0.0456237793
-0.2736968994
0.2736968994
-0.5473937988
0.0456237793
0.0000000000
-0.8182067871
-0.0743865967
-0.1487579346
-0.1487579346
-0.2975311279
0.0000000000
-0.0743865967
0.4452209473
0.0635986328
0.0000000000
-0.5724334717
0.0635986328
-0.5724334717
0.0635986328
0.0000000000
0.0000000000
0.0000000000
0.1113433838
0.0000000000
0.0000000000
0.0000000000
0.2226867676
-0.1113433838
0.0000000000
0.1150360107
0.0000000000
0.0000000000
0.0000000000
0.2300720215
-0.1150360107
-0.1150360107
0.1126403809
0.9386444092
-0.1126403809
0.1877288818
0.0000000000
-0.0375518799
-0.0750885010
0.0750885010
0.1343536377
-0.2687225342
-0.0895690918
0.8957214355
0.0895690918
0.1343536377
0.0000000000
-0.0895690918
0.4041748047
-0.2694549561
0.2020874023
-0.1347198486
-0.5389099121
0.4715423584
0.2020874023
0.0000000000
0.3036804199
-0.3036804199
-0.1214752197
-0.1822052002
0.5466308594
0.5466308594
-0.1214752197
0.1822052002
0.2043914795
0.2043914795
0.2043914795
-0.3679046631
0.0408782959
0.7357940674
-0.2861480713
0.2452697754
0.1247253418
0.0000000000
0.0000000000
-0.2494506836
-0.2494506836
0.2494506836
0.0000000000
-0.1247253418
0.9211578369
-0.0400543213
0.0000000000
-0.2402954102
0.0000000000
-0.2002563477
0.0000000000
0.0000000000
0.3808441162
0.0544128418
0.6528625488
-0.1632232666
-0.1632232666
0.4352416992
-0.1088104248
-0.2720336914
-0.1229705811
0.2459411621
0.2459411621
0.0000000000
-0.2459411621
0.1229705811
0.3689117432
0.0000000000
-0.3206481934
0.0916137695
0.0916137695
0.1374206543
0.0916137695
0.1374206543
-0.8703308105
-0.0916137695
-0.1011810303
0.2023620605
-0.7588653564
-0.2023620605
0.0000000000
0.4553222656
-0.2023620605
0.0000000000
0.1749572754
-0.6123657227
-0.3499298096
0.0000000000
0.0000000000
-0.2624511719
0.2624511719
0.2624511719
0.1113433838
0.0000000000
0.0000000000
0.0000000000
-0.2226867676
0.0000000000
0.1113433838
0.0000000000
-0.1467895508
0.2446594238
0.3425140381
0.3425140381
-0.3914489746
0.6361083984
0.1957244873
0.0978698730
0.3187255859
0.6374664307
0.3187255859
0.4249725342
0.3187255859
0.2478942871
-0.0708312988
0.0354156494
0.4472961426
-0.1677398682
0.4472961426
-0.2236480713
0.2236480713
-0.5591125488
-0.1677398682
-0.1677398682
-0.1199951172
0.0000000000
0.2400054932
0.1199951172
0.1199951172
-0.1199951172
0.0000000000
0.1199951172
0.4518585205
0.1004180908
-0.4518585205
-0.2510375977
-0.6024932861
0.1004180908
0.2510375977
0.0000000000
-0.1516876221
0.3792419434
0.6067810059
0.2275390625
0.3033905029
-0.2275390625
0.1516876221
-0.2275390625
0.1000061035
-0.1000061035
-0.1000061035
0.0000000000
0.0000000000
0.0000000000
0.0000000000
-0.1000061035
-0.1166534424
0.0583190918
0.3499450684
-0.8165283203
-0.1166534424
0.2332916260
0.0000000000
0.1166534424
-0.1483612061
-0.2967224121
0.0741729736
-0.5192565918
-0.4450836182
-0.0741729736
0.2967224121
0.3708953857
0.0000000000
0.2300720215
-0.1150360107
0.1150360107
-0.1150360107
0.0000000000
0.0000000000
0.0000000000
-0.3424682617
0.2283172607
0.1141510010
-0.2283172607
0.3424682617
0.1141510010
-0.1141510010
0.3424682617
0.0000000000
0.2498779297
0.0000000000
-0.2498779297
0.0000000000
0.2498779297
-0.1249389648
-0.2498779297
0.0474700928
-0.0949401855
0.0316467285
0.9810333252
-0.0632934570
-0.0158233643
0.0632934570
0.0949401855
0.1077117920
0.7539367676
-0.1615600586
0.1615600586
-0.2692565918
-0.3769683838
0.2154083252
0.1077117920
0.3048095703
0.1219177246
0.5486602783
0.1219177246
-0.2438507080
0.2438507080
-0.5486602783
0.1828918457
-0.0924072266
-0.7392120361
0.0924072266
-0.0924072266
-0.0924072266
-0.2772064209
0.1847991943
-0.0924072266
0.8726959229
-0.0601806641
0.0601806641
-0.3009338379
-0.1203765869
-0.2708435059
0.0300903320
-0.1504669189
-0.1190643311
-0.1190643311
0.1190643311
0.0000000000
-0.3572082520
-0.1190643311
0.1190643311
0.4762878418
0.3008422852
-0.3760528564
0.0000000000
-0.2256317139
-0.3008422852
-0.3760528564
0.4512481689
-0.3008422852
0.0000000000
0.9267120361
0.1278228760
-0.1917266846
0.0958709717
-0.1917266846
0.0958709717
0.0000000000
0.1552734375
-0.1293945312
-0.4658203125
0.3881835938
0.1811523438
-0.2070312500
0.0776367188
-0.6987304688
-0.3692016602
0.1846008301
0.0000000000
0.2461395264
0.3692016602
-0.1846008301
0.6768646240
0.1230621338
0.0000000000
0.0522155762
0.4699401855
0.4699401855
-0.2088623047
-0.5743713379
0.1566467285
-0.2610778809
-0.0547332764
0.4925689697
-0.1641845703
0.0547332764
-0.7662200928
-0.1641845703
0.0000000000
0.1094665527
0.1749572754
-0.0874786377
-0.6123657227
0.0000000000
-0.0874786377
0.0874786377
-0.1749572754
-0.5248870850
0.9141235352
-0.0830993652
-0.0276947021
0.1108093262
-0.1939086914
0.1939086914
-0.1939086914
-0.0830993652
-0.0184173584
-0.2210083008
0.9024505615
0.3130950928
-0.1473388672
-0.0368347168
0.0368347168
-0.0552520752
-0.5171051025
0.1034240723
0.1034240723
0.0000000000
0.2068481445
-0.1034240723
-0.4136962891
0.3102722168
-0.0647735596
-0.0485839844
-0.0485839844
-0.0485839844
0.0161895752
-0.0647735596
-0.9877166748
0.0161895752
-0.0420837402
-0.0841827393
0.9259796143
0.1683654785
0.2104492188
0.0420837402
0.0000000000
-0.0420837402
0.0000000000
0.9816436768
-0.1090698242
0.0545349121
-0.0727081299
0.0000000000
-0.0727081299
-0.0181732178
0.0000000000
-0.1141510010
0.0000000000
0.0000000000
0.2283172607
-0.2283172607
-0.2283172607
-0.5707855225
-0.1019134521
0.0000000000
0.1019134521
0.4076843262
-0.3057556152
-0.1019134521
-0.4076843262
0.4076843262
0.5818634033
0.4525604248
0.3879089355
0.1939544678
0.0646514893
0.3232574463
-0.0646514893
0.1293029785
0.2703552246
0.0450592041
-0.4505767822
-0.1351776123
-0.3604583740
-0.6758728027
-0.1351776123
0.1802368164
0.0000000000
0.0905609131
-0.6338958740
-0.1811065674
-0.1811065674
0.2716674805
-0.1811065674
0.3622283936
0.8030395508
-0.0349121094
-0.0698242188
-0.2793121338
-0.3840637207
0.0698242188
-0.2793121338
0.0349121094
-0.1743774414
-0.2324981689
0.8719024658
0.1162567139
-0.1162567139
0.0000000000
-0.1162567139
0.0581207275
-0.2058258057
-0.2058258057
-0.2058258057
-0.1029205322
0.2058258057
0.1029205322
-0.6174926758
0.2058258057
-0.0480194092
0.0480194092
-0.0480194092
-0.8643951416
-0.2401123047
-0.0960388184
-0.2881317139
0.1440582275
-0.0356140137
0.9260101318
-0.1780853271
-0.0712280273
-0.1068420410
0.1424560547
0.1068420410
0.1424560547
-0.5243225098
0.3701019287
0.0000000000
0.3701019287
0.3084259033
-0.3392639160
0.3084259033
0.3392639160
-0.0678253174
-0.2712860107
0.6782379150
-0.2712860107
0.0678253174
-0.3391113281
-0.2034759521
0.2712860107
-0.5140228271
-0.1927642822
0.0642547607
0.1927642822
0.0642547607
-0.5140228271
0.3212585449
-0.3855133057
0.0000000000
-0.1274261475
0.2867279053
0.9238891602
-0.0637207031
0.0318603516
-0.0955810547
-0.0318603516
-0.1156463623
0.9252166748
-0.0867462158
-0.0578308105
0.1445617676
0.0289154053
-0.0578308105
-0.2602233887
0.5368347168
0.2982482910
-0.0596466064
-0.0894775391
-0.0596466064
0.7456054688
-0.1491241455
-0.0298309326
0.1371307373
-0.8685150146
0.1371307373
0.0914154053
-0.0914154053
-0.3199768066
0.1371307373
0.0457153320
0.8836364746
0.0552215576
0.0000000000
0.1656799316
0.0000000000
0.1104583740
-0.2209014893
-0.1656799316
-0.2494506836
-0.1247253418
0.2494506836
0.0000000000
-0.2494506836
0.1247253418
0.0000000000
0.0000000000
0.3201599121
-0.2401123047
0.2401123047
-0.1600799561
-0.3201599121
-0.4802398682
0.3201599121
-0.3201599121
0.0442352295
0.9510803223
0.1105957031
-0.1548309326
0.0442352295
-0.1769409180
0.0884704590
0.0221252441
0.1677551270
0.0000000000
-0.3774566650
0.5452117920
0.1258239746
-0.1887207031
0.2097015381
-0.6500701904
-0.0521392822
0.0521392822
0.1564331055
0.0521392822
0.1564331055
0.2607269287
0.8864746094
0.0000000000
-0.0604095459
0.1812133789
0.6644592285
0.3020324707
-0.4832458496
-0.0604095459
-0.1208038330
-0.2416229248
-0.1205902100
0.7235565186
0.0000000000
-0.0603027344
-0.4823608398
0.2411804199
-0.1205902100
0.1808929443
-0.0995330811
-0.3981323242
-0.5971984863
-0.0995330811
0.0995330811
0.0000000000
-0.0995330811
-0.2985992432
0.9192962646
-0.1125640869
0.0000000000
0.0562896729
-0.2251281738
0.1313323975
-0.2438964844
-0.0187683105
-0.0803527832
-0.1740875244
0.9240264893
0.2678375244
-0.1473083496
0.0267791748
0.0267791748
-0.0937347412
-0.6694488525
0.2231445312
0.1487579346
0.0000000000
0.4462890625
0.0000000000
-0.0743865967
0.2975311279
-0.0740356445
0.0000000000
0.0105743408
-0.0105743408
0.0422973633
-0.0105743408
-0.9941711426
-0.0211486816
-0.2891693115
-0.1735076904
0.8675231934
0.0000000000
-0.0578308105
0.0578308105
-0.1156768799
-0.0578308105
0.0000000000
0.9809112549
-0.1423950195
0.0316467285
-0.0632781982
0.0158233643
-0.0632781982
-0.0158233643
0.0000000000
-0.1159973145
-0.1159973145
0.0000000000
0.2320098877
0.0000000000
-0.2320098877
-0.5800018311
-0.0955810547
0.1911621094
0.1911621094
0.3823242188
-0.3823242188
0.1911621094
-0.4779052734
-0.1911621094
0.5634307861
0.3756256104
0.3130187988
0.3130187988
0.3130187988
0.3130187988
-0.0626068115
0.1252136230
0.4546203613
-0.1239929199
-0.2066497803
-0.2066497803
-0.1653137207
-0.7025909424
0.3306274414
0.0826568604
0.1724090576
0.0862121582
-0.7758636475
-0.0862121582
-0.1724090576
0.0000000000
0.0000000000
0.2586212158
0.6758422852
0.0355682373
0.0711364746
-0.4268493652
-0.2134246826
-0.1422882080
-0.4979858398
0.0000000000
-0.2073516846
-0.2073516846
0.8294067383
0.1244049072
0.2488250732
-0.0829467773
-0.2902984619
-0.0414733887
-0.2199401855
-0.4398803711
-0.2199401855
0.0000000000
0.0000000000
0.1099700928
-0.4398803711
0.2199401855
-0.0322570801
-0.0645141602
-0.1290130615
-0.9353485107
-0.0967559814
0.0000000000
-0.0967559814
0.2257690430
-0.0338592529
0.9141693115
-0.2708740234
0.1015777588
-0.1354370117
0.0677185059
0.1354370117
0.0338592529
-0.5656433105
0.4525146484
0.0000000000
0.3959503174
0.2545318604
-0.3110961914
0.2262573242
0.2828216553
-0.1480407715
0.0493469238
0.8388824463
0.0000000000
-0.0493469238
-0.3454132080
0.0986938477
-0.2467346191
-0.4139099121
-0.1773834229
-0.0591278076
0.4139099121
0.1182556152
-0.6504364014
0.1182556152
-0.2365264893
-0.0497741699
-0.2986297607
0.4977111816
0.7465667725
0.1493072510
0.0000000000
0.0000000000
0.0000000000
-0.1046447754
0.9679412842
-0.0261535645
-0.0523223877
0.0784759521
-0.0261535645
0.0523223877
-0.1307983398
0.5184173584
0.4092864990
0.1364288330
-0.0272827148
-0.1364288330
0.6548461914
-0.1909942627
-0.1909942627
0.0000000000
-0.9239959717
0.0879974365
0.0440063477
-0.0440063477
-0.2640075684
0.0440063477
0.0000000000
0.8227233887
-0.0747985840
0.1495819092
0.0747985840
0.0000000000
0.0747985840
-0.0747985840
-0.2991638184
-0.1249389648
0.1249389648
0.3748321533
0.1249389648
0.0000000000
0.0000000000
-0.1249389648
-0.2498779297
0.2213439941
-0.2951202393
0.2951202393
-0.1475524902
-0.2951202393
-0.5902404785
0.2213439941
-0.2951202393
0.0000000000
0.9790191650
0.0355987549
-0.0534057617
0.0178070068
-0.1602020264
0.0355987549
0.0000000000
0.2360687256
0.0168609619
-0.3878326416
0.6744842529
0.1517639160
-0.0505828857
0.2192077637
-0.5058593750
0.2642517090
-0.0880889893
0.0440368652
0.0440368652
-0.1761779785
0.3523406982
0.8368072510
0.0000000000
0.1230621338
0.1846008301
0.6768646240
-0.1230621338
-0.1230621338
0.1846008301
-0.4922637939
0.2461395264
-0.0520782471
0.5728149414
-0.1562194824
-0.1041564941
-0.2082977295
0.6248931885
-0.2603759766
0.2082977295
0.0000000000
-0.3133544922
0.0000000000
0.2089080811
-0.4178161621
0.0000000000
-0.1044464111
-0.5222625732
0.9062652588
-0.1066131592
0.0000000000
0.0666351318
-0.2532196045
0.0799713135
-0.2931976318
0.0266571045
-0.1022338867
-0.1277923584
0.9328308105
0.1916809082
-0.1405639648
0.1277923584
0.0383300781
-0.1533355713
-0.7617034912
0.0634765625
0.1904296875
0.0634765625
0.4443359375
0.0634765625
-0.0634765625
0.1904296875
-0.0880432129
0.0293426514
0.0195617676
0.0391235352
0.0880432129
0.0293426514
-0.9880676270
-0.0391235352
-0.4697723389
-0.0939483643
0.2818603516
-0.0939483643
-0.1879119873
-0.0939483643
-0.5637359619
-0.0939483643
0.0000000000
0.9583740234
-0.2151489258
0.0195617676
-0.0977935791
0.0000000000
-0.0586700439
0.0977935791
0.1249389648
-0.1249389648
-0.1249389648
-0.2498779297
0.0000000000
0.0000000000
-0.1249389648
-0.3748321533
-0.1287689209
0.6438446045
0.1287689209
0.2575378418
-0.1931610107
0.3219299316
-0.3219299316
-0.3219299316
0.5235900879
0.3665161133
0.3665161133
0.3141479492
0.3665161133
0.3141479492
-0.1570739746
0.1047210693
0.5965423584
-0.1491394043
0.1491394043
-0.3355560303
-0.0745697021
-0.4846954346
0.4474029541
0.0372772217
-0.1088256836
0.1088256836
-0.6529235840
0.0000000000
-0.1088256836
0.0000000000
0.2176361084
0.2176361084
0.5270233154
-0.0479125977
0.1916503906
-0.4791107178
-0.1916503906
-0.4311981201
-0.3832855225
0.0958251953
-0.0974731445
-0.1299591064
0.8447570801
0.0649871826
0.3574066162
-0.1299591064
-0.2599334717
-0.0974731445
-0.2246704102
-0.4493408203
-0.2246704102
0.2246704102
-0.2246704102
0.2246704102
-0.1123352051
0.2246704102
0.0576171875
-0.0288085938
-0.2016296387
-0.9505615234
0.0576171875
0.0000000000
0.0288085938
0.1440277100
-0.0278778076
0.8922729492
-0.2509460449
0.2230682373
-0.1394195557
0.1394195557
0.1394195557
0.0836486816
-0.5387573242
0.5387573242
0.0598602295
0.3890991211
0.1496582031
-0.3292388916
0.1795806885
0.2693786621
-0.0901641846
0.1202087402
0.8414611816
0.0000000000
-0.1202087402
-0.1202087402
0.0901641846
-0.4507904053
-0.1391906738
-0.0695953369
-0.2087707520
0.1391906738
0.0695953369
-0.8351135254
0.0695953369
-0.2087707520
0.0000000000
-0.4062042236
0.6383209229
0.5222625732
0.1160583496
-0.0580291748
0.1160583496
0.1160583496
-0.2139434814
0.9360198975
-0.0802307129
-0.1337127686
0.0000000000
-0.1337127686
0.0802307129
-0.0802307129
0.5516357422
0.4203033447
0.2626800537
0.1313476562
-0.1050720215
0.4990997314
-0.1838836670
-0.3414916992
0.0000000000
-0.9594421387
-0.0738067627
-0.0368957520
0.0368957520
-0.1476135254
-0.0738067627
0.0000000000
0.8106994629
0.0000000000
-0.0623626709
-0.1247253418
0.1247253418
-0.3741607666
0.0623626709
-0.1870880127
-0.1216278076
0.0000000000
0.0000000000
0.0000000000
0.1216278076
0.2432556152
0.0000000000
-0.2432556152
-0.0939483643
-0.0939483643
0.3758239746
0.0939483643
-0.0939483643
-0.6576843262
0.0000000000
-0.2818603516
0.0000000000
0.9828033447
-0.0163726807
0.0000000000
0.0000000000
-0.1474151611
-0.0491333008
0.0327606201
0.2097778320
-0.0139923096
-0.4475097656
0.7691650391
0.1258697510
0.0000000000
0.1957855225
-0.3216552734
0.3217010498
-0.1206359863
0.0402069092
0.0402069092
-0.2814788818
0.4021148682
0.7640228271
-0.0402069092
0.2814025879
0.0937957764
0.3752136230
-0.1876068115
0.5159149170
0.4221038818
-0.2814025879
0.3752136230
-0.0492858887
-0.1478576660
-0.4435729980
-0.1478576660
0.3450012207
0.6900024414
-0.2464294434
0.1478576660
0.0000000000
-0.1576080322
0.6304626465
0.1576080322
-0.3940429688
-0.1576080322
0.0788116455
-0.3940429688
0.9075012207
-0.1533813477
-0.0511322021
0.0766906738
-0.2172851562
0.0639038086
-0.2939758301
0.0383453369
-0.0765991211
-0.1225738525
0.9192657471
0.2144927979
-0.0765991211
0.2144927979
-0.0153198242
-0.1685333252
-0.6749725342
0.2892761230
0.0000000000
0.0964202881
0.2892761230
0.0000000000
0.0000000000
0.1928405762
-0.1471252441
0.0534973145
0.0802459717
0.1337432861
0.1604919434
0.1069946289
-0.9496154785
-0.0802459717
-0.2283172607
-0.1141510010
-0.6849517822
0.0000000000
0.1141510010
0.2283172607
-0.5137176514
-0.1712341309
0.0225830078
0.9255981445
-0.3386383057
0.0677337646
-0.0451507568
0.0000000000
-0.0225677490
0.0677337646
0.2456817627
0.0000000000
-0.1228332520
-0.2456817627
0.0000000000
0.1228332520
-0.1228332520
0.0000000000
-0.0469055176
0.6097106934
0.2345123291
0.2814025879
-0.1407012939
0.5159149170
-0.2345123291
-0.2814025879
0.4674072266
0.4674072266
0.2596740723
0.3635406494
0.3115997314
0.3635406494
-0.2077331543
0.0519409180
0.6028594971
-0.1130371094
0.2637481689
-0.3767852783
-0.0753631592
-0.5274963379
0.2637481689
-0.1130371094
-0.1242218018
0.0000000000
-0.1242218018
0.2484588623
-0.1242218018
0.0000000000
0.3726806641
0.2484588623
0.2219390869
0.0739746094
0.2219390869
-0.2219390869
-0.4438781738
-0.6658172607
0.0000000000
0.1479644775
0.0000000000
-0.0304718018
0.9140319824
0.0609283447
0.2742156982
-0.0914001465
-0.2132720947
-0.0304718018
-0.1238555908
-0.2477111816
-0.2477111816
0.1238555908
-0.1238555908
0.3715667725
-0.1238555908
0.0000000000
0.0924377441
-0.0924377441
-0.1540679932
-0.9552001953
0.0000000000
0.0000000000
0.0308074951
0.1232452393
-0.0466918945
0.9570770264
-0.1167144775
0.1400604248
-0.0233459473
0.1400604248
0.0466918945
0.0933685303
-0.5565643311
0.5565643311
0.0742034912
0.4081420898
0.0742034912
-0.3339385986
0.1113128662
0.1855163574
-0.1202087402
0.0000000000
0.8715209961
0.0000000000
-0.0601043701
-0.0901641846
0.0901641846
-0.4207305908
-0.3014221191
-0.2009429932
0.0000000000
-0.1004791260
0.0000000000
-0.6028289795
0.2009429932
-0.3014221191
0.0984497070
-0.4430389404
0.4430389404
0.6399383545
0.1476745605
-0.0984497070
0.1968994141
0.1968994141
-0.1810913086
0.9571990967
-0.0258636475
-0.0258636475
-0.0517425537
-0.1293487549
0.0776062012
-0.0517425537
0.4462432861
0.5099945068
0.4143676758
0.1593780518
-0.2231140137
0.3824920654
-0.2549896240
-0.2231140137
0.0357971191
-0.9665374756
-0.0715942383
-0.0715942383
0.0715942383
-0.0715942383
-0.0357971191
-0.0357971191
0.7509155273
-0.0883483887
-0.0441741943
-0.2650299072
0.0883483887
-0.4858856201
0.1325073242
-0.1766815186
0.0000000000
0.0000000000
0.0000000000
0.0000000000
0.0000000000
0.1113433838
0.1113433838
-0.2226867676
0.0000000000
0.1228332520
0.1228332520
0.0000000000
0.0000000000
-0.2456817627
0.1228332520
-0.2456817627
0.0545501709
0.9817962646
-0.0545501709
0.0545501709
0.0000000000
-0.0545501709
-0.0727233887
0.0909118652
0.1979522705
-0.0899810791
-0.4318847656
0.8277740479
0.1079711914
0.0179901123
0.1619567871
-0.1799468994
0.2600250244
-0.1560058594
0.3120269775
0.0000000000
-0.3640289307
0.3640289307
0.6760559082
0.0000000000
0.2455444336
0.0000000000
0.1964263916
-0.1964263916
0.6875000000
0.3928680420
-0.1964263916
0.3437500000
0.0000000000
-0.3630523682
-0.4538116455
-0.0907592773
0.4084320068
0.6353302002
-0.0907592773
0.0907592773
-0.0995330811
0.0995330811
0.5971984863
0.0000000000
-0.4976654053
-0.0995330811
0.0000000000
-0.0995330811
0.9626159668
-0.1571655273
-0.0589294434
-0.0196380615
-0.0589294434
-0.0196380615
-0.1375122070
0.0982208252
0.0000000000
-0.1025238037
0.9227752686
0.1845550537
0.0205078125
0.2665863037
-0.0615234375
-0.1230316162
-0.2449493408
0.3674163818
0.0000000000
0.0000000000
0.1224670410
0.3674163818
0.0000000000
0.1224670410
-0.1072387695
0.0306396484
0.1378784180
0.1072387695
0.0612792969
0.0765991211
-0.9651184082
-0.0919189453
-0.1654510498
0.0413665771
-0.7031860352
0.0000000000
0.1654510498
0.5377349854
-0.2068176270
-0.2481842041
0.0000000000
0.9123382568
-0.3345336914
0.0912322998
-0.1216430664
-0.0304107666
-0.0304107666
-0.0304107666
0.0000000000
-0.1064758301
0.0000000000
-0.1064758301
-0.1064758301
0.1064758301
-0.1064758301
0.0000000000
-0.1443939209
0.4813232422
0.3369293213
0.1925354004
-0.1925354004
0.6738586426
0.1443939209
-0.0962677002
0.5039825439
0.5039825439
0.0000000000
0.3919830322
0.3919830322
0.1679992676
-0.2239990234
0.0559997559
0.5708770752
-0.1141815186
0.3425292969
-0.4186401367
0.0380554199
-0.5328216553
0.0000000000
-0.1902923584
-0.1178436279
-0.1178436279
-0.1178436279
0.0000000000
-0.1178436279
0.0000000000
0.0000000000
0.2357025146
0.2123718262
0.2123718262
-0.0707855225
0.1415863037
-0.7079162598
-0.3539581299
0.2123718262
0.2123718262
0.1142578125
0.0761718750
0.8378906250
0.0380859375
0.4189453125
-0.1142578125
-0.1904296875
0.0761718750
0.1216278076
0.0000000000
-0.2432556152
0.1216278076
0.0000000000
0.0000000000
0.0000000000
-0.2432556152
-0.0343322754
-0.1373291016
0.0343322754
-0.9613494873
-0.0686645508
0.0343322754
0.0000000000
0.1029968262
-0.1270446777
0.9528503418
-0.0317687988
0.0317687988
-0.0317687988
0.0000000000
0.1905670166
0.0635223389
-0.5083160400
0.4356994629
0.0000000000
0.4356994629
0.0000000000
-0.3630828857
0.0726165771
0.2178497314
-0.1355895996
0.0000000000
0.9039154053
-0.0451965332
0.0451965332
-0.1355895996
0.0451965332
-0.2711791992
-0.1000061035
-0.1000061035
0.0000000000
0.0000000000
0.0000000000
-0.1000061035
0.0000000000
-0.1000061035
0.1110839844
-0.3332519531
0.2221679688
0.8516387939
0.0740509033
-0.0740509033
0.1110839844
0.1851348877
-0.1082916260
0.9476165771
-0.1082916260
0.0812225342
-0.1353759766
-0.0812225342
0.1082916260
0.1082916260
0.3124542236
0.4686737061
0.4686737061
0.1562194824
-0.2603759766
0.4165954590
-0.3124542236
-0.1041564941
0.0733795166
-0.8806304932
-0.1467742920
-0.0733795166
0.0733795166
0.0000000000
-0.0733795166
0.0000000000
0.6954956055
-0.2863769531
-0.0409088135
-0.3273010254
0.0818176270
-0.4500274658
0.0409088135
-0.2454681396
0.0000000000
0.0000000000
0.0588226318
0.0000000000
0.0000000000
0.0000000000
0.0000000000
0.0000000000
0.0000000000
0.1178436279
-0.1178436279
0.1178436279
0.0000000000
0.2357025146
0.0000000000
-0.1178436279
0.0872497559
0.9771881104
-0.0697937012
0.1047058105
-0.0174560547
0.0348968506
-0.0523529053
0.0872497559
0.1383056641
-0.1152496338
-0.2765960693
0.9220123291
0.0460968018
-0.0230560303
0.1383056641
-0.0460968018
0.1873321533
-0.1498718262
0.4121398926
-0.1498718262
-0.5994720459
0.4121398926
0.4121398926
-0.0749359131
-0.0642547607
-0.1927642822
0.0000000000
-0.2570037842
0.7067718506
-0.1285095215
-0.1927642822
0.4497680664
0.0879974365
-0.2640075684
-0.0440063477
-0.0879974365
0.3959960938
0.7920074463
-0.1320037842
0.2200012207
-0.0943603516
0.2830657959
0.4717712402
-0.0943603516
-0.5661315918
-0.0943603516
0.0000000000
-0.1887054443
0.9327545166
-0.0910034180
0.0000000000
-0.1137542725
0.1365051270
-0.1365051270
0.1137542725
0.2047424316
0.0614776611
0.0000000000
0.9222106934
0.0922241211
0.0000000000
0.2766571045
-0.1229553223
-0.1229553223
-0.2459411621
0.3689117432
0.1229705811
0.0000000000
0.0000000000
0.2459411621
0.2459411621
-0.1229705811
-0.1008148193
0.0432128906
0.2016296387
0.0720062256
-0.0144042969
0.0288085938
-0.9649505615
-0.0576019287
0.0718688965
0.1078033447
-0.5749816895
0.0000000000
0.2515563965
0.6468505859
-0.2156219482
-0.2874908447
0.0000000000
0.7187805176
-0.2695465088
0.0898437500
-0.1796875000
-0.2695465088
0.0898437500
-0.0898437500
-0.1150360107
0.0000000000
0.1150360107
0.0000000000
0.0000000000
0.0000000000
-0.2300720215
-0.1150360107
-0.0886840820
0.4434509277
0.3990936279
0.1330261230
-0.2217254639
0.6651611328
0.1773834229
0.1773834229
0.3361511230
0.6242828369
0.0000000000
0.5282440186
0.3361511230
0.1440582275
0.0000000000
0.0960388184
0.4867248535
-0.1497650146
0.3369598389
-0.5241699219
0.1123199463
-0.4867248535
-0.1871948242
-0.1497650146
-0.1000061035
-0.1000061035
0.0000000000
0.1000061035
0.1000061035
0.0000000000
0.0000000000
0.0000000000
0.2182617188
0.0545654297
0.0000000000
0.2182617188
-0.8730773926
-0.1636962891
0.0545654297
0.1091308594
0.2411804199
0.1205902100
0.4823608398
0.1205902100
0.6029663086
0.0603027344
-0.4220733643
0.1205902100
0.1064758301
0.0000000000
-0.1064758301
0.1064758301
-0.1064758301
0.0000000000
0.1064758301
0.0000000000
-0.0622558594
-0.0933685303
0.0933685303
-0.9648742676
-0.0622558594
0.0000000000
-0.0622558594
0.0933685303
-0.0843963623
0.8440399170
0.0000000000
0.0843963623
-0.0843963623
-0.1688079834
0.4220123291
-0.0422058105
-0.4352722168
0.2176361084
0.0000000000
0.3264617920
0.2176361084
-0.3264617920
0.2176361084
0.1088256836
-0.1388549805
0.0694274902
0.8331146240
-0.1388549805
0.2777099609
-0.0694274902
0.0000000000
-0.1388549805
0.0000000000
0.1250000000
0.0000000000
0.1250000000
0.3750000000
0.2500000000
-0.1250000000
0.0000000000
-0.0204925537
-0.1024932861
0.1639862061
0.9633789062
-0.1024932861
-0.0410003662
0.0410003662
0.0819854736
0.0854339600
0.9611206055
-0.0854339600
0.1922302246
-0.0427093506
0.0640716553
0.0640716553
0.0000000000
0.2129058838
0.4967803955
0.1419372559
0.2838745117
-0.1419372559
0.4967803955
-0.3548431396
-0.2129058838
0.0767211914
-0.8439483643
-0.0767211914
-0.1534423828
0.1534423828
-0.0767211914
0.0000000000
0.1534423828
0.8640441895
-0.2787322998
0.0000000000
-0.2508544922
0.0000000000
-0.2229766846
0.0000000000
-0.1951141357
