0.0785675049
0.0000000000
0.0000000000
0.0000000000
0.0000000000
0.0000000000
0.0000000000
-0.0785675049
0.1249389648
-0.1249389648
0.3748321533
0.0000000000
0.1249389648
0.2498779297
0.0000000000
-0.1249389648
0.0424499512
0.9870147705
0.0424499512
0.0106201172
0.0000000000
0.1273498535
0.0212249756
0.0424499512
-0.3892974854
0.0000000000
-0.3114471436
-0.2335815430
-0.3114471436
0.0778656006
0.0000000000
0.6228790283
-0.1824951172
0.1303558350
0.0782165527
0.1824951172
-0.5214385986
-0.5475006104
-0.5475006104
0.1303558350
-0.0686035156
0.0686035156
-0.2515563965
-0.1143493652
-0.4345092773
-0.8003997803
0.2515563965
-0.0686035156
-0.0475311279
0.5228424072
0.2851867676
0.0000000000
-0.7129669189
0.2376556396
0.0475311279
0.0475311279
0.3642120361
-0.1213989258
-0.2428131104
0.1213989258
-0.3642120361
-0.1213989258
0.0000000000
-0.1213989258
0.4605407715
0.0837402344
0.3349456787
-0.1674652100
0.5024108887
0.2512054443
0.5024108887
0.1256103516
0.0000000000
0.0475311279
0.8080444336
0.2851867676
0.0475311279
-0.4277801514
-0.0475311279
0.0475311279
-0.0686035156
-0.2744445801
0.0686035156
0.5488891602
0.6174926758
0.2744445801
0.0000000000
0.0000000000
-0.0252990723
0.0885772705
0.1265258789
-0.0379638672
-0.1391906738
0.0126495361
-0.9742889404
-0.0126495361
0.3908996582
0.0000000000
-0.3908996582
-0.3908996582
0.1954498291
0.0977325439
0.3908996582
0.0000000000
0.0636444092
0.9546661377
-0.2386627197
-0.0318145752
0.0159149170
-0.0318145752
-0.0318145752
-0.1272888184
0.0000000000
0.0000000000
0.0000000000
0.1216278076
0.0000000000
0.1216278076
-0.2432556152
-0.2432556152
0.0383148193
-0.1149291992
-0.0383148193
-0.0766143799
0.0000000000
0.1149291992
0.9577178955
0.0000000000
0.2863769531
0.4653778076
0.6085662842
-0.0715942383
0.1431884766
0.3221740723
-0.3579711914
-0.1789855957
-0.0282440186
-0.0282440186
0.3388366699
-0.3670806885
-0.1411895752
-0.4517822266
-0.7059173584
-0.0282440186
-0.1237182617
0.1237182617
0.0000000000
0.1237182617
0.0000000000
-0.2474365234
0.2474365234
0.1237182617
0.7320251465
0.1045684814
0.2614440918
-0.4183044434
-0.2614440918
-0.1568603516
-0.0522918701
0.1568603516
-0.0809478760
-0.1214294434
0.8635253906
-0.2833404541
-0.0404815674
0.0134887695
0.1484222412
-0.3507995605
0.0000000000
0.0000000000
0.1064758301
0.0000000000
-0.1064758301
0.1064758301
0.1064758301
0.1064758301
-0.0681152344
-0.2724304199
0.1362152100
-0.9194641113
-0.0681152344
0.1021575928
0.0000000000
0.0681152344
-0.0400543213
0.9881591797
0.0667724609
-0.0801239014
-0.0534210205
-0.0133514404
0.0267028809
-0.0400543213
-0.3460845947
0.1730346680
0.0865173340
0.2595672607
0.3460845947
-0.0865173340
0.5191192627
0.3460845947
-0.2602386475
0.1301116943
-0.8457641602
-0.0650634766
0.0000000000
0.1301116943
0.0000000000
0.1951751709
-0.0456695557
-0.1826629639
0.3196411133
-0.0913238525
0.4109802246
0.6392974854
0.0000000000
-0.4566345215
0.0000000000
0.0237121582
-0.1106872559
0.9882965088
0.0790710449
0.0237121582
0.0079040527
0.0395355225
0.0482482910
0.9811859131
-0.0160827637
-0.0643463135
-0.0321655273
0.1447601318
-0.0160827637
0.0000000000
0.2290191650
-0.6215972900
-0.2617340088
-0.0327148438
0.1635742188
0.0327148438
0.6543273926
0.0327148438
-0.1196746826
-0.2393341064
-0.2393341064
0.3590087891
0.3590087891
0.1196746826
0.0000000000
-0.1196746826
0.9472503662
-0.1184082031
-0.0296020508
0.0000000000
-0.0888061523
0.1480102539
0.1480102539
-0.0888061523
0.0000000000
0.1113433838
0.2226867676
0.0000000000
0.0000000000
0.0000000000
-0.1113433838
0.0000000000
0.0000000000
0.0000000000
0.5586853027
0.0000000000
0.0000000000
0.4469451904
0.0000000000
-0.1117401123
0.0296936035
0.9796752930
0.0197906494
0.0395812988
0.0099029541
0.1781158447
0.0296936035
0.0395812988
-0.3183746338
-0.0795898438
-0.0795898438
-0.3581695557
-0.3581695557
0.0795898438
0.0000000000
0.7561187744
-0.2703552246
0.1351776123
0.1576995850
0.2027587891
-0.3829956055
-0.5181732178
-0.6082916260
0.2027587891
-0.0428009033
0.1069946289
-0.2781677246
0.0000000000
-0.1497802734
-0.8558959961
0.3637542725
-0.0855865479
0.0623626709
0.4988861084
0.0000000000
-0.0623626709
-0.6859741211
0.3741607666
0.0000000000
-0.0623626709
0.3726806641
-0.2484588623
-0.1242218018
0.0000000000
-0.2484588623
-0.1242218018
-0.1242218018
0.0000000000
0.1379089355
-0.0344696045
0.3102874756
-0.2068634033
0.6550445557
0.1379089355
0.5860900879
0.1034240723
-0.0458068848
0.0458068848
0.7329101562
0.1374206543
0.2290344238
-0.4580688477
-0.2748413086
0.1832275391
-0.1664428711
-0.2774047852
0.1664428711
0.5548095703
0.6657714844
0.0554809570
-0.1109619141
0.0000000000
-0.0377349854
0.0754852295
0.2012786865
-0.0754852295
-0.2264404297
0.0000000000
-0.9434814453
0.0125732422
-0.0616455078
-0.1849517822
-0.5548400879
-0.4931945801
-0.1849517822
0.0616455078
0.4315490723
0.2465972900
0.0713043213
0.9091033936
-0.3208618164
-0.0178222656
0.0356445312
-0.0534820557
-0.0713043213
-0.2139129639
0.0000000000
0.1243286133
-0.1243286133
0.0000000000
0.1243286133
0.0000000000
-0.1243286133
-0.3729858398
0.1227416992
-0.0818176270
-0.0409088135
-0.2863769531
0.1227416992
0.1227416992
0.9000549316
0.0000000000
0.2158660889
0.6044158936
0.4748992920
0.0000000000
-0.0431671143
0.4748992920
-0.2590332031
-0.0863494873
0.1172027588
-0.0468750000
0.2343902588
-0.4453430176
-0.1406402588
-0.5391082764
-0.6328582764
0.0468750000
0.0000000000
0.0000000000
0.0000000000
0.0000000000
0.0000000000
-0.2357025146
0.2357025146
0.0000000000
0.5705718994
0.0713195801
0.3209533691
-0.1782989502
-0.4635925293
-0.2496337891
-0.4635925293
0.0356597900
-0.0754394531
-0.1810760498
0.8148193359
-0.3319549561
-0.0301818848
0.0452728271
0.1056213379
-0.4074096680
0.0000000000
0.0000000000
0.1064758301
0.0000000000
0.1064758301
0.1064758301
0.1064758301
0.1064758301
0.0534515381
-0.1870727539
0.0267181396
-0.9620819092
-0.0267181396
0.1069030762
0.0267181396
0.0000000000
-0.0271301270
0.9904632568
0.0542755127
0.0135650635
0.0000000000
-0.0542755127
0.0407104492
-0.0678405762
-0.2818603516
0.1879119873
0.0939483643
0.2818603516
0.1879119873
0.0939483643
0.6576843262
0.0939483643
-0.1372833252
-0.1830444336
-0.8236694336
-0.0457611084
0.0915222168
0.0457611084
-0.1372833252
0.4118347168
0.1011810303
0.0000000000
0.2529602051
-0.1011810303
0.4047241211
0.7588653564
0.0000000000
-0.3035430908
-0.0549011230
0.0313720703
-0.1176452637
0.9882049561
0.0392150879
0.0000000000
0.0392150879
0.0235290527
0.1749420166
0.9476165771
-0.0728912354
-0.0291595459
0.0437316895
0.2332611084
-0.0437316895
-0.0145721436
0.2013092041
-0.7045898438
-0.2684173584
0.0000000000
0.2684173584
-0.1677551270
0.5032806396
0.0335540771
0.1129455566
-0.2258758545
-0.1129455566
0.5646972656
0.1129455566
0.2258758545
0.0000000000
0.2258758545
0.9641418457
-0.0945281982
0.0378112793
0.0189056396
-0.1323394775
0.1134338379
0.0945281982
-0.0945281982
0.0000000000
0.2428131104
0.3642120361
-0.1213989258
-0.1213989258
-0.3642120361
-0.1213989258
0.1213989258
-0.1178436279
0.3535461426
0.4714050293
-0.1178436279
0.0000000000
0.2357025146
0.0000000000
0.1178436279
0.0238952637
0.9797363281
0.0477905273
0.0000000000
0.0477905273
0.1672668457
0.0477905273
-0.0119476318
-0.3344726562
-0.0557403564
0.0278778076
-0.3623352051
-0.2787322998
0.1951141357
-0.0557403564
0.7804260254
-0.1868438721
0.0415191650
0.1660919189
0.0830383301
-0.4359741211
-0.4359741211
-0.7266235352
0.0830383301
-0.0621185303
0.1656646729
-0.1863708496
0.0414123535
-0.0414123535
-0.8489990234
0.4348602295
-0.0828247070
-0.0587158203
0.2936096191
0.1174468994
0.1761627197
-0.7046661377
0.4697723389
0.0587158203
-0.1761627197
-0.2534027100
-0.1266937256
0.3167419434
-0.5067901611
-0.0633544922
-0.3167419434
0.0000000000
0.5701446533
-0.1703338623
-0.0425872803
0.3406524658
-0.1277465820
0.6813201904
-0.0851593018
0.5535736084
0.0000000000
-0.1160583496
0.0580291748
0.2901458740
0.0000000000
0.2321166992
-0.6383209229
-0.5222625732
0.2321166992
0.0000000000
-0.4310302734
0.2586212158
0.5172424316
0.4310302734
0.0000000000
-0.1724090576
0.0862121582
-0.0730590820
0.0584411621
0.1607208252
-0.0876617432
-0.2191619873
0.0000000000
-0.9497375488
-0.0292205811
-0.3223876953
0.0000000000
-0.5731353760
-0.4298553467
-0.3223876953
0.0000000000
0.3940277100
0.2865600586
0.0682830811
0.8877410889
-0.3072967529
0.0341491699
0.0853576660
-0.0170745850
-0.1024322510
-0.2902221680
-0.1064758301
-0.1064758301
-0.1064758301
0.0000000000
0.0000000000
0.1064758301
0.0000000000
-0.1064758301
0.0898437500
0.1347656250
0.0449218750
-0.1796875000
0.1347656250
0.4492187500
0.8085937500
0.0000000000
0.2596893311
0.0649261475
-0.1947631836
0.1947631836
-0.3895263672
0.5843048096
0.2596893311
0.3895263672
0.1677246094
-0.0209655762
0.1467590332
-0.3354492188
-0.1677246094
-0.6708831787
-0.5870208740
0.0209655762
0.1247863770
0.1247863770
-0.3743438721
-0.1247863770
-0.1247863770
0.0000000000
0.1247863770
0.2495727539
0.4027709961
0.0863037109
0.2301483154
-0.0287628174
-0.6041564941
-0.2301483154
-0.5753784180
-0.0287628174
-0.0172271729
-0.1550292969
0.8785095215
-0.2756195068
-0.0172271729
0.0172271729
0.1033477783
-0.3272857666
0.2332305908
0.1166229248
0.3498535156
0.1166229248
0.3498535156
0.1166229248
0.3498535156
0.0000000000
0.0625000000
-0.1041564941
-0.0416717529
-0.9791412354
0.0208282471
0.0416717529
-0.0416717529
-0.0833282471
0.0886688232
0.9531707764
-0.0664978027
0.1773376465
-0.0443267822
-0.1329956055
0.0664978027
-0.0886688232
-0.1847991943
0.1847991943
-0.3696136475
0.1847991943
0.3696136475
0.2772064209
0.4620056152
-0.1847991943
-0.0774230957
-0.2709655762
-0.7741699219
-0.1161193848
0.0774230957
0.1161193848
-0.1548309326
0.4645080566
0.0000000000
0.0565338135
0.2261199951
0.1695861816
0.5653076172
0.6783752441
0.1695861816
-0.0565338135
-0.0396270752
0.0297241211
-0.1585235596
0.9808654785
0.0396270752
-0.0198211670
0.0693511963
0.0198211670
0.2830505371
0.8805999756
-0.1100769043
-0.0471801758
0.1729736328
0.2516021729
-0.0943450928
-0.1415252686
0.0764007568
-0.4965667725
-0.4201660156
0.0381927490
0.3055725098
-0.4201660156
0.4965667725
-0.0764007568
-0.0815887451
0.2447814941
-0.0815887451
0.5711517334
0.0000000000
0.4895629883
-0.1631927490
0.3263702393
0.9569396973
-0.0667572021
-0.0445098877
0.1112670898
-0.0667572021
0.2002868652
0.0667572021
-0.0222473145
0.2432556152
0.0000000000
0.1216278076
-0.1216278076
-0.1216278076
-0.1216278076
-0.1216278076
0.1216278076
0.0000000000
0.4640045166
0.2320098877
0.0000000000
0.3480072021
0.1159973145
-0.2320098877
0.1159973145
0.0436706543
0.9752197266
0.0873260498
-0.0436706543
0.0582275391
0.1164398193
0.1018829346
-0.0582275391
-0.3608093262
-0.0277557373
0.2497863770
-0.3052978516
-0.2775421143
0.1942749023
-0.1110229492
0.7493591309
-0.0225219727
-0.0675506592
0.1351013184
0.0450286865
-0.5404357910
-0.3828125000
-0.7205810547
0.0225219727
-0.1398010254
0.1398010254
-0.1630859375
0.0932006836
-0.0932006836
-0.8387603760
0.4426879883
0.0000000000
-0.0839538574
0.4197845459
0.2938537598
0.0839538574
-0.7136383057
0.3778076172
-0.0839538574
0.0839538574
-0.3473358154
0.0000000000
0.4341583252
-0.4341583252
-0.1736602783
-0.3039093018
0.0000000000
0.5644073486
0.0661773682
-0.0661773682
0.4632720947
-0.0661773682
0.5956268311
-0.3970947266
0.3309020996
-0.0661773682
0.0517272949
0.1034545898
-0.0517272949
0.0000000000
0.1551818848
-0.6724395752
-0.5689849854
0.3103485107
-0.4590759277
-0.2295379639
0.2295379639
0.1147766113
0.2295379639
0.0000000000
-0.2295379639
0.2295379639
-0.0985565186
0.0492858887
0.0821380615
-0.0492858887
-0.1314086914
0.0164337158
-0.9691619873
-0.1149902344
-0.3976135254
0.0722961426
-0.4699096680
-0.5060577393
-0.2530212402
0.0361480713
0.4337615967
0.2530212402
0.0525054932
0.9101715088
-0.2275390625
0.0525054932
0.1400299072
0.0700073242
-0.1050262451
-0.2625427246
0.0000000000
0.0000000000
-0.2459411621
-0.1229705811
-0.2459411621
0.2459411621
0.1229705811
-0.3689117432
0.0482940674
0.3381042480
0.0000000000
-0.0482940674
0.0966033936
0.5796051025
0.6762084961
0.0482940674
0.2572631836
-0.2572631836
-0.4116210938
0.0000000000
-0.3087158203
0.2572631836
0.5659790039
0.3601684570
0.1897735596
0.0000000000
0.2530364990
-0.2319488525
-0.1475982666
-0.6958312988
-0.5693206787
-0.0421752930
0.1159973145
0.2320098877
-0.5800018311
0.0000000000
-0.1159973145
0.0000000000
0.0000000000
0.2320098877
0.3587341309
0.1956634521
0.1630554199
0.0000000000
-0.5870056152
-0.1304473877
-0.6196136475
-0.1630554199
0.0178070068
-0.0534210205
0.9437103271
-0.1958618164
-0.0178070068
-0.0178070068
0.1068420410
-0.2136688232
0.3388214111
0.0000000000
0.3388214111
0.2258758545
0.1129455566
-0.1129455566
0.4517517090
0.0000000000
0.0252838135
-0.1517028809
0.0000000000
-0.9608154297
0.0252838135
-0.0758514404
-0.1264190674
-0.1011352539
0.3079986572
0.7039947510
-0.2200012207
0.3079986572
-0.3079986572
-0.2640075684
0.1759948730
-0.0879974365
-0.2855072021
0.0951690674
-0.4758453369
0.0951690674
0.4758453369
0.0951690674
0.2855072021
-0.1903381348
-0.0457611084
-0.1830444336
-0.7321472168
-0.1830444336
-0.0457611084
0.1372833252
-0.2287902832
0.5033569336
-0.1621551514
-0.0810852051
0.2432403564
0.3648681641
0.7297363281
0.3648681641
0.2026977539
0.1216278076
0.0000000000
0.0138702393
-0.2359008789
0.9575042725
0.0416259766
-0.0555114746
0.1248931885
0.0277557373
0.2657623291
0.8921966553
-0.0759277344
-0.0189819336
0.1898345947
0.2088165283
0.0000000000
-0.1898345947
0.1954498291
-0.1954498291
-0.2345428467
0.1172790527
0.3518218994
-0.3909149170
0.5863647461
-0.4299926758
-0.0912780762
0.2738494873
-0.2738494873
0.3651275635
0.0912780762
0.5476989746
-0.2738494873
0.1825714111
0.8869476318
-0.1705627441
0.0000000000
0.2729034424
-0.1364593506
0.2046813965
0.1023406982
0.0341186523
0.0911560059
0.0000000000
0.0000000000
0.0000000000
-0.0911560059
0.0000000000
-0.0911560059
0.0000000000
0.1208343506
0.2416839600
0.1208343506
0.0000000000
0.4833679199
0.0000000000
-0.2416839600
-0.1208343506
0.0145416260
0.9884185791
0.0726776123
-0.0145416260
0.0436096191
0.0726776123
0.0581359863
0.0000000000
-0.3757476807
0.0805206299
0.3489074707
-0.2684020996
-0.2415618896
0.3220672607
-0.2415618896
0.6441497803
0.0272827148
-0.0545654297
0.0000000000
0.0818634033
-0.5184173584
-0.4911346436
-0.6548461914
0.1637115479
-0.1746520996
0.0000000000
-0.2183227539
0.2183227539
0.0000000000
-0.6986236572
0.4803009033
0.3056488037
-0.0829467773
0.2902984619
-0.0414733887
-0.0414733887
-0.6635284424
0.6220550537
-0.0829467773
0.1244049072
-0.0601806641
0.0601806641
0.6018676758
-0.3611297607
-0.4814910889
-0.1203765869
-0.0601806641
0.3611297607
0.7279815674
-0.1119995117
0.3919830322
0.1119995117
0.2239990234
-0.3359832764
0.1119995117
0.1119995117
0.2736511230
0.1641845703
-0.1641845703
0.1094665527
0.0000000000
-0.7114868164
-0.4925689697
0.1094665527
-0.6604766846
-0.1887054443
0.0000000000
-0.0943603516
0.2830657959
-0.0943603516
-0.1887054443
0.2830657959
-0.0487060547
0.0649414062
0.0487060547
-0.0487060547
-0.1623687744
-0.0487060547
-0.9742126465
-0.0487060547
-0.4115142822
0.1371765137
-0.5486907959
-0.5486907959
-0.1028747559
0.0000000000
0.3772277832
0.1371765137
0.0754241943
0.9050598145
-0.2262573242
0.0251464844
0.1759796143
0.1257019043
-0.1257019043
-0.2011260986
-0.1224670410
0.1224670410
-0.2449493408
0.0000000000
-0.2449493408
0.1224670410
0.2449493408
-0.3674163818
-0.0833740234
0.5002288818
0.0000000000
0.0000000000
0.0416870117
0.5419158936
0.6252899170
0.0000000000
0.4470214844
-0.1915893555
-0.1277160645
0.0638580322
-0.2554473877
0.3831634521
0.5747528076
0.2554473877
0.2904663086
0.0670318604
0.2681121826
-0.2457733154
-0.0893707275
-0.7149810791
-0.4915466309
0.0446929932
-0.1811065674
0.2716674805
-0.6338958740
0.1811065674
-0.0905609131
-0.1811065674
0.0000000000
0.3622283936
-0.2717742920
0.3882446289
0.3882446289
0.1941223145
-0.3105926514
-0.2717742920
-0.3882446289
-0.4658966064
0.0162048340
0.0323944092
0.9395141602
-0.1619873047
-0.0162048340
-0.1133880615
0.1295928955
-0.2267761230
0.1238555908
-0.1238555908
0.2477111816
0.0000000000
0.2477111816
-0.3715667725
0.1238555908
0.1238555908
-0.1643676758
-0.2301177979
0.1972503662
-0.8876190186
-0.0657501221
-0.1315002441
-0.1643676758
-0.0986175537
0.2957153320
0.5914306641
-0.3450012207
0.0985717773
-0.5421447754
-0.1478576660
0.1971435547
0.0000000000
-0.3230743408
0.1076965332
-0.4307708740
0.1076965332
0.3230743408
0.0000000000
0.3230743408
0.2153778076
0.0000000000
-0.2531738281
-0.2531738281
-0.3375549316
-0.1687774658
0.3375549316
-0.3375549316
0.5063476562
-0.0305938721
0.0917816162
0.0917816162
0.2753601074
0.9178771973
0.0611877441
0.1223907471
0.1223907471
0.0000000000
0.0335693359
-0.1846771240
0.9569244385
0.0671539307
-0.0335693359
0.1846771240
-0.0167846680
0.1645660400
0.9462738037
0.0000000000
0.0205688477
0.0205688477
0.1645660400
0.1234283447
-0.1439971924
0.3617095947
-0.0723419189
-0.2893676758
0.1446838379
0.2531890869
-0.2531890869
0.5425567627
-0.5425567627
0.1060485840
-0.1060485840
-0.4241790771
-0.1060485840
0.4241790771
0.3181304932
-0.2120971680
-0.2120971680
0.4601287842
-0.3681030273
0.0920257568
0.3681030273
-0.3681030273
0.0920257568
0.1840515137
0.1840515137
0.0000000000
0.0000000000
0.0000000000
-0.1113433838
0.0000000000
0.0000000000
0.2226867676
-0.1113433838
0.2490844727
-0.2490844727
0.1245422363
0.0000000000
0.0000000000
-0.1245422363
0.0000000000
-0.3736267090
0.0159912109
0.9912567139
0.0479583740
0.0000000000
0.0000000000
0.0479583740
-0.0159912109
0.0639495850
-0.3163299561
0.1054382324
-0.2108764648
0.3163299561
-0.2635955811
0.4217681885
-0.2635955811
0.5799255371
0.0000000000
-0.0413360596
-0.1239929199
0.0826568604
-0.6199340820
-0.5372772217
-0.3719635010
0.3306274414
-0.2275390625
-0.2275390625
-0.1516876221
0.0000000000
-0.1516876221
-0.6067810059
0.3792419434
0.3792419434
-0.1356506348
0.0000000000
-0.0678253174
-0.2034759521
-0.2712860107
0.8138732910
-0.2034759521
-0.0678253174
0.1221466064
0.0610809326
0.6107482910
-0.4275207520
-0.4886016846
-0.1832275391
0.1221466064
-0.1221466064
0.8804016113
-0.1056518555
0.2817230225
0.1056518555
0.2465209961
0.0000000000
0.1056518555
0.1056518555
0.0000000000
0.1508331299
-0.6033630371
0.0754241943
-0.1508331299
-0.5279388428
-0.1508331299
-0.3016815186
-0.4664764404
-0.2332305908
-0.1166229248
-0.1166229248
0.2332305908
-0.2332305908
0.0000000000
0.2332305908
-0.0573425293
0.0860137939
0.1003417969
-0.0143280029
-0.1433563232
-0.0286712646
-0.9748077393
-0.0286712646
-0.2334289551
0.2000732422
-0.8336639404
-0.3001098633
0.0000000000
0.2000732422
0.2000732422
0.0666961670
0.0951843262
0.8884277344
-0.3172912598
-0.0951843262
0.1586456299
0.0951843262
-0.0951843262
-0.1269226074
0.0000000000
0.2432556152
-0.1216278076
0.0000000000
0.0000000000
0.1216278076
0.2432556152
0.0000000000
-0.0850067139
0.3400421143
0.1275177002
0.1275177002
-0.1275177002
0.5525665283
0.6800842285
0.0425109863
0.4736785889
-0.0676727295
0.1353454590
0.0676727295
0.2030029297
0.6090240479
0.4060211182
0.1353454590
0.2351226807
0.1306304932
0.3134918213
-0.3657531738
-0.1306304932
-0.6269989014
-0.4963684082
0.1306304932
-0.1076965332
0.2153778076
-0.6461486816
-0.1076965332
-0.1076965332
0.1076965332
-0.1076965332
0.2153778076
-0.5994720459
0.2997436523
0.4496154785
-0.0999145508
0.0499572754
-0.3497009277
-0.0999145508
-0.3497009277
0.0161590576
0.0484619141
0.9529724121
-0.0807647705
0.0000000000
-0.1292114258
0.1615142822
-0.1776733398
-0.1178436279
-0.2357025146
0.0000000000
0.1178436279
0.1178436279
0.0000000000
0.0000000000
0.1178436279
-0.0940551758
-0.1254119873
0.2821807861
-0.9092407227
-0.1881256104
0.0313568115
-0.0313568115
0.0000000000
0.1740417480
0.9050292969
-0.1392364502
0.0000000000
-0.2784729004
0.0696105957
0.0696105957
-0.0696105957
-0.1911621094
0.0000000000
-0.2867431641
0.1911621094
0.4779052734
0.0000000000
0.3823242188
0.3823242188
0.0000000000
0.0898437500
0.3593902588
-0.3593902588
0.0000000000
0.5390777588
-0.3593902588
0.1796875000
-0.0917053223
0.0305633545
0.0917053223
0.1528320312
0.9475860596
0.1528320312
-0.0611419678
0.0611419678
0.0000000000
0.0791625977
-0.0475006104
0.9816436768
0.1108245850
0.0158386230
0.0791625977
-0.0316619873
0.1287994385
0.9530639648
0.0000000000
0.0515136719
-0.0772705078
0.1545562744
0.1030273438
-0.1030273438
0.3608245850
0.0902099609
-0.5412445068
0.0902099609
-0.1353149414
0.3608245850
0.3157196045
-0.4961395264
-0.0972900391
-0.4864349365
-0.1945648193
0.1945648193
0.2918548584
0.0972900391
0.0972900391
-0.4864349365
-0.2416839600
-0.4833679199
-0.2416839600
-0.1208343506
-0.1208343506
0.0000000000
0.1208343506
0.0000000000
0.1150360107
0.1150360107
0.1150360107
0.1150360107
0.1150360107
0.0000000000
-0.1150360107
-0.1150360107
0.1234283447
0.1234283447
0.3703002930
-0.1234283447
-0.1234283447
0.2468566895
0.1234283447
-0.2468566895
0.0430450439
0.9898681641
-0.0172119141
0.0430450439
-0.0516510010
0.0860748291
0.0430450439
0.0430450439
-0.2080230713
-0.2600250244
-0.2080230713
0.4680328369
-0.5200500488
-0.2600250244
0.2600250244
0.3640289307
-0.1123657227
0.2247314453
-0.1966400146
0.0000000000
-0.7022857666
-0.4494628906
-0.4213714600
0.0000000000
-0.1448516846
0.1862487793
-0.0827789307
-0.0827789307
-0.3311004639
-0.8691558838
0.2276306152
0.0000000000
-0.0704498291
0.5635375977
0.2817687988
0.0704498291
-0.6339874268
0.1408843994
0.0000000000
-0.0704498291
0.4457702637
0.0891571045
0.0891571045
0.1782989502
-0.3566131592
0.1782989502
-0.1782989502
-0.5349121094
0.1709442139
-0.1282196045
0.3419036865
-0.2564239502
0.2991638184
-0.1709442139
0.7692718506
0.0427398682
0.0489959717
-0.0163269043
0.9473724365
0.2940216064
0.0000000000
-0.0489959717
0.0489959717
0.0000000000
-0.0959930420
-0.3840026855
0.0959930420
0.3840026855
0.4799957275
0.2879943848
-0.1920013428
0.0959930420
-0.0630645752
0.0315246582
0.0525512695
0.0210266113
-0.1051025391
0.0315246582
-0.9879913330
-0.0105133057
0.2795104980
-0.1863403320
0.1863403320
-0.4658508301
0.0000000000
0.0931701660
0.5590209961
-0.0931701660
0.0756072998
0.9678039551
-0.1965789795
-0.0151214600
0.0000000000
-0.0756072998
0.0000000000
-0.0756072998
-0.1178436279
0.0000000000
0.1178436279
0.0000000000
-0.1178436279
0.2357025146
0.0000000000
-0.1178436279
0.0000000000
0.0821380615
0.0000000000
-0.1642608643
0.1642608643
-0.0821380615
0.8213195801
0.1642608643
0.3300933838
0.5501708984
0.5134887695
0.0733489990
0.1467132568
0.4034576416
-0.2934265137
0.0733489990
-0.0409393311
0.0409393311
0.6551361084
-0.3275604248
-0.2456817627
-0.1228332520
-0.5732421875
-0.0409393311
0.1249389648
0.2498626709
-0.1249389648
0.0000000000
-0.1249389648
-0.2498626709
0.0000000000
0.2498626709
0.8014373779
0.2465972900
0.1233062744
0.0616455078
0.2465972900
0.1233062744
0.2465972900
-0.1233062744
-0.1731109619
-0.0577087402
0.7885894775
-0.3654479980
-0.1538696289
0.1731109619
0.2500457764
-0.2885131836
0.1000061035
-0.1000061035
0.0000000000
0.0000000000
-0.1000061035
0.0000000000
0.1000061035
0.0000000000
-0.0332946777
-0.0832519531
0.0499572754
-0.9823760986
0.0000000000
0.0998992920
-0.0332946777
-0.0666046143
-0.0432281494
0.9798583984
0.0288238525
-0.0144042969
-0.0720520020
-0.0864562988
0.0288238525
-0.1296844482
-0.2806854248
0.3742370605
0.0935668945
0.2806854248
0.1871185303
-0.1871185303
0.0000000000
0.5613555908
-0.0357055664
-0.2142333984
-0.9283752441
0.0000000000
0.0357055664
0.0357055664
-0.0357055664
0.2142333984
0.0558166504
-0.0558166504
0.2232971191
-0.2232971191
0.5024108887
0.4465942383
0.1674652100
-0.5582427979
0.0000000000
0.0328216553
-0.0984649658
0.9928436279
-0.0082092285
0.0246124268
-0.0082092285
0.0246124268
-0.0782928467
0.9917907715
-0.0260925293
0.0086975098
-0.0522003174
-0.0173950195
-0.0173950195
0.0608978271
0.1600036621
-0.7771301270
0.2514190674
-0.0685729980
0.2514190674
0.0914306641
0.4342803955
0.1600036621
0.0000000000
0.4714050293
-0.3535461426
-0.1178436279
0.1178436279
-0.1178436279
0.0000000000
0.2357025146
0.9720916748
-0.0373840332
0.0000000000
-0.0747833252
0.0000000000
0.0000000000
0.0373840332
0.0373840332
0.1250000000
0.1250000000
0.3750000000
0.0000000000
0.0000000000
-0.2500000000
-0.1250000000
0.0000000000
0.0000000000
0.2344665527
0.3517150879
-0.1172332764
-0.1172332764
0.4689483643
0.1172332764
-0.1172332764
0.0373687744
0.9808349609
-0.0653839111
0.0560455322
-0.0560455322
0.1401214600
0.0373687744
0.0467071533
-0.2327270508
-0.4188995361
-0.0465393066
-0.2327270508
-0.5585327148
-0.1861724854
0.1861724854
0.5119934082
0.0000000000
0.0660705566
-0.2422332764
-0.0660705566
-0.7266998291
-0.3303222656
-0.5285034180
-0.0220184326
-0.1512145996
0.1944122314
-0.1080017090
0.0216064453
-0.2808074951
-0.8424377441
0.3456115723
-0.0648040771
0.0000000000
0.6604766846
0.0733795166
-0.0733795166
-0.5137023926
0.1467742920
0.0000000000
-0.2935485840
0.3443145752
-0.2295379639
-0.1147766113
-0.2295379639
0.0000000000
0.1147766113
-0.3443145752
0.3443145752
-0.2610321045
-0.1957702637
0.2936553955
-0.2936553955
0.3915405273
-0.1305084229
0.7178344727
0.0326232910
0.0000000000
-0.0369567871
0.9424896240
0.2772064209
0.0924072266
-0.0369567871
0.0184783936
0.1108856201
0.2187805176
-0.4375762939
0.1093902588
0.4375762939
0.2187805176
0.0000000000
-0.2187805176
-0.1093902588
-0.0884552002
0.0631866455
0.1263732910
-0.0126342773
-0.1263732910
0.0126342773
-0.9730377197
-0.0631866455
0.0000000000
-0.2904663086
0.0726165771
-0.4356994629
-0.2178497314
-0.2178497314
0.6535491943
0.1452331543
0.0180511475
0.9565277100
-0.1985321045
-0.0541381836
0.0541381836
-0.1082916260
0.0361022949
-0.1263275146
-0.2456817627
0.0000000000
0.0000000000
0.0000000000
0.1228332520
0.1228332520
-0.2456817627
-0.1228332520
0.1274566650
-0.2549285889
-0.2549285889
-0.3823852539
0.3186645508
-0.3823852539
0.5098571777
0.2549285889
0.2313385010
0.6361846924
0.4626770020
0.2313385010
-0.1156768799
0.2313385010
-0.1156768799
0.2891693115
0.1945648193
0.0000000000
0.6809844971
-0.3891296387
-0.2432098389
-0.2432098389
-0.3891296387
0.0000000000
0.1219482422
0.0000000000
-0.3658599854
0.1219482422
-0.1219482422
-0.2438964844
0.3658599854
0.0000000000
0.7483367920
0.3741607666
0.1247253418
0.0623626709
0.1247253418
-0.0623626709
-0.1870880127
-0.3117980957
-0.0993194580
0.0248260498
0.8441772461
-0.2979431152
-0.0993194580
0.1986236572
0.1737976074
-0.2979431152
0.0000000000
-0.1150360107
0.0000000000
0.0000000000
0.1150360107
0.2300720215
0.0000000000
0.1150360107
-0.0171813965
-0.0687255859
0.0859069824
-0.9792633057
0.0000000000
0.1030731201
-0.0859069824
-0.0343627930
-0.0554809570
0.9617919922
0.0000000000
-0.0924835205
-0.1109771729
-0.1664581299
0.0000000000
-0.1109771729
-0.3525543213
0.5288391113
0.0881347656
0.3525543213
0.1762847900
-0.0881347656
0.1762847900
0.3525543213
-0.0261535645
-0.2615203857
-0.8630065918
-0.0784606934
0.0261535645
0.0784606934
-0.1307525635
0.3661193848
0.0000000000
0.1935577393
0.1935577393
-0.1935577393
0.5806579590
0.4516296387
0.0645141602
-0.4516296387
-0.0563354492
0.0482940674
-0.0804748535
0.9898834229
-0.0643768311
-0.0080413818
0.0402374268
0.0160980225
-0.0087127686
0.9940490723
-0.0697631836
0.0000000000
-0.0261535645
0.0261535645
-0.0348815918
0.0435943604
0.1847076416
-0.7916259766
0.2902679443
-0.0527801514
0.2902679443
-0.0263824463
0.3166503906
0.2111053467
0.0000000000
0.1055145264
-0.3165283203
0.3165283203
0.2110137939
0.2110137939
-0.1055145264
0.5275421143
0.9860839844
-0.0704345703
0.0469512939
0.0000000000
-0.0469512939
0.0234832764
0.0000000000
0.0000000000
0.2449493408
0.1224670410
0.3674163818
-0.1224670410
-0.1224670410
-0.2449493408
-0.2449493408
0.0000000000
-0.1093902588
0.5469665527
0.3281707764
-0.1093902588
0.0000000000
0.3281707764
0.0000000000
0.1093902588
0.0628967285
0.9685668945
-0.0125732422
0.0000000000
-0.0251617432
0.1886749268
0.1257934570
-0.0251617432
-0.2465209961
-0.2817230225
0.2113037109
-0.6338958740
-0.4225921631
-0.1056518555
0.0704345703
0.4225921631
0.0764312744
-0.0573272705
-0.1528625488
-0.1719665527
-0.7642822266
-0.2292785645
-0.5158996582
-0.1528625488
-0.2526092529
0.2296447754
-0.0688934326
0.0918579102
-0.2985382080
-0.7119140625
0.5052337646
-0.0459289551
0.0520019531
0.7280578613
0.2080230713
-0.0520019531
-0.5720520020
0.0520019531
0.0000000000
-0.0520019531
0.0000000000
-0.0597534180
0.0000000000
-0.5975799561
0.0597534180
0.0000000000
0.0597534180
0.7170867920
-0.5305175781
-0.1632385254
0.3264770508
-0.2040405273
0.3672790527
-0.1632385254
0.5713348389
-0.0408020020
0.0000000000
-0.0727539062
0.8973388672
0.2910308838
0.1455078125
-0.1455078125
-0.1212615967
0.1697692871
0.2498626709
0.1249389648
-0.1249389648
0.0000000000
-0.2498626709
-0.2498626709
0.0000000000
-0.1249389648
-0.1633148193
0.1187744141
0.1336212158
-0.0445404053
-0.1187744141
0.0148468018
-0.9353027344
-0.2078399658
-0.3664398193
-0.0610809326
-0.1221466064
-0.4275207520
-0.3053741455
-0.1221466064
0.6107482910
0.2442932129
-0.0188751221
0.9437103271
-0.1887359619
-0.0566253662
0.1510009766
0.0188751221
0.0000000000
-0.1887359619
-0.2474365234
0.0000000000
0.0000000000
0.1237182617
-0.1237182617
0.2474365234
-0.1237182617
-0.1237182617
0.2275390625
-0.3033905029
-0.3033905029
-0.4550781250
0.3792419434
-0.1516876221
0.2275390625
0.3792419434
-0.1856536865
-0.3094177246
-0.3713073730
0.1237640381
-0.4331817627
-0.3094177246
0.4950714111
0.2475280762
0.3656921387
0.0000000000
0.5485382080
-0.2742614746
-0.2742614746
-0.5028228760
-0.2742614746
-0.1371307373
0.0000000000
0.1147766113
-0.5738525391
0.1147766113
-0.1147766113
0.0000000000
0.3443145752
0.0000000000
0.6448364258
0.4103546143
-0.0586242676
-0.0586242676
-0.2931060791
0.0000000000
-0.2931060791
-0.3517303467
0.0302276611
0.0906982422
0.9371337891
-0.1209259033
0.0302276611
0.0302276611
0.0906982422
-0.2418365479
0.1249389648
-0.1249389648
0.2498779297
0.1249389648
0.1249389648
0.2498779297
0.2498779297
0.1249389648
0.0000000000
-0.0819244385
0.1638488770
-0.9625701904
-0.0614471436
0.0204772949
-0.1433563232
0.0409545898
0.0795288086
0.8350524902
-0.1988220215
-0.0795288086
-0.2385864258
-0.3578796387
0.0000000000
-0.1192932129
-0.3214111328
0.4285430908
-0.3214111328
0.2142791748
0.3214111328
0.1071319580
0.1071319580
0.1071319580
0.0000000000
-0.1862945557
-0.8383483887
-0.0310516357
0.0621032715
0.0310516357
-0.0931549072
0.4657440186
-0.1326446533
0.1989746094
0.2653045654
0.2653045654
0.6632537842
0.3979492188
0.1326446533
-0.1989746094
-0.0787811279
0.0492401123
-0.0787811279
0.9848022461
-0.0590820312
-0.0492401123
0.0787811279
0.0098419189
0.1080322266
0.9830474854
-0.1080322266
0.0108032227
0.0216064453
0.0540161133
-0.0540161133
0.0108032227
0.3163757324
-0.6327362061
0.3954620361
0.0000000000
0.3559112549
-0.1977386475
0.3559112549
0.0000000000
-0.0800323486
0.0000000000
-0.3201599121
0.4802398682
0.1600799561
0.4001922607
-0.1600799561
0.4802398682
0.9480590820
-0.0711059570
0.0711059570
0.1659088135
-0.0948028564
0.1896057129
0.0000000000
0.0236968994
0.2498626709
0.0000000000
0.1249389648
-0.2498626709
-0.1249389648
0.0000000000
-0.2498626709
-0.1249389648
0.0000000000
0.4541778564
0.2270965576
0.1135406494
0.2270965576
0.1135406494
-0.3406372070
0.2270965576
0.0629272461
0.9282379150
0.0943908691
-0.0629272461
0.0157318115
0.2045288086
0.2359924316
-0.1258697510
-0.2606506348
-0.1158447266
0.3764953613
-0.7240447998
-0.3185729980
-0.0579223633
0.0000000000
0.3475341797
0.1557769775
-0.1112670898
-0.0890197754
-0.1780395508
-0.7566528320
-0.2670593262
-0.4895935059
-0.1557769775
-0.3480377197
0.2141723633
-0.0535430908
0.0535430908
-0.3480377197
-0.6425323486
0.5086669922
0.1070861816
0.0462493896
0.6474304199
0.2774658203
-0.0462493896
-0.6474304199
0.0000000000
0.0462493896
0.0924835205
0.0000000000
0.1317901611
0.3294830322
-0.5930633545
-0.3953704834
-0.0659027100
0.0659027100
0.4612731934
-0.4452056885
-0.1112976074
0.5008697510
-0.2226104736
0.3339080811
-0.3339080811
0.3895568848
-0.1112976074
0.1035919189
-0.1035919189
0.8027801514
0.3625488281
0.1553802490
-0.2848510742
-0.2071685791
0.1812744141
0.0000000000
0.4285430908
-0.2142791748
-0.3214111328
-0.3214111328
-0.2142791748
0.2142791748
-0.2142791748
-0.1580657959
0.0878143311
0.1053771973
0.0000000000
-0.0878143311
0.0526885986
-0.9308166504
-0.2634429932
-0.3212585449
0.1606292725
-0.2141723633
-0.6425170898
-0.2677154541
0.0535430908
0.4818878174
0.1070861816
-0.0218963623
0.9416809082
-0.1752014160
-0.0437927246
0.1532897949
0.1313934326
-0.0218963623
-0.1532897949
-0.2459411621
0.0000000000
-0.1229705811
0.1229705811
-0.3689117432
0.2459411621
0.0000000000
-0.2459411621
0.1508331299
-0.3016815186
-0.3016815186
-0.4525146484
0.3771057129
-0.3016815186
0.1508331299
0.3771057129
-0.2768249512
-0.4350128174
-0.3954620361
0.0000000000
-0.3163757324
-0.3954620361
0.5140991211
0.0790863037
0.1784362793
0.0446014404
0.6691131592
-0.2230377197
-0.1338195801
-0.5799102783
-0.1338195801
-0.1784362793
0.0000000000
0.0000000000
-0.6070251465
0.0000000000
0.0000000000
0.0000000000
0.0000000000
0.1213989258
0.2662048340
0.4791564941
-0.0532379150
-0.1064758301
-0.3726806641
0.0000000000
-0.2129516602
-0.6388702393
0.0000000000
0.1042327881
0.9033813477
-0.0694885254
-0.0347442627
-0.1042327881
0.1389770508
-0.3127136230
0.1242218018
-0.1242218018
0.3726806641
0.1242218018
0.0000000000
0.0000000000
0.2484588623
0.2484588623
-0.0985107422
-0.1313629150
0.2627105713
-0.8866577148
-0.1313629150
-0.0985107422
-0.1970367432
0.1313629150
0.2201538086
-0.0733795166
-0.4403076172
-0.0733795166
-0.4403076172
-0.5870819092
0.1467742920
0.0733795166
-0.1208343506
0.0000000000
-0.4833679199
-0.1208343506
0.2416839600
0.2416839600
0.0000000000
-0.1208343506
0.0742034912
-0.0742034912
-0.8162841797
-0.0371093750
0.0742034912
-0.0371093750
0.0000000000
0.5194549561
-0.0975189209
0.0000000000
0.1950225830
0.4388122559
0.7313537598
0.3412933350
0.0975189209
-0.1462707520
-0.0576629639
0.0288238525
-0.1729888916
0.9658508301
0.0144195557
-0.0864868164
0.1297454834
0.0432434082
0.1263122559
0.9824066162
-0.0842132568
0.0420989990
0.0140380859
0.0561370850
-0.0140380859
0.0140380859
0.4416198730
-0.2408752441
0.4817657471
0.1204376221
0.4014739990
-0.1605834961
0.3613281250
-0.3613281250
-0.0995330811
-0.1990661621
-0.2985992432
0.3981323242
0.2985992432
0.3981323242
-0.0995330811
0.2985992432
0.8209838867
-0.1313629150
0.1970367432
0.3283996582
-0.2627105713
0.2298736572
0.0656738281
-0.0328369141
0.0000000000
0.0000000000
0.0000000000
0.0000000000
0.0000000000
0.0000000000
-0.0588226318
0.0000000000
0.0000000000
0.3607788086
0.1202545166
0.1202545166
0.2405242920
0.0000000000
-0.3607788086
0.2405242920
0.0000000000
0.9421691895
0.1449432373
-0.0362396240
0.0181121826
0.1630706787
0.2174224854
-0.0724792480
-0.2873077393
0.0718231201
0.3950500488
-0.6464385986
-0.3232116699
0.0718231201
0.0359191895
0.4309539795
0.1327209473
-0.0663604736
-0.1659088135
-0.0995483398
-0.6636199951
-0.4645385742
-0.4977111816
-0.0331878662
-0.3784790039
0.1261596680
-0.0841064453
0.0841064453
-0.3364257812
-0.4625701904
0.5466766357
0.3784790039
0.1677398682
0.3913726807
0.2795562744
-0.1677398682
-0.7268371582
0.2795562744
0.0000000000
0.0559082031
0.1981201172
0.2641448975
0.3962249756
-0.4622650146
-0.5943450928
-0.0660400391
0.1320800781
0.0000000000
0.2951202393
-0.1475524902
0.5902404785
0.1475524902
0.2951202393
-0.4426727295
0.2213439941
0.0737762451
0.1324310303
-0.0993194580
0.7283782959
0.4304046631
0.0993194580
-0.3972930908
-0.2317504883
0.0000000000
-0.1065826416
0.3197631836
-0.3197631836
-0.3197631836
-0.3197631836
-0.3197631836
0.2131805420
-0.1065826416
-0.1174163818
0.1174163818
0.1006469727
0.0000000000
-0.1174163818
0.0503234863
-0.9561157227
-0.1509704590
-0.2612304688
0.1741638184
-0.5660095215
-0.6095428467
-0.0870819092
0.1306152344
0.3483123779
-0.0435333252
0.1022796631
0.8864288330
-0.3068389893
-0.0681915283
0.1363677979
0.1363677979
-0.0340881348
-0.1704711914
0.0000000000
0.0000000000
-0.1178436279
0.0000000000
-0.2357025146
0.1178436279
0.1178436279
-0.1178436279
0.0000000000
0.0955810547
-0.2867431641
-0.2867431641
0.2867431641
0.0955810547
0.5734863281
0.2867431641
-0.1362762451
-0.4088134766
-0.2725372314
0.0681304932
-0.4088134766
-0.2044067383
0.5450744629
0.2725372314
0.2018737793
0.1614990234
0.5652465820
-0.4441223145
-0.0403747559
-0.5652465820
-0.2018737793
0.0403747559
-0.2258758545
0.2258758545
-0.4517517090
0.1129455566
-0.2258758545
-0.1129455566
0.1129455566
0.3388214111
-0.3690490723
0.3690490723
0.2635955811
-0.1581573486
-0.1581573486
-0.2108764648
-0.0527191162
-0.6853637695
0.0000000000
0.1478729248
0.8872680664
-0.0887298584
-0.1183013916
-0.1478729248
0.1774597168
-0.2957611084
-0.1249389648
-0.1249389648
0.3748321533
0.1249389648
0.0000000000
0.0000000000
0.1249389648
0.2498779297
-0.2902984619
-0.2073516846
0.4561767578
-0.7050018311
-0.1244049072
-0.1658782959
-0.2488250732
0.0829467773
0.2231445312
-0.1487579346
-0.3719177246
-0.1487579346
-0.5950622559
-0.2975311279
0.2231445312
0.2975311279
0.0000000000
-0.2498626709
-0.1249389648
-0.1249389648
0.0000000000
0.2498626709
0.2498626709
-0.1249389648
0.0580291748
0.0000000000
-0.6383209229
-0.2321166992
0.0000000000
0.1160583496
0.0580291748
0.6383209229
0.0747222900
0.1120910645
0.0373687744
0.2988891602
0.8966827393
0.1868133545
-0.0373687744
-0.0747222900
-0.0413055420
0.0619659424
-0.1445770264
0.9501037598
0.0826110840
-0.0619659424
0.2065429688
0.0619659424
0.0808258057
0.9860382080
-0.0323333740
0.0323333740
-0.0484924316
0.0646514893
0.0646514893
0.0000000000
0.4951324463
-0.1350402832
0.2250671387
0.1350402832
0.3600921631
0.0000000000
0.3600921631
-0.5851593018
0.1172332764
-0.3517150879
-0.3517150879
0.0000000000
0.3517150879
0.0000000000
0.2344665527
-0.1172332764
0.1605834961
-0.1605834961
0.3211669922
0.4817504883
-0.4817504883
0.3211669922
0.2408752441
0.0000000000
0.1199951172
0.0000000000
0.0000000000
0.0000000000
-0.2400054932
0.0000000000
0.2400054932
0.0000000000
0.1178436279
-0.1178436279
0.1178436279
0.1178436279
0.1178436279
-0.1178436279
-0.1178436279
-0.1178436279
0.0000000000
0.9693298340
0.0605773926
0.0201873779
-0.0201873779
0.1615600586
0.1009674072
0.0807800293
-0.1928405762
0.0000000000
-0.1928405762
-0.1928405762
-0.3856964111
0.1928405762
0.1928405762
0.5785369873
-0.0536956787
0.0536956787
-0.1610870361
-0.0536956787
-0.5906677246
-0.6443634033
-0.3221893311
0.0536956787
-0.3065185547
0.0000000000
-0.0613098145
-0.1839141846
-0.3678131104
-0.4291229248
0.4904174805
0.4291229248
0.0862121582
0.4310302734
0.1724090576
-0.0862121582
-0.6034545898
0.3448333740
0.0000000000
-0.1724090576
0.3566131592
0.2674560547
0.1782989502
-0.3566131592
-0.3566131592
-0.0891571045
0.1782989502
-0.4457702637
0.6976623535
-0.2491607666
0.3986663818
0.0000000000
0.3986663818
-0.0498352051
0.1993255615
0.0996704102
0.1681976318
0.0000000000
0.3363952637
0.3363952637
0.0840911865
-0.5045928955
-0.2522888184
-0.4204864502
-0.2494506836
0.1247253418
-0.2494506836
-0.1247253418
0.0000000000
-0.2494506836
0.0000000000
0.0000000000
-0.1314697266
0.1150360107
0.1314697266
0.0164337158
-0.1314697266
0.0657348633
-0.9531250000
-0.1150360107
-0.1109313965
0.1848907471
-0.8504791260
-0.2588348389
-0.0369720459
0.2588348389
0.2218627930
0.0369720459
0.1936492920
0.7746124268
-0.3872985840
-0.0484161377
0.1936492920
0.0968322754
-0.0484161377
-0.2904815674
0.0000000000
0.0000000000
-0.0911560059
0.0000000000
-0.0911560059
-0.0911560059
0.0000000000
0.0000000000
-0.0758514404
0.0758514404
0.0758514404
-0.0758514404
0.0000000000
0.4550781250
0.7584686279
0.0000000000
0.1060485840
-0.2120971680
-0.1060485840
-0.1060485840
-0.2120971680
0.2120971680
0.6362762451
0.1060485840
0.1229400635
0.2048950195
0.4507904053
-0.5327453613
-0.1229400635
-0.4098052979
-0.4507904053
0.1229400635
-0.2381439209
0.2381439209
-0.4762878418
0.0000000000
-0.1190643311
0.1190643311
0.0000000000
0.2381439209
-0.5436553955
0.1812133789
0.4832458496
-0.3020324707
0.0604095459
-0.3624267578
0.0000000000
-0.3020324707
0.0000000000
0.0540313721
0.9185180664
-0.0540313721
0.0000000000
-0.1350708008
0.1891021729
-0.2701568604
0.0000000000
-0.0785675049
0.0000000000
0.0785675049
0.0000000000
0.0000000000
0.0000000000
0.0000000000
-0.2210693359
-0.1326446533
0.5747833252
-0.6632080078
-0.1768646240
-0.0442199707
-0.2210693359
0.1326446533
0.2261199951
0.7349090576
-0.1695861816
-0.0565338135
-0.5087738037
0.0000000000
0.1130676270
0.0000000000
0.1250000000
-0.1250000000
-0.1250000000
0.0000000000
0.2500000000
0.1250000000
0.2500000000
0.2500000000
-0.0788116455
0.1576080322
-0.4728393555
-0.1576080322
0.0788116455
0.3152313232
-0.0788116455
0.6304626465
0.0476379395
0.1429138184
0.0952758789
0.0952758789
0.9051513672
0.2381896973
-0.0952758789
0.0000000000
0.0000000000
0.1001434326
-0.1001434326
0.9613342285
0.1401977539
0.0000000000
0.1401977539
0.0600891113
0.1645355225
0.9636688232
0.0000000000
0.0705108643
-0.0705108643
0.1175231934
0.0470123291
-0.0234985352
0.3625640869
-0.1035919189
-0.5179443359
0.1035919189
0.1553802490
0.3625640869
0.2589721680
-0.5179443359
0.0000000000
-0.2416839600
-0.1208343506
0.1208343506
0.2416839600
-0.2416839600
0.2416839600
-0.3625183105
-0.2211151123
-0.3316650391
-0.1105499268
0.0000000000
-0.3316650391
0.2211151123
0.4422149658
-0.1105499268
0.0000000000
0.1199951172
0.1199951172
0.1199951172
0.1199951172
0.1199951172
0.0000000000
-0.2400054932
0.3681030273
0.0920257568
0.0920257568
-0.3681030273
-0.1840515137
-0.1840515137
0.3681030273
-0.4601287842
0.0377349854
0.9903869629
-0.0377349854
0.0188598633
-0.0848846436
0.0660247803
0.0377349854
-0.0094299316
-0.1797332764
-0.1123352051
-0.2022094727
0.8762054443
-0.3145294189
-0.1347961426
0.1123352051
0.0224609375
0.2898254395
0.0321960449
-0.2898254395
-0.0644073486
-0.8372802734
-0.1610107422
-0.2576293945
0.0000000000
-0.1163940430
0.1862335205
0.0000000000
-0.0931243896
-0.3026428223
-0.9079284668
0.0698394775
0.0698394775
0.1511993408
0.5039825439
0.1511993408
-0.1007995605
-0.7559661865
0.0503997803
-0.1007995605
-0.1511993408
0.4368438721
0.0727996826
-0.6552581787
0.0727996826
0.0727996826
0.0727996826
-0.2184143066
-0.3640289307
0.7542877197
-0.0861968994
0.3448181152
-0.1724090576
0.0431060791
-0.3017120361
0.3879089355
0.1293029785
0.1203918457
-0.0437774658
0.9521942139
0.2626800537
0.0218963623
0.0547180176
0.0218963623
-0.0109405518
-0.0891571045
0.0000000000
-0.0891571045
0.7132263184
0.1782989502
-0.1782989502
-0.0891571045
0.3566131592
-0.0758666992
0.0325164795
0.0216827393
0.0433502197
-0.0650329590
0.0758666992
-0.9863281250
-0.0650329590
0.0821380615
0.0821380615
0.5749206543
-0.4927825928
0.0821380615
-0.0821380615
0.3285217285
-0.2463989258
0.0670166016
0.9784698486
-0.1742553711
0.0133972168
0.0133972168
0.0268096924
-0.0133972168
-0.0268096924
-0.4590759277
0.0000000000
0.3443145752
0.0000000000
-0.1147766113
0.1147766113
-0.1147766113
-0.3443145752
0.0000000000
0.1249389648
0.0000000000
0.0000000000
0.0000000000
-0.3748016357
-0.1249389648
0.2498626709
0.1548004150
0.3869934082
0.5417938232
0.2321929932
0.1548004150
0.0773925781
-0.3869934082
0.3096008301
0.0483551025
0.1934204102
0.7253570557
-0.3868560791
-0.2901458740
0.3385009766
0.0000000000
0.0967102051
0.2474365234
0.1237182617
-0.2474365234
0.1237182617
-0.1237182617
-0.1237182617
0.0000000000
0.0000000000
0.9355621338
0.1247406006
0.0623779297
-0.0311889648
0.0311889648
0.0935516357
-0.1247406006
-0.2182922363
-0.0684509277
0.1140747070
0.8441619873
-0.1825256348
-0.1596984863
0.2737731934
0.3422241211
0.0456237793
0.2498626709
-0.1249389648
-0.2498626709
0.0000000000
-0.2498626709
0.0000000000
0.1249389648
-0.1249389648
-0.0223236084
0.0111694336
0.0558166504
-0.9936218262
-0.0669860840
0.0223236084
0.0000000000
0.0000000000
-0.0372924805
0.9696197510
0.0186462402
0.0372924805
-0.0745849609
-0.0932312012
0.0559387207
-0.1678161621
-0.1947631836
0.5843048096
0.1947631836
0.3246154785
0.1298370361
-0.3895263672
0.1298370361
0.3895263672
-0.0921936035
-0.4148864746
-0.6453704834
-0.0921936035
0.0460968018
0.1843872070
-0.2765808105
0.4609832764
-0.0959930420
0.0959930420
0.1920013428
-0.1920013428
0.0959930420
0.2879943848
0.1920013428
-0.6719970703
-0.0351715088
0.0615386963
-0.0351715088
0.9934844971
-0.0615386963
-0.0087890625
0.0087890625
0.0175781250
-0.1347045898
0.9636840820
-0.0518188477
0.0621795654
-0.1450653076
-0.0932617188
0.0207214355
0.1139831543
0.1713409424
-0.5354309082
0.7496032715
-0.0856628418
0.1499176025
0.2570037842
0.0856628418
0.0642547607
0.0000000000
0.3247528076
-0.3247528076
0.0000000000
-0.2165069580
-0.3247528076
-0.1082458496
0.4330139160
0.9720306396
0.0237121582
-0.0711212158
0.0237121582
0.1422424316
-0.0237121582
-0.0711212158
0.0711212158
0.1238555908
0.1238555908
0.3715667725
0.1238555908
0.1238555908
-0.2477111816
0.0000000000
-0.2477111816
0.2381439209
0.3572082520
0.0000000000
-0.3572082520
0.0000000000
0.0000000000
0.2381439209
-0.2381439209
0.0442047119
0.9835052490
-0.0773468018
0.0331573486
-0.0994567871
0.0884094238
0.0442047119
0.0110473633
-0.3036804199
-0.3374328613
0.0337371826
0.6073608398
-0.5061340332
-0.3036804199
0.1687164307
0.1012268066
0.3375091553
0.0000000000
-0.1800079346
-0.1575012207
-0.8550415039
0.1125030518
-0.2250061035
-0.1350097656
-0.2306976318
0.1922454834
0.0384521484
-0.0769042969
-0.4998474121
-0.6921081543
0.3460540771
0.0769042969
0.2437896729
0.5850830078
0.1462707520
-0.2925415039
-0.5850830078
0.0487518311
-0.0975189209
-0.2437896729
0.2586059570
-0.1293029785
-0.7111663818
-0.2586059570
0.3232574463
0.1293029785
-0.1293029785
0.2586059570
0.7091674805
-0.1108093262
0.3102569580
-0.2216186523
0.1108093262
-0.3324279785
0.4432220459
0.0664825439
0.1237640381
-0.0247497559
0.9653167725
0.1980133057
0.0247497559
0.0866241455
0.0000000000
0.0000000000
0.1065826416
-0.1065826416
-0.1065826416
0.6395263672
0.1065826416
-0.1065826416
-0.1065826416
0.3197631836
-0.1317596436
0.0731964111
0.0878295898
0.0292816162
-0.0585632324
0.0585632324
-0.9662017822
-0.1463928223
-0.0898437500
0.0000000000
0.4492340088
-0.4492340088
0.0000000000
-0.2695465088
0.4492340088
-0.1796875000
0.0377655029
0.9819946289
-0.0566558838
-0.0377655029
0.0755310059
0.0188903809
0.0566558838
-0.0944213867
-0.4445648193
-0.2222900391
0.1111450195
0.2222900391
0.0000000000
0.0000000000
-0.3334350586
0.3334350586
0.2044067383
0.2044067383
-0.2044067383
-0.2725372314
0.3406677246
-0.5450744629
-0.3406677246
0.3406677246
-0.0912780762
0.3651275635
0.0912780762
0.3651275635
-0.3651275635
-0.2738494873
0.0912780762
0.4564056396
0.3150177002
0.1050109863
0.6300354004
-0.3150177002
-0.2625122070
0.3150177002
0.3675231934
0.0000000000
0.2438964844
0.1219482422
-0.4878082275
0.1219482422
-0.1219482422
-0.1219482422
0.1219482422
0.0000000000
0.8628082275
0.1597747803
0.0639190674
-0.0319519043
-0.1597747803
0.0319519043
-0.2875976562
-0.2875976562
0.0000000000
0.2172393799
0.9000091553
-0.1241455078
-0.0310363770
0.2172393799
0.2172393799
-0.0310363770
0.2486572266
-0.1243286133
-0.1243286133
0.0000000000
-0.1243286133
0.1243286133
0.1243286133
-0.2486572266
-0.0320281982
0.0000000000
0.1761169434
-0.9766540527
-0.0480346680
0.0320281982
-0.0160064697
0.0480346680
0.0000000000
0.9015655518
-0.0601043701
-0.0901641846
-0.2103729248
-0.2704772949
0.1202087402
-0.1202087402
-0.1790008545
0.7159881592
0.1790008545
0.2684936523
0.0894927979
-0.1790008545
0.0000000000
0.1790008545
-0.1127929688
-0.4511871338
-0.6015777588
-0.1503906250
0.0375976562
0.1503906250
-0.3007965088
0.4887847900
-0.3334350586
0.3334350586
0.2222900391
-0.1111450195
0.3334350586
0.1111450195
0.1111450195
-0.3334350586
-0.0419769287
0.0335845947
-0.0167846680
0.9905395508
-0.0839385986
-0.0419769287
0.0587615967
0.0335845947
-0.0340576172
0.9763183594
-0.1362304688
0.0227050781
-0.1021728516
-0.0567626953
0.0227050781
0.0908203125
0.1364440918
-0.3898315430
0.8771209717
-0.0584716797
0.1169433594
0.1559295654
0.0194854736
0.0779724121
0.0000000000
-0.2892761230
-0.4821166992
0.1928405762
-0.1928405762
0.0964202881
-0.1928405762
0.4821166992
0.9796905518
0.0000000000
0.0000000000
0.0000000000
0.1113281250
-0.0445251465
-0.0890655518
0.0445251465
0.2405242920
-0.1202545166
0.4810485840
-0.1202545166
0.0000000000
-0.1202545166
-0.1202545166
-0.2405242920
0.0000000000
0.3715667725
0.0000000000
0.0000000000
0.2477111816
0.0000000000
-0.2477111816
0.2477111816
0.0651550293
0.9773254395
0.0000000000
-0.0390930176
-0.0912170410
0.1042480469
0.1172790527
-0.0260620117
-0.4017944336
-0.2812500000
0.3616180420
0.2410736084
-0.5625152588
-0.4017944336
0.2008972168
0.0000000000
0.3228454590
0.0000000000
-0.1008911133
-0.2623138428
-0.8273010254
0.2017822266
-0.1412506104
-0.2421417236
-0.4416198730
0.2208099365
0.1103973389
0.0368041992
-0.5152130127
-0.2944183350
0.5888214111
0.0000000000
0.3091278076
0.7727966309
0.0515136719
-0.2060852051
-0.4121551514
0.0515136719
0.0000000000
-0.0515136719
0.2509002686
0.0000000000
-0.6272583008
-0.4390869141
0.1254577637
0.2509002686
0.0000000000
0.3763580322
0.6690216064
-0.1274261475
0.3822937012
-0.2230072021
0.1592864990
-0.2867279053
0.4460144043
-0.0318603516
0.0718841553
-0.0574951172
0.9631500244
0.2300109863
0.0287475586
0.0287475586
-0.0431213379
-0.0287475586
0.3908996582
0.0977325439
-0.4886322021
-0.0977325439
-0.3908996582
-0.2931823730
0.0977325439
0.0000000000
-0.2603607178
0.1401977539
0.1602172852
0.0400543213
0.0200347900
0.1201629639
-0.8611907959
-0.3404693604
-0.3593902588
0.0000000000
0.1796875000
-0.2695465088
0.0898437500
-0.4492340088
0.4492340088
-0.2695465088
-0.0226745605
0.9525451660
0.0680389404
-0.1134033203
0.1360778809
0.0907135010
0.1360778809
-0.1134033203
-0.3370056152
-0.1123352051
0.1123352051
0.2246704102
-0.1123352051
0.0000000000
-0.3370056152
0.4493408203
0.3087158203
0.0514526367
-0.2572631836
-0.3087158203
0.3601684570
-0.5145263672
-0.3601684570
0.3601684570
-0.3180847168
-0.1590423584
-0.4241180420
0.0530090332
-0.4241180420
-0.4771423340
0.4241180420
0.1060333252
0.3947601318
-0.0493469238
0.4441070557
-0.0493469238
-0.0493469238
0.2467346191
0.6414947510
-0.2960815430
0.1229705811
0.1229705811
-0.4918823242
0.0000000000
-0.1229705811
0.0000000000
0.0000000000
0.2459411621
0.7356872559
0.2145690918
-0.0919647217
-0.1532592773
-0.3984985352
0.0613098145
-0.3065338135
-0.3065338135
0.0531616211
0.2658233643
0.8506317139
0.1063232422
0.2658233643
0.0531616211
0.0000000000
-0.1595001221
0.1150360107
-0.2300720215
0.1150360107
0.0000000000
0.0000000000
0.1150360107
0.0000000000
0.0000000000
-0.0270385742
-0.0270385742
0.3514556885
-0.8921508789
-0.1351776123
-0.0270385742
-0.0270385742
0.1892395020
0.2060852051
0.5151977539
-0.4121551514
-0.1545562744
-0.4121551514
-0.4636840820
0.1545562744
-0.0515136719
-0.4076843262
0.6115264893
-0.1019134521
0.2038421631
0.1019134521
0.0000000000
-0.1019134521
0.1019134521
-0.1367034912
-0.3645477295
-0.6835327148
-0.1367034912
0.0911407471
-0.0455627441
-0.1822814941
0.5012664795
-0.2727508545
0.4545898438
0.0909118652
0.2727508545
0.5455017090
0.0909118652
0.0909118652
-0.1818389893
-0.0602416992
0.0502014160
-0.0200805664
0.9839477539
-0.0803222656
-0.0702819824
0.0903625488
0.0502014160
0.0502166748
0.9792175293
-0.1632080078
0.0125579834
-0.0502166748
0.0125579834
0.0125579834
0.0627746582
0.1687622070
-0.2531433105
0.9281921387
-0.0632934570
0.1265716553
0.1054840088
0.0000000000
-0.0211029053
-0.0731964111
-0.5123443604
-0.3659515381
0.1463775635
0.0000000000
0.2195739746
-0.2927703857
0.5123443604
0.9582061768
0.0273742676
0.1368865967
0.1368865967
-0.0273742676
0.1095123291
-0.0821380615
0.0000000000
0.1243286133
-0.1243286133
0.2486572266
-0.1243286133
0.0000000000
0.1243286133
0.1243286133
-0.2486572266
0.0000000000
0.2307739258
0.2307739258
0.1153869629
0.1153869629
-0.1153869629
-0.4615325928
0.3461608887
0.0476684570
0.9534606934
0.1112365723
-0.0953521729
-0.0317840576
0.0953521729
0.2065887451
-0.0794525146
-0.3811187744
-0.0476379395
0.6669464111
-0.0952758789
-0.4287567139
-0.3334808350
0.1429138184
-0.0952758789
0.3352508545
0.0000000000
-0.0838165283
-0.3073120117
-0.8101959229
0.1396942139
-0.0838165283
-0.2793731689
-0.4802246094
0.2401123047
0.1200561523
-0.0400238037
-0.5202331543
-0.2401123047
0.5602569580
0.0400238037
0.2617950439
0.7853851318
0.0523529053
-0.1047210693
-0.4188690186
0.0000000000
0.1047210693
0.1570739746
0.2624511719
0.0874786377
0.0000000000
-0.5248870850
-0.5248870850
0.2624511719
-0.0874786377
-0.1749572754
0.4714050293
-0.0589294434
0.4124755859
-0.1767730713
0.1767730713
-0.4124755859
0.4124755859
-0.2946319580
0.0720825195
-0.1441650391
0.9190979004
0.3243865967
0.0180206299
-0.0720825195
-0.0540618896
-0.0720825195
0.3211669922
0.1605834961
-0.4817504883
-0.3211669922
-0.3211669922
-0.4014587402
0.1605834961
-0.1605834961
-0.2311401367
0.1540985107
0.1540985107
0.1284027100
0.1540985107
0.2311401367
-0.7704467773
-0.4365844727
-0.1049804688
0.1049804688
-0.1049804688
-0.5248870850
0.2099609375
-0.3149414062
0.2099609375
-0.3149414062
0.0340881348
0.9205322266
0.0681915283
-0.1363677979
0.1363677979
0.2045593262
0.1704711914
-0.0340881348
-0.1216278076
-0.1216278076
0.0000000000
0.1216278076
-0.2432556152
0.1216278076
-0.1216278076
0.1216278076
0.2433929443
-0.1217041016
-0.3042449951
-0.3042449951
0.3042449951
-0.5476379395
-0.3042449951
0.3650970459
-0.2688751221
-0.2688751221
-0.4839630127
0.0000000000
-0.3226470947
-0.4301910400
0.4839630127
0.0537719727
0.0000000000
-0.0538482666
0.5385284424
0.0000000000
0.0538482666
0.2154083252
0.7000732422
-0.2692565918
0.1250000000
0.0000000000
-0.2500000000
0.0000000000
-0.1250000000
0.0000000000
-0.1250000000
0.3750000000
0.5355377197
0.2677764893
-0.1530151367
-0.2295227051
-0.5355377197
0.0382537842
-0.2295227051
-0.4207763672
-0.0749969482
0.0749969482
0.6750030518
0.1499938965
0.3000030518
-0.3000030518
0.0000000000
-0.3750000000
0.0000000000
-0.2495727539
0.3743438721
0.0000000000
0.0000000000
0.1247863770
0.0000000000
0.2495727539
0.0000000000
0.0000000000
0.4969635010
-0.6212158203
-0.2484893799
-0.1863555908
-0.0621185303
0.3727264404
0.3487548828
-0.2906341553
-0.5812683105
-0.1743774414
-0.4068908691
-0.3487548828
0.1162567139
0.1162567139
-0.2357025146
0.1178436279
-0.1178436279
0.0000000000
0.0000000000
0.1178436279
-0.1178436279
0.0000000000
-0.1763458252
-0.1763458252
-0.7494506836
-0.1763458252
0.0000000000
0.0440826416
0.0000000000
0.5290222168
-0.1927642822
0.1927642822
0.0642547607
0.4497680664
0.6425323486
0.2570037842
0.0000000000
-0.3212585449
-0.0442810059
0.0738067627
-0.0590515137
0.9742736816
-0.0295257568
-0.1033325195
0.1033325195
0.1033325195
0.0639038086
0.9745330811
-0.1597595215
0.0159759521
-0.0319519043
0.0319519043
0.0319519043
0.0958557129
0.2919464111
-0.1167755127
0.9050445557
-0.0291900635
0.2043609619
0.0583953857
0.0291900635
-0.0875854492
-0.0829620361
-0.6636657715
-0.1659088135
0.1659088135
0.0000000000
0.2488708496
-0.1659088135
0.4147949219
0.7292022705
-0.0857849121
0.3431549072
0.3002624512
-0.3431549072
0.2573699951
0.0428924561
-0.0857849121
0.0000000000
-0.1150360107
0.0000000000
0.1150360107
0.0000000000
0.0000000000
0.2300720215
-0.1150360107
-0.1243286133
0.1243286133
0.1243286133
0.1243286133
0.1243286133
0.0000000000
-0.2486572266
0.2486572266
0.0233306885
0.9096527100
0.1865997314
-0.0932922363
-0.0233306885
0.1166229248
0.3032226562
-0.0699768066
-0.3296203613
0.2472076416
0.5768280029
0.1648101807
-0.4120178223
-0.0823974609
0.2472076416
0.0000000000
0.3300628662
-0.0412597656
-0.1650390625
-0.2475433350
-0.8251647949
-0.0825195312
-0.1237792969
-0.2062835693
-0.4289550781
0.2144775391
0.0536193848
-0.2144775391
-0.4825744629
-0.3217163086
0.5361938477
0.0536193848
0.2494506836
0.6236114502
0.3741607666
-0.1870880127
-0.4365234375
0.1247253418
0.0623626709
0.1870880127
0.3649902344
0.2189941406
0.0729980469
-0.2919921875
-0.5109863281
0.1459960938
0.0729980469
-0.5109863281
0.7370147705
-0.1228332520
0.3070831299
0.0000000000
0.2456665039
-0.3070831299
0.1842498779
-0.1842498779
0.1042938232
-0.1564331055
0.8603668213
0.4171447754
0.0260772705
-0.1303558350
0.0000000000
-0.1042938232
0.2222900391
0.1111450195
-0.4445648193
-0.2222900391
-0.2222900391
-0.3334350586
0.1111450195
-0.2222900391
-0.1861877441
0.1861877441
0.0930938721
0.0930938721
0.0930938721
0.2327423096
-0.8611297607
-0.3025665283
0.1266937256
0.1900482178
-0.7601928711
-0.4434356689
-0.0633544922
0.1266937256
0.0633544922
-0.1266937256
0.2504119873
0.7512359619
-0.0626068115
-0.2504119873
0.1878051758
0.2504119873
0.2504119873
-0.1252136230
0.0000000000
-0.1150360107
0.0000000000
0.0000000000
-0.1150360107
0.1150360107
0.0000000000
0.2300720215
0.1093902588
-0.2187805176
-0.2187805176
-0.3281707764
0.3281707764
-0.3281707764
0.1093902588
0.3281707764
-0.3025817871
-0.3630981445
-0.4841156006
-0.1210327148
-0.3025817871
-0.3630981445
0.4236145020
0.0605163574
-0.1693267822
0.1128845215
0.6772918701
-0.3950958252
0.0564422607
0.1693267822
0.4515228271
-0.0564422607
0.1249389648
0.1249389648
-0.2498779297
0.1249389648
-0.1249389648
0.0000000000
0.0000000000
0.3748321533
0.2822113037
0.2822113037
0.0000000000
-0.3950958252
-0.5079650879
-0.0564422607
-0.3386535645
-0.4515228271
0.0000000000
0.0460510254
0.8288879395
-0.0921020508
0.0000000000
-0.2302398682
0.3223419189
-0.2762908936
0.0000000000
0.1237182617
0.3711547852
0.0000000000
0.0000000000
0.0000000000
0.1237182617
0.1237182617
-0.1487579346
0.0000000000
0.7438201904
-0.2975311279
-0.0743865967
-0.0743865967
-0.2975311279
0.2231445312
0.3059387207
-0.4895019531
-0.3671264648
-0.2447509766
-0.4895019531
-0.1835632324
0.1223754883
0.2447509766
0.0000000000
-0.0911560059
0.0911560059
0.0000000000
0.0000000000
0.0000000000
0.0911560059
0.0000000000
-0.2412719727
-0.0804290771
-0.7238159180
-0.1608428955
-0.0402069092
0.2412719727
0.0000000000
0.5227508545
0.1084899902
0.2712249756
-0.0542449951
0.2169799805
0.8136901855
0.2169799805
-0.1084899902
-0.2169799805
0.0000000000
0.1131439209
-0.0905151367
0.9503479004
0.0000000000
-0.0905151367
0.1357574463
0.1810150146
0.0767517090
0.9785766602
-0.1343078613
-0.0191802979
-0.0383758545
0.0000000000
0.0383758545
0.0575561523
0.3319702148
-0.2845458984
0.7587890625
-0.0474243164
0.3319702148
0.0948486328
0.0474243164
-0.1896972656
0.1196746826
-0.5983581543
0.1196746826
0.0000000000
0.0000000000
0.0000000000
0.1196746826
-0.1196746826
0.1521301270
-0.0760650635
0.3803100586
0.3042602539
-0.6085052490
0.3042602539
0.2281951904
-0.1521301270
0.0000000000
0.1178436279
0.1178436279
0.1178436279
-0.1178436279
0.0000000000
0.2357025146
0.0000000000
0.0000000000
-0.0911560059
0.0911560059
0.0000000000
0.0000000000
0.0000000000
0.0000000000
-0.0911560059
0.0344390869
0.8608856201
0.2066192627
-0.0344390869
-0.1033020020
0.2410430908
0.3099212646
0.1033020020
0.0000000000
-0.2369232178
0.1184692383
0.4738464355
-0.1184692383
0.2369232178
0.2369232178
0.1184692383
0.1332397461
0.0666198730
-0.1332397461
-0.1332397461
-0.7994079590
-0.3330841064
-0.1998443604
-0.0666198730
-0.3112030029
0.1244812012
-0.0622406006
-0.3112030029
-0.4356842041
-0.3734436035
0.5601654053
0.1244812012
0.2219390869
0.6658172607
0.2959136963
-0.1479644775
-0.3698883057
0.2219390869
0.0739746094
-0.1479644775
0.4535064697
0.2591400146
-0.0647888184
0.0000000000
-0.1943664551
0.1943664551
0.0000000000
-0.7126464844
0.7468872070
-0.2298126221
0.2872619629
-0.0574493408
0.4021759033
-0.0574493408
0.1723632812
0.0000000000
0.3840026855
0.0000000000
0.3840026855
0.2879943848
0.0000000000
-0.3840026855
0.0000000000
-0.3840026855
0.2456817627
0.1228332520
-0.2456817627
0.1228332520
0.0000000000
-0.1228332520
0.0000000000
0.0000000000
-0.1937561035
0.1660766602
0.0830383301
0.0553588867
-0.0276794434
0.1660766602
-0.9134368896
-0.1937561035
0.0469512939
0.1408538818
-0.8451538086
-0.2347564697
-0.1408538818
0.3286743164
0.0939025879
0.0000000000
0.2019042969
0.0000000000
-0.2019042969
-0.3028411865
0.3028411865
0.2019042969
0.4037933350
-0.4037933350
0.0785675049
0.0000000000
0.0000000000
0.0000000000
0.0000000000
0.0000000000
0.0000000000
0.0785675049
-0.1178436279
0.0000000000
0.0000000000
-0.1178436279
0.0000000000
0.1178436279
0.5892486572
-0.2357025146
-0.3136291504
-0.2509002686
-0.4390869141
-0.2509002686
-0.3136291504
-0.3136291504
0.5018157959
-0.0627288818
-0.0607299805
0.1822052002
0.7288513184
-0.5466308594
-0.0607299805
0.0607299805
-0.0607299805
0.0000000000
-0.1150360107
0.0000000000
-0.1150360107
0.1150360107
0.0000000000
0.0000000000
0.0000000000
0.2300720215
-0.0981750488
0.2945098877
0.2945098877
-0.1963348389
-0.1963348389
-0.3926696777
-0.3926696777
-0.2945098877
0.0000000000
0.0000000000
0.8715209961
-0.1815643311
0.0726318359
-0.0726318359
0.3268127441
-0.2178802490
0.0000000000
-0.0911560059
0.0000000000
0.0911560059
0.0000000000
0.0000000000
0.0911560059
0.0000000000
-0.1892852783
-0.1261901855
0.6309814453
-0.3785858154
-0.1261901855
0.0000000000
-0.4416809082
0.2523956299
0.3473510742
-0.0868377686
-0.2605133057
0.0000000000
-0.6947021484
0.0000000000
0.1736755371
0.1736755371
-0.1150360107
0.1150360107
0.1150360107
0.1150360107
0.1150360107
0.0000000000
0.1150360107
0.1150360107
-0.2094421387
0.0000000000
-0.6806640625
0.0523529053
0.0000000000
0.2617950439
0.0000000000
0.5759429932
0.2256317139
0.4512481689
0.0000000000
0.0752105713
0.6768798828
0.3008422852
0.0000000000
0.0000000000
0.0522003174
0.0782928467
-0.1565856934
0.9395294189
0.1043853760
-0.0260925293
0.1304931641
0.1826934814
0.1867370605
0.9603576660
-0.0800323486
0.0800323486
-0.0533599854
0.0266723633
0.0533599854
0.0266723633
0.3671264648
-0.4283142090
0.0611877441
0.0611877441
0.4283142090
0.3059387207
0.1835632324
-0.4895019531
0.1234283447
-0.3703002930
0.2468566895
0.1234283447
-0.1234283447
-0.1234283447
0.1234283447
-0.2468566895
-0.0826721191
-0.0826721191
0.0000000000
-0.1653594971
-0.6614379883
0.0826873779
0.4133911133
-0.3307189941
-0.1228332520
0.1228332520
0.1228332520
0.1228332520
0.1228332520
0.1228332520
-0.1228332520
-0.2456817627
0.0000000000
0.1014251709
0.3042907715
-0.1014251709
-0.4057312012
-0.4057312012
0.3042907715
-0.3042907715
0.0345306396
0.9842071533
0.0000000000
-0.0172729492
-0.0863342285
0.0518035889
0.0518035889
-0.0863342285
-0.1041717529
-0.0578765869
-0.3472137451
0.8796234131
-0.0578765869
0.0810241699
0.0115814209
-0.2777709961
0.5872344971
0.0000000000
0.0000000000
-0.1468048096
-0.6973419189
0.2936248779
0.0734100342
-0.1101074219
-0.1557159424
0.0778656006
0.1557159424
-0.3114471436
-0.0778656006
-0.6228790283
-0.3114471436
0.3892974854
-0.0629730225
0.5037841797
-0.0629730225
-0.3778381348
-0.6297302246
0.1259460449
-0.1889190674
0.1259460449
0.0876617432
0.1314849854
-0.8766174316
-0.1314849854
0.2191467285
-0.0438232422
0.0876617432
-0.2629852295
0.9647674561
-0.0476379395
0.1786651611
-0.0476379395
-0.0833740234
-0.1310119629
-0.0238189697
0.0595550537
0.0429840088
-0.0429840088
0.9715423584
0.2149353027
0.0343933105
0.0343933105
0.0343933105
0.0171966553
-0.4314422607
0.3775177002
-0.1078643799
0.5393066406
0.3775177002
-0.2157135010
0.1078643799
0.2696533203
-0.1441955566
-0.0600891113
-0.0360565186
0.0961303711
0.0841217041
0.1321868896
-0.9613494873
-0.1081542969
0.3363952637
0.3363952637
0.5886840820
-0.3363952637
0.0000000000
-0.2522888184
0.0000000000
0.0840911865
0.0108795166
0.9904785156
-0.0326538086
-0.0544281006
0.0217742920
0.0326538086
0.0435333252
0.0870819092
-0.3572082520
0.0000000000
0.3572082520
0.1190643311
-0.1190643311
0.1190643311
-0.3572082520
0.0000000000
-0.2586212158
0.1724090576
0.3448333740
0.2586212158
-0.2586212158
0.0000000000
0.1724090576
0.6034545898
0.1082458496
-0.1082458496
0.1082458496
0.4330139160
0.3247528076
-0.2165069580
-0.4330139160
0.0000000000
0.3372344971
0.1011657715
0.3709564209
-0.5395660400
-0.3372344971
0.4046783447
0.3035125732
0.2023468018
0.1039276123
-0.1039276123
-0.7275390625
0.1039276123
-0.1039276123
-0.1039276123
-0.1039276123
0.1039276123
0.9762725830
-0.0199279785
-0.0796966553
-0.0199279785
-0.0597686768
0.0996246338
-0.0996246338
-0.0597686768
-0.0569915771
0.1425018311
0.8549804688
-0.1709899902
0.0000000000
0.1994934082
0.3134918213
0.2279968262
0.1243286133
0.1243286133
-0.2486572266
0.0000000000
-0.1243286133
0.1243286133
-0.1243286133
-0.2486572266
-0.0223236084
0.0223236084
0.0334930420
-0.9934997559
-0.0669708252
0.0111694336
0.0334930420
0.0334930420
0.0406341553
0.9889221191
0.0000000000
0.0270996094
0.0135498047
-0.0135498047
0.0406341553
-0.1083679199
-0.3894805908
0.6166687012
0.2921142578
0.3570251465
0.2272033691
-0.3245697021
0.1622772217
0.1947326660
-0.0292968750
0.0878906250
0.9667358398
-0.0585937500
-0.0292968750
0.1464691162
-0.0585937500
0.0000000000
-0.1049804688
-0.1049804688
0.4199066162
-0.4199066162
-0.2099609375
0.0000000000
0.0000000000
-0.4199066162
-0.0106353760
0.0957031250
0.0319061279
0.9676513672
-0.1488647461
-0.1275939941
-0.0637969971
0.0850677490
-0.1537628174
0.9365386963
-0.0838623047
0.0419311523
-0.1956939697
-0.0419311523
0.0139770508
0.2096710205
0.1882781982
0.0753173828
0.7719268799
0.0376586914
0.0564880371
0.5083465576
-0.2447509766
-0.1694488525
-0.1129455566
-0.2258758545
0.0000000000
0.0000000000
0.0000000000
0.1129455566
-0.3388214111
0.5646972656
0.9834747314
-0.0293579102
0.0146789551
0.0880737305
0.0880737305
0.0440368652
-0.0733947754
0.0440368652
0.0000000000
0.1199951172
0.2400054932
0.0000000000
0.1199951172
-0.1199951172
-0.1199951172
-0.1199951172
0.0000000000
0.2416839600
0.2416839600
-0.1208343506
-0.2416839600
-0.3625183105
0.1208343506
-0.2416839600
0.0855865479
0.9628906250
0.0213928223
-0.0641937256
-0.1069946289
0.0428009033
0.1283874512
-0.1283874512
-0.1236267090
-0.0412139893
-0.3296661377
0.8791046143
-0.0686798096
0.0274658203
0.0824127197
-0.2884521484
0.3488922119
0.0249176025
0.0996856689
-0.2492065430
-0.6479492188
0.5233459473
0.0498352051
-0.2990570068
0.0000000000
-0.2716674805
0.1811065674
-0.1811065674
-0.0905609131
0.6338958740
0.1811065674
0.3622283936
0.0000000000
0.3713073730
-0.1237640381
-0.5569610596
-0.5569610596
0.2475280762
-0.1856536865
0.0618896484
-0.0568084717
0.1136016846
-0.8520507812
-0.1704101562
0.2840118408
-0.1136016846
0.0000000000
0.1704101562
0.9766998291
-0.0610504150
0.1098785400
-0.0366210938
-0.0976715088
-0.0976715088
-0.0610504150
0.0366210938
0.0479125977
-0.0287475586
0.9772949219
0.1820526123
0.0479125977
0.0574951172
0.0000000000
0.0095825195
-0.3617706299
0.2411804199
0.0000000000
0.6029663086
0.4823608398
-0.0603027344
0.1808929443
0.2411804199
-0.1404724121
-0.0312194824
0.0468292236
0.0624237061
0.1092529297
0.1092529297
-0.9520721436
-0.1872863770
0.1972351074
0.4930877686
0.2958526611
-0.1972351074
-0.1972351074
-0.3944702148
0.0986175537
-0.1972351074
0.0386047363
0.9910125732
0.0128631592
-0.0772247314
0.0128631592
0.0386047363
0.0514831543
0.0257415771
-0.3512420654
-0.1756134033
0.1756134033
0.2634277344
0.0000000000
-0.1756134033
-0.2634277344
0.6146697998
0.0000000000
0.4487609863
0.1495819092
0.0747985840
0.0000000000
-0.4487609863
-0.1495819092
0.5983428955
-0.3916473389
-0.1566619873
-0.4699859619
0.0783233643
-0.1566619873
-0.5483093262
0.2349853516
-0.0783233643
0.5560913086
-0.0427703857
0.2138824463
-0.4705352783
-0.2138824463
0.2138824463
0.5133209229
0.0855560303
0.1049804688
0.1049804688
-0.7348480225
0.0000000000
-0.1049804688
-0.1049804688
0.0000000000
0.1049804688
0.9130401611
0.0186309814
-0.1118011475
-0.0372619629
-0.2795104980
0.1118011475
-0.2236022949
-0.0186309814
-0.0277709961
0.1665954590
0.8884735107
-0.1943511963
0.0832977295
0.1943511963
0.2498779297
0.1110534668
0.1199951172
0.0000000000
-0.2400054932
0.1199951172
0.0000000000
0.1199951172
-0.1199951172
-0.1199951172
0.0000000000
0.0000000000
0.0774078369
-0.9907226562
0.0154876709
0.0464477539
0.0154876709
0.0464477539
0.0572204590
0.9726867676
-0.0572204590
-0.0190734863
0.0000000000
-0.1144409180
0.1144409180
-0.0953674316
-0.5002288818
0.6669769287
0.2084350586
0.2917938232
0.2501220703
-0.2084350586
0.0833740234
0.0833740234
0.0333099365
0.0333099365
0.9659729004
-0.0666198730
0.0333099365
0.1332397461
-0.0666198730
0.0333099365
-0.2495727539
-0.2495727539
0.2495727539
-0.2495727539
-0.1247863770
-0.1247863770
0.0000000000
0.0000000000
0.0000000000
0.0778656006
-0.0194702148
0.9734039307
-0.1265411377
-0.1265411377
-0.0389404297
0.0973358154
-0.0176086426
0.9511718750
-0.1937561035
0.0000000000
-0.1409149170
-0.0352325439
0.0352325439
0.1585235596
0.1778869629
0.1293640137
0.8408966064
0.0485076904
0.0000000000
0.3719329834
-0.2263946533
-0.2102203369
0.0590209961
-0.8263854980
0.0000000000
-0.1180572510
-0.1180572510
0.1180572510
-0.1770782471
0.3541564941
0.9789428711
-0.0305938721
0.0458831787
0.0917816162
0.0917816162
0.0611877441
-0.0917816162
0.0458831787
-0.1243286133
-0.1243286133
0.2486572266
0.1243286133
0.1243286133
-0.1243286133
0.0000000000
-0.2486572266
0.0000000000
0.2495727539
0.0000000000
-0.1247863770
-0.2495727539
-0.2495727539
0.1247863770
-0.2495727539
0.1288757324
0.9021453857
0.1546478271
-0.1288757324
-0.1031036377
0.0257720947
0.2319793701
-0.2062072754
-0.0960083008
0.0000000000
-0.2720336914
0.8961334229
-0.0800170898
-0.0160064697
0.0800170898
-0.3040466309
0.2580718994
0.0214996338
0.1505432129
-0.3441009521
-0.5591583252
0.5591583252
0.0430145264
-0.3871154785
-0.1178436279
-0.1178436279
0.2357025146
-0.1767730713
0.0589294434
0.7660217285
0.3535461426
0.2357025146
0.0769500732
0.3847351074
-0.2308349609
-0.3847351074
-0.3077850342
0.5386199951
0.0769500732
0.2308349609
-0.1895141602
0.0947570801
-0.5685577393
-0.4738006592
0.0000000000
0.0000000000
-0.0947570801
0.2842712402
0.9739074707
-0.0825347900
0.0495147705
0.0000000000
-0.1320495605
-0.0165100098
-0.1155548096
-0.0495147705
0.0475921631
-0.0237884521
0.9755706787
0.1903533936
0.0237884521
0.0356903076
-0.0237884521
-0.0475921631
0.0000000000
0.1000061035
-0.1000061035
0.3999938965
0.6000061035
0.0000000000
0.3000030518
0.1000061035
-0.1423797607
0.0610198975
0.1220397949
0.1220397949
0.2644195557
0.1830596924
-0.8339385986
-0.3661193848
0.0000000000
0.2405242920
-0.1202545166
0.1202545166
0.1202545166
-0.4810485840
-0.1202545166
-0.2405242920
0.0456085205
0.9880218506
0.0303955078
-0.0760040283
0.0000000000
0.0608062744
0.0608062744
-0.0151977539
-0.1937103271
0.0000000000
-0.0968475342
0.2905578613
0.0000000000
-0.1937103271
-0.1937103271
0.6779632568
0.1908111572
0.2544097900
-0.1908111572
-0.1908111572
0.1908111572
-0.6996307373
-0.2544097900
0.3180236816
-0.4359283447
-0.3018035889
-0.5030059814
-0.1676635742
-0.2682647705
-0.4694671631
0.3018035889
-0.1341400146
0.4235076904
-0.1882324219
0.0941162109
-0.1411743164
0.0470581055
0.2823333740
0.7528991699
-0.1882324219
0.1219482422
0.1219482422
-0.4878082275
-0.1219482422
-0.1219482422
0.0000000000
0.1219482422
0.2438964844
0.7982330322
0.0399169922
-0.2195129395
-0.0798187256
-0.4390258789
0.1396942139
-0.2793731689
-0.0598602295
0.0703430176
0.1055145264
0.9144897461
-0.1055145264
0.1758575439
0.2110290527
0.1406860352
0.0351715088
0.1228332520
-0.2456817627
0.0000000000
0.0000000000
0.0000000000
0.2456817627
-0.1228332520
0.1228332520
0.0308685303
-0.0308685303
0.1543579102
-0.9570159912
0.1234893799
0.0926208496
0.0000000000
0.0617370605
0.0872192383
0.9302825928
-0.1453552246
-0.0581359863
-0.0581359863
-0.2035064697
0.1744232178
0.0000000000
-0.6218719482
0.6218719482
0.0690917969
0.1381988525
0.1381988525
-0.1381988525
0.0000000000
-0.0690917969
0.0571746826
0.0000000000
0.9147491455
-0.1143493652
0.1143493652
-0.1143493652
0.0000000000
0.1143493652
-0.1243286133
0.0000000000
0.1243286133
0.0000000000
0.3729858398
0.1243286133
0.0000000000
-0.1243286133
0.0113983154
0.1139221191
-0.0341796875
0.9683532715
-0.1253204346
-0.1025238037
-0.0683593750
0.1139221191
0.0182037354
0.9647369385
-0.2002258301
-0.0546112061
-0.0728149414
0.0182037354
0.0364074707
0.0910186768
0.1655578613
0.1103668213
0.8829956055
0.0551910400
-0.0184020996
0.2575378418
-0.1839599609
-0.2575378418
0.1229400635
-0.9015655518
0.0000000000
-0.1639251709
-0.1229400635
0.0819549561
-0.1639251709
0.2048950195
0.9467163086
0.0000000000
0.1577911377
0.1803283691
0.0225372314
0.1577911377
-0.0676269531
0.0000000000
-0.1202545166
-0.2405242920
0.2405242920
0.1202545166
0.2405242920
-0.1202545166
0.2405242920
-0.3607788086
-0.1247863770
0.0000000000
0.1247863770
-0.1247863770
-0.3743438721
-0.1247863770
0.1247863770
-0.2495727539
0.1233062744
0.8323516846
0.2466278076
-0.1849670410
-0.0616607666
0.0308227539
0.3391113281
-0.2157897949
-0.0208587646
0.0208587646
-0.1460571289
0.9180450439
-0.0417327881
-0.0625915527
0.0625915527
-0.3338317871
0.2415161133
0.0603790283
0.1509399414
-0.3924560547
-0.6037750244
0.4528350830
0.0905609131
-0.3924560547
-0.1534423828
0.0000000000
0.2301635742
-0.4603424072
0.1534423828
0.5370635986
0.3836212158
0.2301635742
0.0000000000
0.1833038330
-0.2749481201
-0.0916442871
0.2749481201
0.5499114990
0.3666076660
0.2749481201
0.0000000000
-0.0849761963
0.4249114990
-0.3399353027
-0.5099029541
0.0849761963
0.0000000000
-0.4249114990
0.9569702148
-0.0797424316
0.0000000000
0.0265808105
-0.1595001221
0.0000000000
-0.1063232422
-0.1329193115
0.0509796143
-0.0509796143
0.9517364502
0.2549285889
-0.0169982910
0.0169982910
0.0000000000
-0.1189727783
0.2416839600
-0.1208343506
0.0000000000
0.0000000000
0.4833679199
0.1208343506
0.1208343506
-0.2416839600
-0.0747222900
0.1245269775
0.0747222900
0.1992492676
0.4234008789
0.2988586426
-0.6973571777
-0.3984832764
0.1990661621
0.0000000000
-0.5971984863
0.0995330811
0.1990661621
0.0000000000
-0.3981323242
-0.1990661621
0.0667114258
0.9784698486
0.0000000000
-0.0667114258
-0.0444793701
0.0889587402
0.0889587402
0.0000000000
-0.1190643311
0.0000000000
-0.1190643311
0.1190643311
0.0000000000
-0.1190643311
-0.1190643311
0.5953521729
0.0927886963
0.1855621338
-0.1855621338
-0.0927886963
0.2783508301
-0.6494903564
-0.2783508301
0.1855621338
-0.3939208984
-0.3151397705
-0.5121002197
-0.2363586426
-0.2757415771
-0.4333190918
0.3151397705
-0.1181793213
-0.0489349365
-0.1467895508
0.1957244873
-0.0489349365
0.1957244873
0.5382385254
0.6850433350
-0.2446594238
0.1196746826
0.3590087891
-0.3590087891
-0.1196746826
-0.2393341064
0.0000000000
0.1196746826
0.2393341064
0.6839752197
0.0285034180
-0.3134918213
-0.1425018311
-0.5414886475
0.1425018311
-0.2565002441
-0.0854949951
0.1059112549
0.0000000000
0.9532012939
-0.0353088379
0.1765136719
0.0353088379
0.0706024170
-0.0353088379
0.0000000000
-0.1237182617
0.2474365234
0.1237182617
0.1237182617
0.1237182617
0.0000000000
0.2474365234
0.1069335938
0.0534667969
0.1069335938
-0.9089355469
0.1604003906
0.0534667969
0.1604003906
0.0000000000
0.1295166016
0.8634643555
-0.3022155762
-0.0863494873
-0.1295166016
-0.2158660889
0.0863494873
0.0863494873
-0.3711547852
0.1237182617
0.0000000000
0.0000000000
0.0000000000
-0.1237182617
-0.1237182617
0.0000000000
-0.1196746826
0.1196746826
0.3590087891
-0.4786834717
0.1196746826
-0.1196746826
0.0000000000
0.0000000000
0.0835266113
0.0835266113
-0.0835266113
0.0835266113
0.7517089844
0.1670379639
-0.1670379639
-0.3340911865
0.0321960449
0.1288146973
-0.0160980225
0.9660949707
-0.0805053711
-0.0805053711
-0.0805053711
0.1449127197
-0.0198364258
0.9720458984
-0.1587066650
-0.0595092773
-0.0595092773
0.0000000000
0.0595092773
0.0793457031
0.1732635498
0.0577545166
0.9240570068
0.0288696289
0.0288696289
0.1155090332
-0.1732635498
-0.2021331787
0.1440582275
-0.9124145508
0.0480194092
-0.1920928955
-0.1440582275
-0.0960388184
-0.0480194092
0.0000000000
0.7892913818
-0.0415344238
0.3323364258
0.3323364258
-0.1661682129
0.2492523193
0.0415344238
-0.0830841064
0.1178436279
-0.1178436279
0.0000000000
0.1178436279
0.0000000000
0.0000000000
0.2357025146
-0.1178436279
0.0000000000
-0.1237182617
0.1237182617
-0.1237182617
-0.2474365234
0.0000000000
0.1237182617
-0.2474365234
0.0931854248
0.7455139160
0.3261718750
-0.1397857666
-0.1397857666
0.0931854248
0.4193572998
-0.1863861084
0.0247344971
0.0247344971
-0.1236419678
0.9397277832
-0.0247344971
-0.0247344971
0.0741882324
-0.2720336914
0.3383941650
0.0000000000
0.0751953125
-0.3759918213
-0.7143707275
0.3007965088
0.0375976562
-0.3007965088
-0.0924072266
0.0924072266
0.0924072266
-0.6468200684
0.0924072266
0.3696136475
0.2772064209
-0.1847991943
0.0000000000
0.0862121582
0.0862121582
-0.0862121582
0.5172424316
0.5172424316
0.3448333740
0.2586212158
0.2295074463
0.0000000000
0.2295074463
-0.0765075684
-0.3059997559
0.0765075684
-0.0765075684
-0.7650146484
0.9729156494
0.0000000000
0.0627746582
0.0000000000
-0.0627746582
-0.0313873291
-0.0627746582
-0.0941467285
0.0911560059
0.0303802490
0.9114990234
0.2734527588
-0.0911560059
-0.0303802490
0.1519165039
-0.1519165039
0.3726806641
-0.1242218018
-0.1242218018
-0.2484588623
0.1242218018
0.0000000000
0.0000000000
-0.2484588623
-0.0848083496
0.1978912354
0.0282745361
0.1978912354
0.3957824707
0.3675231934
-0.7067718506
-0.3109741211
0.2972106934
0.0594482422
-0.7727355957
0.0000000000
0.0594482422
0.2972106934
-0.2972106934
-0.1188812256
0.1267242432
0.9292602539
-0.0422363281
-0.1267242432
-0.0844726562
0.0422363281
0.1689605713
-0.0844726562
-0.1237182617
0.0000000000
-0.1237182617
0.0000000000
0.0000000000
0.1237182617
0.0000000000
0.3711547852
0.1242218018
0.0000000000
0.0000000000
-0.1242218018
0.2484588623
-0.3726806641
-0.1242218018
0.2484588623
-0.4062805176
-0.3047180176
-0.4570770264
-0.3047180176
-0.3047180176
-0.3554992676
0.3554992676
-0.1015777588
-0.0994262695
-0.1491241455
0.3479614258
-0.0994262695
0.1988372803
0.5965118408
0.5467987061
-0.2485504150
0.1243286133
0.2486572266
-0.1243286133
-0.1243286133
-0.1243286133
0.1243286133
0.0000000000
0.2486572266
0.6455993652
0.0759582520
-0.3417816162
-0.1898803711
-0.5316619873
0.1519012451
-0.2658386230
-0.0379791260
0.0771789551
-0.0771789551
0.9262390137
-0.0771789551
0.1929626465
-0.0385894775
0.1543731689
-0.1157836914
0.0000000000
0.0000000000
0.0911560059
0.0000000000
0.0911560059
0.0000000000
0.0000000000
0.0911560059
-0.0622406006
0.2489624023
0.3734436035
-0.8091278076
0.0622406006
0.0622406006
0.0000000000
0.0622406006
0.1878051758
0.7512359619
-0.3130187988
-0.1878051758
-0.2504119873
-0.1878051758
0.0626068115
0.1878051758
-0.1150360107
0.0000000000
0.1150360107
0.0000000000
0.1150360107
-0.2300720215
0.0000000000
0.0000000000
-0.2931823730
0.2931823730
-0.5863494873
-0.0977325439
0.2931823730
0.0000000000
0.1954498291
0.0977325439
0.2480316162
0.2480316162
-0.1653594971
0.0000000000
0.6614379883
0.2480316162
-0.0826721191
-0.3307189941
0.0684509277
0.1368865967
-0.0456237793
0.9582366943
-0.0456237793
-0.0456237793
-0.0456237793
0.1825256348
0.0216369629
0.9736480713
-0.1514587402
-0.0865478516
-0.0216369629
-0.0432739258
0.0432739258
0.0432739258
0.2026977539
-0.2432403564
0.8513488770
0.0405426025
0.1621551514
0.1621551514
-0.2026977539
-0.1621551514
0.1329345703
-0.8641204834
0.0664672852
-0.0664672852
-0.1329345703
-0.1994171143
0.1329345703
-0.0664672852
0.4357910156
-0.0871582031
0.4357910156
0.1743164062
-0.4357910156
0.2614746094
0.1743164062
-0.1743164062
0.0911560059
0.0000000000
0.0000000000
0.0000000000
-0.0911560059
0.0000000000
0.0911560059
0.0000000000
0.0000000000
0.0000000000
0.0000000000
0.0000000000
-0.0785675049
0.0000000000
0.0000000000
-0.0785675049
0.0000000000
0.7527160645
0.2509002686
0.0000000000
-0.2509002686
0.1881713867
0.3763580322
0.0000000000
0.0658569336
-0.0658569336
-0.0658569336
0.9549102783
0.0658569336
0.0658569336
0.0658569336
-0.1646423340
0.3492584229
0.0000000000
0.0498962402
-0.3492584229
-0.7484130859
0.2494659424
0.0997924805
-0.1995849609
-0.1963348389
0.0981750488
-0.0981750488
-0.6871795654
-0.1963348389
0.1963348389
0.1963348389
-0.0981750488
0.1642608643
0.1642608643
0.3285217285
-0.0821380615
0.4927825928
0.5749206543
0.1642608643
0.0000000000
0.3330841064
0.1332397461
0.0666198730
0.1332397461
-0.1998443604
0.1332397461
-0.0666198730
-0.7994079590
0.9497985840
-0.0431671143
0.1295166016
-0.0431671143
0.0863494873
-0.0863494873
0.0000000000
0.0431671143
0.1762847900
0.2644195557
0.4407043457
0.1762847900
-0.2644195557
-0.2644195557
0.4407043457
-0.2644195557
0.2400054932
0.0000000000
-0.1199951172
-0.1199951172
-0.1199951172
0.1199951172
0.0000000000
-0.1199951172
-0.1002655029
0.1670989990
0.0334167480
0.1336822510
0.2005310059
0.2673645020
-0.8689422607
-0.2005310059
0.2033996582
0.0000000000
-0.7119140625
0.0000000000
0.0508575439
0.5085144043
-0.2033996582
-0.2542572021
0.2153778076
0.1076965332
-0.1076965332
-0.3230743408
-0.1076965332
-0.2153778076
0.5384674072
-0.2153778076
0.0000000000
0.0000000000
-0.1150360107
-0.1150360107
0.0000000000
0.1150360107
0.0000000000
0.2300720215
0.0000000000
0.2357025146
0.1178436279
0.0000000000
0.0000000000
0.1178436279
0.1178436279
0.1178436279
-0.4124755859
-0.1767730713
-0.3535461426
-0.3535461426
-0.3535461426
-0.3535461426
0.4124755859
-0.1178436279
-0.0608520508
-0.1825408936
0.5476379395
-0.1825408936
0.2433929443
0.3650970459
0.4259490967
-0.3650970459
0.1113433838
0.0000000000
0.0000000000
0.0000000000
0.0000000000
0.0000000000
-0.1113433838
0.2226867676
0.6146392822
0.1365814209
-0.3414611816
-0.0682983398
-0.4780426025
0.1365814209
-0.2731628418
-0.0682983398
-0.0537719727
-0.1613159180
0.8603973389
-0.1613159180
0.2688751221
0.0000000000
0.1613159180
-0.1075439453
0.0000000000
-0.0785675049
0.0000000000
0.0785675049
0.0000000000
0.0000000000
0.0000000000
0.0000000000
-0.1828918457
0.1219177246
0.3657684326
-0.7924957275
-0.0609588623
0.1219177246
-0.1828918457
0.1219177246
0.0916442871
0.7332153320
-0.1833038330
0.0916442871
-0.2749481201
0.0000000000
0.0916442871
0.1833038330
-0.2400054932
0.1199951172
0.0000000000
0.0000000000
0.1199951172
-0.1199951172
0.1199951172
0.1199951172
-0.1681976318
0.1681976318
-0.6727905273
0.1681976318
0.2522888184
-0.1681976318
0.2522888184
0.2522888184
0.3406372070
0.2270965576
-0.2270965576
0.0000000000
0.3406372070
0.3406372070
0.0000000000
-0.2270965576
0.0976715088
0.0651245117
-0.1302337646
0.9442291260
0.0651245117
0.0000000000
0.0325622559
0.1953582764
0.0973815918
0.9738311768
-0.1217346191
0.0243530273
-0.0486907959
-0.0243530273
0.0486907959
0.0486907959
0.3488311768
-0.4484863281
0.5979919434
0.0498352051
0.2989959717
0.2491607666
-0.1494903564
-0.2491607666
0.0943603516
-0.7548370361
0.0943603516
0.0000000000
-0.0943603516
-0.2830657959
0.0943603516
0.0000000000
-0.1847991943
-0.1847991943
0.0924072266
-0.1847991943
-0.5544128418
-0.0924072266
0.3696136475
-0.3696136475
0.1113433838
-0.1113433838
0.0000000000
-0.1113433838
0.1113433838
0.1113433838
0.0000000000
0.1113433838
0.2034759521
0.1356506348
0.2034759521
0.0000000000
-0.5425872803
-0.2034759521
0.3391113281
-0.5425872803
0.3274383545
0.6548919678
0.4093017578
0.0818634033
0.0818634033
0.0000000000
0.1637268066
-0.1637268066
-0.0511779785
-0.0716552734
-0.3787078857
0.7779083252
0.0307006836
0.0511779785
0.1842346191
-0.4503631592
0.1292114258
0.2907409668
0.1292114258
-0.1615142822
-0.2907409668
0.7429962158
0.4199523926
-0.0969085693
-0.2064666748
-0.2064666748
0.3716430664
0.0412902832
0.2477569580
0.7845764160
0.0000000000
0.2064666748
-0.1237640381
0.1237640381
0.1856536865
-0.4331817627
0.1237640381
0.6807250977
-0.0618896484
0.3713073730
0.1667480469
0.2501220703
-0.5836029053
0.0416870117
0.0833740234
0.0000000000
0.0416870117
-0.7086639404
0.9829864502
-0.0242767334
0.0485382080
-0.0242767334
-0.0728149414
-0.0485382080
-0.1334991455
0.0000000000
0.0159149170
-0.0557098389
0.9710693359
0.2149047852
0.0477600098
-0.0318450928
0.0397949219
0.0238800049
-0.3997039795
0.5329437256
-0.1998443604
0.1998596191
0.3330841064
-0.3997039795
0.1332397461
0.1998596191
-0.1138153076
-0.1138153076
-0.0379333496
0.1138153076
0.2276306152
0.1517486572
-0.9358062744
-0.0632324219
0.2549438477
0.1699676514
0.7648468018
-0.1699676514
-0.1699676514
-0.0849761963
0.0000000000
0.0849761963
-0.0176849365
0.9906005859
-0.0796051025
-0.0442199707
0.0530700684
0.0000000000
0.0442199707
0.0530700684
-0.2438964844
-0.2438964844
0.2438964844
0.2438964844
0.1219482422
0.0000000000
-0.2438964844
0.2438964844
-0.2484588623
0.1242218018
-0.1242218018
-0.2484588623
-0.3726806641
0.0000000000
0.0000000000
-0.1242218018
0.0000000000
0.0000000000
-0.1238555908
0.1238555908
0.1238555908
-0.1238555908
-0.4954071045
-0.1238555908
0.4436340332
-0.0295715332
0.1183013916
-0.5323638916
-0.3549041748
0.4140625000
0.3844757080
0.1774597168
0.0000000000
0.0000000000
-0.9360198975
0.0550537109
0.0550537109
-0.0550537109
-0.1101226807
0.0550537109
0.9275054932
-0.0927429199
0.0000000000
-0.2225952148
-0.2040557861
0.0370941162
-0.1484069824
0.0742034912
-0.0317382812
-0.0952301025
0.9523773193
-0.0634918213
0.0634918213
-0.0317382812
-0.1587219238
0.1269836426
0.3498535156
0.1166229248
-0.1166229248
-0.1166229248
0.1166229248
0.1166229248
-0.4664764404
-0.2332305908
0.0812377930
0.0000000000
0.0000000000
-0.9911041260
0.0162506104
0.0162506104
0.0325012207
-0.0325012207
0.1009826660
0.9809722900
0.0432739258
0.0577087402
0.0721282959
0.0000000000
-0.0144195557
-0.1009826660
-0.4419250488
0.5471496582
0.3156585693
0.3577423096
0.3367004395
-0.2735748291
0.2314758301
0.1473083496
0.0982666016
0.2554931641
0.9040374756
0.0196533203
0.0589599609
-0.0786132812
0.0982666016
-0.2751464844
-0.3197631836
-0.2131805420
0.2131805420
-0.3197631836
-0.4263610840
-0.2131805420
0.1065826416
-0.2131805420
0.0401611328
0.0937042236
0.1606445312
0.9103088379
-0.2409667969
-0.1874237061
-0.1472625732
0.1204833984
-0.0349578857
0.9788360596
-0.0349578857
-0.1048736572
0.0000000000
0.0000000000
-0.0874023438
0.1048736572
0.2055206299
0.3670043945
0.6459350586
0.1027679443
-0.0440368652
0.5431823730
-0.2642517090
-0.1468048096
0.0000000000
-0.9244384766
0.1155548096
0.0577850342
0.0000000000
0.3177795410
-0.0288848877
0.0000000000
0.9699249268
-0.0447692871
0.0895385742
0.1641387939
0.0447692871
0.0447692871
-0.1044464111
0.0149230957
0.3741607666
-0.1247253418
-0.1247253418
-0.1247253418
0.0000000000
0.1247253418
0.0000000000
-0.1247253418
0.3363952637
0.1681976318
0.2522888184
-0.2522888184
-0.5045928955
-0.1681976318
0.1681976318
-0.4204864502
0.2489624023
0.6846466064
0.3734436035
-0.1867218018
0.0622406006
-0.0622406006
0.2489624023
-0.3112030029
-0.0623474121
-0.0415649414
-0.3533172607
0.8105621338
0.0207824707
0.0207824707
0.2286224365
-0.3948974609
0.0662078857
0.1765594482
0.1765594482
-0.2868957520
-0.4193267822
0.7282867432
0.2648315430
-0.2427673340
-0.1046142578
-0.2441101074
0.1743621826
-0.0697479248
0.2441101074
0.8717956543
0.0697479248
0.1743621826
-0.2305755615
-0.2305755615
-0.1152801514
-0.3458557129
0.5187835693
0.5187835693
-0.1729278564
0.2882232666
0.0711517334
0.2845764160
-0.4980163574
-0.2134399414
0.0000000000
-0.1422882080
0.1422882080
-0.6403198242
0.9663696289
-0.0134277344
0.0134277344
-0.0268402100
-0.1073760986
-0.0402679443
-0.2147521973
0.0000000000
0.0261230469
-0.0609588623
0.9667510986
0.2351531982
0.0348358154
0.0087127686
0.0435485840
0.0087127686
-0.3446655273
0.4825286865
-0.0689392090
0.3446655273
0.4136047363
-0.2757263184
0.2757263184
0.2068023682
-0.0864257812
-0.1152343750
-0.0144042969
0.1152343750
0.2592926025
0.1296539307
-0.9219360352
-0.1584625244
0.1082458496
0.2165069580
-0.1082458496
0.0000000000
-0.4330139160
-0.5412597656
0.1082458496
0.0000000000
0.0397186279
0.9929199219
-0.0794372559
-0.0397186279
0.0297851562
0.0099334717
0.0198516846
0.0099334717
-0.2019042969
-0.1009521484
0.1009521484
0.1009521484
0.1009521484
-0.1009521484
-0.2019042969
0.7066345215
-0.2500000000
0.2500000000
0.0000000000
-0.1250000000
-0.2500000000
-0.1250000000
0.1250000000
-0.1250000000
-0.4341888428
-0.1736755371
-0.5210266113
-0.1736755371
-0.2605133057
-0.3473510742
0.1736755371
0.0000000000
0.5500335693
-0.1617736816
0.0647125244
-0.4529571533
-0.1941223145
0.2264862061
0.5823822021
0.0000000000
0.0000000000
0.0678253174
-0.8816986084
0.0000000000
0.0678253174
0.0000000000
-0.2034759521
0.1356506348
0.8746032715
-0.0728759766
-0.0911102295
-0.1457672119
-0.3461914062
0.0911102295
-0.2368621826
0.0728759766
-0.0414276123
-0.0828704834
0.9115600586
-0.1242980957
0.2486114502
0.0000000000
-0.1657409668
0.0000000000
0.2500000000
-0.1250000000
0.0000000000
0.1250000000
0.1250000000
0.1250000000
-0.2500000000
-0.2500000000
0.0973663330
-0.0194702148
-0.0194702148
-0.9736633301
0.1363067627
0.0778961182
0.0389404297
-0.0584259033
0.1287841797
0.9567413330
0.0184020996
0.0919952393
0.1287841797
-0.0551910400
0.0368041992
-0.1655883789
-0.5104522705
0.5870208740
0.2297058105
0.3062744141
0.3317871094
-0.2552185059
0.2041778564
0.1020965576
0.1082458496
0.2165069580
0.9020996094
0.0721740723
0.0721740723
-0.1082458496
0.1082458496
-0.2886657715
-0.2498779297
-0.3748321533
0.0000000000
0.1249389648
-0.1249389648
-0.1249389648
-0.1249389648
0.0000000000
-0.0266418457
0.1332397461
0.0666198730
0.9193420410
-0.2398223877
-0.1732025146
-0.1732025146
0.0932617188
0.0758666992
0.9672546387
-0.0569000244
-0.1138000488
0.0758666992
0.0569000244
-0.1138000488
0.0948333740
0.1510162354
0.3432006836
0.7276000977
0.1235504150
-0.1098327637
0.4530334473
-0.2333831787
-0.1921997070
0.0546264648
-0.9560546875
0.0000000000
-0.0546264648
0.0273132324
0.2185211182
-0.0819549561
0.0273132324
0.9470977783
-0.0498504639
0.0997009277
0.2160034180
0.0498504639
0.0997009277
-0.1495361328
0.0166168213
0.0000000000
-0.1243286133
0.0000000000
-0.1243286133
-0.1243286133
0.0000000000
0.1243286133
-0.3729858398
0.2270965576
-0.1135406494
0.0000000000
-0.3406372070
-0.4541778564
-0.1135406494
0.2270965576
-0.2270965576
0.2117614746
0.4235229492
0.4235229492
-0.3176422119
0.1058807373
-0.1058807373
0.3176422119
-0.5294189453
-0.0236511230
-0.0236511230
-0.3074340820
0.8513641357
0.0118255615
-0.0118255615
0.2010192871
-0.3665618896
0.0408325195
0.1224975586
0.2245788574
-0.3470764160
-0.3879089355
0.6941528320
0.2449951172
-0.3266601562
-0.0308380127
-0.2467346191
0.0925292969
-0.1850585938
0.3701019287
0.8327484131
0.0000000000
0.1850585938
-0.1672058105
-0.4459075928
-0.1672058105
-0.1672058105
0.7245941162
0.2786865234
0.0000000000
0.1114807129
0.1863403320
0.1863403320
0.1863403320
-0.2795104980
-0.2795104980
0.0000000000
0.0931701660
-0.6521911621
0.9410095215
-0.0522766113
-0.1045532227
0.0174255371
-0.1219787598
0.0697021484
-0.2613830566
-0.0522766113
0.0121765137
-0.0852355957
0.9619140625
0.2435150146
0.0121765137
0.0243530273
0.0487060547
-0.0121765137
-0.0995330811
0.1990661621
-0.0995330811
0.2985992432
0.5971984863
-0.0995330811
0.2985992432
0.1990661621
-0.0746154785
-0.0373077393
0.0746154785
0.1492309570
0.2984466553
0.1678771973
-0.8766937256
-0.2611389160
0.0000000000
0.1009521484
-0.5047454834
0.3028411865
-0.1009521484
-0.5047454834
-0.1009521484
0.0000000000
0.0782318115
0.9910278320
-0.0521545410
-0.0391235352
0.0000000000
0.0260772705
0.0260772705
0.0260772705
-0.1159973145
0.1159973145
-0.2320098877
0.1159973145
0.1159973145
-0.1159973145
-0.1159973145
0.5800018311
-0.1247253418
0.1247253418
0.1247253418
-0.1247253418
0.0000000000
-0.3741607666
0.0000000000
-0.1247253418
-0.4711456299
-0.2899322510
-0.4711456299
-0.3261718750
-0.2899322510
-0.3986511230
0.1812133789
-0.2174530029
0.3636779785
-0.2424468994
0.0404052734
-0.3232574463
0.0404052734
0.3232574463
0.7273406982
-0.1212310791
0.1247863770
0.0000000000
-0.4991302490
0.0000000000
0.0000000000
0.0000000000
-0.1247863770
0.0000000000
0.7994232178
-0.1080322266
-0.2160644531
-0.1296386719
-0.4537353516
0.1512451172
-0.1944580078
0.0648193359
-0.0715026855
-0.1430053711
0.7150573730
0.0715026855
0.4290313721
0.1430053711
-0.2860260010
0.0000000000
0.0000000000
-0.3685150146
0.0000000000
0.1228332520
0.0000000000
0.0000000000
0.1228332520
0.0000000000
0.1212005615
0.0000000000
-0.0605926514
-0.9392852783
0.2120971680
0.0908966064
0.0908966064
-0.0908966064
0.1244506836
0.9209289551
0.0248870850
0.0995635986
0.2240142822
-0.1244506836
0.0995635986
-0.1742248535
-0.5671081543
0.6076049805
0.1215209961
0.2430419922
0.2835540771
-0.2430419922
0.2025299072
0.0405120850
0.0670013428
0.1339874268
0.9156188965
0.0893249512
0.0446624756
-0.0670013428
0.1563262939
-0.2903137207
-0.0884704590
-0.2654266357
-0.1769409180
0.2654266357
0.6193237305
0.0884704590
-0.3538970947
-0.1769409180
0.0158538818
0.1427001953
-0.0158538818
0.9037322998
-0.2378234863
-0.1268463135
-0.2695312500
0.0951232910
0.0000000000
0.9751739502
-0.0424041748
-0.0847930908
0.0635986328
0.0847930908
-0.0847930908
0.0847930908
0.1543884277
0.3430938721
0.7548065186
0.1029357910
-0.1372375488
0.3774108887
-0.2401733398
-0.2230072021
0.0875091553
-0.9626159668
-0.0875091553
-0.1458435059
-0.0291748047
0.0875091553
-0.0291748047
0.0000000000
0.8579711914
-0.0245208740
0.2206268311
0.3431854248
-0.0245208740
0.1961059570
-0.1961059570
0.0000000000
0.0000000000
-0.1247253418
0.1247253418
0.0000000000
0.1247253418
-0.1247253418
0.1247253418
-0.3741607666
0.0000000000
0.0000000000
0.0000000000
-0.2477111816
-0.3715667725
0.0000000000
0.2477111816
-0.2477111816
0.1717987061
0.3435974121
0.4581298828
-0.3435974121
0.0572662354
-0.1717987061
0.3435974121
-0.5153808594
-0.0144348145
0.0000000000
-0.2598571777
0.8950805664
0.0288696289
-0.0433044434
0.1443634033
-0.3176116943
0.1329650879
0.0531768799
0.1861419678
-0.3988800049
-0.4520568848
0.5850219727
0.2393188477
-0.3988800049
0.0000000000
-0.1232452393
0.1232452393
-0.3286743164
0.4930114746
0.7395172119
-0.0410766602
0.1232452393
-0.1761627197
-0.4697723389
-0.1174468994
-0.0587158203
0.7633972168
0.1761627197
0.0587158203
0.0000000000
0.2635803223
0.0659027100
0.4612731934
-0.0659027100
-0.3294830322
0.1317901611
0.0659027100
-0.6589508057
0.9539794922
-0.0561218262
-0.1402893066
0.0280609131
-0.0841674805
0.0841827393
-0.1402893066
-0.0841674805
0.0199279785
-0.0797119141
0.9366149902
0.2989196777
0.0000000000
0.0199279785
0.0996398926
-0.0597839355
-0.1234283447
-0.1234283447
0.1234283447
0.0000000000
0.4937286377
0.1234283447
-0.1234283447
-0.1234283447
-0.0803222656
0.0535430908
0.1070861816
0.2409515381
0.4015808105
0.2677154541
-0.7496185303
-0.3212585449
0.0716857910
0.0000000000
-0.7885589600
0.2150573730
0.0716857910
0.2150573730
-0.2867431641
-0.1433715820
0.0410614014
0.9853363037
-0.0410614014
-0.0615844727
-0.0205230713
0.0205230713
0.0615844727
0.0615844727
0.0000000000
0.1237182617
-0.1237182617
0.2474365234
0.0000000000
-0.1237182617
-0.1237182617
0.2474365234
-0.1150360107
0.1150360107
0.1150360107
0.0000000000
0.1150360107
-0.1150360107
-0.1150360107
-0.1150360107
-0.4921722412
-0.2871093750
-0.4101409912
-0.4101409912
-0.3281250000
-0.3281250000
0.1640625000
-0.2050781250
0.0000000000
-0.3044891357
0.1739959717
-0.1739959717
0.2174835205
0.5654754639
0.6089782715
-0.2174835205
0.1199951172
0.1199951172
-0.1199951172
0.1199951172
-0.2400054932
0.0000000000
0.1199951172
0.0000000000
0.7114105225
-0.0927886963
-0.3402404785
-0.1237182617
-0.5258178711
0.1855773926
-0.0927886963
0.0618591309
0.0758514404
-0.1516876221
0.7584686279
0.1516876221
0.3792419434
0.0758514404
-0.1516876221
0.0758514404
0.0000000000
-0.2357025146
0.1178436279
0.1178436279
0.0000000000
0.0000000000
0.1178436279
0.1178436279
0.0000000000
0.0765075684
-0.0765075684
-0.9563293457
0.0382537842
0.0000000000
0.1530151367
-0.0382537842
0.0648498535
0.9402465820
0.0000000000
0.0648498535
0.1945343018
-0.1296844482
0.0972747803
-0.0972747803
-0.5499725342
0.5499725342
0.0000000000
0.2357025146
0.0785675049
-0.3142700195
0.1571350098
0.0000000000
0.0763397217
0.1908416748
0.8778991699
0.0381622314
0.0381622314
-0.0763397217
0.1145019531
-0.3435211182
0.0765075684
-0.1529998779
-0.1529998779
0.0765075684
0.7650146484
0.2295074463
-0.2295074463
-0.2295074463
0.0866241455
0.0866241455
-0.0433197021
0.9312438965
-0.1515960693
-0.0649719238
-0.2382202148
0.1299438477
-0.1107177734
0.9687957764
-0.0276794434
-0.0553588867
-0.0276794434
0.0830383301
-0.0276794434
0.1107177734
0.1485900879
0.2377471924
0.8024139404
0.0891571045
-0.0594329834
0.3566284180
-0.2971954346
-0.1485900879
0.1124725342
-0.9373321533
-0.0749816895
-0.1874694824
-0.0749816895
-0.0749816895
0.0749816895
-0.0749816895
0.6717987061
-0.0447845459
0.4926452637
0.3582916260
-0.1343536377
0.2687225342
-0.1343536377
-0.0447845459
0.1000061035
0.0000000000
-0.1000061035
0.0000000000
0.0000000000
0.0000000000
0.1000061035
-0.1000061035
0.0000000000
0.0000000000
0.0000000000
-0.1178436279
-0.2357025146
-0.1178436279
0.1178436279
-0.1178436279
0.1840515137
0.0920257568
0.3681030273
-0.1840515137
-0.1840515137
-0.1840515137
0.4601287842
-0.4601287842
0.0000000000
0.0177307129
-0.2305297852
0.9221191406
0.0531921387
-0.0354614258
0.1063995361
-0.2659912109
0.2140655518
-0.0611572266
0.1223297119
-0.3975677490
-0.4587249756
0.5504760742
0.2752380371
-0.3975677490
-0.1162567139
0.0581207275
0.1162567139
-0.4650115967
0.3487548828
0.6975097656
-0.0581207275
-0.1743774414
0.0000000000
-0.3778381348
-0.1259460449
0.0629730225
0.7556762695
0.3148651123
0.1889190674
0.0000000000
0.1247253418
0.0623626709
0.1870880127
0.0000000000
-0.3741607666
0.0623626709
-0.1247253418
-0.8106994629
0.9666442871
0.0402832031
-0.0805511475
0.0000000000
0.0402832031
-0.0402832031
0.0000000000
-0.0402832031
0.0901184082
0.0450592041
0.8560943604
0.3153991699
-0.0901184082
-0.0450592041
0.2703552246
-0.0901184082
0.0000000000
-0.1216278076
0.0000000000
-0.2432556152
0.0000000000
0.0000000000
-0.2432556152
-0.1216278076
-0.0673370361
0.1009979248
0.0673370361
0.2693328857
0.3703308105
0.3366546631
-0.7406463623
-0.2693328857
0.0534667969
0.0000000000
-0.7485351562
0.1069335938
0.0534667969
0.4812011719
-0.2673339844
-0.1604003906
0.0000000000
0.9471588135
-0.0861053467
-0.1291656494
-0.0861053467
-0.0430603027
0.0861053467
0.0430603027
-0.1000061035
0.0000000000
0.0000000000
0.1000061035
0.0000000000
0.0000000000
-0.1000061035
0.1000061035
-0.1064758301
0.1064758301
0.1064758301
0.0000000000
0.1064758301
0.0000000000
0.0000000000
0.1064758301
-0.4103546143
-0.2344818115
-0.4103546143
-0.4103546143
-0.4103546143
-0.3517303467
0.1758728027
-0.0586242676
0.0913238525
-0.3196411133
0.2739868164
-0.1369934082
0.2739868164
0.5479736328
0.5479736328
-0.2283172607
0.0000000000
0.1064758301
-0.1064758301
0.0000000000
-0.1064758301
0.1064758301
0.0000000000
0.1064758301
0.7037811279
-0.0413970947
-0.3311920166
-0.0827941895
-0.5381927490
0.1656036377
-0.0827941895
0.0827941895
0.0818634033
-0.2455902100
0.5730285645
0.0818634033
0.5730285645
0.0818634033
-0.0818634033
0.1637268066
0.0785675049
0.0000000000
0.0000000000
0.0000000000
0.0000000000
0.0000000000
0.0000000000
0.0785675049
-0.0469970703
0.0940093994
0.0469970703
-0.9400939941
-0.1410064697
-0.0469970703
0.0000000000
0.0940093994
0.0536956787
0.9128570557
0.0536956787
0.1073913574
0.0536956787
-0.0536956787
0.2147827148
0.0536956787
-0.4096679688
0.4096679688
0.0000000000
0.3072509766
0.2048339844
-0.3072509766
0.2048339844
0.1024169922
0.0788116455
0.3940429688
0.6304626465
0.1576080322
0.2364196777
-0.3152313232
0.1576080322
-0.1576080322
0.1178436279
0.0000000000
-0.1178436279
0.0000000000
0.4714050293
0.3535461426
-0.1178436279
-0.2357025146
0.1732635498
0.0577545166
-0.1155090332
0.9240570068
-0.0288696289
-0.0288696289
-0.2021331787
0.1732635498
0.0371856689
0.9667053223
-0.1115417480
-0.0371856689
0.0000000000
0.0000000000
0.0000000000
0.0743560791
0.2044677734
-0.1022338867
0.7156219482
0.2044677734
0.1533508301
0.4089202881
-0.3066864014
-0.1533508301
0.0517883301
-0.9323120117
-0.1035919189
0.0000000000
-0.0517883301
-0.1553802490
0.0517883301
0.0000000000
0.1762847900
-0.2644195557
0.6169738770
0.1762847900
-0.3525543213
0.1762847900
-0.1762847900
-0.1762847900
0.0000000000
0.0000000000
-0.0911560059
-0.0911560059
0.0000000000
0.0000000000
0.0911560059
0.0000000000
-0.1000061035
0.0000000000
-0.1000061035
0.1000061035
0.0000000000
-0.1000061035
0.0000000000
0.0000000000
0.1172332764
0.1172332764
0.1172332764
0.1172332764
-0.3517150879
0.0000000000
0.4689483643
-0.2344665527
0.0686798096
0.0000000000
-0.1831359863
0.9385986328
0.1144561768
0.0000000000
0.0915679932
-0.2060394287
0.2791442871
-0.0697937012
0.1744689941
-0.3838195801
-0.4536132812
0.5234069824
0.3489379883
-0.3140411377
-0.1804046631
0.1804046631
0.0901947021
-0.7216033936
0.0901947021
0.1804046631
-0.2705993652
-0.0901947021
0.1770782471
-0.3541564941
0.0000000000
0.0590209961
0.5902709961
0.5902709961
0.1180572510
0.1180572510
0.1356506348
0.1356506348
0.0678253174
0.1356506348
-0.3391113281
0.0678253174
-0.0678253174
-0.8138732910
0.8936462402
0.0000000000
0.1554107666
-0.0388488770
0.1165618896
-0.1942749023
0.1942749023
0.1942749023
0.1099700928
0.2199401855
0.1099700928
0.4398803711
-0.2199401855
-0.3299102783
0.3299102783
0.1099700928
0.1228332520
-0.1228332520
0.0000000000
-0.2456817627
-0.2456817627
0.0000000000
0.0000000000
-0.1228332520
-0.0661010742
0.0991668701
0.0661010742
0.1983184814
0.1983184814
0.2313690186
-0.8924560547
-0.1322174072
0.1766815186
0.0000000000
-0.6183929443
0.0441741943
0.1325073242
0.5742187500
-0.2208557129
-0.3533630371
0.0000000000
-0.2187805176
0.0000000000
-0.3281707764
-0.2187805176
-0.4375762939
0.3281707764
0.2187805176
-0.0911560059
0.0000000000
0.0000000000
0.0911560059
0.0000000000
0.0000000000
0.0000000000
0.0911560059
0.0000000000
0.2486572266
0.2486572266
0.0000000000
0.0000000000
0.2486572266
0.0000000000
0.1243286133
-0.5411987305
0.0000000000
-0.2705993652
-0.2705993652
-0.4510040283
-0.1804046631
0.0901947021
0.1804046631
0.0488128662
-0.3417053223
0.3905181885
-0.1464385986
0.3905181885
0.3905181885
0.4881439209
-0.2928924561
0.0000000000
0.0000000000
0.0911560059
0.0000000000
-0.0911560059
0.0000000000
0.0000000000
0.0911560059
0.6443786621
-0.0805511475
-0.2416381836
0.1611022949
-0.4832916260
0.1611022949
-0.0805511475
0.0805511475
-0.0981750488
-0.3926696777
-0.1963348389
-0.0981750488
0.4908447266
0.1963348389
-0.3926696777
0.0981750488
0.0000000000
0.0000000000
0.0000000000
0.0588226318
0.0000000000
0.0000000000
0.0000000000
0.0000000000
-0.1867218018
0.1244812012
0.1867218018
-0.8713684082
-0.0622406006
0.0622406006
-0.1244812012
0.0622406006
0.0000000000
0.8343200684
0.0758514404
0.1516876221
0.0000000000
0.0758514404
0.2275390625
0.1516876221
-0.1199951172
0.2400054932
0.0000000000
0.0000000000
0.1199951172
-0.1199951172
0.1199951172
-0.1199951172
0.0000000000
0.2295379639
-0.4590759277
0.2295379639
0.2295379639
-0.2295379639
0.1147766113
0.2295379639
0.1247253418
-0.1247253418
-0.1247253418
0.0000000000
0.1247253418
0.3741607666
0.0000000000
-0.1247253418
0.1302490234
0.0000000000
-0.1302490234
0.9117431641
0.0868377686
0.0434112549
-0.1302490234
0.2170867920
0.1373291016
0.9613494873
-0.0686645508
0.1029968262
0.0000000000
-0.0343322754
0.0343322754
0.0343322754
0.3368225098
-0.4715423584
0.2694549561
0.1347198486
0.4041748047
0.3368225098
-0.2694549561
-0.2694549561
0.0000000000
-0.8267974854
-0.0826721191
0.0826873779
0.0000000000
-0.2480316162
0.0000000000
0.0826873779
0.0000000000
-0.4864349365
0.2918548584
-0.0972900391
-0.4864349365
-0.0972900391
0.0000000000
-0.2918548584
-0.1199951172
-0.2400054932
0.1199951172
0.1199951172
0.0000000000
0.1199951172
0.0000000000
0.1199951172
0.2889556885
0.1444854736
0.1444854736
-0.0722351074
-0.5056762695
-0.1444854736
0.5779266357
-0.2889556885
-0.1139678955
0.7978210449
0.1139678955
0.3989105225
0.1709594727
0.1709594727
0.0000000000
-0.1139678955
0.0000000000
-0.1206359863
-0.3860473633
0.6997070312
0.0723876953
-0.0603179932
0.2533416748
-0.5187530518
-0.3861236572
0.3603820801
0.2831573486
-0.0514831543
0.3346405029
0.6435394287
0.2831573486
-0.1029663086
-0.1918334961
-0.0959167480
0.3197174072
0.0000000000
0.6074676514
0.6394348145
0.1918334961
-0.0639495850
-0.0729980469
-0.2919921875
0.2919921875
-0.5109863281
0.4379882812
0.0000000000
0.0000000000
0.4379882812
0.2673339844
0.3208007812
-0.3742675781
0.2138671875
-0.1604003906
0.1604003906
-0.1069335938
-0.6950683594
0.9741210938
0.0114593506
-0.0916748047
0.0114593506
-0.0114593506
0.0572967529
-0.1833648682
-0.0343780518
-0.0359954834
-0.1439971924
0.9449920654
0.2610015869
0.0540008545
-0.0899963379
-0.0180053711
0.0540008545
-0.2867431641
0.4779052734
-0.2867431641
0.0955810547
0.2867431641
-0.3823242188
0.0955810547
0.1911621094
-0.0787506104
-0.0590667725
0.0590667725
0.0590667725
0.0984344482
0.0393676758
-0.9843750000
0.0000000000
-0.1520080566
0.0000000000
0.9500885010
-0.0760040283
-0.1140136719
0.0760040283
0.0380096436
-0.0380096436
-0.0094909668
0.9592132568
-0.2659149170
-0.0094909668
0.0569763184
0.0000000000
0.0379943848
-0.0379943848
-0.1250000000
-0.2500000000
0.1250000000
0.0000000000
0.1250000000
0.1250000000
-0.2500000000
-0.2500000000
0.0000000000
-0.4541778564
0.0000000000
-0.1135406494
-0.3406372070
0.0000000000
-0.3406372070
-0.2270965576
0.1471099854
0.5295867920
0.4707489014
0.0000000000
-0.0882720947
0.6472778320
-0.1176910400
0.0882720947
0.7103118896
-0.0968627930
-0.3228759766
-0.3874511719
-0.2260131836
0.1614379883
0.3228759766
0.1291503906
0.0000000000
0.0000000000
-0.9421691895
0.0471038818
0.0471038818
0.0000000000
0.0000000000
0.1884307861
0.6923065186
-0.0153808594
-0.0307617188
-0.4461517334
-0.4769134521
0.0153808594
-0.2769165039
0.0923004150
-0.2117614746
-0.0847015381
0.8470611572
-0.0423583984
0.1270599365
0.0423583984
-0.3811798096
-0.0847015381
0.0000000000
0.0000000000
0.1224670410
0.0000000000
0.2449493408
0.3674163818
-0.3674163818
0.1224670410
0.1393127441
-0.1393127441
-0.0557250977
-0.9472961426
0.1671752930
-0.0278625488
0.0000000000
-0.0835876465
0.2111358643
0.8914337158
0.1172943115
0.1876678467
0.2815093994
-0.0234527588
-0.0234527588
-0.1172943115
-0.4877624512
0.4471130371
0.4064636230
0.3658142090
0.3251647949
-0.2438812256
0.2642059326
0.1219329834
0.1666564941
0.3124847412
0.7499847412
0.1250000000
0.0625000000
-0.2291564941
0.2291564941
-0.4166564941
-0.2818603516
-0.0939483643
-0.0939483643
0.0939483643
-0.7516326904
-0.0939483643
0.0000000000
-0.0939483643
0.0995330811
0.1741790771
0.2239379883
0.7464752197
-0.4230041504
-0.2488250732
-0.2985839844
0.0497589111
0.1747741699
0.9394226074
-0.0437011719
-0.0218505859
0.0873870850
0.2184753418
-0.1092376709
0.0437011719
0.2532501221
0.3798675537
0.6612396240
0.0844116211
-0.0281372070
0.5486907959
-0.1969604492
-0.0140686035
-0.0318298340
-0.9868621826
0.0795898438
0.0000000000
0.0159149170
0.0636749268
0.0000000000
0.0795898438
0.9808349609
-0.0726470947
0.1089782715
0.0726470947
-0.0181579590
-0.0363311768
0.0181579590
-0.0544891357
0.0000000000
-0.2226867676
0.1113433838
0.1113433838
0.0000000000
0.0000000000
0.0000000000
0.0000000000
0.3460845947
0.0865173340
0.1730346680
-0.1730346680
-0.6056518555
0.0000000000
0.2595672607
-0.3460845947
-0.0895996094
0.9556579590
0.0597229004
0.1493225098
0.0895996094
-0.0298614502
-0.0298614502
-0.1194610596
0.0348510742
-0.0697021484
-0.3717193604
0.7434234619
0.0464630127
-0.0580749512
0.3136291504
-0.4414062500
-0.2996978760
0.2747344971
0.3246765137
-0.1498565674
-0.0499572754
0.7742309570
0.2497558594
-0.1498565674
-0.1255340576
-0.2196960449
0.2196960449
-0.1883087158
0.3766174316
0.8159942627
0.0627746582
0.0941467285
-0.1184692383
-0.2961730957
0.0592346191
-0.2369384766
0.8292694092
-0.0592346191
0.0000000000
0.1777038574
0.1290283203
0.2580718994
0.1935577393
0.0000000000
-0.3225860596
0.1935577393
0.0000000000
-0.7742156982
0.9572448730
-0.0233459473
-0.1050567627
0.0233459473
-0.0583648682
0.0933837891
-0.2334747314
-0.0233459473
-0.0454711914
-0.1273193359
0.9548950195
0.2455444336
0.0272827148
-0.0636596680
-0.0090942383
0.0454711914
-0.3000030518
0.3999938965
0.0000000000
0.3000030518
0.3999938965
-0.1999969482
0.3000030518
0.1000061035
-0.0704650879
-0.0201263428
0.0704650879
0.0704650879
0.1509857178
0.0603942871
-0.9764099121
-0.0402679443
-0.3003997803
0.0000000000
0.8411102295
0.1201629639
-0.1802368164
-0.1802368164
0.0000000000
-0.0600738525
0.0457458496
0.9491424561
-0.2973175049
0.0114288330
0.0343017578
-0.0228729248
0.0228729248
-0.0457458496
-0.1199951172
-0.2400054932
0.0000000000
0.1199951172
0.1199951172
-0.1199951172
-0.1199951172
0.0000000000
0.0000000000
-0.6085968018
0.0000000000
-0.2028656006
-0.2028656006
-0.2028656006
-0.3042907715
-0.2028656006
0.0639801025
0.5438079834
0.4478302002
-0.0639801025
0.0319824219
0.6717529297
-0.0959625244
0.0319824219
0.6553649902
-0.2184600830
-0.1820526123
-0.3640899658
-0.0728149414
0.2184600830
0.5097351074
-0.0364074707
0.0709686279
-0.0709686279
-0.8516235352
-0.0709686279
0.1419372559
0.1419372559
-0.0709686279
0.2129058838
0.6933593750
-0.0322418213
-0.1128692627
-0.3708648682
-0.4998626709
0.0806274414
-0.3063659668
0.0967407227
-0.4216156006
-0.0702667236
0.4216156006
-0.3513488770
0.2108154297
0.1405334473
-0.4918975830
-0.2108154297
0.0000000000
-0.1249389648
0.0000000000
0.0000000000
0.1249389648
0.2498626709
-0.3748016357
0.0000000000
0.1476593018
-0.0492248535
-0.0738220215
-0.9351654053
0.2460937500
0.0738220215
0.0246124268
-0.0984344482
0.2489318848
0.7467803955
0.1659545898
0.3042449951
0.4148712158
-0.1382904053
-0.0829772949
-0.1936035156
-0.5523986816
0.4770660400
0.3264160156
0.3013000488
0.3264160156
-0.2259826660
0.2761993408
0.1255493164
0.1412200928
0.3026123047
0.7464294434
0.1613922119
0.0605163574
-0.1815643311
0.2420806885
-0.4438171387
-0.2307739258
-0.1153869629
0.0000000000
0.4615325928
-0.3461608887
0.2307739258
-0.1153869629
-0.1153869629
-0.0284576416
0.3131103516
0.0284576416
0.6262207031
-0.4554290771
-0.1992492676
-0.4839019775
-0.0284576416
0.0973510742
0.9734497070
-0.0811157227
0.0162200928
0.0648956299
0.1297912598
-0.0486755371
0.0648956299
0.1988372803
0.3579101562
0.7555694580
0.1060485840
-0.0795288086
0.4506988525
-0.1855773926
-0.0265045166
-0.0179901123
-0.9895782471
0.0359802246
-0.0179901123
0.0000000000
0.0719757080
-0.0179901123
0.0539703369
0.9287414551
-0.1092681885
0.1912078857
0.1638946533
-0.1365814209
0.0000000000
-0.0273132324
-0.1365814209
-0.1216278076
-0.1216278076
0.1216278076
0.0000000000
-0.1216278076
-0.1216278076
0.1216278076
-0.2432556152
0.1166229248
-0.1166229248
0.1166229248
-0.2332305908
-0.5830993652
0.1166229248
0.0000000000
-0.1166229248
-0.0879974365
0.9093170166
0.1466674805
0.0000000000
0.0879974365
-0.1466674805
0.0293273926
-0.2933349609
0.0739288330
-0.0246429443
-0.3696594238
0.7762908936
0.0369720459
-0.0739288330
0.2957305908
-0.3943023682
-0.0771484375
0.1800079346
0.2571563721
-0.2057189941
-0.4114532471
0.7200469971
0.3343048096
-0.1800079346
0.0858764648
-0.3148956299
0.0572509766
-0.2290191650
0.4007873535
0.7729339600
-0.1145019531
0.2003936768
0.0411224365
-0.4934234619
0.0000000000
-0.0411224365
0.8223724365
-0.1233520508
0.0000000000
-0.0822296143
0.1067199707
0.0000000000
0.5691375732
-0.0355682373
-0.3912811279
0.1067199707
-0.0355682373
-0.6758422852
0.9445037842
-0.0899505615
-0.1499176025
0.0299835205
-0.0749664307
0.1049499512
-0.2248840332
-0.0449829102
-0.0473937988
-0.1540374756
0.9478912354
0.2488250732
0.0236968994
-0.0710906982
0.0000000000
0.0592498779
-0.1238555908
0.0000000000
0.1238555908
0.1238555908
0.4954071045
0.1238555908
0.0000000000
0.1238555908
-0.0648040771
0.0259246826
0.1166381836
0.1166381836
0.2203216553
0.1036834717
-0.9460601807
-0.0907135010
-0.2879943848
0.0959930420
0.1920013428
0.5760040283
0.0959930420
-0.2879943848
-0.1920013428
-0.2879943848
0.1078796387
0.9401245117
-0.3082427979
0.0308227539
0.0154113770
-0.0154113770
0.0154113770
-0.0154113770
0.0000000000
0.1178436279
-0.1178436279
0.1178436279
0.0000000000
-0.2357025146
0.0000000000
0.1178436279
0.1076965332
-0.3230743408
0.0000000000
-0.1076965332
0.0000000000
-0.3230743408
-0.5384674072
-0.2153778076
0.0000000000
0.5105285645
0.2978057861
-0.3403472900
-0.0850830078
0.6381530762
-0.2127227783
-0.1276245117
0.2035369873
-0.3256683350
0.0000000000
-0.2035369873
0.1628265381
0.5292053223
0.6513214111
-0.1628265381
0.0000000000
0.0000000000
0.0000000000
0.0000000000
0.0911560059
0.0911560059
0.0000000000
0.0911560059
0.6878509521
-0.1331329346
-0.2440795898
-0.2662658691
-0.5325317383
0.1775054932
-0.1996917725
0.0887603760
-0.3274383545
0.0818634033
-0.2455902100
-0.4911651611
0.1637268066
0.2455902100
-0.4911651611
-0.1637268066
0.0000000000
-0.3711547852
0.0000000000
0.1237182617
0.0000000000
0.1237182617
-0.1237182617
0.0000000000
0.1214752197
0.0242919922
-0.0971832275
-0.9475250244
0.1700744629
0.0728912354
0.1214752197
-0.0971832275
0.1463470459
0.6732025146
0.2341613770
0.2341613770
0.5268554688
-0.2341613770
-0.1170806885
-0.2048950195
-0.5856628418
0.5124511719
0.1830139160
0.2562255859
0.2562255859
-0.2562255859
0.3294372559
0.1098175049
0.0485839844
0.1457366943
0.8258056641
0.1214447021
-0.0242919922
-0.0971527100
0.1943054199
-0.4614715576
-0.0947570801
0.0000000000
-0.0947570801
0.3790283203
0.5685577393
0.1895141602
-0.2842712402
-0.2842712402
-0.0297851562
0.3574218750
-0.0595703125
0.4765625000
-0.4169921875
-0.0893554688
-0.6552581787
-0.0297851562
-0.0310974121
0.9795989990
-0.0932922363
0.0466461182
0.0466461182
0.0777435303
-0.0621948242
0.0932922363
0.2072296143
0.3825988770
0.7651824951
0.1594085693
-0.0797119141
0.3825988770
-0.1912994385
-0.0478210449
0.0229034424
-0.9851531982
-0.0458221436
-0.0458221436
-0.0229034424
0.0687255859
-0.0229034424
0.0458221436
0.7212982178
-0.0848541260
0.3818664551
0.3394317627
-0.2545776367
0.1272888184
-0.0848541260
-0.2545776367
0.0911560059
-0.0911560059
0.0000000000
0.0000000000
0.0000000000
0.0000000000
0.0000000000
-0.0911560059
0.1237182617
0.1237182617
0.1237182617
-0.2474365234
-0.2474365234
0.0000000000
0.0000000000
-0.1237182617
-0.0896606445
0.8069610596
0.2241516113
-0.0896606445
0.0448303223
-0.2241516113
0.0448303223
-0.4034881592
0.0420379639
0.0140075684
-0.3503112793
0.8547515869
0.0420379639
-0.0560455322
0.1961669922
-0.3082733154
0.1387634277
0.0000000000
0.1110229492
-0.2497863770
-0.5550842285
0.6105957031
0.3885650635
-0.2220306396
0.1438446045
-0.2517089844
0.0359649658
-0.2517089844
0.4315185547
0.7551422119
-0.1438446045
0.1797943115
0.0480194092
-0.4802093506
0.0480194092
0.0000000000
0.8163604736
0.0000000000
-0.0480194092
-0.1440582275
0.1391448975
0.0000000000
0.4870300293
0.0000000000
-0.3826599121
0.0695800781
-0.1391448975
-0.7305450439
0.9526062012
-0.0793762207
-0.1852264404
0.0000000000
-0.0264587402
0.0264587402
-0.1587677002
-0.0529174805
-0.0193023682
-0.1158142090
0.9458007812
0.2509307861
0.0000000000
-0.0386047363
0.0965118408
0.0772094727
-0.3689117432
0.1229705811
0.1229705811
-0.1229705811
0.3689117432
0.1229705811
-0.1229705811
0.0000000000
-0.0644989014
0.0429992676
0.1290130615
0.2365112305
0.3225097656
0.2150115967
-0.8600463867
-0.1290130615
-0.0663299561
0.0000000000
-0.5969238281
0.3979492188
0.0663299561
0.3316345215
-0.3316345215
-0.3316345215
0.0434875488
0.9349822998
-0.3261566162
0.0434875488
0.0000000000
-0.0217437744
0.0000000000
0.0000000000
0.0000000000
0.1150360107
0.0000000000
0.2300720215
-0.1150360107
-0.1150360107
0.0000000000
0.0000000000
0.1219482422
-0.2438964844
-0.1219482422
-0.2438964844
0.1219482422
-0.2438964844
-0.3658599854
0.1219482422
-0.0535430908
0.2677154541
0.1070861816
-0.5354309082
-0.2677154541
0.5889739990
-0.3212585449
-0.1070861816
-0.1194763184
-0.3584442139
0.2389678955
-0.0796508789
0.2787933350
0.5974121094
0.5177612305
-0.1991424561
-0.1150360107
0.0000000000
0.2300720215
0.1150360107
0.0000000000
0.0000000000
0.1150360107
0.0000000000
0.6709136963
-0.1219787598
-0.3049621582
-0.1829833984
-0.5489349365
0.2134704590
-0.1524810791
0.0914916992
0.0000000000
-0.0968475342
-0.1937103271
-0.3874053955
0.2905578613
0.0968475342
-0.5811157227
0.1937103271
0.0911560059
-0.0911560059
0.0000000000
0.0000000000
0.0000000000
0.0000000000
-0.0911560059
0.0000000000
0.0278625488
0.0557250977
-0.1114501953
-0.9751586914
0.0000000000
0.0000000000
0.0835876465
-0.0278625488
0.0693664551
0.7630310059
0.2427825928
0.1387329102
0.4855651855
-0.1387329102
-0.1040496826
-0.1734161377
-0.5548400879
0.5548400879
0.0616455078
0.2465972900
0.1849517822
-0.2465972900
0.3082427979
0.0616455078
-0.0805511475
0.1208343506
0.8458099365
0.0805511475
-0.0402832031
-0.1611022949
0.1208343506
-0.4027709961
-0.1099700928
-0.1099700928
0.0000000000
0.2199401855
0.5498504639
0.1099700928
-0.2199401855
-0.3299102783
0.0000000000
0.2772521973
-0.0792236328
0.5941314697
-0.2376556396
-0.0396118164
-0.6733398438
0.0396118164
-0.0845489502
0.9723358154
-0.0634155273
0.0845489502
0.0000000000
0.0422821045
-0.0634155273
0.1268310547
0.2316894531
0.2606506348
0.7530059814
0.2316894531
0.0000000000
0.4344177246
-0.2027282715
-0.0289611816
0.0373077393
-0.9700622559
-0.0746154785
-0.0746154785
0.0000000000
0.0000000000
0.0373077393
0.0000000000
0.5608673096
-0.1682586670
0.5047760010
0.2804260254
-0.2804260254
0.2243499756
-0.1121673584
-0.2804260254
0.0785675049
0.0000000000
0.0000000000
-0.0785675049
0.0000000000
0.0000000000
0.0000000000
0.0000000000
0.0911560059
0.0911560059
0.0000000000
0.0000000000
0.0000000000
-0.0911560059
0.0000000000
0.0000000000
-0.1717987061
0.6012725830
0.1717987061
-0.0858917236
-0.2576904297
-0.2576904297
0.0000000000
-0.4294891357
0.0525207520
0.0350189209
-0.2800903320
0.9103088379
0.0700225830
-0.0525207520
0.1400451660
-0.2275848389
0.1916351318
-0.0821380615
0.1368865967
-0.3011474609
-0.4654083252
0.6022949219
0.4106597900
-0.2737731934
-0.0596466064
-0.1193084717
0.1193084717
-0.4175567627
0.2386016846
0.7754669189
-0.1193084717
-0.0596466064
0.1067810059
-0.4271240234
0.1067810059
0.0000000000
0.8008575439
0.2135620117
0.0533905029
-0.1067810059
0.0873260498
0.0873260498
0.3493041992
0.0000000000
-0.4803009033
0.0436706543
-0.1309967041
-0.7422790527
0.9471588135
0.0000000000
-0.0861053467
-0.0861053467
0.0861053467
-0.1291656494
0.0430603027
0.0430603027
-0.0484771729
-0.0484771729
0.8239898682
0.2908172607
-0.0969390869
-0.0484771729
0.2908172607
0.2423553467
-0.2357025146
0.0000000000
0.0000000000
-0.1178436279
0.1178436279
-0.1178436279
0.0000000000
0.1178436279
-0.0520782471
0.0520782471
0.1822509766
0.2343292236
0.2082824707
0.1822509766
-0.8852233887
-0.1562194824
0.0000000000
-0.0492248535
-0.6399383545
0.1968994141
0.0492248535
0.5414886475
-0.2953643799
-0.2953643799
0.0000000000
0.8791503906
-0.3956146240
0.0000000000
-0.0439605713
-0.0439605713
-0.0439605713
0.0439605713
-0.1199951172
0.0000000000
0.1199951172
0.2400054932
-0.1199951172
-0.1199951172
-0.1199951172
0.0000000000
0.1000061035
0.0000000000
0.0000000000
0.0000000000
0.1000061035
0.1000061035
0.0000000000
0.1000061035
-0.1512603760
0.2268981934
-0.0756378174
-0.5294342041
-0.5294342041
0.3025360107
-0.2268981934
0.1512603760
0.0000000000
-0.3842163086
0.2689514160
-0.1152648926
0.3842163086
0.4994812012
0.4994812012
-0.2689514160
-0.0785675049
0.0000000000
0.0000000000
0.0000000000
0.0000000000
0.0000000000
0.0000000000
-0.0785675049
0.6370849609
-0.1061859131
-0.2123565674
-0.1061859131
-0.5839843750
0.1061859131
-0.2654418945
0.1061859131
0.1452331543
-0.2178497314
-0.1452331543
-0.2178497314
0.5083160400
0.0726165771
-0.5809326172
0.2904663086
0.0000000000
0.0000000000
0.0000000000
0.0000000000
-0.0785675049
-0.0785675049
0.0000000000
0.0000000000
0.0000000000
0.0000000000
-0.1146697998
-0.9556274414
-0.1146697998
-0.0764465332
0.0382232666
0.0764465332
0.0000000000
0.8685150146
0.2285614014
0.1371307373
0.3199768066
0.0000000000
-0.0457153320
-0.0457153320
-0.5153808594
0.4294891357
0.0858917236
0.2576904297
0.1717987061
-0.2576904297
0.3435821533
0.0858917236
-0.1341247559
0.1341247559
0.8047485352
0.1341247559
0.0000000000
-0.2682495117
-0.0670623779
-0.2682495117
-0.1216278076
-0.2432556152
-0.1216278076
0.1216278076
0.1216278076
0.1216278076
0.0000000000
-0.1216278076
0.0466918945
0.1400909424
-0.1400909424
0.7004394531
-0.0933990479
0.0000000000
-0.6070556641
0.1400909424
0.0603179932
0.9651641846
0.0000000000
0.1206512451
0.0301666260
0.0904846191
-0.0603179932
0.0904846191
0.3212585449
0.0000000000
0.4818878174
0.3748016357
0.2141723633
0.5354309082
-0.2677154541
-0.1606292725
0.0000000000
-0.9248962402
-0.1632232666
0.0544128418
0.0544128418
-0.0544128418
0.0000000000
0.1088104248
0.3211669922
-0.4014587402
0.4014587402
0.1605834961
-0.3211669922
0.0802917480
-0.2408752441
-0.4014587402
0.0000000000
0.0000000000
0.0000000000
-0.0588226318
0.0000000000
0.0000000000
0.0000000000
0.0000000000
0.0911560059
-0.0911560059
0.0000000000
0.0911560059
0.0000000000
0.0000000000
0.0000000000
0.0000000000
-0.2153778076
0.5384674072
-0.1076965332
0.0000000000
-0.3230743408
0.0000000000
0.1076965332
-0.3230743408
0.1533355713
0.0000000000
-0.2847595215
0.8981018066
0.1314239502
0.0000000000
0.1314239502
-0.1971435547
0.1874694824
-0.0937347412
0.2187194824
-0.3437042236
-0.3749542236
0.6249237061
0.4062042236
-0.2499694824
-0.1782989502
0.0000000000
0.0891571045
-0.5349121094
0.1782989502
-0.5349121094
-0.2674560547
0.0891571045
0.1869964600
-0.4207305908
0.1402435303
0.1869964600
0.6077117920
0.5142211914
0.1402435303
0.0934906006
0.0598602295
0.0598602295
0.1795959473
0.0598602295
-0.4789123535
0.0000000000
-0.0598602295
-0.7782287598
0.5908203125
0.0000000000
0.2110137939
-0.2110137939
0.1688079834
-0.2954101562
0.5486297607
0.2954101562
-0.2931823730
0.0977325439
0.1954498291
0.3908996582
-0.1954498291
-0.0977325439
0.2931823730
0.4886322021
-0.0588226318
0.0000000000
0.0000000000
0.0000000000
0.0000000000
0.0000000000
0.0000000000
0.0000000000
-0.0524291992
0.0786437988
0.2359313965
0.1572875977
0.1048583984
0.1572875977
-0.9175109863
-0.1048583984
0.2010650635
0.0000000000
-0.5629577637
0.0000000000
0.0804290771
0.6031799316
-0.2412719727
-0.4021148682
-0.1178436279
0.2357025146
-0.4714050293
-0.1178436279
-0.2357025146
-0.2357025146
-0.1178436279
0.1178436279
-0.1064758301
0.0000000000
0.0000000000
0.1064758301
0.0000000000
-0.1064758301
-0.1064758301
0.1064758301
0.0000000000
0.0000000000
0.0000000000
-0.1000061035
0.0000000000
0.1000061035
-0.1000061035
0.1000061035
0.0000000000
0.3769683838
0.2154083252
0.2154083252
-0.0538482666
0.5385284424
-0.4846649170
0.3769683838
0.0000000000
-0.4404296875
0.3083038330
-0.2202148438
0.3963775635
0.3523406982
0.4404296875
-0.3523406982
0.0000000000
0.0000000000
0.0000000000
0.0000000000
0.0000000000
0.0000000000
0.0000000000
-0.0588226318
0.2222900391
-0.2222900391
0.1111450195
0.2222900391
-0.4445648193
0.1111450195
-0.3334350586
0.2222900391
0.0000000000
-0.2647247314
-0.5956268311
-0.2647247314
0.3309020996
0.1323699951
-0.4632720947
0.1323699951
-0.1064758301
-0.1064758301
0.0000000000
0.1064758301
0.0000000000
-0.1064758301
0.0000000000
-0.1064758301
0.0522155762
-0.0522155762
-0.1044311523
-0.9398956299
-0.0522155762
-0.0522155762
0.0522155762
0.0522155762
0.0000000000
0.9151916504
0.0435791016
0.2178955078
0.2178955078
0.0435791016
0.0000000000
0.0435791016
-0.2495727539
0.1247863770
0.1247863770
0.1247863770
0.1247863770
-0.1247863770
0.3743438721
0.0000000000
-0.1166229248
-0.1166229248
-0.5830993652
0.1166229248
0.0000000000
0.1166229248
-0.2332305908
0.1166229248
-0.1243286133
-0.1243286133
-0.1243286133
0.0000000000
0.0000000000
0.3729858398
-0.1243286133
0.0000000000
0.0554809570
0.0000000000
0.0000000000
0.8322143555
-0.1109619141
-0.0554809570
-0.3328857422
0.2774047852
0.1242980957
0.9446563721
0.0745849609
0.2237396240
0.0248565674
0.1242980957
0.0000000000
-0.0248565674
0.2664642334
-0.5329437256
-0.1332397461
0.1998596191
0.4663238525
0.3330841064
-0.2664642334
-0.1998443604
-0.0964202881
-0.6749725342
-0.1928405762
0.0964202881
0.0000000000
-0.1928405762
-0.1928405762
0.2892761230
0.7132415771
-0.3566284180
0.2139739990
0.0000000000
-0.2139739990
0.0000000000
-0.1426544189
-0.2852935791
