0.0000000000
0.0000000000
0.1000061035
0.0000000000
-0.1000061035
-0.1000061035
-0.1000061035
0.0000000000
0.1199951172
-0.1199951172
0.1199951172
0.0000000000
0.2400054932
-0.1199951172
-0.1199951172
0.0000000000
-0.0950012207
0.9183197021
-0.1266632080
0.1900024414
-0.0633392334
0.0950012207
-0.1583251953
0.1583251953
-0.1240081787
0.3100128174
-0.2480010986
0.6200256348
0.1240081787
0.3100128174
-0.4340209961
-0.1240081787
0.1525573730
-0.1525573730
-0.1525573730
-0.0762786865
-0.4576873779
-0.3814086914
-0.6102447510
0.0000000000
-0.0872497559
0.0436248779
-0.0436248779
-0.2617340088
-0.5234680176
-0.7415771484
-0.1308593750
0.1308593750
0.0000000000
0.1903381348
-0.0951690674
-0.1903381348
-0.7613372803
0.0951690674
-0.0951690674
0.0000000000
-0.2050018311
0.0512542725
0.8712310791
0.0000000000
-0.2562408447
-0.1024932861
-0.1024932861
-0.1537475586
0.9742126465
0.0324707031
-0.0649414062
0.0324707031
-0.0974273682
0.0000000000
-0.0324707031
0.0000000000
0.1405334473
0.0702667236
0.0702667236
0.0000000000
0.2108154297
-0.8432464600
-0.2108154297
0.0702667236
0.0000000000
-0.3711547852
-0.1237182617
0.0000000000
-0.1237182617
-0.1237182617
0.0000000000
0.0000000000
0.1252288818
0.1878509521
0.0939178467
0.0939178467
0.0000000000
0.0939178467
-0.9392242432
-0.0939178467
-0.1213989258
0.0000000000
-0.2428131104
-0.3642120361
-0.1213989258
-0.3642120361
0.1213989258
0.1213989258
0.0884704590
0.7962646484
-0.1769409180
-0.0884704590
-0.1769409180
0.0000000000
0.0884704590
0.0884704590
0.0000000000
0.0911560059
0.0000000000
0.0911560059
0.0000000000
0.0000000000
-0.0911560059
0.0000000000
0.0765075684
0.2295074463
0.0000000000
-0.0765075684
0.1529998779
0.0765075684
0.8415069580
0.0000000000
-0.1653594971
0.0826873779
0.4133911133
0.0826873779
-0.3307189941
0.3307189941
0.5787506104
0.0000000000
-0.0362243652
-0.2897491455
0.3983917236
-0.1810913086
0.1810913086
-0.6519165039
-0.4708251953
-0.0362243652
0.1237182617
0.0000000000
-0.2474365234
0.1237182617
0.0000000000
-0.2474365234
0.1237182617
-0.1237182617
0.2488708496
0.0829620361
-0.0829620361
-0.6636657715
-0.0829620361
0.0829620361
0.4147949219
0.2488708496
-0.0838165283
0.0000000000
0.8380889893
-0.0838165283
-0.0838165283
-0.2095184326
0.3352355957
-0.2514343262
0.1000061035
-0.1000061035
0.0000000000
0.1000061035
0.0000000000
0.0000000000
0.1000061035
0.0000000000
0.0000000000
0.0000000000
-0.1242218018
-0.3726806641
0.1242218018
0.1242218018
0.2484588623
-0.2484588623
-0.1968078613
0.7085266113
0.4723510742
-0.2755279541
0.0393676758
0.1968078613
-0.1180877686
0.2361755371
-0.2926025391
0.1170501709
-0.2926025391
0.4096527100
0.2926025391
-0.2926025391
0.2926025391
0.5267028809
0.1044464111
0.0000000000
-0.6267242432
-0.1044464111
0.2089080811
0.3133544922
0.0000000000
0.2089080811
-0.3640136719
-0.2860107422
0.3380126953
0.3120117188
0.6760253906
0.2860107422
0.0520019531
-0.1040039062
0.0336456299
0.1682281494
-0.2355346680
0.9084625244
0.2018890381
0.1009368896
-0.0336456299
-0.0336456299
0.1024169922
0.5120697021
0.0000000000
-0.2048339844
0.0000000000
-0.5120697021
0.0000000000
-0.2048339844
0.6592407227
0.2472076416
0.1648101807
-0.0823974609
0.0000000000
0.2472076416
0.4120178223
-0.0823974609
0.0000000000
-0.2490844727
-0.1245422363
0.1245422363
0.2490844727
0.2490844727
0.2490844727
-0.1245422363
-0.3042907715
0.0000000000
0.1014251709
0.3042907715
-0.4057312012
0.3042907715
0.4057312012
0.1014251709
0.0000000000
0.0000000000
0.0000000000
0.0000000000
0.0000000000
0.0000000000
-0.0785675049
-0.0785675049
0.0000000000
-0.1000061035
0.1000061035
0.1000061035
0.1000061035
0.0000000000
0.0000000000
0.0000000000
-0.0501403809
0.9526367188
-0.0501403809
0.1002807617
-0.0250701904
0.1002807617
-0.1253509521
0.1754913330
0.0000000000
0.2826538086
-0.5087738037
0.5087738037
0.0000000000
0.4522552490
-0.2826538086
0.1130676270
0.0506591797
0.0000000000
-0.1013031006
0.1013031006
-0.6585235596
-0.3545837402
-0.5572052002
0.1519622803
0.1170043945
-0.0390014648
-0.1950073242
0.0000000000
-0.6240234375
-0.7020263672
-0.1170043945
-0.0390014648
-0.1552581787
0.1552581787
0.0776367188
-0.2328948975
-0.7762908936
0.2328948975
-0.1552581787
0.0776367188
-0.2772064209
0.0924072266
0.5544128418
-0.0924072266
-0.2772064209
-0.2772064209
-0.0924072266
-0.3696136475
0.8704376221
0.0000000000
0.0000000000
0.1160583496
0.1740875244
0.0580291748
0.2321166992
0.1740875244
0.1566619873
0.3133239746
0.0000000000
-0.3916473389
-0.0783233643
-0.7049713135
0.0783233643
-0.0783233643
-0.3736267090
-0.2490844727
0.0000000000
0.0000000000
0.1245422363
0.2490844727
-0.1245422363
0.0000000000
0.0847778320
0.2967376709
0.0847778320
0.0000000000
-0.2119598389
0.0000000000
-0.8902130127
0.0423889160
-0.3152313232
0.0000000000
-0.5516510010
-0.4728393555
-0.2364196777
-0.1576080322
0.2364196777
0.1576080322
0.1230621338
0.8614654541
-0.0615386963
0.0000000000
-0.1230621338
-0.1846008301
-0.0615386963
-0.2461395264
0.2300720215
0.0000000000
0.0000000000
-0.1150360107
0.0000000000
0.0000000000
0.1150360107
0.1150360107
0.0535430908
0.2141723633
0.0000000000
0.0000000000
0.0535430908
0.1606292725
0.9102325439
0.0000000000
0.1298370361
0.1947631836
0.5193786621
0.0000000000
-0.3895263672
0.5843048096
0.1947631836
-0.0649261475
-0.0406341553
-0.2438507080
0.3657684326
-0.2032012939
0.1219177246
-0.5689697266
-0.6096191406
0.0000000000
0.0000000000
0.0000000000
0.0000000000
0.0911560059
0.0000000000
-0.0911560059
0.0000000000
0.0911560059
0.5907135010
0.0000000000
-0.1968994141
-0.4922637939
-0.3938140869
0.0984497070
0.1968994141
0.2953643799
0.0000000000
-0.0277252197
0.8319854736
-0.1941223145
0.0000000000
-0.1941223145
0.3605346680
-0.2773284912
0.0000000000
0.0000000000
0.1216278076
0.2432556152
-0.1216278076
0.0000000000
0.2432556152
0.0000000000
0.0821380615
-0.0821380615
-0.0821380615
-0.7391815186
0.0821380615
0.2463989258
0.3285217285
-0.1642608643
-0.1803131104
0.9015655518
0.2704772949
-0.1202087402
-0.0300598145
0.1202087402
-0.0901641846
0.1202087402
-0.2540588379
0.1693725586
-0.0846862793
0.4234313965
0.3387451172
-0.2540588379
0.3387451172
0.4234313965
0.0865173340
0.0000000000
-0.6921691895
-0.0865173340
0.1730346680
0.3460845947
0.2595672607
0.1730346680
-0.2532043457
-0.3164978027
0.3164978027
0.1898956299
0.7596130371
0.2848510742
0.0000000000
-0.0949554443
0.0497741699
0.0995635986
-0.1991271973
0.9209289551
0.2489013672
0.1244506836
0.0000000000
-0.0497741699
0.0000000000
0.6972656250
0.0871582031
-0.2614746094
-0.0871582031
-0.2614746094
0.2614746094
-0.1743164062
0.4658508301
-0.2795104980
-0.2795104980
-0.1863403320
0.1863403320
0.1863403320
0.4658508301
0.0000000000
-0.1172332764
-0.4689483643
0.0000000000
-0.2344665527
0.1172332764
0.3517150879
-0.1172332764
0.1172332764
-0.5440979004
0.2176361084
-0.2176361084
0.2176361084
0.1088256836
0.1088256836
0.2176361084
0.2176361084
0.1064758301
0.0000000000
0.0000000000
0.0000000000
-0.1064758301
-0.1064758301
-0.1064758301
-0.1064758301
0.0785675049
0.0000000000
0.0000000000
0.0000000000
0.0785675049
0.0000000000
0.0000000000
0.0000000000
-0.0630493164
0.9667358398
-0.0210113525
0.0210113525
-0.0420379639
0.1260986328
-0.0840606689
0.1471099854
-0.1353454590
0.2706756592
0.1353454590
-0.0676727295
-0.2706756592
0.5413513184
-0.2706756592
0.5413513184
-0.0904846191
0.1357269287
0.0904846191
0.2262115479
-0.5429077148
-0.4524230957
-0.4976654053
0.3166961670
0.1876068115
-0.1876068115
-0.3752136230
0.1407012939
-0.5628051758
-0.6097106934
0.0000000000
-0.0937957764
-0.1525573730
0.1525573730
0.2288513184
-0.1525573730
-0.6102447510
0.5339660645
0.0000000000
0.1525573730
0.0000000000
0.1249389648
0.0000000000
-0.1249389648
-0.2498626709
-0.2498626709
0.2498626709
-0.1249389648
0.0000000000
-0.1637268066
0.2455902100
-0.1637268066
0.5730285645
-0.1637268066
0.4911651611
0.2455902100
0.0000000000
0.1611022949
-0.5638275146
-0.5638275146
-0.0805511475
-0.3221893311
0.0000000000
-0.0805511475
-0.5028533936
-0.2514190674
0.2514343262
0.1676177979
0.4190521240
0.3352355957
-0.2514190674
0.0000000000
-0.1302337646
0.2279205322
0.0976715088
0.0000000000
-0.3255920410
-0.0651245117
-0.8791046143
0.0651245117
-0.3499450684
0.0583190918
-0.6415557861
-0.4665832520
-0.1749725342
0.0583190918
0.2916107178
0.1166534424
0.1577301025
0.8412017822
-0.0525817871
0.0000000000
0.0525817871
-0.1577301025
-0.1051483154
-0.3680267334
0.1064758301
0.0000000000
-0.1064758301
-0.1064758301
0.1064758301
0.1064758301
0.0000000000
0.0000000000
0.0000000000
0.2269134521
0.0000000000
0.0453796387
-0.0453796387
0.3630523682
0.8622436523
-0.0453796387
0.3620758057
0.2069091797
0.6207122803
-0.2069091797
-0.2586364746
0.4655303955
0.1551818848
0.0517272949
0.0437927246
-0.1751556396
0.2627258301
-0.2627258301
0.0875701904
-0.6130371094
-0.6130371094
0.0875701904
0.1113433838
0.1113433838
0.0000000000
0.1113433838
0.1113433838
0.0000000000
-0.1113433838
0.1113433838
0.6027374268
0.0000000000
-0.0861053467
-0.4305267334
-0.6027374268
-0.0430603027
-0.0430603027
0.1291656494
0.0000000000
-0.1177520752
0.8477935791
-0.1648406982
0.0706481934
-0.1412963867
0.2355041504
-0.3768005371
0.0000000000
0.2456817627
0.0000000000
0.0000000000
-0.1228332520
0.1228332520
0.2456817627
-0.1228332520
0.0669097900
-0.2676544189
0.0669097900
-0.8029479980
-0.1338195801
0.1338195801
0.2676544189
-0.1338195801
-0.1248779297
0.9740447998
0.0749206543
0.0249786377
-0.0749206543
0.0249786377
-0.0499572754
-0.0249786377
-0.2795104980
0.2795104980
0.1863403320
0.3726806641
0.1863403320
-0.1863403320
0.4658508301
0.2795104980
0.2357025146
0.1178436279
0.1178436279
0.0000000000
0.1178436279
0.3535461426
0.4714050293
0.0000000000
-0.1060333252
-0.2120666504
0.3180847168
0.1060333252
0.7952270508
0.3180847168
0.0530090332
-0.0530090332
0.0204620361
0.0409393311
-0.1432647705
0.9414978027
0.2456054688
0.1228027344
-0.0204620361
-0.0409393311
0.1963348389
0.3926696777
0.3926696777
0.0981750488
-0.2945098877
0.2945098877
0.2945098877
-0.1963348389
0.3212585449
-0.1927642822
-0.6425323486
-0.0642547607
0.1927642822
-0.0642547607
0.5140228271
0.0000000000
-0.2684936523
-0.7159881592
-0.0894927979
-0.0894927979
0.2684936523
0.0894927979
-0.1790008545
-0.0894927979
0.1234283447
-0.4937286377
-0.1234283447
0.0000000000
0.1234283447
0.1234283447
0.1234283447
0.1234283447
0.1150360107
0.0000000000
-0.1150360107
0.1150360107
-0.2300720215
0.0000000000
0.0000000000
0.0000000000
0.0000000000
0.0000000000
-0.1064758301
0.1064758301
0.1064758301
-0.1064758301
0.0000000000
-0.1064758301
-0.0334625244
0.9871673584
-0.0334625244
0.0000000000
0.0167388916
0.0836639404
-0.0502014160
0.0669250488
-0.3413696289
0.3982696533
0.0569000244
-0.1137847900
-0.2275848389
0.4551544189
-0.2844696045
0.5120544434
-0.1677703857
0.0838775635
0.2097015381
0.2097015381
-0.5871734619
-0.4194183350
-0.4613494873
0.2935943604
0.2489624023
-0.2489624023
-0.4979248047
0.1244812012
-0.1244812012
-0.6846466064
0.0000000000
0.0000000000
-0.0713195801
-0.1426544189
0.2852935791
-0.2852935791
-0.2139739990
0.7132415771
-0.0713195801
0.2852935791
0.1249389648
0.1249389648
0.2498626709
0.0000000000
-0.2498626709
0.0000000000
0.2498626709
-0.1249389648
0.0733795166
-0.1467742920
0.2935485840
-0.0733795166
0.5870819092
-0.2935485840
0.5137023926
-0.0733795166
-0.0882568359
0.1765136719
-0.7943115234
-0.4412841797
-0.0441284180
-0.1765136719
-0.1765136719
0.0882568359
-0.5434112549
-0.3105163574
0.2328948975
0.2328948975
0.4657745361
0.2328948975
-0.1552581787
0.0000000000
-0.0909881592
0.1516418457
0.1213073730
0.0303344727
-0.3032684326
0.0000000000
-0.9098205566
0.0606536865
-0.3107757568
0.1553802490
-0.7251281738
-0.4143676758
-0.0517883301
0.1553802490
0.2071838379
0.1553802490
0.0567169189
0.8506774902
-0.0567169189
-0.1134185791
0.0567169189
-0.0567169189
-0.1701354980
-0.3402709961
0.0000000000
0.0000000000
-0.1000061035
-0.1000061035
0.1000061035
0.1000061035
0.0000000000
0.0000000000
-0.0579376221
0.2896575928
0.1158599854
0.0579376221
-0.0579376221
0.4634552002
0.7531127930
0.0000000000
0.5667266846
0.2575988770
0.4121551514
-0.1030426025
-0.0515136719
0.5151977539
0.1030426025
0.2575988770
0.0818939209
-0.0409393311
0.2456817627
-0.2866210938
0.0000000000
-0.5323028564
-0.6960754395
0.1637878418
0.0911560059
0.0000000000
-0.0911560059
0.0000000000
0.0000000000
0.0911560059
0.0000000000
0.0000000000
0.5390625000
0.0449218750
-0.0898437500
-0.3144531250
-0.7187500000
-0.0898437500
-0.0898437500
0.0449218750
0.0000000000
-0.1682434082
0.8412017822
-0.1922760010
0.0961303711
-0.1201782227
0.1922760010
-0.3845520020
0.0000000000
0.1064758301
0.1064758301
0.0000000000
0.0000000000
0.1064758301
0.1064758301
0.1064758301
0.1458282471
-0.1093750000
0.0364532471
-0.9478912354
-0.0729217529
0.0364532471
0.1093750000
-0.0729217529
-0.0212860107
0.9789123535
0.0212860107
0.1063995361
0.0000000000
-0.0425567627
-0.0425567627
-0.1063995361
-0.2187805176
0.1093902588
0.3281707764
0.1093902588
0.2187805176
-0.1093902588
0.5469665527
0.1093902588
0.1117401123
-0.1117401123
0.5586853027
-0.1117401123
0.0000000000
0.1117401123
0.2234802246
-0.3352050781
0.0000000000
0.0756378174
0.2268981934
0.0756378174
0.6806945801
0.4537963867
0.2268981934
-0.1512603760
0.0174713135
0.0349426270
-0.0523986816
0.9782409668
0.1572113037
0.0523986816
-0.0174713135
-0.0349426270
0.3487548828
0.6975097656
0.2324981689
0.0581207275
0.0000000000
0.4068908691
-0.0581207275
-0.2324981689
0.1685180664
-0.2808685303
-0.5617370605
-0.0561676025
0.0561676025
0.0000000000
0.6740875244
0.1123504639
-0.1659088135
-0.7466278076
-0.1659088135
-0.1659088135
0.2488708496
0.0000000000
-0.2488708496
0.0000000000
0.8439483643
-0.2301635742
-0.0767211914
-0.1534423828
0.0767211914
0.0000000000
0.0000000000
0.0000000000
0.1113433838
0.1113433838
-0.1113433838
0.0000000000
-0.1113433838
0.1113433838
-0.1113433838
0.0000000000
0.0000000000
0.0000000000
0.0000000000
0.0000000000
0.0000000000
0.0000000000
0.0000000000
-0.0588226318
-0.0309143066
0.9891815186
-0.0309143066
0.0309143066
0.0309143066
0.0772857666
-0.0154571533
0.0618286133
-0.4588470459
0.3568725586
-0.2039337158
0.4588470459
-0.1529541016
0.3058929443
-0.2039337158
0.4078674316
-0.1992950439
0.0398559570
0.2790069580
0.1195831299
-0.7573242188
-0.2391510010
-0.3985900879
0.1594390869
0.1730346680
-0.1730346680
-0.4326019287
0.1730346680
0.4326019287
-0.5191192627
0.0000000000
-0.0865173340
0.0000000000
-0.2184143066
0.1456146240
-0.1456146240
0.1456146240
0.8008728027
-0.1456146240
0.2184143066
0.0000000000
-0.1250000000
0.2500000000
-0.1250000000
0.1250000000
-0.1250000000
0.2500000000
0.2500000000
0.7440185547
-0.0619964600
-0.1240081787
0.0000000000
0.4340209961
0.0000000000
0.1240081787
-0.3100128174
-0.0773925781
0.3096008301
-0.5417938232
-0.5417938232
-0.1548004150
-0.2321929932
-0.1548004150
0.0773925781
-0.4879760742
-0.2439880371
0.2439880371
0.2439880371
0.5692901611
0.0813293457
-0.1626586914
0.0000000000
-0.0876922607
0.1461639404
0.1461639404
0.0584716797
-0.2046203613
0.0292358398
-0.9354400635
0.0292358398
-0.4365386963
0.0545654297
-0.6548004150
-0.3819732666
-0.1091308594
0.2182617188
0.1636962891
0.2182617188
-0.0467987061
0.9359588623
-0.0467987061
-0.0935974121
0.0000000000
0.0467987061
-0.1871948242
-0.0467987061
0.0000000000
-0.0785675049
0.0000000000
0.0000000000
0.0000000000
0.0000000000
-0.0785675049
0.0000000000
-0.0591278076
0.2365264893
0.1773834229
0.0591278076
-0.0591278076
0.6504364014
0.5912933350
-0.1182556152
0.6183471680
0.4946746826
0.2473449707
0.2473449707
0.1236724854
0.3710021973
-0.1236724854
0.1648864746
0.2384033203
0.0397338867
0.1192016602
-0.3973236084
-0.1192016602
-0.5562591553
-0.5959930420
0.1986694336
0.1199951172
0.0000000000
-0.2400054932
0.1199951172
0.0000000000
-0.1199951172
0.1199951172
0.1199951172
0.4904785156
0.1471405029
0.0000000000
-0.2942962646
-0.6866760254
-0.2452392578
-0.1961975098
-0.0490417480
0.0000000000
-0.1502685547
0.9015655518
-0.1202087402
0.1202087402
-0.0901641846
0.0901641846
-0.3005218506
0.0000000000
0.0000000000
0.0911560059
0.0000000000
-0.0911560059
0.0911560059
0.0000000000
0.0000000000
0.1024932861
-0.0204925537
-0.0614929199
-0.9838867188
-0.0410003662
0.0000000000
0.0410003662
-0.0204925537
0.0000000000
0.9856414795
0.0000000000
0.0857086182
0.0000000000
-0.0214233398
-0.0428466797
-0.0642852783
-0.3517150879
0.1172332764
0.1172332764
0.1172332764
0.0000000000
-0.1172332764
0.4689483643
0.2344665527
-0.1117401123
-0.1117401123
0.5586853027
-0.2234802246
0.3352050781
0.1117401123
0.0000000000
-0.1117401123
0.1811065674
0.2716674805
0.1811065674
-0.2716674805
0.6338958740
0.1811065674
0.1811065674
-0.1811065674
-0.0294799805
0.0000000000
-0.0294799805
0.9875335693
0.1031799316
0.0589599609
0.0000000000
-0.0442199707
0.3508605957
0.8771514893
0.0350799561
0.1403503418
-0.0350799561
0.2105102539
0.0000000000
-0.0350799561
0.1676177979
-0.2514190674
-0.2514190674
-0.1676177979
0.0000000000
0.0000000000
0.7542877197
0.0838165283
-0.2332305908
-0.4664764404
-0.2332305908
-0.2332305908
0.1166229248
0.1166229248
-0.2332305908
0.0000000000
0.9177398682
-0.1147155762
-0.1147155762
-0.0573577881
-0.0573577881
0.0000000000
0.0573577881
0.1147155762
0.0000000000
0.0911560059
0.0000000000
0.0000000000
0.0000000000
0.0000000000
-0.0911560059
-0.0911560059
0.0000000000
0.0000000000
0.0000000000
-0.0785675049
0.0000000000
0.0000000000
0.0785675049
0.0000000000
-0.0426635742
0.9811401367
-0.0426635742
0.0000000000
0.0213317871
0.0853118896
-0.0639801025
0.0853118896
-0.2563934326
0.2197723389
-0.2563934326
0.6959381104
-0.1098785400
0.2563934326
-0.1465148926
0.4395446777
-0.1041107178
0.0346984863
0.4511566162
0.1735229492
-0.6940765381
-0.1041107178
-0.4511566162
0.1388092041
0.2904663086
-0.2178497314
-0.3630828857
0.1452331543
0.5083160400
-0.4356994629
0.0726165771
-0.2904663086
0.0559997559
-0.2239990234
0.0000000000
-0.0559997559
0.2799987793
0.8399810791
-0.1679992676
0.1679992676
0.0000000000
-0.1249389648
0.1249389648
-0.1249389648
0.2498779297
0.0000000000
0.1249389648
0.3748321533
0.7531127930
0.0579376221
-0.1158599854
-0.1737976074
0.3475952148
0.0579376221
0.3475952148
-0.1737976074
-0.1887054443
0.1887054443
0.6604766846
0.0943603516
-0.3774108887
-0.0943603516
-0.0943603516
-0.0943603516
-0.3963012695
-0.1981506348
0.1981506348
0.1981506348
0.5944366455
0.0000000000
-0.0990753174
0.0990753174
-0.1216583252
0.0729980469
0.0973205566
0.0243377686
-0.2189788818
0.0000000000
-0.9489135742
0.0486602783
-0.4001464844
0.0500183105
-0.7002716064
-0.3001098633
-0.1500549316
0.3001098633
0.1500549316
0.2000732422
0.0000000000
0.9222869873
0.0576477051
-0.1152801514
-0.1152801514
-0.0576477051
-0.0576477051
-0.0576477051
0.1000061035
-0.1000061035
0.0000000000
0.0000000000
0.0000000000
-0.1000061035
0.0000000000
0.1000061035
-0.0872497559
0.2181091309
0.3053588867
0.0872497559
-0.1744842529
0.7415771484
0.3925933838
-0.2181091309
0.3979339600
0.4897613525
0.2448883057
0.4285430908
0.0612182617
0.4897613525
-0.2754974365
0.0918273926
0.0893096924
0.0446472168
0.2232666016
-0.4018707275
-0.0893096924
-0.5804748535
-0.5804748535
0.1786041260
0.0000000000
0.0000000000
-0.1000061035
0.1000061035
0.0000000000
-0.1000061035
0.1000061035
0.0000000000
0.2861633301
0.0953826904
0.0953826904
-0.1430816650
-0.7630920410
-0.1907653809
-0.4292449951
0.0476989746
0.1112365723
-0.0741577148
0.9269561768
0.0000000000
0.2224731445
-0.0741577148
-0.0370788574
-0.1483154297
0.0000000000
0.0000000000
0.0000000000
0.0000000000
0.0000000000
0.0785675049
0.0785675049
0.0000000000
0.0821838379
0.0410919189
-0.0410919189
-0.9861602783
0.0000000000
0.0000000000
0.0000000000
-0.0616302490
0.0800933838
0.9343566895
-0.0800933838
0.2669525146
0.0267028809
-0.0267028809
0.0267028809
-0.1334838867
0.0000000000
0.0000000000
0.1249389648
0.2498626709
0.0000000000
0.1249389648
0.3748016357
0.0000000000
-0.4368438721
-0.4368438721
0.0000000000
-0.2184143066
0.0727996826
0.4368438721
0.0727996826
0.4368438721
0.2806854248
0.0935668945
0.0000000000
-0.2806854248
0.6549224854
0.2806854248
0.0935668945
-0.0935668945
0.0000000000
-0.0144042969
-0.0287933350
0.9934387207
-0.0144042969
0.0719909668
0.0000000000
0.0000000000
0.3359222412
0.8550872803
0.0305328369
0.1832275391
0.0916137695
0.2137756348
0.0610809326
-0.1832275391
0.1000061035
-0.1000061035
-0.1999969482
0.1000061035
0.3999938965
-0.3999938965
0.3999938965
-0.3000030518
-0.1202545166
-0.4810485840
0.1202545166
-0.2405242920
0.0000000000
0.2405242920
-0.1202545166
-0.1202545166
0.9690246582
0.0000000000
-0.0717773438
-0.0358886719
0.0000000000
-0.0358886719
0.1076660156
0.0000000000
-0.1064758301
-0.1064758301
0.0000000000
0.0000000000
0.0000000000
0.1064758301
0.1064758301
0.1064758301
0.2332305908
-0.2332305908
0.4664764404
0.1166229248
0.0000000000
0.0000000000
0.0000000000
-0.3498535156
-0.0925445557
0.9809570312
-0.0185089111
0.0740356445
0.0185089111
0.0925445557
-0.0185089111
0.0555267334
0.0000000000
0.0659027100
-0.8566436768
0.1317901611
0.1976928711
0.1317901611
-0.1976928711
-0.0659027100
0.0735778809
0.0735778809
-0.0735778809
0.0735778809
-0.5150756836
-0.5150756836
-0.5150756836
0.0000000000
-0.0521240234
0.1563720703
-0.1042480469
-0.1042480469
-0.5212554932
-0.7818756104
0.2084960938
-0.0521240234
-0.0535430908
0.4818878174
0.1070861816
0.0000000000
-0.8031463623
-0.1070861816
0.0000000000
-0.0535430908
-0.0815887451
0.0000000000
0.3263702393
-0.1631927490
-0.2447814941
-0.1631927490
-0.0815887451
-0.7343444824
0.7952423096
0.0568084717
0.0568084717
0.0568084717
0.0568084717
0.4544219971
0.1704101562
0.1136016846
0.0734558105
-0.0734558105
0.6978149414
0.2570953369
0.0000000000
-0.6243591309
-0.0367279053
0.0367279053
0.0000000000
-0.1178436279
0.0000000000
0.1178436279
0.1178436279
-0.1178436279
0.0000000000
-0.2357025146
0.0724792480
0.1691284180
0.1449584961
0.0724792480
-0.0483245850
0.0483245850
-0.9422454834
-0.1691284180
0.3517150879
0.1172332764
0.0000000000
-0.1172332764
-0.2344665527
-0.3517150879
0.0000000000
0.3517150879
0.0781860352
0.9382629395
-0.2606201172
0.0260620117
-0.0781860352
0.0000000000
-0.0781860352
-0.1042480469
0.0000000000
0.0000000000
0.0000000000
0.0785675049
0.0000000000
-0.0785675049
0.0000000000
0.0000000000
0.1642608643
0.0821380615
0.0000000000
-0.0821380615
0.1642608643
-0.1642608643
0.8213195801
0.0000000000
-0.1024169922
0.0000000000
0.6144866943
0.0000000000
-0.2048339844
0.4096679688
-0.1024169922
-0.1024169922
-0.0889587402
-0.2668609619
0.4447631836
-0.4002838135
0.0444793701
-0.4892272949
-0.4892272949
-0.1334228516
-0.0911560059
0.0000000000
0.0000000000
0.0000000000
0.0911560059
0.0000000000
0.0911560059
0.0000000000
0.4470214844
0.2554473877
-0.0638580322
-0.7024688721
-0.1277160645
0.0638580322
0.1277160645
0.2554473877
-0.0881500244
-0.1175384521
0.7933502197
-0.3232116699
-0.2056884766
0.0000000000
0.2644500732
-0.3232116699
0.0000000000
-0.0785675049
0.0000000000
0.0785675049
0.0000000000
0.0000000000
0.0000000000
0.0000000000
-0.2958526611
-0.2958526611
-0.0986175537
-0.5917053223
-0.0986175537
0.2958526611
0.0986175537
0.0986175537
-0.1468963623
0.9548797607
0.1468963623
-0.1224212646
0.0489654541
0.0244903564
-0.0489654541
0.0734558105
-0.3181610107
0.1590728760
-0.2386169434
0.2386169434
0.4772338867
-0.2386169434
0.3181610107
0.3976898193
-0.0515899658
-0.0515899658
-0.8769989014
-0.0515899658
0.0515899658
0.0515899658
0.0000000000
0.3611145020
-0.3787841797
-0.3099212646
0.3787841797
0.2754821777
0.5509643555
0.3443603516
0.0688781738
-0.2754821777
0.0600738525
0.0200195312
-0.2202606201
0.9411163330
0.2002410889
0.0400543213
-0.0600738525
0.0600738525
-0.1142578125
0.9597320557
-0.1142578125
-0.1142578125
0.1142578125
-0.0228576660
-0.0685577393
-0.0685577393
0.6102142334
-0.3050994873
-0.1016998291
0.1016998291
0.4068145752
-0.0508575439
0.5085144043
-0.0508575439
-0.1088256836
-0.2176361084
0.2176361084
0.3264617920
0.3264617920
0.4352722168
-0.2176361084
0.0000000000
0.5308380127
0.2654266357
0.0884704590
0.1769409180
-0.2654266357
0.3538970947
0.2654266357
-0.2654266357
-0.1064758301
-0.1064758301
0.0000000000
0.1064758301
0.0000000000
0.1064758301
-0.1064758301
0.0000000000
0.2393341064
-0.1196746826
0.4786834717
0.1196746826
-0.1196746826
0.1196746826
0.1196746826
-0.2393341064
-0.0235595703
0.9660644531
0.0235595703
0.0471191406
-0.0235595703
0.1885070801
0.0235595703
0.0942535400
-0.0713195801
-0.1426544189
-0.2139739990
-0.6419219971
-0.2139739990
0.2139739990
-0.0713195801
0.4992675781
-0.1783294678
0.1783294678
0.1783294678
0.1783294678
-0.3566436768
-0.5349731445
-0.5349731445
0.2377624512
-0.0282745361
0.1130828857
-0.2826995850
-0.0565338135
-0.5654144287
-0.7067718506
0.2261657715
-0.0848083496
-0.0927886963
0.5103302002
0.0927886963
0.0000000000
-0.7886962891
0.1391754150
0.0463867188
0.0927886963
0.0000000000
-0.2459411621
-0.2459411621
-0.1229705811
-0.1229705811
-0.3689117432
0.0000000000
-0.2459411621
-0.2134399414
-0.2845764160
0.3557281494
-0.1422882080
0.4980163574
0.2134399414
0.4268798828
0.2845764160
0.1825408936
-0.0608520508
0.5476379395
0.0000000000
0.0000000000
-0.7301940918
-0.0608520508
0.0608520508
-0.4786834717
-0.2393341064
0.0000000000
0.0000000000
0.2393341064
0.0000000000
-0.1196746826
-0.2393341064
-0.0254211426
0.1779632568
0.1271209717
-0.0762634277
-0.1779632568
-0.0508422852
-0.9406585693
-0.0762634277
0.0000000000
0.0000000000
-0.3388214111
-0.4517517090
-0.3388214111
-0.1129455566
0.1129455566
0.2258758545
0.1225738525
0.9069976807
-0.2696533203
0.0245208740
-0.0245208740
-0.0735473633
-0.1225738525
-0.2206268311
0.0911560059
0.0000000000
0.0000000000
-0.0911560059
0.0000000000
0.0000000000
0.0000000000
0.0911560059
0.1667022705
0.1111297607
-0.1111297607
-0.1111297607
0.1667022705
0.0555725098
0.8890533447
-0.1111297607
0.1616058350
0.0808105469
0.5656433105
-0.1616058350
-0.4040222168
0.3232269287
-0.1616058350
-0.3232269287
0.0898437500
-0.2246093750
0.3593750000
-0.4042968750
0.0449218750
-0.5390625000
-0.5390625000
0.0000000000
-0.0911560059
0.0000000000
-0.0911560059
0.0000000000
0.0000000000
0.0000000000
-0.0911560059
0.0000000000
0.5986328125
0.1496582031
0.0748291016
-0.6360473633
-0.3367309570
-0.0748291016
-0.1496582031
0.1496582031
-0.0241851807
-0.1935119629
0.7498474121
-0.3386383057
-0.0725708008
-0.0241851807
0.2660675049
-0.4353942871
-0.1150360107
0.0000000000
0.0000000000
0.1150360107
0.0000000000
0.0000000000
0.2300720215
-0.1150360107
-0.1184692383
-0.3553924561
0.1184692383
0.3553924561
0.1184692383
0.3553924561
0.0000000000
-0.1184692383
-0.1843566895
0.9678497314
0.0921783447
-0.0460815430
-0.0230407715
0.0230407715
-0.0230407715
0.0000000000
-0.4096679688
0.2048339844
0.0000000000
0.2048339844
0.4096679688
-0.1024169922
0.3072509766
0.3072509766
0.0000000000
0.0000000000
-0.8704376221
-0.0580291748
0.0000000000
-0.0580291748
0.0580291748
0.3481750488
-0.2261199951
-0.2826538086
0.3957214355
0.2261199951
0.5653076172
0.4522552490
0.0565338135
-0.1695861816
0.0843048096
0.0000000000
-0.2950744629
0.9062957764
0.2529144287
0.0421600342
-0.0210723877
0.0632324219
0.0349578857
0.9088897705
-0.1398315430
-0.2796630859
0.0699157715
0.1048736572
0.0000000000
-0.1398315430
0.4311981201
-0.3832855225
-0.3832855225
0.0958251953
0.3832855225
-0.2395629883
0.4791107178
0.0479125977
-0.1123352051
-0.4493408203
0.0000000000
0.1123352051
0.3370056152
0.2246704102
-0.3370056152
0.1123352051
0.6871643066
0.1717987061
-0.0858917236
0.1717987061
-0.1717987061
0.3435821533
0.1717987061
-0.1717987061
-0.1064758301
-0.1064758301
0.0000000000
0.1064758301
-0.1064758301
0.0000000000
-0.1064758301
0.0000000000
0.1243286133
0.1243286133
0.3729858398
0.1243286133
0.0000000000
0.0000000000
0.0000000000
-0.1243286133
-0.0231018066
0.9470672607
0.0231018066
0.0231018066
0.0231018066
0.2771911621
0.0462036133
0.0693054199
-0.2260742188
0.0000000000
0.3391113281
-0.6782226562
-0.2637481689
0.1130371094
-0.0753631592
0.4898223877
-0.2473297119
0.2473297119
0.2473297119
0.2473297119
-0.2473297119
-0.5441284180
-0.4451904297
0.3462677002
-0.0298004150
0.1489868164
-0.3277740479
0.0596008301
-0.4171752930
-0.7449493408
0.3277740479
-0.0298004150
-0.1001586914
0.4006500244
0.1502380371
0.0000000000
-0.8013000488
0.2504119873
0.1001586914
0.1001586914
0.2405242920
-0.1202545166
-0.2405242920
0.0000000000
0.0000000000
-0.1202545166
0.3607788086
0.3607788086
-0.5153808594
-0.1145324707
0.2290649414
-0.0572662354
0.5153808594
-0.1145324707
0.5153808594
0.1145324707
0.2129058838
-0.1419372559
0.0709686279
-0.2129058838
0.2129058838
-0.6387176514
-0.4258117676
0.2838745117
-0.5356903076
-0.3214111328
0.0000000000
0.1071319580
0.3214111328
-0.1071319580
-0.2142791748
-0.1071319580
-0.1669921875
0.2147064209
0.2147064209
-0.0715637207
-0.3339843750
-0.0477142334
-0.8588104248
-0.0715637207
-0.1903381348
0.0000000000
-0.5709991455
-0.4758453369
-0.0951690674
-0.1903381348
0.1903381348
0.0951690674
0.1747283936
0.7571411133
-0.4076843262
0.0291137695
0.0582427979
-0.1164855957
-0.2038421631
-0.3785705566
0.0000000000
0.1237182617
-0.2474365234
-0.1237182617
0.2474365234
0.1237182617
0.0000000000
-0.1237182617
0.1099548340
0.2199096680
-0.0549774170
-0.1099548340
0.1099548340
0.1649322510
0.8796234131
-0.1099548340
0.3486328125
0.0871582031
0.4357910156
-0.3486328125
-0.4357910156
0.2614746094
0.1743164062
0.0871582031
0.1923980713
-0.1923980713
0.3078308105
-0.3847808838
0.0769500732
-0.5386962891
-0.5771789551
0.0769500732
0.0000000000
0.0785675049
0.0000000000
-0.0785675049
0.0000000000
0.0000000000
0.0000000000
0.0000000000
0.4161376953
0.2496795654
0.1664581299
-0.5825958252
-0.4161376953
-0.1664581299
-0.3745269775
0.0000000000
0.0000000000
-0.2867889404
0.6517944336
-0.3389282227
0.0000000000
-0.0521392822
0.1564331055
-0.5735778809
0.1150360107
0.1150360107
-0.1150360107
0.0000000000
-0.1150360107
0.1150360107
0.1150360107
-0.1150360107
0.1065826416
-0.5329437256
0.1065826416
0.3197631836
0.1065826416
0.1065826416
0.3197631836
-0.2131805420
-0.1082153320
0.9739685059
0.0000000000
0.0541076660
-0.0541076660
-0.0541076660
-0.0270538330
-0.0811614990
-0.1213989258
0.1213989258
0.2428131104
0.1213989258
0.3642120361
0.0000000000
0.3642120361
0.1213989258
0.0846862793
0.0846862793
-0.7621765137
-0.0846862793
-0.0846862793
-0.1693725586
0.0000000000
0.3387451172
0.0862121582
0.0000000000
0.3448333740
0.1724090576
0.4310302734
0.6034545898
0.0862121582
-0.1724090576
0.0000000000
0.0230865479
-0.2771148682
0.9237213135
0.2078399658
0.0000000000
0.0923767090
0.0230865479
0.1778564453
0.8181304932
-0.0711364746
-0.2489929199
0.0711364746
0.3912811279
-0.0355682373
-0.1778564453
0.2573699951
-0.4718322754
-0.3431549072
0.0000000000
0.3431549072
-0.3860473633
0.5147247314
0.0428924561
-0.3057556152
-0.5095977783
-0.2038421631
0.3057556152
0.3057556152
0.0000000000
-0.2038421631
0.0000000000
0.8698730469
0.0669097900
0.0000000000
0.0000000000
-0.0669097900
0.2007446289
0.2007446289
-0.0669097900
0.0000000000
0.0000000000
0.0000000000
0.0000000000
-0.2226867676
-0.1113433838
0.1113433838
0.0000000000
0.0000000000
0.2474365234
0.0000000000
0.1237182617
0.1237182617
-0.1237182617
-0.2474365234
-0.1237182617
-0.0189514160
0.9665527344
0.0000000000
0.0000000000
0.0758056641
0.2084808350
0.0379028320
0.0568542480
-0.3491668701
0.0775909424
0.2715759277
-0.5431365967
-0.1939849854
0.2327728271
-0.1551818848
0.5819396973
-0.2925415039
0.1950225830
0.2437896729
0.0975189209
-0.3412933350
-0.5363311768
-0.5363311768
0.1950225830
-0.0748291016
0.2619018555
-0.2619018555
-0.0374145508
-0.1122436523
-0.7482910156
0.4863891602
-0.0374145508
-0.0553894043
0.2769775391
0.1661834717
0.0000000000
-0.7755432129
0.3877716064
0.1107940674
0.1661834717
0.0783233643
-0.2349853516
-0.0783233643
-0.1566619873
0.3133239746
-0.0783233643
0.3133239746
0.7049713135
-0.5839843750
-0.0530853271
0.1592712402
0.0530853271
0.5308990479
-0.1592712402
0.4778137207
0.0000000000
0.0000000000
0.0977478027
-0.4887237549
-0.3421173096
0.2932434082
-0.4887237549
-0.4398498535
0.1954956055
-0.4352722168
-0.5440979004
0.1088256836
0.0000000000
0.2176361084
0.0000000000
-0.1088256836
0.0000000000
-0.1787872314
0.1787872314
0.2383880615
-0.0298004150
-0.3873748779
0.0000000000
-0.8343353271
-0.0596008301
-0.3944702148
0.1127014160
-0.6762237549
-0.3381042480
-0.1127014160
-0.1127014160
0.2254028320
0.2817535400
0.1267852783
0.7607421875
-0.4437713623
0.0316925049
0.1267852783
-0.0316925049
-0.1901855469
-0.3486785889
0.0000000000
0.0000000000
-0.1178436279
-0.2357025146
0.1178436279
0.1178436279
-0.1178436279
0.0000000000
0.0603027344
0.3617706299
-0.0603027344
-0.0603027344
0.0603027344
0.4220733643
0.7235565186
-0.1808929443
0.5794219971
0.0724334717
0.0000000000
-0.2172851562
-0.2897033691
0.2172851562
0.2172851562
0.5069885254
0.3292846680
-0.0329284668
0.2634277344
-0.3292846680
-0.0658569336
-0.4609985352
-0.6585693359
0.1646423340
0.0000000000
0.0000000000
0.0000000000
0.0000000000
0.0911560059
0.0911560059
0.0000000000
0.0911560059
0.3342285156
0.2864837646
0.1909942627
-0.4774780273
-0.4774780273
-0.2387390137
-0.3819732666
-0.1909942627
0.0338745117
-0.3387756348
0.5420379639
-0.3387756348
-0.0677490234
-0.0338745117
0.1355133057
-0.6436767578
0.1113433838
-0.1113433838
0.0000000000
0.0000000000
-0.1113433838
0.1113433838
0.1113433838
0.1113433838
0.1457519531
-0.1943359375
-0.0971679688
-0.8745117188
0.0000000000
-0.0971679688
0.2429199219
-0.1457519531
0.0844726562
0.9292297363
-0.1689453125
0.2252655029
-0.0281524658
-0.0281524658
-0.0563201904
-0.1407928467
-0.1247863770
-0.1247863770
0.1247863770
-0.1247863770
0.3743438721
0.1247863770
0.2495727539
0.0000000000
0.1408843994
0.0704498291
-0.7748718262
-0.1408843994
0.0000000000
-0.2113342285
-0.1408843994
0.3522186279
0.1879119873
0.2818603516
0.1879119873
0.0939483643
0.4697723389
0.4697723389
0.2818603516
-0.0939483643
-0.1197204590
0.1197204590
-0.1795806885
0.9278564453
0.1795806885
0.0299377441
0.0897979736
-0.0897979736
0.1737670898
0.8398895264
0.0289611816
-0.1158447266
0.1448059082
0.3475341797
-0.1158447266
-0.2606506348
0.1242980957
-0.3729095459
-0.3314819336
-0.0414276123
0.2900390625
-0.4557800293
0.6215209961
0.0000000000
-0.3480072021
-0.2320098877
-0.2320098877
0.2320098877
0.3480072021
0.0000000000
-0.2320098877
-0.1159973145
0.8432464600
0.0000000000
-0.1405334473
0.1405334473
0.0000000000
0.2810821533
0.0702667236
0.0000000000
0.0000000000
0.0785675049
0.0000000000
0.0000000000
-0.0785675049
0.0000000000
0.0000000000
0.0000000000
0.0000000000
0.1064758301
0.0000000000
0.1064758301
0.1064758301
0.0000000000
-0.1064758301
0.1064758301
0.0175323486
0.9818420410
-0.0175323486
0.0175323486
0.0701293945
0.1227264404
0.0175323486
0.0701293945
-0.4950714111
0.0618896484
0.1237640381
-0.1856536865
-0.2475280762
0.1856536865
-0.1237640381
0.6807250977
-0.2916107178
0.0583190918
0.2916107178
0.0000000000
-0.6998748779
-0.2332916260
-0.4082641602
0.0583190918
-0.1900482178
0.3800964355
-0.2534027100
0.0000000000
-0.0633544922
-0.5701446533
0.5067901611
-0.1900482178
0.0559997559
0.3919830322
0.1119995117
-0.0559997559
-0.6159820557
0.5039825439
0.1119995117
0.2799987793
-0.0729980469
-0.2189941406
0.0729980469
-0.2189941406
0.2919921875
-0.2189941406
0.2189941406
0.7299804688
-0.2806854248
0.0000000000
-0.0935668945
0.3742370605
0.5613555908
0.1871185303
0.1871185303
-0.2806854248
-0.0739746094
0.0000000000
-0.0739746094
-0.2219390869
0.2959136963
-0.5178527832
-0.5918273926
0.2219390869
-0.5071563721
-0.3042907715
0.2028656006
0.1014251709
0.4057312012
0.1014251709
-0.1014251709
0.2028656006
-0.1484680176
0.1484680176
0.2375488281
0.0593872070
-0.2375335693
0.0593872070
-0.8907775879
-0.1187744141
-0.5397338867
0.0599670410
-0.5997161865
-0.2998504639
-0.1199493408
0.0000000000
0.1799163818
0.2998504639
0.1297607422
0.8109893799
-0.3892669678
0.1297607422
0.0648803711
0.0000000000
-0.2270812988
-0.2595214844
0.1113433838
-0.1113433838
-0.1113433838
-0.1113433838
0.0000000000
0.0000000000
-0.1113433838
0.1113433838
0.0616455078
0.3699035645
0.0616455078
0.0616455078
-0.0616455078
0.5548400879
0.6165008545
-0.1849517822
0.6769714355
0.5207519531
0.0000000000
0.2603759766
0.1041564941
0.0520782471
-0.0520782471
0.3124542236
0.4415130615
0.0294342041
0.1471710205
-0.2943420410
-0.1177368164
-0.5003814697
-0.6181182861
0.1471710205
0.1150360107
-0.1150360107
0.0000000000
0.2300720215
0.1150360107
0.0000000000
0.0000000000
0.0000000000
0.3616027832
0.3099365234
0.0516510010
-0.5682220459
-0.4649200439
-0.1549682617
-0.3099365234
-0.1549682617
0.0000000000
-0.3447265625
0.4596252441
-0.2872619629
-0.0574493408
0.0000000000
0.0000000000
-0.6894378662
0.0000000000
-0.1064758301
0.1064758301
0.0000000000
-0.1064758301
0.1064758301
0.1064758301
0.0000000000
0.1130371094
-0.0847778320
-0.0565185547
-0.9608154297
0.0000000000
-0.0847778320
0.1412963867
-0.0282592773
0.0641021729
0.9295654297
-0.1602630615
0.2243804932
0.0641021729
0.0000000000
-0.0961608887
-0.0961608887
-0.2468566895
0.0000000000
0.0000000000
0.1234283447
0.3703002930
0.0000000000
0.2468566895
0.2468566895
0.0813293457
0.0813293457
-0.7319488525
-0.1626586914
0.0000000000
-0.0813293457
-0.1626586914
0.4066467285
0.2234802246
0.2234802246
0.2234802246
-0.1117401123
0.4469451904
0.2234802246
0.3352050781
0.0000000000
-0.1422882080
0.0474243164
-0.1185760498
0.9485778809
0.1422882080
0.0474243164
0.0948638916
-0.1185760498
0.1749420166
0.9496612549
0.0249938965
0.0000000000
0.0249938965
0.1749420166
0.0000000000
-0.1249542236
-0.0526428223
-0.2632446289
-0.2105865479
-0.1053009033
0.2105865479
-0.5791168213
0.6317749023
-0.0526428223
-0.2320098877
0.3480072021
-0.1159973145
0.3480072021
0.2320098877
0.2320098877
0.0000000000
-0.2320098877
0.8566894531
0.0000000000
0.0000000000
0.2141723633
0.1070861816
0.3212585449
0.0000000000
0.1070861816
-0.0911560059
0.0911560059
0.0000000000
0.0000000000
0.0000000000
0.0000000000
-0.0911560059
0.0000000000
0.0000000000
0.0000000000
0.0000000000
0.0911560059
0.0000000000
0.0911560059
-0.0911560059
0.0000000000
0.0623168945
0.9761810303
-0.0207672119
0.0000000000
0.0623168945
0.1453857422
0.0000000000
0.0623168945
-0.3430328369
0.0571746826
-0.1715087891
0.4573822021
-0.1715087891
0.0571746826
-0.1715087891
0.6860656738
0.0000000000
-0.0838775635
0.3774719238
-0.0419464111
-0.8388214111
0.0419464111
-0.2935943604
0.0000000000
-0.1323699951
0.3309020996
-0.1985473633
-0.1323699951
0.0000000000
-0.5956268311
0.3970947266
-0.3970947266
0.0621185303
0.3106079102
-0.1242370605
0.0000000000
-0.4348449707
0.6833343506
0.0621185303
0.3106079102
-0.0874786377
-0.1749572754
0.1749572754
-0.2624511719
0.2624511719
-0.0874786377
0.1749572754
0.6998596191
0.4093017578
0.0818634033
0.0000000000
0.0000000000
0.5730285645
0.1637268066
0.4911651611
0.0000000000
0.0000000000
0.0000000000
0.7120513916
0.0593414307
0.1186676025
-0.4153594971
-0.4153594971
0.1186676025
-0.5412597656
-0.2165069580
0.1082458496
0.0000000000
0.3247528076
0.2165069580
-0.1082458496
0.2165069580
-0.1004943848
0.1004943848
0.2010040283
0.0502471924
-0.2261199951
0.0251312256
-0.9296112061
-0.0251312256
-0.4636840820
0.1545562744
-0.6697540283
-0.3091278076
-0.1030426025
0.2060852051
0.1030426025
0.2575988770
0.0398559570
0.8370361328
-0.3985900879
0.1594390869
0.0797119141
-0.0398559570
-0.1195831299
-0.1992950439
0.0911560059
0.0000000000
0.0000000000
0.0000000000
0.0000000000
-0.0911560059
0.0000000000
0.0911560059
0.0000000000
0.4249114990
0.1416320801
0.0472106934
-0.0944213867
0.6609802246
0.4721374512
-0.2360687256
0.3931732178
0.5443878174
0.2117156982
0.4839019775
0.0907287598
0.3931732178
-0.2722015381
0.0604858398
0.3720550537
0.0310058594
0.2170410156
-0.3100433350
-0.0930175781
-0.5270843506
-0.6201019287
0.1240234375
0.0000000000
-0.2474365234
0.1237182617
0.2474365234
0.1237182617
-0.1237182617
0.1237182617
0.0000000000
0.1551818848
0.2586364746
0.2069091797
-0.4138031006
-0.5689849854
-0.2069091797
-0.4655303955
-0.1551818848
0.1315002441
-0.3945159912
0.4602813721
-0.3287658691
0.0657501221
-0.0657501221
-0.0657501221
-0.5917816162
-0.1216278076
-0.1216278076
0.1216278076
0.1216278076
-0.1216278076
0.1216278076
0.2432556152
0.0000000000
0.0997772217
0.0000000000
-0.0498809814
-0.9728240967
-0.0249481201
-0.0997772217
0.0997772217
-0.0249481201
0.1533508301
0.8050842285
-0.1916809082
0.4217071533
0.0766754150
-0.0766754150
-0.0383300781
-0.2300262451
0.1199951172
-0.1199951172
-0.1199951172
0.0000000000
0.1199951172
0.2400054932
0.1199951172
0.0000000000
-0.0771789551
-0.3086853027
-0.5402069092
-0.0771789551
-0.0771789551
0.0771789551
-0.0771789551
0.6173706055
0.2089080811
0.0000000000
0.1044464111
-0.1044464111
0.6267242432
0.3133544922
0.2089080811
0.0000000000
-0.0492553711
-0.0328369141
-0.0985260010
0.9851837158
-0.0164184570
0.0164184570
0.0820922852
0.0164184570
0.2119903564
0.9274444580
0.0265045166
0.1324920654
0.0265045166
0.1589965820
0.0529937744
-0.1589965820
-0.0623626709
-0.3741607666
-0.1247253418
-0.0623626709
0.3117980957
-0.6859741211
0.3741607666
0.0000000000
0.0000000000
0.1249389648
0.1249389648
0.1249389648
0.0000000000
0.2498626709
0.2498626709
-0.2498626709
0.9753112793
0.0314636230
0.0000000000
0.0629272461
0.0000000000
0.0629272461
0.0629272461
-0.0629272461
-0.1064758301
0.0000000000
0.1064758301
-0.1064758301
0.1064758301
-0.1064758301
0.0000000000
0.0000000000
0.3334350586
0.0000000000
0.3334350586
-0.1111450195
-0.2222900391
0.0000000000
0.2222900391
-0.4445648193
-0.0132751465
0.9952239990
0.0398101807
0.0132751465
0.0132751465
0.0000000000
0.0398101807
-0.0132751465
0.1825256348
-0.0730133057
-0.7301177979
0.4745788574
-0.0730133057
-0.2190399170
0.2920532227
-0.1460266113
0.0617675781
0.4323577881
-0.3088378906
0.1853027344
-0.5558929443
-0.4941253662
0.0000000000
0.0000000000
-0.0235900879
0.2358856201
-0.0943603516
-0.0235900879
-0.3302459717
-0.8256072998
0.3538360596
-0.0235900879
-0.2658233643
0.3721466064
0.3189849854
0.1595001221
-0.7443084717
-0.0531616211
-0.0531616211
0.1063232422
0.1670379639
-0.0835266113
0.0835266113
0.0000000000
0.0835266113
-0.0835266113
0.0835266113
-0.8352203369
0.6758728027
-0.2252960205
0.3604583740
-0.1351776123
0.1802368164
0.0901184082
0.4055175781
0.2703552246
-0.0145416260
-0.0872344971
0.9305725098
0.3198852539
-0.0290832520
-0.1163177490
0.0436248779
-0.0290832520
-0.4375762939
-0.1093902588
0.1093902588
0.1093902588
0.4375762939
0.3281707764
-0.1093902588
-0.1093902588
0.0430297852
0.0000000000
-0.0107574463
0.0430297852
-0.0753021240
0.0107574463
-0.9895935059
-0.0860443115
0.2498779297
-0.1249389648
-0.1249389648
-0.1249389648
-0.2498779297
-0.1249389648
-0.1249389648
0.2498779297
0.0449066162
0.9878234863
-0.1047668457
0.0299377441
-0.0449066162
0.0299377441
-0.0149688721
0.0000000000
0.0000000000
0.0000000000
0.1113433838
0.1113433838
-0.1113433838
-0.1113433838
-0.1113433838
-0.1113433838
0.2605133057
0.1736755371
-0.1736755371
-0.1736755371
0.3473510742
-0.2605133057
0.5210266113
0.3473510742
0.2317199707
0.2896575928
0.6372528076
0.0579376221
0.0000000000
0.4055175781
-0.4055175781
0.1158599854
-0.1693725586
-0.2540588379
0.5928039551
-0.4234313965
0.0000000000
0.0000000000
-0.2540588379
-0.2540588379
0.0000000000
0.0000000000
-0.2357025146
0.1178436279
0.1178436279
-0.1178436279
0.1178436279
0.0000000000
0.6173706055
0.4630279541
0.2315216064
-0.3086853027
0.1543426514
-0.1543426514
-0.0771789551
0.0000000000
-0.0632476807
-0.0632476807
0.8010864258
-0.3583831787
-0.2318878174
0.1897277832
0.2529754639
-0.2318878174
0.0000000000
-0.2357025146
0.0000000000
-0.1178436279
0.0000000000
-0.1178436279
0.1178436279
-0.1178436279
-0.1573791504
-0.2518157959
0.0944366455
-0.9128417969
-0.0944366455
0.1573791504
-0.0629577637
0.0000000000
-0.0639801025
0.9809265137
0.0426483154
0.0000000000
-0.0426483154
-0.0639801025
0.0000000000
-0.1066284180
-0.4399414062
0.2514038086
0.0628509521
0.3142395020
0.3770904541
-0.3142395020
0.1257019043
0.5027923584
0.0000000000
-0.2215118408
-0.8860168457
0.0000000000
0.0442962646
-0.0442962646
0.0442962646
0.3101043701
-0.3283843994
-0.3283843994
0.2736511230
0.0000000000
0.4378356934
0.3283843994
0.1094665527
-0.5473022461
0.0522613525
-0.0348358154
-0.1045074463
0.9579925537
0.1567687988
0.1045074463
-0.1393432617
0.0522613525
-0.1813049316
0.9745025635
-0.0339965820
0.0226593018
0.0339965820
-0.0906524658
-0.0339965820
0.0339965820
0.4590301514
-0.6120452881
0.0000000000
0.0765075684
0.3825225830
0.0382537842
0.4207763672
0.1912689209
-0.3553924561
0.2369232178
-0.2369232178
0.2369232178
0.2369232178
0.1184692383
-0.2369232178
-0.1184692383
0.7356262207
-0.0613098145
0.0613098145
0.0613098145
-0.3065185547
0.2452087402
0.1839141846
-0.3678131104
0.0000000000
0.0000000000
0.0000000000
0.0000000000
0.0000000000
0.1113433838
-0.2226867676
-0.1113433838
0.3102722168
-0.1034240723
0.5171051025
-0.2068481445
-0.2068481445
0.1034240723
0.2068481445
-0.3102722168
0.0386505127
0.9855041504
0.0000000000
0.0000000000
0.0000000000
0.0966186523
0.0773010254
0.0000000000
0.2941131592
-0.2352905273
-0.1764678955
-0.5294189453
-0.4705810547
-0.1764678955
0.3529357910
0.2352905273
-0.1726379395
0.2877349854
-0.1150970459
0.2301940918
-0.3452911377
-0.6330261230
-0.4028320312
0.1726379395
-0.0566101074
0.2264404297
-0.1981353760
0.0283050537
-0.3679656982
-0.7925262451
0.3396606445
-0.0283050537
-0.2117614746
0.5823516846
0.2117614746
0.0000000000
-0.6882324219
0.0529479980
0.0000000000
0.0529479980
0.3057556152
-0.2038421631
0.3057556152
0.1019134521
-0.4076843262
-0.2038421631
-0.1019134521
-0.4076843262
-0.3319702148
-0.3319702148
0.2845458984
-0.1896972656
0.4742431641
-0.1422729492
0.5690917969
0.1422729492
-0.0212707520
-0.1276245117
0.9359283447
0.2765197754
0.0212707520
-0.1063537598
0.0212707520
0.0638122559
-0.3443145752
-0.1147766113
-0.1147766113
0.3443145752
0.4590759277
0.0000000000
-0.1147766113
0.0000000000
-0.0247039795
0.0370483398
0.0370483398
-0.0247039795
-0.0988006592
-0.0370483398
-0.9880218506
-0.0617523193
0.1219482422
-0.1219482422
0.0000000000
-0.3658599854
-0.3658599854
0.2438964844
0.0000000000
0.1219482422
0.0661621094
0.9703521729
-0.1543731689
0.0000000000
-0.0441131592
-0.0661621094
-0.0220489502
-0.0882110596
0.0000000000
0.0000000000
0.1178436279
-0.1178436279
-0.1178436279
0.2357025146
-0.1178436279
0.0000000000
0.2172851562
-0.0724334717
-0.1448516846
-0.2172851562
0.2897033691
-0.2172851562
0.7242736816
0.2172851562
0.0986175537
0.1972351074
0.4930877686
-0.0986175537
-0.4930877686
0.0986175537
-0.2958526611
-0.0986175537
0.0780944824
-0.3904724121
0.5466613770
-0.5466613770
0.0000000000
-0.0780944824
-0.0780944824
-0.1561889648
-0.1202545166
0.0000000000
-0.6013031006
0.0000000000
0.0000000000
0.0000000000
0.1202545166
0.1202545166
0.5965118408
0.4175567627
0.1789550781
-0.5368652344
0.0000000000
-0.1193084717
-0.1193084717
-0.0596466064
-0.1032409668
-0.1032409668
0.7484893799
-0.3871459961
-0.0774230957
0.1290435791
0.2322845459
-0.4129638672
-0.1216278076
-0.2432556152
-0.1216278076
0.1216278076
-0.1216278076
0.0000000000
0.1216278076
-0.1216278076
-0.0627288818
-0.3136291504
0.2509002686
-0.6899871826
0.0627288818
0.4390869141
-0.1254577637
-0.1254577637
-0.1353454590
0.9700012207
0.0676727295
-0.0676727295
-0.0902252197
-0.0676727295
-0.0225524902
-0.0451202393
-0.4620056152
0.1847991943
0.1847991943
0.1847991943
0.3696136475
-0.1847991943
0.0000000000
0.4620056152
0.0000000000
-0.1005401611
-0.9048767090
0.0000000000
0.0000000000
-0.1508178711
0.0502777100
0.2513580322
-0.0943603516
-0.0943603516
0.2830657959
-0.0943603516
0.2830657959
0.3774108887
0.1887054443
-0.5661315918
0.0410308838
0.0000000000
-0.1846313477
0.9641876221
0.1230926514
0.0205078125
-0.0615386963
0.0410308838
-0.1015930176
0.9869537354
-0.0580596924
-0.0435485840
-0.0290222168
0.0000000000
-0.0290222168
0.0435485840
0.3789367676
-0.6820983887
-0.1136779785
0.1515808105
0.3789367676
-0.1136779785
0.3410491943
0.1894683838
-0.2009429932
-0.3014221191
-0.4018859863
0.1004791260
0.2009429932
-0.2009429932
-0.4018859863
0.3014221191
0.9308013916
0.0489959717
0.0489959717
0.0979766846
-0.0979766846
0.1469726562
0.0000000000
-0.0979766846
-0.1216278076
-0.1216278076
0.1216278076
0.1216278076
-0.1216278076
0.0000000000
-0.2432556152
-0.1216278076
0.1229705811
0.0000000000
0.3689117432
-0.2459411621
-0.2459411621
0.0000000000
0.1229705811
-0.2459411621
0.0434112549
0.9549102783
-0.0216979980
0.0000000000
-0.0216979980
0.2170257568
0.1519165039
0.0000000000
0.0381622314
-0.1526794434
0.2290191650
-0.7633819580
-0.3816986084
-0.0381622314
0.2290191650
0.3053588867
-0.0894012451
0.0446929932
-0.1787872314
-0.0446929932
-0.4022674561
-0.5810546875
-0.6257629395
0.0000000000
-0.1625671387
0.2709503174
-0.1896667480
0.0270996094
-0.2709503174
-0.7586517334
0.4335174561
-0.0541839600
-0.1629791260
0.4889373779
0.1629791260
0.0000000000
-0.7605590820
0.1629791260
0.0543212891
0.0543212891
0.2009429932
-0.4018859863
0.2009429932
-0.1004791260
0.2009429932
-0.3014221191
0.4018859863
0.3014221191
-0.5531463623
-0.1843872070
0.1843872070
-0.1106262207
0.4794006348
-0.1475067139
0.5531463623
0.1106262207
0.0535278320
-0.2140960693
0.8831634521
0.1873321533
0.2408599854
-0.1070556641
-0.1338195801
0.1605682373
0.0000000000
-0.1243286133
-0.2486572266
0.1243286133
0.1243286133
-0.2486572266
-0.1243286133
-0.1243286133
-0.0953979492
0.1112976074
0.1430969238
-0.0476989746
-0.1430969238
-0.0317993164
-0.9539337158
-0.1271972656
0.1249389648
-0.2498779297
0.1249389648
-0.1249389648
-0.2498779297
-0.1249389648
0.1249389648
0.2498779297
0.1309814453
0.8644866943
-0.3405609131
0.0261993408
0.1047821045
-0.1047821045
-0.0785827637
-0.2619628906
-0.1245422363
0.1245422363
-0.1245422363
-0.2490844727
0.2490844727
0.2490844727
-0.2490844727
0.0000000000
0.2738037109
-0.2738037109
-0.2053527832
-0.3422546387
0.2738037109
-0.2738037109
0.6160583496
0.0684509277
-0.0920257568
-0.0920257568
-0.0920257568
-0.1840515137
-0.4601287842
-0.4601287842
0.4601287842
0.0920257568
0.1780090332
-0.2966918945
0.5933685303
-0.5933685303
-0.1186676025
-0.1780090332
-0.1186676025
0.0000000000
0.1247253418
0.1247253418
-0.3741607666
0.1247253418
0.1247253418
0.0000000000
0.1247253418
0.0000000000
0.3786163330
0.4867858887
0.2704315186
-0.4326934814
0.0000000000
-0.2163543701
-0.3786163330
-0.2704315186
-0.0340881348
-0.1363677979
0.6477813721
-0.4091186523
-0.1022796631
0.2045593262
0.2045593262
-0.5113983154
0.0000000000
0.0000000000
-0.1000061035
-0.1000061035
-0.1000061035
0.1000061035
0.0000000000
0.0000000000
0.0000000000
-0.4341888428
0.2605133057
-0.6078643799
0.1736755371
0.2605133057
0.0868377686
-0.0868377686
-0.0718231201
0.9337463379
0.0359191895
-0.1436462402
-0.1795654297
-0.1436462402
-0.0359191895
-0.0718231201
-0.3590087891
0.2393341064
0.1196746826
0.2393341064
0.3590087891
0.0000000000
-0.1196746826
0.1196746826
0.1210327148
-0.0806884766
-0.8471832275
-0.0403442383
-0.0403442383
0.0403442383
-0.0806884766
0.4437713623
0.1717987061
0.2576904297
0.2576904297
-0.0858917236
0.1717987061
0.6012725830
0.0000000000
-0.4294891357
-0.0242767334
0.0485534668
-0.2184600830
0.9466857910
0.0242767334
-0.0970916748
0.1213684082
0.0970916748
-0.0316467285
0.9809112549
-0.0791015625
-0.0316467285
0.0000000000
0.0949249268
-0.1107482910
0.0158233643
0.3283996582
-0.6978454590
0.0820922852
0.0410461426
0.3694458008
-0.2873382568
0.3283996582
0.1231536865
-0.3651275635
-0.4564056396
-0.2738494873
0.2738494873
0.2738494873
-0.1825714111
-0.1825714111
0.2738494873
0.9428100586
0.0428619385
0.0857086182
0.0428619385
-0.1285705566
0.1285705566
0.0000000000
-0.0857086182
0.1000061035
-0.1000061035
0.0000000000
0.0000000000
-0.1000061035
-0.1000061035
0.0000000000
0.0000000000
-0.2498626709
0.2498626709
0.0000000000
-0.1249389648
0.0000000000
-0.2498626709
-0.1249389648
0.1249389648
0.0509033203
0.9415740967
0.0000000000
-0.0509033203
0.0509033203
0.2290344238
0.1781311035
-0.0254516602
-0.0444793701
0.0444793701
0.2668609619
-0.7560882568
-0.3113250732
0.0000000000
0.1779022217
0.4002838135
-0.0458526611
0.0458526611
-0.1375732422
-0.2292785645
-0.4127044678
-0.5044097900
-0.6419677734
-0.1375732422
-0.2028656006
0.2840118408
-0.1217193604
-0.0405731201
-0.1217193604
-0.6491851807
0.6086120605
0.0405731201
-0.0572662354
0.5153808594
0.2863311768
-0.1145324707
-0.6871795654
0.1717987061
0.1145324707
0.1145324707
0.0000000000
-0.2309570312
0.0577392578
-0.2309570312
0.3464355469
-0.1154785156
0.2886962891
0.7506103516
-0.5929412842
0.0423583984
0.1694183350
-0.1270599365
0.4658813477
-0.1270599365
0.5505828857
0.0847015381
-0.0410156250
-0.1230468750
0.8202972412
0.0410156250
0.3691253662
-0.2050781250
-0.2460937500
0.1230468750
0.4856262207
0.0000000000
-0.2428131104
0.0000000000
-0.2428131104
-0.1213989258
0.1213989258
0.0000000000
-0.1520690918
0.1086120605
0.1737823486
-0.0434417725
-0.2172241211
0.0000000000
-0.9123687744
-0.1955108643
-0.4697723389
0.0000000000
-0.3758239746
-0.0939483643
-0.2818603516
-0.0939483643
0.0939483643
0.4697723389
0.0871429443
0.8133087158
-0.4356994629
0.0290527344
0.1742858887
-0.0290527344
-0.1161804199
-0.2614288330
0.0000000000
0.0000000000
0.0000000000
-0.1150360107
0.0000000000
0.2300720215
-0.1150360107
0.1150360107
0.2918548584
-0.1945648193
-0.2918548584
-0.2918548584
0.2918548584
-0.1945648193
0.4864349365
-0.0972900391
-0.1067810059
-0.2135620117
-0.4271240234
-0.3203430176
-0.2669525146
-0.5339050293
0.4271240234
0.1601715088
0.3841705322
-0.0480194092
0.5762634277
-0.5282440186
-0.1440582275
-0.2401123047
-0.2881317139
0.0480194092
0.0911560059
0.0000000000
0.0000000000
0.0911560059
0.0000000000
0.0000000000
0.0000000000
0.0911560059
0.3059387207
0.4283142090
0.1835632324
-0.3671264648
-0.3059387207
-0.2447509766
-0.3059387207
-0.4283142090
0.0000000000
-0.2105865479
0.5264739990
-0.2632446289
-0.2105865479
0.2632446289
0.2632446289
-0.5791168213
0.2400054932
-0.1199951172
0.0000000000
-0.1199951172
-0.1199951172
0.0000000000
0.1199951172
-0.1199951172
0.0000000000
-0.2806854248
0.2806854248
-0.6549224854
0.0000000000
-0.1871185303
0.1871185303
0.1871185303
0.2750854492
0.7564849854
-0.2750854492
0.0687713623
-0.2750854492
0.0000000000
-0.1375427246
-0.1375427246
0.0000000000
-0.1178436279
0.0000000000
-0.1178436279
0.2357025146
0.1178436279
-0.1178436279
0.0000000000
0.1768646240
-0.1326446533
-0.7958526611
-0.0884246826
-0.0442199707
0.0000000000
-0.0884246826
0.4863586426
0.1840515137
0.1840515137
0.1840515137
0.0920257568
0.1840515137
0.6441650391
0.0920257568
-0.3681030273
-0.0973205566
0.0973205566
-0.1622009277
0.9407501221
0.0324401855
-0.0648803711
0.1622009277
0.0648803711
-0.0181274414
0.9792175293
-0.0362701416
-0.0181274414
0.0181274414
0.1087951660
-0.1269378662
-0.0181274414
0.1973876953
-0.4934539795
0.1973876953
0.0000000000
0.3947601318
-0.4441070557
0.4934539795
-0.0493469238
-0.4018859863
-0.2009429932
-0.3014221191
0.4018859863
0.3014221191
-0.1004791260
-0.2009429932
0.2009429932
0.8452758789
0.0563507080
0.0563507080
0.0563507080
-0.1690521240
0.3381042480
0.0000000000
-0.1690521240
0.0000000000
0.1000061035
0.1000061035
-0.1000061035
-0.1000061035
0.0000000000
0.0000000000
0.0000000000
-0.1064758301
0.1064758301
0.0000000000
0.0000000000
0.1064758301
0.0000000000
-0.1064758301
0.1064758301
0.1093902588
0.9571228027
-0.0273437500
0.0273437500
0.0273437500
0.1367340088
0.1640777588
0.0000000000
-0.0673675537
0.0673675537
0.2020874023
-0.6062774658
-0.3368225098
-0.2020874023
0.3368225098
0.4041748047
0.0000000000
0.0000000000
-0.1437377930
-0.3593444824
-0.6468353271
-0.2156066895
-0.3593444824
-0.2874755859
-0.4121551514
0.2575988770
-0.1030426025
-0.0515136719
-0.2060852051
-0.4121551514
0.6697540283
0.0515136719
-0.0629730225
0.5667572021
0.1259460449
-0.1259460449
-0.6297302246
0.2518920898
0.1259460449
0.1889190674
-0.0802917480
-0.2408752441
0.1605834961
-0.2408752441
0.1605834961
-0.1605834961
0.2408752441
0.7226257324
-0.3025360107
0.0756378174
0.2268981934
-0.0756378174
0.6050567627
0.0000000000
0.5294342041
0.0756378174
0.0476379395
-0.1429138184
0.7145843506
0.0952758789
0.3811187744
-0.2381896973
-0.3811187744
0.1905517578
0.0000000000
0.1000061035
0.0000000000
0.0000000000
0.0000000000
-0.1000061035
0.1000061035
0.1000061035
-0.0979461670
0.0652923584
0.1958770752
0.0652923584
-0.1305847168
0.0652923584
-0.9140930176
-0.2285308838
-0.5866546631
0.0000000000
-0.5028533936
-0.0838012695
-0.0838012695
0.3352355957
-0.1676177979
0.0838165283
0.0436706543
0.7859497070
-0.4803009033
0.1309967041
0.1746520996
-0.0436706543
-0.0873260498
-0.1746520996
0.1113433838
0.0000000000
0.0000000000
-0.2226867676
0.0000000000
0.0000000000
-0.1113433838
0.0000000000
0.3517150879
-0.2344665527
-0.2344665527
-0.3517150879
0.1172332764
-0.2344665527
0.1172332764
-0.1172332764
0.1525573730
0.0762786865
-0.5339660645
-0.0762786865
-0.0762786865
-0.6102447510
0.2288513184
0.2288513184
0.4353942871
0.0000000000
0.4789276123
-0.4789276123
-0.0870819092
-0.3483123779
-0.3918609619
0.0870819092
0.1243286133
-0.2486572266
0.1243286133
0.2486572266
0.1243286133
-0.1243286133
0.1243286133
0.0000000000
0.2670593262
0.4005889893
0.0667572021
-0.3338165283
-0.5341186523
-0.2002868652
-0.1335296631
-0.4005889893
-0.1681976318
-0.1681976318
0.0840911865
-0.0840911865
-0.4204864502
0.1681976318
0.1681976318
-0.6727905273
0.0000000000
-0.1150360107
0.0000000000
0.0000000000
-0.1150360107
0.2300720215
0.1150360107
0.0000000000
0.0000000000
-0.1790008545
0.2684936523
-0.7159881592
-0.0894927979
-0.1790008545
0.1790008545
0.1790008545
0.2320098877
-0.1159973145
-0.2320098877
0.2320098877
0.1159973145
0.2320098877
-0.4640045166
0.1159973145
-0.1228332520
-0.1228332520
-0.1228332520
-0.1228332520
0.1228332520
0.2456817627
-0.1228332520
0.1228332520
0.2708282471
0.0000000000
-0.7583312988
0.0541687012
0.0541687012
-0.1083374023
0.0000000000
0.4875030518
0.2187805176
0.1093902588
0.0000000000
0.0000000000
0.0000000000
0.6563568115
0.1093902588
-0.2187805176
-0.1353607178
0.0338439941
-0.1353607178
0.9474945068
0.0676727295
0.0000000000
0.1353607178
0.0676727295
0.0457611084
0.9838714600
-0.0228881836
0.0457611084
-0.0686492920
0.0228881836
-0.0228881836
0.0686492920
0.0000000000
-0.4988861084
0.1247253418
0.0000000000
0.3117980957
-0.5612487793
0.4365234375
-0.0623626709
-0.3247528076
0.4330139160
-0.2165069580
0.3247528076
0.3247528076
0.0000000000
0.1082458496
0.0000000000
0.8839416504
0.0491027832
0.0982208252
0.1473236084
-0.0982208252
0.2946472168
0.0000000000
-0.0982208252
-0.1064758301
0.0000000000
0.1064758301
0.0000000000
-0.1064758301
-0.1064758301
-0.1064758301
0.0000000000
-0.0911560059
0.0000000000
0.0000000000
0.0000000000
0.0911560059
0.0000000000
-0.0911560059
0.0000000000
0.1062164307
0.9559478760
-0.0531158447
0.0531158447
0.0265502930
0.1593322754
0.1327667236
-0.0531158447
-0.0815887451
0.1631927490
0.0815887451
-0.1631927490
-0.4079742432
-0.3263702393
0.3263702393
0.5711517334
0.1613159180
-0.2151031494
0.0537719727
-0.3226470947
-0.8066101074
0.0537719727
-0.1613159180
-0.2151031494
-0.3721466064
0.2658233643
-0.1063232422
-0.1595001221
-0.1595001221
-0.5848083496
0.5316467285
0.1063232422
0.0000000000
0.4147949219
0.0000000000
-0.0829620361
-0.3318328857
0.6636657715
0.0829620361
0.1659088135
0.0000000000
-0.1129455566
0.1129455566
-0.4517517090
0.1129455566
-0.1129455566
0.2258758545
0.4517517090
0.0000000000
0.0000000000
0.2219238281
-0.1664428711
0.6102905273
-0.1664428711
0.6102905273
0.2219238281
0.1026306152
0.0513153076
0.7184295654
0.0513153076
0.3079071045
-0.4105377197
-0.3079071045
0.1539459229
0.0000000000
0.0000000000
0.0000000000
-0.1000061035
0.0000000000
0.1000061035
0.1000061035
0.1000061035
-0.1095886230
0.0730590820
0.2557067871
0.1826477051
-0.0730590820
0.1826477051
-0.8767242432
-0.1826477051
-0.4247436523
0.2123718262
-0.6371307373
-0.2123718262
-0.0707855225
0.3539581299
-0.0707855225
0.1415863037
-0.1102905273
0.6065673828
-0.6065673828
0.1654357910
0.3308563232
0.0000000000
0.0551452637
0.1102905273
0.0000000000
0.0000000000
0.0000000000
0.0000000000
0.1150360107
-0.2300720215
-0.1150360107
0.1150360107
0.2449493408
0.0000000000
-0.1224670410
-0.2449493408
0.1224670410
0.1224670410
0.3674163818
-0.2449493408
0.1849517822
0.6165008545
0.1233062744
0.5548400879
0.1233062744
0.2465972900
-0.2465972900
0.0000000000
0.3016510010
-0.0861816406
0.5602111816
-0.3878326416
0.0000000000
-0.3878326416
-0.4740142822
0.0430908203
0.0000000000
-0.2381439209
0.4762878418
0.2381439209
0.1190643311
-0.1190643311
0.2381439209
0.0000000000
0.0000000000
0.3221893311
0.0805511475
-0.0805511475
-0.7249298096
-0.1611022949
-0.0805511475
-0.3221893311
0.2048339844
0.0000000000
-0.1024169922
-0.1024169922
-0.4096679688
0.1024169922
0.0000000000
-0.6144866943
0.0000000000
0.0000000000
0.0000000000
-0.0785675049
0.0000000000
0.0785675049
0.0000000000
0.0000000000
0.0758514404
-0.0758514404
0.1516876221
-0.7584686279
-0.1516876221
-0.1516876221
0.3792419434
0.0758514404
0.0881347656
-0.7051239014
-0.0881347656
0.2644195557
0.0881347656
0.0881347656
-0.3525543213
-0.0881347656
0.1238555908
-0.1238555908
-0.2477111816
-0.1238555908
0.1238555908
0.3715667725
-0.2477111816
0.0000000000
0.2283172607
-0.1141510010
-0.6849517822
-0.0570831299
0.0000000000
0.0000000000
-0.1712341309
0.5707855225
0.1796875000
0.0000000000
0.0898437500
0.0000000000
0.1796875000
0.7187805176
0.0000000000
-0.3593902588
-0.0621337891
-0.0207061768
-0.1035614014
0.9734497070
-0.0414276123
-0.0207061768
0.1035614014
0.1035614014
0.1080627441
0.9725494385
0.0000000000
0.1350708008
-0.0270080566
0.0000000000
0.0000000000
0.0000000000
0.0000000000
-0.5902404785
-0.2213439941
0.0737762451
0.3688964844
-0.5164642334
0.0737762451
0.0737762451
-0.2357025146
0.3535461426
-0.1178436279
0.1178436279
0.3535461426
-0.2357025146
0.2357025146
0.0000000000
0.9241180420
0.0000000000
0.0803527832
0.0000000000
-0.1607208252
0.0401763916
0.0401763916
-0.2410736084
0.0000000000
-0.1113433838
0.0000000000
0.0000000000
-0.1113433838
0.0000000000
0.0000000000
-0.2226867676
0.3760528564
0.0000000000
0.0752105713
-0.3760528564
-0.3008422852
-0.1504211426
0.4512481689
-0.4512481689
0.0418395996
0.9936370850
0.0104522705
-0.0418395996
-0.0104522705
0.0000000000
0.0522918701
-0.0522918701
-0.0471038818
-0.0471038818
-0.3296966553
0.8948822021
-0.1648406982
-0.1648406982
0.0941925049
-0.0706481934
0.0495910645
0.3471069336
-0.4958801270
-0.1487579346
-0.6446380615
-0.2975311279
0.1487579346
-0.0495910645
-0.0224914551
0.1799621582
-0.0449981689
-0.0224914551
-0.2024536133
-0.9448089600
0.1124725342
0.0449981689
0.0455169678
0.4552154541
0.4096984863
-0.0455169678
-0.7283477783
0.0455169678
-0.0455169678
0.1365661621
0.3359832764
0.0559997559
-0.1119995117
0.2239990234
-0.1119995117
0.0000000000
0.0000000000
-0.8399810791
0.8607177734
-0.0679473877
0.2491607666
-0.1585540771
0.0679473877
-0.2265014648
0.2944641113
0.0906066895
0.0315399170
0.0000000000
0.9569396973
0.2734069824
-0.0420684814
-0.0420684814
0.0315399170
-0.0210266113
-0.6028289795
-0.2009429932
-0.2009429932
0.1004791260
0.3014221191
-0.3014221191
0.0000000000
0.0000000000
0.0091094971
-0.0182342529
-0.0364685059
0.0182342529
-0.0729370117
0.0182342529
-0.9937438965
-0.0455780029
0.2270965576
-0.2270965576
0.4541778564
-0.2270965576
0.1135406494
0.0000000000
0.1135406494
-0.3406372070
0.0514984131
0.9913330078
-0.0643768311
0.0128784180
0.0000000000
0.0643768311
-0.0128784180
0.0257415771
-0.0780944824
0.1561889648
0.0780944824
0.0000000000
-0.0780944824
0.0780944824
0.0780944824
-0.8590393066
0.0901947021
0.4510040283
0.0000000000
0.0000000000
0.2705993652
-0.3607940674
-0.5411987305
0.0901947021
0.2209014893
0.2209014893
0.6074981689
0.2209014893
0.1104583740
0.3865814209
-0.4418182373
0.1656799316
0.0000000000
-0.1571350098
0.7071075439
-0.4714050293
-0.0785675049
0.0785675049
0.1571350098
-0.0785675049
-0.1147766113
0.1147766113
-0.5738525391
0.1147766113
0.2295379639
0.0000000000
0.1147766113
-0.2295379639
0.6933746338
0.0990600586
0.3962097168
-0.1981048584
0.2476348877
-0.1485748291
-0.2476348877
-0.2971649170
-0.1151428223
0.0000000000
0.9019927979
-0.1151428223
-0.1727294922
0.2111053467
0.2686767578
-0.0383758545
0.0000000000
-0.1237182617
-0.1237182617
0.0000000000
-0.2474365234
-0.1237182617
0.2474365234
-0.1237182617
-0.0539245605
-0.0404510498
0.0674133301
-0.9841461182
-0.1213378906
0.0404510498
0.0000000000
0.0134887695
-0.0528411865
0.9862518311
0.0352172852
-0.0352172852
-0.0528411865
-0.0352172852
0.0176086426
-0.0880584717
-0.3559570312
0.3559570312
0.1525573730
0.3559570312
0.2542572021
-0.4068145752
0.1525573730
0.5085144043
-0.1994171143
-0.3323516846
-0.7311859131
0.0664672852
0.1329345703
-0.2658843994
-0.0664672852
0.2658843994
-0.3114471436
-0.0778656006
0.1557159424
-0.1557159424
0.1557159424
0.0778656006
0.0778656006
-0.7786102295
0.0113983154
0.0227813721
-0.0341796875
0.9910736084
0.0569610596
0.0455627441
-0.0797424316
-0.0113983154
-0.1851043701
0.9666595459
0.0000000000
0.0925598145
-0.0514221191
-0.1131134033
-0.0102844238
0.0617065430
0.2698822021
-0.5622406006
0.6522064209
0.0000000000
0.2024078369
0.2923583984
0.1574249268
0.1349334717
-0.2187805176
0.2187805176
-0.5469665527
-0.1093902588
0.0000000000
-0.2187805176
-0.2187805176
0.2187805176
0.9353027344
0.0000000000
0.0492248535
0.1476745605
-0.0984497070
0.0984497070
0.0000000000
0.0492248535
0.1178436279
0.0000000000
0.1178436279
0.0000000000
-0.1178436279
0.0000000000
-0.1178436279
-0.2357025146
0.3758239746
0.0000000000
0.1879119873
-0.4697723389
-0.1879119873
-0.1879119873
0.2818603516
-0.3758239746
0.0501556396
0.9904479980
-0.0250701904
-0.0376129150
-0.0376129150
0.0626831055
0.0626831055
-0.0125427246
0.0000000000
-0.1306152344
-0.0870819092
0.5660095215
-0.5660095215
-0.3483123779
0.3483123779
0.1741638184
0.1096191406
0.3288726807
-0.3836822510
0.0548095703
-0.7673645020
-0.1644287109
-0.1096191406
0.0548095703
-0.0933227539
0.3110961914
0.0000000000
0.0311126709
-0.2799835205
-0.8710784912
0.1555480957
0.0311126709
-0.0704498291
0.5635375977
0.2817687988
-0.0704498291
-0.6339874268
0.0704498291
-0.1408843994
0.0000000000
0.2985992432
-0.2985992432
0.0995330811
0.1990661621
-0.0995330811
-0.1990661621
-0.0995330811
-0.5971984863
0.3881072998
-0.2116851807
0.3528137207
-0.2116851807
0.2822570801
-0.3881072998
0.5997924805
0.0705566406
0.0124511719
-0.0622711182
0.9590606689
0.2615661621
0.0249176025
0.0249176025
0.0373687744
0.0124511719
-0.1024169922
-0.4096679688
-0.4096679688
0.3072509766
0.0000000000
-0.4096679688
0.0000000000
0.1024169922
-0.0454711914
0.0454711914
0.0341033936
-0.0113677979
-0.1022949219
0.0000000000
-0.9888916016
-0.0454711914
0.1129455566
-0.2258758545
0.5646972656
-0.2258758545
0.0000000000
0.1129455566
0.1129455566
-0.2258758545
0.1084289551
0.9758605957
-0.1084289551
0.0542144775
0.0361480713
0.0000000000
-0.0361480713
-0.0903625488
-0.1234283447
0.0000000000
0.1234283447
-0.3703002930
0.0000000000
0.1234283447
-0.1234283447
-0.3703002930
0.3133544922
0.2089080811
-0.1044464111
-0.1044464111
0.4178161621
-0.4178161621
-0.2089080811
0.2089080811
0.2058258057
0.3087463379
0.3087463379
0.3087463379
-0.3087463379
0.1029205322
-0.4116668701
0.1029205322
0.2564849854
-0.1282348633
0.5770874023
-0.3847198486
-0.1282348633
0.2564849854
0.4488525391
-0.1282348633
0.0000000000
0.1945648193
-0.7782897949
-0.0972900391
0.0000000000
0.0972900391
0.0000000000
0.0000000000
0.6524658203
0.3044891357
0.3479919434
-0.3044891357
0.0869903564
-0.1739959717
-0.2174835205
-0.3479919434
-0.0371246338
0.0742645264
0.8911132812
-0.2227783203
0.0000000000
0.2227783203
0.2227783203
-0.0742645264
-0.1243286133
-0.2486572266
-0.2486572266
0.0000000000
-0.1243286133
-0.1243286133
0.1243286133
-0.1243286133
0.0000000000
-0.0192871094
0.0964813232
-0.9840240479
-0.0771789551
0.0193023682
0.0578918457
0.0193023682
-0.0621643066
0.9738769531
-0.0414428711
-0.0414428711
-0.1036071777
-0.0621643066
0.0207214355
-0.1243286133
-0.4512481689
0.4512481689
0.2256317139
0.2256317139
0.2256317139
-0.1504211426
-0.1504211426
0.4512481689
-0.0976257324
-0.1952514648
-0.8786621094
0.0976257324
0.0488128662
-0.1464385986
-0.0976257324
0.2440795898
-0.3181304932
0.2120971680
0.2120971680
-0.1060485840
0.0000000000
0.0000000000
0.3181304932
-0.5302276611
0.0000000000
0.0438537598
-0.0438537598
0.9940948486
0.0000000000
0.0000000000
-0.0292358398
-0.0146179199
-0.1107177734
0.9841308594
-0.0369110107
0.0369110107
-0.0738067627
-0.0492095947
0.0000000000
0.0615081787
0.1528930664
-0.5860595703
0.7134704590
-0.0254821777
0.1528930664
0.1019287109
0.1274108887
0.2293243408
-0.1616058350
-0.4040222168
-0.4040222168
-0.1616058350
0.0000000000
-0.2424163818
-0.3232269287
0.4848327637
0.9340515137
0.0373687744
0.0000000000
0.1868133545
0.1494445801
0.0747222900
-0.0747222900
0.1120910645
0.1249389648
-0.1249389648
0.1249389648
0.0000000000
-0.1249389648
-0.1249389648
-0.1249389648
-0.3748016357
0.1250000000
0.0000000000
0.1250000000
-0.3750000000
-0.1250000000
-0.2500000000
0.0000000000
0.0000000000
0.0452423096
0.9802398682
-0.0603179932
-0.0301666260
-0.0754089355
0.1055603027
0.0904846191
0.0150756836
0.0000000000
-0.3047180176
0.4062805176
-0.0507812500
-0.5586395264
-0.3047180176
0.4570770264
0.2031402588
0.2851104736
0.0356445312
-0.3207397461
-0.2138366699
-0.7840423584
0.0712738037
-0.2494659424
-0.2138366699
-0.2695312500
0.3593750000
0.0000000000
0.1347656250
-0.3593750000
-0.6738281250
0.3593750000
-0.0449218750
0.0684509277
0.6160583496
0.2738037109
-0.2053527832
-0.5476074219
0.2053527832
0.0000000000
0.0000000000
0.1504211426
-0.3008422852
-0.2256317139
-0.1504211426
0.6016693115
-0.0752105713
0.2256317139
0.4512481689
-0.0425415039
-0.1276245117
0.2552642822
-0.2552642822
0.3403472900
-0.3828887939
0.7232513428
0.0850830078
0.0139312744
-0.0975646973
0.9616699219
0.2229919434
0.0418090820
0.0836181641
0.0278778076
0.0000000000
0.2344665527
-0.1172332764
-0.4689483643
0.1172332764
-0.1172332764
-0.3517150879
-0.1172332764
0.0000000000
-0.1187744141
0.1039276123
0.1039276123
0.0000000000
-0.0593872070
0.0148468018
-0.9651031494
-0.1484832764
0.1184692383
-0.2369232178
0.4738464355
0.0000000000
-0.2369232178
-0.2369232178
0.1184692383
0.1184692383
0.1063690186
0.9573059082
-0.1063690186
0.0000000000
0.1063690186
-0.0265960693
-0.0265960693
-0.1595458984
-0.1249389648
0.1249389648
0.0000000000
-0.3748321533
0.0000000000
0.1249389648
-0.2498779297
0.1249389648
0.3307189941
0.0826873779
-0.2480316162
-0.2480316162
0.4960784912
-0.4960784912
-0.1653594971
0.0826873779
-0.2286834717
-0.2286834717
-0.3430328369
-0.1143493652
-0.3430328369
-0.5717163086
0.4573822021
-0.0571746826
0.3087158203
-0.1029052734
0.5659790039
-0.3601684570
-0.1029052734
0.3601684570
0.4630737305
-0.0514526367
0.2449493408
-0.1224670410
-0.4898986816
0.1224670410
0.1224670410
0.0000000000
0.0000000000
0.1224670410
0.6066894531
0.3033447266
0.1300048828
-0.2600097656
-0.2166748047
-0.0866699219
-0.4333496094
-0.3900146484
0.1955871582
0.1955871582
0.7823486328
-0.0652008057
0.1955871582
0.3259735107
0.1303863525
-0.0652008057
0.1219482422
0.0000000000
-0.2438964844
-0.3658599854
0.0000000000
-0.1219482422
-0.1219482422
-0.3658599854
0.0000000000
-0.1149291992
0.2011413574
-0.9482116699
-0.0574645996
-0.0287322998
0.1149291992
0.0574645996
-0.1087188721
0.9060363770
-0.1087188721
-0.1449737549
-0.2174530029
-0.1812133789
0.0000000000
-0.1087188721
-0.3028411865
0.5047454834
0.2019042969
0.2019042969
0.1009521484
-0.1009521484
-0.3028411865
0.3028411865
-0.0420837402
-0.2104492188
-0.8417968750
-0.0841827393
-0.0420837402
0.0841827393
-0.1683654785
0.3787994385
-0.2199401855
0.4398803711
0.3299102783
0.0000000000
0.2199401855
0.2199401855
0.2199401855
-0.2199401855
-0.0507965088
0.0338592529
-0.0338592529
0.9820556641
-0.0846557617
-0.0677337646
0.0846557617
0.0507965088
-0.0633392334
0.9882049561
-0.0633392334
0.0380096436
-0.0633392334
-0.0253448486
-0.0126647949
0.0633392334
0.1480560303
-0.4441833496
0.8390197754
-0.0740356445
0.0987091064
0.0493469238
0.0987091064
0.1727447510
-0.3077850342
-0.6155700684
-0.3077850342
0.0769500732
0.0000000000
-0.1539001465
-0.2308349609
0.3847351074
0.9380187988
0.0937957764
0.0469055176
0.0937957764
0.0937957764
0.0937957764
-0.0937957764
0.0469055176
0.1199951172
0.0000000000
0.1199951172
-0.1199951172
-0.1199951172
-0.1199951172
0.0000000000
-0.2400054932
-0.2449493408
0.1224670410
-0.1224670410
0.0000000000
0.1224670410
-0.2449493408
-0.3674163818
0.2449493408
0.0575866699
0.9789428711
-0.0383911133
-0.0575866699
-0.0959777832
0.0575866699
0.0959777832
0.0000000000
-0.0506591797
-0.1013031006
0.6585235596
-0.4052429199
-0.3545837402
-0.1519622803
0.2532806396
0.3039245605
0.2960357666
0.0328979492
-0.1315765381
-0.3947143555
-0.6907348633
0.1315765381
-0.2302398682
-0.3947143555
-0.4373779297
0.1874389648
0.0000000000
0.0000000000
-0.3748931885
-0.3124084473
0.6248168945
-0.1249694824
0.0000000000
0.5294342041
0.4537963867
-0.3781585693
-0.3781585693
0.1512603760
0.0756378174
0.0756378174
0.2087707520
-0.2087707520
-0.2783660889
-0.2783660889
0.4871520996
0.0695953369
0.2087707520
0.5567321777
-0.1323852539
0.1323852539
0.2647705078
-0.3088989258
0.4412841797
-0.3088989258
0.6619262695
0.0882568359
-0.0431060791
-0.0646514893
0.9697875977
0.1724090576
0.0000000000
0.0646514893
0.0646514893
-0.0215454102
0.3999938965
0.0000000000
-0.3000030518
-0.3000030518
-0.5000000000
-0.1999969482
0.1000061035
0.0000000000
-0.1724548340
0.0862274170
0.1077728271
0.0431060791
-0.0646667480
0.0646667480
-0.9269104004
-0.2586669922
-0.1245422363
-0.1245422363
0.2490844727
0.2490844727
0.0000000000
-0.2490844727
-0.1245422363
0.2490844727
0.1047210693
0.8901062012
0.0000000000
-0.1570739746
0.2617950439
0.0523529053
0.0000000000
-0.1047210693
0.0000000000
0.0000000000
0.0000000000
-0.1150360107
-0.1150360107
0.0000000000
-0.2300720215
0.1150360107
0.3296203613
-0.0823974609
-0.3296203613
-0.2472076416
0.4120178223
-0.4944305420
-0.2472076416
0.0823974609
-0.2562255859
-0.2562255859
-0.4758453369
-0.2562255859
-0.3294372559
-0.4758453369
0.4392395020
-0.0732116699
0.3447418213
0.0000000000
0.6033020020
-0.4309234619
-0.0430908203
0.3447418213
0.3878326416
0.0000000000
0.1216278076
-0.1216278076
-0.2432556152
0.1216278076
0.1216278076
-0.1216278076
0.0000000000
0.1216278076
0.4934234619
0.2878265381
0.0411224365
-0.2055969238
-0.5345458984
-0.1233520508
-0.3700714111
-0.3700714111
0.1159973145
0.1159973145
0.3480072021
0.1159973145
0.2320098877
0.3480072021
0.3480072021
-0.1159973145
0.2498626709
-0.1249389648
-0.1249389648
-0.2498626709
0.0000000000
-0.1249389648
0.0000000000
-0.2498626709
0.0000000000
-0.0446929932
0.4022674561
-0.8492431641
0.0000000000
0.0000000000
0.1787872314
0.1340942383
0.3281707764
0.3281707764
-0.4375762939
-0.1093902588
-0.3281707764
-0.1093902588
-0.1093902588
0.0000000000
-0.2490844727
0.2490844727
-0.1245422363
0.0000000000
0.1245422363
0.1245422363
-0.2490844727
0.2490844727
-0.0800933838
-0.2803497314
-0.8010101318
-0.1201477051
-0.1602020264
0.1602020264
-0.1602020264
0.3604583740
0.0000000000
0.4220428467
0.1055145264
0.1055145264
0.3165283203
0.4220428467
0.1055145264
-0.3165283203
-0.1001586914
0.0801239014
0.0600891113
0.9615173340
-0.1402282715
-0.0801239014
0.0801239014
0.1001586914
-0.0318603516
0.9876098633
-0.0796508789
0.0477905273
-0.0637207031
-0.0159301758
-0.0159301758
0.0477905273
0.1744995117
-0.3489990234
0.8725128174
-0.0290832520
0.2035827637
0.0581665039
0.1163330078
0.0000000000
-0.3548431396
-0.4967803955
-0.3548431396
0.2129058838
0.1419372559
-0.0709686279
-0.2838745117
0.4258117676
0.7965240479
0.1706848145
0.1137847900
0.1706848145
-0.1137847900
0.3413696289
-0.1706848145
-0.1706848145
0.0000000000
0.0000000000
0.1064758301
-0.1064758301
-0.1064758301
-0.1064758301
0.0000000000
-0.1064758301
-0.1216278076
0.1216278076
0.0000000000
0.1216278076
0.1216278076
-0.1216278076
-0.2432556152
0.1216278076
0.1022491455
0.9714355469
-0.0511322021
0.0000000000
-0.0511322021
0.0511322021
0.1278228760
-0.0255584717
-0.0735778809
0.0735778809
0.6622314453
-0.3679046631
-0.2943267822
-0.2207489014
0.2207489014
0.2207489014
0.3110198975
-0.0345611572
-0.1036682129
-0.4147033691
-0.6911773682
0.2419128418
0.0000000000
-0.3801422119
-0.5024108887
0.1116485596
0.0558166504
-0.1116485596
-0.3907623291
-0.3907623291
0.5582427979
0.0000000000
-0.0852813721
0.3411407471
0.5970001221
-0.4264221191
-0.1705627441
0.1705627441
0.0000000000
0.1705627441
0.2438964844
-0.1219482422
-0.1219482422
-0.3658599854
0.0000000000
0.0000000000
0.1219482422
0.3658599854
0.0000000000
0.1780090332
0.2966918945
-0.2373504639
0.4747009277
-0.3560180664
0.5933685303
0.0593414307
-0.0392150879
-0.1960601807
0.9018402100
0.2744750977
0.1176300049
0.0000000000
-0.0392150879
0.0784149170
0.2176361084
0.1088256836
-0.2176361084
-0.4352722168
-0.3264617920
-0.2176361084
0.3264617920
0.0000000000
-0.1490325928
0.0372619629
0.2235565186
0.2235565186
0.1117706299
0.2608032227
-0.7824249268
-0.3725891113
-0.3181304932
0.0000000000
-0.2120971680
0.1060485840
0.2120971680
0.3181304932
-0.4241790771
-0.3181304932
0.1105499268
0.4422149658
-0.2211151123
-0.1105499268
0.3316650391
-0.2211151123
0.0000000000
0.3316650391
0.0000000000
-0.1000061035
0.0000000000
0.0000000000
-0.1000061035
-0.1000061035
-0.1000061035
0.0000000000
0.3443145752
0.0000000000
-0.2295379639
-0.1147766113
0.2295379639
-0.3443145752
-0.3443145752
-0.1147766113
-0.1279754639
-0.0639953613
-0.5759124756
-0.2559661865
-0.2559661865
-0.5119171143
0.3199462891
-0.1279754639
0.2925415039
-0.0975189209
0.7801055908
-0.4388122559
0.0000000000
0.1462707520
0.0487518311
0.0487518311
0.1237182617
-0.1237182617
-0.2474365234
0.1237182617
0.0000000000
-0.1237182617
0.0000000000
0.2474365234
0.4971008301
0.2485504150
0.0000000000
-0.2485504150
-0.5965118408
-0.0994262695
-0.2485504150
-0.3479614258
-0.3461608887
0.2307739258
-0.2307739258
0.1153869629
-0.3461608887
0.1153869629
0.2307739258
-0.2307739258
0.0000000000
-0.2300720215
0.0000000000
-0.1150360107
0.1150360107
0.1150360107
0.0000000000
0.0000000000
-0.1871185303
0.0000000000
0.5613555908
-0.4678039551
0.0000000000
0.0935668945
0.1871185303
0.2806854248
0.2256317139
-0.8273010254
-0.0752105713
0.0000000000
0.0752105713
0.0752105713
-0.2256317139
0.0752105713
-0.1247253418
0.0000000000
-0.1247253418
0.0000000000
0.0000000000
0.2494506836
-0.2494506836
0.2494506836
0.0458526611
-0.1834259033
-0.8253936768
-0.0917053223
-0.1375732422
0.0917053223
-0.0917053223
0.4127044678
0.2089080811
0.2089080811
-0.1044464111
0.2089080811
0.1044464111
0.4178161621
0.0000000000
-0.5222625732
-0.0666961670
0.0666961670
0.0444641113
0.9782257080
-0.0889282227
-0.0222320557
0.0000000000
0.0889282227
0.0000000000
0.9651947021
-0.0438690186
0.1535491943
-0.1316223145
-0.0438690186
0.0219421387
0.0877380371
0.0961608887
-0.4807739258
0.7692260742
0.0480804443
0.2403869629
-0.0480804443
0.1442260742
0.0961608887
-0.4263610840
0.0000000000
-0.3197631836
0.2131805420
0.3197631836
0.0000000000
-0.2131805420
0.3197631836
0.7790222168
0.1038665771
0.2077331543
0.2596740723
-0.1558074951
0.2596740723
-0.1558074951
-0.2596740723
-0.1199951172
0.0000000000
0.1199951172
0.0000000000
-0.2400054932
-0.1199951172
0.1199951172
-0.1199951172
-0.1243286133
0.1243286133
0.0000000000
0.1243286133
0.2486572266
0.1243286133
-0.2486572266
0.1243286133
0.0944366455
0.9679565430
-0.0472106934
0.0236053467
0.0236053467
0.1180419922
0.1180419922
-0.0708312988
-0.2972259521
0.3963012695
0.4953613281
0.0990753174
-0.1981506348
-0.0990753174
-0.0990753174
0.2972259521
0.3329925537
-0.2118988037
-0.0302734375
-0.3632659912
-0.7265319824
0.2421722412
-0.0605468750
-0.3027191162
-0.4132537842
0.2066345215
0.0516510010
-0.2066345215
-0.3099365234
-0.6715393066
0.3099365234
0.1033172607
0.0862121582
0.2586212158
0.4310302734
-0.4310302734
0.0000000000
0.5172424316
-0.1724090576
0.0000000000
0.3553924561
0.0000000000
-0.2369232178
-0.4738464355
-0.1184692383
0.1184692383
0.0000000000
0.0000000000
0.0643920898
0.1287689209
0.1931610107
-0.1931610107
0.5794677734
-0.3863067627
0.5150756836
0.1287689209
0.0447845459
-0.1791381836
0.8061523438
0.4030761719
0.1343536377
-0.2239379883
-0.0447845459
0.1343536377
0.1147766113
0.1147766113
-0.1147766113
-0.4590759277
-0.3443145752
0.0000000000
0.3443145752
0.0000000000
-0.1879882812
0.0751953125
0.2255859375
0.3007965088
0.0375976562
0.3383941650
-0.7519683838
-0.3007965088
-0.1782989502
0.2674560547
-0.4457702637
-0.0891571045
0.3566131592
0.3566131592
-0.1782989502
-0.3566131592
0.0000000000
0.0901947021
-0.4510040283
0.0000000000
0.2705993652
-0.1804046631
0.0000000000
0.6314086914
0.0000000000
-0.1064758301
0.0000000000
0.1064758301
-0.1064758301
-0.1064758301
-0.1064758301
0.0000000000
0.2456817627
0.0000000000
0.0000000000
0.1228332520
0.0000000000
0.1228332520
0.2456817627
-0.1228332520
0.2231445312
0.5950622559
0.0000000000
0.4462890625
0.2231445312
0.1487579346
-0.2975311279
-0.2231445312
0.0502014160
-0.2008361816
0.8535308838
-0.3012390137
0.0502014160
-0.0502014160
-0.2008361816
-0.1004180908
0.0000000000
-0.1228332520
0.0000000000
0.1228332520
0.0000000000
0.0000000000
0.0000000000
0.3685150146
0.5067901611
0.1900482178
-0.0633544922
-0.2534027100
-0.6334838867
0.0633544922
-0.1900482178
-0.2534027100
-0.1039276123
0.5196685791
0.3117980957
0.0000000000
-0.4157409668
-0.1039276123
0.2078704834
0.0000000000
0.2494506836
-0.1247253418
0.0000000000
-0.2494506836
0.2494506836
0.0000000000
-0.1247253418
0.0000000000
-0.1099700928
0.0000000000
0.5498504639
-0.3299102783
-0.1099700928
0.0000000000
0.0000000000
0.3299102783
0.2219390869
-0.8137664795
0.0000000000
-0.1479644775
0.1479644775
0.0739746094
-0.2219390869
0.0739746094
0.1238555908
0.1238555908
-0.3715667725
0.1238555908
0.2477111816
0.2477111816
-0.1238555908
0.0000000000
0.0000000000
-0.1936492920
-0.6777801514
-0.2420654297
-0.0968322754
0.1936492920
-0.1936492920
0.5325469971
0.1796875000
-0.0898437500
-0.0898437500
-0.0898437500
0.1796875000
0.4492340088
-0.1796875000
-0.6289367676
-0.0166931152
0.0000000000
0.0166931152
0.9852447510
-0.0834960938
-0.0500946045
0.0166931152
0.1001892090
0.1295623779
0.9588012695
-0.0259094238
0.1813964844
-0.0518341064
-0.0518341064
-0.0259094238
-0.0518341064
0.0000000000
-0.6782379150
0.5425872803
0.0678253174
0.2034759521
-0.0678253174
0.0000000000
0.2034759521
-0.2459411621
0.3689117432
-0.1229705811
0.1229705811
0.2459411621
-0.2459411621
0.0000000000
0.0000000000
0.8298492432
0.0000000000
0.0976257324
0.0976257324
-0.2928924561
0.0488128662
-0.0976257324
-0.3417053223
0.0000000000
-0.1150360107
-0.1150360107
0.0000000000
-0.1150360107
0.0000000000
0.0000000000
-0.2300720215
0.2172851562
0.1448516846
0.0000000000
-0.4345703125
-0.2172851562
-0.3621368408
0.5069885254
-0.3621368408
-0.0097351074
0.9925384521
-0.0097351074
-0.0486602783
0.0291900635
0.0389251709
0.0291900635
-0.0778503418
-0.0514526367
-0.0205841064
-0.3498535156
0.8951873779
-0.0308685303
0.0308685303
-0.0411529541
-0.2572326660
0.5866699219
-0.1676177979
-0.3771362305
-0.1257171631
-0.5447540283
-0.1676177979
0.2933349609
-0.0419006348
-0.0780487061
0.1561126709
0.0780487061
-0.1561126709
-0.1040802002
-0.8586120605
-0.3382415771
0.2341613770
0.2061157227
0.6183471680
0.2473449707
0.0412292480
-0.6595764160
0.0000000000
-0.0824432373
0.1236724854
0.2075958252
0.0000000000
-0.5189971924
0.1730041504
0.1730041504
0.0691986084
0.0691986084
-0.7611999512
0.9632873535
0.0000000000
0.2089080811
-0.0696411133
-0.0348205566
-0.1160583496
-0.0348205566
0.0580291748
0.0000000000
-0.0445861816
0.9631652832
0.2497100830
0.0267486572
-0.0624237061
0.0267486572
0.0089111328
-0.7298583984
0.1824645996
-0.1824645996
0.2280883789
0.2736968994
-0.4105529785
0.1368560791
0.1368560791
-0.0784454346
-0.0435791016
-0.0435791016
0.0784454346
0.0174255371
0.0697326660
-0.9849548340
-0.0784454346
0.2882232666
0.0000000000
0.5764312744
-0.2882232666
0.3602752686
-0.0720520020
-0.0720520020
-0.4323272705
0.0321807861
0.9866790771
0.0214538574
0.0000000000
0.0214538574
0.1072540283
0.0000000000
0.0965270996
0.0440826416
0.1763458252
-0.0440826416
-0.1322631836
-0.0440826416
0.1322631836
0.0881652832
-0.9257965088
-0.1000061035
0.3000030518
0.1999969482
0.3000030518
-0.1000061035
-0.1999969482
-0.6000061035
0.0000000000
0.1892700195
0.0000000000
0.3785552979
0.4731903076
0.0473175049
0.3785552979
-0.6151428223
0.0000000000
0.0000000000
0.0812835693
0.4064025879
-0.5689697266
-0.3251190186
0.4064025879
0.4064025879
0.1219177246
-0.1099700928
0.1099700928
-0.6598205566
0.2199401855
0.1099700928
0.1099700928
0.0000000000
0.1099700928
0.8822174072
-0.1336669922
-0.0267333984
0.1069335938
0.2673339844
0.1604003906
0.0000000000
-0.2673339844
-0.1401824951
0.0467224121
0.8410491943
-0.0700836182
-0.1635437012
0.3504333496
0.2336273193
0.2102661133
-0.3703002930
-0.1234283447
-0.1234283447
0.1234283447
-0.3703002930
0.0000000000
0.1234283447
0.0000000000
-0.0093536377
0.0373840332
0.0280456543
-0.9907836914
-0.1121673584
-0.0186920166
0.0186920166
0.0000000000
0.0267181396
0.9887695312
-0.0267181396
0.0534515381
0.0133666992
0.0000000000
0.0267181396
-0.1068878174
-0.3826904297
0.5102539062
0.2551269531
0.3826904297
0.1594543457
-0.4145812988
0.2232360840
0.3189086914
-0.0836639404
0.0418243408
0.9202880859
-0.0836639404
-0.0836639404
0.0418243408
-0.1673278809
0.2091522217
0.0000000000
0.1109619141
0.3328857422
-0.2774047852
-0.3883666992
0.1664428711
0.0000000000
-0.7212524414
-0.0113677979
0.0682067871
0.0113677979
0.9889526367
-0.0909423828
-0.0454711914
-0.0454711914
-0.0227355957
-0.1414031982
0.9695892334
-0.0303039551
0.0908966064
-0.1110992432
-0.0202026367
0.0000000000
0.1212005615
0.2455749512
-0.1964569092
0.7203369141
-0.0163726807
0.1637115479
0.5566253662
-0.1800842285
-0.0654907227
-0.0874786377
-0.2624511719
-0.3499298096
-0.2624511719
0.1749572754
-0.3499298096
-0.3499298096
0.4374084473
0.9643554688
0.0172271729
0.0000000000
0.2066497803
-0.0172271729
0.1205444336
0.0000000000
0.0516662598
0.2498779297
0.1249389648
0.0000000000
0.0000000000
-0.1249389648
-0.1249389648
-0.1249389648
-0.3748321533
0.2716674805
0.1811065674
0.1811065674
-0.4527893066
-0.1811065674
-0.2716674805
0.3622283936
-0.3622283936
0.0394287109
0.9855651855
0.0000000000
-0.0919799805
-0.0131378174
0.0657043457
0.0657043457
-0.0657043457
-0.0284576416
-0.0426940918
-0.3131103516
0.8966217041
-0.1280822754
-0.0426940918
0.0711669922
-0.2561798096
0.4488525391
0.1923675537
0.2564849854
-0.1282348633
-0.6412048340
0.2564849854
0.0000000000
-0.2564849854
-0.1382904053
0.4609832764
0.2304840088
-0.0921936035
-0.2765808105
-0.7375640869
-0.0921936035
0.0921936035
0.1301116943
0.6505889893
0.1951751709
-0.0650634766
-0.5855255127
0.0000000000
-0.1301116943
0.1301116943
0.0000000000
-0.0597534180
-0.7170867920
0.1195220947
0.5378112793
-0.1792755127
0.1195220947
-0.1195220947
0.9723205566
-0.0428924561
0.1858825684
-0.0428924561
-0.0285949707
-0.0858001709
0.0285949707
0.0285949707
0.0269775391
-0.0629577637
0.9624023438
0.2518463135
0.0449676514
0.0179901123
0.0269775391
0.0000000000
-0.3408203125
0.2272186279
-0.1704101562
0.6248321533
0.2840118408
-0.3408203125
0.1704101562
0.2840118408
-0.1137237549
0.0310211182
0.0310211182
0.0516967773
0.0206756592
0.0723724365
-0.9822082520
-0.0930480957
0.2644195557
0.0000000000
0.4407043457
-0.6169738770
0.0881347656
-0.0881347656
0.0000000000
-0.2644195557
0.0781707764
0.9901885986
-0.0260620117
0.0130310059
0.0130310059
0.0781707764
-0.0260620117
0.0130310059
0.0000000000
0.1178436279
0.2357025146
-0.3535461426
-0.1178436279
0.1178436279
0.0000000000
-0.4714050293
-0.0977325439
0.4886322021
0.0000000000
0.0977325439
0.0977325439
-0.3908996582
-0.3908996582
0.2931823730
-0.3630523682
-0.3111877441
-0.4667816162
0.1037292480
-0.3630523682
-0.5186462402
0.1037292480
-0.2074584961
0.2017059326
0.0806884766
0.2823944092
-0.4437713623
-0.2420501709
0.4437713623
0.6051330566
0.0403442383
0.0000000000
0.0912780762
-0.8215484619
0.0912780762
0.0000000000
0.0912780762
0.0000000000
0.0912780762
0.9465637207
0.0000000000
-0.0540924072
0.0000000000
0.0270385742
0.1352233887
-0.1081848145
-0.2163543701
-0.0312957764
0.0312957764
0.7823028564
-0.2503356934
0.0625762939
0.4380798340
0.2190399170
0.2190399170
-0.2459411621
-0.1229705811
-0.3689117432
0.0000000000
-0.1229705811
-0.2459411621
0.0000000000
-0.2459411621
0.0114135742
0.0228271484
0.0342407227
-0.9929962158
-0.0684814453
0.0000000000
0.0570678711
0.0000000000
0.0000000000
0.9756622314
-0.1027069092
0.0342407227
-0.0171203613
-0.0171203613
0.0513458252
-0.1540527344
-0.3941040039
0.6130371094
0.3503112793
0.3503112793
0.0437927246
-0.3065185547
0.1313629150
0.2189483643
-0.2357025146
0.0589294434
0.7660217285
-0.0589294434
0.0000000000
0.2357025146
-0.3535461426
0.2357025146
-0.1847991943
-0.0924072266
0.2772064209
-0.1847991943
-0.3696136475
0.3696136475
0.3696136475
-0.3696136475
0.0266418457
0.0532836914
-0.0133209229
0.9858703613
-0.0799407959
-0.1065826416
-0.0133209229
0.0266418457
-0.0832214355
0.9748687744
-0.0951080322
0.0475616455
-0.1307830811
-0.0118865967
0.0237731934
0.0951080322
0.1423187256
-0.0889434814
0.8716583252
0.0177917480
0.0711517334
0.3913574219
-0.1956787109
-0.0711517334
-0.1317901611
-0.4612731934
-0.3294830322
-0.1976928711
0.0659027100
-0.1976928711
-0.3953704834
0.5271606445
0.9500579834
0.0358581543
-0.0179290771
0.2330322266
0.0896301270
0.1434020996
-0.0358581543
0.0358581543
0.1247863770
0.0000000000
0.1247863770
-0.1247863770
-0.1247863770
-0.1247863770
-0.2495727539
-0.3743438721
0.1199951172
0.1199951172
0.0000000000
-0.2400054932
0.1199951172
-0.1199951172
-0.1199951172
0.0000000000
0.0983276367
0.9669494629
0.0327758789
-0.0983276367
-0.0491638184
0.0819396973
0.1311035156
-0.0983276367
-0.0712738037
-0.0356292725
-0.1959838867
0.9086761475
-0.1781768799
-0.0712738037
0.1425323486
-0.2494354248
0.4285430908
0.0306091309
0.1530456543
-0.3061065674
-0.6122131348
0.3673248291
-0.1530456543
-0.3673248291
-0.3808593750
0.3808593750
0.1269531250
-0.1269531250
-0.5712738037
-0.0634765625
0.4443359375
-0.1269531250
0.2719116211
0.5438232422
0.2719116211
-0.2039337158
-0.4078674316
0.3398895264
0.0679779053
0.2719116211
0.0637359619
-0.0637359619
-0.5735778809
-0.0637359619
0.6373138428
-0.1274566650
0.1911926270
0.2549285889
0.9842224121
-0.0146942139
0.1175231934
-0.0440673828
-0.0293731689
-0.0734558105
0.0440673828
0.0146942139
0.0393524170
-0.0295104980
0.9740600586
0.2066192627
0.0196838379
0.0295104980
0.0295104980
-0.0295104980
-0.0795440674
0.2386169434
-0.1590728760
0.6363220215
0.3976898193
-0.1590728760
0.0795440674
0.3181610107
-0.1662902832
0.0895385742
0.0767517090
0.0767517090
0.0767517090
0.1151275635
-0.9466094971
-0.1790924072
0.2211151123
-0.2211151123
0.4422149658
-0.1105499268
0.1105499268
-0.3316650391
0.0000000000
-0.3316650391
0.0866699219
0.9880523682
0.0000000000
-0.0693359375
0.0000000000
0.0173339844
-0.0173339844
-0.0346679688
0.1228332520
0.1228332520
0.1228332520
-0.2456817627
0.0000000000
0.0000000000
0.0000000000
0.2456817627
0.0641174316
0.3206024170
-0.1923675537
-0.1923675537
0.3206024170
-0.6412048340
-0.3206024170
0.2564849854
-0.3664703369
-0.2748565674
-0.4886169434
-0.1526947021
-0.3359222412
-0.4886169434
0.3359222412
-0.1832275391
0.2260742188
0.0376739502
0.2637481689
-0.3391113281
-0.1507110596
0.5274963379
0.6405334473
-0.0753631592
0.2048339844
0.0000000000
-0.7169036865
-0.1024169922
0.0000000000
0.1024169922
0.0000000000
0.2048339844
0.8295898438
0.0460815430
-0.2073974609
-0.0460815430
-0.2995758057
0.1843566895
-0.2995758057
-0.1843566895
0.0348510742
0.0348510742
0.7318725586
-0.2091064453
0.1394042969
0.5576171875
0.0697021484
0.2091064453
0.0000000000
-0.1229705811
-0.3689117432
-0.1229705811
-0.1229705811
-0.1229705811
-0.1229705811
-0.3689117432
0.0158691406
-0.0158691406
0.1269989014
-0.9842376709
0.0158691406
0.0476226807
0.0635070801
0.0000000000
-0.0253601074
0.9639129639
-0.1014709473
0.0000000000
0.0000000000
-0.1014709473
0.0760955811
-0.1521911621
-0.4403076172
0.6604766846
0.3669281006
0.1467742920
0.0000000000
-0.0733795166
-0.1467742920
0.0733795166
-0.3430480957
-0.0686035156
0.4802703857
-0.2058258057
-0.0686035156
0.2058258057
-0.4116668701
0.4802703857
0.0000000000
0.1082458496
0.2165069580
-0.3247528076
-0.2165069580
0.5412597656
0.2165069580
-0.1082458496
0.0000000000
0.0684509277
-0.0821380615
0.9719543457
-0.1231994629
-0.1231994629
0.0273742676
0.0821380615
-0.0361480713
0.9761810303
-0.1566772461
-0.0120544434
-0.0964202881
-0.0361480713
0.0241088867
0.0723114014
0.0978088379
-0.0978088379
0.9291839600
-0.0162963867
0.0815124512
0.2608184814
-0.1304168701
-0.1304168701
-0.1752624512
-0.7010650635
-0.2921142578
-0.1168518066
0.0000000000
-0.1168518066
-0.2921142578
0.4089508057
0.9477233887
0.0512237549
0.0512237549
0.1793060303
0.0512237549
0.1793060303
-0.0768432617
-0.0512237549
0.0000000000
-0.1237182617
0.1237182617
-0.1237182617
-0.1237182617
-0.2474365234
0.0000000000
-0.2474365234
0.0000000000
0.0000000000
-0.1242218018
0.1242218018
0.2484588623
-0.1242218018
-0.3726806641
0.2484588623
0.0732421875
0.9705505371
0.0366210938
-0.1098785400
-0.0549316406
0.0366210938
0.1098785400
-0.1098785400
-0.1797790527
0.0513610840
0.0256805420
0.9245452881
-0.1797790527
0.0000000000
0.0513610840
-0.2311401367
0.3941192627
0.0492706299
0.1231536865
-0.3448486328
-0.6157989502
0.3448486328
-0.1231536865
-0.4187469482
-0.4259490967
0.1825408936
0.1825408936
-0.3650970459
-0.4259490967
0.0000000000
0.5476379395
-0.1217041016
0.3253173828
0.3253173828
0.2439880371
-0.2439880371
-0.0813293457
0.4066467285
0.3253173828
0.4066467285
0.2879943848
-0.0959930420
-0.6719970703
-0.1920013428
0.2879943848
0.0959930420
0.0000000000
0.0000000000
0.9667968750
0.0172576904
0.1553802490
-0.0863189697
0.0345306396
-0.1035919189
0.1035919189
0.0345306396
0.0301513672
0.0150756836
0.9799041748
0.1507568359
-0.0301513672
0.0000000000
0.0452270508
-0.0753784180
0.5275421143
0.1055145264
-0.4220428467
0.1055145264
-0.2110137939
-0.1055145264
0.1055145264
0.2110137939
-0.2052612305
0.1119537354
0.0559844971
0.1679382324
0.1865997314
0.2052612305
-0.8583374023
-0.2985534668
0.1099700928
-0.1099700928
0.1099700928
0.0000000000
0.3299102783
-0.5498504639
-0.2199401855
-0.2199401855
0.0552368164
0.9665679932
0.1104583740
-0.1380767822
-0.0552368164
0.0000000000
-0.0276184082
-0.0552368164
0.0000000000
0.0000000000
0.1250000000
0.0000000000
-0.2500000000
-0.1250000000
-0.1250000000
0.3750000000
0.1764678955
0.1176452637
-0.2941131592
-0.3529357910
0.3529357910
-0.6470642090
-0.2352905273
0.1764678955
-0.3356475830
-0.2517395020
-0.4475250244
-0.2517395020
-0.3915863037
-0.4475250244
0.3915863037
-0.1678161621
0.1064453125
-0.0354766846
0.3548126221
-0.2483673096
0.0000000000
0.6031799316
0.6031799316
-0.1773986816
0.1219482422
-0.1219482422
-0.3658599854
-0.2438964844
0.0000000000
0.1219482422
0.0000000000
0.3658599854
0.7572479248
0.0688476562
-0.2753601074
-0.0458984375
-0.4589385986
0.1376800537
-0.2524108887
-0.1835784912
0.0883483887
0.0883483887
0.7509155273
-0.2208557129
0.1325073242
0.5300598145
0.0883483887
0.0441741943
0.2438964844
-0.2438964844
-0.2438964844
-0.2438964844
0.1219482422
0.0000000000
-0.2438964844
-0.2438964844
0.0000000000
0.0479431152
0.2157440186
-0.9588775635
0.0719146729
0.0479431152
0.0719146729
-0.0239715576
0.0887756348
0.9321441650
-0.1331634521
0.0000000000
0.0887756348
-0.1331634521
0.0887756348
-0.0887756348
-0.3625183105
0.3625183105
0.0000000000
-0.2416839600
0.0000000000
0.1208343506
-0.2416839600
0.0000000000
-0.3976898193
-0.3181610107
-0.1590728760
-0.3976898193
-0.0795440674
0.0795440674
-0.3181610107
0.4772338867
0.3057556152
0.3057556152
0.1019134521
-0.2038421631
-0.2038421631
0.4076843262
0.1019134521
-0.4076843262
-0.0290832520
0.1163330078
-0.0145416260
0.9597473145
-0.1744995117
-0.1163330078
0.0000000000
0.1163330078
-0.0128631592
0.9778137207
-0.1672515869
-0.0386047363
-0.0771942139
-0.0128631592
0.0128631592
0.0514678955
0.1719665527
-0.1528625488
0.8789367676
0.0573272705
0.1719665527
0.2675018311
-0.0764312744
-0.2292785645
-0.1015777588
-0.6602172852
-0.3047180176
-0.0507812500
0.0000000000
0.0000000000
-0.4062805176
0.4570770264
0.8357086182
0.1591796875
0.0795898438
0.2387695312
-0.0795898438
0.3183746338
-0.1193847656
-0.1989746094
0.0000000000
-0.1199951172
0.1199951172
-0.1199951172
-0.1199951172
-0.2400054932
0.0000000000
-0.1199951172
-0.1249389648
0.1249389648
0.0000000000
0.2498779297
0.1249389648
0.0000000000
-0.3748321533
0.1249389648
0.0612335205
0.9797668457
0.0204162598
-0.0816497803
-0.0612335205
0.0408172607
0.0612335205
-0.0816497803
-0.1508178711
0.2262268066
0.0377044678
0.8672332764
-0.0754089355
-0.0754089355
0.0000000000
-0.3393554688
0.3673248291
0.0306091309
0.1224365234
-0.3979339600
-0.5815887451
0.3673248291
0.0612182617
-0.4285430908
-0.4205474854
0.1802368164
0.3003997803
-0.4806365967
-0.3604736328
-0.3003997803
0.3604736328
0.0000000000
0.0931701660
-0.3726806641
0.2795104980
-0.2795104980
0.3726806641
0.2795104980
0.1863403320
0.3726806641
0.3000030518
-0.1999969482
-0.3999938965
-0.1000061035
-0.1999969482
0.1999969482
-0.1000061035
-0.5000000000
0.9513549805
0.1153106689
0.1441497803
-0.1153106689
0.0000000000
-0.1153106689
0.0864868164
0.0000000000
0.0282287598
-0.0564575195
0.9596710205
0.1975860596
0.0282287598
-0.0564575195
0.0564575195
-0.0564575195
0.4469451904
0.1117401123
-0.3352050781
-0.1117401123
-0.3352050781
-0.1117401123
0.1117401123
0.2234802246
-0.2006378174
0.1433105469
0.1146545410
0.3726196289
0.3439483643
0.4299468994
-0.5445861816
-0.4012756348
0.2716674805
-0.1811065674
-0.0905609131
0.1811065674
0.5433349609
-0.0905609131
-0.3622283936
-0.3622283936
0.0910491943
0.9559631348
0.0455169678
-0.0455169678
-0.0455169678
0.0000000000
-0.0455169678
0.0455169678
0.0000000000
-0.1199951172
0.1199951172
0.0000000000
-0.2400054932
-0.1199951172
-0.1199951172
0.1199951172
0.0959930420
0.0959930420
-0.1920013428
-0.2879943848
0.2879943848
-0.5760040283
-0.1920013428
0.2879943848
-0.2166748047
-0.1733398438
-0.4766845703
-0.3466796875
-0.4333496094
-0.4333496094
0.3033447266
-0.2166748047
0.0466461182
-0.1865844727
0.5131072998
-0.2332305908
0.0932922363
0.5597534180
0.4664611816
-0.1865844727
0.0000000000
0.0000000000
-0.1228332520
0.0000000000
0.0000000000
-0.1228332520
0.0000000000
0.3685150146
0.7889404297
0.0292205811
-0.3214263916
-0.0584411621
-0.4090728760
0.1753234863
-0.1753234863
-0.1168823242
-0.0641174316
0.1282348633
0.7053375244
-0.2564849854
0.0000000000
0.5129699707
0.1282348633
0.0000000000
0.1247863770
-0.2495727539
-0.1247863770
-0.3743438721
0.1247863770
0.1247863770
-0.1247863770
0.0000000000
0.0000000000
0.1527862549
0.2673797607
-0.9167327881
0.0764007568
0.0764007568
0.0764007568
0.0000000000
0.1616058350
0.7272491455
-0.0808105469
-0.1616058350
0.3232269287
-0.2424163818
-0.1616058350
0.0000000000
-0.1150360107
0.1150360107
-0.1150360107
0.0000000000
0.0000000000
0.0000000000
0.0000000000
0.2300720215
0.0000000000
-0.1782989502
-0.6240692139
-0.3566131592
0.0891571045
-0.0891571045
-0.1782989502
0.3566131592
0.2549438477
0.1699676514
-0.0849761963
-0.0849761963
-0.2549438477
0.3399353027
0.0000000000
-0.6798706055
0.0000000000
0.0955200195
0.0477600098
0.9710693359
-0.1273498535
-0.0636749268
-0.0318450928
0.1273498535
-0.0166168213
0.9806060791
-0.0997161865
0.0332336426
-0.1163482666
0.0000000000
0.0166168213
0.0664825439
0.1714630127
-0.3086395264
0.8573303223
0.1028747559
0.2400512695
0.1371765137
-0.0685882568
-0.1028747559
-0.1475524902
-0.5164642334
-0.1475524902
0.0000000000
0.1475524902
-0.1475524902
-0.4426727295
0.5164642334
0.7755126953
0.0969390869
0.0969390869
0.3392944336
-0.0969390869
0.2908172607
-0.0969390869
-0.2908172607
0.0000000000
0.0000000000
0.1178436279
-0.1178436279
0.0000000000
-0.2357025146
0.1178436279
-0.1178436279
-0.1243286133
0.1243286133
0.0000000000
0.1243286133
0.1243286133
0.2486572266
-0.2486572266
0.1243286133
0.0796356201
0.9755096436
0.0199127197
-0.0796356201
0.0000000000
0.0995483398
0.0796356201
-0.0796356201
-0.2042083740
0.2382354736
-0.0680694580
0.8848876953
-0.0680694580
-0.1020965576
-0.0680694580
-0.2382354736
0.3678894043
-0.1051177979
0.0788269043
-0.2890625000
-0.7357788086
0.2890625000
0.0000000000
-0.3416137695
-0.4217681885
0.2635955811
0.3163299561
-0.3690490723
-0.3163299561
-0.5272064209
0.2108764648
0.0527191162
0.3399353027
-0.1699676514
0.0000000000
-0.3399353027
0.2549438477
0.5948791504
-0.0849761963
0.2549438477
0.2855072021
0.0000000000
-0.4758453369
-0.1903381348
-0.1903381348
0.3806762695
-0.0951690674
-0.3806762695
0.9447937012
0.1349639893
0.1012268066
-0.1012268066
0.0674896240
-0.1349639893
0.0674896240
0.0674896240
0.1230163574
-0.0922698975
0.8918914795
0.3690490723
0.0307617188
-0.0922698975
0.0615081787
0.0307617188
0.3703002930
0.2468566895
-0.1234283447
-0.1234283447
-0.1234283447
0.1234283447
0.2468566895
0.1234283447
-0.1692810059
0.1410675049
0.0846405029
0.2821502686
0.1974945068
0.3103637695
-0.7899932861
-0.2821502686
0.3301849365
-0.0660400391
-0.2641448975
0.1320800781
0.5943450928
0.1320800781
-0.2641448975
-0.4622650146
0.1067810059
0.9076385498
0.0000000000
-0.1067810059
0.1067810059
-0.0533905029
0.0000000000
0.2135620117
0.0000000000
-0.1237182617
0.1237182617
0.0000000000
-0.2474365234
-0.2474365234
-0.1237182617
0.1237182617
0.0000000000
0.0000000000
0.0000000000
-0.1208343506
0.0000000000
0.1208343506
0.4833679199
0.3625183105
0.2684936523
0.4474945068
-0.2684936523
0.1790008545
-0.0894927979
-0.0894927979
-0.4474945068
-0.3579864502
-0.0979766846
-0.2449493408
0.6858520508
-0.1469726562
0.1469726562
0.4898986816
0.1959533691
-0.2449493408
0.1247253418
-0.1247253418
0.0000000000
0.0000000000
-0.1247253418
-0.1247253418
-0.1247253418
0.3741607666
0.8129425049
0.0000000000
-0.2586669922
-0.0369567871
-0.3695220947
0.1847534180
-0.1847534180
-0.1478118896
-0.0505981445
0.1011810303
0.9106292725
-0.0505981445
-0.0505981445
0.2529602051
0.0505981445
-0.0505981445
0.2495727539
0.0000000000
0.0000000000
-0.3743438721
0.2495727539
0.0000000000
-0.1247863770
0.0000000000
-0.0450592041
0.1351776123
0.2703552246
-0.9011535645
-0.0901184082
0.1351776123
0.0000000000
0.0450592041
0.2016296387
0.8065490723
-0.0672149658
-0.2688446045
0.1344299316
-0.2016296387
-0.0672149658
-0.1344299316
0.1178436279
0.1178436279
-0.1178436279
0.1178436279
0.1178436279
0.1178436279
0.1178436279
0.1178436279
0.0000000000
0.0000000000
0.0000000000
-0.6169738770
0.1762847900
0.0000000000
-0.3525543213
0.4407043457
0.2118530273
0.0706176758
-0.0706176758
-0.2118530273
0.0706176758
0.2824707031
-0.2118530273
-0.7767791748
0.0289611816
0.0289611816
0.0579223633
0.9845733643
-0.0723876953
-0.0579223633
0.0000000000
0.1013488770
0.0753173828
0.9792022705
-0.0941467285
0.0941467285
-0.0753173828
0.0000000000
-0.0188293457
0.0188293457
0.0513916016
-0.5138397217
0.7707672119
0.0000000000
0.2055358887
0.0000000000
0.0000000000
0.1027679443
-0.2187805176
-0.2187805176
-0.1093902588
0.1093902588
0.3281707764
-0.3281707764
-0.3281707764
0.3281707764
0.7997283936
-0.0533142090
0.0000000000
0.1599426270
-0.2665710449
0.1599426270
-0.0533142090
-0.3731994629
0.1245422363
-0.2490844727
0.0000000000
0.0000000000
0.0000000000
0.3736267090
0.1245422363
-0.2490844727
0.0678253174
0.0000000000
0.2034759521
-0.1356506348
-0.4069366455
-0.1356506348
0.6104125977
-0.4747619629
0.0955200195
0.8915863037
0.1273651123
0.0000000000
0.2547302246
0.0955200195
0.1910552979
-0.1910552979
-0.0585784912
-0.0781097412
-0.3905639648
0.8104248047
-0.0195312500
0.0585784912
0.0781097412
-0.4100952148
0.3575286865
0.2145080566
0.0357513428
-0.1430053711
-0.2145080566
0.5720367432
0.6077880859
-0.1430053711
-0.2658233643
0.0000000000
0.3189849854
-0.1595001221
0.3721466064
-0.1595001221
-0.3721466064
0.6379699707
0.2380218506
0.4760437012
0.3966979980
-0.0396728516
-0.5157165527
0.3173675537
-0.1983489990
0.3173675537
0.2813568115
0.1875610352
-0.4689178467
0.2110137939
0.0937805176
0.1641235352
-0.0703430176
-0.7502746582
0.9730834961
-0.0263061523
0.0789031982
-0.0131530762
-0.0394439697
-0.0657501221
-0.1840972900
-0.0263061523
0.0644226074
-0.0552215576
0.9570770264
0.2576751709
0.0276031494
-0.0736236572
0.0276031494
0.0276031494
-0.5489349365
0.4940490723
-0.1646881104
0.2195739746
0.4391479492
-0.1646881104
0.1097869873
0.2195739746
-0.1078338623
-0.1078338623
-0.0838623047
0.0599060059
0.1198120117
0.0718841553
-0.9704895020
-0.0119781494
0.5137023926
0.1467742920
0.4403228760
-0.4403076172
0.2201538086
0.0000000000
-0.2201538086
-0.2201538086
-0.0388183594
0.9800720215
0.0388183594
-0.0388183594
0.0485229492
0.0776367188
0.0485229492
0.1455535889
-0.0660400391
0.0660400391
-0.0660400391
-0.2641448975
0.0000000000
0.1320800781
0.1320800781
-0.8584899902
-0.4330139160
0.3247528076
0.1082458496
0.2165069580
-0.2165069580
0.2165069580
-0.3247528076
-0.1082458496
0.0605163574
-0.2420654297
0.0605163574
0.3630981445
-0.1210327148
0.1210327148
-0.7866973877
-0.1815490723
-0.0912780762
0.1217041016
0.0912780762
-0.5476531982
-0.3346862793
0.5780792236
0.3651123047
0.2434082031
0.0000000000
-0.0718688965
-0.8624420166
0.0000000000
0.0718688965
0.0718688965
-0.1437377930
0.2156066895
0.8999481201
-0.2749786377
0.1499938965
-0.0500030518
0.2499847412
-0.0249938965
0.0249938965
-0.0749969482
-0.0286254883
-0.0858764648
0.9160766602
-0.1145019531
-0.0858764648
0.2003936768
0.1145019531
0.2290191650
-0.1243286133
-0.1243286133
0.0000000000
-0.1243286133
-0.3729858398
0.0000000000
0.0000000000
-0.1243286133
0.0466613770
0.0350036621
-0.0233306885
-0.9915924072
-0.0583343506
0.0000000000
0.0699920654
-0.0116729736
0.0579986572
0.9859008789
-0.0115966797
0.0811920166
0.0464019775
0.0231933594
0.0000000000
-0.1043853760
-0.3710632324
0.5359802246
0.3092193604
0.4122924805
0.2886047363
-0.3298339844
0.2473754883
0.2061462402
-0.0554656982
0.0000000000
0.9706573486
-0.0554656982
-0.0831909180
0.1109313965
-0.0831909180
0.0277404785
0.1767730713
0.1178436279
0.1178436279
-0.6481781006
-0.2357025146
0.0000000000
-0.0589294434
-0.5892486572
0.0868988037
0.0124206543
0.0496520996
0.9558715820
-0.1613769531
-0.1241455078
-0.0868988037
0.1489715576
-0.0991821289
0.9776611328
0.0000000000
-0.0141754150
-0.0850067139
-0.0141754150
0.0141754150
0.1416931152
0.3089904785
0.2181091309
0.6179656982
0.0363464355
0.0908813477
0.6179656982
-0.2544555664
-0.0908813477
-0.0378875732
-0.8715667725
0.0757904053
0.1894683838
0.1515808105
0.2652587891
-0.2273712158
0.0757904053
0.9527130127
-0.0323028564
0.0645904541
0.2099151611
0.0323028564
0.1130371094
-0.1291809082
0.0645904541
0.1249389648
0.0000000000
0.1249389648
0.0000000000
0.0000000000
0.2498626709
0.0000000000
-0.3748016357
0.0792999268
0.0792999268
0.2378845215
-0.3171691895
-0.4757537842
-0.0792999268
0.4757537842
-0.3964691162
0.1846313477
0.7754669189
0.2215576172
-0.2584838867
0.2954101562
-0.0369262695
0.2215576172
-0.2584838867
-0.0312042236
-0.0623931885
-0.3639678955
0.8111419678
-0.0415954590
0.0000000000
0.1871795654
-0.4055633545
0.1562347412
0.2812194824
0.3437042236
-0.2812194824
-0.1874694824
0.6874084473
0.2499694824
-0.3124542236
-0.3636779785
0.3636779785
0.5455017090
-0.1818389893
0.2727508545
0.1818389893
0.0909118652
0.0000000000
0.0000000000
0.2192535400
0.4384918213
-0.1644287109
0.0000000000
0.4933013916
-0.1644287109
0.6029357910
0.2117614746
0.3388214111
-0.6352996826
0.1694183350
0.2964630127
0.0423583984
0.0423583984
-0.5082397461
0.9778289795
0.0000000000
0.0431365967
0.0143737793
-0.0575256348
-0.0143737793
-0.1725616455
-0.0431365967
0.0418701172
-0.0670013428
0.9547882080
0.2763824463
0.0251312256
-0.0083770752
0.0502471924
0.0167541504
-0.1075439453
0.5377502441
-0.2151031494
0.5377502441
0.3226470947
-0.2151031494
0.2151031494
0.2688751221
-0.1323089600
-0.0661621094
-0.0264587402
0.0529327393
0.1455383301
0.0926208496
-0.9658813477
-0.0793914795
0.4817504883
0.0802917480
0.3211669922
-0.5620422363
0.0000000000
-0.2408752441
-0.2408752441
-0.0802917480
0.0000000000
0.9920043945
0.0103302002
-0.0413360596
0.0103302002
0.0723266602
0.0103302002
0.0723266602
-0.2468566895
0.0000000000
0.2468566895
-0.3703002930
0.0000000000
0.1234283447
0.0000000000
-0.2468566895
-0.3406372070
0.4541778564
0.0000000000
0.1135406494
-0.2270965576
-0.2270965576
-0.2270965576
-0.1135406494
-0.3057708740
-0.3397521973
-0.5436096191
-0.1358947754
-0.2718048096
-0.4416809082
0.0679473877
-0.4076995850
0.1811370850
0.0301818848
0.0301818848
-0.5132141113
-0.2716979980
0.5433959961
0.5433959961
0.0905609131
0.0610809326
0.0000000000
-0.9161224365
0.0610809326
0.0000000000
0.0000000000
-0.1221466064
0.1221466064
0.9642944336
-0.1134490967
0.0850830078
-0.1134490967
0.0567169189
-0.0283660889
-0.0850830078
0.0000000000
-0.1056518555
-0.1760864258
0.8099670410
-0.3169403076
0.1056518555
0.2465209961
0.2113037109
0.2113037109
-0.1242218018
-0.1242218018
-0.1242218018
0.0000000000
-0.2484588623
-0.2484588623
0.0000000000
-0.3726806641
0.0800323486
0.0400085449
-0.0133361816
-0.9870147705
-0.0533447266
0.0133361816
0.0933685303
0.0133361816
0.1044006348
0.9657745361
-0.0913543701
0.1044006348
0.0261077881
0.0391540527
0.0261077881
-0.1696624756
-0.4470520020
0.5960693359
0.3228759766
0.3725433350
0.2731933594
-0.2483673096
0.1738586426
0.1241760254
0.0000000000
0.1345367432
0.9641265869
0.0224151611
-0.0224151611
0.1121063232
-0.0672607422
-0.1345367432
-0.0846862793
-0.2540588379
0.0846862793
-0.5081176758
-0.4234313965
0.3387451172
0.0846862793
-0.3387451172
0.1084289551
0.0000000000
0.0542144775
0.9352569580
-0.1355438232
-0.1897583008
-0.0948791504
0.2033081055
0.0000000000
0.9826354980
-0.0499572754
-0.0999298096
-0.0499572754
-0.0166473389
-0.0166473389
0.0999298096
0.1367187500
0.2050781250
0.7690277100
0.0512695312
0.0341796875
0.5297698975
-0.1879882812
-0.1367187500
-0.0513153076
-0.8210601807
-0.0513153076
0.1026306152
0.1539459229
0.3079071045
-0.3079071045
0.1026306152
0.9424743652
-0.0308990479
0.0772552490
0.2317504883
0.0617980957
0.1390533447
-0.1390533447
0.0308990479
0.1245422363
0.1245422363
0.2490844727
-0.1245422363
0.1245422363
0.1245422363
0.1245422363
-0.3736267090
0.2258758545
0.0000000000
0.0000000000
-0.3388214111
-0.4517517090
0.1129455566
0.3388214111
-0.1129455566
0.3143005371
0.6600494385
0.3143005371
-0.2828826904
0.1885833740
-0.0314331055
0.3143005371
-0.3457336426
-0.0505828857
-0.0202331543
-0.3136138916
0.8295593262
-0.0606994629
-0.0404663086
0.2326812744
-0.3844299316
0.1634979248
0.1401367188
0.2569122314
-0.3503417969
-0.2569122314
0.7006835938
0.1167755127
-0.4204101562
-0.3579101562
0.0596466064
0.1193084717
-0.4175567627
0.1193084717
0.7158203125
0.1789550781
-0.0596466064
-0.1205902100
0.0000000000
0.2411804199
-0.1808929443
0.1205902100
0.4823608398
0.0603027344
0.7235565186
0.2580718994
0.2580718994
-0.5161437988
0.1935577393
0.2580718994
-0.0645141602
0.1290283203
-0.5806579590
0.9749145508
0.0443115234
0.0000000000
0.0443115234
-0.0738525391
0.0295410156
-0.1772613525
-0.0295410156
0.0251922607
-0.0755920410
0.9574127197
0.2687530518
0.0251922607
0.0083923340
0.0419921875
-0.0083923340
0.0000000000
0.5341186523
-0.1335296631
0.4673461914
0.4673461914
0.0000000000
0.2002868652
0.2670593262
-0.1524505615
0.0000000000
0.0415802002
0.0970153809
0.1524505615
0.1247406006
-0.9424438477
-0.1801757812
0.4953613281
-0.0990753174
0.0000000000
-0.0990753174
0.1981506348
-0.4953613281
-0.2972259521
-0.0990753174
0.0583953857
0.9928131104
-0.0116729736
-0.0583953857
0.0000000000
0.0233612061
-0.0350341797
0.0350341797
-0.1216278076
0.1216278076
0.1216278076
-0.2432556152
0.1216278076
0.1216278076
0.1216278076
0.0000000000
0.0000000000
0.2142791748
-0.2142791748
-0.1071319580
0.0000000000
-0.6428222656
-0.1071319580
-0.2142791748
-0.3970642090
-0.3403320312
-0.4821472168
-0.2552490234
-0.2836151123
-0.3970642090
0.1701660156
-0.3686981201
0.1622772217
-0.0324554443
0.0973663330
-0.4543914795
-0.1947326660
0.6166687012
0.5517578125
0.0000000000
0.1631927490
0.0000000000
-0.8159332275
-0.0815887451
0.0000000000
0.0815887451
-0.0815887451
0.2447814941
0.8881072998
-0.0986785889
-0.1726837158
-0.0493316650
-0.2466888428
0.1973571777
-0.2220306396
-0.0246734619
-0.1080932617
-0.1441192627
0.6125030518
-0.3963165283
0.0720520020
0.4683837891
0.3242645264
0.2522125244
0.1202545166
-0.2405242920
-0.2405242920
0.1202545166
-0.2405242920
-0.2405242920
-0.1202545166
-0.3607788086
0.0479431152
0.0159759521
0.0000000000
-0.9907531738
0.0479431152
0.0319671631
0.0639190674
-0.0159759521
0.1072540283
0.9500274658
-0.0612945557
0.1379089355
0.0766143799
0.0000000000
0.0612945557
-0.2145233154
-0.4671020508
0.6539306641
0.2179718018
0.3114013672
0.3114013672
-0.2491149902
0.1245574951
0.0622863770
0.0440368652
0.1541137695
0.9687042236
0.0220184326
0.0000000000
0.0880584717
-0.0660552979
-0.0880584717
0.2634277344
-0.1756134033
0.0000000000
-0.4390411377
-0.3512420654
0.4390411377
0.0000000000
-0.3512420654
0.0840911865
0.0280303955
-0.0700683594
0.9250030518
-0.1681823730
-0.1821899414
-0.1401519775
0.2102203369
-0.0317840576
0.9852294922
-0.0794525146
-0.0794525146
-0.0317840576
0.0158843994
-0.0476684570
0.0635681152
0.1225280762
0.1050262451
0.8401641846
0.0350036621
0.0525054932
0.4375762939
-0.1050262451
-0.2275390625
-0.1041564941
-0.8852691650
-0.1562194824
-0.0520782471
0.1041564941
0.1562194824
-0.2082977295
0.1041564941
0.9218139648
-0.0184326172
0.1106109619
0.2396697998
0.0184326172
0.1659240723
-0.2028045654
-0.0184326172
0.0000000000
-0.1199951172
0.1199951172
-0.1199951172
0.0000000000
-0.1199951172
0.1199951172
-0.2400054932
0.0000000000
-0.1216278076
-0.2432556152
0.0000000000
-0.1216278076
0.2432556152
0.0000000000
0.0000000000
0.1508483887
0.9050598145
0.1759796143
-0.1508483887
0.1005554199
-0.0502777100
0.1759796143
-0.2011260986
-0.0778656006
0.0222473145
-0.2669525146
0.8675689697
-0.0444946289
-0.0333709717
0.1890869141
-0.3559265137
0.1822357178
0.1214904785
0.2429809570
-0.3442230225
-0.3644714355
0.6479339600
0.1012420654
-0.4454650879
-0.2416229248
0.0604095459
0.3020324707
-0.6644592285
0.3020324707
0.4228363037
0.1208038330
0.0000000000
-0.1335296631
-0.4673461914
0.1335296631
-0.1335296631
0.3338165283
0.3338165283
0.2670593262
0.5341186523
0.3042602539
0.0760650635
-0.1521301270
0.0760650635
-0.3042602539
0.0000000000
-0.0760650635
-0.7606353760
0.9810943604
0.0490570068
-0.0163574219
0.0326995850
-0.0817565918
0.0326995850
-0.1308135986
-0.0163574219
0.0214538574
-0.0321807861
0.9547882080
0.2682037354
-0.0321807861
-0.0321807861
0.0858306885
-0.0429077148
0.5071563721
0.4057312012
-0.2028656006
0.2028656006
0.3042907715
0.1014251709
0.1014251709
0.1014251709
-0.1612396240
0.0293121338
0.0439758301
0.1319274902
0.1612396240
0.1612396240
-0.9234771729
-0.2052154541
0.3940429688
-0.3152313232
-0.3152313232
0.0788116455
0.3940429688
-0.1576080322
-0.4728393555
-0.1576080322
0.0442810059
0.9888153076
0.0147552490
-0.0737915039
-0.0442810059
0.0147552490
-0.0590362549
0.0442810059
0.1113433838
0.0000000000
0.1113433838
0.0000000000
-0.1113433838
0.1113433838
0.1113433838
-0.1113433838
0.1776275635
0.0888061523
-0.2664337158
-0.2664337158
0.1776275635
-0.7104949951
-0.0888061523
0.0000000000
-0.4068298340
-0.3196563721
-0.4358825684
-0.3487091064
-0.3487091064
-0.3777618408
0.0871734619
-0.3487091064
0.0000000000
-0.0972747803
0.2269592285
-0.3890686035
-0.0648498535
0.7132873535
0.4863433838
-0.0648498535
0.1208343506
-0.2416839600
-0.2416839600
-0.1208343506
-0.1208343506
0.0000000000
0.0000000000
0.4833679199
0.8330688477
-0.0714111328
-0.2618255615
0.0238037109
-0.3808288574
0.2142181396
-0.1428070068
-0.0476074219
-0.0348052979
-0.0696105957
0.6613616943
-0.4177093506
0.0348052979
0.4525146484
0.2784729004
0.2436676025
0.3553924561
-0.2369232178
-0.2369232178
-0.1184692383
0.0000000000
0.0000000000
-0.2369232178
-0.3553924561
0.0364685059
0.0547027588
-0.0364685059
-0.9845733643
0.0729370117
0.0547027588
0.0547027588
-0.0547027588
0.0650482178
0.9595031738
-0.0162658691
0.1300964355
0.1138458252
-0.0162658691
0.0650482178
-0.1788940430
-0.5288391113
0.6250000000
0.0961608887
0.2403869629
0.3365325928
-0.1923065186
0.1923065186
0.0000000000
0.0302886963
0.1211395264
0.9691467285
0.0000000000
0.0000000000
0.0000000000
-0.0302886963
-0.1211395264
0.3363952637
0.0000000000
0.0840911865
-0.3363952637
-0.0840911865
0.5045928955
-0.0840911865
-0.5045928955
0.0749053955
0.0749053955
-0.0449523926
0.9139099121
-0.1947631836
-0.1048736572
-0.2397155762
0.1947631836
-0.0650939941
0.9894256592
-0.0781097412
-0.0390625000
-0.0390625000
0.0000000000
-0.0260314941
0.0390625000
0.1928405762
-0.0642852783
0.7928009033
0.1071319580
0.1071319580
0.4499664307
0.0000000000
-0.2999725342
-0.0468444824
-0.8432922363
-0.3279418945
-0.0937042236
0.0937042236
0.0000000000
-0.2342529297
0.1873931885
0.8405456543
0.0271148682
0.1898040771
0.2982635498
-0.0813446045
0.2440338135
-0.2440338135
-0.1355743408
0.1178436279
0.0000000000
0.0000000000
-0.1178436279
-0.1178436279
-0.2357025146
-0.1178436279
0.0000000000
0.0000000000
0.0000000000
-0.0785675049
0.0000000000
0.0000000000
0.0785675049
0.0000000000
0.0000000000
0.0900878906
0.9685211182
0.0450439453
-0.0900878906
-0.0450439453
0.0000000000
0.1126251221
-0.1126251221
-0.0754394531
0.0754394531
-0.2715759277
0.8901672363
0.0000000000
-0.0603485107
0.1056060791
-0.3168334961
0.1695709229
0.0968933105
0.2664642334
-0.3875885010
-0.3875885010
0.5329284668
0.1695709229
-0.5086975098
-0.2795562744
0.2236480713
0.4472961426
-0.6150207520
0.1118164062
-0.3913726807
0.1118164062
-0.1118164062
-0.1606292725
-0.6425170898
0.0535430908
0.0000000000
0.5354309082
0.1070861816
0.1606292725
0.3748016357
0.3082427979
0.0616455078
-0.3082427979
0.0616455078
-0.2465972900
0.1849517822
-0.1849517822
-0.7397918701
0.9648284912
0.1072082520
-0.0536041260
0.0000000000
-0.1608123779
0.0000000000
-0.0536041260
-0.0536041260
0.0000000000
0.0000000000
0.9189453125
0.3403472900
-0.0680694580
-0.0850830078
0.1361389160
0.0000000000
0.4856262207
0.2428131104
-0.1213989258
0.1213989258
0.1213989258
0.1213989258
-0.1213989258
0.1213989258
-0.1199035645
0.0199890137
0.0399627686
0.2398071289
0.2198181152
0.2797698975
-0.8592987061
-0.2198181152
0.3895263672
-0.3246154785
-0.1947631836
0.1298370361
0.3895263672
0.1947631836
-0.5843048096
-0.1298370361
0.0185699463
0.9841766357
0.0371398926
-0.0557098389
-0.0371398926
0.0185699463
-0.0371398926
0.1114196777
0.0000000000
-0.2494506836
0.2494506836
-0.1247253418
-0.2494506836
0.0000000000
0.0000000000
-0.1247253418
-0.1224670410
-0.1224670410
-0.1224670410
0.0000000000
0.1224670410
-0.4898986816
0.0000000000
0.2449493408
-0.2525329590
-0.2946319580
-0.4208984375
-0.4208984375
-0.4208984375
-0.4629821777
0.0420837402
-0.2104492188
-0.0389709473
-0.2338256836
0.3507537842
-0.3117828369
0.0779418945
0.7014923096
0.3897247314
-0.1558837891
-0.1247863770
-0.1247863770
0.1247863770
0.1247863770
0.0000000000
-0.2495727539
0.1247863770
0.3743438721
0.8631744385
-0.0616607666
-0.2774505615
0.0308227539
-0.3082733154
0.2157897949
0.0308227539
0.0000000000
-0.0374603271
-0.0749359131
0.7493286133
-0.3746643066
0.0374603271
0.3746643066
0.1873321533
0.2622680664
0.3674163818
-0.1224670410
-0.2449493408
-0.2449493408
0.1224670410
0.0000000000
-0.2449493408
-0.1224670410
0.0214080811
0.0642089844
0.0000000000
-0.9845123291
-0.0214080811
0.0428009033
0.0856018066
-0.0428009033
0.0000000000
0.9782409668
0.0000000000
0.0177917480
0.1244964600
-0.0355682373
0.0177917480
-0.1244964600
-0.5221099854
0.5966949463
0.0000000000
0.2983398438
0.1491699219
-0.1491699219
0.2237548828
0.0000000000
0.0615386963
0.1230621338
0.8614654541
0.0000000000
0.1230621338
-0.1846008301
0.0615386963
-0.2461395264
0.3105163574
-0.1552581787
-0.0776367188
-0.4657745361
0.0000000000
0.3881530762
-0.0776367188
-0.5434112549
0.0874023438
0.0174865723
0.0174865723
0.9265441895
-0.1748199463
-0.0699310303
-0.2097778320
0.2097778320
-0.0898132324
0.9878997803
-0.0256652832
0.0000000000
-0.0769805908
0.0000000000
0.0000000000
0.0641479492
0.0839538574
-0.4197845459
0.7136383057
0.1679077148
0.2518768311
0.2938537598
0.1679077148
-0.2098846436
-0.0878143311
-0.5268554688
-0.3512420654
-0.1756134033
0.1756134033
-0.2634277344
-0.3512420654
0.2634277344
0.7659912109
-0.0450592041
0.2252960205
0.2703552246
-0.0450592041
0.2703552246
-0.2703552246
-0.2703552246
0.2494506836
-0.1247253418
-0.1247253418
-0.1247253418
-0.1247253418
-0.2494506836
-0.1247253418
0.1247253418
0.1064758301
0.1064758301
0.1064758301
0.0000000000
0.0000000000
0.1064758301
0.0000000000
-0.1064758301
0.0884704590
0.9731903076
0.0000000000
-0.0221252441
-0.0663604736
0.0663604736
0.1105957031
-0.0884704590
-0.0811462402
0.0811462402
-0.2434234619
0.9087829590
0.0000000000
-0.1136016846
0.0649108887
-0.2758789062
0.2225494385
0.0000000000
0.2002868652
-0.3338165283
-0.5786132812
0.4450836182
0.1780395508
-0.4673461914
-0.3429260254
0.2449493408
0.2939453125
-0.4409027100
-0.0979766846
-0.6368713379
0.1959533691
-0.0979766846
0.1086578369
-0.5975799561
-0.0543212891
0.0000000000
0.5975799561
0.2716217041
0.1629791260
0.2716217041
0.3273620605
0.1309509277
-0.1309509277
-0.0654754639
-0.2618865967
0.3273620605
-0.1309509277
-0.7201995850
0.9553375244
0.2026519775
0.0000000000
-0.0289459229
-0.1157989502
-0.0578918457
-0.0289459229
0.0289459229
0.0678405762
-0.0226135254
0.8820190430
0.3844757080
-0.1130828857
-0.1130828857
0.1583099365
0.0452270508
0.3750000000
0.2500000000
0.0000000000
-0.1250000000
0.0000000000
-0.1250000000
0.0000000000
0.1250000000
-0.0558776855
0.0186309814
0.0558776855
0.2048950195
0.0931396484
0.2048950195
-0.9313507080
-0.1490173340
0.3769683838
-0.2154083252
-0.2692565918
0.1615600586
0.4308166504
0.4308166504
-0.3769683838
-0.3231201172
0.0697631836
0.9766998291
0.0232543945
-0.0930175781
0.0232543945
0.0000000000
-0.0232543945
0.1162719727
-0.1247253418
-0.2494506836
0.2494506836
0.1247253418
-0.1247253418
-0.1247253418
-0.1247253418
-0.1247253418
-0.1234283447
-0.1234283447
0.1234283447
-0.1234283447
0.0000000000
0.0000000000
0.3703002930
0.3703002930
0.2749481201
0.3666076660
-0.1833038330
-0.0916442871
-0.0916442871
-0.1833038330
-0.6415557861
0.0000000000
-0.1222229004
-0.2851867676
0.4889068604
-0.2851867676
0.1222229004
0.6111297607
0.2851867676
-0.2444458008
-0.1249389648
0.0000000000
0.0000000000
0.0000000000
-0.1249389648
-0.2498626709
0.0000000000
0.3748016357
0.8693847656
0.0000000000
-0.1656036377
0.1241912842
-0.3311920166
0.1656036377
0.0827941895
-0.0413970947
-0.0406799316
-0.1627044678
0.8134918213
-0.2440490723
0.0406799316
0.3660736084
-0.0406799316
0.2440490723
0.2500000000
0.1250000000
-0.1250000000
-0.2500000000
0.2500000000
-0.1250000000
-0.1250000000
0.0000000000
-0.0500488281
0.0500488281
0.1000823975
-0.9758605957
-0.0750732422
0.0750732422
0.0250244141
0.0250244141
0.0000000000
0.9836273193
-0.0172576904
-0.0172576904
0.0690307617
-0.0517730713
0.0172576904
-0.1207885742
-0.4093017578
0.5730285645
0.0000000000
0.3274383545
0.1637268066
-0.0818634033
0.3274383545
0.1637268066
0.1740875244
0.2321166992
0.7543792725
0.0000000000
0.1740875244
-0.3481750488
0.0000000000
-0.2901458740
0.3068847656
-0.0767211914
-0.1534423828
-0.3836212158
0.3068847656
0.3068847656
-0.2301635742
-0.5370635986
0.0655364990
-0.0327606201
0.0327606201
0.9665527344
-0.1146697998
-0.0327606201
-0.0982971191
0.1638183594
-0.0129241943
0.9955596924
-0.0387878418
0.0258636475
-0.0129241943
0.0258636475
-0.0129241943
0.0129241943
0.1072387695
-0.5361938477
0.6434478760
0.1608581543
0.2680969238
0.2680969238
0.1072387695
-0.1072387695
0.0000000000
-0.3316650391
-0.3316650391
-0.1105499268
0.2211151123
-0.4422149658
-0.1105499268
0.2211151123
0.8221435547
-0.1027679443
0.1027679443
0.1541595459
-0.1027679443
0.1027679443
-0.2055358887
-0.3596954346
