-0.2432556152
0.1216278076
0.1216278076
0.0000000000
0.0000000000
0.0000000000
0.0000000000
-0.2432556152
0.2596893311
-0.7790679932
0.1947631836
0.0649261475
-0.1947631836
0.0000000000
0.0000000000
-0.3246154785
-0.0341644287
0.9564514160
-0.1537170410
0.0683135986
-0.0854034424
0.0854034424
-0.1707916260
0.0512390137
-0.0321350098
0.3856353760
-0.7070007324
0.4499206543
0.1606903076
0.2892303467
-0.0642700195
0.0321350098
0.1357421875
-0.2036132812
-0.1018066406
0.0339355469
-0.5090484619
-0.2714843750
-0.7465972900
-0.0339355469
0.0272827148
0.0000000000
-0.0272827148
0.0272827148
-0.7637023926
-0.6000518799
-0.1091003418
-0.1363830566
-0.3242645264
0.2431945801
0.4863891602
-0.1621246338
-0.4863891602
-0.1621246338
-0.2431945801
-0.1621246338
0.1249389648
-0.1249389648
0.1249389648
0.2498779297
0.3748321533
0.0000000000
0.0000000000
-0.1249389648
0.9736633301
0.0475006104
0.0237426758
-0.0237426758
0.0475006104
0.1187438965
0.0712432861
0.0949859619
-0.2736511230
0.1094665527
0.2736511230
0.3831024170
-0.3831024170
0.0000000000
0.3831024170
0.5473022461
0.0692596436
-0.5540771484
0.2770385742
0.3462982178
0.2770385742
0.4155578613
-0.2770385742
0.0692596436
0.3046875000
0.1904296875
0.0380859375
0.1142578125
0.1523437500
0.0761718750
-0.8759765625
0.1142578125
0.3117980957
0.1039276123
0.0000000000
0.4157409668
-0.3117980957
-0.2078704834
-0.1039276123
0.4157409668
-0.0245971680
0.9594879150
-0.1968231201
-0.0984039307
0.0245971680
-0.0738067627
-0.0492095947
0.0492095947
0.0000000000
0.1150360107
0.0000000000
0.0000000000
-0.1150360107
-0.1150360107
0.2300720215
0.0000000000
-0.0716857910
0.0000000000
0.0000000000
0.3584289551
-0.1433715820
-0.2150573730
0.7885589600
0.0716857910
-0.1732177734
0.3464355469
0.6928710938
-0.0577392578
0.0000000000
0.2309570312
-0.2886962891
-0.3464355469
-0.0301513672
-0.1507415771
0.2411804199
-0.3919219971
0.0000000000
-0.8139953613
-0.2411804199
-0.1205902100
-0.2432556152
0.0000000000
0.2432556152
0.0000000000
0.0000000000
-0.1216278076
0.1216278076
0.0000000000
0.6051483154
0.3630981445
0.0605163574
-0.3025817871
0.0605163574
-0.1815490723
-0.4841156006
0.1210327148
-0.0753173828
0.0941467285
0.9603729248
-0.1129913330
-0.1129913330
-0.0188293457
0.1506500244
-0.0564880371
0.0000000000
-0.1064758301
0.0000000000
0.1064758301
-0.1064758301
-0.1064758301
0.1064758301
0.0000000000
0.0000000000
-0.3578033447
-0.0511169434
-0.8689575195
0.0000000000
0.1533508301
0.0511169434
-0.0511169434
-0.1922760010
0.5768280029
0.5287628174
-0.4806823730
0.0720977783
0.0720977783
-0.1442108154
0.2643737793
-0.3590087891
0.3141326904
-0.2692565918
0.3590087891
0.2243804932
-0.3590087891
0.4038848877
0.4038848877
-0.1433715820
-0.4301147461
-0.0716857910
-0.0716857910
-0.2150573730
0.7168731689
-0.2150573730
0.0716857910
-0.2844848633
-0.4876861572
0.2438507080
0.1625671387
0.5689697266
0.3251190186
0.0812835693
-0.3251190186
0.0249328613
-0.0124664307
-0.1246337891
0.9846496582
0.0623168945
-0.0373992920
0.0000000000
0.0623168945
-0.1165771484
0.8743591309
-0.0874328613
0.1457214355
-0.1165771484
-0.3788909912
-0.0874328613
-0.0291442871
0.1845855713
-0.4153289795
0.3691711426
-0.2307281494
-0.4153289795
0.4153289795
0.3691711426
0.2307281494
0.1576080322
-0.6304626465
-0.3940429688
-0.3940429688
0.1576080322
0.1576080322
0.0000000000
-0.0788116455
0.8432464600
0.0000000000
0.2108154297
-0.0702667236
0.0702667236
0.0702667236
-0.2108154297
-0.1405334473
-0.2432556152
0.0000000000
0.0000000000
-0.1216278076
-0.1216278076
0.0000000000
0.2432556152
0.0000000000
0.2653045654
-0.7959136963
0.1989746094
0.0000000000
-0.1326446533
0.1326446533
-0.0663299561
-0.2653045654
0.0476989746
0.9539337158
-0.1589965820
0.0476989746
-0.0953979492
0.1430969238
-0.1271972656
0.0794982910
-0.0326080322
0.2608947754
-0.6522369385
0.4891662598
0.1630554199
0.3913421631
0.0000000000
0.2282867432
0.1396942139
-0.1955566406
-0.1117553711
-0.0279388428
-0.5587463379
-0.2514343262
-0.7263793945
-0.0279388428
0.0618591309
-0.0618591309
-0.1237182617
0.0000000000
-0.7423400879
-0.6186065674
-0.0618591309
-0.0927886963
-0.1014404297
0.5579223633
0.4564819336
-0.0507202148
-0.6086425781
0.1014404297
-0.0507202148
0.0000000000
-0.0901947021
-0.1804046631
-0.6314086914
-0.1804046631
0.2705993652
-0.0901947021
0.3607940674
0.1804046631
0.8649902344
0.0480499268
0.1681976318
-0.2402801514
0.2162475586
0.0000000000
0.2642974854
0.1681976318
-0.4259490967
0.1825408936
0.1217041016
0.3650970459
-0.3042449951
0.2433929443
0.4259490967
0.4259490967
-0.1252136230
-0.4382324219
0.3756256104
0.3130187988
0.4382324219
0.4382324219
-0.1878051758
0.0626068115
0.1558837891
0.1558837891
0.0779418945
0.0000000000
0.0779418945
0.0389709473
-0.9353332520
0.1169128418
0.3908996582
0.0977325439
0.2931823730
0.3908996582
-0.0977325439
-0.3908996582
-0.0977325439
0.2931823730
0.0000000000
0.9668273926
-0.1735382080
-0.0495758057
0.0495758057
-0.0743713379
-0.0495758057
0.0495758057
0.1064758301
0.0000000000
-0.1064758301
0.1064758301
0.0000000000
-0.1064758301
0.1064758301
0.0000000000
-0.1210327148
-0.0605163574
-0.1210327148
0.3630981445
-0.3025817871
-0.0605163574
0.7866973877
0.0000000000
0.0000000000
0.3685150146
0.7370300293
0.0000000000
-0.0818939209
0.2866210938
-0.3685150146
-0.2047271729
0.0734710693
-0.0734710693
0.2449188232
-0.4653320312
-0.0979614258
-0.7837219238
-0.2449188232
-0.0979614258
-0.2432556152
0.0000000000
0.2432556152
0.1216278076
0.0000000000
0.0000000000
0.1216278076
0.0000000000
0.6063079834
0.1894683838
0.1515808105
-0.3410491943
-0.3410491943
-0.2273712158
-0.4926300049
0.0000000000
-0.0726776123
0.0545043945
0.9629821777
-0.1090240479
-0.1090240479
-0.0181732178
0.1635284424
-0.0545043945
0.1064758301
0.0000000000
0.0000000000
0.0000000000
0.0000000000
0.0000000000
-0.2129516602
0.0000000000
0.0481872559
-0.2409362793
-0.1445617676
-0.9155731201
-0.0481872559
0.0481872559
0.0000000000
0.0000000000
-0.1268768311
0.7865905762
0.4313659668
-0.3044891357
0.0000000000
0.1776123047
-0.0507507324
0.1776123047
-0.3092041016
0.3533630371
-0.2650299072
0.4417114258
0.2208557129
-0.2650299072
0.4858856201
0.3092041016
-0.2941131592
-0.5882415771
-0.3529357910
0.0000000000
-0.0588226318
0.5294189453
-0.1764678955
0.1176452637
-0.1602020264
-0.5206604004
0.2402954102
0.0000000000
0.6007537842
0.4004974365
-0.1201477051
-0.2402954102
-0.0105743408
0.0317382812
-0.0634765625
0.9945526123
0.0423278809
-0.0105743408
0.0105743408
0.0105743408
-0.0847778320
0.8054199219
-0.1695556641
0.1695709229
-0.1271667480
-0.3815155029
-0.2543487549
-0.0423889160
0.0923004150
-0.4153289795
0.4153289795
-0.1845855713
-0.5076141357
0.4153289795
0.3230285645
0.0923004150
0.1964111328
-0.8511505127
-0.1309509277
-0.1964111328
0.0654754639
0.0000000000
0.1309509277
-0.1309509277
0.8792266846
-0.2930755615
0.1674652100
0.0418701172
0.0418701172
0.0837402344
-0.2093353271
-0.0418701172
-0.2498779297
-0.1249389648
0.0000000000
0.0000000000
-0.1249389648
-0.1249389648
0.3748321533
0.1249389648
0.4980163574
-0.6403198242
0.2845764160
-0.1422882080
0.0000000000
0.0711517334
-0.1422882080
-0.2134399414
0.0807800293
0.9693450928
-0.1211700439
0.0403900146
-0.0807800293
0.1481018066
-0.0403900146
0.0403900146
-0.1039276123
0.2424926758
-0.5542602539
0.4156951904
0.0346374512
0.3810577393
0.1732025146
0.4849853516
0.1521453857
-0.1521453857
-0.0760803223
-0.1521453857
-0.6339416504
-0.1521453857
-0.6846618652
-0.1014251709
0.0634307861
-0.0634307861
-0.0951385498
-0.0951385498
-0.5074157715
-0.8245544434
0.0000000000
0.0634307861
0.0385131836
0.5776062012
0.3850708008
-0.0385131836
-0.6161193848
0.2695465088
0.0385131836
0.1155242920
-0.2118530273
0.0000000000
-0.5649261475
-0.1412353516
0.2118530273
-0.2118530273
0.4237060547
0.4237060547
0.7917022705
0.0641937256
0.1925811768
-0.2567749023
0.2995605469
-0.1711730957
0.3209686279
0.1711730957
-0.4441070557
-0.0493469238
0.2467346191
0.4934539795
-0.0493469238
0.4441070557
0.3947601318
0.2467346191
-0.2795562744
-0.4472961426
0.3354644775
0.3913726807
0.4472961426
0.3354644775
-0.1677398682
0.1118164062
0.0639190674
0.1597747803
0.0958709717
-0.0319519043
0.0639190674
0.0639190674
-0.9586639404
0.0000000000
0.1471710205
-0.0735778809
0.7358245850
0.0735778809
0.1471710205
-0.4414978027
-0.1471710205
0.0735778809
0.0357513428
0.9295501709
-0.1072540283
0.0357513428
0.0357513428
-0.2502593994
-0.1072540283
0.0715026855
0.0000000000
0.0000000000
-0.1237182617
0.0000000000
0.0000000000
-0.1237182617
-0.3711547852
-0.1237182617
0.0000000000
-0.1038665771
-0.1558074951
0.2596740723
-0.3115997314
0.1038665771
0.8309478760
-0.1038665771
0.1185455322
0.3556365967
0.7903137207
-0.0790252686
0.0000000000
0.2766113281
-0.3161163330
-0.0395202637
0.0637817383
-0.0637817383
0.2976684570
-0.5102844238
-0.1488342285
-0.7441558838
-0.2126159668
-0.0850524902
-0.1237182617
-0.1237182617
0.2474365234
0.2474365234
0.1237182617
0.0000000000
0.0000000000
-0.1237182617
0.6088256836
0.0264739990
0.1588287354
-0.1323547363
-0.4764709473
-0.2117614746
-0.5294036865
-0.1058807373
-0.0968170166
-0.0387268066
0.9681701660
-0.0774536133
-0.0774536133
-0.0193634033
0.1549072266
-0.0580902100
0.1199951172
0.0000000000
-0.1199951172
-0.1199951172
0.0000000000
0.1199951172
-0.2400054932
-0.1199951172
0.0730133057
-0.0730133057
-0.1825256348
-0.9491577148
0.0000000000
-0.0364990234
-0.0730133057
0.0730133057
0.0000000000
0.8374328613
0.3465270996
-0.1732635498
-0.1732635498
0.2598876953
0.0577545166
0.1443786621
-0.1867828369
0.3735656738
-0.2801818848
0.4669647217
0.1867828369
-0.2334747314
0.5603485107
0.2334747314
-0.4084320068
-0.5718078613
-0.4084320068
-0.0408477783
-0.0816802979
0.4492797852
-0.2450561523
0.1225280762
0.0419006348
-0.5866699219
0.2095184326
-0.1257171631
0.5028533936
0.4609527588
-0.2095184326
-0.1676177979
-0.0368499756
0.0552673340
-0.0460510254
0.9947662354
0.0092163086
0.0000000000
0.0184173584
-0.0276336670
-0.0432586670
0.8218231201
-0.1297607422
0.1730194092
-0.0432586670
-0.3027801514
-0.3460235596
-0.0432586670
-0.1419525146
-0.5678253174
0.3312225342
0.0473175049
-0.4258728027
0.3312225342
0.4258728027
0.0000000000
0.2763824463
-0.6909637451
0.0690917969
-0.1381988525
-0.0690917969
-0.1381988525
0.3454742432
-0.3454742432
0.9183807373
-0.2730255127
0.1240997314
0.1240997314
-0.0248260498
0.1240997314
-0.0992889404
-0.0744628906
0.0000000000
-0.1243286133
-0.1243286133
0.0000000000
-0.1243286133
0.0000000000
0.3729858398
0.1243286133
0.6078643799
-0.4341888428
0.1736755371
-0.2605133057
0.0868377686
0.0000000000
-0.0868377686
-0.2605133057
0.0604553223
0.9873352051
-0.0906677246
0.0201568604
-0.0302276611
0.0906677246
-0.0100708008
0.0201568604
-0.0752716064
0.2509307861
-0.5018615723
0.4767608643
0.0000000000
0.4265747070
0.1505584717
0.4767608643
0.2194213867
-0.1396331787
-0.0399017334
-0.1994781494
-0.6981658936
-0.0199432373
-0.5984344482
-0.1795349121
0.0225372314
0.0225372314
0.0450744629
-0.1352081299
-0.2929534912
-0.9239501953
-0.0676116943
0.1352081299
0.1128997803
0.4516143799
0.3386993408
-0.0564575195
-0.6491851807
0.4233856201
0.0000000000
0.1975860596
-0.3191528320
0.0000000000
-0.3191528320
0.3191528320
0.0000000000
-0.0797882080
0.3989410400
0.5585174561
0.8688049316
0.0868835449
0.1390075684
-0.1737670898
0.2606353760
-0.1911315918
0.2432708740
0.1216278076
-0.2857055664
-0.1269836426
0.6031646729
0.5079345703
0.0634918213
0.3809509277
0.2222137451
0.2222137451
-0.1441040039
-0.5764312744
0.2882232666
0.3602752686
0.2882232666
0.2882232666
-0.2161560059
0.2161560059
0.0858459473
0.1430816650
0.0858459473
0.0286102295
0.1144561768
0.1716918945
-0.9443206787
-0.0572357178
0.1290283203
-0.0645141602
0.7742156982
-0.1935577393
0.3871002197
-0.1935577393
0.0000000000
-0.1290283203
0.0000000000
0.8528289795
-0.1364593506
0.1364593506
-0.0341186523
-0.4093627930
-0.1705627441
0.0000000000
0.1024169922
0.1024169922
-0.2048339844
-0.1024169922
0.0000000000
0.0000000000
-0.4096679688
-0.6144866943
-0.0458068848
-0.0916137695
-0.0458068848
0.3206481934
-0.2748413086
0.2290344238
0.8245239258
-0.0916137695
0.2563018799
0.2563018799
0.7048339844
-0.0640716553
0.1922302246
0.3844451904
-0.3524169922
0.1601867676
-0.0721282959
0.0000000000
0.3065185547
-0.4868164062
-0.2163696289
-0.7392425537
-0.2343902588
-0.0721282959
0.0000000000
-0.1228332520
0.2456817627
0.2456817627
0.1228332520
0.0000000000
0.0000000000
-0.1228332520
0.7191162109
-0.0399475098
0.0798950195
-0.0199737549
-0.4794158936
-0.0798950195
-0.4594421387
-0.1198577881
-0.0734405518
-0.0734405518
0.9546356201
-0.0917968750
-0.1285095215
-0.0367126465
0.2019348145
0.0000000000
0.1245422363
0.1245422363
0.0000000000
-0.1245422363
0.2490844727
0.2490844727
-0.2490844727
-0.2490844727
0.0757598877
0.0252532959
-0.1262664795
-0.9595947266
0.1010131836
-0.0505065918
-0.1515197754
0.0252532959
0.0648040771
0.8101348877
0.3240509033
-0.1620330811
-0.2268371582
0.2592468262
0.0648040771
0.2268371582
-0.1354522705
0.3611907959
-0.2257537842
0.4063415527
0.1354522705
-0.3160400391
0.6320953369
0.2257537842
-0.3486785889
-0.4754638672
-0.5071716309
-0.1901855469
-0.1267852783
0.4437713623
-0.2535858154
0.2218780518
0.2276916504
-0.6071777344
0.1138458252
-0.3794860840
0.3794860840
0.3794860840
-0.2276916504
-0.1897430420
-0.0339508057
0.0509185791
-0.0678863525
0.9928436279
-0.0254516602
0.0000000000
0.0424346924
-0.0339508057
-0.0258941650
0.9060668945
-0.0517730713
0.1294403076
0.0258941650
-0.2588806152
-0.2588806152
-0.0517730713
-0.3474578857
-0.6601715088
0.2779693604
0.0694885254
-0.2779693604
0.3127136230
0.3822021484
0.0347442627
0.4155578613
-0.2077789307
0.2770385742
-0.0692596436
-0.2077789307
-0.1385192871
0.4155578613
-0.5540771484
0.9232025146
-0.1695709229
0.1318817139
0.1884155273
-0.0376739502
0.1884155273
-0.0942077637
-0.0942077637
-0.1219482422
0.0000000000
-0.2438964844
0.1219482422
0.0000000000
0.3658599854
0.3658599854
-0.1219482422
0.5117034912
-0.3411407471
0.0852813721
-0.4264221191
0.0000000000
0.0000000000
0.0000000000
-0.4264221191
0.0469665527
0.9940032959
-0.0469665527
-0.0234832764
0.0078277588
0.0704345703
0.0000000000
0.0000000000
-0.0403900146
0.2423858643
-0.4645690918
0.6261596680
0.0403900146
0.4443664551
0.0403900146
0.3433685303
0.2434082031
-0.1390991211
-0.0695495605
-0.1912536621
-0.7823944092
0.0347747803
-0.4694366455
-0.1912536621
0.0179595947
0.0538787842
0.1257019043
-0.1257019043
-0.2154846191
-0.9337768555
-0.1257019043
0.1436614990
0.1881866455
0.4234313965
0.3293304443
-0.0705718994
-0.6351318359
0.4704742432
-0.0470428467
0.1646575928
-0.1576080322
0.0788116455
-0.3152313232
0.5516510010
-0.0788116455
0.1576080322
0.3152313232
0.4728393555
0.9629364014
0.0527648926
0.0791473389
-0.0659484863
0.1187133789
-0.1319122314
0.1055297852
0.1055297852
-0.1989746094
-0.1447143555
0.7778320312
0.4884033203
0.0361785889
0.2170715332
0.1447143555
0.1266174316
0.0000000000
-0.5711517334
0.2447814941
0.3263702393
-0.0815887451
0.3263702393
-0.3263702393
0.2447814941
0.0698547363
0.1397247314
0.0931396484
0.0698547363
0.0931396484
0.1397247314
-0.9547424316
-0.0698547363
0.1950225830
0.0487518311
0.7313537598
-0.1950225830
0.4875640869
0.0975189209
0.0487518311
-0.2437896729
0.0000000000
0.9475860596
-0.1209716797
0.1008148193
-0.0201568604
-0.2217712402
-0.1209716797
0.0000000000
0.1879119873
0.0939483643
-0.1879119873
-0.0939483643
0.0000000000
0.0000000000
-0.1879119873
-0.7516326904
-0.0377807617
-0.0755767822
0.0000000000
0.3778533936
-0.3022918701
0.2644958496
0.7935028076
-0.1133575439
0.2903442383
0.1742095947
0.6387634277
-0.1161346436
0.3484191895
0.3774566650
-0.4064788818
0.0870971680
-0.2108764648
0.0351409912
0.3690490723
-0.4920501709
-0.2811737061
-0.6326446533
-0.2811737061
-0.0878601074
0.0000000000
0.0785675049
0.0000000000
0.0000000000
0.0785675049
0.0000000000
0.0000000000
0.0000000000
0.8215789795
-0.0547790527
0.0547790527
0.0182647705
-0.3651428223
0.0365142822
-0.4016571045
-0.1095428467
-0.0296783447
0.0000000000
0.9647827148
-0.0593719482
-0.1187438965
-0.0296783447
0.1929626465
0.0742187500
0.0000000000
0.0000000000
0.1178436279
0.0000000000
0.1178436279
0.1178436279
0.1178436279
-0.2357025146
0.0548400879
0.0365600586
-0.0548400879
-0.9689178467
0.0914001465
0.0000000000
-0.1828155518
0.0365600586
0.1291503906
0.8071746826
0.2583007812
-0.1937255859
-0.1937255859
0.3228759766
0.0322875977
0.2260131836
-0.1170043945
0.4290161133
-0.2340087891
0.3510131836
0.1560058594
-0.3510131836
0.6240234375
0.1950073242
-0.2374114990
-0.4748382568
-0.3052520752
-0.3391723633
-0.1695861816
0.5426635742
-0.2374114990
0.3052520752
0.2342071533
-0.6022491455
0.1338348389
-0.5018768311
0.3011169434
0.2007446289
-0.2342071533
-0.3011169434
-0.0313110352
0.0391387939
-0.0391387939
0.9940032959
-0.0391387939
0.0000000000
0.0469665527
-0.0469665527
-0.0501098633
0.9519805908
-0.0334014893
0.1503143311
0.0167083740
-0.1670074463
-0.1670074463
-0.0501098633
-0.3842926025
-0.6038818359
0.4391937256
0.0000000000
-0.2470397949
0.3568420410
0.2744903564
0.0823516846
0.4333343506
0.1083374023
0.3791656494
-0.1083374023
-0.2166595459
-0.0541687012
0.3791656494
-0.5958251953
0.9340362549
-0.0819396973
0.1147003174
0.1966400146
-0.0491638184
0.1966400146
-0.0983123779
-0.0983123779
-0.1208343506
0.1208343506
-0.1208343506
0.2416839600
-0.1208343506
0.3625183105
0.3625183105
-0.1208343506
0.4096679688
-0.3072509766
0.1024169922
-0.4096679688
0.1024169922
0.0000000000
0.0000000000
-0.4096679688
0.0701599121
0.9901275635
-0.0077972412
-0.0779571533
0.0311889648
0.0623779297
0.0155944824
-0.0389862061
-0.0751647949
0.2442779541
-0.4133911133
0.7516326904
0.0563659668
0.3758239746
-0.0187835693
0.2066955566
0.2177429199
-0.1088714600
-0.1088714600
-0.1451721191
-0.8528442383
0.0725860596
-0.3629150391
-0.1814575195
-0.0182495117
0.0730285645
0.1643218994
-0.1278076172
-0.1825714111
-0.9128570557
-0.1825714111
0.2008361816
0.2261199951
0.4271240234
0.3768768311
-0.1256256104
-0.5276184082
0.5276184082
-0.1256256104
0.1256256104
-0.0901947021
0.0901947021
-0.5411987305
0.4510040283
-0.1804046631
0.1804046631
0.3607940674
0.0901947021
0.9774169922
0.0000000000
0.0666351318
-0.0333251953
0.0888519287
-0.0888519287
0.0666351318
0.1221771240
-0.1548461914
-0.1310272217
0.8576202393
0.4407196045
0.0357360840
0.0952911377
0.0952911377
0.0714721680
-0.0846862793
-0.4234313965
0.4234313965
0.3387451172
0.0000000000
0.4234313965
-0.2540588379
0.1693725586
0.0280303955
0.0980987549
0.0840911865
0.0700683594
0.0280303955
0.0700683594
-0.9810638428
-0.0560607910
0.2742614746
0.0457153320
0.5028228760
-0.1371307373
0.5942535400
0.2285614014
0.0914154053
-0.4114074707
0.0132598877
0.9807586670
-0.1060333252
0.0795135498
-0.0132598877
-0.0662689209
-0.0927734375
0.0397644043
0.1111450195
0.1111450195
-0.1111450195
-0.1111450195
0.1111450195
0.1111450195
0.1111450195
-0.6668548584
-0.0345001221
-0.0345001221
0.0345001221
0.3449707031
-0.3449707031
0.3449707031
0.7244262695
-0.2759704590
0.2655944824
0.0995941162
0.5975799561
-0.1327972412
0.4647827148
0.3651885986
-0.3983917236
-0.0332031250
-0.3378295898
0.0711212158
0.4622955322
-0.5334167480
-0.3200531006
-0.4445190430
-0.2667083740
-0.0355682373
0.0000000000
0.0911560059
0.0000000000
0.0000000000
0.0911560059
0.0000000000
0.0000000000
0.0911560059
0.8647308350
-0.0589599609
0.1179199219
0.1179199219
-0.1965332031
0.0393066406
-0.3930511475
-0.1179199219
-0.0250701904
0.0250701904
0.9779052734
0.0000000000
-0.1002960205
-0.0250701904
0.1379089355
0.0877532959
-0.1243286133
-0.1243286133
0.0000000000
0.1243286133
-0.1243286133
0.2486572266
0.1243286133
-0.2486572266
0.0135040283
0.0270233154
0.0135040283
-0.9862976074
0.0135040283
0.0270233154
-0.1215972900
0.0675506592
0.1045379639
0.8885498047
0.1306762695
-0.1829376221
-0.1306762695
0.2874755859
-0.0522613525
0.1567993164
-0.1748962402
0.4547271729
-0.2098693848
0.3497924805
0.2098693848
-0.3148040771
0.5946350098
0.2448425293
-0.1700744629
-0.5102233887
0.1360626221
-0.3741607666
-0.2040863037
0.6122589111
-0.2040863037
0.2380981445
0.1397399902
-0.5589752197
0.1746826172
-0.4891052246
0.3493652344
0.1048126221
-0.2794799805
-0.3842926025
-0.0625762939
0.0156402588
0.0156402588
0.9934539795
-0.0234680176
0.0000000000
0.0469360352
-0.0625762939
-0.0553131104
0.9734649658
0.0000000000
0.1659240723
-0.0110626221
-0.0663757324
-0.1106262207
-0.0331878662
-0.3924102783
-0.5493774414
0.4708862305
-0.0261535645
-0.2092895508
0.3924102783
0.2616119385
0.1831207275
0.3665161133
0.0523529053
0.4712219238
-0.1047210693
-0.2094421387
0.0523529053
0.3141479492
-0.6283111572
0.9449005127
-0.0726776123
0.0872192383
0.1889801025
-0.1163024902
0.1453704834
0.0000000000
-0.1308288574
-0.1064758301
0.1064758301
0.0000000000
-0.1064758301
0.1064758301
-0.1064758301
0.0000000000
0.0000000000
0.3874053955
-0.4842681885
0.1937103271
-0.0968475342
-0.1937103271
-0.0968475342
0.1937103271
-0.3874053955
-0.0195617676
0.9973602295
0.0000000000
-0.0097808838
-0.0195617676
0.0097808838
-0.0195617676
-0.0293273926
-0.0634002686
0.1901855469
-0.6656494141
0.6339569092
0.1584930420
-0.0634002686
-0.0634002686
-0.2218780518
0.2342071533
-0.0334625244
-0.2007446289
0.1338348389
-0.7026214600
-0.3680419922
-0.4684143066
-0.0334625244
0.0458374023
0.0458374023
-0.0687561035
0.0229187012
-0.5729217529
-0.7791595459
0.0687561035
-0.1833343506
-0.1233062744
0.3082427979
0.4931945801
0.0000000000
-0.6781463623
0.0000000000
-0.2465972900
0.0000000000
0.2752990723
-0.1651763916
-0.7708282471
0.1651763916
0.3854217529
0.0550537109
0.1101226807
-0.1101226807
0.9522552490
0.0000000000
0.1692962646
-0.0423278809
0.0211639404
0.1481323242
0.0634918213
0.1481323242
-0.0213775635
0.0000000000
0.8764953613
0.3847961426
-0.1710205078
-0.1068878174
0.1282653809
0.1068878174
-0.2854003906
-0.3995513916
0.2283172607
0.2854003906
0.3995513916
0.5137176514
-0.2854003906
0.1141510010
0.0610198975
0.0610198975
-0.0305023193
0.0000000000
-0.0305023193
0.0000000000
-0.9914703369
-0.0152587891
0.4057312012
-0.2028656006
0.1014251709
0.2028656006
-0.4057312012
-0.2028656006
0.0000000000
0.4057312012
0.0147857666
0.9903411865
-0.0738983154
-0.0443420410
0.0000000000
0.0147857666
-0.0295562744
-0.0591278076
0.0000000000
0.1228332520
-0.2456817627
0.0000000000
0.1228332520
-0.1228332520
0.0000000000
-0.2456817627
0.0000000000
-0.3318328857
-0.1659088135
0.0829620361
-0.0829620361
-0.2488708496
0.6636657715
0.3318328857
0.2778015137
0.3472442627
0.7639465332
0.1041717529
0.1041717529
0.3125152588
-0.2430725098
-0.0347290039
-0.2771759033
-0.0923919678
0.2309875488
-0.5081634521
-0.2309875488
-0.5081634521
-0.4619598389
-0.0923919678
-0.1113433838
0.1113433838
0.1113433838
0.1113433838
0.0000000000
-0.1113433838
0.1113433838
0.0000000000
0.8324127197
0.2774658203
-0.1849822998
-0.0462493896
0.1387329102
0.0924835205
-0.2774658203
0.1387329102
-0.0123138428
0.0615997314
0.9238891602
-0.2094116211
-0.1478271484
0.0615997314
0.2463684082
-0.0862274170
-0.1250000000
-0.2500000000
0.1250000000
0.2500000000
-0.1250000000
0.0000000000
0.2500000000
0.1250000000
-0.0367736816
-0.2389831543
0.0367736816
-0.9559326172
0.0000000000
0.1103057861
0.0551452637
0.0183868408
-0.0920257568
0.9386596680
0.2208557129
-0.2024536133
0.0368041992
0.0000000000
-0.0552215576
0.0736236572
-0.3007965088
0.3383941650
-0.1503906250
0.3007965088
0.3759918213
-0.3383941650
0.4887847900
0.3759918213
-0.4060211182
-0.5413513184
0.3383483887
-0.2030029297
-0.0676727295
0.4736785889
-0.0676727295
0.0000000000
-0.2803497314
-0.5606994629
0.2402954102
0.0000000000
0.3204040527
0.2803497314
0.0400543213
-0.5606994629
0.0263519287
-0.0175628662
-0.0527038574
0.9924468994
0.0790405273
-0.0175628662
-0.0175628662
0.0439147949
-0.1759948730
0.9679718018
0.0000000000
0.1026611328
0.0000000000
-0.1173248291
0.0000000000
0.0293273926
0.3167572021
-0.4223327637
0.5631103516
-0.2111663818
-0.0703887939
0.4575347900
0.2463684082
0.2111663818
0.0733795166
-0.7338562012
-0.4403076172
-0.0733795166
0.0000000000
0.2201538086
-0.0733795166
-0.1467742920
0.7466278076
0.0829620361
0.1659088135
0.0829620361
0.0000000000
0.1659088135
-0.1659088135
-0.3318328857
-0.1178436279
-0.1178436279
0.0000000000
0.0000000000
0.0000000000
-0.1178436279
0.2357025146
0.1178436279
0.3517150879
-0.3517150879
0.3517150879
-0.1172332764
0.0000000000
-0.2344665527
0.0000000000
-0.1172332764
0.0298309326
0.9945373535
0.0000000000
-0.0198974609
-0.0198974609
0.0596771240
0.0000000000
-0.0497283936
-0.1139221191
0.1519012451
-0.5696411133
0.6835784912
0.1898803711
0.0759582520
-0.1139221191
-0.2658386230
0.2624969482
-0.0954437256
-0.1670379639
0.0000000000
-0.7874755859
-0.2624969482
-0.4295349121
-0.0477294922
0.0243377686
-0.0243377686
-0.0973205566
-0.1216583252
-0.5352935791
-0.8029327393
0.0973205566
-0.1216583252
0.0894775391
0.5368957520
0.4026794434
-0.0894775391
-0.6711273193
0.0894775391
-0.0894775391
0.0447387695
0.2719116211
-0.2039337158
-0.8157501221
0.1359558105
0.1359558105
0.0679779053
0.0679779053
-0.1359558105
0.9256591797
0.0566711426
0.2455902100
-0.1511230469
0.0944519043
0.0377807617
0.1322326660
0.1322326660
-0.0721435547
-0.0240478516
0.8657379150
0.4088134766
-0.0961914062
0.0240478516
0.1683349609
0.1442871094
-0.2179412842
-0.3269195557
0.1634521484
0.3814086914
0.5448608398
0.4903717041
-0.1634521484
0.1089782715
0.0310363770
0.0620574951
0.0000000000
-0.0310363770
0.0155181885
0.0000000000
-0.9929809570
-0.0155181885
0.2455902100
-0.2455902100
0.5730285645
0.2455902100
0.1637268066
-0.4093017578
0.0818634033
0.2455902100
0.0378265381
0.9833984375
-0.1134643555
-0.0189056396
0.0000000000
-0.0189056396
-0.0567321777
-0.0567321777
0.2490844727
0.2490844727
-0.2490844727
0.1245422363
0.1245422363
0.0000000000
-0.1245422363
-0.2490844727
0.0000000000
-0.4236145020
-0.1815490723
0.0605163574
-0.1210327148
-0.1210327148
0.7866973877
0.1210327148
0.2805786133
0.3647613525
0.7575836182
0.0280609131
0.1683502197
0.3086395264
-0.2525329590
0.0280609131
-0.3044738770
-0.0761108398
0.2283477783
-0.5708770752
-0.3425292969
-0.3805847168
-0.4567108154
-0.0761108398
-0.2400054932
0.2400054932
0.0000000000
0.1199951172
0.0000000000
0.0000000000
0.0000000000
0.0000000000
0.9188537598
0.0540466309
-0.2162017822
-0.1080932617
-0.1351318359
0.1621551514
-0.1621551514
0.0000000000
-0.0365905762
-0.0121917725
0.9393005371
-0.1951751709
-0.1341857910
0.0487976074
0.1951751709
-0.1219940186
0.1113433838
-0.1113433838
0.1113433838
0.0000000000
0.0000000000
0.1113433838
-0.1113433838
0.1113433838
-0.0406341553
-0.1625213623
0.0406341553
-0.9751129150
0.0203094482
0.0609436035
-0.0203094482
0.0406341553
-0.0353393555
0.9541320801
0.2120361328
-0.1766967773
-0.0176696777
0.0176696777
-0.0176696777
0.0353393555
-0.2738494873
0.3520812988
-0.1173553467
0.3129730225
0.4303283691
-0.3129577637
0.5085754395
0.3129730225
-0.4237060547
-0.4943237305
0.4943237305
-0.1412353516
0.0000000000
0.2824707031
-0.1412353516
-0.2118530273
-0.0901184082
-0.5406951904
0.2252960205
-0.1802368164
0.1351776123
0.2703552246
-0.0450592041
-0.6758728027
0.0157012939
-0.0078430176
-0.0392456055
0.9969787598
0.0314025879
-0.0157012939
0.0000000000
0.0314025879
-0.1965637207
0.9664306641
-0.0163726807
0.0818939209
-0.0163726807
-0.0491333008
-0.0818939209
0.0491333008
0.2347259521
-0.4694671631
0.6371307373
-0.1006011963
-0.0335388184
0.4359283447
0.2012023926
0.2012023926
0.2250061035
-0.7500000000
-0.2250061035
0.0000000000
-0.0749969482
0.2250061035
0.0000000000
-0.3000030518
0.9303131104
-0.1378173828
0.1378173828
0.1033630371
-0.0689086914
0.1378173828
-0.0689086914
-0.1378173828
-0.2283172607
-0.2283172607
0.0000000000
0.3424682617
-0.1141510010
0.0000000000
0.4566192627
0.2283172607
0.3517150879
-0.1172332764
0.3517150879
-0.2344665527
0.0000000000
-0.3517150879
0.0000000000
-0.1172332764
0.0435180664
0.9922790527
-0.0261077881
0.0000000000
0.0000000000
0.0870361328
0.0086975098
-0.0522308350
-0.1412353516
0.1129913330
-0.4802093506
0.7909393311
0.0847473145
0.1412353516
-0.0847473145
-0.2259826660
0.2912902832
-0.1092376709
-0.1820526123
-0.0910339355
-0.8374633789
-0.1092376709
-0.3641052246
-0.0728149414
0.0000000000
-0.0674285889
-0.0449523926
-0.1348724365
-0.3821258545
-0.8991241455
0.0000000000
0.0674285889
0.2916564941
0.5104064941
0.2187500000
-0.1822814941
-0.6926879883
0.1822814941
-0.0729217529
0.1093750000
0.2113342285
-0.1408843994
-0.7044219971
0.2113342285
0.0000000000
0.0704498291
0.2113342285
-0.4226531982
0.9305267334
0.1053466797
0.2458038330
-0.1580200195
0.0877838135
-0.0351104736
0.0877838135
0.1053466797
-0.1021423340
-0.1225738525
0.8375854492
0.4494323730
0.0817108154
0.1021423340
0.0817108154
0.1838531494
-0.1749725342
-0.4082641602
0.1166534424
0.5249023438
0.4665832520
0.4082641602
-0.1166534424
0.0583190918
0.0000000000
0.1145324707
0.0763549805
0.0000000000
0.0954437256
0.0572662354
-0.9735717773
-0.0954437256
0.2423553467
-0.1454162598
0.6785736084
0.1938781738
0.4362335205
-0.3877563477
-0.0484771729
-0.0484771729
0.0611114502
0.9573669434
-0.1629638672
0.0611114502
-0.0203704834
-0.1018524170
-0.1222229004
-0.1018524170
0.3689117432
0.3689117432
-0.2459411621
0.0000000000
0.0000000000
-0.1229705811
0.0000000000
0.0000000000
0.0527954102
-0.4751434326
-0.1055908203
0.1055908203
-0.1583862305
0.0527954102
0.7919006348
0.0527954102
0.2891540527
0.3154449463
0.7097473145
-0.0262908936
0.2102966309
0.3680114746
-0.3154449463
0.1051483154
-0.3829803467
-0.0883789062
0.2946014404
-0.5597381592
-0.3829803467
-0.2946014404
-0.4124450684
-0.1178436279
-0.2405242920
0.3607788086
0.2405242920
0.3607788086
0.0000000000
-0.1202545166
0.0000000000
-0.1202545166
0.9029998779
-0.0576324463
-0.2113342285
-0.0576324463
-0.2305450439
0.2113342285
-0.1537017822
0.0000000000
-0.0763092041
-0.0890197754
0.9283752441
-0.1780395508
-0.1653289795
0.0508728027
0.2034759521
-0.1271667480
0.0000000000
0.0000000000
0.1237182617
0.1237182617
0.1237182617
0.3711547852
0.0000000000
0.0000000000
-0.0204620361
-0.0204620361
0.0204620361
-0.9818267822
0.0613708496
-0.0204620361
-0.1022796631
0.0818176270
0.0322418213
0.9673614502
0.1612243652
-0.1450958252
-0.0322418213
0.0644836426
-0.0161285400
0.0483703613
-0.0865936279
0.3463592529
-0.1298828125
0.3030548096
0.4762420654
-0.3030548096
0.5628204346
0.2597656250
-0.2225341797
-0.5934448242
0.4450836182
-0.2967224121
-0.0741729736
0.2225341797
-0.2225341797
-0.1483612061
0.0795898438
-0.3979644775
0.1989746094
-0.3183746338
0.0000000000
0.2387695312
-0.1193847656
-0.7561187744
0.0000000000
0.0235290527
-0.0627441406
0.9960784912
-0.0078430176
-0.0313720703
0.0078430176
0.0156860352
-0.1133880615
0.9719085693
-0.0647888184
0.0647888184
0.0000000000
0.0162048340
-0.1457824707
0.0647888184
0.0587921143
-0.4703369141
0.7055053711
-0.0881958008
-0.0587921143
0.4115447998
0.1175842285
0.2351684570
0.2424163818
-0.6464385986
0.0808105469
0.0000000000
-0.0808105469
0.1616058350
0.1616058350
-0.4848327637
0.9330291748
-0.1451416016
0.1451416016
0.1451416016
-0.1244049072
0.1451416016
-0.0207366943
-0.1244049072
-0.2048339844
-0.1024169922
0.0000000000
0.4096679688
-0.1024169922
0.1024169922
0.6144866943
0.0000000000
0.2490844727
0.0000000000
0.2490844727
-0.3736267090
-0.1245422363
0.0000000000
0.1245422363
0.0000000000
0.0469055176
0.9927062988
-0.0234527588
-0.0156402588
0.0156402588
0.0781707764
0.0156402588
-0.0547180176
-0.1013336182
0.1182250977
-0.4559936523
0.8275299072
0.0506591797
0.2026672363
-0.0844421387
-0.1519927979
0.2989349365
-0.1281127930
-0.1850585938
-0.1138763428
-0.8540954590
0.0000000000
-0.3131713867
-0.1138763428
-0.0193023682
-0.0385894775
0.0385894775
-0.1350860596
-0.2122802734
-0.9263153076
-0.1350860596
0.2122802734
0.3443603516
0.3443603516
0.0688781738
-0.2410430908
-0.7231445312
0.3443603516
-0.0344390869
0.1377410889
0.1233062744
-0.0616455078
-0.6781463623
0.3699035645
0.0000000000
0.2465972900
0.2465972900
-0.3699035645
0.9671478271
0.1109771729
0.1744079590
-0.0951232910
0.0475616455
0.0158538818
0.0000000000
0.0475616455
-0.0710601807
-0.1137084961
0.8670043945
0.4263916016
0.1137084961
0.1137084961
0.0568542480
0.1137084961
0.0000000000
-0.5161437988
0.1290283203
0.4516296387
0.1935577393
0.5161437988
-0.2580718994
0.0645141602
-0.0204162598
0.1633300781
0.1020812988
0.0000000000
0.2041625977
0.1020812988
-0.9391479492
-0.1224975586
0.3314819336
-0.1242980957
0.5800933838
0.0828704834
0.5800933838
-0.2900390625
-0.1657409668
-0.1657409668
0.0331878662
0.9626464844
-0.1327819824
0.0663909912
-0.0331878662
-0.1493835449
-0.1161804199
-0.0663909912
0.2357025146
0.3535461426
-0.3535461426
-0.2357025146
0.0000000000
-0.1178436279
0.1178436279
-0.2357025146
0.0000000000
-0.2711791992
0.0451965332
0.2259826660
-0.2259826660
0.4067535400
0.7683258057
0.0000000000
0.3152923584
0.2364807129
0.6305999756
0.0000000000
0.2955932617
0.4335327148
-0.3744201660
0.1379394531
-0.4427032471
-0.0245971680
0.3197326660
-0.5164947510
-0.4181060791
-0.1967620850
-0.4427032471
-0.0737915039
-0.2283172607
0.4566192627
0.4566192627
0.1141510010
0.0000000000
-0.1141510010
0.0000000000
0.0000000000
0.8857727051
-0.1243133545
-0.2330932617
0.0776977539
-0.2330932617
0.2486419678
-0.1243133545
0.0155334473
-0.0240173340
-0.1081085205
0.9248962402
-0.1321258545
-0.2041931152
0.0360412598
0.2522430420
-0.0600585938
-0.1224670410
0.0000000000
0.1224670410
0.2449493408
0.2449493408
0.3674163818
0.2449493408
-0.1224670410
0.0000000000
0.1019134521
0.0169830322
-0.9681854248
0.0679473877
-0.0679473877
-0.1698608398
0.0679473877
0.0715484619
0.9730072021
0.1144714355
-0.1001586914
0.0000000000
0.1001586914
-0.0715484619
0.0572357178
0.0765075684
0.3060302734
-0.0382537842
0.3442687988
0.5355377197
-0.3060302734
0.5737915039
0.1530151367
-0.1084899902
-0.5967102051
0.4339599609
-0.3797149658
-0.0542449951
0.2169799805
-0.3254699707
0.2169799805
0.2291412354
-0.3273315430
0.1636657715
-0.4255371094
-0.0327301025
0.0982055664
-0.2618713379
-0.7201385498
0.0234680176
0.0391235352
-0.0704040527
0.9935455322
-0.0469360352
-0.0234680176
0.0234680176
0.0234680176
-0.0805511475
0.9800567627
-0.0805511475
0.0671234131
-0.0268554688
-0.0134277344
-0.1208343506
0.0268554688
-0.1618652344
-0.3931121826
0.7399749756
-0.1849975586
-0.0693664551
0.3006134033
0.0693664551
0.3468627930
0.2595672607
-0.3460845947
0.3460845947
0.0000000000
0.0000000000
0.0000000000
0.2595672607
-0.6056518555
0.9264678955
-0.0772094727
0.1389770508
0.2007293701
-0.1389770508
0.2007293701
-0.0154418945
-0.0926513672
-0.1039276123
0.0000000000
-0.1039276123
0.4157409668
0.0000000000
0.3117980957
0.5196685791
-0.2078704834
-0.1213989258
0.0000000000
-0.1213989258
-0.2428131104
-0.3642120361
0.3642120361
0.1213989258
-0.1213989258
0.0778656006
0.9888458252
0.0000000000
-0.0622863770
0.0233612061
0.0700683594
0.0311431885
-0.0622863770
-0.0931549072
0.0931549072
-0.4308776855
0.8500976562
0.0349426270
0.1979675293
-0.0815124512
-0.1513824463
0.2577972412
-0.1356811523
-0.2035217285
-0.0814056396
-0.8819274902
0.0271301270
-0.2713623047
-0.0949707031
-0.0378570557
-0.0189361572
0.0567932129
-0.1135864258
-0.1514587402
-0.9087219238
-0.2271881104
0.2650451660
0.3828125000
0.2944641113
0.0294494629
-0.2650299072
-0.6772766113
0.4122619629
-0.0883483887
0.1766815186
0.1410064697
0.1410064697
-0.7050628662
0.2820281982
0.0000000000
0.2350158691
0.1880187988
-0.4700469971
0.9766235352
0.1331787109
0.1035766602
-0.0296020508
0.0000000000
0.0739898682
-0.0591888428
-0.0296020508
-0.0494537354
-0.0692443848
0.9100494385
0.3758850098
0.0890197754
0.0791320801
0.0494537354
0.0593566895
0.0560913086
-0.4486846924
0.2243499756
0.1682586670
0.0560913086
0.7291259766
-0.2804260254
0.0000000000
-0.0814819336
0.1303710938
0.0651855469
0.0162963867
0.1466674805
0.0651855469
-0.9615325928
-0.1140747070
0.4177398682
-0.0759582520
0.4557189941
0.0000000000
0.6835784912
-0.1519012451
-0.1519012451
-0.2278594971
0.0122833252
0.9822692871
-0.0613861084
0.0613861084
0.0000000000
-0.1227874756
-0.0859527588
-0.0122833252
0.2153778076
0.2153778076
-0.2153778076
-0.4307708740
-0.1076965332
0.0000000000
0.2153778076
-0.4307708740
-0.0671386719
-0.1007080078
0.1342773438
0.3021392822
-0.2685699463
0.4700012207
0.7385559082
-0.0335693359
0.3422546387
0.2232055664
0.5654602051
0.0446472168
0.3571319580
0.4613037109
-0.3869018555
0.1190490723
-0.5245819092
0.0218505859
0.3278656006
-0.4590148926
-0.3934326172
-0.0655670166
-0.4808654785
-0.0218505859
-0.1196746826
0.4786834717
0.3590087891
-0.1196746826
-0.1196746826
0.0000000000
0.1196746826
0.0000000000
0.8990478516
-0.0968170166
-0.2351379395
0.1244812012
-0.2074737549
0.2351379395
-0.0829925537
-0.0138244629
0.0000000000
-0.1132812500
0.9402770996
-0.0453186035
-0.1699218750
0.0000000000
0.2605590820
-0.0113220215
-0.3388214111
-0.1129455566
-0.1129455566
0.2258758545
0.0000000000
0.4517517090
0.3388214111
0.0000000000
0.0000000000
0.1189422607
0.0446014404
-0.9663848877
0.0446014404
-0.0743408203
-0.1784057617
0.0594635010
0.0639953613
0.9812164307
0.0533294678
-0.0746612549
0.0000000000
0.1066589355
-0.0959930420
0.0213317871
0.1444854736
0.2528686523
0.0722503662
0.3612365723
0.5057220459
-0.2889862061
0.6140899658
0.1444854736
-0.0859527588
-0.4297332764
0.7305450439
-0.2148742676
-0.0429687500
0.1718902588
-0.3008117676
0.2148742676
0.2833862305
-0.2833862305
0.1416931152
-0.4817504883
-0.0283355713
0.0283355713
-0.3117218018
-0.6801300049
0.0391235352
0.0313110352
-0.0391235352
0.9939117432
-0.0704345703
-0.0078277588
0.0234832764
0.0234832764
-0.1023254395
0.9822998047
-0.0409240723
0.0818634033
-0.0818634033
-0.0307006836
-0.0716247559
0.0102386475
-0.2553405762
-0.3465423584
0.7113189697
-0.2553405762
-0.0547180176
0.2735900879
0.0912017822
0.3830108643
0.2237548828
-0.1491699219
0.3729400635
0.0000000000
0.0745849609
-0.0745849609
0.3729400635
-0.6712799072
0.9213409424
-0.0255889893
0.1151733398
0.2559204102
-0.1407623291
0.2047424316
0.0255889893
-0.0639801025
-0.1099700928
0.0000000000
-0.1099700928
0.4398803711
0.1099700928
0.3299102783
0.4398803711
-0.1099700928
-0.3316650391
0.0000000000
-0.4422149658
-0.2211151123
-0.3316650391
0.2211151123
-0.1105499268
-0.1105499268
0.0854034424
0.9859466553
0.0155334473
-0.0776367188
0.0465850830
0.0621032715
0.0388183594
-0.0698699951
-0.1016540527
0.0831756592
-0.3881378174
0.8779296875
0.0277252197
0.1663513184
-0.0739288330
-0.1571044922
0.2165069580
-0.1298980713
-0.2165069580
-0.0433044434
-0.9093170166
0.0433044434
-0.2165069580
-0.0721740723
0.0000000000
0.0220489502
0.0661468506
-0.1763916016
-0.0661468506
-0.8598785400
-0.3307189941
0.3086700439
0.4255676270
0.2431793213
0.0911865234
-0.3039703369
-0.6079559326
0.4255676270
-0.1823883057
0.2127838135
0.2334747314
0.1167449951
-0.5836944580
0.2334747314
0.0778198242
0.1945648193
0.0778198242
-0.6615142822
0.9842834473
0.0984344482
0.0492095947
-0.0122985840
-0.0246124268
0.0492095947
-0.0984344482
-0.0369110107
-0.0407104492
-0.0244293213
0.9445800781
0.3094329834
0.0570068359
0.0407104492
0.0407104492
0.0325775146
-0.0869903564
-0.3479919434
0.3914794922
0.1739959717
0.1739959717
0.7394714355
-0.2174835205
-0.0435028076
-0.0687713623
0.0687713623
0.0458374023
0.0458374023
0.0458374023
0.0458374023
-0.9856414795
-0.0802307129
0.4951782227
-0.0707397461
0.2475891113
-0.0353698730
0.7073974609
-0.0353698730
-0.1414794922
-0.3536987305
0.0105438232
0.9914550781
0.0316467285
0.0527343750
0.0000000000
-0.0632781982
-0.0527343750
0.0527343750
0.1034240723
0.1034240723
-0.2068481445
-0.3102722168
0.0000000000
0.1034240723
0.4136962891
-0.5171051025
-0.1010589600
0.0000000000
0.1684265137
0.3031616211
-0.3031616211
0.4715881348
0.7073822021
-0.1347351074
0.3836059570
0.2273254395
0.5398864746
0.0852508545
0.3694000244
0.4546356201
-0.3694000244
0.1278686523
-0.5953674316
0.0686950684
0.3663787842
-0.4579772949
-0.3434753418
0.0915985107
-0.3892822266
0.0457916260
0.2490844727
0.3736267090
-0.1245422363
0.0000000000
-0.1245422363
0.0000000000
0.2490844727
0.0000000000
0.9277191162
-0.0724792480
-0.1449584961
0.1884460449
-0.1594543457
0.1739501953
-0.0869750977
-0.0869750977
-0.0337066650
-0.1011047363
0.9660491943
0.0337066650
-0.1123352051
-0.0337066650
0.1909637451
0.0000000000
-0.4116668701
-0.1029205322
-0.1029205322
0.2058258057
-0.1029205322
0.5145721436
0.3087463379
0.1029205322
-0.0114898682
0.0574340820
0.0689239502
-0.9878540039
0.0000000000
-0.0344543457
-0.0918884277
0.0459442139
0.0418395996
0.9874877930
0.0167388916
-0.0669555664
-0.0251007080
0.0920562744
-0.0836791992
0.0000000000
0.1912689209
0.2295227051
0.1912689209
0.3442687988
0.4207763672
-0.2677764893
0.6502990723
0.1912689209
-0.0293579102
-0.2642211914
0.9100952148
-0.1467895508
-0.0293579102
0.0880737305
-0.2055053711
-0.0293579102
0.2397766113
-0.2397766113
0.1498565674
-0.4495697021
-0.0599365234
0.0299682617
-0.3896331787
-0.6893463135
0.0235137939
0.0156860352
-0.0078430176
0.9956512451
-0.0705566406
0.0156860352
0.0235137939
-0.0078430176
-0.0777435303
0.9874420166
-0.0155487061
0.0777435303
-0.0933074951
-0.0155487061
-0.0388793945
0.0155487061
-0.2002410889
-0.3504333496
0.7342376709
-0.2336273193
-0.0333709717
0.3170623779
0.1001281738
0.3504333496
0.2712860107
0.1356506348
0.4747619629
-0.1356506348
0.1356506348
0.0678253174
0.3391113281
-0.6104125977
0.9060974121
-0.0251770020
0.1006774902
0.2768707275
-0.2013549805
0.1887664795
0.0880889893
-0.0503387451
0.0000000000
0.0000000000
0.0000000000
0.0000000000
0.0000000000
-0.0911560059
-0.0911560059
-0.0911560059
0.2438964844
-0.2438964844
0.0000000000
-0.1219482422
-0.2438964844
-0.2438964844
0.2438964844
-0.2438964844
-0.0101623535
0.9956054688
0.0203247070
-0.0609588623
-0.0203247070
0.0000000000
0.0203247070
-0.0203247070
-0.0643920898
0.0643920898
-0.4185333252
0.8370666504
0.0160980225
-0.1126861572
0.0321960449
-0.3058471680
0.1183624268
0.0394592285
-0.4339904785
0.0789031982
-0.6707153320
-0.5129089355
-0.1578216553
0.0394592285
0.0715332031
0.0715332031
-0.0238494873
0.0238494873
-0.4768524170
-0.8344879150
0.0238494873
-0.2145843506
0.0784759521
0.4316558838
0.3139343262
-0.0784759521
-0.7848205566
-0.0784759521
-0.1569671631
0.0784759521
0.3514556885
-0.1004180908
-0.7028961182
0.3012390137
0.2510375977
0.1004180908
0.0502014160
-0.3514556885
0.9357757568
0.0584869385
0.1949462891
-0.0974731445
-0.2144470215
0.1169738770
0.0000000000
0.0389862061
0.0330505371
0.0330505371
0.9584197998
0.2643890381
-0.0661010742
-0.0220336914
0.0220336914
-0.0110168457
-0.5548400879
-0.0616455078
0.0616455078
0.1233062744
0.5548400879
0.4315490723
-0.1233062744
0.1849517822
-0.0437011719
0.0109252930
-0.0218505859
0.0109252930
-0.0546264648
0.0000000000
-0.9943084717
-0.0437011719
0.2110137939
-0.4220428467
0.4220428467
0.2110137939
-0.1055145264
-0.2110137939
0.2110137939
0.2110137939
0.0000000000
0.9958648682
-0.0214233398
-0.0107116699
0.0321197510
0.0321197510
-0.0107116699
-0.0428314209
0.0000000000
0.1196746826
-0.1196746826
0.0000000000
0.0000000000
-0.1196746826
0.1196746826
-0.5983581543
-0.1044464111
0.0000000000
-0.2089080811
-0.1044464111
0.2089080811
-0.5222625732
0.2089080811
0.4178161621
0.3732147217
0.3732147217
0.6930999756
0.2399139404
0.1332855225
0.2932281494
-0.2132568359
0.1066284180
-0.3042907715
0.0000000000
0.4057312012
-0.3042907715
-0.3042907715
-0.1014251709
-0.4057312012
0.1014251709
0.0000000000
0.0000000000
0.1064758301
0.1064758301
-0.1064758301
0.0000000000
0.1064758301
0.1064758301
0.8085937500
0.2246093750
-0.1796875000
-0.1796875000
0.3144531250
0.2246093750
0.0898437500
0.0898437500
-0.0833435059
-0.0277862549
0.9168395996
-0.1667022705
-0.1528015137
0.1111297607
0.2639312744
-0.1111297607
-0.1243286133
-0.2486572266
0.0000000000
0.2486572266
-0.2486572266
0.0000000000
0.0000000000
0.0000000000
-0.0753021240
-0.1204986572
0.0602416992
-0.9790191650
-0.0753021240
0.0602416992
-0.0150604248
-0.0301208496
-0.0514373779
0.9901885986
0.0257263184
-0.0900115967
-0.0385742188
-0.0257263184
0.0000000000
-0.0257263184
-0.3212585449
0.2677154541
0.0000000000
0.2677154541
0.4283447266
-0.3748016357
0.3212585449
0.4818878174
-0.3669281006
-0.2935485840
0.7338562012
-0.2201538086
0.0000000000
-0.0733795166
-0.0733795166
0.0000000000
-0.1964263916
-0.3928680420
0.2455444336
0.0000000000
0.0491027832
0.1964263916
0.0982208252
-0.7857208252
0.0526428223
-0.0263214111
-0.0614166260
0.9913787842
0.0526428223
0.0000000000
-0.0438690186
0.0526428223
-0.1824645996
0.9731445312
0.0243225098
0.0486602783
-0.0364990234
-0.0973205566
0.0243225098
0.0243225098
0.3663787842
-0.3892822266
0.6182556152
-0.2289886475
0.0915985107
0.4579772949
0.1373901367
0.1602935791
0.0767211914
-0.6905059814
-0.4603424072
-0.1534423828
0.0000000000
0.0767211914
-0.2301635742
0.1534423828
0.8291625977
0.3454742432
0.0000000000
0.0000000000
-0.0690917969
0.1381988525
-0.0690917969
0.0690917969
0.0000000000
-0.2456817627
0.0000000000
0.2456817627
0.0000000000
-0.1228332520
0.1228332520
0.1228332520
0.1229705811
-0.1229705811
0.1229705811
-0.1229705811
-0.1229705811
-0.4918823242
0.1229705811
-0.1229705811
0.0207824707
0.9973449707
0.0000000000
-0.0207824707
0.0000000000
0.0207824707
0.0207824707
-0.0103912354
-0.0582275391
0.0388183594
-0.5046844482
0.7376098633
-0.0388183594
-0.1746978760
0.0388183594
-0.3882141113
0.2256317139
-0.0281982422
-0.3666381836
0.0281982422
-0.8178863525
-0.2820281982
-0.1974182129
0.0000000000
0.0315093994
0.0630187988
0.0315093994
0.0000000000
-0.4096069336
-0.8822326660
0.0000000000
-0.1260375977
0.1138458252
0.4933319092
0.1897430420
-0.0758972168
-0.7969207764
-0.1138458252
-0.0758972168
-0.0379486084
0.3259582520
-0.1629791260
-0.6519012451
0.2716217041
0.2716217041
0.1629791260
0.1629791260
-0.3802795410
0.8895568848
0.1617431641
0.1886901855
-0.1886901855
-0.1617431641
0.2425994873
0.0000000000
-0.0539093018
0.0441131592
0.0110321045
0.9595794678
0.2647094727
-0.0330963135
0.0000000000
0.0441131592
-0.0110321045
-0.3889617920
-0.1111297607
0.1667022705
0.1667022705
0.6112213135
0.5000915527
-0.1667022705
0.1667022705
-0.0677337646
0.0270996094
-0.0270996094
0.0541992188
-0.0677337646
0.0270996094
-0.9890136719
-0.0406494141
0.4016571045
-0.2510375977
0.6526947021
0.2008361816
0.2008361816
-0.4016571045
-0.0502014160
0.1506195068
0.0414123535
0.9937896729
-0.0414123535
0.0000000000
0.0138092041
0.0276031494
-0.0138092041
-0.0414123535
0.1250000000
0.2500000000
-0.1250000000
0.0000000000
0.1250000000
-0.1250000000
-0.2500000000
-0.2500000000
0.0000000000
-0.1561889648
-0.2342834473
-0.0780944824
0.2342834473
-0.5466613770
0.2342834473
0.5466613770
0.3511962891
0.4264526367
0.7023773193
0.1254272461
0.1254272461
0.2759399414
-0.1505126953
0.2257690430
-0.3952484131
0.0000000000
0.3161926270
-0.3161926270
-0.3161926270
0.1580963135
-0.5533447266
0.0000000000
0.0000000000
0.2490844727
0.2490844727
0.1245422363
-0.1245422363
-0.2490844727
0.1245422363
0.2490844727
0.8766021729
0.0796966553
-0.2922058105
-0.0796966553
0.0531311035
0.2656402588
0.1859436035
0.0531311035
-0.0868072510
-0.0520935059
0.9028778076
-0.1909942627
-0.1736297607
0.1562652588
0.2430877686
-0.1215362549
0.1199951172
-0.1199951172
0.0000000000
0.1199951172
0.0000000000
0.2400054932
-0.1199951172
0.1199951172
-0.0545959473
-0.0910034180
0.0727996826
-0.9827728271
-0.0363922119
0.0545959473
-0.0363922119
-0.0363922119
-0.0349731445
0.9909210205
0.0233154297
-0.0816040039
-0.0233154297
-0.0349731445
-0.0116577148
-0.0582885742
-0.1137847900
0.2844696045
0.0569000244
0.2844696045
0.5689392090
-0.3413696289
0.3413696289
0.3982696533
-0.2783508301
-0.5567016602
-0.2783508301
-0.1855621338
0.1855621338
-0.2783508301
-0.0927886963
0.2783508301
0.0812835693
-0.4064025879
0.1625671387
-0.2438507080
-0.0406341553
0.1625671387
0.0000000000
-0.8128204346
0.0484924316
-0.0161590576
-0.0646514893
0.9941101074
-0.0161590576
0.0000000000
-0.0161590576
0.0484924316
-0.1778717041
0.9782562256
0.0222320557
0.0111236572
-0.0111236572
-0.0666961670
-0.0333557129
0.0333557129
0.3073730469
-0.4354400635
0.6659698486
-0.2049102783
0.0256195068
0.3585968018
0.0256195068
0.2817535400
0.2349853516
-0.7832946777
-0.2349853516
-0.0783233643
-0.0783233643
-0.0783233643
-0.1566619873
0.1566619873
0.9619598389
0.1154327393
0.0769500732
0.0000000000
0.0000000000
0.0769500732
0.0000000000
0.0384826660
-0.1147766113
-0.3443145752
0.1147766113
0.4590759277
-0.1147766113
-0.2295379639
0.2295379639
0.1147766113
-0.2142791748
0.0000000000
0.3214111328
-0.3214111328
-0.3214111328
-0.3214111328
0.3214111328
-0.1071319580
0.0567474365
0.9872894287
0.0000000000
-0.0113525391
0.0226898193
0.0794372559
0.0680847168
-0.0794372559
-0.1078491211
-0.0359497070
-0.5392456055
0.7010192871
-0.0179748535
-0.0898742676
0.0000000000
-0.4313964844
0.2282714844
-0.0622558594
-0.3735351562
-0.0830078125
-0.8715820312
-0.0415039062
-0.1245117188
-0.0830078125
-0.0742645264
0.0371246338
0.0742645264
0.1113891602
-0.2599029541
-0.9282379150
0.0000000000
0.0371246338
0.2305297852
0.5379028320
0.0768432617
-0.2305297852
-0.7300109863
-0.0768432617
-0.0768432617
0.0768432617
0.2433929443
-0.0608520508
-0.5476379395
0.1825408936
0.3042449951
0.3042449951
0.2433929443
-0.4867858887
0.6892547607
0.3282165527
0.1641082764
-0.2953948975
-0.2625732422
0.3282165527
-0.2297515869
-0.1969299316
0.0406799316
-0.0711975098
0.9458312988
0.3051147461
0.0203399658
0.0101776123
0.0406799316
0.0101776123
-0.1075439453
-0.1613159180
0.2151031494
0.1613159180
0.5915222168
0.6452941895
-0.1613159180
-0.0537719727
-0.0643768311
0.0321807861
-0.0321807861
0.0804595947
-0.0160980225
0.0482788086
-0.9816894531
-0.1126556396
0.4565582275
-0.1630554199
0.6848449707
0.1956634521
0.3261108398
-0.2935028076
-0.1630554199
0.0652160645
0.0268707275
0.9941101074
0.0134277344
0.0134277344
0.0134277344
0.0134277344
0.0000000000
0.0671691895
0.3480072021
0.2320098877
-0.2320098877
0.0000000000
0.1159973145
-0.4640045166
-0.1159973145
0.0000000000
0.0000000000
-0.5378112793
-0.1195220947
-0.0597534180
0.1792755127
-0.2390289307
0.5975799561
0.3585510254
0.3216094971
0.3484191895
0.7504272461
0.0000000000
0.1340026855
0.2412109375
-0.1608123779
0.2948150635
-0.5698699951
0.0000000000
0.2849273682
-0.2849273682
-0.3989105225
0.3419189453
-0.3419189453
-0.1139678955
-0.1111450195
0.3334350586
0.3334350586
0.1111450195
-0.2222900391
-0.3334350586
0.3334350586
-0.1111450195
0.8642578125
-0.0576171875
-0.3264923096
-0.0192108154
-0.0576171875
0.3072967529
0.1728515625
0.0576171875
-0.0411834717
-0.1029357910
0.8853149414
-0.1441192627
-0.2058868408
0.2058868408
0.2882385254
-0.0411834717
0.0000000000
-0.1250000000
0.0000000000
0.2500000000
0.1250000000
0.3750000000
0.0000000000
0.1250000000
-0.0769653320
-0.0192413330
0.0769653320
-0.9812927246
0.0192413330
0.0577239990
-0.0769653320
-0.0577239990
-0.0227661133
0.9901733398
0.0227661133
-0.0910491943
-0.0227661133
-0.0341491699
-0.0341491699
-0.0569000244
0.0577392578
0.3464355469
0.1154785156
0.3464355469
0.5773925781
-0.2886962891
0.4041748047
0.2309570312
-0.0924835205
-0.3699645996
-0.6936798096
-0.1849822998
-0.0462493896
0.0000000000
-0.2312316895
0.4624481201
0.1707611084
-0.3073730469
0.0683135986
-0.4439849854
0.0341491699
0.2049255371
-0.1707611084
-0.7513732910
0.0234375000
0.0000000000
-0.0703125000
0.9922485352
-0.0703125000
0.0000000000
-0.0078125000
0.0546875000
-0.1735229492
0.9771728516
0.0274047852
0.0091400146
-0.0274047852
-0.0365295410
-0.0639343262
0.0730590820
0.1737670898
-0.4054565430
0.6081848145
-0.2606506348
0.0000000000
0.2606506348
-0.0289611816
0.5213012695
0.2455902100
-0.7367553711
0.0000000000
0.0000000000
-0.0818634033
-0.3274383545
-0.1637268066
0.1637268066
0.9667358398
-0.0210113525
0.1260986328
0.0630493164
-0.1050872803
0.1050872803
0.0420379639
-0.0840606689
-0.2222900391
-0.3334350586
0.0000000000
0.4445648193
-0.2222900391
0.0000000000
0.3334350586
0.1111450195
-0.4096679688
-0.2048339844
0.2048339844
-0.3072509766
-0.4096679688
0.1024169922
0.3072509766
0.0000000000
0.0846099854
0.9669494629
0.0362548828
-0.0362548828
0.0604400635
0.1208648682
0.1208648682
-0.1329498291
-0.1210632324
-0.0269012451
-0.4976806641
0.7532501221
0.0000000000
-0.0134582520
-0.0269012451
-0.4035339355
0.1766662598
-0.0706634521
-0.3709869385
-0.1236572266
-0.8833160400
0.0706634521
-0.0176696777
-0.1236572266
-0.0336303711
-0.0336303711
0.0672607422
0.2017669678
-0.1345062256
-0.9415740967
-0.0336303711
0.1008911133
0.4410247803
0.4777679443
0.0735015869
-0.3675231934
-0.5880279541
0.0367584229
-0.1102600098
0.1837615967
0.2082977295
0.1041564941
-0.4165954590
0.1562194824
0.1562194824
0.4165954590
0.0520782471
-0.6769714355
0.5350952148
0.3312530518
0.0764465332
-0.1783599854
-0.3567352295
0.4076995850
-0.4586639404
-0.2038421631
0.0460815430
-0.1013641357
0.9399414062
0.3133087158
0.0276489258
-0.0184326172
0.0276489258
0.0368652344
0.0000000000
-0.1685180664
0.2808685303
0.0000000000
0.3932189941
0.7302703857
-0.2247009277
-0.2247009277
-0.0147705078
0.0000000000
-0.0295562744
0.0147705078
0.0295562744
-0.0147705078
-0.9898986816
-0.1034240723
0.5386505127
-0.1346588135
0.6059875488
0.1346588135
0.4376525879
-0.0673370361
-0.2693328857
-0.0336608887
0.0093688965
0.9938201904
-0.0187530518
0.0093688965
0.0093688965
0.0000000000
0.0093688965
0.0937500000
0.2295379639
0.2295379639
-0.1147766113
-0.1147766113
-0.1147766113
-0.5738525391
0.0000000000
0.1147766113
-0.0540924072
-0.5949554443
0.0540924072
0.0000000000
-0.0540924072
0.2163543701
0.6490478516
0.2704315186
0.3521728516
0.2485961914
0.7043457031
0.0000000000
0.2485961914
0.3107452393
-0.2900238037
0.2485961914
-0.6273651123
0.0784149170
0.2352600098
-0.2744750977
-0.3921051025
0.4705352783
-0.1960601807
-0.0784149170
-0.1920013428
0.3840026855
0.0959930420
0.2879943848
-0.0959930420
-0.3840026855
0.4799957275
-0.0959930420
0.8890991211
-0.0935821533
-0.2651672363
-0.0779876709
-0.1403808594
0.2807617188
0.1091918945
0.0779876709
0.0565185547
-0.1318817139
0.9232025146
-0.0376739502
-0.1884155273
0.1318817139
0.2449340820
0.0376892090
-0.2905578613
-0.2905578613
-0.0968475342
0.4842681885
-0.0968475342
0.2905578613
0.3874053955
0.0968475342
-0.1163787842
0.0498809814
0.0997467041
-0.9808807373
0.0000000000
-0.0166320801
-0.0498809814
0.0166320801
-0.0306243896
0.9903564453
0.0408325195
-0.0918884277
0.0306243896
0.0102081299
-0.0612640381
0.0000000000
0.1649322510
0.2748870850
0.2748870850
0.3848419189
0.4947967529
-0.3298645020
0.4398193359
0.1649322510
-0.0830078125
-0.4980773926
-0.4980773926
-0.2075347900
-0.2075347900
0.0415039062
-0.2490386963
0.5395812988
0.2158966064
-0.2775878906
0.0308380127
-0.4626312256
0.0925292969
0.1542053223
-0.3084259033
-0.7093658447
0.0312042236
-0.0077972412
-0.0390014648
0.9907989502
-0.0936126709
0.0077972412
-0.0077972412
0.0702209473
-0.1239776611
0.9840850830
0.0232391357
0.0309906006
-0.0697326660
-0.0309906006
-0.0309906006
0.0774841309
0.1022186279
-0.1788940430
0.6133422852
-0.3322296143
-0.1022186279
0.2299957275
-0.1022186279
0.6133422852
0.1499938965
-0.7500000000
0.0749969482
0.0749969482
0.0749969482
-0.4499969482
0.0000000000
0.0749969482
0.9479217529
0.0291595459
0.1312561035
0.1458282471
-0.1166687012
0.1750030518
0.0583343506
-0.0874938965
-0.2222900391
-0.1111450195
0.0000000000
0.4445648193
-0.1111450195
0.2222900391
0.4445648193
0.1111450195
-0.4658508301
-0.3726806641
-0.0931701660
-0.1863403320
-0.3726806641
0.3726806641
0.0931701660
0.0931701660
0.0552062988
0.9715576172
0.0441589355
-0.0662384033
0.0772857666
0.1103973389
0.0993652344
-0.1214447021
-0.1173706055
0.0000000000
-0.4481201172
0.8002319336
-0.0426788330
-0.0106658936
0.0000000000
-0.3734436035
0.1030883789
-0.0824737549
-0.3711395264
-0.1030883789
-0.8866271973
0.0824737549
0.0206146240
-0.1649475098
-0.0309906006
0.0000000000
0.0309906006
0.1549530029
0.0309906006
-0.9606933594
-0.0619812012
0.1239624023
0.5234527588
0.3925933838
0.0981445312
-0.4253082275
-0.5234527588
0.1308593750
-0.1308593750
0.1962890625
0.1890716553
0.1512451172
-0.3781280518
0.2268829346
0.0756225586
0.4159393311
-0.0756225586
-0.7184448242
0.6002349854
0.3001098633
0.0214385986
-0.1500549316
-0.3001098633
0.3644256592
-0.4930419922
-0.2143707275
0.0808563232
-0.0970306396
0.9460144043
0.2910766602
0.0080871582
-0.0242614746
0.0000000000
0.0404205322
-0.0513153076
-0.0513153076
0.3079071045
-0.2052612305
0.2052612305
0.7697448730
-0.2052612305
-0.3079071045
-0.0124206543
-0.0124206543
0.0248260498
0.0124206543
0.0124206543
0.0000000000
-0.9931182861
-0.0868988037
0.6125030518
-0.0644683838
0.4835510254
0.0967102051
0.4835510254
0.0967102051
-0.2901306152
-0.1289520264
0.0234527588
0.9926147461
-0.0703430176
0.0312652588
0.0078125000
-0.0078125000
-0.0078125000
0.0781555176
0.1202545166
0.1202545166
0.1202545166
-0.2405242920
-0.2405242920
-0.3607788086
0.2405242920
-0.2405242920
-0.0436706543
-0.5676269531
0.1309967041
0.0000000000
-0.1746520996
0.4366302490
0.6112823486
-0.0436706543
0.3850708008
0.2618408203
0.6161041260
0.0616149902
0.3080596924
0.3850708008
-0.3388671875
0.1848297119
-0.7155303955
0.0933227539
0.1866607666
-0.2799835205
-0.3110961914
0.4355316162
-0.2177734375
0.0311126709
-0.2187805176
0.4375762939
-0.2187805176
0.2187805176
0.0000000000
-0.3281707764
0.3281707764
0.0000000000
0.9190368652
-0.0875244141
-0.1750488281
-0.1458740234
-0.1896362305
0.2042388916
0.1021118164
0.0291748047
0.0660705566
-0.2147369385
0.9415283203
0.0165252686
-0.1486663818
0.0660705566
0.1651763916
0.0165252686
-0.3512420654
-0.2634277344
-0.1756134033
0.3512420654
-0.2634277344
0.1756134033
0.5268554688
0.0878143311
-0.1240539551
0.0551300049
0.0964965820
-0.9786834717
-0.0413513184
-0.0689239502
-0.0137786865
0.0413513184
-0.0238952637
0.9876403809
0.0318603516
-0.0398254395
0.0876159668
0.0477905273
-0.0955810547
-0.0159301758
0.2915039062
0.0971679688
0.4372558594
0.3886718750
0.4372558594
-0.2429199219
0.4858398438
0.0000000000
-0.0515899658
-0.6190643311
0.1547698975
-0.2063598633
-0.2063598633
0.0000000000
-0.3095245361
0.5674743652
0.3266906738
-0.2178039551
-0.0272216797
-0.4628143311
0.0816802979
0.1089019775
-0.3539276123
-0.6806182861
0.0467529297
-0.0311584473
-0.0311584473
0.9894409180
-0.0856933594
0.0155792236
0.0000000000
0.0856933594
-0.0932159424
0.9865722656
0.0233001709
0.0233001709
-0.0932159424
-0.0155334473
0.0000000000
0.0776824951
0.0660247803
-0.1760864258
0.6163024902
-0.3301544189
-0.0660247803
0.2201080322
0.0000000000
0.6383056641
0.2904663086
-0.6535491943
0.1452331543
0.0000000000
0.2178497314
-0.4356994629
0.2178497314
-0.0726165771
0.9378356934
0.0493621826
0.1357421875
0.1727600098
-0.1480865479
0.1604156494
0.0863800049
-0.0987243652
-0.1135406494
0.0000000000
0.0000000000
0.3406372070
0.0000000000
0.2270965576
0.4541778564
0.3406372070
-0.4263610840
-0.4263610840
-0.2131805420
0.0000000000
-0.2131805420
0.3197631836
-0.1065826416
0.1065826416
0.0097198486
0.9912719727
0.0097198486
-0.0291595459
0.0777435303
0.0485992432
0.0388793945
-0.0583038330
-0.1009979248
0.0091857910
-0.3856506348
0.8447418213
-0.0459136963
-0.0091857910
0.0275421143
-0.3489227295
-0.0239105225
-0.0239105225
-0.3107452393
-0.1195220947
-0.9083404541
0.1195220947
0.0478057861
-0.1673278809
0.0628356934
0.0628356934
0.0000000000
0.0314178467
0.4084014893
-0.8482055664
-0.1570739746
0.2199096680
0.5295715332
0.3065948486
0.1114959717
-0.4459533691
-0.4459533691
0.2787322998
-0.2229766846
0.2508544922
0.1563873291
0.1251068115
-0.3440399170
0.2502136230
0.0938262939
0.3440399170
-0.0938262939
-0.7819213867
0.7703857422
0.2276153564
0.0000000000
-0.1050567627
-0.2100982666
0.2276153564
-0.4552307129
-0.1750793457
0.0918273926
-0.0765228271
0.9565734863
0.2601928711
-0.0229644775
-0.0229644775
0.0076599121
0.0000000000
-0.1295166016
0.0863494873
0.3885498047
-0.1726989746
0.3453826904
0.7339477539
-0.2158660889
-0.1726989746
-0.0099639893
-0.0099639893
0.0099639893
0.0298767090
0.0199127197
0.0099639893
-0.9957733154
-0.0597534180
0.6331024170
-0.1055145264
0.3517303467
0.1055145264
0.5275878906
0.1055145264
-0.2813873291
-0.2110290527
0.0312194824
0.9914245605
-0.0702514648
0.0546417236
-0.0078125000
-0.0078125000
-0.0468444824
0.0624542236
0.0000000000
0.0000000000
0.2199401855
-0.2199401855
-0.2199401855
-0.1099700928
0.4398803711
-0.4398803711
0.0000000000
-0.4931488037
0.1344909668
-0.0896606445
-0.2241516113
0.5828094482
0.4931488037
-0.1793212891
0.4196777344
0.2797851562
0.5455780029
0.1398925781
0.3077545166
0.4056854248
-0.3357391357
0.2238311768
-0.7278594971
0.1213073730
0.1516418457
-0.3639373779
-0.2426147461
0.4245910645
-0.0909881592
0.1516418457
0.1190643311
0.3572082520
-0.3572082520
0.1190643311
-0.2381439209
-0.2381439209
0.1190643311
0.1190643311
0.9405059814
-0.0972900391
-0.0648651123
-0.0972900391
-0.2432403564
0.1135101318
0.0972900391
-0.0486450195
0.0306243896
-0.2908630371
0.9338226318
0.0765380859
-0.1683959961
0.0153045654
0.0153045654
-0.0153045654
-0.4204864502
-0.3363952637
-0.1681976318
0.2522888184
-0.1681976318
0.2522888184
0.5045928955
0.1681976318
-0.0761108398
0.0435028076
0.0543670654
-0.9895324707
-0.0326232910
-0.0652465820
0.0000000000
0.0326232910
-0.0154724121
0.9820251465
0.0077362061
0.0154724121
0.1005249023
0.0850524902
-0.1237182617
-0.0231933594
0.3615722656
0.0000000000
0.4971466064
0.2711791992
0.4067535400
-0.2259826660
0.4971466064
0.1355895996
-0.0752563477
-0.3386230469
0.7901306152
-0.1881256104
-0.1128692627
0.0376281738
-0.3010101318
0.2633819580
0.3658752441
-0.1567993164
-0.0522613525
-0.4442749023
0.0261383057
0.1306762695
-0.4181365967
-0.6533508301
0.0624389648
-0.0468292236
-0.0156097412
0.9912414551
-0.0702514648
0.0312194824
0.0156097412
0.0546417236
-0.0312805176
0.9933319092
0.0156402588
-0.0078277588
-0.0703887939
-0.0078277588
-0.0078277588
0.0703887939
0.1068115234
-0.1708984375
0.6622619629
-0.2777252197
-0.0427246094
0.3418121338
-0.0427246094
0.5554504395
0.2863311768
-0.8017120361
0.1717987061
-0.1145324707
0.1717987061
-0.1717987061
0.1145324707
-0.2290649414
0.9264221191
0.0386047363
0.1544036865
0.2187347412
-0.1544036865
0.1415405273
0.1157989502
-0.0772094727
-0.2474365234
0.2474365234
0.1237182617
0.1237182617
-0.1237182617
0.0000000000
0.0000000000
-0.1237182617
0.1654357910
-0.5514373779
0.2205657959
0.0000000000
-0.1654357910
-0.6617126465
0.1654357910
-0.1654357910
-0.0118560791
0.9954986572
-0.0118560791
0.0000000000
-0.0474090576
-0.0236968994
-0.0118560791
0.0355529785
-0.0139465332
0.0139465332
-0.5158233643
0.7807159424
-0.0557708740
-0.0697021484
0.0836486816
-0.3206481934
0.3237762451
-0.3237762451
-0.6475524902
0.0883026123
-0.3237762451
-0.4415130615
0.1471710205
0.1177368164
0.2751312256
0.0917053223
0.0000000000
0.0917053223
-0.0458526611
-0.8712463379
-0.2751312256
-0.0458526611
0.1395721436
0.5815277100
-0.0697784424
-0.1628265381
-0.6978302002
0.0930480957
-0.2093505859
0.2326049805
0.1558074951
0.0000000000
-0.8309478760
0.0519409180
0.3115997314
0.0000000000
0.0000000000
-0.3115997314
0.9052276611
0.0177459717
0.1419982910
0.0354919434
-0.2839965820
0.1064910889
-0.2129974365
-0.1064910889
0.0776062012
-0.0886993408
0.9534301758
0.2660827637
0.0000000000
0.0332641602
-0.0332641602
-0.0110931396
-0.8026275635
-0.1888580322
0.0472106934
0.0000000000
0.4249114990
0.1416320801
-0.1888580322
0.0944213867
-0.1132202148
0.0226440430
-0.0566101074
0.0452880859
-0.0226440430
0.0566101074
-0.9850769043
-0.0566101074
-0.0995330811
-0.2985992432
0.2985992432
0.0995330811
-0.3981323242
-0.1990661621
-0.2985992432
0.3981323242
0.0100402832
0.9935760498
-0.0903320312
-0.0200653076
0.0200653076
0.0200653076
0.0000000000
0.0100402832
-0.1456146240
0.0000000000
-0.1456146240
0.0727996826
0.0727996826
-0.0727996826
0.0000000000
-0.8736724854
0.1219482422
0.1219482422
0.1219482422
0.1219482422
0.0000000000
-0.1219482422
-0.2438964844
0.4878082275
0.3349914551
0.3908233643
0.6420593262
0.2791595459
0.1395721436
0.2791595459
-0.1674957275
0.3070678711
0.3219299316
0.0000000000
0.1931610107
-0.2575378418
-0.2575378418
-0.3219299316
-0.3863067627
0.5794677734
0.1208343506
-0.1208343506
-0.3625183105
0.3625183105
-0.2416839600
-0.1208343506
0.1208343506
0.1208343506
0.8571014404
0.0714263916
-0.1904754639
-0.3571319580
-0.2380828857
0.1428527832
-0.0238037109
0.0238037109
0.0000000000
0.0512237549
0.8708801270
0.0256195068
-0.2305297852
0.1024627686
0.3842163086
0.0768432617
0.1237182617
-0.2474365234
-0.1237182617
0.0000000000
0.1237182617
0.1237182617
-0.2474365234
0.0000000000
-0.0460205078
-0.0153350830
0.0306854248
-0.9818267822
-0.1380615234
-0.0153350830
-0.0613708496
0.0460205078
-0.0516052246
0.9933166504
-0.0386962891
0.0516052246
0.0128936768
0.0258026123
-0.0128936768
-0.0128936768
-0.3738708496
0.3323364258
0.0830841064
0.3323364258
0.3738708496
-0.4154205322
0.1246185303
0.4985046387
-0.2452392578
-0.1471405029
0.8828735352
-0.0980987549
0.0000000000
-0.0490417480
-0.0980987549
0.1961975098
-0.0546417236
-0.3278961182
0.2732391357
-0.1092987061
-0.0546417236
0.0546417236
0.1639404297
-0.8197174072
0.0223846436
0.0000000000
-0.0447540283
0.9958496094
0.0111846924
0.0223846436
-0.0335693359
0.0000000000
-0.2416381836
0.9263000488
0.0805511475
-0.0402679443
-0.0805511475
-0.2215118408
-0.0201416016
0.0805511475
0.4636840820
0.0220794678
0.6623992920
-0.2649688721
-0.0441589355
0.4857635498
-0.1324768066
-0.0662384033
0.1217041016
-0.7910308838
-0.0608520508
-0.1825408936
-0.1825408936
-0.3042449951
-0.2433929443
0.1217041016
0.7593688965
0.2250061035
-0.0562438965
-0.0281219482
0.3374938965
0.0281219482
-0.2250061035
0.4218750000
-0.1245422363
-0.2490844727
0.2490844727
0.2490844727
0.0000000000
-0.2490844727
0.1245422363
0.1245422363
0.1149139404
-0.4596252441
0.2872619629
-0.1149139404
-0.1149139404
-0.6894378662
0.2298126221
-0.1723632812
0.0137481689
0.9900207520
-0.0137481689
0.0412445068
-0.0825042725
-0.0412445068
0.0137481689
0.0550079346
0.0751953125
0.0150451660
-0.5113525391
0.7068634033
-0.0751953125
-0.1804809570
0.1503906250
-0.4060668945
0.3020324707
-0.2416229248
-0.6644592285
0.0906066895
-0.5436553955
-0.1510162354
0.2114257812
0.0906066895
0.4522552490
0.1130676270
0.1130676270
0.2826538086
0.2826538086
-0.6218414307
-0.3391876221
0.0565338135
0.1645050049
0.5757446289
-0.0616912842
-0.1850585938
-0.7196807861
0.1028137207
-0.1645050049
0.1850585938
0.1737976074
0.0000000000
-0.8110504150
0.0579376221
0.4055175781
0.0000000000
0.0579376221
-0.1737976074
0.7707366943
0.0440368652
0.0660705566
0.0440368652
-0.4184112549
0.2422332764
-0.3303222656
-0.1981964111
0.1530151367
-0.1530151367
0.9290313721
0.2623138428
0.0218658447
0.0983734131
-0.0546417236
-0.0655822754
-0.6056518555
-0.2752990723
0.1101226807
0.2202453613
0.4955444336
0.2752990723
-0.1651763916
0.2202453613
-0.0756530762
0.0605163574
-0.0605163574
0.0453948975
-0.0302581787
0.0605163574
-0.9834899902
-0.0756530762
0.0609588623
-0.1828918457
0.7315368652
0.0609588623
0.0000000000
-0.4267272949
-0.2438507080
0.2438507080
0.0557708740
0.9815368652
-0.1673126221
0.0223083496
0.0000000000
0.0223083496
-0.0223083496
0.0000000000
-0.1242218018
0.1242218018
-0.1242218018
0.1242218018
0.2484588623
-0.2484588623
-0.2484588623
-0.2484588623
0.1224670410
0.1224670410
0.0000000000
0.1224670410
0.0000000000
-0.1224670410
-0.4898986816
0.2449493408
0.3242950439
0.4594268799
0.6486053467
0.1891784668
0.1351318359
0.1891784668
-0.0810699463
0.3783569336
0.2889556885
0.0000000000
0.0000000000
-0.1444854736
-0.2889556885
-0.2167205811
-0.5056762695
0.5779266357
0.2405242920
-0.1202545166
0.1202545166
0.2405242920
-0.3607788086
-0.2405242920
0.2405242920
0.1202545166
0.8272094727
0.0769500732
-0.2308502197
-0.3270416260
-0.3270416260
0.1731414795
0.0192413330
0.0192413330
0.1276245117
0.0000000000
0.8295745850
0.0000000000
-0.2552490234
0.1595306396
0.3828887939
0.1595306396
0.1224670410
-0.2449493408
-0.3674163818
0.1224670410
0.0000000000
0.3674163818
0.0000000000
0.0000000000
-0.0867156982
0.0000000000
0.0216827393
-0.9754638672
-0.0650329590
-0.0867156982
-0.1083831787
0.0433502197
-0.0590820312
0.9895782471
-0.0443115234
0.0443115234
0.0000000000
0.0000000000
-0.0295410156
-0.0738525391
-0.2141723633
0.3748016357
0.1070861816
0.3748016357
0.4818878174
-0.3212585449
0.0000000000
0.4818878174
-0.2455902100
-0.5730285645
0.0000000000
0.1637268066
0.0000000000
-0.0818634033
-0.3274383545
0.4911651611
0.1037292480
-0.3630523682
0.1555938721
-0.3630523682
-0.0518646240
-0.0518646240
0.0518646240
-0.7779693604
0.0405426025
-0.0202789307
-0.0709533691
0.9933929443
-0.0405426025
0.0101318359
-0.0101318359
0.0304107666
-0.2954254150
0.9059600830
0.0590820312
0.0196990967
-0.0787811279
-0.2560272217
-0.0196990967
0.0590820312
0.3949584961
0.1727905273
0.7158508301
-0.2468414307
-0.1727905273
0.3208923340
-0.2962188721
0.0246887207
0.1168518066
-0.8179168701
0.0584259033
-0.0584259033
-0.2921142578
-0.2336883545
-0.2336883545
0.0584259033
0.8178405762
0.1982574463
-0.0247802734
-0.0495605469
0.3221740723
-0.0743560791
-0.1982574463
0.3469543457
-0.3316650391
-0.2211151123
0.3316650391
0.4422149658
-0.1105499268
-0.2211151123
0.0000000000
0.1105499268
0.0604095459
-0.3624267578
0.3020324707
-0.3020324707
-0.1812133789
-0.6040496826
0.3624267578
-0.1812133789
0.1026611328
0.9826354980
0.0293273926
0.0439910889
-0.0146636963
0.0146636963
0.1173248291
0.0000000000
0.0651245117
-0.0325622559
-0.4721832275
0.6349945068
-0.0814056396
-0.2767944336
0.1953887939
-0.4884643555
0.2643737793
-0.0961303711
-0.5287628174
-0.0720977783
-0.6248931885
0.3364868164
0.3364868164
-0.0240325928
0.3678131104
0.0613098145
0.0613098145
0.3678131104
0.5517272949
-0.4291229248
-0.3065185547
0.1226043701
0.2530364990
0.5904083252
-0.0843505859
-0.2530364990
-0.6325836182
0.2530364990
-0.1475982666
0.1265106201
0.2123718262
0.2123718262
-0.6371307373
-0.1415863037
0.4247436523
0.2123718262
0.2123718262
-0.2123718262
0.6573791504
0.0680084229
-0.0453338623
-0.0906677246
-0.3853607178
0.2946777344
-0.4306945801
-0.3400268555
0.1752319336
-0.2141723633
0.9053955078
0.2725830078
0.0292053223
0.1362915039
-0.0292053223
-0.0778808594
-0.3566436768
-0.0594482422
0.1783294678
0.0594482422
0.6538543701
0.4755249023
-0.1783294678
0.1783294678
-0.0667266846
0.1112213135
-0.0444793701
0.0889739990
-0.0222473145
0.0444946289
-0.9564666748
-0.2001953125
0.2280883789
0.0000000000
0.8210906982
0.1368560791
0.2280883789
-0.2736968994
-0.2280883789
0.0912322998
0.0526580811
0.9689025879
-0.2316894531
0.0210571289
0.0105285645
0.0105285645
-0.0210571289
-0.0105285645
0.2320098877
0.2320098877
-0.1159973145
0.2320098877
0.1159973145
-0.4640045166
-0.1159973145
0.2320098877
0.2705993652
-0.1804046631
-0.1804046631
-0.0901947021
0.3607940674
-0.5411987305
-0.2705993652
-0.2705993652
0.3661804199
0.4348449707
0.6408233643
0.0686645508
0.2059783936
0.2059783936
-0.0915527344
0.3890686035
0.0000000000
0.1749572754
-0.3499298096
0.0000000000
-0.4374084473
0.0874786377
-0.4374084473
0.4374084473
0.1972351074
-0.1972351074
0.2958526611
0.2958526611
-0.2958526611
-0.3944702148
0.3944702148
0.0000000000
0.7751159668
0.0620117188
-0.2945404053
-0.3255462646
-0.3720550537
0.2325286865
0.0465087891
0.0155029297
0.2045593262
-0.1363677979
0.7841491699
0.0340881348
-0.2727508545
0.2045593262
0.3750305176
0.1704711914
0.1213989258
-0.1213989258
-0.2428131104
0.1213989258
0.1213989258
0.3642120361
0.3642120361
0.0000000000
-0.1135864258
-0.0283966064
0.1703796387
-0.9370574951
-0.0851898193
-0.1419830322
-0.1135864258
0.1135864258
-0.0446014404
0.9811401367
-0.0297241211
0.0446014404
0.0743255615
-0.0148620605
-0.0743255615
-0.1189270020
0.1254577637
0.3763580322
0.2509002686
0.4390869141
0.5645294189
-0.3136291504
-0.0627288818
0.1881713867
-0.0568084717
-0.5112304688
-0.3976287842
-0.0568084717
-0.1704101562
0.0000000000
-0.3408203125
0.5680236816
0.2507629395
-0.3343505859
0.0417938232
-0.5433349609
0.0417938232
-0.0835876465
-0.1253814697
-0.6687164307
0.1008758545
-0.0641937256
-0.1008758545
0.9813232422
-0.0641937256
0.0000000000
0.0183410645
0.0733642578
-0.2050018311
0.9461975098
0.0473022461
-0.0157623291
-0.0630798340
-0.2050018311
0.0000000000
0.0788421631
0.2003021240
0.1752624512
0.7511291504
-0.2754211426
-0.3254852295
0.1001586914
-0.3004608154
0.2503814697
0.0546417236
-0.8197174072
0.3278961182
-0.0546417236
-0.2732391357
-0.1092987061
-0.1639404297
0.0546417236
0.9552001953
0.1245880127
0.0830688477
-0.0207672119
0.1453552246
-0.0415344238
-0.0830688477
0.1453552246
-0.2498626709
-0.1249389648
0.2498626709
0.2498626709
-0.1249389648
0.0000000000
0.1249389648
0.0000000000
-0.0849761963
-0.2549438477
0.1699676514
-0.3399353027
-0.2549438477
-0.5099029541
0.4249114990
-0.1699676514
0.1258850098
0.9598236084
0.1101379395
0.0314636230
0.0000000000
0.0472106934
0.1888122559
-0.0629425049
-0.0162353516
-0.0162353516
-0.4219360352
0.6978149414
0.0000000000
-0.2272033691
0.1460571289
-0.5030822754
0.1479339600
0.0246582031
-0.5177459717
-0.1232757568
-0.5424041748
0.4684295654
0.3944702148
-0.0739593506
0.2485504150
0.0000000000
-0.1491241455
0.1988372803
0.7953491211
-0.1988372803
-0.3479614258
0.0497131348
0.3609771729
0.5672454834
-0.0515747070
-0.3094024658
-0.5156860352
0.3094024658
-0.1547088623
0.2062683105
0.3644256592
0.3644256592
-0.4251556396
0.0000000000
0.2429504395
0.3644256592
-0.0607299805
-0.4859008789
0.6340484619
0.1981353760
-0.0792541504
-0.2179565430
-0.2377777100
0.2774047852
-0.4953613281
-0.3368377686
0.1897583008
-0.2439727783
0.8945770264
0.2891540527
-0.0090332031
0.1174774170
0.0090332031
-0.0632476807
-0.0716857910
0.0000000000
0.1433715820
-0.2867431641
0.5018005371
0.6451873779
-0.2150573730
-0.0716857910
-0.0247955322
0.1487426758
-0.0991668701
0.1239471436
0.0495758057
0.0000000000
-0.9172515869
-0.2974853516
0.3323364258
0.0000000000
0.7892913818
0.0415344238
0.2907867432
-0.0830841064
-0.3323364258
-0.0830841064
-0.0089569092
0.9678344727
-0.2419586182
-0.0358428955
0.0179290771
0.0089569092
0.0089569092
0.0179290771
0.2468566895
0.2468566895
-0.2468566895
0.0000000000
-0.1234283447
-0.2468566895
-0.1234283447
0.2468566895
0.3087463379
-0.3087463379
-0.1029205322
0.1029205322
0.1029205322
0.0000000000
0.1029205322
-0.6174926758
0.3752136230
0.4147186279
0.6319427490
0.0789947510
0.2764739990
0.2567291260
-0.1974792480
0.2962188721
-0.3979492188
0.2653045654
-0.5306091309
-0.0663299561
-0.3316345215
0.3979492188
0.0000000000
0.2653045654
0.0000000000
-0.1019134521
0.3057556152
0.3057556152
-0.3057556152
-0.4076843262
0.4076843262
0.0000000000
0.7641296387
0.0707550049
-0.2830047607
-0.3254699707
-0.4103698730
0.2122650146
0.0707550049
0.0141448975
0.2182922363
-0.1871185303
0.8419952393
0.0000000000
-0.1871185303
0.0935516357
0.3430328369
0.1247406006
-0.1039276123
-0.2078704834
-0.2078704834
0.3117980957
0.0000000000
0.1039276123
0.6236114502
-0.1039276123
-0.1044311523
-0.0261077881
0.2088623047
-0.9398498535
-0.1305389404
-0.1044311523
0.0261077881
0.1044311523
-0.0273284912
0.9839935303
-0.0136718750
0.0000000000
0.1230010986
0.0000000000
-0.0820007324
-0.0546722412
0.1203765869
0.3009338379
0.4213104248
0.4213104248
0.5416870117
-0.3009338379
-0.0601806641
0.1805572510
-0.1394805908
-0.4649353027
-0.3254547119
-0.2324676514
-0.2324676514
0.0929870605
-0.3254547119
0.6044311523
0.3300933838
-0.1467132568
-0.0733489990
-0.5134887695
0.1467132568
0.0366821289
-0.2200622559
-0.6968688965
0.1261444092
-0.0924987793
-0.0672760010
0.9755096436
-0.0756835938
-0.0084075928
0.0336456299
0.1009216309
-0.1109313965
0.9736785889
0.0739440918
-0.0246429443
-0.0493011475
-0.1479034424
0.0246429443
0.0616302490
0.1915740967
0.1702880859
0.6598510742
-0.2341461182
-0.3618621826
0.1915740967
-0.3618621826
0.3618621826
-0.0708770752
-0.8859100342
0.3189239502
-0.0708770752
0.0000000000
-0.1771850586
-0.1063079834
0.1417388916
0.9762420654
0.0856323242
0.1541442871
0.0342559814
0.0342559814
0.0513763428
0.0342559814
-0.0171203613
-0.2500000000
-0.1250000000
0.2500000000
0.2500000000
-0.1250000000
0.0000000000
0.1250000000
-0.1250000000
-0.1213989258
-0.2428131104
0.0000000000
-0.3642120361
-0.1213989258
0.1213989258
0.3642120361
-0.1213989258
0.0905303955
0.9415588379
0.1991729736
-0.0181121826
0.0181121826
0.0543212891
0.1991729736
-0.1086425781
-0.0594940186
0.0297393799
-0.3123168945
0.7584838867
0.0000000000
-0.1635894775
0.1338500977
-0.5205383301
-0.0973663330
0.2272033691
-0.6815948486
-0.0649108887
-0.2272033691
0.4543914795
0.4219360352
0.0000000000
0.2419128418
-0.0345611572
-0.0691223145
0.0691223145
0.8639678955
0.0345611572
-0.3801422119
0.0000000000
0.4587554932
0.4587554932
0.0539703369
-0.3778076172
-0.4587554932
0.1889038086
-0.2428741455
0.3238220215
0.3470001221
0.2602539062
-0.3036346436
0.1301269531
0.1735076904
0.3470001221
-0.2602539062
-0.6506347656
0.7279510498
0.2690277100
-0.1107788086
-0.1740722656
-0.1266021729
0.2373809814
-0.4589233398
-0.2532043457
0.1918640137
-0.2558135986
0.8953704834
0.2798004150
-0.0319824219
0.1119232178
0.0239868164
-0.0399780273
0.1808929443
0.1808929443
0.1808929443
-0.3014831543
0.4220733643
0.6632537842
-0.2411804199
-0.1205902100
-0.0184631348
0.0738525391
-0.0553894043
0.1292572021
0.0184631348
0.0000000000
-0.9601593018
-0.2031097412
0.4067382812
-0.1220245361
0.6914672852
-0.1220245361
0.3253936768
0.0406799316
-0.3253936768
-0.2440490723
-0.0156860352
0.9565124512
-0.2822570801
-0.0235137939
0.0078430176
0.0313568115
0.0078430176
0.0391998291
0.2468566895
0.0000000000
0.0000000000
-0.1234283447
-0.4937286377
-0.1234283447
0.0000000000
0.0000000000
0.0629730225
-0.3778381348
0.1259460449
0.1889190674
-0.2518920898
0.3778381348
0.3778381348
-0.5667572021
0.3085021973
0.4113311768
0.6375732422
0.1028289795
0.3290710449
0.2879333496
-0.2673645020
0.2056732178
-0.6353302002
0.2722930908
-0.2269134521
-0.1361389160
-0.1815185547
0.4991912842
0.2269134521
0.2269134521
0.0000000000
-0.1039276123
0.0000000000
0.3117980957
-0.2078704834
-0.5196685791
0.4157409668
0.1039276123
0.7654418945
0.0556640625
-0.2505035400
-0.3618469238
-0.4314270020
0.1391754150
0.0695800781
-0.0278320312
0.1506652832
-0.2410736084
0.8738861084
0.0301361084
-0.1506652832
0.1205291748
0.2712097168
0.1205291748
-0.1024169922
-0.2048339844
-0.1024169922
0.3072509766
-0.2048339844
0.0000000000
0.6144866943
-0.2048339844
-0.1043853760
-0.0626373291
0.1043853760
-0.9603881836
-0.1252746582
-0.1043853760
0.1043853760
0.0208740234
0.0243225098
0.9728546143
0.0243225098
-0.0243225098
0.1824188232
0.0608062744
-0.0972900391
-0.0243225098
0.0543212891
0.2716217041
0.5975799561
0.3802795410
0.4346008301
-0.3259582520
0.0543212891
0.1629791260
-0.3259277344
-0.4481658936
-0.2037048340
-0.2444458008
-0.2037048340
0.2037048340
-0.2851867676
0.6111297607
0.4056091309
0.0000000000
-0.1560058594
-0.4367980957
0.0624084473
0.1872100830
-0.2808074951
-0.6864013672
0.0902404785
-0.0820312500
-0.0410156250
0.9762573242
-0.1066436768
-0.0246124268
0.0328216553
0.1230621338
-0.0602111816
0.9833984375
0.0802764893
-0.0501708984
-0.0602111816
-0.0903167725
0.0200653076
0.0702362061
0.1817321777
0.1453857422
0.6360321045
-0.2180633545
-0.3271026611
0.2725830078
-0.3089294434
0.4543151855
-0.0295562744
-0.8868865967
0.3547515869
-0.0295562744
0.1182556152
-0.1478118896
-0.0886840820
0.1182556152
0.9699707031
0.0797271729
0.1461639404
0.0398559570
-0.0531463623
0.0797271729
0.0797271729
-0.0930175781
-0.2490844727
0.0000000000
0.2490844727
0.3736267090
0.0000000000
-0.1245422363
0.1245422363
0.0000000000
-0.1243286133
-0.1243286133
-0.1243286133
0.0000000000
0.1243286133
0.3729858398
0.0000000000
0.0000000000
0.0239715576
0.9351806641
0.2158050537
-0.0239715576
-0.0479583740
0.0719299316
0.2158050537
-0.0719299316
-0.0266418457
0.0000000000
-0.2264099121
0.7990722656
0.0000000000
-0.1331787109
0.1731262207
-0.5060729980
-0.3854675293
0.3854675293
-0.5957336426
0.0700836182
0.2102508545
0.3854675293
0.3153839111
0.1051330566
0.2345581055
-0.1042480469
-0.0260620117
0.0521240234
0.8600769043
0.1824340820
-0.3648834229
-0.0521240234
0.4621276855
0.3337554932
0.0513458252
-0.4107666016
-0.4364471436
0.1797180176
-0.3337554932
0.3851013184
0.3063049316
0.1361389160
-0.2722778320
0.2382354736
0.1020965576
0.2722778320
-0.2722778320
-0.7487487793
0.8376312256
0.2375335693
-0.1375274658
-0.1250152588
-0.0875091553
0.1875305176
-0.3750610352
-0.1375274658
0.1984710693
-0.2409973145
0.9001922607
0.2764282227
-0.0496215820
0.1063232422
0.0141754150
-0.0141754150
0.1158599854
0.2896575928
0.2896575928
-0.1737976074
0.4634552002
0.6372528076
-0.2317199707
-0.0579376221
-0.0753021240
0.0125427246
-0.0125427246
0.1004028320
0.0125427246
-0.0376434326
-0.9788970947
-0.1380462646
0.2951507568
-0.2108154297
0.7167968750
-0.1686553955
0.2951507568
0.0843353271
-0.2951507568
-0.2951507568
0.0076904297
0.9384002686
-0.3384399414
0.0307617188
-0.0153808594
0.0230712891
-0.0153808594
0.0307617188
0.3299102783
-0.1099700928
0.2199401855
-0.2199401855
-0.5498504639
0.0000000000
-0.1099700928
-0.1099700928
-0.0428161621
-0.3425292969
0.2140808105
0.1284484863
-0.3853454590
0.5566101074
0.3425292969
-0.4281616211
0.2762603760
0.4341278076
0.5722503662
0.1775970459
0.2762603760
0.3946533203
-0.3354644775
0.1381378174
-0.6992797852
0.2622375488
-0.0437011719
-0.2622375488
-0.1311187744
0.3496398926
0.3496398926
0.2185211182
0.0000000000
0.0000000000
0.0000000000
0.2258758545
-0.1129455566
-0.5646972656
0.3388214111
0.1129455566
0.7494201660
-0.0272521973
-0.2043914795
-0.3134002686
-0.5314025879
0.0681304932
0.0681304932
0.0000000000
0.1287994385
-0.3434753418
0.6869354248
0.2575988770
-0.3434753418
0.3005371094
0.1717376709
0.1717376709
-0.2931823730
-0.0977325439
0.0000000000
0.1954498291
-0.1954498291
0.0977325439
0.6840820312
-0.0977325439
-0.1378326416
-0.1181488037
0.0000000000
-0.9648590088
-0.0984497070
-0.0787658691
0.0787658691
-0.0393829346
0.0326690674
0.9691009521
0.0435485840
0.0108947754
0.1959991455
0.0980072021
-0.0762176514
-0.0108947754
0.0975189209
0.0975189209
0.7313537598
0.2437896729
0.4388122559
-0.2925415039
0.0975189209
0.1462707520
-0.4190521240
-0.3352355957
0.1257171631
-0.2095184326
-0.1257171631
0.2933349609
-0.2095184326
0.6704711914
0.4574737549
0.0285949707
-0.2287445068
-0.4288787842
-0.0285949707
0.2859191895
-0.3431091309
-0.5718383789
0.0548095703
-0.0639343262
-0.0456695557
0.9682464600
-0.1735534668
-0.0456695557
0.0456695557
0.1278839111
0.0093078613
0.9864349365
0.0744476318
-0.0186157227
-0.0465240479
-0.0744476318
0.0000000000
0.1023712158
0.1648254395
0.1198730469
0.6742706299
-0.1947937012
-0.2547302246
0.3446350098
-0.3146667480
0.4195404053
0.0000000000
-0.9176788330
0.3058929443
-0.1176452637
0.0705871582
-0.1176452637
-0.0941162109
0.0705871582
0.9792633057
0.0816040039
0.1282348633
0.0349731445
-0.0116577148
0.0582885742
0.0466308594
-0.0816040039
-0.4918823242
0.0000000000
0.1229705811
0.0000000000
0.1229705811
0.1229705811
0.0000000000
-0.2459411621
0.2273712158
-0.4168395996
0.4547271729
0.0000000000
-0.2652587891
-0.5684204102
0.1894683838
-0.3031616211
0.0186920166
0.9905090332
0.0000000000
0.0000000000
0.0373840332
-0.0373840332
0.0560607910
-0.0373840332
0.0290985107
-0.0290985107
-0.5527496338
0.7273101807
-0.0145416260
0.0581817627
0.1018218994
-0.3782043457
0.5913543701
-0.1576995850
-0.4336547852
0.0788421631
-0.0788421631
-0.2365417480
0.5519256592
0.1182708740
0.0652008057
0.3259735107
0.3911743164
0.4563751221
0.3259735107
-0.4563751221
0.0652008057
0.2607879639
0.0754699707
0.6289062500
-0.1257781982
-0.2012481689
-0.6037597656
0.2767181396
-0.2012481689
0.2012481689
0.1015167236
-0.1015167236
-0.9136505127
-0.0676727295
0.1691894531
-0.0338439941
0.0000000000
-0.2707061768
0.9578857422
-0.0897979736
0.1197357178
0.0000000000
-0.1047668457
0.0449066162
-0.1945648193
-0.0449066162
0.0496520996
-0.1588897705
0.9533538818
0.2284088135
0.0099334717
0.0794525146
-0.0397186279
-0.0099334717
-0.8066101074
0.0000000000
0.0537719727
0.0000000000
0.4839630127
-0.0537719727
-0.0537719727
0.1075439453
-0.1273345947
-0.0381927490
-0.0509338379
0.1145935059
0.1018676758
0.1145935059
-0.9676971436
-0.0381927490
0.0000000000
0.1828918457
0.6096191406
-0.0609588623
-0.3048095703
-0.4267272949
-0.3657684326
0.2438507080
0.0093688965
0.9741821289
-0.2154388428
-0.0093688965
0.0374755859
-0.0093688965
0.0000000000
0.0093688965
0.1196746826
-0.3590087891
0.0000000000
0.2393341064
-0.1196746826
-0.3590087891
-0.1196746826
-0.2393341064
-0.1504211426
0.5264587402
0.3008422852
0.4512481689
-0.2256317139
0.3008422852
-0.1504211426
0.2256317139
0.3867645264
0.3008117676
0.5156860352
0.4297332764
0.3008117676
0.0429687500
-0.2578430176
0.3008117676
0.6790924072
0.0323333740
-0.0970153809
-0.3880462646
-0.3880462646
-0.3233795166
-0.0646820068
0.2910461426
-0.1341247559
0.2011871338
-0.8718109131
0.0670623779
-0.1341247559
-0.0670623779
0.0000000000
0.0670623779
0.8785705566
0.0199737549
-0.0998382568
-0.3793792725
-0.1797027588
0.0399322510
-0.1597442627
-0.0399322510
0.0383605957
0.0767364502
0.8824005127
0.0000000000
-0.0767364502
0.2301940918
0.3069152832
0.1150970459
0.0000000000
0.0000000000
-0.1129455566
-0.3388214111
0.0000000000
0.1129455566
-0.5646972656
0.2258758545
0.0000000000
-0.0903930664
-0.0542297363
-0.9761657715
-0.1265411377
-0.0723114014
0.0542297363
0.0361480713
0.0146484375
0.9809417725
-0.0585632324
0.1464080811
0.0732116699
0.0146484375
-0.0146484375
0.0000000000
-0.4442138672
0.5626678467
0.1776885986
0.4145965576
0.2369079590
-0.3553771973
0.0296173096
0.2665252686
-0.1636657715
0.0654602051
0.9492797852
-0.0327301025
-0.0654602051
-0.1309356689
0.0327301025
-0.0982055664
-0.1240081787
-0.2480010986
0.1860046387
-0.2480010986
-0.1860046387
-0.4960174561
0.1860046387
-0.6200256348
0.0561523438
-0.0140380859
0.0702056885
0.9827880859
-0.0702056885
-0.0982818604
0.0000000000
0.0702056885
-0.2802581787
0.9248352051
0.0840759277
0.0280303955
0.0000000000
-0.1401214600
-0.0280303955
0.1121063232
0.4306640625
0.4119415283
0.5055694580
-0.0374450684
-0.0749053955
0.4681243896
-0.3183288574
-0.2247009277
0.0000000000
-0.9226684570
0.0683441162
0.1708679199
0.0000000000
0.0341796875
-0.2392120361
0.1366882324
0.9101257324
0.0546112061
-0.0182037354
0.0182037354
0.2912445068
-0.0182037354
-0.2366333008
0.1274108887
-0.3748016357
-0.1249389648
0.1249389648
0.1249389648
0.1249389648
0.1249389648
0.0000000000
-0.1249389648
0.1210327148
-0.3630828857
0.4841003418
-0.0806884766
-0.2420501709
-0.6454772949
0.1613616943
-0.2420501709
0.0738830566
0.9789581299
0.0738830566
0.0000000000
-0.0369415283
-0.0923614502
0.0923614502
-0.0369415283
0.0996856689
-0.0166168213
-0.5316314697
0.7143859863
-0.0166168213
0.0332336426
0.1661376953
-0.3987274170
0.5490570068
-0.2562255859
-0.4392395020
0.0000000000
-0.2928314209
0.2196197510
0.5124511719
0.0000000000
0.3700714111
0.2114715576
0.1057281494
0.2643432617
0.7401428223
0.0528717041
-0.1585998535
0.2643432617
0.0461578369
0.5539398193
-0.1154022217
-0.2308044434
-0.6462707520
0.3231353760
-0.0923309326
0.2769775391
0.0000000000
0.0000000000
-0.9288787842
-0.0928955078
0.2322235107
0.0000000000
0.0464477539
0.0464477539
0.9080810547
-0.0637207031
0.0318603516
0.0477905273
-0.2071075439
0.0796508789
-0.3186187744
-0.0955810547
0.0995025635
-0.2170867920
0.9225921631
0.2351684570
0.0452270508
0.1628112793
-0.0361785889
-0.0633087158
-0.6835327148
-0.0911407471
0.1367034912
0.1822814941
0.5923919678
0.1367034912
-0.0455627441
0.1822814941
-0.0914916992
0.0000000000
-0.0152435303
0.1372528076
0.0914916992
0.1219940186
-0.9607391357
-0.1372528076
0.0000000000
0.2008361816
0.7531127930
-0.1506195068
-0.0502014160
-0.3514556885
-0.4016571045
0.0000000000
0.0616302490
0.9595794678
-0.2640991211
0.0352172852
0.0176086426
0.0088043213
-0.0176086426
-0.0352172852
0.1166229248
-0.1166229248
0.0000000000
0.2332305908
0.1166229248
-0.1166229248
-0.1166229248
0.5830993652
-0.0596466064
0.5368652344
0.2386016846
0.5368652344
-0.2982635498
0.3579101562
-0.1193084717
-0.1193084717
0.3223419189
0.3683929443
0.5065460205
0.3683929443
0.3683929443
0.1381530762
-0.0921020508
0.3683929443
0.6687469482
0.0303955078
-0.1215972900
-0.3343658447
-0.2735748291
-0.5167541504
-0.0911865234
0.2127838135
-0.1082458496
0.1082458496
-0.6495208740
0.0000000000
-0.3247528076
-0.1082458496
0.0000000000
0.0000000000
0.7910461426
0.1054687500
-0.1054687500
-0.3691558838
-0.3867340088
0.0351562500
-0.2285308838
-0.0527343750
0.1329498291
0.0664672852
0.8641357422
-0.0332336426
0.0000000000
0.1329498291
0.3988342285
0.1329498291
0.0000000000
0.0000000000
-0.2357025146
-0.1178436279
0.0000000000
0.1178436279
-0.1178436279
0.1178436279
-0.0230560303
-0.0691680908
-0.0922241211
-0.9683685303
-0.0922241211
-0.1152801514
0.0691680908
0.0691680908
0.0317230225
0.9676361084
-0.0951843262
0.1903533936
0.0634460449
0.0317230225
-0.0158691406
-0.0634460449
-0.3942260742
0.5519256592
0.2365417480
0.4336547852
0.2365417480
-0.3153839111
-0.1182708740
0.2759704590
-0.1385955811
-0.0462036133
0.9239196777
0.0923919678
-0.1385955811
-0.0923919678
0.0000000000
-0.1385955811
0.0000000000
-0.2390289307
-0.0597534180
-0.3585510254
-0.1792755127
-0.4780578613
0.0000000000
-0.6573333740
0.0846252441
-0.0140991211
0.0282135010
0.9732818604
-0.1128387451
-0.1128387451
0.0000000000
0.1128387451
-0.4820251465
0.7786560059
0.1853942871
0.1483154297
-0.1112365723
-0.1112365723
-0.0370788574
0.1853942871
0.3527374268
0.5095062256
0.5486907959
0.0000000000
-0.2351531982
0.3135375977
-0.3527374268
-0.1567687988
0.0000000000
-0.8843383789
0.2792663574
0.1396331787
-0.0930938721
-0.1396331787
-0.1396331787
0.0465393066
0.9420928955
0.0478973389
-0.0319366455
-0.0159606934
0.2554779053
-0.0478973389
-0.1437072754
0.1117706299
-0.3748321533
-0.1249389648
0.1249389648
0.0000000000
0.0000000000
0.1249389648
0.1249389648
-0.2498779297
0.0533142090
-0.3198852539
0.4265136719
-0.1066284180
-0.2665710449
-0.6397857666
0.1599426270
-0.3198852539
0.1583557129
0.9303588867
0.1979522705
-0.0395965576
-0.0593872070
-0.0989685059
0.1979522705
-0.0593872070
0.2081146240
0.0160064697
-0.4962615967
0.6563568115
-0.0320129395
-0.0960540771
0.2721405029
-0.4322357178
0.3336944580
-0.1668395996
-0.3893127441
-0.0278015137
-0.2502746582
0.5283508301
0.5839691162
-0.0278015137
0.3008117676
0.1289215088
-0.0859527588
0.1718902588
0.7735137939
0.1289215088
-0.3008117676
0.3008117676
0.1260375977
0.4621429443
-0.1890563965
-0.2730865479
-0.5881958008
0.4621429443
0.0000000000
0.2940979004
0.1104583740
0.2761383057
-0.7179565430
0.0000000000
0.3313598633
0.0000000000
0.2761383057
0.3313598633
0.8409576416
-0.0504608154
-0.1345520020
0.0336456299
-0.2186431885
0.1681976318
-0.4036560059
-0.1513671875
0.1448364258
-0.2385559082
0.8945922852
0.2385559082
0.0596466064
0.2215118408
-0.0340728760
-0.0937194824
-0.5856323242
-0.1254882812
0.2509918213
0.0418243408
0.6274719238
0.3346557617
-0.0836639404
0.0836639404
-0.0373840332
0.0747833252
0.0373840332
0.1495666504
0.0373840332
0.1121673584
-0.9534606934
-0.1869506836
0.2878570557
0.1439361572
0.7556304932
-0.0719604492
0.1799163818
-0.3238372803
-0.3598327637
-0.1079406738
0.0672149658
0.9409790039
-0.3192596436
0.0335998535
0.0084075928
0.0084075928
-0.0335998535
-0.0588073730
0.1093902588
0.1093902588
-0.1093902588
0.1093902588
0.2187805176
0.1093902588
-0.1093902588
0.6563568115
0.0966033936
0.5313110352
0.2415008545
0.3863983154
-0.2897949219
0.4347076416
0.0482940674
-0.3863983154
0.3470001221
0.3036346436
0.4771270752
0.2602539062
0.4337463379
0.3036346436
-0.1735076904
0.3470001221
0.5833282471
0.1093750000
-0.1093750000
-0.2187500000
-0.2187500000
-0.6197814941
-0.2187500000
0.2552032471
0.1184692383
-0.2369232178
0.2369232178
0.0000000000
-0.1184692383
-0.1184692383
0.4738464355
-0.2369232178
0.6671142578
0.1334228516
-0.1630706787
-0.3409729004
-0.5930023193
0.0592956543
-0.1630706787
-0.0741271973
0.2722015381
0.0000000000
0.8165893555
0.0000000000
-0.0302429199
0.0907287598
0.4536590576
0.1209716797
-0.1228332520
0.2456817627
-0.2456817627
-0.1228332520
0.0000000000
0.0000000000
0.1228332520
0.0000000000
0.0879974365
-0.0586700439
-0.1173248291
-0.9386444092
-0.0293273926
-0.1759948730
0.1759948730
0.0586700439
0.0166015625
0.9625244141
-0.0829772949
0.1327667236
0.1493530273
0.0000000000
0.0000000000
-0.1327667236
-0.1137847900
0.3982696533
0.4551544189
0.3982696533
0.3413696289
-0.3982696533
-0.2275848389
0.1706848145
-0.1024932861
-0.1024932861
0.9224853516
0.0512542725
-0.1537475586
-0.0512542725
-0.0512542725
-0.1024932861
0.2209014893
-0.2209014893
-0.1104583740
-0.3865814209
0.0552215576
-0.1656799316
-0.1104583740
-0.7731781006
0.1303405762
-0.0521392822
-0.0130310059
0.9515075684
-0.1824798584
-0.1042785645
0.0260620117
0.1564178467
-0.3476715088
0.7996368408
0.2086029053
0.1738281250
-0.2781372070
-0.1390686035
0.0000000000
0.1738281250
0.1464080811
0.5856170654
0.4601287842
0.0000000000
-0.4601287842
0.1464080811
-0.4182891846
0.0418243408
0.0462036133
-0.8315277100
0.4157714844
0.0000000000
-0.0462036133
-0.2309875488
-0.0923919678
0.0000000000
0.9654235840
0.0742645264
0.0297088623
0.0000000000
0.1930847168
-0.0297088623
-0.1039733887
0.0742645264
-0.1153869629
-0.2307739258
0.1153869629
0.0000000000
-0.1153869629
0.3461608887
0.2307739258
-0.4615325928
0.0783233643
-0.2349853516
0.2349853516
-0.1566619873
-0.3133239746
-0.3916473389
0.3133239746
-0.5483093262
0.2522888184
0.8577575684
0.3279724121
-0.0756835938
-0.0504608154
-0.1009063721
0.2270507812
-0.0504608154
0.1986236572
0.0000000000
-0.3972473145
0.7222595215
-0.0541687012
-0.1264038086
0.2527923584
-0.4333648682
0.0916137695
-0.0916137695
-0.2748565674
0.0610809326
-0.0610809326
0.7023925781
0.6107788086
0.0610809326
0.2895355225
0.0000000000
-0.2251892090
0.0965118408
0.8042449951
0.2895355225
-0.2573547363
0.1608428955
0.2540740967
0.3811035156
-0.2286682129
-0.3302917480
-0.3302917480
0.6605834961
-0.1016235352
0.2286682129
0.2744750977
0.6038360596
-0.4940490723
0.0549011230
0.1646881104
-0.0549011230
0.2744750977
0.3293609619
0.8821563721
0.0163421631
-0.1797027588
0.0000000000
-0.0980224609
0.1633605957
-0.3430633545
-0.1633605957
0.1698455811
-0.2358856201
0.8869476318
0.2170257568
0.0094299316
0.2641906738
-0.0094299316
-0.0943603516
-0.2904815674
-0.1452331543
0.3872985840
-0.0968322754
0.5809631348
0.5325469971
-0.1936492920
0.0000000000
-0.0221099854
0.1105346680
0.0884246826
0.1547546387
0.0221099854
0.0663146973
-0.9506072998
-0.1768646240
0.3910369873
0.2132873535
0.6398773193
-0.1421966553
0.3199310303
-0.2132873535
-0.2843933105
-0.3199310303
0.0261535645
0.9329833984
-0.3487701416
0.0000000000
0.0087127686
0.0174407959
-0.0261535645
-0.0610351562
0.2438964844
0.2438964844
-0.1219482422
-0.1219482422
0.1219482422
0.2438964844
0.1219482422
0.3658599854
0.0499572754
0.3497009277
0.2997436523
0.2997436523
-0.2997436523
0.5495147705
0.2497863770
-0.3996582031
0.3819732666
0.4167022705
0.4861450195
0.2083435059
0.3819732666
0.3819732666
-0.1041717529
0.2430725098
0.4542846680
0.2725677490
-0.2271423340
-0.2271423340
-0.2271423340
-0.5905609131
-0.2725677490
0.2725677490
0.0000000000
-0.2320098877
0.3480072021
0.2320098877
0.0000000000
-0.1159973145
0.4640045166
-0.1159973145
0.6246948242
0.1277770996
-0.1987609863
-0.2981414795
-0.6672821045
0.0709838867
-0.0709838867
-0.0567932129
0.3979492188
0.0331573486
0.7627410889
0.0331573486
0.0331573486
0.0331573486
0.4642791748
0.0663299561
-0.1150360107
0.1150360107
0.0000000000
0.1150360107
0.0000000000
0.0000000000
0.2300720215
0.0000000000
0.1269836426
-0.0317382812
-0.0634918213
-0.9523773193
-0.0634918213
-0.0952301025
0.1587219238
-0.0317382812
0.0000000000
0.9664306641
-0.0357971191
0.0000000000
0.1968688965
-0.0536956787
0.0357971191
-0.1073760986
0.2472076416
0.0000000000
0.5768280029
0.2472076416
0.1648101807
-0.4120178223
-0.3296203613
-0.0823974609
-0.1722106934
0.0861053467
0.9041137695
-0.0861053467
0.0000000000
-0.0430603027
-0.1722106934
-0.2152709961
0.3220062256
0.0000000000
-0.1840057373
-0.4140014648
0.1380004883
0.2299957275
-0.0919952393
-0.7360076904
0.1386260986
-0.0630187988
0.0252075195
0.9578094482
-0.1512298584
-0.0630187988
0.0000000000
0.1638336182
-0.1004333496
0.9290313721
0.1506500244
0.0753326416
-0.2259826660
-0.0753326416
0.0753326416
0.1255493164
0.0865936279
0.5195159912
0.4545745850
-0.0432891846
-0.5195159912
0.1731719971
-0.4112854004
0.1731719971
-0.0368041992
-0.8832397461
0.3312072754
0.0736083984
0.0368041992
-0.1840057373
-0.1103973389
0.1103973389
0.9831695557
0.0733642578
0.0733642578
-0.0293426514
0.1173858643
0.0146789551
-0.0293426514
0.0000000000
-0.1219482422
0.0000000000
0.1219482422
-0.1219482422
-0.1219482422
0.1219482422
0.2438964844
-0.4878082275
0.2176361084
-0.2176361084
-0.1088256836
0.0000000000
-0.2176361084
0.0000000000
0.3264617920
-0.5440979004
0.1521453857
0.8875274658
0.3550109863
-0.0253601074
0.0000000000
-0.1014251709
0.1775054932
0.0000000000
0.1241455078
-0.0827636719
-0.1862030029
0.8482818604
-0.0620727539
-0.1241302490
0.2275848389
-0.3724212646
-0.0376281738
0.0376281738
-0.1881256104
0.1881256104
0.0376281738
0.7525024414
0.5267486572
0.1881256104
0.3295135498
-0.0941467285
-0.1647491455
0.0706024170
0.7767028809
0.4001159668
-0.2588958740
0.0470733643
0.4147796631
0.2962799072
0.0296325684
-0.3555297852
-0.0592498779
0.6221771240
-0.2962799072
0.3258972168
0.3008422852
0.7520904541
-0.2256317139
0.1504211426
-0.2256317139
0.0000000000
0.1504211426
-0.0752105713
0.9212646484
0.0962524414
-0.1787567139
0.0000000000
-0.0274963379
0.1100006104
-0.2612609863
-0.1512603760
0.1761322021
-0.2279510498
0.8910522461
0.1761322021
-0.0828857422
0.2693939209
0.0207214355
-0.0932464600
-0.0540161133
-0.1080169678
0.4320678711
0.0000000000
0.5400848389
0.5941009521
-0.2160339355
0.1080169678
-0.0737762451
0.0737762451
0.1291046143
0.1291046143
-0.0737762451
0.0553283691
-0.9590148926
-0.1291046143
0.4642791748
0.1326446533
0.5969238281
-0.1326446533
0.3979492188
0.0331573486
-0.1989746094
-0.3979492188
0.0303039551
0.9394836426
-0.3333740234
-0.0101013184
0.0000000000
0.0303039551
0.0101013184
-0.0303039551
0.1238555908
0.1238555908
-0.2477111816
-0.2477111816
-0.1238555908
0.3715667725
0.1238555908
0.0000000000
0.0381622314
0.2290191650
0.3435211182
0.2671813965
-0.3435211182
0.6488800049
0.3435211182
-0.2290191650
0.2857055664
0.5396728516
0.5079345703
0.2222137451
0.3174591064
0.4126892090
0.0000000000
0.1269836426
0.1083374023
0.3791656494
-0.3249969482
-0.4875030518
-0.2166595459
-0.4875030518
-0.2166595459
0.2708282471
0.1247863770
-0.1247863770
0.1247863770
0.1247863770
-0.1247863770
0.0000000000
0.3743438721
0.2495727539
0.6041870117
0.0843048096
-0.1826629639
-0.2669677734
-0.7165985107
0.0421600342
-0.0281066895
-0.0281066895
0.4380798340
0.0364990234
0.6936187744
0.0364990234
0.1825256348
0.0364990234
0.4745788574
0.1460266113
0.0000000000
0.0000000000
0.2495727539
0.2495727539
0.0000000000
0.0000000000
0.3743438721
-0.1247863770
0.0286712646
0.0286712646
0.0573425293
-0.9749298096
-0.0573425293
-0.0286712646
0.1147003174
-0.0286712646
0.0547943115
0.9681091309
0.0000000000
-0.0547943115
0.1643981934
-0.0730590820
0.0913391113
-0.0730590820
0.5191192627
-0.2595672607
0.5191192627
0.0865173340
0.0000000000
-0.1730346680
-0.2595672607
-0.1730346680
-0.3925933838
0.1744842529
0.7852020264
-0.1744842529
0.0872497559
0.0000000000
-0.1744842529
-0.2617340088
0.3278503418
0.1229400635
-0.2458801270
-0.3688201904
0.0819549561
0.3278503418
-0.1639251709
-0.6966705322
0.0860443115
-0.0737457275
0.0368804932
0.9710235596
-0.1106262207
-0.0122985840
-0.0122985840
0.1597900391
-0.0174560547
0.9779357910
0.1047821045
0.0349273682
-0.1047821045
0.0000000000
0.0523834229
0.0873107910
0.1405639648
0.4015960693
0.5823211670
-0.0803222656
-0.4216766357
0.2811279297
-0.3815155029
0.2409667969
-0.0903167725
-0.9031982422
0.3311767578
0.1204223633
0.0000000000
-0.1204223633
0.0000000000
0.0903167725
0.9880371094
0.0395202637
0.0658721924
-0.0526885986
0.0658721924
0.0263519287
0.0131683350
-0.0658721924
-0.1250000000
0.0000000000
0.1250000000
0.0000000000
-0.1250000000
0.0000000000
0.2500000000
-0.3750000000
-0.1208343506
-0.1208343506
-0.1208343506
0.2416839600
-0.1208343506
0.3625183105
0.1208343506
-0.3625183105
0.0000000000
0.8874511719
0.3327941895
0.0832061768
0.0277404785
-0.0831909180
0.2496032715
0.0000000000
0.1375427246
-0.1375427246
0.0229187012
0.8710632324
-0.1146087646
-0.0916900635
0.2979888916
-0.2750701904
-0.0999908447
0.2666168213
-0.0666503906
0.2999572754
0.0333251953
0.7332153320
0.3999328613
0.2999572754
0.2916564941
-0.2291564941
-0.2083282471
0.0833282471
0.7291412354
0.4374847412
-0.2708282471
0.0416717529
0.4640197754
0.2729492188
0.1637725830
-0.2729492188
-0.0545959473
0.5732116699
-0.3275451660
0.3821411133
0.2852935791
0.5706024170
-0.1426544189
0.3566284180
-0.1426544189
0.0713195801
0.0000000000
-0.4992675781
0.9684906006
0.0880432129
-0.1257781982
-0.0377349854
0.0000000000
0.0377349854
-0.1509399414
-0.0880432129
0.1842346191
-0.2456512451
0.8904876709
0.2149505615
-0.0818786621
0.2354125977
-0.0102386475
-0.0307006836
-0.1033172607
0.0516510010
0.3616027832
0.0516510010
0.5682220459
0.5682220459
-0.3099365234
0.1549682617
-0.0987243652
0.0000000000
0.1128234863
0.0846099854
-0.0987243652
0.0140991211
-0.9730834961
-0.0846099854
0.4863586426
0.0607910156
0.5775451660
-0.0911865234
0.3343658447
0.2127838135
-0.1519927979
-0.4559631348
0.0635833740
0.9409332275
-0.3178863525
0.0381469727
-0.0127105713
0.0254364014
0.0254364014
-0.0381469727
0.0000000000
0.1237182617
-0.2474365234
-0.2474365234
-0.1237182617
0.1237182617
0.0000000000
0.1237182617
-0.0350036621
0.2100067139
0.4199981689
0.2100067139
-0.3849945068
0.6649932861
0.2100067139
-0.2449951172
0.1396331787
0.5864562988
0.4468231201
0.2513427734
0.0279235840
0.5864562988
-0.0558471680
0.0279235840
-0.3058929443
0.3058929443
-0.3568725586
-0.5608062744
-0.2039337158
-0.4588470459
-0.1019592285
0.1529541016
0.1219482422
0.0000000000
-0.1219482422
0.1219482422
-0.2438964844
0.1219482422
0.1219482422
0.4878082275
0.5463256836
0.0266571045
-0.0932769775
-0.1998748779
-0.7994995117
-0.0266571045
-0.0799560547
-0.0133209229
0.5249633789
0.0437469482
0.5687103271
0.0874938965
0.3062286377
0.2187347412
0.3062286377
0.3062286377
0.0000000000
-0.2099609375
0.0000000000
0.0000000000
0.1049804688
-0.3149414062
0.6298675537
-0.2099609375
-0.1316375732
-0.0658264160
0.0658264160
-0.9543914795
0.0000000000
0.0329132080
0.0987243652
-0.1316375732
0.0516510010
0.9640808105
0.0172119141
0.0860748291
0.1893768311
-0.0516510010
0.0860748291
-0.0688629150
0.2760772705
-0.1840515137
0.5521545410
0.3681030273
0.0920257568
0.0000000000
-0.0920257568
-0.3681030273
-0.5370635986
0.3068847656
0.2301635742
-0.3836212158
0.3068847656
-0.0767211914
-0.1534423828
0.3068847656
0.3833770752
0.1533508301
-0.3450317383
-0.3067016602
0.0383300781
0.3450317383
-0.2683563232
-0.6133880615
0.0379791260
-0.0632934570
0.0253143311
0.9620971680
-0.1898803711
0.0000000000
0.0000000000
0.1645660400
0.0535125732
0.9767150879
0.0936584473
0.1471710205
0.0133819580
0.0668945312
0.0267639160
0.0401458740
0.1801452637
0.3602752686
0.6605072021
-0.1000823975
-0.2602081299
0.3202514648
-0.3602752686
0.2802124023
-0.0925445557
-0.9485931396
0.2313690186
0.0000000000
-0.0231323242
-0.1156768799
0.0462799072
0.0694122314
0.9851684570
0.0608062744
0.0486450195
-0.0729827881
0.0729827881
0.0121612549
0.0243225098
-0.0851440430
0.0000000000
0.0000000000
-0.1208343506
-0.6042022705
0.0000000000
0.0000000000
0.1208343506
0.0000000000
0.3847808838
-0.2308654785
0.2308654785
-0.2308654785
-0.3463134766
-0.5002288818
0.3078308105
-0.4232635498
0.0377960205
0.9826965332
0.0755920410
-0.0188903809
0.0566864014
-0.0566864014
0.0755920410
-0.0566864014
0.1210327148
0.0000000000
-0.5916748047
0.6185760498
0.0000000000
0.0269012451
0.2689514160
-0.4168701172
0.3890991211
0.0897979736
-0.1496582031
-0.0299377441
-0.0598602295
0.4190368652
0.7782135010
-0.0598602295
0.0000000000
0.1185455322
0.5927276611
0.6717681885
0.2370910645
0.0000000000
0.2766113281
0.0000000000
0.1416320801
0.4721374512
0.1416320801
-0.0944213867
-0.4721374512
0.5665588379
-0.0472106934
0.3304901123
0.0830841064
-0.0830841064
-0.9139251709
0.0000000000
0.1246185303
-0.0415344238
0.1246185303
-0.2492523193
0.9725036621
-0.0585784912
0.0000000000
0.0351562500
-0.0702972412
0.0702972412
-0.1874694824
-0.0117187500
-0.0224761963
-0.1498565674
0.9516296387
0.2547760010
0.0000000000
0.0599517822
-0.0149841309
-0.0299682617
-0.6608734131
-0.0600738525
0.0000000000
0.0000000000
0.5407104492
0.0000000000
-0.2403106689
0.3003997803
-0.0448913574
-0.0718231201
-0.0179595947
0.0807952881
0.0628356934
0.0628356934
-0.9875030518
-0.0179595947
-0.1458282471
0.0364532471
0.9478912354
-0.0364532471
-0.1458282471
-0.1093750000
0.0000000000
0.0364532471
-0.0080108643
0.9764404297
-0.2080993652
0.0000000000
0.0320129395
0.0080108643
0.0000000000
0.0080108643
0.0000000000
-0.3388214111
-0.1129455566
0.4517517090
-0.1129455566
-0.3388214111
0.0000000000
0.2258758545
-0.1303863525
0.4563751221
0.2607879639
0.3911743164
-0.1303863525
0.5215606689
-0.3259735107
0.1303863525
0.3415527344
0.4036407471
0.5899505615
0.1862945557
0.1862945557
0.4036407471
-0.2483978271
0.2173461914
0.6537933350
0.0261535645
-0.2615203857
-0.3922729492
-0.3922729492
-0.3922729492
0.1307525635
0.0523071289
0.0495300293
0.0495300293
-0.9410095215
0.0495300293
0.0495300293
-0.0495300293
0.0000000000
0.1485748291
0.7658996582
0.0712432861
-0.0356292725
-0.4274749756
-0.3027954102
0.0000000000
-0.3384246826
-0.0890502930
-0.0609130859
-0.0609130859
0.9136199951
0.0304565430
0.1218109131
0.1827239990
-0.2740783691
-0.0609130859
0.1153869629
0.3461608887
-0.1153869629
-0.3461608887
0.0000000000
0.0000000000
-0.4615325928
0.0000000000
0.1196899414
-0.1795349121
-0.0997314453
-0.9574890137
0.0000000000
-0.0598449707
0.0997314453
-0.0199432373
0.0995330811
0.9787139893
0.0000000000
0.1327056885
0.0663604736
0.0165863037
0.0000000000
-0.0331726074
-0.5329895020
0.5329895020
0.1705627441
0.4263916016
0.2345123291
-0.2771606445
0.2131958008
0.1705627441
0.0347595215
0.1738281250
0.7996368408
0.0695343018
0.0000000000
-0.3476715088
0.2086029053
-0.3476715088
0.0481872559
0.0481872559
-0.1927490234
-0.3855133057
-0.4818878174
-0.6746368408
0.0963745117
-0.1927490234
0.0155944824
-0.0779724121
0.2183227539
0.9512634277
-0.1403503418
-0.0935668945
-0.0311889648
0.0623779297
-0.2108764648
0.9621124268
0.0395355225
0.0263519287
0.0659027100
-0.0922546387
-0.0922546387
-0.0263519287
0.4270324707
0.5046844482
0.5046844482
0.0582275391
-0.0776367188
0.4270324707
-0.2717437744
-0.1746978760
-0.0229492188
-0.9869689941
-0.0229492188
0.0458984375
-0.0229492188
0.0688629150
0.0229492188
0.0000000000
0.9836425781
0.0000000000
0.0156097412
0.0156097412
0.1249084473
-0.0156097412
-0.0780639648
-0.0468444824
-0.1245422363
0.0000000000
0.0000000000
-0.4981536865
0.0000000000
0.0000000000
0.1245422363
-0.1245422363
0.2759704590
-0.2365417480
0.2759704590
-0.1971130371
-0.3548126221
-0.5913543701
0.1971130371
-0.4336547852
0.0299987793
0.9750366211
0.1200103760
-0.0449981689
0.0449981689
-0.1050109863
0.0899963379
-0.0599975586
0.1920471191
0.0000000000
-0.5121459961
0.7041931152
-0.0128021240
0.0512084961
0.3072814941
-0.3200836182
0.3146362305
0.0242004395
-0.1210174561
-0.0484008789
-0.2420196533
0.5808715820
0.6776733398
-0.0968170166
0.2925567627
0.1253814697
0.4179534912
0.5433349609
0.5015411377
0.0417938232
0.0835876465
0.3343658447
0.1379852295
0.3449707031
-0.0345001221
-0.1034851074
-0.2414703369
0.7934265137
-0.0690002441
0.3449707031
-0.0939483643
-0.0939483643
-0.6576843262
0.0939483643
-0.1879119873
-0.2818603516
0.1879119873
-0.2818603516
0.9247436523
-0.1156005859
-0.0115661621
0.1040344238
-0.1502685547
0.0578002930
-0.3005371094
0.0000000000
-0.0073394775
-0.1835784912
0.9325866699
0.2716979980
0.0073394775
0.1321716309
0.0000000000
-0.0587463379
-0.6459503174
-0.1761627197
0.1174468994
0.0587158203
0.5872192383
0.1174468994
-0.1761627197
0.1761627197
-0.0671691895
-0.0383758545
-0.0095977783
0.1151580811
0.1343383789
0.1055603027
-0.9691772461
-0.0959625244
-0.2437896729
0.0975189209
0.8776245117
-0.0487518311
0.0000000000
-0.1462707520
-0.1950225830
-0.1462707520
0.0469970703
0.9712982178
-0.2271575928
0.0156707764
-0.0078277588
0.0000000000
-0.0156707764
-0.0156707764
0.1129455566
-0.1129455566
0.0000000000
0.1129455566
0.1129455566
0.0000000000
0.0000000000
0.6776275635
-0.0585174561
0.5267028809
0.1755676270
0.2926025391
-0.1755676270
0.6437377930
-0.1170501709
-0.1755676270
0.3815155029
0.3815155029
0.4662933350
0.2119598389
0.3391265869
0.4239044189
-0.1695556641
0.2543487549
0.6998443604
-0.0538330078
-0.0269165039
-0.4037628174
-0.3499298096
-0.4306793213
0.1076660156
0.0269165039
0.0653381348
0.0653381348
-0.9146728516
-0.0653381348
0.0000000000
0.0000000000
0.0653381348
-0.0653381348
0.7463073730
0.0355377197
-0.0888519287
-0.3909301758
-0.4086914062
0.0355377197
-0.3020782471
-0.1066131592
-0.0565185547
-0.1130371094
0.8760375977
-0.0282592773
0.2825927734
0.1130371094
-0.3108520508
-0.0282592773
0.0000000000
0.0000000000
-0.2432556152
-0.2432556152
-0.1216278076
0.0000000000
-0.1216278076
0.0000000000
0.0801086426
-0.1201629639
-0.1201629639
-0.9613189697
0.0801086426
-0.0200347900
0.1201629639
-0.0801086426
0.0720062256
0.9792480469
-0.0288085938
0.1296081543
0.0864105225
0.0288085938
0.0000000000
-0.0576019287
-0.5422363281
0.5668792725
0.1478881836
0.4190063477
0.2218170166
-0.2711181641
0.1232299805
0.1725311279
0.0806579590
0.2688751221
0.7528686523
0.0537719727
0.0000000000
-0.2419891357
0.1882171631
-0.4839782715
0.1577301025
0.0000000000
-0.2102966309
-0.3680267334
-0.5257568359
-0.5783233643
0.1577301025
-0.2628784180
0.0352325439
-0.0528411865
0.2642211914
0.9159393311
-0.2465972900
-0.1056823730
-0.0176086426
0.0704498291
-0.2349395752
0.9645080566
0.0494689941
-0.0123596191
0.0247344971
-0.0618286133
-0.0494689941
-0.0123596191
0.3494110107
0.5549468994
0.4932861328
0.1644287109
-0.2055358887
0.3494110107
-0.2466430664
-0.2466430664
-0.0292663574
-0.9659118652
0.0585327148
-0.0585327148
-0.0292663574
0.0585327148
0.1170806885
-0.1170806885
0.9833984375
0.0142517090
-0.0285034180
0.0427551270
0.1282653809
-0.0712585449
-0.0427551270
-0.0142517090
0.0000000000
-0.2449493408
0.1224670410
-0.3674163818
-0.2449493408
0.1224670410
0.1224670410
-0.2449493408
0.1579437256
-0.1579437256
0.3158874512
-0.1053009033
-0.3158874512
-0.6317749023
0.1579437256
-0.4738311768
0.0267333984
0.9758453369
0.1203155518
-0.0401000977
0.0534667969
-0.1069488525
0.0802001953
-0.0668334961
0.2090606689
0.0000000000
-0.4550170898
0.7624664307
0.0368957520
0.0368957520
0.2951507568
-0.2705535889
0.2232055664
-0.0223236084
-0.0446472168
-0.0223236084
-0.4464111328
0.6249847412
0.5803375244
-0.0669555664
0.3262176514
0.0000000000
0.0543670654
0.2446594238
0.7611694336
0.1631011963
-0.1087341309
0.4349517822
0.0304718018
-0.0304718018
-0.3960876465
-0.1523437500
0.0000000000
0.8531036377
-0.1218719482
0.2132720947
0.1561889648
0.3123779297
0.3123779297
0.1561889648
-0.0780944824
-0.3904724121
0.6247558594
0.0000000000
0.8802185059
-0.1808624268
-0.1085205078
0.1326293945
-0.1929168701
0.0844116211
-0.3376159668
0.0120544434
-0.0146026611
-0.1752929688
0.9275970459
0.2556304932
0.0219116211
0.1826019287
0.0073089600
-0.0876464844
-0.5855255127
0.0000000000
0.2602386475
0.0000000000
0.5204620361
0.2602386475
-0.3252868652
0.0650634766
-0.0891265869
-0.0111389160
0.0556945801
0.1448211670
0.1225433350
0.1002655029
-0.9580383301
-0.1448211670
-0.0587158203
0.1174468994
0.5285034180
-0.1174468994
0.4110565186
-0.0587158203
-0.3523406982
-0.5285034180
0.0532989502
0.9669036865
-0.2436218262
0.0000000000
-0.0152282715
-0.0152282715
-0.0076141357
-0.0228424072
0.1172332764
0.0000000000
-0.1172332764
-0.1172332764
0.2344665527
0.1172332764
0.0000000000
0.5861816406
0.0000000000
0.5117034912
0.1968078613
0.2361755371
-0.1180877686
0.6691589355
0.0787200928
-0.3542633057
0.3967742920
0.3085937500
0.3967742920
0.2645111084
0.3526763916
0.4849395752
-0.2204284668
0.2204284668
0.5992584229
-0.0946197510
0.1892395020
-0.3153991699
-0.2838592529
-0.5992584229
-0.1261596680
-0.0946197510
0.0000000000
0.1076965332
-0.6461486816
0.1076965332
0.1076965332
0.1076965332
0.3230743408
0.0000000000
0.6823425293
0.0389862061
-0.1364746094
-0.2729339600
-0.6238555908
0.0389862061
-0.1754608154
-0.0779876709
0.1113128662
-0.0834808350
0.8905334473
0.0000000000
0.2782897949
0.0834808350
-0.2782897949
0.0278320312
-0.2474365234
0.1237182617
-0.1237182617
-0.2474365234
-0.1237182617
0.0000000000
-0.1237182617
0.0000000000
0.0693817139
-0.1040802002
-0.1214294434
-0.9541015625
0.0867309570
0.0346984863
0.1734771729
-0.1040802002
0.0473480225
0.9707031250
-0.0355072021
0.1065368652
0.1775665283
0.0000000000
0.0000000000
-0.0828704834
-0.5368347168
0.5368347168
0.1677551270
0.4361724854
0.0671081543
-0.3690795898
0.1006622314
0.1342010498
0.1288909912
0.1503753662
0.8592529297
0.0429687500
0.0000000000
-0.1503753662
0.1288909912
-0.4081420898
0.3088378906
-0.0617675781
-0.2470703125
-0.4323577881
-0.3088378906
-0.1853027344
0.1235351562
-0.6176605225
0.0644836426
-0.0805969238
0.2095642090
0.9027404785
-0.2901763916
-0.1289672852
0.0161132812
0.1450805664
-0.1875305176
0.9751434326
0.0875091553
0.0124969482
-0.0124969482
0.0124969482
-0.0250091553
-0.0124969482
0.0983428955
0.5901031494
0.5409240723
0.0983428955
-0.4917449951
0.2212829590
-0.1721038818
0.0000000000
-0.0338592529
-0.9480285645
0.0338592529
-0.1354370117
0.1015777588
-0.0677185059
0.1354370117
-0.1015777588
0.9842529297
0.0281219482
-0.0140533447
0.0281219482
0.1265411377
-0.0843658447
0.0000000000
0.0000000000
0.0000000000
-0.2490844727
0.1245422363
-0.2490844727
-0.2490844727
0.1245422363
0.1245422363
-0.2490844727
0.0959930420
0.0000000000
0.0959930420
-0.0959930420
-0.2879943848
-0.3840026855
0.2879943848
-0.5760040283
0.0131988525
0.9900207520
0.0792083740
0.0000000000
0.0527954102
-0.0527954102
0.0395965576
-0.0263977051
0.1773071289
-0.0253295898
-0.4179229736
0.8231811523
0.0253295898
0.0000000000
0.2279510498
-0.2406158447
0.1016540527
0.0254211426
0.1016540527
-0.0254211426
-0.5083007812
0.6353759766
0.5337219238
-0.1016540527
0.2273254395
0.0000000000
-0.0227355957
0.0909271240
0.8410949707
0.2500610352
-0.2273254395
0.3182525635
0.0560913086
-0.3085174561
-0.5048522949
-0.1121826172
0.2804718018
0.6731414795
-0.1963348389
0.1963348389
0.0641174316
0.5770874023
0.3206024170
0.1923675537
-0.1282348633
-0.2564849854
0.4488525391
0.3206024170
0.9227905273
-0.1604919434
-0.1604919434
0.0936126709
-0.1069946289
0.0802459717
-0.2541046143
0.0000000000
-0.0328979492
-0.1398010254
0.9374847412
0.2302551270
0.0164489746
0.1973724365
0.0246734619
-0.0740051270
-0.3422546387
-0.0684509277
0.3422546387
-0.1369018555
0.4107055664
0.4791564941
-0.4107055664
-0.1369018555
-0.0331420898
-0.0331420898
0.1104736328
0.0883789062
0.0110473633
0.0331420898
-0.9832000732
-0.0773315430
0.1615600586
0.3231201172
0.1077117920
-0.1615600586
0.5385284424
0.1615600586
-0.0538482666
-0.6462249756
0.0246429443
0.9691314697
-0.2381744385
-0.0082092285
-0.0082092285
-0.0082092285
0.0000000000
-0.0328521729
0.0000000000
0.1228332520
0.0000000000
0.0000000000
0.0000000000
0.1228332520
0.0000000000
0.3685150146
-0.0357055664
0.3570709229
0.2856597900
0.2142333984
-0.1785278320
0.7498321533
0.2499389648
-0.2142333984
0.4235229492
0.3388214111
0.3388214111
0.4235229492
0.3388214111
0.3811798096
-0.2541198730
0.1694183350
0.5202484131
0.0000000000
0.1387329102
-0.3121490479
-0.2080993652
-0.6589813232
-0.2774658203
-0.1387329102
-0.1178436279
0.0000000000
-0.4714050293
0.1178436279
0.0000000000
0.1178436279
0.2357025146
0.3535461426
0.5699005127
0.0379943848
-0.1709747314
-0.1329803467
-0.7788543701
0.0759887695
-0.0379943848
0.0379943848
0.2991180420
0.0000000000
0.8308868408
0.0332336426
0.3323516846
0.0332336426
-0.2326507568
0.1329498291
0.1113433838
0.1113433838
0.1113433838
-0.1113433838
0.0000000000
0.0000000000
0.1113433838
-0.1113433838
0.0000000000
-0.0969696045
-0.0484924316
-0.9859161377
0.0000000000
0.0161590576
0.0808105469
-0.0323181152
0.0250701904
0.9654388428
-0.0125427246
0.0877685547
0.1880798340
-0.0752258301
0.0250701904
-0.1128387451
-0.5108795166
0.3193054199
0.1277160645
0.4470214844
-0.0638580322
-0.5108795166
0.0638580322
0.1277160645
0.1109924316
0.1109924316
0.8879852295
0.0444030762
0.0666046143
-0.2220001221
0.0666046143
-0.3329925537
0.3259735107
0.0000000000
-0.1955871582
-0.3259735107
-0.1955871582
0.1955871582
0.1303863525
-0.7171478271
0.0290679932
-0.0581359863
0.1743927002
0.9446105957
-0.2179870605
-0.0871887207
-0.0290679932
0.1017303467
-0.0884704590
0.9857635498
0.0631866455
0.0631866455
-0.0631866455
0.0505523682
0.0126342773
0.0252685547
-0.0749053955
0.4743804932
0.5742492676
-0.0499420166
-0.5243225098
0.2496795654
-0.1997375488
0.1997375488
-0.0385131836
-0.9626770020
0.1155242920
-0.0385131836
0.0385131836
-0.0385131836
0.0770111084
0.0000000000
0.9783782959
0.0458679199
0.0000000000
0.0000000000
0.1681518555
-0.0611419678
-0.0305786133
0.0152893066
-0.1199951172
0.0000000000
0.1199951172
-0.1199951172
-0.1199951172
0.0000000000
-0.1199951172
-0.2400054932
0.1242218018
0.1242218018
-0.2484588623
0.0000000000
-0.1242218018
0.0000000000
0.2484588623
-0.3726806641
0.0000000000
0.9932556152
0.0251464844
0.0754394531
0.0251464844
0.0125732422
0.0251464844
0.0251464844
0.1631011963
-0.0815582275
-0.3126068115
0.8834686279
0.0135955811
-0.0679626465
0.1902923584
-0.2038726807
-0.0237274170
0.0474700928
0.2373504639
0.0000000000
-0.5696258545
0.6408386230
0.4272308350
-0.0711975098
0.1172943115
-0.0938415527
-0.1172943115
0.0469207764
0.8679809570
0.2815093994
-0.2580413818
0.2111358643
0.1703033447
-0.2270812988
-0.3406066895
-0.0567626953
0.3122253418
0.7379913330
-0.2270812988
0.2838439941
-0.0739746094
0.5178527832
0.3698883057
0.1479644775
-0.4438781738
-0.2219390869
0.2219390869
0.2959136963
0.9677429199
-0.0784606934
-0.1830902100
0.0392303467
0.0000000000
0.0523071289
-0.1177062988
-0.0130767822
-0.0099792480
-0.0898742676
0.9486694336
0.1997222900
-0.0199737549
0.1997222900
0.0599212646
-0.0699005127
-0.3734436035
0.0000000000
0.4356842041
-0.0622406006
0.4979248047
0.4356842041
-0.3112030029
-0.0622406006
0.0000000000
-0.0390777588
0.1367950439
0.0195465088
-0.0390777588
-0.0097656250
-0.9868316650
-0.0293121338
0.2793121338
0.1745758057
0.0000000000
-0.1047363281
0.4189758301
0.5935516357
-0.0349121094
-0.5586395264
0.0110931396
0.9767456055
-0.1997833252
-0.0222015381
-0.0110931396
-0.0110931396
0.0332946777
-0.0110931396
-0.1178436279
0.1178436279
0.0000000000
0.0000000000
0.0000000000
0.1178436279
-0.1178436279
0.2357025146
0.0000000000
0.2924346924
0.4020996094
0.1462249756
-0.1827697754
0.7676544189
0.2558898926
0.0000000000
0.3942260742
0.4730834961
0.2365417480
0.5124969482
0.3153839111
0.3153839111
-0.1182708740
0.1971130371
0.4124298096
0.0000000000
0.0749816895
-0.5249023438
-0.0749816895
-0.6373748779
-0.2999420166
-0.0374908447
0.0000000000
0.2058258057
-0.5145721436
0.1029205322
-0.2058258057
0.2058258057
0.2058258057
0.4116668701
0.4812927246
-0.0356445312
-0.1069488525
-0.0178222656
-0.8556365967
0.0356445312
0.0178222656
0.1069488525
0.4487304688
0.0345153809
0.6213073730
0.0690307617
0.4142150879
0.1380767822
-0.3451690674
0.2416229248
0.1064758301
0.0000000000
0.1064758301
0.1064758301
0.0000000000
-0.1064758301
0.1064758301
0.0000000000
-0.0495910645
-0.0661163330
0.0000000000
-0.9917602539
0.0000000000
0.0165252686
-0.0165252686
-0.0165252686
0.0148315430
0.9638366699
0.0148315430
0.0741424561
0.1482849121
-0.1186218262
0.0889739990
-0.1186218262
-0.3435821533
-0.0858917236
0.1717987061
0.5153808594
0.0000000000
-0.5153808594
0.1717987061
0.1717987061
0.0559997559
0.1400146484
0.8401031494
0.0840148926
0.1680145264
-0.2800292969
0.0000000000
-0.3640441895
0.3928375244
0.0654754639
-0.3273620605
-0.3928375244
0.0654754639
0.2618865967
-0.1309509277
-0.5892486572
-0.0126800537
-0.0253753662
0.1395721436
0.9642639160
-0.1903076172
-0.0126800537
-0.0761260986
0.0507507324
-0.0119934082
0.9828948975
0.0119934082
0.1198730469
-0.0599365234
0.0958862305
0.0359649658
0.0239715576
0.0236663818
0.5206909180
0.5443725586
0.0000000000
-0.4023590088
0.3786926270
-0.3076782227
0.1183471680
-0.0586090088
-0.9671478271
0.0879211426
-0.0293121338
0.0000000000
-0.1172332764
0.0879211426
0.0586090088
0.9745178223
-0.0341949463
-0.0170898438
-0.0683898926
0.1538696289
-0.1025848389
-0.0170898438
-0.0170898438
-0.1000061035
0.0000000000
0.1000061035
0.0000000000
0.0000000000
0.0000000000
-0.1000061035
-0.1000061035
0.0000000000
0.1219482422
-0.3658599854
0.1219482422
0.0000000000
0.1219482422
0.2438964844
-0.3658599854
-0.0693969727
0.9714660645
0.0000000000
0.1665344238
-0.0138854980
0.0416412354
0.0000000000
0.1249084473
0.1818695068
-0.1488037109
-0.2480010986
0.8928222656
-0.0165405273
-0.0165405273
0.2645416260
-0.0826721191
0.0199890137
0.0399780273
0.3198089600
0.0000000000
-0.6196136475
0.6595916748
0.2398529053
-0.0799560547
0.0536956787
-0.3221893311
-0.2684936523
0.0268554688
0.8054809570
0.1342468262
-0.2684936523
0.2416381836
0.2395629883
-0.2994384766
0.0000000000
0.0299377441
0.4491729736
0.7186737061
-0.1796722412
0.2695007324
0.0000000000
0.4341888428
0.2605133057
0.2605133057
-0.4341888428
-0.4341888428
0.0868377686
-0.1736755371
0.9821319580
-0.0151062012
-0.1510925293
0.0302124023
0.0604400635
0.0000000000
0.0151062012
-0.0151062012
0.0391693115
-0.0652923584
0.9532928467
0.1958770752
-0.0522308350
0.1828155518
0.0522308350
-0.0522308350
-0.2658843994
0.0664672852
0.3323516846
0.0000000000
0.6647033691
0.3323516846
-0.3323516846
0.0664672852
-0.0202331543
-0.0404663086
0.1720123291
0.0101165771
-0.0303497314
-0.0202331543
-0.9814453125
0.0202331543
0.2847137451
0.0316314697
-0.0632629395
-0.1265411377
0.3479766846
0.6959533691
0.0632629395
-0.5061492920
0.0574188232
0.9762420654
-0.1148529053
-0.0574188232
-0.0191345215
-0.0574188232
0.0765686035
-0.0765686035
-0.1216278076
0.0000000000
0.0000000000
0.1216278076
0.0000000000
0.0000000000
-0.2432556152
0.2432556152
0.0000000000
0.1213226318
0.5257263184
0.0000000000
-0.2426452637
0.7683868408
0.0000000000
-0.0808868408
0.1044921875
0.3831329346
0.1741485596
0.5921020508
0.0696563721
0.6269378662
-0.0696563721
0.1393127441
0.1062469482
0.0000000000
-0.0354156494
-0.6728668213
-0.0354156494
-0.6020507812
-0.3541412354
0.0708312988
0.0000000000
0.2142791748
-0.5356903076
0.0000000000
-0.3214111328
0.2142791748
0.2142791748
0.2142791748
0.3567504883
-0.0679473877
-0.0339813232
0.0000000000
-0.9173583984
0.0339813232
-0.1019287109
0.0679473877
0.4803924561
0.0343170166
0.2401885986
0.1372528076
0.4460754395
0.2401885986
-0.5490112305
0.3088226318
0.2498779297
0.0000000000
0.0000000000
0.1249389648
0.3748321533
-0.1249389648
0.1249389648
-0.1249389648
-0.0625000000
-0.0833282471
0.0000000000
-0.9791412354
0.0625000000
0.0416717529
0.0000000000
-0.1041564941
0.0000000000
0.9307861328
0.0178985596
0.2326965332
0.1611022949
-0.1611022949
0.1253051758
-0.0357971191
-0.2131805420
0.0000000000
0.2131805420
0.5329437256
0.1065826416
-0.3197631836
0.2131805420
-0.2131805420
-0.1350250244
0.1350250244
0.5401306152
0.0000000000
0.3375854492
-0.4726104736
0.1350250244
-0.4050903320
0.3889617920
0.1667022705
-0.5000915527
-0.3333892822
0.0555725098
0.2778320312
-0.1667022705
-0.5000915527
-0.0796661377
0.0398254395
0.1062164307
0.9426422119
-0.2655334473
0.0398254395
-0.1194915771
0.0132751465
0.0945434570
0.9559936523
0.0420227051
0.1891021729
0.0525207520
0.1470794678
0.0525207520
-0.0945434570
0.1842041016
0.5526123047
0.4605102539
0.2072296143
-0.2302551270
0.4374847412
-0.3684082031
-0.0921020508
-0.0923767090
-0.9699096680
0.0692749023
0.0000000000
0.0000000000
-0.1154632568
0.0461883545
0.1154632568
0.9719696045
-0.0341033936
-0.0341033936
-0.0852661133
0.1364135742
-0.1023101807
-0.0511627197
-0.0682067871
