0.0000000000
0.1178436279
-0.1178436279
-0.1178436279
-0.1178436279
0.0000000000
0.2357025146
0.0000000000
0.1855621338
-0.4639129639
0.0927886963
0.0000000000
-0.0927886963
-0.6494903564
0.0000000000
-0.0927886963
-0.0205535889
0.9965057373
-0.0102691650
-0.0205535889
-0.0102691650
-0.0410919189
-0.0205535889
0.0205535889
-0.1259765625
0.0839843750
-0.4759063721
0.7978363037
0.0279998779
-0.0559844971
-0.0139923096
-0.3219299316
0.1123199463
-0.1871948242
-0.4867248535
0.0748748779
-0.7488098145
-0.2995300293
0.1123199463
-0.0374450684
0.1355895996
0.0677947998
0.1016845703
0.2711791992
-0.4067687988
-0.7457427979
-0.2033843994
-0.3050689697
0.2390136719
0.4780120850
0.0478057861
-0.1434020996
-0.7648315430
0.0955963135
-0.1434020996
-0.0478057861
0.3120269775
-0.1560058594
-0.7800598145
0.0520019531
0.3640289307
0.0520019531
0.0000000000
-0.2080230713
0.8649139404
0.0632934570
0.0632934570
0.0211029053
-0.3164367676
0.1476745605
-0.3164367676
-0.0843811035
0.0791168213
-0.0395660400
0.9626007080
0.2373504639
-0.0263671875
0.0131835938
-0.0527496338
0.0000000000
-0.7339477539
0.0431671143
0.2158660889
-0.0431671143
0.5180816650
0.2590332031
-0.0863494873
0.0863494873
-0.1256713867
0.0377044678
0.0125732422
0.0754089355
-0.0754089355
0.0377044678
-0.9802246094
-0.0628356934
0.4076843262
-0.2038421631
0.5095977783
0.3057556152
0.0000000000
0.1019134521
-0.2038421631
0.1019134521
0.0115661621
0.9947052002
0.0000000000
0.0000000000
0.0231323242
0.0462646484
-0.0578308105
-0.0115661621
-0.1202545166
-0.1202545166
-0.1202545166
0.1202545166
0.0000000000
-0.2405242920
0.2405242920
-0.4810485840
-0.1250000000
0.0000000000
0.0000000000
0.0000000000
-0.1250000000
-0.3750000000
-0.1250000000
-0.2500000000
0.4661865234
0.4459228516
0.5675354004
0.2837677002
0.1621551514
0.2837677002
-0.1418762207
0.2026824951
-0.1939544678
0.0646514893
0.2586059570
-0.3232574463
-0.1939544678
-0.0646514893
-0.5172119141
0.5818634033
0.1190643311
-0.1190643311
0.5953521729
0.1190643311
0.1190643311
0.1190643311
0.0000000000
0.0000000000
0.8868103027
0.2015533447
-0.1209259033
-0.2418518066
0.0000000000
0.1209259033
0.1612396240
-0.0806121826
-0.0988006592
-0.1185607910
0.9484863281
-0.0790405273
-0.0988006592
0.0988006592
0.1383209229
-0.1383209229
-0.0911560059
-0.0911560059
0.0000000000
0.0911560059
0.0000000000
0.0000000000
0.0000000000
0.0000000000
-0.0334777832
-0.0502166748
0.0502166748
-0.9874420166
-0.0836791992
0.0000000000
-0.0502166748
0.0167388916
-0.0386505127
0.9919128418
-0.0386505127
-0.0386505127
0.0128784180
-0.0128784180
-0.0772857666
0.0000000000
-0.2887878418
0.3369293213
0.1925354004
0.2406616211
0.5294647217
-0.2887878418
0.1925354004
0.4813232422
-0.0381469727
0.0762786865
0.9153900146
-0.0762786865
0.0000000000
-0.1907043457
0.1144256592
-0.2288513184
0.0487060547
-0.3895874023
0.1461029053
-0.0973968506
0.1461029053
0.1461029053
0.0973968506
-0.8278808594
0.0631713867
-0.0631713867
-0.0361022949
0.9927978516
0.0270690918
-0.0090179443
-0.0361022949
0.0180511475
-0.0309600830
0.9904937744
0.0309600830
0.0309600830
0.0464324951
-0.0773773193
0.0154724121
0.0000000000
0.5359649658
-0.1276092529
0.5359649658
-0.2041778564
-0.0255279541
0.5870208740
-0.0255279541
0.0255279541
0.2248382568
-0.8543701172
-0.1349029541
-0.2698059082
-0.1349029541
-0.1349029541
-0.1349029541
0.0899353027
0.7795410156
0.3668365479
0.0000000000
-0.3668365479
-0.0458526611
-0.1834259033
0.0000000000
0.1375732422
-0.1234283447
0.1234283447
-0.1234283447
-0.3703002930
-0.2468566895
-0.2468566895
0.1234283447
0.1234283447
0.2505645752
-0.4176177979
0.2505645752
0.0835266113
0.0000000000
-0.6681823730
0.0000000000
-0.0835266113
0.0000000000
0.9956054688
-0.0114440918
-0.0343322754
-0.0228881836
-0.0457763672
-0.0228881836
0.0114440918
-0.0866699219
0.1300048828
-0.4983367920
0.7800140381
0.0000000000
-0.1083374023
0.0000000000
-0.3033447266
0.0762786865
-0.1525726318
-0.4195556641
0.1525726318
-0.7628326416
-0.3432769775
-0.1525726318
0.0381469727
0.3742675781
0.1069335938
0.0534667969
0.4812011719
-0.1604003906
-0.5346679688
-0.1604003906
-0.4277343750
0.0977325439
0.2931823730
-0.3908996582
-0.0977325439
-0.3908996582
0.0000000000
-0.4886322021
-0.0977325439
0.1818847656
-0.2425079346
-0.6668853760
-0.0606231689
0.5456390381
-0.0606231689
0.1818847656
-0.0606231689
0.7436981201
0.1062469482
-0.0708312988
0.0354156494
-0.2478942871
0.2478942871
-0.4958038330
-0.1416625977
0.1086883545
-0.0621032715
0.9626464844
0.1863250732
-0.0776367188
0.0776367188
-0.0310516357
-0.0465850830
-0.6448364258
0.0586242676
0.2931060791
0.0586242676
0.5862121582
0.1758728027
0.0586242676
0.0000000000
-0.1480712891
0.0822601318
0.0164489746
0.0822601318
-0.0987243652
0.0329132080
-0.9707336426
-0.0493621826
-0.4018859863
-0.2009429932
0.0000000000
-0.1004791260
-0.4018859863
-0.4018859863
0.1004791260
0.3014221191
0.0270843506
0.9888305664
-0.0541839600
0.0000000000
0.0270843506
0.0677337646
-0.0812683105
-0.0270843506
0.0000000000
-0.1199951172
-0.1199951172
0.0000000000
0.1199951172
-0.2400054932
-0.1199951172
-0.1199951172
0.0000000000
-0.2344665527
-0.2344665527
0.0000000000
0.0000000000
0.0000000000
0.0000000000
-0.5861816406
0.4326324463
0.4532318115
0.5768432617
0.3090209961
0.2060089111
0.2472229004
-0.1030120850
0.2266235352
0.2308349609
-0.0769500732
-0.0769500732
-0.3077850342
-0.2308349609
-0.3847351074
-0.3847351074
0.5386199951
0.0000000000
-0.1219482422
0.4878082275
0.2438964844
0.1219482422
-0.1219482422
0.1219482422
0.1219482422
0.8934326172
0.1654510498
-0.1985321045
-0.1985321045
-0.1654510498
0.0330963135
0.0661773682
-0.1654510498
-0.0477294922
-0.1670379639
0.9545135498
-0.0238647461
0.0477294922
0.0238647461
-0.0954437256
-0.1670379639
-0.1199951172
0.1199951172
0.0000000000
-0.1199951172
0.2400054932
0.0000000000
-0.1199951172
0.1199951172
0.0155029297
-0.0464935303
-0.0309906006
-0.9919128418
-0.0619964600
-0.0309906006
0.0000000000
0.0155029297
0.0118103027
0.9921569824
-0.0708618164
-0.0236206055
-0.0118103027
0.0118103027
-0.0708618164
-0.0118103027
-0.2539062500
0.5078125000
0.2539062500
0.3173828125
0.3173828125
-0.1269531250
0.2539062500
0.4443359375
0.0000000000
0.1664581299
0.7906646729
0.0416107178
0.1248474121
-0.2912902832
0.1248474121
-0.4161376953
0.0656127930
-0.5249023438
0.0656127930
-0.2624511719
0.2624511719
0.0656127930
0.0000000000
-0.6561279297
0.0267028809
-0.0533905029
-0.0088958740
0.9967498779
-0.0088958740
-0.0088958740
0.0088958740
-0.0088958740
-0.0500488281
0.9842834473
0.1000976562
0.0166778564
0.0834197998
-0.0333709717
-0.0166778564
-0.0333709717
0.5565643311
0.0000000000
0.5565643311
-0.1484222412
-0.1855163574
0.4823455811
-0.1855163574
0.1113128662
0.0000000000
-0.9297485352
-0.0688781738
-0.2410430908
-0.0688781738
-0.1721801758
0.0000000000
0.0000000000
0.9378356934
0.0625152588
0.0000000000
-0.2188262939
0.0937805176
-0.1250457764
0.0625152588
0.0937805176
-0.1113433838
0.1113433838
0.0000000000
-0.1113433838
-0.1113433838
-0.1113433838
0.0000000000
-0.1113433838
0.0977325439
-0.2931823730
0.2931823730
0.0000000000
-0.0977325439
-0.6840820312
0.0000000000
0.0000000000
0.0283813477
0.9935302734
0.0141906738
-0.0425872803
0.0141906738
-0.0567779541
0.0000000000
0.0141906738
-0.0500640869
0.1001129150
-0.4255065918
0.8259887695
-0.0750885010
-0.0500640869
0.0750885010
-0.3003540039
0.1363677979
-0.0340881348
-0.3750305176
0.0681915283
-0.8864288330
-0.0340881348
-0.1022796631
0.0000000000
0.4165496826
-0.0694274902
-0.1388549805
0.4859771729
0.4859771729
0.3471221924
0.0694274902
-0.2082824707
0.0771789551
0.0771789551
-0.2315216064
-0.3858642578
-0.0771789551
0.4630279541
-0.3858642578
0.4630279541
0.0795440674
-0.0795440674
-0.3976898193
-0.0795440674
0.6363220215
0.0000000000
0.3181610107
0.3181610107
0.7451629639
0.0745239258
-0.1862945557
0.0000000000
-0.1490325928
0.2608032227
-0.4843597412
-0.1862945557
0.0938873291
-0.1609497070
0.9254455566
0.2145996094
-0.0804748535
0.2145996094
0.0000000000
-0.0670623779
-0.4588775635
0.1720733643
0.2867889404
0.2294311523
0.6883087158
0.1720733643
0.0000000000
0.1147155762
-0.1364135742
0.0779571533
0.0000000000
0.0779571533
-0.0389709473
0.0000000000
-0.9743957520
-0.0779571533
-0.3411407471
0.1705627441
-0.5970001221
0.0000000000
-0.2558593750
-0.3411407471
0.0000000000
0.2558593750
0.0130157471
0.9887695312
-0.1040802002
-0.0130157471
0.0260162354
0.0260162354
-0.0650482178
-0.0130157471
0.2474365234
0.0000000000
-0.2474365234
0.0000000000
0.0000000000
-0.2474365234
0.0000000000
0.0000000000
0.0927886963
-0.1855621338
-0.0927886963
0.2783508301
0.0000000000
0.3711395264
0.4639129639
-0.4639129639
0.4291229248
0.4291229248
0.5364074707
0.3218383789
0.2413787842
0.2950286865
-0.1609191895
0.2145690918
0.3303527832
0.0000000000
-0.1101226807
-0.1101226807
-0.2202453613
-0.5505981445
-0.6056518555
0.2202453613
0.0000000000
-0.2474365234
0.1237182617
0.1237182617
0.1237182617
-0.2474365234
0.1237182617
0.0000000000
0.7899780273
0.0526580811
-0.3159942627
-0.1843261719
-0.4476470947
0.1053314209
-0.0526580811
-0.0526580811
-0.0276641846
-0.2213592529
0.9130859375
0.0553436279
0.1106719971
0.0000000000
-0.1660156250
-0.2213592529
-0.1249389648
0.0000000000
-0.1249389648
-0.1249389648
0.3748321533
-0.2498779297
0.0000000000
0.1249389648
0.0304718018
-0.0457153320
-0.0609588623
-0.9905395508
-0.0457153320
-0.0457153320
-0.0152435303
-0.0152435303
0.0119171143
0.9897003174
-0.0715484619
0.0000000000
0.0476989746
0.0357666016
-0.0834655762
-0.0119171143
-0.3124084473
0.4998626709
0.3124084473
0.3748931885
0.1249694824
-0.1249694824
0.4373779297
0.2499237061
0.0436248779
0.3053588867
0.7415771484
0.0872497559
0.1744842529
-0.2181091309
0.1308593750
-0.4362182617
-0.0909118652
-0.4545898438
0.1818389893
-0.3636779785
0.3636779785
0.1818389893
0.1818389893
-0.3636779785
0.0368804932
-0.0461120605
-0.0184478760
0.9958648682
-0.0368804932
0.0000000000
0.0000000000
-0.0184478760
-0.0847320557
0.9828948975
0.1186218262
0.0000000000
0.0508422852
-0.0169525146
0.0169525146
-0.0169525146
0.2454681396
0.0409088135
0.6954956055
-0.2454681396
-0.3682098389
0.2045593262
-0.1636505127
0.3682098389
-0.1002044678
-0.9352569580
0.0334014893
-0.1670074463
-0.0668029785
-0.1336059570
0.1002044678
-0.1336059570
0.9767150879
0.0424652100
0.0424652100
-0.0849304199
0.1061706543
-0.0424652100
-0.0212402344
0.0849304199
0.0000000000
0.0000000000
-0.1150360107
-0.1150360107
-0.2300720215
0.1150360107
0.0000000000
0.0000000000
-0.1135406494
-0.1135406494
0.1135406494
0.0000000000
0.1135406494
-0.5677337646
-0.3406372070
0.1135406494
0.0170745850
0.9907531738
0.0170745850
-0.0512390137
0.0341644287
-0.0683288574
0.0000000000
0.0000000000
-0.1261444092
0.0756835938
-0.2522888184
0.9082183838
-0.1513671875
0.0000000000
0.0756835938
-0.2018280029
0.1817932129
-0.0303039551
-0.0908966064
0.0000000000
-0.9392852783
0.1515045166
-0.1212005615
-0.0908966064
0.2111816406
-0.0527954102
-0.1583862305
0.1583862305
0.7919006348
0.4223480225
-0.0527954102
-0.0527954102
0.1659393311
0.1659393311
-0.2212371826
-0.2765502930
-0.0553131104
0.7190399170
-0.2212371826
0.3871765137
0.0000000000
0.1833038330
-0.0916442871
0.0916442871
0.4582519531
0.0000000000
0.1833038330
0.6415557861
0.8978271484
0.0000000000
-0.1077423096
-0.0718231201
0.0000000000
0.1436462402
-0.2873077393
-0.1795654297
0.1001281738
-0.1573333740
0.9154052734
0.2288513184
-0.0858154297
0.2431488037
0.0000000000
-0.0429077148
-0.5369720459
0.1073913574
0.3221893311
0.1610870361
0.6443634033
0.2147827148
-0.0536956787
0.1073913574
-0.1019134521
0.0203857422
0.0000000000
0.0407714844
0.0407714844
-0.0203857422
-0.9783477783
-0.1222991943
-0.3963012695
0.2972259521
-0.5944366455
0.0990753174
0.0000000000
0.0000000000
0.0000000000
0.1981506348
0.0372772217
0.9815368652
-0.1615142822
-0.0124206543
-0.0124206543
0.0000000000
-0.0621185303
0.0000000000
0.1178436279
-0.1178436279
0.0000000000
0.0000000000
-0.2357025146
-0.1178436279
0.0000000000
0.1178436279
0.0000000000
0.0000000000
0.2518920898
0.2518920898
-0.1889190674
0.7556762695
0.3148651123
-0.1889190674
0.4250793457
0.3684082031
0.4817504883
0.3400573730
0.2833862305
0.3684082031
-0.2550506592
0.1700286865
0.3311920166
0.1241912842
0.0413970947
-0.2070007324
-0.2483978271
-0.4967956543
-0.6623840332
0.1656036377
0.0000000000
0.0000000000
0.1064758301
0.1064758301
0.0000000000
-0.1064758301
0.1064758301
-0.1064758301
0.6196289062
0.0000000000
-0.3511199951
-0.2065429688
-0.6402893066
0.1445770264
-0.0619659424
-0.0413055420
-0.0393371582
-0.3146514893
0.8652954102
0.1179962158
0.0000000000
0.0786590576
-0.1573333740
-0.2359924316
0.0000000000
-0.0911560059
-0.0911560059
-0.0911560059
0.0000000000
0.0000000000
0.0000000000
0.0000000000
-0.0185241699
-0.0370483398
-0.0926055908
-0.9816284180
-0.0926055908
-0.0555572510
-0.0555572510
0.0185241699
0.0000000000
0.9897766113
-0.0582275391
0.0145568848
0.0436706543
0.0436706543
-0.0727844238
0.0291137695
-0.4116668701
0.2058258057
0.2058258057
0.2058258057
0.3087463379
-0.2058258057
0.4116668701
0.1029205322
-0.0407409668
0.2851867676
0.8148345947
0.0407409668
0.1222229004
-0.1222229004
0.0407409668
-0.4074249268
0.2142791748
0.2142791748
0.0000000000
-0.4285430908
0.4285430908
0.0000000000
0.3214111328
-0.1071319580
0.0313415527
-0.0208892822
-0.0313415527
0.9925994873
-0.0731353760
0.0000000000
-0.0417938232
-0.0417938232
-0.0173339844
0.9880523682
0.0173339844
0.0693359375
-0.0346679688
0.0000000000
0.0693359375
0.0520019531
0.1406097412
0.2109069824
0.7030181885
-0.1757507324
-0.3866577148
0.2460632324
-0.2460632324
0.3163604736
-0.1417388916
-0.9213562012
-0.0354309082
-0.1417388916
-0.0354309082
-0.1063079834
0.1063079834
-0.2126159668
0.9602508545
0.1066894531
0.0426788330
0.0213317871
0.1280364990
0.0213317871
-0.1280364990
0.1280364990
0.1113433838
0.0000000000
-0.1113433838
-0.1113433838
0.0000000000
0.1113433838
-0.1113433838
0.1113433838
-0.1178436279
-0.1178436279
0.0000000000
0.0000000000
0.0000000000
-0.2357025146
-0.1178436279
0.1178436279
0.0388031006
0.9893798828
0.0581970215
-0.0193939209
0.0000000000
-0.0581970215
0.0193939209
0.0000000000
-0.0950012207
0.0633392334
-0.2849884033
0.9183197021
-0.0316619873
0.0950012207
0.0633392334
-0.1266632080
0.1384887695
-0.0692443848
0.1730957031
0.0692443848
-0.9001312256
0.2769622803
-0.0692443848
-0.1038665771
0.1857757568
-0.1393280029
-0.1857757568
0.1393280029
0.8359985352
0.3251037598
-0.0928955078
0.0928955078
0.2036743164
0.0509185791
-0.1527557373
-0.2036743164
0.2545776367
0.7637481689
-0.2545776367
0.3054962158
0.1135406494
0.2270965576
-0.3406372070
0.0000000000
0.2270965576
-0.1135406494
0.2270965576
0.4541778564
0.9414978027
0.0294189453
-0.1176910400
0.0294189453
0.0588378906
0.1471099854
-0.1765289307
-0.1176910400
0.0647430420
-0.1294860840
0.9064025879
0.1942291260
-0.0863189697
0.2805480957
0.0431671143
-0.1294860840
-0.5706024170
0.0000000000
0.3566284180
0.0713195801
0.5706024170
0.1426544189
-0.0713195801
0.1426544189
-0.0457305908
0.0457305908
0.0686035156
0.0228729248
0.0000000000
-0.0457305908
-0.9833526611
-0.0686035156
-0.4326019287
0.3460845947
-0.5191192627
0.0000000000
0.0865173340
0.3460845947
0.0865173340
0.1730346680
0.0175323486
0.9818420410
-0.1577911377
0.0000000000
0.0175323486
0.0175323486
-0.0175323486
0.0000000000
0.0000000000
-0.2400054932
0.1199951172
0.1199951172
-0.1199951172
-0.1199951172
0.0000000000
0.1199951172
0.0000000000
0.0888671875
0.3110198975
0.1777343750
-0.2665863037
0.7553405762
0.3554534912
-0.1777343750
0.4695281982
0.3814849854
0.4401855469
0.3814849854
0.3814849854
0.2934570312
-0.1173858643
0.1467285156
0.2838439941
0.1419219971
0.1419219971
-0.3548126221
-0.2128906250
-0.6031799316
-0.5322113037
0.1419219971
0.1150360107
0.0000000000
-0.1150360107
0.0000000000
0.0000000000
0.0000000000
0.1150360107
-0.2300720215
0.4813842773
0.0962829590
-0.3128967285
-0.1684875488
-0.7702178955
0.0962829590
-0.0962829590
-0.0481414795
0.1704101562
-0.2272186279
0.7952423096
0.2840118408
0.1704101562
0.1704101562
-0.1704101562
-0.1136016846
0.0000000000
0.0000000000
-0.1000061035
-0.1000061035
0.1000061035
0.0000000000
0.0000000000
-0.1000061035
-0.0437622070
0.0218811035
-0.0437622070
-0.9847717285
-0.0875396729
-0.0218811035
-0.0218811035
0.0437622070
0.0000000000
0.9866333008
-0.0704803467
0.0469818115
0.0234985352
0.0000000000
-0.0234985352
0.0234985352
0.1216278076
-0.1216278076
0.0000000000
0.1216278076
0.2432556152
-0.1216278076
0.1216278076
0.1216278076
-0.1443939209
0.2406616211
0.7701263428
0.0000000000
0.1443939209
0.0000000000
0.0000000000
-0.4813232422
0.3042907715
0.4057312012
-0.1014251709
-0.4057312012
0.3042907715
0.0000000000
-0.1014251709
-0.3042907715
0.0248718262
-0.0124359131
0.0124359131
0.9947204590
-0.0373077393
0.0124359131
-0.0497436523
-0.0248718262
0.0479888916
0.9597167969
0.0239868164
0.1679534912
-0.0959777832
0.0239868164
0.1199645996
0.0719757080
0.1557769775
0.4673156738
0.6230773926
-0.0389404297
-0.3504791260
0.2725982666
-0.3115386963
0.1557769775
-0.2422485352
-0.9286346436
-0.0403747559
-0.0403747559
0.0000000000
-0.0807495117
0.0403747559
-0.1211242676
0.9729461670
0.0000000000
0.0788879395
0.0262908936
0.0788879395
0.0262908936
-0.1051788330
0.0788879395
0.0000000000
0.0000000000
0.0000000000
0.0000000000
0.0000000000
0.0000000000
0.0000000000
0.0588226318
0.1247863770
-0.2495727539
0.0000000000
-0.1247863770
-0.2495727539
0.0000000000
0.2495727539
-0.2495727539
0.0251770020
0.9820251465
0.0503540039
0.0000000000
-0.0251770020
-0.0251770020
0.0251770020
0.1007232666
-0.0342712402
-0.0342712402
-0.3084564209
0.8910980225
-0.0685424805
0.1371002197
0.2056427002
0.0685424805
0.1410064697
0.0000000000
0.4230346680
0.1880187988
-0.7050628662
0.4230346680
-0.0940093994
-0.0940093994
0.1889190674
-0.2518920898
-0.2518920898
0.2518920898
0.7556762695
0.2518920898
-0.0629730225
0.0629730225
0.1923065186
0.0000000000
0.1442260742
-0.1442260742
0.3365325928
0.7692260742
-0.2884674072
0.2403869629
0.2500000000
0.1250000000
-0.2500000000
0.0000000000
0.2500000000
-0.1250000000
0.1250000000
0.1250000000
0.9262390137
0.0958251953
-0.1277618408
-0.0319366455
0.0638732910
0.1596984863
-0.1916351318
-0.1277618408
0.1132202148
-0.1132202148
0.8774414062
0.1132202148
-0.1981353760
0.3113555908
0.0283050537
-0.1698303223
-0.4842681885
0.0968475342
0.1937103271
-0.0968475342
0.5811157227
0.0000000000
0.0000000000
0.1937103271
-0.1244964600
0.0497894287
0.0995941162
0.0746917725
-0.0497894287
0.0249023438
-0.9710083008
-0.0249023438
-0.3979492188
0.0663299561
-0.5969238281
-0.0663299561
0.0663299561
0.4642791748
0.1989746094
0.2653045654
0.0345306396
0.9670562744
-0.1036071777
0.0000000000
0.0000000000
-0.0690765381
0.0690765381
-0.0690765381
0.0000000000
-0.2474365234
0.1237182617
0.1237182617
0.0000000000
-0.1237182617
-0.1237182617
0.2474365234
-0.0802917480
0.1204376221
0.4014739990
0.1204376221
-0.3613281250
0.7226409912
0.2408752441
-0.2007293701
0.3707427979
0.4718627930
0.4381561279
0.4044494629
0.2696380615
0.4044494629
-0.1011199951
0.0337066650
0.1553039551
0.0776519775
0.1941223145
-0.3882446289
-0.1553039551
-0.7376708984
-0.3882446289
0.1164703369
0.2500000000
-0.1250000000
0.0000000000
-0.1250000000
0.0000000000
0.1250000000
0.0000000000
-0.3750000000
0.4328002930
0.1154174805
-0.2596740723
-0.1442565918
-0.8078765869
0.0288543701
-0.1731109619
-0.0288543701
0.2966918945
-0.0593414307
0.6527099609
0.3560180664
0.2966918945
0.1780090332
-0.2966918945
0.1780090332
0.0000000000
-0.0911560059
0.0000000000
-0.0911560059
0.0000000000
0.0000000000
0.0911560059
0.0000000000
-0.0252838135
0.0505523682
0.0252838135
-0.9857940674
-0.0252838135
0.0252838135
0.0505523682
0.0000000000
-0.0372314453
0.9308013916
-0.0744628906
0.2606201172
-0.0372314453
-0.0744628906
0.0744628906
-0.0372314453
0.0000000000
0.2416839600
-0.1208343506
0.3625183105
0.2416839600
-0.2416839600
0.2416839600
0.1208343506
-0.6552581787
0.1456146240
0.4368438721
-0.1456146240
0.0727996826
0.2184143066
0.1456146240
-0.2912292480
0.2165069580
0.4330139160
-0.2165069580
-0.3247528076
0.3247528076
0.1082458496
-0.1082458496
-0.2165069580
0.0424499512
-0.0283050537
-0.0283050537
0.9906311035
-0.0707550049
0.0424499512
-0.0424499512
0.0141448975
0.1188812256
0.9212799072
0.0891571045
0.2377471924
-0.0297241211
0.0594329834
0.1783142090
-0.0891571045
0.2077026367
0.4985046387
0.5815887451
0.0415344238
-0.2492523193
0.3323364258
-0.3738708496
0.0000000000
-0.2221527100
-0.9330596924
0.0888671875
0.0444335938
0.0000000000
-0.0444335938
0.0444335938
-0.0444335938
0.9793701172
0.0000000000
0.0000000000
-0.0272064209
0.0816192627
-0.0816192627
-0.0544128418
0.0000000000
0.0000000000
0.0000000000
-0.1064758301
-0.1064758301
-0.1064758301
0.0000000000
0.1064758301
0.1064758301
0.3579864502
-0.3579864502
0.1790008545
-0.0894927979
-0.1790008545
-0.5369873047
0.2684936523
-0.1790008545
-0.0160369873
0.9939270020
0.0160369873
0.0000000000
0.0000000000
-0.0480957031
0.0000000000
0.0320587158
-0.0639648438
0.0319824219
-0.4797668457
0.7676239014
-0.0319824219
-0.0639648438
0.0479736328
-0.3998107910
0.0000000000
-0.1968383789
-0.4592895508
0.1312255859
-0.5905151367
-0.2624511719
0.3936767578
-0.1312255859
-0.1292724609
0.3878326416
0.2154693604
0.2585601807
-0.1723785400
-0.7325744629
-0.0430908203
-0.3016510010
0.1539459229
0.4105377197
-0.1026306152
-0.3079071045
-0.7697448730
0.0513153076
-0.1026306152
0.1026306152
0.2580718994
-0.0645141602
-0.7742156982
-0.0645141602
0.3871002197
0.1290283203
0.0645141602
-0.1290283203
0.9050903320
0.0000000000
-0.0452575684
0.0905151367
-0.1810150146
0.0905151367
-0.3167877197
-0.1131439209
0.0726928711
-0.1696014404
0.9328002930
0.2543945312
0.0484619141
0.0969085693
-0.0969085693
-0.0726928711
-0.6905059814
0.2301635742
0.0000000000
-0.0767211914
0.4603424072
-0.1534423828
0.0767211914
0.1534423828
-0.1985168457
0.0458068848
0.0458068848
0.1679840088
-0.0305480957
0.1221618652
-0.9468078613
-0.0916290283
0.2153778076
0.2153778076
0.5384674072
-0.1076965332
0.2153778076
0.1076965332
-0.3230743408
-0.1076965332
0.0371093750
0.9773864746
-0.1732025146
0.0494842529
0.0123748779
0.0247497559
-0.0618591309
-0.0371093750
-0.1219482422
-0.2438964844
0.1219482422
0.2438964844
-0.1219482422
-0.2438964844
0.1219482422
-0.3658599854
-0.1249389648
0.0000000000
0.2498626709
0.1249389648
-0.2498626709
0.1249389648
0.0000000000
-0.2498626709
0.4401550293
0.4062957764
0.5078735352
0.3385772705
0.2031555176
0.2370147705
-0.2031555176
0.3047180176
0.3448333740
0.0000000000
0.2586212158
-0.0862121582
-0.1724090576
-0.2586212158
-0.4310302734
0.5172424316
0.1247253418
-0.2494506836
0.2494506836
0.1247253418
-0.1247253418
-0.1247253418
-0.1247253418
0.1247253418
0.8249053955
0.1302490234
-0.1302490234
-0.3473358154
-0.3039093018
0.0434112549
0.0868377686
-0.0434112549
0.0000000000
-0.1995849609
0.6486206055
-0.0997924805
-0.1995849609
0.3991546631
0.3991546631
-0.2993621826
0.0000000000
0.2300720215
0.1150360107
-0.1150360107
0.0000000000
0.0000000000
0.0000000000
0.1150360107
0.0000000000
-0.0395050049
-0.0197448730
-0.9876098633
-0.0987548828
0.0000000000
0.0197448730
0.0000000000
0.0408782959
0.9607696533
-0.1430969238
0.1635284424
0.0613250732
0.0000000000
-0.1022033691
-0.0204467773
-0.3755035400
0.4589385986
0.3755035400
0.2920532227
0.3755035400
-0.3337707520
0.0417175293
0.3337707520
-0.0574493408
0.2298126221
0.8618011475
-0.1723632812
0.0574493408
-0.1723632812
0.1723632812
0.0000000000
0.0598602295
-0.4190521240
0.1197357178
-0.1197204590
0.1795959473
0.0598602295
0.1795959473
-0.7782287598
0.0896759033
-0.0538024902
-0.0358734131
0.9863891602
0.0000000000
-0.0358734131
-0.0538024902
0.0179290771
0.1107177734
0.9687957764
0.0276794434
-0.0276794434
0.1383972168
0.0000000000
0.0276794434
-0.0553588867
0.5522766113
0.2454528809
0.4909210205
-0.1227264404
-0.0306854248
0.5522766113
-0.1840972900
-0.0920410156
0.0923004150
-0.9229431152
0.1384429932
0.0461425781
-0.0461425781
-0.1384429932
-0.0923004150
0.1384429932
0.8571319580
0.3174591064
-0.1587219238
-0.2539672852
0.0634918213
-0.1587219238
-0.0952301025
0.0634918213
0.0000000000
-0.1113433838
-0.1113433838
-0.1113433838
-0.1113433838
0.0000000000
0.1113433838
0.1113433838
0.1076965332
-0.3230743408
0.1076965332
0.0000000000
-0.1076965332
-0.6461486816
0.0000000000
-0.1076965332
0.0000000000
0.9800415039
0.0000000000
-0.0478057861
-0.0717163086
-0.0956115723
-0.0478057861
0.0478057861
0.0212097168
0.0424041748
-0.4877014160
0.7421417236
-0.0424041748
-0.1060180664
0.0424041748
-0.4240875244
0.0785675049
-0.2357025146
-0.1571350098
0.2357025146
-0.7856750488
-0.1571350098
-0.0785675049
0.0000000000
0.0503997803
0.3023834229
0.1511993408
0.4031829834
-0.3527832031
-0.4535827637
0.0000000000
-0.5543823242
0.1863403320
0.4658508301
-0.0931701660
-0.2795104980
-0.5590209961
0.0931701660
-0.1863403320
0.0000000000
0.1219177246
-0.0609588623
-0.6705780029
-0.1219177246
0.4876861572
0.0609588623
0.2438507080
0.3048095703
0.8436431885
-0.0624847412
-0.1874694824
0.1249847412
-0.1562347412
0.1874694824
-0.3437042236
-0.1562347412
0.1078796387
-0.1213684082
0.9574432373
0.1618194580
-0.0134887695
0.1078796387
-0.0809173584
-0.0809173584
-0.5411987305
0.3607940674
0.0901947021
-0.0901947021
0.3607940674
-0.2705993652
0.2705993652
0.0000000000
-0.2929992676
0.1674346924
0.1464996338
0.1674346924
-0.0209350586
0.1674346924
-0.8789978027
-0.1464996338
-0.4374084473
0.2624511719
0.6123657227
-0.1749572754
0.0874786377
-0.1749572754
0.0000000000
-0.1749572754
0.0288848877
0.9678649902
-0.2022399902
0.0577850342
-0.0144500732
0.0288848877
-0.0722351074
-0.0722351074
-0.1249389648
-0.1249389648
0.0000000000
0.1249389648
0.0000000000
-0.3748321533
0.1249389648
0.2498779297
-0.2405242920
0.1202545166
0.1202545166
0.1202545166
-0.2405242920
0.0000000000
-0.1202545166
-0.4810485840
0.3195343018
0.4615478516
0.5680541992
0.4260406494
0.2130279541
0.1775207520
-0.0355072021
0.2485198975
0.7280578613
-0.2184143066
-0.0727996826
0.0000000000
0.0000000000
-0.3640289307
-0.1456146240
0.2912292480
0.0000000000
-0.2474365234
0.2474365234
0.0000000000
0.1237182617
-0.1237182617
0.1237182617
0.1237182617
0.7535705566
0.1370086670
-0.2397766113
-0.3767852783
-0.4110412598
0.0685119629
0.0342559814
-0.0342559814
-0.2063140869
-0.4126281738
0.3438568115
-0.2063140869
0.0687713623
0.4813995361
0.0000000000
-0.4813995361
-0.1216278076
0.2432556152
-0.1216278076
-0.1216278076
0.1216278076
-0.1216278076
0.0000000000
0.1216278076
0.0000000000
-0.0545349121
-0.0545349121
-0.9815368652
-0.0545349121
-0.0272674561
0.0545349121
0.0000000000
0.0216674805
0.9752349854
-0.1300354004
0.0433502197
0.0216674805
0.0433502197
-0.1083526611
0.0216674805
-0.2886962891
0.4619140625
0.4619140625
0.3464355469
0.3464355469
-0.2309570312
0.0577392578
0.2886962891
-0.1013031006
0.4052429199
0.6585235596
0.0000000000
0.1013031006
-0.3039245605
0.2026214600
-0.4052429199
0.0959930420
-0.3840026855
-0.0959930420
-0.2879943848
0.3840026855
0.1920013428
0.0959930420
-0.4799957275
0.0538330078
-0.0538330078
-0.0717773438
0.9870147705
-0.0358886719
-0.0538330078
0.0000000000
-0.0179443359
0.0813446045
0.9761199951
-0.0271148682
-0.0813446045
0.0813446045
0.0000000000
0.0000000000
-0.0542297363
0.4369201660
0.3697052002
0.6721801758
-0.0336151123
-0.0672149658
0.3697052002
-0.2016601562
-0.0336151123
-0.0761718750
-0.9521484375
0.0380859375
-0.0380859375
-0.0380859375
-0.1904296875
0.0000000000
0.0000000000
0.9288024902
0.1548004150
-0.0309600830
-0.2476806641
0.0309600830
-0.1238403320
0.0619201660
0.0000000000
-0.1199951172
0.0000000000
0.0000000000
-0.1199951172
-0.1199951172
-0.1199951172
0.2400054932
-0.1199951172
-0.1024169922
-0.3072509766
0.1024169922
0.1024169922
-0.1024169922
-0.6144866943
-0.3072509766
0.1024169922
0.0623779297
0.9667358398
0.0623779297
-0.0311889648
-0.0623779297
-0.0935516357
-0.0935516357
0.0623779297
0.1462249756
0.0292510986
-0.4094238281
0.7018737793
-0.1462249756
-0.1462249756
0.2339630127
-0.4386749268
0.1777038574
-0.1184692383
-0.2961730957
0.1777038574
-0.8292694092
0.1777038574
0.0000000000
0.0000000000
0.1504211426
0.3008422852
0.0752105713
0.4512481689
-0.2256317139
0.1504211426
0.2256317139
-0.6016693115
0.2468566895
0.0000000000
-0.3703002930
0.0000000000
-0.1234283447
0.2468566895
0.0000000000
0.2468566895
0.1585845947
0.0000000000
-0.5550537109
-0.0792999268
0.4757537842
0.0792999268
0.2378845215
0.3964691162
0.6999969482
-0.0350036621
-0.3849945068
0.1399993896
-0.0700073242
0.2449951172
-0.4199981689
-0.2449951172
0.1100006104
-0.1374969482
0.9487609863
0.0825042725
-0.0550079346
0.1650085449
-0.0825042725
-0.1374969482
-0.4398803711
0.3299102783
0.1099700928
-0.1099700928
0.4398803711
0.0000000000
0.1099700928
0.1099700928
-0.3432464600
0.2288360596
0.1716308594
0.2288360596
0.0858154297
0.2288360596
-0.8009033203
-0.1430206299
-0.6193237305
0.2654266357
0.1769409180
0.0884704590
0.2654266357
-0.3538970947
-0.0884704590
-0.1769409180
0.0360107422
0.9542083740
-0.2520599365
0.0000000000
-0.0540161133
0.0180053711
-0.0900268555
-0.0540161133
0.1150360107
0.0000000000
0.0000000000
0.0000000000
-0.1150360107
-0.2300720215
0.1150360107
0.0000000000
0.1249389648
0.1249389648
0.0000000000
-0.2498779297
0.3748321533
-0.1249389648
0.0000000000
-0.1249389648
0.3244781494
0.4686889648
0.6128997803
0.2884216309
0.1442108154
0.3244781494
-0.0360565186
0.2163238525
0.6617126465
-0.1654357910
-0.2757110596
0.1102905273
0.1102905273
-0.5514373779
-0.1654357910
0.0551452637
0.0000000000
0.0000000000
0.1064758301
0.0000000000
0.1064758301
-0.1064758301
0.1064758301
0.1064758301
0.6443481445
0.0495605469
-0.3717498779
-0.3221740723
-0.5452270508
0.1486968994
-0.0247802734
0.0247802734
-0.1943664551
-0.4535064697
-0.1295776367
0.0000000000
0.0647888184
0.3239288330
-0.3887176514
-0.5830841064
0.0000000000
0.2459411621
-0.2459411621
-0.1229705811
0.3689117432
-0.2459411621
0.0000000000
0.1229705811
0.0609130859
0.0304565430
0.0000000000
-0.9745178223
0.0609130859
0.0000000000
0.0913543701
-0.0609130859
0.0000000000
0.9706878662
-0.1078491211
0.0647125244
0.1078491211
0.0862884521
-0.0862884521
0.0215759277
-0.2328948975
0.5434112549
0.3105163574
0.3881530762
0.3105163574
-0.1552581787
0.1552581787
0.2328948975
0.0441741943
0.4858856201
0.4417114258
0.0883483887
0.1766815186
-0.3975372314
0.2650299072
-0.4858856201
0.3316650391
-0.3316650391
-0.1105499268
-0.4422149658
-0.1105499268
0.0000000000
0.2211151123
-0.2211151123
-0.0185394287
-0.0370941162
-0.0741729736
0.9828186035
-0.0741729736
0.0185394287
0.0370941162
-0.0927124023
-0.1100921631
0.9632720947
0.0275268555
-0.1651306152
0.0275268555
-0.0275268555
0.0550384521
-0.0550384521
0.2230072021
0.3504486084
0.8283081055
-0.0955810547
-0.1274261475
0.0955810547
-0.2548675537
0.0955810547
-0.1693878174
-0.9485778809
0.1016387939
-0.0338745117
-0.0338745117
-0.1016387939
0.1016387939
-0.0338745117
0.9785003662
0.0910186768
0.0000000000
-0.0910186768
0.0682678223
-0.0455169678
0.0455169678
-0.0227508545
0.0000000000
0.1228332520
-0.1228332520
-0.2456817627
-0.2456817627
0.0000000000
0.1228332520
0.0000000000
-0.1014251709
0.0000000000
0.0000000000
0.2028656006
0.0000000000
-0.6085968018
-0.4057312012
0.2028656006
0.0000000000
0.9755401611
0.0278778076
0.0000000000
0.0000000000
-0.0836181641
-0.1114959717
0.0557403564
-0.0324707031
0.0974273682
-0.2597961426
0.8443145752
-0.2273101807
-0.0649414062
0.2597961426
-0.2273101807
0.1400909424
0.0000000000
-0.2801818848
0.0000000000
-0.8405303955
0.3268737793
0.0933990479
-0.0933990479
0.0000000000
0.0664672852
-0.1329345703
0.2658843994
0.3323516846
0.7311859131
0.3323516846
-0.0664672852
0.2783508301
-0.0927886963
-0.1855621338
-0.1855621338
-0.0927886963
0.6494903564
0.1855621338
0.2783508301
0.2078704834
0.1039276123
-0.2078704834
0.1039276123
0.4157409668
0.1039276123
0.2078704834
0.5196685791
0.7329101562
-0.0916137695
-0.3664550781
0.0916137695
0.0000000000
0.1832275391
-0.3664550781
-0.2748413086
0.0737457275
-0.1474914551
0.9439239502
0.1032409668
-0.0737457275
0.2064819336
-0.0737457275
-0.1032409668
-0.3658599854
0.1219482422
-0.1219482422
-0.3658599854
0.2438964844
0.1219482422
0.0000000000
0.0000000000
-0.2576446533
0.0572509766
0.1431427002
0.2576446533
0.1717681885
0.1431427002
-0.8588256836
-0.1717681885
-0.5063476562
0.3375549316
-0.4219512939
0.1687774658
0.3375549316
-0.1687774658
0.0843963623
-0.1687774658
0.0513458252
0.9585571289
-0.2567596436
-0.0171203613
-0.0171203613
-0.0342407227
-0.0342407227
-0.0171203613
0.0000000000
-0.1178436279
-0.1178436279
0.0000000000
-0.1178436279
-0.1178436279
0.0000000000
0.2357025146
0.1202545166
0.2405242920
0.1202545166
-0.2405242920
0.2405242920
0.3607788086
0.1202545166
0.2405242920
0.3276824951
0.4733276367
0.5461425781
0.2548675537
0.0728149414
0.4369049072
-0.1820526123
0.1820526123
0.5585327148
-0.1396331787
-0.0930938721
0.0465393066
0.0465393066
-0.6050720215
-0.4654388428
-0.0465393066
0.0000000000
-0.1178436279
0.1178436279
0.1178436279
0.0000000000
-0.1178436279
0.2357025146
0.0000000000
0.5590209961
-0.0429992676
-0.3870239258
-0.2580108643
-0.6450347900
0.1935119629
-0.0214996338
-0.0214996338
-0.1649322510
-0.3298645020
-0.4398193359
0.1099548340
0.0000000000
0.1099548340
-0.4947967529
-0.5497741699
0.1243286133
0.1243286133
-0.1243286133
-0.1243286133
0.2486572266
-0.2486572266
-0.1243286133
0.0000000000
0.0000000000
-0.0287322998
-0.0287322998
-0.9769439697
-0.0574645996
-0.0574645996
0.0861968994
-0.0574645996
-0.0214080811
0.9635467529
-0.0428314209
0.0856475830
0.1927032471
0.0428314209
-0.0642395020
0.0642395020
-0.5135345459
0.3423614502
0.1711730957
0.2567596436
0.3423614502
-0.1711730957
0.3423614502
0.0855865479
0.0950622559
0.4753112793
0.4753112793
0.0475311279
0.1901245117
-0.4753112793
0.2376556396
-0.3802490234
0.1250000000
0.0000000000
0.0000000000
0.0000000000
-0.1250000000
0.1250000000
0.3750000000
-0.2500000000
-0.0688476562
0.0172119141
-0.0344238281
0.9810028076
-0.1032562256
0.0172119141
-0.0172119141
-0.1032562256
-0.1109771729
0.9765472412
0.0665893555
0.0000000000
-0.0222015381
0.0222015381
0.1109771729
0.0222015381
0.1635742188
0.2944488525
0.8833312988
-0.0981445312
-0.1635742188
0.0327148438
-0.1308593750
0.1308593750
-0.1887969971
-0.9439849854
0.0000000000
-0.0377655029
0.0377655029
-0.1132812500
0.0755157471
-0.0755157471
0.9717559814
0.0948028564
0.0236968994
0.0474090576
0.1184997559
0.0948028564
-0.0474090576
0.0236968994
0.0000000000
0.1064758301
-0.1064758301
-0.1064758301
0.0000000000
0.0000000000
-0.1064758301
0.1064758301
-0.1250000000
-0.1250000000
0.0000000000
0.1250000000
0.0000000000
-0.2500000000
-0.3750000000
0.0000000000
0.0240936279
0.9879760742
0.0240936279
-0.0240936279
0.0240936279
0.0000000000
-0.0481872559
0.0240936279
-0.1661682129
0.1661682129
-0.2492523193
0.8723754883
-0.2077026367
0.0830841064
0.1246185303
0.0000000000
0.0498352051
-0.0996704102
0.0498352051
0.0000000000
-0.8969879150
0.2989959717
0.0000000000
-0.0996704102
0.0000000000
0.0000000000
-0.2725372314
0.2725372314
0.6132202148
0.5450744629
0.0681304932
0.1362762451
0.2321929932
0.0000000000
-0.1548004150
-0.1548004150
0.0000000000
0.7740020752
0.0000000000
0.3096008301
0.1076965332
0.1076965332
-0.1076965332
-0.1076965332
0.2153778076
-0.1076965332
0.2153778076
0.6461486816
0.8435211182
-0.1054382324
-0.2635955811
0.1054382324
0.1581573486
0.1581573486
-0.1054382324
-0.2108764648
0.0213317871
-0.1492767334
0.9382781982
0.1066284180
-0.0213317871
0.2345733643
-0.0639801025
-0.1066284180
-0.3715667725
-0.1238555908
0.1238555908
-0.2477111816
0.1238555908
0.2477111816
-0.1238555908
0.0000000000
-0.1399688721
0.0559844971
0.2239379883
0.1399688721
0.0279998779
0.0000000000
-0.9237518311
-0.1679534912
-0.4457702637
0.2674560547
-0.5349121094
0.0891571045
0.2674560547
0.2674560547
0.0891571045
-0.0891571045
0.0405578613
0.9530334473
-0.2636108398
-0.0202789307
0.0000000000
-0.0811157227
0.0000000000
-0.0202789307
0.0000000000
-0.2226867676
0.0000000000
0.0000000000
-0.1113433838
0.0000000000
0.0000000000
0.1113433838
0.0689392090
0.2068023682
0.2757263184
-0.0689392090
0.0000000000
0.6893310547
0.4825286865
0.0689392090
0.4564056396
0.4564056396
0.4212951660
0.3510742188
0.2106475830
0.3510742188
-0.1755371094
0.2106475830
0.4286956787
-0.0389709473
0.1948547363
-0.1948547363
-0.0389709473
-0.6235504150
-0.5456085205
0.0389709473
0.1000061035
0.0000000000
0.0000000000
0.1000061035
0.0000000000
-0.1000061035
0.1000061035
0.0000000000
0.4958038330
0.0000000000
-0.3222808838
-0.2974853516
-0.7189178467
0.1487426758
-0.0495758057
-0.0247955322
0.0724334717
-0.3621368408
-0.4345703125
0.2897033691
0.1448516846
0.0724334717
-0.3621368408
-0.5069885254
0.0000000000
0.0911560059
-0.0911560059
0.0000000000
0.0911560059
0.0000000000
0.0000000000
0.0000000000
0.0000000000
-0.1160430908
-0.0870361328
-0.9573364258
-0.1160430908
-0.0870361328
0.1160430908
0.0290069580
-0.0509643555
0.9682769775
-0.0254821777
0.0764465332
0.1528930664
0.0254821777
-0.0509643555
0.0764465332
-0.2495727539
-0.1247863770
0.0000000000
0.0000000000
0.2495727539
-0.1247863770
0.2495727539
0.2495727539
0.0000000000
0.5674591064
0.4053344727
-0.0810699463
0.0810699463
-0.3242645264
0.0810699463
-0.4053344727
0.1234283447
0.2468566895
-0.1234283447
0.1234283447
0.1234283447
0.2468566895
0.1234283447
-0.3703002930
-0.0487365723
0.0000000000
-0.0162506104
0.9908447266
-0.0487365723
-0.0162506104
0.0162506104
-0.0649719238
0.0000000000
0.9532623291
0.0264739990
0.1059112549
-0.1324005127
0.0529632568
0.1588745117
0.1059112549
0.0906677246
0.4080047607
0.7706909180
-0.1360015869
-0.3173370361
0.0906677246
-0.1360015869
0.1360015869
-0.2365264893
-0.8869476318
-0.1773834229
-0.0591278076
0.0591278076
-0.0591278076
0.0000000000
0.0000000000
0.9625396729
0.0310516357
0.0310516357
0.0621032715
0.1241912842
0.0621032715
-0.0931549072
0.0931549072
0.0000000000
0.1243286133
-0.1243286133
0.0000000000
0.0000000000
-0.1243286133
-0.1243286133
0.3729858398
0.0000000000
-0.1199951172
-0.1199951172
0.0000000000
0.1199951172
-0.2400054932
-0.1199951172
0.1199951172
0.0000000000
0.9806976318
-0.0233459473
0.0233459473
-0.0233459473
0.0233459473
-0.0700531006
0.1167449951
-0.0975189209
0.1462707520
-0.2437896729
0.8776245117
-0.0975189209
0.0975189209
0.1462707520
0.1462707520
0.0000000000
-0.0527954102
0.4223480225
0.1583862305
-0.7919006348
0.2639617920
-0.0527954102
-0.0527954102
0.1495819092
-0.1495819092
-0.2991638184
0.2991638184
0.7479248047
0.1495819092
0.0000000000
0.0747985840
0.2082824707
-0.0694274902
-0.2082824707
0.0000000000
0.0000000000
0.7636871338
-0.2082824707
0.3471221924
0.1049804688
-0.1049804688
-0.2099609375
-0.3149414062
0.1049804688
-0.2099609375
0.3149414062
0.5248870850
0.8828735352
0.0000000000
-0.1961975098
0.0490417480
0.1961975098
0.1961975098
-0.0490417480
-0.1471405029
0.0267028809
-0.1067810059
0.9076538086
0.1067810059
-0.1067810059
0.2402648926
-0.0533905029
-0.2402648926
-0.3674163818
-0.2449493408
0.1224670410
-0.1224670410
0.2449493408
0.0000000000
-0.1224670410
0.2449493408
-0.1080627441
0.0810394287
0.2161254883
0.0540313721
-0.1080627441
0.0000000000
-0.9455413818
-0.0540313721
-0.4832916260
0.0805511475
-0.5638275146
-0.1611022949
0.1611022949
0.3221893311
0.0805511475
0.2416381836
0.0383911133
0.9214477539
-0.2303619385
0.0000000000
-0.0767822266
-0.1535797119
0.1151733398
-0.0767822266
-0.1113433838
-0.1113433838
0.0000000000
0.1113433838
0.1113433838
-0.1113433838
-0.1113433838
0.0000000000
0.0000000000
0.2271423340
0.3179931641
0.0000000000
-0.1817169189
0.7722778320
0.3634185791
-0.1362762451
0.3962097168
0.4952697754
0.3301696777
0.4952697754
0.1650848389
0.3631896973
-0.1981048584
0.0990600586
0.3064880371
0.0000000000
0.2724304199
-0.3064880371
-0.0681152344
-0.6810760498
-0.4767608643
0.0681152344
0.2500000000
-0.1250000000
0.1250000000
0.0000000000
0.0000000000
-0.1250000000
0.0000000000
-0.3750000000
0.4068298340
0.0290527344
-0.2324676514
-0.2615356445
-0.8136596680
0.0871734619
-0.1162414551
0.0290527344
0.3548431396
-0.2129058838
-0.2838745117
0.4258117676
0.3548431396
0.0709686279
-0.4967803955
-0.1419372559
0.0000000000
0.0911560059
-0.0911560059
0.0000000000
0.0000000000
0.0000000000
0.0000000000
-0.0911560059
0.0296478271
0.0000000000
-0.0296478271
-0.9781341553
-0.0296478271
-0.0592803955
0.0889282227
0.0296478271
-0.0776519775
0.9317932129
-0.0388183594
0.2329559326
0.0776519775
-0.0388183594
0.1164703369
0.0000000000
0.2428131104
-0.1213989258
0.0000000000
0.2428131104
0.3642120361
0.0000000000
0.2428131104
0.2428131104
-0.2459411621
0.2459411621
0.2459411621
-0.2459411621
0.1229705811
-0.1229705811
0.2459411621
0.1229705811
0.3281707764
0.2187805176
-0.1093902588
-0.1093902588
0.3281707764
0.3281707764
-0.2187805176
-0.3281707764
-0.0160064697
-0.0160064697
-0.0160064697
0.9924011230
-0.0640258789
0.0320129395
0.0000000000
-0.0320129395
0.1464080811
0.9151000977
0.0732116699
0.2196197510
-0.0732116699
0.1098175049
0.1464080811
-0.0732116699
0.1221466064
0.7328948975
0.4275207520
0.0610809326
-0.2442932129
0.1221466064
-0.2442932129
-0.0610809326
-0.2167205811
-0.8668823242
-0.0722351074
0.0722351074
-0.0722351074
0.0000000000
-0.0722351074
0.0722351074
0.9810028076
-0.0288543701
-0.0288543701
0.0000000000
0.0865631104
-0.0288543701
0.0000000000
0.0288543701
0.0000000000
-0.1243286133
-0.1243286133
-0.2486572266
-0.1243286133
0.1243286133
0.2486572266
0.1243286133
0.2705993652
-0.3607940674
0.1804046631
0.0000000000
-0.2705993652
-0.4510040283
0.3607940674
-0.2705993652
0.0287017822
0.9757385254
0.0574035645
0.0000000000
0.0574035645
-0.1147918701
-0.0287017822
0.0000000000
0.0585479736
0.0000000000
-0.4098663330
0.8002166748
-0.0780639648
0.0390319824
0.1756591797
-0.3708343506
0.5540771484
-0.1385192871
-0.2077789307
-0.0692596436
-0.0692596436
0.2770385742
0.5540771484
-0.2770385742
-0.0823974609
0.4120178223
0.3296203613
0.3296203613
0.5768280029
-0.1648101807
0.0823974609
0.0823974609
-0.0729980469
0.0000000000
-0.2189941406
-0.2189941406
-0.4379882812
0.5109863281
-0.0729980469
0.5109863281
0.0000000000
-0.1887054443
-0.7548370361
0.0000000000
0.1887054443
0.0000000000
0.1887054443
0.0943603516
0.9332275391
-0.0466613770
-0.0933227539
0.1633148193
-0.0933227539
0.0466613770
-0.2333068848
-0.0933227539
0.0122528076
-0.1593322754
0.9437408447
0.1961059570
0.0490264893
0.1715850830
-0.0367736816
-0.0858001709
-0.3370056152
0.3370056152
-0.1123352051
-0.2246704102
0.2246704102
-0.3370056152
-0.1123352051
0.2246704102
-0.1882781982
-0.0188293457
0.0188293457
0.2447509766
0.1129608154
0.2447509766
-0.9037170410
-0.0564880371
0.0000000000
0.1705627441
0.5970001221
0.0000000000
0.5117034912
-0.2558593750
-0.1705627441
-0.0852813721
0.0462493896
0.9711761475
-0.2004089355
0.0462493896
0.0154113770
-0.0154113770
-0.0462493896
-0.0462493896
-0.2234802246
-0.4469451904
0.2234802246
0.3352050781
-0.2234802246
-0.2234802246
0.0000000000
0.1117401123
-0.1071319580
0.5356903076
0.3214111328
0.1071319580
0.0000000000
0.3214111328
-0.1071319580
0.2142791748
0.4709777832
0.4709777832
0.4281616211
0.1712646484
0.1284484863
0.3853454590
-0.1712646484
0.2997131348
0.7453613281
-0.1064758301
-0.0532379150
-0.1597137451
-0.2662048340
-0.4791564941
0.0000000000
0.1064758301
0.0000000000
0.0000000000
-0.4981536865
-0.1245422363
0.0000000000
-0.1245422363
0.0000000000
0.1245422363
0.7060546875
0.0441284180
-0.1765136719
-0.2647705078
-0.5736694336
0.0441284180
0.0441284180
0.0441284180
-0.2281951904
-0.2281951904
0.5324401855
0.0760650635
0.0760650635
0.4563751221
0.2281951904
-0.3803100586
0.2381439209
0.2381439209
0.2381439209
-0.2381439209
0.0000000000
0.2381439209
-0.1190643311
0.3572082520
0.0842132568
-0.1403503418
-0.1122741699
-0.9543609619
-0.0842132568
0.0842132568
0.0842132568
-0.0561370850
0.1474761963
0.9340362549
-0.0983123779
0.2212219238
0.0245819092
0.0983123779
-0.1228942871
0.0491638184
-0.5021362305
0.5380096436
0.2510681152
0.3945312500
0.2151947021
-0.3227996826
-0.0358734131
0.2151947021
0.1672058105
0.3344268799
0.7803344727
-0.0557403564
0.1114807129
-0.1672058105
0.1672058105
-0.2786865234
0.1405334473
-0.2810821533
-0.1405334473
-0.2810821533
-0.2810821533
-0.2810821533
0.2810821533
-0.6324310303
0.1787567139
-0.1072540283
0.1787567139
0.9295501709
-0.0357513428
-0.0715026855
-0.0357513428
0.1072540283
-0.1093902588
0.5469665527
-0.1093902588
-0.1093902588
0.2187805176
-0.3281707764
-0.1093902588
-0.2187805176
0.4897155762
0.5305175781
0.3672790527
-0.0408020020
0.0816192627
0.4897155762
-0.1632385254
-0.1224212646
-0.0391235352
-0.9388885498
0.1173553467
0.1564788818
0.0391235352
-0.1173553467
0.0000000000
0.1173553467
0.9187164307
0.1148376465
-0.1435546875
-0.1435546875
0.2009735107
-0.1435546875
-0.1148376465
0.0287170410
0.0000000000
-0.2428131104
0.0000000000
-0.1213989258
-0.2428131104
0.0000000000
0.4856262207
0.1213989258
0.2749481201
-0.3666076660
0.0916442871
-0.0916442871
-0.3666076660
-0.3666076660
0.2749481201
-0.3666076660
0.0000000000
0.8970489502
-0.0472106934
0.0472106934
0.0000000000
-0.2832794189
-0.1888580322
0.0472106934
0.0626831055
0.0208892822
-0.4596252441
0.7521057129
-0.1253509521
-0.0626678467
0.2089233398
-0.3760528564
0.2531738281
-0.3375549316
0.1687774658
-0.2531738281
0.0000000000
0.3375549316
0.3375549316
-0.5063476562
0.0000000000
0.3512420654
0.3512420654
0.4390411377
0.4390411377
0.1756134033
0.0000000000
-0.2634277344
-0.2357025146
-0.3535461426
0.0000000000
-0.2357025146
-0.2357025146
0.3535461426
0.1178436279
0.1178436279
0.0000000000
0.0805511475
-0.4832916260
-0.0805511475
0.3221893311
0.0805511475
0.3221893311
0.5638275146
0.8652343750
-0.1545104980
-0.1236114502
0.2163085938
-0.1236114502
0.1545104980
-0.2472076416
-0.1854095459
-0.0133666992
-0.1336517334
0.9489440918
0.1603851318
0.0267333984
0.1871185303
-0.0534667969
-0.1069183350
-0.1150360107
0.0000000000
-0.1150360107
-0.2300720215
0.0000000000
-0.1150360107
0.0000000000
0.0000000000
-0.3491058350
0.0997467041
0.1246795654
0.2743072510
0.1745605469
0.3241729736
-0.7480926514
-0.2493591309
-0.0878143311
0.1756134033
0.7024688721
-0.0878143311
0.3512420654
-0.2634277344
0.0000000000
0.0000000000
0.0471954346
0.9754333496
-0.1573333740
0.0471954346
0.0000000000
-0.0157318115
-0.0471954346
-0.0943908691
-0.1123352051
-0.2246704102
0.0000000000
0.3370056152
0.0000000000
-0.1123352051
0.1123352051
0.5616760254
0.1172332764
0.4689483643
0.1172332764
-0.1172332764
0.2344665527
0.0000000000
-0.1172332764
0.3517150879
0.2757263184
0.6204071045
0.4825286865
0.2068023682
-0.0689392090
0.1378631592
0.0689392090
0.2757263184
0.8043060303
-0.2144775391
-0.1072387695
-0.1072387695
0.0000000000
-0.3753356934
0.2144775391
-0.0536193848
0.0000000000
0.0000000000
-0.2357025146
-0.1178436279
-0.1178436279
0.0000000000
-0.1178436279
-0.1178436279
0.5775909424
0.1443939209
-0.2165985107
-0.3970947266
-0.6136932373
0.0722045898
-0.0722045898
0.1082916260
-0.1711730957
-0.2567596436
0.0000000000
0.0000000000
0.3423614502
0.5135345459
0.0855865479
-0.5135345459
0.1199951172
0.0000000000
0.0000000000
-0.1199951172
0.1199951172
0.1199951172
-0.1199951172
0.2400054932
-0.0600738525
-0.2403106689
-0.0600738525
-0.8411102295
-0.1201629639
0.3003997803
0.0600738525
0.0000000000
0.0847473145
0.9604339600
-0.0565032959
0.0847473145
0.0847473145
0.0847473145
-0.1129913330
0.0847473145
-0.4674072266
0.4674072266
0.2596740723
0.3635406494
0.3635406494
-0.3115997314
0.0519409180
0.2077331543
0.1014404297
0.4057617188
0.6593627930
0.0000000000
0.1521606445
-0.2536010742
0.3043212891
-0.3550415039
0.0840911865
-0.4204864502
-0.1681976318
-0.1681976318
-0.1681976318
-0.1681976318
0.3363952637
-0.5886840820
0.2481536865
-0.1240844727
0.0000000000
0.8995819092
-0.0930633545
-0.1861114502
-0.1240844727
0.1551055908
0.0810699463
0.6485290527
-0.3242645264
-0.1621246338
0.3242645264
-0.1621246338
-0.2431945801
-0.1621246338
0.3863983154
0.4722747803
0.5581359863
-0.0858612061
-0.0429382324
0.4722747803
-0.1287994385
-0.0858612061
0.0522918701
-0.9411773682
0.0000000000
0.0522918701
-0.0522918701
-0.0522918701
0.0522918701
0.1045684814
0.9398651123
0.1762237549
-0.1174774170
-0.0881195068
0.1468505859
-0.0587463379
-0.0881195068
0.0587463379
-0.1199951172
-0.1199951172
0.0000000000
-0.1199951172
-0.1199951172
0.1199951172
0.2400054932
0.0000000000
0.1141510010
-0.3424682617
0.0000000000
0.0000000000
-0.3424682617
-0.3424682617
0.1141510010
-0.3424682617
0.0000000000
0.6750030518
-0.1499938965
0.2250061035
0.0000000000
-0.3000030518
-0.3750000000
0.2250061035
0.1886749268
-0.0314483643
-0.4402465820
0.6289215088
-0.1572265625
-0.1572265625
0.3144683838
-0.4402465820
0.3214111328
-0.2142791748
0.1071319580
0.1071319580
-0.1071319580
0.4285430908
0.3214111328
-0.3214111328
-0.1014251709
0.1014251709
0.1014251709
0.4057312012
0.3042907715
0.5071563721
0.2028656006
-0.2028656006
-0.1178436279
0.1178436279
0.0000000000
-0.1178436279
-0.4714050293
0.3535461426
0.0000000000
0.2357025146
0.0000000000
-0.0835266113
-0.4176177979
-0.0835266113
0.2505645752
0.0000000000
0.2505645752
0.6681823730
0.7604980469
-0.2376556396
-0.2376556396
0.2851867676
0.0000000000
0.2851867676
-0.1901245117
-0.1901245117
-0.0155487061
-0.0622100830
0.9641571045
0.0155487061
-0.0310974121
0.1710662842
-0.0622100830
-0.1555175781
-0.1250000000
0.0000000000
0.1250000000
-0.3750000000
0.0000000000
0.2500000000
0.0000000000
-0.1250000000
-0.3724365234
0.1692962646
0.2031555176
0.2031555176
0.1692962646
0.2708740234
-0.7448883057
-0.2370147705
-0.2695465088
0.1796875000
0.6289367676
0.0000000000
0.2695465088
-0.2695465088
-0.2695465088
0.0000000000
0.0000000000
0.9724731445
-0.1547088623
0.0000000000
-0.0884094238
-0.0220947266
-0.0442047119
-0.0662994385
-0.1243286133
-0.1243286133
0.0000000000
0.0000000000
0.0000000000
-0.1243286133
0.1243286133
0.3729858398
0.1135406494
0.2270965576
0.0000000000
-0.1135406494
0.2270965576
0.0000000000
0.2270965576
0.5677337646
0.2761383057
0.6627197266
0.4970397949
0.1656799316
-0.0552215576
0.2761383057
0.0552215576
0.1656799316
0.7399291992
-0.1849822998
-0.1387329102
-0.0462493896
0.0924835205
-0.5549468994
0.0462493896
-0.0924835205
0.0000000000
0.1064758301
-0.1064758301
-0.1064758301
0.0000000000
0.0000000000
-0.1064758301
-0.1064758301
0.5093994141
0.0536193848
-0.2949218750
-0.4289703369
-0.6434478760
0.1072387695
-0.0804290771
0.1072387695
-0.0715026855
-0.1430053711
-0.4290313721
-0.0715026855
0.2860260010
0.4290313721
-0.1430053711
-0.5720367432
-0.1199951172
0.1199951172
-0.1199951172
0.0000000000
0.1199951172
0.0000000000
0.1199951172
0.2400054932
0.0000000000
-0.4330139160
0.2165069580
-0.1082458496
0.4330139160
0.3247528076
-0.1082458496
-0.1082458496
0.0370025635
0.9620666504
0.0000000000
0.0000000000
0.0740051270
0.0740051270
-0.1110076904
0.0740051270
-0.3375854492
0.4726104736
0.2025451660
0.4050903320
0.3375854492
-0.3375854492
0.0675201416
0.2700653076
0.1186676025
0.5340270996
0.3560180664
0.1186676025
0.2373504639
-0.4153594971
0.3560180664
-0.2966918945
0.3102722168
-0.2068481445
-0.2068481445
-0.3102722168
-0.1034240723
-0.2068481445
0.1034240723
-0.5171051025
0.1366882324
-0.0546722412
0.0000000000
0.9567718506
-0.1366882324
-0.0820159912
-0.0820159912
0.0820159912
-0.1659393311
0.8849792480
-0.1106262207
-0.1659393311
0.1106262207
-0.1106262207
-0.1106262207
-0.1106262207
0.2864837646
0.5252227783
0.7162170410
-0.1432495117
-0.0477447510
0.1432495117
-0.0954895020
-0.0477447510
-0.0450592041
-0.9462127686
0.0000000000
0.0000000000
0.0000000000
0.0450592041
-0.0450592041
0.1802368164
0.9547424316
0.1403961182
-0.0561676025
-0.1123199463
0.1403961182
0.0000000000
-0.0280761719
0.0842437744
0.0000000000
0.1237182617
-0.2474365234
-0.2474365234
-0.1237182617
0.0000000000
0.1237182617
0.1237182617
-0.1105499268
-0.2211151123
-0.2211151123
0.1105499268
-0.2211151123
-0.5527648926
-0.2211151123
-0.1105499268
-0.0522155762
0.7832489014
-0.1566467285
0.3132934570
-0.0522155762
-0.0522155762
-0.3132934570
0.2610778809
0.1358642578
-0.0905761719
-0.4075927734
0.6340332031
-0.1811523438
-0.0905761719
0.4075927734
-0.3623046875
0.1990661621
0.0000000000
-0.2985992432
0.0000000000
-0.2985992432
0.4976654053
0.2985992432
-0.2985992432
-0.0754241943
-0.0754241943
0.0000000000
0.3771057129
0.3771057129
0.6033630371
0.3771057129
0.0754241943
0.1224670410
0.0000000000
0.0000000000
0.0000000000
-0.3674163818
0.2449493408
0.3674163818
0.1224670410
0.0000000000
0.0000000000
0.0000000000
0.0000000000
0.1117401123
0.1117401123
0.2234802246
0.6704254150
0.7083282471
-0.2724304199
-0.2724304199
0.2724304199
0.0544891357
0.2724304199
-0.2724304199
-0.1634521484
0.0000000000
-0.0534667969
0.9624328613
-0.0356445312
-0.0534667969
0.1604003906
-0.0712890625
-0.1604003906
0.0000000000
0.0000000000
-0.1242218018
-0.3726806641
-0.2484588623
0.1242218018
0.1242218018
-0.2484588623
-0.2386474609
0.0340881348
0.2045593262
0.1704711914
0.1022796631
0.1363677979
-0.8864288330
-0.1363677979
-0.3406372070
0.0000000000
0.0000000000
0.1135406494
0.4541778564
-0.3406372070
-0.2270965576
0.0000000000
0.0313110352
0.9392242432
-0.2504577637
-0.0939178467
-0.0626068115
-0.0939178467
0.0313110352
0.0000000000
0.0000000000
-0.1113433838
0.0000000000
0.0000000000
0.0000000000
0.0000000000
0.1113433838
0.2226867676
0.2038421631
-0.1019134521
0.0000000000
-0.4076843262
0.3057556152
-0.2038421631
-0.1019134521
0.5095977783
0.2665710449
0.5864715576
0.5331573486
0.1066284180
-0.1066284180
0.3731994629
0.0000000000
0.2132568359
0.6270141602
-0.1343536377
-0.1343536377
-0.1343536377
0.1343536377
-0.6717987061
-0.1343536377
0.0000000000
0.0000000000
0.0000000000
0.1178436279
-0.1178436279
-0.1178436279
0.1178436279
0.0000000000
-0.2357025146
0.4853973389
-0.0255432129
-0.3576660156
-0.3832092285
-0.6642303467
0.1532897949
-0.0255432129
0.0511016846
-0.1320800781
0.0000000000
-0.6603698730
0.0660400391
0.0660400391
0.2641448975
-0.3301849365
-0.4622650146
0.0000000000
0.1243286133
-0.2486572266
-0.1243286133
0.2486572266
-0.1243286133
-0.1243286133
0.1243286133
-0.2038421631
-0.4076843262
0.5095977783
-0.2038421631
0.3057556152
0.0000000000
0.1019134521
-0.1019134521
0.0469970703
0.9400939941
-0.0469970703
0.0940093994
0.0940093994
0.0469970703
0.0000000000
0.1410064697
-0.3758239746
0.3758239746
0.1879119873
0.2818603516
0.3758239746
-0.2818603516
0.1879119873
0.1879119873
0.2016296387
0.5377044678
-0.0672149658
0.0000000000
0.1344299316
-0.6049041748
0.3360595703
-0.1344299316
0.2307739258
-0.1153869629
-0.2307739258
-0.1153869629
-0.3461608887
0.0000000000
0.1153869629
-0.4615325928
-0.0578460693
0.0867767334
0.0578460693
0.9545288086
-0.2024688721
0.0000000000
-0.0578460693
-0.0578460693
-0.1966094971
0.9502868652
0.0655364990
0.0000000000
0.0655364990
0.0327758789
0.0983123779
-0.0655364990
0.2700805664
0.4951324463
0.7652130127
-0.0450134277
-0.0450134277
0.0000000000
-0.0900268555
-0.1350402832
-0.1766815186
-0.9275970459
0.0441741943
0.0883483887
0.0441741943
0.0000000000
-0.0441741943
0.1766815186
0.9674072266
0.0853576660
-0.0569000244
0.0284576416
0.1138153076
0.0853576660
-0.0569000244
0.0569000244
-0.1216278076
0.1216278076
-0.1216278076
-0.2432556152
0.0000000000
-0.1216278076
-0.1216278076
0.1216278076
-0.1199951172
-0.1199951172
0.0000000000
0.1199951172
0.0000000000
-0.1199951172
-0.2400054932
0.1199951172
0.0659637451
0.9564666748
-0.0659637451
0.0989379883
0.0000000000
0.0659637451
-0.0989379883
0.1319274902
-0.0609588623
0.0609588623
-0.3657684326
0.7315368652
-0.3048095703
0.1219177246
0.3048095703
0.0000000000
-0.1105499268
-0.2211151123
-0.3316650391
0.1105499268
-0.5527648926
0.0000000000
0.0000000000
-0.2211151123
-0.0776367188
-0.0776367188
-0.1552581787
0.2328948975
0.3105163574
0.6986694336
0.3105163574
0.1552581787
0.1736755371
0.3473510742
0.2605133057
-0.2605133057
-0.4341888428
0.4341888428
0.0868377686
0.2605133057
0.1088256836
-0.1088256836
0.0000000000
0.1088256836
0.2176361084
0.0000000000
0.2176361084
0.6529235840
0.6102447510
-0.1525573730
-0.3051300049
0.3051300049
0.2288513184
0.3051300049
-0.1525573730
-0.2288513184
-0.0477600098
-0.0955047607
0.9550476074
0.0000000000
-0.0238800049
0.1432647705
-0.0955047607
-0.1671295166
0.1178436279
0.0000000000
0.0000000000
-0.2357025146
-0.1178436279
0.1178436279
0.0000000000
-0.1178436279
-0.1473083496
-0.0736541748
0.2209625244
0.1841278076
0.1473083496
0.1473083496
-0.8838348389
-0.1473083496
-0.3535461426
-0.1178436279
-0.4714050293
0.1178436279
0.2357025146
0.0000000000
-0.1178436279
0.0000000000
0.0593109131
0.9192504883
-0.2965393066
-0.0889587402
0.0296478271
-0.1482696533
0.0593109131
0.0296478271
0.0000000000
-0.1150360107
-0.1150360107
-0.1150360107
0.1150360107
-0.1150360107
0.1150360107
0.1150360107
0.2320098877
-0.2320098877
0.1159973145
-0.2320098877
0.0000000000
0.2320098877
0.3480072021
0.3480072021
0.3413696289
0.5689392090
0.5120544434
0.1706848145
0.0569000244
0.3413696289
-0.1137847900
0.1706848145
0.5054779053
-0.0919036865
0.0459594727
-0.2297668457
0.0459594727
-0.6892852783
-0.3676147461
0.0000000000
0.1113433838
-0.1113433838
0.1113433838
0.1113433838
-0.1113433838
-0.1113433838
0.0000000000
0.0000000000
0.5021209717
-0.0590667725
-0.3544464111
-0.3544464111
-0.6498107910
0.2067565918
0.0000000000
0.0000000000
-0.0838012695
-0.0838012695
-0.6704711914
0.1676177979
0.0000000000
0.1676177979
-0.2514190674
-0.4190368652
0.0000000000
0.0000000000
-0.0785675049
0.0000000000
0.0785675049
0.0000000000
0.0000000000
0.0000000000
-0.1516876221
-0.3033905029
0.2275390625
-0.7584686279
0.0758514404
-0.0758514404
0.2275390625
0.0000000000
-0.0949554443
0.9020843506
0.0474853516
0.0000000000
0.1899108887
0.0949554443
0.0000000000
0.2373962402
-0.3674163818
0.1224670410
0.0000000000
0.1224670410
0.2449493408
-0.1224670410
0.2449493408
0.2449493408
0.0826873779
0.5787506104
-0.4960784912
-0.0826721191
0.0826873779
-0.3307189941
0.1653594971
0.1653594971
0.1224670410
-0.1224670410
-0.1224670410
0.0000000000
-0.1224670410
0.2449493408
0.0000000000
-0.4898986816
-0.1419219971
0.0473022461
0.0000000000
0.9698486328
-0.0946197510
0.0236511230
0.0236511230
-0.0946197510
-0.1127624512
0.9585266113
0.0845794678
0.0845794678
-0.0845794678
0.0281982422
0.1409606934
0.0281982422
0.1341247559
0.3353118896
0.8047485352
-0.1341247559
-0.0670623779
-0.2011871338
0.0670623779
-0.0670623779
-0.1681976318
-0.8409881592
0.0000000000
0.0840911865
0.0840911865
0.0000000000
0.0000000000
0.0840911865
0.9398345947
0.0348052979
0.0000000000
0.1392364502
0.1044311523
0.2088470459
-0.0348052979
0.0348052979
-0.1178436279
0.1178436279
0.0000000000
0.0000000000
0.0000000000
-0.1178436279
-0.1178436279
0.2357025146
0.0000000000
-0.1000061035
0.0000000000
0.1000061035
0.0000000000
0.0000000000
-0.1000061035
0.1000061035
0.0499267578
0.9734344482
-0.0499267578
0.0249633789
-0.0249633789
0.1248016357
-0.0249633789
0.0998382568
-0.0709686279
0.1419372559
-0.2129058838
0.7096862793
-0.3548431396
0.0709686279
0.2129058838
0.2838745117
-0.2985992432
-0.1990661621
0.2985992432
0.1990661621
-0.4976654053
-0.1990661621
-0.2985992432
-0.0995330811
-0.1159973145
-0.1159973145
-0.1159973145
0.3480072021
0.3480072021
0.3480072021
0.2320098877
0.1159973145
0.2237548828
0.3729400635
0.0000000000
-0.1491699219
-0.5221099854
0.5221099854
-0.0745849609
0.2237548828
-0.1076965332
-0.2153778076
-0.1076965332
-0.1076965332
0.2153778076
-0.2153778076
0.3230743408
0.5384674072
0.7356262207
0.0000000000
-0.1839141846
0.0613098145
0.3065185547
0.4291229248
0.1226043701
-0.0613098145
-0.0278778076
-0.0836486816
0.9480285645
0.0557708740
-0.0278778076
0.1394195557
-0.0836486816
-0.1951904297
-0.0911560059
-0.0911560059
0.0000000000
-0.0911560059
0.0000000000
0.0000000000
0.0000000000
0.0000000000
-0.1322174072
0.0330505371
0.2644348145
0.0661010742
0.0330505371
0.0661010742
-0.9255065918
-0.0991668701
-0.4178161621
-0.2089080811
-0.5222625732
-0.1044464111
0.1044464111
0.2089080811
0.0000000000
0.2089080811
0.0000000000
0.8748168945
-0.3578796387
-0.0397644043
0.0000000000
-0.1988220215
0.1192932129
0.0000000000
0.0911560059
0.0000000000
0.0000000000
0.0000000000
0.0911560059
-0.0911560059
0.0000000000
0.0000000000
0.0805511475
-0.0805511475
0.2416381836
-0.1611022949
-0.1611022949
0.6443786621
0.4832916260
-0.0805511475
0.3327178955
0.5989074707
0.3327178955
0.4325408936
0.1663665771
0.3327178955
-0.2329101562
0.0665435791
0.4087829590
-0.0817565918
0.2452697754
-0.2861480713
0.0000000000
-0.6540374756
-0.4496459961
0.0000000000
0.1228332520
-0.1228332520
0.2456817627
0.0000000000
0.0000000000
-0.1228332520
0.0000000000
-0.2456817627
0.4267578125
-0.0388031006
-0.3103637695
-0.3103637695
-0.7371215820
0.1551818848
-0.0388031006
0.0775909424
0.0821380615
-0.2463989258
-0.6570434570
0.2463989258
0.1642608643
0.2463989258
-0.2463989258
-0.2463989258
-0.1000061035
-0.1000061035
-0.1000061035
0.1000061035
0.0000000000
0.0000000000
0.0000000000
0.0000000000
-0.0541687012
-0.1083374023
0.0000000000
-0.9208221436
0.0541687012
-0.1083374023
0.1625061035
0.0000000000
-0.1606292725
0.9102325439
0.0535430908
0.0000000000
0.1070861816
0.0000000000
0.1606292725
0.1070861816
-0.1178436279
0.0000000000
0.0000000000
0.1178436279
0.2357025146
0.0000000000
0.1178436279
0.1178436279
0.0000000000
0.1529998779
-0.6885070801
-0.0765075684
0.0765075684
0.0000000000
0.0765075684
0.5355072021
0.2078704834
-0.2078704834
-0.1039276123
-0.1039276123
0.1039276123
0.4157409668
-0.2078704834
-0.5196685791
-0.0694274902
-0.0173645020
-0.0173645020
0.9893798828
-0.0520782471
0.0173645020
0.0520782471
-0.0173645020
0.0643463135
0.9329223633
0.0643463135
0.1930236816
-0.0965118408
0.0643463135
0.1930236816
0.0000000000
0.0000000000
0.4307708740
0.5384674072
-0.1076965332
-0.1076965332
-0.2153778076
-0.1076965332
0.1076965332
-0.1245422363
-0.4981536865
0.0000000000
0.1245422363
-0.1245422363
0.0000000000
0.0000000000
0.0000000000
0.9706420898
0.0000000000
0.0000000000
0.0970611572
0.0647125244
0.0970611572
0.0000000000
-0.0323486328
0.0000000000
-0.1178436279
0.0000000000
-0.1178436279
-0.2357025146
0.0000000000
0.1178436279
0.1178436279
0.3584289551
-0.2150573730
-0.0716857910
-0.2150573730
-0.2867431641
-0.2867431641
0.5018005371
-0.4301147461
0.0000000000
0.9805908203
0.0288391113
0.0000000000
0.0288391113
-0.0576782227
-0.0576782227
0.0576782227
0.0727539062
-0.0970153809
-0.3637847900
0.7760772705
0.0242462158
0.0485076904
0.2425231934
-0.4122924805
0.3607940674
0.1804046631
0.0000000000
0.2705993652
0.2705993652
0.0901947021
0.6314086914
0.0000000000
-0.0813293457
0.1626586914
0.4066467285
0.4066467285
0.3253173828
-0.4879760742
-0.2439880371
-0.0813293457
-0.0846862793
-0.1693725586
-0.1693725586
-0.2540588379
0.0846862793
0.5928039551
-0.0846862793
0.5081176758
-0.1129455566
-0.2258758545
-0.5646972656
0.2258758545
0.1129455566
0.0000000000
0.2258758545
0.1129455566
0.9776611328
-0.0624084473
-0.0624084473
0.1040039062
-0.0207977295
-0.0207977295
-0.1040039062
0.0000000000
-0.0572662354
-0.1002044678
0.9734039307
0.1288299561
0.0715789795
0.0572662354
-0.0143127441
-0.0858917236
-0.2416839600
-0.2416839600
0.1208343506
-0.2416839600
0.0000000000
-0.2416839600
-0.3625183105
0.1208343506
-0.1389312744
0.0000000000
0.0868225098
0.1215515137
0.1041870117
0.1562957764
-0.9551086426
0.0347290039
-0.2295074463
-0.0765075684
0.6885070801
0.1529998779
0.4590148926
-0.0765075684
-0.0765075684
-0.1529998779
0.0000000000
0.9747161865
-0.1827545166
-0.0406188965
0.0203094482
-0.0203094482
-0.0203094482
-0.0203094482
-0.2357025146
-0.3535461426
0.0000000000
0.2357025146
-0.1178436279
-0.2357025146
-0.1178436279
-0.3535461426
0.0000000000
0.0000000000
0.0000000000
-0.1208343506
0.0000000000
0.3625183105
0.1208343506
0.4833679199
0.5098571777
0.4461212158
0.3823852539
0.0637359619
-0.0637359619
0.4461212158
-0.1274566650
0.1911926270
0.7068176270
-0.0415802002
-0.1247253418
-0.3326263428
-0.2910461426
-0.4573516846
-0.0831604004
0.1247406006
0.0000000000
0.1245422363
-0.4981536865
0.0000000000
0.0000000000
0.0000000000
0.1245422363
0.1245422363
0.7360076904
-0.0919952393
-0.0460052490
-0.3220062256
-0.5059967041
0.0000000000
0.0000000000
0.1380004883
-0.0682983398
-0.0682983398
0.8195037842
0.2048797607
0.0682983398
0.3414611816
0.0000000000
0.0000000000
0.1219482422
0.1219482422
-0.1219482422
-0.3658599854
0.1219482422
0.2438964844
-0.2438964844
0.2438964844
0.0833587646
-0.0833587646
-0.0833587646
-0.9725189209
0.0277862549
0.0000000000
0.0833587646
-0.0277862549
0.0957641602
0.9576873779
-0.0319213867
0.0957641602
-0.0319213867
0.1276855469
-0.0638427734
0.0957641602
-0.5969238281
0.4974365234
0.1326446533
0.3647918701
0.1989746094
-0.2984619141
0.1658172607
0.2321319580
0.0397644043
0.3181152344
0.7952880859
-0.0795288086
0.0000000000
-0.1192932129
0.0397644043
-0.4374084473
-0.0972900391
-0.1945648193
-0.2918548584
-0.3891448975
-0.1945648193
-0.3891448975
0.1945648193
-0.3891448975
0.0350799561
-0.0350799561
0.3157806396
0.9122314453
-0.1052551270
-0.0701751709
-0.0701751709
-0.0701751709
-0.2529602051
0.8600463867
0.1517791748
-0.1517791748
0.0000000000
-0.1517791748
-0.0505981445
-0.2023620605
0.2938232422
0.3305358887
0.5141754150
0.0000000000
0.0734558105
0.6610870361
-0.0734558105
-0.2203674316
0.0000000000
-0.9620666504
0.0000000000
-0.0370025635
0.0370025635
-0.0740051270
0.0000000000
0.1480102539
0.8824005127
0.0767364502
-0.0767364502
-0.1150970459
0.2685546875
-0.2301940918
-0.1534576416
0.0000000000
0.0000000000
-0.1178436279
-0.1178436279
-0.2357025146
-0.1178436279
0.0000000000
0.0000000000
0.1178436279
0.4249114990
-0.1699676514
0.0000000000
-0.2549438477
-0.3399353027
-0.2549438477
0.4249114990
-0.3399353027
0.0479431152
0.9828643799
0.0239715576
-0.0239715576
-0.0479431152
-0.0479431152
-0.0719146729
0.0479431152
0.0500030518
-0.0249938965
-0.3999786377
0.8249511719
-0.0749969482
0.0249938965
0.1999969482
-0.2999877930
0.0951690674
0.0951690674
0.0951690674
-0.1903381348
0.2855072021
0.2855072021
0.4758453369
-0.4758453369
-0.0977325439
0.0977325439
0.2931823730
0.5863494873
0.2931823730
-0.1954498291
0.2931823730
0.0000000000
-0.3214111328
-0.4285430908
0.0000000000
-0.2142791748
0.1071319580
0.0000000000
0.2142791748
0.4285430908
0.0000000000
0.0000000000
-0.3750000000
0.0000000000
0.1250000000
0.1250000000
0.2500000000
0.1250000000
0.9275360107
-0.1656341553
-0.0993804932
0.1656341553
-0.0662536621
0.0000000000
-0.1325073242
-0.1325073242
-0.0322113037
-0.0805206299
0.9662322998
0.1288299561
0.0483093262
0.1127319336
-0.0483093262
-0.1288299561
-0.2449493408
-0.3674163818
-0.1224670410
-0.2449493408
0.0000000000
-0.1224670410
-0.2449493408
0.1224670410
-0.2021026611
-0.0202178955
0.1010589600
0.2425231934
0.1616821289
0.2223205566
-0.8892822266
-0.1010589600
0.1044464111
-0.1044464111
0.4178161621
0.3133544922
0.5222625732
-0.1044464111
0.1044464111
0.1044464111
0.0351562500
0.9844207764
-0.1230468750
0.0000000000
0.0351562500
-0.0175781250
-0.0175781250
-0.0527343750
-0.1064758301
-0.1064758301
0.0000000000
0.1064758301
0.0000000000
-0.1064758301
0.0000000000
-0.1064758301
0.2416839600
-0.1208343506
0.0000000000
-0.1208343506
0.2416839600
0.0000000000
0.1208343506
0.4833679199
0.4220428467
0.5275421143
0.3165283203
-0.1055145264
-0.1055145264
0.0000000000
0.1055145264
0.0000000000
0.7955780029
-0.1403961182
-0.0467987061
-0.2807922363
-0.0935974121
-0.4211883545
0.0935974121
0.0000000000
0.0000000000
0.0000000000
-0.3748016357
-0.2498626709
0.0000000000
0.1249389648
0.0000000000
-0.1249389648
0.7261657715
0.0000000000
-0.0726165771
-0.1452331543
-0.5083160400
0.0726165771
-0.0726165771
0.0000000000
0.0773925781
0.0773925781
0.6192016602
0.2321929932
0.1548004150
0.5417938232
0.1548004150
0.0773925781
0.0000000000
0.0000000000
-0.1178436279
-0.1178436279
0.1178436279
0.0000000000
-0.1178436279
0.2357025146
0.0733032227
-0.1466064453
0.0366516113
-0.9529724121
-0.0733032227
-0.0366516113
0.1099548340
0.0366516113
0.0000000000
0.9566192627
0.0398559570
0.0000000000
0.0000000000
0.0000000000
-0.0797119141
0.1594390869
-0.5742187500
0.4858856201
0.0883483887
0.3533630371
0.2650299072
-0.3092041016
0.0441741943
0.2650299072
0.0586242676
0.2931060791
0.6448364258
0.0586242676
0.1758728027
-0.3517303467
0.2344818115
-0.4103546143
-0.3102722168
-0.1034240723
-0.2068481445
0.2068481445
0.1034240723
-0.5171051025
0.2068481445
-0.3102722168
0.1015167236
-0.0338439941
0.1691894531
0.9474945068
-0.0338439941
-0.0676727295
-0.1353607178
-0.0338439941
-0.2295074463
0.8415069580
0.0000000000
0.0765075684
0.0765075684
0.0000000000
-0.0765075684
-0.1529998779
0.3830871582
0.3447875977
0.5363311768
-0.0383148193
0.0383148193
0.5746307373
-0.1149291992
-0.2298583984
0.0413360596
-0.9505615234
-0.0413360596
0.0413360596
0.0000000000
-0.0826568604
-0.0413360596
0.1653137207
0.9069061279
0.0000000000
-0.0412292480
-0.0412292480
0.2061157227
-0.1648864746
-0.2061157227
-0.0824432373
0.0000000000
-0.1237182617
-0.1237182617
0.0000000000
-0.2474365234
0.1237182617
0.2474365234
-0.1237182617
0.2958526611
-0.2958526611
0.0000000000
-0.1972351074
-0.3944702148
-0.1972351074
0.2958526611
-0.3944702148
0.0941009521
0.9410552979
-0.0627441406
0.0313720703
-0.1568450928
-0.0627441406
-0.1254730225
0.1568450928
0.1151733398
-0.0383911133
-0.3839416504
0.8062591553
-0.1151733398
-0.0383911133
0.2303619385
-0.2687530518
-0.1245422363
-0.1245422363
0.2490844727
0.0000000000
0.1245422363
0.2490844727
0.2490844727
-0.2490844727
0.0000000000
-0.3448333740
-0.1724090576
0.5172424316
0.0000000000
0.5172424316
0.1724090576
-0.1724090576
-0.2344665527
-0.1172332764
0.2344665527
-0.3517150879
-0.3517150879
0.1172332764
0.1172332764
0.2344665527
0.1945648193
-0.0972900391
-0.3891448975
-0.0972900391
0.3891448975
0.0000000000
0.3891448975
0.3891448975
0.7061614990
-0.4943237305
-0.1412353516
0.0706176758
0.0000000000
0.0000000000
0.1412353516
-0.2118530273
0.0176544189
-0.0176544189
0.9536895752
0.0353240967
-0.0353240967
0.1766052246
-0.0353240967
-0.2119293213
-0.2477111816
-0.3715667725
0.1238555908
-0.1238555908
0.0000000000
0.1238555908
-0.2477111816
0.1238555908
-0.2233428955
-0.0319061279
0.1276245117
0.1595306396
0.1595306396
0.1595306396
-0.8933868408
-0.1595306396
-0.1224670410
-0.1224670410
0.3674163818
0.2449493408
0.2449493408
0.0000000000
-0.1224670410
0.2449493408
-0.0218353271
0.9828948975
-0.0873718262
-0.0218353271
0.0000000000
-0.0218353271
-0.0436859131
-0.0873718262
-0.1064758301
-0.1064758301
-0.1064758301
0.0000000000
0.0000000000
-0.1064758301
0.0000000000
0.1064758301
0.1172332764
0.0000000000
0.0000000000
-0.1172332764
0.2344665527
-0.1172332764
0.1172332764
0.5861816406
0.2393646240
0.7180938721
0.3989410400
0.1595764160
-0.0797882080
0.0797882080
0.0797882080
0.0797882080
0.7422790527
-0.1746520996
-0.1309967041
-0.1746520996
0.1309967041
-0.5239562988
0.1309967041
0.0000000000
-0.1243286133
0.1243286133
-0.2486572266
-0.2486572266
0.0000000000
0.1243286133
-0.1243286133
-0.1243286133
0.5447998047
0.0495300293
-0.1485748291
-0.3962097168
-0.6438446045
0.0495300293
-0.1485748291
0.0495300293
0.1642608643
0.0821380615
0.4106597900
0.0821380615
0.3285217285
0.5749206543
0.2463989258
-0.2463989258
0.0000000000
0.0000000000
-0.1000061035
-0.1000061035
0.1000061035
0.0000000000
0.0000000000
0.1000061035
0.1818389893
-0.2727508545
0.2727508545
-0.6364288330
0.1818389893
0.0909118652
0.2727508545
-0.0909118652
-0.2060852051
0.8758392334
0.2060852051
-0.1545562744
0.0515136719
-0.1030426025
0.0000000000
0.1545562744
-0.5724334717
0.4452209473
0.0635986328
0.3180236816
0.2544097900
-0.2544097900
0.0635986328
0.3180236816
-0.0891571045
0.0891571045
0.3566131592
0.1782989502
0.1782989502
-0.5349121094
0.4457702637
-0.1782989502
0.0000000000
0.0977325439
-0.1954498291
0.1954498291
0.4886322021
-0.4886322021
0.0977325439
-0.2931823730
0.1318359375
-0.0659179688
0.0439453125
0.9668273926
-0.0659179688
-0.1098632812
-0.0439453125
0.0878906250
-0.2624511719
0.7873382568
-0.1749572754
0.0000000000
0.0874786377
0.0000000000
-0.0874786377
0.0000000000
0.3774719238
0.3355255127
0.6710662842
-0.1258239746
-0.0419464111
0.4194183350
-0.1258239746
-0.1677703857
0.0000000000
-0.9229431152
-0.1384429932
0.0000000000
-0.0461425781
-0.0461425781
-0.0461425781
0.2307281494
0.8818054199
0.1603240967
-0.1202545166
-0.0801696777
0.2404937744
-0.0801696777
-0.2404937744
0.0400848389
-0.1237182617
0.0000000000
-0.1237182617
-0.1237182617
-0.2474365234
0.1237182617
0.2474365234
0.0000000000
0.1238555908
-0.2477111816
-0.1238555908
-0.1238555908
-0.2477111816
-0.3715667725
0.0000000000
-0.1238555908
0.0923919678
0.8315277100
-0.1847839355
0.2309875488
-0.1385955811
0.0000000000
-0.1385955811
0.3233795166
0.1674652100
-0.1116485596
-0.3907623291
0.6698913574
-0.1674652100
-0.0558166504
0.3349456787
-0.3349456787
0.3448333740
-0.2586212158
-0.2586212158
-0.0862121582
-0.2586212158
0.5172424316
0.1724090576
-0.3448333740
-0.2605133057
-0.2605133057
-0.0868377686
0.1736755371
0.0000000000
0.6078643799
0.4341888428
-0.0868377686
0.0000000000
0.3622283936
0.1811065674
-0.2716674805
-0.6338958740
0.1811065674
0.0905609131
0.1811065674
0.0968475342
-0.0968475342
-0.1937103271
-0.2905578613
0.1937103271
0.0000000000
0.3874053955
0.5811157227
0.7226257324
-0.3211669922
-0.2408752441
0.0802917480
0.0802917480
0.1605834961
0.0000000000
-0.2408752441
0.0400390625
-0.0200195312
0.9409179688
0.0000000000
-0.0200195312
0.2001953125
-0.0400390625
-0.2402343750
-0.1178436279
-0.1178436279
0.0000000000
-0.2357025146
-0.1178436279
0.0000000000
0.0000000000
-0.1178436279
-0.2160339355
0.0000000000
0.3240509033
0.1080169678
0.1620330811
0.1080169678
-0.8101348877
-0.2160339355
-0.3424682617
-0.1141510010
0.1141510010
0.2283172607
0.3424682617
-0.2283172607
-0.3424682617
0.1141510010
0.0000000000
0.9568328857
-0.1472015381
-0.0736083984
0.0368041992
-0.0368041992
0.0736083984
-0.0736083984
-0.1113433838
0.0000000000
0.0000000000
-0.2226867676
0.0000000000
0.0000000000
0.0000000000
0.1113433838
0.1135406494
-0.1135406494
0.0000000000
-0.2270965576
0.2270965576
-0.3406372070
-0.2270965576
0.4541778564
0.3014831543
0.6029663086
0.4220733643
0.2411804199
0.0000000000
0.3617706299
0.0000000000
0.2411804199
0.6638641357
-0.1770324707
0.0000000000
-0.2212829590
0.1770324707
-0.6195983887
0.0000000000
0.0000000000
-0.1178436279
0.0000000000
0.0000000000
-0.1178436279
0.0000000000
0.1178436279
-0.1178436279
-0.2357025146
0.4217071533
0.0383300781
-0.3067016602
-0.4217071533
-0.6900634766
0.1533508301
0.0000000000
0.0383300781
0.0000000000
0.0000000000
-0.4057312012
0.2028656006
0.3042907715
0.4057312012
0.0000000000
-0.4057312012
0.1113433838
0.1113433838
-0.1113433838
0.0000000000
0.1113433838
-0.1113433838
0.0000000000
0.1113433838
0.1004791260
-0.3014221191
0.3014221191
0.5023651123
0.4018859863
-0.1004791260
0.1004791260
-0.1004791260
-0.1595764160
0.7978820801
0.1595764160
-0.2393646240
-0.0797882080
-0.0797882080
0.0000000000
0.1595764160
-0.4697723389
0.3758239746
0.0000000000
0.2818603516
0.2818603516
-0.2818603516
0.0939483643
0.2818603516
0.0000000000
-0.0785675049
-0.7071075439
0.0000000000
0.0785675049
-0.3142700195
0.1571350098
0.3928375244
0.1238555908
0.0000000000
-0.1238555908
0.1238555908
0.2477111816
-0.2477111816
0.1238555908
-0.3715667725
0.1235351562
0.0000000000
0.0411834717
0.9676666260
-0.1235351562
-0.0823516846
-0.0205841064
0.1029357910
-0.2034759521
0.8816986084
0.0678253174
-0.0678253174
0.0678253174
0.0678253174
0.0678253174
-0.0678253174
0.2932434082
0.3909759521
0.7819671631
-0.0977478027
-0.0977478027
0.1466217041
-0.1466217041
-0.0977478027
-0.1529541016
-0.9176940918
-0.0509796143
0.0509796143
0.0000000000
0.0000000000
-0.0509796143
0.2039337158
0.9337463379
0.1436462402
-0.0718231201
0.0000000000
0.1795654297
0.0718231201
-0.1077423096
0.1077423096
0.0000000000
0.0911560059
-0.0911560059
-0.0911560059
0.0000000000
0.0000000000
0.0000000000
0.0000000000
0.0000000000
-0.1199951172
-0.1199951172
0.0000000000
-0.1199951172
-0.2400054932
-0.1199951172
0.1199951172
0.0853118896
0.8958587646
-0.1279754639
0.2133026123
-0.0426635742
0.0000000000
-0.0426635742
0.2559509277
0.0000000000
-0.0727996826
-0.2912292480
0.7280578613
-0.2184143066
0.1456146240
0.2912292480
-0.2184143066
0.2749481201
-0.1833038330
-0.3666076660
-0.1833038330
-0.4582519531
0.2749481201
-0.0916442871
-0.3666076660
-0.2727508545
0.0000000000
0.0909118652
0.0000000000
-0.0909118652
0.6364288330
0.4545898438
-0.0909118652
0.0000000000
0.5483093262
0.3916473389
-0.2349853516
-0.3916473389
0.3133239746
0.0783233643
0.1566619873
0.0000000000
-0.1000061035
-0.3000030518
-0.1000061035
0.3000030518
0.1999969482
0.1999969482
0.6000061035
0.5685577393
0.0000000000
-0.2842712402
0.0947570801
0.1895141602
0.2842712402
-0.0947570801
-0.3790283203
0.0272827148
-0.0545501709
0.9273529053
-0.0272827148
-0.0545501709
0.2182006836
0.0272827148
-0.2454833984
-0.1064758301
-0.1064758301
0.0000000000
-0.1064758301
0.0000000000
0.1064758301
0.1064758301
0.0000000000
-0.2810821533
0.0000000000
0.3513488770
0.2810821533
0.2810821533
0.2810821533
-0.5621643066
-0.2810821533
0.0000000000
-0.1245422363
0.0000000000
0.2490844727
0.2490844727
-0.3736267090
-0.1245422363
0.0000000000
0.0000000000
0.9308013916
-0.1469726562
-0.0979766846
0.0489959717
-0.0489959717
0.0979766846
0.0979766846
0.0000000000
-0.0911560059
0.0000000000
-0.0911560059
0.0000000000
0.0000000000
0.0000000000
0.0911560059
0.0000000000
-0.1113433838
0.1113433838
0.0000000000
-0.1113433838
-0.1113433838
-0.1113433838
0.1113433838
0.3354644775
0.5591125488
0.5032043457
0.2236480713
0.1677398682
0.2795562744
-0.1118164062
0.2236480713
0.4404754639
-0.0550537109
0.0550537109
-0.3303527832
0.0550537109
-0.7157745361
-0.2752990723
0.0000000000
0.0000000000
0.0000000000
0.1000061035
0.0000000000
-0.1000061035
-0.1000061035
0.0000000000
-0.1000061035
0.5237121582
0.0000000000
-0.3840637207
-0.3491516113
-0.5935516357
0.2094879150
0.1396636963
-0.0349121094
-0.3726806641
-0.1863403320
-0.4658508301
0.1863403320
-0.1863403320
0.0931701660
0.0931701660
-0.4658508301
0.0000000000
0.0000000000
-0.0911560059
0.0000000000
0.0911560059
-0.0911560059
0.0000000000
0.0000000000
-0.2357025146
-0.3535461426
0.3535461426
0.1178436279
0.2357025146
-0.1178436279
0.2357025146
0.0000000000
-0.1653594971
0.7441101074
0.0000000000
-0.2480316162
-0.0826721191
0.0000000000
0.0826873779
0.3307189941
-0.2449493408
0.2449493408
0.0000000000
0.1224670410
0.1224670410
-0.2449493408
0.1224670410
0.3674163818
0.0635986328
0.1272125244
-0.8268432617
0.0635986328
0.0635986328
-0.0635986328
0.0635986328
0.3816223145
0.1219482422
-0.1219482422
-0.1219482422
-0.1219482422
-0.1219482422
0.2438964844
0.0000000000
-0.4878082275
0.0438995361
0.0000000000
-0.0219421387
0.9876098633
-0.0658416748
0.0219421387
0.0000000000
0.0438995361
-0.1223297119
0.9378356934
0.1223297119
0.0000000000
-0.0407714844
-0.0815582275
0.1631011963
-0.0407714844
0.1870880127
0.0000000000
0.8730468750
-0.1870880127
-0.1247253418
-0.0623626709
-0.0623626709
0.1247253418
-0.2605133057
-0.7815399170
0.0868377686
0.1736755371
-0.0868377686
0.0868377686
0.0000000000
0.0868377686
0.9367675781
0.0720520020
0.0720520020
0.1080932617
0.0720520020
0.2161712646
-0.0360260010
0.0720520020
-0.1000061035
0.1000061035
0.0000000000
-0.1000061035
0.0000000000
-0.1000061035
0.0000000000
0.0000000000
0.1178436279
-0.2357025146
0.0000000000
-0.1178436279
-0.1178436279
0.1178436279
0.0000000000
0.0000000000
0.0605163574
0.9682617188
-0.0605163574
0.0907745361
-0.0302581787
0.0302581787
0.0302581787
0.1210327148
-0.1504211426
0.0752105713
-0.0752105713
0.7520904541
-0.3008422852
0.3008422852
0.0752105713
0.1504211426
0.0000000000
-0.2477111816
-0.1238555908
0.1238555908
-0.1238555908
-0.2477111816
-0.3715667725
-0.1238555908
-0.1159973145
-0.2320098877
0.0000000000
0.0000000000
0.1159973145
0.5800018311
0.2320098877
0.0000000000
0.1701354980
0.5671234131
0.3969879150
-0.2835540771
-0.3969879150
0.3402709961
-0.0567169189
0.1701354980
0.0000000000
-0.2416839600
-0.2416839600
-0.1208343506
0.2416839600
0.1208343506
0.2416839600
0.3625183105
0.6658172607
0.0739746094
-0.1479644775
0.0000000000
0.1479644775
0.5178527832
-0.0739746094
-0.2219390869
0.0661773682
-0.1323547363
0.9265136719
0.0330963135
-0.0661773682
0.1985321045
0.0000000000
-0.1985321045
0.0000000000
-0.1064758301
0.1064758301
-0.1064758301
0.1064758301
0.1064758301
0.0000000000
0.0000000000
-0.2494506836
0.0623626709
0.2494506836
0.2494506836
0.3117980957
0.3117980957
-0.6859741211
-0.1247253418
-0.1250000000
-0.2500000000
-0.3750000000
0.0000000000
0.1250000000
0.0000000000
0.0000000000
0.1250000000
-0.0555725098
0.8890533447
-0.1667022705
-0.0555725098
0.0000000000
-0.1111297607
0.1111297607
0.2222595215
0.1000061035
-0.1000061035
0.0000000000
-0.1000061035
0.0000000000
-0.1000061035
0.0000000000
0.0000000000
0.0000000000
-0.2495727539
0.1247863770
0.0000000000
-0.2495727539
0.2495727539
0.2495727539
-0.1247863770
0.3240509033
0.5760955811
0.3600616455
0.4320678711
0.2160339355
0.2880554199
-0.2520446777
0.1080169678
0.3047180176
0.0000000000
0.1523590088
-0.3554992676
0.0000000000
-0.7617797852
-0.3047180176
0.0000000000
0.0000000000
-0.2400054932
0.2400054932
0.0000000000
0.0000000000
-0.1199951172
0.0000000000
0.0000000000
0.5523529053
-0.0394592285
-0.3945465088
-0.2367248535
-0.5918121338
0.2367248535
0.1578216553
0.0000000000
-0.3406372070
-0.1135406494
-0.4541778564
0.2270965576
-0.1135406494
0.2270965576
0.0000000000
-0.2270965576
-0.1178436279
-0.2357025146
-0.1178436279
0.0000000000
-0.1178436279
-0.1178436279
0.0000000000
0.0000000000
-0.3072509766
-0.2048339844
0.2048339844
-0.6144866943
0.2048339844
-0.1024169922
0.1024169922
0.0000000000
-0.1595764160
0.7180938721
0.0797882080
-0.3191528320
-0.0797882080
0.0000000000
0.1595764160
0.3191528320
-0.2307739258
0.2307739258
-0.1153869629
0.3461608887
0.2307739258
-0.1153869629
0.2307739258
0.3461608887
-0.0948486328
-0.0474243164
-0.8062133789
-0.0474243164
0.0000000000
0.1896972656
-0.0474243164
0.4742431641
0.0000000000
-0.1224670410
-0.1224670410
-0.1224670410
0.0000000000
0.2449493408
-0.1224670410
-0.4898986816
0.0000000000
-0.0693359375
-0.0173339844
0.9880523682
-0.0520019531
0.0173339844
0.0693359375
0.0346679688
-0.0324554443
0.9412384033
0.0649108887
0.1298217773
-0.0973663330
-0.0973663330
0.1947326660
-0.0324554443
0.0000000000
-0.1804046631
0.5411987305
-0.2705993652
-0.0901947021
-0.1804046631
-0.2705993652
0.4510040283
0.0000000000
-0.2500000000
0.1250000000
0.1250000000
-0.2500000000
0.2500000000
0.1250000000
-0.1250000000
0.9472656250
0.0728607178
0.0728607178
0.1092987061
0.0364379883
0.1821746826
-0.0364379883
-0.0364379883
0.1199951172
0.1199951172
-0.1199951172
-0.1199951172
-0.2400054932
0.0000000000
0.0000000000
0.1199951172
0.3758239746
-0.1879119873
-0.1879119873
-0.1879119873
-0.0939483643
-0.1879119873
0.5637359619
-0.2818603516
-0.0326080322
0.9783477783
-0.0326080322
0.0000000000
0.0652160645
-0.0326080322
0.0000000000
0.0326080322
0.0242767334
-0.0971221924
-0.3642120361
0.6798706055
0.0728454590
-0.0485687256
0.1699676514
-0.5827484131
-0.2099609375
0.1049804688
0.2099609375
0.5248870850
0.3149414062
-0.3149414062
0.1049804688
0.1049804688
-0.1642608643
0.0000000000
0.1642608643
0.3285217285
0.0000000000
-0.5749206543
-0.4106597900
-0.3285217285
-0.3689117432
-0.2459411621
0.0000000000
-0.1229705811
0.1229705811
0.2459411621
0.0000000000
0.2459411621
0.2497100830
0.0832366943
-0.7491455078
0.2497100830
0.1664733887
0.1664733887
0.0832366943
-0.0832366943
0.9836120605
-0.0686187744
0.0000000000
0.0686187744
-0.0228729248
0.0228729248
-0.0686187744
-0.0228729248
-0.0991516113
-0.0661010742
0.9749603271
0.1322021484
-0.0165252686
0.0000000000
0.0661010742
-0.0661010742
-0.3715667725
0.0000000000
0.0000000000
0.0000000000
0.0000000000
-0.2477111816
-0.2477111816
0.2477111816
-0.1264953613
0.0180664062
0.0542144775
0.0180664062
0.1084289551
0.0542144775
-0.9758605957
0.0542144775
-0.2935485840
-0.1467742920
0.8072509766
-0.1467742920
0.1467742920
0.0733795166
0.0733795166
-0.0733795166
-0.0479125977
0.9822998047
-0.0958404541
-0.0239562988
0.0479125977
0.0479125977
0.0000000000
0.0000000000
-0.1082458496
-0.1082458496
-0.1082458496
-0.1082458496
0.2165069580
0.0000000000
-0.2165069580
-0.6495208740
0.1076965332
-0.2153778076
-0.2153778076
-0.3230743408
0.1076965332
-0.2153778076
-0.1076965332
0.5384674072
0.4474945068
0.2684936523
0.0894927979
-0.0894927979
-0.5369873047
0.2684936523
0.0000000000
-0.2684936523
0.6620635986
-0.0601806641
-0.1805572510
-0.3611297607
-0.3009338379
-0.4213104248
0.0601806641
0.0601806641
0.1064758301
0.0000000000
0.0000000000
0.1064758301
-0.1064758301
0.0000000000
0.1064758301
0.1064758301
0.8712463379
-0.0458526611
-0.1834259033
-0.2751312256
-0.1834259033
0.1375732422
0.0000000000
0.0917053223
0.0795440674
0.1590728760
0.7953948975
0.0795440674
-0.0795440674
0.1590728760
0.1590728760
0.2386169434
0.1178436279
0.1178436279
-0.2357025146
-0.1178436279
0.0000000000
0.0000000000
-0.1178436279
0.0000000000
0.0325927734
0.0325927734
-0.0325927734
-0.9778289795
-0.0325927734
0.0000000000
0.0325927734
-0.0651855469
0.0385131836
0.9626770020
0.0000000000
-0.0770111084
-0.1155242920
0.0385131836
0.0385131836
0.0385131836
-0.5460357666
0.4496765137
0.1605987549
0.3211975098
0.1605987549
-0.3533172607
0.3211975098
0.2890777588
0.0408477783
0.2450561523
0.8577117920
0.0000000000
0.0000000000
-0.1225280762
0.1633758545
-0.3267517090
-0.3102722168
-0.4136962891
-0.1034240723
0.0000000000
0.2068481445
-0.3102722168
0.3102722168
-0.3102722168
0.1080932617
0.0000000000
0.2882385254
0.9007415771
-0.1441192627
-0.0720520020
-0.1441192627
-0.0720520020
-0.1583099365
0.9498596191
0.0395812988
-0.0791473389
0.0000000000
-0.0395812988
0.0791473389
-0.0791473389
0.2039337158
0.1456604004
0.4952545166
-0.0874023438
0.0582733154
0.7865905762
-0.1456604004
-0.1165313721
-0.0437011719
-0.9178009033
-0.0437011719
-0.0437011719
0.0437011719
-0.0437011719
-0.1311187744
0.2622375488
0.8914794922
0.0990600586
-0.0495300293
-0.0990600586
0.0990600586
-0.0990600586
-0.1485748291
-0.2476348877
0.1199951172
0.1199951172
-0.1199951172
-0.1199951172
-0.2400054932
0.0000000000
0.0000000000
0.1199951172
0.4307708740
-0.2153778076
0.0000000000
-0.2153778076
-0.1076965332
-0.2153778076
0.4307708740
-0.2153778076
0.0000000000
0.9897003174
0.0000000000
0.0241394043
0.0000000000
0.0000000000
-0.0241394043
0.0241394043
-0.0758361816
-0.0252838135
-0.3538665771
0.8088531494
-0.0252838135
0.0758361816
0.0505523682
-0.4297027588
0.0874786377
0.0000000000
0.0874786377
0.2624511719
0.6123657227
-0.5248870850
0.0000000000
0.0000000000
-0.4157409668
0.0000000000
0.2078704834
0.3117980957
-0.3117980957
-0.1039276123
0.1039276123
-0.4157409668
-0.3715667725
0.2477111816
0.1238555908
-0.1238555908
0.0000000000
-0.1238555908
0.2477111816
0.1238555908
0.1790008545
0.0000000000
-0.7159881592
0.2684936523
0.1790008545
0.2684936523
0.0000000000
0.0000000000
0.9790649414
-0.0529174805
0.0000000000
0.0793762207
-0.0264587402
0.0000000000
-0.0529174805
-0.0793762207
-0.0322113037
-0.0483245850
0.9824523926
0.1288452148
0.0483245850
0.0000000000
0.0000000000
-0.0644226074
-0.4566192627
0.0000000000
0.0000000000
0.2283172607
0.3424682617
-0.1141510010
-0.2283172607
0.2283172607
-0.1217193604
-0.0521697998
0.0347747803
0.1043395996
0.0695495605
0.0869445801
-0.9737854004
0.0000000000
-0.3572082520
-0.3572082520
0.1190643311
0.1190643311
0.2381439209
0.2381439209
0.1190643311
-0.1190643311
0.0000000000
0.9871063232
-0.0805816650
-0.0201416016
0.0604400635
0.0402832031
0.0000000000
-0.0201416016
0.0000000000
0.0000000000
0.0000000000
0.0000000000
0.1237182617
0.1237182617
-0.1237182617
-0.3711547852
0.0000000000
-0.1238555908
-0.1238555908
-0.2477111816
0.1238555908
-0.2477111816
-0.1238555908
0.3715667725
0.4263610840
0.4263610840
0.2131805420
0.0000000000
-0.3197631836
0.1065826416
0.2131805420
0.1065826416
0.6936798096
-0.0924835205
-0.1849822998
-0.3699645996
-0.1387329102
-0.4624481201
0.1849822998
0.0462493896
0.0000000000
-0.1237182617
-0.2474365234
-0.2474365234
-0.1237182617
0.1237182617
0.0000000000
0.1237182617
0.8851165771
-0.0632171631
-0.1896667480
-0.0632171631
-0.1264495850
0.1264495850
-0.0632171631
-0.0632171631
0.0000000000
0.2016296387
0.8065490723
0.0672149658
0.0000000000
0.2688446045
0.2016296387
0.2016296387
-0.0785675049
0.0000000000
-0.0785675049
0.0000000000
0.0000000000
0.0000000000
0.0000000000
0.0000000000
0.0278778076
-0.0557708740
0.0557708740
-0.9759216309
0.0000000000
0.0000000000
0.1115264893
-0.0557708740
0.0000000000
0.9684295654
0.0774688721
0.0000000000
0.0000000000
0.0000000000
-0.0387420654
0.0774688721
-0.5854644775
0.4683685303
0.1170959473
0.3122558594
0.1561279297
-0.3512878418
0.2341918945
0.2732238770
0.0594482422
0.2972106934
0.7727355957
0.0594482422
0.1188812256
-0.2377624512
0.2972106934
-0.1783294678
-0.2918548584
-0.0972900391
-0.1945648193
0.0972900391
-0.1945648193
-0.4864349365
0.0972900391
-0.4864349365
0.0761108398
0.0380554199
0.0380554199
0.9514617920
-0.0380554199
-0.1141815186
-0.1522369385
-0.0380554199
-0.1627044678
0.9355163574
-0.0813446045
0.0000000000
-0.0813446045
-0.0406799316
0.1220245361
0.1220245361
0.2704010010
0.2704010010
0.6083984375
-0.0337982178
0.1352081299
0.6083984375
-0.1690063477
-0.1690063477
-0.0419769287
-0.9235229492
-0.0839538574
-0.0419769287
0.0419769287
-0.0839538574
-0.0839538574
0.2518768311
0.8520507812
0.0568084717
-0.1136016846
-0.1704101562
0.0000000000
-0.1704101562
-0.1136016846
-0.2840118408
0.1178436279
0.0000000000
0.0000000000
-0.1178436279
-0.2357025146
-0.1178436279
0.0000000000
0.1178436279
0.2477111816
-0.2477111816
0.0000000000
-0.1238555908
-0.1238555908
-0.3715667725
0.1238555908
-0.1238555908
0.0000000000
0.9825744629
-0.0479278564
0.0239715576
-0.0718994141
-0.0239715576
-0.0718994141
0.0479278564
-0.0672912598
0.0336456299
-0.3701171875
0.8075256348
0.0000000000
0.2691802979
-0.0672912598
-0.3028259277
-0.0977325439
-0.1954498291
0.1954498291
0.2931823730
0.4886322021
-0.4886322021
-0.0977325439
0.0000000000
-0.2586212158
0.1724090576
0.1724090576
0.1724090576
-0.6034545898
-0.0862121582
0.1724090576
-0.4310302734
-0.2357025146
0.3535461426
0.2357025146
-0.2357025146
-0.3535461426
0.0000000000
0.1178436279
0.1178436279
0.2760772705
-0.0920257568
-0.5521545410
0.0920257568
0.4601287842
0.0920257568
0.2760772705
0.0920257568
0.9446563721
-0.0755767822
-0.0377807617
0.0755767822
-0.1133575439
0.0000000000
-0.1133575439
-0.1511383057
0.0217742920
-0.0217742920
0.9798583984
0.0000000000
0.0217742920
0.0653228760
-0.0435485840
-0.1306457520
-0.5275421143
-0.1055145264
0.1055145264
0.2110137939
0.4220428467
-0.1055145264
-0.1055145264
0.2110137939
-0.1374053955
-0.0549621582
0.0274810791
0.1923675537
0.1099243164
0.1374053955
-0.9343414307
-0.1099243164
-0.2449493408
0.0000000000
-0.2449493408
0.1224670410
-0.1224670410
-0.1224670410
0.2449493408
0.3674163818
0.0000000000
0.9822692871
-0.0545654297
-0.0272827148
0.0545654297
-0.0545654297
-0.0272827148
-0.0272827148
0.0000000000
-0.1000061035
0.0000000000
0.0000000000
0.1000061035
-0.1000061035
-0.1000061035
0.0000000000
0.0000000000
0.0000000000
0.1228332520
0.0000000000
0.0000000000
-0.1228332520
0.0000000000
0.3685150146
0.3086853027
0.6945495605
0.3086853027
0.1543426514
-0.1543426514
0.0000000000
0.1543426514
0.2315216064
0.7170257568
-0.1912078857
-0.0955963135
-0.3346099854
0.0478057861
-0.4780120850
0.1434020996
0.0478057861
-0.1113433838
0.0000000000
-0.2226867676
-0.1113433838
0.0000000000
0.0000000000
0.0000000000
0.0000000000
0.7327880859
0.0666198730
-0.1998443604
-0.3330841064
-0.3330841064
0.0666198730
-0.1998443604
-0.0666198730
-0.1931610107
0.2575378418
0.7082366943
0.0000000000
0.0643920898
0.2575378418
0.3863067627
-0.1931610107
-0.1000061035
0.1000061035
-0.1000061035
0.0000000000
0.0000000000
0.0000000000
0.0000000000
0.1000061035
0.0770721436
-0.0770721436
0.0770721436
-0.9248504639
0.0770721436
0.1156005859
0.2312164307
-0.0770721436
-0.0923919678
0.9239196777
0.1385955811
-0.0923919678
0.0462036133
-0.0462036133
-0.0462036133
0.1847839355
-0.5543823242
0.4535827637
0.1007995605
0.3023834229
0.2519836426
-0.3527832031
0.1511993408
0.3023834229
-0.0664672852
0.1994171143
0.7976531982
0.0000000000
0.1329345703
-0.1994171143
0.3323516846
-0.0664672852
-0.2211151123
0.0000000000
0.0000000000
0.2211151123
0.1105499268
-0.3316650391
0.1105499268
-0.5527648926
0.0264129639
-0.0264129639
0.0264129639
0.9770050049
-0.0264129639
-0.1320343018
0.0000000000
0.0528106689
-0.0692596436
0.8311309814
-0.2770385742
-0.2077789307
0.0000000000
-0.0692596436
-0.1385192871
0.0000000000
0.4006805420
0.3116302490
0.6232757568
-0.0890350342
0.0445251465
0.4451904297
-0.1780853271
-0.2225952148
0.0000000000
-0.9263763428
-0.0975189209
-0.0487518311
-0.0487518311
-0.0975189209
-0.0487518311
0.1950225830
0.8426208496
0.1203765869
-0.1805572510
-0.1805572510
0.1203765869
-0.1203765869
-0.2407531738
-0.0601806641
0.0000000000
0.0000000000
0.0000000000
0.0000000000
-0.0588226318
0.0000000000
0.0000000000
0.0000000000
0.0000000000
-0.1150360107
0.0000000000
0.0000000000
-0.1150360107
-0.2300720215
0.0000000000
-0.1150360107
0.0000000000
0.9485778809
-0.1016387939
0.1355133057
-0.1355133057
-0.0338745117
-0.0677490234
0.1016387939
0.0874176025
0.0437011719
-0.5244598389
0.6992797852
-0.0437011719
0.2622375488
0.0000000000
-0.3059387207
0.1242218018
-0.3726806641
-0.2484588623
-0.1242218018
0.0000000000
-0.1242218018
0.0000000000
-0.2484588623
-0.2855072021
0.0951690674
0.2855072021
0.0951690674
-0.5709991455
0.0951690674
0.2855072021
-0.2855072021
-0.0788116455
0.3940429688
0.1576080322
-0.3152313232
-0.6304626465
0.2364196777
0.1576080322
0.1576080322
0.1099700928
-0.2199401855
-0.3299102783
-0.1099700928
0.2199401855
0.1099700928
0.4398803711
0.3299102783
0.7866973877
-0.1815490723
-0.1815490723
0.1210327148
-0.1210327148
0.1210327148
-0.3025817871
-0.2420654297
0.0548400879
-0.0548400879
0.9322204590
-0.0274200439
0.0548400879
0.1919250488
-0.1096801758
-0.2193450928
-0.5646972656
0.0000000000
0.1129455566
0.1129455566
0.3388214111
0.0000000000
0.0000000000
0.2258758545
-0.3253173828
0.0000000000
0.2439880371
0.4066467285
0.4066467285
0.3253173828
-0.0813293457
-0.4066467285
-0.2142791748
0.1071319580
0.1071319580
0.3214111328
0.0000000000
-0.3214111328
0.1071319580
0.5356903076
-0.0303344727
0.9709320068
-0.1213684082
-0.0606842041
0.0303344727
-0.0606842041
0.0000000000
-0.0606842041
0.0000000000
0.0000000000
-0.2226867676
-0.1113433838
0.1113433838
0.0000000000
0.0000000000
0.0000000000
0.0000000000
0.0000000000
0.1000061035
0.1000061035
0.0000000000
0.0000000000
-0.1000061035
0.1000061035
0.3194427490
0.6388702393
0.4791564941
0.2662048340
0.0532379150
0.2129516602
0.0532379150
0.2129516602
0.6271820068
-0.2412261963
0.0000000000
-0.1929779053
0.1447296143
-0.6271820068
-0.1447296143
0.0000000000
-0.1064758301
0.1064758301
0.0000000000
-0.1064758301
0.0000000000
-0.1064758301
-0.1064758301
0.0000000000
0.6148071289
0.0878295898
-0.3513183594
-0.3513183594
-0.5269775391
0.1317443848
-0.0878295898
0.0439147949
-0.3114471436
0.0778656006
0.3892974854
-0.0778656006
0.0000000000
0.3114471436
0.4671630859
-0.4671630859
0.0000000000
0.0911560059
-0.0911560059
0.0911560059
0.0000000000
0.0000000000
0.0000000000
0.0000000000
0.1600799561
0.0000000000
0.0000000000
-0.6403045654
0.4001922607
0.0000000000
0.4001922607
-0.1600799561
-0.1007995605
0.9071655273
0.1511993408
-0.1511993408
0.0503997803
-0.1007995605
-0.0503997803
0.1511993408
-0.5455017090
0.4545898438
0.0000000000
0.1818389893
0.1818389893
-0.2727508545
0.1818389893
0.1818389893
0.0000000000
0.1178436279
0.1178436279
0.0000000000
0.3535461426
-0.1178436279
0.4714050293
0.2357025146
-0.1178436279
0.1178436279
0.1178436279
0.2357025146
0.1178436279
-0.2357025146
0.2357025146
-0.4714050293
0.1263580322
-0.0541534424
-0.0180511475
0.9747467041
-0.0180511475
-0.0902557373
0.0000000000
0.1083068848
0.1071319580
0.6428222656
-0.2142791748
-0.2142791748
0.1071319580
0.0000000000
-0.2142791748
0.0000000000
0.2931060791
0.2931060791
0.7620849609
-0.2344818115
-0.0586242676
0.1758728027
-0.1758728027
-0.1172485352
0.0000000000
-0.8940277100
0.0000000000
0.0000000000
-0.1375427246
0.0687713623
0.0000000000
0.1375427246
0.8842926025
0.1768646240
-0.1326446533
-0.0884246826
0.1768646240
0.0000000000
-0.2210693359
0.1326446533
0.0000000000
0.0785675049
0.0000000000
-0.0785675049
0.0000000000
0.0000000000
0.0000000000
0.0000000000
-0.1216278076
-0.1216278076
-0.1216278076
0.1216278076
0.0000000000
-0.2432556152
-0.1216278076
0.1216278076
0.0775909424
0.9310913086
-0.1163940430
0.1939849854
-0.0388031006
-0.0388031006
0.0000000000
0.1551818848
0.0000000000
0.0527191162
-0.3690490723
0.7380828857
-0.2108764648
0.2635955811
0.1054382324
-0.3163299561
0.0977325439
-0.2931823730
-0.1954498291
-0.1954498291
-0.2931823730
0.4886322021
-0.0977325439
-0.3908996582
-0.3742370605
0.1871185303
0.1871185303
0.0000000000
-0.4678039551
0.1871185303
0.4678039551
-0.0935668945
0.1030426025
0.5667266846
0.1030426025
-0.2575988770
-0.5151977539
0.4636840820
0.0000000000
0.1545562744
-0.1000061035
0.0000000000
-0.1999969482
-0.3000030518
0.1999969482
0.1000061035
0.3000030518
0.6000061035
0.5602722168
-0.2401123047
-0.2401123047
0.0800323486
-0.1600799561
0.2401123047
-0.3201599121
-0.4001922607
0.1191864014
-0.0894012451
0.8939361572
0.0000000000
-0.0298004150
0.2979736328
-0.0596008301
-0.2383880615
-0.5498504639
0.1099700928
0.1099700928
0.0000000000
0.3299102783
0.2199401855
0.2199401855
0.1099700928
-0.2371520996
0.0790557861
0.2371520996
0.3952484131
0.3952484131
0.3161926270
0.3161926270
-0.3952484131
-0.1111450195
0.2222900391
0.1111450195
0.4445648193
0.0000000000
-0.4445648193
0.1111450195
0.2222900391
0.1045532227
0.9409790039
-0.2439575195
0.0348510742
0.0000000000
-0.0348510742
-0.0348510742
-0.0348510742
-0.1113433838
-0.1113433838
0.0000000000
-0.1113433838
0.0000000000
-0.1113433838
-0.1113433838
0.1113433838
-0.1247863770
0.1247863770
0.1247863770
0.2495727539
-0.3743438721
0.1247863770
-0.1247863770
0.0000000000
0.3917999268
0.5093536377
0.4701690674
0.3134460449
0.2350769043
0.3526306152
-0.1175384521
0.1567230225
0.4282684326
-0.1427612305
0.0000000000
-0.1427612305
0.0951690674
-0.7137756348
-0.4282684326
0.0000000000
0.0000000000
0.0000000000
0.2474365234
0.1237182617
-0.1237182617
-0.2474365234
0.1237182617
-0.1237182617
0.5739593506
0.0574035645
-0.3730773926
-0.3730773926
-0.5739593506
0.1721954346
0.0574035645
0.0000000000
-0.5045928955
-0.2522888184
0.0000000000
0.0840911865
-0.1681976318
0.1681976318
0.1681976318
-0.5886840820
0.0000000000
-0.0911560059
-0.0911560059
0.0911560059
0.0000000000
0.0000000000
0.0000000000
0.0000000000
0.0000000000
-0.1249389648
0.0000000000
0.2498626709
0.3748016357
-0.1249389648
0.0000000000
0.0000000000
-0.0628509521
0.8798828125
0.0628509521
-0.2514038086
-0.0628509521
-0.0628509521
0.0000000000
0.1257019043
-0.2468566895
0.2468566895
0.0000000000
0.1234283447
0.2468566895
-0.2468566895
0.1234283447
0.2468566895
0.1705627441
0.0852813721
-0.5970001221
0.1705627441
0.2558593750
-0.1705627441
0.3411407471
0.3411407471
0.1250000000
-0.1250000000
0.0000000000
-0.1250000000
0.0000000000
0.0000000000
0.2500000000
-0.3750000000
0.1186828613
-0.0508575439
-0.0339050293
0.9833221436
0.0000000000
-0.0339050293
-0.0169525146
0.0678100586
0.1055145264
0.6330566406
0.0000000000
-0.1055145264
0.2110137939
-0.3165283203
0.1055145264
-0.1055145264
0.0709686279
0.1419372559
0.7096862793
-0.2129058838
-0.3548431396
-0.2838745117
-0.0709686279
0.2129058838
-0.0951690674
-0.6661682129
0.1903381348
0.0951690674
-0.2855072021
0.2855072021
0.0951690674
-0.0951690674
0.9001312256
0.1384887695
0.0346221924
0.1038665771
0.1730957031
0.1730957031
-0.1730957031
0.1730957031
-0.0785675049
0.0000000000
0.0000000000
0.0000000000
-0.0785675049
0.0000000000
0.0000000000
0.0000000000
0.0000000000
-0.0911560059
-0.0911560059
0.0000000000
-0.0911560059
0.0000000000
0.0000000000
0.0000000000
0.1210327148
0.9682617188
0.0000000000
0.0907745361
0.0000000000
-0.0302581787
0.0302581787
0.0907745361
-0.1123504639
0.0561676025
-0.2247009277
0.8426208496
-0.1685180664
0.2808685303
0.0000000000
-0.1123504639
0.3399353027
-0.3399353027
-0.0849761963
0.0000000000
-0.5099029541
0.4249114990
-0.0849761963
-0.2549438477
0.0000000000
-0.1196746826
-0.2393341064
-0.2393341064
0.1196746826
0.3590087891
0.1196746826
0.3590087891
0.1884307861
0.5653076172
0.2355346680
-0.2826538086
-0.2826538086
0.5653076172
-0.0471038818
0.1884307861
0.0000000000
0.0000000000
-0.3553924561
-0.2369232178
0.1184692383
0.2369232178
0.2369232178
0.3553924561
0.5749206543
0.0000000000
-0.1642608643
0.0000000000
-0.1642608643
0.3285217285
-0.4106597900
-0.3285217285
0.2200622559
-0.1833801270
0.8069000244
0.0000000000
-0.1467132568
0.3667755127
0.0366821289
-0.2567443848
-0.4714050293
-0.1178436279
0.2357025146
-0.1178436279
0.2357025146
0.1178436279
0.2357025146
0.1178436279
-0.3042602539
0.2281951904
0.0760650635
0.3803100586
0.4563751221
0.4563751221
0.0000000000
-0.3042602539
0.0000000000
0.0000000000
-0.2498626709
0.1249389648
0.1249389648
-0.2498626709
0.1249389648
0.2498626709
0.1000366211
0.9003448486
-0.3001098633
0.0500183105
0.0500183105
0.0000000000
0.0000000000
0.0500183105
0.0000000000
-0.1178436279
0.0000000000
-0.1178436279
-0.1178436279
-0.2357025146
-0.1178436279
0.0000000000
-0.1019134521
0.0000000000
0.2038421631
0.3057556152
-0.4076843262
0.5095977783
0.1019134521
-0.2038421631
0.3736724854
0.4982452393
0.3425445557
0.4359588623
0.3114013672
0.3425445557
-0.1868438721
0.1557006836
0.2520904541
0.0000000000
0.0840301514
-0.2100830078
-0.0420227051
-0.7562713623
-0.5041809082
0.0000000000
-0.1113433838
-0.1113433838
0.2226867676
0.0000000000
0.0000000000
0.0000000000
0.0000000000
0.0000000000
0.5522766113
0.0920410156
-0.4295501709
-0.2761383057
-0.5829620361
0.2147827148
0.0920410156
-0.0306854248
-0.4057312012
-0.2028656006
0.3042907715
0.1014251709
-0.1014251709
-0.1014251709
0.2028656006
-0.5071563721
0.0000000000
-0.1064758301
-0.1064758301
0.0000000000
0.1064758301
-0.1064758301
-0.1064758301
0.0000000000
-0.2344665527
-0.1172332764
0.1172332764
-0.5861816406
0.1172332764
0.0000000000
0.0000000000
0.1172332764
-0.0615386963
0.7999267578
-0.0615386963
-0.3076629639
-0.3076629639
0.0000000000
0.0615386963
0.1846008301
0.1245422363
0.2490844727
0.0000000000
0.2490844727
0.2490844727
-0.1245422363
0.1245422363
0.2490844727
-0.1504211426
-0.0752105713
-0.7520904541
0.0000000000
0.1504211426
0.2256317139
0.0000000000
0.3760528564
0.1247863770
0.1247863770
-0.1247863770
-0.2495727539
0.0000000000
-0.1247863770
0.1247863770
-0.3743438721
0.0951538086
-0.1110076904
-0.0158538818
0.9832458496
-0.0158538818
0.0000000000
0.0475769043
0.0317230225
0.0538482666
0.8616333008
0.0000000000
0.0538482666
-0.0538482666
-0.3231201172
0.2154083252
-0.0538482666
-0.0731964111
0.0000000000
0.2927703857
-0.1463775635
-0.5123443604
-0.2195739746
-0.3659515381
0.5123443604
-0.2009429932
-0.6028289795
0.2009429932
0.1004791260
-0.2009429932
0.1004791260
0.3014221191
-0.2009429932
0.9558563232
0.0796508789
0.0796508789
0.0398254395
0.0796508789
0.0796508789
-0.0796508789
0.0398254395
0.1178436279
0.0000000000
-0.1178436279
-0.1178436279
-0.2357025146
0.1178436279
0.0000000000
0.0000000000
0.2176361084
-0.2176361084
-0.2176361084
-0.2176361084
-0.1088256836
-0.1088256836
0.5440979004
-0.2176361084
-0.0413360596
0.9505615234
0.0826568604
-0.0826568604
0.1239929199
-0.0826568604
0.0413360596
0.0413360596
0.0506439209
-0.1519470215
-0.3545532227
0.5571594238
0.0253295898
-0.1772766113
0.2279205322
-0.6584625244
-0.3340911865
0.2505645752
0.2505645752
0.1670379639
0.4176177979
0.2505645752
0.5011291504
-0.0835266113
-0.0737762451
-0.0737762451
0.2213439941
0.4426727295
-0.2213439941
-0.5164642334
-0.2213439941
-0.4426727295
-0.2369232178
0.0000000000
0.3553924561
0.0000000000
-0.1184692383
-0.1184692383
0.0000000000
0.4738464355
0.1825714111
0.1825714111
-0.7302551270
0.0912780762
0.0912780762
0.0912780762
-0.0912780762
-0.2738494873
0.9412384033
-0.0324554443
0.0000000000
0.0973663330
-0.1298217773
0.1298217773
-0.1622772217
-0.0973663330
-0.0374755859
-0.1124420166
0.9558105469
0.2248992920
-0.0562286377
-0.0187377930
0.0749664307
-0.0374755859
-0.4566192627
0.3424682617
0.0000000000
0.0000000000
0.2283172607
-0.1141510010
-0.2283172607
0.2283172607
-0.1072540283
0.0178833008
0.0357513428
-0.0178833008
0.0893859863
-0.0178833008
-0.9832305908
0.0357513428
-0.0643920898
-0.0643920898
0.9013824463
-0.1287689209
0.1287689209
0.0643920898
0.0643920898
0.0000000000
-0.0234680176
0.9858093262
0.0000000000
0.0234680176
0.0469360352
0.0704193115
-0.0469360352
0.0000000000
-0.0972900391
0.0000000000
-0.0972900391
-0.0972900391
0.0972900391
-0.0972900391
-0.0972900391
-0.7782897949
0.1247863770
-0.1247863770
-0.2495727539
0.0000000000
0.0000000000
-0.2495727539
-0.2495727539
0.2495727539
0.3636779785
0.1818389893
0.0000000000
-0.0909118652
-0.4545898438
0.1818389893
0.0000000000
-0.5455017090
0.2842712402
-0.1895141602
-0.2842712402
-0.3790283203
-0.3790283203
-0.2842712402
0.1895141602
0.2842712402
0.2500000000
-0.1250000000
-0.3750000000
0.0000000000
0.0000000000
0.1250000000
0.0000000000
0.1250000000
0.8409271240
-0.0494689941
-0.0989379883
-0.3462677002
-0.2473297119
0.0989379883
-0.0989379883
0.0000000000
-0.1261901855
-0.0630950928
0.8833618164
-0.0630950928
-0.1261901855
0.1261901855
0.1261901855
0.1261901855
-0.1113433838
0.0000000000
-0.1113433838
0.0000000000
-0.1113433838
-0.1113433838
-0.1113433838
-0.1113433838
0.0381927490
0.0381927490
-0.0764007568
-0.9549255371
-0.1527862549
0.0381927490
-0.0381927490
-0.0764007568
0.0364379883
0.9472656250
-0.0364379883
-0.1821746826
-0.1457366943
0.0364379883
0.0364379883
0.0000000000
-0.5272674561
0.4218139648
0.1406097412
0.3163604736
0.2460632324
-0.3515167236
0.3163604736
0.3163604736
0.0000000000
0.0000000000
0.9165039062
0.0509185791
0.0509185791
-0.1527557373
0.1527557373
-0.1527557373
-0.3758239746
-0.4697723389
0.0000000000
0.2818603516
0.1879119873
-0.3758239746
0.1879119873
-0.1879119873
0.1644744873
-0.0822296143
0.2878265381
0.8634948730
-0.1644744873
-0.0822296143
-0.2055969238
0.0822296143
0.0000000000
0.9558563232
0.0000000000
0.0000000000
0.0796508789
0.0398254395
0.0398254395
-0.1593170166
0.4044494629
0.2022247314
0.1685180664
-0.0337066650
0.0674133301
0.8426055908
-0.0674133301
-0.1011199951
0.0000000000
-0.8987426758
-0.1057281494
-0.0528717041
0.0528717041
0.0528717041
-0.1057281494
0.2643432617
0.8138732910
0.0678253174
0.0000000000
0.0678253174
0.0000000000
0.1356506348
-0.2034759521
-0.3391113281
0.0000000000
0.0911560059
0.0000000000
0.0000000000
0.0000000000
0.0000000000
0.0911560059
-0.0911560059
0.3197631836
-0.3197631836
-0.1065826416
-0.2131805420
-0.2131805420
-0.2131805420
0.4263610840
-0.2131805420
-0.0750885010
0.9761657715
0.0000000000
0.0750885010
0.0500640869
-0.0500640869
-0.0250244141
0.1001129150
0.0233612061
-0.0467224121
-0.3971557617
0.6775207520
-0.0467224121
-0.0467224121
0.2102661133
-0.5606994629
0.0000000000
-0.0829620361
0.0000000000
0.4147949219
0.6636657715
-0.3318328857
0.1659088135
0.0829620361
-0.3191528320
-0.0797882080
0.3191528320
0.0000000000
-0.5585174561
0.0797882080
-0.1595764160
-0.4787292480
-0.0862121582
0.4310302734
0.5172424316
0.0000000000
-0.2586212158
0.1724090576
0.0000000000
0.4310302734
0.2549438477
-0.0849761963
-0.6798706055
0.3399353027
0.1699676514
0.0849761963
0.0000000000
-0.2549438477
0.9524230957
-0.0232238770
0.0000000000
0.1161499023
-0.1161499023
0.1393737793
-0.1626129150
-0.0464630127
-0.0298156738
-0.0894470215
0.9690704346
0.1938171387
0.0745391846
-0.0298156738
0.0000000000
-0.0298156738
-0.4810485840
0.2405242920
0.1202545166
0.1202545166
0.2405242920
-0.1202545166
0.0000000000
0.1202545166
-0.1243896484
-0.0355377197
0.0710754395
0.0710754395
0.0533142090
0.0710754395
-0.9773101807
0.0000000000
-0.2344665527
-0.3517150879
0.4689483643
0.0000000000
0.0000000000
0.2344665527
0.0000000000
0.0000000000
0.0000000000
0.9858856201
-0.0788726807
-0.0394287109
0.0788726807
0.0000000000
0.0000000000
-0.0394287109
-0.2495727539
-0.1247863770
0.1247863770
0.1247863770
0.1247863770
0.0000000000
-0.1247863770
-0.3743438721
-0.1196746826
-0.1196746826
-0.1196746826
0.1196746826
-0.1196746826
-0.2393341064
-0.4786834717
0.2393341064
0.4204864502
0.4204864502
0.3363952637
0.0000000000
-0.3363952637
0.2522888184
0.0000000000
-0.3363952637
0.4247436523
-0.1415863037
-0.1415863037
-0.5663299561
-0.1415863037
-0.4247436523
0.2123718262
0.2123718262
0.2498779297
-0.1249389648
-0.3748321533
0.0000000000
0.0000000000
0.1249389648
0.1249389648
0.1249389648
0.7336883545
-0.0458526611
-0.2751312256
-0.3668365479
-0.2292785645
0.2292785645
-0.2751312256
0.0000000000
-0.1766815186
-0.0883483887
0.7950744629
-0.2208557129
-0.2208557129
0.2650299072
0.3092041016
0.0441741943
-0.1150360107
0.0000000000
0.0000000000
0.2300720215
-0.1150360107
0.0000000000
0.1150360107
0.0000000000
0.0645446777
-0.0645446777
-0.0322723389
-0.9681091309
0.0968170166
0.0000000000
0.0322723389
-0.0968170166
0.0651245117
0.9767913818
0.0325622559
0.0651245117
0.0325622559
0.0000000000
0.0000000000
-0.0325622559
-0.5419158936
0.5032043457
0.1161193848
0.3483734131
0.1935424805
-0.3483734131
0.2709655762
0.1935424805
0.0000000000
0.2212371826
0.8849792480
0.0553131104
0.0000000000
-0.1106262207
0.2212371826
-0.0553131104
-0.1495819092
-0.2243804932
-0.0747985840
0.0747985840
-0.4487609863
-0.2243804932
0.1495819092
-0.6731262207
0.1506652832
-0.0904083252
-0.0301361084
0.9341583252
-0.1205291748
-0.1506652832
-0.1205291748
0.1205291748
-0.1074676514
0.9671630859
0.0000000000
0.0358276367
0.0000000000
-0.0716400146
0.0716400146
0.0000000000
0.3973541260
0.1806182861
0.4334716797
-0.1083679199
0.1083679199
0.7224578857
-0.0361175537
-0.1806182861
-0.0491638184
-0.9341735840
-0.0491638184
-0.0983276367
0.0000000000
-0.0491638184
-0.0983276367
0.1475067139
0.7520904541
0.2256317139
-0.1504211426
-0.1504211426
0.0000000000
-0.0752105713
-0.3760528564
0.0000000000
0.0000000000
0.0785675049
0.0000000000
0.0000000000
0.0000000000
0.0000000000
0.0000000000
0.0785675049
0.2320098877
-0.3480072021
0.0000000000
-0.1159973145
-0.2320098877
-0.2320098877
0.3480072021
-0.2320098877
-0.0701599121
0.9822998047
-0.0526275635
0.0526275635
0.0000000000
-0.0701599121
-0.0701599121
0.0701599121
-0.0236511230
0.0236511230
-0.4729614258
0.7567443848
0.0000000000
0.1182403564
0.1655426025
-0.3783721924
0.1825714111
-0.1825714111
-0.0912780762
0.2738494873
0.2738494873
-0.6389770508
-0.2738494873
0.0000000000
-0.1149139404
0.2298126221
0.3447265625
0.0574493408
-0.5745391846
-0.4596252441
0.0000000000
-0.4021759033
-0.3096008301
0.3869934082
0.3096008301
0.0773925781
-0.5417938232
0.2321929932
-0.0773925781
0.3096008301
0.1855621338
-0.1855621338
-0.6494903564
0.2783508301
0.2783508301
0.0927886963
0.1855621338
-0.0927886963
0.9589843750
0.0000000000
0.0757141113
0.1009521484
-0.1514129639
0.1009521484
-0.1009521484
0.0252380371
-0.0306854248
-0.0767364502
0.9668273926
0.2148437500
0.0460357666
-0.0153503418
-0.0153503418
-0.0460357666
-0.4833679199
0.1208343506
0.0000000000
0.1208343506
0.2416839600
-0.2416839600
0.0000000000
0.1208343506
-0.1591644287
-0.0397949219
0.0994873047
0.1193847656
0.0596923828
0.1193847656
-0.9550323486
-0.0795898438
-0.3703002930
0.0000000000
0.0000000000
0.0000000000
-0.2468566895
-0.1234283447
0.2468566895
0.2468566895
0.0000000000
0.9769592285
-0.1340942383
-0.0191497803
0.0574645996
-0.0766296387
-0.0191497803
-0.0766296387
-0.1237182617
-0.2474365234
0.1237182617
0.0000000000
0.0000000000
-0.1237182617
-0.2474365234
0.1237182617
-0.1249389648
0.0000000000
0.0000000000
0.2498626709
-0.2498626709
-0.1249389648
-0.2498626709
0.1249389648
0.3863983154
0.5796051025
0.5796051025
0.1448974609
0.0000000000
0.2415008545
-0.1448974609
0.0482940674
0.5321655273
-0.2956542969
0.0000000000
-0.5321655273
-0.0591278076
-0.4730377197
0.0591278076
0.0000000000
0.0000000000
-0.1064758301
0.1064758301
0.0000000000
-0.1064758301
0.1064758301
0.0000000000
0.1064758301
0.7770996094
0.0457153320
-0.3199768066
-0.3199768066
-0.0914154053
0.2285614014
-0.2285614014
0.0914154053
-0.3450012207
-0.0492858887
0.7392883301
-0.2957153320
-0.1478576660
0.1478576660
0.2464294434
-0.2464294434
0.0000000000
0.1064758301
-0.1064758301
0.0000000000
0.0000000000
0.1064758301
-0.1064758301
0.1064758301
0.0847473145
-0.1129913330
-0.1129913330
-0.9604339600
0.0565032959
0.0000000000
0.1129913330
-0.0565032959
0.0753936768
0.9801635742
-0.0251312256
0.1005249023
0.0251312256
0.0251312256
0.0251312256
0.0251312256
-0.5671844482
0.5199279785
0.0945281982
0.2835998535
0.3308563232
-0.2835998535
0.1417999268
0.1890563965
0.0000000000
0.3831024170
0.8209533691
-0.0547332764
0.0000000000
-0.1641845703
0.2189178467
-0.0547332764
-0.1259460449
-0.3778381348
0.0629730225
-0.1889190674
-0.6297302246
0.0629730225
0.1259460449
-0.5037841797
0.0683135986
-0.0455474854
0.0000000000
0.9792633057
-0.0227661133
-0.1138610840
-0.0455474854
0.0455474854
-0.0847473145
0.9604339600
-0.0282440186
-0.0282440186
0.1412353516
-0.0565032959
-0.0847473145
-0.1129913330
0.4179534912
0.1253814697
0.5851287842
-0.1253814697
0.0835876465
0.5851287842
-0.0417938232
-0.2089691162
-0.0474243164
-0.9485015869
0.0474243164
-0.0948486328
0.0474243164
-0.0948486328
0.0000000000
0.0474243164
0.7810211182
0.1802368164
-0.1201629639
0.0600738525
0.1802368164
0.0000000000
-0.3604736328
0.2403106689
0.0000000000
0.0000000000
0.0000000000
0.0000000000
-0.0588226318
0.0000000000
0.0000000000
0.0000000000
0.1184692383
-0.2369232178
0.3553924561
-0.1184692383
-0.2369232178
-0.2369232178
0.2369232178
-0.2369232178
0.0159912109
0.9911346436
0.0000000000
-0.0159912109
-0.0479583740
-0.0799255371
-0.0159912109
0.0000000000
0.0634918213
0.1269836426
-0.4761810303
0.7301483154
0.0317382812
0.1904754639
0.2222137451
-0.3174591064
0.1184692383
-0.1184692383
-0.2369232178
0.1184692383
0.2369232178
-0.2369232178
0.0000000000
-0.4738464355
-0.0964202881
0.4821166992
0.1928405762
0.0000000000
-0.4821166992
-0.1928405762
0.2892761230
-0.1928405762
-0.3612060547
0.2167205811
0.2167205811
0.0722351074
-0.5056762695
0.3612060547
0.1444854736
0.4334411621
0.1153869629
-0.2307739258
-0.5769195557
0.1153869629
0.0000000000
0.0000000000
0.1153869629
-0.2307739258
0.7512207031
-0.1001586914
-0.2003326416
0.2003326416
-0.3004913330
0.2003326416
-0.3505706787
-0.1001586914
0.0000000000
-0.1205444336
0.9471435547
0.2410888672
-0.0344390869
0.0688781738
0.0172271729
-0.1205444336
-0.6193237305
0.0884704590
0.0884704590
0.2654266357
0.3538970947
-0.0884704590
0.0000000000
0.3538970947
-0.1795806885
0.0000000000
0.0897979736
0.2693786621
0.2095184326
0.1496582031
-0.8380737305
-0.2993164062
-0.2818603516
0.0000000000
0.0000000000
0.0939483643
-0.3758239746
-0.3758239746
0.0000000000
0.5637359619
0.0172576904
0.9840698242
-0.1381072998
0.0172576904
0.0000000000
-0.0345306396
-0.0345306396
0.0000000000
0.0000000000
-0.1150360107
0.0000000000
-0.2300720215
0.0000000000
0.0000000000
-0.1150360107
0.1150360107
0.0000000000
0.1178436279
0.1178436279
0.4714050293
-0.2357025146
0.3535461426
0.1178436279
0.0000000000
0.3976135254
0.4699096680
0.5422058105
0.2168884277
0.2530212402
0.3253173828
-0.2168884277
0.1445922852
0.4989471436
-0.3492584229
0.1496887207
-0.1995849609
-0.0498962402
-0.6486206055
-0.1995849609
-0.1496887207
-0.2357025146
0.1178436279
0.1178436279
0.0000000000
-0.1178436279
0.0000000000
0.0000000000
-0.1178436279
0.7692260742
0.1923065186
-0.3365325928
-0.2884674072
-0.2403869629
0.1442260742
-0.1442260742
0.0000000000
-0.5416870117
-0.1203765869
0.5416870117
-0.3009338379
-0.0601806641
0.3009338379
0.0601806641
-0.3009338379
0.0000000000
0.0000000000
-0.0911560059
0.0911560059
0.0000000000
0.0000000000
0.0000000000
0.0911560059
0.0599212646
-0.0599212646
-0.1198272705
-0.9586486816
0.0898742676
0.0000000000
0.1497955322
0.0000000000
0.0000000000
0.9846343994
-0.0686950684
0.0000000000
-0.0686950684
0.0000000000
0.0457916260
0.0457916260
-0.4850006104
0.5456390381
0.0606231689
0.3031311035
0.3031311035
-0.3031311035
0.1818847656
0.1818847656
-0.0623626709
0.3117980957
0.6859741211
0.0623626709
0.0623626709
-0.3117980957
0.3117980957
-0.3117980957
-0.1590728760
-0.4772338867
0.1590728760
-0.1590728760
-0.4772338867
0.0000000000
0.1590728760
-0.4772338867
0.0886077881
-0.1329040527
0.0000000000
0.9746246338
0.0442962646
-0.0664520264
0.0221557617
0.0442962646
-0.1425323486
0.9739379883
0.0000000000
-0.0237579346
0.0950164795
-0.0237579346
-0.0475158691
-0.0237579346
0.1693725586
0.0000000000
0.7621765137
-0.0846862793
-0.2540588379
0.0846862793
0.2540588379
0.0000000000
0.0000000000
-0.8940429688
0.0000000000
-0.1915893555
-0.0638580322
-0.0638580322
0.0638580322
-0.1277160645
0.8535308838
0.0502014160
-0.1004180908
0.0000000000
0.2510375977
0.0000000000
-0.3012390137
0.1506195068
0.0000000000
0.0000000000
0.0000000000
-0.0911560059
-0.0911560059
-0.0911560059
0.0000000000
0.0000000000
0.0000000000
-0.1249389648
0.2498779297
0.0000000000
-0.1249389648
-0.3748321533
-0.1249389648
-0.1249389648
0.0659942627
0.9900054932
0.0164947510
-0.0164947510
-0.0330047607
-0.0494995117
0.0164947510
-0.0494995117
0.0707397461
0.1768493652
-0.3183288574
0.7781372070
0.0000000000
0.2122192383
0.1414794922
-0.3890686035
0.0000000000
-0.1159973145
-0.1159973145
0.0000000000
-0.2320098877
0.3480072021
0.2320098877
-0.4640045166
-0.3863067627
0.4506988525
0.1931610107
-0.2575378418
-0.3863067627
-0.3863067627
0.3219299316
-0.0643920898
-0.0568084717
0.3976287842
-0.0568084717
-0.1136016846
-0.3976287842
0.6816406250
0.1136016846
0.2840118408
-0.2449493408
0.0000000000
0.0000000000
0.0000000000
-0.3674163818
-0.1224670410
0.1224670410
0.3674163818
0.5531158447
-0.1106262207
-0.3318634033
0.1659393311
-0.4424896240
0.2212371826
-0.3871765137
-0.2212371826
0.0798645020
-0.0998382568
0.9384765625
0.1797027588
-0.0599060059
0.1996765137
0.0000000000
-0.1198120117
-0.5971984863
0.1990661621
0.1990661621
-0.0995330811
0.3981323242
0.0000000000
0.1990661621
0.0000000000
-0.1011199951
0.0000000000
0.0674133301
0.2359313965
0.2696380615
0.1348114014
-0.8426055908
-0.3033447266
-0.1159973145
0.2320098877
-0.1159973145
0.2320098877
-0.1159973145
-0.2320098877
-0.2320098877
0.4640045166
0.1093444824
0.9476318359
-0.2551269531
0.0911254883
-0.0182189941
0.0182189941
-0.0728912354
0.0000000000
-0.1178436279
-0.2357025146
0.0000000000
-0.1178436279
0.0000000000
0.0000000000
-0.1178436279
0.1178436279
-0.0815887451
0.0000000000
0.2447814941
0.4079742432
-0.4079742432
0.4895629883
0.3263702393
-0.1631927490
0.3968353271
0.3246917725
0.4689941406
0.2886047363
0.2886047363
0.3968353271
-0.3607635498
0.1443023682
0.2692565918
-0.2243804932
0.3141326904
-0.0897521973
-0.0448760986
-0.6282653809
-0.5385131836
-0.1346282959
-0.1250000000
0.0000000000
0.2500000000
0.1250000000
-0.1250000000
-0.1250000000
0.2500000000
-0.2500000000
0.6286163330
0.1479034424
-0.3327941895
-0.2958221436
-0.5546569824
0.1479034424
0.0739593506
-0.0739593506
-0.4340209961
-0.3720092773
0.4960174561
-0.1860046387
0.0000000000
0.1240081787
-0.2480010986
-0.4340209961
-0.1000061035
0.0000000000
-0.1000061035
0.1000061035
0.0000000000
0.0000000000
-0.1000061035
0.0000000000
0.1339569092
-0.0893096924
-0.2679138184
-0.8930511475
0.1339569092
0.0446472168
0.1339569092
0.0446472168
-0.0228729248
0.9833526611
-0.0228729248
-0.0914764404
-0.0686035156
0.0000000000
0.0457305908
0.0000000000
-0.2795104980
0.3726806641
0.2795104980
0.1863403320
0.2795104980
-0.3726806641
0.3726806641
0.0931701660
0.0715026855
0.2145080566
0.4290313721
0.0715026855
0.0715026855
-0.5720367432
0.3575286865
-0.3575286865
-0.1076965332
-0.3230743408
0.2153778076
-0.1076965332
-0.1076965332
0.2153778076
0.2153778076
-0.5384674072
0.0938873291
-0.1314392090
0.0000000000
0.9764404297
-0.0187835693
-0.0751037598
0.0000000000
0.0563354492
-0.0813140869
0.9757537842
-0.0270996094
-0.0270996094
0.0813140869
-0.0813140869
-0.0542144775
0.0000000000
-0.2635803223
-0.1976928711
0.0659027100
0.0659027100
-0.4612731934
-0.4612731934
0.3953704834
0.3953704834
0.0000000000
-0.3370056152
0.1123352051
-0.3370056152
-0.1123352051
0.1123352051
0.2246704102
-0.4493408203
0.9405822754
0.0606842041
-0.0606842041
0.0303344727
0.1517028809
-0.0303344727
-0.2123870850
0.0910186768
0.0000000000
0.0000000000
0.0000000000
0.0000000000
0.0000000000
0.0785675049
0.0000000000
-0.0785675049
-0.1064758301
0.0000000000
0.0000000000
0.1064758301
0.1064758301
-0.1064758301
-0.1064758301
0.0000000000
0.0661468506
0.9923095703
0.0165405273
0.0165405273
0.0165405273
-0.0165405273
0.0000000000
-0.0330810547
0.0377655029
0.0377655029
-0.2643127441
0.8684539795
0.0000000000
0.0755157471
0.0755157471
-0.3398284912
0.1123504639
-0.1685180664
0.1123504639
-0.0561676025
-0.6740875244
0.5055694580
0.2808685303
-0.2247009277
-0.2077789307
0.4155578613
-0.1385192871
-0.2077789307
0.1385192871
-0.6926116943
0.1385192871
0.2077789307
0.1531524658
0.3573455811
-0.2552490234
-0.1531524658
0.0000000000
0.7657318115
-0.1531524658
0.2552490234
0.0000000000
0.1247253418
0.0000000000
0.0000000000
-0.2494506836
0.0000000000
0.0000000000
0.3741607666
0.5517272949
-0.0613098145
-0.3678131104
0.1226043701
-0.4291229248
0.1839141846
-0.4291229248
-0.1226043701
0.1029663086
-0.1544494629
0.9009399414
0.1544494629
-0.0514831543
0.3088989258
0.0000000000
-0.1029663086
-0.3281707764
0.1093902588
0.3281707764
0.1093902588
0.4375762939
0.3281707764
0.0000000000
0.1093902588
-0.1366271973
0.1092987061
0.2186126709
0.1639556885
0.0819854736
0.0546569824
-0.9017639160
-0.2186126709
0.0000000000
0.1135406494
-0.2270965576
0.3406372070
0.4541778564
0.2270965576
-0.2270965576
-0.1135406494
0.1312408447
0.9186706543
-0.3062286377
0.1312408447
-0.0218658447
0.0656127930
-0.0874938965
0.0000000000
-0.1216278076
-0.1216278076
0.1216278076
-0.2432556152
-0.1216278076
-0.1216278076
-0.1216278076
0.0000000000
-0.1529541016
0.0509796143
0.3058929443
0.3058929443
-0.4078674316
0.6627807617
0.3058929443
-0.0509796143
0.4108428955
0.3521423340
0.3521423340
0.4401855469
0.3814849854
0.3227996826
-0.2641143799
0.2054138184
0.2767944336
-0.0691986084
0.3459930420
-0.2767944336
-0.1730041504
-0.5536041260
-0.5881958008
-0.0346069336
-0.1249389648
0.0000000000
0.3748321533
0.1249389648
0.1249389648
0.0000000000
0.2498779297
-0.1249389648
0.5014953613
0.1791076660
-0.3940277100
-0.2149200439
-0.6447753906
0.1791076660
0.1432800293
-0.0716400146
-0.0689392090
-0.2068023682
0.7582702637
-0.1378631592
0.0689392090
0.0000000000
-0.2757263184
-0.3446655273
-0.2357025146
-0.1178436279
-0.1178436279
0.1178436279
0.0000000000
0.0000000000
-0.1178436279
0.0000000000
0.0391235352
-0.1173553467
-0.1956024170
-0.9388885498
-0.0391235352
0.0391235352
0.0782470703
0.0782470703
-0.0238952637
0.9797668457
-0.0955810547
-0.0955810547
-0.0477905273
0.0000000000
-0.0238952637
0.0000000000
-0.1202545166
0.1202545166
0.2405242920
0.1202545166
0.2405242920
-0.3607788086
0.2405242920
0.2405242920
0.0000000000
0.1483612061
0.5934448242
0.0741729736
0.1483612061
-0.3708953857
0.0741729736
-0.5192565918
-0.1153869629
0.2307739258
0.2307739258
0.0000000000
0.1153869629
0.3461608887
0.1153869629
-0.4615325928
0.0524444580
-0.1398315430
0.0174865723
0.9788360596
-0.0524444580
-0.0524444580
0.0524444580
0.0349578857
0.0000000000
0.9883270264
-0.0219573975
0.0658874512
0.0000000000
-0.0439300537
0.0219573975
0.0219573975
-0.2011871338
0.0000000000
-0.0670623779
0.1341247559
-0.6706237793
-0.3353118896
0.0670623779
0.4694366455
-0.2234802246
-0.5586853027
0.0000000000
0.0000000000
0.0000000000
0.0000000000
0.2234802246
-0.3352050781
0.9631042480
0.0000000000
0.0000000000
-0.1284179688
0.0321044922
-0.1284179688
-0.0642089844
-0.0321044922
