0.0000000000
0.2486572266
-0.2486572266
-0.1243286133
0.0000000000
0.0000000000
0.2486572266
0.0000000000
0.4264221191
-0.1705627441
0.0000000000
-0.2558593750
-0.1705627441
-0.5117034912
0.2558593750
-0.3411407471
0.0223541260
0.9950408936
0.0223541260
-0.0559082031
-0.0223541260
-0.0111846924
0.0000000000
0.0335388184
0.0186309814
0.1118011475
-0.4472045898
0.7453460693
0.2236022949
-0.0931701660
-0.0931701660
-0.3913116455
-0.3232574463
0.1939544678
-0.3232574463
0.3232574463
-0.5818634033
-0.2586059570
0.3232574463
0.0000000000
0.2607879639
-0.3259735107
-0.1955871582
0.4563751221
-0.3259735107
-0.4563751221
-0.3259735107
0.1303863525
0.0000000000
0.0726165771
-0.2178497314
-0.3630828857
-0.7261657715
0.0726165771
-0.2904663086
0.1452331543
0.2060852051
0.0000000000
-0.5151977539
0.4636840820
0.2575988770
0.0515136719
0.0000000000
-0.5667266846
0.9796295166
-0.0459136963
0.0765380859
-0.0459136963
-0.1071472168
0.0612335205
-0.0612335205
0.0612335205
-0.0278472900
0.0139312744
0.9609222412
0.2367553711
-0.1114044189
-0.0139312744
0.0000000000
-0.0278472900
-0.4926300049
-0.1894683838
0.2652587891
0.3031616211
0.3789367676
0.3789367676
-0.4168395996
0.2273712158
0.0590972900
-0.0118255615
-0.0590972900
-0.0118255615
-0.0118255615
-0.0472869873
-0.9929199219
0.0000000000
-0.2674560547
-0.1782989502
-0.6240692139
0.0000000000
-0.1782989502
0.4457702637
0.0000000000
0.0000000000
0.0000000000
0.9969787598
-0.0129547119
0.0000000000
0.0000000000
0.0129547119
0.0129547119
0.0129547119
0.1769409180
-0.0884704590
-0.0884704590
-0.0884704590
0.0884704590
0.1769409180
0.0000000000
-0.7962646484
0.0000000000
0.0000000000
0.0000000000
0.1213989258
-0.1213989258
-0.2428131104
0.4856262207
0.2428131104
0.2927703857
0.2927703857
0.7319183350
-0.1463775635
0.0000000000
0.0731964111
0.2927703857
0.0000000000
0.2114715576
-0.0528717041
0.0528717041
-0.5286712646
-0.2643432617
-0.6872711182
0.1585998535
0.1057281494
0.0000000000
0.0000000000
-0.1178436279
-0.2357025146
-0.1178436279
-0.1178436279
0.0000000000
0.1178436279
0.8956756592
-0.1557769775
0.0000000000
0.3504791260
0.0000000000
0.0000000000
0.0389404297
0.0000000000
0.0704345703
0.1408691406
0.9508819580
0.0528259277
-0.0880432129
0.0176086426
0.1584777832
0.1584777832
-0.1243286133
0.0000000000
0.1243286133
0.2486572266
-0.2486572266
0.1243286133
0.1243286133
0.1243286133
-0.1533355713
-0.1314239502
0.1533355713
-0.9199981689
-0.1752319336
-0.0219116211
-0.1095275879
0.1752319336
-0.1204376221
0.9634552002
0.0602111816
-0.1806488037
-0.0200653076
0.0602111816
-0.0200653076
0.0602111816
-0.3937530518
0.3675079346
-0.1049957275
0.3675079346
0.3412628174
-0.3675079346
0.3937530518
0.3675079346
-0.3144531250
-0.2695312500
0.8085937500
0.0000000000
-0.1347656250
-0.2246093750
0.0898437500
-0.1796875000
-0.3221893311
-0.3221893311
0.2684783936
0.0000000000
0.3221893311
-0.5369720459
0.0000000000
-0.4832763672
-0.0468902588
0.0000000000
0.0156250000
0.9847259521
0.1094207764
0.0312652588
-0.0781555176
-0.0312652588
-0.2072906494
0.9421997070
0.0376892090
0.1507568359
-0.0188446045
-0.1696014404
0.0376892090
0.0565338135
0.3121490479
0.1560821533
0.6243133545
-0.0312194824
-0.0936431885
0.6555328369
-0.0936431885
0.0936431885
0.0000000000
-0.9251556396
-0.1261596680
0.0841064453
0.0000000000
-0.1682128906
-0.0841064453
0.1682128906
0.7742156982
0.3225860596
0.0000000000
-0.2580718994
-0.0645141602
-0.0645141602
0.1290283203
-0.2580718994
0.1234283447
0.2468566895
-0.3703002930
-0.1234283447
-0.1234283447
0.2468566895
0.1234283447
0.1234283447
0.1247863770
-0.1247863770
0.1247863770
-0.1247863770
-0.2495727539
-0.3743438721
0.1247863770
0.0000000000
0.0268554688
0.9934844971
0.0134277344
-0.0536956787
-0.0134277344
0.0402832031
0.0402832031
0.0000000000
0.0000000000
0.1242675781
-0.4083099365
0.7633514404
0.2485351562
-0.0887603760
-0.0532531738
-0.3905487061
-0.3091278076
0.2060852051
0.0515136719
0.2575988770
-0.8243255615
0.0000000000
0.0515136719
0.1545562744
0.4124755859
-0.4124755859
-0.2357025146
0.3535461426
-0.4714050293
0.0000000000
-0.2946319580
-0.2357025146
-0.2806854248
-0.1871185303
-0.2806854248
-0.2806854248
-0.5613555908
0.1871185303
-0.1871185303
0.1871185303
0.1332397461
-0.0666198730
-0.4663238525
0.4663238525
0.2664642334
0.0000000000
-0.1998443604
-0.5329437256
0.9718170166
-0.0259094238
0.1036529541
-0.0906982422
-0.1166229248
-0.0129547119
-0.0777435303
0.1036529541
-0.0886840820
0.0738983154
0.9607696533
0.1330261230
-0.1478118896
0.1034698486
0.0738983154
-0.0295562744
-0.5589752197
-0.0698699951
0.3144226074
0.2794799805
0.4891052246
0.3842926025
-0.2445526123
0.1397399902
0.0444183350
-0.0222015381
-0.0111083984
-0.0666198730
-0.0444183350
-0.0999298096
-0.9882202148
0.0222015381
-0.2982635498
-0.1789550781
-0.6561737061
-0.1193084717
-0.2386016846
0.4772186279
0.0000000000
-0.1789550781
-0.0503692627
0.9905090332
0.0503692627
-0.0335693359
0.0503692627
0.0000000000
0.0335693359
0.0000000000
0.1009521484
0.0000000000
-0.1009521484
0.0000000000
0.1009521484
0.3028411865
0.1009521484
-0.7066345215
0.0000000000
0.1123352051
-0.1123352051
0.0000000000
-0.1123352051
-0.3370056152
0.5616760254
0.2246704102
0.3748016357
0.4818878174
0.6960601807
0.0000000000
0.0000000000
0.1606292725
0.1070861816
0.1070861816
0.3882141113
-0.2911682129
-0.1455841064
-0.3882141113
0.0000000000
-0.6308441162
0.3396911621
0.0485229492
0.0000000000
0.0000000000
-0.1216278076
-0.2432556152
-0.2432556152
-0.1216278076
0.0000000000
0.0000000000
0.9128417969
-0.0314788818
0.0629577637
0.1573791504
-0.1573791504
-0.1259155273
-0.2518157959
0.0314788818
0.0503234863
0.1174163818
0.9728851318
0.0503234863
0.0167694092
-0.0838775635
0.1341857910
0.0167694092
-0.1249389648
0.0000000000
0.1249389648
0.3748016357
-0.1249389648
-0.1249389648
0.1249389648
-0.1249389648
-0.1821899414
-0.1594085693
0.2049560547
-0.9109497070
-0.1366424561
0.0227661133
-0.0910949707
0.1594085693
-0.1561431885
0.9563598633
0.0780639648
-0.1756591797
-0.0195159912
0.0195159912
-0.0390319824
0.0975952148
-0.4444122314
0.4147796631
-0.0592498779
0.3258972168
0.2962799072
-0.3258972168
0.4147796631
0.3555297852
-0.1586456299
-0.0634613037
0.8884277344
-0.0317230225
-0.0317230225
-0.1586456299
0.0000000000
-0.3490295410
-0.4301910400
-0.4301910400
0.2688751221
0.1613159180
-0.0537719727
-0.5915222168
-0.1075439453
-0.2688751221
-0.0518341064
0.0172729492
0.0000000000
0.9848022461
0.1209411621
-0.0172729492
-0.0518341064
0.0000000000
-0.0836334229
0.9618682861
0.0418243408
0.1045532227
-0.1463775635
-0.0836334229
0.0418243408
0.1045532227
0.2973937988
0.1486968994
0.6939239502
-0.0743560791
-0.1486968994
0.5700073242
-0.1734771729
0.0743560791
0.0375976562
-0.9399719238
-0.0751953125
-0.0375976562
0.0751953125
-0.2255859375
0.0000000000
0.0751953125
0.2931823730
0.2931823730
0.0000000000
-0.2931823730
-0.2931823730
-0.0977325439
0.3908996582
-0.3908996582
0.1243286133
0.2486572266
-0.1243286133
0.0000000000
-0.2486572266
0.1243286133
0.1243286133
0.1243286133
0.0000000000
0.0000000000
0.2500000000
-0.1250000000
-0.1250000000
-0.3750000000
0.1250000000
0.0000000000
0.0000000000
0.9900817871
-0.0304565430
-0.0304565430
0.0152282715
0.0913848877
0.0304565430
-0.0304565430
-0.0193939209
0.1163330078
-0.3877716064
0.8337249756
0.2132720947
0.0775604248
-0.0581665039
-0.2714385986
-0.1539154053
0.1154327393
0.1154327393
0.1923980713
-0.8465270996
0.0000000000
-0.3078308105
0.2308654785
0.6056518555
-0.3854217529
-0.1101226807
0.1651763916
-0.1101226807
0.3854217529
-0.3303527832
-0.2752990723
-0.4219512939
-0.2531738281
-0.4219512939
0.0000000000
-0.2531738281
0.5063476562
-0.0843963623
0.0843963623
0.1516876221
-0.3033905029
0.1516876221
0.6067810059
-0.0758514404
-0.0758514404
-0.3792419434
-0.3792419434
0.9577484131
-0.0140838623
0.0985870361
-0.0140838623
-0.1267547607
-0.0422515869
-0.1690063477
0.1408386230
-0.0987396240
0.0789947510
0.9479217529
0.0394897461
-0.1184844971
0.2172393799
0.0987396240
-0.0197448730
-0.5274200439
-0.0988922119
0.3296356201
0.3296356201
0.5603790283
0.3296356201
-0.1648254395
0.0988922119
0.0429382324
0.0286254883
0.0286254883
-0.0572509766
-0.0572509766
-0.0858764648
-0.9875183105
0.0286254883
-0.3429260254
-0.1959533691
-0.6858520508
-0.1959533691
-0.3429260254
0.3429260254
0.0000000000
-0.1469726562
-0.0656585693
0.9847717285
0.0437622070
-0.0437622070
0.0656585693
-0.0437622070
0.0000000000
-0.0218811035
0.0000000000
0.2332305908
-0.2332305908
0.0000000000
0.1166229248
0.3498535156
0.0000000000
-0.4664764404
-0.0951690674
0.1903381348
0.0000000000
0.0000000000
-0.1903381348
0.0951690674
0.7613372803
-0.0951690674
0.4277648926
0.4277648926
0.6416473389
0.0855560303
0.1711120605
0.2994384766
-0.0855560303
0.1711120605
0.4430084229
-0.2215118408
-0.0442962646
-0.3101043701
0.0000000000
-0.7531127930
0.1329040527
0.0886077881
0.0000000000
0.1178436279
0.0000000000
-0.1178436279
-0.1178436279
-0.1178436279
0.2357025146
0.0000000000
0.8454132080
0.0563659668
0.0563659668
-0.0281829834
-0.3099822998
-0.1972656250
-0.3381652832
0.0563659668
0.0158843994
0.0476379395
0.9687347412
0.0317687988
0.0635223389
-0.1746826172
0.0794067383
-0.0952911377
0.0000000000
0.0000000000
0.1113433838
0.2226867676
0.0000000000
0.0000000000
0.0000000000
-0.1113433838
-0.0953979492
-0.1430969238
0.1669464111
-0.9539642334
-0.0715484619
0.0000000000
0.0000000000
0.0953979492
-0.1453857422
0.9631500244
0.0726928711
-0.1090393066
-0.0545196533
0.0363464355
-0.0545196533
0.1272125244
-0.5002288818
0.4232635498
0.0000000000
0.3078308105
0.1923980713
-0.3078308105
0.3847808838
0.3847808838
0.0000000000
0.1040344238
0.8843383789
-0.0260162354
0.0260162354
-0.1040344238
0.0000000000
-0.4161529541
-0.2455902100
-0.5730285645
0.0000000000
0.2455902100
-0.1637268066
-0.4911651611
-0.1637268066
-0.1637268066
-0.0509948730
0.0509948730
-0.0169982910
0.9858703613
0.1019897461
-0.0509948730
-0.0169982910
0.0000000000
0.0928497314
0.9748687744
0.0232086182
0.0464172363
-0.1160583496
-0.0232086182
0.0696258545
0.0464172363
0.4036407471
0.1241912842
0.6520385742
-0.0621032715
-0.3105010986
0.4657440186
-0.2173461914
-0.0310516357
0.1257171631
-0.8799896240
-0.0419006348
-0.2514343262
0.0419006348
-0.2514343262
0.1257171631
-0.0838165283
0.5637359619
0.1879119873
-0.0939483643
-0.1879119873
-0.0939483643
-0.3758239746
0.3758239746
0.0000000000
-0.1216278076
0.2432556152
0.1216278076
0.1216278076
0.0000000000
0.1216278076
0.1216278076
-0.1216278076
-0.1249389648
0.2498626709
0.2498626709
0.0000000000
0.0000000000
-0.2498626709
0.1249389648
-0.1249389648
-0.0286560059
0.9887390137
-0.0716552734
-0.0143280029
0.0143280029
0.0859832764
-0.0429840088
0.0143280029
-0.1288299561
0.1073608398
-0.3650054932
0.8588562012
0.1073608398
0.2576599121
-0.0644073486
-0.0644073486
-0.0646820068
-0.0323333740
0.0323333740
0.1616821289
-0.7761077881
-0.1616821289
-0.5173950195
0.1940307617
0.5052642822
-0.2021026611
0.0000000000
0.0000000000
0.4547424316
0.5557861328
-0.2526245117
-0.2021026611
-0.3986663818
-0.4484863281
-0.5481567383
-0.0498352051
0.1494903564
0.4484863281
-0.1494903564
-0.0996704102
0.3000030518
-0.2250061035
0.3750000000
0.6000061035
0.0000000000
-0.1499938965
-0.0749969482
-0.3750000000
0.9371795654
0.0199432373
0.0398864746
0.0997009277
-0.0997009277
-0.0199432373
-0.2592163086
0.1395721436
-0.0549011230
0.0000000000
0.9332733154
0.0549011230
0.0000000000
0.3019409180
0.0274505615
-0.0823516846
-0.4840240479
0.0372314453
0.3723297119
0.3350982666
0.5957183838
0.2978515625
-0.1116943359
0.1116943359
-0.0374298096
0.1310119629
0.1310119629
0.0000000000
-0.0561523438
-0.0374298096
-0.9731750488
0.0374298096
-0.3602905273
-0.0720520020
-0.7926483154
-0.2522125244
-0.2522125244
0.2161712646
0.1441192627
0.0000000000
-0.0205841064
0.9674530029
-0.1440887451
-0.0411682129
0.1235046387
-0.0823364258
-0.0411682129
-0.0617523193
-0.1224670410
0.2449493408
-0.2449493408
0.1224670410
0.2449493408
0.1224670410
0.0000000000
-0.3674163818
-0.1035919189
0.1553802490
0.2589721680
0.1553802490
-0.3107757568
0.5697479248
0.5179443359
-0.3107757568
0.4248352051
0.3475952148
0.6179504395
0.1544799805
0.2703552246
0.3475952148
-0.1158599854
0.1931152344
0.3794860840
-0.0379486084
0.0000000000
-0.2276916504
-0.0758972168
-0.8348693848
-0.2276916504
0.0379486084
-0.2369232178
0.2369232178
0.3553924561
0.0000000000
0.0000000000
-0.2369232178
0.3553924561
0.1184692383
0.7477264404
0.1246185303
-0.0623168945
-0.1246185303
-0.5296325684
-0.1246185303
-0.2803955078
0.0000000000
0.0167694092
0.0167694092
0.9557189941
0.0335388184
0.1341400146
-0.2179718018
-0.0167694092
-0.1006011963
0.0000000000
0.0000000000
0.1000061035
0.0000000000
0.1000061035
0.1000061035
-0.1000061035
0.0000000000
-0.0209960938
-0.0629730225
0.0419921875
-0.9866638184
-0.0209960938
-0.0419921875
0.0629730225
0.0000000000
-0.0597991943
0.9866027832
0.0000000000
-0.0448455811
-0.0149536133
0.0448455811
-0.0597991943
0.0896911621
-0.4736785889
0.4060211182
0.0000000000
0.2030029297
-0.0676727295
-0.2706756592
0.4736785889
0.3383483887
0.0791931152
0.2111663818
0.8446807861
0.0000000000
0.1055908203
-0.1319885254
0.0791931152
-0.4223480225
0.1060485840
-0.6362762451
-0.1060485840
-0.2120971680
0.1060485840
0.0000000000
0.0000000000
-0.3181304932
-0.0443572998
0.0295715332
0.0295715332
0.9907684326
0.0591430664
-0.0443572998
0.0443572998
-0.0147857666
0.1390075684
0.9730377197
0.0463409424
0.0231628418
-0.0463409424
0.0695037842
0.0695037842
-0.0463409424
0.2455444336
0.2946472168
0.4419708252
-0.1473236084
-0.6383972168
0.2946472168
-0.2455444336
0.0491027832
0.0386199951
-0.8110504150
-0.0386199951
-0.3089752197
0.1158599854
-0.3475952148
0.1544799805
-0.1931152344
0.6750030518
-0.0749969482
0.0000000000
-0.1499938965
0.3000030518
-0.3000030518
-0.0749969482
0.3750000000
-0.1064758301
0.1064758301
0.1064758301
0.0000000000
-0.1064758301
0.0000000000
0.1064758301
0.0000000000
-0.1178436279
0.2357025146
0.0000000000
0.1178436279
0.0000000000
-0.1178436279
0.0000000000
-0.1178436279
-0.0138854980
0.9854431152
-0.0832824707
0.0000000000
0.0277557373
0.0555114746
-0.0832824707
0.0693969727
-0.0819091797
0.0409545898
-0.3890380859
0.8804626465
0.0204772949
0.2252349854
-0.0204772949
0.0000000000
-0.1341400146
-0.0335388184
0.1006011963
0.1676635742
-0.6706695557
-0.3018035889
-0.5700683594
0.2012023926
0.2662048340
0.0532379150
0.1064758301
0.0000000000
0.7453613281
0.3726806641
-0.1597137451
-0.3194427490
-0.1567230225
-0.4309844971
-0.5485229492
0.0000000000
0.3917999268
0.5093536377
-0.1567230225
0.0391845703
0.2048339844
-0.1024169922
0.4096679688
0.5120697021
0.0000000000
-0.3072509766
0.0000000000
-0.2048339844
0.9642181396
0.0000000000
0.0253753662
0.0761260986
0.0761260986
0.0000000000
-0.1776123047
0.0761260986
-0.0810089111
-0.0540161133
0.9181823730
0.1080169678
0.0270080566
0.2700500488
0.0540161133
-0.1890411377
-0.4451904297
0.0989379883
0.3957214355
0.2473297119
0.6430664062
0.2473297119
-0.0989379883
0.0989379883
-0.0705108643
0.1057739258
0.1586456299
0.0176239014
-0.0881347656
0.0176239014
-0.9695434570
-0.0176239014
-0.3483276367
0.0633392334
-0.8233184814
-0.2216644287
-0.1583251953
0.2533264160
0.1583251953
0.0316619873
-0.0179748535
0.9707946777
-0.1797790527
-0.0359497070
0.0719146729
-0.0719146729
0.0000000000
-0.0539398193
-0.2474365234
0.1237182617
-0.1237182617
0.0000000000
0.0000000000
-0.2474365234
-0.1237182617
-0.1237182617
-0.1187286377
0.0395812988
0.3166198730
0.1978912354
-0.2770385742
0.6728210449
0.4749298096
-0.1978912354
0.4600219727
0.4293518066
0.4906921387
0.2453460693
0.2760162354
0.3680114746
-0.2146759033
0.1226654053
0.3976135254
0.0722961426
0.0000000000
-0.2168884277
-0.1084442139
-0.7590789795
-0.3976135254
-0.0361480713
-0.1247253418
0.0000000000
0.2494506836
0.0000000000
0.1247253418
-0.2494506836
0.2494506836
0.0000000000
0.6673889160
0.0278015137
-0.2224578857
-0.1946563721
-0.6395721436
0.0278015137
-0.1390380859
0.1112365723
0.0217590332
-0.0217590332
0.9358673096
0.1088256836
0.1958770752
-0.1958770752
-0.0870513916
-0.1088256836
0.0000000000
-0.1150360107
0.1150360107
0.1150360107
0.1150360107
0.1150360107
-0.1150360107
-0.1150360107
0.0000000000
-0.0190582275
0.0190582275
-0.9914093018
-0.0381317139
0.0000000000
0.0571899414
0.0000000000
-0.0444946289
0.9938201904
-0.0296630859
0.0148315430
0.0000000000
0.0148315430
0.0000000000
0.0444946289
-0.3352050781
0.1117401123
-0.1117401123
0.1117401123
0.0000000000
-0.1117401123
0.5586853027
0.2234802246
0.0672912598
0.3028259277
0.8075256348
0.0000000000
0.2691802979
-0.2018890381
0.1009368896
-0.3028259277
0.2654266357
-0.3538970947
-0.0884704590
-0.3538970947
0.2654266357
0.4423675537
-0.0884704590
-0.3538970947
-0.0122833252
0.0000000000
0.0122833252
0.9945526123
0.0613861084
0.0000000000
0.0368347168
-0.0245513916
0.1884002686
0.9655303955
-0.0235443115
-0.0235443115
0.0000000000
0.0941925049
0.0471038818
-0.0471038818
-0.0967102051
0.2417907715
0.4835662842
-0.2901458740
-0.6286315918
0.2901458740
-0.1934204102
0.1450653076
-0.0396423340
-0.9117126465
0.0000000000
-0.1189117432
0.0792846680
-0.2378387451
0.1189117432
-0.1585540771
0.7983093262
-0.1995849609
-0.0498962402
-0.0997924805
0.2993621826
-0.0997924805
-0.1995849609
0.2993621826
0.0000000000
0.0000000000
0.0000000000
-0.0588226318
0.0000000000
0.0000000000
0.0000000000
0.0000000000
0.0000000000
0.0911560059
-0.0911560059
0.0000000000
0.0000000000
0.0911560059
0.0000000000
0.0000000000
0.0541839600
0.9888305664
-0.0406341553
0.0270843506
0.0135498047
0.0677337646
-0.0406341553
0.0677337646
-0.0438232422
0.0219116211
-0.2629241943
0.9421234131
-0.0438232422
0.1314544678
0.0438232422
0.0657348633
-0.1296234131
-0.0324096680
0.2916564941
0.1296234131
-0.7777252197
-0.1944274902
-0.4212646484
0.1620330811
-0.0628509521
0.0628509521
-0.0628509521
0.0628509521
0.8798828125
0.0000000000
-0.1257019043
-0.2514038086
0.0738067627
-0.2214050293
-0.3690185547
0.0368957520
0.4428253174
0.7380371094
-0.1476135254
0.0368957520
0.0000000000
0.1135406494
0.4541778564
0.2270965576
-0.2270965576
-0.3406372070
0.2270965576
0.1135406494
0.9619293213
-0.0240478516
0.0480957031
-0.0240478516
0.2164306641
0.0000000000
0.0240478516
0.0721435547
-0.0290985107
-0.0290985107
0.9019775391
0.1163787842
-0.0581970215
0.2618713379
0.0581970215
-0.2618713379
-0.5283050537
0.1320800781
0.3301849365
0.0660400391
0.6603698730
0.0660400391
0.0660400391
0.0000000000
-0.0460357666
0.0613708496
0.1227416992
0.0153503418
-0.0767211914
0.0153503418
-0.9819335938
-0.0306854248
-0.3171386719
0.1409454346
-0.7400054932
-0.2466735840
0.0000000000
0.4580993652
0.1409454346
-0.0352325439
-0.0266418457
0.9593353271
-0.1332397461
-0.0799407959
0.0000000000
-0.1598968506
0.0799407959
0.0000000000
-0.1064758301
0.0000000000
-0.1064758301
0.1064758301
0.0000000000
-0.1064758301
-0.1064758301
0.0000000000
-0.1028747559
0.1371765137
0.3772277832
0.1028747559
-0.2400512695
0.7201538086
0.4458160400
-0.0685882568
0.4922332764
0.5195770264
0.4102020264
0.2734680176
0.3008117676
0.3008117676
-0.1914215088
0.0546875000
0.3108367920
0.1036071777
0.1726837158
-0.4144592285
-0.1381530762
-0.6562194824
-0.4489898682
-0.0345306396
0.0000000000
0.0000000000
0.2300720215
0.0000000000
0.1150360107
-0.1150360107
0.1150360107
0.0000000000
0.5870208740
-0.0765686035
-0.2297058105
-0.0765686035
-0.7401428223
0.0765686035
-0.0765686035
0.1020965576
0.0334167480
-0.1336822510
0.8355255127
0.2005310059
0.3007812500
-0.0668487549
-0.2673645020
-0.2005310059
0.0000000000
-0.0911560059
0.0911560059
0.0000000000
0.0000000000
0.0000000000
-0.0911560059
0.0000000000
0.0000000000
0.0000000000
0.0202331543
-0.9911346436
-0.0202331543
0.0404510498
0.0404510498
0.0202331543
-0.0350952148
0.9827423096
-0.0175476074
0.0877380371
-0.0526428223
-0.0350952148
0.1053009033
0.0000000000
0.1229705811
-0.2459411621
0.0000000000
0.0000000000
0.0000000000
-0.1229705811
0.4918823242
-0.1229705811
-0.0549011230
0.2744750977
0.7685089111
0.1097869873
0.4391479492
-0.1097869873
0.1097869873
-0.0549011230
0.3152313232
-0.1576080322
0.0000000000
-0.3940429688
0.3940429688
0.5516510010
-0.1576080322
-0.1576080322
-0.0228881836
-0.0114440918
0.0114440918
0.9954681396
0.0228881836
0.0343322754
0.0343322754
-0.0343322754
0.1835327148
0.9635162354
-0.0688171387
0.0458831787
-0.0229339600
0.0917663574
0.0688171387
-0.0229339600
-0.1704101562
0.2840118408
0.5680236816
-0.2272186279
-0.5112304688
0.3408203125
-0.1704101562
0.0568084717
0.0000000000
-0.9393615723
0.0426940918
-0.0854034424
0.0000000000
-0.1280975342
0.1280975342
-0.1280975342
0.9461975098
-0.2207794189
-0.0946197510
-0.0315399170
0.0315399170
0.0000000000
-0.0630798340
0.0946197510
-0.2498626709
0.2498626709
-0.1249389648
0.1249389648
-0.1249389648
0.0000000000
0.2498626709
0.0000000000
0.2009429932
-0.4018859863
-0.2009429932
-0.1004791260
-0.2009429932
-0.4018859863
0.3014221191
-0.3014221191
0.0000000000
0.9870300293
0.0374755859
-0.0749664307
0.0999603271
0.0249938965
0.0499725342
-0.0249938965
-0.0506896973
0.0380096436
-0.4308319092
0.7856292725
0.1393890381
-0.0633544922
-0.0126647949
-0.4054870605
-0.6176605225
0.3705902100
0.0000000000
0.2470703125
0.0000000000
-0.1853027344
0.4941253662
-0.1235351562
0.1035919189
-0.1035919189
0.2589721680
0.3625640869
-0.4143676758
-0.6215362549
0.0517883301
-0.3625640869
0.1963348389
0.0000000000
-0.1963348389
-0.0981750488
-0.4908447266
-0.2945098877
0.0000000000
0.4908447266
0.2463684082
0.0000000000
-0.4223327637
0.4927215576
0.2111663818
0.2111663818
-0.1759796143
-0.5983123779
0.9307556152
0.0517120361
0.0387878418
-0.0387878418
-0.2197570801
0.0775604248
-0.2585449219
-0.0387878418
0.0233459473
-0.0700531006
0.9689788818
0.1984710693
-0.0583801270
-0.0700531006
-0.0583801270
-0.0116729736
-0.8032684326
0.0845489502
0.1691131592
-0.0422821045
0.4227752686
0.1691131592
-0.2113800049
0.0845489502
-0.0088958740
-0.0444641113
0.0088958740
0.0177764893
-0.0355682373
-0.0266723633
-0.9958801270
-0.0355682373
-0.3102722168
-0.3102722168
-0.3102722168
0.0000000000
0.0000000000
0.5171051025
0.2068481445
-0.1034240723
0.0226593018
0.9967803955
0.0113220215
0.0226593018
0.0226593018
-0.0113220215
0.0000000000
-0.0226593018
0.0000000000
-0.0943603516
0.0943603516
-0.2830657959
0.0000000000
0.0943603516
-0.0943603516
-0.7548370361
-0.1065826416
-0.2131805420
0.0000000000
0.0000000000
-0.1065826416
-0.5329437256
-0.4263610840
0.2131805420
0.4139862061
0.4967956543
0.6209869385
0.0827941895
0.1241912842
0.3311920166
0.0413970947
0.0827941895
0.1206359863
-0.1206359863
-0.3216857910
-0.4021148682
-0.1206359863
-0.6031799316
0.5227508545
0.0402069092
0.0000000000
0.1178436279
-0.4714050293
-0.2357025146
-0.1178436279
0.0000000000
-0.1178436279
0.3535461426
0.8545989990
-0.1005401611
0.3016204834
0.1508178711
0.1005401611
-0.1005401611
-0.2010803223
-0.0502777100
-0.1056060791
-0.0527954102
0.9856414795
0.0175933838
-0.0352020264
0.0000000000
-0.0175933838
-0.0527954102
-0.1249389648
0.0000000000
0.0000000000
0.1249389648
-0.2498626709
0.2498626709
0.1249389648
0.2498626709
-0.1415863037
-0.1213684082
0.0606842041
-0.9709167480
-0.0606842041
-0.0202331543
0.0000000000
0.0404510498
-0.0715942383
0.9843292236
-0.0715942383
-0.0715942383
-0.0357971191
0.0357971191
0.0000000000
0.0536956787
-0.4580841064
0.4042053223
-0.0269470215
0.3772583008
0.3233642578
-0.3233642578
0.4042053223
0.2964172363
-0.0847015381
-0.0423583984
0.8894042969
-0.0847015381
-0.1270599365
-0.2964630127
0.0423583984
-0.1694183350
-0.1231536865
-0.2052459717
0.1231536865
0.0820922852
-0.4104919434
-0.4515380859
-0.0820922852
-0.6978454590
0.0162811279
-0.0651397705
0.0325622559
0.9770507812
0.1302795410
0.0814208984
-0.0814208984
-0.0325622559
-0.0255126953
0.9947814941
-0.0382537842
-0.0127563477
0.0382537842
0.0000000000
0.0382537842
0.0000000000
0.5119781494
0.0890350342
0.5565032959
0.0000000000
0.0890350342
0.6232757568
-0.0890350342
0.0000000000
0.0314788818
-0.9128417969
-0.0944366455
0.0000000000
0.0944366455
-0.3147735596
0.0314788818
0.1259155273
0.6288909912
0.2286834717
0.0000000000
-0.1715087891
-0.4002075195
-0.1143493652
0.4002075195
-0.2858581543
-0.1249389648
0.3748321533
0.0000000000
0.1249389648
0.0000000000
0.2498779297
0.1249389648
-0.1249389648
0.2258758545
-0.4517517090
0.1129455566
0.1129455566
-0.2258758545
-0.3388214111
0.1129455566
-0.2258758545
-0.0610504150
0.9889831543
-0.0488433838
-0.0122070312
0.0732574463
0.0732574463
0.0122070312
0.0000000000
0.0263671875
0.0527343750
-0.4746246338
0.7514953613
0.1450195312
-0.0922851562
0.0659179688
-0.4087066650
-0.6743316650
0.3065185547
0.1226043701
0.2452087402
-0.4291229248
-0.1839141846
0.1839141846
0.0000000000
0.1835632324
0.2447509766
0.3059387207
0.1835632324
-0.3059387207
-0.6118774414
0.0611877441
-0.4283142090
-0.1903381348
-0.5709991455
-0.2855072021
0.1903381348
0.3806762695
-0.0951690674
0.0951690674
0.1903381348
0.2082519531
-0.0416564941
-0.1665954590
0.6247406006
0.1249542236
0.2498931885
-0.2498931885
-0.5830993652
0.9175720215
0.0357513428
0.0834197998
0.0000000000
-0.2025756836
0.0834197998
-0.3098297119
0.0357513428
-0.0824584961
-0.0962066650
0.9620666504
0.2198944092
-0.0137481689
-0.0549774170
0.0000000000
0.0274810791
-0.7964477539
0.0937042236
0.1873931885
0.0468444824
0.4684906006
0.1405487061
-0.0937042236
0.0000000000
0.0205535889
-0.0102691650
0.0308227539
-0.0102691650
-0.0205535889
-0.0308227539
-0.9966125488
-0.0205535889
-0.3763580322
-0.2509002686
-0.6272583008
-0.2509002686
-0.2509002686
0.3763580322
0.0627288818
0.0000000000
0.0000000000
0.9914245605
-0.0283203125
0.0000000000
0.0000000000
-0.0424957275
-0.0283203125
-0.0849761963
-0.1034240723
0.1034240723
0.0000000000
-0.1034240723
0.0000000000
0.2068481445
-0.1034240723
-0.7239532471
0.0947570801
-0.1895141602
-0.1895141602
-0.0947570801
0.1895141602
-0.6633148193
-0.2842712402
0.1895141602
0.3856506348
0.5784606934
0.6170349121
0.0385589600
0.0771331787
0.2699432373
-0.0771331787
0.0385589600
0.2110137939
-0.2110137939
-0.3376159668
-0.2954101562
0.0000000000
-0.5908203125
0.5486297607
-0.0422058105
0.0000000000
0.0000000000
-0.5953521729
-0.2381439209
-0.1190643311
0.0000000000
0.0000000000
0.0000000000
0.8717956543
0.0348663330
0.0697479248
-0.1743621826
-0.1046142578
-0.0348663330
-0.3835906982
0.0697479248
-0.0985565186
-0.0591278076
0.9657897949
0.0000000000
-0.0197143555
-0.0591278076
-0.0788421631
-0.1773834229
-0.2474365234
0.0000000000
-0.1237182617
0.1237182617
-0.1237182617
0.0000000000
0.2474365234
0.1237182617
-0.0419616699
-0.0839385986
0.0419616699
-0.9862365723
-0.0419616699
0.0209808350
0.0000000000
0.0209808350
-0.1340484619
0.9766082764
-0.0191497803
-0.0191497803
0.0574493408
0.0000000000
-0.0574493408
0.0957489014
-0.4736480713
0.4457855225
0.0557250977
0.3621978760
0.2786102295
-0.3064727783
0.3900604248
0.3064727783
-0.0277709961
0.1665954590
0.8884735107
-0.0832977295
-0.0277709961
-0.1943511963
-0.0277709961
-0.3331756592
-0.0455627441
-0.4101257324
0.0000000000
0.0000000000
-0.6379699707
-0.3189849854
-0.0455627441
-0.5012664795
0.0168609619
-0.0337066650
-0.0337066650
0.9775848389
0.1516876221
0.0505676270
-0.0674133301
-0.0505676270
0.0508880615
0.9923553467
-0.0381622314
-0.0508880615
0.0508880615
0.0000000000
0.0254516602
-0.0127258301
0.4840698242
0.1008453369
0.6252593994
0.0201721191
0.0403442383
0.5445861816
-0.1815338135
-0.1411895752
0.0853576660
-0.9389495850
-0.0853576660
-0.0569000244
0.0853576660
-0.2560729980
0.0284576416
0.0284576416
0.6008758545
0.3338165283
-0.2002868652
-0.0667572021
-0.2670593262
-0.0667572021
0.4673461914
-0.2002868652
0.0000000000
0.2484588623
0.1242218018
0.2484588623
-0.1242218018
0.3726806641
0.1242218018
0.0000000000
0.1159973145
-0.2320098877
0.3480072021
0.0000000000
-0.3480072021
-0.2320098877
0.2320098877
-0.2320098877
-0.0993194580
0.9807739258
-0.0993194580
0.0372467041
0.0372467041
0.0868988037
-0.0496520996
0.0248260498
0.0477905273
0.0318603516
-0.5097961426
0.7487640381
0.1433868408
-0.0637207031
0.0955810547
-0.3664245605
-0.1654510498
0.0413665771
-0.0413665771
0.1240844727
-0.9100036621
-0.0827331543
-0.2481842041
-0.0413665771
0.2874755859
0.5030822754
0.2156066895
0.0000000000
-0.1437377930
-0.5749664307
-0.2156066895
-0.2156066895
-0.2219390869
-0.5178527832
-0.4438781738
0.2219390869
0.4438781738
0.2219390869
0.0000000000
0.0739746094
0.1682586670
-0.0560913086
0.2243499756
0.6730346680
0.0000000000
0.1682586670
-0.2804260254
-0.5047760010
0.8832550049
0.0000000000
0.0456848145
0.1065979004
-0.1979675293
0.1218261719
-0.3654785156
0.1065979004
-0.0763244629
-0.0763244629
0.9617462158
0.2289886475
0.0152587891
-0.0152587891
0.0305328369
0.0457916260
-0.6990661621
0.1075439453
0.2151031494
0.2151031494
0.4839630127
0.2688751221
-0.0537719727
0.0537719727
-0.0135498047
0.0948486328
0.0677490234
0.0135498047
0.0270996094
0.0135498047
-0.9891967773
-0.0270996094
-0.3962097168
-0.2476348877
-0.6933746338
-0.2971649170
-0.2476348877
0.2476348877
0.0000000000
-0.0990600586
-0.0339660645
0.9678955078
-0.1528320312
0.0169830322
-0.0339660645
-0.0848999023
-0.1018829346
-0.1018829346
0.0000000000
0.3607788086
-0.2405242920
0.0000000000
0.1202545166
0.2405242920
-0.1202545166
-0.3607788086
0.0000000000
-0.2295379639
-0.2295379639
-0.2295379639
0.2295379639
-0.4590759277
0.2295379639
0.1147766113
0.3927764893
0.5355987549
0.5713043213
0.1071166992
0.1785278320
0.2142333984
-0.2856445312
0.1428222656
0.4347076416
-0.2415008545
-0.2415008545
-0.0482940674
0.0966033936
-0.5796051025
0.4830017090
-0.1932067871
0.1150360107
0.0000000000
0.1150360107
-0.1150360107
-0.2300720215
0.0000000000
0.0000000000
0.0000000000
0.8226013184
0.0530700684
-0.2122802734
-0.3184204102
-0.2653503418
0.0796051025
-0.2388153076
0.1326751709
-0.0292053223
-0.0584106445
0.9054260254
0.0000000000
-0.0584106445
-0.1460418701
-0.2336578369
-0.2628631592
-0.2484588623
-0.1242218018
0.0000000000
0.3726806641
0.0000000000
0.1242218018
0.1242218018
0.2484588623
-0.0234832764
-0.0704345703
0.0469512939
-0.9860839844
0.0234832764
-0.0234832764
-0.0234832764
-0.0234832764
-0.1753540039
0.9547271729
0.0584564209
-0.0194854736
0.0974273682
0.0000000000
-0.1363830566
0.1169128418
-0.5035705566
0.5035705566
0.1342773438
0.3021392822
0.1678619385
-0.3021392822
0.3692779541
0.3021392822
0.0000000000
0.3153381348
0.7883300781
0.0262756348
0.0788269043
-0.2102203369
0.0788269043
-0.4467163086
0.2087707520
-0.6263275146
-0.1391906738
-0.1391906738
-0.4871520996
0.0000000000
0.0695953369
-0.3479614258
-0.0166625977
0.0000000000
-0.1000061035
0.9833221436
0.1000061035
0.0166625977
-0.0333404541
-0.0500030518
0.0733489990
0.9902343750
-0.0122222900
-0.0733489990
0.0489044189
-0.0122222900
0.0244445801
-0.0244445801
0.4341583252
0.0766143799
0.7406311035
0.0000000000
-0.0255432129
0.4341583252
-0.1532287598
-0.1532287598
0.0628051758
-0.9419860840
-0.0941925049
-0.1569976807
0.0628051758
-0.1884002686
0.0000000000
-0.0628051758
0.5667572021
0.3778381348
-0.2518920898
0.1259460449
0.1889190674
0.0000000000
0.5037841797
0.1889190674
0.0000000000
0.1199951172
-0.1199951172
0.1199951172
0.1199951172
0.2400054932
0.1199951172
0.0000000000
0.0000000000
0.3535461426
0.2357025146
-0.1178436279
-0.3535461426
-0.1178436279
0.2357025146
-0.2357025146
-0.0765533447
0.9824981689
-0.0765533447
0.0255126953
0.0255126953
0.0765533447
-0.0893249512
0.0510406494
0.0246276855
-0.0246276855
-0.5417480469
0.7879791260
0.0738677979
0.0246276855
0.0984954834
-0.2216186523
0.0000000000
-0.0950012207
-0.0950012207
0.1583251953
-0.8233184814
-0.2216644287
-0.4433288574
-0.0316619873
0.3460845947
0.5191192627
0.0865173340
0.0000000000
0.4326019287
-0.0865173340
-0.3460845947
-0.1730346680
-0.0773925781
-0.3869934082
-0.5417938232
0.2321929932
0.3869934082
0.3096008301
-0.1548004150
0.1548004150
0.1717987061
-0.1717987061
0.4294891357
0.6012725830
0.0858917236
-0.0858917236
-0.0858917236
-0.3435821533
0.8522186279
-0.0568084717
-0.0284118652
0.1988525391
-0.0852203369
0.1704406738
-0.3408813477
0.2272644043
-0.0373382568
-0.0560150146
0.9709777832
0.1867218018
0.0560150146
0.0560150146
0.0000000000
-0.0186767578
-0.5923767090
0.1615600586
0.3231201172
0.1615600586
0.5385284424
0.3231201172
-0.0538482666
0.0000000000
-0.0957794189
0.1724090576
0.1532440186
0.0574645996
0.0191497803
0.0574645996
-0.9578094482
-0.0383148193
-0.3853454590
-0.1284484863
-0.8134918213
-0.2140808105
-0.1712646484
0.1712646484
0.0856323242
-0.0428161621
-0.0339050293
0.9323272705
-0.3051300049
0.0339050293
-0.0169525146
-0.0678100586
-0.1186523438
-0.0847625732
-0.1242218018
0.3726806641
-0.1242218018
0.2484588623
0.0000000000
-0.1242218018
0.0000000000
-0.2484588623
-0.1999969482
-0.1000061035
0.1000061035
-0.1000061035
-0.1999969482
0.3999938965
0.6000061035
-0.1000061035
0.3367156982
0.4285430908
0.5203704834
0.3061065674
0.2142791748
0.3061065674
-0.3673248291
0.1836547852
0.5555419922
-0.1851806641
-0.1388854980
0.0000000000
0.0925903320
-0.6944274902
0.0000000000
-0.2777709961
-0.1123352051
0.1123352051
0.6740112305
-0.1123352051
0.0000000000
0.0000000000
0.1123352051
-0.1123352051
0.7610626221
-0.0245513916
-0.3191528320
-0.2700500488
-0.4173583984
0.1718444824
-0.0245513916
0.1473083496
0.0000000000
-0.0513153076
0.7697448730
-0.1026306152
-0.2052612305
-0.0513153076
-0.4105377197
-0.3079071045
-0.1113433838
0.0000000000
0.0000000000
0.2226867676
0.0000000000
0.0000000000
0.0000000000
0.1113433838
-0.0492858887
-0.0492858887
0.0000000000
-0.9855804443
-0.0246429443
-0.0492858887
0.0246429443
-0.0246429443
-0.1440124512
0.9720458984
0.0540008545
-0.0359954834
0.1080017090
0.0000000000
-0.0720062256
0.0540008545
-0.4136047363
0.4825286865
0.0689392090
0.1378631592
0.0689392090
-0.3446655273
0.4136047363
0.3446655273
0.0435028076
0.4349822998
0.3914794922
0.1739959717
0.3044891357
-0.4784851074
0.3479919434
-0.3479919434
0.2184143066
-0.5824584961
0.0000000000
-0.2912292480
-0.2912292480
0.2912292480
0.2184143066
-0.3640289307
-0.0607757568
0.0000000000
-0.0303955078
0.9876861572
0.0607757568
0.0303955078
0.0455780029
-0.0759735107
0.0549468994
0.9890899658
-0.0137329102
-0.0824279785
0.0549468994
-0.0412139893
0.0137329102
-0.0274810791
0.2519836426
-0.0503997803
0.8567657471
-0.2015838623
-0.2015838623
0.1511993408
-0.0503997803
0.1007995605
-0.0689086914
-0.8958435059
-0.0689086914
-0.2067413330
0.1033630371
-0.2756500244
0.0344543457
-0.1378173828
0.6894378662
0.1723632812
-0.1723632812
0.0000000000
0.5170745850
0.0574493408
0.0574493408
0.2872619629
0.0000000000
0.0000000000
0.0000000000
0.0000000000
-0.0911560059
0.0911560059
0.0911560059
0.0000000000
0.1216278076
0.2432556152
0.1216278076
0.1216278076
-0.1216278076
0.1216278076
-0.1216278076
0.0000000000
-0.0138854980
0.9855346680
-0.0693969727
0.0277557373
0.0138854980
0.0693969727
-0.0832824707
0.0693969727
0.0961608887
-0.1282196045
-0.4487609863
0.8334045410
-0.0961608887
0.0320587158
0.1602630615
-0.0961608887
-0.1575775146
-0.1181793213
-0.0787811279
0.1969604492
-0.6696777344
-0.3939208984
-0.5121002197
0.0000000000
-0.0829620361
0.6636657715
-0.1659088135
-0.0829620361
0.4977416992
0.1659088135
0.0000000000
0.0829620361
0.1479644775
-0.1479644775
-0.7397918701
0.2959136963
0.2219390869
0.2959136963
0.0000000000
0.0000000000
0.0000000000
0.0000000000
0.4116668701
0.4116668701
0.0000000000
-0.4116668701
0.1029205322
0.3087463379
0.8219451904
-0.1826629639
-0.0456695557
0.1369934082
0.2739868164
0.2739868164
-0.1369934082
0.1826629639
-0.0234375000
-0.0234375000
0.9610137939
0.0937652588
0.0468750000
0.1640777588
0.0000000000
-0.1406402588
-0.6016693115
0.2256317139
0.3008422852
0.0000000000
0.5264587402
0.1504211426
-0.0752105713
0.0000000000
-0.1108398438
0.0886688232
0.2216644287
0.0443267822
-0.0221710205
0.0443267822
-0.9531707764
-0.0443267822
-0.4757843018
-0.0432586670
-0.7785644531
-0.1730194092
-0.0865020752
0.1730194092
0.1730194092
-0.0865020752
-0.0172424316
0.9314422607
-0.3277282715
0.0172424316
-0.0517425537
-0.0690002441
-0.0690002441
-0.0517425537
-0.2474365234
0.1237182617
0.0000000000
0.2474365234
-0.1237182617
-0.1237182617
-0.1237182617
0.0000000000
-0.0700988770
0.0700988770
0.2102966309
-0.0700988770
-0.2102966309
0.5607910156
0.6308898926
-0.1401977539
0.3681488037
0.4733276367
0.4733276367
0.3155517578
0.1577758789
0.3681488037
-0.3418426514
0.1314849854
0.4705200195
-0.0723876953
-0.0723876953
-0.1447753906
0.0361938477
-0.7238769531
-0.3981323242
-0.1447753906
-0.1190643311
0.1190643311
0.4762878418
0.0000000000
0.1190643311
0.1190643311
0.1190643311
-0.3572082520
0.6502685547
-0.1625671387
-0.3251342773
-0.1625671387
-0.5689849854
0.1625671387
0.1354675293
0.1625671387
-0.0780944824
-0.3904724121
-0.0780944824
-0.1561889648
-0.2342834473
0.3123779297
-0.3904724121
-0.5466613770
-0.1064758301
-0.1064758301
0.0000000000
0.1064758301
0.0000000000
-0.1064758301
0.1064758301
0.0000000000
-0.0611572266
0.0000000000
0.0000000000
-0.9786071777
-0.0611572266
-0.0305786133
0.0611572266
0.0000000000
-0.1225585938
0.9804840088
0.0700378418
-0.0350189209
0.0700378418
-0.0350189209
0.0175018311
0.0350189209
-0.1159973145
0.2320098877
0.0000000000
0.0000000000
0.1159973145
-0.2320098877
0.4640045166
0.3480072021
0.0536193848
0.3753356934
-0.2680969238
0.3217163086
0.4289550781
-0.5361938477
0.3217163086
0.1072387695
0.2308349609
-0.4616851807
-0.0769500732
-0.2308349609
0.0000000000
0.6155700684
0.0000000000
-0.3077850342
-0.0594787598
0.0000000000
-0.0594787598
0.9814605713
0.0892181396
0.0743560791
0.0594787598
-0.0743560791
0.0983276367
0.9832153320
-0.0393218994
-0.0786590576
0.0000000000
0.0000000000
0.0589904785
0.0000000000
-0.1746673584
-0.1164550781
0.6986999512
-0.3493499756
-0.2328948975
-0.1164550781
0.0000000000
0.4075775146
-0.1192016602
-0.9138641357
-0.0794677734
-0.1192016602
0.0794677734
-0.2384033203
0.0397338867
-0.1192016602
0.9013214111
0.0360565186
-0.0721130371
0.1081542969
0.2523651123
0.2163238525
-0.0721130371
0.1081542969
0.0000000000
0.0000000000
0.0000000000
0.0000000000
0.0000000000
0.0785675049
0.0785675049
0.0000000000
0.0000000000
0.1237182617
0.1237182617
0.1237182617
0.0000000000
0.3711547852
0.0000000000
0.0000000000
0.0263061523
0.9865875244
-0.0657653809
0.0526123047
0.0000000000
0.1052398682
-0.0263061523
0.0394592285
0.0000000000
-0.0875091553
-0.2917022705
0.9042816162
-0.2041931152
0.0583343506
0.1166839600
0.0583343506
-0.1178131104
-0.1963500977
0.0392761230
0.1178131104
-0.8246917725
-0.1178131104
-0.4319763184
0.0392761230
-0.4379882812
0.3649902344
-0.2919921875
0.0000000000
0.4379882812
-0.3649902344
0.0000000000
0.2919921875
0.4228363037
-0.0604095459
-0.4832458496
0.1812133789
0.0604095459
0.6040496826
0.0604095459
-0.2416229248
0.1009521484
0.3028411865
0.3028411865
0.1009521484
-0.1009521484
-0.3028411865
0.4037933350
0.4037933350
0.6140594482
-0.1674652100
-0.0558166504
0.0558166504
0.5582427979
0.2232971191
0.3349456787
0.1116485596
0.0256042480
0.0000000000
0.9471130371
0.0256042480
0.0256042480
0.2047729492
-0.0767974854
-0.1791839600
-0.4566192627
0.0000000000
0.2283172607
-0.3424682617
0.2283172607
0.1141510010
0.0000000000
-0.2283172607
-0.0464172363
0.0000000000
0.2553253174
0.0464172363
-0.0696258545
0.0464172363
-0.9516448975
-0.0232086182
-0.4550018311
0.0413665771
-0.7031860352
-0.2481842041
0.0413665771
0.3309173584
0.2481842041
-0.0827331543
-0.0448455811
0.8968658447
-0.3811645508
0.0224151611
-0.0672607422
-0.1569519043
-0.0224151611
-0.0448455811
-0.0911560059
0.0000000000
-0.0911560059
0.0911560059
0.0000000000
0.0000000000
0.0000000000
0.0000000000
-0.1123504639
0.1685180664
0.3370513916
-0.0561676025
-0.1685180664
0.6179199219
0.5617370605
-0.1123504639
0.3336944580
0.4767150879
0.4051971436
0.3098602295
0.1668548584
0.4767150879
-0.2860260010
0.2145233154
0.3694000244
-0.0615692139
0.0615692139
-0.2770538330
-0.0307769775
-0.6772460938
-0.5233306885
-0.1231384277
-0.1199951172
-0.1199951172
0.2400054932
0.0000000000
0.0000000000
-0.1199951172
0.1199951172
-0.1199951172
0.5466156006
-0.1726074219
-0.3164672852
-0.0287628174
-0.6904602051
0.2013854980
0.1150817871
0.1150817871
0.0622406006
-0.4356842041
-0.5601654053
-0.2489624023
-0.0622406006
0.1244812012
-0.1867218018
-0.4979248047
0.0000000000
0.0000000000
0.0000000000
0.0000000000
0.0000000000
-0.0785675049
-0.0785675049
0.0000000000
0.0294799805
-0.0294799805
0.0000000000
-0.9730224609
0.0294799805
0.0000000000
0.1474304199
-0.0294799805
-0.1068115234
0.9791717529
0.0712127686
0.0355987549
0.0712127686
-0.0712127686
0.0534057617
-0.0178070068
0.1196746826
-0.1196746826
0.0000000000
0.0000000000
0.0000000000
-0.1196746826
0.5983581543
0.1196746826
0.0962677002
0.0000000000
-0.7701263428
0.2406616211
0.2406616211
-0.2887878418
0.0962677002
0.3369293213
0.4023742676
-0.2682495117
-0.1341247559
-0.2682495117
0.2682495117
0.6035614014
-0.1341247559
-0.2682495117
-0.0724334717
-0.0289764404
-0.0724334717
0.9851837158
0.0289764404
0.0434570312
0.0724334717
-0.0579528809
0.1145629883
0.9737548828
-0.0381927490
0.0763702393
-0.0572814941
0.0763702393
0.0954589844
0.0381927490
-0.3036804199
-0.1822052002
0.6681060791
-0.3036804199
-0.1214752197
-0.0607299805
-0.1214752197
0.4251556396
0.0000000000
-0.8390960693
-0.1525573730
-0.1525573730
-0.1525573730
-0.1525573730
0.0762786865
0.0000000000
0.9359283447
0.0000000000
0.0000000000
0.2268981934
0.0567169189
0.1985321045
-0.0567169189
0.0283660889
-0.3726806641
0.2484588623
0.1242218018
0.2484588623
0.0000000000
0.1242218018
0.0000000000
0.1242218018
0.2810821533
-0.2108154297
-0.2810821533
-0.2108154297
-0.2108154297
-0.4918975830
0.3513488770
-0.4216156006
-0.0787811279
0.9904479980
-0.0337677002
-0.0112609863
0.0787811279
-0.0337677002
0.0000000000
0.0112609863
0.0126647949
-0.0126647949
-0.4937438965
0.7469482422
0.0632934570
-0.1139373779
0.2025604248
-0.3671417236
-0.3846435547
0.4273681641
0.0000000000
0.2564239502
0.5128479004
-0.0427398682
0.5128479004
-0.1282196045
0.1030273438
0.2060699463
0.3348541260
0.0772705078
0.1545562744
-0.8757781982
0.0772705078
-0.1030273438
0.4133911133
0.0000000000
-0.1653594971
0.2480316162
-0.4133911133
-0.2480316162
-0.1653594971
0.4960784912
0.0851593018
-0.0851593018
-0.1703338623
0.5535736084
0.2554931641
0.1277465820
-0.2129058838
-0.6813201904
0.9096679688
0.0108337402
0.0649719238
0.0758056641
-0.1624450684
0.1082916260
-0.3465423584
0.0216522217
0.0446014404
-0.1784057617
0.9254760742
0.3122100830
0.0334472656
-0.0223083496
-0.0780487061
0.0223083496
-0.8110504150
0.1737976074
-0.0579376221
-0.0579376221
0.4055175781
-0.0579376221
-0.1158599854
0.1158599854
-0.0346374512
-0.0577392578
-0.0230865479
0.0346374512
0.0461883545
0.0000000000
-0.9930419922
-0.0346374512
-0.6921691895
-0.1730346680
-0.2595672607
-0.1730346680
-0.2595672607
0.1730346680
0.1730346680
0.0865173340
-0.0249633789
0.9858856201
-0.1372680664
0.0249633789
0.0000000000
-0.0374450684
0.0124816895
-0.0374450684
-0.0713195801
-0.1426544189
0.0000000000
-0.2139739990
0.0000000000
-0.1426544189
-0.0713195801
-0.8558959961
-0.0669097900
-0.4014739990
-0.0669097900
-0.0669097900
-0.0669097900
-0.4683837891
-0.6691284180
0.0669097900
0.3166656494
0.4116668701
0.6333160400
0.0316619873
0.0950012207
0.4433288574
-0.0950012207
0.2849884033
0.0385131836
-0.0770111084
-0.5005950928
-0.1925354004
0.0385131836
-0.3465576172
0.7316436768
0.0000000000
0.0000000000
0.0000000000
-0.6033630371
0.0000000000
-0.2262573242
-0.1508331299
-0.0754241943
0.6033630371
0.8458099365
-0.2819366455
0.1611022949
-0.1208343506
-0.0402832031
0.0000000000
-0.3222198486
-0.0805511475
-0.2089233398
0.0000000000
0.9401702881
0.0000000000
-0.1566925049
0.1566925049
0.0261230469
-0.0261230469
-0.2428131104
-0.2428131104
-0.2428131104
0.0000000000
0.1213989258
0.2428131104
0.0000000000
0.3642120361
-0.0178680420
-0.0357360840
-0.0536193848
-0.9829101562
-0.0893554688
-0.0536193848
-0.0178680420
0.0893554688
-0.0443267822
0.9750976562
-0.0664825439
0.1108093262
0.0443267822
0.0221557617
0.0000000000
0.1108093262
-0.5453948975
0.4581298828
0.0872650146
0.4145050049
0.2617950439
-0.2835998535
0.2835998535
0.2617950439
-0.1644744873
-0.1644744873
0.8634948730
0.0000000000
-0.2055969238
-0.1233520508
-0.2467041016
-0.1644744873
0.0731658936
-0.1097412109
-0.0731658936
-0.2194824219
-0.7315826416
-0.2194824219
0.0365753174
-0.5486907959
0.0000000000
-0.0790557861
0.0592956543
0.9684295654
0.0988159180
0.1185760498
-0.0988159180
-0.0790557861
0.0345611572
0.9505310059
-0.0518493652
-0.1036987305
0.1555480957
-0.2073822021
0.0691223145
0.0172882080
0.6213836670
0.1714172363
0.3428344727
0.1285552979
0.1714172363
0.5999603271
-0.0214233398
-0.2142639160
0.0000000000
-0.9535369873
-0.0752716064
-0.0501861572
0.0752716064
-0.1756439209
-0.1003723145
0.1254577637
0.7608032227
0.3043212891
-0.3550415039
-0.2536010742
0.2028808594
-0.0507202148
0.1014404297
0.0000000000
-0.1249389648
0.3748321533
0.1249389648
0.1249389648
0.0000000000
0.0000000000
-0.2498779297
0.1249389648
0.1887054443
-0.2830657959
0.0943603516
-0.1887054443
-0.2830657959
-0.4717712402
0.3774108887
-0.2830657959
-0.1336364746
0.9799499512
-0.1002197266
0.0556793213
0.0222778320
-0.0334014893
-0.0445404053
0.0334014893
0.1451873779
-0.0242004395
-0.5444641113
0.6533508301
0.0847015381
-0.1693878174
0.2540893555
-0.3871765137
-0.3475341797
0.4468383789
-0.1985931396
0.5461273193
0.1489410400
-0.1985931396
0.4468383789
0.0000000000
0.1503906250
0.3308715820
0.3910369873
0.1203155518
0.2406311035
-0.7820739746
0.0300750732
-0.0300750732
0.0943603516
-0.2830657959
-0.3774108887
0.4717712402
0.0000000000
-0.2830657959
-0.0943603516
0.3774108887
0.2228240967
0.0000000000
-0.0891265869
0.5793304443
0.2673797607
0.1782531738
-0.2228240967
-0.6238861084
0.9003601074
0.0000000000
0.0692596436
0.1038818359
-0.1846923828
0.1616058350
-0.3232116699
0.0692596436
-0.0102844238
-0.1131591797
0.9361114502
0.3188934326
0.0308532715
-0.0205688477
-0.0411529541
0.0514373779
-0.8283996582
0.1656799316
0.0552215576
0.1656799316
0.3865814209
0.0552215576
0.0000000000
0.0552215576
0.0373382568
-0.0248870850
-0.0124511719
0.0124511719
0.0248870850
-0.0248870850
-0.9956512451
0.0124511719
-0.7095642090
-0.0591278076
-0.4730377197
-0.2365264893
-0.2956542969
-0.0591278076
-0.0591278076
0.0591278076
-0.0494842529
0.9772491455
-0.1731872559
0.0494842529
-0.0494842529
0.0123748779
-0.0123748779
-0.0494842529
-0.1123352051
0.0000000000
-0.1123352051
-0.1123352051
0.0000000000
-0.1123352051
0.1123352051
-0.6740112305
-0.0669097900
-0.2007446289
-0.1338195801
-0.2007446289
0.0669097900
-0.4683837891
-0.6022186279
0.4014739990
0.3014373779
0.4898223877
0.6782226562
0.0753631592
0.0376739502
0.2637481689
-0.1884002686
0.2260742188
0.2851104736
-0.1425476074
-0.5702209473
0.0356445312
0.1425476074
-0.1781921387
0.6771240234
-0.1425476074
-0.2484588623
0.1242218018
-0.3726806641
0.0000000000
-0.2484588623
-0.1242218018
0.0000000000
0.1242218018
0.8508605957
-0.1361389160
-0.1020965576
-0.3063049316
-0.1020965576
0.1020965576
-0.3063049316
0.0340270996
-0.1178436279
0.1178436279
0.8837890625
-0.1178436279
-0.2651367188
0.2651367188
0.0883789062
-0.0294647217
-0.1228332520
-0.1228332520
-0.1228332520
0.1228332520
0.2456817627
-0.1228332520
0.1228332520
0.1228332520
-0.0194244385
-0.1165771484
-0.0388641357
-0.9714508057
-0.1165771484
-0.0388641357
0.0000000000
0.1165771484
-0.1375732422
0.9629821777
0.0196533203
0.0589599609
0.1179199219
-0.0589599609
-0.0786132812
0.1179199219
-0.5799102783
0.5130004883
0.1561279297
0.3791656494
0.1561279297
-0.2676544189
0.2453460693
0.2453460693
-0.2154693604
-0.1292724609
0.8187561035
0.1292724609
-0.1292724609
-0.2154693604
-0.0861816406
-0.3447418213
0.0000000000
-0.2527618408
-0.0421295166
-0.1685028076
-0.7161560059
-0.1263732910
0.2527618408
-0.5055236816
0.0218200684
-0.0436401367
0.0218200684
0.9601287842
0.1527404785
0.0654602051
-0.1745758057
-0.0436401367
0.0319061279
0.9569702148
-0.0159454346
0.0000000000
0.1435394287
-0.2232971191
0.0637969971
0.0159454346
0.5360412598
0.1286468506
0.6003723145
0.0857696533
0.0857696533
0.5360412598
-0.0857696533
-0.1072082520
-0.0243225098
-0.9483642578
-0.1702117920
-0.0486297607
0.0729522705
-0.1215820312
-0.1215820312
0.1215820312
0.8187561035
0.3016510010
-0.2154693604
-0.2154693604
0.2585601807
0.0000000000
0.1292724609
0.0430908203
0.0000000000
0.2456817627
0.0000000000
0.0000000000
0.1228332520
0.1228332520
-0.1228332520
0.2456817627
0.2855072021
-0.0951690674
0.2855072021
-0.1903381348
-0.3806762695
-0.3806762695
0.1903381348
-0.3806762695
-0.1280822754
0.9734802246
-0.1152801514
0.1024780273
0.0256195068
-0.0384216309
-0.0640411377
0.0256195068
0.2006378174
-0.0534973145
-0.5751800537
0.5751800537
0.0534973145
-0.2541503906
0.2675170898
-0.3879089355
0.0000000000
0.2677154541
-0.5889739990
0.4283447266
-0.4283447266
-0.2677154541
0.2141723633
-0.0535430908
0.3962097168
0.2971649170
0.2971649170
0.1981048584
0.6438446045
-0.2476348877
0.0990600586
0.2476348877
-0.3538970947
-0.3538970947
-0.4423675537
0.4423675537
0.0884704590
-0.2654266357
-0.0884704590
0.0000000000
0.1341247559
-0.0670623779
0.0000000000
0.5364990234
0.2682495117
0.0000000000
-0.1341247559
-0.6706237793
0.8900299072
-0.0503845215
0.0503845215
0.1175537109
-0.1511383057
0.2183074951
-0.3022766113
0.1343383789
-0.0091552734
-0.0824432373
0.9526824951
0.2839660645
0.0000000000
0.0000000000
-0.0091552734
0.0458068848
-0.7212524414
0.2219238281
0.1664428711
0.2219238281
0.4438476562
0.2219238281
-0.0554809570
0.0554809570
0.0516967773
0.0000000000
-0.0258483887
0.0129241943
-0.0129241943
-0.0129241943
-0.9953002930
0.0129241943
-0.6309814453
-0.1892852783
-0.5678710938
-0.0630950928
-0.2523956299
-0.0630950928
-0.1892852783
-0.0630950928
-0.0486145020
0.9722900391
-0.1944580078
0.0486145020
-0.0486145020
0.0486145020
-0.0364532471
-0.0364532471
-0.2357025146
0.3535461426
-0.2357025146
0.2357025146
0.1178436279
0.0000000000
0.1178436279
-0.3535461426
-0.0540924072
-0.0540924072
-0.0540924072
-0.1622619629
0.2163543701
-0.5408782959
-0.4867858887
0.5408782959
0.3440399170
0.5629730225
0.5629730225
0.1563873291
0.0625457764
0.2502136230
-0.2502136230
0.2502136230
0.5558319092
-0.1191101074
-0.5161285400
0.1191101074
0.1588134766
-0.1191101074
0.5161285400
-0.1985015869
0.1250000000
0.0000000000
0.2500000000
-0.1250000000
0.0000000000
0.0000000000
0.1250000000
-0.3750000000
0.7697448730
-0.0274963379
-0.3298950195
-0.3298950195
-0.3023986816
0.1374511719
-0.1649475098
0.1649475098
0.0000000000
0.2156219482
0.6827850342
-0.2874908447
-0.4312286377
0.3593597412
0.2156219482
0.0359344482
-0.1237182617
-0.1237182617
0.0000000000
0.2474365234
0.2474365234
-0.1237182617
0.1237182617
0.0000000000
-0.0548400879
-0.2741851807
0.0548400879
-0.9322204590
-0.1370849609
0.0274200439
0.0548400879
0.0548400879
-0.1778411865
0.9287261963
0.1383209229
0.0197601318
0.1976013184
-0.1383209229
-0.1185607910
0.0395202637
-0.5720367432
0.5118103027
0.1204223633
0.3612823486
0.1204223633
-0.3010711670
0.2408599854
0.2709655762
-0.2039337158
-0.2039337158
0.4588470459
0.4078674316
0.1529541016
-0.4588470459
0.3568725586
-0.3058929443
-0.0572662354
-0.4008636475
-0.0572662354
-0.1145324707
-0.5726470947
-0.0572662354
0.2290649414
-0.5726470947
0.0488281250
-0.0732269287
-0.0488281250
0.9520263672
0.1708831787
0.0732269287
-0.1708831787
0.0244140625
-0.0574493408
0.9621582031
-0.0143585205
0.0574493408
0.0718078613
-0.2154083252
0.0430755615
0.0861663818
0.3739013672
0.0000000000
0.8412780762
-0.0233764648
0.0934753418
0.3271636963
-0.0701141357
0.1168518066
-0.0941925049
-0.9105834961
-0.2825927734
-0.0314025879
0.0000000000
-0.0941925049
-0.1569976807
0.1255950928
0.8440246582
0.2482452393
-0.1489410400
-0.1985931396
0.2482452393
0.0993041992
0.0993041992
0.0496520996
0.1216278076
0.0000000000
-0.1216278076
-0.1216278076
0.2432556152
0.1216278076
-0.1216278076
0.1216278076
0.3535461426
0.1178436279
0.3535461426
-0.1178436279
-0.2357025146
-0.2357025146
0.0000000000
-0.2357025146
-0.0698852539
0.9783935547
-0.1048278809
0.1048278809
0.0524139404
-0.0174713135
-0.0524139404
0.0174713135
0.1600341797
-0.1143188477
-0.5715637207
0.5487060547
-0.0914459229
-0.2972106934
0.3200836182
-0.3429412842
0.1096191406
0.0000000000
-0.5481109619
0.3288726807
-0.6577453613
-0.2192535400
0.0000000000
0.0000000000
0.2489624023
0.0622406006
-0.1867218018
0.0000000000
0.6846466064
0.3112030029
0.1244812012
0.4356842041
-0.2674560547
0.1782989502
-0.5349121094
0.3566131592
-0.2674560547
0.0000000000
-0.0891571045
-0.3566131592
0.1129455566
-0.1129455566
0.0000000000
0.4517517090
0.1129455566
-0.1129455566
-0.2258758545
-0.4517517090
0.8777160645
-0.1950531006
0.0975189209
0.0650177002
0.0000000000
0.2600708008
-0.1950531006
0.1950531006
0.0000000000
-0.0702819824
0.9722442627
0.1991271973
-0.0234222412
0.0702819824
0.0117187500
0.0117187500
-0.6694488525
0.2231445312
0.2231445312
0.2231445312
0.3719177246
0.2231445312
-0.0743865967
0.1487579346
0.0330963135
0.0330963135
0.0165405273
-0.0165405273
-0.0496368408
0.0000000000
-0.9928436279
0.0165405273
-0.6604766846
-0.1467742920
-0.5137023926
0.0000000000
-0.2201538086
0.0733795166
-0.1467742920
-0.1467742920
-0.0481109619
0.9622344971
-0.2405548096
0.0320739746
-0.0320739746
0.0160369873
-0.0481109619
-0.0320739746
-0.1229705811
0.1229705811
0.0000000000
0.2459411621
0.0000000000
0.0000000000
-0.1229705811
-0.4918823242
-0.0741729736
-0.0741729736
0.0000000000
-0.1483612061
0.1483612061
-0.5192565918
-0.3708953857
0.5934448242
0.3146362305
0.5148773193
0.5148773193
0.2574310303
0.0858154297
0.3718566895
-0.2574310303
0.2574310303
0.6144561768
-0.1890563965
-0.3781280518
0.1417999268
0.2835998535
-0.3308563232
0.2835998535
-0.2835998535
0.1229705811
-0.1229705811
0.4918823242
-0.1229705811
0.0000000000
0.0000000000
0.0000000000
-0.2459411621
0.7209930420
-0.0257568359
-0.3347473145
-0.2832489014
-0.4635009766
0.1544952393
0.1029968262
0.1287536621
0.0000000000
0.3370513916
0.4494018555
-0.3932189941
-0.5055694580
0.2808685303
0.2808685303
-0.1123504639
0.0000000000
-0.1113433838
-0.1113433838
0.1113433838
0.1113433838
-0.1113433838
0.0000000000
0.1113433838
-0.1520080566
-0.3040313721
0.1140136719
-0.8740844727
-0.1520080566
0.1900177002
0.0380096436
0.0000000000
-0.1634063721
0.9337310791
0.1634063721
-0.0933685303
0.1400604248
-0.1400604248
-0.0933685303
-0.0233459473
-0.5213928223
0.4055175781
0.0000000000
0.2317199707
0.1737976074
-0.3475952148
0.2896575928
0.4055175781
0.0000000000
0.0000000000
-0.3216705322
0.5054779053
0.3216705322
-0.5054779053
0.4595184326
0.0459594727
0.0000000000
-0.4379882812
-0.0729980469
-0.2189941406
-0.4379882812
0.1459960938
0.1459960938
-0.5839843750
0.0497741699
-0.0995635986
-0.0497741699
0.9707183838
0.0995635986
0.0995635986
-0.0497741699
0.0248870850
-0.0676727295
0.9642944336
0.0000000000
0.0676727295
0.0000000000
-0.2030029297
0.0169219971
0.1015014648
0.2035064697
-0.1356658936
0.8479156494
-0.1695861816
0.0339202881
0.1017456055
-0.0678405762
0.3730773926
-0.1346282959
-0.8526458740
-0.3141326904
-0.0448760986
0.0448760986
-0.2243804932
-0.1346282959
0.1346282959
0.6688690186
0.2058105469
-0.2572631836
-0.3087158203
0.3601684570
0.2572631836
0.1543579102
0.2058105469
0.0000000000
0.0000000000
0.0000000000
0.0000000000
-0.0911560059
0.0911560059
0.0000000000
0.0911560059
0.2498779297
0.0000000000
0.3748321533
-0.1249389648
-0.1249389648
-0.1249389648
0.0000000000
0.1249389648
0.0222320557
0.9784698486
-0.0889587402
0.0889587402
0.0444793701
0.0889587402
0.0222320557
0.0000000000
0.0474853516
-0.1899108887
-0.4747772217
0.6172180176
-0.3323516846
-0.0949554443
0.2848663330
-0.2848663330
0.0587158203
-0.2936096191
-0.5872192383
0.2936096191
-0.4697723389
-0.2936096191
-0.2348937988
-0.0587158203
0.0000000000
-0.1344299316
-0.3360595703
0.2016296387
0.3360595703
0.2688446045
0.2016296387
0.6721191406
0.0000000000
0.6085052490
-0.2281951904
0.1521301270
-0.4563751221
0.0000000000
0.0760650635
-0.3803100586
0.1213989258
0.0000000000
0.4856262207
0.2428131104
-0.2428131104
0.0000000000
-0.1213989258
0.0000000000
0.7617034912
-0.3173828125
0.0000000000
0.0634765625
0.1904296875
0.3808593750
0.0000000000
0.0000000000
0.0407257080
-0.0407257080
0.9775390625
-0.0407257080
-0.0407257080
0.1425628662
-0.0203704834
-0.0610961914
-0.3674163818
0.1224670410
0.1224670410
0.2449493408
0.2449493408
0.0000000000
-0.1224670410
0.2449493408
-0.0637512207
0.0637512207
0.1912536621
0.0000000000
-0.0637512207
0.0637512207
-0.9562377930
0.0000000000
-0.7114410400
-0.1580963135
-0.3952484131
-0.1580963135
-0.2371520996
0.0790557861
0.0790557861
-0.0790557861
-0.0477447510
0.9309082031
-0.3341674805
0.0000000000
0.0000000000
-0.0238647461
0.0238647461
0.0000000000
0.0000000000
0.0785675049
0.0000000000
0.0000000000
0.0000000000
0.0000000000
0.0000000000
-0.0785675049
-0.1166229248
-0.3498535156
0.0000000000
-0.1166229248
-0.1166229248
-0.3498535156
-0.2332305908
0.3498535156
0.2170257568
0.5063934326
0.5425567627
0.2170257568
0.1085052490
0.4702148438
-0.1808471680
0.2170257568
0.4249114990
-0.1888580322
-0.2360687256
0.0000000000
0.1888580322
-0.7081909180
-0.0944213867
-0.3304901123
-0.1216278076
-0.1216278076
0.2432556152
0.0000000000
0.0000000000
0.0000000000
0.0000000000
-0.2432556152
0.6395721436
-0.0581359863
-0.3488616943
-0.1744232178
-0.5523529053
0.1453552246
0.2616424561
0.1162872314
-0.2595672607
0.3460845947
-0.3460845947
-0.3460845947
-0.3460845947
-0.0865173340
0.2595672607
-0.3460845947
-0.1150360107
-0.1150360107
0.0000000000
0.1150360107
-0.1150360107
-0.1150360107
0.1150360107
0.1150360107
-0.1064758301
-0.2662048340
0.0532379150
-0.8518371582
-0.1064758301
0.2662048340
0.0532379150
0.1064758301
-0.1515045166
0.9392852783
0.1515045166
-0.1817932129
0.0000000000
-0.0908966064
0.0000000000
0.0303039551
-0.3165283203
0.2110137939
-0.1055145264
0.1055145264
0.2110137939
-0.3165283203
0.3165283203
0.4220428467
0.1567230225
0.0783538818
-0.7836151123
0.3134460449
0.1959075928
-0.2742614746
0.1959075928
0.2350769043
0.1605834961
-0.3211669922
-0.1605834961
-0.3211669922
-0.0802917480
0.3211669922
0.0000000000
-0.6423339844
0.0000000000
-0.0485839844
-0.1457672119
0.9718170166
0.0485839844
0.0728912354
0.0728912354
0.0000000000
0.0215454102
0.9697875977
0.0215454102
0.1077575684
-0.0431060791
-0.1077575684
0.0431060791
0.1293029785
0.0611877441
-0.1835632324
0.5506896973
-0.2447509766
-0.0611877441
-0.0611877441
-0.1223754883
0.6730651855
-0.1269531250
-0.8251800537
-0.2539062500
-0.0634765625
0.0000000000
-0.2539062500
0.0000000000
0.1904296875
0.8280029297
0.2299957275
-0.1380004883
-0.0460052490
0.2299957275
0.2760009766
0.0919952393
0.1840057373
0.0000000000
0.0911560059
0.0000000000
0.0000000000
-0.0911560059
0.0000000000
0.0911560059
0.0000000000
0.2459411621
-0.1229705811
0.2459411621
-0.2459411621
0.0000000000
0.3689117432
0.0000000000
0.1229705811
0.0000000000
0.9712371826
-0.0903472900
0.0451812744
0.0000000000
0.1581115723
0.0677642822
-0.0225830078
-0.1262664795
-0.0420837402
-0.2525329590
0.7996978760
-0.3367156982
0.2525329590
0.1683654785
-0.1262664795
0.0000000000
-0.4497680664
-0.5782775879
0.0000000000
-0.3855133057
-0.1927642822
-0.3212585449
-0.1927642822
-0.0718688965
-0.1437377930
-0.2156066895
0.2874755859
0.4312133789
0.1437377930
0.2156066895
0.6468353271
0.3769683838
0.5923767090
0.1077117920
-0.1077117920
-0.4846649170
0.3769683838
0.0000000000
-0.1077117920
0.1199951172
-0.1199951172
0.2400054932
0.1199951172
0.0000000000
0.1199951172
0.0000000000
0.1199951172
0.3181304932
0.0000000000
-0.1060485840
0.1060485840
0.1060485840
0.6362762451
0.2120971680
0.0000000000
0.1347351074
0.0538940430
0.9431304932
-0.1616821289
-0.0269470215
0.1616821289
-0.0808410645
-0.0808410645
0.0911560059
0.0000000000
0.0000000000
0.0000000000
-0.0911560059
0.0000000000
-0.0911560059
0.0000000000
-0.1753234863
0.0876617432
0.3068084717
0.1314849854
0.0876617432
0.2629852295
-0.8327789307
-0.1314849854
-0.5306091309
-0.0663299561
-0.4642791748
-0.3979492188
-0.1989746094
0.1989746094
0.3316345215
0.0663299561
-0.0540161133
0.8641662598
-0.4590911865
0.0270080566
0.0540161133
-0.0540161133
0.0540161133
0.0810089111
0.0785675049
0.0000000000
-0.0785675049
0.0000000000
0.0000000000
0.0000000000
0.0000000000
0.0000000000
0.0000000000
-0.6749725342
0.0000000000
0.0964202881
-0.1928405762
0.2892761230
0.2892761230
0.0000000000
0.1605834961
0.4817657471
0.4817657471
0.3211822510
0.0802917480
0.4817657471
-0.2408752441
0.2408752441
0.2660675049
-0.2217254639
0.0886840820
-0.0886840820
0.1330261230
-0.7982025146
-0.2217254639
-0.3104095459
-0.1000061035
-0.1000061035
0.1000061035
0.0000000000
0.0000000000
0.0000000000
-0.1000061035
0.0000000000
0.5960083008
0.0000000000
-0.3764190674
-0.1568450928
-0.5960083008
0.1568450928
0.2509460449
0.0627441406
-0.2087707520
0.2087707520
-0.7655181885
-0.0695953369
0.0000000000
-0.2783660889
0.0695953369
-0.2783660889
-0.1178436279
-0.1178436279
0.0000000000
0.1178436279
-0.1178436279
-0.2357025146
0.0000000000
0.0000000000
0.0000000000
-0.1617584229
-0.0404357910
-0.9301452637
-0.0808868408
0.1213226318
0.0808868408
0.1617584229
-0.1114654541
0.9288787842
0.1114654541
-0.2229309082
-0.0743103027
0.0371551514
-0.0743103027
0.0743103027
-0.2405242920
0.2405242920
-0.1202545166
0.2405242920
0.1202545166
-0.1202545166
0.3607788086
0.2405242920
0.1860351562
0.0372009277
-0.8557586670
0.1488189697
0.1860351562
-0.1116180420
0.0744171143
0.3348541260
0.1676177979
-0.2514190674
-0.0838012695
-0.4190368652
0.1676177979
0.4190521240
-0.1676177979
-0.5028533936
-0.1071624756
-0.0214385986
-0.1500244141
0.9644317627
-0.0428619385
-0.0214385986
0.1285858154
0.0428619385
0.0557708740
0.9667663574
0.0371856689
0.1301422119
-0.0929565430
-0.0929565430
0.0557708740
0.1115570068
-0.1679992676
-0.2799987793
0.1679992676
-0.2799987793
-0.1119995117
-0.3359832764
-0.1679992676
0.7279815674
-0.1202545166
-0.1202545166
-0.4810485840
0.0000000000
-0.1202545166
0.0000000000
0.0000000000
0.3607788086
0.8980560303
0.1890563965
-0.0472717285
0.1417999268
0.0472717285
0.2363281250
0.0472717285
0.0472717285
-0.2474365234
0.1237182617
0.2474365234
0.1237182617
0.0000000000
0.0000000000
0.1237182617
0.1237182617
0.3969879150
-0.2835540771
-0.1134185791
-0.2835540771
-0.0567169189
-0.5671234131
0.3969879150
-0.2835540771
-0.0748901367
0.9859619141
-0.0624084473
-0.0124816895
0.0249633789
-0.0873565674
-0.0499267578
0.0499267578
0.0603332520
-0.0603332520
-0.4676055908
0.7541961670
0.0301666260
-0.0603332520
0.1659240723
-0.4072723389
-0.1981048584
0.2971649170
-0.4952697754
0.1981048584
0.2476348877
0.0990600586
0.6438446045
-0.1485748291
0.1675567627
0.1117095947
0.1675567627
0.0000000000
0.4188995361
-0.8377990723
-0.1675567627
0.0279235840
0.4053344727
0.0810699463
-0.3242645264
0.3242645264
-0.4053344727
-0.2431945801
0.0810699463
0.4053344727
0.1832275391
-0.1221466064
-0.2442932129
0.6107482910
0.0000000000
0.2442932129
-0.1832275391
-0.5496673584
0.9554901123
0.0000000000
0.0582580566
0.0815734863
-0.1281738281
0.0815734863
-0.2213897705
0.0233001709
0.0729980469
-0.1094818115
0.9367218018
0.3041381836
0.0000000000
0.0364990234
-0.0364990234
0.0729980469
-0.5879974365
-0.3919982910
-0.0653381348
0.1306610107
0.0653381348
0.1306610107
-0.4573364258
0.3266754150
-0.0469207764
0.0156402588
-0.0469207764
0.0938415527
0.1720428467
0.0938415527
-0.9696960449
0.0000000000
-0.5434112549
0.0776367188
0.6210327148
0.1552581787
0.0776367188
-0.1552581787
-0.2328948975
0.0000000000
-0.0134124756
0.9791717529
-0.1743774414
0.0536499023
-0.0402374268
-0.0134124756
0.0000000000
-0.0134124756
0.0448303223
-0.0448303223
-0.0448303223
-0.1793212891
0.0000000000
-0.0896606445
0.0448303223
-0.9414520264
-0.2431945801
-0.1621246338
0.0810699463
0.0810699463
-0.2431945801
-0.2431945801
-0.4863891602
0.5674591064
0.2304840088
0.2765808105
0.6914672852
0.0000000000
0.0000000000
0.4609832764
-0.1843872070
0.2765808105
0.4487609863
-0.0897521973
-0.6282653809
-0.1346282959
-0.0448760986
-0.4038848877
0.3590087891
-0.1346282959
0.1249389648
-0.1249389648
-0.2498779297
0.1249389648
0.0000000000
0.1249389648
0.0000000000
0.3748321533
0.8440856934
-0.3094940186
-0.1688232422
0.1406860352
-0.1969451904
0.2250823975
0.1688232422
0.0000000000
-0.1137695312
0.2275390625
0.5403900146
-0.0284423828
-0.4835052490
0.1990966797
0.5119476318
0.2844085693
-0.1234283447
-0.1234283447
-0.1234283447
0.0000000000
0.3703002930
0.0000000000
-0.1234283447
0.3703002930
0.0000000000
0.0514678955
-0.0514678955
-0.9779663086
-0.1544189453
0.0343170166
-0.0514678955
0.0343170166
-0.1155853271
0.9709472656
0.0231170654
0.0000000000
0.0924682617
0.0462341309
-0.0462341309
0.1155853271
-0.5549316406
0.4482116699
0.0426940918
0.4055328369
0.1707458496
-0.3201599121
0.2988128662
0.2988128662
-0.1682586670
-0.2804260254
0.8412933350
-0.0560913086
-0.2243499756
0.0000000000
-0.1682586670
0.0000000000
0.0482482910
-0.0964813232
-0.0482482910
-0.3859558105
-0.4824371338
-0.1447296143
0.3377075195
-0.6271820068
0.0000000000
0.0000000000
0.1332092285
0.9823760986
-0.0332946777
0.0000000000
-0.0832519531
-0.0166473389
-0.1112213135
0.9119873047
-0.0222473145
0.0222473145
0.0889739990
-0.3336486816
0.1334533691
0.0444946289
0.3214874268
0.0494537354
0.7171630859
-0.0494537354
0.0494537354
0.5935211182
-0.0247344971
-0.0494537354
0.0000000000
-0.9375762939
-0.1814575195
-0.0604858398
-0.0604858398
-0.1209716797
-0.0604858398
0.1814727783
0.8399353027
0.2167510986
-0.2167510986
-0.2167510986
0.3251342773
-0.1083831787
-0.1083831787
0.0270996094
0.1237182617
0.1237182617
0.1237182617
0.0000000000
-0.2474365234
-0.1237182617
0.0000000000
0.2474365234
0.3729400635
-0.2237548828
0.0745849609
-0.1491699219
-0.0745849609
-0.6712799072
0.2237548828
-0.2983398438
-0.0840148926
0.9842376709
-0.0600128174
-0.0120086670
-0.0480041504
-0.0840148926
-0.0720214844
0.0360107422
0.1448974609
-0.0643920898
-0.4668884277
0.7244873047
0.0805053711
-0.1448974609
0.1448974609
-0.4185943604
-0.3656921387
0.2742614746
-0.4571075439
0.2285614014
0.3656921387
-0.2742614746
0.5028228760
0.0000000000
0.4157714844
-0.0462036133
0.0462036133
0.1847839355
0.6467437744
-0.4619598389
-0.2309875488
0.1847839355
0.0000000000
0.1637268066
-0.3274383545
0.3274383545
-0.5730285645
-0.4093017578
0.0818634033
0.1637268066
0.2348937988
0.0587158203
-0.4110565186
0.4110565186
0.0587158203
0.1174468994
-0.2348937988
-0.6459503174
0.9607696533
-0.0157470703
0.1102447510
0.0000000000
-0.1890106201
0.0630035400
-0.1260070801
0.0314941406
0.0321807861
-0.0321807861
0.9547882080
0.2789306641
-0.0429077148
0.0000000000
-0.0107269287
0.0536346436
-0.7481231689
-0.2301940918
0.0000000000
0.2301940918
0.1726379395
0.1726379395
-0.2877349854
0.2877349854
0.0000000000
0.0000000000
-0.0382537842
0.0127563477
0.0637512207
0.0000000000
-0.9944610596
0.0127563477
-0.7740020752
0.0773925781
-0.1548004150
0.0773925781
-0.3869934082
0.0773925781
-0.0773925781
0.0000000000
-0.0218048096
0.9922943115
-0.0763244629
0.0109100342
-0.0436248779
0.0545196533
-0.0109100342
0.0109100342
0.0000000000
0.0000000000
-0.1154785156
-0.0577392578
0.1154785156
-0.0577392578
0.0577392578
-0.9238281250
-0.1467742920
0.0000000000
0.0733795166
0.0000000000
-0.0733795166
-0.2935485840
-0.6604766846
0.5137023926
0.3597412109
0.4496765137
0.5845642090
0.1798706055
-0.0899353027
0.3597412109
-0.1349029541
0.2698059082
0.6141967773
-0.1637878418
-0.4504089355
-0.0409393311
0.0818939209
-0.4094543457
0.3685150146
-0.1637878418
0.0000000000
-0.1216278076
0.0000000000
0.2432556152
0.0000000000
0.0000000000
0.1216278076
-0.2432556152
0.8985595703
-0.2042236328
-0.0408477783
0.0408477783
-0.2450561523
0.0816802979
0.1633758545
0.0000000000
-0.0535278320
0.2676239014
0.7225952148
0.0535278320
-0.2408599854
0.2408599854
0.3479156494
0.3746795654
-0.3674163818
-0.1224670410
-0.1224670410
0.0000000000
0.2449493408
-0.2449493408
-0.1224670410
0.2449493408
-0.0175018311
-0.0350189209
-0.0175018311
-0.9629821777
-0.2276153564
0.0350189209
0.0175018311
0.0875396729
-0.1994323730
0.9573059082
0.0398864746
-0.0997161865
0.0797729492
-0.0398864746
-0.0398864746
0.0997161865
-0.6139373779
0.4604492188
-0.0511627197
0.3837127686
0.1278991699
-0.2813873291
0.2558135986
0.2813873291
-0.2797088623
-0.5594329834
0.4895019531
0.0699310303
-0.1398620605
-0.4195709229
0.0699310303
0.0000000000
-0.2324981689
-0.2324981689
0.0000000000
-0.0581207275
-0.1743774414
-0.3487548828
0.4650115967
-0.6393890381
0.0187683105
-0.0187683105
0.1313476562
0.9757537842
0.0750579834
0.0000000000
-0.1125793457
-0.0187683105
-0.2064514160
0.8877563477
0.0206451416
0.1858062744
-0.0206451416
-0.2683868408
0.1445159912
0.1651611328
0.3460235596
0.0461425781
0.7381896973
-0.0461425781
0.0461425781
0.5536499023
-0.0691986084
0.0230712891
-0.0575103760
-0.8339538574
-0.3163299561
-0.0575103760
-0.0287628174
-0.2012939453
-0.1725463867
0.3163299561
0.8154144287
0.2038574219
-0.2038574219
-0.2038574219
0.3737335205
-0.0679473877
-0.1019287109
0.1358947754
0.0000000000
0.0000000000
0.1000061035
-0.1000061035
0.0000000000
0.1000061035
0.0000000000
0.1000061035
0.2705993652
-0.1804046631
0.1804046631
-0.0901947021
-0.0901947021
-0.7216033936
0.0901947021
-0.1804046631
-0.0702972412
0.9840545654
-0.0421752930
0.0281219482
-0.0702972412
-0.0984039307
-0.0562286377
0.0000000000
0.1628875732
-0.0542907715
-0.4524536133
0.7239227295
0.0361938477
-0.2352752686
0.1266784668
-0.3981628418
-0.1494903564
0.1494903564
-0.6478271484
0.1494903564
0.3488311768
-0.0996704102
0.5481567383
0.0000000000
0.3705902100
-0.2647094727
-0.2117614746
0.2647094727
0.5294189453
0.3176422119
-0.1588287354
0.4235229492
0.0535430908
0.4818878174
-0.1070861816
-0.1606292725
-0.7496032715
0.0000000000
0.0000000000
0.2677154541
0.1919708252
-0.1279754639
-0.2559661865
0.3199462891
0.1279754639
0.0000000000
-0.1919708252
-0.7678833008
0.9604797363
-0.0554199219
0.1108245850
-0.0554199219
-0.2031860352
0.0000000000
-0.0738830566
0.0369415283
0.0428924561
0.0000000000
0.9759521484
0.1930389404
-0.0536193848
0.0428924561
0.0000000000
0.0000000000
-0.7874450684
-0.1312408447
0.1312408447
0.2187347412
0.3499755859
0.1312408447
-0.2187347412
0.2187347412
0.0118560791
-0.0118560791
-0.0237121582
-0.0237121582
-0.0237121582
-0.0355682373
-0.9961242676
0.0000000000
-0.6806945801
0.0000000000
-0.2268981934
0.3025360107
-0.3781585693
-0.2268981934
0.0000000000
0.0756378174
-0.0376739502
0.9921569824
-0.0251159668
-0.0251159668
0.0000000000
0.0879058838
0.0000000000
0.0125579834
-0.0726165771
0.0726165771
-0.0726165771
0.0000000000
0.1452331543
0.0726165771
0.1452331543
-0.8713989258
-0.0639953613
0.1279754639
0.0000000000
0.0000000000
0.0639953613
-0.3199462891
-0.7678833008
0.3839416504
0.4154510498
0.5539245605
0.4500732422
0.3462066650
0.0692443848
0.2769622803
-0.1384887695
0.2423400879
0.6665496826
-0.1333160400
-0.3332824707
0.0333251953
0.1666412354
-0.4999237061
0.3332824707
-0.0333251953
0.2459411621
0.0000000000
-0.1229705811
0.0000000000
0.0000000000
-0.1229705811
0.1229705811
-0.4918823242
0.7791900635
-0.1113128662
-0.1113128662
-0.2968292236
-0.4823455811
0.0371093750
0.0000000000
0.0371093750
0.0000000000
0.2725677490
0.7874298096
0.0908508301
-0.2422790527
0.2422790527
0.2422790527
0.3028564453
-0.1199951172
-0.1199951172
-0.1199951172
0.0000000000
0.1199951172
-0.1199951172
0.0000000000
0.2400054932
-0.0689086914
-0.1378326416
0.0459442139
-0.9418029785
-0.2297058105
0.0229644775
0.0918884277
0.0918884277
-0.2435913086
0.9300994873
0.0885772705
-0.1993103027
0.0221405029
-0.0885772705
-0.0442962646
0.0442962646
-0.6045837402
0.4534301758
-0.1511383057
0.3400726318
0.1889343262
-0.2644958496
0.1511383057
0.3400726318
-0.2313385010
-0.4048461914
0.2891693115
0.4048461914
0.0578308105
-0.5783538818
0.2891693115
-0.0578308105
-0.2891693115
-0.0578308105
0.0000000000
0.0578308105
-0.1735076904
-0.6361846924
0.1735076904
-0.5783538818
0.0636291504
-0.0212097168
0.0424194336
0.9756164551
0.1060485840
-0.0424194336
-0.0848388672
0.0848388672
-0.2288208008
0.8736572266
0.0624084473
0.2496185303
-0.1040039062
-0.2080078125
0.0832061768
0.2080078125
0.3876953125
0.1211547852
0.7753906250
-0.0242309570
-0.0242309570
0.4361572266
-0.1453857422
0.0484619141
-0.1085815430
-0.7600708008
-0.3981323242
-0.0723876953
-0.0361938477
-0.1809692383
-0.2533569336
0.3257446289
0.5008697510
0.2782592773
-0.1669616699
-0.3339080811
0.5008697510
0.0000000000
-0.1669616699
0.3895568848
0.0000000000
0.0000000000
0.0000000000
0.0000000000
0.1113433838
0.2226867676
0.1113433838
0.0000000000
0.2058258057
-0.1029205322
0.2058258057
0.0000000000
0.0000000000
-0.7204132080
0.0000000000
0.0000000000
0.0188903809
0.9826965332
-0.0566864014
0.0944824219
-0.0566864014
-0.0755920410
0.0000000000
0.0377960205
0.1436309814
-0.0239410400
-0.4069366455
0.7660064697
-0.0239410400
-0.2154388428
0.1196899414
-0.3830108643
0.2409362793
-0.1445617676
-0.5782623291
0.0481872559
-0.0481872559
0.3373107910
0.6264495850
0.0000000000
0.1057281494
-0.3171997070
-0.1585998535
0.1585998535
0.3700714111
0.4757995605
-0.2114715576
0.5815429688
0.0820922852
0.6157379150
-0.0410461426
-0.2052459717
-0.6157379150
0.3283996582
-0.0410461426
0.1641998291
0.0927886963
-0.2783508301
0.0927886963
0.1855621338
-0.0927886963
0.0000000000
-0.0927886963
-0.7422637939
0.9668273926
-0.0878906250
0.0439453125
-0.0878906250
-0.1538085938
0.0219726562
-0.0878906250
-0.0219726562
0.0748443604
-0.0149688721
0.9730682373
0.0748443604
-0.0598754883
0.1646728516
0.0149688721
-0.0598754883
-0.8405303955
-0.0466918945
0.0466918945
0.1400909424
0.3735656738
-0.0466918945
-0.0466918945
0.2334747314
0.0160064697
-0.0160064697
0.0320281982
-0.0160064697
-0.0480346680
-0.0320281982
-0.9927825928
-0.0320281982
-0.6289367676
-0.0898437500
-0.1796875000
0.2695465088
-0.2695465088
-0.2695465088
-0.1796875000
0.1796875000
-0.0213012695
0.9795837402
-0.1277770996
0.0000000000
0.0638885498
0.0638885498
0.0213012695
-0.0213012695
0.0000000000
0.0986175537
0.0000000000
0.0000000000
0.0000000000
0.0986175537
0.0986175537
-0.7889556885
0.0000000000
0.2113342285
0.0000000000
0.0704498291
-0.0704498291
-0.2113342285
-0.8453063965
0.1408843994
0.3332519531
0.4813537598
0.4443359375
0.4073028564
0.2221679688
0.3332519531
-0.1481170654
0.2592010498
0.6027374268
-0.1722106934
-0.2583160400
0.0430603027
0.2583160400
-0.6027374268
0.2152709961
-0.0430603027
0.2400054932
0.0000000000
-0.1199951172
0.0000000000
0.0000000000
0.0000000000
0.0000000000
-0.2400054932
0.6646575928
0.0316467285
-0.1898956299
-0.3481597900
-0.6013488770
0.0632934570
0.0316467285
-0.0316467285
0.0000000000
0.2745513916
0.8236694336
0.1830444336
-0.2745513916
0.0457611084
0.1830444336
0.1830444336
0.0000000000
0.0000000000
0.0000000000
0.0000000000
0.0911560059
-0.0911560059
0.0000000000
0.0911560059
-0.1230468750
-0.2460937500
0.1640625000
-0.8202972412
-0.3281250000
-0.0410156250
0.0000000000
0.2460937500
-0.1500549316
0.9303588867
0.0600280762
-0.2400970459
-0.0600280762
-0.1200408936
-0.0600280762
0.0000000000
-0.5119171143
0.3839416504
-0.1279754639
0.2559661865
0.2559661865
-0.3199462891
0.0639953613
0.4479370117
-0.0678253174
-0.1356506348
-0.2712860107
0.4747619629
0.2712860107
-0.6104125977
0.2712860107
0.0678253174
-0.2002868652
-0.0667572021
-0.0667572021
-0.0667572021
-0.3338165283
-0.5341186523
0.2002868652
-0.6008758545
0.1272277832
-0.0636138916
-0.0212097168
0.9753875732
0.0212097168
-0.0424041748
0.0000000000
0.1060180664
-0.1242523193
0.8946533203
0.0745544434
0.2485198975
-0.1242523193
-0.1988067627
0.0496978760
0.1988067627
0.2862854004
0.0636138916
0.8270568848
-0.0636138916
-0.1908569336
0.2862854004
-0.2226715088
0.1590423584
-0.0518646240
-0.7779693604
-0.3111877441
-0.2074584961
-0.1037292480
-0.2074584961
-0.2074584961
0.2593231201
0.0595397949
0.2977294922
-0.0595397949
-0.3572692871
0.5359191895
-0.0595397949
-0.1190948486
0.5954589844
0.0000000000
0.0000000000
-0.1000061035
-0.1000061035
-0.1000061035
0.0000000000
0.1000061035
0.0000000000
0.2495727539
0.1247863770
0.1247863770
-0.1247863770
0.1247863770
-0.3743438721
-0.1247863770
0.0000000000
0.0814971924
0.9779205322
0.0000000000
0.0543212891
-0.0271606445
0.0000000000
0.0543212891
0.0814971924
0.0705566406
0.0352783203
-0.2469787598
0.8467712402
0.0000000000
-0.0705566406
0.1411285400
-0.3881072998
0.3711547852
-0.2783660889
-0.4639434814
-0.0927886963
-0.3247528076
0.5103302002
0.3247528076
-0.1391754150
0.1971435547
-0.2957153320
-0.1971435547
0.0492858887
0.3942871094
0.5421447754
-0.2464294434
0.4928588867
0.1634521484
0.6538391113
0.0000000000
-0.2179412842
-0.3814086914
0.4903717041
-0.1089782715
0.0544891357
0.1216278076
-0.1216278076
0.1216278076
0.0000000000
0.2432556152
0.1216278076
0.1216278076
-0.1216278076
0.9010925293
0.0000000000
-0.0375518799
-0.1126403809
-0.2628173828
0.0375518799
-0.1877288818
-0.1501770020
0.1847686768
-0.0527954102
0.8710784912
-0.0527954102
-0.1055908203
0.3695526123
0.0791931152
-0.1583862305
-0.7517089844
0.0000000000
0.0835266113
0.0835266113
0.3340911865
-0.0835266113
0.0000000000
0.2505645752
-0.0978393555
0.1630554199
0.1630554199
0.1304473877
0.0652160645
0.0978393555
-0.9131164551
-0.1956634521
-0.5329437256
-0.1065826416
-0.4263610840
0.0000000000
-0.2131805420
0.0000000000
-0.1065826416
0.2131805420
0.0638732910
0.8943023682
-0.3832702637
0.0319366455
0.0958251953
0.0638732910
-0.0319366455
0.0319366455
0.0000000000
-0.1216278076
0.0000000000
0.0000000000
-0.2432556152
0.0000000000
-0.1216278076
-0.2432556152
0.0000000000
0.0000000000
0.1000061035
0.3000030518
-0.3999938965
0.3000030518
-0.5000000000
-0.1999969482
0.2549133301
0.4078674316
0.4588470459
0.4078674316
0.3568725586
0.3568725586
-0.1019592285
0.2039337158
0.3895263672
-0.1947631836
-0.0649261475
0.0000000000
0.1298370361
-0.7790679932
0.0649261475
-0.1947631836
0.2300720215
-0.1150360107
0.1150360107
0.0000000000
0.0000000000
0.0000000000
0.0000000000
-0.1150360107
0.6333160400
0.1583251953
-0.3166656494
-0.2849884033
-0.5699920654
0.0950012207
0.1583251953
-0.0316619873
0.0000000000
0.2378845215
0.6343383789
0.2378845215
-0.0792999268
-0.3964691162
0.3171691895
-0.0792999268
0.0000000000
0.0000000000
0.0000000000
-0.1216278076
0.2432556152
-0.2432556152
0.0000000000
-0.1216278076
0.0000000000
-0.3287658691
0.0657501221
-0.7232818604
-0.3287658691
0.0000000000
0.0657501221
0.3287658691
-0.1184539795
0.8686676025
-0.0394897461
-0.3553619385
-0.1974182129
-0.0394897461
-0.0789642334
0.0789642334
-0.3944702148
0.3944702148
-0.0986175537
0.2958526611
0.1972351074
-0.1972351074
-0.0986175537
0.3944702148
0.0695953369
0.0000000000
-0.8351135254
0.2087707520
0.2087707520
-0.2087707520
0.0000000000
0.0695953369
0.0000000000
0.0000000000
-0.0964202881
-0.3856964111
-0.0964202881
-0.0964202881
0.1928405762
-0.6749725342
0.1563568115
-0.0977172852
-0.0586242676
0.9576416016
-0.0390930176
-0.0586242676
0.0977172852
0.1368103027
0.0000000000
0.9213104248
0.1052856445
0.1579437256
-0.1316223145
-0.2105865479
0.0789642334
0.1579437256
0.1290435791
0.0860290527
0.6021881104
-0.1290435791
-0.4301300049
0.1290435791
-0.3871154785
0.4301300049
-0.1274566650
-0.8285064697
-0.1274566650
-0.2549285889
-0.0637359619
-0.1911926270
-0.0637359619
0.1911926270
0.4136047363
0.2757263184
0.0000000000
-0.2757263184
0.5514678955
-0.2068023682
0.0000000000
0.4136047363
0.1000061035
0.0000000000
0.0000000000
0.0000000000
-0.1000061035
-0.1000061035
0.1000061035
0.0000000000
0.1199951172
0.1199951172
0.0000000000
-0.1199951172
0.0000000000
0.2400054932
-0.1199951172
0.1199951172
0.0631713867
0.9792022705
0.0000000000
0.0000000000
-0.0315856934
0.0000000000
0.0000000000
0.0631713867
-0.0675201416
0.0337677002
-0.0675201416
0.9115753174
0.0337677002
0.1350402832
0.1012878418
-0.3038482666
0.3691711426
-0.2768859863
-0.3230285645
-0.2768859863
-0.4153289795
0.5076141357
0.0461425781
-0.3230285645
0.2217254639
-0.2660675049
-0.1773834229
-0.0443420410
0.5321350098
0.5764770508
-0.3104095459
0.2660675049
0.2717285156
0.4981689453
0.2717285156
-0.2717285156
-0.1811523438
0.5887451172
-0.1811523438
0.2264404297
0.2369232178
-0.1184692383
-0.2369232178
-0.1184692383
0.3553924561
0.2369232178
0.2369232178
0.2369232178
0.8410491943
0.2002563477
-0.1602020264
-0.0800933838
-0.2803497314
0.0800933838
-0.2402954102
-0.1602020264
0.2801666260
-0.0350189209
0.8054962158
-0.0700378418
-0.1400909424
0.4202575684
0.1050567627
-0.1400909424
0.0000000000
0.2400054932
0.0000000000
-0.1199951172
-0.1199951172
-0.1199951172
0.1199951172
0.1199951172
-0.2842559814
0.3248596191
0.1218261719
0.2030334473
0.2030334473
0.2842559814
-0.6903228760
-0.3248596191
-0.2099609375
-0.2099609375
-0.5248870850
-0.3149414062
-0.1049804688
0.3149414062
0.1049804688
0.1049804688
0.0384826660
0.8080444336
-0.5386962891
0.0000000000
0.0384826660
0.0000000000
0.0000000000
0.0769500732
0.1249389648
-0.1249389648
0.1249389648
0.1249389648
-0.3748016357
-0.1249389648
-0.1249389648
0.0000000000
-0.1182556152
0.0000000000
0.2365264893
0.4139099121
-0.4730377197
0.5912933350
0.2365264893
-0.1182556152
0.1134185791
0.4536895752
0.4536895752
0.4536895752
0.3969879150
0.2268524170
-0.2268524170
0.0567169189
0.1606292725
-0.2141723633
0.2677154541
-0.0535430908
0.2141723633
-0.7496032715
0.1070861816
-0.3748016357
0.1242218018
-0.1242218018
0.4969024658
0.0000000000
0.1242218018
0.0000000000
0.0000000000
-0.1242218018
0.5899658203
0.1179962158
-0.4129791260
-0.2654876709
-0.5309753418
0.1769866943
0.2359924316
0.0000000000
-0.0939483643
0.2818603516
0.0939483643
0.4697723389
0.3758239746
-0.4697723389
0.0939483643
0.0000000000
0.1249389648
-0.1249389648
-0.1249389648
-0.1249389648
-0.2498779297
-0.2498779297
-0.1249389648
-0.2498779297
0.0000000000
-0.1755676270
0.0000000000
-0.8193054199
-0.2926025391
0.0000000000
0.1170501709
0.2926025391
-0.0957183838
0.7657012939
0.0000000000
-0.4307098389
-0.2392883301
0.1435699463
-0.0957183838
0.2392883301
-0.1219482422
0.3658599854
-0.2438964844
0.3658599854
0.0000000000
-0.1219482422
0.0000000000
0.1219482422
-0.0720520020
0.2161560059
-0.7926025391
0.0720520020
0.2882232666
0.0720520020
-0.0720520020
0.2161560059
-0.0947570801
0.0000000000
0.0000000000
-0.3790283203
0.0000000000
0.2842712402
-0.0947570801
-0.6633148193
0.0830230713
-0.0830230713
-0.0332031250
0.9630584717
-0.0830230713
-0.0664215088
0.0996246338
0.1660461426
0.0712432861
0.9499206543
0.0712432861
0.0712432861
-0.1187438965
-0.2137298584
0.0475006104
0.0475006104
0.0000000000
-0.0406341553
0.5283355713
-0.2438507080
-0.4470520020
0.0406341553
-0.2844848633
0.5689697266
-0.3806762695
-0.6661682129
-0.0951690674
0.0000000000
0.0951690674
-0.1903381348
0.0000000000
0.1903381348
0.9187774658
0.1450653076
0.0483551025
-0.1450653076
0.1450653076
-0.0483551025
0.0483551025
0.0967102051
-0.1228332520
0.2456817627
0.0000000000
0.2456817627
0.0000000000
0.0000000000
0.1228332520
0.1228332520
0.2935485840
-0.4403076172
0.0733795166
0.0000000000
0.0000000000
-0.6604766846
0.2201538086
-0.2201538086
-0.1690216064
0.9634704590
-0.0169067383
0.0337982178
-0.0337982178
-0.1521301270
-0.0337982178
0.0845184326
0.0894470215
-0.0745391846
-0.4770202637
0.6708221436
0.1043548584
-0.0298156738
0.0447235107
-0.5366516113
-0.0426177979
0.0426177979
-0.6393127441
0.2557220459
0.0426177979
-0.2983398438
0.5966949463
0.1278686523
0.2173004150
-0.4346008301
-0.1086578369
0.1086578369
0.3802795410
0.0000000000
-0.6519012451
0.2716217041
0.0941162109
0.4235076904
-0.2823333740
0.0000000000
-0.7999572754
0.0000000000
0.0000000000
0.1411743164
0.2956695557
-0.0422363281
-0.6335906982
0.2956695557
-0.0422363281
0.1267242432
-0.2111968994
-0.5491180420
0.9418640137
-0.0299072266
-0.0448455811
0.0747528076
-0.1644592285
0.1644592285
-0.1793975830
-0.1046447754
0.0000000000
-0.0761871338
0.9577026367
0.2611999512
-0.0435333252
0.0108795166
0.0326538086
0.0435333252
-0.7031402588
-0.3245239258
0.0540924072
-0.0540924072
0.1081695557
0.2704315186
-0.4326934814
0.1622619629
-0.0275115967
-0.0550231934
-0.0825347900
0.0137634277
0.1650848389
0.0137634277
-0.9767303467
0.0412750244
-0.3398895264
-0.0679779053
0.8157501221
0.1359558105
0.0000000000
0.1359558105
-0.1359558105
0.0679779053
0.0000000000
0.9936676025
-0.0598602295
0.0359191895
-0.0239410400
0.0359191895
0.0000000000
0.0359191895
0.1651763916
0.0000000000
-0.1651763916
-0.1651763916
0.1651763916
0.0550537109
-0.1101226807
-0.8809509277
-0.1561889648
0.0000000000
0.0780944824
0.1561889648
-0.1561889648
-0.1561889648
-0.5466613770
0.6247558594
0.4089965820
0.3718109131
0.5205383301
0.1115417480
-0.1487274170
0.4833526611
-0.1487274170
0.2974395752
0.5002288818
0.0833740234
-0.5836029053
-0.3334808350
-0.2501220703
-0.2917938232
0.0416870117
0.2917938232
0.1153869629
0.0000000000
-0.3461608887
-0.1153869629
-0.2307739258
0.4615325928
-0.1153869629
0.2307739258
0.8760986328
-0.1495819092
-0.1923065186
-0.0854797363
-0.2777862549
0.1923065186
0.1923065186
0.0000000000
-0.0316467285
0.1898956299
0.7279510498
0.1582489014
-0.4114532471
-0.0632934570
0.2848510742
0.3481597900
-0.1141510010
-0.2283172607
-0.3424682617
0.1141510010
0.3424682617
0.1141510010
-0.3424682617
0.2283172607
-0.0430755615
0.0215454102
-0.0646209717
-0.9693450928
-0.1507873535
0.0646209717
-0.1077117920
0.0215454102
-0.0922393799
0.9839172363
0.0000000000
0.0000000000
0.1076202393
0.0153808594
-0.0153808594
0.0614929199
-0.5021209717
0.3586578369
0.0239105225
0.4064788818
0.2869262695
-0.3347473145
0.3586578369
0.3347473145
0.0000000000
-0.4998626709
0.6248168945
0.0000000000
-0.1874389648
-0.2499237061
0.1874389648
0.3124084473
0.0802917480
0.0000000000
-0.0802917480
-0.2810211182
0.0000000000
-0.5219116211
0.0401458740
-0.7627868652
0.0198364258
0.0000000000
0.1785430908
0.9522094727
-0.0991821289
0.0991821289
-0.1587066650
-0.0595092773
-0.2925109863
0.9140777588
0.0000000000
0.0000000000
0.0548400879
-0.2376556396
0.0914001465
-0.0182800293
0.3186340332
0.1699371338
0.4460906982
-0.2124176025
-0.0424804688
0.7434844971
-0.2124176025
0.1062164307
0.0000000000
-0.9116668701
-0.1302337646
-0.0976715088
-0.0651245117
-0.2279205322
0.0000000000
0.2279205322
0.8629150391
0.1887664795
-0.1348266602
-0.1618041992
0.2696685791
-0.0809020996
-0.2157287598
0.1618041992
-0.1243286133
0.3729858398
0.1243286133
0.0000000000
0.0000000000
-0.1243286133
0.0000000000
0.1243286133
0.1571350098
-0.3142700195
0.2357025146
-0.0785675049
-0.1571350098
-0.7071075439
0.1571350098
-0.2357025146
-0.1195068359
0.9730987549
0.0000000000
-0.0170745850
-0.0170745850
-0.1536407471
-0.0512084961
0.0512084961
0.0853729248
-0.0284576416
-0.4695129395
0.7113800049
0.0995941162
-0.0284576416
0.0142211914
-0.4979705811
0.0000000000
-0.0441284180
-0.5295410156
0.2206420898
0.2206420898
-0.3971557617
0.6177978516
0.1323852539
0.2946472168
-0.4910736084
-0.0982208252
0.0982208252
0.2455444336
0.3928680420
-0.4910736084
0.3437500000
-0.0496520996
0.5957794189
-0.3475341797
-0.0496520996
-0.6454315186
0.0993041992
-0.0496520996
0.0993041992
0.2647705078
0.0000000000
-0.6619262695
0.2206420898
0.1323852539
0.0441284180
-0.1765136719
-0.5736694336
0.9384155273
-0.0297851562
0.0744781494
0.0000000000
-0.2383270264
0.0893707275
-0.1936340332
-0.0595855713
-0.0455322266
-0.0341491699
0.9787902832
0.1707153320
-0.0682830811
0.0227661133
0.0113830566
0.0113830566
-0.8641662598
0.0375671387
0.1127166748
0.0375671387
0.3757171631
0.0751495361
-0.1502838135
0.1502838135
-0.0627288818
-0.0313568115
-0.0313568115
0.0209045410
0.0627288818
0.0000000000
-0.9930877686
0.0000000000
-0.6986694336
0.0000000000
-0.0776367188
0.0000000000
-0.4657745361
0.2328948975
0.0776367188
0.1552581787
-0.0110626221
0.9961853027
0.0110626221
-0.0110626221
-0.0110626221
0.0442810059
0.0110626221
0.0332031250
0.1959991455
0.0000000000
-0.1959991455
-0.0653381348
0.1959991455
0.1306610107
0.0000000000
-0.8493347168
-0.2867431641
0.0955810547
0.1911621094
0.2867431641
-0.3823242188
-0.0955810547
-0.4779052734
0.2867431641
0.4835662842
0.3868560791
0.4352111816
0.4352111816
-0.0967102051
0.2901458740
-0.0967102051
0.2417907715
0.6799011230
-0.1699676514
-0.3739471436
-0.2039642334
0.0339965820
-0.3059539795
0.4079437256
0.1699676514
-0.0947570801
0.1895141602
-0.7580718994
0.0947570801
-0.1895141602
0.0947570801
0.0947570801
0.0000000000
0.9443511963
-0.0885314941
-0.0590209961
-0.2065734863
-0.1180419922
0.0295104980
0.0590209961
-0.0885314941
-0.0547332764
0.2189331055
0.8757476807
0.1368408203
-0.1368408203
-0.0547332764
0.1641998291
0.3010406494
-0.1178436279
-0.1178436279
-0.3535461426
0.1178436279
0.3535461426
-0.1178436279
-0.3535461426
0.1178436279
-0.0616912842
-0.0616912842
0.0000000000
-0.9664306641
-0.1850585938
0.0616912842
0.0000000000
0.0822448730
-0.0619049072
0.9903717041
-0.0773773193
0.0154724121
0.0309448242
-0.0154724121
0.0000000000
0.0154724121
-0.5570220947
0.4177703857
-0.0278472900
0.4177703857
0.2506561279
-0.2785034180
0.2506561279
0.3342132568
0.0426940918
-0.1707916260
0.8112792969
0.1707916260
-0.0426940918
-0.3842926025
0.2561950684
-0.0854034424
-0.1339569092
0.0446472168
0.0446472168
0.0446472168
-0.0893096924
-0.7144317627
0.0446472168
-0.6251373291
0.0000000000
0.0000000000
0.2788391113
0.9379425049
0.0253448486
0.0507049561
-0.1267547607
-0.0507049561
-0.2355651855
0.9422454834
0.0392608643
0.0981445312
0.0000000000
-0.0981445312
0.1177825928
0.0981445312
0.4256134033
0.2340850830
0.4468994141
-0.1276855469
-0.0638427734
0.6809844971
-0.2553710938
-0.0212860107
0.0000000000
-0.8220825195
-0.2397766113
-0.1027526855
-0.0342559814
-0.2397766113
-0.2055206299
0.3425292969
0.8868408203
0.0738983154
-0.1108551025
-0.1108551025
0.2586669922
-0.0369567871
-0.1478118896
0.2217102051
-0.2498626709
0.2498626709
0.2498626709
0.0000000000
0.1249389648
0.1249389648
0.0000000000
-0.1249389648
0.0000000000
-0.2991638184
0.2991638184
-0.0747985840
-0.1495819092
-0.7479248047
0.1495819092
-0.1495819092
-0.0601654053
0.9827270508
-0.0200500488
0.0200500488
0.0200500488
-0.1203308105
-0.0401153564
0.0200500488
0.1041412354
0.0390472412
-0.4556274414
0.7680511475
0.1041412354
0.0130157471
0.0130157471
-0.4165649414
0.2146759033
-0.2575988770
-0.5152130127
0.1717376709
0.2146759033
-0.0858612061
0.6869354248
0.0858612061
0.2833099365
-0.2833099365
-0.0354156494
0.0354156494
0.3187255859
0.6020507812
-0.4249725342
0.3895568848
-0.0456695557
0.5936279297
-0.3196411133
-0.1369934082
-0.5479736328
0.3196411133
-0.0456695557
0.2283172607
0.1523590088
-0.2031402588
-0.4570770264
0.3047180176
0.1523590088
0.1015777588
-0.1015777588
-0.7109985352
0.9225769043
-0.0379180908
0.0758209229
0.0000000000
-0.2401275635
0.0379180908
-0.2780303955
0.0126342773
0.0133056641
-0.0133056641
0.9847412109
0.0798492432
-0.0798492432
0.0931549072
0.0000000000
-0.0532226562
-0.8664093018
0.0558929443
0.1118011475
0.1118011475
0.4192352295
0.0000000000
-0.0279541016
0.1397399902
-0.0436859131
-0.0436859131
-0.0545959473
0.0218353271
0.0109252930
-0.0109252930
-0.9937744141
-0.0327606201
-0.5862121582
0.0586242676
-0.4689788818
0.1172485352
-0.5276031494
0.0000000000
-0.1172485352
0.1172485352
0.0145721436
0.9908294678
0.0291442871
-0.0291442871
0.0000000000
0.0582885742
0.0291442871
0.0728607178
0.0695953369
0.1391906738
-0.2087707520
-0.0695953369
0.0695953369
0.2087707520
0.1391906738
-0.8351135254
-0.1415863037
0.4247436523
0.2831726074
0.3539581299
-0.2831726074
0.1415863037
-0.5663299561
-0.0707855225
0.3434753418
0.4293365479
0.3434753418
0.6010742188
0.0858612061
0.3434753418
-0.1287994385
0.1287994385
0.6805419922
-0.2071228027
-0.1775360107
-0.1479492188
0.1479492188
-0.4438323975
0.4142456055
0.1479492188
-0.0920257568
0.1840515137
-0.7361907959
0.0920257568
-0.1840515137
0.1840515137
0.1840515137
0.0920257568
0.8411712646
-0.0672912598
-0.0672912598
-0.3364715576
-0.2691802979
-0.0336456299
-0.2355346680
-0.0672912598
-0.0821990967
0.1643829346
0.9315185547
0.1369934082
-0.0547943115
-0.0821990967
0.1369934082
0.1643829346
-0.1228332520
-0.1228332520
-0.1228332520
0.1228332520
0.2456817627
-0.1228332520
-0.1228332520
0.1228332520
-0.0491333008
-0.1228179932
0.0245666504
-0.9580383301
-0.1719512939
0.0000000000
0.0000000000
0.1228179932
-0.0193023682
0.9844055176
-0.0965118408
0.0386047363
-0.0772094727
0.0000000000
0.0193023682
0.0386047363
-0.5585632324
0.5257110596
-0.0328521729
0.4271392822
0.1642913818
-0.2628631592
0.0985717773
0.2957153320
0.0291900635
0.0875854492
0.9050445557
0.1167755127
0.0291900635
-0.2335662842
0.1459808350
-0.2335662842
-0.0926818848
0.0463409424
0.0463409424
0.0000000000
-0.3244171143
-0.7415161133
-0.0463409424
-0.5097961426
0.0000000000
0.0298004150
0.2383880615
0.9535369873
0.0000000000
-0.0596008301
0.0298004150
0.0000000000
-0.2115478516
0.8990478516
0.0528869629
0.1586608887
-0.1322174072
-0.1057739258
0.1057739258
0.2379760742
0.4218139648
0.2952728271
0.5483551025
-0.0632781982
-0.1476287842
0.5272674561
-0.3163604736
-0.1265411377
0.0338592529
-0.8803100586
-0.1354370117
-0.2031555176
-0.0338592529
-0.2370147705
-0.1692962646
0.2031555176
0.7451934814
0.1241912842
-0.1241912842
-0.0827941895
0.3311920166
-0.0827941895
-0.1656036377
0.4553985596
-0.2456817627
0.0000000000
0.0000000000
0.0000000000
0.1228332520
0.1228332520
0.1228332520
-0.2456817627
-0.0916442871
-0.0916442871
0.3666076660
0.0000000000
-0.0916442871
-0.7332153320
0.0000000000
-0.0916442871
0.0561370850
0.9824371338
-0.0561370850
0.0280761719
-0.0280761719
-0.0280761719
0.0000000000
0.0280761719
0.1291351318
0.0287017822
-0.4448089600
0.7891845703
0.1004486084
0.0287017822
0.0717468262
-0.3730621338
0.2371215820
-0.1896972656
-0.4268188477
0.0000000000
-0.0474243164
0.3793945312
0.7113647461
0.0000000000
0.2263641357
-0.1616821289
0.0000000000
-0.1293487549
0.4527282715
0.6144104004
-0.2910461426
0.4527282715
-0.0482482910
0.3377075195
-0.4342041016
-0.1929779053
-0.3859558105
0.6271820068
-0.0482482910
0.1929779053
0.2738494873
-0.2738494873
-0.0912780762
0.3651275635
0.2738494873
0.1825714111
0.0912780762
-0.5476989746
0.9195098877
-0.0696563721
0.0557250977
0.0139312744
-0.2089843750
0.0417938232
-0.3065032959
0.0278625488
0.0861968994
-0.0861968994
0.9481201172
0.1034393311
0.0000000000
0.2413482666
-0.0172424316
-0.0861968994
-0.8297576904
0.0721588135
0.1082305908
0.1803741455
0.4329071045
0.0000000000
0.0000000000
0.1803741455
-0.0182952881
-0.0182952881
-0.0548858643
0.0548858643
0.0731811523
0.0000000000
-0.9878692627
-0.0365905762
-0.5078125000
0.0000000000
-0.6982269287
-0.1269531250
-0.2539062500
0.0000000000
-0.1904296875
0.0634765625
0.0895996094
0.9631652832
-0.1791992188
0.0671997070
0.0671997070
0.0223999023
0.0447998047
0.0671997070
0.0000000000
0.2028656006
-0.1014251709
-0.3042907715
0.1014251709
0.3042907715
0.1014251709
-0.6085968018
-0.0575408936
0.5179290771
0.2301940918
0.2877349854
-0.2877349854
0.4028320312
-0.3452911377
-0.3452911377
0.2915039062
0.3886718750
0.3886718750
0.5830078125
0.1457519531
0.3400878906
-0.1457519531
0.1943359375
0.6252899170
-0.0833740234
0.0000000000
-0.1250610352
0.0833740234
-0.6669769287
0.2501220703
0.1250610352
-0.1228332520
0.1228332520
-0.2456817627
0.1228332520
-0.1228332520
0.1228332520
0.1228332520
0.1228332520
0.7478942871
0.0000000000
-0.1699676514
-0.2719573975
-0.5099182129
-0.0339965820
-0.1699676514
-0.1019897461
0.0364074707
0.1820526123
0.9102325439
0.1820526123
0.0364074707
-0.1820526123
0.1456298828
0.0728149414
-0.1150360107
0.0000000000
-0.2300720215
0.0000000000
0.1150360107
-0.1150360107
0.0000000000
0.0000000000
0.0319976807
-0.1280212402
0.0319976807
-0.9601440430
-0.0960083008
-0.0319976807
0.0000000000
0.1280212402
-0.0514373779
0.9772033691
-0.0771484375
0.0257110596
-0.1028594971
0.0257110596
0.0257110596
0.0514373779
-0.5350494385
0.5350494385
0.0972900391
0.4377746582
0.0486450195
-0.2918548584
0.0486450195
0.2432098389
-0.0354766846
0.1064453125
0.9225158691
0.0354766846
0.0354766846
-0.1064453125
-0.0354766846
-0.2838439941
0.0000000000
0.0000000000
0.0785675049
-0.2357025146
-0.3142700195
-0.5499725342
0.1571350098
-0.5499725342
0.0254516602
-0.0254516602
0.1017913818
0.9670257568
-0.0763397217
-0.1017913818
0.1017913818
0.0763397217
-0.1442108154
0.7931671143
0.0721130371
0.2163238525
-0.3244781494
-0.2163238525
0.1442108154
0.2884216309
0.2931060791
0.3908081055
0.5617828369
-0.0244293213
-0.3419494629
0.3663787842
-0.4152374268
-0.0488433838
0.0333251953
-0.8998565674
-0.0333251953
-0.2666168213
-0.0333251953
-0.2666168213
-0.0666503906
0.0666503906
0.6722869873
0.1977386475
-0.1581878662
-0.0395507812
0.3954620361
-0.1581878662
-0.1581878662
0.4745483398
0.0000000000
-0.0588226318
0.0000000000
0.0000000000
0.0000000000
0.0000000000
0.0000000000
0.0000000000
-0.1249389648
0.3748321533
0.1249389648
0.0000000000
0.0000000000
-0.2498779297
-0.1249389648
-0.1249389648
0.1709442139
0.9402313232
0.0427398682
-0.0854797363
-0.0427398682
0.0000000000
0.0000000000
0.1282196045
0.1270751953
0.0000000000
-0.3388824463
0.8472137451
0.0635375977
0.0423583984
0.1270751953
-0.3388824463
0.2377624512
-0.1188812256
-0.1188812256
-0.1188812256
-0.4160919189
0.5944061279
0.4755249023
-0.1783294678
0.2581329346
-0.1106262207
-0.0737457275
-0.1475067139
0.5900268555
0.5900268555
-0.2581329346
0.2950134277
0.1360015869
0.0000000000
-0.3626708984
-0.2720031738
0.0453338623
0.8160247803
-0.0906677246
0.1813354492
0.2484588623
0.0000000000
0.1242218018
0.1242218018
0.2484588623
0.0000000000
0.3726806641
0.1242218018
0.9366607666
-0.0416259766
-0.0624389648
0.0000000000
-0.1665191650
0.0416259766
-0.2705993652
-0.0208129883
0.1674346924
-0.1046447754
0.8789978027
0.1255645752
-0.0418548584
0.3767089844
0.0627899170
-0.1046447754
-0.5521545410
0.1840515137
0.1840515137
0.2760772705
0.4601287842
0.0920257568
0.0000000000
0.1840515137
-0.0622863770
0.1245574951
0.0622863770
0.1557006836
0.1557006836
0.0934143066
-0.9341888428
-0.1245574951
-0.2295074463
0.1529998779
-0.7650146484
-0.2295074463
0.0765075684
0.2295074463
-0.1529998779
-0.0765075684
0.0908966064
0.9089965820
-0.3636016846
0.0303039551
0.0000000000
-0.0303039551
0.0303039551
0.0303039551
0.0000000000
0.0000000000
0.0000000000
-0.0785675049
0.0000000000
0.0000000000
-0.0785675049
0.0000000000
-0.1976165771
0.2964324951
0.3458404541
0.2964324951
-0.3952484131
0.5928649902
0.1976165771
-0.1976165771
0.3232269287
0.3232269287
0.3232269287
0.4848327637
0.4040222168
0.0000000000
0.0808105469
0.2424163818
0.5635223389
0.0563507080
0.0563507080
-0.1690521240
-0.0563507080
-0.7325744629
0.0000000000
-0.0563507080
0.1216278076
-0.1216278076
0.2432556152
0.0000000000
-0.1216278076
0.1216278076
0.1216278076
0.1216278076
0.6541595459
0.0568847656
-0.3697357178
-0.1706542969
-0.5972747803
0.1137695312
0.0853271484
0.0000000000
0.2179412842
0.3269195557
0.7083282471
0.2724304199
0.2724304199
-0.2179412842
0.2179412842
0.0544891357
-0.1064758301
-0.1064758301
0.0000000000
0.1064758301
0.1064758301
0.0000000000
-0.1064758301
0.0000000000
0.0381622314
-0.0763397217
0.0381622314
-0.9542388916
-0.1145019531
0.0381622314
0.0763397217
0.1145019531
-0.1820526123
0.9466400146
-0.0364074707
-0.1092224121
-0.0364074707
0.0000000000
0.1092224121
0.0364074707
-0.2644195557
0.4407043457
0.1762847900
0.4407043457
0.0881347656
-0.4407043457
0.0881347656
0.1762847900
-0.1023712158
0.3070983887
0.8189239502
-0.0511779785
0.0511779785
-0.0511779785
-0.0511779785
-0.3582763672
0.2879943848
0.0000000000
0.0959930420
-0.3840026855
0.0959930420
0.2879943848
0.0959930420
-0.5760040283
0.0430145264
-0.0860290527
0.0860290527
0.9677734375
-0.0214996338
-0.0860290527
0.0860290527
0.1290435791
-0.0368194580
0.8101806641
0.0368194580
0.1104736328
-0.3682708740
-0.2209625244
0.1841278076
0.2577819824
0.0940093994
0.3760528564
0.5954284668
-0.0626831055
-0.4700622559
0.2193603516
-0.4073944092
0.1566925049
0.0000000000
-0.8852691650
0.0520782471
-0.1562194824
-0.0520782471
-0.3124542236
0.0000000000
0.0000000000
0.8053436279
0.0447387695
-0.0447387695
-0.1789703369
0.3579254150
-0.1789703369
-0.1342315674
0.2684478760
0.1000061035
-0.1000061035
0.0000000000
0.0000000000
-0.1000061035
0.0000000000
0.1000061035
0.0000000000
0.0000000000
0.1243286133
-0.2486572266
0.1243286133
-0.1243286133
0.2486572266
-0.1243286133
-0.1243286133
0.0999298096
0.9659729004
0.0000000000
0.0000000000
-0.0333099365
-0.0333099365
-0.0333099365
0.1332397461
0.0513000488
-0.0769500732
-0.0769500732
0.9489746094
0.0256500244
0.1025848389
0.1025848389
-0.2051849365
0.3194427490
-0.1597137451
0.1064758301
-0.1597137451
-0.6388702393
0.5323944092
0.1597137451
-0.1597137451
0.1789703369
-0.1789703369
-0.1789703369
-0.1342315674
0.6711273193
0.5368957520
-0.2237091064
0.1789703369
0.2404937744
0.0801696777
0.0400848389
-0.2004089355
0.1202545166
0.8417358398
-0.2004089355
0.2805786133
0.2428131104
0.1213989258
0.2428131104
-0.1213989258
-0.2428131104
0.2428131104
0.2428131104
-0.2428131104
0.9755859375
0.0443420410
-0.0886840820
-0.0443420410
-0.0443420410
-0.0221710205
-0.1330413818
-0.0221710205
0.1990966797
-0.0853271484
0.8532409668
0.1137695312
-0.1137695312
0.3697357178
0.0853271484
-0.1706542969
0.0000000000
0.2486572266
0.2486572266
0.0000000000
0.0000000000
0.2486572266
0.1243286133
0.0000000000
-0.1433105469
0.1719818115
0.1146545410
0.1433105469
0.0859832764
0.1433105469
-0.9172058105
-0.1433105469
0.1369018555
0.2053527832
-0.4791564941
-0.1369018555
0.3422546387
0.5476074219
-0.2053527832
-0.2738037109
0.1248474121
0.8738861084
-0.3745269775
0.0000000000
-0.0416107178
-0.1248474121
0.0832214355
0.0000000000
-0.1064758301
-0.1064758301
0.1064758301
0.0000000000
-0.1064758301
0.0000000000
-0.1064758301
0.0000000000
-0.2058868408
0.2401885986
0.3774566650
0.2745056152
-0.3774566650
0.6519622803
0.2745056152
0.0343170166
0.3323516846
0.5982360840
0.2658843994
0.3323516846
0.3988189697
0.0000000000
0.1994171143
0.0664672852
0.3855133057
0.0000000000
0.1927642822
-0.3212585449
0.0642547607
-0.7067718506
0.0642547607
-0.2570037842
0.1243286133
-0.1243286133
0.3729858398
0.0000000000
0.0000000000
0.0000000000
0.1243286133
0.1243286133
0.5858764648
0.0509490967
-0.3311462402
-0.1528320312
-0.6877593994
0.1018981934
0.1273651123
0.0254669189
0.1539001465
0.3077850342
0.2308349609
0.4616851807
0.6155700684
-0.0769500732
-0.1539001465
0.0769500732
0.0000000000
-0.0911560059
0.0000000000
0.0911560059
0.0000000000
0.0000000000
0.0000000000
0.0911560059
-0.1125640869
0.0000000000
0.1500701904
-0.9379882812
-0.1125640869
0.1125640869
0.0375213623
0.1125640869
-0.1323852539
0.8825683594
0.0000000000
-0.1323852539
-0.1323852539
-0.0441284180
0.3088989258
0.0882568359
0.1178436279
0.0000000000
0.0000000000
0.1178436279
0.0000000000
-0.2357025146
0.1178436279
-0.1178436279
-0.1947631836
0.3895263672
0.7141418457
-0.1298370361
0.2596893311
-0.0649261475
0.0649261475
-0.2596893311
0.2705993652
0.1804046631
-0.0901947021
-0.2705993652
0.2705993652
0.3607940674
-0.1804046631
-0.5411987305
0.0000000000
-0.0766448975
0.1149597168
0.9771423340
-0.0383148193
-0.0191650391
0.0574798584
0.0957946777
0.0939178467
0.9392242432
-0.0626068115
0.0939178467
-0.1565399170
-0.1252288818
0.1252288818
0.0939178467
0.0411834717
0.3706970215
0.5766296387
-0.0823822021
-0.4942626953
0.2059478760
-0.3706970215
0.2059478760
0.0000000000
-0.8603515625
0.1323699951
0.0661773682
-0.0661773682
-0.2647247314
0.1323699951
0.0000000000
0.9453887939
-0.0727233887
0.0000000000
-0.1818084717
0.1090850830
-0.1090850830
-0.0363616943
0.0000000000
-0.1150360107
0.1150360107
0.1150360107
0.1150360107
0.0000000000
0.1150360107
0.1150360107
0.1150360107
0.2139739990
-0.3566284180
0.0713195801
-0.1426544189
-0.3566284180
-0.4992675781
0.3566284180
-0.3566284180
-0.0926971436
0.9270324707
0.1545104980
-0.0926971436
0.1236114502
-0.1854095459
0.1236114502
0.0617980957
0.1386260986
-0.1039733887
-0.4852142334
0.5198669434
0.2079467773
-0.1213073730
0.0866394043
-0.6238403320
-0.2673797607
0.2291870117
-0.1145935059
0.1527862549
0.2673797607
-0.0381927490
0.8403320312
0.1145935059
0.0000000000
-0.4106597900
0.3285217285
0.6570434570
0.1642608643
0.0000000000
-0.0821380615
-0.1642608643
0.0392456055
0.4316558838
-0.1177215576
0.0392456055
-0.8632965088
0.0000000000
0.0000000000
0.0392456055
0.2497863770
0.0000000000
-0.5994720459
0.2497863770
0.0999145508
0.0499572754
-0.2497863770
-0.5994720459
0.9325561523
-0.0863494873
-0.0863494873
0.0172729492
-0.1381530762
0.1899566650
-0.2072296143
-0.0863494873
-0.0365295410
-0.1582946777
0.9376220703
0.2678985596
-0.1095886230
-0.0730590820
0.0000000000
-0.0243530273
-0.7268371582
0.0000000000
0.1118164062
-0.2236480713
0.3913726807
0.1677398682
-0.3354644775
0.1118164062
-0.0215759277
-0.0539245605
-0.0215759277
-0.0215759277
0.0107879639
-0.0647125244
-0.9923400879
0.0539245605
-0.0439147949
-0.0439147949
0.9222106934
0.0439147949
0.0439147949
0.2634887695
0.0439147949
-0.0878295898
-0.0111389160
0.9909667969
-0.1113433838
0.0000000000
-0.0334014893
0.0111389160
-0.0111389160
-0.0111389160
0.0826873779
0.0826873779
-0.2480316162
-0.0826721191
0.2480316162
0.0826873779
-0.2480316162
-0.7441101074
-0.0972900391
-0.1945648193
0.0000000000
0.1945648193
-0.3891448975
-0.2918548584
-0.5837097168
0.0000000000
0.4244537354
0.4244537354
0.5659332275
0.1414794922
0.0471649170
0.3301239014
-0.2829589844
0.1886444092
0.3933410645
-0.0874176025
-0.6118774414
-0.3059387207
-0.1748199463
-0.3933410645
0.0000000000
0.3496398926
0.0000000000
0.1896667480
-0.7586669922
-0.1264495850
-0.2528839111
0.1264495850
-0.1264495850
0.3793334961
0.8050537109
-0.0690002441
0.0690002441
-0.3910217285
-0.3450164795
0.0000000000
-0.2300109863
0.0229949951
-0.0692901611
-0.0346374512
0.9006805420
0.2424926758
-0.1039276123
-0.1039276123
-0.2424926758
0.0692901611
-0.1166229248
-0.2332305908
-0.3498535156
0.0000000000
0.2332305908
0.0000000000
-0.4664764404
0.0000000000
-0.1018066406
-0.0339355469
-0.0339355469
-0.9502105713
-0.1018066406
0.0000000000
-0.1357421875
0.1357421875
-0.0397644043
0.9743499756
-0.0795440674
0.0795440674
0.1391906738
0.0198822021
0.0198822021
0.0596466064
-0.4833526611
0.3383483887
0.0966644287
0.4591827393
0.3141784668
-0.3625030518
0.2900085449
0.3141784668
-0.0485839844
-0.3400878906
0.7287597656
0.0485839844
0.0000000000
-0.4372558594
0.1457519531
0.2429199219
0.0462036133
0.0923919678
-0.0923919678
-0.0462036133
0.0923919678
-0.6929473877
-0.0462036133
-0.6467437744
0.0000000000
-0.0994415283
0.2237396240
0.9446563721
-0.0497131348
0.1242980957
-0.0994415283
0.0000000000
-0.1071166992
0.9639892578
-0.0428466797
-0.0214233398
0.0856933594
0.0428466797
0.1285247803
-0.1285247803
0.5471496582
0.3647613525
0.0405273438
-0.0810546875
-0.0810546875
0.6687316895
-0.3039703369
0.0000000000
0.0591583252
-0.9464111328
0.1183013916
0.0591583252
-0.0295715332
-0.2070312500
0.0591583252
0.0887298584
0.9621124268
0.0836639404
0.0418243408
-0.0418243408
0.0000000000
0.0000000000
-0.0836639404
0.0000000000
0.0000000000
0.1243286133
0.1243286133
0.1243286133
0.1243286133
0.2486572266
-0.2486572266
-0.1243286133
0.2757263184
-0.2757263184
0.3446655273
-0.0689392090
-0.3446655273
-0.4825286865
0.2068023682
-0.4136047363
0.0000000000
0.9615783691
0.0848388672
-0.0848388672
0.0848388672
-0.1414031982
0.0282745361
0.0848388672
0.0970916748
-0.0138702393
-0.4577178955
0.6519012451
0.1109619141
-0.1109619141
0.1803131104
-0.5409393311
-0.1002655029
0.2005310059
0.0000000000
0.0668487549
0.2339477539
0.2005310059
0.9023590088
0.0000000000
0.0000000000
-0.1228332520
0.6141815186
0.1842498779
0.1842498779
0.6141815186
-0.1842498779
0.0614166260
-0.0567169189
0.6805419922
-0.0567169189
0.0567169189
-0.6238250732
0.1701354980
0.0000000000
-0.0567169189
0.0547332764
-0.1641845703
-0.4925689697
0.2189178467
0.1641845703
0.0000000000
-0.2189178467
-0.7114868164
0.9271697998
-0.0610046387
0.0000000000
0.0122070312
-0.1951904297
0.1219940186
-0.2805938721
0.0000000000
-0.0947265625
-0.0947265625
0.9590606689
0.2012786865
-0.1065673828
-0.0473632812
-0.0118408203
-0.0592041016
-0.8278961182
0.2365417480
0.0788421631
-0.0788421631
0.4336547852
0.0000000000
-0.0394287109
0.0788421631
-0.0785064697
-0.0174407959
0.0348968506
0.0174407959
0.0261688232
-0.0087280273
-0.9943847656
0.0000000000
-0.2145080566
-0.1430053711
0.6435394287
-0.2145080566
-0.5005340576
0.2145080566
0.0000000000
-0.0715026855
-0.0334472656
0.9923858643
-0.0892028809
-0.0223083496
-0.0223083496
0.0223083496
0.0111541748
0.0223083496
0.1664733887
0.0000000000
-0.0832366943
0.0000000000
0.0832366943
0.0000000000
-0.1664733887
-0.8323822021
-0.1825714111
0.0912780762
0.1825714111
0.2738494873
-0.4564056396
-0.0912780762
-0.4564056396
-0.3651275635
0.3593902588
0.2695465088
0.3593902588
0.5390777588
0.0898437500
0.2695465088
-0.0898437500
0.0898437500
0.6046142578
-0.2351226807
-0.2015380859
-0.3023071289
-0.0335845947
-0.4366760254
0.4366760254
0.1679534912
0.0000000000
0.0513916016
-0.9249114990
0.0000000000
-0.1027679443
0.0513916016
0.0000000000
0.2055358887
0.7054901123
-0.0755920410
0.2015686035
-0.4787292480
-0.1511840820
-0.2015686035
-0.3779449463
0.0000000000
-0.0905609131
-0.0603790283
0.8754882812
0.2113189697
0.1509399414
-0.1811370850
-0.3018951416
-0.0301818848
-0.2438964844
-0.1219482422
-0.3658599854
0.0000000000
0.1219482422
-0.1219482422
-0.3658599854
0.0000000000
-0.0306854248
-0.0306854248
-0.0613708496
-0.9511413574
-0.0920410156
0.0613708496
-0.0306854248
0.2147827148
-0.0453796387
0.9530334473
-0.1588439941
0.1815338135
0.1134643555
0.0000000000
0.0453796387
0.0000000000
-0.5385284424
0.4739074707
0.0861663818
0.4523620605
0.2584838867
-0.2800292969
0.2154083252
0.2584838867
0.0000000000
0.0631713867
0.8528442383
0.1263427734
0.0000000000
-0.3474578857
0.1895294189
-0.2527008057
-0.1667022705
-0.1111297607
0.0555725098
0.1111297607
0.0000000000
-0.8890533447
-0.0555725098
-0.2222595215
-0.0376281738
-0.0752563477
0.6020050049
0.7525024414
-0.0752563477
-0.0752563477
-0.0376281738
0.0752563477
0.0000000000
0.9540100098
-0.0515747070
-0.0773468018
0.0515747070
0.1547088623
0.1804809570
-0.0257873535
0.5192413330
0.4500122070
0.2423095703
0.0346221924
-0.1038513184
0.5711669922
-0.3115539551
-0.1557769775
0.0243988037
-0.9758605957
0.0487976074
0.0487976074
0.0243988037
-0.0731964111
-0.0487976074
0.1219787598
0.9538116455
0.0414733887
0.0000000000
0.1244049072
0.0829467773
0.0414733887
0.0414733887
0.0829467773
-0.1178436279
0.1178436279
0.1178436279
0.2357025146
0.1178436279
0.2357025146
-0.2357025146
-0.4714050293
0.1395263672
-0.2790374756
0.3488006592
-0.1395263672
-0.3488006592
-0.5580749512
0.2092742920
-0.3488006592
0.0515899658
0.9801177979
0.0257873535
-0.0515899658
0.0257873535
-0.0773773193
0.0515899658
0.0515899658
0.1498260498
-0.0115203857
-0.4379425049
0.7260589600
0.1152496338
-0.0345764160
0.2189636230
-0.4379425049
0.0338897705
0.1016845703
0.0338897705
-0.0338897705
0.0338897705
0.4745635986
0.8474273682
-0.0677947998
0.1421966553
-0.0710906982
0.3554840088
-0.1421966553
0.4621276855
0.6398773193
-0.2488403320
0.3199310303
-0.0684509277
0.4107055664
-0.3422546387
-0.0684509277
-0.0684509277
0.6845092773
-0.2738037109
0.0000000000
0.0580291748
-0.2321166992
0.1740875244
0.4642333984
0.0000000000
0.0580291748
-0.1160583496
-0.7543792725
0.9211273193
-0.0783996582
0.0000000000
0.0587921143
-0.1959838867
0.0587921143
-0.3037719727
0.0685882568
-0.0391845703
-0.1045074463
0.9666748047
0.1698150635
-0.0783843994
0.0391845703
-0.0130615234
-0.1045074463
-0.8380889893
0.1676177979
0.0419006348
0.0838165283
0.4190521240
0.0000000000
0.0000000000
0.1676177979
-0.0939331055
0.0208740234
0.0417480469
0.0521850586
0.1356811523
0.0417480469
-0.9810791016
-0.0104370117
-0.6192016602
-0.1548004150
-0.3096008301
-0.1548004150
-0.4644012451
-0.1548004150
-0.1548004150
-0.0773925781
-0.0158386230
0.9816436768
-0.1266632080
-0.0316619873
-0.0316619873
0.0000000000
0.0316619873
0.0950012207
0.1172332764
0.0000000000
0.0000000000
-0.2344665527
-0.1172332764
0.1172332764
-0.1172332764
-0.5861816406
-0.0707855225
0.6371307373
0.1415863037
0.2123718262
-0.1415863037
0.2123718262
-0.2123718262
-0.4955444336
0.2539062500
0.3173828125
0.3173828125
0.6347503662
0.1269531250
0.3808593750
-0.1904296875
0.0000000000
0.6087188721
-0.1601867676
0.0000000000
-0.3524169922
-0.0320434570
-0.4164886475
0.5126037598
0.0961151123
-0.0716857910
0.0000000000
-0.8602447510
0.1433715820
0.0716857910
0.0716857910
0.0716857910
0.2150573730
0.6196136475
-0.1630554199
0.2282867432
-0.5217895508
-0.0978393555
-0.2608947754
-0.3913421631
0.0000000000
0.0000000000
-0.0835571289
0.8355255127
0.1670989990
0.2785034180
-0.2228088379
-0.3342132568
-0.0556945801
-0.2332305908
-0.3498535156
-0.2332305908
0.2332305908
-0.2332305908
0.2332305908
-0.1166229248
0.2332305908
0.1310119629
0.0000000000
-0.1637573242
-0.9497833252
0.0655059814
0.0327453613
0.0655059814
0.0982513428
-0.0238494873
0.9536895752
-0.1192169189
0.2145843506
0.0238494873
0.0715332031
0.0715332031
0.0238494873
-0.5397796631
0.5397796631
0.1295471191
0.4318237305
0.1943206787
-0.2590942383
0.1943206787
0.2375030518
-0.0431518555
0.1941833496
0.8630371094
0.0863037109
-0.0647277832
-0.1294555664
0.0647277832
-0.4099426270
0.0000000000
-0.2408752441
0.2408752441
-0.3211669922
0.1605834961
-0.7226257324
0.0802917480
0.0802917480
-0.0874938965
-0.0874938965
0.5687103271
0.6999511719
-0.1749877930
-0.1749877930
0.1312408447
0.1749877930
-0.0891571045
0.9510040283
0.0000000000
-0.1485900879
-0.0594329834
0.0297241211
0.1783142090
0.0297241211
0.4215545654
0.4552764893
0.4552764893
0.0843048096
-0.1686248779
0.4721374512
-0.3035125732
-0.2192077637
0.0000000000
-0.9881286621
0.0000000000
-0.0429687500
0.0429687500
-0.0644378662
-0.0214843750
0.0214843750
0.7989959717
0.1682128906
-0.2102661133
0.1682128906
0.2943725586
-0.1682128906
0.0420532227
0.2943725586
-0.1216278076
0.0000000000
0.0000000000
0.1216278076
0.0000000000
0.2432556152
0.0000000000
-0.2432556152
-0.0829620361
0.0000000000
0.3318328857
-0.1659088135
-0.1659088135
-0.7466278076
0.0829620361
-0.1659088135
0.0516510010
0.9814300537
0.0000000000
-0.0516510010
-0.0258331299
-0.0516510010
-0.0258331299
0.0774841309
0.1495971680
-0.0460357666
-0.4372711182
0.7824859619
0.1265716553
0.0115051270
0.2186431885
-0.3222045898
0.1923980713
0.0384826660
0.0384826660
-0.1154327393
-0.1923980713
0.5386962891
0.7310943604
-0.1923980713
0.2619628906
-0.0785827637
0.1309814453
-0.1571807861
0.6811065674
0.4977264404
-0.1833801270
0.3405609131
-0.0890350342
-0.4451904297
-0.4006805420
-0.0445251465
0.4451904297
0.5787506104
-0.1780853271
0.0445251465
0.1780090332
-0.0593414307
0.5933685303
0.3560180664
-0.0593414307
0.0000000000
0.1186676025
-0.5933685303
0.9367828369
-0.0771484375
-0.0550994873
0.0440826416
-0.1542968750
0.0440826416
-0.2755279541
0.0771484375
0.0000000000
-0.0982208252
0.9541473389
0.2104797363
-0.0280609131
0.1262817383
0.0000000000
-0.1122589111
-0.6415557861
0.2916107178
-0.1166534424
0.3499450684
0.4082641602
0.0583190918
0.0000000000
0.2916107178
-0.1052703857
0.0451202393
0.1052703857
0.0902404785
0.1654357910
0.0751953125
-0.9625396729
-0.0300750732
-0.5591125488
-0.1118164062
-0.7268371582
-0.1677398682
0.0000000000
0.0000000000
-0.0559082031
-0.1118164062
-0.0388031006
0.9505920410
-0.2715911865
-0.0388031006
0.0000000000
0.0000000000
0.0388031006
0.0776062012
0.0000000000
0.0000000000
0.0000000000
-0.4937286377
0.0000000000
0.1234283447
-0.1234283447
-0.2468566895
-0.0491638184
0.6391754150
0.1966705322
0.2458343506
-0.1475067139
0.5408325195
-0.0983276367
-0.2949981689
0.3781585693
0.3781585693
0.3025360107
0.5294342041
0.2268981934
0.3025360107
-0.0756378174
0.0000000000
0.5615997314
-0.0802307129
-0.0401153564
-0.3610382080
-0.1203460693
-0.6017150879
0.3209228516
-0.1203460693
0.0000000000
0.0000000000
-0.2477111816
0.2477111816
0.0000000000
0.2477111816
0.0000000000
0.3715667725
0.7067413330
-0.1766815186
-0.1325073242
-0.3092041016
-0.4858856201
-0.1325073242
-0.1766815186
0.0883483887
0.0698242188
-0.0349121094
0.8379516602
0.1396636963
0.3142242432
-0.1745758057
-0.3142242432
0.0698242188
-0.1245422363
-0.2490844727
-0.1245422363
0.2490844727
-0.2490844727
0.2490844727
0.0000000000
0.1245422363
0.1159362793
-0.0579681396
-0.1449279785
-0.9565277100
-0.0579681396
-0.0579681396
0.0000000000
0.1159362793
-0.0422973633
0.9727783203
-0.0634460449
0.1480255127
0.0211486816
0.0634460449
0.0845947266
0.0000000000
-0.5566558838
0.5831604004
0.1060333252
0.4241180420
0.0795288086
-0.2650756836
0.1855468750
0.1590423584
-0.0714874268
0.1191406250
0.8816680908
0.0953216553
-0.0238342285
-0.0953216553
0.0476531982
-0.4050903320
0.0000000000
-0.2674560547
0.4457702637
-0.5349121094
0.0891571045
-0.1782989502
0.3566131592
0.0000000000
-0.0997619629
-0.1330108643
0.4322967529
0.7980957031
-0.1330108643
-0.1662750244
0.1662750244
0.1995239258
-0.2100830078
0.9303588867
0.0900421143
0.0000000000
-0.1500549316
0.0000000000
0.1500549316
0.0900421143
0.2682189941
0.4539184570
0.6189727783
0.0618896484
-0.2475891113
0.3920135498
-0.3094787598
-0.1031646729
-0.0239105225
-0.9806060791
-0.0239105225
-0.0478363037
0.0478363037
-0.1195831299
0.0000000000
0.0000000000
0.7981872559
-0.0469512939
-0.0469512939
-0.0469512939
0.3756256104
-0.3286743164
0.0000000000
0.1878051758
0.0000000000
0.0000000000
0.0000000000
0.0911560059
-0.0911560059
0.0000000000
0.0911560059
0.0000000000
-0.1224670410
0.2449493408
0.1224670410
-0.1224670410
-0.1224670410
-0.4898986816
0.0000000000
0.0000000000
0.1000366211
0.9670410156
0.0000000000
-0.0666961670
0.0000000000
0.0000000000
-0.0666961670
0.1000366211
0.1292266846
-0.0430755615
-0.3589782715
0.8615417480
0.1005096436
-0.0287170410
0.2153930664
-0.2153930664
0.1686553955
0.0000000000
0.2108154297
-0.2108154297
-0.2529907227
0.5903015137
0.5903015137
-0.2529907227
0.1947326660
-0.0834503174
0.0000000000
-0.1112670898
0.7232818604
0.5285491943
-0.1947326660
0.2781829834
-0.0784149170
-0.5489501953
-0.3921051025
0.0392150879
0.4705352783
0.5097351074
0.0000000000
0.0784149170
0.0843963623
0.1687774658
0.6751251221
0.1687774658
-0.1687774658
-0.1687774658
0.2531738281
-0.3375549316
0.9743957520
-0.0503997803
-0.0839996338
-0.0503997803
-0.0335998535
0.0000000000
-0.1343994141
0.1007995605
0.0000000000
-0.0704345703
0.9508819580
0.1760864258
0.0000000000
0.1936950684
0.0352172852
-0.1056518555
-0.4220428467
0.3165283203
-0.1055145264
0.3165283203
0.3165283203
0.2110137939
-0.1055145264
0.2110137939
-0.0844421387
0.0506591797
0.1688842773
0.0844421387
0.0675506592
0.0844421387
-0.9626464844
-0.0844421387
-0.2603759766
0.1041564941
-0.7290496826
-0.1041564941
0.1562194824
0.4686737061
0.0520782471
-0.2082977295
-0.0231323242
0.9483337402
-0.2775573730
-0.0462646484
-0.0231323242
-0.0231323242
0.0462646484
0.0231323242
-0.1064758301
0.0000000000
-0.1064758301
-0.1064758301
0.1064758301
0.1064758301
0.0000000000
0.0000000000
-0.1437377930
0.4791107178
0.3353729248
0.1916503906
-0.1916503906
0.6707611084
0.1916503906
-0.0479125977
0.4474945068
0.4474945068
0.0894927979
0.4474945068
0.2684936523
0.1790008545
0.0000000000
0.0894927979
0.5508422852
-0.0918121338
0.0918121338
-0.2754211426
0.0000000000
-0.6426544189
0.1377105713
-0.3213195801
0.1178436279
0.0000000000
-0.1178436279
0.0000000000
-0.1178436279
0.1178436279
0.0000000000
0.2357025146
0.5620727539
-0.0351257324
-0.2459106445
-0.0351257324
-0.7377166748
-0.0351257324
0.0702514648
0.1756439209
0.2247009277
0.0000000000
0.3932189941
0.1685180664
0.6179199219
0.1123504639
-0.3932189941
0.3370513916
0.0000000000
0.0000000000
0.0000000000
0.1000061035
-0.1000061035
0.1000061035
0.1000061035
0.0000000000
0.0282592773
-0.1130371094
-0.0282592773
-0.9608154297
-0.1412963867
-0.0282592773
0.0565185547
0.1130371094
-0.1020202637
0.9437103271
0.0000000000
0.1275329590
0.0765228271
-0.0255126953
0.2295532227
-0.0510101318
-0.5250244141
0.5250244141
0.1050109863
0.4200134277
0.0525054932
-0.3150177002
0.1575012207
0.2100067139
-0.0668029785
0.1670074463
0.8684539795
0.1336059570
0.1002044678
-0.1670074463
0.1002044678
-0.3340148926
0.2258758545
-0.3388214111
0.1129455566
-0.4517517090
0.1129455566
0.2258758545
0.1129455566
-0.2258758545
-0.0686645508
-0.1373291016
0.3090057373
0.8583374023
-0.1029968262
-0.1373291016
0.1373291016
0.2403411865
-0.1319274902
0.9234924316
0.0329742432
0.0989379883
-0.1649017334
0.0000000000
0.1319274902
0.1978912354
0.0680236816
0.4081726074
0.6802978516
0.0000000000
-0.3061370850
0.3741607666
-0.3061370850
0.0340118408
-0.0398864746
-0.9573822021
-0.0797882080
-0.0398864746
0.0797882080
-0.1196746826
0.0398864746
0.0000000000
0.8182525635
-0.2406616211
0.0481262207
-0.1443939209
0.3369293213
-0.1925354004
-0.1443939209
0.0481262207
0.0000000000
-0.1064758301
0.0000000000
0.0000000000
-0.1064758301
0.1064758301
0.1064758301
0.1064758301
0.0000000000
0.1000061035
-0.1000061035
0.0000000000
0.0000000000
-0.1000061035
0.0000000000
-0.1000061035
0.0552673340
0.9673156738
-0.1105499268
0.0829162598
-0.0276336670
0.0829162598
-0.0552673340
0.0829162598
0.0860900879
-0.0172119141
-0.2582702637
0.9297790527
0.0516510010
-0.0172119141
0.1721801758
-0.1377410889
0.1431427002
-0.0858764648
0.2862701416
-0.2576446533
-0.5152893066
0.6011810303
0.3435211182
-0.2290191650
-0.0810852051
-0.2026977539
-0.1621551514
-0.1216278076
0.7297363281
0.3648681641
-0.2432403564
0.3648681641
0.0789642334
-0.4738159180
-0.1974182129
0.1184539795
0.5133056641
0.6317596436
0.0394897461
0.0394897461
0.0000000000
0.1659088135
0.5807037354
0.0000000000
-0.4147949219
-0.1659088135
0.1659088135
-0.4147949219
0.9566497803
0.0000000000
0.0000000000
-0.1039886475
0.1039886475
-0.0831909180
0.1455841064
0.1455841064
-0.0305633545
0.0000000000
0.9475860596
0.0917053223
-0.0305633545
0.2445373535
0.0305633545
-0.0305633545
-0.2498626709
0.0000000000
0.1249389648
0.0000000000
0.2498626709
0.1249389648
0.1249389648
-0.2498626709
-0.0781097412
0.0468597412
0.2343139648
0.0781097412
0.0468597412
0.0624847412
-0.9528808594
-0.0937194824
0.0000000000
0.0805511475
-0.6041564941
-0.1208343506
0.2013854980
0.6444244385
-0.0402832031
-0.3222198486
-0.0449218750
0.8984375000
-0.2695312500
-0.0898437500
0.0000000000
-0.1347656250
0.1347656250
0.0898437500
-0.1064758301
0.1064758301
-0.1064758301
-0.1064758301
0.1064758301
0.0000000000
0.0000000000
0.0000000000
-0.1541595459
0.3596954346
0.4110717773
0.0513916016
-0.1541595459
0.7193756104
0.1541595459
0.1541595459
0.2178497314
0.5809326172
0.0726165771
0.4356994629
0.1452331543
0.2904663086
0.0726165771
0.3630828857
0.5086975098
-0.2312316895
0.1849822998
-0.3699645996
0.1849822998
-0.5549468994
0.0000000000
-0.3237152100
0.1064758301
0.0000000000
0.0000000000
0.1064758301
-0.1064758301
0.0000000000
0.1064758301
0.1064758301
0.4355316162
-0.0933227539
-0.1555480957
0.1244354248
-0.8399658203
0.0311126709
0.0933227539
0.1244354248
0.2210693359
0.0000000000
-0.5305786133
0.2210693359
0.4421386719
0.1768646240
-0.5305786133
0.2210693359
0.0000000000
-0.1064758301
0.0000000000
0.1064758301
-0.1064758301
0.1064758301
0.0000000000
0.1064758301
-0.0294036865
-0.1470489502
0.0000000000
-0.9704895020
-0.0588226318
0.0000000000
0.0294036865
0.0588226318
-0.1259155273
0.8813629150
0.0000000000
0.1888580322
0.0000000000
-0.1259155273
0.3462524414
-0.0629577637
-0.4096679688
0.2048339844
0.0000000000
0.3072509766
0.2048339844
-0.4096679688
0.3072509766
0.1024169922
0.0000000000
0.2564849854
0.7053375244
0.2564849854
0.2564849854
-0.2564849854
0.1923675537
-0.2564849854
0.2120971680
-0.1060485840
-0.1060485840
-0.1060485840
0.2120971680
0.6362762451
-0.1060485840
-0.2120971680
-0.1651306152
-0.0275268555
0.1926574707
0.9357452393
-0.1376037598
-0.0550384521
-0.0275268555
0.1100921631
0.0899810791
0.9448089600
0.0000000000
0.2474517822
-0.0224914551
0.1124725342
0.0899810791
0.0224914551
0.1101226807
0.5505981445
0.1651763916
0.2202453613
-0.2202453613
0.5505981445
-0.3303527832
-0.2202453613
-0.0509796143
-0.9176940918
-0.1019592285
-0.1019592285
0.0509796143
-0.1529541016
0.0000000000
0.1529541016
0.8539733887
-0.3415832520
-0.0426940918
-0.1280975342
0.1707916260
-0.1280975342
-0.1707916260
-0.0426940918
