0.0000000000
0.0000000000
0.0000000000
0.0000000000
-0.0588226318
0.0000000000
0.0000000000
0.0000000000
0.0000000000
-0.1000061035
0.0000000000
0.0000000000
0.1000061035
-0.1000061035
0.0000000000
0.1000061035
-0.1029357910
0.9778442383
0.0000000000
0.1029357910
0.0257263184
0.0000000000
0.0000000000
0.0257263184
-0.4089508057
0.1752624512
0.2336883545
0.2921142578
0.2336883545
0.1752624512
-0.5842285156
-0.3505401611
0.0000000000
-0.1024169922
-0.4096679688
-0.2048339844
-0.3072509766
-0.2048339844
-0.5120697021
0.0000000000
-0.1403503418
0.0000000000
0.0000000000
-0.2456054688
-0.5613708496
-0.7368011475
-0.1052551270
0.1052551270
0.2234802246
0.1117401123
0.2234802246
-0.2234802246
0.2234802246
-0.5586853027
0.0000000000
0.0000000000
-0.1566467285
0.0000000000
0.8354644775
-0.2088623047
-0.3132934570
0.0522155762
0.0000000000
-0.2088623047
0.9542388916
0.0381622314
-0.1145019531
0.0381622314
-0.1145019531
-0.0763397217
-0.0381622314
-0.0763397217
0.1755676270
0.0000000000
-0.1170501709
0.0000000000
0.1755676270
-0.8193054199
-0.2340850830
0.2926025391
0.1237182617
-0.2474365234
-0.2474365234
0.0000000000
-0.1237182617
0.0000000000
-0.1237182617
0.1237182617
0.0637512207
0.0956268311
0.0318756104
0.0956268311
0.0000000000
0.0637512207
-0.9562377930
-0.1593780518
-0.1247253418
-0.1247253418
-0.1247253418
-0.2494506836
-0.1247253418
-0.2494506836
0.1247253418
0.1247253418
0.2165069580
0.3247528076
0.4330139160
0.2165069580
-0.1082458496
0.3247528076
0.1082458496
0.2165069580
0.0000000000
0.1064758301
-0.1064758301
-0.1064758301
0.0000000000
0.1064758301
-0.1064758301
0.0000000000
-0.1088256836
0.0000000000
0.1088256836
0.0000000000
0.1088256836
-0.2176361084
0.6529235840
0.2176361084
-0.3593444824
-0.2156066895
0.0000000000
-0.2874755859
-0.2156066895
0.0000000000
0.7187042236
-0.0718688965
-0.5282440186
-0.2401123047
0.4802093506
-0.0960388184
0.2401123047
-0.4802093506
-0.2401123047
-0.0480194092
0.0911560059
-0.0911560059
0.0000000000
0.0000000000
0.0000000000
-0.0911560059
0.0000000000
0.0000000000
0.1626586914
-0.1626586914
-0.2439880371
0.4066467285
0.0813293457
0.4066467285
0.5692901611
0.0000000000
-0.1038665771
0.0346221924
0.7962799072
-0.2423400879
-0.1730957031
-0.0692443848
0.4500732422
-0.1384887695
0.0000000000
0.0000000000
0.0000000000
0.0000000000
0.0000000000
-0.0588226318
0.0000000000
0.0000000000
0.1448516846
0.0000000000
-0.0724334717
-0.7967071533
0.2172851562
0.1448516846
0.2172851562
-0.2172851562
-0.1661834717
0.2769775391
0.5539550781
-0.6093444824
0.0000000000
0.1107940674
-0.1661834717
0.2769775391
-0.2290649414
0.1145324707
-0.2290649414
0.2863311768
0.4008636475
-0.4008636475
0.4008636475
0.4581298828
-0.1082458496
-0.2165069580
-0.4330139160
-0.1082458496
-0.1082458496
0.4330139160
0.0000000000
0.3247528076
-0.4031372070
-0.1763763428
0.3023529053
0.4535369873
0.5795135498
0.3023529053
0.1007843018
-0.2267608643
0.1666564941
0.0277709961
-0.2499847412
0.9165954590
0.1666564941
0.0277709961
-0.1110992432
0.0555572510
0.2298126221
0.8618011475
-0.0574493408
0.0574493408
0.0574493408
-0.2872619629
0.0000000000
0.0574493408
0.5393066406
0.1078643799
0.2157135010
-0.0539245605
0.1078643799
0.4314422607
0.5932312012
-0.0539245605
0.1184692383
-0.4738464355
-0.3553924561
0.0000000000
0.0000000000
0.2369232178
0.0000000000
0.1184692383
-0.2797088623
-0.2797088623
0.2097930908
0.1398620605
-0.6992950439
0.2097930908
0.2797088623
-0.0699310303
0.0911560059
0.0000000000
-0.0911560059
0.0000000000
0.0000000000
0.0911560059
0.0000000000
0.0000000000
0.1064758301
-0.1064758301
0.1064758301
0.0000000000
0.1064758301
-0.1064758301
0.0000000000
0.0000000000
-0.0958099365
0.9820098877
0.0478973389
0.0478973389
0.0239562988
-0.0239562988
0.0000000000
0.0478973389
-0.2789611816
0.1859741211
-0.0929870605
0.5579376221
0.2324676514
0.2324676514
-0.5579376221
-0.2789611816
0.2085876465
0.0000000000
-0.3128662109
-0.2085876465
-0.8343200684
-0.1564331055
-0.0521392822
-0.0521392822
0.0000000000
-0.0299072266
-0.0598144531
-0.2093353271
-0.5382843018
-0.7775115967
-0.1196136475
0.1196136475
0.1985473633
0.1985473633
0.3970947266
-0.2647247314
-0.6618194580
-0.3309020996
0.0000000000
0.0000000000
-0.0369567871
0.0000000000
0.7020874023
-0.1478118896
-0.2956085205
0.0369567871
-0.0369567871
-0.5912322998
0.9041137695
0.1427612305
-0.1903381348
0.0475921631
-0.1427612305
0.0000000000
0.0951690674
-0.1427612305
0.2075347900
0.0415039062
0.1660308838
0.2490386963
0.1245117188
-0.8716278076
-0.1660308838
0.0830078125
0.0000000000
-0.1216278076
-0.2432556152
0.0000000000
-0.1216278076
0.0000000000
0.0000000000
0.2432556152
0.2590179443
0.1850128174
0.0370025635
0.1110076904
0.0740051270
0.1110076904
-0.8880615234
-0.1850128174
0.2484588623
-0.1242218018
-0.2484588623
0.1242218018
0.2484588623
-0.2484588623
-0.1242218018
-0.1242218018
0.1557159424
0.6228790283
0.3892974854
0.0778656006
-0.3114471436
0.1557159424
0.0778656006
0.3114471436
0.0000000000
0.0000000000
0.0000000000
-0.0588226318
0.0000000000
0.0000000000
0.0000000000
0.0000000000
0.0000000000
0.0000000000
0.0000000000
-0.1009521484
0.2019042969
-0.2019042969
0.7066345215
0.2019042969
-0.1479644775
-0.0739746094
0.3698883057
-0.2219390869
-0.2219390869
0.5918273926
0.4438781738
0.0739746094
-0.6193695068
-0.2914733887
0.5100708008
-0.2185974121
0.2185974121
0.0000000000
-0.3643341064
0.0000000000
0.0785675049
0.0000000000
0.0000000000
0.0000000000
0.0000000000
0.0000000000
0.0000000000
0.0785675049
0.0523529053
-0.2617950439
-0.2617950439
-0.1047210693
0.0523529053
0.4188690186
0.7330169678
0.2094421387
-0.0888824463
-0.0592498779
0.7406921387
-0.2370147705
-0.2073974609
-0.1777648926
0.4740447998
-0.2370147705
0.0000000000
-0.1064758301
0.0000000000
0.1064758301
-0.1064758301
0.0000000000
0.1064758301
-0.1064758301
0.0000000000
0.2328948975
0.0000000000
-0.8539276123
0.0000000000
0.0776367188
0.0776367188
0.0000000000
-0.0644378662
0.9021606445
0.2255401611
-0.1611022949
0.1933135986
0.0644378662
-0.1611022949
0.0644378662
-0.1326446533
0.1326446533
-0.1326446533
0.3979492188
0.4642791748
-0.3316345215
0.3979492188
0.3979492188
-0.0551452637
-0.1102905273
-0.7720031738
-0.1102905273
-0.0551452637
0.4411468506
0.0551452637
0.2757110596
-0.2861022949
-0.2622680664
0.2622680664
0.2384185791
0.7152709961
0.3337860107
0.0238494873
-0.2861022949
0.1674652100
0.0418701172
-0.1884002686
0.9210510254
0.2093353271
0.1046600342
-0.1255950928
0.0418701172
-0.2720031738
0.9066925049
-0.0906677246
0.0000000000
0.0000000000
-0.1360015869
0.0453338623
0.0906677246
0.6397857666
-0.0533142090
0.1599426270
0.0533142090
0.3731994629
0.2665710449
0.4798431396
0.1599426270
0.1178436279
-0.5892486572
0.1178436279
0.0000000000
0.1178436279
0.0000000000
0.2357025146
0.0000000000
-0.2288513184
0.0762786865
0.3051300049
0.3814086914
-0.4576873779
0.3814086914
0.3814086914
-0.0762786865
0.1000061035
0.1000061035
-0.1000061035
0.0000000000
0.0000000000
0.0000000000
0.0000000000
-0.1000061035
0.0000000000
-0.2226867676
0.0000000000
0.1113433838
0.0000000000
-0.1113433838
0.0000000000
0.0000000000
-0.1002807617
0.9777069092
0.0501403809
0.0000000000
-0.0250701904
0.0000000000
-0.0250701904
0.1002807617
-0.0239715576
0.1437988281
-0.3355102539
0.7908477783
0.2156829834
0.0958557129
-0.2636108398
-0.3115539551
0.1113128662
0.0371093750
-0.2226257324
-0.1113128662
-0.9275970459
-0.1113128662
0.0371093750
0.0742034912
0.1044616699
-0.0261230469
-0.0783538818
-0.1828155518
-0.5745544434
-0.7573699951
-0.1305847168
-0.0783538818
0.0978698730
0.2446594238
0.3425140381
-0.1957244873
-0.8318328857
-0.0489349365
-0.0489349365
0.0000000000
0.1149139404
0.0574493408
0.2872619629
-0.0574493408
-0.1723632812
0.1149139404
-0.0574493408
-0.8618011475
0.7360076904
0.4600067139
0.0000000000
-0.3220062256
-0.1840057373
0.1380004883
0.0460052490
-0.1380004883
0.1617584229
0.2022094727
0.6066131592
0.4044036865
-0.0404357910
-0.5661773682
0.1617584229
0.0000000000
-0.2381439209
-0.1190643311
0.0000000000
-0.2381439209
0.1190643311
0.4762878418
-0.2381439209
0.0000000000
0.2474365234
0.1413879395
-0.0706939697
0.0706939697
0.0353546143
0.1060485840
-0.9190521240
-0.1060485840
0.3406372070
-0.1135406494
0.1135406494
0.1135406494
0.5677337646
-0.1135406494
-0.1135406494
0.0000000000
0.0648803711
0.9731903076
0.0648803711
0.0648803711
-0.0648803711
0.0000000000
-0.0324401855
-0.0324401855
0.0000000000
0.0000000000
-0.2486572266
-0.2486572266
0.0000000000
0.0000000000
-0.1243286133
0.2486572266
0.0000000000
0.0000000000
-0.0690917969
0.0690917969
0.0000000000
0.0690917969
0.8982543945
0.1381988525
0.2322540283
0.2322540283
0.6193389893
-0.1935424805
-0.1548309326
0.6193389893
-0.1161193848
0.0387115479
-0.6706695557
-0.2682647705
0.3353271484
-0.2012023926
0.1341400146
0.1341400146
-0.5030059814
0.0000000000
0.0000000000
0.0000000000
-0.1000061035
0.1000061035
0.0000000000
-0.1000061035
0.0000000000
0.1000061035
0.6694641113
-0.1673583984
-0.2510528564
-0.3626251221
-0.2789459229
0.3068389893
0.3068389893
0.1952667236
-0.0854187012
-0.2348937988
0.7687225342
-0.2348937988
-0.1067657471
-0.1067657471
0.4057159424
-0.2989501953
0.0000000000
0.0000000000
0.1216278076
0.1216278076
0.0000000000
0.0000000000
0.2432556152
-0.2432556152
-0.0981750488
0.2945098877
0.1963348389
-0.6871795654
-0.0981750488
0.1963348389
0.0000000000
0.0000000000
-0.0564117432
0.9778137207
0.0564117432
-0.0376129150
0.0752105713
0.0564117432
-0.1128234863
-0.0564117432
-0.1365814209
0.2048797607
0.0682983398
0.4780426025
0.5463409424
-0.2048797607
0.4097595215
0.2048797607
0.0000000000
-0.0530090332
-0.7422180176
-0.2120666504
-0.0530090332
0.3180847168
0.1590423584
0.4241180420
-0.1018676758
-0.3735198975
0.2376861572
-0.0339508057
0.6451568604
0.3735198975
-0.0679168701
-0.4414215088
0.1295776367
0.0161895752
-0.1781616211
0.9393920898
0.1781616211
0.1295776367
-0.0971832275
0.0485839844
-0.3815155029
0.8478240967
0.0423889160
-0.0423889160
-0.1695556641
-0.1695556641
0.0000000000
0.1271667480
0.5615844727
-0.2807922363
0.0467987061
-0.0467987061
0.2807922363
0.4679870605
0.2339935303
0.4211883545
0.1105499268
-0.6633300781
0.1105499268
0.0000000000
0.2211151123
-0.1105499268
0.1105499268
0.0000000000
0.5030822754
0.1437377930
0.1437377930
0.5030822754
-0.1437377930
0.5030822754
0.0000000000
0.0718688965
0.1228332520
0.2456817627
-0.2456817627
0.0000000000
0.1228332520
0.0000000000
-0.1228332520
0.0000000000
-0.1228332520
0.0000000000
-0.2456817627
0.1228332520
0.0000000000
-0.2456817627
0.0000000000
0.1228332520
-0.0616912842
0.9869995117
0.0000000000
0.0000000000
0.0000000000
0.0411224365
0.0000000000
0.0822448730
0.0367279053
0.1469421387
-0.4040832520
0.8265380859
0.0918426514
0.0918426514
-0.1285705566
-0.2938842773
0.0666961670
0.0000000000
-0.1000366211
-0.0666961670
-0.9670410156
0.0000000000
0.0000000000
0.1000366211
0.1898040771
-0.0271148682
-0.1084594727
-0.1084594727
-0.4067230225
-0.8134307861
-0.2982635498
0.0000000000
0.0517883301
0.0517883301
0.4661560059
-0.3107757568
-0.7251281738
0.2589721680
0.0000000000
0.0000000000
0.3565063477
0.0445709229
0.1336975098
0.0891265869
-0.1782531738
0.1782531738
0.0000000000
-0.8467102051
0.8324127197
0.3699645996
0.0000000000
-0.1849822998
-0.1387329102
0.1387329102
-0.1387329102
-0.0924835205
-0.0382843018
0.0382843018
0.8038940430
0.4210968018
-0.0765686035
-0.3062438965
0.1148376465
0.1148376465
-0.4312133789
-0.2156066895
0.3593444824
-0.1437377930
0.2156066895
0.5749664307
-0.2156066895
-0.1437377930
0.0702819824
0.1171264648
0.0702819824
0.0702819824
-0.0937042236
0.1171264648
-0.9604949951
-0.0937042236
0.4657745361
-0.1552581787
-0.0776367188
0.0776367188
0.5434112549
0.2328948975
-0.3105163574
-0.3105163574
0.0594635010
0.9514312744
0.0297393799
-0.0594635010
-0.1486663818
-0.1783905029
-0.0297393799
-0.0594635010
-0.2494506836
0.0000000000
-0.1247253418
0.0000000000
0.1247253418
0.2494506836
0.2494506836
0.0000000000
-0.0545654297
0.1091308594
0.0000000000
0.1091308594
-0.0545654297
0.1091308594
0.9276428223
0.0000000000
0.3994750977
0.3245849609
0.6241912842
-0.0499420166
-0.0249633789
0.4993438721
-0.2247009277
0.1498107910
-0.6814727783
-0.2725830078
0.3748168945
-0.1703643799
0.1703643799
0.1703643799
-0.4429626465
0.0000000000
0.1113433838
0.1113433838
0.0000000000
0.0000000000
-0.1113433838
0.1113433838
0.1113433838
-0.1113433838
0.7822113037
-0.2234802246
-0.2011413574
-0.2681884766
-0.3128814697
0.2681884766
0.0894012451
0.1787872314
-0.0836944580
-0.3556976318
0.7741851807
-0.2092437744
-0.0418548584
-0.0836944580
0.2720031738
-0.3556976318
0.1237182617
0.0000000000
0.1237182617
0.0000000000
0.1237182617
-0.1237182617
0.2474365234
-0.2474365234
-0.2048797607
0.1365814209
0.4097595215
-0.7512207031
0.0000000000
0.2048797607
-0.0682983398
0.0682983398
-0.0723419189
0.9839477539
0.0289459229
0.0000000000
0.0434112549
0.0434112549
-0.1157531738
-0.0434112549
0.1566619873
0.1566619873
0.3133239746
0.3133239746
0.4699859619
-0.1566619873
0.5483093262
0.0000000000
0.3057556152
0.1019134521
-0.2038421631
-0.2038421631
-0.1019134521
0.1019134521
0.6115264893
0.2038421631
0.2826538086
-0.4239807129
0.0000000000
-0.2355346680
0.3297576904
0.3297576904
-0.1413269043
-0.6124114990
0.0705261230
0.0282135010
-0.1128387451
0.9732818604
0.0705261230
0.1269531250
-0.0705261230
0.0423126221
-0.1080322266
0.9722747803
0.1080322266
0.0216064453
-0.1080322266
0.0432128906
-0.0216064453
0.0432128906
0.3211822510
-0.5620574951
0.0802917480
-0.1605834961
0.3211822510
0.3211822510
0.2408752441
0.4817657471
0.1999969482
-0.5000000000
0.1000061035
-0.3999938965
0.1999969482
-0.1999969482
0.1000061035
-0.3000030518
0.8196105957
-0.0819549561
0.2048950195
0.2868652344
-0.2868652344
0.1639251709
0.1639251709
-0.0819549561
0.0000000000
0.0000000000
0.0000000000
0.1178436279
-0.1178436279
0.1178436279
0.1178436279
-0.2357025146
-0.2428131104
-0.1213989258
-0.4856262207
0.1213989258
0.0000000000
0.0000000000
-0.2428131104
0.0000000000
-0.0401763916
0.9910736084
-0.0535736084
0.0000000000
0.0535736084
0.0669708252
0.0133972168
0.0000000000
0.0311737061
0.0779266357
-0.4675445557
0.8260040283
0.0155792236
0.1870269775
-0.1402587891
-0.1714324951
0.0613403320
-0.0613403320
-0.0920104980
-0.1226654053
-0.9506988525
-0.0306701660
-0.1840057373
0.0000000000
0.1152496338
0.0691528320
-0.0230560303
-0.1152496338
0.1152496338
-0.8989562988
-0.2765960693
0.2304992676
0.2018432617
-0.5046234131
0.4541625977
-0.2523040771
-0.3027648926
0.5046234131
-0.0504608154
-0.0504608154
0.2842559814
-0.0406036377
0.1624298096
0.1218261719
-0.1218261719
0.2842559814
0.0000000000
-0.8527526855
0.6437377930
0.0000000000
0.2340850830
-0.3511352539
0.3511352539
-0.2926025391
0.2340850830
0.1755676270
-0.1939849854
0.1939849854
0.8147125244
0.2327728271
-0.0775909424
-0.3491668701
0.0775909424
0.1551818848
-0.3976287842
-0.2272186279
0.5112304688
0.0000000000
0.2840118408
0.5112304688
-0.1704101562
-0.2272186279
0.0200653076
0.0802917480
0.1204376221
0.1405029297
-0.1405029297
0.1806488037
-0.9433898926
-0.0602111816
0.3970947266
-0.0661773682
-0.5294494629
-0.1323699951
0.4632720947
0.2647247314
0.0000000000
-0.3309020996
0.0189514160
0.9853363037
0.0568389893
-0.0568389893
-0.0757904053
-0.0568389893
-0.0379028320
0.0189514160
-0.1237182617
0.1237182617
0.0000000000
-0.1237182617
0.1237182617
0.2474365234
0.2474365234
0.0000000000
-0.0559082031
-0.0559082031
0.0000000000
0.0559082031
-0.0559082031
0.3913726807
0.8386688232
-0.1677398682
0.3916320801
0.2175750732
0.4931640625
0.1305389404
0.1740570068
0.5366821289
-0.3481140137
0.3045959473
-0.6891937256
-0.2026977539
0.4054107666
-0.1216278076
0.0810852051
0.2837829590
-0.4054107666
0.0000000000
0.0000000000
0.3658599854
0.2438964844
-0.1219482422
-0.3658599854
0.1219482422
0.0000000000
-0.1219482422
0.8668670654
-0.2972106934
-0.0743103027
-0.0247650146
-0.2972106934
0.1733703613
0.0247650146
0.1238403320
-0.1430969238
-0.4292907715
0.7870178223
-0.1430969238
-0.0953979492
-0.0476989746
0.1192474365
-0.3338928223
0.0000000000
-0.1228332520
0.0000000000
0.1228332520
-0.1228332520
0.2456817627
0.2456817627
0.0000000000
0.0364837646
-0.0182495117
-0.0182495117
-0.9852294922
-0.0364837646
0.0547332764
0.1094665527
-0.0182495117
-0.0102844238
0.9878540039
-0.0205841064
0.0720367432
0.0514526367
0.0205841064
-0.0823211670
-0.0720367432
0.2480316162
0.0000000000
0.3307189941
0.2480316162
0.2480316162
-0.1653594971
0.6614379883
0.0826873779
0.5063476562
0.0000000000
-0.0843963623
-0.1687774658
0.1687774658
-0.3375549316
0.5063476562
-0.2531738281
0.4868927002
-0.1622924805
-0.0811462402
-0.4463195801
0.2434387207
0.1217193604
-0.2840118408
-0.5680389404
0.0410461426
0.0684051514
0.0136871338
0.9850921631
0.0136871338
0.1094512939
-0.0684051514
0.0136871338
-0.0238342285
0.9894256592
0.0715179443
0.0357666016
-0.0119171143
0.0834503174
-0.0476837158
-0.0119171143
-0.0313262939
-0.6891021729
-0.1566162109
-0.2192535400
0.2819061279
0.0313262939
0.3445434570
0.4698333740
0.3681030273
0.1840515137
0.0920257568
-0.5521545410
0.0920257568
0.0000000000
0.0000000000
-0.4601287842
0.8898162842
-0.1525421143
0.1271209717
0.1779632568
-0.2796630859
0.0762634277
0.1779632568
-0.0254211426
0.0000000000
-0.1064758301
0.1064758301
0.1064758301
-0.1064758301
0.1064758301
0.0000000000
0.0000000000
-0.2357025146
0.0000000000
-0.3535461426
0.3535461426
0.1178436279
0.2357025146
-0.2357025146
0.1178436279
-0.0317535400
0.9951171875
-0.0529327393
-0.0105895996
0.0317535400
0.0317535400
-0.0105895996
-0.0105895996
-0.0442352295
0.0147399902
-0.3981323242
0.8699951172
-0.0442352295
0.2211914062
-0.1032257080
-0.1179656982
0.1044311523
-0.0522155762
0.0000000000
-0.2088623047
-0.9137420654
0.0261077881
-0.2610778809
-0.1305389404
0.0245056152
0.1715393066
0.0490112305
-0.1715393066
0.4656066895
-0.7351837158
-0.2450561523
0.3185729980
0.3853454590
-0.4709777832
0.3425292969
-0.2140808105
0.0428161621
0.5994262695
-0.1712646484
0.1284484863
0.0597534180
0.0597534180
0.2987823486
0.2987823486
-0.0597534180
0.2987823486
0.0000000000
-0.7768554688
0.7927703857
-0.0440368652
0.0880889893
-0.1761779785
0.3523406982
-0.3083038330
0.1761779785
0.1321258545
-0.1528167725
0.1528167725
0.9169311523
0.2401428223
-0.0654907227
-0.0218353271
0.1746520996
0.0654907227
-0.2261199951
-0.1695861816
0.5087738037
0.1695861816
0.3391876221
0.5653076172
-0.2826538086
-0.1130676270
0.0149078369
0.0000000000
0.0447387695
0.0596466064
-0.0745544434
0.1043853760
-0.9841918945
-0.0447387695
0.2732391357
0.0000000000
-0.7104339600
-0.3278961182
0.2185974121
0.3278961182
0.1092987061
-0.2185974121
0.0119781494
0.9939575195
-0.0478973389
-0.0119781494
0.0119781494
-0.0119781494
-0.0478973389
0.0478973389
0.0000000000
0.1242218018
-0.1242218018
-0.2484588623
0.3726806641
0.0000000000
0.2484588623
-0.1242218018
0.0000000000
-0.1581878662
0.1186370850
0.1186370850
-0.0790863037
0.7909240723
0.4745483398
-0.1977386475
0.4030151367
0.1954040527
0.4030151367
0.2320404053
0.2442474365
0.5251312256
-0.3663635254
0.3297271729
-0.5536804199
0.0503387451
0.5536804199
-0.1006622314
-0.2516632080
0.1510009766
-0.4530029297
0.0000000000
0.0000000000
-0.1228332520
0.1228332520
0.1228332520
-0.2456817627
0.0000000000
0.0000000000
-0.2456817627
0.8619995117
-0.2298736572
0.0287322998
0.2298736572
-0.3448028564
0.0287322998
0.0287322998
0.0574645996
-0.1535339355
-0.3582458496
0.8700256348
0.0000000000
-0.1023559570
-0.0255889893
-0.0767669678
-0.2303009033
-0.1178436279
-0.2357025146
0.1178436279
0.2357025146
-0.1178436279
0.4714050293
0.1178436279
0.2357025146
0.0389251709
-0.0097351074
-0.0389251709
-0.9924468994
-0.0486450195
0.0097351074
0.0778350830
-0.0194549561
0.0088958740
0.9878387451
-0.0444946289
0.0889892578
0.0267028809
0.0444946289
-0.0711975098
-0.0623016357
0.2614746094
-0.1743164062
0.4357910156
0.0871582031
-0.1743164062
-0.1743164062
0.6101074219
0.0871582031
0.4927825928
-0.1642608643
0.3285217285
-0.1642608643
0.4106597900
-0.3285217285
0.1642608643
-0.2463989258
0.3235321045
-0.1213226318
-0.1617584229
-0.4852905273
0.2426452637
0.0808868408
-0.3639678955
-0.6066131592
-0.0361938477
0.0723724365
0.0844421387
0.9771118164
-0.0241241455
0.1085662842
-0.0965118408
-0.0723724365
-0.0082855225
0.9942169189
0.0331420898
0.0579986572
-0.0082855225
0.0662841797
-0.0165710449
-0.0082855225
-0.2360687256
-0.6070251465
-0.0674438477
-0.2697906494
0.2023468018
-0.0337219238
0.4046783447
0.5058441162
0.2674560547
0.5349121094
0.2674560547
-0.2674560547
0.0891571045
-0.0891571045
-0.0891571045
-0.4457702637
0.9504547119
-0.0950469971
0.0475158691
0.1663360596
-0.1425628662
0.0712890625
0.0712890625
0.0950469971
0.1150360107
-0.1150360107
0.0000000000
0.0000000000
-0.2300720215
0.0000000000
0.1150360107
0.0000000000
0.0000000000
-0.0911560059
0.0911560059
0.0000000000
0.0000000000
-0.0911560059
0.0000000000
0.0000000000
-0.1563262939
0.9639892578
0.0000000000
0.1302642822
0.0260467529
0.0000000000
0.0260467529
0.0781555176
-0.3962249756
0.0000000000
0.0660400391
-0.1981201172
0.2641448975
0.3301849365
-0.6603698730
-0.1981201172
0.0000000000
-0.0739746094
-0.3698883057
-0.0739746094
-0.4438781738
-0.5178527832
-0.4438781738
0.0739746094
-0.1443786621
0.1155090332
-0.0866241455
-0.2021331787
-0.6064147949
-0.7219238281
0.0288696289
-0.0288696289
0.1808929443
0.5426635742
0.2411804199
-0.1205902100
-0.6632537842
-0.1808929443
0.0603027344
0.0603027344
0.0000000000
0.0000000000
0.6715393066
-0.3099365234
-0.3099365234
0.0516510010
0.0000000000
-0.5165710449
0.4220428467
0.3165283203
-0.2110137939
0.1055145264
-0.2110137939
0.1055145264
0.3165283203
-0.3165283203
0.3122558594
-0.1338195801
0.1784362793
0.1338195801
0.1338195801
-0.8475494385
-0.1784362793
0.0446014404
0.1199951172
-0.1199951172
-0.1199951172
0.0000000000
-0.1199951172
-0.2400054932
0.0000000000
-0.1199951172
0.0746765137
0.1866760254
0.0746765137
0.1120147705
-0.1120147705
0.1120147705
-0.8960571289
-0.2613525391
0.1113433838
0.0000000000
0.0000000000
0.0000000000
0.0000000000
-0.2226867676
0.0000000000
0.1113433838
0.0995330811
0.6967315674
0.0000000000
0.0000000000
-0.2985992432
-0.0995330811
-0.0995330811
0.1990661621
0.0000000000
0.0000000000
0.0000000000
0.0000000000
0.0000000000
0.0911560059
-0.0911560059
0.0911560059
0.0000000000
0.0000000000
0.0000000000
0.0000000000
0.0000000000
-0.3424682617
0.5707855225
0.2283172607
-0.1055145264
-0.1055145264
0.4220428467
-0.2110137939
-0.1055145264
0.1055145264
0.5275421143
0.2110137939
-0.4680328369
-0.2080230713
0.5720520020
-0.2600250244
0.2600250244
-0.2080230713
-0.3640289307
0.1040039062
0.1178436279
-0.1178436279
0.2357025146
0.0000000000
-0.1178436279
0.0000000000
0.0000000000
-0.1178436279
0.0823974609
0.0000000000
-0.4120178223
-0.0823974609
0.0000000000
0.4944305420
0.5768280029
-0.0823974609
-0.1799163818
-0.0719604492
0.5757293701
-0.3238372803
-0.3238372803
-0.0719604492
0.5397338867
-0.2878570557
0.0000000000
-0.0785675049
0.0000000000
0.0785675049
0.0000000000
0.0000000000
0.0000000000
0.0000000000
0.0990753174
0.1981506348
0.0000000000
-0.6935119629
0.1981506348
0.0000000000
0.1981506348
-0.1981506348
-0.0988159180
0.8399047852
0.2964324951
-0.2964324951
0.0494079590
0.0494079590
-0.0494079590
0.1482238770
-0.1557159424
0.0778656006
-0.1557159424
0.2335815430
0.4671630859
-0.3892974854
0.3114471436
0.4671630859
-0.1091308594
0.0000000000
-0.7639465332
-0.1636962891
-0.1091308594
0.2728424072
-0.0545654297
0.4365386963
-0.3365631104
-0.1402435303
0.2804718018
0.3926696777
0.6170349121
0.3365631104
0.1402435303
-0.3085174561
0.1349029541
0.0000000000
-0.2698059082
0.9218444824
0.1798706055
0.0224914551
-0.0899353027
0.0449676514
0.0431365967
0.9489288330
-0.0862731934
-0.0862731934
0.0862731934
-0.0862731934
-0.0862731934
0.0000000000
0.6587829590
-0.1411743164
0.0000000000
-0.0941162109
0.3293914795
0.1882324219
0.5646820068
0.0470581055
0.1247863770
-0.3743438721
0.1247863770
0.2495727539
0.1247863770
0.1247863770
0.0000000000
0.1247863770
-0.3964691162
0.0000000000
0.1585845947
0.0792999268
-0.7136383057
0.2378845215
0.1585845947
0.0792999268
0.0000000000
0.0000000000
-0.0785675049
0.0000000000
-0.0785675049
0.0000000000
0.0000000000
0.0000000000
0.1064758301
-0.1064758301
0.1064758301
0.1064758301
0.0000000000
0.0000000000
-0.1064758301
0.0000000000
-0.1999359131
0.9196777344
0.0799713135
0.1199645996
0.0399932861
-0.1199645996
0.0000000000
0.1599426270
-0.2916107178
-0.0583190918
-0.1166534424
0.1749725342
0.3499450684
0.2332916260
-0.7581939697
-0.0583190918
-0.0670623779
0.2011871338
-0.3353118896
-0.1341247559
-0.6706237793
-0.4694366455
0.0000000000
0.0670623779
0.0000000000
0.0817413330
-0.1907196045
-0.2179565430
-0.5448913574
-0.7628631592
0.0817413330
0.0000000000
0.1048736572
0.4544372559
0.2447052002
-0.1048736572
-0.8040161133
-0.1398315430
0.0349578857
0.0699157715
0.0495300293
-0.0495300293
0.5447998047
-0.1981048584
-0.1485748291
-0.0495300293
-0.0495300293
-0.7429046631
-0.1895141602
0.4738006592
-0.0947570801
-0.1895141602
0.2842712402
0.1895141602
0.4738006592
-0.1895141602
0.3631286621
-0.1089324951
0.1815643311
0.1815643311
0.0363159180
-0.8352050781
-0.2178802490
0.0363159180
0.0000000000
-0.3748016357
-0.1249389648
-0.1249389648
-0.1249389648
-0.1249389648
-0.1249389648
-0.1249389648
0.3620758057
0.2069091797
-0.1551818848
0.1551818848
-0.0517272949
0.2069091797
-0.7758941650
-0.2069091797
0.4930877686
-0.0986175537
0.0986175537
0.2958526611
0.1972351074
-0.4930877686
-0.0986175537
0.0986175537
0.1103973389
0.9200439453
-0.1840057373
0.0368041992
-0.2208099365
0.0000000000
-0.1103973389
0.0368041992
0.0000000000
0.0000000000
0.0000000000
0.0000000000
0.0000000000
0.0000000000
-0.0785675049
0.0785675049
0.0905609131
0.0000000000
-0.0905609131
-0.0905609131
0.0905609131
-0.0905609131
0.8150177002
-0.0905609131
0.1761627197
0.1761627197
0.5285034180
-0.1174468994
-0.0587158203
0.6459503174
-0.2348937988
0.2348937988
-0.4459533691
-0.2432403564
0.5270233154
-0.2837829590
0.1621551514
0.0000000000
-0.5270233154
0.1621551514
0.1000061035
-0.1000061035
0.0000000000
0.0000000000
0.0000000000
0.0000000000
0.1000061035
-0.1000061035
0.3425292969
0.0000000000
0.0000000000
-0.7706756592
-0.2568969727
0.1712646484
0.3425292969
0.1284484863
-0.1601104736
-0.1867980957
0.5870971680
-0.2935485840
-0.2935485840
-0.1067504883
0.4536590576
-0.4269866943
0.0000000000
0.0000000000
0.0785675049
0.0000000000
0.0000000000
0.0000000000
0.0785675049
0.0000000000
0.0000000000
0.2400054932
-0.1199951172
-0.1199951172
0.1199951172
-0.1199951172
0.0000000000
0.1199951172
-0.0872497559
0.9597625732
0.0872497559
-0.0872497559
0.1163330078
0.0872497559
-0.0872497559
0.0000000000
-0.1863403320
0.0000000000
0.0000000000
0.3726806641
0.5590209961
-0.1863403320
0.1863403320
0.3726806641
-0.0288543701
0.0288543701
-0.8655853271
-0.1442565918
-0.0865631104
0.2308197021
0.0000000000
0.3750915527
-0.1913452148
-0.1594543457
0.2551269531
0.1594543457
0.7653808594
0.3189086914
0.0637817383
-0.3507995605
0.1332092285
0.0190277100
-0.2854614258
0.8944549561
0.2283782959
0.1522521973
-0.1141815186
0.0190277100
-0.2673339844
0.8554687500
-0.0534667969
-0.2673339844
0.1069335938
-0.1069335938
-0.0534667969
-0.0534667969
0.5397338867
-0.3598327637
-0.2878570557
-0.0719604492
0.4317932129
-0.1079406738
0.4677734375
0.1799163818
0.1249389648
-0.2498779297
0.3748321533
0.1249389648
0.1249389648
-0.1249389648
0.0000000000
0.0000000000
0.2225341797
0.1483612061
0.2967224121
0.3708953857
-0.4450836182
0.5192565918
0.2225341797
0.0000000000
-0.0911560059
0.0000000000
0.0000000000
0.0000000000
0.0000000000
0.0000000000
-0.0911560059
-0.0911560059
0.1178436279
-0.1178436279
0.2357025146
0.1178436279
0.0000000000
0.0000000000
0.1178436279
0.0000000000
-0.1698760986
0.9342803955
0.0849304199
0.0424652100
0.0849304199
0.0000000000
-0.0849304199
0.1273956299
-0.0435791016
0.0871582031
-0.3050689697
0.6101226807
0.3050689697
-0.0435791016
-0.5665435791
-0.2178955078
-0.3225860596
0.3225860596
-0.3225860596
0.0645141602
-0.5161437988
-0.4516296387
0.1935577393
0.1935577393
0.0927429199
0.1855010986
-0.1855010986
-0.0927429199
-0.4019012451
-0.8347320557
0.0309143066
-0.1545867920
0.0586395264
0.4398040771
0.2638854980
-0.1466064453
-0.8209686279
0.0586395264
0.0586395264
0.0586395264
0.3758239746
-0.0939483643
0.0939483643
0.2818603516
0.0939483643
0.0939483643
0.0000000000
-0.6576843262
-0.0666198730
0.6661682129
-0.0666198730
-0.3997039795
0.0666198730
0.3997039795
-0.0666198730
-0.2664642334
0.2687530518
-0.1535797119
0.3839416504
0.3071441650
-0.0767822266
-0.7678680420
-0.1151733398
0.0767822266
-0.2283172607
-0.4566192627
0.0000000000
-0.2283172607
0.0000000000
0.3424682617
-0.2283172607
-0.1141510010
0.2705535889
0.0773010254
-0.1159515381
0.0000000000
-0.2319030762
0.1159515381
-0.8889617920
-0.0386505127
0.4450836182
-0.1483612061
0.5192565918
0.0741729736
0.2967224121
-0.3708953857
-0.2967224121
-0.0741729736
0.0830383301
0.9134826660
-0.3114166260
0.0207672119
-0.1453247070
-0.0622863770
-0.0830383301
-0.1245727539
-0.1113433838
0.1113433838
0.0000000000
0.0000000000
0.0000000000
0.0000000000
0.0000000000
0.2226867676
0.1293029785
0.1293029785
0.0000000000
0.0000000000
0.0646514893
0.0646514893
0.9051208496
0.0000000000
0.2742614746
0.3917999268
0.5485229492
-0.0783538818
-0.1959075928
0.4701690674
-0.3917999268
0.0391845703
-0.4265899658
-0.2559509277
0.3839416504
-0.2986145020
0.1706390381
0.0426635742
-0.6398925781
0.1279754639
0.0000000000
-0.1064758301
-0.1064758301
0.0000000000
0.1064758301
0.0000000000
0.1064758301
-0.1064758301
0.5861511230
-0.0468902588
-0.0937805176
-0.6564788818
-0.3751373291
0.1641235352
0.0468902588
0.1641235352
-0.1278228760
-0.3621826172
0.5752410889
-0.2982635498
-0.1704406738
-0.0426025391
0.3834838867
-0.4900207520
0.0000000000
0.0000000000
0.2498626709
0.0000000000
0.0000000000
-0.1249389648
0.3748016357
-0.1249389648
0.0000000000
0.0792999268
0.0000000000
0.8722229004
0.0792999268
-0.0792999268
-0.0792999268
0.0000000000
-0.0843048096
0.9695281982
0.0421600342
-0.0210723877
0.1475372314
0.0421600342
-0.1053771973
-0.0421600342
-0.0935668945
0.0935668945
0.3742370605
0.4678039551
0.4678039551
-0.0935668945
0.2806854248
0.0935668945
0.0000000000
0.0000000000
-0.7892913818
-0.1661682129
-0.1246185303
0.1661682129
0.0415344238
0.4985046387
0.1114807129
-0.3344268799
0.1114807129
-0.2229461670
0.3901672363
0.3344268799
0.0000000000
-0.6688537598
0.1110687256
-0.0158691406
-0.2380065918
0.9361419678
0.1586761475
0.1269378662
-0.0634613037
0.0317382812
-0.2420654297
0.7261810303
0.1210327148
-0.4841156006
0.1210327148
0.0000000000
-0.1210327148
-0.1210327148
0.4650726318
-0.4650726318
-0.3219757080
-0.1430969238
0.4293060303
-0.1788787842
0.2861938477
0.3219757080
0.2258758545
-0.3388214111
0.3388214111
0.2258758545
0.2258758545
-0.3388214111
0.1129455566
0.0000000000
0.8042144775
0.1462249756
0.1827697754
0.3289947510
-0.1096649170
0.3655548096
0.0000000000
0.0365600586
-0.1237182617
0.0000000000
0.0000000000
0.0000000000
0.0000000000
0.1237182617
-0.3711547852
-0.1237182617
0.0000000000
-0.2494506836
0.1247253418
0.1247253418
-0.2494506836
0.2494506836
0.0000000000
0.0000000000
-0.0935974121
0.9672088623
0.0000000000
0.0624084473
0.0312042236
0.1248016357
0.0000000000
0.0624084473
0.0292205811
0.0292205811
-0.4675140381
0.7889404297
0.1168823242
0.0000000000
-0.2922058105
-0.1753234863
-0.6552581787
0.2912292480
-0.3640289307
0.1456146240
-0.1456146240
-0.2184143066
0.0000000000
0.2912292480
0.1074676514
0.2955474854
-0.1343383789
-0.0806121826
-0.0268707275
-0.9135284424
-0.0806121826
-0.1074676514
0.0646362305
0.2908935547
0.2585601807
-0.1939239502
-0.8403320312
0.2585601807
0.0000000000
0.0000000000
0.4573364258
-0.0653381348
-0.1306610107
0.3919982910
0.1306610107
0.3266754150
0.0653381348
-0.5879974365
0.0704498291
0.4931030273
-0.1408843994
-0.1408843994
0.1408843994
0.6339874268
-0.2817687988
-0.2113342285
0.0321044922
-0.2247314453
0.7383880615
0.3531341553
0.0321044922
-0.4494476318
-0.1284179688
0.1605224609
-0.2654266357
-0.5308380127
0.2654266357
-0.2654266357
0.0000000000
0.4423675537
-0.1769409180
-0.0884704590
0.1710662842
0.1026458740
0.0000000000
0.0342102051
-0.2394866943
0.1026458740
-0.9237518311
0.0000000000
0.5685577393
-0.2842712402
0.0947570801
-0.0947570801
0.2842712402
-0.1895141602
-0.3790283203
0.0000000000
0.0527954102
0.8976287842
-0.3520050049
0.0000000000
-0.1408081055
-0.1408081055
-0.0527954102
-0.1231994629
-0.1113433838
-0.1113433838
0.0000000000
-0.1113433838
0.0000000000
0.1113433838
0.1113433838
0.1113433838
0.1529541016
0.1529541016
0.0509796143
0.0000000000
0.1019592285
0.1019592285
0.9176940918
0.0509796143
0.2637481689
0.3956146240
0.5274810791
0.1098937988
-0.0439605713
0.5274810791
-0.3736419678
0.2197875977
-0.4374084473
-0.2385864258
0.3181152344
-0.3578796387
0.1988220215
-0.0397644043
-0.6362304688
0.1590576172
0.1150360107
0.0000000000
0.0000000000
-0.1150360107
0.0000000000
0.1150360107
0.0000000000
-0.2300720215
0.7065734863
-0.1324768066
-0.1103973389
-0.5078430176
-0.3532867432
0.1987152100
-0.0441589355
0.1766357422
-0.1126251221
-0.4504699707
0.4730072021
-0.3153381348
-0.2252349854
0.0450439453
0.3829040527
-0.4955291748
0.1249389648
-0.1249389648
0.2498779297
0.1249389648
0.0000000000
-0.1249389648
0.3748321533
0.0000000000
-0.3535461426
0.2357025146
0.1178436279
0.1178436279
0.2357025146
0.0000000000
0.3535461426
-0.2357025146
-0.0498809814
0.9643859863
0.0498809814
0.0498809814
0.2161560059
0.0000000000
-0.0665130615
-0.0498809814
0.2455902100
0.0000000000
0.4911651611
0.3274383545
0.4093017578
-0.1637268066
0.4093017578
0.0000000000
-0.0484161377
-0.0484161377
-0.8230285645
-0.0484161377
-0.0968322754
0.1936492920
0.0484161377
0.4357147217
0.4940643311
-0.1976165771
-0.1482238770
-0.4446563721
0.1482238770
0.1482238770
-0.1482238770
-0.5928649902
0.0947265625
0.0000000000
-0.2683868408
0.9472503662
0.0473632812
0.0947265625
0.0157928467
0.0473632812
-0.0879211426
0.9378509521
0.1172332764
-0.2637634277
0.0293121338
0.0000000000
-0.0293121338
0.0000000000
0.0830993652
-0.6648254395
-0.0276947021
-0.3047027588
0.2216033936
-0.2216033936
0.1661987305
0.5540161133
0.3000030518
-0.3000030518
0.3000030518
0.0000000000
0.1999969482
-0.5000000000
0.1999969482
-0.1999969482
0.8974304199
0.0000000000
0.2492828369
0.2492828369
-0.0997161865
0.1744995117
0.0997161865
0.0000000000
-0.1247253418
-0.1247253418
0.1247253418
0.2494506836
-0.1247253418
0.1247253418
-0.2494506836
-0.1247253418
-0.4285430908
0.0000000000
-0.3214111328
0.1071319580
-0.2142791748
0.4285430908
-0.2142791748
0.0000000000
-0.0803680420
0.9644927979
-0.0267944336
0.0803680420
0.0267944336
0.1607513428
0.0000000000
0.0803680420
-0.0584869385
0.0000000000
-0.3801879883
0.7896118164
-0.0877380371
0.2631988525
-0.3509368896
-0.0292510986
-0.5128784180
0.1139678955
-0.3989105225
0.2279510498
0.0000000000
-0.3419189453
-0.4558868408
0.2849273682
0.1363525391
0.2499847412
-0.0681762695
-0.0909118652
0.3181762695
-0.8636016846
-0.2045440674
0.0227203369
0.2270355225
0.0378417969
0.3027191162
-0.1513671875
-0.7568054199
0.4540863037
-0.0756835938
0.0378417969
0.5099029541
0.0849761963
-0.0849761963
0.3399353027
0.2549438477
0.4249114990
0.0000000000
-0.3399353027
0.1863403320
-0.0931701660
-0.4658508301
0.0000000000
0.5590209961
0.2795104980
0.0931701660
-0.1863403320
0.0288085938
-0.0576171875
0.9505615234
0.0864105225
0.0288085938
-0.2016296387
-0.0576171875
0.1152191162
-0.2123718262
-0.4955444336
0.4247436523
-0.2123718262
0.1415863037
0.4955444336
-0.2123718262
-0.0707855225
0.0696563721
0.0696563721
0.0696563721
0.1393127441
-0.1741485596
0.1044921875
-0.9403991699
0.0348358154
-0.0995330811
-0.0995330811
-0.2985992432
-0.6967315674
0.0000000000
0.0000000000
0.0995330811
0.1990661621
-0.0140228271
0.9256286621
-0.3365936279
0.0000000000
-0.0981750488
-0.0701293945
-0.0420684814
-0.0841522217
-0.1250000000
-0.2500000000
0.0000000000
-0.2500000000
0.1250000000
0.1250000000
0.1250000000
0.2500000000
0.0393676758
0.2755279541
0.0393676758
0.1180877686
0.0000000000
0.4723510742
0.7872467041
-0.1180877686
0.3349304199
0.2551879883
0.4625396729
0.2073364258
0.0957031250
0.5422821045
-0.4146881104
0.2870941162
-0.3948516846
-0.1754913330
0.3948516846
-0.2632446289
0.1754913330
-0.1754913330
-0.6580963135
0.1754913330
0.1213989258
-0.1213989258
0.4856262207
0.1213989258
-0.1213989258
-0.1213989258
-0.2428131104
-0.1213989258
0.7773437500
-0.2391815186
-0.1195983887
-0.3388366699
-0.3587799072
0.1793823242
-0.0597991943
0.1793823242
-0.1641387939
-0.4377136230
0.4924163818
-0.1914978027
-0.3556365967
0.1367797852
0.3009185791
-0.4924163818
-0.0972900391
-0.2918548584
0.3891448975
0.3891448975
-0.1945648193
0.1945648193
0.3891448975
0.1945648193
-0.0305786133
0.0000000000
-0.0917510986
-0.9174499512
0.0305786133
-0.0305786133
0.3363952637
-0.0611572266
0.0000000000
0.9687347412
0.0134582520
0.0941772461
0.1883697510
-0.0134582520
-0.0672760010
-0.0807342529
0.5285034180
-0.2348937988
0.4697723389
0.0587158203
0.1761627197
-0.3523406982
0.4110565186
0.0587158203
0.0957183838
-0.2392883301
-0.8135681152
0.0000000000
0.0000000000
0.0478515625
0.2871398926
0.3349914551
0.5269317627
-0.1053924561
-0.2810363770
-0.4566802979
0.2107696533
0.0351257324
-0.2459106445
-0.5269317627
0.1025543213
0.0000000000
-0.2221984863
0.9571533203
-0.0170898438
0.1025543213
0.0341796875
0.0512695312
0.0000000000
0.9770507812
0.0523376465
-0.1570281982
0.0174407959
-0.0872344971
-0.0174407959
0.0000000000
-0.1609649658
-0.5834960938
0.0000000000
-0.3420562744
0.0402374268
-0.2816925049
0.2414550781
0.6036224365
0.2165069580
0.3247528076
0.2165069580
-0.3247528076
0.3247528076
0.0000000000
0.2165069580
-0.3247528076
0.9740905762
-0.0177154541
0.1239776611
0.1062622070
-0.0354156494
0.0708465576
0.0885467529
0.0000000000
-0.0911560059
0.0000000000
0.0000000000
0.0911560059
-0.0911560059
0.0000000000
0.0000000000
0.0000000000
-0.4601287842
0.0000000000
-0.1840515137
0.1840515137
-0.0920257568
0.5521545410
-0.1840515137
0.2760772705
-0.0217590332
0.9793853760
-0.0652923584
0.0870513916
-0.0217590332
0.0652923584
-0.0652923584
0.0652923584
-0.0818328857
0.0000000000
-0.2454833984
0.8182525635
-0.1909332275
0.3545837402
-0.2727508545
-0.0545501709
-0.2768859863
0.0461425781
-0.2307281494
0.2768859863
-0.0461425781
-0.3691711426
-0.6921997070
0.3230285645
0.1372528076
0.2744903564
-0.0549011230
-0.1647033691
0.6862335205
-0.5764312744
-0.2195892334
0.0000000000
0.4226379395
0.0384216309
0.2305297852
-0.2305297852
-0.4994812012
0.4994812012
-0.2689514160
0.3073730469
0.2222900391
-0.1111450195
0.4445648193
0.2222900391
0.2222900391
0.3334350586
-0.1111450195
-0.2222900391
0.8315582275
0.0831604004
-0.3326263428
0.0000000000
0.2494659424
0.1663055420
-0.0415802002
-0.2078857422
0.0312500000
0.0156250000
0.9842529297
0.1249847412
-0.0156250000
0.0156250000
0.0468750000
0.0624847412
-0.1405334473
-0.3513488770
0.4918975830
-0.0702667236
0.2810821533
0.4918975830
-0.3513488770
0.0000000000
0.0509490967
-0.0254669189
-0.0764160156
0.0764160156
-0.1018981934
0.1273651123
-0.9679565430
0.0254669189
-0.2480316162
-0.1653594971
-0.0826721191
-0.7441101074
-0.0826721191
0.3307189941
0.0000000000
0.0000000000
-0.0331420898
0.9391174316
-0.3314514160
0.0000000000
-0.0220947266
-0.0331420898
-0.0331420898
-0.0220947266
0.0000000000
0.0000000000
0.0000000000
-0.4762878418
0.2381439209
0.1190643311
0.0000000000
0.3572082520
-0.1143646240
0.2573242188
0.2287445068
0.2287445068
-0.2001495361
0.7433929443
0.4288787842
-0.1143646240
0.3244628906
0.2626647949
0.4326171875
0.2626647949
0.1699523926
0.5562133789
-0.3708038330
0.2935638428
-0.0491027832
0.0000000000
0.3437500000
-0.2455444336
-0.0491027832
-0.5401763916
-0.6383972168
0.1964263916
0.0000000000
-0.3674163818
0.0000000000
0.0000000000
-0.1224670410
0.1224670410
-0.3674163818
-0.2449493408
0.7795562744
-0.2461700439
-0.1436004639
-0.1641235352
-0.4718322754
0.1436004639
0.0205078125
0.1641235352
-0.3148956299
-0.4723510742
0.4723510742
-0.0787200928
-0.4723510742
0.0787200928
0.1180877686
-0.3936157227
-0.3307189941
-0.4133911133
0.1653594971
0.4960784912
-0.2480316162
0.2480316162
0.2480316162
0.1653594971
0.0755310059
0.0566406250
-0.0377655029
-0.9629364014
-0.0566406250
0.0377655029
0.2076873779
-0.0566406250
0.0371398926
0.9782104492
-0.0123748779
0.1238250732
0.0866699219
0.0495300293
-0.0866699219
-0.0619049072
0.6074981689
-0.4418182373
0.4418182373
-0.1104583740
0.0000000000
-0.2209014893
0.2761383057
0.0552215576
0.2129058838
-0.3548431396
-0.6387176514
0.0000000000
0.0000000000
0.2129058838
0.2838745117
0.3548431396
0.4107971191
-0.0684661865
-0.3423309326
-0.4792633057
0.2053985596
0.0684661865
-0.3080902100
-0.5477294922
0.0390625000
0.0390625000
-0.0976562500
0.9766235352
-0.0781250000
0.1172027588
0.0000000000
-0.0390625000
-0.0142211914
0.9813079834
0.0000000000
-0.0853271484
-0.0568847656
-0.1279907227
-0.0142211914
0.0568847656
-0.2311096191
-0.4391174316
0.2311096191
-0.3928985596
0.0231170654
-0.1848907471
0.1155548096
0.6933441162
-0.1135406494
-0.3406372070
0.4541778564
-0.2270965576
0.0000000000
0.1135406494
0.2270965576
-0.2270965576
0.9849853516
0.0000000000
0.0794372559
0.0953216553
0.0317687988
0.0635528564
0.0158843994
0.0317687988
0.0000000000
0.0000000000
-0.1000061035
-0.1000061035
-0.1000061035
-0.1000061035
0.0000000000
0.0000000000
0.0000000000
-0.1000061035
0.0000000000
0.1000061035
0.0000000000
-0.1000061035
0.0000000000
-0.1000061035
-0.1231536865
0.9441375732
0.0000000000
0.0820922852
0.0000000000
-0.1231536865
0.1231536865
0.0410461426
-0.1847991943
-0.0924072266
0.0924072266
-0.0924072266
0.4620056152
0.2772064209
-0.4620056152
-0.3696136475
-0.0684509277
0.0684509277
-0.2738037109
-0.2053527832
-0.6845092773
-0.4107055664
-0.2738037109
-0.0684509277
-0.1192932129
0.0894775391
-0.1491241455
-0.2087707520
-0.6561431885
-0.6561431885
0.1192932129
-0.0894775391
0.0522155762
0.5221557617
0.4177246094
-0.1044311523
-0.6265869141
-0.2088623047
-0.0522155762
0.1044311523
0.0000000000
0.0529479980
0.6352996826
-0.3705902100
-0.2647094727
-0.1058807373
0.0529479980
-0.5294189453
-0.4014587402
0.3211669922
-0.0802917480
-0.2408752441
0.0802917480
-0.1605834961
0.6423339844
-0.0802917480
0.3680267334
-0.2102966309
0.2628784180
0.1577301025
0.0000000000
-0.7886199951
-0.0525817871
-0.1051483154
0.1199951172
-0.1199951172
-0.1199951172
0.0000000000
-0.1199951172
-0.2400054932
0.0000000000
-0.1199951172
0.1611022949
0.0805511475
-0.0805511475
0.0805511475
-0.0402832031
0.0402832031
-0.9263610840
-0.2013854980
0.1243286133
0.0000000000
-0.1243286133
0.2486572266
0.1243286133
-0.1243286133
-0.2486572266
0.1243286133
0.0939483643
0.6576843262
0.1879119873
0.0939483643
-0.2818603516
-0.1879119873
-0.0939483643
0.2818603516
0.0000000000
0.0000000000
0.0000000000
0.0785675049
0.0000000000
0.0000000000
0.0000000000
0.0785675049
0.0000000000
0.0000000000
0.0000000000
0.0000000000
0.0000000000
-0.2129516602
0.0000000000
0.1064758301
0.1790008545
0.0894927979
0.5369873047
0.0000000000
0.0000000000
0.2684936523
0.1790008545
0.5369873047
-0.4903717041
-0.2179412842
0.7083282471
-0.2179412842
0.2179412842
0.0544891357
-0.0544891357
0.1089782715
0.1064758301
0.0000000000
0.1064758301
0.0000000000
-0.1064758301
0.0000000000
0.1064758301
-0.1064758301
-0.5023651123
0.2009429932
0.1004791260
0.0000000000
0.1004791260
0.0000000000
0.4018859863
-0.4018859863
-0.2235565186
-0.0745086670
0.5588684082
-0.2980651855
-0.3353271484
-0.0372619629
0.5216217041
-0.3353271484
0.0000000000
0.0000000000
0.0911560059
0.0000000000
-0.0911560059
0.0911560059
0.0000000000
0.0000000000
0.1937103271
0.1937103271
0.0000000000
-0.6779632568
0.2905578613
0.0000000000
0.0968475342
-0.1937103271
0.0000000000
0.5222625732
0.3133544922
-0.4178161621
-0.2089080811
0.0000000000
0.1044464111
0.0000000000
-0.1776275635
0.0888061523
0.0000000000
0.2664337158
0.4440612793
-0.3552398682
0.0888061523
0.5328674316
0.0431671143
-0.0431671143
-0.8202819824
-0.1726989746
-0.0863494873
0.2590332031
-0.0863494873
0.3885498047
-0.2580261230
-0.0967559814
0.2580261230
0.3547821045
0.6773223877
0.3547821045
0.0967559814
-0.3225402832
0.1595764160
-0.0227966309
-0.2735595703
0.9118957520
0.1823730469
0.0683898926
-0.0911865234
0.0683898926
-0.1498718262
0.9366607666
-0.0374603271
-0.0374603271
0.1498718262
-0.0749359131
-0.1498718262
-0.0374603271
0.5893554688
-0.4080047607
-0.0453338623
-0.1360015869
0.3173370361
0.2720031738
0.4533538818
0.1360015869
0.0000000000
-0.5830993652
0.1166229248
-0.1166229248
0.1166229248
-0.2332305908
0.1166229248
0.1166229248
-0.5773925781
-0.0577392578
0.1154785156
-0.1732177734
-0.6928710938
0.1154785156
0.0577392578
-0.1154785156
-0.0785675049
0.0785675049
0.0000000000
0.0000000000
0.0000000000
0.0000000000
0.0000000000
0.0000000000
0.1150360107
-0.2300720215
0.1150360107
0.1150360107
0.0000000000
0.0000000000
0.0000000000
0.0000000000
-0.1099700928
0.2199401855
0.1099700928
0.1099700928
0.0000000000
-0.6598205566
0.1099700928
0.1099700928
0.0943603516
0.0000000000
0.0000000000
0.0943603516
0.4717712402
0.0943603516
-0.6604766846
0.0000000000
-0.0737762451
0.1475524902
-0.3688964844
-0.2213439941
-0.6640167236
-0.3688964844
-0.1475524902
-0.0737762451
0.0000000000
0.0724334717
-0.2897491455
-0.2173004150
-0.6519165039
-0.6157073975
0.1086578369
-0.0724334717
0.0000000000
0.4976501465
0.3062438965
-0.1531219482
-0.7656250000
-0.0382843018
0.0000000000
0.0000000000
0.1452331543
0.0000000000
0.5083160400
-0.0726165771
-0.0726165771
-0.0726165771
0.0000000000
-0.7261657715
-0.4205932617
0.1401977539
0.1401977539
-0.4205932617
0.3504943848
-0.0700988770
0.5607910156
0.0000000000
0.5112304688
-0.1136016846
0.1704101562
0.1704101562
-0.1136016846
-0.7384338379
-0.0568084717
0.0000000000
-0.1249389648
-0.3748016357
0.0000000000
-0.1249389648
-0.1249389648
-0.1249389648
-0.1249389648
-0.1249389648
0.3847198486
0.0000000000
-0.4488525391
0.1923675537
0.3206024170
0.1923675537
-0.5770874023
-0.0641174316
0.4330139160
0.0000000000
0.3247528076
0.3247528076
0.0000000000
-0.2165069580
-0.3247528076
0.1082458496
0.1058807373
0.8470611572
-0.1058807373
0.0000000000
-0.3176422119
-0.1058807373
-0.1058807373
0.2117614746
0.0000000000
0.0785675049
0.0000000000
0.0000000000
0.0000000000
0.0000000000
0.0000000000
0.0785675049
0.0000000000
0.0000000000
0.0000000000
-0.1242218018
0.1242218018
-0.3726806641
0.3726806641
0.0000000000
0.1860046387
0.3100128174
0.4960174561
0.0000000000
-0.1240081787
0.4960174561
-0.3720092773
0.3100128174
-0.3645172119
-0.2603759766
0.7290496826
-0.2082977295
0.3124542236
0.1562194824
-0.1041564941
0.0520782471
0.0588226318
0.0000000000
0.0000000000
0.0000000000
0.0000000000
0.0000000000
0.0000000000
0.0000000000
0.2219390869
0.1479644775
0.2219390869
-0.7397918701
-0.2219390869
-0.2219390869
0.2219390869
0.0000000000
-0.2187194824
-0.1562347412
0.4999389648
-0.2187194824
-0.3124542236
-0.0312500000
0.4999389648
-0.4999389648
-0.0911560059
0.0000000000
0.0911560059
0.0000000000
0.0000000000
0.0000000000
0.0911560059
0.0000000000
0.1065826416
0.0000000000
0.1065826416
0.6395263672
0.2131805420
0.0000000000
-0.3197631836
0.0000000000
-0.1301116943
0.7156372070
0.3903503418
-0.2602386475
0.0000000000
0.3252868652
-0.0650634766
0.0000000000
-0.2099609375
0.1049804688
0.2099609375
0.4199066162
0.3149414062
-0.2099609375
0.0000000000
0.4199066162
0.0653991699
0.0653991699
-0.8501586914
-0.1961975098
-0.0980987549
0.2288970947
-0.0653991699
0.3596801758
0.0000000000
-0.1570739746
0.1570739746
0.0523529053
0.7330169678
0.3665161133
0.1047210693
-0.4188690186
0.1356658936
0.0000000000
-0.2907257080
0.9109344482
0.1744384766
0.0969085693
-0.0969085693
0.0775299072
-0.3252868652
0.7807006836
-0.0650634766
-0.1951751709
0.1301116943
-0.2602386475
-0.1301116943
0.0000000000
0.4091186523
-0.6136779785
-0.2863769531
-0.1227416992
0.3682098389
-0.0409088135
0.3273010254
0.2454681396
0.0000000000
-0.1237182617
0.1237182617
-0.1237182617
0.1237182617
-0.2474365234
0.0000000000
0.2474365234
0.0805511475
0.2416381836
0.0805511475
-0.0805511475
-0.7249298096
0.4027404785
0.0805511475
-0.0805511475
-0.2226867676
0.0000000000
0.0000000000
0.0000000000
0.1113433838
0.0000000000
0.0000000000
-0.1113433838
0.2428131104
-0.3642120361
0.3642120361
0.1213989258
-0.1213989258
0.0000000000
0.1213989258
-0.1213989258
-0.1009521484
0.1009521484
0.1009521484
0.2019042969
-0.1009521484
-0.7066345215
0.1009521484
0.2019042969
0.4697723389
-0.0939483643
-0.0939483643
0.0939483643
0.2818603516
-0.3758239746
-0.4697723389
0.0000000000
-0.1959991455
0.1959991455
-0.4573364258
0.1959991455
0.0000000000
-0.6533355713
-0.2613372803
0.1959991455
0.1529541016
0.1529541016
-0.4078674316
-0.1019592285
-0.3058929443
-0.7647399902
0.0509796143
-0.1019592285
0.1065826416
0.4973602295
0.2486877441
-0.2131500244
-0.7460479736
0.1776275635
0.0000000000
-0.0710449219
0.2830657959
-0.0943603516
0.1887054443
0.2830657959
0.0000000000
0.0943603516
0.1887054443
-0.6604766846
-0.3705902100
0.0617675781
0.3088378906
-0.3705902100
0.5558929443
0.0000000000
0.4323577881
0.0617675781
0.4365234375
-0.1247253418
0.4365234375
0.2494506836
-0.0623626709
-0.6236114502
0.0623626709
0.1247253418
-0.2131805420
-0.6395263672
0.1065826416
-0.1065826416
0.0000000000
0.1065826416
-0.2131805420
-0.2131805420
0.1309509277
0.0000000000
-0.4583129883
0.1964111328
0.1964111328
0.1309509277
-0.7201995850
0.1309509277
0.5153808594
0.0000000000
0.4294891357
0.0858917236
0.1717987061
-0.4294891357
-0.2576904297
-0.0858917236
0.0395812988
0.8311157227
-0.3562011719
-0.0395812988
-0.2770385742
-0.1583099365
-0.0395812988
0.1583099365
-0.1178436279
0.0000000000
-0.1178436279
-0.1178436279
0.2357025146
-0.1178436279
0.0000000000
0.0000000000
0.0823974609
-0.0823974609
0.0000000000
-0.0823974609
0.0823974609
-0.2472076416
0.8240356445
0.0000000000
0.0863494873
0.5612487793
0.5180816650
0.0431671143
-0.2158660889
0.3885498047
-0.3453826904
0.1726989746
-0.1287689209
-0.2575378418
0.7082366943
-0.2575378418
0.4506988525
0.0643920898
-0.0643920898
0.0000000000
0.0000000000
-0.1113433838
0.0000000000
-0.1113433838
-0.1113433838
0.1113433838
-0.1113433838
-0.1113433838
0.6280212402
-0.0837402344
-0.1256103516
-0.5024108887
-0.4605407715
0.0418701172
0.2093353271
0.1256103516
-0.1722717285
-0.2411956787
0.3790130615
-0.1722717285
-0.3445587158
0.1033630371
0.5168304443
-0.5513000488
0.0000000000
0.0000000000
0.0000000000
0.0000000000
0.0785675049
0.0000000000
0.0000000000
0.0785675049
0.0000000000
0.0571746826
0.0571746826
0.9147491455
0.0571746826
0.0571746826
-0.1715087891
-0.1143493652
-0.2736511230
0.5473022461
0.5473022461
-0.3283843994
0.2189178467
0.2189178467
-0.1094665527
0.1094665527
-0.2089080811
0.1044464111
0.4178161621
0.5222625732
0.2089080811
-0.1044464111
0.0000000000
0.2089080811
0.0311431885
-0.0311431885
-0.8407745361
-0.1245574951
-0.0934143066
0.2179718018
-0.1557006836
0.4048156738
0.2860260010
-0.2145080566
0.0000000000
-0.4290313721
0.1430053711
0.2860260010
0.0000000000
-0.6435394287
0.1192321777
0.0170288086
-0.2214202881
0.9538116455
0.0340576172
0.0340576172
-0.0681304932
0.1021881104
-0.4673767090
0.5258026123
0.1168518066
-0.3505401611
-0.0584259033
-0.4089508057
-0.1752624512
0.2336883545
0.2849273682
-0.7123107910
-0.2136993408
-0.1780853271
0.3561553955
-0.1068420410
0.0356140137
0.3917694092
0.0000000000
-0.2270965576
0.3406372070
0.1135406494
0.2270965576
-0.4541778564
0.1135406494
0.2270965576
0.9186859131
0.2087860107
0.0417633057
-0.0417633057
-0.2087860107
0.0417633057
0.0000000000
0.0835113525
-0.2432556152
0.0000000000
0.0000000000
0.0000000000
-0.1216278076
0.0000000000
-0.2432556152
-0.1216278076
0.0000000000
-0.4640045166
0.2320098877
0.0000000000
-0.3480072021
0.2320098877
0.1159973145
-0.1159973145
-0.0838012695
0.6704711914
-0.0838012695
0.3352355957
0.0000000000
-0.2514190674
0.3352355957
-0.0838012695
0.5279388428
-0.2262573242
-0.5279388428
0.1508331299
0.0754241943
-0.1508331299
-0.3771057129
0.0754241943
-0.1796875000
0.1347656250
-0.5839843750
0.1796875000
0.3593750000
-0.5390625000
-0.2695312500
0.1347656250
0.2962036133
0.0423126221
-0.3808288574
-0.0423126221
0.4654693604
-0.6770324707
-0.1692657471
0.0423126221
0.2325744629
0.4651489258
0.2325744629
-0.2616424561
-0.6686401367
0.3488616943
-0.0872192383
0.0581359863
0.1123352051
-0.3370056152
0.3370056152
0.2246704102
0.1123352051
0.1123352051
0.0000000000
-0.4493408203
0.3008422852
-0.0752105713
0.4512481689
-0.1504211426
0.6016693115
0.1504211426
0.2256317139
0.2256317139
0.3264770508
-0.2856597900
0.7753753662
0.2448577881
0.0816192627
-0.0816192627
-0.0408020020
0.2856597900
-0.0826721191
-0.5787506104
0.4133911133
-0.0826721191
0.0000000000
0.3307189941
-0.3307189941
-0.1653594971
0.2328948975
0.0000000000
-0.3881530762
0.1552581787
0.4657745361
0.0000000000
-0.5434112549
0.2328948975
0.4590148926
-0.0765075684
0.5355072021
-0.0765075684
0.2295074463
-0.4590148926
-0.1529998779
-0.0765075684
-0.0532073975
0.8778381348
-0.3990173340
-0.0265960693
-0.1596069336
-0.0798034668
-0.0265960693
0.1063995361
-0.2456817627
0.0000000000
0.0000000000
-0.1228332520
0.1228332520
-0.1228332520
0.0000000000
0.2456817627
0.0000000000
0.0547332764
0.0547332764
0.1641845703
0.0000000000
0.0547332764
0.9304046631
0.0000000000
0.1643066406
0.4929046631
0.5633239746
0.1643066406
-0.0234680176
0.4459686279
-0.3520812988
0.2112426758
-0.3309020996
0.1323699951
0.3309020996
-0.5294494629
0.1985473633
-0.3970947266
-0.2647247314
0.2647247314
0.2500000000
-0.1250000000
0.0000000000
-0.1250000000
0.0000000000
0.1250000000
0.0000000000
-0.3750000000
0.6601409912
-0.1848449707
-0.2640533447
-0.3168640137
-0.5017089844
0.1848449707
0.1320343018
0.1848449707
-0.0679931641
-0.2039642334
0.2719573975
-0.1359863281
-0.4759368896
0.2379608154
0.6119079590
-0.4079437256
0.0000000000
-0.2490844727
0.1245422363
0.1245422363
-0.2490844727
0.0000000000
0.3736267090
0.0000000000
-0.4802703857
0.2058258057
0.1372222900
0.6861114502
0.0686035156
0.0000000000
-0.2744445801
0.0000000000
-0.2757415771
0.6696777344
0.4727172852
-0.3151397705
0.1969604492
0.0787811279
-0.0393981934
0.2363586426
0.2795104980
-0.0931701660
0.5590209961
0.3726806641
0.1863403320
-0.2795104980
0.0931701660
0.1863403320
0.0000000000
-0.2066192627
-0.7748107910
-0.1291351318
-0.1291351318
0.2582702637
-0.2066192627
0.4390563965
0.5118255615
-0.1023712158
-0.2047271729
-0.5118255615
0.1023712158
0.0000000000
-0.1023712158
-0.5630035400
0.1280212402
-0.0426788330
-0.1564788818
0.9672851562
-0.0142211914
0.0426788330
0.0142211914
0.1138000488
-0.2897949219
0.6623840332
0.1656036377
-0.1656036377
-0.2070007324
-0.4967956543
-0.1241912842
0.2483978271
0.0242156982
-0.6538543701
0.0242156982
-0.3632507324
0.0484313965
-0.1452941895
-0.0242156982
0.6296386719
0.1135406494
0.0000000000
0.1135406494
-0.1135406494
0.3406372070
-0.5677337646
0.1135406494
0.1135406494
0.9819183350
0.0417785645
0.1253509521
-0.0417785645
-0.0417785645
0.0208892822
0.0208892822
0.0000000000
-0.1216278076
0.1216278076
-0.1216278076
-0.1216278076
-0.1216278076
0.0000000000
-0.2432556152
-0.1216278076
-0.3593902588
-0.4492340088
-0.0898437500
0.0898437500
-0.2695465088
0.5390777588
0.0000000000
0.0898437500
0.0000000000
0.8388824463
0.0000000000
0.2097167969
0.0524291992
0.0000000000
0.3670196533
-0.1572875977
-0.0664672852
-0.0664672852
0.0664672852
-0.4653015137
-0.5317687988
0.3323516846
-0.2658843994
0.3988189697
-0.0991058350
-0.0660705566
-0.5285644531
0.1982116699
0.4294586182
-0.4955291748
-0.4294586182
0.1321411133
0.2950134277
0.0000000000
-0.3318939209
-0.0737457275
0.7375335693
-0.2950134277
-0.3318939209
0.1106262207
0.3225708008
0.3722076416
0.1985015869
-0.2977600098
-0.6451416016
0.3225708008
-0.2233276367
0.1985015869
0.2405242920
0.1202545166
0.4810485840
0.1202545166
0.0000000000
-0.1202545166
-0.1202545166
-0.2405242920
0.8704223633
0.0000000000
-0.0483551025
0.0000000000
0.2901458740
0.2417907715
0.0000000000
-0.1450653076
0.2532501221
-0.1519470215
0.8863830566
0.1772766113
0.0506439209
0.1013031006
-0.1013031006
0.2279205322
-0.0826721191
-0.4960784912
0.4960784912
-0.1653594971
-0.0826721191
0.3307189941
-0.2480316162
-0.2480316162
0.1301116943
0.0650634766
-0.1951751709
0.0000000000
0.3903503418
0.0000000000
-0.7807006836
0.1951751709
0.3803100586
0.1521301270
0.6845703125
-0.3803100586
0.0760650635
0.0760650635
-0.0760650635
-0.0760650635
-0.0820922852
0.9029998779
-0.4104614258
0.0000000000
-0.0273590088
0.0136871338
-0.0273590088
0.0410461426
-0.1234283447
0.0000000000
-0.1234283447
-0.1234283447
0.1234283447
0.1234283447
-0.1234283447
0.4937286377
0.0000000000
0.2766265869
0.1728973389
0.3457946777
-0.2420501709
0.4841003418
0.6569976807
-0.1037445068
0.1666564941
0.3571319580
0.5237884521
0.2142791748
0.0476226807
0.5237884521
-0.4285583496
0.2142791748
-0.1957244873
0.2446594238
0.0978698730
-0.5382385254
-0.0489349365
-0.5871734619
-0.3425140381
0.2446594238
0.0000000000
0.0000000000
0.0000000000
-0.2357025146
-0.1178436279
0.1178436279
-0.1178436279
-0.1178436279
0.6816253662
-0.1817626953
-0.1817626953
-0.2499237061
-0.5680084229
0.1136016846
0.1136016846
0.2044830322
0.0902099609
-0.0902099609
0.4059295654
0.0451049805
-0.4961395264
0.1804199219
0.6314544678
-0.2706298828
-0.1347198486
-0.4041748047
0.1347198486
0.4715423584
-0.3368225098
0.0673675537
0.5389099121
0.1347198486
-0.4878082275
0.1219482422
0.1219482422
-0.1219482422
-0.2438964844
-0.1219482422
0.0000000000
0.1219482422
-0.2070922852
0.8283996582
0.3106536865
-0.2847595215
0.1035461426
0.0776672363
-0.0258941650
0.2329864502
0.5724334717
-0.3180084229
0.5724334717
-0.0635986328
0.0000000000
-0.2544097900
0.1908111572
0.0635986328
-0.0307464600
-0.3996276855
-0.6762847900
-0.1537017822
-0.1537017822
0.2766571045
-0.1229553223
0.4611053467
0.4084320068
-0.0371246338
-0.3712921143
-0.4084320068
0.2599029541
-0.1113891602
-0.2227783203
-0.5940704346
0.1063842773
-0.0797882080
-0.1196746826
0.9707489014
0.0000000000
0.0265960693
0.0398864746
0.1329803467
-0.0333251953
0.6998901367
0.0666503906
-0.0666503906
-0.2332916260
-0.5998992920
-0.0999908447
0.1999664307
-0.1262969971
-0.4841156006
0.1473388672
-0.4209747314
-0.1052398682
-0.1894378662
0.0841979980
0.6946105957
-0.1224670410
-0.1224670410
-0.2449493408
0.0000000000
0.1224670410
-0.2449493408
0.2449493408
0.3674163818
0.9876861572
0.0303955078
0.0911712646
-0.0151977539
0.0607757568
0.0607757568
0.0151977539
0.0000000000
-0.1150360107
0.1150360107
-0.1150360107
0.1150360107
-0.1150360107
0.1150360107
0.0000000000
0.1150360107
-0.2011871338
-0.4023742676
0.0000000000
0.2011871338
-0.1341247559
0.7376861572
-0.0670623779
0.2011871338
-0.0298767090
0.9560852051
-0.0298767090
0.1493835449
-0.0597534180
0.0597534180
0.1493835449
-0.0597534180
-0.2020874023
0.1347198486
0.2020874023
-0.1347198486
-0.7409973145
0.4041748047
0.0000000000
0.1347198486
-0.1038665771
-0.0346221924
-0.3462066650
0.2423400879
0.5539245605
-0.4500732422
-0.4500732422
0.2423400879
0.2229003906
0.0000000000
-0.2865753174
-0.0955200195
0.8597412109
0.0318450928
-0.2229003906
0.1910552979
0.3214263916
0.2337646484
0.0584411621
-0.3506469727
-0.5259552002
0.3798522949
-0.3798522949
0.3506469727
0.1178436279
0.2357025146
0.1178436279
0.2357025146
-0.4714050293
0.1178436279
-0.1178436279
-0.2357025146
0.9482879639
0.0882110596
-0.0882110596
-0.0882110596
0.1543731689
0.1543731689
0.0441131592
-0.1102600098
0.1364288330
-0.0954895020
0.9413299561
0.2182769775
-0.0136413574
0.0954895020
-0.0272827148
0.1500701904
-0.0699310303
-0.3496398926
0.4895019531
-0.2097930908
-0.0699310303
0.4195709229
-0.3496398926
-0.3496398926
0.0709228516
-0.1418304443
-0.1418304443
-0.0354614258
0.1772918701
0.0000000000
-0.9219360352
0.1772918701
0.2882232666
0.1152801514
0.6340789795
-0.4035034180
-0.0576477051
0.2305755615
-0.3458557129
-0.2305755615
-0.0605163574
0.8977050781
-0.4236297607
0.0302581787
0.0100860596
0.0504302979
-0.0504302979
0.0403442383
-0.0981750488
0.1963348389
0.0000000000
-0.2945098877
0.0981750488
0.1963348389
0.0000000000
0.6871795654
-0.0826263428
0.2203369141
0.2478790283
0.3029785156
-0.3029785156
0.6610260010
0.4682312012
-0.1377105713
0.1630859375
0.3727874756
0.4426879883
0.3028869629
0.0233001709
0.6057739258
-0.3960876465
0.0699005127
0.0422363281
0.1267242432
0.0844726562
-0.4646301270
-0.0844726562
-0.7180633545
-0.3379211426
0.2534332275
0.0000000000
0.0000000000
-0.4762878418
-0.2381439209
-0.1190643311
0.2381439209
-0.2381439209
-0.1190643311
0.6415557861
-0.1425628662
-0.0237579346
-0.2851409912
-0.6653137207
-0.0475158691
0.0950469971
0.1188049316
0.0615386963
-0.1230621338
0.3076629639
0.1230621338
-0.5538024902
0.0000000000
0.6153259277
-0.2461395264
-0.3650970459
-0.4259490967
0.0608520508
0.4867858887
-0.3042449951
0.1217041016
0.4259490967
0.1825408936
-0.3944702148
0.2958526611
0.1972351074
-0.4930877686
-0.1972351074
-0.0986175537
-0.1972351074
-0.1972351074
-0.1036987305
0.9332275391
0.1866455078
-0.1866455078
0.0829467773
0.0829467773
0.0000000000
0.1451721191
0.6360321045
-0.4452209473
0.3816223145
-0.1908111572
-0.0635986328
-0.1908111572
0.1908111572
0.0635986328
-0.0975189209
-0.4875640869
-0.4388122559
-0.1462707520
-0.1462707520
0.3900604248
0.0000000000
0.5363311768
0.2838592529
0.0000000000
-0.3784790039
-0.3469390869
0.3469390869
-0.0315399170
-0.3784790039
-0.5992584229
0.0601196289
-0.0450897217
-0.1052246094
0.9770202637
-0.0150299072
0.0300598145
0.0450897217
0.1352844238
0.0267791748
0.7498931885
0.0535583496
0.0803527832
-0.2946014404
-0.5088500977
-0.0267791748
0.2410430908
-0.1320343018
-0.2904663086
0.2640533447
-0.4488983154
-0.1320343018
-0.0264129639
0.0000000000
0.7657623291
-0.1631927490
-0.7343444824
-0.0815887451
-0.1631927490
0.0000000000
0.0000000000
0.0815887451
0.4079742432
0.9826202393
0.0409393311
0.1228332520
0.0409393311
0.0818786621
0.0545959473
0.0136413574
-0.0136413574
-0.1064758301
0.1064758301
0.0000000000
-0.1064758301
-0.1064758301
-0.1064758301
0.0000000000
0.0000000000
0.0000000000
-0.1150360107
0.0000000000
0.1150360107
0.1150360107
-0.2300720215
0.0000000000
0.0000000000
-0.1527862549
0.9167327881
-0.1527862549
0.0764007568
-0.0381927490
-0.2291870117
-0.0764007568
0.0000000000
-0.1804046631
0.0000000000
0.0901947021
-0.1804046631
0.1804046631
0.4510040283
-0.6314086914
0.0901947021
0.1201629639
-0.1201629639
-0.2403106689
-0.3003997803
-0.6608734131
-0.4205474854
-0.3003997803
0.0000000000
-0.0837402344
0.1674957275
-0.0279083252
-0.1674957275
-0.6420593262
-0.6699829102
0.0000000000
-0.2233276367
0.0000000000
0.4588775635
0.5162353516
-0.1147155762
-0.5735931396
-0.1720733643
-0.1147155762
0.1720733643
0.0931701660
0.1863403320
0.4658508301
-0.4658508301
-0.0931701660
-0.1863403320
0.1863403320
-0.3726806641
-0.3077850342
0.2308349609
0.1539001465
-0.3077850342
0.2308349609
-0.3077850342
0.6155700684
-0.0769500732
0.3602752686
-0.1441040039
0.1441040039
0.1441040039
-0.2161560059
-0.7205505371
0.2161560059
0.1441040039
0.1249389648
-0.3748321533
-0.1249389648
0.0000000000
-0.1249389648
-0.1249389648
-0.2498779297
0.0000000000
0.2139739990
0.0000000000
-0.4992675781
0.0000000000
0.0713195801
0.1426544189
-0.7132415771
0.0000000000
0.1219482422
-0.1219482422
0.2438964844
0.2438964844
0.1219482422
-0.3658599854
-0.1219482422
0.2438964844
0.0000000000
0.4407043457
0.2644195557
-0.0881347656
-0.3525543213
-0.2644195557
-0.2644195557
0.4407043457
0.0000000000
0.0000000000
0.0000000000
0.0588226318
0.0000000000
0.0000000000
0.0000000000
0.0000000000
0.0000000000
0.2498626709
0.0000000000
0.1249389648
0.0000000000
-0.1249389648
-0.3748016357
0.0000000000
0.2580718994
0.3225860596
0.5161437988
0.0645141602
-0.0645141602
0.3871002197
0.0000000000
0.5161437988
-0.3741607666
-0.1870880127
0.6859741211
-0.3117980957
0.1247253418
0.1247253418
-0.2494506836
0.1870880127
0.0000000000
0.0000000000
-0.1064758301
0.1064758301
0.1064758301
-0.1064758301
0.1064758301
0.0000000000
0.4057312012
0.0000000000
0.0000000000
-0.4057312012
-0.5071563721
0.0000000000
0.0000000000
-0.2028656006
-0.2433624268
0.0000000000
0.5910339355
-0.2086029053
-0.3476715088
-0.0347595215
0.5562591553
-0.2781372070
0.0000000000
0.0000000000
0.1000061035
0.1000061035
-0.1000061035
0.0000000000
0.0000000000
-0.1000061035
0.1152801514
0.1152801514
0.0576477051
-0.8646545410
0.2882232666
0.1152801514
0.0576477051
-0.1152801514
0.0638580322
0.7663269043
0.3193054199
-0.1277160645
0.1915893555
0.2554473877
-0.1915893555
0.1277160645
-0.2879943848
0.1920013428
0.0959930420
0.3840026855
0.2879943848
-0.2879943848
0.0000000000
0.4799957275
0.0515136719
-0.1545562744
-0.7212829590
-0.2575988770
-0.1030426025
0.3091278076
-0.1545562744
0.4121551514
-0.1145324707
-0.1717987061
0.1717987061
0.3435974121
0.5726470947
0.4008636475
0.2290649414
-0.4008636475
0.0779113770
-0.0194702148
-0.2142486572
0.9543609619
0.1168670654
0.0584259033
-0.0779113770
0.0389556885
-0.0831604004
0.8315582275
-0.1247253418
-0.0831604004
0.1663055420
-0.3741912842
-0.1663055420
-0.1663055420
0.3233795166
-0.6005554199
0.0923919678
-0.2309875488
0.2771759033
0.1847839355
0.5081634521
0.1847839355
0.0000000000
-0.4786834717
-0.1196746826
-0.1196746826
0.1196746826
-0.3590087891
0.1196746826
0.0000000000
-0.4895629883
0.2447814941
-0.2447814941
-0.2447814941
-0.4895629883
0.2447814941
-0.1631927490
0.1631927490
-0.1064758301
0.1064758301
0.0000000000
0.0000000000
-0.1064758301
-0.1064758301
0.1064758301
0.0000000000
0.0000000000
-0.2357025146
0.1178436279
0.0000000000
-0.1178436279
-0.1178436279
0.0000000000
-0.1178436279
-0.1174468994
0.6459503174
-0.3523406982
0.2936096191
-0.1761627197
-0.4110565186
-0.1761627197
0.1174468994
-0.0838012695
0.0000000000
0.1676177979
-0.4190368652
0.0838165283
0.3352355957
-0.5028533936
0.4190521240
0.0545654297
0.0000000000
-0.3274078369
-0.1636962891
-0.6548004150
-0.4365386963
-0.3819732666
0.0000000000
-0.0352630615
0.0352630615
-0.1410369873
-0.1763000488
-0.7757263184
-0.5289001465
-0.0705261230
-0.1410369873
0.0836639404
0.4601440430
0.3764801025
-0.2509918213
-0.7111358643
0.0836639404
-0.0836639404
0.0000000000
0.3370056152
0.1123352051
0.0000000000
-0.3370056152
0.1123352051
-0.1123352051
0.2246704102
-0.4493408203
-0.5548095703
0.0000000000
0.3328857422
-0.2774047852
0.2774047852
-0.2774047852
0.4993286133
0.0000000000
0.5438232422
0.0000000000
0.0000000000
0.0679779053
-0.4758453369
-0.5438232422
0.1359558105
0.0679779053
-0.1166229248
-0.5830993652
0.1166229248
-0.1166229248
-0.1166229248
0.0000000000
-0.2332305908
-0.1166229248
0.2728424072
-0.1636962891
-0.6548004150
0.0545654297
0.3819732666
0.0545654297
0.3819732666
0.2728424072
0.1071319580
0.1071319580
0.6428222656
0.1071319580
0.0000000000
-0.3214111328
0.1071319580
0.1071319580
0.0726165771
0.6535491943
0.0000000000
0.0000000000
-0.3630828857
-0.2178497314
-0.1452331543
0.4356994629
0.0000000000
0.1150360107
-0.1150360107
0.0000000000
0.0000000000
0.1150360107
0.0000000000
0.2300720215
-0.1250000000
0.3750000000
0.0000000000
0.0000000000
0.1250000000
-0.2500000000
0.0000000000
0.1250000000
0.2757110596
0.5054779053
0.5054779053
0.0919036865
-0.0919036865
0.4135742188
-0.3216705322
0.2297668457
-0.0653381348
-0.1959991455
0.7186737061
-0.3266754150
0.1306610107
-0.1306610107
-0.3919982910
0.0653381348
0.0000000000
0.0911560059
0.0000000000
0.0000000000
0.0000000000
-0.0911560059
0.0911560059
0.0000000000
0.5986328125
0.0000000000
0.0000000000
-0.5525817871
-0.5065460205
-0.0921020508
0.0000000000
-0.0460510254
-0.2840270996
0.0000000000
0.4615478516
-0.1775207520
-0.3550415039
-0.1065063477
0.5325469971
-0.4615478516
0.0000000000
-0.2226867676
0.0000000000
0.1113433838
0.0000000000
0.0000000000
0.1113433838
0.0000000000
0.1060485840
0.2120971680
0.2120971680
0.4241790771
0.4241790771
0.1060485840
-0.3181304932
-0.1060485840
-0.1075439453
0.5915222168
0.5915222168
-0.2151031494
0.2688751221
0.2151031494
-0.0537719727
0.1613159180
-0.3057556152
0.2038421631
0.1019134521
0.4076843262
0.1019134521
-0.2038421631
0.0000000000
0.5095977783
0.0401153564
-0.1203460693
-0.8424072266
-0.2005767822
-0.1203460693
0.2406921387
-0.0802307129
0.3209228516
0.1711730957
-0.2567596436
0.0855865479
-0.0855865479
0.4279479980
0.2567596436
0.1711730957
-0.5991210938
0.0895080566
0.0000000000
-0.1640930176
0.9696044922
0.0895080566
0.0298309326
-0.0895080566
0.0298309326
-0.1467742920
0.1467742920
-0.2201538086
-0.2201538086
0.0000000000
-0.8072509766
-0.0733795166
-0.1467742920
0.3275909424
-0.7019805908
0.0935974121
-0.2339935303
0.2807922363
0.0000000000
0.3275909424
0.2807922363
0.0000000000
-0.2486572266
-0.1243286133
0.0000000000
0.0000000000
-0.2486572266
0.0000000000
0.2486572266
0.4001922607
0.5602722168
-0.2401123047
-0.0800323486
0.0000000000
0.1600799561
-0.2401123047
0.4001922607
-0.2357025146
0.0000000000
0.0000000000
-0.1178436279
-0.1178436279
-0.1178436279
0.1178436279
0.0000000000
0.0000000000
-0.4937286377
0.1234283447
0.0000000000
0.0000000000
-0.2468566895
0.1234283447
0.0000000000
-0.0432891846
0.7792968750
-0.3030548096
0.3463592529
-0.1298828125
-0.2164764404
-0.0865936279
0.2164764404
0.3352355957
-0.0838012695
0.0838165283
-0.7542724609
0.0000000000
-0.0838012695
-0.1676177979
0.1676177979
0.1568603516
-0.0522918701
-0.5228729248
0.1568603516
-0.5751647949
-0.2614440918
-0.4183044434
0.1045684814
0.2863311768
-0.0572662354
-0.4008636475
-0.2290649414
-0.5153808594
-0.4581298828
-0.3435974121
0.0000000000
0.1554718018
0.4975128174
0.2487640381
-0.2487640381
-0.6840820312
0.3109436035
-0.0932769775
0.0000000000
0.2089080811
-0.2089080811
-0.3133544922
-0.1044464111
0.0000000000
0.1044464111
0.0000000000
-0.6267242432
-0.1269531250
-0.3808593750
0.5078125000
-0.1904296875
0.2539062500
-0.3808593750
0.4443359375
0.0634765625
0.5755920410
-0.1918640137
0.6715240479
0.0959320068
-0.2877960205
0.0959320068
0.0479736328
0.0479736328
-0.3926696777
-0.5890197754
0.2945098877
-0.0981750488
0.0000000000
0.1963348389
-0.0981750488
-0.0981750488
0.1412353516
-0.2118530273
-0.7061614990
0.0000000000
0.3530883789
0.0000000000
0.1412353516
0.3530883789
0.1895141602
0.2842712402
0.4738006592
0.0000000000
0.0947570801
-0.5685577393
0.0000000000
-0.0947570801
0.1513824463
0.7064666748
-0.3027648926
0.0000000000
-0.3532257080
-0.2523040771
-0.1513824463
0.3027648926
0.0000000000
0.0000000000
-0.1000061035
-0.1000061035
0.1000061035
0.0000000000
0.0000000000
0.1000061035
0.0000000000
0.3102722168
-0.1034240723
0.3102722168
0.0000000000
-0.1034240723
0.6205291748
-0.1034240723
0.2494049072
0.5819396973
0.4710998535
0.1662750244
-0.0554199219
0.4156799316
-0.3602447510
0.1385650635
0.2494506836
-0.0623626709
0.3741607666
-0.3117980957
0.1870880127
-0.6236114502
-0.3741607666
0.0623626709
0.0000000000
0.0000000000
0.2357025146
0.1178436279
-0.1178436279
0.1178436279
0.0000000000
-0.1178436279
0.6870117188
0.0000000000
-0.1374053955
-0.3847198486
-0.5770874023
0.0000000000
0.0549621582
0.0274810791
-0.1229400635
0.0819549561
0.4098052979
-0.1229400635
-0.4098052979
-0.1639251709
0.6147003174
-0.4098052979
0.0000000000
-0.1000061035
-0.1000061035
0.1000061035
-0.1000061035
0.0000000000
0.0000000000
0.0000000000
-0.1132354736
0.1698608398
0.1132354736
0.7926940918
0.2831115723
0.0566253662
-0.3397216797
-0.1132354736
-0.3145904541
0.5243072510
0.6291656494
-0.3145904541
0.1048583984
0.0524291992
0.0524291992
0.1572875977
-0.1049804688
0.3149414062
0.0000000000
0.5248870850
0.3149414062
-0.1049804688
0.0000000000
0.3149414062
0.0000000000
-0.2892456055
-0.8099060059
-0.1157073975
-0.0867767334
0.2024688721
-0.1735534668
0.3760223389
0.3191528320
-0.0797882080
0.0000000000
-0.3191528320
0.2393646240
-0.3191528320
0.0797882080
-0.6383056641
0.0628204346
-0.0125579834
-0.0502624512
0.9926300049
0.0000000000
0.0376892090
-0.0376892090
0.0125579834
-0.2077331543
-0.3635406494
-0.1038665771
-0.1558074951
-0.2596740723
-0.7790222168
0.0519409180
0.1558074951
0.1715698242
-0.6434173584
0.2144775391
-0.3002624512
0.0428924561
-0.2144775391
0.0428924561
0.5576324463
0.1178436279
-0.2357025146
0.0000000000
-0.1178436279
-0.1178436279
0.1178436279
0.0000000000
0.0000000000
0.8820495605
0.2116851807
-0.0705566406
-0.1058502197
0.1058502197
-0.1411285400
-0.2116851807
0.2116851807
-0.2500000000
0.0000000000
-0.1250000000
-0.1250000000
-0.2500000000
-0.1250000000
-0.2500000000
-0.1250000000
0.0000000000
-0.4991302490
0.0000000000
-0.1247863770
0.0000000000
0.0000000000
0.0000000000
0.1247863770
-0.0296020508
0.9176483154
-0.1776123047
0.2664184570
0.0296020508
-0.0592041016
0.1184082031
0.0888061523
0.3891448975
-0.0972900391
-0.1945648193
-0.5837097168
0.1945648193
0.0972900391
-0.1945648193
0.1945648193
0.3515472412
-0.2343597412
-0.5468597412
0.0781250000
-0.5859222412
0.1562500000
-0.3124847412
0.0390625000
0.4089202881
-0.3066864014
-0.5111541748
-0.2044677734
0.2555847168
0.1533508301
-0.4089202881
0.3066864014
0.1923980713
0.5558319092
0.2137756348
-0.2565307617
-0.5772094727
0.4061737061
-0.1496429443
0.0855102539
-0.1249389648
-0.1249389648
-0.1249389648
-0.3748016357
0.1249389648
0.1249389648
-0.1249389648
0.0000000000
0.7791900635
-0.3408966064
0.2434997559
-0.1461029053
0.1461029053
-0.2921905518
0.0487060547
-0.0973968506
0.4177703857
-0.2785034180
0.7241210938
0.1670989990
-0.1114044189
0.3899078369
0.0556945801
0.0556945801
-0.5283050537
-0.3962249756
0.4622650146
-0.0660400391
0.1320800781
0.3301849365
-0.2641448975
-0.0660400391
0.1951751709
-0.1301116943
-0.5204620361
-0.0650634766
0.3903503418
-0.1951751709
0.5204620361
0.2602386475
0.3593444824
0.2874755859
0.5749664307
0.0000000000
0.1437377930
-0.5030822754
0.0718688965
-0.0718688965
0.0583648682
0.8462982178
-0.4085540771
-0.0583648682
-0.1750946045
-0.1750946045
-0.1167297363
0.0875549316
-0.1150360107
-0.1150360107
0.0000000000
-0.1150360107
0.0000000000
0.0000000000
0.0000000000
0.2300720215
0.0000000000
0.3748016357
0.1070861816
0.5354309082
-0.2141723633
0.2677154541
0.5889739990
-0.0535430908
0.3016357422
0.4955596924
0.4955596924
0.2369995117
0.1077270508
0.4524688721
-0.3447418213
0.1077270508
0.1576995850
0.1182708740
0.0000000000
-0.3153839111
-0.0394287109
-0.7490386963
-0.4730834961
0.1576995850
0.1249389648
-0.1249389648
0.1249389648
0.3748016357
0.0000000000
0.1249389648
0.1249389648
-0.1249389648
0.6724853516
-0.0224151611
-0.2017517090
-0.2465820312
-0.6500701904
0.0672454834
0.0448303223
-0.0224151611
0.0380554199
0.1141815186
0.5328216553
0.0380554199
-0.4186401367
-0.1902923584
0.6089324951
-0.2664031982
0.1076965332
-0.4307708740
-0.2153778076
0.2153778076
-0.4307708740
0.0000000000
0.2153778076
-0.2153778076
-0.3161926270
0.1580963135
0.3161926270
0.3952484131
0.0000000000
-0.0790557861
-0.6323852539
0.0000000000
-0.3346099854
0.6214294434
0.4302215576
-0.4302215576
0.0000000000
0.0000000000
0.0000000000
0.2390136719
0.2283172607
0.2283172607
0.1141510010
0.4566192627
0.2283172607
-0.2283172607
0.1141510010
0.2283172607
-0.1007232666
-0.3273468018
-0.6295013428
-0.1510772705
-0.1259002686
0.3021697998
-0.3273468018
0.4784240723
0.3819732666
0.1091308594
-0.1636962891
-0.4365386963
0.4365386963
-0.3819732666
0.0000000000
-0.4365386963
0.0955963135
-0.0743560791
-0.0212402344
0.9878997803
-0.0318603516
0.0531158447
0.0212402344
0.0318756104
-0.0863494873
-0.0863494873
0.0000000000
0.0431671143
-0.4748992920
-0.7771148682
0.2158660889
0.2158660889
-0.0291900635
-0.4963226318
0.2335662842
-0.3503417969
-0.2335662842
-0.2043609619
-0.0291900635
0.6714935303
-0.1245422363
-0.2490844727
0.0000000000
-0.2490844727
0.0000000000
0.0000000000
0.3736267090
-0.1245422363
0.9633636475
0.0786437988
0.0589752197
-0.0393218994
0.1179656982
-0.0393218994
-0.1179656982
0.1376190186
-0.1199951172
0.1199951172
0.0000000000
-0.1199951172
-0.1199951172
0.0000000000
-0.1199951172
-0.2400054932
-0.0959930420
-0.3840026855
0.0000000000
0.0959930420
-0.1920013428
0.6719970703
0.0959930420
0.0959930420
0.0235748291
0.9668731689
0.0000000000
0.0707397461
0.0235748291
0.0707397461
0.1886596680
0.0235748291
-0.1681976318
0.0000000000
-0.0840911865
-0.2522888184
-0.2522888184
0.6727905273
-0.1681976318
0.3363952637
0.3308563232
-0.3308563232
-0.4726562500
0.0945281982
-0.3308563232
0.1890563965
-0.5671844482
0.0945281982
0.2173004150
-0.2897491455
-0.4346160889
-0.1448669434
0.4346160889
0.5070495605
-0.3259582520
0.2535247803
0.1903228760
0.5498199463
0.1903228760
-0.2960662842
-0.5075378418
0.4017944336
-0.2749176025
0.1691741943
0.2199401855
0.3299102783
-0.3299102783
-0.2199401855
0.3299102783
0.1099700928
0.0000000000
0.3299102783
0.9347534180
0.0346221924
0.0000000000
-0.0692443848
0.1038665771
0.0346221924
-0.1038665771
-0.2423400879
0.2222747803
-0.1818542480
0.8284759521
0.2424774170
-0.1212463379
0.3435211182
0.1414489746
0.0808258057
-0.5088195801
-0.3180084229
0.5088195801
-0.0635986328
0.1272125244
0.3816223145
-0.2544097900
-0.1272125244
0.1479644775
-0.0739746094
-0.3698883057
-0.1479644775
0.5178527832
-0.0739746094
0.2959136963
0.5178527832
0.4399414062
0.4399414062
0.5027923584
-0.3770904541
0.0628509521
-0.2514038086
0.1257019043
-0.0628509521
0.0000000000
0.9319610596
-0.3374328613
-0.0642700195
0.0160675049
-0.0160675049
-0.0482025146
0.0482025146
0.0000000000
-0.2498626709
0.0000000000
-0.1249389648
-0.1249389648
-0.1249389648
-0.2498626709
0.2498626709
-0.0699157715
0.2097473145
0.1747894287
0.4893951416
-0.4194793701
0.4544372559
0.4893951416
-0.1398315430
0.2684936523
0.4564361572
0.4832916260
0.2953491211
0.1611022949
0.4564361572
-0.3758850098
0.0000000000
0.2039642334
0.1359863281
-0.1699676514
-0.3059539795
-0.1019897461
-0.7818908691
-0.3739471436
0.1359863281
0.0000000000
0.1150360107
0.0000000000
0.1150360107
0.0000000000
0.2300720215
0.0000000000
-0.1150360107
0.6588134766
0.0000000000
-0.1487579346
-0.1700134277
-0.7013092041
0.0637512207
0.0212554932
-0.0637512207
0.1224212646
0.0408020020
0.7345733643
0.0816192627
-0.1632385254
-0.2448577881
0.5305175781
-0.1224212646
-0.2102966309
-0.4205932617
0.0000000000
0.3504943848
-0.4906921387
0.0700988770
0.4906921387
0.0700988770
-0.3473510742
0.0000000000
0.0868377686
-0.5210266113
-0.5210266113
-0.1736755371
-0.1736755371
-0.0868377686
-0.2734222412
0.6640319824
0.2343597412
-0.5468597412
0.0000000000
-0.0781250000
0.0000000000
0.2734222412
0.2393341064
-0.1196746826
0.2393341064
0.0000000000
-0.1196746826
-0.3590087891
0.1196746826
0.3590087891
-0.1985321045
-0.3970642090
-0.5104980469
-0.1134490967
-0.1417999268
0.3970642090
-0.2552490234
0.5104980469
0.3496398926
0.1311187744
-0.2622375488
-0.3933410645
0.5244598389
-0.1311187744
-0.0874176025
-0.5244598389
0.0831604004
-0.0727691650
-0.0103912354
0.9875488281
-0.0415802002
0.0311889648
0.0311889648
0.0727691650
0.1394805908
0.2789611816
0.1394805908
0.2324676514
-0.5114440918
-0.6509246826
0.2324676514
0.1394805908
-0.1611022949
-0.3544158936
0.2255401611
-0.3544158936
-0.4188537598
-0.0322265625
-0.0644378662
0.6766204834
-0.3273620605
-0.7856750488
0.0654754639
0.0000000000
0.0000000000
0.0654754639
0.3273620605
0.1309509277
0.9704284668
0.0693206787
0.0866394043
0.0000000000
0.1386260986
0.0693206787
-0.0693206787
0.0866394043
-0.2357025146
0.1178436279
0.0000000000
0.1178436279
-0.1178436279
0.0000000000
-0.1178436279
0.0000000000
0.0689392090
-0.3446655273
0.0689392090
0.0689392090
0.0000000000
0.8271942139
-0.0689392090
0.1378631592
-0.0677795410
0.9827575684
-0.0169372559
0.0677795410
0.0000000000
0.0847167969
0.0847167969
0.0338897705
0.0607299805
0.1214752197
-0.1822052002
0.4251556396
-0.3036804199
0.6681060791
0.3036804199
0.1214752197
0.0549011230
0.0000000000
-0.0549011230
0.3293609619
0.5489349365
-0.1097869873
-0.6038360596
0.3293609619
0.1681518555
-0.3082733154
-0.2522277832
-0.1401214600
0.5044555664
0.6165618896
-0.3082733154
0.1961822510
0.1722717285
0.3937530518
0.1968841553
-0.3691406250
-0.3691406250
0.4921875000
-0.3937530518
0.2953186035
-0.1242218018
0.2484588623
-0.3726806641
0.0000000000
0.0000000000
0.1242218018
-0.1242218018
0.2484588623
0.9511413574
0.1305541992
-0.0746002197
-0.0372924805
0.0559539795
0.1492004395
-0.1118927002
-0.1492004395
0.1065979004
-0.1218261719
0.8984832764
0.2131958008
-0.1218261719
0.2588806152
0.1675109863
0.0609130859
-0.4391479492
-0.2195739746
0.5123443604
0.0000000000
0.2927703857
0.3659515381
-0.2195739746
-0.2195739746
0.0372009277
-0.1116180420
-0.0372009277
-0.0372009277
0.3348541260
0.0744171143
-0.8557586670
0.2976531982
0.3225860596
0.2580718994
0.1935577393
-0.7742156982
0.0000000000
0.1935577393
0.0000000000
-0.1290283203
-0.0126037598
0.9329071045
-0.3403778076
0.0000000000
0.0378265381
0.0504302979
-0.0252075195
0.0630340576
0.1153869629
-0.3461608887
0.1153869629
0.0000000000
-0.2307739258
-0.1153869629
-0.2307739258
0.4615325928
-0.1491241455
0.0894775391
0.2386016846
0.3877105713
-0.4771881104
0.5368347168
0.4175415039
-0.2087707520
0.2015533447
0.4894866943
0.4319000244
0.3743133545
0.2015533447
0.4606933594
-0.3167266846
-0.1151733398
0.1446838379
0.0361633301
-0.1085052490
-0.2893676758
-0.0361633301
-0.8680877686
-0.2531890869
0.1446838379
0.0000000000
0.1903381348
-0.7613372803
0.0951690674
-0.1903381348
0.0951690674
0.0000000000
0.0951690674
0.5645294189
-0.0225830078
-0.0451660156
-0.2483978271
-0.7677612305
-0.0677490234
-0.0451660156
-0.0677490234
0.1646881104
0.1097869873
0.7685089111
0.2744750977
-0.1097869873
-0.3293609619
0.2744750977
0.0000000000
-0.2810821533
-0.3513488770
0.0000000000
0.3513488770
-0.4918975830
0.1405334473
0.4918975830
0.0702667236
-0.1381988525
-0.0690917969
-0.1381988525
-0.7600555420
-0.3454742432
-0.1381988525
-0.0690917969
-0.2763824463
-0.1490325928
0.7079010010
0.2608032227
-0.5588684082
0.0000000000
0.0000000000
-0.0372619629
0.2235565186
0.0000000000
-0.1247863770
0.2495727539
0.1247863770
-0.2495727539
-0.2495727539
0.0000000000
0.2495727539
-0.3388671875
-0.3765258789
-0.3388671875
-0.0753021240
-0.0753021240
0.4894714355
-0.1129608154
0.5647735596
0.2150726318
0.0860290527
-0.3441009521
-0.3010864258
0.5161590576
0.0430145264
-0.2150726318
-0.6021881104
0.0212402344
-0.0318756104
-0.0318756104
0.9879608154
-0.0743560791
0.0318756104
0.0000000000
0.1062316895
0.1233062744
0.6782073975
0.0924835205
0.3391113281
-0.4624176025
-0.3082733154
0.2157897949
0.1233062744
-0.0939178467
-0.0313110352
0.4069976807
-0.2817687988
-0.4383087158
0.3756866455
-0.2504577637
0.5635375977
-0.2252960205
-0.9011535645
0.0450592041
-0.1351776123
0.0901184082
-0.0450592041
0.1802368164
0.0901184082
0.9737091064
0.1175231934
0.0671539307
0.0167846680
0.1343078613
0.0503692627
-0.0335693359
0.0503692627
0.1178436279
0.1178436279
-0.1178436279
0.0000000000
0.0000000000
-0.2357025146
0.0000000000
0.1178436279
0.1249389648
-0.1249389648
0.1249389648
0.0000000000
0.0000000000
-0.3748321533
0.2498779297
-0.1249389648
-0.0823364258
0.9674530029
-0.1235046387
0.0205841064
-0.0411682129
-0.1235046387
-0.1029205322
0.0205841064
-0.2447814941
-0.0815887451
-0.2447814941
0.1631927490
0.1631927490
0.2447814941
-0.6527404785
-0.3263702393
0.3316040039
-0.2368621826
-0.2368621826
0.0000000000
-0.3789672852
-0.6158294678
-0.4263458252
0.0000000000
-0.1348724365
0.1618499756
0.0000000000
-0.1348724365
-0.6474151611
-0.6474151611
-0.0539550781
-0.2697601318
0.0000000000
0.5181732178
0.2790069580
-0.0797119141
-0.7573242188
0.0398559570
-0.0797119141
0.1195831299
0.2664337158
0.0000000000
-0.7104949951
-0.1776275635
0.2664337158
0.0888061523
0.1776275635
-0.0888061523
0.5845642090
0.1349029541
0.5845642090
-0.2248382568
0.0449676514
0.0000000000
0.3597412109
0.2248382568
0.1172790527
-0.1172790527
0.8209075928
0.2736358643
-0.1954498291
-0.3127288818
0.1954498291
0.0000000000
0.0000000000
-0.1113433838
-0.1113433838
0.1113433838
-0.1113433838
-0.1113433838
-0.1113433838
0.0000000000
-0.3225860596
0.0645141602
-0.3225860596
0.0645141602
0.0645141602
0.1935577393
-0.7742156982
-0.0645141602
0.1653594971
-0.0826721191
0.6614379883
0.1653594971
0.1653594971
-0.4133911133
0.0826873779
0.2480316162
0.0000000000
0.9124145508
-0.0793457031
-0.1190185547
-0.1190185547
-0.2380218506
-0.1586761475
0.0000000000
-0.1228332520
0.0000000000
0.0000000000
0.2456817627
0.1228332520
0.1228332520
0.0000000000
-0.2456817627
-0.1237182617
0.0000000000
-0.1237182617
0.0000000000
0.1237182617
-0.2474365234
-0.1237182617
0.2474365234
0.3876647949
0.4264373779
0.6202697754
0.1550598145
0.0775299072
0.2326049805
-0.2326049805
0.3101348877
0.0000000000
-0.1326446533
0.5969238281
-0.4642791748
-0.1989746094
-0.0663299561
-0.4642791748
0.0663299561
-0.1113433838
-0.1113433838
0.1113433838
0.1113433838
0.0000000000
-0.1113433838
0.0000000000
0.1113433838
0.7954864502
0.0837402344
-0.3768157959
-0.2512054443
-0.1674652100
0.2512054443
-0.0837402344
0.0000000000
-0.2382354736
0.0000000000
0.5445556641
-0.3063049316
-0.4084167480
0.1020965576
0.5445556641
-0.2042083740
0.2300720215
0.1150360107
0.1150360107
0.0000000000
-0.1150360107
0.0000000000
0.0000000000
0.0000000000
0.0366516113
-0.0366516113
0.0366516113
-0.9529724121
0.1832580566
0.0000000000
-0.0733032227
-0.0733032227
0.0996551514
0.9633026123
0.0664367676
0.0332183838
0.0332183838
0.1328735352
0.0332183838
0.0332183838
-0.3221893311
0.3221893311
0.0000000000
0.3221893311
0.3221893311
-0.3221893311
0.1611022949
0.4832916260
-0.0589294434
0.0000000000
-0.5303192139
-0.4124755859
-0.1178436279
0.2357025146
-0.1178436279
0.5892486572
-0.0767211914
-0.4603424072
0.3836212158
0.0000000000
0.0000000000
0.3068847656
0.2301635742
-0.5370635986
0.0294342041
0.0000000000
-0.1324768066
0.9862518311
0.0000000000
0.0000000000
-0.0441589355
0.0000000000
-0.0991668701
0.9255065918
-0.1322174072
-0.0991668701
0.0661010742
-0.1983184814
-0.1322174072
-0.0991668701
0.3388977051
-0.6293792725
0.1936492920
-0.2904815674
0.3388977051
0.2420654297
0.3388977051
0.0484161377
0.2199401855
-0.6598205566
0.0000000000
0.1099700928
0.0000000000
-0.2199401855
0.0000000000
0.0000000000
0.3446655273
0.4825286865
-0.2068023682
0.0000000000
0.0000000000
0.4136047363
-0.4825286865
0.2068023682
0.0000000000
0.1150360107
-0.1150360107
-0.1150360107
-0.1150360107
-0.1150360107
0.1150360107
0.1150360107
0.1247253418
-0.2494506836
0.2494506836
0.0000000000
-0.1247253418
-0.2494506836
0.0000000000
0.0000000000
0.0000000000
0.9812469482
-0.0872192383
0.0218048096
-0.0654144287
-0.0872192383
-0.0436096191
0.0000000000
-0.1881713867
-0.0627288818
0.1254577637
-0.6272583008
0.1881713867
0.2509002686
-0.5645294189
-0.0627288818
0.1510009766
-0.0503387451
-0.1510009766
0.1006622314
-0.3523406982
-0.6543426514
-0.5536804199
0.0000000000
-0.0687561035
0.0687561035
-0.0687561035
-0.1718750000
-0.7562408447
-0.5499877930
0.0343780518
-0.2062530518
-0.0350036621
0.4900054932
0.2100067139
-0.1399993896
-0.8049926758
0.0350036621
-0.0700073242
0.0350036621
0.0000000000
-0.0805511475
-0.8054809570
-0.1611022949
0.2416381836
0.0805511475
0.1611022949
0.0805511475
0.3044891357
0.0869903564
0.6959686279
-0.3044891357
0.0000000000
-0.2174835205
0.3479919434
0.3044891357
0.2863769531
-0.1431884766
0.8233489990
0.1789855957
-0.2863769531
-0.1789855957
0.1073913574
-0.1431884766
-0.4076843262
-0.1019134521
0.1019134521
0.4076843262
0.4076843262
0.1019134521
0.0000000000
0.3057556152
-0.0747985840
-0.0747985840
-0.6731262207
0.0000000000
0.3739624023
0.0747985840
-0.4487609863
0.0000000000
0.1463775635
0.0731964111
0.7319183350
0.1463775635
0.0000000000
-0.4391479492
0.1463775635
0.1463775635
0.1217651367
0.9436340332
-0.1521911621
0.0000000000
-0.1217651367
-0.0608825684
-0.1521911621
0.0000000000
-0.1178436279
0.0000000000
0.0000000000
0.0000000000
0.1178436279
0.1178436279
-0.2357025146
0.1178436279
-0.2405242920
-0.2405242920
0.0000000000
0.1202545166
-0.1202545166
-0.1202545166
0.4810485840
0.1202545166
0.4169464111
0.4864349365
0.4864349365
0.1737213135
0.1737213135
0.2779693604
-0.3822021484
0.1737213135
0.1677398682
-0.1118164062
0.3913726807
-0.4472961426
-0.2236480713
-0.5032043457
-0.4472961426
0.0000000000
-0.1178436279
0.0000000000
0.2357025146
0.1178436279
-0.1178436279
-0.1178436279
0.0000000000
0.0000000000
0.8432159424
0.0790557861
-0.2635040283
-0.2898559570
-0.2898559570
0.1317596436
-0.0527038574
-0.0527038574
-0.2523193359
0.0315399170
0.6938781738
-0.2838592529
-0.3469390869
0.0315399170
0.3469390869
-0.3153991699
0.0000000000
-0.1150360107
0.0000000000
0.2300720215
-0.1150360107
0.0000000000
0.1150360107
0.0000000000
0.0556488037
0.0000000000
0.1112976074
-0.8904266357
0.2226104736
0.1112976074
-0.1669616699
0.0000000000
-0.0359802246
0.9355468750
0.1799163818
-0.1439361572
0.0359802246
0.0359802246
0.1439361572
0.0719604492
-0.3512420654
0.4390411377
0.0000000000
0.3512420654
0.1756134033
-0.2634277344
0.2634277344
0.3512420654
-0.0647888184
-0.1295776367
-0.7774353027
-0.3239288330
-0.1295776367
0.0647888184
-0.0647888184
0.3239288330
-0.0871582031
-0.6101074219
0.2614746094
0.0000000000
0.0000000000
0.0871582031
0.0871582031
-0.5229492188
0.0118560791
0.0000000000
-0.0592498779
0.9954223633
0.0118560791
-0.0236968994
-0.0118560791
0.0118560791
-0.2322235107
0.8359985352
-0.1857757568
-0.1857757568
-0.1393280029
-0.2786712646
-0.0464477539
0.0928955078
0.3793334961
-0.6954498291
0.1896667480
-0.1896667480
0.2528839111
0.0000000000
0.3161163330
0.0632171631
0.2320098877
-0.5800018311
0.1159973145
0.0000000000
-0.2320098877
-0.1159973145
0.0000000000
0.0000000000
0.7929687500
0.2798767090
-0.1399383545
0.1399383545
0.2332305908
0.2332305908
-0.2332305908
0.1399383545
0.0000000000
0.0000000000
-0.1150360107
0.0000000000
-0.1150360107
0.0000000000
0.1150360107
0.2300720215
-0.1245422363
-0.1245422363
0.3736267090
0.1245422363
0.1245422363
-0.2490844727
-0.1245422363
0.1245422363
0.0744018555
0.9858703613
-0.0558013916
0.0558013916
-0.0558013916
0.0186004639
0.0186004639
-0.0372009277
0.0000000000
0.1504211426
-0.0752105713
-0.6768798828
0.3008422852
0.3008422852
-0.3008422852
-0.2256317139
0.2607269287
-0.1042938232
-0.3128662109
0.1564331055
-0.6257476807
-0.2085876465
-0.5214538574
0.0521392822
0.0549774170
0.0549774170
-0.2748870850
-0.2748870850
-0.6597137451
-0.5497741699
0.0549774170
0.0549774170
0.0534515381
0.5612182617
0.0801696777
-0.1603393555
-0.7482757568
0.2405242920
-0.0534515381
0.0801696777
-0.1804046631
-0.2705993652
-0.7216033936
-0.1804046631
-0.0901947021
0.0901947021
-0.1804046631
0.0901947021
0.7661743164
-0.0383148193
0.4597015381
-0.1532287598
-0.1532287598
-0.2298583984
0.0000000000
0.2298583984
0.3110198975
-0.1333007812
0.8886413574
0.1110839844
-0.1333007812
0.1777343750
0.0222167969
-0.1333007812
-0.4573364258
-0.1306610107
0.2613372803
0.3919982910
0.5226745605
0.2613372803
0.0000000000
0.2613372803
0.0550537109
-0.1651763916
-0.3854217529
-0.1101226807
0.2752990723
-0.1651763916
-0.7708282471
0.1101226807
0.1749572754
0.3499298096
0.4374084473
0.0874786377
0.0000000000
-0.6123657227
-0.0874786377
0.0000000000
0.1468658447
0.9301147461
-0.2447662354
0.0979003906
-0.1223754883
0.0000000000
-0.0979003906
0.0000000000
0.0000000000
-0.1216278076
0.0000000000
-0.1216278076
0.0000000000
0.0000000000
-0.2432556152
0.2432556152
-0.2030029297
0.0000000000
0.1353454590
0.5413513184
-0.4736785889
0.2030029297
0.4736785889
-0.0676727295
0.3523559570
0.4878845215
0.4336700439
0.2981414795
0.1897277832
0.3523559570
-0.4065704346
0.1084136963
0.1985015869
-0.0794067383
0.2779083252
-0.2779083252
-0.1588134766
-0.6749267578
-0.5161285400
-0.0397033691
-0.1166229248
0.0000000000
0.5830993652
0.2332305908
0.0000000000
0.0000000000
0.0000000000
-0.2332305908
0.8126220703
0.0658874512
-0.1976623535
-0.2635498047
-0.4172973633
0.0878448486
-0.1317749023
-0.1098175049
-0.1288299561
0.0257720947
0.8503112793
-0.1288299561
-0.2576751709
-0.0773010254
0.2319030762
-0.3092041016
0.0000000000
0.0000000000
0.0000000000
0.0785675049
0.0000000000
0.0000000000
0.0785675049
0.0000000000
0.0000000000
0.0894927979
0.0000000000
-0.7159881592
0.3579864502
0.1790008545
-0.1790008545
-0.0894927979
-0.1526794434
0.8397216797
0.2290191650
-0.3053588867
-0.1145019531
-0.0763397217
0.1526794434
0.1908416748
-0.1153869629
0.4615325928
0.0000000000
0.2307739258
0.3461608887
-0.1153869629
0.2307739258
0.1153869629
-0.0546417236
-0.3278961182
-0.6557769775
-0.2185974121
-0.1092987061
0.1092987061
-0.2185974121
0.4918365479
-0.0947570801
-0.3790283203
0.0947570801
0.0000000000
0.0000000000
-0.2842712402
0.0000000000
-0.6633148193
0.0109252930
-0.0327911377
0.0000000000
0.9946594238
-0.0327911377
-0.0327911377
0.0546569824
0.0218658447
-0.2951354980
0.4722137451
-0.2951354980
-0.0590209961
-0.4131927490
-0.4722137451
0.0590209961
0.2951354980
0.2461395264
-0.5538024902
0.1230621338
-0.1230621338
-0.1846008301
-0.4922637939
0.1230621338
0.4307250977
0.2416839600
-0.2416839600
0.1208343506
-0.2416839600
-0.3625183105
0.0000000000
0.1208343506
-0.2416839600
0.9578399658
0.0547332764
-0.0273742676
-0.0547332764
0.1094665527
-0.0273742676
-0.1641998291
0.1094665527
0.0000000000
0.0000000000
-0.1178436279
-0.1178436279
-0.2357025146
0.0000000000
-0.1178436279
0.1178436279
-0.3572082520
0.0000000000
0.2381439209
0.2381439209
0.1190643311
0.2381439209
-0.2381439209
0.2381439209
0.0770568848
0.9862365723
0.0000000000
0.0308227539
-0.0462341309
0.0616455078
0.0770568848
-0.0308227539
0.0000000000
0.1863403320
-0.3726806641
0.2795104980
0.2795104980
0.4658508301
0.0931701660
-0.3726806641
0.2406158447
-0.1374969482
-0.1374969482
0.0687561035
-0.8593597412
0.2749938965
-0.2062530518
0.0687561035
0.0780944824
0.0000000000
-0.5466613770
-0.2342834473
-0.1561889648
-0.2342834473
0.2342834473
0.5466613770
0.1246795654
0.5485992432
0.0249328613
-0.2493591309
-0.5236663818
0.5485992432
-0.0997467041
0.1246795654
0.2416839600
0.0000000000
-0.4833679199
-0.1208343506
0.0000000000
0.1208343506
-0.2416839600
0.1208343506
0.9350433350
-0.1100006104
0.1375122070
-0.0825042725
-0.0825042725
-0.1375122070
-0.1375122070
0.1375122070
0.2529144287
-0.1264648438
0.8852233887
0.1264648438
-0.0421600342
0.3161468506
0.0210723877
-0.0632324219
-0.5716705322
-0.1905517578
0.3811187744
0.2858276367
0.4287567139
0.3334808350
-0.1429138184
0.1429138184
0.1237640381
-0.0618896484
-0.1856536865
-0.1856536865
0.2475280762
-0.3713073730
-0.7425994873
0.1856536865
0.1990661621
0.4976654053
-0.0995330811
0.0995330811
0.1990661621
-0.4976654053
-0.0995330811
-0.1990661621
0.1099853516
0.9348602295
-0.3116149902
0.0366668701
0.0000000000
-0.0183258057
-0.0549926758
-0.0366668701
0.2300720215
-0.1150360107
0.0000000000
0.0000000000
0.0000000000
0.0000000000
-0.1150360107
0.1150360107
-0.0855560303
0.1711120605
0.2566528320
0.4705352783
-0.5133209229
0.5133209229
0.2994384766
0.0000000000
0.3872222900
0.3872222900
0.3872222900
0.3595581055
0.2489318848
0.4148712158
-0.3872222900
0.1106414795
0.2961425781
0.0296173096
0.1184539795
-0.2369079590
-0.1776885986
-0.6811370850
-0.5626678467
0.0296173096
0.0000000000
0.0000000000
0.5557098389
0.1111450195
0.2222900391
0.0000000000
0.3334350586
-0.2222900391
0.7203979492
0.0675354004
-0.1800994873
-0.1350708008
-0.5853271484
0.0450286865
-0.1800994873
-0.1800994873
0.0000000000
0.0415954590
0.9152526855
0.0207977295
-0.1664123535
-0.1872100830
0.1456146240
-0.2496185303
0.0000000000
0.2432556152
0.0000000000
0.0000000000
0.1216278076
-0.1216278076
0.0000000000
-0.2432556152
0.0000000000
-0.0457153320
0.0457153320
-0.9599456787
-0.0457153320
0.0457153320
-0.0457153320
0.0000000000
-0.1730041504
0.8995971680
0.0691986084
-0.2422027588
-0.0691986084
-0.1730041504
0.0691986084
0.1383972168
-0.2477111816
0.3715667725
0.1238555908
0.1238555908
0.1238555908
-0.1238555908
0.2477111816
0.0000000000
-0.1186676025
-0.3560180664
0.3560180664
-0.4153594971
-0.0593414307
0.2966918945
-0.4747009277
0.3560180664
0.0959930420
0.2879943848
0.0000000000
-0.1920013428
0.2879943848
-0.0959930420
0.0000000000
-0.6719970703
0.0288543701
-0.0480957031
0.0000000000
0.9907989502
-0.0577087402
-0.0384826660
0.0769500732
0.0384826660
0.1108551025
0.7390289307
-0.2586669922
0.0738983154
-0.3695220947
-0.2586669922
0.2956085205
0.1847534180
-0.0893096924
-0.1786041260
0.2679138184
-0.1339569092
-0.6697845459
-0.3125610352
-0.1339569092
0.4911804199
0.1034240723
-0.5171051025
0.1034240723
-0.3102722168
-0.1034240723
0.0000000000
0.2068481445
-0.4136962891
0.9729919434
0.0397186279
0.0794219971
-0.0397186279
0.0595703125
-0.0595703125
-0.1191406250
0.0992889404
0.1064758301
0.0000000000
0.0000000000
0.0000000000
-0.2129516602
0.0000000000
0.0000000000
0.0000000000
-0.0905609131
-0.0905609131
0.0905609131
0.0905609131
0.0000000000
0.8150177002
-0.0905609131
0.0905609131
0.0543823242
0.9923858643
0.0407867432
-0.0271911621
-0.0271911621
0.0543823242
0.0135955811
0.0000000000
-0.1741638184
0.0870819092
-0.2176971436
0.8272399902
0.0000000000
0.3918609619
-0.0870819092
-0.0870819092
0.1214294434
-0.1214294434
0.1618957520
0.0809478760
-0.8094787598
0.2428436279
-0.4047393799
0.0809478760
0.1326446533
-0.0663299561
-0.3316345215
-0.1989746094
0.5969238281
0.3316345215
0.0000000000
0.4642791748
0.0594329834
0.4457855225
0.1485900879
-0.2674713135
-0.0594329834
0.7726898193
-0.2080383301
0.1783142090
0.2795104980
0.1863403320
-0.4658508301
-0.1863403320
-0.0931701660
-0.0931701660
0.0000000000
0.5590209961
0.9790954590
0.0233154297
0.0000000000
-0.0699310303
0.0466308594
-0.0233154297
-0.1165618896
-0.0466308594
0.1374969482
-0.0458374023
0.8708343506
0.1145782471
-0.1604156494
0.3666687012
0.1604156494
-0.0687561035
-0.4686737061
-0.1041564941
0.5207519531
0.2603759766
0.4165954590
0.3645172119
-0.1562194824
0.1041564941
-0.0370330811
0.0740509033
0.1110839844
-0.0370330811
0.0370330811
-0.0370330811
-0.9627227783
0.0740509033
0.2167205811
0.5056762695
-0.6501617432
-0.2167205811
0.1444854736
-0.1444854736
0.0722351074
-0.0722351074
0.0433807373
0.9542083740
-0.2747039795
0.0000000000
0.0578308105
0.0433807373
-0.0144653320
0.0000000000
0.2357025146
-0.1178436279
0.0000000000
-0.1178436279
-0.1178436279
0.0000000000
-0.1178436279
0.0000000000
-0.1231384277
0.0923461914
0.2770538330
0.3694000244
-0.4617614746
0.6156768799
0.3694000244
0.0615692139
0.4572296143
0.3962707520
0.3352966309
0.3962707520
0.4267425537
0.3048248291
-0.2438507080
0.0000000000
0.2266235352
0.0849761963
0.0566558838
-0.2832794189
-0.1699676514
-0.7365112305
-0.5098876953
-0.0283203125
0.1242218018
0.0000000000
0.4969024658
-0.1242218018
0.0000000000
0.1242218018
0.0000000000
0.1242218018
0.6448364258
0.0955352783
-0.2388305664
-0.0955352783
-0.6687316895
0.0477600098
-0.1432952881
-0.1432952881
0.0463867188
0.0695800781
0.9508819580
0.0695800781
-0.0231933594
-0.1623535156
0.1159667969
-0.1623535156
0.1216278076
0.1216278076
0.0000000000
-0.1216278076
0.2432556152
0.1216278076
-0.1216278076
-0.1216278076
0.0255584717
0.0000000000
0.0255584717
-0.9714355469
-0.1533813477
0.0000000000
0.1022491455
0.0000000000
-0.0918273926
0.9183044434
-0.0612182617
-0.2448883057
-0.0612182617
-0.2142791748
0.0306091309
0.0612182617
-0.2500000000
0.0000000000
-0.1250000000
-0.1250000000
-0.1250000000
-0.1250000000
0.2500000000
-0.2500000000
-0.3952331543
-0.1756591797
0.7026367188
-0.2195739746
0.0439147949
0.3952331543
-0.2195739746
-0.0439147949
0.1534423828
0.5370635986
-0.0767211914
-0.1534423828
0.3836212158
0.3068847656
-0.0767211914
-0.4603424072
0.0189361572
-0.0189361572
0.0284118652
0.9944152832
-0.0284118652
-0.0378875732
0.0473480225
0.0473480225
0.1284790039
0.9421386719
-0.1070556641
0.0856475830
-0.1712951660
-0.0428314209
0.1712951660
0.0428314209
-0.1293945312
0.0000000000
0.3019256592
-0.1293945312
-0.8195190430
0.0862731934
-0.1293945312
0.3450622559
-0.1320800781
-0.8584899902
0.1320800781
0.0000000000
-0.0660400391
0.0000000000
0.1981201172
-0.1981201172
0.9803161621
0.0000000000
0.0435638428
-0.0217895508
0.0871429443
0.0000000000
-0.1089172363
0.0435638428
0.0000000000
0.1000061035
0.0000000000
-0.1000061035
0.0000000000
-0.1000061035
0.0000000000
-0.1000061035
0.0749969482
-0.2250061035
0.0749969482
0.1499938965
0.0000000000
0.8249969482
-0.1499938965
0.1499938965
0.0117187500
0.9958038330
0.0117187500
0.0000000000
-0.0117187500
0.0468597412
-0.0117187500
0.0351409912
-0.0741424561
0.0494232178
-0.1730041504
0.9144439697
-0.0494232178
0.2965698242
0.0247192383
0.1235656738
0.0000000000
0.0000000000
0.4946289062
0.2698059082
-0.5395965576
0.0449676514
-0.5395965576
0.1798706055
0.2714538574
-0.2262115479
-0.0904846191
-0.0452423096
0.7691040039
0.3166961670
-0.1809692383
0.2714538574
0.1031646729
0.3352966309
0.3352966309
-0.2579193115
0.1289672852
0.7221984863
-0.3095092773
0.2063446045
-0.1184692383
0.0000000000
-0.3553924561
-0.1184692383
-0.3553924561
-0.1184692383
-0.1184692383
0.3553924561
0.9679412842
0.0930786133
-0.0744628906
-0.0744628906
0.0744628906
0.0744628906
-0.1116790771
-0.0930786133
0.0231018066
-0.0462036133
0.8546752930
0.1385955811
-0.2309875488
0.3233947754
0.2309875488
-0.1385955811
-0.4443359375
0.0000000000
0.5078125000
0.3173828125
0.5078125000
0.1904296875
0.0000000000
0.1269531250
-0.0823211670
0.0987854004
0.1481781006
0.0329284668
-0.0164642334
0.0823211670
-0.9713897705
-0.0329284668
0.1735076904
0.2891693115
-0.6940155029
-0.4048461914
0.1156768799
0.2891693115
0.1735076904
0.0578308105
0.0507507324
0.9642944336
-0.2199249268
0.0338287354
0.0507507324
0.0507507324
0.0338287354
0.0507507324
0.1150360107
-0.1150360107
0.0000000000
0.1150360107
-0.2300720215
0.0000000000
0.0000000000
0.0000000000
-0.1562500000
0.1339263916
0.3348083496
0.2678527832
-0.4241027832
0.6696319580
0.3571319580
-0.0446472168
0.4051361084
0.4726715088
0.3376159668
0.4051361084
0.4726715088
0.2025756836
-0.0675201416
-0.1688079834
0.0277557373
0.0832672119
0.1387634277
-0.3885650635
-0.1387634277
-0.7771148682
-0.4163055420
-0.0277557373
0.1178436279
0.0000000000
-0.1178436279
0.0000000000
-0.1178436279
0.1178436279
0.0000000000
0.2357025146
0.5644836426
0.0490875244
-0.1717987061
-0.0981750488
-0.7608337402
-0.0245361328
-0.1963500977
-0.0490875244
0.0818328857
0.1091003418
0.9546356201
0.1091003418
0.1636505127
-0.0818328857
-0.0272827148
0.0000000000
0.0000000000
-0.1113433838
0.1113433838
-0.1113433838
0.0000000000
-0.1113433838
0.1113433838
-0.1113433838
-0.0212860107
0.0000000000
0.0212860107
-0.9793548584
-0.0851593018
0.0425872803
0.1277465820
0.0000000000
0.0000000000
0.9514312744
-0.0594635010
-0.1189270020
-0.1486663818
-0.1486663818
0.0594635010
-0.0297393799
-0.3689117432
0.0000000000
-0.2459411621
-0.1229705811
-0.2459411621
0.0000000000
0.1229705811
-0.2459411621
-0.6507873535
-0.1220245361
0.4474182129
-0.2440490723
0.0406799316
0.4880981445
-0.0813446045
0.0406799316
-0.0790557861
0.3952484131
-0.1580963135
-0.0790557861
0.4742889404
0.3952484131
-0.2371520996
-0.3952484131
-0.0092163086
-0.0092163086
0.0184326172
0.9953613281
-0.0460815430
-0.0092163086
0.0276489258
0.0552978516
0.0935821533
0.9670867920
-0.0779876709
0.1559753418
-0.0935821533
0.0155944824
0.0935821533
0.0000000000
-0.0722961426
0.2168884277
0.4337615967
-0.1445922852
-0.6506500244
0.4337615967
-0.2530212402
0.1445922852
-0.0448303223
-0.8966217041
0.2241516113
0.0000000000
-0.0896606445
-0.0448303223
0.2241516113
-0.1344909668
0.9899291992
0.0000000000
-0.0206298828
-0.0206298828
0.0412445068
0.0000000000
-0.0618743896
0.0000000000
-0.1150360107
0.2300720215
0.0000000000
0.0000000000
-0.1150360107
0.0000000000
-0.1150360107
0.0000000000
0.2283172607
-0.3424682617
0.0000000000
-0.2283172607
-0.2283172607
-0.2283172607
0.3424682617
-0.2283172607
0.0000000000
0.9914855957
-0.0504150391
0.0167999268
-0.0336151123
-0.0504150391
-0.0167999268
0.0336151123
-0.0977935791
0.0000000000
-0.4400482178
0.7823181152
-0.0244445801
0.0488891602
0.0977935791
-0.3911590576
0.4078674316
-0.1529541016
-0.4078674316
-0.0509796143
-0.4078674316
-0.5608062744
-0.2549133301
-0.1019592285
-0.1653594971
0.2126007080
0.1653594971
-0.0472412109
-0.5669250488
-0.7086486816
0.0236206055
-0.2362213135
0.0294799805
0.5012512207
0.2064056396
-0.0589752197
-0.7961120605
0.0294799805
-0.0884552002
0.1769104004
0.2416381836
0.1611022949
-0.8054809570
0.0000000000
0.0805511475
0.0805511475
0.0805511475
-0.1611022949
0.8264770508
0.1836547852
0.3673248291
-0.0918273926
-0.3061065674
0.0918273926
0.0612182617
0.0612182617
0.0259399414
-0.0907897949
0.9338073730
0.3242340088
-0.0129699707
0.0389099121
0.0518798828
-0.0648498535
-0.1172332764
0.4689483643
-0.1172332764
0.0000000000
0.2344665527
0.1172332764
-0.1172332764
0.3517150879
-0.1550750732
-0.0387725830
-0.0387725830
0.0969238281
0.0000000000
0.0775451660
-0.9692535400
-0.0775451660
0.2442932129
-0.1832275391
0.7939758301
0.1221466064
0.3664398193
-0.0610809326
0.0000000000
0.0000000000
0.0167694092
0.9889678955
-0.0838165283
-0.0167694092
0.0167694092
-0.0670471191
-0.0167694092
0.0167694092
0.0000000000
0.0000000000
0.1178436279
0.0000000000
0.1178436279
0.1178436279
0.1178436279
-0.2357025146
-0.1238555908
-0.2477111816
-0.1238555908
0.1238555908
0.0000000000
-0.2477111816
0.1238555908
0.3715667725
0.3541259766
0.3541259766
0.6197357178
0.1770629883
0.1475524902
0.4131622314
-0.2655944824
0.2065734863
-0.0664672852
0.0000000000
0.5982360840
-0.3988189697
-0.4653015137
-0.0664672852
-0.3323516846
0.0000000000
0.0000000000
-0.2498626709
0.0000000000
0.1249389648
-0.1249389648
0.0000000000
0.0000000000
0.3748016357
0.8027191162
0.1146697998
-0.3440246582
-0.1528930664
0.0764465332
0.3440246582
-0.1528930664
-0.0764465332
-0.2830505371
-0.1415252686
0.5943908691
-0.2830505371
-0.3679656982
0.2830505371
0.4528656006
-0.1415252686
0.1228332520
0.0000000000
-0.1228332520
0.0000000000
-0.1228332520
0.2456817627
-0.2456817627
0.0000000000
-0.0249633789
-0.0499267578
-0.0748748779
-0.9734344482
0.0748748779
-0.0499267578
-0.0998382568
-0.0748748779
0.0754547119
0.9809417725
-0.0377349854
0.0565948486
-0.0754547119
0.0754547119
0.0377349854
-0.0565948486
-0.3621368408
0.3621368408
0.0724334717
0.3621368408
0.2897033691
-0.3621368408
0.1448516846
0.4345703125
0.0608520508
0.0000000000
-0.5476379395
-0.4259490967
-0.0608520508
-0.0608520508
-0.1217041016
0.6084899902
0.0000000000
-0.4886016846
0.1832275391
-0.0610809326
-0.3664398193
0.1832275391
0.2442932129
-0.6107482910
0.0587158203
0.0000000000
-0.0880584717
0.9833679199
-0.0587158203
0.0000000000
-0.1027374268
0.0293579102
-0.2022247314
0.9605865479
-0.0337066650
-0.0505523682
0.0000000000
-0.1179656982
-0.0842590332
-0.0505523682
0.2530212402
-0.6145019531
0.3253173828
-0.2891693115
0.2891693115
0.2891693115
0.3976135254
0.0361480713
0.2058258057
0.2058258057
0.2058258057
0.0000000000
0.1029205322
-0.2058258057
0.4116668701
-0.5145721436
0.8113098145
0.1081695557
0.1081695557
0.0540924072
-0.1622619629
0.2163543701
-0.3786163330
-0.0540924072
-0.1249389648
0.3748321533
0.0000000000
0.0000000000
-0.2498779297
-0.1249389648
-0.1249389648
0.1249389648
0.1172332764
-0.3517150879
0.1172332764
-0.2344665527
-0.2344665527
-0.3517150879
0.2344665527
-0.1172332764
0.0296783447
0.9944763184
0.0000000000
-0.0296783447
-0.0148468018
-0.0148468018
0.0296783447
-0.0296783447
-0.0325012207
0.0000000000
-0.4551086426
0.7801971436
-0.0650177002
0.0000000000
0.1300354004
-0.3575897217
0.3345642090
0.0669097900
-0.1338195801
0.0000000000
-0.5353088379
-0.5353088379
-0.2676544189
-0.2676544189
-0.1332702637
0.2887420654
0.2221069336
-0.0444183350
-0.4886322021
-0.7329406738
0.1554718018
-0.1776885986
0.0000000000
0.5080566406
0.0725860596
0.0362854004
-0.7983703613
0.1451568604
-0.0362854004
0.1814422607
0.1782989502
0.0000000000
-0.8023834229
-0.0891571045
0.0000000000
0.0891571045
0.0000000000
0.1782989502
0.7360839844
0.0669097900
0.4684143066
-0.0669097900
-0.4015045166
-0.0669097900
0.0000000000
0.1672973633
0.0226745605
-0.0906677246
0.9407501221
0.3060302734
-0.0453338623
0.0453338623
0.0339965820
-0.0566711426
-0.2705993652
0.2705993652
0.0000000000
0.1804046631
0.5411987305
0.1804046631
0.0901947021
0.4510040283
-0.1402587891
-0.0311737061
-0.0467529297
0.0311737061
0.0155792236
0.0155792236
-0.9818572998
-0.0623474121
0.2011871338
0.0000000000
0.8718109131
0.0670623779
0.1341247559
-0.1341247559
-0.0670623779
-0.0670623779
0.0598754883
0.9879302979
-0.1047821045
0.0299377441
0.0000000000
-0.0149688721
-0.0299377441
-0.0149688721
-0.1247253418
-0.2494506836
0.2494506836
-0.2494506836
0.0000000000
0.0000000000
0.0000000000
0.1247253418
-0.2246704102
-0.3370056152
0.0000000000
0.2246704102
-0.2246704102
0.0000000000
0.4493408203
0.2246704102
0.4142456055
0.4142456055
0.5247039795
0.1380767822
0.2485504150
0.3313903809
-0.3590087891
0.1933135986
0.1911926270
-0.1274566650
0.5098571777
-0.3823852539
-0.5098571777
-0.2549285889
-0.2549285889
-0.1274566650
-0.1064758301
-0.1064758301
0.0000000000
0.0000000000
-0.1064758301
0.0000000000
0.1064758301
-0.1064758301
0.8725585938
0.1407318115
-0.2533264160
-0.2814788818
-0.0281524658
0.1970367432
-0.0562896729
-0.0844421387
-0.3553771973
-0.1366882324
0.7654113770
-0.2733612061
-0.1913604736
0.1913604736
0.1913604736
-0.2460327148
0.0000000000
-0.1216278076
-0.2432556152
0.2432556152
0.1216278076
0.0000000000
0.0000000000
0.0000000000
-0.0214691162
-0.0858612061
-0.0429382324
-0.9874572754
0.0000000000
0.0214691162
0.0000000000
0.0000000000
0.0164947510
0.9901428223
-0.0330047607
-0.0330047607
-0.0825042725
0.0164947510
0.0330047607
-0.0164947510
-0.3970947266
0.5294494629
0.0000000000
0.3970947266
0.2647247314
-0.1985473633
0.1985473633
0.3309020996
0.2830657959
0.0000000000
-0.3774108887
-0.3774108887
0.0943603516
-0.4717712402
0.2830657959
-0.0943603516
0.0000000000
-0.4136047363
0.0000000000
-0.0689392090
-0.4136047363
0.0000000000
0.1378631592
-0.6893310547
0.0000000000
-0.0134277344
-0.0537414551
0.9942016602
-0.0268707275
-0.0134277344
-0.0402984619
0.0134277344
-0.1667785645
0.9749908447
-0.0384826660
-0.0384826660
-0.0384826660
-0.1026306152
-0.0256652832
0.0256652832
0.2650299072
-0.7067413330
0.3092041016
-0.0441741943
0.2208557129
0.0883483887
0.4417114258
-0.1325073242
0.0924072266
0.4620056152
0.0924072266
-0.2772064209
-0.1847991943
-0.0924072266
0.3696136475
-0.4620056152
0.9500885010
0.0380096436
0.0000000000
0.1140136719
0.0380096436
0.1520080566
-0.0760040283
-0.0760040283
0.0000000000
0.1199951172
-0.1199951172
0.0000000000
-0.1199951172
-0.1199951172
-0.1199951172
0.2400054932
-0.2110137939
-0.1055145264
0.4220428467
-0.1055145264
-0.2110137939
-0.5275421143
0.1055145264
-0.1055145264
0.0472412109
0.9919433594
0.0118103027
-0.0354309082
0.0118103027
-0.0236206055
0.0472412109
-0.0708465576
0.1801452637
0.0720520020
-0.4323577881
0.7566223145
0.0720520020
0.0720520020
0.1441192627
-0.3602905273
0.2595214844
-0.0865020752
-0.3027801514
0.0000000000
-0.8650665283
0.0000000000
-0.0865020752
-0.1297607422
0.0000000000
0.3529052734
0.2058563232
-0.0294036865
-0.2646789551
-0.8234405518
0.2352752686
-0.0294036865
-0.0402832031
0.4833221436
-0.1611022949
0.0402832031
-0.6041564941
0.4833221436
-0.0805511475
0.2819366455
-0.1060485840
-0.2120971680
0.2120971680
0.0000000000
-0.5302276611
-0.3181304932
-0.3181304932
0.0000000000
0.7969207764
-0.0257110596
0.2313690186
0.1028289795
-0.4113159180
-0.0771179199
-0.2827758789
0.1542510986
0.0207214355
-0.1242980957
0.9426116943
0.2693176270
-0.0310821533
0.1139373779
0.0207214355
-0.0725097656
-0.3105163574
0.0776367188
0.2328948975
0.3881530762
0.5434112549
0.3105163574
0.0000000000
0.3105163574
-0.0922546387
-0.0131835938
-0.0263519287
0.0395355225
-0.0131835938
0.0131835938
-0.9883728027
-0.0790710449
0.1044464111
0.2089080811
0.6267242432
0.0000000000
0.0000000000
-0.3133544922
-0.2089080811
-0.1044464111
0.0943908691
0.9708404541
-0.1887817383
0.0404510498
-0.0269622803
0.0134887695
-0.0674133301
0.0000000000
0.0000000000
-0.1150360107
0.0000000000
-0.2300720215
0.0000000000
0.1150360107
0.0000000000
0.1150360107
-0.1981201172
0.1320800781
0.1981201172
0.5283050537
-0.3301849365
0.3962249756
0.4622650146
0.0000000000
0.3605346680
0.3882598877
0.5269317627
0.1941375732
0.3605346680
0.3327941895
-0.3327941895
0.1663970947
0.1807861328
-0.0903930664
0.5423431396
-0.2259826660
-0.4519500732
-0.3615722656
-0.4519500732
-0.0903930664
0.0000000000
-0.1247253418
0.2494506836
0.0000000000
0.0000000000
-0.1247253418
0.2494506836
-0.2494506836
0.8674926758
0.0963897705
-0.2409667969
-0.2409667969
-0.1927795410
0.1686859131
-0.0240936279
-0.1927795410
-0.2496032715
-0.0680694580
0.9076538086
-0.2042236328
-0.0226898193
0.0907592773
-0.0226898193
-0.2042236328
0.0000000000
0.0000000000
-0.2432556152
0.1216278076
0.2432556152
0.0000000000
-0.1216278076
0.0000000000
0.0000000000
-0.0912475586
-0.0729980469
-0.9853973389
0.0182495117
0.0364990234
0.0547485352
0.0000000000
0.0000000000
0.9908599854
-0.0825653076
-0.0137634277
-0.0412902832
0.0137634277
0.0137634277
-0.0550537109
-0.3446655273
0.6893310547
0.1378631592
0.3446655273
0.0689392090
-0.2068023682
0.2068023682
0.1378631592
0.3839416504
0.2559661865
0.4479370117
-0.2559661865
0.0000000000
-0.3839416504
0.1919708252
-0.4479370117
0.1576080322
-0.3152313232
-0.1576080322
-0.2364196777
-0.3940429688
-0.0788116455
0.1576080322
-0.6304626465
0.0000000000
-0.0675659180
0.0135192871
0.9863891602
-0.0945892334
-0.0540466309
0.0540466309
0.0405426025
-0.1716308594
0.9761199951
-0.0107269287
-0.0214538574
-0.0214538574
-0.1072692871
-0.0321807861
0.0214538574
0.1099548340
-0.7146911621
0.2199096680
0.1099548340
-0.1099548340
-0.3298645020
0.4398193359
-0.0549774170
0.0000000000
0.3068847656
-0.0767211914
-0.5370635986
-0.2301635742
-0.2301635742
0.3068847656
-0.4603424072
0.9899291992
0.0202026367
-0.0404052734
0.0202026367
0.0606079102
-0.0202026367
-0.0202026367
0.0000000000
0.1113433838
0.1113433838
0.0000000000
0.1113433838
0.0000000000
-0.1113433838
-0.1113433838
0.1113433838
-0.2176361084
0.2176361084
0.3264617920
0.0000000000
0.1088256836
-0.5440979004
0.0000000000
-0.2176361084
0.0292816162
0.9956970215
-0.0195159912
-0.0097656250
0.0097656250
0.0292816162
0.0292816162
-0.0488128662
0.0694122314
0.0000000000
-0.3933105469
0.8560485840
0.0231323242
0.0462799072
0.1850891113
-0.2313690186
0.1823730469
-0.0781555176
-0.1302642822
-0.1042175293
-0.9118804932
0.2605438232
0.0260467529
-0.1042175293
0.0425415039
0.4679870605
0.1701812744
0.0425415039
0.3403472900
-0.6806945801
0.2127227783
0.2552642822
-0.0380859375
0.0380859375
-0.4189453125
-0.0761718750
-0.0761718750
0.7998046875
-0.2285156250
0.2666015625
0.0802917480
0.0802917480
0.7226257324
0.1605834961
-0.3211669922
-0.3211669922
-0.0802917480
-0.0802917480
0.7752685547
-0.1772003174
0.0664520264
0.1550598145
-0.3765563965
0.0000000000
-0.3765563965
0.1993560791
-0.0200500488
-0.1303253174
0.9323272705
0.3107757568
0.0100250244
0.1102752686
-0.0200500488
-0.0300750732
-0.4564056396
0.2738494873
0.2738494873
0.3651275635
0.4564056396
0.0912780762
0.0000000000
0.0000000000
-0.0803680420
0.0114746094
0.0803680420
0.0344390869
0.0114746094
0.0114746094
-0.9873352051
-0.0803680420
-0.1804046631
0.2705993652
-0.5411987305
-0.1804046631
0.2705993652
0.0000000000
-0.0901947021
-0.4510040283
0.0853271484
0.9598846436
-0.2559661865
0.0213317871
0.0213317871
-0.0106658936
-0.0319976807
-0.0106658936
0.1216278076
0.0000000000
0.0000000000
-0.2432556152
0.0000000000
0.1216278076
-0.2432556152
0.0000000000
-0.1327667236
0.2212829590
0.3097991943
0.3983154297
-0.3540649414
0.6638641357
0.2212829590
0.0000000000
0.3876647949
0.3045959473
0.4153594971
0.3322906494
0.3876647949
0.3599700928
-0.3876647949
0.1384582520
0.2552032471
-0.0364532471
0.4374847412
-0.1822814941
-0.3645782471
-0.4739532471
-0.5104064941
-0.2187500000
0.0000000000
-0.1129455566
0.2258758545
0.2258758545
0.1129455566
-0.2258758545
0.5646972656
0.1129455566
0.7957916260
0.0265197754
-0.2917938232
-0.1326293945
-0.4244232178
0.1856842041
0.0265197754
-0.1591644287
-0.0764465332
0.0191040039
0.9746398926
-0.0955505371
0.0191040039
-0.0191040039
-0.1146697998
-0.0955505371
0.0000000000
0.1247253418
-0.2494506836
0.0000000000
0.2494506836
0.0000000000
-0.1247253418
-0.2494506836
0.0000000000
-0.0826568604
-0.0275573730
-0.9918060303
0.0000000000
0.0275573730
0.0413208008
0.0137786865
-0.0115203857
0.9905395508
-0.0691070557
0.0230407715
0.0575866699
-0.0230407715
-0.0230407715
-0.0691070557
-0.5119171143
0.5759124756
0.1279754639
0.3839416504
-0.1279754639
-0.1919708252
0.1919708252
0.1279754639
0.3160247803
0.1264038086
0.7900695801
-0.1264038086
0.0316009521
-0.2844238281
0.0948028564
-0.3476257324
0.2048339844
-0.1024169922
-0.2048339844
-0.3072509766
0.0000000000
0.2048339844
0.1024169922
-0.6144866943
-0.0238647461
-0.0715789795
0.0477142334
0.9782714844
-0.1312255859
-0.0954437256
0.0596466064
0.0238647461
-0.0711059570
0.9955596924
-0.0088958740
0.0177764893
-0.0088958740
-0.0266723633
-0.0088958740
0.0000000000
-0.3323516846
-0.2848663330
0.2848663330
0.0474853516
-0.5697326660
-0.4747772217
0.2848663330
0.1424407959
0.0000000000
-0.4326019287
0.0000000000
-0.4326019287
0.0000000000
-0.1730346680
0.2595672607
-0.5191192627
0.9911804199
0.0000000000
0.0000000000
-0.0173950195
0.0695495605
-0.0521697998
0.0000000000
0.0000000000
0.1150360107
0.1150360107
0.1150360107
0.1150360107
-0.1150360107
-0.1150360107
0.0000000000
0.1150360107
-0.2357025146
0.1178436279
0.0000000000
0.0000000000
0.0000000000
0.1178436279
-0.1178436279
-0.1178436279
0.0267028809
0.9970550537
-0.0088958740
-0.0088958740
0.0088958740
0.0445098877
0.0088958740
-0.0178070068
0.0355377197
-0.0177612305
-0.3730926514
0.8883209229
-0.0177612305
-0.0355377197
0.1421356201
-0.1954345703
0.0778961182
-0.0259704590
0.1038665771
-0.1298370361
-0.9347686768
0.2077331543
0.0519256592
-0.1557922363
0.0405120850
0.2835540771
0.1620330811
-0.0405120850
0.8101501465
-0.2025299072
-0.0810089111
0.3645629883
-0.0313720703
-0.2823181152
-0.5019073486
0.0627441406
0.4077911377
0.6587371826
-0.1254730225
0.1254730225
0.0871582031
0.3486328125
0.3486328125
0.0871582031
-0.2614746094
-0.1743164062
-0.0871582031
0.6101074219
0.9255218506
-0.1893157959
0.0000000000
0.0631103516
-0.1472473145
0.0420684814
-0.2103424072
0.1472473145
-0.0440216064
-0.0660247803
0.9463653564
0.2751007080
-0.0110015869
0.1320495605
0.0220031738
-0.0220031738
-0.3607940674
0.2705993652
0.3607940674
0.2705993652
0.5411987305
0.0901947021
-0.0901947021
0.0000000000
-0.0398406982
0.0298919678
0.1095733643
0.0398406982
-0.0298919678
0.0298919678
-0.9862060547
-0.0796966553
-0.2467346191
0.2467346191
-0.6908416748
0.0000000000
0.2467346191
0.3454132080
0.1480407715
-0.3454132080
0.0389556885
0.9639892578
-0.2531738281
0.0292053223
0.0194702148
0.0292053223
0.0000000000
0.0000000000
0.1064758301
0.0000000000
0.1064758301
-0.1064758301
-0.1064758301
0.0000000000
-0.1064758301
0.0000000000
-0.1680450439
0.1680450439
0.3697052002
0.2352600098
-0.3360900879
0.7393951416
0.2352600098
0.0000000000
0.4604492188
0.3376617432
0.3069610596
0.3990631104
0.4297485352
0.2762756348
-0.3376617432
0.1227874756
0.3372344971
0.1011657715
0.2697906494
-0.3372344971
-0.2697906494
-0.5733032227
-0.4721221924
-0.1686096191
0.0000000000
0.0000000000
0.0000000000
0.0000000000
0.0000000000
-0.1247253418
0.2494506836
0.3741607666
0.6505126953
0.0542144775
-0.2981414795
0.0270996094
-0.6505126953
0.1355285645
0.1355285645
0.0270996094
0.0699920654
0.0933227539
0.9565582275
0.0233306885
0.1166534424
-0.0699920654
-0.1866455078
0.0000000000
0.2494506836
0.0000000000
0.0000000000
0.0000000000
0.2494506836
0.1247253418
-0.1247253418
-0.2494506836
-0.0125732422
-0.0503082275
0.0000000000
-0.9934844971
-0.0503082275
0.0251464844
0.0377349854
0.0251464844
-0.0247192383
0.9886322021
-0.0494384766
0.0370788574
0.0617828369
-0.0617828369
-0.0123596191
-0.0741424561
-0.5196685791
0.2078704834
-0.2078704834
0.3117980957
0.0000000000
-0.2078704834
0.3117980957
0.1039276123
0.1038665771
0.1298370361
0.8828430176
-0.0259704590
0.1038665771
-0.2077331543
0.0519256592
-0.3375549316
0.3028411865
0.1009521484
-0.1009521484
-0.3028411865
0.1009521484
0.5047454834
0.0000000000
-0.4037933350
-0.0433807373
-0.0325317383
0.0867614746
0.9868621826
-0.0759124756
-0.0650634766
0.0433807373
0.0000000000
0.0086517334
0.9957885742
-0.0519561768
0.0432891846
-0.0259704590
-0.0086517334
0.0173187256
0.0173187256
-0.3798217773
0.1266021729
0.3798217773
-0.1266021729
-0.7596282959
0.0000000000
0.0000000000
0.2110137939
-0.1240081787
-0.8680267334
0.0619964600
-0.1240081787
0.0619964600
-0.0619964600
0.1240081787
-0.2480010986
0.9789276123
-0.0217590332
-0.0435028076
-0.0217590332
0.1305236816
-0.0652618408
-0.0217590332
0.0435028076
0.0000000000
0.1150360107
0.2300720215
0.0000000000
0.1150360107
0.0000000000
-0.1150360107
0.0000000000
0.0000000000
0.1243286133
0.1243286133
0.1243286133
0.1243286133
0.3729858398
0.0000000000
0.0000000000
0.0346527100
0.9963531494
-0.0173339844
0.0173339844
0.0000000000
0.0519866943
0.0086669922
0.0173339844
0.0000000000
-0.0363922119
-0.2729492188
0.9462280273
-0.0363922119
-0.0182037354
0.1273803711
-0.0182037354
-0.0265045166
0.0000000000
0.3709716797
0.0265045166
-0.9009399414
0.1324920654
-0.0529937744
-0.0794982910
-0.0733032227
0.0733032227
-0.0366516113
-0.0366516113
0.8430175781
-0.2199249268
-0.1466064453
0.4031829834
0.0618896484
-0.2166137695
-0.1856689453
0.0309448242
0.4641876221
0.7736358643
-0.1856689453
0.1856689453
-0.1659088135
0.2488708496
0.3318328857
-0.0829620361
-0.3318328857
-0.3318328857
0.0000000000
0.5807037354
0.9768066406
-0.1028289795
0.0000000000
-0.0171356201
0.1028289795
-0.0171356201
0.0171356201
0.1199645996
0.0000000000
-0.0139007568
0.9450836182
0.2501678467
-0.0694885254
0.1528778076
0.0694885254
-0.0694885254
-0.5150756836
0.2943267822
0.2943267822
0.1471710205
0.5886535645
-0.0735778809
0.0000000000
0.0735778809
-0.0178222656
0.0178222656
0.1158142090
0.0178222656
-0.0623626709
0.0089111328
-0.9888610840
-0.0356292725
-0.0688781738
0.1377410889
-0.5854034424
-0.1377410889
0.2066192627
0.6542663574
0.1721801758
-0.2754821777
-0.0147705078
0.9748077393
-0.1920013428
0.0000000000
0.0000000000
0.0147705078
0.0590820312
0.0443115234
0.0000000000
0.0000000000
0.0000000000
0.1113433838
-0.1113433838
0.0000000000
-0.2226867676
0.0000000000
-0.0830688477
0.2215270996
0.4153594971
0.0830688477
-0.2769012451
0.7753295898
0.2492065430
0.0000000000
0.4442443848
0.4100799561
0.2050323486
0.5126037598
0.4784240723
0.2050323486
-0.1025238037
0.1025238037
0.1872100830
0.1604614258
0.2406921387
-0.5616149902
-0.1872100830
-0.5883483887
-0.4011535645
-0.0267486572
0.0000000000
0.1243286133
-0.1243286133
0.0000000000
0.0000000000
-0.1243286133
0.3729858398
0.1243286133
0.4226531982
0.0000000000
-0.1207580566
0.2415161133
-0.8452911377
0.0000000000
0.0603790283
0.0301818848
0.1819610596
0.0909881592
0.8491668701
0.1213073730
0.2426147461
0.1213073730
-0.3336029053
0.0909881592
0.0911560059
0.0000000000
0.0000000000
0.0000000000
0.0911560059
0.0000000000
0.0000000000
-0.0911560059
-0.0402832031
0.0000000000
0.0537109375
-0.9935760498
-0.0268554688
0.0402832031
0.0000000000
0.0134277344
0.0000000000
0.9798431396
-0.0296936035
0.0890808105
-0.0148468018
-0.0890808105
0.0890808105
-0.0890808105
-0.2498779297
-0.1249389648
-0.1249389648
0.1249389648
0.2498779297
-0.1249389648
0.2498779297
-0.1249389648
-0.1667480469
0.0416870117
0.8753967285
-0.1250610352
0.2084350586
-0.0416870117
0.0416870117
-0.2917938232
0.3014221191
0.3014221191
-0.1004791260
-0.2009429932
0.4018859863
0.4018859863
-0.2009429932
-0.2009429932
-0.0906677246
0.0000000000
0.0906677246
0.9873352051
-0.0705261230
-0.0100708008
0.0000000000
-0.0201568604
0.0554504395
0.9888763428
-0.0646972656
0.0924224854
-0.0369720459
0.0277252197
0.0369720459
0.0092468262
-0.1329040527
0.4430084229
0.3987121582
-0.0442962646
-0.6202087402
0.3544006348
-0.2215118408
0.0442962646
0.0000000000
-0.9368133545
0.1277465820
-0.0851593018
0.0000000000
-0.1277465820
0.1277465820
-0.0851593018
0.9747772217
-0.1516265869
-0.0433197021
-0.0433197021
0.0649871826
-0.0433197021
0.0000000000
-0.0433197021
