0.0000000000
-0.1000061035
0.1000061035
0.0000000000
0.0000000000
-0.1000061035
0.0000000000
-0.1000061035
0.0000000000
0.2226867676
0.0000000000
0.0000000000
0.1113433838
0.0000000000
0.0000000000
0.1113433838
-0.1642608643
0.4927825928
0.0821380615
0.1642608643
-0.0821380615
0.1642608643
0.0000000000
0.6570434570
-0.1266937256
0.0633544922
0.1900482178
0.1266937256
0.1266937256
0.1900482178
-0.8235321045
0.2534027100
-0.3758850098
0.2684783936
0.0536956787
0.1073913574
-0.2684783936
-0.6980590820
-0.2684783936
0.2147827148
0.0799713135
-0.0399932861
-0.2399139404
-0.2399139404
-0.6397857666
-0.6397857666
0.0799713135
0.0000000000
0.0527191162
0.3690490723
0.4744873047
-0.1581573486
-0.6853637695
-0.0527191162
0.0527191162
-0.2108764648
0.3094177246
0.1237640381
0.3094177246
0.0000000000
-0.1237640381
0.0000000000
0.0618896484
-0.8044891357
-0.1121673584
0.0560913086
0.1682586670
-0.3926086426
0.5608673096
-0.0560913086
0.6169433594
0.0000000000
0.1397399902
0.1397399902
-0.7685852051
-0.1746826172
-0.1397399902
-0.5240325928
0.0349426270
0.0698699951
-0.1178436279
0.0000000000
0.0000000000
0.2357025146
0.1178436279
-0.1178436279
0.0000000000
0.1178436279
0.2212371826
-0.0553131104
-0.1659393311
0.0553131104
-0.2765502930
0.2212371826
-0.8296661377
0.0553131104
0.1879119873
-0.0939483643
-0.7516326904
-0.1879119873
-0.0939483643
0.0000000000
0.1879119873
0.0000000000
0.2369232178
0.2369232178
-0.2369232178
-0.2369232178
-0.1184692383
-0.3553924561
-0.1184692383
-0.2369232178
0.1178436279
0.1178436279
-0.1178436279
0.1178436279
0.0000000000
0.0000000000
-0.2357025146
0.0000000000
-0.0905609131
0.1811065674
0.0000000000
0.0000000000
0.0000000000
0.0000000000
0.8150177002
-0.0905609131
0.0000000000
0.3193054199
0.3193054199
-0.3831634521
-0.5108795166
0.4470214844
-0.1277160645
-0.1915893555
-0.3596954346
-0.3083038330
0.5652313232
-0.3083038330
0.3083038330
0.1027679443
-0.4110717773
0.0000000000
0.0000000000
0.0000000000
-0.1000061035
0.1000061035
0.0000000000
-0.1000061035
0.1000061035
0.0000000000
0.3511352539
-0.2340850830
0.0000000000
-0.7022552490
-0.3511352539
0.0585174561
0.0585174561
0.2926025391
-0.1467285156
-0.2641143799
0.6162567139
-0.2641143799
-0.0586853027
-0.0586853027
0.3814849854
-0.5282135010
0.0000000000
0.0000000000
0.0000000000
0.0911560059
0.0000000000
-0.0911560059
0.0911560059
0.0000000000
0.0000000000
-0.0543212891
0.2173004150
0.8692169189
-0.1629791260
0.1086578369
-0.2173004150
0.1086578369
-0.0406341553
0.9347381592
0.1219177246
-0.1219177246
-0.0812835693
0.0812835693
-0.1625671387
-0.0406341553
-0.1172332764
0.1172332764
0.2344665527
0.3517150879
0.2344665527
-0.1172332764
0.3517150879
0.2344665527
-0.0424652100
0.0000000000
-0.8068695068
-0.0424652100
-0.0424652100
0.2548065186
0.0424652100
0.4671325684
0.0626068115
-0.0626068115
0.1878051758
-0.1252136230
0.8138427734
0.3130187988
0.1878051758
-0.1252136230
0.1454162598
0.0415496826
-0.2700653076
0.8932952881
0.2492980957
0.1246490479
-0.1038665771
0.0623168945
0.6441650391
-0.3681030273
-0.0920257568
-0.1840515137
0.0920257568
0.1840515137
-0.1840515137
-0.1840515137
0.2990417480
-0.5083770752
-0.5382843018
0.0598144531
0.4485626221
0.0000000000
0.3588562012
0.0000000000
-0.1113433838
-0.1113433838
0.0000000000
0.2226867676
0.0000000000
0.0000000000
0.0000000000
0.0000000000
0.1076965332
0.1076965332
-0.1076965332
-0.2153778076
-0.5384674072
0.2153778076
0.3230743408
-0.2153778076
-0.1178436279
-0.1178436279
0.2357025146
0.0000000000
0.0000000000
-0.1178436279
0.1178436279
0.0000000000
0.0000000000
0.1064758301
0.0000000000
0.0000000000
0.1064758301
-0.1064758301
-0.1064758301
0.1064758301
-0.0643920898
0.6438446045
0.0643920898
0.0643920898
-0.1287689209
0.3863067627
0.0643920898
0.5150756836
-0.0496520996
-0.0496520996
0.0993041992
-0.0496520996
0.2482452393
0.3971862793
-0.6950836182
0.4468383789
-0.4513092041
0.2578887939
0.1289520264
0.1611785889
0.0644683838
-0.6447296143
-0.3868408203
0.2901306152
0.1102600098
0.0367584229
-0.2205047607
-0.0735015869
-0.2940063477
-0.8820343018
0.1102600098
0.1102600098
0.0544891357
0.0544891357
0.3269195557
-0.1634521484
-0.8172912598
0.2179412842
0.0000000000
-0.2179412842
0.2250061035
0.0749969482
0.3000030518
0.0749969482
-0.3000030518
-0.0749969482
0.0000000000
-0.7500000000
-0.1376647949
-0.1720733643
0.3441467285
-0.3097381592
0.4129791260
-0.2064971924
0.6538848877
0.2409057617
0.0396728516
0.1586761475
-0.7537384033
-0.2380218506
-0.1586761475
-0.4760437012
-0.0793457031
0.1983489990
-0.2459411621
-0.4918823242
-0.1229705811
0.1229705811
0.0000000000
0.0000000000
-0.1229705811
0.0000000000
0.2835540771
-0.2835540771
-0.1701354980
0.0567169189
-0.3969879150
0.2268524170
-0.6805419922
0.1701354980
-0.1116485596
-0.0558166504
-0.7815399170
-0.3907623291
-0.1674652100
0.1116485596
0.2791137695
0.0000000000
0.3263702393
0.1631927490
-0.2447814941
-0.0815887451
-0.0815887451
-0.4895629883
0.0000000000
-0.5711517334
0.1178436279
0.0000000000
0.0000000000
-0.2357025146
0.1178436279
0.1178436279
-0.1178436279
0.0000000000
0.0000000000
0.0805511475
-0.0805511475
-0.0805511475
0.1611022949
-0.2416381836
0.8054809570
0.1611022949
0.0926818848
0.5097961426
0.2317199707
-0.0926818848
-0.4170989990
0.6024780273
-0.0926818848
0.2317199707
0.0000000000
-0.2215881348
0.4431610107
-0.2215881348
0.2215881348
-0.4985656738
-0.5539550781
0.0000000000
0.1238555908
0.1238555908
-0.2477111816
0.0000000000
-0.3715667725
-0.1238555908
-0.1238555908
0.2477111816
0.6322326660
-0.1264495850
-0.0632171631
-0.3793334961
-0.4425659180
0.0632171631
-0.3161163330
0.0632171631
-0.2312469482
-0.2642822266
0.4955291748
-0.2973175049
-0.0660705566
0.0000000000
0.3303527832
-0.6276855469
-0.1064758301
-0.1064758301
0.0000000000
0.1064758301
0.0000000000
0.0000000000
0.1064758301
0.1064758301
0.0964202881
-0.3856964111
0.0000000000
0.5785369873
0.0000000000
0.2892761230
-0.0964202881
-0.2892761230
-0.1290283203
0.9032440186
0.1290283203
0.0000000000
0.0645141602
0.0645141602
0.0000000000
-0.0645141602
0.0000000000
0.1093902588
0.0000000000
0.4375762939
0.4375762939
0.0000000000
0.3281707764
0.2187805176
0.0000000000
-0.1005401611
-0.8713684082
-0.1005401611
-0.1005401611
0.1675720215
-0.1005401611
0.3686523438
0.2912292480
0.1456146240
0.2184143066
-0.2184143066
0.7280578613
0.0727996826
0.2912292480
0.0000000000
0.0226440430
0.0905761719
-0.2037963867
0.9510803223
0.1358642578
0.0905761719
-0.0452880859
0.0000000000
0.5450286865
0.0000000000
0.0000000000
-0.2335815430
0.1557159424
0.6228790283
-0.1557159424
-0.0778656006
0.1843566895
-0.7066955566
-0.3687133789
-0.0614471436
0.4608917236
-0.0921783447
0.2458038330
0.1229095459
0.3741607666
0.1247253418
-0.1247253418
0.1247253418
0.1247253418
0.0000000000
0.1247253418
0.0000000000
0.7762908936
0.0000000000
0.0000000000
-0.0776367188
-0.3881530762
0.0776367188
0.0776367188
-0.1552581787
-0.1243286133
-0.1243286133
0.2486572266
-0.1243286133
-0.1243286133
-0.1243286133
0.2486572266
0.0000000000
0.1113433838
0.0000000000
0.0000000000
0.0000000000
0.0000000000
-0.2226867676
0.0000000000
-0.1113433838
0.1270599365
0.8894042969
-0.0423583984
-0.0423583984
-0.0423583984
0.2541198730
0.0000000000
0.2541198730
-0.1315765381
0.0328979492
0.0986785889
-0.1973571777
0.1644592285
0.5920715332
-0.4933929443
0.5262756348
-0.2467346191
0.0616912842
0.1542053223
0.0925292969
-0.1850585938
-0.5859985352
-0.6785278320
0.1850585938
-0.0381927490
0.1145935059
-0.1145935059
-0.1527862549
-0.1909790039
-0.9167327881
0.1527862549
0.0381927490
0.0000000000
0.0404815674
0.2428436279
0.0809478760
-0.8904266357
0.2833251953
0.0000000000
-0.0809478760
-0.2378845215
0.0000000000
0.7136383057
0.0000000000
0.0792999268
-0.2378845215
-0.2378845215
0.3171691895
0.1037445068
-0.2420501709
0.3457946777
-0.3457946777
0.2420501709
-0.4149475098
0.5878448486
0.2766265869
-0.0345153809
0.3106536865
-0.7593841553
-0.3451690674
-0.1380767822
-0.3451690674
-0.1035461426
0.1380767822
-0.0972900391
-0.5837097168
0.2918548584
0.0972900391
-0.1945648193
0.2918548584
-0.2918548584
0.0972900391
0.3808593750
-0.5078125000
-0.1269531250
-0.0634765625
-0.2539062500
0.1269531250
-0.5712738037
0.1904296875
-0.3064727783
0.0766143799
-0.6129455566
-0.4597015381
-0.3064727783
0.0383148193
0.3830871582
0.1532287598
0.2621459961
0.7340240479
-0.2621459961
0.0524291992
0.1048583984
-0.2097167969
0.0000000000
-0.4194488525
0.0000000000
0.0000000000
-0.1000061035
-0.1000061035
0.0000000000
0.1000061035
0.0000000000
-0.1000061035
-0.0823974609
0.2472076416
-0.2472076416
0.1648101807
0.1648101807
0.0823974609
0.7416381836
0.1648101807
0.2464294434
0.2464294434
0.1478576660
0.0985717773
-0.2464294434
0.6407165527
-0.0492858887
0.5421447754
0.3955535889
-0.1438446045
0.2876739502
-0.0359649658
0.1438446045
-0.7551422119
-0.3236389160
-0.0359649658
0.0000000000
0.1044464111
-0.3133544922
0.0000000000
-0.4178161621
0.0000000000
-0.2089080811
0.5222625732
0.5603485107
-0.0466918945
0.0466918945
-0.0466918945
-0.4669647217
0.0466918945
-0.6070556641
-0.1400909424
-0.1697082520
-0.0424346924
0.6788635254
-0.0848541260
-0.0424346924
0.0000000000
0.2969970703
-0.5940093994
0.0000000000
-0.1199951172
0.1199951172
0.1199951172
0.1199951172
0.0000000000
0.2400054932
-0.1199951172
0.0690917969
-0.3454742432
0.0000000000
-0.8291625977
0.1381988525
0.0000000000
-0.0690917969
-0.0690917969
0.0943603516
-0.4717712402
-0.3774108887
0.1887054443
-0.2830657959
-0.2830657959
0.2830657959
-0.1887054443
-0.1000061035
0.1999969482
-0.3000030518
0.5000000000
0.3999938965
-0.1000061035
0.1999969482
0.1999969482
0.1557769775
-0.0389404297
-0.8567352295
-0.2336578369
-0.0389404297
0.1557769775
-0.1168212891
0.3115386963
0.1911926270
-0.0637359619
0.1911926270
-0.0637359619
0.7647857666
-0.1911926270
0.3823852539
-0.1274566650
-0.0572814941
0.0859222412
-0.0859222412
0.9737243652
0.0572814941
0.0572814941
0.0286407471
0.0000000000
0.3274383545
0.2455902100
-0.3274383545
-0.3274383545
0.2455902100
0.4911651611
-0.2455902100
-0.1637268066
0.0734100342
-0.6973419189
-0.2936248779
-0.1101074219
0.3670196533
-0.3670196533
0.2202148438
0.2202148438
0.1600799561
0.8003845215
0.0800323486
-0.1600799561
0.1600799561
0.1600799561
-0.0800323486
0.1600799561
0.8962554932
0.0000000000
-0.1054382324
0.1054382324
-0.1054382324
0.2108764648
-0.0527191162
0.1581573486
0.0000000000
0.1150360107
0.1150360107
-0.1150360107
0.0000000000
0.0000000000
0.0000000000
-0.2300720215
0.0000000000
-0.5953521729
-0.2381439209
0.0000000000
0.0000000000
0.0000000000
0.0000000000
-0.1190643311
0.2451171875
0.8885345459
-0.1531982422
-0.0612792969
-0.1531982422
0.2144775391
-0.0919189453
0.1225585938
-0.1669769287
0.1113128662
0.0000000000
-0.2504577637
0.0278320312
0.6400756836
-0.3896179199
0.5565795898
0.0000000000
-0.1335296631
0.1335296631
0.0000000000
-0.4450836182
-0.3783264160
-0.7789001465
0.0222473145
-0.0950622559
0.0950622559
-0.2851867676
-0.1425933838
-0.3802490234
-0.8080291748
0.0000000000
-0.0950622559
-0.1330108643
0.2327728271
0.1330108643
0.1995239258
-0.8978576660
0.1662750244
0.0332489014
0.0000000000
-0.2085876465
0.0000000000
0.7821807861
0.2607269287
0.0000000000
-0.1042938232
-0.2085876465
0.3650207520
0.5219726562
-0.0745697021
0.2609863281
-0.3728332520
0.1118469238
-0.4101257324
0.4474029541
0.2982788086
-0.0537719727
0.4839630127
-0.6452941895
-0.2151031494
-0.1613159180
-0.1613159180
-0.1075439453
0.3764190674
0.0000000000
-0.5172119141
0.3232574463
0.1939544678
-0.0646514893
0.4525604248
-0.4525604248
0.1939544678
0.5349731445
-0.4755249023
-0.3566436768
-0.0594482422
0.1783294678
0.1783294678
0.0594482422
0.4160919189
-0.3033447266
0.0866699219
-0.5200195312
-0.5200195312
-0.3900146484
0.0866699219
0.3033447266
0.2166748047
0.0311737061
0.8727569580
-0.2805328369
0.0311737061
0.2493591309
-0.2181854248
0.0311737061
-0.1246795654
0.1199951172
0.0000000000
0.0000000000
0.1199951172
-0.1199951172
0.1199951172
0.1199951172
-0.2400054932
0.0737762451
0.0737762451
-0.2213439941
0.2213439941
0.1475524902
0.0737762451
0.8115844727
0.1475524902
0.0614166260
0.1842498779
0.3070831299
0.1842498779
-0.3070831299
0.5527648926
0.0614166260
0.5527648926
0.4154510498
-0.0923309326
0.2538909912
-0.0692443848
0.0461578369
-0.8078308105
-0.2538909912
-0.1154022217
-0.1237182617
0.0000000000
0.2474365234
0.0000000000
-0.2474365234
0.1237182617
-0.1237182617
0.1237182617
0.6402893066
0.0800323486
0.0400238037
0.0400238037
-0.5202331543
0.0400238037
-0.4802246094
-0.1600799561
-0.0348663330
0.1743621826
0.9066772461
0.0697479248
0.0348663330
-0.1046142578
0.2441101074
-0.1743621826
0.0000000000
-0.2344665527
0.1172332764
0.1172332764
0.1172332764
-0.1172332764
0.4689483643
-0.3517150879
0.2243499756
-0.1682586670
0.1682586670
-0.7852020264
0.0560913086
-0.0560913086
-0.3926086426
0.1121673584
-0.2005767822
-0.7521667480
0.1504364014
-0.2507171631
-0.3510131836
-0.1002960205
0.0501403809
0.3008728027
-0.2975311279
0.1487579346
-0.5206756592
0.4462890625
0.1487579346
-0.2231445312
0.1487579346
0.3719177246
0.0919036865
-0.1378631592
-0.6892852783
-0.3676147461
-0.1838073730
0.3216705322
-0.3216705322
0.2297668457
0.1622619629
-0.4326934814
0.1622619629
-0.2704315186
0.7031402588
-0.1081695557
0.2704315186
-0.1081695557
0.0191955566
0.0000000000
-0.1343078613
0.9785766602
-0.0383758545
-0.0575561523
0.0767517090
0.0383758545
0.0000000000
0.0790557861
-0.4742889404
-0.4742889404
-0.1580963135
-0.4742889404
-0.1580963135
-0.2371520996
-0.1537475586
-0.7687377930
0.0000000000
-0.1024932861
0.1537475586
-0.4099884033
0.3074951172
0.0512542725
0.1626586914
0.6506195068
0.0813293457
-0.4879760742
0.1626586914
0.1626586914
0.0000000000
0.1626586914
0.8470611572
-0.0423583984
-0.1270599365
0.1270599365
0.1694183350
0.1694183350
-0.2117614746
0.2964630127
-0.1178436279
0.2357025146
0.0000000000
-0.1178436279
-0.1178436279
-0.1178436279
0.0000000000
0.0000000000
0.1467742920
-0.8072509766
-0.0733795166
0.0000000000
0.0733795166
0.2935485840
0.0000000000
-0.2201538086
0.1395568848
0.8572387695
-0.2990417480
0.0797424316
-0.1794281006
0.1993560791
-0.1993560791
0.1594848633
-0.1665496826
0.2331695557
-0.2664794922
0.1998596191
0.0666198730
0.6994934082
-0.2997894287
0.4330291748
0.0618133545
-0.1236419678
0.0205993652
0.0000000000
-0.4945373535
-0.3296966553
-0.7830352783
-0.0205993652
-0.1000366211
-0.0500183105
-0.2500915527
-0.1000366211
-0.6002197266
-0.5502014160
-0.4001464844
0.1000366211
-0.1939239502
0.3555297852
0.0646362305
0.0969696045
-0.8726654053
0.1616058350
0.0323181152
0.0000000000
-0.2641448975
0.0660400391
0.5283050537
0.5283050537
-0.3301849365
-0.0660400391
-0.2641448975
0.1981201172
0.8843383789
0.0780334473
0.2080841064
-0.1560516357
0.0520172119
-0.2080841064
0.1820678711
0.2080841064
0.0660400391
0.1981201172
0.5283050537
0.2641448975
-0.3301849365
0.2641448975
0.2641448975
0.4622650146
0.3088378906
-0.6176605225
0.1853027344
0.2470703125
-0.1853027344
0.3705902100
-0.3088378906
0.1853027344
0.4084320068
-0.1856536865
-0.2970428467
0.0371246338
0.4826812744
0.1856536865
0.4455566406
0.4455566406
-0.1320800781
0.1320800781
-0.4622650146
-0.6603698730
-0.3301849365
0.0660400391
0.1981201172
0.1320800781
-0.0801849365
0.9221954346
-0.2606201172
0.0200500488
0.0801849365
-0.2205200195
0.0200500488
0.0801849365
0.0000000000
-0.1113433838
-0.1113433838
-0.1113433838
0.1113433838
0.1113433838
-0.1113433838
0.0000000000
0.0000000000
0.0000000000
-0.2044677734
0.1533508301
0.0000000000
-0.0511169434
0.9200744629
0.0000000000
0.0869903564
0.4784851074
0.6524658203
0.1739959717
-0.1304931641
0.3914794922
-0.2609863281
0.0869903564
0.3132476807
-0.0417633057
0.2714691162
-0.1044158936
0.0000000000
-0.8561859131
-0.2297058105
-0.1252899170
0.2222900391
-0.2222900391
0.5557098389
0.2222900391
-0.1111450195
0.0000000000
0.2222900391
-0.1111450195
0.7239990234
0.1034240723
-0.0344696045
-0.2068634033
-0.5516204834
-0.0344696045
-0.2413330078
-0.1379089355
-0.0490264893
0.1961059570
0.9315032959
0.0490264893
-0.1225738525
-0.0735473633
0.2206268311
-0.0245208740
0.0000000000
-0.4493408203
-0.1123352051
0.3370056152
-0.1123352051
0.1123352051
0.2246704102
-0.3370056152
0.1221466064
-0.1221466064
0.1221466064
-0.4886016846
-0.1221466064
-0.3053741455
-0.6718139648
0.1832275391
-0.3568420410
-0.2140960693
0.5352630615
-0.4638824463
-0.2497863770
0.0356903076
-0.0713653564
0.4638824463
-0.4434356689
0.0633544922
-0.4434356689
0.3800964355
-0.1266937256
-0.2534027100
0.3167419434
0.3800964355
0.0975189209
-0.3900604248
-0.5363311768
-0.2925415039
-0.2437896729
0.3900604248
-0.3412933350
0.2437896729
0.0474853516
-0.5222625732
0.2848663330
-0.2373962402
0.6646881104
0.0000000000
0.1899108887
-0.1899108887
0.0133056641
0.0133056641
-0.1329956055
0.9841308594
0.0133056641
-0.0664978027
0.0399017334
0.0399017334
-0.0403747559
0.1211242676
-0.3633728027
-0.1211242676
-0.4844970703
-0.7267456055
0.1211242676
0.0807495117
-0.1511993408
-0.7559661865
0.4535827637
-0.1511993408
-0.2015838623
0.1007995605
0.2015991211
0.0503997803
0.1920013428
-0.1920013428
-0.0959930420
-0.6719970703
0.1920013428
-0.0959930420
0.0959930420
0.2879943848
0.9267120361
-0.0639038086
0.0319519043
0.0958709717
0.1278228760
0.0639190674
-0.1917266846
0.1917419434
-0.1250000000
0.0000000000
-0.1250000000
-0.1250000000
-0.2500000000
-0.1250000000
-0.2500000000
0.2500000000
0.1203765869
-0.7824249268
0.0000000000
0.0000000000
-0.0601806641
0.4814910889
0.0601806641
-0.1203765869
0.0281677246
0.8870544434
-0.2956848145
0.1689605713
-0.1126403809
0.1548767090
-0.1830444336
0.1408081055
0.0000000000
0.2396697998
-0.5325927734
0.5325927734
0.1331481934
0.5325927734
-0.1597747803
0.1597747803
0.0822906494
-0.1371459961
-0.1645660400
0.0822906494
-0.3840026855
-0.3017120361
-0.8228607178
0.0274353027
0.1061859131
-0.3716278076
-0.2654418945
-0.0530853271
-0.4778137207
0.2123565674
-0.5839843750
0.2654418945
-0.1177825928
0.5300445557
0.2355804443
-0.2355804443
-0.6183929443
0.4122619629
-0.1177825928
0.0000000000
-0.4356994629
-0.0726165771
0.3630828857
0.3630828857
-0.5083160400
-0.1452331543
-0.2904663086
0.0000000000
0.9643707275
0.0897064209
0.1121368408
-0.0897064209
0.0897064209
0.0000000000
0.0672760010
0.1121368408
-0.2367248535
0.1578216553
0.7496185303
0.1578216553
-0.2367248535
0.2367248535
0.3945465088
0.1183624268
-0.1027679443
-0.5652313232
0.3596954346
0.3596954346
0.2569274902
0.4110717773
-0.2569274902
0.1541595459
0.3303527832
0.2752990723
-0.0550537109
0.0550537109
0.6607208252
0.1651763916
0.0000000000
0.4955444336
0.0000000000
0.3330841064
-0.4663238525
-0.5995483398
-0.2664642334
0.0666198730
0.1332397461
0.2664642334
-0.0766754150
0.9508056641
-0.2300262451
0.0306701660
-0.0306701660
-0.0920104980
-0.0153350830
0.1380157471
-0.1224670410
-0.2449493408
0.1224670410
-0.3674163818
0.1224670410
0.0000000000
-0.2449493408
0.2449493408
-0.1153564453
0.0769042969
0.0000000000
0.3076019287
-0.2691497803
0.1922454834
0.8459014893
-0.1153564453
0.2340545654
0.4973754883
0.6729278564
0.1170349121
-0.0292510986
0.2925720215
-0.3218383789
-0.1170349121
0.2625427246
0.0350036621
0.1925354004
-0.2625427246
-0.0350036621
-0.8751678467
-0.2100372314
-0.0525054932
0.0964202881
-0.2892761230
0.5785369873
0.2892761230
-0.1928405762
0.0000000000
0.2892761230
-0.1928405762
0.6921539307
0.0629272461
-0.0943908691
-0.3146209717
-0.5663146973
-0.0629272461
-0.2202301025
-0.0629272461
-0.0232849121
0.2095184326
0.9079284668
0.0698394775
-0.2328033447
0.0000000000
0.2328033447
0.0232849121
-0.1105499268
-0.4422149658
-0.2211151123
0.2211151123
-0.3316650391
0.3316650391
0.1105499268
0.0000000000
-0.1911926270
0.0000000000
0.1274566650
-0.3186645508
-0.1911926270
-0.3823852539
-0.7010498047
0.1911926270
-0.3558044434
0.3049774170
0.6099548340
-0.4574737549
-0.1270751953
0.0254211426
-0.1270751953
0.3812255859
-0.3280639648
0.0656127930
-0.3280639648
0.3280639648
-0.1968383789
-0.3280639648
0.5249023438
0.3280639648
-0.0430908203
-0.5171203613
-0.4740142822
-0.0861816406
-0.1292724609
0.4740142822
-0.2154693604
0.3878326416
-0.1369934082
-0.5023040771
0.2739868164
-0.0913238525
0.7306213379
-0.0913238525
0.0456695557
-0.1826629639
0.0107879639
0.0323791504
-0.0755462646
0.9929199219
0.0215911865
-0.0323791504
-0.0107879639
0.0431671143
-0.0308380127
0.5243225098
-0.1850585938
0.1233673096
-0.4626312256
-0.6168518066
0.1850585938
0.1233673096
-0.1656036377
-0.4967956543
0.2070007324
-0.2897949219
-0.5795898438
0.3725891113
0.0827941895
0.2483978271
0.2089080811
-0.5222625732
-0.1044464111
-0.4178161621
0.0000000000
-0.2089080811
0.2089080811
0.1044464111
0.9730224609
-0.0768127441
0.0768127441
-0.0256042480
0.0256042480
0.0000000000
-0.1280364990
0.0512084961
0.1000061035
0.0000000000
0.0000000000
0.0000000000
-0.1000061035
-0.1000061035
0.0000000000
0.1000061035
-0.1216278076
0.1216278076
0.1216278076
0.0000000000
0.1216278076
-0.2432556152
-0.1216278076
0.1216278076
-0.3149414062
-0.3149414062
0.1049804688
0.2099609375
-0.1049804688
-0.1049804688
-0.2099609375
0.5248870850
-0.1680603027
0.0000000000
0.3361206055
-0.3361206055
0.1260528564
0.2100830078
-0.6722412109
0.4201507568
-0.4044036865
0.2426452637
0.1213226318
0.2426452637
0.2022094727
-0.6470489502
-0.3639678955
0.2426452637
0.0846252441
0.1269378662
-0.2538909912
-0.1692657471
-0.6770324707
-0.5924072266
0.0000000000
-0.1269378662
0.0800933838
0.4004974365
0.2803497314
-0.1201477051
-0.8010101318
0.2002563477
0.0000000000
-0.0800933838
0.3247528076
0.0000000000
0.3247528076
0.0000000000
0.0000000000
-0.1082458496
0.2165069580
-0.5412597656
-0.4535827637
-0.0503997803
0.3527832031
-0.4031829834
0.2519836426
-0.2015838623
0.5543823242
0.1007995605
0.2109069824
0.1406097412
-0.6678619385
-0.1054534912
-0.3163604736
-0.5624084473
-0.1054534912
0.1054534912
-0.2484588623
-0.3726806641
0.0000000000
0.2484588623
0.1242218018
-0.1242218018
0.0000000000
0.1242218018
0.2222595215
-0.2778320312
-0.6667938232
-0.0555725098
-0.2222595215
0.1111297607
-0.3333892822
0.3889617920
0.1135406494
-0.1135406494
-0.4541778564
0.0000000000
-0.1135406494
-0.4541778564
0.2270965576
0.0000000000
0.2897033691
0.5069885254
-0.3621368408
-0.1448516846
-0.4345703125
-0.2172851562
-0.2172851562
-0.2172851562
0.1113433838
0.1113433838
-0.1113433838
-0.1113433838
0.0000000000
0.1113433838
0.0000000000
-0.1113433838
-0.0990753174
0.2972259521
0.0990753174
0.0990753174
0.0990753174
0.0000000000
0.6935119629
0.1981506348
0.0900268555
0.5401458740
0.3150939941
0.0450134277
-0.4051055908
0.4501190186
-0.4051055908
-0.0450134277
0.0560913086
-0.2804260254
0.5047760010
-0.2243499756
0.2804260254
-0.2243499756
-0.6169433594
0.0000000000
0.0000000000
0.0000000000
-0.3711547852
0.1237182617
0.0000000000
-0.1237182617
0.0000000000
0.1237182617
0.5041809082
-0.0840301514
0.0000000000
-0.7562713623
-0.2941131592
0.0000000000
-0.0840301514
0.1260528564
-0.2818450928
-0.2049865723
0.5124511719
-0.3074798584
-0.1793518066
-0.0512390137
0.3843383789
-0.5637054443
0.0000000000
0.0000000000
-0.0911560059
0.0911560059
-0.0911560059
0.0000000000
0.0000000000
0.0000000000
0.0544128418
0.0544128418
0.0544128418
0.9248962402
-0.1088104248
0.1088104248
-0.1088104248
-0.0544128418
0.0000000000
0.9007873535
0.2144775391
-0.1286773682
0.2144775391
0.1286773682
-0.0428924561
-0.0428924561
0.0000000000
0.1224670410
0.0000000000
0.3674163818
0.2449493408
0.0000000000
0.3674163818
0.1224670410
-0.1185455322
-0.0395202637
-0.8693389893
-0.0790252686
-0.0790252686
0.1975708008
0.0000000000
0.3556365967
0.0884704590
-0.0884704590
0.2654266357
-0.1769409180
0.7077941895
0.0884704590
0.2654266357
-0.1769409180
0.0835723877
0.0417785645
-0.2507019043
0.9401397705
0.1462402344
0.0835723877
-0.0417785645
0.0208892822
0.2647247314
-0.7279968262
0.0000000000
-0.4632720947
0.1323699951
-0.0661773682
-0.1323699951
0.0000000000
0.2559814453
-0.6257171631
-0.3697357178
-0.0568847656
0.4550628662
-0.2275390625
0.3128509521
0.1422119141
0.0000000000
0.2300720215
0.0000000000
0.1150360107
0.0000000000
0.1150360107
0.1150360107
0.0000000000
0.6314086914
0.4510040283
-0.0901947021
0.0000000000
-0.1804046631
0.1804046631
0.0901947021
0.1804046631
0.1199951172
-0.1199951172
0.0000000000
0.0000000000
-0.2400054932
-0.1199951172
0.1199951172
0.1199951172
0.0000000000
0.1196746826
0.0000000000
-0.1196746826
0.3590087891
-0.4786834717
-0.1196746826
0.1196746826
-0.1196746826
-0.1196746826
-0.2393341064
0.2393341064
0.0000000000
0.1196746826
-0.3590087891
0.3590087891
-0.1377410889
0.0688781738
0.2410430908
-0.3099212646
0.1377410889
0.3443603516
-0.5854034424
0.5509643555
-0.2528686523
0.1083679199
0.1083679199
0.1083679199
0.1083679199
-0.6502227783
-0.6140899658
0.2167358398
0.1460266113
0.1825256348
-0.2190399170
-0.1460266113
-0.2190399170
-0.8761444092
0.1095123291
-0.0730133057
0.0382843018
0.1914062500
0.1914062500
-0.0765686035
-0.8804626465
0.3062438965
0.0382843018
-0.0382843018
-0.2795104980
-0.1863403320
0.5590209961
-0.1863403320
0.0931701660
-0.2795104980
0.0931701660
0.3726806641
-0.0339965820
-0.2379608154
0.4419403076
-0.2719573975
0.1359863281
-0.4759368896
0.5779113770
0.2379608154
0.1309356689
0.1963958740
-0.8183441162
-0.1963958740
-0.1963958740
-0.3273315430
-0.1309356689
0.1963958740
-0.2595672607
-0.6921691895
0.0865173340
0.0865173340
-0.1730346680
0.0000000000
-0.3460845947
0.1730346680
0.2447509766
-0.5506896973
-0.5506896973
-0.1223754883
-0.0611877441
0.0611877441
0.0611877441
0.4283142090
-0.0780944824
-0.0780944824
-0.6247558594
-0.3904724121
-0.1561889648
-0.3904724121
0.2342834473
-0.0780944824
0.4944305420
0.1648101807
-0.1648101807
-0.1648101807
-0.3296203613
-0.2472076416
-0.1648101807
-0.4944305420
0.1178436279
0.0000000000
0.0000000000
-0.1178436279
0.0000000000
0.1178436279
-0.1178436279
-0.2357025146
-0.1353454590
0.4736785889
-0.0676727295
0.2030029297
0.1353454590
-0.0676727295
0.6090240479
0.4060211182
0.1727905273
0.4838256836
0.2419128418
0.2419128418
-0.3110198975
0.5529327393
-0.3455810547
0.2419128418
0.2319030762
-0.1546020508
0.3865051270
-0.1546020508
0.1546020508
-0.6184082031
-0.5411071777
-0.0386505127
0.1055145264
0.0000000000
-0.6330566406
0.1055145264
-0.1055145264
-0.1055145264
-0.2110137939
0.3165283203
0.6027984619
-0.0709228516
-0.0354614258
-0.5318756104
-0.4255065918
0.0000000000
-0.3545837402
0.0000000000
-0.2894897461
-0.1447448730
0.5210876465
-0.2026519775
-0.2026519775
-0.0868530273
0.3184509277
-0.6368865967
0.1150360107
0.0000000000
0.0000000000
0.0000000000
-0.1150360107
0.2300720215
0.0000000000
-0.1150360107
-0.1585845947
-0.1585845947
-0.1585845947
0.7929382324
-0.0792999268
0.1585845947
-0.1585845947
-0.1585845947
0.1945648193
0.5837097168
0.2918548584
-0.2918548584
0.2918548584
0.0972900391
0.0972900391
0.0972900391
0.0000000000
0.0955810547
0.0000000000
0.5734863281
0.3823242188
-0.0955810547
0.3823242188
0.1911621094
-0.0339508057
-0.1358184814
-0.8149414062
-0.2037353516
-0.0339508057
0.2037353516
-0.1697845459
0.4074707031
0.1566619873
0.0000000000
0.2349853516
-0.0783233643
0.7049713135
-0.2349853516
0.3916473389
0.0000000000
0.0737152100
0.0000000000
-0.1965789795
0.9583282471
0.0737152100
0.0982971191
0.0491485596
-0.0245666504
0.2176208496
-0.7616729736
-0.2176208496
-0.4352416992
0.1088104248
-0.1088104248
-0.1088104248
-0.0544128418
0.1114501953
-0.6965484619
-0.2786102295
-0.1950378418
0.3064727783
-0.3900604248
0.1950378418
0.2786102295
0.2270965576
0.5677337646
-0.2270965576
0.0000000000
0.2270965576
0.1135406494
0.1135406494
0.0000000000
0.9466857910
0.1136016846
0.0000000000
0.1136016846
-0.0757293701
0.1136016846
0.0000000000
0.1136016846
0.0000000000
-0.1178436279
0.0000000000
-0.1178436279
-0.2357025146
-0.1178436279
0.0000000000
-0.1178436279
-0.1208343506
0.0000000000
-0.2416839600
0.0000000000
0.3625183105
-0.3625183105
-0.2416839600
0.0000000000
0.0000000000
0.6826171875
-0.3792419434
0.2275390625
-0.0758514404
0.1516876221
-0.3033905029
0.1516876221
-0.2072143555
0.0888061523
0.2368164062
-0.3552246094
0.0296020508
0.4736175537
-0.4440155029
0.5624237061
0.0868530273
-0.1736907959
0.0868530273
-0.0289459229
-0.3184509277
-0.4631958008
-0.7816314697
0.0000000000
0.0000000000
0.2055969238
-0.2467041016
-0.2878265381
-0.0822296143
-0.8634948730
0.0822296143
0.0000000000
-0.0308074951
0.2156982422
0.1848754883
0.0616302490
-0.8935699463
0.2773132324
0.0000000000
0.0924377441
-0.1651763916
-0.1101226807
0.6607208252
0.0000000000
0.1651763916
-0.1651763916
0.0550537109
0.6056518555
0.4015655518
-0.1095123291
0.4380798340
-0.2555389404
0.0364990234
-0.5475921631
0.4380798340
0.1825256348
0.0953369141
0.2859954834
-0.8262176514
-0.1588897705
-0.0317840576
-0.2859954834
-0.1906738281
0.2224426270
-0.1529998779
-0.6885070801
0.0765075684
0.0765075684
-0.2295074463
0.0765075684
-0.4590148926
0.1529998779
0.2957153320
-0.3942871094
-0.4435729980
-0.1478576660
0.2464294434
0.0985717773
0.5914306641
0.1971435547
-0.1247253418
0.1247253418
-0.4365234375
-0.5612487793
-0.1870880127
-0.3117980957
0.3741607666
0.2494506836
0.3640289307
0.5824584961
-0.2912292480
-0.2184143066
0.0000000000
-0.3640289307
0.0000000000
-0.2912292480
0.1150360107
0.0000000000
0.0000000000
0.0000000000
-0.1150360107
0.2300720215
0.0000000000
-0.1150360107
0.0000000000
0.5214538574
-0.0521392822
0.2085876465
0.1564331055
0.1564331055
0.5214538574
0.5214538574
0.0970611572
0.2426300049
0.2426300049
0.1941070557
-0.4367370605
0.5823211670
-0.1941070557
0.4367370605
0.3769683838
-0.1449890137
0.3189849854
-0.1159973145
0.0869903564
-0.6959533691
-0.4349670410
-0.1159973145
0.0000000000
0.2019042969
-0.6056976318
0.0000000000
-0.2019042969
-0.1009521484
-0.1009521484
0.4037933350
0.6290435791
-0.0740051270
-0.1110076904
-0.3330230713
-0.5550384521
0.1110076904
-0.3330230713
0.0000000000
-0.2468261719
0.0705261230
0.7052001953
-0.0705261230
-0.2468261719
-0.1410369873
0.3173370361
-0.4583740234
0.2486572266
-0.1243286133
0.1243286133
0.0000000000
-0.1243286133
0.2486572266
0.1243286133
-0.1243286133
0.2258758545
-0.4517517090
0.1129455566
0.3388214111
0.0000000000
0.1129455566
-0.3388214111
0.0000000000
0.1749572754
-0.6123657227
0.3499298096
-0.2624511719
-0.0874786377
-0.0874786377
0.0000000000
0.3499298096
0.0000000000
0.1105499268
-0.3316650391
0.4422149658
0.2211151123
-0.1105499268
0.2211151123
0.3316650391
0.0000000000
-0.0848541260
-0.7637176514
-0.2969970703
-0.0848541260
0.2121429443
-0.2545776367
0.3818664551
0.1989746094
-0.1989746094
0.1326446533
-0.1326446533
0.7959136963
-0.1326446533
0.2653045654
-0.1326446533
0.0780334473
0.0260162354
-0.1560516357
0.9623565674
0.0780334473
0.0780334473
0.0780334473
-0.0520172119
0.0894012451
-0.7151489258
-0.3128814697
-0.4022674561
0.0894012451
-0.3575744629
-0.0446929932
-0.1340942383
-0.0366058350
-0.6222686768
-0.1464080811
-0.2196197510
0.2196197510
-0.5856628418
0.2928314209
0.1464080811
0.1811065674
0.7244567871
-0.1811065674
0.0000000000
0.2716674805
0.0905609131
0.0905609131
0.1811065674
0.8410339355
0.0350494385
0.0000000000
0.2803497314
0.0700836182
0.2803497314
-0.1051330566
0.2803497314
0.0000000000
0.1000061035
0.0000000000
0.0000000000
-0.1000061035
-0.1000061035
0.0000000000
-0.1000061035
0.0000000000
-0.5646972656
-0.1129455566
0.1129455566
0.3388214111
0.0000000000
-0.2258758545
0.0000000000
-0.0223083496
0.9370117188
-0.2007904053
0.0892333984
-0.0669250488
0.0892333984
-0.2007904053
0.0669250488
-0.3174591064
0.2222137451
0.0317382812
-0.0317382812
0.0634918213
0.5714263916
-0.4761810303
0.5079345703
0.2061920166
-0.2268066406
0.0000000000
-0.0618591309
-0.5567169189
-0.3299102783
-0.6804351807
-0.0824737549
0.0000000000
0.0377044678
-0.2639312744
-0.2639312744
-0.2262268066
-0.8295135498
-0.2262268066
0.1508178711
-0.0977630615
0.2932739258
0.0244445801
0.0488739014
-0.8798370361
0.2932739258
-0.0244445801
0.1466369629
-0.0638580322
-0.0638580322
0.4470214844
0.3831634521
0.0000000000
-0.1277160645
0.0000000000
0.7024688721
0.7888793945
0.0788879395
0.3418426514
-0.1840667725
0.0262908936
-0.3418426514
0.2366638184
0.1577758789
0.2077789307
0.3462982178
-0.2770385742
0.3462982178
-0.0692596436
-0.2077789307
-0.2077789307
0.6233520508
0.0617675781
-0.7411956787
0.0617675781
0.0617675781
-0.2470703125
0.2470703125
-0.4323577881
0.0617675781
0.3371887207
-0.2452239990
-0.3371887207
-0.0306549072
0.2758789062
0.0613098145
0.7356872559
0.2452239990
0.0000000000
0.1237640381
-0.3094177246
-0.8044891357
-0.1237640381
-0.1856536865
0.2475280762
0.0618896484
0.0365753174
0.8778991699
-0.2194824219
-0.0365753174
0.0731658936
-0.3292083740
0.0000000000
-0.1463165283
0.1243286133
0.0000000000
0.0000000000
-0.1243286133
-0.1243286133
0.3729858398
0.0000000000
-0.1243286133
-0.0848541260
0.2545776367
-0.0424346924
0.2545776367
0.0000000000
0.2545776367
0.7212982178
0.4667205811
0.2247924805
0.3746643066
0.5619964600
0.1873321533
-0.2247924805
0.4870605469
-0.1873321533
0.2997283936
0.2321777344
-0.1160888672
0.2553863525
-0.0928649902
-0.0464324951
-0.7429504395
-0.5107879639
-0.1625213623
0.2456817627
-0.1228332520
-0.1228332520
0.0000000000
0.0000000000
-0.1228332520
0.0000000000
0.2456817627
0.7319946289
0.0261383057
-0.1307067871
-0.3137054443
-0.5228576660
0.1568603516
-0.1307067871
-0.1045684814
-0.0713653564
0.2378845215
0.8088073730
-0.1189422607
-0.2616729736
-0.1903076172
0.3330383301
-0.1903076172
0.2428131104
-0.3642120361
0.0000000000
0.2428131104
0.0000000000
0.2428131104
0.1213989258
-0.2428131104
0.0000000000
-0.3105163574
0.1552581787
-0.6986694336
0.1552581787
0.0776367188
-0.3881530762
-0.0776367188
-0.0617675781
-0.2470703125
0.6794281006
-0.3705902100
-0.1235351562
0.0617675781
-0.0617675781
0.4323577881
-0.0865173340
0.0000000000
-0.6056518555
0.2595672607
-0.1730346680
-0.1730346680
0.3460845947
0.3460845947
0.0507812500
-0.2539215088
-0.5586395264
-0.5078582764
-0.1523590088
0.2539215088
-0.2539215088
0.3554992676
0.1569671631
-0.4708862305
0.1961975098
-0.2354431152
0.7063293457
0.0784759521
0.0784759521
-0.3139343262
0.0461273193
0.0153808594
-0.1076354980
0.9841461182
0.0615081787
0.0153808594
0.0615081787
-0.0461273193
-0.0515136719
-0.5667266846
-0.3091278076
-0.2575988770
-0.1030426025
-0.6182403564
0.1030426025
-0.1545562744
-0.3415832520
-0.5977783203
0.2134857178
-0.2988891602
0.0000000000
-0.3842926025
0.4269866943
0.0426940918
0.4469451904
0.4469451904
0.0000000000
-0.2234802246
0.0000000000
0.2234802246
-0.1117401123
0.1117401123
0.8045043945
0.1049346924
0.0000000000
0.2448425293
0.2448425293
0.2448425293
-0.2098693848
0.2798309326
0.0000000000
0.3715667725
-0.1238555908
-0.2477111816
-0.1238555908
-0.2477111816
-0.1238555908
0.1238555908
-0.0894927979
-0.7159881592
-0.1790008545
0.1790008545
0.2684936523
0.1790008545
-0.1790008545
0.0000000000
-0.0348815918
0.9650421143
-0.1511535645
0.0930175781
-0.0232543945
0.0697631836
-0.1511535645
0.0581359863
-0.1841735840
0.3069610596
-0.3376617432
0.5218505859
0.2455749512
0.5218505859
-0.2762756348
0.2148742676
0.1456756592
-0.1456756592
-0.0416259766
0.0000000000
-0.6867370605
-0.2289123535
-0.6451110840
-0.0416259766
0.1637878418
-0.2047271729
-0.2456817627
-0.1637878418
-0.3685150146
-0.5323028564
-0.5732421875
0.2047271729
-0.0896301270
0.3286590576
0.0597534180
0.0000000000
-0.8365783691
0.3585357666
-0.0298767090
0.1493835449
-0.1595764160
0.0000000000
-0.4787292480
0.3989410400
-0.1595764160
-0.3989410400
-0.1595764160
0.3989410400
0.9306640625
0.0775604248
0.2326660156
-0.0969390869
0.0193939209
-0.1551055908
0.0969390869
0.1357269287
0.0000000000
-0.0492248535
0.6891632080
0.4430389404
-0.2953643799
0.1968994141
0.2461242676
0.2461242676
-0.1632232666
-0.7072753906
0.2720336914
0.2176208496
0.0544128418
0.3808441162
-0.3264312744
0.0000000000
0.5290222168
-0.1322631836
-0.3085937500
-0.1322631836
0.4408569336
-0.0440826416
0.3085937500
0.4849395752
0.0606231689
0.2425079346
-0.2425079346
-0.7881317139
-0.2425079346
-0.1212463379
0.2425079346
0.0606231689
0.0217895508
0.9587554932
-0.1743164062
0.0435791016
-0.0217895508
-0.1743164062
0.0000000000
-0.0435791016
0.0000000000
-0.2270965576
-0.1135406494
-0.1135406494
0.1135406494
0.4541778564
0.0000000000
0.4541778564
-0.1188201904
0.0396118164
-0.0792236328
0.3168640137
-0.1980438232
0.1980438232
0.8317718506
0.2376556396
0.2664184570
0.3848114014
0.7104339600
0.0592041016
-0.1480102539
0.3848114014
-0.2664184570
0.0592041016
0.0648803711
-0.0216217041
0.1730041504
-0.2162628174
-0.1081390381
-0.8001708984
-0.4974060059
-0.0648803711
0.1237182617
0.0000000000
0.2474365234
0.1237182617
-0.2474365234
0.1237182617
0.1237182617
0.0000000000
0.8030548096
0.0211334229
-0.0845336914
-0.2324676514
-0.4860534668
0.0845336914
-0.1690673828
-0.0845336914
0.0000000000
0.2344055176
0.8874053955
-0.1004638672
-0.2009277344
-0.1674346924
0.2511444092
-0.0837097168
0.0000000000
-0.4918823242
0.0000000000
0.2459411621
0.1229705811
0.1229705811
0.0000000000
-0.1229705811
-0.0374908447
-0.1874694824
0.0000000000
-0.9373321533
0.0749816895
0.0749816895
-0.1499786377
-0.0749816895
-0.1674804688
0.5359344482
0.6364135742
-0.3349609375
-0.1004943848
0.0669860840
-0.0669860840
0.3349609375
-0.2840118408
0.1704101562
-0.3976287842
0.2840118408
0.0000000000
-0.1704101562
0.6816406250
0.2272186279
0.0000000000
-0.5674743652
0.0515899658
-0.5674743652
-0.2063598633
0.4127044678
-0.1031799316
0.2063598633
-0.0629577637
-0.5980682373
0.1888580322
-0.0944366455
0.6610260010
0.0629577637
-0.0314788818
-0.3462524414
-0.0099487305
0.0497589111
-0.0198974609
0.9951324463
0.0398101807
0.0000000000
0.0198974609
-0.0398101807
-0.1178436279
0.1178436279
-0.2946319580
0.1178436279
-0.4124755859
-0.7071075439
0.2946319580
0.0000000000
-0.2751312256
-0.5044097900
0.3668365479
-0.3668365479
-0.4127044678
0.2292785645
0.2751312256
0.1834259033
0.4426727295
-0.5902404785
0.0737762451
-0.4426727295
-0.2213439941
0.1475524902
0.0000000000
0.0000000000
0.8708801270
0.0000000000
0.1004943848
0.1674804688
0.2009735107
0.1339874268
-0.3014678955
0.1339874268
0.1202545166
0.2405242920
-0.2405242920
-0.1202545166
-0.3607788086
-0.2405242920
-0.1202545166
0.2405242920
0.0813293457
-0.7319488525
0.0813293457
0.1626586914
0.2439880371
0.3253173828
-0.0813293457
0.1626586914
-0.0086059570
0.9896087646
-0.0774536133
0.0602416992
-0.0258178711
0.0602416992
-0.0602416992
0.0258178711
-0.0955810547
0.3504486084
-0.5415954590
0.5734558105
0.1911468506
0.4141540527
-0.0318603516
0.0637207031
0.1068725586
-0.1496124268
-0.0854949951
0.0854949951
-0.7694244385
-0.1068572998
-0.5770721436
0.0213775635
0.2801208496
-0.4802246094
-0.3601684570
-0.0400238037
-0.3601684570
-0.0800323486
-0.5602569580
0.2401123047
-0.0886840820
0.4730072021
0.2660675049
-0.1773681641
-0.5616912842
0.5025634766
-0.1182556152
0.2364959717
-0.0752105713
0.0000000000
-0.8273010254
0.0752105713
-0.0752105713
-0.2256317139
-0.2256317139
-0.0752105713
0.9567565918
-0.0574035645
0.1913452148
-0.0574035645
0.0956726074
-0.0765380859
0.0382690430
0.1148071289
-0.0833740234
-0.1250610352
0.7503509521
0.2501220703
-0.2084350586
0.3751678467
0.3334808350
0.0000000000
-0.4199523926
-0.3876495361
0.3876495361
0.3553466797
0.4199523926
0.3553466797
-0.2261199951
0.0969085693
0.3024444580
0.0604858398
-0.0907287598
-0.1512145996
0.1512145996
-0.1512145996
-0.8165893555
0.3629302979
-0.1568603516
0.1568603516
-0.5751647949
-0.5228729248
-0.3660125732
0.1045684814
0.2091522217
0.2614440918
0.0332336426
0.9804687500
-0.1495666504
0.0332336426
-0.0166168213
-0.0664672852
-0.0166168213
0.0166168213
-0.1224670410
-0.2449493408
-0.1224670410
-0.2449493408
0.1224670410
0.3674163818
0.0000000000
0.2449493408
-0.0620117188
-0.0620117188
-0.0310058594
0.3410491943
-0.3720550537
0.3100433350
0.7751159668
-0.0930175781
0.4033203125
0.3764343262
0.6990814209
0.0537719727
0.0268859863
0.3764343262
-0.1882171631
0.0537719727
0.0213470459
0.0213470459
0.0853729248
-0.2988128662
-0.1067199707
-0.8537445068
-0.3841857910
0.0000000000
0.1172332764
0.2344665527
0.5861816406
0.0000000000
-0.1172332764
0.1172332764
0.0000000000
-0.1172332764
0.7888183594
0.0426330566
-0.0213165283
-0.1492309570
-0.5116729736
-0.0639648438
-0.2558288574
-0.0852813721
0.0261077881
0.1305694580
0.9400634766
-0.0522308350
-0.1175079346
-0.1566772461
0.2089080811
-0.0914001465
-0.1228332520
-0.2456817627
0.1228332520
0.1228332520
0.0000000000
0.2456817627
0.0000000000
0.0000000000
-0.0234832764
-0.0704498291
0.0000000000
-0.9863586426
-0.0234832764
0.0234832764
-0.0469665527
-0.0234832764
-0.1773834229
0.8203735352
0.3991088867
-0.2660675049
-0.1330413818
0.0000000000
-0.0221710205
0.1773834229
-0.3664550781
0.3206481934
-0.2748413086
0.2748413086
0.1374206543
-0.1374206543
0.6871032715
0.1832275391
-0.1689605713
-0.6335906982
0.3379211426
-0.1689605713
-0.1267242432
0.5913543701
-0.0422363281
0.0422363281
-0.1580657959
-0.5137023926
0.1975708008
0.0000000000
0.7112731934
-0.1185455322
-0.0395202637
-0.3161163330
-0.0078430176
0.0313873291
-0.0078430176
0.9965515137
0.0549316406
0.0000000000
0.0156860352
-0.0235443115
-0.0382537842
0.7650604248
0.0000000000
0.3825225830
-0.3442687988
-0.2677764893
0.1530151367
0.0765075684
-0.0909423828
-0.2273712158
0.0000000000
-0.2728424072
-0.6821289062
0.3638000488
0.1819000244
0.4092712402
0.3328857422
-0.7212524414
0.1664428711
-0.3328857422
-0.1664428711
0.1109619141
0.1109619141
-0.2774047852
0.9425506592
-0.1663360596
0.1108856201
0.0554504395
0.0554504395
0.0000000000
-0.1940612793
0.0554504395
0.0000000000
0.0000000000
0.0000000000
0.0000000000
-0.0785675049
0.0000000000
0.0785675049
0.0000000000
-0.1234283447
-0.1234283447
0.2468566895
0.1234283447
0.1234283447
-0.3703002930
-0.2468566895
0.1234283447
0.0000000000
0.2400054932
0.1199951172
0.1199951172
0.1199951172
-0.1199951172
-0.1199951172
0.0000000000
-0.1307373047
0.0000000000
0.3486480713
-0.6972961426
0.2178955078
-0.0871582031
-0.4358062744
0.2614898682
-0.2745513916
0.1372833252
-0.0915222168
0.1372833252
0.0457611084
-0.7321472168
-0.5033569336
0.1372833252
0.0000000000
0.2322692871
-0.1327209473
-0.0663604736
-0.6304321289
-0.6304321289
0.1990814209
-0.2322692871
0.0886077881
0.3987121582
0.1772003174
-0.0886077881
-0.8417205811
0.1329040527
-0.0442962646
-0.0442962646
-0.1238555908
-0.2477111816
0.3715667725
-0.1238555908
-0.1238555908
-0.1238555908
0.0000000000
0.2477111816
-0.0509796143
-0.0509796143
0.5608062744
-0.4078674316
0.0000000000
-0.3568725586
0.5098266602
0.2039337158
0.4042053223
0.1010589600
-0.3031616211
0.0505218506
-0.4547424316
-0.6063079834
-0.2526245117
0.1010589600
-0.1237182617
-0.2474365234
-0.1237182617
0.2474365234
0.0000000000
0.0000000000
-0.1237182617
0.1237182617
-0.1011810303
-0.2529602051
-0.5565032959
-0.1517791748
-0.1011810303
-0.0505981445
-0.6576843262
0.2529602051
0.2438964844
0.0000000000
0.0000000000
0.0000000000
0.1219482422
-0.4878082275
0.0000000000
-0.2438964844
0.2874755859
0.5030822754
-0.3593444824
-0.1437377930
-0.4312133789
0.0718688965
-0.3593444824
-0.1437377930
0.1199951172
0.0000000000
-0.1199951172
-0.2400054932
-0.1199951172
0.0000000000
0.1199951172
-0.1199951172
-0.0947570801
-0.1895141602
-0.0947570801
0.0000000000
0.0947570801
-0.3790283203
0.6633148193
0.1895141602
0.0854797363
0.5983276367
0.2991638184
0.2564239502
-0.2136840820
0.2564239502
-0.5555877686
0.0000000000
0.1947631836
-0.1298370361
0.6492156982
-0.2596893311
0.0649261475
-0.3246154785
-0.4544525146
0.0000000000
0.0000000000
-0.1064758301
-0.1064758301
0.1064758301
0.0000000000
-0.1064758301
0.0000000000
0.1064758301
0.5720520020
0.0520019531
0.0520019531
-0.7280578613
-0.1040039062
-0.1040039062
-0.1560058594
-0.0520019531
-0.3082885742
-0.1027679443
0.5394897461
-0.3339691162
-0.2312164307
0.0513763428
0.3082885742
-0.5651855469
0.0000000000
0.1000061035
0.0000000000
0.0000000000
-0.1000061035
0.0000000000
-0.1000061035
0.1000061035
0.0000000000
0.0000000000
0.0838165283
0.7542877197
0.0000000000
0.2514343262
-0.3352355957
-0.0838012695
0.0697631836
0.6976013184
0.3488006592
-0.3488006592
0.1395263672
0.0697631836
0.2790374756
0.0000000000
-0.1178436279
0.3535461426
0.0000000000
0.3535461426
0.2357025146
0.0000000000
0.3535461426
0.0000000000
-0.1491241455
0.0000000000
-0.8947753906
-0.1491241455
0.0000000000
0.0994262695
-0.0497131348
0.2485504150
0.0000000000
-0.1044464111
0.4178161621
-0.1044464111
0.5222625732
0.2089080811
0.2089080811
-0.2089080811
0.0000000000
-0.0176696777
-0.1943054199
0.9714965820
0.0353240967
-0.0353240967
0.0529937744
0.0529937744
0.0916442871
-0.0916442871
-0.1833038330
-0.7332153320
0.0000000000
-0.2749481201
-0.0916442871
0.1833038330
0.2816925049
-0.6760711670
-0.2253570557
-0.1408538818
0.4225463867
-0.2535247803
0.3098602295
0.1690216064
0.0000000000
0.1113433838
-0.1113433838
-0.1113433838
0.1113433838
0.1113433838
0.1113433838
0.0000000000
0.9011535645
0.2703552246
-0.0901184082
-0.1351776123
-0.1351776123
-0.0450592041
0.0450592041
0.0000000000
0.0000000000
0.0000000000
0.0000000000
0.0000000000
-0.1999969482
0.0000000000
0.0000000000
0.0000000000
-0.1024169922
0.2048339844
0.0000000000
-0.1024169922
0.2048339844
-0.6144866943
-0.2048339844
0.3072509766
-0.1543426514
0.6173706055
-0.2315216064
0.4630279541
0.3086853027
0.1543426514
-0.0771789551
0.0000000000
-0.2821655273
0.0000000000
0.4030914307
-0.6046447754
0.1209259033
0.0000000000
-0.4030914307
0.4030914307
0.0681915283
-0.1363677979
-0.1704711914
-0.2045593262
-0.4432220459
-0.4432220459
-0.6818695068
-0.1022796631
-0.0288391113
0.2595672607
-0.1442108154
-0.1153564453
-0.3172454834
-0.8363800049
0.2595672607
-0.0576782227
0.0942993164
0.3771667480
0.1885833740
-0.0942993164
-0.8486328125
0.1885833740
-0.0314331055
0.1257171631
-0.2439880371
-0.2439880371
0.4066467285
-0.1626586914
0.0813293457
-0.0813293457
0.1626586914
0.6506195068
0.3140411377
-0.0697937012
0.5582885742
-0.2442474365
-0.0697937012
-0.5234069824
0.3838195801
0.2442474365
0.4160308838
0.1040039062
-0.5200500488
0.1040039062
-0.0520019531
-0.4160308838
-0.4160308838
0.3120269775
-0.0955810547
-0.5734863281
-0.0955810547
0.2867431641
-0.3823242188
-0.0955810547
-0.2867431641
0.0955810547
0.1391906738
-0.4871520996
-0.4871520996
-0.2783660889
0.3479614258
-0.0695953369
0.3479614258
0.1391906738
0.3926696777
-0.0981750488
0.0000000000
-0.0981750488
0.0981750488
-0.6871795654
0.0000000000
0.0000000000
0.3863067627
0.1931610107
-0.3219299316
-0.3219299316
-0.3863067627
-0.3219299316
-0.2575378418
-0.3863067627
0.1249389648
0.0000000000
0.0000000000
-0.1249389648
-0.2498626709
0.2498626709
0.2498626709
-0.1249389648
-0.1166534424
0.4665832520
0.0000000000
0.2332916260
0.1166534424
-0.1166534424
0.2916107178
0.6998748779
0.1572113037
0.4716186523
0.2751159668
0.3930206299
-0.1965026855
0.4323120117
-0.4716186523
0.1572113037
0.2422485352
-0.1211242676
0.4844970703
-0.2422485352
-0.0403747559
-0.4441223145
-0.6056213379
-0.1211242676
0.1238555908
0.0000000000
-0.4954071045
0.1238555908
0.1238555908
0.0000000000
-0.1238555908
0.1238555908
0.6440124512
-0.1380004883
-0.1840057373
-0.5520019531
-0.3220062256
0.1840057373
-0.1380004883
-0.0460052490
-0.2608642578
-0.0474243164
0.6165771484
-0.2845764160
-0.3082885742
-0.0474243164
0.2845764160
-0.5217285156
0.2300720215
0.1150360107
0.0000000000
0.0000000000
-0.1150360107
0.1150360107
0.0000000000
0.0000000000
0.0000000000
-0.1730346680
-0.0865173340
0.6056518555
-0.0865173340
0.1730346680
-0.5191192627
-0.1730346680
0.1833038330
0.2749481201
0.4582519531
-0.3666076660
0.2749481201
0.0916442871
0.1833038330
0.3666076660
0.0000000000
0.2153778076
0.0000000000
0.5384674072
0.3230743408
-0.1076965332
0.3230743408
0.1076965332
-0.1222229004
-0.0407409668
-0.7333526611
-0.2851867676
-0.0407409668
0.1629638672
-0.2851867676
0.4481658936
0.0000000000
-0.0843963623
0.5063476562
0.1687774658
0.5063476562
0.2531738281
0.3375549316
-0.1687774658
0.0516204834
-0.0344085693
-0.2237091064
0.9636535645
0.0000000000
-0.0172119141
0.0860443115
0.0172119141
0.3003997803
-0.1802368164
-0.5407104492
-0.6007843018
0.1802368164
-0.2403106689
-0.1201629639
0.0000000000
0.2042846680
-0.6712036133
-0.0875549316
-0.2042846680
0.3501892090
-0.4669189453
0.2626495361
0.1459197998
0.1088256836
0.5440979004
-0.3264617920
0.0000000000
0.2176361084
0.2176361084
0.2176361084
0.0000000000
0.9486236572
0.1054077148
0.0790557861
0.1317596436
-0.1054077148
0.1580963135
-0.0263519287
0.0790557861
0.1150360107
-0.1150360107
0.0000000000
0.0000000000
-0.2300720215
0.0000000000
-0.1150360107
0.0000000000
0.0000000000
0.1250000000
0.0000000000
0.1250000000
0.2500000000
-0.3750000000
-0.1250000000
0.0000000000
-0.0596771240
0.9548034668
-0.0895080566
0.1491851807
0.0895080566
0.1193542480
-0.0596771240
0.0000000000
-0.3309936523
0.0735473633
0.3677673340
-0.5516510010
0.0735473633
0.2574310303
-0.4413146973
0.3677673340
0.2295532227
-0.1785430908
-0.1020202637
-0.1530303955
-0.5866394043
-0.3060760498
-0.6376495361
-0.1275329590
-0.1359863281
0.1359863281
-0.2719573975
-0.2039642334
-0.2719573975
-0.8158721924
0.1699676514
0.2039642334
0.0000000000
0.3708343506
0.0741729736
0.0000000000
-0.8652801514
0.1977844238
0.0000000000
0.2225036621
0.0972900391
-0.0972900391
0.3891448975
0.0972900391
0.0000000000
-0.0972900391
0.0972900391
0.6809997559
0.5920410156
0.0370025635
0.5550384521
-0.1480102539
-0.0740051270
-0.4440307617
0.2220153809
0.1480102539
0.2901458740
0.1740875244
0.0580291748
0.4642333984
0.2321166992
-0.4642333984
-0.3481750488
0.4062042236
-0.0855865479
-0.6847076416
-0.0855865479
0.0855865479
-0.4279479980
0.0000000000
-0.2567596436
0.0855865479
0.2568969727
-0.2140808105
-0.2568969727
-0.1284484863
0.3853454590
0.0428161621
0.7706756592
0.0428161621
0.1756134033
0.2634277344
-0.0878143311
-0.5268554688
-0.0878143311
-0.5268554688
0.1756134033
0.1756134033
0.1766815186
0.7509155273
-0.3533630371
-0.1325073242
-0.0441741943
-0.3533630371
-0.0441741943
-0.2650299072
0.1247253418
0.0000000000
0.0000000000
-0.2494506836
-0.2494506836
0.2494506836
0.1247253418
0.0000000000
-0.0458984375
0.3213195801
-0.0458984375
0.1836090088
0.0918121338
0.0458984375
0.4131317139
0.7803649902
0.2028808594
0.3550415039
0.4057617188
0.3043212891
-0.2536010742
0.4564819336
-0.3550415039
0.3043212891
0.2608947754
-0.1630554199
0.2935028076
-0.1630554199
-0.0326080322
-0.5870056152
-0.5870056152
-0.2608947754
0.1216278076
0.1216278076
-0.1216278076
-0.1216278076
0.1216278076
0.0000000000
-0.1216278076
0.2432556152
0.7306060791
-0.1095886230
-0.2557067871
-0.2557067871
-0.3287811279
0.3653106689
0.1826477051
-0.0730590820
-0.1285858154
0.1028594971
0.6171722412
-0.2828674316
-0.4114532471
-0.1542968750
0.3857421875
-0.3857421875
0.2498626709
-0.1249389648
0.1249389648
0.2498626709
0.0000000000
0.2498626709
0.1249389648
0.0000000000
0.1196746826
-0.2393341064
0.1196746826
0.1196746826
0.1196746826
0.1196746826
-0.4786834717
-0.2393341064
0.1782989502
-0.0891571045
0.4457702637
-0.3566131592
0.1782989502
-0.0891571045
0.1782989502
0.5349121094
0.0000000000
0.1024169922
-0.3072509766
0.3072509766
0.4096679688
-0.2048339844
0.4096679688
0.2048339844
-0.0413665771
-0.0827331543
-0.7445526123
-0.2895507812
-0.0413665771
0.0827331543
-0.2068176270
0.4963684082
0.1849517822
-0.3082427979
0.3082427979
-0.1233062744
0.6165008545
0.1849517822
0.1849517822
-0.4315490723
0.0797119141
0.0159454346
-0.1594085693
0.9724273682
0.0637664795
-0.0318756104
0.0956420898
0.0000000000
0.1353454590
0.0000000000
-0.6090240479
-0.5413513184
0.2706756592
-0.2706756592
0.0000000000
-0.1353454590
0.0000000000
-0.5819396973
0.1551818848
-0.2327728271
0.2715759277
-0.5819396973
0.3491668701
0.0000000000
0.2187805176
0.5469665527
0.0000000000
0.0000000000
0.2187805176
0.3281707764
0.0000000000
0.2187805176
0.8371276855
0.1240234375
0.0310058594
0.2480316162
0.0930175781
0.3100433350
-0.1550292969
0.2480316162
0.1247863770
0.2495727539
-0.2495727539
0.0000000000
-0.2495727539
-0.1247863770
0.0000000000
0.2495727539
0.0000000000
-0.1238555908
0.1238555908
0.2477111816
0.3715667725
0.1238555908
-0.2477111816
0.1238555908
-0.0435028076
0.9861297607
-0.0580139160
0.0435028076
0.0290069580
0.0580139160
-0.0870056152
0.0435028076
-0.3608245850
0.2706298828
0.0000000000
-0.0902099609
0.3157196045
0.4961395264
-0.5863494873
0.1804199219
0.2304382324
-0.1382598877
-0.0921783447
-0.0691375732
-0.7143707275
-0.2765350342
-0.5530548096
-0.0691375732
-0.0758361816
-0.0758361816
-0.3033752441
-0.2275238037
-0.4171447754
-0.7205047607
-0.1137695312
0.3033752441
-0.0456237793
0.3194122314
-0.0228118896
0.0000000000
-0.8669738770
0.2737731934
0.0000000000
0.2281494141
-0.1804046631
0.0000000000
-0.4510040283
0.1804046631
-0.0901947021
-0.1804046631
-0.0901947021
0.6314086914
0.7999420166
0.0888824463
0.4740447998
-0.1777648926
0.0000000000
-0.1777648926
0.1481323242
0.1185150146
0.0377044678
0.0000000000
0.8295135498
0.4901733398
0.0000000000
-0.1131134033
0.0754089355
0.0754089355
-0.1681976318
-0.6727905273
0.0000000000
0.1681976318
-0.2522888184
0.2522888184
-0.3363952637
0.0840911865
0.5830078125
-0.2915039062
-0.3886718750
-0.2915039062
0.4372558594
-0.0485839844
0.0971679688
0.2429199219
0.0823974609
0.2472076416
-0.1648101807
-0.7416381836
0.0000000000
-0.3296203613
0.0823974609
0.0823974609
0.0457916260
0.9388427734
-0.2289886475
0.0229034424
0.0000000000
-0.1373901367
-0.0457916260
-0.1602935791
0.1166229248
-0.2332305908
0.0000000000
-0.2332305908
-0.2332305908
0.2332305908
0.1166229248
0.4664764404
-0.0795288086
0.1590576172
-0.0397644043
0.1988220215
-0.0795288086
0.2385864258
0.6759948730
0.5964660645
0.3381500244
0.3381500244
0.6387329102
0.1502838135
-0.0751495361
0.4508666992
-0.2254333496
0.1878662109
0.0554046631
-0.1385040283
0.2770080566
-0.1108093262
-0.0554046631
-0.6371154785
-0.6371154785
-0.2216033936
0.1199951172
0.0000000000
-0.1199951172
-0.1199951172
0.1199951172
0.0000000000
-0.1199951172
0.2400054932
0.8418426514
0.0000000000
-0.1485595703
-0.1733245850
-0.3713989258
0.2228393555
0.1485595703
-0.0990447998
-0.0433959961
0.1084899902
0.7160186768
-0.2820739746
-0.3471527100
-0.1735839844
0.3688507080
-0.3037719727
0.1243286133
-0.2486572266
0.1243286133
0.2486572266
0.1243286133
0.1243286133
0.0000000000
-0.1243286133
-0.0823974609
0.0000000000
0.0823974609
-0.8240356445
0.0000000000
0.0823974609
-0.2472076416
-0.0823974609
0.1214752197
0.7895812988
0.4251556396
-0.1822052002
-0.0607299805
-0.0607299805
0.0607299805
0.1214752197
-0.0964202881
0.0000000000
-0.3856964111
0.0964202881
0.3856964111
-0.0964202881
0.5785369873
0.0964202881
0.0990600586
-0.1981048584
-0.6438446045
-0.4457397461
-0.0990600586
0.0000000000
-0.0495300293
0.4952697754
0.0833740234
-0.4585418701
0.2501220703
-0.0833740234
0.6252899170
0.1250610352
0.0000000000
-0.5002288818
0.0633544922
0.0380096436
-0.0633544922
0.9884490967
0.0633544922
-0.0126647949
0.0633544922
0.0126800537
-0.1519622803
0.8104858398
-0.3545837402
-0.1519622803
-0.0506591797
-0.2026214600
0.2026214600
-0.0506591797
-0.1136016846
-0.5680236816
0.3408203125
-0.3976287842
0.1136016846
-0.2272186279
0.4544219971
0.1136016846
0.3748321533
-0.1249389648
0.1249389648
-0.1249389648
0.0000000000
0.2498779297
0.0000000000
0.1249389648
0.7889862061
0.1972503662
-0.0657501221
0.2301177979
0.2301177979
0.2958679199
-0.2301177979
0.2301177979
0.1159973145
0.4640045166
-0.2320098877
-0.2320098877
-0.2320098877
-0.1159973145
-0.1159973145
0.2320098877
-0.1242218018
0.0000000000
0.0000000000
0.3726806641
0.2484588623
0.1242218018
-0.2484588623
0.1242218018
-0.0461730957
0.9927825928
-0.0346374512
0.0000000000
0.0000000000
0.0577239990
-0.0577239990
0.0115509033
-0.1540222168
0.2695465088
-0.3850708008
0.5776062012
0.3465576172
0.3465576172
-0.3465576172
-0.1155242920
0.1183776855
-0.0236816406
0.0000000000
0.0473480225
-0.8522949219
-0.1183776855
-0.4734954834
0.0236816406
0.1562500000
-0.2343597412
-0.3515472412
-0.1562500000
-0.5077972412
-0.5859222412
-0.3124847412
0.1562500000
-0.0296478271
0.2668762207
-0.0296478271
-0.0593109131
-0.8302917480
0.3854980469
-0.0296478271
0.2372283936
-0.2077789307
0.0692596436
-0.6926116943
0.1385192871
-0.1385192871
-0.2770385742
-0.3462982178
0.2770385742
0.8605041504
0.0226440430
0.4076080322
-0.1811523438
-0.0452880859
-0.0905761719
0.0226440430
0.1811523438
-0.0873565674
0.0000000000
0.8736267090
0.2912139893
-0.1455993652
0.2038421631
0.2329711914
0.0000000000
-0.4001464844
-0.4501647949
0.3001098633
0.2500915527
0.3001098633
0.5001831055
-0.2500915527
0.0000000000
0.3262176514
-0.1087341309
-0.1359252930
-0.2446594238
0.0815582275
-0.1631011963
-0.8427124023
0.1902923584
-0.0849761963
0.1699676514
-0.4249114990
-0.6798706055
-0.2549438477
0.0000000000
0.0000000000
-0.0849761963
0.0569152832
0.9676055908
-0.1517791748
0.0569152832
0.0189666748
-0.0569152832
-0.0379486084
-0.1328125000
-0.2099609375
-0.2099609375
-0.1049804688
-0.2099609375
0.0000000000
0.2099609375
0.1049804688
0.6298675537
-0.1130371094
0.0753631592
-0.0376739502
0.2260742188
-0.2260742188
0.3391113281
0.7912597656
0.3014373779
0.4255676270
0.3343658447
0.6991424561
0.0303955078
0.0000000000
0.3951721191
-0.1519927979
0.0911865234
0.0310821533
-0.1243133545
0.2486419678
-0.2175598145
-0.0621643066
-0.7148284912
-0.5594329834
-0.1243133545
0.1199951172
0.0000000000
0.0000000000
0.0000000000
-0.2400054932
0.2400054932
0.0000000000
0.0000000000
0.9117279053
0.0405273438
-0.0607757568
-0.0607757568
-0.3444366455
0.0810394287
-0.0810394287
-0.1215667725
0.0000000000
0.0313873291
0.8945617676
-0.1726379395
-0.1412506104
-0.1726379395
0.2197113037
-0.2510986328
0.2459411621
0.0000000000
0.2459411621
0.1229705811
0.3689117432
-0.1229705811
0.0000000000
-0.2459411621
-0.1055145264
-0.1055145264
0.0351715088
-0.9496612549
-0.0351715088
0.1055145264
-0.1055145264
-0.1055145264
-0.0521392822
0.9385833740
0.2346496582
-0.1564331055
-0.0782165527
-0.0782165527
0.0000000000
0.0521392822
-0.1762847900
0.0881347656
-0.1762847900
0.1762847900
0.3525543213
0.0000000000
0.7051239014
0.0881347656
0.3077850342
-0.3077850342
0.4616851807
-0.6155700684
-0.0769500732
-0.0769500732
-0.0769500732
0.0000000000
-0.0464935303
-0.6974182129
0.1394805908
0.1394805908
0.4184417725
0.0464935303
-0.0929870605
-0.4649353027
0.0423278809
0.0529022217
0.0000000000
0.9946136475
0.0317382812
-0.0211639404
0.0105743408
0.0317382812
-0.1337585449
0.9363098145
-0.0668792725
0.0668792725
-0.1671905518
-0.0668792725
0.1671905518
0.0000000000
0.0000000000
-0.5112304688
0.2840118408
-0.3976287842
-0.3408203125
0.2840118408
0.2840118408
0.3408203125
0.3621368408
-0.7242736816
0.0724334717
-0.3621368408
-0.0724334717
0.0724334717
0.0000000000
-0.1448516846
0.8911132812
0.1113891602
-0.0371246338
0.1856536865
0.1485137939
0.1856536865
-0.1856536865
0.1485137939
0.1250000000
0.2500000000
0.0000000000
0.0000000000
-0.3750000000
0.1250000000
0.0000000000
0.1250000000
-0.1249389648
0.2498626709
0.2498626709
0.2498626709
0.1249389648
0.0000000000
-0.1249389648
0.0000000000
-0.0201110840
0.9954376221
-0.0201110840
-0.0201110840
0.0000000000
0.0603332520
-0.0100555420
-0.0301666260
0.0000000000
0.2239227295
-0.3518676758
0.7677154541
0.3198852539
0.2879028320
-0.0959625244
-0.0959625244
0.0471801758
0.0000000000
0.0235900879
0.1651153564
-0.8727874756
-0.0471801758
-0.4010162354
0.1651153564
0.4292449951
-0.4292449951
-0.3815460205
-0.0953826904
-0.1907653809
-0.4292449951
-0.3815460205
0.1907653809
-0.2956695557
0.1689605713
-0.0844726562
-0.0422363281
-0.5913543701
0.6335906982
-0.0422363281
0.2534332275
-0.0924072266
0.0000000000
-0.2772064209
0.4620056152
-0.2772064209
-0.1847991943
-0.4620056152
-0.2772064209
0.9314422607
-0.0477600098
0.2149505615
-0.0716552734
-0.0716552734
-0.1194152832
-0.1432952881
0.1432952881
-0.1065979004
0.0000000000
0.8793945312
0.1065979004
-0.0799407959
0.3730773926
0.1865386963
-0.0266418457
-0.4444122314
-0.2370147705
0.3851623535
0.3555297852
0.4740447998
0.4147796631
-0.2073974609
0.0592498779
0.1075134277
0.0716857910
0.0358428955
-0.1254425049
-0.0537567139
-0.1075134277
-0.9676666260
0.0716857910
-0.2600250244
0.0520019531
-0.7800598145
-0.3120269775
-0.2600250244
0.2600250244
0.0000000000
0.0000000000
0.0365905762
0.9695739746
-0.1463470459
0.0731811523
0.0914764404
-0.0182952881
-0.0182952881
-0.1097564697
-0.2500000000
0.0000000000
-0.2500000000
-0.1250000000
0.1250000000
0.2500000000
0.1250000000
0.1250000000
-0.1110839844
0.0370330811
0.0740509033
0.2592010498
-0.3332519531
0.4443359375
0.7405548096
-0.1110839844
0.4931793213
0.2855224609
0.6229705811
0.0519104004
0.1817016602
0.4153137207
-0.1817016602
0.1557464600
0.1267852783
-0.1267852783
0.1584930420
-0.1584930420
0.0000000000
-0.8241424561
-0.4437713623
-0.0950927734
0.1249389648
0.1249389648
0.3748016357
0.0000000000
0.0000000000
0.0000000000
0.2498626709
0.0000000000
0.8528594971
0.0874786377
0.0000000000
0.0655975342
-0.4154968262
-0.0874786377
-0.2186737061
-0.1312103271
0.0243682861
-0.0243682861
0.9504394531
-0.0852966309
0.0121917725
-0.1949615479
0.0852966309
-0.1949615479
0.1245422363
0.2490844727
0.2490844727
-0.1245422363
0.2490844727
0.0000000000
0.1245422363
-0.2490844727
0.0000000000
-0.0617065430
0.0205688477
-0.9874114990
0.0000000000
0.0411376953
0.0617065430
-0.0411376953
-0.0632934570
0.9811553955
0.0632934570
-0.0791320801
-0.1107788086
-0.0474700928
-0.0158233643
0.0158233643
-0.3904724121
0.3123779297
0.0000000000
0.1561889648
0.1561889648
-0.0780944824
0.6247558594
0.3123779297
0.1760864258
0.0352172852
0.8099670410
-0.0352172852
0.0704345703
-0.1056518555
0.1056518555
-0.4930267334
-0.1499938965
-0.6750030518
0.0000000000
0.1499938965
-0.0749969482
-0.0749969482
-0.1499938965
-0.5249938965
0.0098571777
0.0295715332
0.0394287109
0.9955749512
0.0394287109
-0.0295715332
0.0197143555
0.0197143555
-0.0449066162
0.9655914307
0.0449066162
0.0898284912
-0.1347351074
0.0898284912
0.1122741699
0.0224609375
-0.0939025879
-0.3286743164
0.0469512939
-0.1878051758
-0.6573333740
0.1408538818
0.2347564697
0.5164794922
0.1941070557
-0.7764282227
0.0485229492
-0.3882141113
0.0485229492
-0.1455841064
0.1455841064
-0.2911682129
0.9491577148
-0.1095123291
0.0000000000
0.0000000000
0.0364990234
-0.1460266113
0.0000000000
0.1460266113
-0.1113433838
0.0000000000
0.1113433838
0.1113433838
0.0000000000
0.1113433838
0.1113433838
-0.1113433838
-0.1224670410
-0.1224670410
0.2449493408
0.0000000000
-0.1224670410
-0.4898986816
-0.1224670410
0.0000000000
0.0978698730
0.9787750244
-0.0489349365
0.0489349365
0.0000000000
0.0489349365
0.0734100342
-0.0244750977
-0.0806121826
-0.0403137207
0.4030914307
-0.8061828613
-0.1612396240
-0.2418518066
-0.0403137207
0.2015533447
0.2025299072
-0.0405120850
-0.2430419922
-0.2025299072
-0.4050750732
-0.5265960693
-0.5671081543
-0.2025299072
-0.1837463379
0.2858276367
0.0408325195
-0.0612487793
-0.5308227539
-0.6533203125
0.3266601562
-0.2245788574
0.0000000000
0.4041748047
0.2309570312
-0.0577392578
-0.8083496094
0.0577392578
0.0000000000
0.1154785156
0.1082458496
-0.2165069580
0.1082458496
-0.1082458496
-0.1082458496
0.2165069580
0.0000000000
0.6495208740
-0.0446472168
0.0446472168
0.5804748535
-0.3125610352
0.0000000000
-0.3572235107
0.5804748535
0.1786041260
0.2196960449
0.0313873291
0.8787536621
0.2510681152
-0.1255340576
-0.2196960449
-0.1255340576
-0.0627746582
0.0000000000
-0.1228332520
-0.1228332520
0.2456817627
-0.2456817627
0.0000000000
0.0000000000
0.1228332520
-0.3101348877
-0.0258483887
0.0000000000
0.0000000000
-0.0516815186
0.0516815186
-0.9303894043
-0.1033782959
0.0000000000
0.0000000000
0.3750000000
-0.1250000000
0.1250000000
-0.2500000000
0.0000000000
-0.1250000000
0.1577301025
0.7886199951
-0.2628784180
-0.1051483154
-0.2102966309
0.0000000000
-0.2628784180
-0.2628784180
0.1237182617
0.0000000000
0.0000000000
-0.2474365234
-0.1237182617
0.1237182617
0.2474365234
0.1237182617
-0.0909118652
-0.1818389893
-0.0909118652
-0.0909118652
0.1818389893
-0.4545898438
0.4545898438
0.4545898438
0.0517272949
0.5689849854
0.4655303955
0.2586364746
0.1551818848
0.1034545898
-0.5172576904
0.0000000000
0.0617675781
0.0617675781
0.6794281006
-0.3705902100
-0.3088378906
-0.1853027344
-0.3705902100
0.0000000000
0.0000000000
-0.0785675049
0.0000000000
0.0000000000
0.0000000000
-0.0785675049
0.0000000000
0.0000000000
0.5527648926
0.2763824463
-0.1381988525
-0.4836730957
0.3454742432
0.0690917969
0.0690917969
-0.2763824463
-0.3250885010
-0.1000213623
0.5751495361
-0.3750915527
-0.2250518799
0.1250305176
0.2250518799
-0.5251312256
0.1000061035
0.1000061035
0.0000000000
0.0000000000
0.0000000000
0.1000061035
0.0000000000
0.1000061035
0.0981750488
-0.1963348389
0.0000000000
-0.5890197754
0.0981750488
0.2945098877
-0.3926696777
-0.0981750488
0.0838165283
0.8799896240
0.0419006348
-0.2095184326
-0.2933349609
0.0419006348
0.1676177979
0.0000000000
-0.2258758545
0.5646972656
0.1129455566
0.3388214111
0.0000000000
0.0000000000
0.1129455566
0.0000000000
-0.0827331543
-0.1240844727
-0.8686370850
-0.2068176270
0.0827331543
0.0413665771
-0.0827331543
0.3309173584
0.1166229248
-0.2332305908
0.1166229248
-0.1166229248
0.1166229248
0.3498535156
0.1166229248
-0.4664764404
0.0000000000
-0.0278625488
-0.1532440186
0.9752349854
-0.0139312744
-0.0417938232
0.0975189209
0.0835876465
-0.0222778320
0.9576568604
-0.1781616211
-0.1558990479
0.0000000000
-0.0890808105
-0.0222778320
0.0445404053
0.2878112793
-0.6619720459
-0.0287780762
-0.0863494873
0.5180664062
-0.2302551270
0.3453674316
0.0575561523
-0.2468566895
0.3703002930
-0.2468566895
-0.1234283447
0.0000000000
0.0000000000
0.2468566895
0.0000000000
0.9611206055
0.0640716553
0.0320434570
-0.0961151123
-0.1281433105
-0.0640716553
0.0640716553
-0.0640716553
0.0000000000
-0.0911560059
0.0000000000
0.0000000000
-0.0911560059
0.0000000000
0.0000000000
0.0911560059
-0.2165069580
0.2165069580
0.1082458496
-0.1082458496
0.0000000000
-0.6495208740
-0.1082458496
0.1082458496
0.0479431152
0.9588775635
-0.0719146729
0.1438293457
0.0239715576
0.1678009033
0.0719146729
0.0000000000
-0.2600860596
-0.0371551514
0.4458618164
-0.7802581787
-0.1486206055
-0.1857757568
0.0000000000
0.1486206055
0.2940063477
-0.1809234619
-0.2940063477
-0.3166198730
-0.6784667969
-0.1356964111
-0.3844757080
-0.2261505127
-0.2176971436
0.2572784424
-0.0197906494
-0.0593719482
-0.4749755859
-0.7124786377
0.3562316895
-0.0989532471
0.0632934570
0.4747467041
0.1582489014
-0.0316467285
-0.7912597656
0.0632934570
0.0316467285
0.2848510742
0.3443145752
-0.1147766113
-0.1147766113
0.0000000000
-0.1147766113
0.4590759277
0.0000000000
0.3443145752
-0.3135070801
0.0000000000
0.6270141602
-0.2239379883
-0.2239379883
-0.4030761719
0.4030761719
0.1343536377
0.2238006592
-0.0746002197
0.8206176758
0.3730010986
0.0994720459
-0.1989288330
-0.2486724854
0.0248718262
0.2165069580
-0.1082458496
-0.4330139160
0.1082458496
-0.5412597656
0.0000000000
0.0000000000
0.1082458496
-0.2449493408
-0.0489959717
0.0979766846
0.0000000000
0.2449493408
0.1469726562
-0.7838439941
-0.3919219971
0.2165069580
0.0000000000
0.3247528076
0.1082458496
0.2165069580
-0.5412597656
-0.1082458496
0.2165069580
0.2013854980
0.8055419922
-0.3222198486
-0.1611022949
-0.0402832031
-0.2013854980
-0.0805511475
-0.2819366455
0.0000000000
0.0000000000
0.0000000000
-0.2486572266
-0.2486572266
0.1243286133
0.2486572266
0.0000000000
-0.0520019531
0.0520019531
-0.1040039062
0.0520019531
0.1560058594
-0.4160308838
0.0520019531
0.8320770264
0.0000000000
0.4529724121
0.3963470459
0.3963470459
0.0000000000
0.2264862061
-0.5662078857
0.0566253662
0.1636962891
-0.0545654297
0.5456695557
-0.3274078369
-0.2728424072
-0.2182617188
-0.5456695557
-0.2182617188
0.0000000000
0.0000000000
0.0000000000
0.0000000000
-0.0785675049
0.0000000000
0.0000000000
0.0785675049
0.6172180176
0.0000000000
-0.3798217773
-0.2848663330
-0.0474853516
0.4747772217
0.2373962402
-0.1899108887
-0.2382202148
-0.0433197021
0.6280517578
-0.3681640625
-0.3465118408
0.0433197021
0.2598876953
-0.4547882080
0.2432556152
0.0000000000
0.1216278076
0.0000000000
0.0000000000
0.1216278076
0.0000000000
0.2432556152
0.0935668945
-0.1871185303
0.0000000000
-0.0935668945
0.0935668945
0.1871185303
-0.7484741211
-0.1871185303
0.1024932861
0.8199920654
0.0512542725
-0.3074951172
-0.2050018311
-0.0512542725
0.2562408447
0.1537475586
-0.2131805420
0.4263610840
-0.2131805420
0.3197631836
0.4263610840
0.0000000000
0.1065826416
-0.1065826416
-0.0330047607
-0.0989990234
-0.7589874268
-0.2639923096
0.0330047607
-0.0330047607
-0.1649932861
0.5279998779
0.0901947021
-0.1804046631
0.3607940674
-0.0901947021
0.0901947021
0.4510040283
0.1804046631
-0.5411987305
0.0247802734
-0.0247802734
-0.1735076904
0.9667205811
-0.0495758057
-0.0619659424
0.1239318848
0.0867614746
-0.0192260742
0.9417724609
-0.2114105225
-0.1729736328
0.1153259277
-0.0576629639
-0.0960998535
0.0192260742
0.1880798340
-0.6179809570
0.1880798340
-0.0268707275
0.4836425781
-0.4299011230
0.3224182129
-0.0268707275
-0.1141510010
0.5707855225
-0.1141510010
0.2283172607
0.1141510010
0.2283172607
0.1141510010
0.1141510010
0.9715270996
0.0441589355
0.1103973389
0.0662384033
-0.0883178711
0.1103973389
-0.0441589355
0.0000000000
0.1150360107
0.0000000000
0.0000000000
0.1150360107
-0.2300720215
0.0000000000
0.0000000000
0.1150360107
0.0000000000
0.0000000000
0.2432556152
0.0000000000
0.0000000000
-0.2432556152
-0.1216278076
-0.1216278076
0.0000000000
0.9793243408
0.0356140137
0.0000000000
0.0356140137
0.1424407959
0.0712280273
-0.0534210205
-0.6493072510
0.0590209961
0.4131927490
-0.4722137451
0.0590209961
0.0590209961
-0.2361145020
0.0590209961
0.2582550049
-0.1076049805
-0.2152099609
-0.2797698975
-0.7747497559
-0.0860900879
-0.3443298340
-0.2367248535
-0.2340087891
0.2106018066
-0.0935974121
-0.1404113770
-0.4680175781
-0.7488250732
0.2574157715
0.0935974121
0.0000000000
0.4966125488
0.0709381104
0.0473022461
-0.8040466309
0.0945892334
0.0709381104
0.2601318359
0.2892761230
0.0000000000
-0.4821166992
-0.0964202881
-0.1928405762
0.3856964111
0.0964202881
0.3856964111
-0.3099365234
0.2066345215
0.6715393066
-0.2066345215
-0.3616027832
-0.3099365234
0.2066345215
0.1033172607
0.1477355957
-0.0211029053
0.8652954102
0.4220886230
0.0844116211
-0.1477355957
-0.0844116211
0.0211029053
0.1088256836
-0.2176361084
-0.4352722168
-0.1088256836
-0.5440979004
0.0000000000
0.0000000000
0.0000000000
0.1606292725
-0.2141723633
-0.0535430908
-0.1070861816
0.2677154541
0.0535430908
-0.7496032715
-0.4283447266
0.2222900391
0.1111450195
0.3334350586
-0.1111450195
0.2222900391
-0.4445648193
-0.2222900391
0.2222900391
0.1028137207
0.9458770752
-0.2467498779
0.0205688477
0.0616912842
-0.0205688477
-0.0205688477
-0.1233673096
0.1247863770
-0.1247863770
-0.1247863770
-0.3743438721
-0.2495727539
0.0000000000
0.1247863770
-0.1247863770
-0.0499572754
0.0000000000
-0.1498718262
0.0499572754
0.0499572754
-0.1998291016
0.1998291016
0.8992156982
0.2872619629
0.2872619629
0.4596252441
0.2872619629
0.0000000000
0.2872619629
-0.5170745850
0.2872619629
-0.0435333252
-0.0870819092
0.5224761963
-0.2612304688
-0.1741638184
-0.3047790527
-0.6095428467
-0.3047790527
0.1199951172
-0.1199951172
0.1199951172
-0.1199951172
0.0000000000
0.0000000000
-0.1199951172
0.2400054932
0.7354583740
0.0387115479
-0.1935424805
-0.1935424805
-0.1935424805
0.3483734131
0.3483734131
-0.2322540283
-0.1560516357
-0.0668792725
0.6910858154
-0.3121032715
-0.3566894531
-0.0445861816
0.2675170898
-0.4235687256
0.1178436279
0.0000000000
0.1178436279
0.1178436279
0.0000000000
0.2357025146
0.1178436279
0.0000000000
-0.1999969482
0.0000000000
0.0000000000
-0.5000000000
-0.3000030518
0.0000000000
-0.5000000000
-0.1000061035
0.1024932861
0.8712310791
0.0000000000
-0.2562408447
-0.0512542725
-0.2562408447
0.1024932861
0.0000000000
-0.1117401123
0.0000000000
-0.3352050781
0.1117401123
0.5586853027
-0.1117401123
0.2234802246
0.1117401123
0.0326843262
-0.0653686523
-0.8170318604
-0.2614440918
-0.0326843262
-0.0653686523
-0.0980377197
0.4575347900
0.0702667236
-0.2108154297
0.3513488770
0.0000000000
0.2810821533
0.4216156006
0.0702667236
-0.6324310303
0.0426635742
0.0142211914
-0.1279754639
0.9811096191
0.0000000000
-0.0284423828
0.0995330811
0.0426635742
-0.0535125732
0.9631958008
-0.1783752441
-0.1248626709
0.0713500977
-0.0356750488
-0.0713500977
0.0178375244
0.0722961426
-0.6506500244
0.1807403564
-0.1084442139
0.3253173828
-0.3976135254
0.4699096680
0.0000000000
0.0000000000
0.5440979004
0.1088256836
0.1088256836
0.3264617920
0.3264617920
0.1088256836
0.1088256836
0.9270324707
0.0308990479
0.0308990479
0.1854095459
0.0000000000
0.2472076416
-0.0617980957
0.0926971436
0.0000000000
0.2477111816
-0.1238555908
-0.1238555908
-0.3715667725
-0.1238555908
-0.1238555908
0.2477111816
0.0000000000
0.0000000000
0.1228332520
0.2456817627
0.1228332520
0.1228332520
-0.2456817627
0.0000000000
-0.0449981689
0.9900360107
0.0449981689
-0.0299987793
0.0299987793
0.0749969482
0.0149993896
-0.0299987793
-0.3881530762
0.2328948975
-0.3105163574
0.4657745361
0.3881530762
0.0776367188
-0.1552581787
-0.3105163574
0.1111450195
0.0000000000
-0.1667175293
-0.1111450195
-0.8891601562
-0.1389312744
-0.3056488037
-0.1389312744
-0.1513214111
0.2017669678
-0.0756683350
-0.1260986328
-0.4035186768
-0.8322753906
0.1260986328
0.1513214111
0.0000000000
0.3984527588
0.0265655518
0.0265655518
-0.8234710693
0.1859436035
0.0531311035
0.3187561035
-0.1776275635
0.1776275635
-0.2664337158
-0.0888061523
-0.3552398682
0.0000000000
-0.2664337158
0.6216888428
0.3163299561
0.2635955811
0.6326446533
-0.3163299561
-0.4744873047
-0.0527191162
-0.1054382324
0.0000000000
-0.0411682129
-0.0411682129
0.8851165771
0.4322662354
0.0205841064
-0.0411682129
0.0823364258
-0.0617523193
0.0000000000
-0.3607788086
-0.2405242920
-0.3607788086
-0.2405242920
0.1202545166
-0.1202545166
0.0000000000
0.2006225586
-0.0752258301
-0.0501556396
-0.1003112793
0.0501556396
-0.0250701904
-0.9529266357
-0.1003112793
0.3181304932
0.1060485840
0.4241790771
-0.4241790771
0.2120971680
-0.1060485840
-0.2120971680
0.1060485840
0.0970764160
0.9545898438
-0.1941528320
0.0970764160
0.0485382080
0.0485382080
-0.0485382080
-0.1294403076
0.0000000000
-0.1249389648
-0.1249389648
-0.3748321533
-0.1249389648
-0.1249389648
0.0000000000
0.2498779297
-0.0704498291
0.1408843994
-0.1408843994
0.0000000000
-0.0704498291
0.0704498291
0.4226531982
0.7748718262
0.5063629150
0.2250518799
0.6188964844
0.1125183105
0.1125183105
0.2250518799
-0.2813110352
0.2250518799
-0.1889343262
0.0000000000
0.4912261963
-0.3022918701
-0.1511383057
-0.4534301758
-0.5667877197
-0.1889343262
0.0000000000
-0.1000061035
-0.1000061035
0.0000000000
0.0000000000
0.1000061035
0.1000061035
0.0000000000
0.8392028809
0.1198883057
-0.0299682617
-0.2097930908
-0.3296813965
0.1498565674
0.1798248291
-0.2097930908
-0.1089172363
-0.1089172363
0.8060455322
-0.2396392822
-0.2396392822
-0.0653533936
0.1960601807
-0.3921203613
0.1249389648
0.1249389648
0.2498626709
0.0000000000
0.2498626709
0.0000000000
0.2498626709
-0.1249389648
-0.3729400635
0.1491699219
0.0745849609
-0.6712799072
-0.2237548828
0.0745849609
-0.2237548828
-0.2983398438
0.0634613037
0.9518890381
-0.0634613037
-0.0317230225
0.0000000000
-0.1903839111
0.0000000000
-0.1269226074
-0.1172332764
-0.1172332764
-0.2344665527
0.0000000000
0.4689483643
0.1172332764
0.3517150879
0.1172332764
0.1235656738
-0.0411834717
-0.8237609863
-0.3706970215
-0.0411834717
-0.1647491455
0.0000000000
0.2883148193
0.0569000244
-0.5120544434
0.0569000244
0.1137847900
0.1706848145
0.3413696289
0.0000000000
-0.6827392578
0.0419006348
0.0000000000
-0.0139617920
0.9916687012
0.0139617920
0.0139617920
0.0698394775
0.0558624268
-0.0923461914
0.9850769043
-0.0769653320
-0.0769653320
0.0307769775
-0.0153961182
-0.0153961182
-0.0153961182
0.1000366211
-0.7502899170
0.2000732422
-0.2500915527
0.0000000000
0.0000000000
0.4501647949
0.2000732422
0.3370056152
0.2246704102
0.3370056152
-0.2246704102
0.2246704102
-0.1123352051
0.3370056152
-0.1123352051
0.9208831787
0.0297088623
-0.0891113281
0.2079467773
0.0594177246
0.2376403809
-0.0891113281
0.0594177246
0.0000000000
0.4445648193
-0.2222900391
-0.3334350586
-0.3334350586
0.0000000000
-0.2222900391
0.1111450195
0.1113433838
0.0000000000
0.1113433838
0.1113433838
0.1113433838
0.0000000000
-0.1113433838
-0.1113433838
-0.0676879883
0.9882049561
0.0000000000
-0.0270690918
0.0541534424
0.0947570801
-0.0135345459
-0.0135345459
0.0365295410
0.0365295410
-0.5114288330
0.7306060791
0.1826477051
-0.0730590820
0.1095886230
-0.3287811279
-0.0987243652
0.0658264160
0.0000000000
0.0000000000
-0.9543914795
-0.0329132080
-0.1974639893
0.0000000000
0.0296783447
0.2077636719
0.0000000000
-0.0296783447
-0.2671203613
-0.9200592041
0.0296783447
0.0890350342
-0.1608581543
0.2144775391
-0.1608581543
0.1608581543
-0.7506866455
0.3217163086
0.1072387695
0.3217163086
-0.3059997559
0.0765075684
0.3059997559
0.0765075684
-0.3825073242
-0.1529998779
-0.3825073242
0.5355072021
0.7356719971
0.0000000000
0.3343963623
-0.1003112793
-0.4012756348
0.0668792725
-0.3678283691
0.0000000000
-0.1301879883
-0.0929870605
0.9113006592
0.3533630371
0.0186004639
0.0558013916
0.0558013916
-0.0372009277
-0.2199401855
-0.3299102783
0.1099700928
-0.1099700928
0.3299102783
0.4398803711
-0.2199401855
-0.1099700928
0.0298461914
0.0596923828
0.0746154785
-0.0596923828
-0.0596923828
-0.0149230957
-0.9848480225
-0.0746154785
0.1082458496
0.0000000000
0.0000000000
-0.6495208740
-0.1082458496
0.3247528076
-0.1082458496
0.0000000000
0.1088714600
0.9487304688
-0.1710815430
0.1088714600
0.0311126709
0.0155487061
-0.0933227539
-0.1710815430
-0.2494506836
0.0000000000
-0.1247253418
0.0000000000
0.0000000000
-0.1247253418
0.2494506836
0.2494506836
-0.0977325439
0.1954498291
-0.0977325439
0.0000000000
-0.0977325439
0.0977325439
0.5863494873
0.4886322021
0.5515747070
0.2969970703
0.5940093994
0.0424346924
0.2121429443
0.2969970703
-0.2121429443
0.1272888184
-0.0845489502
-0.1268310547
0.5073242188
-0.2959442139
-0.1268310547
-0.5918731689
-0.4227752686
-0.1691131592
0.1242218018
0.0000000000
-0.3726806641
-0.2484588623
0.0000000000
0.1242218018
0.1242218018
-0.2484588623
0.8821563721
0.1260223389
-0.0252075195
-0.2268371582
-0.3276519775
0.1008148193
0.0000000000
-0.1260223389
-0.0414123535
-0.1449584961
0.8697052002
-0.2484893799
-0.0621185303
-0.1035308838
0.0828247070
-0.3520202637
0.3424682617
0.2283172607
0.2283172607
0.0000000000
0.2283172607
-0.3424682617
0.2283172607
-0.2283172607
-0.0332031250
0.0000000000
0.0000000000
-0.9627685547
-0.1327972412
0.0000000000
0.0332031250
-0.1327972412
-0.0201110840
0.9654083252
-0.0804443359
0.0804443359
0.0603332520
-0.1206817627
-0.0603332520
-0.1407928467
-0.3117980957
0.2078704834
0.0000000000
0.2078704834
0.3117980957
-0.1039276123
0.5196685791
0.2078704834
0.2676544189
0.2676544189
0.0000000000
-0.4014739990
0.0669097900
-0.6022186279
0.1338195801
-0.4014739990
0.0556488037
-0.7234649658
-0.1112976074
0.2782592773
-0.0556488037
0.2782592773
-0.0556488037
-0.4452056885
0.0155334473
-0.0155334473
0.0155334473
0.9944305420
0.0155334473
0.0000000000
0.0466156006
0.0155334473
-0.0377197266
0.9931030273
0.0000000000
-0.0502777100
0.0377197266
0.0502777100
-0.0125732422
-0.0251464844
0.2021026611
-0.6063079834
0.4547424316
-0.2526245117
-0.2526245117
0.3031616211
0.2021026611
0.2021026611
0.4475250244
-0.4475250244
0.1491699219
-0.4475250244
0.0000000000
-0.2983398438
0.2237548828
-0.2237548828
0.9303588867
0.0600280762
-0.0900421143
0.2100830078
-0.0900421143
0.1800689697
0.0900421143
-0.0300140381
0.0000000000
0.2300720215
0.0000000000
0.0000000000
-0.1150360107
0.1150360107
-0.1150360107
0.0000000000
0.0000000000
0.1245422363
0.3736267090
0.0000000000
0.0000000000
-0.2490844727
-0.1245422363
-0.2490844727
-0.0455780029
0.9913330078
-0.0341796875
-0.0113983154
0.0455780029
0.0797576904
-0.0113983154
-0.0341796875
0.0584869385
0.0000000000
-0.3801879883
0.8480987549
0.2047119141
0.0877380371
0.0292510986
-0.2339630127
-0.0596466064
-0.0298309326
-0.0894775391
0.0000000000
-0.9543762207
-0.0298309326
-0.2087707520
0.0596466064
0.2246398926
0.2995300293
0.0374450684
-0.0374450684
0.1123199463
-0.8611297607
-0.1871948242
0.1497650146
-0.2941131592
-0.3529357910
-0.4705810547
0.2941131592
0.0588226318
0.5882415771
-0.1176452637
0.0588226318
-0.1695861816
0.0000000000
0.7914276123
0.3957214355
-0.1695861816
-0.1695861816
-0.1130676270
0.1130676270
0.7987365723
-0.1101684570
0.1101684570
0.0550842285
-0.3305206299
-0.0550842285
-0.4131469727
0.1652526855
-0.1294555664
-0.1132659912
0.9385375977
0.2589111328
0.0485382080
0.0970916748
0.0000000000
-0.0485382080
-0.4576873779
0.0000000000
0.3814086914
-0.0762786865
0.4576873779
0.4576873779
-0.1525573730
0.0000000000
-0.0503845215
0.1385498047
0.1385498047
0.0125885010
-0.0629730225
0.0377807617
-0.9698791504
-0.0881652832
-0.4213104248
-0.0601806641
-0.6620635986
-0.3009338379
-0.0601806641
0.3611297607
0.0601806641
-0.1805572510
0.0837402344
0.9546356201
-0.2009735107
0.1172332764
0.0000000000
-0.0167541504
-0.1172332764
-0.0669860840
0.0000000000
0.2432556152
-0.2432556152
0.0000000000
0.1216278076
0.0000000000
0.1216278076
0.0000000000
-0.1385192871
0.2077789307
0.1385192871
0.2077789307
-0.2770385742
0.6233520508
0.4155578613
-0.2770385742
0.5090484619
0.2994384766
0.4791107178
0.1796722412
0.2994384766
0.3293914795
-0.2994384766
0.2695007324
0.0885162354
-0.2212829590
0.4868316650
-0.0885162354
-0.0442504883
-0.6638641357
-0.3097991943
-0.3097991943
0.0000000000
0.2456817627
0.1228332520
-0.1228332520
0.0000000000
-0.2456817627
0.0000000000
0.1228332520
0.8747406006
0.0583190918
-0.0874786377
-0.1749420166
-0.3790588379
0.0874786377
-0.0291595459
-0.1166381836
0.0000000000
-0.1524963379
0.8895263672
-0.0762481689
0.0254211426
-0.2033233643
-0.2287292480
-0.2541503906
0.1113433838
0.1113433838
0.1113433838
0.1113433838
0.1113433838
0.0000000000
0.1113433838
0.0000000000
-0.0179901123
-0.0179901123
-0.0359802246
-0.9895782471
0.0000000000
-0.0179901123
0.0719757080
-0.0539703369
0.0000000000
0.9656524658
-0.1379547119
0.1207122803
0.0517272949
0.0172424316
-0.1034698486
-0.1034698486
-0.2945098877
0.3926696777
0.0000000000
0.2945098877
-0.0981750488
-0.0981750488
0.3926696777
0.3926696777
0.2615356445
0.3736267090
0.4857025146
-0.1494445801
0.1120910645
-0.3736267090
0.1494445801
-0.5604248047
0.3919830322
-0.6719818115
-0.1679992676
-0.0559997559
0.0000000000
0.2799987793
-0.1679992676
-0.3919830322
-0.0736236572
-0.0184020996
0.1288299561
0.9754638672
0.0000000000
-0.0368041992
0.0736236572
-0.0920257568
-0.0314178467
0.9949951172
0.0209503174
-0.0314178467
0.0209503174
0.0523681641
-0.0209503174
-0.0209503174
-0.1091308594
-0.4911041260
0.4365386963
-0.2728424072
-0.5456695557
0.1091308594
0.1636962891
0.2182617188
0.1795043945
-0.5833892822
0.1346282959
-0.4487609863
0.0000000000
-0.4038848877
0.2243804932
-0.3590087891
0.8832397461
0.0368041992
-0.1472015381
0.1103973389
-0.0736083984
0.0000000000
0.3680114746
0.0000000000
-0.2432556152
-0.1216278076
0.1216278076
0.1216278076
-0.1216278076
0.1216278076
0.0000000000
0.1216278076
0.1082458496
0.0000000000
0.0000000000
-0.3247528076
-0.3247528076
-0.3247528076
0.2165069580
-0.4330139160
0.0211334229
0.9933929443
-0.0528411865
0.0317077637
-0.0422668457
0.0422668457
0.0422668457
0.0000000000
-0.1975708008
-0.1975708008
-0.0395202637
0.5927276611
-0.5927276611
-0.1185455322
0.2766113281
0.2766113281
0.4156494141
-0.0755767822
-0.1133575439
-0.1889343262
-0.6801452637
-0.2267150879
-0.3778533936
-0.2644958496
-0.2063446045
0.3095092773
0.1375579834
-0.0687866211
-0.3610992432
-0.7909851074
0.2407379150
-0.1203613281
0.0466003418
0.4193572998
0.2795715332
0.0000000000
-0.7455139160
0.0931854248
0.0466003418
0.3261718750
0.2131805420
-0.3197631836
-0.2131805420
-0.2131805420
-0.1065826416
0.2131805420
0.0000000000
0.5329437256
0.3094940186
-0.0884246826
0.5747833252
-0.0884246826
-0.0884246826
-0.3537139893
0.5747833252
0.1768646240
0.0546569824
-0.0327911377
0.9511108398
0.2733154297
0.0327911377
0.0546569824
-0.0327911377
-0.0874633789
0.3642120361
0.2428131104
0.0000000000
0.2428131104
-0.2428131104
0.0000000000
0.1213989258
0.2428131104
-0.1880035400
0.0268554688
0.0805816650
0.0671386719
-0.0402832031
0.1208648682
-0.9534606934
-0.1477203369
-0.0916442871
0.2749481201
0.7332153320
-0.1833038330
0.1833038330
-0.0916442871
0.0000000000
0.0916442871
0.0738830566
0.9604797363
-0.2031860352
0.0369415283
-0.0184631348
0.0000000000
-0.0369415283
-0.1293029785
0.0000000000
0.1228332520
0.1228332520
-0.2456817627
-0.1228332520
0.0000000000
0.2456817627
0.0000000000
0.0000000000
0.0891571045
-0.0891571045
-0.1782989502
0.0891571045
-0.3566131592
-0.1782989502
0.7132263184
0.0695953369
0.2783660889
0.5567321777
0.0695953369
0.3479614258
0.0695953369
-0.5567321777
0.0695953369
0.2886962891
0.0000000000
0.6928710938
-0.3464355469
-0.3464355469
0.0577392578
-0.1732177734
-0.2309570312
-0.1216278076
0.0000000000
0.0000000000
-0.2432556152
-0.1216278076
0.0000000000
-0.2432556152
0.0000000000
0.6777801514
0.2904815674
-0.1936492920
-0.3388977051
0.2420654297
0.2904815674
0.0000000000
-0.2904815674
-0.2493591309
-0.0748138428
0.7231597900
-0.3491058350
-0.1745605469
0.3491058350
0.1994934082
-0.2743072510
0.2474365234
0.0000000000
0.1237182617
0.0000000000
-0.1237182617
0.1237182617
0.1237182617
0.2474365234
0.0000000000
-0.0402679443
-0.0402679443
-0.9867095947
-0.0402679443
0.0805511475
-0.0201416016
-0.0402679443
0.0684204102
0.9579772949
-0.0912322998
0.0000000000
-0.2052764893
0.0000000000
0.0912322998
-0.0456237793
-0.2783508301
0.6494903564
0.0927886963
0.3711395264
0.0000000000
-0.1855621338
-0.0927886963
0.0927886963
-0.0738983154
-0.2217102051
-0.8129425049
-0.2217102051
0.1108551025
0.0369567871
-0.1108551025
0.4064636230
0.1129455566
-0.1129455566
0.0000000000
-0.2258758545
-0.2258758545
0.2258758545
0.1129455566
-0.5646972656
0.0000000000
0.0000000000
-0.0753173828
0.9916076660
-0.0502014160
-0.0251007080
0.0376586914
0.0376586914
-0.0932769775
0.9794616699
-0.1166076660
-0.0233154297
-0.0349731445
-0.1049346924
0.0000000000
0.0349731445
0.1648864746
-0.6595306396
0.3847198486
-0.0824432373
0.4671630859
-0.1099243164
0.3572387695
-0.0274810791
-0.1508331299
0.8296203613
-0.0754241943
0.0754241943
-0.0754241943
0.2262573242
0.1508331299
-0.0754241943
0.9820098877
-0.0982055664
0.0491027832
0.0245513916
-0.0245513916
0.0000000000
0.0491027832
-0.0245513916
-0.1150360107
0.0000000000
0.0000000000
0.0000000000
-0.2300720215
0.0000000000
-0.1150360107
0.1150360107
-0.1105499268
0.1105499268
0.0000000000
-0.2211151123
-0.2211151123
-0.5527648926
0.0000000000
-0.3316650391
0.0215759277
0.9921722412
-0.0215759277
0.0323486328
-0.0323486328
0.0647125244
0.0647125244
-0.0215759277
-0.3329162598
-0.2912902832
0.3745269775
-0.0416107178
-0.5825958252
-0.1248474121
0.3329162598
0.3745269775
0.3986053467
-0.0629425049
-0.2517547607
-0.3146820068
-0.7552490234
0.1048889160
-0.1258697510
-0.2517547607
-0.2641143799
0.3107147217
0.1242828369
-0.0466003418
-0.3417968750
-0.7767944336
0.2951812744
-0.0310668945
0.0946655273
0.4733276367
0.1893310547
0.0631103516
-0.7257843018
0.1262207031
0.0946655273
0.3786621094
0.3316650391
-0.2211151123
-0.1105499268
-0.1105499268
-0.2211151123
0.4422149658
0.0000000000
0.3316650391
-0.2440490723
-0.0406799316
0.5287628174
-0.1627044678
-0.1220245361
-0.5694427490
0.4880981445
0.0406799316
0.0824737549
-0.0721588135
0.9278259277
0.3298950195
0.0515441895
0.0309295654
-0.0515441895
-0.0927886963
0.4037933350
0.1009521484
-0.4037933350
-0.1009521484
-0.5047454834
-0.1009521484
0.1009521484
0.1009521484
-0.1351623535
0.0000000000
0.0750885010
0.1051177979
0.0150146484
0.1351623535
-0.9461059570
-0.2102508545
-0.0672149658
0.0672149658
0.6721191406
0.1344299316
0.4032745361
-0.4032745361
-0.0672149658
0.2016296387
0.1217193604
0.9534149170
-0.2231445312
0.0202789307
0.0405731201
-0.0202789307
0.0202789307
-0.1014251709
-0.1228332520
0.0000000000
0.0000000000
-0.2456817627
-0.1228332520
0.1228332520
0.0000000000
-0.2456817627
0.0975189209
-0.0487518311
-0.0975189209
-0.1462707520
0.2437896729
-0.3900604248
-0.2437896729
0.7801055908
0.1911926270
0.3186645508
0.5098571777
0.1911926270
0.2549285889
0.2549285889
-0.4461212158
0.3186645508
0.1254577637
0.0000000000
0.6272583008
-0.3136291504
-0.3763580322
0.1254577637
-0.3763580322
-0.2509002686
0.0000000000
0.1216278076
-0.2432556152
0.0000000000
-0.2432556152
-0.1216278076
0.0000000000
0.0000000000
0.6696777344
0.1969604492
-0.2757415771
-0.3151397705
0.0000000000
0.3939208984
0.0787811279
-0.3545379639
-0.2942504883
-0.1226043701
0.6620635986
-0.3923339844
-0.2452087402
0.2942504883
0.1961669922
-0.3187713623
0.4786834717
0.0000000000
0.2393341064
-0.1196746826
0.0000000000
0.2393341064
0.0000000000
0.2393341064
-0.0214538574
-0.0214538574
0.0000000000
-0.9865417480
0.0000000000
0.0428924561
-0.0428924561
-0.0857849121
0.1538391113
0.9230194092
-0.1538391113
0.0000000000
-0.2051239014
-0.1025543213
0.1282043457
-0.1025543213
-0.1736755371
0.6078643799
-0.0868377686
0.3473510742
0.2605133057
-0.2605133057
-0.0868377686
0.2605133057
0.0292968750
-0.1464691162
-0.8202667236
-0.2343597412
0.0878906250
-0.1171875000
-0.0878906250
0.4394226074
0.1825714111
-0.1825714111
0.0912780762
-0.2738494873
-0.0912780762
0.3651275635
0.0912780762
-0.6389770508
0.0000000000
0.0000000000
-0.0792541504
0.9850769043
-0.1018981934
-0.0226440430
0.0792541504
0.0452880859
-0.1009979248
0.9823913574
-0.1009979248
-0.0459136963
0.0459136963
-0.0734558105
-0.0459136963
-0.0091857910
0.0000000000
-0.6411132812
0.4863586426
-0.0442199707
0.3537139893
-0.2873992920
0.3537139893
0.0442199707
-0.2281951904
0.7606353760
0.1521301270
0.1521301270
0.0760650635
0.1521301270
0.3042602539
-0.0760650635
0.9774475098
-0.1039886475
0.0623931885
0.1039886475
-0.0207977295
0.0623931885
-0.0207977295
-0.0207977295
0.0000000000
0.1113433838
0.0000000000
0.0000000000
-0.2226867676
0.0000000000
0.0000000000
0.1113433838
0.1190643311
0.1190643311
0.2381439209
-0.1190643311
-0.2381439209
-0.3572082520
-0.1190643311
-0.3572082520
-0.0105743408
0.9941101074
0.0105743408
-0.0105743408
0.0000000000
0.0317230225
0.0634613037
-0.0528717041
-0.4154815674
-0.2077331543
0.2596740723
0.5712738037
-0.4154815674
-0.2077331543
0.2077331543
0.2077331543
0.3187103271
0.0187530518
-0.2812194824
-0.3187103271
-0.7874145508
0.1312408447
0.0000000000
-0.2624664307
-0.2427825928
0.3237152100
0.1132965088
-0.0647430420
-0.2751617432
-0.8254699707
0.2266082764
0.0485534668
0.1233062744
0.5549011230
0.0308227539
0.0924835205
-0.6782073975
0.2157897949
0.1233062744
0.3391113281
0.1945648193
-0.1945648193
0.0972900391
-0.1945648193
-0.3891448975
0.3891448975
0.0000000000
0.4864349365
0.1391754150
-0.0463867188
0.6495208740
-0.1391754150
-0.2783660889
-0.5567321777
0.2783660889
0.0463867188
0.0438385010
-0.1205444336
0.9095153809
0.3835296631
0.0547943115
0.0000000000
-0.0219116211
-0.0438385010
0.4564056396
-0.0912780762
-0.4564056396
-0.1825714111
-0.4564056396
-0.1825714111
0.0912780762
0.0000000000
-0.0886077881
0.0000000000
0.0590667725
0.1181488037
0.0295410156
0.1329193115
-0.9451599121
-0.2362976074
0.0000000000
0.0614166260
0.7370147705
0.1228332520
0.4913330078
-0.1842498779
-0.0614166260
-0.1842498779
0.1246948242
0.9663848877
-0.1870422363
0.0467681885
0.0155944824
0.0311737061
0.0467681885
-0.0467681885
0.0000000000
0.0000000000
0.1178436279
-0.2357025146
-0.1178436279
0.0000000000
-0.1178436279
-0.1178436279
0.0724334717
-0.0724334717
-0.0724334717
-0.2172851562
0.1448516846
-0.2897033691
-0.1448516846
0.7967071533
0.3536834717
0.2021026611
0.3536834717
0.2021026611
0.3031616211
0.3031616211
-0.5557861328
0.3031616211
-0.2120666504
0.0530090332
0.6891937256
-0.3180847168
-0.3180847168
0.0000000000
-0.3711090088
-0.2120666504
0.0000000000
-0.1247863770
-0.4991302490
0.0000000000
0.0000000000
-0.1247863770
0.0000000000
0.0000000000
0.7606964111
0.1462860107
-0.1462860107
-0.3218383789
-0.2340545654
0.2925720215
0.1462860107
-0.2925720215
-0.3143920898
-0.2000579834
0.7145080566
-0.3429718018
-0.2286376953
0.2286376953
0.1428985596
-0.2858123779
0.3741607666
0.0000000000
0.1247253418
-0.1247253418
0.1247253418
0.1247253418
0.1247253418
0.0000000000
-0.0658264160
0.0000000000
-0.0219421387
-0.9873657227
0.0000000000
0.0219421387
0.0000000000
-0.0658264160
0.1242218018
0.9440765381
-0.1739044189
0.0000000000
-0.0745391846
-0.1490631104
0.0000000000
-0.1242218018
-0.1049804688
0.3149414062
0.0000000000
0.3149414062
0.3149414062
-0.3149414062
-0.1049804688
0.4199066162
0.1131134033
-0.1131134033
-0.8672332764
-0.2639312744
0.0000000000
-0.1885223389
-0.0377044678
0.2639312744
0.2472076416
-0.1648101807
0.1648101807
-0.2472076416
0.0823974609
0.4944305420
0.0823974609
-0.5768280029
-0.0127105713
0.0127105713
-0.0635223389
0.9908294678
-0.0635223389
0.0381164551
0.0508117676
-0.0254058838
-0.0816497803
0.9879302979
-0.0734863281
-0.0408172607
0.0571594238
-0.0489807129
-0.0489807129
-0.0081634521
-0.0282897949
-0.7073364258
0.4809875488
-0.0282897949
0.2263488770
-0.2263488770
0.3678131104
0.0565795898
0.0000000000
0.6521911621
0.2795104980
0.0000000000
0.0931701660
-0.0931701660
0.3726806641
-0.1863403320
0.9563140869
-0.0980834961
0.0000000000
0.1716461182
-0.0735626221
0.1471252441
0.0000000000
0.0000000000
0.0000000000
0.1178436279
-0.1178436279
-0.1178436279
-0.2357025146
0.0000000000
0.0000000000
0.1178436279
0.2428131104
0.0000000000
0.3642120361
-0.1213989258
-0.1213989258
-0.1213989258
-0.1213989258
-0.3642120361
-0.0192718506
0.9927673340
0.0192718506
-0.0481872559
0.0385589600
0.0385589600
0.0289154053
-0.0674743652
-0.0428161621
-0.1284484863
-0.1284484863
0.8563079834
-0.2140808105
-0.2997131348
0.1712646484
-0.0856323242
0.2174377441
0.0724792480
-0.2899169922
-0.2657623291
-0.8456115723
0.0000000000
-0.0241546631
-0.2416076660
-0.1917572021
0.3675384521
0.1438140869
-0.0639190674
-0.1598052979
-0.8629150391
0.1118621826
0.1118621826
0.1893310547
0.5680084229
-0.0378723145
0.1136016846
-0.6058807373
0.3408050537
0.0757293701
0.3029327393
-0.2635803223
-0.0659027100
0.3953704834
-0.1317901611
-0.3953704834
0.0000000000
-0.1317901611
0.6589508057
0.7395477295
-0.1109313965
0.5176849365
-0.0739593506
-0.2588348389
-0.2218627930
-0.0369720459
0.0739593506
-0.0575561523
-0.1496582031
0.8864593506
0.4144439697
0.1036071777
-0.0345306396
-0.0230255127
0.0000000000
0.4960784912
-0.1653594971
-0.4133911133
-0.1653594971
-0.4133911133
-0.3307189941
0.0826873779
0.0826873779
-0.0804595947
0.0670623779
0.1072845459
0.0804595947
-0.0134124756
0.1341094971
-0.9521789551
-0.2011718750
0.0586242676
0.1172485352
0.7034606934
-0.1172485352
0.4689788818
0.1172485352
0.0586242676
-0.3517303467
0.1312103271
0.9476165771
-0.2186737061
0.1166229248
0.0000000000
0.0728912354
-0.0291595459
-0.1020507812
0.0000000000
0.0000000000
0.1000061035
-0.1000061035
-0.1000061035
-0.1000061035
0.0000000000
0.0000000000
0.1076965332
0.0000000000
0.0000000000
-0.3230743408
0.1076965332
0.1076965332
-0.1076965332
0.6461486816
0.4175567627
0.1193084717
0.2982635498
0.1789550781
0.3579101562
0.1789550781
-0.5965118408
0.2386016846
-0.3166198730
0.1187286377
0.6728210449
-0.4353485107
-0.2770385742
-0.1583099365
-0.2770385742
-0.1187286377
-0.1117401123
-0.1117401123
-0.6704254150
-0.1117401123
0.1117401123
0.1117401123
0.0000000000
-0.1117401123
0.7884368896
0.1689453125
-0.0563201904
-0.3660583496
-0.2534179688
0.1971130371
0.1407928467
-0.2534179688
-0.2960357666
-0.2960357666
0.7236328125
-0.3618164062
-0.0986785889
0.1973571777
0.1315765381
-0.2631378174
0.1202545166
0.2405242920
0.1202545166
-0.1202545166
0.2405242920
-0.1202545166
0.4810485840
0.0000000000
-0.0720367432
0.0240173340
-0.0240173340
-0.9845581055
-0.0480346680
-0.0240173340
-0.0480346680
-0.0240173340
0.1343231201
0.9402923584
-0.1791076660
0.0895538330
0.0671691895
-0.0671691895
-0.0895538330
-0.1567230225
0.0000000000
0.3406372070
0.2270965576
0.3406372070
0.2270965576
0.0000000000
-0.3406372070
0.2270965576
0.1246185303
-0.0415344238
-0.8723754883
-0.3738708496
-0.0415344238
-0.0830841064
-0.0415344238
0.1246185303
0.2393646240
-0.3191528320
0.0000000000
0.0000000000
0.0797882080
0.3191528320
0.0000000000
-0.7180938721
-0.0448455811
0.0149536133
0.0000000000
0.9866027832
-0.0597991943
0.0000000000
0.0747375488
-0.0896911621
-0.0442504883
0.9913482666
-0.0619659424
-0.0354003906
0.0619659424
-0.0177001953
-0.0531005859
-0.0265502930
0.0000000000
-0.7255706787
0.5643310547
0.0000000000
0.1209259033
-0.0806121826
0.2821655273
-0.0403137207
0.3375549316
0.5063476562
0.4219512939
-0.1687774658
-0.0843963623
-0.1687774658
0.3375549316
-0.1687774658
0.9044952393
-0.0420684814
-0.0210418701
0.2944793701
-0.0631103516
0.2734527588
0.0000000000
0.0000000000
0.0000000000
0.2400054932
-0.1199951172
-0.1199951172
-0.1199951172
0.1199951172
-0.1199951172
0.0000000000
0.2381439209
0.0000000000
0.3572082520
-0.2381439209
0.0000000000
-0.2381439209
0.0000000000
-0.3572082520
-0.0299835205
0.9892120361
-0.0199890137
-0.0499572754
0.0599517822
0.0799407959
0.0299835205
-0.0599517822
0.1862792969
-0.0266113281
-0.3725433350
0.7184906006
-0.1596679688
-0.3459320068
0.2660980225
-0.2660980225
0.1345062256
0.0336303711
-0.4035339355
-0.2690277100
-0.8070678711
0.0336303711
0.0336303711
-0.2353973389
-0.1275939941
0.4192199707
0.2187194824
-0.0546875000
-0.0546875000
-0.8384399414
-0.0182342529
0.2005004883
0.2653045654
0.3979492188
-0.3979492188
0.3316345215
-0.3979492188
0.3979492188
0.0000000000
0.1989746094
-0.3458404541
-0.0494079590
0.6916809082
-0.0494079590
-0.2470245361
-0.0494079590
-0.0988159180
0.4940643311
0.8220825195
-0.2213287354
0.2845611572
0.0632324219
-0.2529449463
0.0632324219
-0.2845611572
0.0948486328
-0.0943908691
-0.1678009033
0.8914337158
0.3775482178
0.1363372803
-0.0209808350
-0.0524444580
0.0209808350
0.3790283203
0.0947570801
-0.2842712402
-0.1895141602
-0.3790283203
-0.4738006592
0.1895141602
-0.0947570801
-0.1139068604
0.1645507812
0.1772003174
0.0886077881
-0.0379638672
0.1392364502
-0.9239654541
-0.2025146484
0.0000000000
0.0609588623
0.6096191406
0.0609588623
0.5486602783
0.1219177246
0.0000000000
-0.4267272949
0.1140594482
0.9125061035
-0.2994232178
0.1425781250
0.0000000000
0.0570373535
-0.0998077393
-0.1568450928
0.0000000000
0.0000000000
0.0000000000
0.1000061035
0.0000000000
-0.1000061035
0.1000061035
-0.1000061035
0.1196746826
0.1196746826
0.2393341064
-0.2393341064
0.0000000000
0.3590087891
-0.3590087891
0.1196746826
0.3590087891
0.1346282959
0.3590087891
0.2692565918
0.4038848877
0.1795043945
-0.5833892822
0.2243804932
-0.2988891602
0.1280975342
0.6831817627
-0.4269866943
-0.3415832520
-0.1280975342
-0.0854034424
-0.2134857178
-0.1129455566
-0.1129455566
-0.5646972656
-0.1129455566
0.1129455566
0.1129455566
-0.1129455566
-0.3388214111
0.8055419922
0.0575408936
-0.1150817871
-0.4315338135
-0.1438446045
0.2589263916
0.1150817871
-0.1438446045
-0.2458343506
-0.3441619873
0.6883392334
-0.4425048828
-0.1475067139
0.1966705322
0.0491638184
-0.0983276367
0.1229705811
0.2459411621
0.0000000000
0.0000000000
0.2459411621
-0.2459411621
0.3689117432
-0.1229705811
0.0000000000
0.0233764648
0.0000000000
-0.9814910889
-0.1168518066
-0.0701141357
0.0000000000
0.0000000000
0.0806579590
0.9276123047
-0.1814880371
0.1411590576
0.1209869385
0.0201721191
-0.1613311768
-0.1613311768
0.0000000000
0.5120697021
0.3072509766
0.4096679688
0.1024169922
0.0000000000
-0.2048339844
0.2048339844
0.1846008301
0.1846008301
-0.6768646240
-0.4922637939
0.0615386963
-0.3076629639
0.0615386963
0.0615386963
0.1448516846
-0.6518402100
-0.0724334717
0.0000000000
-0.1448516846
0.2172851562
-0.2172851562
-0.5069885254
-0.1017608643
0.0000000000
-0.0254364014
0.9412689209
-0.0508728027
-0.1271972656
0.1780853271
-0.1780853271
0.0100250244
0.9923400879
-0.0401000977
-0.0100250244
0.0701599121
-0.0100250244
-0.0601348877
-0.0401000977
-0.0492858887
-0.5914306641
0.7392883301
-0.0985717773
0.0000000000
0.0000000000
0.0985717773
0.0492858887
0.3133239746
-0.0783233643
0.4699859619
-0.3916473389
-0.0783233643
-0.2349853516
0.3133239746
-0.3916473389
0.8854980469
0.0000000000
-0.0205993652
0.3294830322
-0.0411834717
0.2882995605
0.0823669434
0.0411834717
0.0000000000
0.1113433838
-0.1113433838
0.0000000000
0.1113433838
0.1113433838
-0.1113433838
0.1113433838
0.1234283447
0.1234283447
0.2468566895
-0.1234283447
0.1234283447
-0.2468566895
-0.1234283447
-0.3703002930
0.0116119385
0.9873657227
-0.0232391357
-0.0813140869
0.0580749512
0.0813140869
0.0116119385
-0.0580749512
0.1757965088
0.0000000000
-0.4101867676
0.8008270264
-0.0585937500
-0.1757965088
0.1953277588
-0.2734527588
0.1560058594
-0.0390014648
-0.4680175781
-0.2730102539
-0.7410278320
0.0390014648
0.0780029297
-0.2730102539
-0.0469360352
0.3520812988
0.2816619873
-0.1408233643
0.1643066406
-0.6337280273
-0.3285980225
0.4694366455
0.4299163818
0.0614166260
-0.4299163818
0.1842498779
-0.0614166260
0.6755981445
-0.0614166260
0.0614166260
-0.2297668457
0.0000000000
0.8730926514
0.0459594727
-0.1838073730
-0.0459442139
0.0459594727
0.2757110596
0.8446807861
-0.2903594971
0.1055908203
0.1319885254
-0.1583862305
0.0000000000
-0.2639617920
0.2375640869
-0.0496826172
-0.1291809082
0.9241943359
0.3279418945
0.1093139648
0.0099334717
-0.0596313477
0.0198822021
0.0995330811
0.3981323242
0.0995330811
-0.3981323242
-0.2985992432
-0.2985992432
0.1990661621
-0.2985992432
-0.1110534668
0.1604003906
0.1727447510
0.0740356445
-0.0370178223
0.1233978271
-0.9377746582
-0.1604003906
-0.1399383545
0.0466461182
0.1865844727
0.1865844727
0.6530303955
0.1865844727
-0.0932922363
-0.6063995361
0.0611724854
0.8870697021
-0.3823547363
0.1376495361
-0.0305938721
0.0305938721
-0.1529388428
-0.1070556641
0.1150360107
0.1150360107
0.0000000000
0.0000000000
0.0000000000
-0.1150360107
0.2300720215
0.0000000000
-0.0818634033
0.3274383545
0.3274383545
0.0000000000
-0.1637268066
0.5730285645
-0.1637268066
-0.4093017578
0.2974395752
0.1115417480
0.2974395752
0.3718109131
0.3718109131
0.2602691650
-0.5948944092
0.2602691650
-0.1754913330
0.2193603516
0.7019653320
-0.3948516846
-0.3509826660
-0.1754913330
-0.0877532959
-0.2193603516
0.0000000000
0.0000000000
0.1064758301
0.1064758301
0.0000000000
-0.1064758301
-0.1064758301
-0.1064758301
0.8127288818
-0.1121063232
-0.2241973877
-0.3082733154
-0.2522277832
0.2522277832
0.1681518555
-0.0280303955
-0.2674560547
-0.3566131592
0.0000000000
0.0891571045
-0.2674560547
0.1782989502
-0.3566131592
0.5349121094
0.1247253418
0.2494506836
-0.1247253418
0.1247253418
0.1247253418
-0.1247253418
0.2494506836
-0.1247253418
-0.0425262451
0.0212707520
0.0212707520
-0.9782562256
-0.1488647461
-0.0425262451
0.0000000000
0.0425262451
0.0374908447
0.9372253418
-0.0937194824
0.1124725342
0.1499633789
0.1124725342
-0.1874389648
-0.1312103271
0.1099700928
0.5498504639
0.1099700928
0.4398803711
0.0000000000
-0.1099700928
0.0000000000
0.1099700928
0.3447265625
0.3447265625
-0.3447265625
-0.4021759033
0.1723632812
-0.4596252441
0.3447265625
0.1149139404
0.4041748047
-0.5773925781
-0.1154785156
-0.2309570312
0.0000000000
0.2886962891
-0.1732177734
-0.4619140625
-0.2575988770
-0.0858612061
0.1717376709
0.7298736572
-0.0858612061
-0.1717376709
0.3863983154
-0.3434753418
0.0102539062
0.9951934814
-0.0102539062
0.0205230713
0.0000000000
-0.0410461426
-0.0615539551
-0.0102539062
-0.3364257812
-0.4205169678
0.6728363037
-0.2523193359
-0.1261596680
-0.1682128906
0.1682128906
0.2523193359
0.1740875244
-0.4642333984
0.2321166992
-0.4062042236
-0.0580291748
-0.4642333984
0.2901458740
-0.3481750488
0.8986358643
0.0473022461
-0.0945892334
0.2601318359
-0.0236511230
0.2128295898
0.1891784668
0.1182403564
-0.1247253418
-0.1247253418
0.0000000000
0.1247253418
-0.3741607666
0.0000000000
-0.1247253418
0.1247253418
0.2373504639
0.1780090332
-0.1780090332
-0.4747009277
-0.3560180664
-0.1186676025
0.4153594971
-0.4747009277
-0.0105590820
0.9923858643
-0.0316772461
-0.0422363281
-0.0738983154
0.0316772461
0.0211181641
-0.0422363281
-0.1006927490
-0.0223846436
-0.2685241699
0.9286651611
-0.1790161133
0.0223846436
0.0559387207
-0.1230773926
0.5499572754
-0.1833190918
0.0000000000
-0.3360900879
-0.6416168213
0.0305480957
-0.1222076416
-0.3055267334
-0.2062988281
0.2813110352
0.1312866211
-0.1687927246
-0.2062988281
-0.8814544678
0.0187530518
0.0375061035
0.0945281982
0.4253845215
0.2835998535
0.0945281982
-0.6617279053
-0.0945281982
0.1417999268
0.4253845215
0.2211151123
0.0000000000
-0.5527648926
-0.2211151123
0.0000000000
0.3316650391
0.1105499268
-0.1105499268
0.9183807373
-0.0977020264
0.2540130615
-0.0586242676
-0.0586242676
-0.1758575439
0.1758575439
0.0390777588
0.0158081055
-0.0157928467
0.9638366699
0.2528076172
0.0079040527
0.0474090576
0.0079040527
-0.0474090576
0.2320098877
0.3480072021
-0.3480072021
0.3480072021
-0.1159973145
-0.1159973145
0.1159973145
0.1159973145
-0.1628417969
0.0095825195
0.0383148193
0.1245269775
0.0766296387
0.1724090576
-0.9387054443
-0.1915740967
0.2337341309
0.0934906006
0.7012023926
0.0000000000
0.5609741211
-0.1402435303
-0.1402435303
-0.1402435303
0.0412597656
0.9901580811
-0.0928344727
0.0206298828
0.0000000000
0.0722045898
0.0103149414
0.0103149414
-0.1690521240
0.1690521240
-0.1127014160
-0.0563507080
0.0563507080
0.0563507080
-0.0563507080
-0.9016265869
-0.1135406494
-0.2270965576
-0.1135406494
0.0000000000
-0.2270965576
-0.2270965576
0.0000000000
0.5677337646
-0.0614166260
-0.2456665039
0.2456665039
0.0614166260
0.3070831299
0.0000000000
-0.7984313965
-0.1228332520
0.2844848633
0.0406341553
0.6096191406
-0.4064025879
-0.3251190186
0.4470520020
0.0812835693
-0.1219177246
0.0000000000
0.1249389648
-0.3748016357
0.0000000000
-0.2498626709
0.0000000000
0.0000000000
-0.1249389648
0.8684844971
0.0578918457
-0.1447448730
-0.1736907959
0.1447448730
0.3184509277
0.0289459229
-0.2026519775
-0.1486053467
-0.0495300293
0.6934967041
-0.1733703613
-0.1486053467
0.5448913574
0.3219757080
0.1486053467
0.0000000000
-0.1113433838
-0.1113433838
0.1113433838
-0.1113433838
0.1113433838
0.0000000000
0.1113433838
-0.0112609863
0.0562744141
0.0225067139
-0.9903259277
-0.0900268555
0.0450134277
0.0337677002
-0.0112609863
0.0159149170
0.9864807129
0.0159149170
-0.0159149170
-0.0477294922
-0.0318145752
0.0477294922
-0.1113739014
-0.3814086914
0.6538391113
0.1089782715
0.3814086914
0.1634521484
-0.3269195557
0.1634521484
0.1089782715
-0.1242370605
0.0000000000
0.6833343506
-0.2484893799
0.1242370605
0.2484893799
-0.0621185303
0.4969635010
0.3944702148
0.1972351074
-0.0986175537
-0.3944702148
-0.0986175537
0.1972351074
0.0000000000
-0.4930877686
0.0130615234
0.0914306641
-0.0261230469
0.9796600342
-0.1436767578
-0.0522460938
-0.0391845703
0.0261230469
-0.1955261230
0.9467926025
-0.0823364258
0.0617523193
-0.1543731689
-0.0823364258
0.0000000000
0.1440734863
0.0815734863
-0.3874969482
0.7750091553
-0.0815734863
0.3059234619
0.3059234619
0.1427612305
-0.1223754883
-0.1452331543
0.8713989258
-0.0726165771
-0.1452331543
0.0726165771
0.0726165771
0.0726165771
0.0000000000
0.9606781006
-0.1239624023
0.0774688721
0.2014312744
-0.0154876709
0.0774688721
0.0154876709
-0.0309906006
-0.1224670410
-0.1224670410
0.0000000000
-0.1224670410
-0.4898986816
0.0000000000
-0.1224670410
0.2449493408
0.1968383789
0.2624511719
-0.1312255859
-0.4592895508
-0.3280639648
-0.2624511719
0.2624511719
-0.5249023438
0.0203704834
0.9877319336
0.0101776123
-0.0407257080
-0.0610961914
0.0407257080
0.0712738037
-0.0916442871
-0.0999755859
-0.0249938965
-0.1999511719
0.9372711182
-0.1999511719
-0.0249938965
0.1124725342
-0.1124725342
0.4774780273
-0.1101837158
-0.1101837158
-0.3489227295
-0.6611175537
0.2938385010
0.0734558105
-0.2938385010
-0.2329101562
0.2828216553
0.1497344971
-0.1663665771
-0.1829986572
-0.8650970459
0.0499114990
0.1497344971
0.2661743164
0.4658203125
0.1996307373
0.0665435791
-0.6654510498
0.1663665771
0.1663665771
0.3659973145
0.3553924561
-0.2369232178
-0.1184692383
0.0000000000
-0.2369232178
0.3553924561
0.0000000000
-0.2369232178
0.9266815186
-0.0874176025
0.2272949219
-0.0699310303
-0.0524597168
-0.1923370361
0.1573638916
0.0524597168
0.0316009521
-0.0316009521
0.9479675293
0.3001861572
0.0316009521
0.0473937988
0.0000000000
-0.0632019043
0.4895629883
0.0815887451
-0.4079742432
-0.0815887451
-0.4895629883
-0.1631927490
0.2447814941
-0.1631927490
-0.1300506592
0.0400085449
0.0600280762
0.1500549316
0.1100463867
0.2000732422
-0.9203643799
-0.2300872803
0.0394287109
0.0788421631
0.6701965332
0.1182708740
0.5913543701
-0.2759704590
-0.1182708740
-0.1971130371
0.1206512451
0.9772491455
-0.1327056885
0.0361938477
-0.0120697021
0.0723876953
0.0120697021
-0.0361938477
-0.2139739990
0.1426544189
-0.0713195801
-0.0713195801
0.0000000000
0.1426544189
0.0000000000
-0.8558959961
0.1160583496
-0.0580291748
-0.1160583496
-0.2321166992
0.1740875244
-0.5222625732
-0.4062042236
0.5802917480
0.0000000000
-0.2676544189
0.2676544189
0.0669097900
0.3345642090
0.2676544189
-0.6691284180
0.2676544189
0.1927490234
0.0963745117
0.6264495850
-0.2891235352
-0.3855133057
0.4818878174
0.0000000000
-0.1445617676
0.0000000000
0.2142791748
-0.6428222656
0.1071319580
-0.2142791748
0.0000000000
0.1071319580
-0.2142791748
0.8674926758
0.0703430176
-0.1641235352
-0.2110137939
-0.0703430176
0.3047943115
0.0234527588
-0.2344512939
-0.1546478271
-0.0773315430
0.6443939209
-0.2319793701
-0.1546478271
0.5928344727
0.2835235596
0.1546478271
0.3748016357
-0.1249389648
-0.1249389648
0.0000000000
-0.1249389648
0.1249389648
0.1249389648
0.1249389648
-0.0105895996
0.0423431396
0.0529327393
-0.9951629639
-0.0211791992
0.0211791992
0.0000000000
-0.0211791992
0.0990600586
0.9740295410
-0.0660400391
0.0165100098
-0.0330200195
-0.0495300293
0.0495300293
-0.1485748291
-0.2539062500
0.6982269287
0.1269531250
0.3173828125
0.2539062500
-0.3173828125
0.1269531250
0.1269531250
0.0000000000
0.0000000000
-0.0681304932
-0.4769439697
0.2044067383
-0.0681304932
-0.0681304932
0.7494812012
0.5235443115
0.1495819092
-0.0747985840
-0.5235443115
-0.2243804932
0.1495819092
-0.1495819092
-0.3739624023
-0.0117187500
0.0937194824
-0.0585784912
0.9723052979
-0.1874389648
-0.0468597412
0.0234222412
0.0000000000
-0.1612854004
0.9761810303
-0.0594177246
0.0424499512
-0.0679016113
-0.0679016113
-0.0254669189
0.0594177246
-0.0181121826
-0.3803710938
0.8694152832
-0.0181121826
0.2173614502
0.1448974609
0.0905609131
-0.1086730957
-0.1576080322
0.7880706787
0.1576080322
-0.1576080322
0.0788116455
0.1576080322
0.2364196777
-0.0788116455
0.9517059326
-0.1057434082
0.0453186035
0.2416992188
-0.0151062012
0.1208496094
-0.0151062012
0.0151062012
0.0000000000
0.0000000000
0.0000000000
-0.1249389648
-0.3748016357
0.0000000000
-0.1249389648
0.2498626709
0.2967224121
0.2225341797
0.0000000000
-0.3708953857
-0.2225341797
-0.4450836182
0.1483612061
-0.5192565918
0.0192260742
0.9903411865
0.0096130371
-0.0384521484
-0.0384521484
0.0288391113
0.0673065186
-0.0865325928
-0.0849609375
0.0242767334
-0.1941986084
0.9345855713
-0.1820678711
-0.0849609375
0.1213684082
-0.1456451416
0.4701843262
-0.1139831543
-0.1994628906
-0.3134460449
-0.6553955078
0.3134460449
0.1424713135
-0.2707061768
-0.2343597412
0.2884368896
0.1802673340
-0.1622467041
-0.1261901855
-0.8112335205
-0.0360565186
0.3425140381
0.4271240234
0.4627075195
0.0355987549
0.1067810059
-0.5694885254
0.3203430176
0.1423797607
0.3203430176
0.0931701660
-0.2795104980
0.4658508301
-0.0931701660
-0.5590209961
0.1863403320
0.0000000000
-0.1863403320
0.9574584961
-0.0638275146
0.1914978027
-0.0478668213
-0.0478668213
-0.1436157227
0.0957489014
0.0000000000
0.0158691406
-0.0713806152
0.9279632568
0.3569030762
0.0555114746
0.0317230225
0.0079345703
0.0000000000
0.5567779541
-0.0795440674
-0.4772338867
0.0000000000
-0.3976898193
-0.2386169434
0.1590728760
0.0000000000
-0.1393737793
0.1194610596
0.0995483398
0.1991119385
0.1294250488
0.2389221191
-0.8760681152
-0.2687988281
0.0368041992
0.0000000000
0.5520172119
0.1103973389
0.6624298096
-0.1840057373
-0.0368041992
-0.4048156738
0.1464691162
0.9642791748
-0.1830902100
0.0610351562
0.0244140625
0.0244140625
0.0122070312
-0.0732421875
-0.2176361084
-0.1088256836
0.0000000000
-0.1088256836
-0.1088256836
0.2176361084
0.0000000000
-0.6529235840
0.1344299316
0.0672149658
-0.1344299316
-0.2688446045
0.2688446045
-0.4704895020
-0.4704895020
0.4704895020
0.0000000000
-0.2261199951
0.1695861816
0.0565338135
0.2826538086
0.3957214355
-0.6783752441
0.3391876221
-0.1399383545
0.1865844727
0.6530303955
-0.1865844727
-0.4664611816
0.3731689453
0.0466461182
-0.2332305908
-0.1009521484
0.1009521484
-0.7066345215
0.0000000000
-0.1009521484
0.0000000000
0.1009521484
-0.3028411865
0.8785705566
0.0599060059
-0.1797027588
-0.1597442627
-0.1198120117
0.2995147705
0.0998382568
-0.1996765137
-0.2338256836
-0.1558837891
0.5066375732
-0.2338256836
-0.1558837891
0.6235504150
0.1558837891
0.3507537842
0.3750000000
0.0000000000
0.0000000000
-0.2500000000
0.0000000000
0.1250000000
0.1250000000
0.1250000000
0.0000000000
0.0451965332
0.0677947998
-0.9944305420
-0.0113067627
-0.0113067627
0.0000000000
-0.0113067627
0.0880889893
0.9836883545
-0.0734100342
0.0293579102
0.0000000000
-0.0293579102
0.0000000000
-0.1027679443
-0.2044067383
0.6813507080
0.1362762451
0.4088134766
0.2044067383
-0.2725372314
0.1362762451
0.1362762451
0.1320800781
-0.0660400391
-0.2641448975
-0.4622650146
0.1981201172
-0.3962249756
0.0000000000
0.5943450928
0.4836730957
0.0690917969
0.0000000000
-0.4836730957
-0.3454742432
0.2763824463
0.0000000000
-0.4145812988
-0.0128479004
0.0770874023
-0.0770874023
0.9763641357
-0.1541595459
-0.0385437012
0.0513916016
-0.0385437012
-0.1012878418
0.9895019531
-0.0389556885
0.0311584473
-0.0233764648
-0.0623321533
-0.0389556885
0.0155792236
-0.0905609131
-0.3622589111
0.9056396484
0.0181121826
0.0724487305
0.1267852783
0.0543365479
-0.0724487305
-0.1029205322
0.7204132080
0.1029205322
-0.1029205322
0.0000000000
-0.1029205322
0.2058258057
0.1029205322
0.9387969971
-0.0722198486
0.0000000000
0.2708129883
0.0000000000
0.1624908447
-0.0180511475
0.0541687012
0.0000000000
0.0000000000
0.0000000000
-0.0911560059
-0.0911560059
-0.0911560059
0.0000000000
0.0000000000
0.4204864502
0.1681976318
0.1681976318
-0.3363952637
-0.1681976318
-0.4204864502
0.1681976318
-0.4204864502
0.0275878906
0.9932861328
0.0000000000
-0.0459899902
-0.0275878906
0.0275878906
0.0459899902
-0.0643768311
-0.0343017578
0.0228729248
-0.2401275635
0.9376525879
-0.1372222900
-0.0800476074
0.0800476074
-0.1600799561
0.4797058105
-0.1237945557
-0.2321166992
-0.2785339355
-0.6963500977
0.2321166992
0.1237945557
-0.2475891113
-0.2491149902
0.3066101074
0.2108001709
-0.1533050537
-0.0574951172
-0.6898803711
-0.1916351318
0.4982452393
0.5290069580
0.4912261963
-0.0755767822
0.0755767822
-0.4156494141
0.4156494141
0.0755767822
0.2644958496
-0.1543426514
-0.3086853027
0.4630279541
-0.2315216064
-0.6173706055
0.1543426514
0.0000000000
-0.0771789551
0.9585418701
-0.0672607422
0.2186126709
-0.0168151855
-0.0336303711
-0.1009063721
0.0840759277
0.0336303711
0.0078277588
-0.0704040527
0.9230651855
0.3676605225
0.0704040527
0.0234680176
0.0078277588
0.0156402588
0.6193237305
0.0884704590
-0.3538970947
0.2654266357
-0.1769409180
-0.1769409180
0.0884704590
0.2654266357
-0.1503448486
0.1603546143
0.1102447510
0.1804046631
0.1202697754
0.2204895020
-0.8819885254
-0.2505645752
0.1310729980
-0.0655364990
0.4587554932
0.1310729980
0.6881408691
-0.0327758789
0.0000000000
-0.4915313721
0.1246795654
0.9600219727
-0.2119598389
0.0872802734
0.0249328613
0.0249328613
-0.0124664307
-0.0623321533
-0.1196746826
-0.1196746826
0.0000000000
-0.1196746826
0.0000000000
0.1196746826
0.0000000000
-0.5983581543
0.1071319580
0.3214111328
0.1071319580
-0.1071319580
0.2142791748
0.0000000000
-0.3214111328
0.5356903076
-0.0580291748
-0.4062042236
0.0000000000
0.1160583496
0.2901458740
0.2901458740
-0.6963500977
0.2321166992
-0.2483673096
0.2128906250
0.6741485596
-0.2838439941
-0.4612579346
0.2483673096
0.1064453125
-0.1773986816
-0.1840515137
0.0920257568
-0.7361907959
-0.0920257568
0.0000000000
0.2760772705
0.0000000000
-0.1840515137
0.8848876953
0.0589904785
-0.1966400146
-0.0983276367
-0.1769714355
0.2556304932
0.1769714355
-0.1573181152
-0.2578430176
-0.3437805176
0.3867645264
-0.2578430176
-0.0859527588
0.5156860352
0.0000000000
0.5156860352
0.1250000000
0.2500000000
0.1250000000
-0.2500000000
0.1250000000
0.0000000000
0.2500000000
0.1250000000
0.0122680664
0.0491027832
0.0368194580
-0.9942474365
-0.0368194580
-0.0368194580
0.0000000000
0.0000000000
0.0642852783
0.9901123047
-0.0642852783
0.0000000000
-0.0257110596
0.0257110596
-0.0257110596
-0.0642852783
-0.0871582031
0.6972656250
0.0871582031
0.4357910156
0.1743164062
0.0000000000
-0.0871582031
0.0871582031
0.1266937256
-0.0633544922
-0.5067901611
-0.4434356689
0.1900482178
-0.3167419434
0.0000000000
0.5067901611
0.4341888428
-0.0868377686
0.0868377686
-0.4341888428
0.0000000000
0.2605133057
0.0868377686
-0.5210266113
-0.0159454346
0.0318908691
-0.0318908691
0.9727935791
-0.1594696045
-0.0478363037
0.0956878662
-0.0797424316
-0.0547637939
0.9936065674
-0.0469360352
0.0312957764
-0.0234680176
-0.0547637939
-0.0312957764
0.0078277588
-0.1636352539
-0.3068237305
0.9204559326
0.0613708496
0.0204620361
0.1022796631
0.0000000000
-0.0613708496
0.1999969482
0.6999969482
0.0000000000
-0.1000061035
0.1000061035
-0.1999969482
0.1999969482
0.1000061035
0.9002075195
-0.0375061035
-0.0750122070
0.3188323975
0.0000000000
0.2438049316
-0.0375061035
0.0937652588
-0.1228332520
0.2456817627
0.0000000000
-0.2456817627
0.1228332520
-0.1228332520
0.0000000000
0.0000000000
0.4178161621
0.1044464111
0.2089080811
-0.3133544922
0.0000000000
-0.4178161621
0.0000000000
-0.3133544922
0.0330352783
0.9909820557
0.0110168457
-0.0550537109
0.0000000000
0.0330352783
0.0660705566
-0.0660705566
0.0341186523
0.0000000000
-0.2843627930
0.9213409424
-0.1137390137
-0.0910034180
0.0796203613
-0.1933746338
0.4411621094
-0.1534423828
-0.2685241699
-0.3069000244
-0.6521453857
0.2685241699
0.1534423828
-0.2877197266
-0.2633666992
0.3292083740
0.2633666992
-0.1536254883
0.0438995361
-0.4608917236
-0.3072509766
0.6364593506
0.5611572266
0.5210723877
-0.1603240967
0.1603240967
-0.3206634521
0.4008178711
0.0801696777
0.2004089355
-0.2237548828
-0.2237548828
0.6712799072
-0.2237548828
-0.3729400635
0.1491699219
0.0000000000
-0.2237548828
0.9786071777
-0.0998535156
0.1198272705
0.0399475098
-0.0399475098
-0.0199737549
0.0399475098
0.0000000000
0.0162048340
-0.0485992432
0.9315490723
0.3483123779
0.0648040771
0.0404968262
-0.0081024170
0.0162048340
0.4285430908
0.2142791748
-0.2142791748
0.1071319580
-0.2142791748
-0.4285430908
0.2142791748
0.1071319580
-0.1506652832
0.1607208252
0.1205444336
0.1506652832
0.1104888916
0.1808013916
-0.9040374756
-0.2209777832
0.1305847168
-0.0652923584
0.3917541504
0.1958770752
0.6855773926
0.0979461670
0.0000000000
-0.5223388672
0.0687561035
0.9625244141
-0.2062530518
0.1237487793
0.0274963379
0.0412445068
-0.0274963379
-0.0412445068
0.0000000000
-0.1190643311
0.0000000000
0.0000000000
0.0000000000
0.0000000000
0.2381439209
-0.5953521729
0.1055145264
0.4220428467
0.1055145264
-0.1055145264
0.2110137939
0.1055145264
-0.5275421143
0.2110137939
-0.0573577881
-0.4588775635
-0.1147155762
0.2867889404
0.3441619873
0.2867889404
-0.5735931396
0.2294311523
-0.2520446777
0.2160339355
0.6481018066
-0.3240509033
-0.4320678711
0.2880554199
0.1440277100
-0.1800231934
-0.1699676514
0.1699676514
-0.7648468018
-0.0849761963
0.0000000000
0.2549438477
-0.0849761963
-0.1699676514
0.8564300537
0.0489349365
-0.1712799072
-0.0734100342
-0.2691650391
0.2202301025
0.2446899414
-0.1712799072
-0.1853790283
-0.4634399414
0.0926818848
-0.0926818848
-0.0926818848
0.3707580566
-0.1853790283
0.6951599121
-0.1247863770
0.3743438721
0.1247863770
-0.2495727539
0.1247863770
-0.1247863770
0.0000000000
0.1247863770
0.0419158936
0.0279388428
0.0000000000
-0.9918670654
-0.0558776855
-0.0419158936
0.0419158936
0.0279388428
0.0250091553
0.9875793457
-0.0500030518
-0.0500030518
-0.0375061035
0.0750122070
-0.0750122070
-0.0375061035
0.0000000000
0.5637359619
0.0000000000
0.2818603516
0.1879119873
0.3758239746
-0.2818603516
-0.1879119873
0.1456146240
0.0727996826
-0.4368438721
-0.4368438721
0.1456146240
-0.3640289307
0.0000000000
0.5096435547
0.3473510742
-0.4341888428
0.0868377686
-0.4341888428
0.0868377686
0.1736755371
-0.0868377686
-0.4341888428
-0.1025238037
-0.0341796875
0.0341796875
0.8885040283
-0.2392120361
-0.1366882324
0.2050323486
-0.2050323486
-0.0242156982
0.9928436279
-0.0484313965
0.0565032959
-0.0322875977
-0.0645751953
-0.0242156982
0.0161437988
-0.2225646973
-0.1978454590
0.9397277832
0.0000000000
0.0000000000
0.0741882324
0.0494537354
0.0247344971
0.2386169434
0.7158508301
0.0000000000
-0.0795440674
0.1590728760
-0.1590728760
0.3181610107
-0.2386169434
0.8652648926
0.0205993652
-0.0824127197
0.3296203613
-0.0617980957
0.3090209961
0.0411987305
0.1442108154
-0.1234283447
0.2468566895
-0.1234283447
-0.3703002930
0.2468566895
-0.1234283447
0.1234283447
0.1234283447
0.3553924561
0.0000000000
0.0000000000
0.0000000000
0.1184692383
-0.4738464355
-0.2369232178
-0.1184692383
0.0540008545
0.9855804443
0.0135040283
-0.0404968262
0.0404968262
0.0540008545
0.0945129395
-0.0675048828
0.0329742432
-0.0109863281
-0.3296661377
0.9120788574
-0.0659332275
-0.0219726562
0.0769195557
-0.2087860107
0.4390106201
-0.2079467773
-0.2772674561
-0.3234710693
-0.5314331055
0.3696899414
0.1617431641
-0.3465881348
-0.2541656494
0.2310485840
0.2541656494
-0.1617431641
0.1848449707
-0.3003692627
-0.3696899414
0.7162628174
0.6635284424
0.4293365479
-0.0780639648
0.1170959473
-0.1951599121
0.4683685303
0.1561279297
0.1561279297
-0.0702667236
-0.0702667236
0.6324310303
0.0000000000
-0.1405334473
0.0000000000
-0.0702667236
-0.6324310303
0.9830169678
-0.0982971191
0.0589752197
0.0196533203
-0.0589752197
0.0196533203
-0.0196533203
0.0589752197
0.0100555420
0.0100555420
0.9552154541
0.2815399170
0.0201110840
0.0603332520
-0.0201110840
0.0201110840
0.3197631836
0.0000000000
0.0000000000
0.0000000000
-0.5329437256
-0.4263610840
0.1065826416
0.0000000000
-0.1270904541
0.1165008545
0.1376800537
0.1059112549
0.0635528564
0.1482696533
-0.9425964355
-0.1482696533
0.1662750244
-0.0665130615
0.2992858887
0.1995239258
0.6650848389
0.1995239258
0.0332489014
-0.5653228760
0.0156860352
0.9721832275
-0.1881713867
0.0940856934
0.0156860352
0.0000000000
-0.0470428467
0.0000000000
0.1105499268
-0.2211151123
0.1105499268
0.2211151123
-0.1105499268
0.1105499268
0.4422149658
-0.4422149658
0.0000000000
0.4096679688
0.1024169922
-0.1024169922
0.1024169922
0.2048339844
-0.6144866943
0.0000000000
0.0000000000
-0.3370208740
0.0421295166
0.3791351318
0.3370208740
0.4212646484
-0.5897827148
0.2106323242
-0.2174530029
0.2174530029
0.6161041260
-0.3261718750
-0.3986511230
0.3261718750
0.2174530029
-0.2536926270
-0.1009521484
0.2019042969
-0.7066345215
0.1009521484
-0.1009521484
0.1009521484
-0.1009521484
-0.2019042969
0.7837219238
-0.0270233154
-0.1621551514
-0.0540466309
-0.4594268799
0.1621551514
0.2972717285
-0.0810699463
-0.1459197998
-0.3404846191
-0.2432098389
0.1945648193
-0.0486450195
0.1945648193
-0.3404846191
0.7296142578
-0.1196746826
0.3590087891
0.1196746826
-0.3590087891
0.2393341064
-0.1196746826
-0.2393341064
0.0000000000
-0.0151519775
-0.0151519775
0.0000000000
-0.9847259521
-0.0908966064
-0.0151519775
0.0757446289
0.0908966064
-0.0224761963
0.9886322021
-0.0112304688
-0.0561676025
0.0000000000
0.0898742676
-0.0786437988
-0.0224761963
-0.1999969482
0.5000000000
-0.1000061035
0.1999969482
0.3000030518
0.3999938965
-0.1000061035
-0.1999969482
0.2178497314
0.0000000000
-0.5083160400
-0.1452331543
0.1452331543
-0.5083160400
0.3630828857
0.2904663086
0.3649902344
-0.4379882812
0.0000000000
-0.5109863281
0.0000000000
0.1459960938
-0.1459960938
-0.4379882812
-0.2744750977
-0.1646881104
0.1097869873
0.4940490723
-0.3842620850
-0.2744750977
0.4940490723
-0.2744750977
0.0163726807
0.9909667969
-0.0327606201
0.0900878906
-0.0491333008
-0.0573272705
-0.0081939697
0.0245666504
-0.1322937012
-0.2315063477
0.9260101318
0.0000000000
0.0661468506
0.0992126465
0.1322937012
-0.0661468506
0.0618896484
0.8044891357
-0.1237640381
-0.1237640381
0.0618896484
-0.1237640381
0.3713073730
-0.1856536865
0.8350372314
0.0269317627
-0.0808105469
0.2963104248
-0.1616210938
0.3232421875
0.1346893311
0.1885528564
