0.1228332520
0.1228332520
-0.2456817627
0.0000000000
0.0000000000
0.1228332520
-0.2456817627
0.0000000000
0.2498779297
0.0000000000
-0.2498779297
-0.1249389648
0.0000000000
-0.2498779297
0.2498779297
0.0000000000
-0.0330657959
0.9921722412
0.0165405273
-0.0661468506
0.0000000000
-0.0330657959
0.0000000000
0.0000000000
-0.1345367432
0.0538177490
-0.3497924805
0.6726837158
0.2690734863
-0.0269012451
-0.1345367432
-0.5381469727
0.0526428223
0.2105865479
0.0000000000
0.1053009033
-0.8950042725
0.2105865479
0.0526428223
-0.0526428223
0.0756835938
-0.0756835938
0.0756835938
0.2648773193
-0.3405609131
-0.8324890137
-0.0756835938
-0.2270355225
-0.3191528320
-0.6383056641
-0.2393646240
-0.0797882080
0.1595764160
-0.3989410400
0.0000000000
-0.1595764160
0.2294311523
0.0000000000
-0.8030242920
0.2294311523
0.1720733643
0.1720733643
0.0000000000
-0.2867889404
0.9639892578
0.0428466797
0.0856933594
0.0000000000
-0.1499481201
0.0214233398
-0.1285247803
0.0856933594
0.0000000000
-0.0282135010
0.9310760498
0.2257080078
-0.1692810059
0.0000000000
0.1410675049
0.0846405029
-0.5747528076
-0.2554473877
0.1277160645
0.1277160645
0.1915893555
0.3193054199
-0.5108795166
0.1915893555
0.0416870117
-0.0208435059
-0.1042022705
-0.0416870117
0.0625305176
-0.0625305176
-0.9795684814
0.0625305176
0.0000000000
-0.1123352051
0.2246704102
0.0000000000
-0.5616760254
0.3370056152
0.1123352051
0.1123352051
-0.0224914551
0.9895477295
0.0449829102
0.0224914551
-0.0224914551
0.0224914551
0.0000000000
-0.0224914551
0.2187805176
0.0000000000
0.0000000000
-0.2187805176
0.1093902588
0.1093902588
0.0000000000
-0.6563568115
0.0935668945
-0.3742370605
-0.1871185303
-0.0935668945
0.0000000000
-0.3742370605
0.4678039551
0.3742370605
0.0868377686
-0.3473510742
0.0000000000
-0.1736755371
-0.3473510742
-0.2605133057
0.5210266113
-0.3473510742
-0.2664337158
-0.1776275635
0.1776275635
-0.2664337158
-0.3552398682
-0.6216888428
0.0000000000
0.0888061523
0.2416839600
-0.2416839600
0.4833679199
-0.1208343506
0.0000000000
0.1208343506
0.0000000000
0.1208343506
0.7595214844
-0.1139221191
-0.1898803711
0.4936981201
0.1139221191
0.2278594971
0.1139221191
-0.0759582520
0.0652770996
0.1740722656
0.8921203613
-0.0652770996
-0.1958312988
-0.0435180664
0.3046264648
0.1305541992
-0.1178436279
0.1178436279
0.0000000000
0.1178436279
0.2357025146
0.0000000000
-0.1178436279
0.0000000000
-0.0458374023
0.0229187012
0.0229187012
-0.9854125977
-0.0687561035
0.0000000000
-0.0458374023
-0.0458374023
-0.2912902832
0.7490386963
0.1248474121
-0.4577484131
-0.1248474121
-0.1664581299
0.0416107178
0.1664581299
-0.3842468262
0.3202056885
-0.0320281982
0.2881927490
0.2881927490
-0.4483032227
0.4483032227
0.3842468262
0.0000000000
-0.2518920898
0.8816223145
-0.1259460449
0.0000000000
-0.0629730225
0.0629730225
-0.0629730225
-0.5158843994
-0.2579498291
0.2063598633
0.4127044678
0.3611145020
-0.1031799316
0.1031799316
-0.4642944336
0.0370941162
0.0185546875
0.0556488037
0.9831542969
0.0185546875
0.0185546875
-0.1298522949
0.0000000000
-0.0778961182
0.9607391357
0.0000000000
0.1038665771
0.0519256592
-0.1038665771
0.1557922363
0.0259704590
0.3184204102
-0.0318450928
0.3821105957
-0.1592102051
-0.0636901855
0.8278961182
0.0000000000
0.0636901855
0.0000000000
-0.8419494629
-0.2476348877
0.0495300293
0.0495300293
-0.1485748291
-0.0495300293
0.3466796875
0.7061614990
0.2118530273
0.0000000000
-0.2824707031
0.0706176758
-0.1412353516
-0.0706176758
-0.4237060547
0.1216278076
0.2432556152
-0.1216278076
-0.1216278076
0.1216278076
0.0000000000
-0.1216278076
-0.1216278076
0.2498626709
-0.1249389648
0.0000000000
-0.1249389648
-0.2498626709
-0.2498626709
0.1249389648
0.0000000000
0.0143280029
0.9889373779
0.0716552734
-0.0859985352
0.0000000000
0.0000000000
0.0429992676
-0.0286712646
-0.1507415771
0.1507415771
-0.1507415771
0.6934051514
0.3014831543
-0.0603027344
-0.1808929443
-0.5426635742
-0.2010803223
0.3518981934
0.3016204834
0.0000000000
-0.7540588379
0.3016204834
0.0502777100
0.0000000000
0.2795562744
-0.4472961426
-0.2236480713
0.4472961426
-0.4472961426
-0.3354644775
-0.1677398682
-0.1677398682
-0.3438568115
-0.6189422607
-0.1375427246
-0.0687713623
0.5501708984
-0.0687713623
0.0687713623
-0.0687713623
0.4438476562
-0.0554809570
-0.6657714844
0.2219238281
-0.0554809570
0.2219238281
-0.0554809570
-0.3883666992
0.9298706055
0.0221405029
0.0442810059
0.0221405029
-0.2435302734
0.0000000000
-0.1992645264
0.1328430176
0.0901184082
0.1201629639
0.9311981201
0.0600738525
-0.2703552246
0.0000000000
0.0600738525
0.0300445557
-0.6744995117
-0.2248382568
0.2248382568
0.1349029541
0.3597412109
0.3147735596
-0.3147735596
0.1798706055
-0.0354309082
0.0708618164
-0.0118103027
-0.0118103027
-0.0354309082
-0.0590515137
-0.9920806885
0.0000000000
-0.2317199707
-0.0579376221
-0.6372528076
-0.2317199707
-0.5213928223
0.2896575928
0.1158599854
0.0579376221
0.0199127197
0.9760894775
0.1593627930
-0.0398406982
-0.0796813965
0.0199127197
0.0000000000
0.0199127197
0.1111450195
0.1111450195
-0.1111450195
-0.1111450195
0.1111450195
0.1111450195
0.1111450195
-0.6668548584
-0.0783233643
-0.0783233643
0.0000000000
0.0783233643
-0.1566619873
0.0000000000
0.8616333008
0.0783233643
0.0888061523
-0.3552398682
0.0888061523
-0.2664337158
-0.3552398682
-0.1776275635
0.5328674316
-0.2664337158
0.1375427246
-0.1375427246
0.1375427246
-0.4126281738
-0.0687713623
-0.5501708984
0.4813995361
0.2750854492
0.1234283447
-0.1234283447
0.4937286377
-0.1234283447
0.0000000000
-0.1234283447
0.1234283447
0.1234283447
0.4642944336
-0.1031799316
0.1547698975
0.7222442627
0.3095245361
-0.1031799316
0.1031799316
-0.1547698975
0.0461273193
0.1383972168
0.9533843994
-0.0461273193
-0.0307617188
-0.0768890381
0.2306518555
0.0000000000
0.0000000000
0.0000000000
0.1150360107
0.1150360107
0.2300720215
-0.1150360107
0.0000000000
0.0000000000
-0.0612792969
-0.0408477783
0.1225433350
-0.9803924561
-0.0612792969
0.0204315186
-0.0204315186
0.0204315186
-0.3362579346
0.7472381592
0.0373687744
-0.4483489990
-0.1494445801
-0.1494445801
0.0373687744
0.1868133545
-0.4340515137
0.3617095947
0.0000000000
0.2531890869
0.2531890869
-0.3978729248
0.4702148438
0.3617095947
0.0000000000
0.0000000000
0.9144897461
0.0000000000
-0.0365753174
0.0000000000
0.1828918457
-0.2926330566
-0.3683929443
0.0921020508
0.1381530762
0.5525817871
0.5525817871
-0.1381530762
-0.0460510254
-0.3683929443
0.0734100342
0.0183563232
0.0550537109
0.9726715088
0.1284637451
0.0366973877
-0.1284637451
0.0000000000
-0.0440368652
0.9469146729
0.0220184326
0.1101074219
-0.1101074219
-0.0220184326
0.2202148438
0.1101074219
0.5165252686
0.0607604980
0.3949890137
-0.0303802490
-0.0607604980
0.7292022705
0.0607604980
-0.0607604980
-0.0322875977
-0.8717498779
-0.2260131836
-0.1291503906
0.0322875977
-0.1614379883
-0.1614379883
0.2905883789
-0.2906341553
-0.1162567139
0.2324981689
-0.4068908691
-0.3487548828
-0.2324981689
0.3487548828
-0.5231323242
0.0000000000
0.1113433838
0.0000000000
-0.1113433838
0.0000000000
0.0000000000
0.0000000000
-0.2226867676
0.1247863770
-0.1247863770
0.2495727539
0.0000000000
-0.2495727539
-0.2495727539
0.0000000000
-0.2495727539
0.0000000000
0.9933013916
0.0134277344
-0.0536956787
-0.0134277344
0.0536956787
0.0268402100
-0.0268402100
-0.0720214844
0.1680450439
-0.2880859375
0.8162231445
0.2400665283
-0.0480194092
-0.0960235596
-0.3600921631
-0.2680969238
0.2680969238
0.2680969238
0.0536193848
-0.8043060303
0.1072387695
0.1608581543
0.0536193848
0.5237884521
-0.5237884521
-0.1309509277
0.3273620605
-0.1964111328
0.0000000000
-0.1964111328
-0.3273620605
-0.2602539062
-0.6072540283
-0.0867462158
-0.0433807373
0.6940002441
0.0433807373
-0.0433807373
-0.0867462158
0.5147857666
-0.0935974121
-0.2339935303
0.2807922363
-0.1871948242
0.2339935303
-0.0467987061
-0.6551818848
0.9577026367
0.0171051025
0.0342102051
0.0000000000
-0.1710205078
0.0000000000
-0.1881256104
0.0855102539
0.0427703857
0.2138824463
0.8983001709
0.0000000000
-0.2138824463
-0.1283264160
-0.1283264160
0.0855560303
-0.7305450439
-0.0859527588
0.2578430176
0.1718902588
0.4727020264
0.2148742676
-0.1289215088
0.1289215088
-0.0650939941
0.0759429932
0.0650939941
0.0325469971
-0.0650939941
-0.0433959961
-0.9872589111
-0.0108489990
-0.2617187500
0.0000000000
-0.8225402832
-0.0747833252
-0.2991027832
0.3364868164
0.0000000000
0.0373840332
0.0205841064
0.9878387451
0.0617370605
-0.0617370605
0.0205841064
0.0205841064
0.0000000000
-0.0411529541
0.0000000000
0.0000000000
-0.1190643311
-0.1190643311
0.1190643311
0.1190643311
0.1190643311
-0.5953521729
-0.1475524902
0.1475524902
0.2951202393
0.2213439941
-0.2951202393
0.2951202393
0.6640167236
-0.1475524902
0.2818603516
0.0939483643
0.2818603516
-0.2818603516
-0.1879119873
-0.0939483643
0.5637359619
-0.2818603516
0.1828918457
-0.1828918457
0.1219177246
-0.6096191406
0.1828918457
-0.3048095703
0.4876861572
0.2438507080
0.0000000000
0.0000000000
0.3711547852
-0.1237182617
0.0000000000
-0.1237182617
0.1237182617
0.0000000000
-0.1309509277
-0.0654754639
0.4583129883
0.5237884521
0.3273620605
-0.4583129883
-0.1309509277
-0.1309509277
-0.0137939453
0.0827484131
0.9791412354
-0.0137939453
0.0551605225
-0.0689544678
0.1241149902
-0.0689544678
0.0000000000
0.0000000000
0.0000000000
0.0588226318
0.0000000000
0.0000000000
0.0000000000
0.0000000000
-0.0353851318
-0.0530853271
0.1415557861
-0.9731750488
-0.1061706543
0.0353851318
0.0707702637
0.0353851318
-0.1812744141
0.9322662354
0.0000000000
-0.2330627441
-0.0517883301
-0.0776824951
-0.0517883301
0.1035919189
-0.5108795166
0.3715515137
0.0000000000
0.2322235107
0.2786712646
-0.2786712646
0.4644470215
0.3251037598
-0.0671234131
0.0671234131
0.9174499512
0.0000000000
-0.0223693848
0.0000000000
0.0671234131
-0.3580322266
-0.3430328369
0.2858581543
0.1715087891
0.4002075195
0.4573822021
0.0000000000
-0.1715087891
-0.5145416260
0.0421600342
0.0140533447
0.0702819824
0.9838562012
0.1264953613
-0.0140533447
-0.0421600342
0.0281066895
0.0611114502
0.9573669434
0.0203704834
0.1425933838
-0.1222229004
0.0814819336
0.1425933838
0.0611114502
0.5687713623
0.1625061035
0.3791809082
0.0541687012
-0.1083374023
0.6771087646
-0.0541687012
-0.0812530518
-0.0261077881
-0.9137420654
-0.2088623047
-0.1566467285
0.0522155762
-0.2088623047
-0.1044311523
0.1305389404
-0.1242370605
-0.2484893799
0.1863555908
-0.4348449707
-0.3106079102
-0.3106079102
0.4348449707
-0.4348449707
0.0000000000
0.0000000000
0.0000000000
0.0000000000
0.0000000000
0.0785675049
0.0785675049
0.0000000000
0.1216278076
0.0000000000
0.0000000000
0.0000000000
-0.2432556152
-0.1216278076
0.0000000000
-0.2432556152
0.0139465332
0.9905090332
0.0139465332
-0.0418548584
0.0000000000
0.0976562500
0.0279083252
-0.0139465332
-0.0863800049
0.1511688232
-0.3455352783
0.8854370117
0.1079864502
-0.0431976318
0.0000000000
-0.1943664551
-0.2549133301
0.1529541016
0.2549133301
-0.0509796143
-0.8667144775
0.0509796143
0.0509796143
0.0509796143
0.5069885254
-0.3621368408
-0.0724334717
0.2172851562
0.1448516846
-0.0724334717
-0.1448516846
-0.5794219971
-0.0957183838
-0.6062316895
-0.1276245117
-0.0319061279
0.7338562012
0.1595306396
0.0000000000
-0.0957183838
0.4904785156
-0.0980987549
-0.0980987549
0.1471405029
-0.2452392578
0.1961975098
0.0000000000
-0.7357330322
0.9848480225
0.0000000000
0.0371704102
-0.0557403564
0.0185852051
-0.0371704102
-0.1114959717
0.0185852051
0.0000000000
0.4088134766
0.6813507080
-0.1362762451
-0.2044067383
-0.3406677246
-0.1362762451
0.1362762451
-0.5993499756
0.0000000000
0.2724304199
0.2179412842
0.5993499756
0.2179412842
-0.0544891357
0.1089782715
-0.0613555908
0.0613555908
0.1104278564
0.0613555908
-0.0858917236
-0.0122680664
-0.9816131592
-0.0245361328
-0.2441101074
0.0348663330
-0.8369293213
0.0000000000
-0.1394958496
0.4184722900
-0.0697479248
0.0000000000
-0.0242004395
0.9678192139
0.0483856201
-0.0967864990
0.1451721191
0.0725860596
0.0725860596
-0.0242004395
-0.1238555908
0.0000000000
-0.1238555908
-0.1238555908
0.1238555908
0.1238555908
0.0000000000
-0.4954071045
-0.0792999268
0.0000000000
0.3171691895
0.0792999268
-0.2378845215
0.3964691162
0.6343383789
-0.2378845215
0.5069885254
0.4345703125
0.2172851562
-0.1448516846
0.0000000000
0.0724334717
0.2172851562
-0.5069885254
0.1378631592
-0.0689392090
0.2757263184
-0.7582702637
0.0689392090
-0.2757263184
0.2068023682
0.2068023682
0.0000000000
0.1249389648
0.2498626709
0.0000000000
0.1249389648
-0.2498626709
0.2498626709
0.1249389648
-0.0726165771
0.0000000000
0.5809326172
0.2178497314
0.0726165771
-0.5809326172
-0.2904663086
-0.0726165771
-0.0314941406
0.0157470703
0.9765167236
-0.0157470703
0.1417541504
-0.0630035400
0.0630035400
-0.0944976807
0.1199951172
-0.1199951172
0.2400054932
0.1199951172
-0.1199951172
0.1199951172
0.0000000000
0.0000000000
-0.0157928467
-0.0473937988
0.0947875977
-0.9794464111
-0.1105804443
0.0316009521
0.0631866455
0.0631866455
-0.0788879395
0.9860687256
-0.0197143555
-0.0591583252
-0.0394439697
-0.0591583252
0.0000000000
0.0000000000
-0.4554138184
0.3252868652
-0.0650634766
0.2602386475
0.2602386475
-0.2602386475
0.5204620361
0.2602386475
-0.1088562012
0.1088562012
0.9252929688
-0.0544281006
0.0544281006
-0.0272216797
0.0000000000
-0.2993621826
-0.0747985840
0.4487609863
0.1495819092
0.0747985840
0.4487609863
0.2243804932
-0.2243804932
-0.5235443115
0.0246276855
0.0123138428
0.0123138428
0.9853973389
0.1478118896
-0.0123138428
-0.0246276855
0.0246276855
0.1336212158
0.9544830322
0.0190887451
0.1527252197
-0.0572662354
0.1527252197
0.0763549805
0.0572662354
0.5250701904
0.0617675781
0.4324035645
0.0926666260
-0.0926666260
0.6795043945
0.0000000000
-0.1544342041
-0.0659332275
-0.9229888916
-0.1318511963
-0.0988922119
0.0329589844
-0.2307434082
-0.0988922119
0.1318511963
0.1764678955
-0.3529357910
0.0588226318
-0.4705810547
-0.3529357910
-0.2941131592
0.3529357910
-0.4117584229
0.0000000000
0.0911560059
0.0000000000
0.0000000000
0.0911560059
0.0911560059
0.0000000000
0.0000000000
0.1216278076
0.0000000000
0.0000000000
0.0000000000
-0.2432556152
0.0000000000
0.1216278076
-0.2432556152
0.0435028076
0.9859161377
0.0144958496
0.0000000000
0.0000000000
0.1304931641
0.0435028076
0.0144958496
-0.1015930176
0.1219177246
-0.2844696045
0.9346771240
0.0406341553
-0.0406341553
0.0609588623
0.0000000000
-0.1533508301
0.1150054932
0.4217071533
-0.0383300781
-0.8434143066
0.0766754150
-0.1150054932
0.0766754150
0.1388549805
-0.1388549805
-0.1388549805
0.1388549805
0.2082824707
-0.6942596436
0.0000000000
-0.4859771729
0.0324249268
-0.5187530518
-0.0324249268
0.0000000000
0.7781372070
0.2918090820
0.0000000000
-0.0648498535
0.3871002197
0.0000000000
0.0645141602
0.0645141602
-0.2580718994
0.1935577393
0.0000000000
-0.7742156982
0.9528961182
0.0423583984
0.0211791992
-0.1270599365
0.2117614746
-0.0847015381
0.0847015381
0.0000000000
-0.1516876221
0.3033905029
0.6826171875
0.0758514404
-0.3792419434
-0.1516876221
0.2275390625
0.0000000000
-0.4602813721
0.0000000000
0.1972656250
0.2630157471
0.7232818604
0.0657501221
0.0657501221
0.0657501221
-0.0515594482
0.0644531250
0.1288909912
0.0515594482
-0.0902252197
0.0128936768
-0.9795989990
-0.0257720947
-0.1498718262
0.0749359131
-0.7868041992
-0.0749359131
-0.0374603271
0.5245361328
-0.1123962402
-0.1123962402
-0.0503997803
0.8567657471
0.2519836426
-0.2015838623
0.2015991211
0.0503997803
0.1511993408
0.1007995605
-0.0911560059
-0.0911560059
0.0000000000
0.0000000000
0.0000000000
0.0000000000
0.0000000000
-0.0911560059
-0.0611877441
0.0000000000
0.3671264648
-0.0611877441
-0.2447509766
0.6118774414
0.4895019531
-0.2447509766
0.4144439697
0.7367858887
0.2762908936
0.1381530762
0.0460510254
0.2762908936
-0.0921020508
-0.1841888428
0.0610809326
-0.1221466064
0.4886016846
-0.7328948975
0.0610809326
-0.2442932129
0.1221466064
0.0610809326
0.0000000000
0.0000000000
0.1150360107
0.0000000000
0.1150360107
-0.2300720215
0.0000000000
0.1150360107
0.0561676025
-0.0561676025
0.4494018555
0.2808685303
-0.2808685303
-0.4494018555
-0.5617370605
-0.1123504639
-0.0406188965
-0.0812377930
0.9546051025
0.0203094482
0.2234191895
0.0000000000
-0.0812377930
-0.1015472412
-0.0911560059
-0.0911560059
0.0000000000
0.0911560059
0.0000000000
0.0000000000
0.0000000000
0.0000000000
0.0162811279
-0.0162811279
0.0325622559
-0.9929504395
-0.0488281250
0.0162811279
0.0162811279
0.0325622559
-0.0190277100
0.9897918701
-0.0190277100
0.0570983887
-0.0380706787
-0.0380706787
0.0380706787
-0.0190277100
-0.2783508301
0.1855621338
-0.0927886963
0.2783508301
0.1855621338
-0.1855621338
0.6494903564
0.0927886963
-0.3010864258
-0.0430145264
0.9032745361
-0.0860290527
0.0860290527
0.0860290527
-0.0430145264
-0.0860290527
0.1580963135
0.3161926270
0.1580963135
-0.1580963135
0.5533447266
0.4742889404
-0.1580963135
-0.2371520996
0.0000000000
-0.0115661621
0.0000000000
0.9951629639
0.0694274902
0.0115661621
-0.0115661621
0.0115661621
0.2108001709
0.9389953613
0.0000000000
0.1533050537
0.0191650391
0.1916351318
0.0383300781
0.0000000000
0.4132843018
-0.1239929199
0.4959411621
0.1653137207
0.1239929199
0.6199340820
0.0413360596
-0.2893066406
-0.0446929932
-0.9386291504
-0.0446929932
-0.0894012451
0.0446929932
-0.1787872314
0.0000000000
0.0894012451
0.6885528564
-0.3442687988
0.0000000000
-0.2677764893
-0.3442687988
-0.1530151367
0.2295227051
-0.3060302734
0.0000000000
0.1000061035
0.1000061035
0.0000000000
0.1000061035
0.0000000000
0.0000000000
-0.1000061035
0.0000000000
0.1213989258
0.1213989258
-0.1213989258
-0.3642120361
0.3642120361
0.2428131104
-0.1213989258
0.0417175293
0.9804229736
0.0417175293
0.0000000000
0.0000000000
0.1251525879
0.0417175293
0.0625762939
-0.0754699707
0.0754699707
-0.3018798828
0.8804779053
0.0000000000
0.1509399414
0.0503082275
0.2767181396
0.0000000000
0.0303192139
0.4243927002
0.0000000000
-0.8184661865
0.2121887207
-0.2728271484
0.0000000000
0.0941162109
-0.1882324219
-0.1411743164
0.1882324219
0.2352752686
-0.8470153809
0.1411743164
-0.1882324219
0.1455383301
-0.4002380371
0.2183074951
0.0363922119
0.6549377441
0.5457763672
0.0000000000
0.0000000000
0.0968475342
0.0968475342
0.2905578613
-0.0968475342
-0.2905578613
0.0968475342
0.0000000000
-0.6779632568
0.7432403564
0.0353851318
0.1415710449
-0.2477416992
0.3893127441
-0.1415710449
0.3893127441
0.0353851318
-0.1576080322
0.0788116455
0.5516510010
0.5516510010
-0.3152313232
0.0000000000
0.1576080322
0.1576080322
-0.2945098877
0.0000000000
0.1963348389
0.1963348389
0.6871795654
0.0000000000
0.0981750488
-0.0981750488
-0.0826110840
0.0495605469
0.1486968994
0.0495605469
-0.0826110840
-0.0165252686
-0.9748382568
0.0000000000
-0.0760650635
0.1140899658
-0.7606201172
-0.2281799316
-0.0760650635
0.5324401855
0.0380249023
-0.1140899658
0.0829620361
0.4147949219
0.6636657715
-0.0829620361
0.0829620361
-0.2488708496
0.0829620361
-0.2488708496
0.0000000000
-0.0911560059
0.0000000000
0.0000000000
0.0000000000
0.0000000000
0.0911560059
-0.0911560059
-0.1119995117
0.0559997559
0.3919830322
-0.1679992676
-0.1679992676
0.7279815674
0.1679992676
-0.3359832764
0.3483276367
0.3799896240
0.1900024414
0.4116668701
0.0950012207
0.6649932861
-0.1900024414
0.0950012207
-0.1812133789
0.0604095459
0.4228363037
-0.6644592285
-0.1812133789
-0.3624267578
-0.2416229248
0.0000000000
0.0588226318
0.0000000000
0.0000000000
0.0000000000
0.0000000000
0.0000000000
0.0000000000
0.0000000000
0.0000000000
-0.0406341553
0.1625671387
0.3657684326
-0.6096191406
-0.2032012939
-0.6096191406
0.0000000000
0.0000000000
-0.1809692383
0.9048461914
-0.0301666260
0.3016204834
0.0603179932
-0.1508026123
-0.0301666260
0.1000061035
0.0000000000
0.0000000000
-0.1000061035
0.1000061035
0.1000061035
0.0000000000
0.0000000000
0.0177001953
-0.0353851318
-0.0530853271
-0.9908599854
0.0353851318
0.0000000000
-0.0353851318
-0.0353851318
0.0221710205
0.9090576172
-0.0886840820
0.3769226074
0.0221710205
-0.0443420410
0.0665130615
-0.0221710205
-0.2393341064
0.1196746826
0.1196746826
0.3590087891
0.0000000000
0.1196746826
0.3590087891
-0.2393341064
-0.6278381348
-0.2092742920
0.0000000000
-0.2790374756
0.0697631836
0.4185638428
-0.1395263672
0.3488006592
0.2342834473
0.1561889648
0.0000000000
-0.1561889648
0.5466613770
0.6247558594
0.0000000000
0.0000000000
0.0419769287
-0.0279846191
0.0139923096
0.9935150146
-0.0419769287
0.0139923096
0.0139923096
0.0419769287
0.2476806641
0.8845672607
0.0353851318
0.1946105957
0.1415252686
0.2476806641
0.0176849365
-0.1592254639
0.2757263184
-0.1378631592
0.3446655273
0.2068023682
0.2757263184
0.4825286865
-0.2068023682
-0.4825286865
-0.0617675781
-0.9264984131
0.0617675781
-0.0617675781
0.0000000000
-0.0617675781
0.0000000000
0.0000000000
0.9389495850
-0.1656951904
-0.0276184082
-0.0552368164
-0.1656951904
-0.0276184082
0.0828552246
-0.1656951904
0.1250000000
0.1250000000
-0.2500000000
-0.1250000000
0.0000000000
0.1250000000
-0.2500000000
-0.2500000000
0.0000000000
0.0000000000
-0.1113433838
0.0000000000
0.0000000000
-0.1113433838
0.0000000000
0.2226867676
-0.0303192139
0.9700317383
0.0909423828
-0.0909423828
0.0909423828
0.0000000000
0.0606231689
0.0000000000
-0.0751647949
-0.0250549316
-0.3758087158
0.5762329102
0.1503143311
-0.2254791260
0.0501098633
-0.6513977051
-0.3997039795
0.3330841064
0.1332397461
0.0666198730
-0.5329437256
0.3330841064
0.3997039795
-0.0666198730
-0.1442260742
0.0480804443
0.1442260742
0.2884674072
-0.5769195557
-0.5288391113
0.1923065186
-0.3846130371
-0.3539581299
-0.5663299561
-0.2123718262
0.0707855225
0.2831726074
-0.4955444336
0.0707855225
0.0707855225
0.3318328857
0.0829620361
-0.7466278076
0.0829620361
0.0000000000
0.1659088135
-0.1659088135
-0.1659088135
0.8931427002
0.0000000000
0.0297698975
0.0297698975
-0.2679443359
0.0893096924
-0.2977142334
0.0595397949
0.0218963623
-0.0875549316
0.9412231445
0.2407836914
-0.1313323975
-0.0875549316
0.0875549316
0.0000000000
-0.6947021484
0.3473510742
0.0000000000
-0.0868377686
0.2605133057
0.1736755371
-0.1736755371
0.0000000000
-0.0479736328
-0.0159912109
-0.0319824219
-0.0319824219
0.0000000000
-0.0639648438
-0.9913940430
0.0159912109
0.0000000000
-0.2416839600
0.2416839600
0.0000000000
-0.1208343506
0.4833679199
0.1208343506
-0.1208343506
0.0000000000
0.9876098633
0.0658416748
0.0219421387
-0.0438995361
0.0438995361
-0.0219421387
0.0000000000
0.2357025146
0.0000000000
-0.1178436279
0.0000000000
0.1178436279
0.1178436279
0.0000000000
-0.5892486572
0.0868377686
-0.4341888428
-0.2605133057
-0.3473510742
0.0868377686
-0.5210266113
-0.0868377686
0.2605133057
0.2505645752
-0.1670379639
0.0000000000
-0.0835266113
-0.4176177979
-0.4176177979
0.5011291504
-0.2505645752
-0.1811065674
-0.2716674805
-0.0905609131
-0.1811065674
0.0000000000
-0.1811065674
0.6338958740
0.3622283936
0.3748321533
-0.2498779297
0.1249389648
-0.1249389648
-0.1249389648
0.0000000000
0.0000000000
0.1249389648
0.9288787842
-0.0464477539
-0.0928955078
0.0464477539
0.0464477539
0.1857757568
-0.0928955078
-0.0928955078
0.0000000000
0.0328674316
0.9533691406
0.0000000000
-0.1643676758
-0.0986175537
0.1315002441
-0.0328674316
0.0000000000
0.0000000000
0.0911560059
0.0911560059
0.0911560059
0.0000000000
0.0000000000
0.0000000000
-0.0662536621
0.0662536621
0.0662536621
-0.9606628418
-0.1325073242
-0.0331268311
0.0000000000
-0.0993804932
-0.2347564697
0.7512359619
0.0469512939
-0.4225769043
-0.2347564697
-0.2347564697
0.0939025879
0.0939025879
-0.4235229492
0.3388214111
0.0423583984
0.2964630127
0.2964630127
-0.4235229492
0.3811798096
0.3811798096
0.0599670410
-0.1199493408
0.8395996094
0.0599670410
0.0599670410
-0.2998504639
0.2398834229
-0.0599670410
-0.4618530273
-0.1539459229
0.1026306152
0.6671142578
0.2052612305
-0.1026306152
0.0000000000
-0.4105377197
0.0426940918
-0.0426940918
0.0426940918
0.8966674805
0.1707916260
0.1707916260
-0.2561950684
-0.0854034424
0.0277709961
0.9717712402
-0.0277709961
-0.0277709961
0.0277709961
0.0000000000
0.1665954590
0.0000000000
0.4879608154
0.1540985107
0.2825012207
-0.1284027100
-0.0513610840
0.7704467773
-0.1540832520
0.0256805420
0.0000000000
-0.8886413574
-0.0888671875
0.0000000000
0.0444335938
-0.1777343750
-0.0888671875
0.3110198975
0.0977325439
-0.0977325439
0.0000000000
-0.0977325439
-0.5863494873
0.0977325439
0.1954498291
-0.4886322021
0.0000000000
0.2226867676
-0.1113433838
-0.1113433838
0.0000000000
0.0000000000
0.0000000000
0.0000000000
0.1216278076
-0.1216278076
0.1216278076
-0.1216278076
-0.1216278076
-0.2432556152
0.0000000000
0.1216278076
0.0000000000
0.9728240967
0.0997772217
-0.0748291016
0.0997772217
0.0498809814
0.0748291016
0.0000000000
-0.1527709961
0.0611114502
-0.2749786377
0.6416168213
0.1833190918
-0.1833190918
0.1222076416
-0.6110687256
-0.4931945801
0.4315490723
0.4315490723
0.0616455078
-0.3082427979
0.2465972900
0.3082427979
0.0616455078
0.0868377686
-0.3473510742
-0.1736755371
0.0868377686
-0.6947021484
-0.1736755371
-0.1736755371
-0.1736755371
-0.2613372803
-0.5879974365
-0.0653381348
0.1306610107
0.5879974365
-0.2613372803
0.0653381348
-0.0653381348
0.5585174561
-0.0797882080
-0.0797882080
0.1595764160
-0.3191528320
0.3191528320
0.0000000000
-0.4787292480
0.8766632080
-0.0257873535
-0.0515747070
0.1031341553
-0.2836303711
0.0257873535
-0.3351898193
0.0515747070
0.0811309814
0.0270385742
0.9465637207
0.1352233887
-0.1893157959
-0.1352233887
0.0000000000
-0.0270385742
-0.7742156982
0.1935577393
0.1935577393
0.0000000000
0.3871002197
0.1290283203
-0.1290283203
0.0645141602
-0.1379241943
0.1034545898
0.0689697266
0.0344848633
-0.0574645996
-0.0114898682
-0.9770050049
-0.0459747314
-0.1951751709
-0.1301116943
-0.7807006836
-0.1951751709
-0.2602386475
0.2602386475
0.1301116943
-0.0650634766
0.0000000000
0.9189300537
0.2722778320
-0.1020965576
-0.1361389160
-0.1020965576
0.0000000000
0.0680694580
0.1208343506
0.1208343506
-0.2416839600
0.0000000000
0.2416839600
0.1208343506
0.0000000000
-0.4833679199
0.0000000000
-0.3352050781
-0.2234802246
-0.3352050781
0.0000000000
-0.4469451904
0.2234802246
0.0000000000
0.1972351074
-0.1972351074
0.0986175537
-0.3944702148
-0.3944702148
-0.2958526611
0.3944702148
-0.0986175537
-0.0536193848
-0.2680969238
0.2144775391
-0.2680969238
0.3217163086
0.0000000000
0.7506866455
0.2144775391
0.1229705811
-0.2459411621
0.4918823242
0.0000000000
0.0000000000
-0.1229705811
0.1229705811
0.0000000000
0.5785369873
0.0000000000
0.1928405762
0.2892761230
0.2892761230
-0.1928405762
-0.0964202881
-0.2892761230
0.0597229004
0.0597229004
0.9556579590
-0.0895996094
0.0000000000
-0.1194610596
0.1194610596
-0.1194610596
0.0000000000
0.0000000000
0.1150360107
0.2300720215
0.1150360107
-0.1150360107
0.0000000000
0.0000000000
-0.0326843262
0.1307220459
0.1960906982
-0.9477539062
0.0326843262
-0.0653686523
-0.0326843262
-0.0653686523
-0.3316345215
0.5969238281
0.0000000000
-0.3979492188
-0.3316345215
-0.1989746094
0.1989746094
0.1989746094
-0.4281616211
0.3853454590
0.0856323242
0.2568969727
0.2997131348
-0.3853454590
0.3853454590
0.3853454590
-0.0317687988
0.1270446777
0.8893280029
0.0952911377
-0.0635223389
-0.0952911377
0.1905670166
-0.3176116943
-0.1770324707
0.1327667236
0.0000000000
0.6195983887
0.5310974121
0.0885162354
-0.1327667236
-0.4425811768
0.1729278564
0.0000000000
-0.1152801514
0.6340789795
0.4611511230
0.3458557129
-0.2882232666
-0.1729278564
0.1220550537
0.9520263672
-0.0976409912
-0.0244140625
-0.0732269287
0.0732269287
0.1708831787
0.0976409912
0.6005859375
0.1385955811
0.3926849365
-0.0462036133
0.0000000000
0.6467742920
-0.0462036133
-0.1616973877
0.0000000000
-0.8659057617
-0.1924285889
-0.1603546143
0.0320739746
-0.2244873047
-0.1924285889
0.2565612793
-0.6974182129
-0.1394805908
0.1394805908
-0.2324676514
-0.4649353027
-0.0464935303
0.2789611816
-0.2324676514
0.0000000000
0.1113433838
-0.1113433838
-0.1113433838
0.0000000000
0.1113433838
0.1113433838
-0.1113433838
0.2495727539
0.0000000000
0.1247863770
-0.1247863770
-0.1247863770
-0.3743438721
0.1247863770
-0.1247863770
-0.0183563232
0.9911804199
-0.0183563232
-0.0183563232
0.0367126465
0.0550689697
0.0367126465
0.0000000000
-0.0953674316
0.0953674316
-0.3576354980
0.8106384277
0.1907348633
-0.0953674316
0.0715332031
-0.3576354980
-0.3763580322
0.1881713867
0.3136291504
-0.0627288818
-0.6272583008
0.0000000000
0.4390869141
-0.0627288818
0.3352050781
-0.3352050781
0.0000000000
-0.1117401123
-0.1117401123
0.3352050781
-0.2234802246
-0.3352050781
-0.0890350342
-0.6232757568
-0.0445251465
0.0445251465
0.7123107910
-0.1335601807
-0.0445251465
-0.0890350342
0.4487609863
-0.0897521973
0.2243804932
0.0897521973
-0.2243804932
0.1795043945
-0.0448760986
-0.7628936768
0.9310302734
-0.0433044434
-0.0216522217
0.0866088867
-0.1515655518
-0.0433044434
-0.2814788818
0.0649566650
0.1426544189
0.0713195801
0.7132415771
0.0713195801
-0.1426544189
-0.4992675781
-0.1426544189
0.0000000000
-0.8004150391
0.1715087891
0.2286834717
0.0000000000
0.4002075195
0.0571746826
-0.0571746826
0.0571746826
-0.1649322510
0.1099548340
0.1236877441
0.0962066650
-0.0274810791
0.0274810791
-0.9620666504
-0.0549774170
-0.1971435547
-0.0985717773
-0.8871307373
-0.0328521729
-0.1971435547
0.2957153320
-0.0328521729
-0.0328521729
0.0000000000
0.9326019287
0.2119598389
-0.1271667480
0.0423889160
-0.0423889160
0.0000000000
0.0847778320
0.1249389648
0.0000000000
-0.1249389648
-0.1249389648
0.2498779297
0.0000000000
-0.1249389648
-0.3748321533
-0.1247863770
-0.1247863770
0.1247863770
-0.1247863770
-0.2495727539
0.0000000000
0.1247863770
-0.3743438721
0.2165069580
0.2165069580
0.2165069580
-0.1082458496
-0.5412597656
-0.1082458496
0.3247528076
0.0000000000
0.0445251465
-0.2225952148
0.3116302490
-0.4451904297
0.3116302490
0.2671203613
0.6232757568
0.1780853271
0.0000000000
-0.1172332764
0.5861816406
0.1172332764
0.0000000000
-0.1172332764
0.2344665527
0.1172332764
-0.1782989502
-0.1782989502
0.3566131592
0.3566131592
0.4457702637
-0.3566131592
0.0891571045
-0.2674560547
0.0000000000
0.0344085693
0.9636230469
-0.0688323975
0.1032409668
-0.0688323975
0.0344085693
-0.1032409668
0.0000000000
-0.0911560059
0.0000000000
0.0911560059
0.0000000000
0.0911560059
0.0000000000
0.0000000000
0.0000000000
0.0998687744
0.0998687744
-0.9737396240
-0.0749053955
-0.0749053955
0.0249633789
0.0000000000
-0.1236724854
0.9481353760
-0.0412292480
-0.0824432373
-0.0824432373
-0.0824432373
0.0412292480
0.0824432373
-0.4941253662
0.4323577881
0.0617675781
0.1853027344
0.3088378906
-0.2470703125
0.4323577881
0.2470703125
-0.1252899170
0.1566162109
0.9083557129
0.0000000000
0.0000000000
-0.0313262939
0.0626525879
-0.3132324219
-0.0619964600
0.2480010986
0.0619964600
0.3100128174
0.6200256348
0.2480010986
-0.1240081787
-0.4960174561
0.0655364990
-0.0327758789
-0.0327758789
0.9175262451
0.3276824951
0.0655364990
-0.0655364990
-0.0327758789
0.1834259033
0.9629974365
0.0000000000
0.0458526611
0.0000000000
0.1146392822
0.0687866211
0.0458526611
0.6145019531
0.1474761963
0.3195343018
0.0737457275
0.0491638184
0.6390838623
-0.0491638184
-0.2458038330
0.0000000000
-0.9108276367
-0.1265106201
-0.2024078369
0.0505981445
-0.2530059814
-0.1265106201
0.1011962891
-0.7438049316
-0.1983489990
0.0991821289
-0.2975311279
-0.2975311279
-0.1983489990
0.1983489990
-0.2479400635
0.1150360107
0.0000000000
0.0000000000
-0.1150360107
-0.1150360107
0.2300720215
0.0000000000
0.0000000000
0.2500000000
0.0000000000
0.1250000000
0.0000000000
-0.1250000000
-0.3750000000
0.0000000000
-0.1250000000
0.0000000000
0.9886474609
-0.0173492432
0.0000000000
-0.0346832275
0.0867156982
0.0346832275
0.0520324707
-0.0453186035
0.0906219482
-0.3398437500
0.8836059570
0.1585998535
-0.0906219482
0.0453186035
-0.2039031982
-0.3657684326
0.1219177246
0.3657684326
-0.1219177246
-0.6705780029
0.0609588623
0.3048095703
-0.1828918457
0.0000000000
0.0000000000
0.2234802246
0.0000000000
-0.3352050781
0.2234802246
0.0000000000
-0.5586853027
0.0430145264
-0.6452026367
-0.1290435791
0.0860290527
0.6882019043
0.0000000000
0.0860290527
-0.1290435791
0.4021606445
0.0000000000
0.2513580322
0.0000000000
-0.3016204834
0.1508178711
-0.1005401611
-0.7540588379
0.9658355713
-0.0275878906
-0.0275878906
0.0275878906
0.0551910400
-0.0827789307
-0.1655731201
0.0551910400
0.0000000000
0.3790283203
0.0000000000
0.0000000000
-0.2842712402
-0.6633148193
0.0947570801
0.0947570801
-0.7650146484
0.0765075684
0.2295074463
0.0000000000
0.3825073242
0.0000000000
-0.0765075684
0.0765075684
-0.1027984619
0.0342712402
0.1027984619
0.1027984619
-0.0513916016
0.0171356201
-0.9765319824
-0.0342712402
-0.2456817627
-0.0307159424
-0.8292083740
0.0000000000
-0.1535491943
0.4299621582
-0.0921325684
-0.0614166260
0.0000000000
0.9261322021
0.1029052734
-0.1029052734
0.1029052734
0.1029052734
0.0514526367
0.1029052734
-0.1237182617
0.0000000000
-0.2474365234
-0.1237182617
0.1237182617
0.1237182617
0.0000000000
-0.2474365234
-0.1172332764
0.1172332764
0.3517150879
-0.1172332764
-0.2344665527
0.3517150879
0.2344665527
-0.2344665527
0.4603424072
0.6137847900
0.0000000000
0.0000000000
-0.3836212158
0.0767211914
-0.0767211914
-0.2301635742
0.1134185791
-0.1701354980
0.5104064941
-0.5104064941
0.2835540771
0.2835540771
0.3969879150
0.1134185791
0.0000000000
0.0000000000
0.2357025146
0.1178436279
-0.1178436279
-0.1178436279
0.0000000000
0.1178436279
-0.2614746094
-0.2614746094
0.5229492188
0.2614746094
0.3486328125
-0.3486328125
0.0871582031
-0.0871582031
0.0000000000
-0.1214294434
0.9309082031
-0.0809478760
0.2023773193
0.0404815674
-0.0404815674
-0.1214294434
0.0000000000
0.0000000000
0.2226867676
0.0000000000
0.0000000000
0.1113433838
0.1113433838
0.0000000000
0.0000000000
0.0204772949
0.0614471436
-0.9830627441
-0.1024017334
-0.0409545898
0.0000000000
0.0614471436
-0.0860595703
0.9753265381
0.0000000000
0.0860595703
0.0286865234
-0.0573730469
0.0573730469
0.0000000000
-0.4616851807
0.3847351074
0.0000000000
0.2308349609
0.1539001465
-0.2308349609
0.4616851807
0.3077850342
-0.1568603516
0.2614440918
0.8888854980
0.0000000000
0.1045684814
-0.1045684814
-0.0522918701
-0.0522918701
0.0927886963
0.2783508301
0.0927886963
-0.0927886963
0.5567016602
0.4639129639
-0.1855621338
-0.1855621338
0.0225982666
0.0225982666
-0.1130218506
0.9493713379
0.2486419678
0.0678100586
-0.0452117920
0.0000000000
0.1657257080
0.9469909668
0.0473480225
0.1420440674
-0.0236816406
0.1657257080
0.0710296631
0.0473480225
0.5415954590
-0.0637207031
0.3185882568
0.1592864990
0.2230072021
0.6053009033
0.0637207031
-0.3504486084
-0.0378723145
-0.9088134766
-0.0757293701
-0.1514739990
0.0378723145
-0.2650756836
-0.1136016846
0.1136016846
-0.5179290771
-0.2877349854
0.1150970459
-0.4028320312
-0.3452911377
-0.2301940918
0.1726379395
-0.4028320312
0.0000000000
0.0785675049
0.0000000000
0.0000000000
0.0000000000
0.0785675049
0.0000000000
0.0000000000
0.1000061035
0.1000061035
0.0000000000
0.1000061035
-0.1000061035
0.0000000000
0.0000000000
0.0000000000
0.0399322510
0.9784088135
-0.0199737549
0.0399322510
-0.0399322510
0.1397705078
0.0399322510
0.0599060059
-0.0227203369
0.0681762695
-0.2954406738
0.9317779541
0.1136322021
-0.0681762695
0.0227203369
-0.0681762695
-0.1175384521
-0.0391845703
0.3526306152
-0.1959075928
-0.8227996826
0.2742614746
0.0783538818
-0.1175384521
-0.3077850342
0.0769500732
0.0000000000
-0.0769500732
-0.3077850342
-0.6155700684
0.0769500732
-0.4616851807
0.1257171631
-0.5866699219
-0.0838165283
0.0838165283
0.7123718262
0.2095184326
0.0419006348
-0.1257171631
0.2911224365
0.1164550781
0.1746673584
-0.0582275391
-0.4075775146
0.1164550781
-0.0582275391
-0.7569122314
0.8050842285
0.0000000000
0.0966033936
-0.1932220459
0.3220367432
-0.1610107422
0.3542327881
0.1288146973
-0.0959930420
0.2879943848
0.1920013428
0.2879943848
-0.1920013428
-0.5760040283
0.0959930420
0.2879943848
-0.5586853027
0.0000000000
0.1117401123
0.0000000000
0.4469451904
0.0000000000
0.0000000000
0.0000000000
-0.0188751221
0.0000000000
0.1132659912
0.0755157471
-0.0755157471
0.0188751221
-0.9816436768
0.0000000000
-0.1517028809
0.0910186768
-0.7888793945
-0.0910186768
-0.0303344727
0.5158081055
-0.0910186768
-0.1820526123
-0.1224670410
0.1224670410
0.4898986816
-0.1224670410
0.0000000000
-0.1224670410
0.0000000000
0.2449493408
-0.0785675049
0.0000000000
0.0000000000
0.0000000000
0.0000000000
0.0000000000
0.0000000000
-0.0785675049
-0.1082458496
0.0000000000
0.3247528076
-0.3247528076
0.0000000000
0.4330139160
0.3247528076
-0.2165069580
0.3236389160
0.6832275391
0.1797943115
0.2876739502
-0.1078796387
0.3955535889
-0.2876739502
0.1438446045
0.2332916260
-0.2332916260
0.6415557861
-0.5249023438
0.1749725342
0.1749725342
0.1749725342
0.0000000000
0.0000000000
-0.1150360107
0.2300720215
0.1150360107
0.0000000000
-0.1150360107
0.0000000000
0.0000000000
-0.4106597900
-0.2463989258
0.4106597900
0.4106597900
0.1642608643
-0.3285217285
-0.2463989258
-0.0821380615
0.0000000000
-0.2769775391
0.7755432129
-0.1107940674
0.2769775391
0.2769775391
-0.1661834717
-0.1661834717
0.0000000000
0.0785675049
0.0000000000
-0.0785675049
0.0000000000
0.0000000000
0.0000000000
0.0000000000
0.0421295166
0.0000000000
0.0421295166
-0.9901580811
0.0000000000
-0.0421295166
0.0000000000
0.0000000000
-0.1072845459
0.9655303955
0.0536346436
0.1340942383
0.0804595947
-0.0536346436
0.0536346436
0.0000000000
-0.2211151123
0.2211151123
0.1105499268
0.3316650391
0.0000000000
-0.1105499268
0.5527648926
0.0000000000
-0.3742370605
-0.1871185303
0.2806854248
-0.0935668945
0.0000000000
0.2806854248
-0.1871185303
0.5613555908
0.1724090576
0.1724090576
0.0862121582
-0.0862121582
0.6034545898
0.5172424316
0.0862121582
0.1724090576
0.0000000000
-0.0530700684
-0.0353851318
0.9907073975
0.0530700684
0.0353851318
0.0000000000
-0.0176849365
0.1716461182
0.9440765381
0.0429077148
0.1501922607
0.0429077148
0.1931152344
0.0214538574
-0.0214538574
0.4270782471
-0.3105926514
0.2717742920
0.1553039551
0.4658966064
0.5047302246
-0.0776519775
-0.3105926514
0.0000000000
-0.9115447998
-0.0536193848
-0.1072387695
-0.0536193848
-0.2144775391
0.0000000000
0.1072387695
0.5522766113
-0.3012390137
0.0000000000
-0.2510375977
-0.4518585205
-0.2008361816
0.1004180908
-0.4518585205
0.0000000000
0.0000000000
0.0000000000
0.0000000000
0.0000000000
0.0000000000
0.0000000000
-0.0588226318
0.1199951172
0.1199951172
0.0000000000
0.0000000000
-0.1199951172
0.2400054932
0.1199951172
-0.1199951172
0.1720733643
0.9291992188
0.0000000000
0.0688323975
0.0000000000
0.2064971924
0.1032409668
0.1032409668
-0.0332794189
0.0998229980
-0.3327178955
0.8650817871
0.0998229980
0.1996307373
-0.0665435791
0.1996307373
0.0869903564
-0.0579986572
0.3189849854
-0.1739807129
-0.8409423828
0.3189849854
-0.0869903564
-0.1159973145
-0.1508178711
0.0000000000
-0.1005401611
0.0000000000
0.0502777100
-0.9048767090
0.2010803223
-0.1508178711
0.2652893066
-0.4421386719
0.3537139893
0.1326446533
0.4863586426
0.5305786133
0.0884246826
0.0442199707
0.0947570801
0.2842712402
0.2842712402
-0.1895141602
-0.3790283203
0.0947570801
0.0000000000
-0.5685577393
0.1278686523
0.0000000000
0.2557220459
-0.3409729004
0.4262084961
-0.2983398438
0.6819305420
0.0852355957
-0.0924072266
0.3696136475
-0.1847991943
0.3696136475
-0.1847991943
-0.4620056152
0.0000000000
0.3696136475
-0.1113433838
-0.1113433838
0.1113433838
0.0000000000
0.1113433838
0.0000000000
-0.1113433838
-0.1113433838
0.0000000000
-0.0261077881
0.1827545166
0.0522155762
-0.0522155762
-0.0522155762
-0.9659576416
0.0522155762
-0.0708770752
0.1063079834
-0.7441711426
-0.2834930420
-0.0354309082
0.4961090088
0.0000000000
-0.2480621338
0.0000000000
-0.1055145264
0.7385559082
-0.1055145264
0.0000000000
-0.1055145264
0.0000000000
-0.1055145264
0.0000000000
0.0000000000
0.0000000000
0.0000000000
-0.0911560059
0.0000000000
0.0911560059
-0.0911560059
-0.0901947021
0.1804046631
0.1804046631
-0.2705993652
0.0901947021
0.7216033936
-0.0901947021
-0.1804046631
0.3384552002
0.3384552002
0.1805114746
0.4287109375
0.0451354980
0.6317901611
-0.2933349609
0.2256317139
0.1631927490
-0.1631927490
0.5711517334
-0.5711517334
0.0815887451
0.0815887451
-0.1631927490
-0.1631927490
0.0000000000
0.1064758301
-0.1064758301
0.1064758301
0.0000000000
0.1064758301
0.0000000000
0.1064758301
-0.3488006592
-0.2092742920
0.2092742920
0.4883270264
-0.4185638428
-0.1395263672
-0.4185638428
0.1395263672
0.1415863037
-0.4247436523
0.6371307373
-0.1415863037
0.2831726074
0.2831726074
-0.2123718262
0.0000000000
0.0000000000
0.0000000000
0.0000000000
0.0000000000
0.0000000000
0.0000000000
0.0000000000
-0.0588226318
0.0538940430
-0.0359191895
-0.0718536377
-0.9879760742
0.0359191895
-0.0538940430
0.0000000000
0.0000000000
-0.0299987793
0.7799530029
-0.1199951172
0.5399627686
0.2099914551
-0.0899963379
0.0000000000
-0.0599975586
-0.1242218018
0.1242218018
0.0000000000
0.2484588623
0.0000000000
0.1242218018
0.3726806641
-0.2484588623
-0.1566619873
-0.2349853516
-0.3916473389
-0.2349853516
0.0000000000
0.2349853516
-0.2349853516
0.6266326904
0.1818389893
0.1818389893
0.0909118652
0.0000000000
0.5455017090
0.5455017090
0.0909118652
0.1818389893
0.0742950439
-0.0742950439
0.0371398926
0.9843444824
-0.0742950439
0.0185699463
-0.0185699463
0.0371398926
0.2131500244
0.8952178955
0.0639495850
0.2131500244
0.1065673828
0.2344665527
0.0213165283
-0.1492004395
0.2442932129
-0.3664398193
0.2442932129
0.1832275391
0.5496673584
0.2442932129
-0.3664398193
-0.3053741455
0.0000000000
-0.7134399414
-0.1019134521
0.0000000000
-0.1019134521
-0.1019134521
-0.2038421631
0.2038421631
0.9427185059
-0.0883789062
-0.0294647217
0.0000000000
-0.1767578125
0.0000000000
0.0294647217
-0.2062225342
0.0000000000
0.0000000000
-0.1178436279
0.0000000000
0.1178436279
0.1178436279
-0.2357025146
-0.1178436279
0.0000000000
0.0000000000
-0.1199951172
-0.1199951172
-0.1199951172
-0.1199951172
0.1199951172
0.2400054932
-0.1164550781
0.8733673096
0.1746673584
-0.1746673584
0.1746673584
-0.0582275391
0.1164550781
-0.0582275391
0.0297241211
-0.0594329834
-0.2971954346
0.4457855225
0.1485900879
-0.3566284180
0.1485900879
-0.7132568359
-0.5634307861
0.4382324219
0.3130187988
0.0000000000
0.3130187988
0.2504119873
0.3130187988
-0.0626068115
-0.2586059570
0.1293029785
0.0646514893
0.2586059570
-0.2586059570
-0.5818634033
0.3879089355
-0.3879089355
-0.3340911865
-0.3340911865
-0.0835266113
0.0000000000
0.4176177979
-0.5846557617
0.0835266113
0.0835266113
0.2498626709
0.0000000000
-0.2498626709
-0.1249389648
0.1249389648
0.1249389648
0.0000000000
-0.2498626709
0.8673095703
-0.0394287109
-0.0788421631
0.0394287109
-0.2365417480
0.0788421631
-0.3548126221
0.0000000000
0.0573730469
-0.2008056641
0.8892669678
0.2868652344
-0.1147460938
-0.2008056641
0.0000000000
-0.0573730469
-0.3424682617
0.5707855225
-0.1141510010
-0.1141510010
0.1141510010
0.0000000000
0.0000000000
0.1141510010
-0.1146392822
0.0327606201
0.0491333008
0.0000000000
-0.0491333008
-0.0655059814
-0.9826660156
-0.0491333008
0.0000000000
-0.3553924561
0.4738464355
0.0000000000
0.0000000000
0.2369232178
-0.1184692383
-0.1184692383
-0.0797119141
0.9566192627
0.1195831299
0.0000000000
-0.0797119141
0.0797119141
0.0000000000
0.0000000000
0.1243286133
0.0000000000
-0.1243286133
0.0000000000
0.1243286133
0.0000000000
-0.1243286133
-0.3729858398
0.1004791260
-0.4018859863
-0.2009429932
-0.2009429932
0.0000000000
-0.5023651123
-0.3014221191
0.2009429932
0.1631927490
-0.2447814941
-0.1631927490
-0.2447814941
-0.2447814941
-0.3263702393
0.6527404785
-0.0815887451
-0.1566619873
-0.3133239746
-0.2349853516
0.0000000000
0.2349853516
-0.0783233643
0.7049713135
0.2349853516
0.1249389648
-0.1249389648
-0.2498779297
-0.1249389648
-0.1249389648
0.0000000000
0.0000000000
0.3748321533
0.6845703125
0.0760650635
0.0000000000
-0.3042602539
-0.1521301270
0.0760650635
-0.4563751221
0.0000000000
-0.0739746094
0.0000000000
0.8137664795
-0.1479644775
-0.1479644775
0.0739746094
0.2219390869
-0.2219390869
-0.1000061035
0.0000000000
0.0000000000
0.1000061035
0.1000061035
0.0000000000
-0.1000061035
0.0000000000
-0.1398620605
0.0699310303
0.1398620605
-0.8391418457
-0.2097930908
-0.1398620605
0.0699310303
-0.1398620605
-0.2019042969
0.2019042969
0.0000000000
-0.5047454834
-0.2019042969
-0.4037933350
0.3028411865
0.0000000000
-0.4735870361
0.3874816895
0.1722106934
0.3444213867
0.2152709961
-0.4305267334
0.2583160400
0.3444213867
0.0536193848
0.0000000000
0.8579254150
0.1072387695
0.1608581543
-0.2680969238
0.2144775391
-0.1072387695
-0.3883666992
-0.0554809570
0.0554809570
0.7767333984
0.1664428711
0.0000000000
0.0000000000
-0.3328857422
0.1076965332
-0.1076965332
-0.3230743408
0.4307708740
0.2153778076
0.3230743408
-0.3230743408
0.0000000000
0.2810974121
0.8432922363
-0.1405487061
-0.0937042236
0.0468444824
0.1405487061
0.2810974121
0.0937042236
0.5502624512
0.3185729980
0.2896118164
-0.0579223633
0.0000000000
0.6661224365
-0.1737670898
-0.0868835449
-0.0425872803
-0.8942260742
0.0000000000
0.0000000000
0.0425872803
-0.2554931641
-0.0851593018
0.2554931641
-0.3705902100
-0.2117614746
0.2117614746
-0.0529479980
-0.6352996826
0.1588287354
0.2647094727
-0.4235229492
-0.0911560059
0.0911560059
0.0000000000
0.0000000000
0.0000000000
0.0000000000
-0.0911560059
0.0000000000
-0.1243286133
-0.1243286133
0.0000000000
-0.1243286133
-0.2486572266
-0.2486572266
0.1243286133
0.1243286133
-0.1467742920
0.8072509766
0.1467742920
-0.1467742920
0.2201538086
0.0000000000
0.2201538086
-0.0733795166
0.0310211182
0.0000000000
-0.2481536865
0.5583496094
0.2171325684
-0.2481536865
0.2481536865
-0.6514129639
-0.3970947266
0.3970947266
0.4632720947
-0.1985473633
0.0000000000
0.3309020996
0.3970947266
-0.1323699951
-0.2486572266
0.0000000000
0.0000000000
-0.2486572266
-0.2486572266
0.0000000000
0.0000000000
-0.1243286133
-0.2219390869
-0.4438781738
0.0739746094
-0.0739746094
0.5918273926
-0.4438781738
0.0739746094
-0.0739746094
0.2564849854
-0.1282348633
0.5129699707
-0.1282348633
-0.3847198486
0.1282348633
0.0641174316
-0.5770874023
0.8394927979
0.0349731445
-0.2098693848
0.0699615479
-0.2798309326
0.0699615479
-0.3497924805
0.0000000000
0.1660308838
-0.0830078125
0.8301239014
0.1245117188
-0.2075347900
-0.3735504150
-0.0830078125
-0.1245117188
-0.3674163818
0.3674163818
0.0000000000
0.1224670410
0.2449493408
0.0000000000
0.1224670410
0.0000000000
-0.1558074951
0.1416473389
0.1133117676
0.0424957275
-0.0424957275
0.0000000000
-0.9631958008
-0.0708160400
-0.1044464111
-0.2089080811
-0.6267242432
-0.2089080811
-0.1044464111
0.2089080811
-0.2089080811
-0.1044464111
-0.1159973145
0.3480072021
0.2320098877
0.0000000000
-0.3480072021
-0.2320098877
-0.2320098877
0.2320098877
0.1113433838
0.0000000000
0.0000000000
0.0000000000
0.1113433838
0.0000000000
0.0000000000
-0.2226867676
0.1082458496
-0.4330139160
-0.1082458496
-0.3247528076
0.0000000000
-0.4330139160
-0.1082458496
0.2165069580
0.0000000000
-0.2176361084
0.0000000000
-0.3264617920
-0.2176361084
-0.2176361084
0.5440979004
-0.1088256836
-0.1339569092
-0.2679138184
0.2679138184
-0.2232666016
0.3125610352
0.3125610352
0.7144317627
0.1339569092
0.1199951172
-0.1199951172
0.1199951172
0.0000000000
-0.2400054932
0.0000000000
0.1199951172
0.1199951172
0.1249389648
0.0000000000
0.1249389648
0.0000000000
-0.1249389648
-0.2498626709
-0.2498626709
-0.2498626709
0.0000000000
0.2068481445
0.3102722168
-0.3102722168
-0.1034240723
0.0000000000
0.5171051025
-0.3102722168
-0.1150360107
0.0000000000
0.0000000000
0.2300720215
0.1150360107
0.0000000000
0.1150360107
0.0000000000
0.0000000000
0.2943267822
0.1471710205
-0.8094024658
0.0735778809
-0.1471710205
-0.0735778809
-0.1471710205
-0.1238555908
-0.3715667725
-0.1238555908
-0.1238555908
-0.1238555908
-0.2477111816
0.2477111816
0.0000000000
-0.4712219238
0.4188690186
0.2094421387
0.3141479492
0.2617950439
-0.3665161133
0.2617950439
0.3141479492
-0.0912322998
0.0912322998
0.8667144775
0.1824645996
-0.0456237793
-0.0456237793
0.2280883789
-0.2736968994
-0.1407012939
0.1876068115
0.0469055176
0.6097106934
0.5628051758
0.2345123291
-0.1407012939
-0.3283081055
0.1019134521
0.0000000000
-0.4076843262
-0.1019134521
0.4076843262
0.4076843262
-0.3057556152
0.1019134521
0.3272247314
0.8414459229
-0.2337341309
-0.0467529297
-0.0934906006
0.0934906006
0.1402435303
0.1402435303
0.6075439453
0.2377319336
0.4226379395
0.0000000000
0.0264129639
0.5811309814
-0.0264129639
-0.1849060059
0.0000000000
-0.8880920410
-0.1315765381
-0.0986785889
0.0657806396
-0.2302398682
-0.1973571777
0.2302398682
-0.6807250977
-0.1361389160
0.1361389160
-0.2722930908
-0.4538116455
0.0000000000
0.2269134521
-0.3176727295
0.0000000000
0.0000000000
0.0000000000
0.0000000000
-0.0911560059
0.0911560059
-0.0911560059
0.0000000000
0.1178436279
0.1178436279
0.0000000000
-0.1178436279
0.0000000000
-0.2357025146
0.0000000000
-0.1178436279
-0.1895141602
0.6633148193
-0.1895141602
-0.0947570801
0.1895141602
0.0947570801
0.2842712402
-0.1895141602
0.0499114990
0.0249481201
-0.3493347168
0.7735137939
0.1746673584
-0.1746673584
0.1247558594
-0.4241790771
-0.1846008301
0.1230621338
0.3076629639
-0.2461395264
-0.4922637939
0.2461395264
0.5538024902
-0.2461395264
0.1147766113
-0.3443145752
0.1147766113
-0.2295379639
-0.1147766113
0.4590759277
0.1147766113
-0.2295379639
-0.0513916016
-0.5652313232
0.1541595459
-0.0513916016
0.6679992676
-0.3083038330
0.0000000000
-0.1541595459
0.3110198975
0.0000000000
0.4443206787
0.0000000000
-0.3554534912
0.0888671875
-0.0444335938
-0.7109069824
0.9445037842
-0.0304718018
-0.1523437500
0.0609283447
-0.0609283447
0.0000000000
-0.2132720947
0.0304718018
0.0843963623
0.0843963623
0.1687774658
-0.0843963623
-0.3375549316
-0.7595062256
-0.0843963623
0.0843963623
-0.4786834717
0.3590087891
0.1196746826
0.0000000000
0.1196746826
-0.1196746826
0.1196746826
0.0000000000
-0.1320648193
0.0880432129
0.1100463867
0.0880432129
0.0220031738
0.0220031738
-0.9684600830
-0.0220031738
-0.2264404297
-0.0905761719
-0.7698974609
0.0000000000
-0.1811523438
0.4075927734
-0.2717285156
-0.0905761719
-0.3388214111
0.4517517090
-0.2258758545
-0.1129455566
-0.1129455566
-0.1129455566
-0.2258758545
0.2258758545
0.0000000000
0.1064758301
-0.1064758301
0.0000000000
0.1064758301
0.0000000000
0.1064758301
-0.1064758301
0.0000000000
-0.3553924561
0.0000000000
-0.2369232178
0.0000000000
-0.3553924561
-0.3553924561
0.0000000000
-0.1840515137
-0.0920257568
-0.2760772705
-0.4601287842
-0.5521545410
0.0000000000
0.1840515137
-0.1840515137
-0.0780639648
-0.3122558594
0.4293365479
-0.3512878418
0.3512878418
0.3903198242
0.5074005127
0.0780639648
0.1178436279
0.0000000000
0.2357025146
0.1178436279
0.0000000000
-0.1178436279
0.0000000000
0.1178436279
0.0000000000
-0.3726806641
0.2484588623
0.0000000000
0.1242218018
-0.2484588623
0.1242218018
0.1242218018
-0.0916442871
0.0916442871
0.4582519531
-0.3666076660
-0.0916442871
0.0000000000
0.5499114990
-0.1833038330
0.0000000000
0.0000000000
0.1000061035
0.0000000000
-0.1000061035
0.1000061035
0.0000000000
0.1000061035
-0.0488739014
0.1466217041
0.0488739014
-0.9285888672
-0.1466217041
-0.0977478027
0.0000000000
0.0488739014
-0.0977325439
0.6840820312
0.0000000000
0.2931823730
0.2931823730
0.0000000000
0.0000000000
-0.0977325439
-0.5501708984
0.4813995361
0.1375427246
0.2750854492
0.2063140869
-0.2750854492
0.2750854492
0.1375427246
-0.1590728760
0.1590728760
0.7953948975
0.1590728760
0.0000000000
0.1590728760
0.1590728760
-0.1590728760
-0.0681304932
0.2044067383
0.0681304932
0.3406677246
0.6813507080
0.4088134766
-0.0681304932
-0.2044067383
0.0790557861
0.0790557861
-0.3952484131
0.2371520996
0.6323852539
0.2371520996
-0.3161926270
0.0790557861
0.2761840820
0.9074401855
-0.0789031982
0.1183624268
0.0000000000
0.1183624268
0.1183624268
0.0394592285
0.6145172119
0.0921783447
0.4301605225
0.0921783447
0.1843566895
0.5530548096
0.0614471436
-0.2150726318
-0.0720062256
-0.9361572266
-0.0720062256
-0.1440277100
0.0360107422
-0.1800231934
-0.1080169678
0.0720062256
-0.5899963379
-0.1475067139
0.0491638184
-0.3933410645
-0.3933410645
-0.1475067139
0.1475067139
-0.4425048828
0.0000000000
0.0000000000
0.0000000000
0.0000000000
-0.0911560059
0.0911560059
-0.0911560059
0.0000000000
0.1216278076
0.1216278076
0.1216278076
-0.1216278076
-0.1216278076
-0.2432556152
0.0000000000
-0.1216278076
-0.1840515137
0.6441650391
-0.1840515137
0.0920257568
0.0000000000
0.3681030273
0.2760772705
0.0000000000
0.0554656982
0.0277404785
-0.3050537109
0.8874511719
0.1663970947
-0.0831909180
0.0832061768
-0.2218627930
-0.1317901611
0.0000000000
0.3953704834
-0.1976928711
-0.5271606445
0.2635803223
0.5271606445
-0.1317901611
-0.1521301270
0.0000000000
0.3042602539
-0.1521301270
-0.5324401855
0.0760650635
0.3042602539
-0.5324401855
0.0613098145
-0.5517272949
0.1839141846
0.0613098145
0.6130218506
-0.0613098145
0.1226043701
-0.3678131104
0.3221893311
0.1073913574
0.3221893311
0.0000000000
-0.4295806885
0.1073913574
-0.0536956787
-0.6980590820
0.9507598877
0.0000000000
-0.0679168701
-0.0679168701
0.1697845459
-0.1358184814
0.0339508057
0.0339508057
-0.0894927979
0.1790008545
0.0000000000
0.0000000000
-0.3579864502
-0.6264953613
0.1790008545
0.3579864502
-0.3729858398
0.1243286133
0.0000000000
0.0000000000
0.1243286133
-0.1243286133
0.0000000000
0.1243286133
-0.0637207031
-0.0318603516
0.0955810547
0.1592864990
-0.0637207031
0.0955810547
-0.9557495117
0.0318603516
-0.1954498291
-0.0390930176
-0.7036285400
0.0000000000
-0.0781860352
0.5472717285
-0.2345428467
-0.2345428467
-0.1178436279
-0.1178436279
-0.2357025146
-0.1178436279
0.0000000000
0.0000000000
0.0000000000
0.1178436279
0.0000000000
0.1064758301
-0.1064758301
0.0000000000
0.1064758301
0.0000000000
0.1064758301
-0.1064758301
-0.1216278076
0.0000000000
0.1216278076
-0.1216278076
-0.1216278076
-0.1216278076
-0.2432556152
-0.1216278076
0.0000000000
0.3847351074
-0.3077850342
-0.3077850342
-0.6155700684
0.0769500732
-0.2308349609
-0.1539001465
-0.0463409424
-0.3244171143
0.4170989990
-0.2780609131
0.4634399414
0.4170989990
0.4170989990
-0.0926818848
0.0000000000
0.0000000000
0.0000000000
0.1000061035
0.0000000000
-0.1000061035
-0.1000061035
0.1000061035
0.0000000000
-0.4517517090
0.3388214111
-0.1129455566
0.0000000000
-0.3388214111
-0.1129455566
0.2258758545
-0.1863403320
-0.1863403320
0.6521911621
-0.2795104980
0.0931701660
0.0000000000
0.2795104980
-0.1863403320
0.0000000000
0.0000000000
0.0911560059
0.0000000000
0.0000000000
0.0911560059
0.0000000000
0.0911560059
0.0000000000
0.0452880859
0.0000000000
-0.9510498047
-0.1358642578
0.0000000000
0.0000000000
0.0905761719
-0.0726165771
0.7261657715
0.1452331543
0.3630828857
0.2904663086
0.2178497314
0.0000000000
0.0726165771
-0.4976654053
0.3981323242
0.0000000000
0.2985992432
0.0995330811
-0.0995330811
0.2985992432
0.1990661621
-0.1060485840
0.1060485840
0.5302276611
0.0000000000
0.0000000000
0.0000000000
0.0000000000
0.5302276611
0.2068481445
0.1034240723
-0.1034240723
-0.1034240723
0.5171051025
0.5171051025
0.0000000000
0.0000000000
0.0000000000
0.1344299316
-0.4704895020
0.4032745361
0.5377044678
0.2016296387
-0.3360595703
0.0672149658
0.2844848633
0.8534545898
-0.0406341553
0.2844848633
-0.0812835693
0.1625671387
0.1219177246
0.0812835693
0.5497894287
-0.1832580566
0.3298797607
0.1832580566
0.4398345947
0.4398345947
0.0733032227
-0.2932281494
-0.1463775635
-0.8782958984
0.0000000000
0.0000000000
0.0000000000
-0.1463775635
0.0000000000
0.0731964111
-0.3481750488
-0.1740875244
0.0580291748
-0.3481750488
-0.4642333984
-0.1740875244
0.1740875244
-0.5802917480
0.0000000000
0.0911560059
0.0000000000
0.0911560059
0.0000000000
0.0000000000
0.0000000000
-0.0911560059
0.0000000000
0.1000061035
0.0000000000
0.1000061035
0.0000000000
0.0000000000
-0.1000061035
-0.1000061035
0.0000000000
0.6905059814
-0.1534423828
0.1534423828
-0.0767211914
0.4603424072
0.2301635742
-0.0767211914
0.0615997314
0.0307922363
-0.3079833984
0.9239501953
0.1231994629
0.0307922363
0.0000000000
0.0000000000
0.0000000000
-0.1072387695
0.3753356934
-0.2144775391
-0.6434478760
0.3753356934
0.3753356934
-0.1072387695
-0.1365814209
0.0682983398
0.0682983398
-0.1365814209
-0.3414611816
-0.7512207031
0.2048797607
-0.2731628418
0.1789550781
-0.5368652344
0.3579101562
0.0000000000
0.5368652344
0.3579101562
0.0596466064
-0.1193084717
0.2514038086
0.0628509521
0.1257019043
-0.0628509521
-0.4399414062
0.1257019043
-0.0628509521
-0.7541961670
0.3523864746
0.0000000000
0.1761932373
-0.3171386719
0.3523864746
-0.3171386719
0.6695251465
0.1761932373
-0.1676177979
0.0838165283
-0.1676177979
0.0838165283
0.0000000000
-0.5866546631
0.0000000000
0.5866699219
-0.2129516602
0.0000000000
0.0000000000
0.0000000000
0.0000000000
-0.1064758301
0.0000000000
0.0000000000
0.0362701416
-0.1087951660
0.1450653076
0.1087951660
-0.0725250244
0.0725250244
-0.9429016113
0.1087951660
-0.0672149658
0.1008300781
-0.7393951416
-0.1344299316
-0.0672149658
0.5377502441
-0.1344299316
-0.2688751221
-0.0776367188
-0.8539276123
0.1552581787
-0.0776367188
0.0000000000
-0.0776367188
0.0000000000
0.1552581787
0.0000000000
0.0000000000
0.0000000000
0.0000000000
0.0000000000
0.0000000000
0.0785675049
-0.0785675049
-0.2449493408
-0.1224670410
0.0000000000
-0.3674163818
0.1224670410
-0.2449493408
-0.2449493408
-0.1224670410
0.2166137695
0.5570220947
0.2166137695
0.3094482422
-0.1237792969
0.5260772705
-0.3403930664
0.2475585938
0.0489959717
-0.3429260254
0.5388946533
-0.1959533691
0.4409027100
0.3919219971
0.2939453125
-0.1959533691
-0.1000061035
0.0000000000
0.1000061035
0.1000061035
0.1000061035
0.0000000000
0.0000000000
0.0000000000
-0.4517517090
-0.3388214111
0.3388214111
0.1129455566
0.0000000000
-0.1129455566
-0.2258758545
0.0000000000
-0.3181304932
-0.2120971680
0.2120971680
-0.4241790771
0.0000000000
0.3181304932
0.1060485840
-0.3181304932
0.0000000000
0.0785675049
0.0785675049
0.0000000000
0.0000000000
0.0000000000
0.0000000000
0.0000000000
0.0403137207
-0.0403137207
0.0403137207
-0.9674224854
-0.0403137207
-0.0403137207
0.0403137207
0.0403137207
-0.0571746826
0.8004150391
0.0000000000
0.4002075195
0.2858581543
0.0571746826
-0.0571746826
0.0000000000
-0.2459411621
0.2459411621
0.1229705811
0.2459411621
0.0000000000
0.1229705811
0.3689117432
0.0000000000
0.0700988770
-0.2102966309
-0.4205932617
-0.1401977539
0.0000000000
0.2803955078
-0.1401977539
0.7009887695
0.2344665527
0.1172332764
0.0000000000
-0.1172332764
0.3517150879
0.4689483643
0.1172332764
0.1172332764
-0.0496520996
-0.0993041992
-0.0993041992
0.9433135986
-0.0496520996
0.0496520996
0.0496520996
0.0000000000
0.2145690918
0.8889465332
0.0919647217
0.2758789062
0.0306549072
0.2145690918
0.0306549072
-0.0306549072
0.3101043701
-0.5316162109
0.0000000000
0.1329040527
0.6645202637
0.2215118408
-0.1329040527
-0.1772003174
-0.1093902588
-0.6563568115
-0.2187805176
0.0000000000
0.0000000000
-0.2187805176
0.0000000000
0.1093902588
0.4015197754
-0.2294311523
0.0000000000
-0.2867889404
-0.4588775635
-0.2294311523
0.0573577881
-0.5735931396
0.0000000000
0.0000000000
0.0911560059
0.0911560059
0.0000000000
0.0000000000
0.0000000000
-0.0911560059
0.0000000000
0.2226867676
-0.1113433838
0.0000000000
0.0000000000
0.0000000000
0.1113433838
0.0000000000
0.3214111328
0.3214111328
-0.1071319580
0.1071319580
-0.1071319580
0.5356903076
0.2142791748
0.0000000000
0.0000000000
0.1050109863
-0.3675231934
0.6825408936
0.1050109863
0.4200134277
-0.1050109863
0.3150177002
0.1275177002
-0.0425109863
0.3825531006
-0.2550354004
-0.7225952148
0.4250488281
0.0425109863
-0.0850067139
-0.0955963135
0.0478057861
-0.0478057861
0.0000000000
0.0478057861
-0.9082336426
0.2868041992
-0.0478057861
0.3261718750
-0.2329711914
0.6989288330
0.0931854248
0.1397857666
0.4659423828
0.0000000000
0.1863861084
0.1099700928
0.2199401855
0.1099700928
-0.2199401855
-0.3299102783
0.0000000000
-0.1099700928
-0.5498504639
-0.3372039795
0.0000000000
0.2622680664
-0.3746643066
0.2247924805
-0.3372039795
0.6743927002
0.1123962402
-0.1332397461
0.5329437256
-0.2664642334
0.0000000000
-0.1998443604
-0.4663238525
-0.0666198730
0.4663238525
0.0000000000
0.0000000000
0.0000000000
-0.1000061035
-0.1000061035
-0.1000061035
0.0000000000
-0.1000061035
0.0474853516
-0.1424407959
0.2373962402
0.0474853516
0.0949554443
-0.0474853516
-0.9020843506
0.1424407959
0.0390014648
0.1170043945
-0.7020263672
-0.3510131836
-0.0780029297
0.4290161133
-0.0780029297
-0.3510131836
0.0000000000
-0.5738525391
0.2295379639
-0.1147766113
0.2295379639
-0.1147766113
0.1147766113
0.1147766113
0.0000000000
0.1000061035
0.0000000000
0.0000000000
-0.1000061035
0.0000000000
0.1000061035
-0.1000061035
-0.0920257568
0.3681030273
0.0000000000
0.0000000000
0.0920257568
0.4601287842
-0.5521545410
0.1840515137
0.3112792969
0.3320312500
0.1867675781
0.4150390625
0.0415039062
0.6225585938
-0.3735351562
0.2075195312
0.0616455078
-0.3699035645
0.4315490723
-0.0616455078
0.3699035645
0.5548400879
0.0616455078
-0.3082427979
0.0000000000
0.1064758301
0.1064758301
0.1064758301
0.0000000000
0.1064758301
0.0000000000
0.1064758301
-0.4176177979
-0.3340911865
0.0835266113
0.4176177979
-0.3340911865
0.0835266113
-0.2505645752
0.3340911865
-0.2416839600
-0.3625183105
0.1208343506
-0.2416839600
0.0000000000
0.2416839600
-0.1208343506
-0.2416839600
0.0000000000
0.0000000000
0.0588226318
0.0000000000
0.0000000000
0.0000000000
0.0000000000
0.0000000000
0.0806121826
-0.0806121826
-0.1074676514
-0.9672698975
-0.0268707275
-0.0806121826
0.0806121826
0.0537414551
0.0000000000
0.4307098389
-0.2392883301
0.7178497314
0.3828582764
-0.0957183838
-0.0957183838
-0.0478515625
0.0000000000
0.0000000000
0.0000000000
0.1064758301
0.1064758301
0.1064758301
0.1064758301
-0.1064758301
0.1776275635
-0.0888061523
-0.4440612793
-0.1776275635
0.1776275635
0.0888061523
-0.1776275635
0.6216888428
0.0000000000
0.1202545166
0.1202545166
0.1202545166
0.2405242920
0.4810485840
0.1202545166
0.2405242920
0.0341339111
-0.0682678223
0.1365356445
0.9557342529
-0.1365356445
0.0000000000
-0.0341339111
0.0682678223
0.1694946289
0.8756866455
0.0847473145
0.3107299805
0.0565032959
0.2259826660
0.0282440186
-0.1412353516
0.0000000000
-0.5712738037
-0.1904296875
0.1269531250
0.6347503662
-0.1269531250
-0.2539062500
-0.0634765625
-0.1172332764
0.3517150879
-0.3517150879
0.0000000000
0.0000000000
-0.1172332764
-0.3517150879
0.2344665527
0.9509429932
0.0000000000
-0.0316925049
0.0000000000
-0.1584930420
0.0316925049
0.0000000000
-0.1901855469
0.0000000000
-0.1000061035
0.0000000000
0.0000000000
-0.1000061035
0.1000061035
-0.1000061035
0.0000000000
0.0000000000
-0.1199951172
0.0000000000
-0.1199951172
-0.1199951172
-0.2400054932
0.1199951172
0.1199951172
0.0749969482
0.7500000000
0.3000030518
-0.1499938965
0.2250061035
-0.1499938965
0.2250061035
-0.0749969482
0.0480804443
-0.1923065186
0.0961608887
0.0480804443
0.0961608887
-0.4326934814
0.0961608887
-0.8173065186
-0.4470214844
0.3831634521
0.3193054199
0.0000000000
0.5747528076
0.2554473877
0.0638580322
-0.1277160645
-0.2270965576
0.0000000000
-0.1135406494
0.1135406494
-0.2270965576
-0.4541778564
0.2270965576
-0.3406372070
-0.1825714111
0.0000000000
0.0912780762
-0.0912780762
0.6389770508
-0.4564056396
0.0912780762
0.1825714111
-0.1082458496
-0.2165069580
0.5412597656
-0.3247528076
-0.2165069580
0.1082458496
0.0000000000
-0.2165069580
0.7136383057
0.0792999268
-0.3171691895
0.0792999268
-0.2378845215
-0.0792999268
-0.3171691895
0.0000000000
0.1938781738
-0.1454162598
0.8239898682
0.0969390869
-0.1938781738
-0.3392944336
0.0484771729
-0.1454162598
-0.1228332520
0.3685150146
-0.1228332520
0.0000000000
0.0000000000
0.0000000000
0.0000000000
0.0000000000
-0.1612243652
0.0806121826
0.0806121826
0.0201568604
-0.0604553223
-0.0403137207
-0.9673614502
-0.0806121826
-0.1228332520
-0.2456817627
0.2456817627
0.0000000000
0.1228332520
-0.1228332520
0.0000000000
0.0000000000
0.0898437500
0.5390777588
0.5390777588
0.1796875000
-0.2695465088
0.0898437500
-0.0898437500
0.0898437500
0.1228332520
0.0000000000
0.0000000000
0.1228332520
0.0000000000
0.0000000000
0.0000000000
-0.3685150146
0.1224670410
-0.1224670410
-0.1224670410
-0.1224670410
0.1224670410
-0.3674163818
-0.1224670410
0.3674163818
-0.0681304932
-0.2725372314
-0.3406677246
-0.2725372314
-0.2725372314
-0.1362762451
0.6813507080
-0.1362762451
-0.0916442871
-0.1833038330
0.0000000000
-0.1833038330
0.0916442871
0.0916442871
0.7332153320
0.2749481201
0.0000000000
0.0000000000
-0.2357025146
-0.1178436279
0.0000000000
-0.1178436279
0.1178436279
0.1178436279
0.1238555908
0.0000000000
-0.1238555908
-0.1238555908
-0.3715667725
0.2477111816
-0.2477111816
-0.1238555908
-0.0838012695
0.0000000000
0.4190521240
-0.3352355957
-0.0838012695
0.3352355957
0.5866699219
0.0000000000
-0.1000061035
-0.1000061035
0.0000000000
0.1000061035
0.0000000000
0.0000000000
-0.1000061035
0.0000000000
0.0000000000
0.0995330811
0.0995330811
-0.6967315674
0.0000000000
-0.0995330811
0.2985992432
-0.1990661621
-0.1863403320
-0.4658508301
0.1863403320
-0.5590209961
-0.2795104980
-0.0931701660
0.0931701660
0.0000000000
-0.5104064941
0.3969879150
0.1701354980
0.3402709961
0.1701354980
-0.3969879150
0.1701354980
0.3402709961
0.0000000000
0.0959930420
0.6719970703
0.2879943848
0.0959930420
0.0000000000
0.1920013428
-0.2879943848
-0.4570770264
-0.1015777588
0.1523590088
0.6602172852
0.3554992676
0.1523590088
0.1523590088
-0.2539215088
0.3117980957
0.0000000000
-0.2078704834
-0.1039276123
0.1039276123
0.0000000000
-0.5196685791
0.4157409668
0.3375549316
0.6751251221
-0.1687774658
0.0000000000
-0.0843963623
0.0843963623
0.1687774658
0.3375549316
0.5363311768
0.2681579590
0.3447875977
0.0000000000
0.1149291992
0.6512451172
0.1149291992
-0.1532287598
-0.0495910645
-0.8925781250
0.0000000000
-0.0991821289
0.0000000000
-0.2479400635
-0.0991821289
0.1983489990
-0.5112304688
-0.1704101562
0.1704101562
-0.1704101562
-0.5680236816
0.1136016846
0.2272186279
-0.3976287842
0.0000000000
0.0000000000
0.0000000000
-0.0785675049
-0.0785675049
0.0000000000
0.0000000000
0.0000000000
-0.1243286133
-0.1243286133
0.1243286133
-0.1243286133
-0.2486572266
-0.2486572266
0.1243286133
0.0000000000
-0.0871582031
0.7844238281
0.0871582031
-0.0871582031
0.1743164062
-0.1743164062
0.1743164062
-0.0871582031
0.1445617676
-0.0963745117
0.0481872559
0.3373107910
0.2891235352
-0.3373107910
0.2409362793
-0.7228240967
-0.2447509766
0.3671264648
0.4895019531
-0.2447509766
0.0611877441
0.4283142090
0.3671264648
-0.2447509766
0.0000000000
-0.2705993652
-0.0901947021
-0.4510040283
0.0901947021
0.5411987305
-0.3607940674
0.0000000000
-0.1317901611
-0.3294830322
0.2635803223
-0.0659027100
0.7248535156
-0.3294830322
0.1317901611
0.0659027100
0.0553894043
-0.1107940674
0.6647491455
-0.2215881348
-0.4431610107
0.0000000000
0.0000000000
-0.4431610107
0.7847747803
0.2452392578
-0.2942962646
0.0490417480
-0.2942962646
0.0000000000
-0.2452392578
-0.0980987549
0.1516876221
-0.0758514404
0.4550781250
-0.0758514404
-0.3033905029
-0.6826171875
0.0758514404
0.0000000000
0.0000000000
0.2129516602
0.0000000000
0.1064758301
0.0000000000
0.0000000000
0.0000000000
0.0000000000
-0.1585083008
0.1585083008
0.1387023926
0.0396270752
-0.0396270752
0.0198211670
-0.9510803223
-0.0990753174
-0.3299102783
-0.2199401855
-0.5498504639
0.0000000000
0.1099700928
0.1099700928
-0.2199401855
0.1099700928
0.0773925781
-0.6192016602
0.2321929932
0.2321929932
-0.2321929932
-0.1548004150
-0.4644012451
0.0773925781
0.0000000000
0.0000000000
0.0000000000
0.0000000000
0.0000000000
0.0000000000
0.0785675049
-0.0785675049
0.0000000000
-0.1178436279
0.0000000000
-0.1178436279
-0.1178436279
-0.2357025146
-0.3535461426
0.4714050293
-0.0905609131
0.0000000000
0.0000000000
-0.5433349609
-0.2716674805
0.1811065674
0.5433349609
0.0905609131
-0.0870819092
-0.3047790527
0.2612304688
-0.3047790527
0.2612304688
0.4789276123
0.6095428467
0.0870819092
0.1237182617
0.0000000000
0.2474365234
0.0000000000
-0.1237182617
-0.1237182617
0.1237182617
-0.2474365234
-0.2307739258
0.0000000000
-0.1153869629
-0.1153869629
-0.5769195557
0.0000000000
0.1153869629
-0.2307739258
-0.1616058350
0.0808105469
0.2424163818
-0.4848327637
0.0000000000
0.1616058350
0.6464385986
-0.0808105469
0.0000000000
0.0000000000
0.1000061035
0.1000061035
0.1000061035
-0.1000061035
0.0000000000
0.0000000000
0.2455902100
0.4093017578
0.0000000000
-0.6548919678
0.1637268066
0.0000000000
0.2455902100
-0.1637268066
-0.1184692383
-0.2369232178
0.2369232178
-0.2369232178
0.2369232178
0.1184692383
-0.3553924561
-0.2369232178
-0.5438232422
0.4078674316
0.0679779053
0.2719116211
0.2719116211
-0.3398895264
0.2039337158
0.2719116211
-0.0795440674
0.0000000000
0.6363220215
0.2386169434
-0.0795440674
0.1590728760
0.2386169434
-0.4772338867
-0.2085876465
0.1042938232
0.1042938232
0.5214538574
0.6778869629
0.2085876465
-0.0521392822
-0.2607269287
0.3448333740
-0.0862121582
-0.2586212158
-0.2586212158
0.1724090576
0.0000000000
-0.5172424316
0.4310302734
0.2082824707
0.8331146240
-0.1388549805
0.1388549805
-0.1388549805
0.0694274902
-0.1388549805
0.1388549805
0.6094512939
0.1354370117
0.3724365234
0.0677185059
0.1692962646
0.5755920410
0.1692962646
-0.2031555176
0.0000000000
-0.8496856689
-0.2317352295
-0.1544799805
0.0386199951
-0.2703552246
-0.1544799805
0.2317352295
-0.6809844971
-0.1459197998
0.0972900391
-0.3404846191
-0.3891296387
0.0000000000
0.0972900391
-0.3891296387
0.0000000000
0.0000000000
0.0000000000
-0.0785675049
-0.0785675049
0.0000000000
0.0000000000
0.0000000000
0.0000000000
0.0000000000
0.0911560059
0.0000000000
-0.0911560059
-0.0911560059
0.0000000000
0.0000000000
-0.3480072021
0.3480072021
-0.3480072021
0.1159973145
0.1159973145
-0.2320098877
0.1159973145
-0.1159973145
0.1436462402
0.0718231201
-0.2154846191
0.7541809082
0.2513885498
-0.2513885498
0.0718231201
-0.4309539795
0.0856323242
0.0856323242
0.2568969727
-0.3853454590
-0.2997131348
0.4709777832
0.5566101074
-0.2997131348
0.0785675049
-0.3928375244
0.0785675049
-0.3142700195
-0.0785675049
0.6285400391
-0.3142700195
-0.1571350098
-0.0556488037
-0.5008697510
0.4452056885
-0.1669616699
0.6121673584
-0.1669616699
0.1112976074
-0.0556488037
0.0544891357
-0.0544891357
0.5448608398
-0.1089782715
-0.3814086914
-0.1089782715
-0.0544891357
-0.6538391113
0.9331970215
0.1217193604
-0.2028656006
0.0000000000
-0.0405731201
-0.0405731201
-0.1217193604
-0.0405731201
-0.1923675537
0.1282348633
-0.5129699707
-0.1282348633
-0.2564849854
-0.5770874023
0.2564849854
0.2564849854
0.0000000000
0.1113433838
0.1113433838
0.0000000000
-0.2226867676
0.0000000000
0.0000000000
0.0000000000
-0.1110076904
0.0370025635
0.1110076904
0.1850128174
0.1110076904
0.1480102539
-0.9250640869
-0.0740051270
-0.1679992676
-0.1679992676
-0.6159820557
0.1679992676
-0.1679992676
0.4479827881
-0.4479827881
-0.0559997559
-0.1004791260
-0.4018859863
0.1004791260
0.0000000000
-0.1004791260
-0.2009429932
-0.6028289795
0.2009429932
0.0000000000
0.0911560059
0.0000000000
0.0911560059
0.0000000000
0.0000000000
0.0000000000
-0.0911560059
0.0000000000
-0.1093902588
-0.1093902588
-0.1093902588
0.0000000000
-0.3281707764
-0.5469665527
0.3281707764
0.0000000000
0.0704498291
-0.3522186279
-0.4931030273
-0.5635375977
0.3522186279
0.0000000000
-0.1408843994
-0.0370483398
-0.3334808350
0.4446411133
-0.3334808350
0.2593688965
0.5187377930
0.4446411133
0.0000000000
0.1199951172
-0.1199951172
0.1199951172
0.0000000000
0.2400054932
0.0000000000
0.1199951172
-0.1199951172
0.0000000000
0.0000000000
0.0927886963
-0.6494903564
-0.4639129639
-0.0927886963
0.0927886963
0.1855621338
-0.3411407471
-0.0852813721
0.4264221191
-0.3411407471
-0.1705627441
0.1705627441
0.5117034912
-0.0852813721
0.0000000000
0.0000000000
0.1000061035
0.0000000000
-0.1000061035
0.1000061035
0.0000000000
0.1000061035
0.0000000000
0.3944702148
0.0986175537
-0.6903381348
0.0000000000
0.0000000000
0.0000000000
0.0986175537
0.0800323486
0.5602722168
0.0800323486
0.0800323486
0.4802398682
0.3201599121
-0.2401123047
-0.2401123047
-0.5288391113
0.4407043457
0.0881347656
0.2644195557
0.1762847900
-0.2644195557
0.2644195557
0.0881347656
0.0000000000
0.1237182617
0.0000000000
0.0000000000
-0.1237182617
0.3711547852
0.1237182617
0.0000000000
-0.0986175537
0.0000000000
0.0000000000
0.2958526611
0.5917053223
0.3944702148
-0.0986175537
-0.1972351074
0.2744445801
0.0000000000
-0.4116668701
-0.0686035156
0.4116668701
-0.0686035156
-0.5488891602
0.3430480957
0.1783294678
0.8321838379
0.0000000000
0.3566436768
0.0000000000
0.1188812256
-0.1188812256
-0.0594482422
0.6141967773
-0.1637878418
0.1637878418
0.2047271729
0.4094543457
0.4504089355
0.2047271729
-0.2456817627
-0.1235351562
-0.8029632568
-0.2470703125
-0.1853027344
0.0617675781
-0.3088378906
-0.0617675781
0.1235351562
-0.5161437988
-0.0645141602
0.0645141602
-0.3871002197
-0.3871002197
-0.0645141602
0.1290283203
-0.5161437988
0.0000000000
0.0000000000
0.0000000000
0.0000000000
0.0000000000
0.0000000000
0.0000000000
-0.0588226318
0.0000000000
0.1000061035
0.0000000000
0.0000000000
-0.1000061035
-0.1000061035
0.0000000000
-0.1000061035
-0.3726806641
-0.1242218018
-0.2484588623
0.1242218018
0.0000000000
0.0000000000
0.2484588623
-0.1242218018
0.1008300781
0.1008300781
-0.2352600098
0.9074401855
0.1680450439
-0.1344299316
0.0000000000
-0.1344299316
0.1224212646
-0.0408020020
0.3264770508
-0.3672790527
-0.3264770508
0.4897155762
0.5305175781
-0.2448577881
-0.0843963623
-0.0843963623
0.2531738281
-0.3375549316
-0.5907287598
-0.0843963623
-0.1687774658
-0.4219512939
0.0000000000
-0.4895019531
0.6118774414
-0.1223754883
0.4283142090
0.1835632324
0.1223754883
-0.1223754883
0.1398620605
0.0000000000
0.2797088623
-0.0699310303
-0.4895019531
0.0000000000
0.0699310303
-0.6992950439
0.8388214111
0.0838775635
-0.0419464111
-0.1677703857
0.1677703857
-0.2935943604
0.2935943604
0.0419464111
-0.2091522217
0.2091522217
-0.6274414062
-0.0522918701
-0.2614440918
-0.4705810547
0.2614440918
0.2614440918
-0.1199951172
-0.1199951172
0.0000000000
-0.1199951172
-0.2400054932
-0.1199951172
0.0000000000
-0.1199951172
0.0000000000
-0.1147613525
0.0765075684
0.2295227051
0.0382537842
0.1912689209
-0.9180755615
0.0000000000
0.0474853516
-0.1424407959
-0.6172180176
0.0949554443
-0.0474853516
0.5222625732
-0.4273071289
-0.2373962402
0.0000000000
-0.8159332275
0.0815887451
-0.0815887451
-0.0815887451
0.0000000000
-0.2447814941
0.1631927490
0.0000000000
0.0000000000
0.0000000000
0.0588226318
0.0000000000
0.0000000000
0.0000000000
0.0000000000
-0.1234283447
0.0000000000
0.0000000000
0.0000000000
0.0000000000
-0.2468566895
-0.4937286377
0.1234283447
-0.0607299805
0.4251556396
-0.3036804199
-0.1822052002
-0.6073760986
0.1214752197
-0.4251556396
-0.0607299805
-0.1128692627
-0.3386230469
0.4891357422
-0.2633819580
0.3762512207
0.4891357422
0.3386230469
-0.1504974365
0.0000000000
0.0000000000
0.0911560059
0.0000000000
0.0911560059
0.0000000000
0.0000000000
-0.0911560059
0.0846862793
-0.1693725586
0.1693725586
-0.7621765137
-0.2540588379
-0.0846862793
-0.0846862793
0.1693725586
-0.2576904297
-0.2576904297
0.6871643066
-0.1717987061
-0.0858917236
0.1717987061
0.2576904297
-0.0858917236
-0.1000061035
0.0000000000
0.1000061035
0.0000000000
-0.1000061035
0.1000061035
0.0000000000
0.0000000000
0.0000000000
0.3726806641
0.0000000000
-0.3726806641
-0.1242218018
0.0000000000
-0.1242218018
0.0000000000
0.0000000000
0.3908996582
0.1954498291
0.0000000000
0.4886322021
0.3908996582
-0.1954498291
-0.1954498291
-0.3689117432
0.2459411621
-0.1229705811
0.2459411621
0.1229705811
0.0000000000
0.2459411621
0.0000000000
0.1178436279
-0.1178436279
-0.1178436279
-0.1178436279
-0.1178436279
0.1178436279
-0.1178436279
0.5892486572
0.1219482422
-0.2438964844
-0.1219482422
-0.2438964844
0.2438964844
0.3658599854
-0.1219482422
-0.1219482422
0.1931610107
0.0000000000
-0.3863067627
0.5150756836
0.1931610107
-0.0643920898
-0.5150756836
0.3219299316
0.2202453613
0.7157745361
0.2202453613
0.4955444336
0.0550537109
0.1651763916
-0.0550537109
-0.1101226807
0.4205169678
-0.5046234131
-0.1261596680
0.2102661133
0.5887298584
0.2102661133
0.1261596680
-0.2102661133
-0.1064758301
-0.1064758301
-0.1064758301
-0.1064758301
0.0000000000
-0.1064758301
0.0000000000
0.0000000000
-0.1693725586
0.0000000000
0.1693725586
-0.1693725586
-0.5081176758
-0.1693725586
0.1693725586
-0.5928039551
0.0000000000
0.0000000000
0.0000000000
0.1000061035
0.0000000000
0.1000061035
0.1000061035
-0.1000061035
0.0000000000
0.0785675049
-0.0785675049
0.0000000000
0.0000000000
0.0000000000
0.0000000000
0.0000000000
0.1065826416
-0.6395263672
0.0000000000
0.1065826416
-0.1065826416
0.2131805420
0.2131805420
-0.2131805420
0.1333007812
0.1333007812
-0.3110198975
0.8442077637
0.2221527100
0.0444335938
-0.0888671875
0.1777343750
0.0906677246
-0.0906677246
0.3626708984
-0.3626708984
-0.4080047607
0.4986877441
0.4533538818
-0.1813354492
0.1889190674
0.0000000000
0.0000000000
-0.1889190674
-0.0629730225
-0.8816223145
0.0000000000
-0.1259460449
0.1069335938
-0.4812011719
0.5881347656
-0.0534667969
0.3208007812
0.4277343750
0.0534667969
0.1604003906
0.0986175537
0.0000000000
0.0000000000
-0.0986175537
-0.3944702148
0.0000000000
0.0000000000
-0.6903381348
0.0936889648
-0.0312347412
0.2498474121
-0.3435363770
0.2498474121
-0.4060058594
0.7183074951
0.1873779297
-0.1845855713
0.2307281494
-0.7383575439
0.0000000000
-0.0461425781
-0.4153289795
0.1384429932
0.3230285645
0.0000000000
-0.1199951172
0.0000000000
-0.1199951172
-0.2400054932
-0.1199951172
0.1199951172
-0.1199951172
0.0401458740
-0.2007293701
0.0802917480
0.1204376221
0.0000000000
0.0802917480
-0.9233856201
0.1605834961
0.1605834961
0.0401458740
-0.6824951172
-0.1204376221
-0.0802917480
0.5219116211
-0.2408752441
-0.3211822510
0.0476379395
-0.9051513672
0.2858276367
-0.0952758789
-0.0476379395
0.0000000000
-0.0476379395
0.0952758789
0.0000000000
0.0000000000
0.0911560059
0.0911560059
-0.0911560059
0.0000000000
0.0000000000
0.0000000000
-0.1247253418
0.1247253418
-0.1247253418
0.0000000000
0.1247253418
0.0000000000
-0.3741607666
0.1247253418
0.2150115967
0.4777984619
0.2150115967
0.3822326660
0.0000000000
0.5494689941
-0.4300231934
0.1672363281
-0.1242980957
-0.3729095459
0.5386505127
-0.1657409668
0.3729095459
0.4972229004
0.2071685791
-0.2071685791
0.0000000000
0.0000000000
0.1064758301
0.1064758301
0.1064758301
0.0000000000
0.1064758301
-0.1064758301
-0.4116668701
-0.2058258057
0.4116668701
-0.4116668701
0.1029205322
0.0000000000
-0.2058258057
0.1029205322
-0.4564056396
-0.2738494873
0.3651275635
-0.2738494873
-0.1825714111
0.2738494873
0.1825714111
-0.2738494873
0.0000000000
0.0000000000
0.0000000000
0.0000000000
-0.0588226318
0.0000000000
0.0000000000
0.0000000000
0.0000000000
-0.0968475342
0.0000000000
-0.7748107910
-0.1937103271
-0.0968475342
0.0000000000
0.0968475342
0.1437377930
0.7187042236
0.0000000000
0.3593444824
0.3593444824
0.1437377930
-0.0718688965
-0.0718688965
0.0000000000
0.1228332520
0.1228332520
0.2456817627
0.0000000000
0.1228332520
0.2456817627
0.0000000000
0.0676727295
-0.1353454590
-0.4736785889
-0.2030029297
0.0000000000
0.2706756592
-0.3383483887
0.6090240479
0.1228332520
-0.1228332520
0.0000000000
-0.2456817627
0.1228332520
0.2456817627
0.0000000000
0.0000000000
0.1535491943
-0.2047271729
0.0000000000
0.8701019287
-0.2559051514
-0.0511779785
0.0000000000
0.1535491943
0.2193298340
0.8042144775
0.2193298340
0.3655548096
0.1096649170
0.1827697754
-0.0365600586
-0.1827697754
0.0743103027
-0.7431030273
-0.3343963623
0.0000000000
0.5201721191
-0.0371551514
-0.0371551514
0.1114654541
-0.1190643311
-0.1190643311
-0.3572082520
-0.2381439209
0.2381439209
-0.3572082520
-0.1190643311
0.1190643311
0.6778869629
-0.0521392822
0.0521392822
-0.2607269287
-0.3650207520
-0.2607269287
0.0521392822
-0.4171600342
0.0000000000
0.0000000000
0.0911560059
0.0000000000
0.0000000000
0.0000000000
0.0911560059
-0.0911560059
0.0000000000
0.0000000000
-0.1000061035
0.0000000000
0.0000000000
-0.1000061035
0.1000061035
-0.1000061035
0.2068481445
-0.7239532471
-0.1034240723
-0.1034240723
0.0000000000
0.1034240723
0.1034240723
0.0000000000
0.0000000000
0.2156066895
-0.1437377930
0.2156066895
0.2156066895
0.5030822754
-0.2874755859
0.5749664307
0.1089782715
0.0000000000
0.5448608398
-0.3269195557
-0.4903717041
0.4903717041
0.0544891357
-0.0544891357
0.0558166504
0.0558166504
-0.1116485596
-0.1116485596
0.3349456787
-0.8373565674
0.2232971191
0.0558166504
0.2197875977
-0.2197875977
0.7472839355
0.1318664551
-0.0439605713
0.4395751953
0.0000000000
0.2637481689
-0.1113433838
-0.1113433838
0.0000000000
-0.1113433838
-0.1113433838
0.0000000000
0.1113433838
-0.1113433838
-0.3370208740
0.0000000000
0.2527618408
-0.3791351318
0.0842590332
-0.3791351318
0.6740264893
0.1263732910
-0.1504364014
0.6017303467
-0.3510131836
0.0501403809
-0.2005767822
-0.4011535645
0.0501403809
0.4512939453
0.0000000000
-0.1178436279
0.0000000000
-0.1178436279
-0.2357025146
-0.1178436279
0.0000000000
-0.1178436279
0.1254577637
-0.3763580322
0.1254577637
0.0000000000
0.2509002686
-0.0627288818
-0.7527160645
0.2509002686
0.2689819336
0.0896606445
-0.6276397705
-0.3586578369
-0.0896606445
0.4034881592
-0.1793212891
-0.3586578369
0.1928405762
-0.6749725342
0.0964202881
-0.0964202881
0.1928405762
-0.1928405762
0.0000000000
0.2892761230
-0.1064758301
0.0000000000
0.1064758301
0.1064758301
-0.1064758301
0.0000000000
0.1064758301
0.0000000000
-0.0704498291
0.4226531982
0.0704498291
0.2817687988
0.0000000000
0.4931030273
-0.4931030273
0.2817687988
0.3005981445
0.3220672607
0.1288299561
0.4079589844
0.0214691162
0.6226654053
-0.4508972168
0.1288299561
-0.0578308105
-0.4048461914
0.4048461914
-0.1156768799
0.2891693115
0.6361846924
-0.0578308105
-0.2313385010
0.0000000000
0.1064758301
0.1064758301
0.0000000000
0.1064758301
0.0000000000
0.1064758301
-0.1064758301
-0.5135345459
-0.3423614502
0.1711730957
0.4279479980
0.0000000000
0.1711730957
-0.0855865479
0.3423614502
-0.4953613281
-0.2972259521
0.2972259521
-0.0990753174
-0.2972259521
0.1981506348
0.0000000000
-0.2972259521
0.0000000000
-0.0785675049
0.0000000000
0.0000000000
-0.0785675049
0.0000000000
0.0000000000
0.0000000000
0.0927886963
-0.1855773926
-0.2319641113
-0.8814849854
-0.1391754150
-0.1391754150
0.0927886963
0.0927886963
0.0681304932
0.1362762451
-0.2725372314
0.7494812012
0.4088134766
0.0000000000
-0.1362762451
0.0000000000
0.1000061035
-0.1000061035
0.0000000000
0.0000000000
0.0000000000
0.1000061035
0.0000000000
-0.1000061035
0.0000000000
0.0000000000
-0.1076965332
-0.3230743408
0.1076965332
0.2153778076
-0.3230743408
0.5384674072
-0.1250000000
0.0000000000
0.0000000000
0.0000000000
0.1250000000
0.3750000000
-0.1250000000
0.2500000000
0.1585998535
-0.1585998535
0.3171997070
0.8458709717
-0.1585998535
0.0528717041
-0.1057281494
0.0528717041
0.1437377930
0.7906036377
0.1437377930
0.4312286377
0.1078033447
0.2156219482
0.0359344482
-0.2156219482
-0.1583862305
-0.6863250732
-0.2639617920
-0.0527954102
0.4751434326
-0.3167572021
-0.1055908203
0.0527954102
0.0000000000
0.6468200684
-0.3696136475
-0.1847991943
0.0000000000
0.0000000000
-0.2772064209
0.1847991943
0.9759216309
0.0278778076
0.0000000000
0.0278778076
-0.0836486816
0.0278778076
-0.0278778076
-0.1115264893
-0.0785675049
-0.0785675049
0.0000000000
0.0000000000
0.0000000000
0.0000000000
0.0000000000
0.0000000000
0.1178436279
-0.1178436279
0.0000000000
-0.1178436279
0.0000000000
-0.2357025146
0.0000000000
0.1178436279
0.0455627441
0.9113769531
0.2278442383
-0.1367034912
0.0455627441
-0.0911407471
0.1367034912
0.0000000000
-0.0577392578
-0.2309570312
0.3464355469
-0.1732177734
0.0000000000
-0.3464355469
0.0000000000
-0.7506103516
-0.3285217285
0.4106597900
0.4106597900
-0.0821380615
0.4927825928
0.2463989258
-0.0821380615
-0.0821380615
-0.2268981934
0.0756378174
-0.1512603760
0.0756378174
-0.5294342041
-0.6050567627
0.1512603760
-0.2268981934
0.0000000000
0.1782989502
0.1782989502
-0.2674560547
0.6240692139
-0.2674560547
0.0000000000
0.3566131592
-0.0927886963
-0.0927886963
0.5567016602
-0.2783508301
-0.3711395264
0.0927886963
0.0927886963
-0.3711395264
0.2332305908
0.2332305908
-0.4664764404
0.1166229248
-0.2332305908
-0.2332305908
0.0000000000
-0.1166229248
0.3027648926
-0.0504608154
0.7064666748
0.0504608154
-0.2018432617
-0.5046234131
0.0504608154
-0.1513824463
0.0785675049
0.0785675049
0.0000000000
0.0000000000
0.0000000000
0.0000000000
0.0000000000
0.0000000000
-0.1904907227
0.1269989014
0.0846710205
0.0211639404
-0.1058349609
0.0000000000
-0.9524688721
-0.0846710205
0.0000000000
-0.2456817627
0.0000000000
0.1228332520
0.2456817627
-0.1228332520
-0.1228332520
0.0000000000
0.0000000000
-0.2497100830
0.6659088135
0.0832366943
-0.4161987305
-0.0832366943
-0.2497100830
0.0832366943
0.0000000000
0.0000000000
0.0000000000
0.0000000000
0.1064758301
0.0000000000
0.0000000000
-0.2129516602
0.1219482422
-0.2438964844
-0.1219482422
-0.1219482422
0.1219482422
-0.3658599854
0.2438964844
0.2438964844
-0.0628509521
-0.3142395020
-0.4399414062
-0.2514038086
-0.2514038086
-0.2514038086
0.5656433105
-0.2514038086
-0.4001922607
0.0000000000
0.4802398682
-0.3201599121
0.0000000000
0.1600799561
0.4001922607
0.3201599121
0.0000000000
0.0000000000
0.1000061035
-0.1000061035
0.1000061035
0.0000000000
0.0000000000
-0.1000061035
-0.4352722168
-0.1088256836
-0.2176361084
0.4352722168
0.0000000000
0.3264617920
0.0000000000
-0.1088256836
0.0000000000
0.0000000000
0.4525604248
-0.3879089355
-0.1293029785
0.2586059570
0.6465148926
0.0646514893
-0.0911560059
0.0000000000
0.0000000000
0.0911560059
0.0000000000
0.0000000000
0.0000000000
0.0911560059
0.1699676514
0.1699676514
0.0000000000
-0.7648468018
0.0849761963
-0.0849761963
0.2549438477
-0.1699676514
-0.3363952637
-0.3363952637
0.1681976318
-0.5886840820
-0.3363952637
-0.1681976318
0.0840911865
-0.0840911865
-0.4190368652
0.3352355957
0.0000000000
0.2514343262
0.1676177979
-0.4190368652
0.1676177979
0.4190521240
-0.2484588623
0.0000000000
0.2484588623
0.1242218018
-0.1242218018
0.3726806641
0.0000000000
0.1242218018
-0.4309234619
-0.0861816406
0.2154693604
0.6033020020
0.4309234619
0.2585601807
0.1292724609
-0.2585601807
0.2705993652
-0.0901947021
-0.3607940674
0.0901947021
0.2705993652
0.0000000000
-0.5411987305
0.3607940674
0.2740631104
0.8769836426
-0.1096191406
0.0000000000
-0.1096191406
-0.0548095703
0.0548095703
0.1644287109
0.5395812988
0.0000000000
0.2490386963
0.0000000000
0.2905426025
0.5395812988
0.4150543213
-0.2075347900
-0.0754241943
-0.7541961670
0.0000000000
-0.1508331299
-0.0754241943
-0.1508331299
-0.3016815186
0.3016815186
-0.6639404297
-0.1422729492
0.0948486328
-0.1896972656
-0.5216674805
0.0474243164
0.1896972656
-0.3319702148
0.0000000000
0.0000000000
-0.0588226318
0.0000000000
0.0000000000
0.0000000000
0.0000000000
0.0000000000
0.0000000000
-0.1250000000
0.1250000000
-0.1250000000
-0.2500000000
-0.2500000000
0.2500000000
-0.1250000000
-0.1023712158
0.9212799072
0.0511779785
-0.0511779785
0.0511779785
-0.2047271729
0.0511779785
0.0511779785
0.0675201416
-0.0675201416
0.2700653076
0.2700653076
0.4050903320
-0.2700653076
0.0000000000
-0.6751556396
-0.1277160645
0.3831634521
0.3831634521
-0.3193054199
-0.0638580322
0.4470214844
0.3831634521
-0.3193054199
-0.0939483643
-0.1879119873
-0.0939483643
-0.3758239746
-0.5637359619
0.0000000000
-0.3758239746
-0.1879119873
0.0000000000
-0.2020874023
0.4041748047
-0.2694549561
0.6736297607
-0.2020874023
0.0673675537
0.2694549561
0.0000000000
-0.1047210693
0.5759429932
-0.2617950439
-0.4712219238
-0.0523529053
0.0000000000
-0.5235900879
0.6782379150
0.4069366455
-0.3391113281
-0.0678253174
-0.2712860107
0.0678253174
-0.0678253174
-0.1356506348
0.1799163818
0.1199493408
-0.1799163818
-0.1799163818
-0.3598327637
-0.7796325684
0.1799163818
0.0000000000
0.1000061035
0.1000061035
0.0000000000
0.1000061035
0.0000000000
-0.1000061035
0.0000000000
0.0000000000
-0.1922760010
0.1708984375
0.1281738281
0.0427246094
-0.0640869141
0.0427246094
-0.9399871826
-0.1068115234
0.0000000000
-0.2540588379
-0.6774902344
0.0846862793
0.1693725586
0.0846862793
-0.4234313965
0.0846862793
0.0594482422
-0.7133026123
0.2377624512
0.1188812256
-0.2377624512
-0.1188812256
-0.4755249023
0.0594482422
0.0000000000
0.0000000000
0.0000000000
0.0000000000
0.0911560059
0.0000000000
0.0911560059
-0.0911560059
0.0000000000
-0.1243286133
0.0000000000
0.0000000000
-0.1243286133
-0.1243286133
-0.1243286133
0.3729858398
-0.1736755371
-0.3473510742
-0.3473510742
-0.5210266113
-0.2605133057
0.0000000000
0.3473510742
-0.0868377686
-0.1576995850
-0.1971130371
0.5124969482
-0.3942260742
0.1576995850
0.5124969482
0.3942260742
0.1576995850
0.1216278076
-0.1216278076
0.2432556152
0.0000000000
-0.1216278076
-0.1216278076
0.1216278076
-0.1216278076
-0.6903381348
-0.0986175537
0.0986175537
0.1972351074
-0.1972351074
0.0000000000
0.1972351074
-0.1972351074
-0.1096191406
0.0548095703
0.3836822510
-0.4384918213
-0.1096191406
0.1644287109
0.7125549316
0.0000000000
0.0000000000
0.0000000000
0.1064758301
0.1064758301
0.1064758301
0.0000000000
-0.1064758301
0.1064758301
0.2700653076
0.4050903320
0.0000000000
-0.7426757812
0.1350250244
-0.0675201416
0.1350250244
-0.1350250244
-0.1099700928
0.2199401855
0.1099700928
-0.3299102783
0.1099700928
0.2199401855
-0.4398803711
-0.3299102783
-0.3823242188
0.2867431641
0.0000000000
0.1911621094
0.3823242188
-0.2867431641
0.1911621094
0.3823242188
-0.3370056152
-0.3370056152
0.1123352051
0.1123352051
-0.2246704102
0.4493408203
0.0000000000
-0.1123352051
-0.2417907715
0.0967102051
0.1450653076
0.4835662842
0.6769866943
0.2901458740
0.0000000000
-0.2417907715
0.3171691895
-0.0792999268
-0.3171691895
-0.0792999268
0.3171691895
0.0792999268
-0.5550537109
0.3964691162
0.2115783691
0.9309234619
-0.0423126221
0.0846252441
-0.0423126221
-0.0423126221
-0.1269378662
-0.0423126221
0.5684661865
-0.1671905518
0.0668792725
0.1003112793
0.3678283691
0.4681549072
0.4347076416
-0.2340698242
-0.0558166504
-0.7257080078
-0.2791137695
-0.2232971191
0.0000000000
-0.2232971191
-0.3349456787
0.2791137695
-0.7116088867
-0.0444793701
0.0444793701
-0.3113250732
-0.4002838135
0.0000000000
0.0889587402
-0.4002838135
0.0000000000
0.0000000000
0.0000000000
0.0000000000
0.0000000000
0.0000000000
0.0000000000
0.0000000000
0.0000000000
-0.1178436279
0.0000000000
0.0000000000
-0.2357025146
-0.1178436279
0.1178436279
-0.1178436279
-0.3622283936
0.6338958740
-0.2716674805
0.0905609131
-0.0905609131
-0.2716674805
0.0905609131
0.0905609131
0.1447296143
0.1447296143
-0.1447296143
0.7236633301
0.2894592285
-0.2894592285
-0.1447296143
-0.3859558105
0.0881652832
0.0881652832
0.2645111084
-0.3967742920
-0.3085937500
0.4408569336
0.5290222168
-0.3526763916
0.0000000000
-0.2201538086
0.1467742920
-0.2935485840
-0.6604766846
0.0733795166
-0.2935485840
-0.3669281006
0.0614166260
-0.4299163818
0.6141815186
-0.3070831299
0.4299163818
0.0000000000
0.1228332520
0.1228332520
0.0573577881
0.0000000000
0.4588775635
-0.1720733643
-0.4015197754
-0.1147155762
0.0000000000
-0.6883087158
0.8931884766
0.2232971191
-0.1116485596
-0.1674652100
0.0000000000
-0.0558166504
-0.0558166504
-0.0558166504
-0.0382537842
0.1912689209
-0.6885528564
-0.0765075684
-0.2677764893
-0.5355377197
0.2295227051
0.1530151367
0.1000061035
0.0000000000
0.1000061035
0.0000000000
-0.1000061035
0.0000000000
-0.1000061035
0.0000000000
-0.0827331543
0.0000000000
-0.0413665771
0.2068176270
0.1240844727
0.2068176270
-0.9100036621
-0.0827331543
0.0588226318
-0.1764678955
-0.5294189453
0.2352905273
0.0000000000
0.4705810547
-0.5294189453
-0.1176452637
0.0000000000
-0.3473510742
0.1736755371
0.0000000000
-0.1736755371
-0.0868377686
-0.6947021484
0.2605133057
0.0000000000
0.0000000000
-0.0911560059
0.0911560059
0.0911560059
0.0000000000
0.0000000000
0.0000000000
-0.1245422363
-0.1245422363
0.0000000000
0.0000000000
0.0000000000
-0.2490844727
-0.3736267090
0.2490844727
-0.0670623779
-0.2011871338
-0.5364990234
-0.4694366455
-0.4694366455
0.0000000000
-0.0670623779
-0.2682495117
-0.1403503418
-0.2105102539
0.5964660645
-0.3859405518
0.1754302979
0.5262908936
0.2806854248
0.0701751709
0.1199951172
-0.1199951172
0.1199951172
0.0000000000
0.2400054932
0.0000000000
0.1199951172
-0.1199951172
-0.3149414062
-0.1049804688
0.2099609375
-0.6298675537
-0.1049804688
-0.1049804688
0.1049804688
0.1049804688
-0.2033996582
-0.1016998291
0.5593566895
-0.3050994873
-0.3050994873
0.2033996582
0.5593566895
-0.1016998291
0.0000000000
0.0000000000
0.1064758301
0.0000000000
-0.1064758301
0.1064758301
-0.1064758301
0.1064758301
0.0905609131
0.3622283936
0.0905609131
-0.7244567871
0.0000000000
0.0000000000
-0.1811065674
0.0905609131
0.0637359619
0.6373138428
0.1911926270
0.0637359619
0.3823852539
0.3186645508
-0.3186645508
-0.2549285889
-0.3625183105
0.2416839600
0.0000000000
0.2416839600
0.1208343506
-0.1208343506
0.2416839600
0.2416839600
-0.0968475342
0.0000000000
-0.2905578613
-0.2905578613
-0.2905578613
0.4842681885
-0.2905578613
0.2905578613
0.0000000000
0.0000000000
0.1000061035
0.1000061035
0.6000061035
0.3999938965
-0.1000061035
-0.3000030518
0.2877349854
-0.0575408936
-0.4603881836
0.2877349854
0.3452911377
-0.0575408936
-0.5179290771
0.3452911377
0.1543731689
0.9262390137
0.0385894775
0.2315521240
-0.0385894775
0.0385894775
-0.0771789551
-0.0771789551
0.4578094482
-0.3873748779
-0.2465209961
0.1760864258
0.5282440186
0.2465209961
0.3521575928
-0.2113037109
-0.2468566895
-0.2468566895
-0.2468566895
-0.2468566895
0.0000000000
-0.2468566895
-0.1234283447
0.1234283447
-0.5712738037
0.1269531250
0.0000000000
-0.2539062500
-0.4443359375
0.0000000000
0.0634765625
-0.5078125000
0.0000000000
0.0000000000
0.0000000000
0.0000000000
-0.0785675049
0.0000000000
0.0785675049
0.0000000000
0.0000000000
0.0000000000
0.0000000000
0.0000000000
-0.2226867676
0.0000000000
0.1113433838
-0.1113433838
-0.2393341064
-0.3590087891
-0.1196746826
0.1196746826
0.1196746826
0.0000000000
0.3590087891
-0.2393341064
0.0877532959
0.1316223145
-0.2193603516
0.8774566650
0.2193603516
-0.1754913330
-0.0877532959
-0.0877532959
0.1421203613
0.0000000000
0.3789672852
-0.3316040039
-0.3789672852
0.4263458252
0.5210876465
-0.2368621826
-0.0580291748
0.1160583496
0.1740875244
-0.2321166992
-0.5802917480
-0.5222625732
-0.1160583496
-0.4062042236
0.1201629639
-0.4205474854
0.6007843018
-0.3003997803
0.3003997803
0.3604736328
0.1201629639
0.0600738525
0.1452331543
-0.0726165771
0.2178497314
-0.0726165771
-0.4356994629
0.0726165771
0.1452331543
-0.7261657715
0.6890563965
0.0765686035
0.1148376465
-0.3062438965
0.1914062500
-0.3062438965
0.4593658447
0.1531219482
0.0000000000
0.1845855713
-0.5999145508
0.1384429932
-0.3230285645
-0.5537567139
0.2307281494
0.2307281494
-0.1228332520
0.0000000000
0.1228332520
-0.2456817627
-0.1228332520
0.0000000000
0.0000000000
-0.2456817627
0.0000000000
-0.1907043457
-0.0762786865
0.1907043457
0.0000000000
0.1525726318
-0.9153900146
0.1144256592
0.1786041260
-0.0893096924
-0.5804748535
0.1339569092
0.0446472168
0.4911804199
-0.4465179443
-0.3125610352
0.0000000000
-0.8366088867
0.1792755127
-0.0597534180
-0.1792755127
0.0000000000
-0.2390289307
0.2390289307
0.0000000000
0.0000000000
0.0000000000
0.0588226318
0.0000000000
0.0000000000
0.0000000000
0.0000000000
-0.1150360107
-0.1150360107
0.0000000000
0.0000000000
0.0000000000
-0.2300720215
-0.1150360107
0.0000000000
0.0000000000
0.4904785156
-0.1961975098
0.0490417480
-0.4414367676
0.1961975098
-0.6376342773
0.0000000000
-0.2178802490
-0.2905120850
0.5810089111
-0.2905120850
0.3268127441
0.5083770752
0.1815643311
-0.0726318359
0.0000000000
-0.1150360107
0.2300720215
0.0000000000
0.1150360107
0.0000000000
0.0000000000
-0.1150360107
-0.2985992432
-0.1990661621
0.2985992432
-0.5971984863
0.1990661621
-0.0995330811
-0.0995330811
0.0995330811
-0.2390136719
-0.1912078857
0.7170257568
-0.2390136719
-0.2390136719
0.1912078857
0.3824157715
-0.1434020996
0.0000000000
0.0000000000
0.0588226318
0.0000000000
0.0000000000
0.0000000000
0.0000000000
0.0000000000
-0.1184692383
0.4738464355
0.2369232178
0.0000000000
-0.1184692383
0.0000000000
-0.3553924561
0.0000000000
0.0813293457
0.5692901611
0.2439880371
-0.1626586914
0.4066467285
0.3253173828
-0.2439880371
-0.1626586914
-0.1249389648
0.2498626709
-0.1249389648
0.2498626709
0.1249389648
0.0000000000
0.2498626709
0.0000000000
-0.1571350098
-0.3142700195
-0.3142700195
-0.1571350098
-0.1571350098
0.3142700195
-0.1571350098
0.6285400391
0.1147766113
-0.2295379639
0.0000000000
-0.2295379639
0.3443145752
0.3443145752
-0.1147766113
-0.3443145752
0.1968994141
-0.0984497070
-0.3445892334
0.7876129150
0.0984497070
-0.0492248535
-0.2461242676
0.2461242676
0.2482452393
0.7943725586
0.1489410400
0.3971862793
0.0000000000
0.1489410400
-0.0496520996
-0.1489410400
0.3232116699
-0.6464080811
-0.2585601807
0.1292877197
0.5817718506
0.0646362305
0.1292877197
-0.0323181152
-0.1184692383
0.5923156738
0.0000000000
-0.2369232178
0.0000000000
0.0000000000
0.0000000000
-0.1184692383
0.0000000000
0.2108154297
0.0702667236
-0.2108154297
-0.4918975830
-0.2810821533
0.1405334473
-0.6324310303
0.0000000000
0.0000000000
0.0000000000
0.0000000000
0.0000000000
0.0000000000
0.0000000000
-0.0588226318
-0.0785675049
0.0000000000
-0.0785675049
0.0000000000
0.0000000000
0.0000000000
0.0000000000
0.0000000000
0.0758514404
-0.8343200684
0.0000000000
0.1516876221
0.0000000000
0.0758514404
0.2275390625
-0.1516876221
0.1242370605
0.1863555908
-0.2484893799
0.6212158203
0.3727264404
0.0000000000
-0.3106079102
0.3727264404
0.1543579102
-0.0514526367
0.4116210938
-0.3601684570
-0.5145263672
0.4116210938
0.3601684570
-0.1543579102
0.1485748291
0.0990600586
-0.0495300293
-0.1981048584
-0.0495300293
-0.8914794922
0.0990600586
-0.1981048584
0.2614440918
-0.3660125732
0.5751647949
-0.1568603516
0.1045684814
0.5228729248
0.0000000000
0.2614440918
0.0000000000
0.1208343506
0.0000000000
-0.1208343506
-0.3625183105
0.0000000000
0.0000000000
-0.4833679199
-0.0310058594
-0.0310058594
0.2480316162
-0.3720550537
0.2480316162
-0.4030609131
0.7131195068
0.1860351562
-0.0489349365
0.2446594238
-0.6850433350
0.1957244873
-0.0489349365
-0.4403839111
0.1957244873
0.3425140381
-0.1237182617
-0.2474365234
0.1237182617
-0.1237182617
-0.2474365234
0.0000000000
0.0000000000
-0.1237182617
0.0482482910
-0.2894592285
0.0482482910
0.1447296143
0.0482482910
0.0000000000
-0.8683929443
0.2412261963
0.2440490723
0.0813446045
-0.6101226807
-0.1627044678
0.0000000000
0.4474182129
-0.2847137451
-0.4474182129
0.0926818848
-0.8805389404
0.2780609131
-0.1390380859
-0.1390380859
-0.0463409424
-0.0926818848
0.1390380859
0.0000000000
0.0000000000
0.0911560059
0.0911560059
-0.0911560059
0.0000000000
0.0000000000
0.0000000000
-0.2246704102
0.4493408203
0.0000000000
0.2246704102
0.0000000000
0.2246704102
-0.3370056152
0.2246704102
0.2416381836
0.4228820801
0.2013702393
0.4228820801
0.0402679443
0.5638275146
-0.4430084229
0.1208190918
-0.2206420898
-0.3088989258
0.5295410156
-0.2206420898
0.3088989258
0.5736694336
0.0882568359
-0.1765136719
0.0000000000
-0.1113433838
0.1113433838
0.1113433838
0.1113433838
0.0000000000
0.1113433838
-0.1113433838
-0.6169738770
-0.1762847900
0.4407043457
-0.0881347656
0.2644195557
-0.0881347656
-0.1762847900
-0.0881347656
-0.3117980957
-0.2494506836
0.5612487793
-0.2494506836
-0.3117980957
0.1870880127
0.2494506836
-0.3741607666
0.0000000000
-0.0785675049
0.0000000000
0.0000000000
-0.0785675049
0.0000000000
0.0000000000
0.0000000000
-0.2165069580
0.0000000000
0.1082458496
-0.6495208740
-0.1082458496
-0.1082458496
-0.2165069580
0.1082458496
0.1972656250
0.7232818604
0.0000000000
0.3287658691
0.3287658691
0.1972656250
-0.1972656250
0.0000000000
0.1234283447
0.0000000000
0.2468566895
0.3703002930
0.0000000000
0.2468566895
0.2468566895
0.0000000000
-0.1136016846
-0.2272186279
-0.3408203125
-0.2272186279
0.0000000000
0.2840118408
-0.3408203125
0.6816406250
0.2500000000
0.0000000000
-0.1250000000
-0.2500000000
0.1250000000
0.2500000000
-0.1250000000
-0.1250000000
0.2393493652
-0.2393493652
0.0398864746
0.8775939941
-0.1994476318
0.0398864746
0.0797882080
0.1196746826
0.2826538086
0.7066192627
0.1884307861
0.4239807129
0.1413269043
0.2355346680
-0.0471038818
-0.2355346680
0.0718688965
-0.7546539307
-0.2515563965
-0.1078033447
0.5031127930
-0.1078033447
-0.1078033447
0.1796875000
-0.1224670410
0.3674163818
-0.2449493408
-0.2449493408
0.1224670410
-0.2449493408
-0.1224670410
0.0000000000
0.8348693848
0.0379486084
0.0758972168
-0.1897430420
-0.3035888672
-0.1517944336
0.0758972168
-0.3035888672
0.0000000000
0.0000000000
0.1064758301
0.1064758301
-0.1064758301
0.1064758301
0.0000000000
-0.1064758301
0.0000000000
0.0000000000
-0.2226867676
0.0000000000
0.0000000000
-0.1113433838
0.1113433838
0.0000000000
0.1782989502
-0.8023834229
-0.0891571045
-0.0891571045
0.0891571045
0.0891571045
0.0891571045
-0.0891571045
-0.0660400391
0.1320800781
0.0660400391
-0.3301849365
0.1320800781
0.3962249756
-0.3301849365
0.6603698730
0.1301116943
0.0000000000
0.6505889893
-0.3252868652
-0.4554138184
0.2602386475
-0.1951751709
0.0000000000
-0.0557403564
0.1114807129
-0.1672058105
-0.1114807129
0.3901672363
-0.7803344727
0.2786865234
0.0557403564
0.2206420898
-0.0882568359
0.7501831055
0.0882568359
-0.2206420898
0.3971557617
-0.0882568359
0.3088989258
0.0000000000
-0.0911560059
0.0000000000
0.0000000000
0.0000000000
-0.0911560059
0.0911560059
0.0000000000
-0.4006805420
0.0000000000
0.2671203613
-0.4006805420
0.0445251465
-0.4451904297
0.5787506104
0.0890350342
0.0000000000
0.6102905273
0.0000000000
0.2774047852
-0.2219238281
-0.3883666992
0.0000000000
0.4993286133
0.0000000000
-0.1249389648
0.1249389648
-0.2498626709
-0.2498626709
0.1249389648
0.0000000000
-0.2498626709
0.1580963135
-0.6323852539
0.0790557861
0.0000000000
0.3161926270
-0.0790557861
-0.1580963135
0.4742889404
0.3748016357
0.1405487061
-0.5621948242
-0.3748016357
0.0000000000
0.2810974121
-0.2342529297
-0.4216461182
0.2567596436
-0.5991210938
0.0855865479
-0.0855865479
0.0000000000
-0.3423614502
-0.0855865479
0.4279479980
-0.0911560059
0.0000000000
0.0911560059
0.0000000000
-0.0911560059
0.0000000000
0.0000000000
0.0000000000
-0.0667572021
0.4673461914
0.1335296631
0.2670593262
0.0000000000
0.4673461914
-0.4005889893
0.4005889893
0.3240814209
0.3472290039
0.0694427490
0.3935241699
0.0000000000
0.6250152588
-0.4398193359
0.1157379150
-0.0663299561
-0.3316345215
0.2653045654
-0.1326446533
0.1989746094
0.7295837402
-0.1989746094
-0.1989746094
0.0000000000
0.1000061035
0.1000061035
0.0000000000
0.0000000000
0.0000000000
0.1000061035
-0.1000061035
-0.6016693115
-0.3008422852
0.2256317139
0.4512481689
0.2256317139
0.1504211426
-0.0752105713
0.1504211426
-0.4005889893
-0.2002868652
0.4673461914
-0.1335296631
-0.4005889893
0.1335296631
0.1335296631
-0.4673461914
0.0000000000
-0.0588226318
0.0000000000
0.0000000000
0.0000000000
0.0000000000
0.0000000000
0.0000000000
0.1212463379
-0.1818847656
-0.2425079346
-0.8487701416
-0.1818847656
-0.1212463379
0.0000000000
0.0606231689
0.0821380615
-0.0821380615
-0.2463989258
0.7391815186
0.3285217285
0.0821380615
-0.1642608643
0.0821380615
0.1064758301
-0.1064758301
0.1064758301
0.0000000000
0.1064758301
0.0000000000
0.0000000000
-0.1064758301
-0.1743164062
-0.1743164062
0.0871582031
-0.4357910156
0.0871582031
0.1743164062
-0.2614746094
0.6101074219
0.1247253418
0.1247253418
-0.2494506836
-0.1247253418
0.1247253418
0.2494506836
-0.1247253418
0.1247253418
0.2294311523
-0.2867889404
0.2867889404
0.8030242920
-0.0573577881
0.1147155762
-0.1147155762
0.0000000000
0.2063598633
0.6706542969
0.0515899658
0.4642944336
0.1031799316
0.3095245361
0.0000000000
-0.3095245361
-0.1024932861
-0.6662445068
-0.1024932861
-0.1024932861
0.5637359619
-0.3074951172
-0.1537475586
0.0512542725
0.0881347656
0.7051239014
-0.2644195557
-0.2644195557
-0.0881347656
0.0000000000
-0.2644195557
0.0881347656
0.9804382324
0.0529937744
0.0265045166
0.0794982910
-0.0529937744
0.0265045166
0.0000000000
-0.0529937744
-0.0911560059
0.0000000000
0.0000000000
0.0000000000
0.0000000000
-0.0911560059
0.0911560059
0.0000000000
0.0000000000
-0.1064758301
0.0000000000
-0.1064758301
0.0000000000
-0.1064758301
0.1064758301
0.1064758301
0.0737457275
0.9219055176
0.2212524414
-0.1475067139
0.0368804932
-0.0737457275
0.1475067139
-0.0368804932
-0.1885528564
-0.1885528564
0.3770904541
-0.0628509521
-0.1257019043
-0.2514038086
0.0628509521
-0.7541961670
-0.2131805420
0.4263610840
0.3197631836
-0.1065826416
0.3197631836
0.2131805420
-0.2131805420
-0.2131805420
-0.2360687256
0.1888580322
-0.0472106934
0.0000000000
-0.5665588379
-0.6609802246
0.1416320801
-0.2360687256
0.0000000000
0.1782989502
0.2674560547
-0.3566131592
0.4457702637
0.0000000000
0.0891571045
0.5349121094
-0.0916442871
-0.0916442871
0.5499114990
-0.1833038330
-0.4582519531
0.0000000000
0.0916442871
-0.3666076660
-0.2258758545
0.3388214111
-0.4517517090
0.1129455566
-0.1129455566
-0.2258758545
0.2258758545
-0.1129455566
0.2907867432
-0.0415344238
0.7892913818
0.0830841064
-0.2077026367
-0.3738708496
0.0415344238
-0.2077026367
0.1000061035
0.1000061035
0.0000000000
0.0000000000
-0.1000061035
0.0000000000
0.0000000000
-0.1000061035
-0.2076568604
0.1510162354
0.0566406250
0.0377502441
-0.1132659912
0.0377502441
-0.9438781738
-0.1132659912
0.1245422363
-0.2490844727
-0.1245422363
0.0000000000
0.3736267090
0.0000000000
-0.2490844727
0.0000000000
0.0000000000
-0.1699676514
0.5948791504
0.0000000000
-0.4249114990
-0.0849761963
-0.3399353027
0.2549438477
0.0000000000
0.0000000000
0.1150360107
0.0000000000
0.1150360107
0.1150360107
0.0000000000
-0.2300720215
0.0000000000
-0.2449493408
-0.1224670410
-0.1224670410
0.1224670410
-0.3674163818
0.2449493408
0.2449493408
0.0000000000
-0.3398895264
-0.4078674316
-0.2719116211
-0.2719116211
-0.2719116211
0.4758453369
-0.3398895264
-0.4323577881
0.0617675781
0.6176605225
-0.3088378906
-0.1235351562
0.3088378906
0.1853027344
0.2470703125
0.1228332520
0.0000000000
0.3685150146
-0.1228332520
0.0000000000
0.0000000000
0.0000000000
0.0000000000
-0.5768280029
0.0823974609
-0.0823974609
0.4944305420
0.3296203613
0.2472076416
0.0000000000
-0.0823974609
-0.0487060547
-0.0487060547
0.4382934570
-0.3408966064
-0.2921905518
0.2434997559
0.6817779541
0.0000000000
0.0000000000
0.0000000000
0.0000000000
0.0785675049
0.0000000000
0.0785675049
0.0000000000
0.0000000000
0.1269531250
0.1904296875
0.0000000000
-0.8886566162
0.0634765625
0.0000000000
0.0634765625
-0.1269531250
-0.0924072266
0.0924072266
0.0000000000
-0.2772064209
-0.6468200684
-0.1847991943
0.2772064209
-0.2772064209
-0.2945098877
0.2945098877
0.0981750488
0.1963348389
0.1963348389
-0.4908447266
0.0000000000
0.3926696777
-0.1903381348
0.0000000000
-0.0951690674
-0.1903381348
-0.0951690674
0.4758453369
-0.1903381348
0.5709991455
-0.3853454590
-0.0856323242
0.2140808105
0.5994262695
0.4281616211
0.2997131348
0.1284484863
-0.2997131348
0.3133239746
-0.0783233643
-0.4699859619
0.2349853516
0.3133239746
0.0783233643
-0.3916473389
0.3916473389
0.1179962158
0.9439697266
-0.1179962158
-0.0393371582
-0.0393371582
-0.1573333740
-0.0393371582
0.0393371582
0.4290161133
-0.2340087891
0.1170043945
-0.1170043945
0.3900146484
0.3900146484
0.5850219727
-0.1950073242
-0.1034240723
-0.5171051025
0.1034240723
-0.2068481445
0.0000000000
-0.1034240723
-0.4136962891
0.3102722168
-0.6106262207
-0.1628265381
0.1221313477
-0.2442474365
-0.5699157715
0.0000000000
0.2035369873
-0.3256683350
0.0000000000
0.1000061035
-0.1000061035
0.0000000000
0.1000061035
-0.1000061035
0.0000000000
0.0000000000
0.0000000000
-0.2490844727
0.1245422363
-0.1245422363
-0.2490844727
-0.2490844727
0.2490844727
-0.1245422363
0.0377807617
0.9446563721
0.0377807617
-0.0755767822
0.0755767822
-0.1511383057
0.1511383057
-0.0377807617
-0.2213439941
0.0737762451
0.2951202393
0.3688964844
0.2213439941
-0.2213439941
0.0000000000
-0.6640167236
-0.0628509521
0.4399414062
0.3770904541
-0.3142395020
-0.0628509521
0.3770904541
0.3770904541
-0.3770904541
-0.1755676270
0.1755676270
0.0585174561
-0.2926025391
-0.6437377930
-0.5267028809
-0.1170501709
-0.1755676270
0.0000000000
-0.0673675537
0.5389099121
-0.4041748047
0.4715423584
0.0000000000
0.0673675537
0.4041748047
0.0000000000
0.0000000000
0.4705810547
-0.1764678955
-0.5294189453
-0.0588226318
-0.0588226318
-0.5882415771
0.6750030518
0.5249938965
-0.1499938965
-0.0749969482
-0.1499938965
0.1499938965
0.0000000000
-0.0749969482
0.2555847168
0.1533508301
0.0511169434
-0.0511169434
-0.5111541748
-0.7156219482
0.1533508301
-0.1533508301
0.1178436279
0.2357025146
0.0000000000
0.0000000000
-0.1178436279
-0.1178436279
0.0000000000
-0.1178436279
-0.2080688477
0.1324005127
0.0189208984
0.0567474365
-0.0945739746
0.0567474365
-0.9457397461
-0.1324005127
0.1422882080
-0.1422882080
-0.6403198242
0.0711517334
0.2134399414
0.2845764160
-0.4980163574
0.0000000000
0.0000000000
-0.5645294189
0.2509002686
0.0627288818
-0.3136291504
-0.0627288818
-0.5645294189
0.2509002686
0.0000000000
0.0000000000
0.0000000000
0.0000000000
0.0911560059
0.0911560059
0.0911560059
0.0000000000
0.0000000000
-0.1178436279
0.0000000000
0.0000000000
-0.1178436279
-0.1178436279
-0.1178436279
0.2357025146
-0.0959930420
-0.4799957275
-0.3840026855
-0.3840026855
-0.2879943848
-0.0959930420
0.1920013428
-0.0959930420
-0.1024017334
-0.0682678223
0.6143951416
-0.4095916748
0.0000000000
0.5461273193
0.2730712891
0.1706695557
0.0000000000
-0.1178436279
0.2357025146
0.0000000000
-0.1178436279
-0.1178436279
0.0000000000
-0.1178436279
-0.6945495605
0.0771789551
0.2315216064
0.3858642578
0.2315216064
-0.1543426514
0.1543426514
-0.0771789551
-0.0769500732
0.0000000000
0.5386962891
-0.3847808838
-0.1923980713
0.1923980713
0.6541442871
-0.0769500732
0.1113433838
-0.1113433838
0.0000000000
0.1113433838
0.0000000000
0.1113433838
-0.1113433838
0.1113433838
0.1454162598
0.3392944336
0.0969390869
-0.8724670410
0.0484771729
-0.0969390869
-0.0484771729
-0.0484771729
0.0758514404
0.6826171875
0.0000000000
0.0000000000
-0.3033905029
0.3033905029
-0.0758514404
-0.3792419434
-0.3181304932
0.2120971680
0.1060485840
0.1060485840
0.4241790771
-0.2120971680
0.1060485840
0.4241790771
-0.2795104980
-0.1863403320
-0.3726806641
-0.2795104980
-0.1863403320
0.4658508301
-0.1863403320
0.2795104980
-0.2420654297
0.0605163574
0.1815490723
0.4841156006
0.6051483154
0.3025817871
0.0000000000
-0.3025817871
0.2624511719
0.0000000000
-0.4592895508
0.2624511719
0.3280639648
0.1312255859
-0.5249023438
0.3280639648
0.1448059082
0.9557342529
-0.0868835449
0.0000000000
-0.0289611816
-0.1158447266
-0.1158447266
-0.0579223633
0.4308319092
-0.3733825684
-0.0574493408
0.0861663818
0.4595489502
0.3446655273
0.5169830322
-0.2010498047
0.0000000000
-0.5328674316
-0.2664337158
-0.2664337158
0.0000000000
-0.1776275635
-0.4440612793
0.2664337158
-0.6239166260
-0.0693206787
0.1039886475
-0.3119659424
-0.4852752686
-0.0346679688
0.1386413574
-0.4506072998
0.0000000000
0.0000000000
0.0000000000
-0.0588226318
0.0000000000
0.0000000000
0.0000000000
0.0000000000
0.0000000000
-0.1150360107
0.0000000000
0.0000000000
-0.2300720215
0.0000000000
0.1150360107
-0.1150360107
0.0000000000
0.8591461182
-0.0536956787
-0.0536956787
0.0000000000
-0.1073913574
0.3221893311
-0.2147827148
-0.0637359619
0.1911926270
0.0000000000
0.7010498047
0.3186645508
-0.3186645508
-0.2549285889
-0.2549285889
0.0921020508
0.1841888428
0.2762908936
-0.4144439697
-0.2762908936
0.3683929443
0.5065460205
-0.4144439697
-0.1896972656
0.1422729492
0.2371215820
-0.1896972656
-0.6639404297
-0.4742431641
-0.0474243164
-0.3319702148
0.1208038330
-0.2416229248
0.6644592285
-0.4228363037
0.2416229248
0.1812133789
0.0604095459
0.3020324707
0.1344299316
0.0672149658
0.3360595703
0.0000000000
-0.4032745361
0.0000000000
-0.0672149658
-0.7393341064
0.8979644775
0.2394561768
0.0000000000
-0.1197204590
0.0000000000
0.0000000000
-0.0598602295
0.0000000000
0.1186370850
0.1581878662
-0.4745483398
0.0790863037
-0.3954620361
-0.6722869873
0.2372741699
0.1186370850
0.1064758301
0.1064758301
0.1064758301
0.0000000000
-0.1064758301
0.0000000000
-0.1064758301
0.0000000000
-0.0982055664
-0.0654602051
-0.2291412354
0.1636657715
0.0327301025
0.1636657715
-0.9165344238
-0.0654602051
0.1399383545
-0.1399383545
-0.4198150635
0.1399383545
0.0932922363
0.6063995361
-0.5131072998
-0.2332305908
0.0800323486
-0.0800323486
0.0800323486
0.1600799561
-0.2401123047
0.0000000000
-0.7203521729
0.4001922607
0.0000000000
0.1064758301
-0.1064758301
0.0000000000
0.1064758301
0.1064758301
0.0000000000
0.1064758301
-0.1216278076
-0.1216278076
0.0000000000
0.1216278076
-0.1216278076
-0.2432556152
-0.1216278076
0.1216278076
0.0000000000
-0.2357025146
-0.5499725342
-0.3928375244
-0.3142700195
-0.1571350098
-0.3142700195
-0.2357025146
-0.1602630615
-0.0961608887
0.6410827637
-0.4167022705
0.0641021729
0.5449218750
0.1923217773
0.0961608887
0.0000000000
0.0000000000
0.0000000000
0.1000061035
0.1000061035
-0.1000061035
0.1000061035
0.0000000000
-0.3999938965
0.1000061035
0.3999938965
-0.1000061035
0.3999938965
-0.3000030518
0.1999969482
0.1000061035
-0.1842498779
-0.0736999512
0.6264801025
-0.3316650391
-0.2948150635
0.2211151123
0.5159149170
-0.1105499268
0.0000000000
0.0000000000
0.1000061035
0.0000000000
-0.1000061035
0.1000061035
0.0000000000
0.1000061035
-0.0531616211
0.2126617432
0.1063232422
-0.9037933350
0.0000000000
0.0531616211
-0.1595001221
0.0531616211
0.1480407715
0.8388824463
0.1480407715
0.0493469238
0.1480407715
0.2960815430
-0.1480407715
-0.1973876953
-0.3230743408
0.3230743408
0.1076965332
0.3230743408
0.2153778076
-0.2153778076
0.2153778076
0.3230743408
-0.0840911865
0.0000000000
-0.3363952637
-0.5045928955
-0.1681976318
0.4204864502
-0.2522888184
0.3363952637
0.0000000000
-0.1071319580
0.0000000000
0.0000000000
0.4285430908
0.4285430908
-0.1071319580
-0.4285430908
0.1268310547
-0.0845489502
-0.4650421143
0.6764373779
0.2536621094
0.0422821045
-0.3382110596
0.2536621094
0.0769195557
0.9743041992
-0.0512847900
0.1025543213
-0.0512847900
-0.0512847900
-0.0512847900
-0.0512847900
0.3706359863
-0.5417022705
-0.1995697021
0.1425476074
0.5702209473
0.1425476074
0.3421325684
-0.1425476074
-0.1076965332
0.6461486816
-0.1076965332
-0.3230743408
-0.1076965332
0.0000000000
0.0000000000
-0.1076965332
-0.4519500732
0.1355895996
0.0903930664
-0.2259826660
-0.4971466064
-0.0903930664
0.2259826660
-0.5875396729
0.1064758301
0.0000000000
-0.1064758301
-0.1064758301
-0.1064758301
0.0000000000
0.1064758301
0.0000000000
0.0000000000
-0.1199951172
0.1199951172
0.1199951172
-0.2400054932
0.0000000000
0.1199951172
-0.1199951172
0.0805511475
0.4027404785
-0.0805511475
0.0000000000
0.1611022949
0.1611022949
0.5638275146
-0.4832916260
0.0516510010
0.1549682617
-0.2066345215
0.8265075684
0.2582855225
-0.2582855225
-0.1549682617
0.0516510010
0.1483917236
0.0494689941
0.3957214355
-0.2967987061
-0.4451904297
0.3462677002
0.4946594238
-0.2967987061
-0.0787200928
0.1968078613
0.1574554443
-0.1968078613
-0.5117034912
-0.6691589355
0.0787200928
-0.3542633057
0.2504119873
-0.3130187988
0.5634307861
-0.3130187988
0.1878051758
0.4382324219
0.0626068115
0.2504119873
0.2424163818
0.0000000000
0.0808105469
0.0808105469
-0.4040222168
0.0808105469
-0.0808105469
-0.7272491455
0.6810760498
0.0681152344
0.1362152100
-0.3405456543
0.1702728271
-0.2724304199
0.4767608643
0.1702728271
0.0972900391
0.0972900391
-0.2918548584
0.3404846191
-0.3404846191
-0.6809844971
0.1945648193
0.2918548584
0.0000000000
0.1250000000
0.1250000000
-0.3750000000
-0.1250000000
0.0000000000
0.0000000000
-0.2500000000
0.0000000000
-0.2527008057
-0.1579284668
0.1263427734
-0.0631713867
0.0631713867
-0.9160308838
0.1263427734
0.2170257568
-0.0361633301
-0.5063934326
0.0361633301
0.0723419189
0.5425567627
-0.4702148438
-0.3617095947
0.1375427246
-0.6877136230
0.1375427246
0.0000000000
-0.2063140869
0.0000000000
-0.4126281738
0.3438568115
0.0000000000
0.0000000000
-0.0911560059
0.0000000000
0.0911560059
0.0000000000
0.0000000000
0.0911560059
-0.1250000000
-0.2500000000
0.0000000000
0.1250000000
0.0000000000
-0.3750000000
0.0000000000
-0.1250000000
0.1115417480
0.5205383301
-0.0371856689
0.2602691650
-0.1858978271
0.2602691650
-0.7064361572
0.0371856689
-0.2322692871
-0.1990814209
0.6304321289
-0.3318023682
0.1659088135
0.5640716553
0.1327209473
0.0000000000
-0.1000061035
-0.1000061035
0.1000061035
0.0000000000
0.1000061035
0.0000000000
0.0000000000
0.0000000000
-0.4475250244
0.0000000000
0.4475250244
-0.0745849609
0.5966949463
-0.1491699219
-0.0745849609
-0.1491699219
-0.1838836670
-0.0735473633
0.7355346680
-0.2942199707
-0.2574310303
0.2574310303
0.3677673340
-0.1471099854
-0.1000061035
-0.1000061035
0.1000061035
0.0000000000
0.0000000000
0.1000061035
0.0000000000
0.0000000000
-0.2288513184
0.3814086914
0.3051300049
-0.6102447510
-0.1525573730
0.1525573730
-0.3051300049
0.0000000000
0.1121673584
0.8412933350
0.1682586670
-0.1682586670
0.2243499756
0.1682586670
-0.1121673584
-0.1682586670
-0.2344665527
0.3517150879
0.1172332764
0.3517150879
0.1172332764
0.0000000000
0.3517150879
0.0000000000
-0.2113342285
-0.3522186279
-0.2817687988
-0.2817687988
-0.0704498291
0.2817687988
-0.1408843994
0.6339874268
0.0000000000
-0.1208343506
0.0000000000
-0.2416839600
0.3625183105
0.2416839600
0.0000000000
-0.3625183105
0.0674133301
-0.1685180664
-0.2359313965
0.9100189209
0.0000000000
-0.0337066650
-0.0674133301
0.2022247314
0.1039886475
0.9358825684
0.0346679688
0.2426300049
0.0000000000
0.0693206787
-0.0693206787
-0.0693206787
0.3068389893
-0.6973571777
-0.1673583984
0.0836791992
0.5857849121
0.0278930664
0.1115722656
0.0557861328
0.0000000000
0.7548370361
0.0000000000
-0.2830657959
0.0000000000
0.0000000000
0.0000000000
-0.1887054443
0.1947937012
0.1461029053
0.0487060547
-0.2921905518
-0.4869842529
-0.3408966064
0.1461029053
-0.6330871582
0.0000000000
0.0000000000
-0.1000061035
0.0000000000
-0.1000061035
0.1000061035
0.0000000000
-0.1000061035
0.0000000000
0.0000000000
-0.0588226318
0.0000000000
0.0000000000
0.0000000000
0.0000000000
0.0000000000
0.2540588379
-0.5928039551
-0.0846862793
0.1693725586
0.0846862793
0.2540588379
0.3387451172
-0.3387451172
0.0000000000
0.1576080322
-0.0788116455
0.3152313232
0.3152313232
-0.0788116455
-0.3940429688
0.6304626465
0.1523590088
-0.1015777588
0.4062805176
-0.4062805176
-0.6094207764
0.3047180176
0.2539215088
-0.1523590088
0.0382537842
0.1912689209
-0.0765075684
-0.1147613525
-0.1147613525
-0.8798217773
0.2677764893
-0.1912689209
0.3532257080
-0.2018432617
0.6055450439
-0.2018432617
0.0504608154
0.4541625977
-0.1009216309
0.3532257080
0.1229705811
0.0000000000
0.0000000000
0.1229705811
-0.2459411621
0.0000000000
-0.1229705811
-0.4918823242
-0.1884002686
0.0000000000
0.2511901855
-0.4082031250
0.1884002686
-0.3768005371
0.6907958984
0.2198028564
-0.0544891357
0.2179412842
-0.2179412842
0.4903717041
-0.0544891357
-0.5993499756
0.1089782715
0.4358825684
-0.1247863770
-0.1247863770
0.1247863770
-0.1247863770
-0.3743438721
-0.1247863770
0.0000000000
-0.2495727539
-0.0453338623
-0.3173370361
0.1360015869
0.0906677246
0.0453338623
-0.0906677246
-0.8613586426
0.2266693115
0.3171081543
0.0792846680
-0.5549468994
-0.1585540771
0.0396423340
0.4360351562
-0.3567504883
-0.4360351562
0.1659393311
-0.8296661377
0.2765502930
-0.1106262207
-0.1659393311
-0.1106262207
-0.1659393311
0.1659393311
0.0000000000
0.0000000000
0.0785675049
0.0000000000
0.0000000000
0.0000000000
-0.0785675049
0.0000000000
-0.2716674805
0.3622283936
0.1811065674
0.3622283936
-0.0905609131
0.3622283936
-0.3622283936
0.2716674805
0.2535400391
0.4095611572
0.1560211182
0.4680633545
0.0585021973
0.5460815430
-0.4485626221
0.0975189209
-0.2492523193
-0.2492523193
0.4985046387
-0.2907867432
0.1661682129
0.6646728516
-0.0415344238
-0.1246185303
-0.1113433838
0.0000000000
0.1113433838
0.1113433838
0.1113433838
0.0000000000
0.1113433838
0.1113433838
-0.6755981445
-0.0614166260
0.3684997559
0.1228332520
0.4913330078
-0.1228332520
-0.0614166260
-0.0614166260
-0.2679138184
-0.1339569092
0.6697845459
-0.2679138184
-0.3125610352
0.2232666016
0.2232666016
-0.3572235107
0.0000000000
-0.0588226318
0.0000000000
0.0000000000
0.0000000000
0.0000000000
0.0000000000
0.0000000000
-0.2664337158
0.0888061523
0.1776275635
-0.7104949951
-0.0888061523
0.1776275635
-0.2664337158
0.0000000000
0.1119995117
0.7839813232
-0.0559997559
0.2239990234
0.3359832764
0.2239990234
-0.2239990234
-0.0559997559
-0.1196746826
0.1196746826
0.2393341064
0.3590087891
0.0000000000
0.2393341064
0.3590087891
0.1196746826
-0.1758728027
-0.3517303467
-0.1758728027
-0.2931060791
0.0586242676
0.1758728027
-0.2931060791
0.7034606934
0.1247253418
0.2494506836
-0.1247253418
-0.1247253418
0.1247253418
0.2494506836
-0.1247253418
-0.1247253418
0.1487274170
-0.2082214355
-0.0297393799
0.9221038818
-0.2082214355
0.0000000000
0.0594940186
0.0892333984
0.2136840820
0.8120117188
0.0000000000
0.3419036865
0.1282196045
0.2564239502
-0.0854797363
-0.1709442139
0.1037445068
-0.7607421875
-0.1728973389
-0.0691528320
0.5186920166
-0.1383209229
-0.1383209229
0.1728973389
0.0000000000
0.5356903076
-0.2142791748
-0.4285430908
0.0000000000
-0.1071319580
-0.2142791748
0.0000000000
0.8912353516
0.0835571289
0.0556945801
-0.1670989990
-0.2228088379
-0.1114044189
0.0556945801
-0.2785034180
0.0000000000
0.0000000000
0.0000000000
0.1000061035
-0.1000061035
0.1000061035
0.0000000000
-0.1000061035
0.0000000000
-0.1064758301
-0.2129516602
0.0000000000
0.0000000000
0.0000000000
0.0000000000
0.0000000000
0.2246704102
-0.3370056152
-0.2246704102
-0.1123352051
0.2246704102
0.3370056152
0.1123352051
-0.3370056152
-0.1749725342
0.0000000000
0.2916107178
-0.5249023438
0.0583190918
0.1749725342
-0.3499450684
0.5832366943
0.1295776367
0.0647888184
0.6478576660
-0.3239288330
-0.4535064697
0.0000000000
-0.3239288330
-0.0647888184
-0.1000366211
0.2000732422
-0.0500183105
-0.1000366211
0.3501281738
-0.8003082275
0.3001098633
0.0500183105
0.2317199707
-0.0463409424
0.6951599121
0.0463409424
-0.3244171143
0.3707580566
-0.0926818848
0.3707580566
0.0000000000
-0.2357025146
-0.1178436279
0.0000000000
0.0000000000
-0.1178436279
0.1178436279
0.1178436279
-0.6005249023
0.0428924561
0.2144775391
-0.3431549072
0.0000000000
-0.4718322754
0.4289398193
0.0857849121
0.0467529297
0.4207305908
0.4674682617
0.4207305908
-0.2337341309
-0.2804870605
-0.0467529297
0.4674682617
0.0000000000
0.0000000000
0.1178436279
-0.1178436279
-0.2357025146
0.1178436279
0.0000000000
-0.1178436279
0.1412353516
-0.7061614990
0.0000000000
0.0706176758
0.2824707031
-0.0706176758
0.2118530273
0.4237060547
0.4094543457
0.1023712158
-0.5118255615
-0.4094543457
0.0511779785
0.2047271729
-0.3070983887
-0.4094543457
0.2549438477
-0.1699676514
0.0000000000
-0.0849761963
-0.0849761963
-0.3399353027
-0.2549438477
0.6798706055
-0.0911560059
0.0000000000
0.0911560059
-0.0911560059
0.0000000000
0.0000000000
0.0000000000
0.0000000000
-0.0649261475
0.4544525146
0.1298370361
0.2596893311
0.0000000000
0.4544525146
-0.3895263672
0.4544525146
0.3469543457
0.3932189941
0.0462646484
0.4163360596
0.0000000000
0.5782470703
-0.4394683838
0.0693969727
-0.2025451660
-0.2025451660
0.1350250244
-0.2700653076
0.0675201416
0.7426757812
-0.3375854492
-0.0675201416
0.0000000000
0.0911560059
0.0911560059
-0.0911560059
0.0000000000
0.0000000000
0.0000000000
0.0000000000
-0.6309814453
-0.2523956299
0.2523956299
0.4416809082
0.3785858154
0.0630950928
0.0000000000
0.0000000000
-0.3905181885
-0.0976257324
0.5369567871
-0.1952514648
-0.4393310547
0.0976257324
0.1952514648
-0.4393310547
0.0000000000
-0.2357025146
0.0000000000
0.1178436279
-0.1178436279
0.1178436279
-0.1178436279
0.0000000000
0.0632171631
-0.1896667480
-0.2528839111
-0.8218994141
-0.2528839111
-0.1264495850
-0.0632171631
0.0632171631
0.1616058350
0.0000000000
-0.2424163818
0.6464385986
0.4040222168
0.0808105469
-0.3232269287
0.0000000000
0.0000000000
0.0000000000
0.2357025146
0.1178436279
0.0000000000
-0.1178436279
0.1178436279
-0.1178436279
-0.2195739746
-0.2927703857
0.0000000000
-0.4391479492
0.0731964111
0.0731964111
-0.2195739746
0.6587219238
0.0000000000
0.1178436279
-0.1178436279
0.0000000000
0.1178436279
0.2357025146
0.0000000000
0.1178436279
0.1950225830
-0.2925415039
0.1462707520
0.8776245117
-0.0487518311
0.0487518311
-0.0487518311
0.0000000000
0.2055358887
0.7193756104
-0.1027679443
0.4110717773
0.1027679443
0.3083038330
-0.0513916016
-0.2569274902
0.0000000000
-0.6551818848
-0.0467987061
-0.0935974121
0.6083831787
-0.3275909424
-0.0935974121
0.0467987061
0.0990753174
0.5944366455
-0.2972259521
-0.2972259521
0.0000000000
0.0990753174
-0.2972259521
0.0990753174
0.9778900146
0.0733489990
0.0244445801
0.1222381592
-0.0244445801
0.0244445801
0.0000000000
-0.0488891602
