-0.1249389648
-0.1249389648
0.1249389648
-0.1249389648
-0.3748016357
0.0000000000
0.1249389648
-0.1249389648
0.3539581299
-0.2123718262
0.0707855225
-0.3539581299
-0.4247436523
-0.4247436523
0.2123718262
-0.3539581299
0.0000000000
0.9960327148
0.0176239014
-0.0176239014
0.0264434814
-0.0617065430
0.0000000000
-0.0176239014
0.0294952393
-0.0294952393
-0.4523010254
0.8259582520
0.0294952393
0.0196685791
0.1769866943
-0.2753143311
-0.0563201904
0.1407928467
0.1971130371
0.0844726562
-0.8729095459
0.3379058838
0.1689453125
-0.0281524658
0.1867218018
0.0622406006
0.7468872070
0.1867218018
-0.1867218018
-0.2489624023
-0.0622406006
-0.3734436035
-0.0838012695
0.0000000000
-0.2514190674
0.0838165283
0.1676177979
0.6704711914
-0.4190368652
0.1676177979
0.3147735596
0.0899353027
-0.5845642090
0.4047088623
-0.0899353027
0.2248382568
-0.1349029541
-0.4946289062
0.9272460938
-0.0887756348
0.0098571777
0.0690460205
-0.1282348633
0.0690460205
-0.3156585693
0.0591888428
-0.0074005127
-0.1404724121
0.9389953613
0.2809600830
-0.0147857666
0.1109008789
0.0295715332
-0.0665435791
-0.6602478027
0.1414794922
0.1414794922
0.1886444092
0.6130828857
0.1414794922
0.0000000000
0.1414794922
-0.0449371338
-0.0449371338
0.0000000000
0.0628967285
0.0628967285
0.0179748535
-0.9884643555
-0.0898590088
-0.5306091309
0.2653045654
-0.3979492188
-0.1326446533
-0.5306091309
0.0663299561
0.0000000000
-0.1989746094
0.0156555176
0.9936676025
-0.0938873291
0.0078277588
-0.0312957764
-0.0078277588
-0.0156555176
-0.0156555176
0.0000000000
-0.2498626709
0.2498626709
-0.2498626709
0.0000000000
-0.1249389648
-0.1249389648
0.1249389648
-0.3498535156
-0.1166229248
0.1166229248
-0.1166229248
-0.1166229248
-0.1166229248
0.2332305908
-0.4664764404
0.3997955322
0.5711517334
0.4854736328
0.0285644531
0.1999053955
0.4283599854
-0.0856781006
0.1427917480
0.4265747070
-0.0355529785
-0.2132873535
-0.5332183838
-0.2132873535
-0.4621276855
0.4265747070
0.0710906982
-0.3658599854
0.0000000000
-0.3658599854
0.0000000000
0.2438964844
0.1219482422
-0.1219482422
0.1219482422
0.8702850342
-0.0593414307
-0.0395660400
-0.0988922119
-0.2966918945
-0.0197753906
-0.3560333252
0.0000000000
-0.0484313965
-0.0968627930
0.9363250732
-0.0484313965
0.2098693848
-0.0645751953
-0.1775817871
-0.1452941895
-0.2332305908
-0.2332305908
-0.4664764404
0.1166229248
0.0000000000
0.2332305908
-0.1166229248
0.2332305908
0.0319213867
-0.0106353760
-0.0851135254
-0.9895324707
0.0851135254
-0.0319213867
0.0106353760
-0.0212860107
0.0000000000
0.9901123047
-0.0482940674
0.0845184326
0.0603790283
0.0000000000
0.0362243652
0.0241546631
-0.4685058594
0.4908142090
0.1338653564
0.3346405029
0.2454071045
-0.3346405029
0.4015808105
0.2454071045
-0.0361328125
0.1264648438
0.9032745361
0.0000000000
-0.0361328125
-0.0903320312
0.0541992188
-0.3793792725
0.0689392090
-0.2757263184
-0.2757263184
-0.0689392090
-0.6204071045
-0.4825286865
0.1378631592
-0.2068023682
0.0215454102
-0.0107727051
0.0538635254
0.9911346436
-0.0430908203
-0.0430908203
-0.0754089355
-0.0323181152
-0.0607910156
0.9828643799
-0.0303955078
-0.1215972900
0.1013183594
0.0000000000
-0.0101318359
-0.0303955078
0.3611755371
0.2022552490
0.6645660400
0.1300201416
-0.0577850342
0.5345458984
-0.1444702148
-0.2311553955
0.1194152832
-0.9553222656
0.0716552734
-0.1671752930
-0.0477600098
0.0000000000
0.0716552734
-0.1194152832
0.9745330811
0.0596618652
-0.1193237305
0.0795593262
0.0994415283
-0.0397796631
-0.0397796631
-0.0198822021
0.1228332520
-0.1228332520
-0.1228332520
-0.1228332520
-0.1228332520
0.1228332520
0.2456817627
-0.1228332520
0.2514343262
-0.0838012695
0.0838165283
-0.3352355957
-0.3352355957
-0.4190368652
0.1676177979
-0.5028533936
0.0000000000
0.9976348877
0.0000000000
0.0000000000
0.0000000000
-0.0422668457
0.0000000000
-0.0253601074
0.0489044189
-0.0195617676
-0.4597625732
0.8314971924
0.0489044189
0.0097808838
0.1956481934
-0.2249908447
-0.0230255127
0.0921020508
0.1611785889
0.0230255127
-0.9210357666
0.2993316650
0.0690765381
-0.0690765381
0.3082427979
0.1849517822
0.6165008545
0.1849517822
0.3082427979
-0.3082427979
-0.0616455078
-0.3699035645
-0.0900268555
-0.3150939941
-0.4051055908
0.0450134277
0.4951324463
0.5851593018
-0.2700805664
0.0000000000
0.4558868408
0.2279510498
-0.3989105225
0.5698699951
0.0000000000
0.1709594727
0.0569915771
-0.3419189453
0.9247283936
-0.0652770996
-0.0326385498
0.0870361328
-0.1414337158
0.0979156494
-0.3046112061
0.0761566162
-0.0330657959
-0.1570281982
0.9256439209
0.2892608643
0.0082702637
0.1570281982
0.0495910645
-0.0661163330
-0.5057830811
0.1896667480
0.1896667480
0.3161163330
0.6322326660
0.1896667480
0.0000000000
0.0632171631
-0.0199737549
0.0000000000
0.0599060059
0.0698852539
0.0499267578
0.0199737549
-0.9884185791
-0.0898590088
-0.4465942383
0.2232971191
-0.7257080078
0.0000000000
-0.1674652100
0.1116485596
-0.0558166504
-0.2791137695
0.0000000000
0.9860534668
-0.1548309326
-0.0244445801
-0.0081481934
-0.0244445801
-0.0081481934
-0.0162963867
0.0000000000
0.0000000000
0.1064758301
-0.1064758301
0.0000000000
-0.1064758301
-0.1064758301
-0.1064758301
-0.2806854248
0.2806854248
0.2806854248
0.0935668945
-0.0935668945
0.3742370605
0.2806854248
-0.4678039551
0.4166107178
0.5356445312
0.4761352539
0.0000000000
0.2380676270
0.4166107178
-0.1487884521
0.1785430908
0.6022033691
0.0000000000
-0.1204376221
-0.4014739990
-0.2408752441
-0.4416198730
0.3613281250
-0.1605834961
-0.2477111816
0.0000000000
0.2477111816
0.1238555908
0.3715667725
0.1238555908
0.1238555908
0.1238555908
0.7863006592
0.0000000000
-0.1612854004
-0.1008148193
-0.4435577393
0.0201568604
-0.3628997803
0.0604858398
0.0000000000
-0.0619812012
0.9452972412
-0.0309906006
0.2014617920
-0.0309906006
-0.2014617920
-0.1084747314
-0.1247863770
-0.1247863770
-0.3743438721
0.0000000000
-0.1247863770
0.2495727539
-0.1247863770
0.1247863770
0.0333557129
-0.0444641113
-0.0889434814
-0.9894409180
0.0444641113
-0.0444641113
0.0444641113
0.0111236572
-0.0333862305
0.9904174805
-0.0111236572
0.0556488037
0.1001586914
-0.0111236572
0.0222625732
0.0111236572
-0.4841003418
0.4841003418
0.1423797607
0.3417205811
0.1423797607
-0.3701934814
0.3986663818
0.2278137207
0.0000000000
0.1072235107
0.8935546875
-0.0178680420
-0.0357360840
-0.0893554688
0.0357360840
-0.4110412598
0.0931701660
-0.2795104980
-0.2795104980
-0.3726806641
-0.3726806641
-0.2795104980
0.3726806641
-0.1863403320
0.0190734863
-0.0190734863
0.0381469727
0.9919128418
-0.0572204590
-0.0572204590
-0.0667572021
0.0000000000
-0.0593719482
0.9896087646
0.0000000000
-0.0791625977
0.0692749023
0.0099029541
-0.0197906494
-0.0494842529
0.1794891357
0.1435852051
0.8076934814
0.0538482666
-0.1794891357
0.4487152100
-0.1794891357
-0.1256408691
0.0458068848
-0.9619903564
0.0000000000
-0.1603393555
0.0229034424
-0.0458068848
0.0916137695
-0.1374206543
0.9821319580
0.0208892822
-0.0626831055
0.0626831055
0.1044769287
-0.0417938232
-0.0208892822
0.0000000000
0.0000000000
-0.1178436279
0.0000000000
-0.1178436279
0.0000000000
0.1178436279
0.2357025146
-0.1178436279
0.2270965576
0.0000000000
-0.1135406494
-0.2270965576
-0.3406372070
-0.1135406494
0.2270965576
-0.4541778564
0.0262298584
0.9969329834
-0.0349731445
0.0262298584
-0.0262298584
-0.0087432861
-0.0174865723
0.0000000000
0.0351867676
-0.0586395264
-0.4456176758
0.8560485840
0.0234527588
-0.0234527588
0.1876220703
-0.1524505615
-0.0231018066
0.0462036133
0.1617431641
-0.0231018066
-0.9473266602
0.1848449707
-0.1155242920
-0.0924224854
0.1398620605
0.2797088623
0.2797088623
0.0699310303
0.4895019531
-0.4895019531
0.0000000000
-0.4195709229
-0.1143341064
-0.4192504883
-0.4573669434
0.1524505615
0.6098175049
0.3811340332
-0.1143341064
0.0381164551
0.2738494873
0.3651275635
-0.2738494873
0.5476989746
-0.1825714111
-0.0912780762
0.0912780762
-0.2738494873
0.9766540527
-0.0640411377
0.0480346680
0.0160064697
0.0000000000
0.0480346680
-0.1120758057
0.1280822754
-0.0787200928
-0.1012115479
0.9333496094
0.2473907471
0.0000000000
0.1799163818
0.1012115479
-0.0674743652
-0.2931823730
0.1954498291
0.1954498291
0.0977325439
0.6840820312
0.0977325439
0.0000000000
0.0977325439
-0.0428924561
0.0321655273
0.1072235107
0.0536193848
0.0107269287
0.0107269287
-0.9865112305
-0.0750579834
-0.3764495850
0.1882324219
-0.7528991699
0.0470581055
-0.0470581055
0.3764495850
0.0470581055
-0.1882324219
-0.0378875732
0.9849090576
-0.1515197754
-0.0378875732
0.0094757080
-0.0284118652
0.0189361572
0.0000000000
-0.1064758301
0.0000000000
0.1064758301
0.0000000000
-0.1064758301
0.0000000000
-0.1064758301
-0.1064758301
-0.1811065674
0.1811065674
0.3622283936
0.0905609131
0.0000000000
0.4527893066
0.5433349609
-0.0905609131
0.4494476318
0.5457611084
0.4494476318
0.0642089844
0.2889251709
0.3210296631
-0.1926269531
0.1926269531
0.6502990723
0.1147613525
0.1147613525
-0.4207763672
-0.1912689209
-0.4972839355
0.0765075684
-0.1912689209
0.0000000000
0.0000000000
0.2432556152
0.0000000000
0.2432556152
0.1216278076
0.1216278076
0.0000000000
0.7575988770
0.0000000000
-0.2228240967
-0.0445709229
-0.5347747803
0.0668487549
-0.2451019287
0.0891265869
0.0358734131
-0.0538177490
0.9686126709
-0.0358734131
0.1614379883
0.0358734131
-0.1255645752
-0.0538177490
0.1064758301
-0.1064758301
-0.1064758301
0.0000000000
0.0000000000
0.1064758301
0.1064758301
0.0000000000
0.0000000000
-0.0744018555
-0.0495910645
-0.9919738770
-0.0124053955
-0.0372009277
0.0124053955
0.0372009277
-0.0482635498
0.9893798828
0.0241241455
0.0482635498
0.0723876953
-0.0482635498
0.0603332520
0.0000000000
-0.5010986328
0.3758239746
0.0000000000
0.3758239746
0.1252746582
-0.3758239746
0.3758239746
0.3340606689
0.0000000000
0.0840148926
0.8401031494
0.0000000000
0.0840148926
-0.1680145264
0.0000000000
-0.4760589600
0.1202545166
-0.2405242920
-0.2405242920
-0.3607788086
0.1202545166
0.1202545166
0.2405242920
-0.2405242920
0.0170135498
0.0000000000
0.0255126953
0.9948883057
-0.0340118408
-0.0340118408
-0.0680236816
0.0000000000
-0.0298767090
0.9960174561
-0.0298767090
-0.0398406982
0.0199279785
0.0298767090
0.0000000000
-0.0099639893
0.0612792969
-0.0204315186
0.8374176025
-0.0408477783
-0.2246704102
0.4493408203
-0.1633911133
-0.0204315186
-0.0557250977
-0.9751586914
-0.0835876465
0.0000000000
0.0557250977
-0.0835876465
0.0557250977
-0.0278625488
0.9798889160
-0.1166534424
-0.0233306885
0.0233306885
0.0699920654
0.0000000000
-0.0466613770
-0.0233306885
-0.1064758301
-0.1064758301
0.1064758301
-0.1064758301
0.0000000000
0.1064758301
0.0000000000
0.0000000000
0.1250000000
-0.2500000000
0.1250000000
-0.1250000000
0.0000000000
0.2500000000
0.1250000000
-0.2500000000
0.0554962158
0.9897155762
-0.0554962158
0.0740051270
-0.0554962158
0.0277557373
-0.0092468262
0.0462493896
0.0184326172
-0.0921936035
-0.3872222900
0.8850860596
-0.0368804932
-0.0921936035
0.1843872070
-0.0553131104
-0.0258636475
0.0517425537
0.1552276611
0.0517425537
-0.9313201904
0.0000000000
-0.2845764160
0.0000000000
-0.1516876221
0.1516876221
-0.1516876221
0.1516876221
0.3792419434
-0.6826171875
0.2275390625
-0.2275390625
-0.0484771729
-0.1454162598
-0.3877563477
0.0484771729
0.5331726074
0.6785736084
-0.0484771729
0.0000000000
-0.1245422363
0.1245422363
-0.1245422363
0.2490844727
-0.2490844727
-0.2490844727
0.0000000000
0.2490844727
0.9291839600
-0.0663757324
0.1327362061
-0.0885009766
0.2212371826
0.0221252441
0.1327362061
0.1548614502
-0.0461883545
-0.0307922363
0.9544067383
0.1693267822
-0.0307922363
0.1693267822
0.1077575684
-0.0923614502
-0.4603424072
0.0000000000
0.2301635742
0.1534423828
0.6905059814
0.0767211914
-0.0767211914
0.1534423828
-0.0519561768
0.0389709473
0.1169128418
0.0129852295
-0.0129852295
-0.0129852295
-0.9872589111
-0.0389709473
-0.2724304199
0.1634521484
-0.6538391113
0.0000000000
0.0000000000
0.5993499756
0.1089782715
-0.0544891357
-0.0723419189
0.9839477539
-0.0868225098
-0.0578765869
0.0000000000
-0.0723419189
0.0434112549
0.0434112549
-0.1064758301
0.0000000000
0.1064758301
0.0000000000
0.0000000000
-0.1064758301
-0.1064758301
-0.1064758301
0.0888061523
0.2664337158
0.2664337158
-0.1776275635
0.1776275635
0.5328674316
0.4440612793
0.1776275635
0.4494628906
0.6180114746
0.4213714600
0.2247314453
0.2528228760
0.2247314453
-0.1404571533
0.1685485840
0.5201263428
0.1223907471
0.2753601074
-0.4895324707
-0.1529846191
-0.5507202148
-0.1835784912
-0.0917816162
0.1238555908
0.0000000000
0.4954071045
0.1238555908
0.1238555908
0.0000000000
0.1238555908
-0.1238555908
0.6631622314
-0.0530548096
-0.2387390137
0.0530548096
-0.6631469727
0.0795745850
-0.1326293945
0.1061096191
0.0703430176
-0.0468902588
0.9612884521
-0.0468902588
0.1406707764
0.1406707764
-0.0234527588
-0.0937805176
0.0000000000
-0.2400054932
-0.1199951172
-0.1199951172
0.1199951172
0.1199951172
-0.1199951172
0.0000000000
0.0000000000
-0.0672149658
0.0167999268
-0.9914855957
0.0167999268
0.0000000000
-0.0504150391
0.0167999268
-0.0730743408
0.9791717529
0.0730743408
0.0730743408
0.0000000000
-0.0876922607
0.1022949219
-0.0146179199
-0.4634552002
0.2896575928
-0.0579376221
0.4055175781
0.2317199707
-0.2896575928
0.3475952148
0.4055175781
-0.3681030273
-0.1840515137
0.3681030273
0.0920257568
0.3681030273
-0.0920257568
-0.1840515137
-0.4601287842
0.2484588623
0.1242218018
0.0000000000
-0.3726806641
0.2484588623
0.0000000000
0.1242218018
-0.1242218018
0.0000000000
0.0078582764
0.0157012939
0.9972534180
-0.0392608643
-0.0078582764
-0.0392608643
-0.0078582764
-0.0236511230
0.9931945801
-0.0709381104
-0.0236511230
-0.0236511230
0.0236511230
0.0354766846
0.0236511230
0.0838775635
-0.1398010254
0.8108215332
-0.0838775635
-0.1957092285
0.4753112793
-0.1398010254
0.0000000000
-0.0385284424
-0.9633941650
-0.0770721436
0.0385284424
0.0385284424
-0.0770721436
0.0385284424
0.0770721436
0.9777374268
-0.1222229004
-0.0407409668
-0.0611114502
0.0407409668
-0.0407409668
-0.0814819336
-0.0203704834
-0.1113433838
0.0000000000
-0.1113433838
-0.1113433838
-0.1113433838
-0.1113433838
-0.1113433838
0.0000000000
0.2165069580
-0.4330139160
0.2165069580
-0.1082458496
-0.1082458496
0.3247528076
0.3247528076
-0.2165069580
0.0414581299
0.9844665527
-0.0725402832
0.1036224365
-0.0518188477
0.0621795654
0.0207214355
0.0518188477
-0.1176300049
-0.1470489502
-0.4705352783
0.7940368652
-0.0882263184
0.1176300049
0.0882263184
0.2352752686
0.1332397461
0.0266418457
0.1332397461
0.0000000000
-0.8793945312
0.1598968506
-0.3730773926
-0.0532989502
0.0000000000
-0.3036804199
-0.3644256592
0.2429504395
0.3644256592
-0.6073760986
0.2429504395
0.1822052002
0.0835113525
0.3340606689
0.1670379639
-0.1670379639
0.2505493164
0.8351745605
-0.0417633057
-0.0835113525
0.0000000000
-0.1245422363
0.0000000000
-0.1245422363
-0.3736267090
-0.2490844727
-0.2490844727
0.0000000000
0.8531036377
0.0304718018
0.1218719482
-0.1218719482
0.3960876465
0.1523437500
0.1523437500
0.0914001465
0.0000000000
-0.0387725830
0.9498748779
0.1744689941
-0.0969238281
0.1744689941
0.1163177490
-0.0193786621
-0.4715423584
-0.1347198486
0.2694549561
0.1347198486
0.6736297607
0.0673675537
-0.2020874023
0.1347198486
-0.0386352539
0.0386352539
0.1158905029
0.0193176270
-0.0193176270
0.0000000000
-0.9851379395
0.0193176270
-0.2288513184
0.1525573730
-0.5339660645
-0.0762786865
-0.0762786865
0.5339660645
0.3051300049
0.2288513184
-0.1082305908
0.9741058350
-0.0216522217
-0.0649414062
-0.0216522217
-0.0865936279
0.0649414062
0.0865936279
-0.1199951172
0.1199951172
0.0000000000
-0.1199951172
0.2400054932
-0.1199951172
-0.1199951172
0.0000000000
0.0000000000
0.1943664551
0.4535064697
-0.0647888184
-0.0647888184
0.6478576660
0.3887176514
-0.1943664551
0.3606719971
0.4716339111
0.4716339111
0.3606719971
0.2496948242
0.4161529541
-0.1664581299
0.0832366943
0.1973571777
0.2220306396
0.1973571777
-0.5180664062
-0.2466888428
-0.6414031982
-0.3207092285
0.0986785889
0.1224670410
-0.1224670410
0.4898986816
0.1224670410
0.0000000000
0.0000000000
0.1224670410
-0.2449493408
0.5438842773
-0.0543823242
-0.2447509766
0.1903686523
-0.7342529297
0.1087799072
-0.1359710693
0.1087799072
0.1627044678
0.0000000000
0.9111938477
-0.0650787354
-0.0325469971
0.2928771973
0.1301727295
0.0325469971
0.2500000000
-0.2500000000
-0.1250000000
-0.1250000000
0.0000000000
0.2500000000
-0.1250000000
-0.1250000000
-0.0632629395
0.0421752930
0.1054229736
-0.9699554443
0.0632629395
0.0421752930
-0.1475982666
-0.0210876465
-0.1610107422
0.9430541992
0.1150054932
0.1610107422
0.0229949951
-0.1610107422
0.0460052490
0.0000000000
-0.3414611816
0.4097595215
-0.2048797607
0.3414611816
0.4097595215
-0.2048797607
0.3414611816
0.2731628418
-0.2935028076
-0.4239501953
-0.6196136475
-0.1956634521
-0.0652160645
0.3587341309
-0.1956634521
0.3261108398
0.1999969482
0.3000030518
-0.1000061035
-0.3999938965
0.5000000000
0.0000000000
0.0000000000
-0.3000030518
0.0078430176
0.0078430176
-0.0156860352
0.9960479736
-0.0627441406
0.0078430176
-0.0313720703
0.0235290527
0.0417327881
0.9877319336
-0.0556488037
0.0695648193
-0.0417327881
-0.0417327881
0.0695648193
-0.0139160156
0.2436370850
-0.2842559814
0.6903228760
-0.0406036377
-0.2030334473
0.5278930664
-0.0406036377
0.0812072754
-0.0635986328
-0.8904418945
-0.0635986328
0.1272125244
0.1272125244
0.1272125244
0.0000000000
0.1272125244
0.9806671143
-0.1089630127
0.0544891357
-0.0544891357
-0.0181579590
-0.0363159180
-0.0726470947
-0.0544891357
-0.1178436279
0.1178436279
0.0000000000
-0.1178436279
-0.1178436279
0.0000000000
-0.2357025146
0.0000000000
0.0840911865
-0.3363952637
0.3363952637
-0.0840911865
-0.3363952637
0.5886840820
0.1681976318
-0.1681976318
0.0388488770
0.9840240479
-0.0388488770
0.0258941650
-0.0258941650
0.0906372070
0.1165313721
-0.0129547119
-0.2813568115
-0.1250457764
-0.4376525879
0.3751373291
-0.1875610352
0.4689178467
-0.0625152588
0.5314483643
0.3177337646
-0.0706024170
0.1059112549
0.0000000000
-0.7060852051
0.0706024170
-0.5648651123
-0.1412200928
0.0000000000
-0.4040222168
-0.3232269287
0.3232269287
0.0000000000
-0.4848327637
0.4040222168
0.0808105469
0.1662750244
0.4710998535
0.5265197754
-0.3325347900
-0.0554199219
0.5542297363
-0.1662750244
0.0000000000
0.0000000000
0.0000000000
-0.1242218018
-0.3726806641
0.0000000000
-0.1242218018
-0.3726806641
0.0000000000
0.7630310059
0.1695709229
-0.0423889160
-0.0847778320
0.3815155029
0.3815155029
-0.1695556641
-0.0423889160
-0.0256195068
-0.1024627686
0.8964996338
0.2817535400
-0.1024627686
0.1024627686
0.1024627686
0.2305297852
-0.5095977783
-0.1019134521
0.4076843262
0.0000000000
0.4076843262
0.0000000000
-0.1019134521
-0.1019134521
-0.1133117676
0.0849761963
0.1416320801
0.0566558838
0.0000000000
0.0566558838
-0.9631195068
0.0000000000
-0.1571350098
0.0000000000
-0.4714050293
-0.2357025146
-0.1571350098
0.3928375244
0.3928375244
0.3928375244
-0.1302947998
0.9679412842
-0.1302947998
-0.0744628906
0.0744628906
0.0000000000
0.0372314453
0.0744628906
0.0000000000
0.0000000000
-0.1064758301
-0.1064758301
0.1064758301
-0.1064758301
0.0000000000
0.1064758301
-0.0986938477
0.1480407715
0.3947601318
0.2960815430
-0.3454132080
0.5921478271
0.2960815430
-0.2960815430
0.3119659424
0.3812866211
0.4852752686
0.4159393311
0.2772979736
0.4159393311
-0.2426300049
-0.0346679688
-0.0263519287
0.2108001709
0.0790557861
-0.5006561279
-0.2108001709
-0.7114715576
-0.3162078857
0.1580963135
0.0000000000
0.0000000000
0.3748016357
-0.1249389648
-0.2498626709
-0.1249389648
0.0000000000
0.0000000000
0.5411071777
0.0338134766
-0.2367401123
0.2705535889
-0.6763916016
0.0676422119
-0.2705535889
0.0676422119
0.1032409668
0.0688323975
0.9291992188
0.0344085693
-0.0344085693
0.1376647949
0.2064971924
0.1376647949
-0.2123718262
-0.4955444336
0.0707855225
0.2123718262
-0.4247436523
0.2123718262
0.4955444336
0.1415863037
-0.1152496338
0.0691528320
0.1152496338
-0.9681091309
-0.0230560303
0.0000000000
-0.1152496338
0.0230560303
-0.1685028076
0.9267883301
0.0421295166
0.0842590332
0.0000000000
-0.1685028076
-0.0421295166
0.1263732910
-0.3771057129
0.4525146484
-0.1508331299
0.2262573242
0.3771057129
-0.2262573242
0.3771057129
0.2262573242
-0.3005371094
-0.3930053711
-0.5779418945
-0.1387023926
-0.1387023926
0.4161224365
-0.1387023926
0.4161224365
0.0000000000
0.3201599121
-0.0800323486
-0.3201599121
0.6403045654
0.0000000000
0.0000000000
-0.4001922607
0.0234985352
-0.0234985352
-0.0548248291
0.9946441650
-0.0391540527
0.0078277588
0.0000000000
0.0548248291
0.1245269775
0.9428100586
-0.0177917480
0.2134704590
-0.1067352295
-0.0711517334
0.1423187256
-0.0533599854
0.2596740723
-0.4154815674
0.5712738037
-0.0519409180
-0.2596740723
0.3635406494
0.1038665771
0.3635406494
-0.3696136475
-0.5544128418
-0.1847991943
0.1847991943
0.1847991943
0.3696136475
0.0924072266
0.0924072266
0.9810638428
-0.0417480469
0.1043701172
0.0000000000
-0.0208740234
0.0417480469
-0.0417480469
-0.0834960938
-0.1135406494
0.2270965576
0.2270965576
-0.2270965576
-0.1135406494
-0.4541778564
0.0000000000
0.3406372070
0.3435974121
-0.0572662354
0.0572662354
-0.4008636475
-0.4581298828
-0.3435974121
0.3435974121
-0.4008636475
-0.0254821777
0.9936370850
0.0084991455
0.0084991455
0.0764312744
-0.0339660645
0.0000000000
-0.0509490967
0.1105651855
-0.0184326172
-0.4883117676
0.7647247314
0.0092163086
-0.0552825928
0.2671966553
-0.2948303223
-0.0771179199
0.1799468994
-0.0514068604
0.0771179199
-0.5655517578
0.5912628174
0.4884338379
-0.1542358398
0.0517883301
0.3107604980
0.4920196533
0.0776824951
0.3107604980
-0.7250976562
-0.0517883301
0.0776824951
0.4301147461
-0.2150573730
-0.2867431641
0.3584289551
0.2867431641
0.5018005371
-0.0716857910
0.2150573730
0.0493469238
0.0986938477
0.3454132080
0.4441070557
-0.4441070557
0.1480407715
-0.1480407715
-0.5921478271
0.9234924316
-0.1026153564
-0.0373077393
0.1305999756
-0.1305999756
0.1119384766
-0.2891693115
0.0466461182
-0.0582885742
-0.1384277344
0.9253387451
0.3424530029
0.0218658447
0.0291442871
-0.0291442871
-0.0072784424
-0.6822814941
0.0852813721
0.1705627441
0.2558593750
0.3411407471
0.0000000000
0.0000000000
0.2558593750
-0.0579528809
0.0165557861
0.0331115723
0.1076354980
0.1076354980
0.0993499756
-0.9769744873
-0.0745086670
-0.4634552002
0.2896575928
0.5213928223
0.0000000000
0.1737976074
-0.1158599854
-0.0579376221
-0.5213928223
0.0316772461
0.9580535889
-0.2692108154
0.0554199219
-0.0316772461
-0.0316772461
-0.0316772461
-0.0237579346
0.0000000000
-0.2129058838
-0.0709686279
-0.2129058838
0.0000000000
-0.0709686279
0.0709686279
-0.8516235352
-0.0951690674
-0.5709991455
0.0000000000
0.0000000000
-0.2855072021
-0.1903381348
-0.4758453369
0.0000000000
0.2613067627
0.4038238525
0.5463562012
-0.0712585449
0.2375488281
0.5701141357
-0.2375488281
0.0950164795
0.5948638916
-0.1372833252
-0.4118347168
-0.0915222168
-0.1372833252
-0.1830444336
0.5033569336
-0.2745513916
-0.1245422363
0.1245422363
-0.2490844727
-0.1245422363
0.1245422363
0.3736267090
-0.1245422363
0.1245422363
0.8311614990
-0.1466674805
-0.1955718994
-0.1955718994
-0.3748321533
0.1466674805
-0.1955718994
0.0488891602
-0.2442016602
0.0610504150
0.8546905518
-0.1221008301
0.0000000000
0.3357696533
-0.1831512451
0.1221008301
-0.1224670410
-0.1224670410
-0.2449493408
0.2449493408
0.3674163818
0.0000000000
-0.1224670410
0.2449493408
0.0000000000
-0.0213928223
-0.0748596191
-0.9945526123
0.0106964111
0.0000000000
0.0000000000
0.0320892334
0.0271453857
0.9364624023
0.0407104492
0.2307281494
0.2307281494
0.0271453857
-0.0678558350
-0.0542907715
-0.5205993652
0.4997711182
0.1665954590
0.3748321533
0.2082366943
-0.2915344238
0.3540039062
0.2082366943
0.0809326172
0.2225494385
0.7687988281
0.0404663086
0.0000000000
-0.2630157471
0.1820831299
-0.4855499268
0.1277160645
-0.4470214844
-0.1277160645
-0.1915893555
-0.5747528076
-0.1277160645
0.3193054199
-0.3831634521
-0.1639099121
0.0409851074
0.0614624023
0.9015197754
-0.1639099121
-0.0409851074
-0.2663574219
-0.2048950195
-0.1073455811
0.9840698242
-0.0268402100
0.0089416504
0.0715637207
-0.1073455811
-0.0089416504
0.0000000000
0.2056732178
0.1740264893
0.7752380371
0.1423950195
-0.1107482910
0.4904479980
-0.1582183838
-0.1423950195
-0.0583343506
-0.9626159668
-0.0583343506
-0.1166839600
-0.0583343506
-0.0291748047
0.1166839600
-0.0875091553
0.9663238525
0.0674133301
-0.1348419189
0.1123657227
0.0674133301
0.0000000000
0.0898895264
-0.0449523926
0.0000000000
0.1064758301
0.0000000000
-0.1064758301
-0.1064758301
-0.1064758301
0.1064758301
0.0000000000
0.2706756592
0.2706756592
0.0000000000
-0.4060211182
-0.4060211182
-0.2706756592
0.2706756592
-0.4736785889
0.0000000000
0.9958648682
0.0156860352
0.0000000000
0.0313720703
-0.0078430176
0.0000000000
-0.0705718994
0.1036834717
0.0094299316
-0.4713134766
0.8106689453
0.0094299316
-0.0659790039
0.2356567383
-0.2168121338
0.0655975342
0.0874786377
-0.1749420166
-0.0218658447
-0.7872467041
0.3936309814
0.3936309814
-0.1093444824
0.1812133789
0.3261718750
0.3624114990
0.2174530029
0.4711456299
-0.6161041260
-0.0724792480
0.1812133789
0.2290344238
-0.4580688477
-0.3206481934
0.2290344238
0.5496826172
0.3664550781
-0.2748413086
0.0458068848
0.1667022705
0.2222595215
0.3889617920
0.3333892822
-0.3333892822
0.0555725098
0.0000000000
-0.6667938232
0.9468994141
-0.1448211670
-0.0111389160
0.1002655029
-0.0891265869
0.0556945801
-0.2116546631
0.1114044189
-0.0441894531
-0.1178436279
0.9353637695
0.3240661621
0.0073699951
0.0441894531
0.0000000000
-0.0220947266
-0.5711517334
0.3263702393
0.3263702393
0.0815887451
0.4079742432
0.2447814941
0.0000000000
0.0000000000
-0.0641479492
0.0240478516
0.0561218262
0.1202697754
0.0400848389
0.0962219238
-0.9782562256
-0.0881958008
-0.5933685303
0.1186676025
-0.3560180664
0.1186676025
0.2373504639
0.0593414307
0.1780090332
-0.5340270996
0.0154113770
0.9633636475
-0.2620391846
0.0231170654
-0.0077056885
0.0000000000
-0.0231170654
0.0000000000
-0.1576080322
0.0000000000
-0.0788116455
0.0000000000
0.0000000000
-0.0788116455
0.0000000000
-0.8668823242
-0.3334350586
-0.1111450195
0.2222900391
0.2222900391
-0.2222900391
0.1111450195
-0.4445648193
0.2222900391
0.3188476562
0.4347839355
0.4637756348
-0.0869598389
0.2028961182
0.5507354736
-0.3188476562
0.1159362793
0.6863250732
-0.0527954102
-0.1583862305
-0.0527954102
-0.1583862305
-0.1583862305
0.4223480225
-0.4223480225
-0.1202545166
0.0000000000
0.4810485840
0.0000000000
0.1202545166
0.3607788086
0.1202545166
0.0000000000
0.8254852295
-0.0938110352
-0.2438964844
-0.1313323975
-0.4127502441
0.1500854492
-0.1688537598
0.0187683105
-0.0308837891
0.1853179932
0.7721557617
-0.2162017822
0.0000000000
0.4015197754
-0.1853179932
0.3088684082
0.1247253418
0.2494506836
-0.2494506836
-0.1247253418
0.1247253418
-0.1247253418
0.1247253418
-0.1247253418
-0.0093841553
-0.0563049316
-0.0281524658
-0.9947509766
-0.0375366211
0.0000000000
0.0375366211
0.0281524658
-0.0129241943
0.9433593750
0.0646209717
0.1809234619
0.2326049805
-0.0129241943
-0.0516967773
-0.1033782959
-0.4522247314
0.5054168701
0.1063995361
0.3990173340
0.1330108643
-0.3458099365
0.3724212646
0.2660064697
0.0254669189
0.0764007568
0.8148651123
0.0254669189
0.0254669189
-0.3310394287
0.1782531738
-0.4074249268
0.0000000000
-0.5567016602
-0.0927886963
-0.2783508301
-0.2783508301
-0.2783508301
0.0927886963
-0.3711395264
-0.1755981445
0.0159606934
0.1117401123
0.9418487549
-0.0957794189
-0.0319213867
-0.1596374512
-0.1596374512
-0.1095581055
0.9860229492
0.0156555176
0.0626068115
0.0312957764
-0.0860748291
-0.0156555176
0.0312957764
0.0677337646
0.1015930176
0.8635253906
0.0507965088
-0.1523895264
0.4063720703
-0.1862487793
-0.0677337646
-0.0635223389
-0.9528503418
-0.0952911377
-0.1270446777
0.0317687988
-0.0635223389
0.1270446777
-0.0952911377
0.9544372559
0.0502319336
-0.1506958008
0.1506958008
0.0502319336
0.0753479004
0.1004638672
-0.0502319336
0.1199951172
0.0000000000
-0.1199951172
-0.2400054932
-0.1199951172
0.0000000000
-0.1199951172
-0.1199951172
0.4758453369
0.1903381348
0.0951690674
-0.2855072021
-0.3806762695
0.0000000000
0.1903381348
-0.3806762695
0.0157012939
0.9971008301
-0.0314025879
0.0157012939
-0.0235595703
0.0235595703
-0.0157012939
-0.0314025879
0.0618438721
-0.0247344971
-0.4205932617
0.8659057617
-0.0247344971
-0.0865936279
0.1731872559
-0.1608123779
0.0740509033
0.0493621826
-0.1234283447
-0.0246887207
-0.9133300781
0.2715301514
0.1974792480
-0.0987396240
0.0000000000
0.3051300049
0.0000000000
0.3051300049
0.3051300049
-0.6865386963
0.0000000000
0.2288513184
0.1035919189
-0.5179443359
-0.4661560059
0.1553802490
0.5179443359
0.3107757568
-0.1553802490
-0.0517883301
0.1539001465
0.3847351074
0.2308349609
0.1539001465
-0.3847351074
-0.1539001465
0.0000000000
-0.6155700684
0.9572448730
-0.1495666504
0.1196594238
-0.0299072266
0.0299072266
-0.0747833252
0.0149536133
0.1794891357
-0.0255279541
-0.0595550537
0.9614715576
0.2382354736
-0.0255279541
0.0850830078
0.0510559082
-0.0425415039
-0.5711517334
0.3263702393
0.3263702393
0.1631927490
0.4079742432
0.0815887451
-0.0815887451
0.1631927490
-0.0377502441
-0.0188751221
0.0566253662
0.0755004883
0.0000000000
0.0377502441
-0.9908752441
-0.0566253662
-0.4006805420
0.1335601807
-0.6232757568
0.0000000000
0.0445251465
0.4451904297
0.2671203613
-0.3116302490
-0.0303802490
0.9721832275
-0.2227935791
0.0000000000
0.0101318359
0.0202484131
-0.0101318359
0.0202484131
-0.3165283203
0.0000000000
0.1055145264
0.2110137939
-0.1055145264
0.1055145264
-0.1055145264
-0.6330566406
-0.2320098877
0.1159973145
0.3480072021
0.0000000000
0.2320098877
0.1159973145
0.0000000000
0.4640045166
0.4141693115
0.5647735596
0.4141693115
0.0000000000
0.0376586914
0.4518280029
-0.2259063721
0.1882629395
0.7456665039
0.0000000000
-0.0573577881
-0.2867889404
-0.0573577881
-0.2867889404
0.2867889404
-0.2867889404
-0.1199951172
0.0000000000
0.0000000000
-0.1199951172
0.1199951172
0.1199951172
-0.1199951172
-0.2400054932
0.8197021484
-0.0936737061
-0.2107849121
-0.0468444824
-0.4683990479
0.1170959473
-0.1405181885
0.0468444824
0.0720062256
0.2160339355
0.7921295166
-0.2160339355
0.1800231934
0.3240509033
-0.1080169678
0.2880554199
0.2416839600
0.2416839600
-0.2416839600
-0.3625183105
0.1208343506
-0.2416839600
0.1208343506
0.0000000000
-0.0096588135
-0.0579681396
0.0193176270
-0.9952239990
-0.0386505127
0.0000000000
0.0193176270
0.0289916992
-0.0562744141
0.9707641602
0.1125488281
0.0844116211
0.1266174316
-0.0703430176
0.0140686035
-0.0844116211
-0.4325408936
0.4658203125
0.0665435791
0.3659973145
0.1330871582
-0.3659973145
0.3327178955
0.3992767334
-0.0738067627
0.0368957520
0.7749328613
0.1107025146
0.0368957520
-0.4059143066
0.0738067627
-0.4059143066
-0.1202545166
-0.1202545166
-0.1202545166
-0.2405242920
0.2405242920
-0.4810485840
0.0000000000
0.1202545166
-0.1205291748
0.0361633301
0.0602569580
0.9762573242
-0.0602569580
-0.0241088867
-0.0964202881
-0.0964202881
-0.0815734863
0.9879302979
0.0000000000
0.0725097656
-0.0362548828
-0.0634460449
-0.0090637207
0.0634460449
0.0626068115
0.0417327881
0.8556365967
0.0626068115
-0.0834808350
0.4382476807
-0.2086944580
-0.0417327881
-0.0705566406
-0.9526062012
-0.1411285400
0.0000000000
0.0352783203
-0.1411285400
0.0352783203
0.0705566406
0.9541320801
0.0000000000
-0.1734771729
0.1156463623
0.0578308105
0.0867462158
0.0289154053
-0.0867462158
-0.1064758301
0.0000000000
0.1064758301
-0.1064758301
0.0000000000
0.0000000000
-0.1064758301
-0.1064758301
0.3743438721
-0.1247863770
0.2495727539
0.0000000000
-0.1247863770
0.1247863770
0.1247863770
-0.1247863770
0.0078125000
0.9920349121
-0.0702972412
0.0546722412
-0.0624847412
0.0390625000
-0.0156250000
0.0156250000
-0.0199584961
-0.0598602295
-0.3790893555
0.8978271484
-0.0798034668
-0.0798034668
0.1197052002
-0.0798034668
0.1026306152
-0.0769653320
-0.1282806396
-0.0256500244
-0.9492950439
0.1795959473
-0.0769653320
-0.0769653320
-0.4279479980
-0.0855865479
-0.1711730957
0.2567596436
-0.2567596436
-0.5991210938
0.0855865479
0.1711730957
0.1743164062
-0.3486328125
-0.4357910156
-0.1743164062
0.1743164062
0.5229492188
-0.1743164062
-0.1743164062
0.0000000000
0.2165069580
-0.1082458496
-0.1082458496
-0.4330139160
-0.4330139160
-0.1082458496
-0.3247528076
0.8647308350
-0.1572265625
0.2161865234
-0.0786132812
0.1375732422
-0.1768798828
0.2161865234
0.2554931641
0.0354309082
-0.0472412109
0.9685363770
0.1535491943
-0.0236206055
0.1535491943
0.0354309082
-0.0708618164
-0.4918975830
0.0000000000
0.2108154297
0.4216156006
0.4918975830
0.0702667236
-0.2108154297
0.2810821533
-0.0390472412
0.0000000000
0.1041107178
0.0390472412
-0.0260314941
-0.0130157471
-0.9890899658
-0.0390472412
-0.3286743164
0.0939025879
-0.6103820801
-0.0469512939
0.0939025879
0.5634307861
0.2347564697
-0.2347564697
-0.0795288086
0.9703216553
-0.2067871094
0.0158996582
0.0000000000
0.0000000000
0.0000000000
0.0318145752
-0.2494506836
0.0000000000
0.1247253418
0.1247253418
0.0000000000
0.0000000000
-0.2494506836
-0.2494506836
0.0000000000
0.0000000000
0.2369232178
-0.1184692383
0.4738464355
0.1184692383
0.0000000000
0.3553924561
0.3884582520
0.5826873779
0.3560791016
0.2589721680
0.0971069336
0.3884582520
-0.1294860840
0.3237152100
0.7012023926
-0.0467529297
0.1402435303
-0.4674682617
-0.0467529297
-0.4207305908
-0.0934906006
-0.0934906006
0.0000000000
0.0000000000
0.0000000000
0.0000000000
0.0000000000
0.1113433838
-0.2226867676
-0.1113433838
0.7786254883
-0.0834197998
-0.1668395996
0.0834197998
-0.5283508301
0.0556182861
-0.1946563721
0.0834197998
0.1308593750
0.2181091309
0.8288116455
-0.1744842529
0.2181091309
0.3053588867
0.0872497559
0.0872497559
-0.1243286133
0.1243286133
-0.1243286133
-0.2486572266
0.1243286133
-0.2486572266
0.0000000000
0.1243286133
0.0248870850
-0.0497589111
0.0248870850
-0.9952697754
0.0248870850
0.0000000000
0.0124359131
0.0000000000
-0.1273651123
0.9711914062
0.1432952881
0.0000000000
0.0159149170
-0.0955200195
0.0477600098
0.0159149170
-0.4372558594
0.4372558594
0.0000000000
0.3886718750
0.1943359375
-0.3400878906
0.2915039062
0.3886718750
-0.2892761230
-0.4821166992
0.1928405762
0.0000000000
0.0000000000
-0.2892761230
-0.3856964111
-0.2892761230
-0.1208343506
0.1208343506
0.1208343506
-0.2416839600
0.0000000000
-0.4833679199
0.2416839600
0.0000000000
-0.0675048828
0.0192871094
0.0192871094
0.9931945801
-0.0385742188
-0.0385742188
-0.0289306641
-0.0385742188
-0.0244293213
0.9892730713
-0.0488586426
0.0610656738
-0.0732727051
-0.0244293213
0.0122070312
0.0610656738
0.1075897217
-0.0538024902
0.8069305420
0.0269012451
-0.0538024902
0.4841613770
-0.2689819336
-0.0269012451
-0.0431671143
-0.9066314697
-0.1726989746
-0.0431671143
-0.0863494873
-0.2158660889
0.0000000000
0.1726989746
0.9655303955
-0.0268249512
-0.1609191895
0.0000000000
0.0804595947
0.0000000000
-0.1072845459
0.0000000000
0.0000000000
0.1228332520
0.0000000000
-0.1228332520
0.0000000000
-0.2456817627
-0.2456817627
0.1228332520
0.2344665527
-0.2344665527
0.3517150879
0.1172332764
0.2344665527
0.3517150879
0.1172332764
0.1172332764
0.0085449219
0.9920654297
-0.0598602295
0.0598602295
-0.0598602295
0.0342102051
0.0171051025
0.0342102051
-0.2483673096
-0.0354766846
-0.4257812500
0.8160705566
-0.0354766846
0.2128906250
-0.0354766846
-0.0354766846
0.1278076172
-0.0426025391
-0.0426025391
-0.0639038086
-0.9159088135
0.2982025146
-0.1490936279
-0.1065063477
-0.0981750488
-0.4908447266
-0.1963348389
0.1963348389
0.1963348389
-0.0981750488
0.1963348389
0.4908447266
0.2050018311
0.3587493896
0.1537475586
-0.4612426758
-0.1024932861
0.6662445068
-0.2050018311
-0.1024932861
0.1141510010
0.2283172607
-0.1141510010
-0.2283172607
-0.2283172607
-0.2283172607
-0.4566192627
-0.2283172607
0.9245147705
-0.1056671143
0.1320800781
-0.1056671143
0.1849060059
-0.0792388916
0.1320800781
0.1584930420
0.0947875977
-0.0316009521
0.9478454590
0.0789947510
-0.0473937988
0.2527618408
0.0473937988
-0.0947875977
-0.5288391113
-0.0480804443
0.3365325928
0.3365325928
0.5288391113
0.1442260742
-0.2403869629
0.2403869629
0.0000000000
0.0000000000
0.0628967285
-0.0419311523
-0.0209655762
-0.0838623047
-0.9853668213
0.0419311523
-0.3903503418
0.0000000000
-0.6505889893
-0.1301116943
0.0650634766
0.4554138184
0.1951751709
-0.1301116943
-0.1220397949
0.9763183594
-0.1016998291
-0.0203399658
-0.0203399658
0.0203399658
0.0203399658
0.0813598633
-0.1216278076
-0.1216278076
0.0000000000
0.1216278076
0.1216278076
-0.2432556152
-0.1216278076
-0.1216278076
-0.0868377686
0.1736755371
0.3473510742
0.1736755371
-0.0868377686
0.6947021484
0.1736755371
-0.1736755371
0.4463806152
0.4463806152
0.3571014404
0.3868560791
0.1487884521
0.4166107178
-0.2083129883
0.2380676270
0.4850311279
0.1492462158
0.1492462158
-0.4477233887
-0.2238616943
-0.5596466064
-0.2984771729
0.1492462158
0.1199951172
0.0000000000
0.2400054932
0.1199951172
-0.1199951172
0.1199951172
0.0000000000
-0.1199951172
0.6583099365
-0.0263366699
-0.1843261719
0.1316680908
-0.6583099365
0.0526580811
-0.2369842529
0.0000000000
0.2122192383
0.1414794922
0.8842468262
0.0000000000
0.0353698730
0.2122192383
0.2475891113
0.0707397461
0.0000000000
0.1113433838
0.0000000000
0.0000000000
0.2226867676
0.0000000000
-0.1113433838
0.0000000000
0.0314178467
0.0314178467
0.0785522461
-0.9898223877
0.0314178467
-0.0314178467
-0.0471343994
0.0000000000
-0.2420196533
0.9197082520
0.1694183350
-0.0242004395
0.0242004395
-0.1936187744
0.0000000000
0.0968170166
-0.4823608398
0.4823608398
-0.0603027344
0.2411804199
0.3617706299
-0.1808929443
0.3617706299
0.2411804199
-0.2519836426
-0.5543823242
-0.1511993408
-0.3527832031
-0.1007995605
0.4031829834
-0.4031829834
0.2519836426
0.0000000000
0.4341888428
0.1736755371
-0.1736755371
0.3473510742
-0.5210266113
0.2605133057
-0.1736755371
-0.0080261230
0.0080261230
0.0080261230
0.9945526123
-0.0721893311
-0.0481262207
-0.0080261230
0.0320892334
0.0740661621
0.9628753662
-0.0888824463
0.1185150146
-0.1481323242
-0.0740661621
0.0740661621
0.0740661621
0.2501068115
0.0000000000
0.7145843506
0.0714569092
-0.2143707275
0.5359344482
-0.2143707275
0.0357360840
-0.1621246338
-0.7295837402
-0.3242645264
0.0000000000
0.0000000000
0.1621246338
-0.1621246338
0.2431945801
0.9669189453
0.0537109375
-0.0537109375
-0.0805816650
0.0268554688
-0.0537109375
-0.1611480713
0.0000000000
0.1249389648
0.0000000000
-0.1249389648
-0.2498779297
-0.1249389648
-0.1249389648
-0.3748321533
0.0000000000
0.0000000000
-0.1159973145
0.2320098877
0.1159973145
0.0000000000
0.5800018311
0.0000000000
0.2320098877
0.0327453613
0.9930725098
0.0109100342
-0.0327453613
-0.0436553955
0.0327453613
0.0654754639
-0.0218200684
-0.4633026123
0.0356445312
-0.2138366699
0.6414947510
0.0356445312
0.4276580811
-0.2851104736
0.1425476074
0.1886138916
-0.0471496582
0.1178741455
-0.0707244873
-0.8722991943
0.3300628662
-0.1886138916
-0.1414489746
0.1024169922
-0.4096679688
0.0000000000
0.4096679688
0.3072509766
0.1024169922
0.4096679688
0.0000000000
0.1814422607
0.3628997803
0.3991851807
-0.4354705811
0.1451568604
0.5806274414
-0.2903137207
0.0362854004
0.1105499268
0.2211151123
-0.3316650391
-0.4422149658
-0.2211151123
0.0000000000
-0.3316650391
-0.1105499268
0.9643249512
0.1042480469
-0.0260620117
-0.0781860352
0.1042480469
0.1042480469
-0.0781860352
-0.0521240234
0.1325836182
-0.1060638428
0.9280853271
0.1060638428
-0.1591033936
0.2121276855
0.0530395508
0.0530395508
-0.5969238281
0.0000000000
0.3979492188
0.1326446533
0.5306091309
0.1326446533
-0.1326446533
0.0663299561
-0.0606536865
0.0303344727
0.0000000000
-0.0606536865
-0.0606536865
-0.0909881592
-0.9704742432
0.0909881592
-0.2250061035
0.1499938965
-0.7500000000
-0.0749969482
0.0000000000
0.3750000000
0.1499938965
0.0749969482
-0.0725708008
0.9797058105
-0.0725708008
-0.0362854004
0.0362854004
0.0907135010
0.0000000000
0.0907135010
0.0000000000
-0.1000061035
-0.1000061035
0.1000061035
0.0000000000
-0.1000061035
0.0000000000
0.0000000000
-0.0949554443
0.1424407959
0.3323516846
0.3798217773
-0.3798217773
0.6646881104
0.1899108887
-0.1424407959
0.4996948242
0.3747711182
0.3435363770
0.4684600830
0.3435363770
0.2810821533
-0.1873779297
0.0936889648
0.1203460693
0.2406921387
0.2808074951
-0.4813690186
-0.2808074951
-0.5615997314
-0.3610382080
0.2005767822
0.1113433838
0.1113433838
0.1113433838
0.0000000000
-0.1113433838
0.0000000000
-0.1113433838
0.1113433838
0.6476898193
0.0925292969
-0.2467346191
0.0616912842
-0.6168518066
0.0616912842
-0.2775878906
-0.1233673096
0.1153564453
0.0576782227
0.9517517090
0.0576782227
0.0576782227
0.1153564453
0.1730499268
0.0288391113
0.0000000000
-0.1000061035
0.1000061035
0.0000000000
0.0000000000
0.0000000000
0.1000061035
0.1000061035
-0.0166320801
0.0664978027
0.1163787842
-0.9808807373
-0.0831298828
-0.0166320801
-0.0498809814
0.0332489014
-0.0694885254
0.9381256104
-0.0694885254
-0.1042327881
-0.0347442627
-0.2084808350
-0.0694885254
0.1042327881
-0.5117034912
0.4264221191
-0.0852813721
0.1705627441
0.3411407471
-0.1705627441
0.3411407471
0.0852813721
-0.4514160156
-0.3819732666
0.2083435059
-0.3472442627
-0.1736297607
0.5555877686
-0.3125152588
0.1041717529
-0.0792999268
0.5550537109
0.1585845947
-0.1585845947
0.5550537109
-0.0792999268
0.0792999268
-0.3171691895
0.0313262939
-0.0234832764
-0.0078277588
0.9943695068
-0.0469818115
-0.0391540527
0.0000000000
0.0626373291
0.1556549072
0.9339447021
-0.0864715576
0.1729583740
-0.1729583740
-0.0691833496
0.1383666992
0.0518798828
0.3237152100
-0.0462493896
0.6936798096
0.0462493896
-0.3237152100
0.4624481201
0.0462493896
0.1387329102
-0.3557281494
-0.7114562988
-0.2134399414
0.0000000000
0.0711517334
0.2845764160
-0.2134399414
0.1422882080
0.9664001465
0.0508575439
0.0762939453
-0.1017303467
0.0000000000
-0.0254364014
-0.1525878906
-0.0508575439
0.1190643311
0.1190643311
0.0000000000
0.0000000000
-0.2381439209
-0.2381439209
0.2381439209
0.4762878418
0.2286834717
-0.1143493652
-0.0571746826
-0.3430328369
-0.2286834717
-0.5717163086
0.4573822021
-0.3430328369
-0.0207366943
0.9955291748
-0.0311126709
0.0207366943
0.0518493652
-0.0207366943
-0.0103759766
-0.0207366943
0.1454620361
-0.0090942383
-0.4363555908
0.7727203369
0.0000000000
-0.1090850830
0.1545410156
-0.3909149170
0.0325622559
0.0000000000
-0.4558410645
-0.0976715088
-0.1302337646
0.2604827881
0.7814331055
-0.2279205322
0.1197509766
-0.0958099365
0.0478973389
0.0239562988
0.6227416992
-0.2874145508
-0.4550781250
0.5269317627
0.4825286865
0.2757263184
-0.2068023682
0.2068023682
-0.6204071045
0.0000000000
0.1378631592
0.2068023682
0.1994476318
0.0797882080
0.1595611572
0.3590087891
-0.4387969971
0.1196746826
-0.1595611572
-0.7180328369
0.9322357178
-0.0909423828
-0.0454711914
0.1250610352
-0.1477966309
0.1705322266
-0.2160034180
-0.0568389893
-0.0588684082
-0.0735931396
0.9345550537
0.3311462402
0.0294342041
-0.0294342041
-0.0147247314
0.0662231445
-0.7033081055
-0.2009429932
0.0000000000
0.0000000000
-0.1004791260
0.1004791260
-0.2009429932
0.2009429932
-0.0578613281
0.0247955322
0.0413360596
0.0909271240
0.1405334473
0.0909271240
-0.9754333496
-0.0661315918
-0.3535461426
-0.0589294434
0.5892486572
0.0000000000
0.4714050293
0.1178436279
-0.0589294434
-0.4124755859
0.0603179932
0.9823608398
-0.1378784180
0.0861663818
-0.0258483887
0.0000000000
-0.0344696045
-0.0258483887
0.1322937012
0.0330657959
-0.1322937012
-0.1984252930
0.1322937012
0.0992126465
0.0661468506
-0.9260101318
-0.1398620605
-0.1398620605
0.0699310303
0.0699310303
-0.1398620605
-0.2097930908
-0.8391418457
0.1398620605
0.3091735840
0.2898559570
0.4444427490
0.0773010254
0.1352691650
0.6763305664
-0.2898559570
0.2125549316
0.6008758545
-0.2670593262
-0.2002868652
-0.0667572021
-0.2002868652
-0.0667572021
0.4673461914
-0.3338165283
0.0000000000
0.2270965576
-0.2270965576
-0.2270965576
-0.3406372070
0.4541778564
-0.1135406494
0.1135406494
0.7964172363
-0.2222595215
-0.2407836914
-0.2222595215
-0.3519134521
0.2592926025
0.0740814209
0.0370483398
-0.0260009766
0.2080078125
0.5980224609
0.1040039062
-0.3120117188
0.2600097656
0.2080078125
0.5980224609
-0.3658599854
-0.1219482422
0.1219482422
0.2438964844
0.1219482422
0.2438964844
0.1219482422
0.2438964844
-0.0293121338
0.0146636963
-0.0293121338
-0.9822082520
-0.1319427490
0.0146636963
-0.0586395264
0.0733032227
-0.0128326416
0.9496459961
0.0513305664
0.0769958496
0.2438354492
0.0641632080
-0.1283264160
-0.0641632080
-0.4402160645
0.4402160645
0.0440216064
0.4402160645
0.2421112061
-0.3301544189
0.4181976318
0.2421112061
0.1676635742
-0.0335388184
0.6706695557
0.2347259521
-0.0335388184
-0.4694671631
0.4359283447
-0.1341400146
0.2832794189
-0.1888580322
-0.1416320801
-0.3304901123
-0.0472106934
-0.3304901123
0.0000000000
-0.7554168701
0.0000000000
0.0871124268
0.0871124268
0.8929748535
-0.2613525391
-0.0217742920
-0.2831420898
-0.1524505615
-0.2910919189
0.9180450439
0.0223846436
0.1903228760
-0.0783691406
-0.1119537354
0.0223846436
0.1119537354
0.1058349609
0.0881958008
0.7937469482
0.0000000000
-0.0352783203
0.5644378662
-0.1411132812
0.0352783203
0.0000000000
-0.8926086426
-0.1700286865
-0.1700286865
-0.0850067139
-0.2550354004
0.0850067139
0.0850067139
0.9570617676
0.1472473145
-0.0368041992
0.1656494141
0.0736236572
0.0920257568
0.0184020996
0.0920257568
0.1178436279
0.0000000000
0.0000000000
0.0000000000
-0.2357025146
0.1178436279
0.1178436279
0.1178436279
0.3086853027
0.0000000000
-0.1543426514
-0.2315216064
-0.2315216064
-0.6173706055
0.3086853027
-0.3086853027
0.0207366943
0.9950408936
-0.0103607178
0.0000000000
0.0103607178
0.0310974121
0.0310974121
-0.0621948242
0.0853729248
0.0170745850
-0.4098052979
0.8281555176
-0.0085449219
-0.0853729248
0.1109924316
-0.3415069580
0.1719055176
-0.1146087646
-0.4011077881
-0.1719055176
-0.3151550293
0.3724670410
0.6876220703
-0.1719055176
0.0642089844
-0.0963134766
-0.0642089844
0.0642089844
0.4815521240
-0.1926269531
-0.5136566162
0.6420745850
0.6115264893
0.2038421631
0.0000000000
0.1019134521
-0.3057556152
0.3057556152
0.0000000000
0.1019134521
0.3213653564
0.0357055664
0.0000000000
0.3570709229
-0.2142333984
0.0714111328
-0.0357055664
-0.8212432861
0.9791870117
-0.0652770996
0.0000000000
0.0326385498
-0.1087951660
0.0761566162
-0.1196746826
-0.0108795166
-0.0455627441
0.0075988770
0.9643859863
0.2505950928
0.0075988770
-0.0075988770
0.0151824951
0.0531616211
-0.8488922119
0.1543426514
0.1543426514
0.0000000000
0.1543426514
0.0000000000
0.0000000000
0.0771789551
-0.0539703369
0.0077056885
0.0385437012
0.0770874023
0.0539703369
0.0848083496
-0.9868011475
-0.0616760254
-0.4694366455
-0.2682495117
-0.2011871338
-0.0670623779
0.3353118896
0.2682495117
0.2011871338
-0.5364990234
0.0190734863
0.9915924072
-0.1048736572
0.0286102295
0.0381317139
0.0095367432
0.0000000000
0.0095367432
0.0810089111
0.0405120850
-0.0405120850
-0.1620330811
0.0405120850
0.1620330811
0.1215209961
-0.9316711426
-0.2256317139
0.0000000000
0.2256317139
0.0752105713
-0.1504211426
-0.1504211426
-0.7520904541
0.3008422852
0.3518829346
0.3049621582
0.3988037109
0.1172943115
0.0938415527
0.6568450928
-0.3284301758
0.2111358643
0.6062622070
-0.1818847656
0.1818847656
-0.2425079346
-0.1212463379
0.0000000000
0.6062622070
-0.0606231689
0.1242218018
0.0000000000
-0.3726806641
-0.1242218018
-0.2484588623
0.2484588623
0.0000000000
-0.1242218018
0.8613433838
-0.1325073242
-0.1987762451
-0.1987762451
-0.3312835693
0.1766815186
0.0662536621
-0.0220794678
-0.0587463379
0.2055969238
0.7048950195
0.1762237549
-0.1468505859
0.1762237549
0.0293731689
0.5874176025
-0.1219482422
0.2438964844
0.1219482422
0.1219482422
-0.1219482422
0.2438964844
0.2438964844
0.3658599854
-0.0583953857
-0.0467224121
0.0467224121
-0.9810638428
-0.1284790039
0.0583953857
0.0233612061
0.0700683594
-0.0243988037
0.9758300781
0.0731811523
-0.0121917725
0.1463775635
0.0243988037
-0.0975799561
-0.0731811523
-0.4020996094
0.4595489502
0.0574493408
0.4308319092
0.2010498047
-0.3446655273
0.4308319092
0.2584991455
0.1350250244
0.0540161133
0.7561492920
0.2160491943
0.0540161133
-0.4590911865
0.3240661621
-0.1350250244
0.1242370605
-0.0621185303
0.0621185303
-0.3106079102
-0.2484893799
-0.4348449707
-0.1863555908
-0.6833343506
-0.1523437500
0.1015625000
0.0761718750
0.9140625000
-0.2285156250
-0.1015625000
-0.1777343750
-0.1015625000
-0.1794891357
0.9541015625
0.0188903809
0.1700439453
-0.0850219727
-0.0850219727
-0.0094451904
0.1039123535
0.0680236816
0.1020507812
0.8333740234
0.0000000000
-0.0170135498
0.4932250977
-0.1870880127
0.0510253906
-0.0546417236
-0.8743743896
-0.2185974121
-0.0546417236
0.1092987061
-0.2185974121
0.1092987061
0.1092987061
0.9343719482
0.1197967529
-0.0479125977
0.2395782471
-0.0958404541
0.1437530518
0.0479125977
0.0479125977
0.0000000000
0.0000000000
0.0000000000
0.0000000000
-0.0785675049
0.0785675049
0.0000000000
0.0000000000
0.4493408203
-0.1123352051
0.1123352051
-0.1123352051
-0.1123352051
-0.4493408203
0.2246704102
-0.1123352051
-0.0230102539
0.9894866943
-0.0805358887
0.0690307617
0.0000000000
0.0690307617
0.0000000000
-0.0115051270
0.0403594971
-0.0100860596
-0.4036712646
0.8578033447
0.0000000000
-0.0302734375
0.0605468750
-0.3027496338
0.2326507568
-0.1329498291
-0.2991180420
0.0000000000
-0.6314849854
0.4320678711
0.4653015137
0.0332336426
0.1195220947
-0.1792755127
-0.0597534180
0.2390289307
0.2390289307
-0.0597534180
-0.5975799561
0.5975799561
0.2432556152
0.0000000000
-0.1216278076
0.0000000000
0.0000000000
0.2432556152
0.0000000000
-0.1216278076
0.3445892334
0.0984497070
-0.2461242676
0.1476745605
-0.0984497070
0.0000000000
0.0000000000
-0.8368530273
0.9877166748
-0.0420379639
0.1050720215
-0.0210113525
-0.0420379639
-0.0210113525
0.0000000000
0.0735473633
-0.0633392334
0.0542907715
0.9863586426
0.1085968018
0.0000000000
0.0271453857
0.0452423096
0.0542907715
-0.6730346680
0.2243499756
0.2243499756
0.2804260254
0.4486846924
0.0000000000
-0.1121673584
0.2243499756
-0.0464324951
-0.0278625488
0.0371398926
0.0464324951
0.0000000000
0.0557250977
-0.9936370850
-0.0185699463
-0.3847351074
-0.2308349609
-0.4616851807
0.0000000000
0.1539001465
0.4616851807
0.2308349609
-0.3077850342
-0.0449066162
0.9878234863
-0.0449066162
-0.0149688721
0.0897979736
-0.0149688721
0.0598754883
0.0299377441
-0.0718688965
0.0000000000
0.0000000000
-0.0718688965
-0.0718688965
0.1437377930
0.2156066895
-0.8624420166
-0.1736755371
0.0868377686
0.2605133057
0.0868377686
0.0000000000
-0.2605133057
-0.4341888428
0.6078643799
0.3798065186
0.4114532471
0.4114532471
0.1582489014
-0.0316467285
0.6013488770
-0.1266021729
0.2848510742
0.6499938965
-0.1625061035
0.0541687012
-0.4333343506
-0.1083374023
0.1083374023
0.4875030518
0.0541687012
-0.0909118652
0.0000000000
-0.8182678223
0.0909118652
-0.0909118652
0.0000000000
-0.0909118652
-0.0909118652
0.8926086426
-0.0669403076
-0.1785278320
-0.0669403076
-0.3570404053
0.1338958740
0.0223083496
0.0223083496
-0.0381164551
0.2286834717
0.8003845215
0.0381164551
0.0762329102
0.0762329102
0.0000000000
0.4954833984
-0.1178436279
0.2357025146
0.0000000000
0.0000000000
0.0000000000
-0.1178436279
0.1178436279
0.1178436279
-0.0235443115
-0.0588531494
0.0706176758
-0.9887084961
-0.0706176758
0.0353088379
0.0470886230
0.0235443115
-0.0372009277
0.9919738770
0.0619964600
-0.0495910645
0.0247955322
-0.0124053955
-0.0495910645
-0.0124053955
-0.4304046631
0.5297241211
0.0993194580
0.3972930908
0.1986541748
-0.2979736328
0.3641815186
0.2648620605
0.0809631348
0.1349334717
0.8635406494
0.1349334717
0.0809631348
-0.3508148193
0.1079406738
-0.2158813477
-0.1332397461
0.0000000000
0.1332397461
-0.1998443604
-0.7327880859
-0.3330841064
-0.1332397461
-0.3330841064
-0.1660461426
0.1452941895
0.0415191650
0.9340362549
-0.1868133545
-0.1037750244
-0.1037750244
-0.0830230713
-0.0491790771
0.9836578369
-0.0196685791
0.1082000732
-0.0786895752
-0.0491790771
0.0000000000
0.0786895752
0.1228637695
0.1228637695
0.8073730469
0.0877532959
0.0175476074
0.4738922119
-0.2457275391
-0.1228637695
-0.0673675537
-0.8083648682
-0.2020874023
0.0000000000
0.1347198486
-0.1347198486
0.0000000000
0.3368225098
0.9343719482
0.0966644287
-0.1611022949
0.1611022949
-0.0644378662
0.1611022949
-0.0322265625
0.0322265625
-0.1247253418
0.1247253418
0.2494506836
0.2494506836
0.1247253418
-0.1247253418
-0.1247253418
-0.1247253418
0.1249389648
-0.1249389648
0.3748321533
0.1249389648
0.0000000000
-0.2498779297
0.0000000000
0.1249389648
-0.0265655518
0.9828186035
-0.1195373535
0.0929718018
-0.0132751465
0.0664062500
0.0132751465
0.0000000000
-0.0262603760
-0.0131225586
-0.3938140869
0.8795166016
0.0131225586
0.0787658691
0.0525054932
-0.2362823486
0.2008666992
-0.0669555664
-0.2343444824
-0.0334777832
-0.7699737549
0.5021514893
0.1339111328
0.0000000000
0.2795104980
-0.1863403320
0.0931701660
0.2795104980
0.0931701660
0.5590209961
-0.1863403320
0.3726806641
0.1855621338
0.0000000000
0.0000000000
-0.3711395264
-0.1855621338
0.6494903564
-0.1855621338
0.1855621338
0.0000000000
0.0000000000
-0.4779052734
-0.1911621094
0.0000000000
-0.2867431641
0.0000000000
-0.5734863281
0.9689483643
-0.0692138672
0.1384277344
-0.0138397217
-0.0276794434
-0.0830535889
0.0000000000
0.1522674561
-0.0227203369
0.0227203369
0.9883728027
0.0568084717
0.0340881348
0.1136016846
0.0113677979
0.0227203369
-0.3719635010
0.2066497803
0.2066497803
0.5372772217
0.5372772217
0.0826568604
-0.1653137207
0.3306274414
-0.0812377930
-0.0135345459
0.0541687012
0.0541687012
0.0270843506
0.0541687012
-0.9884643555
-0.0270843506
-0.2845764160
-0.1422882080
-0.6403198242
-0.0711517334
-0.0711517334
0.4268798828
0.2134399414
-0.2845764160
-0.0416717529
0.9793548584
-0.0416717529
0.0625152588
0.1250305176
-0.0416717529
0.0416717529
0.0208435059
0.2486572266
0.1243286133
-0.1243286133
-0.2486572266
0.1243286133
0.0000000000
0.1243286133
-0.1243286133
-0.1238555908
0.0000000000
0.1238555908
0.1238555908
0.2477111816
-0.1238555908
-0.2477111816
0.3715667725
0.4249114990
0.4721374512
0.3777008057
0.2360687256
0.0000000000
0.3777008057
0.0472106934
0.4249114990
0.6815948486
-0.1048583984
0.0524291992
-0.5243072510
-0.2097167969
-0.0524291992
0.3145904541
0.1048583984
-0.1082458496
-0.1082458496
-0.5412597656
0.2165069580
-0.2165069580
0.0000000000
-0.2165069580
0.3247528076
0.8715972900
0.0000000000
-0.1564483643
0.0446929932
-0.4246215820
0.0670471191
-0.1117401123
0.0223541260
0.0000000000
0.2185211182
0.8740997314
-0.1311187744
0.1748199463
0.0437011719
0.0874176025
0.2622375488
-0.1000061035
0.1000061035
0.0000000000
0.0000000000
0.0000000000
0.0000000000
0.1000061035
0.1000061035
0.0139770508
-0.0559387207
0.0559387207
-0.9928283691
0.0279693604
0.0000000000
0.0279693604
0.0000000000
-0.0287170410
0.9908752441
0.0143585205
-0.0430755615
-0.0574493408
-0.0143585205
-0.0574493408
0.0430755615
-0.4812164307
0.6124572754
0.1312408447
0.3499755859
0.2187347412
-0.2187347412
0.2187347412
0.2187347412
0.1557769775
0.1557769775
0.9034881592
0.0000000000
0.0934600830
-0.1557769775
-0.0934600830
-0.2492370605
-0.1659088135
-0.0829620361
0.0829620361
-0.3318328857
-0.7466278076
-0.1659088135
0.0000000000
-0.1659088135
-0.1460266113
0.0730133057
-0.0182495117
0.9674682617
-0.0912780762
-0.1095275879
-0.0547637939
-0.0547637939
0.0114746094
0.9869384766
-0.0344238281
0.0918121338
-0.0803375244
-0.0458984375
0.0114746094
0.0573730469
0.1660003662
0.1897125244
0.7351531982
0.1660003662
-0.0711364746
0.4268646240
-0.2608642578
-0.3082885742
-0.1463775635
-0.6587219238
-0.1463775635
-0.2195739746
-0.0731964111
-0.0731964111
-0.1463775635
0.5123443604
0.9030761719
0.0722503662
-0.3251037598
-0.0361175537
0.1083679199
0.0361175537
-0.0722503662
0.1083679199
0.1243286133
0.1243286133
0.1243286133
0.0000000000
0.1243286133
-0.2486572266
-0.2486572266
0.1243286133
0.1178436279
-0.1178436279
0.4714050293
0.2357025146
0.1178436279
-0.3535461426
0.0000000000
0.0000000000
-0.0248107910
0.9927368164
-0.0744476318
0.0496368408
-0.0248107910
0.0124053955
0.0124053955
0.0000000000
-0.1080627441
0.0180053711
-0.3421783447
0.8824768066
0.0360260010
0.2161102295
0.0360260010
-0.1800994873
0.1319885254
0.0527954102
-0.0263977051
-0.1055908203
-0.8446807861
0.4751434326
0.0000000000
-0.0791931152
0.3494262695
-0.2717742920
-0.1164703369
0.1164703369
0.4658966064
0.6600189209
-0.0388183594
0.2717742920
0.0000000000
-0.1932067871
-0.0966033936
-0.5313110352
0.0482940674
0.6762084961
-0.1448974609
0.3381042480
0.0000000000
0.2283172607
-0.3424682617
-0.2283172607
-0.2283172607
-0.2283172607
-0.3424682617
-0.2283172607
0.9680480957
-0.0592651367
0.0197601318
0.0197601318
-0.0987854004
-0.0395050049
-0.0987854004
0.1580505371
0.0144958496
0.0144958496
0.9711151123
0.0434875488
-0.0144958496
0.2174072266
0.0144958496
-0.0144958496
-0.4293365479
0.1717376709
0.2575988770
0.4293365479
0.6010742188
0.0858612061
-0.1287994385
0.3005371094
-0.0550537109
0.0183563232
0.0183563232
-0.0183563232
0.0550537109
-0.0183563232
-0.9908599854
0.0000000000
-0.2048797607
-0.0682983398
-0.8195037842
-0.2048797607
-0.1365814209
0.1365814209
-0.0682983398
-0.2048797607
-0.0193939209
0.9890136719
-0.0581817627
0.0193939209
0.0581817627
-0.0387878418
-0.0193939209
0.0193939209
0.1228332520
-0.1228332520
-0.2456817627
-0.2456817627
0.1228332520
0.0000000000
0.0000000000
0.0000000000
0.0905609131
0.2716674805
0.2716674805
0.2716674805
0.0000000000
0.6338958740
0.2716674805
-0.0905609131
0.5466308594
0.3644256592
0.3644256592
0.3036804199
0.1822052002
0.3036804199
-0.0607299805
0.3036804199
0.7384338379
0.0568084717
0.1704101562
-0.3408203125
-0.2272186279
-0.3408203125
-0.0568084717
0.1704101562
0.0000000000
-0.1228332520
0.0000000000
0.1228332520
-0.2456817627
0.0000000000
-0.1228332520
0.2456817627
0.7507324219
0.0441589355
-0.1766357422
0.1324768066
-0.5740814209
0.0220794678
-0.1987152100
0.0220794678
0.0925750732
0.0925750732
0.9565734863
-0.0617065430
0.0925750732
0.0000000000
0.1542816162
0.0308532715
-0.1249389648
0.1249389648
0.1249389648
0.1249389648
0.3748016357
-0.1249389648
0.1249389648
0.0000000000
0.0310058594
-0.0155029297
0.0620117188
-0.9921569824
0.0310058594
0.0000000000
0.0310058594
-0.0310058594
-0.0793304443
0.9837493896
-0.0158691406
-0.0476074219
-0.0317382812
-0.0634613037
-0.0793304443
0.0634613037
-0.5933685303
0.5933685303
0.1186676025
0.2373504639
0.1780090332
-0.1186676025
0.1780090332
0.1780090332
0.1007690430
0.0000000000
0.9069366455
-0.1679534912
0.0335845947
0.0000000000
-0.1007690430
-0.3023071289
0.0000000000
0.2019042969
0.0000000000
-0.4037933350
0.0000000000
-0.5047454834
0.1009521484
-0.4037933350
-0.0406036377
0.0270690918
0.0270690918
0.9880218506
-0.0812072754
-0.0676727295
-0.0541381836
0.0270690918
0.0525970459
0.9730072021
-0.0394439697
0.1183319092
-0.1314849854
-0.0394439697
0.0788879395
0.0657501221
0.2761383057
0.3451690674
0.5867919922
0.2416229248
-0.2761383057
0.4142150879
-0.1380767822
-0.3106536865
-0.1499938965
-0.6750030518
-0.1499938965
-0.2250061035
0.0749969482
0.1499938965
-0.3000030518
0.3750000000
0.8567352295
0.1168212891
-0.1947174072
-0.2725982666
0.1557769775
-0.0778808594
-0.2336578369
0.0778808594
0.1000061035
0.0000000000
0.1000061035
0.0000000000
0.0000000000
0.0000000000
-0.1000061035
0.1000061035
-0.2490844727
-0.1245422363
0.1245422363
0.3736267090
-0.1245422363
-0.1245422363
-0.1245422363
-0.1245422363
0.0146026611
0.9927215576
0.0146026611
-0.0437927246
-0.0146026611
-0.0291900635
0.0583953857
-0.0291900635
-0.2017974854
0.1345367432
-0.2914886475
0.8744506836
0.0224151611
0.2017974854
-0.0448455811
-0.1793670654
0.0942535400
0.0235595703
0.1649322510
-0.1178131104
-0.8246917725
0.4712524414
0.0471191406
-0.1649322510
0.2932434082
-0.2443695068
0.0000000000
0.0977478027
0.5864715576
0.6353454590
-0.0977478027
0.0977478027
0.0420837402
-0.2946319580
-0.1683654785
-0.4208984375
0.4208984375
0.6313476562
-0.1683654785
0.2104492188
0.2381439209
0.2381439209
0.0000000000
-0.2381439209
-0.4762878418
0.1190643311
-0.1190643311
0.0000000000
0.9723815918
-0.0243072510
-0.0486145020
0.0243072510
-0.0486145020
-0.0243072510
-0.1701660156
0.0000000000
0.0461730957
-0.0461730957
0.9465637207
0.0692596436
-0.1154327393
0.2539520264
0.0000000000
0.0000000000
-0.5401306152
0.2025451660
0.3375854492
0.1350250244
0.6076354980
0.0675201416
-0.0675201416
0.0675201416
0.0000000000
0.0265960693
0.0265960693
-0.0265960693
0.0797729492
-0.0265960693
-0.9838867188
0.0000000000
-0.1761627197
0.1761627197
-0.8221130371
0.0000000000
-0.0587158203
0.2348937988
-0.2936096191
-0.0587158203
-0.0164947510
0.9894714355
-0.0824584961
-0.0329895020
0.0164947510
0.0329895020
-0.0494689941
0.0164947510
0.0000000000
-0.1000061035
-0.1000061035
0.0000000000
-0.1000061035
-0.1000061035
0.0000000000
0.0000000000
-0.0530853271
0.2123565674
0.3716278076
0.3716278076
-0.3185424805
0.5839843750
0.3716278076
-0.0530853271
0.6140594482
0.2791137695
0.2791137695
0.3907623291
0.3907623291
0.1674652100
-0.0558166504
0.1674652100
0.5969238281
0.0663299561
0.3316345215
-0.3316345215
-0.0663299561
-0.3979492188
-0.2653045654
0.1989746094
0.1250000000
-0.2500000000
0.3750000000
0.1250000000
0.0000000000
0.0000000000
0.0000000000
0.1250000000
0.6631622314
0.0795745850
-0.2387390137
0.0530548096
-0.6631469727
0.0000000000
-0.1591644287
-0.0795745850
0.0897521973
0.0000000000
0.9573669434
0.0299224854
0.1495819092
-0.0299224854
0.1196746826
-0.0897521973
0.0000000000
0.0000000000
0.1064758301
0.0000000000
0.2129516602
0.0000000000
0.0000000000
0.0000000000
0.0529174805
0.0529174805
0.0529174805
-0.9879302979
-0.0705718994
0.0176391602
0.0176391602
0.0000000000
-0.0365753174
0.9877014160
-0.0548706055
-0.0182952881
0.0182952881
-0.0548706055
-0.0731658936
0.0182952881
-0.6495208740
0.2165069580
0.0000000000
-0.1082458496
0.1082458496
-0.1082458496
0.2165069580
-0.1082458496
-0.0298309326
0.0895080566
0.8951263428
-0.2088623047
0.0298309326
0.0298309326
-0.0895080566
-0.3282165527
0.1782989502
0.3566131592
0.0000000000
-0.3566131592
0.4457702637
-0.0891571045
0.1782989502
-0.4457702637
0.0313262939
-0.0104370117
0.0313262939
0.9921112061
-0.0417785645
-0.0417785645
-0.0626525879
0.0522155762
0.1232604980
0.9508819580
-0.0352172852
0.1232604980
-0.1760864258
-0.0176086426
0.1232604980
0.0880432129
0.2513580322
0.3518981934
0.5529785156
0.1005401611
-0.4524383545
0.4524383545
0.0502777100
-0.0502777100
-0.1553802490
-0.8805236816
-0.1035919189
-0.2071838379
0.0517883301
0.0517883301
-0.2071838379
0.1035919189
0.8963775635
0.1379089355
0.0000000000
-0.2413330078
0.1034240723
-0.1034240723
-0.2413330078
0.0344696045
-0.2246704102
0.4493408203
0.0000000000
0.3370056152
0.1123352051
-0.1123352051
0.3370056152
0.1123352051
0.0756225586
-0.6428222656
0.3781280518
-0.0756225586
-0.2646942139
-0.4915771484
0.2268829346
-0.1512451172
-0.1147003174
0.9559020996
-0.1147003174
0.1274566650
-0.0127410889
-0.0254974365
-0.0764770508
0.1784362793
0.1763610840
-0.0330657959
-0.5511169434
0.7274780273
-0.0661315918
-0.0330657959
0.0330657959
-0.3527069092
0.1398468018
-0.0839080811
-0.5314331055
0.0839080811
0.4195556641
-0.1398468018
0.6712951660
0.1118774414
0.2919158936
-0.3127593994
-0.2293548584
0.0208435059
0.5838317871
0.0834045410
-0.4378662109
0.4587249756
0.2662353516
0.5705108643
0.0760650635
-0.1521301270
-0.6275634766
0.3042755127
-0.0760650635
0.2662353516
0.4650421143
0.1033477783
-0.4392089844
0.3100280762
-0.0516662598
0.1808471680
-0.2066802979
-0.6200561523
0.7705841064
-0.0963287354
-0.1926422119
0.1284332275
-0.1926422119
0.3852996826
-0.2889709473
-0.2568664551
0.0000000000
-0.0232849121
0.9545745850
0.2793884277
0.0155181885
-0.0310363770
-0.0465698242
0.0698547363
-0.6730804443
-0.4659729004
0.1294403076
-0.1035461426
0.2329864502
0.3365325928
-0.3106536865
0.1294403076
-0.0497283936
0.0331573486
0.0331573486
-0.0082855225
0.0580139160
0.0000000000
-0.9945220947
0.0248565674
-0.1976928711
-0.4612731934
0.6589508057
0.0659027100
0.2635803223
0.1317901611
-0.1976928711
-0.1976928711
-0.0312042236
0.9907684326
-0.0780181885
-0.0312042236
-0.0546112061
-0.0702056885
0.0156097412
-0.0156097412
0.0930938721
0.1861724854
-0.2327270508
-0.2327270508
0.2327270508
0.1396331787
-0.0465393066
-0.8377990723
-0.1205902100
0.6632537842
0.1808929443
0.1808929443
-0.1808929443
0.4220733643
0.3014831543
0.2411804199
0.2148590088
0.2363433838
0.5156707764
0.1504058838
0.0429687500
0.6016082764
-0.4297180176
0.2148590088
0.2414703369
-0.0345001221
-0.4139556885
-0.5174560547
-0.1379852295
-0.2069854736
-0.3104705811
0.5519409180
-0.1240081787
0.1860046387
-0.8680267334
-0.1240081787
-0.1240081787
0.1860046387
0.0000000000
0.0619964600
0.7506561279
-0.2200164795
-0.1035308838
-0.4400329590
-0.3623809814
0.1553039551
0.0517730713
0.1423645020
0.0762023926
0.0762023926
0.7365570068
0.2285919189
-0.3809814453
0.0000000000
0.2031860352
0.4317779541
-0.2038421631
-0.4076843262
0.1019134521
0.4076843262
-0.2038421631
0.3057556152
0.3057556152
0.1019134521
-0.0221099854
-0.0221099854
-0.0221099854
-0.9506072998
-0.2210693359
0.0663146973
0.0442199707
0.1547546387
-0.0997467041
0.9743957520
0.0537109375
0.0153503418
0.1611175537
0.0613861084
-0.0767211914
0.0000000000
-0.3069610596
0.2631072998
0.0657806396
0.5042877197
0.3727416992
-0.3288879395
0.4385223389
0.3508148193
-0.1534881592
-0.6753234863
-0.0920867920
0.2148742676
-0.2148742676
-0.0613861084
0.0920867920
0.6139373779
0.2859191895
0.1559600830
-0.1559600830
-0.2859191895
-0.0259857178
-0.5458374023
-0.1039733887
-0.6757965088
0.0141448975
0.0848846436
-0.0707397461
0.9478912354
-0.1697692871
0.1697692871
-0.1556243896
-0.0282897949
-0.2754974365
0.8890991211
0.0375671387
0.0250396729
-0.2379302979
-0.1878356934
0.1377410889
0.1252288818
0.4280548096
0.2675323486
0.4815521240
-0.2675323486
-0.0535125732
0.5885620117
-0.1070098877
0.2407836914
-0.0520782471
-0.7290496826
-0.3124542236
-0.1041564941
-0.0520782471
-0.4686737061
0.0520782471
0.2082977295
0.8954925537
0.0771942139
0.0771942139
0.1852722168
0.2161560059
0.1080780029
-0.0926361084
0.2779083252
0.2393341064
0.4786834717
-0.1196746826
0.2393341064
0.1196746826
0.1196746826
0.1196746826
-0.1196746826
0.0462951660
-0.6944274902
0.3703613281
0.0462951660
-0.1388854980
-0.5092468262
0.1388854980
-0.0925903320
-0.1149291992
0.9322204590
-0.1404724121
0.1532440186
0.0127716064
0.0000000000
-0.1277008057
0.2298583984
0.1496582031
0.0099792480
-0.5188293457
0.7682647705
-0.0698394775
0.0000000000
0.0399169922
-0.3292541504
0.0593566895
-0.1187133789
-0.5045471191
0.2077636719
0.4748687744
-0.2374420166
0.5639190674
0.2374420166
0.3026123047
-0.2420806885
-0.1613922119
-0.0201721191
0.6657409668
0.3429565430
-0.3429565430
0.3631286621
0.2494354248
0.5180664062
0.1151275635
-0.2302551270
-0.5564422607
0.4221343994
-0.0959320068
0.3070068359
0.3840942383
0.1280364990
-0.4865112305
0.3584899902
0.1536407471
0.1280364990
-0.1792449951
-0.6145477295
0.8683319092
-0.0420227051
-0.0840301514
0.1120452881
-0.1820678711
0.2801055908
-0.2801055908
-0.1680603027
-0.0468597412
0.0749816895
0.9747772217
0.1687164307
0.0093688965
-0.0843505859
-0.0187530518
0.0562438965
-0.7896881104
-0.3384399414
0.1410217285
-0.1410217285
0.2538299561
0.2538299561
-0.2538299561
0.0564117432
-0.0620727539
0.0387878418
0.0465545654
-0.0310363770
-0.0543060303
0.0155181885
-0.9930572510
0.0155181885
-0.5377044678
-0.6721191406
0.0000000000
-0.2016296387
-0.1344299316
0.0672149658
0.0672149658
0.2016296387
-0.0582885742
0.9826202393
-0.0582885742
-0.0915985107
-0.0499572754
-0.1082611084
0.0333099365
-0.0416412354
0.0000000000
0.2144775391
-0.2144775391
-0.2144775391
0.2144775391
0.2680969238
0.0536193848
-0.8043060303
0.0000000000
0.6733398438
0.2071838379
0.2071838379
-0.0517883301
0.4143676758
0.2589721680
0.3625640869
0.2652282715
0.2873229980
0.4641418457
0.2210235596
0.0442047119
0.6188507080
-0.3978271484
0.1547088623
0.3815307617
-0.0953826904
-0.1907653809
-0.5722961426
-0.0953826904
-0.1589660645
-0.2225494385
0.6040802002
0.0866699219
-0.0433349609
-0.9533691406
-0.0433349609
-0.0433349609
0.1300048828
0.0000000000
0.0000000000
0.7327880859
-0.1587677002
-0.0977020264
-0.4763183594
-0.3908233643
0.1343383789
-0.0244293213
0.1587677002
0.0000000000
-0.0520782471
0.8852233887
0.1822509766
-0.2603607178
-0.0781097412
0.1301879883
0.2603607178
0.0000000000
-0.1238555908
0.1238555908
0.1238555908
-0.2477111816
0.3715667725
0.2477111816
-0.1238555908
0.0186004639
-0.0743865967
0.0186004639
-0.9485015869
-0.1859741211
0.0372009277
0.1115875244
0.1859741211
-0.0621490479
0.9866943359
0.0233001709
0.0233001709
0.1165313721
0.0543823242
-0.0543823242
-0.0077667236
-0.3104095459
0.3325805664
0.1773834229
0.5099639893
0.3104095459
-0.3104095459
0.4434509277
0.3104095459
-0.0360717773
-0.4689941406
0.6493682861
0.3246917725
-0.1082305908
-0.0721588135
0.0721588135
0.4329071045
0.2655944824
0.1180419922
-0.1180419922
-0.3541259766
-0.3246154785
-0.5016937256
-0.2065734863
-0.5902252197
0.0000000000
0.0991058350
-0.1132659912
0.9628143311
-0.1557464600
0.1274261475
-0.0566406250
0.0141601562
-0.1310272217
0.9529113770
0.0595550537
-0.0238189697
-0.1905822754
-0.1310272217
0.0595550537
0.0952911377
0.3748626709
0.2499084473
0.6747589111
-0.1749420166
0.0249938965
0.4998168945
-0.1999206543
0.0249938965
-0.1417999268
-0.8507843018
-0.2835998535
0.0000000000
0.0472717285
-0.2363281250
-0.0945281982
0.1890563965
0.8419036865
0.0841979980
0.1010284424
0.2357330322
0.2189025879
0.1178741455
-0.1010284424
0.3704376221
0.2438964844
0.3658599854
0.1219482422
0.3658599854
0.0000000000
0.1219482422
0.0000000000
-0.1219482422
0.1128845215
-0.6208496094
0.3950958252
0.1128845215
0.0564422607
-0.5644073486
0.0564422607
-0.0564422607
-0.1001281738
0.9297943115
-0.1716613770
0.1430511475
0.0000000000
0.0000000000
-0.1287384033
0.2288665771
0.1494903564
-0.0106811523
-0.4911651611
0.7687835693
-0.0213623047
-0.0106811523
0.0960998535
-0.3630371094
-0.0487518311
0.0000000000
-0.3900604248
0.2437896729
0.1462707520
0.0000000000
0.7313537598
0.3900604248
0.2695617676
-0.1225280762
0.0245056152
-0.0735168457
0.6861724854
0.5881500244
-0.1470336914
0.2205505371
0.1194458008
0.3822326660
0.0477752686
-0.2866821289
-0.5016937256
0.5733642578
-0.1672363281
0.3583526611
0.2516479492
0.1677703857
-0.5452423096
0.3774719238
0.2516479492
0.0838775635
-0.2097015381
-0.5452423096
0.9400634766
-0.0501403809
0.0626678467
0.1002807617
-0.1629486084
0.1504058838
-0.2130889893
-0.0125274658
-0.0848846436
0.1212615967
0.9701385498
0.1091461182
0.0363769531
-0.1212615967
0.0242462158
0.0606384277
-0.8686676025
-0.1579437256
0.1184539795
0.0394897461
0.2763977051
0.1184539795
-0.1974182129
0.1579437256
-0.0420227051
0.0084075928
0.0168151855
-0.0672454834
-0.0588378906
0.0168151855
-0.9919128418
0.0588378906
-0.5567321777
-0.4175415039
-0.3711547852
-0.3247528076
-0.2783660889
0.0000000000
0.1391754150
0.3247528076
-0.0347290039
0.9839935303
-0.0463104248
-0.0694580078
-0.0231475830
-0.1157684326
0.0231475830
-0.0694580078
0.0000000000
0.0000000000
0.0000000000
-0.3329620361
0.2497100830
0.1664733887
0.0000000000
-0.7491455078
-0.0474243164
0.6165161133
0.1422729492
0.2845458984
-0.0948486328
0.5216674805
0.2845458984
0.2845458984
0.3793640137
0.4016723633
0.4686279297
0.2677917480
0.0669403076
0.5355682373
-0.1562042236
0.2677917480
0.5373535156
-0.0848388672
-0.1414031982
-0.5090789795
-0.1414031982
-0.2262573242
-0.1979675293
0.5373535156
0.0333099365
-0.0999298096
-0.9659729004
0.0666198730
-0.0333099365
0.0000000000
-0.0666198730
0.0999298096
0.7980804443
-0.1046600342
-0.0654144287
-0.3925018311
-0.3925018311
0.1046600342
-0.0785064697
0.1308288574
-0.0536804199
-0.1610412598
0.9393920898
-0.0268402100
-0.2147216797
-0.1342010498
0.0268402100
0.0000000000
-0.1242218018
-0.1242218018
-0.2484588623
0.0000000000
-0.1242218018
0.2484588623
0.0000000000
-0.3726806641
0.0700073242
-0.0525054932
0.0525054932
-0.9800262451
-0.0525054932
0.0525054932
0.1050109863
0.0525054932
0.0096435547
0.9940643311
-0.0289459229
0.0579071045
0.0193023682
0.0482482910
-0.0193023682
-0.0386047363
-0.4065856934
0.4783477783
0.2152557373
0.4783477783
0.2630920410
-0.2391662598
0.3587646484
0.2391662598
0.1667785645
0.0000000000
0.9450988770
0.2223815918
0.0278015137
-0.0555877686
-0.0278015137
0.0000000000
0.0469970703
0.0000000000
-0.0469970703
-0.5170440674
-0.5640563965
-0.4700469971
-0.0940093994
-0.3290252686
-0.0140991211
0.0986785889
-0.0563812256
0.9727020264
-0.1409759521
0.0845794678
-0.0845794678
-0.0140991211
-0.0357513428
0.9889984131
0.0595855713
-0.0357513428
-0.0595855713
-0.0834045410
-0.0238342285
-0.0119171143
0.2440185547
0.3327484131
0.6876831055
0.0000000000
-0.0221862793
0.4880371094
-0.2662048340
-0.1774597168
-0.0894012451
-0.9386291504
-0.1340942383
0.0446929932
0.0446929932
0.0894012451
-0.0894012451
0.0894012451
0.8413085938
0.0664215088
0.0000000000
0.2435302734
0.2656707764
0.0664215088
-0.1107025146
0.3542327881
0.2449493408
0.1224670410
0.1224670410
0.4898986816
0.1224670410
0.0000000000
0.0000000000
-0.1224670410
0.1539001465
-0.4616851807
0.3847351074
0.0769500732
0.0769500732
-0.6155700684
0.0000000000
-0.1539001465
-0.0356140137
0.9615173340
-0.1424407959
0.1068420410
-0.0178070068
-0.0356140137
-0.0712280273
0.1602478027
0.1199188232
-0.0266571045
-0.4263916016
0.7728424072
0.0133209229
0.0133209229
0.1998748779
-0.3997497559
0.1931152344
0.0000000000
-0.1158599854
-0.1158599854
-0.6565704346
0.5793304443
0.3475952148
0.0000000000
0.2282257080
-0.0760803223
0.0760803223
-0.0760803223
0.5832214355
0.7353820801
-0.0760803223
0.1521453857
0.0000000000
0.0525207520
-0.0262603760
-0.3676300049
-0.1575622559
0.7352752686
-0.1575622559
0.4989318848
0.0000000000
0.3165283203
-0.3165283203
0.2110137939
0.5275421143
-0.1055145264
-0.1055145264
-0.2110137939
0.9594116211
-0.0767517090
0.0639648438
0.1023406982
-0.1151275635
0.0511627197
-0.1790924072
0.0767517090
-0.0269622803
0.0808715820
0.9839630127
0.0943603516
0.0269622803
-0.0539093018
0.0404357910
0.0673980713
-0.7512359619
0.1408538818
0.1408538818
0.2817230225
0.4225769043
0.0469512939
-0.0939025879
0.2347564697
-0.0393829346
0.0196838379
0.0000000000
-0.0492248535
0.0196838379
0.0295410156
-0.9944152832
0.0492248535
-0.6412963867
-0.3206481934
-0.5038757324
-0.2748413086
-0.2290344238
0.0916137695
0.0916137695
0.1374206543
0.0156555176
0.9861755371
-0.0626068115
-0.0156555176
-0.0156555176
-0.0939178467
-0.0469665527
-0.0626068115
0.3165283203
0.1055145264
-0.2110137939
-0.3165283203
0.5275421143
0.0000000000
-0.2110137939
-0.1055145264
-0.1644287109
0.4933013916
0.0548095703
0.3288726807
-0.1644287109
0.5481109619
0.4384918213
0.0000000000
0.4813690186
0.4247436523
0.3681030273
0.2831573486
0.1698913574
0.3964233398
-0.0566253662
0.3964233398
0.7101287842
-0.0591735840
-0.0591735840
-0.4142456055
-0.1479492188
-0.2958831787
-0.0887603760
0.4142456055
0.0417938232
-0.0835876465
-0.9194793701
0.0417938232
-0.1253814697
-0.0835876465
-0.0417938232
0.2507629395
0.7967071533
-0.0590209961
-0.1032714844
-0.2950744629
-0.4426116943
0.1032714844
-0.2065582275
0.0885162354
-0.1008911133
-0.2017669678
0.9079589844
-0.0336303711
-0.1345062256
-0.1008911133
-0.2017669678
-0.1345062256
-0.2258758545
-0.1129455566
-0.2258758545
0.1129455566
-0.1129455566
0.4517517090
-0.2258758545
-0.3388214111
0.0993194580
-0.0794525146
0.0993194580
-0.9733886719
0.0596008301
0.0596008301
0.0794525146
0.0198669434
0.0848846436
0.9760894775
-0.0424346924
0.1273193359
-0.0707244873
0.0565795898
-0.0141448975
-0.0848846436
-0.4661254883
0.5697174072
0.2589569092
0.4402313232
0.2330627441
-0.2071685791
0.2330627441
0.1553802490
0.2151641846
0.2151641846
0.8821563721
0.1506042480
0.0860595703
-0.0645446777
0.0430297852
-0.2797088623
0.0000000000
-0.0805511475
-0.1611022949
-0.7249298096
-0.1611022949
-0.4027404785
-0.1611022949
0.0805511475
-0.0501251221
0.0835266113
0.0000000000
0.9689483643
-0.1336517334
0.0668182373
-0.1336517334
-0.0501251221
0.0000000000
0.9902038574
0.0375976562
-0.0125274658
0.0125274658
-0.0877380371
-0.0501403809
-0.0501403809
0.1583862305
0.3620452881
0.7240753174
0.1131439209
-0.1131439209
0.4072875977
-0.1583862305
-0.2941589355
-0.1342315674
-0.9395751953
-0.0447387695
-0.0447387695
0.0447387695
0.1342315674
-0.0447387695
-0.0894775391
0.8853302002
0.0000000000
-0.0590209961
0.1475524902
0.2655944824
-0.0885314941
-0.1180419922
0.2655944824
0.2498626709
0.3748016357
0.0000000000
0.1249389648
0.1249389648
0.0000000000
0.0000000000
0.0000000000
0.1730346680
-0.2595672607
0.3460845947
0.0000000000
0.0865173340
-0.6921691895
-0.0865173340
-0.1730346680
0.0182800293
0.9871978760
-0.0548400879
0.0731201172
-0.0182800293
-0.0548400879
-0.0365600586
0.0365600586
0.0648803711
0.0162200928
-0.3406677246
0.8435363770
0.0162200928
0.0973358154
0.2108917236
-0.3244323730
0.2364959717
0.0262756348
0.0000000000
-0.1313934326
-0.7620544434
0.5255584717
0.2102203369
-0.0525512695
0.2623596191
-0.1412811279
-0.0605468750
-0.0403594971
0.6054534912
0.6861877441
-0.1210937500
0.2018127441
-0.1382446289
-0.2764739990
-0.2764739990
-0.3041229248
0.1935424805
0.7188415527
-0.0829467773
0.3870697021
0.0000000000
0.2344665527
0.5861816406
0.1172332764
-0.1172332764
0.0000000000
-0.1172332764
-0.1172332764
0.9536132812
-0.0769042969
0.0000000000
0.0769042969
-0.1230468750
0.0307617188
-0.1999511719
0.1230468750
0.0153198242
0.0306396484
0.9805603027
0.0612792969
-0.0919342041
0.1072540283
0.0765991211
-0.0153198242
-0.7113647461
0.0948486328
0.1896972656
0.2371215820
0.5216674805
0.0474243164
-0.0948486328
0.1896972656
-0.0478668213
0.0478668213
-0.0239410400
-0.0119628906
0.0478668213
0.0359039307
-0.9932403564
0.0000000000
-0.6567840576
-0.1641998291
-0.6567840576
-0.2052459717
-0.0820922852
0.0820922852
0.0000000000
0.0000000000
0.0171966553
0.9802703857
-0.1203918457
-0.0171966553
0.0000000000
-0.0515899658
-0.1031799316
0.0343933105
0.0000000000
-0.1064758301
-0.1064758301
-0.1064758301
0.1064758301
0.0000000000
-0.1064758301
0.0000000000
-0.0912322998
0.4105529785
0.0912322998
0.1824645996
-0.1368560791
0.6842498779
0.4561614990
-0.1368560791
0.5070037842
0.3718109131
0.3718109131
0.2366027832
0.2366027832
0.4394073486
-0.1013946533
0.3379974365
0.8187713623
-0.0655059814
0.0327453613
-0.2620086670
-0.0982513428
-0.3930053711
-0.0655059814
0.2292633057
0.0000000000
0.0000000000
-0.7348480225
0.0000000000
0.0000000000
-0.1049804688
0.0000000000
0.2099609375
0.7032318115
0.0000000000
-0.1886749268
-0.1715240479
-0.6174774170
0.0857543945
-0.2058258057
0.0000000000
-0.0425109863
-0.2125244141
0.7650909424
0.1275177002
-0.1275177002
-0.1700286865
-0.4675598145
-0.1700286865
-0.2477111816
0.1238555908
-0.2477111816
0.1238555908
0.1238555908
0.1238555908
0.0000000000
-0.3715667725
0.0614013672
-0.0204620361
0.0818634033
-0.9824371338
0.0409393311
0.0818634033
0.0204620361
-0.0409393311
0.0807647705
0.9692535400
-0.0646209717
0.1615447998
-0.0807647705
0.0484619141
0.0000000000
-0.0807647705
-0.5972290039
0.5972290039
0.1706390381
0.3412780762
0.0853118896
-0.1706390381
0.1279754639
0.1706390381
0.1863708496
0.1863708496
0.8904113770
0.0621185303
0.0414123535
-0.0828247070
0.0414123535
-0.3313140869
0.2184143066
0.1456146240
-0.2184143066
-0.5824584961
0.2912292480
-0.5096435547
-0.1456146240
0.0000000000
-0.1595458984
0.1196594238
0.1196594238
0.9174194336
-0.1595458984
0.1196594238
-0.1794891357
-0.1396026611
-0.0419006348
0.9914703369
0.0279235840
0.0558624268
-0.0419006348
-0.0558624268
0.0000000000
-0.0139617920
0.2172393799
0.3530120850
0.7060089111
0.1357727051
-0.2172393799
0.3801574707
-0.0814666748
-0.2986907959
-0.0772399902
-0.9269256592
-0.1158599854
-0.1544799805
0.1931152344
0.0000000000
-0.0772399902
-0.0772399902
0.7984466553
0.0399169922
-0.0798492432
-0.0399169922
0.3193817139
-0.1996154785
-0.3193817139
0.2395324707
0.1064758301
0.1064758301
0.0000000000
0.0000000000
0.1064758301
0.0000000000
0.1064758301
-0.1064758301
0.2270965576
-0.1135406494
0.2270965576
0.1135406494
0.0000000000
-0.5677337646
0.0000000000
-0.2270965576
0.0549163818
0.9883575439
0.0183105469
-0.0183105469
0.0000000000
-0.0915222168
-0.0183105469
0.0000000000
0.0171661377
0.0858306885
-0.3261871338
0.8927001953
0.0171661377
0.0514984131
0.1373443604
-0.2403411865
0.1084594727
0.0000000000
0.1355743408
-0.1084594727
-0.7863159180
0.4880523682
0.2440338135
-0.1355743408
0.1689300537
-0.1206665039
-0.0482635498
-0.0724029541
0.6515655518
0.6757049561
-0.1447906494
0.1689300537
-0.1521911621
-0.5479125977
-0.3043975830
-0.2130737305
0.4870300293
0.4870300293
-0.0304412842
0.1826324463
0.1782989502
0.1782989502
0.7132263184
-0.0891571045
-0.3566131592
0.0891571045
0.0000000000
0.0891571045
0.9610290527
-0.0835723877
-0.0835723877
0.0835723877
-0.0626678467
0.0208892822
-0.1880340576
0.0417785645
-0.0415191650
-0.0830230713
0.9132843018
0.0830230713
-0.1452941895
0.2905883789
0.1245422363
-0.1245422363
-0.7272491455
0.0000000000
0.2424163818
0.0000000000
0.4040222168
0.0000000000
-0.1616058350
0.0000000000
-0.0352325439
0.0000000000
0.0000000000
0.0704803467
0.0881042480
0.0352325439
-0.9867095947
-0.0352325439
-0.3992309570
0.0399169922
-0.8383789062
-0.0399169922
0.0000000000
0.2395324707
-0.1596832275
0.0000000000
0.0347442627
0.9727630615
-0.1910705566
0.0000000000
0.0347442627
0.0000000000
-0.0694885254
0.0173645020
0.0000000000
-0.1064758301
0.0000000000
0.0000000000
-0.1064758301
-0.1064758301
-0.1064758301
0.1064758301
-0.0458526611
0.3668365479
0.2292785645
0.1834259033
-0.1834259033
0.7336883545
0.3668365479
-0.0458526611
0.5628204346
0.3463592529
0.3030548096
0.2164764404
0.2597656250
0.4329376221
-0.1298828125
0.3030548096
0.6944274902
-0.0462951660
0.3240661621
-0.2314758301
0.0000000000
-0.4629516602
-0.2314758301
0.1388854980
0.0000000000
-0.1064758301
0.0000000000
0.1064758301
0.1064758301
0.0000000000
0.1064758301
-0.1064758301
0.5928802490
0.0000000000
-0.2736358643
-0.1140136719
-0.7297058105
0.0684051514
-0.0684051514
-0.0456085205
0.0502014160
-0.3012390137
0.7028961182
0.2510375977
0.0502014160
-0.2008361816
-0.4016571045
-0.2510375977
-0.1113433838
-0.1113433838
0.0000000000
0.1113433838
0.1113433838
0.1113433838
0.1113433838
0.0000000000
0.0388031006
0.0194091797
0.0388031006
-0.9895782471
-0.0582122803
0.0194091797
0.0000000000
-0.0388031006
0.0527496338
0.9845733643
-0.0703277588
0.1054840088
0.0175781250
0.0351562500
0.0000000000
-0.0175781250
-0.6633148193
0.3790283203
0.0000000000
0.0947570801
0.0947570801
-0.0947570801
0.1895141602
0.1895141602
0.1338653564
0.2141723633
0.8567047119
-0.0535430908
0.0535430908
-0.1070861816
0.0267791748
-0.4015808105
0.0943603516
0.1887054443
-0.1887054443
-0.2830657959
0.6604766846
-0.2830657959
0.0000000000
-0.0943603516
-0.0920867920
0.0552520752
0.1473388672
0.9577026367
-0.0920867920
0.0368347168
-0.1289215088
-0.1105041504
-0.0574188232
0.9760742188
0.0574188232
0.0956878662
-0.1148376465
0.0191345215
0.0765533447
0.0191345215
0.1029968262
0.4120025635
0.6866760254
0.0343322754
-0.3776702881
0.3776702881
-0.1373291016
-0.0686645508
-0.0373687744
-0.9340515137
-0.0747222900
-0.1868133545
0.1120910645
-0.0747222900
0.0000000000
-0.1494445801
0.8227996826
0.0457153320
0.0000000000
-0.0914154053
0.2742614746
-0.1828460693
-0.3199768066
0.1828460693
-0.3517150879
0.1172332764
-0.1172332764
0.3517150879
0.1172332764
0.2344665527
0.2344665527
-0.2344665527
0.2333831787
-0.5186157227
0.5445556641
-0.1296539307
-0.3370971680
-0.3370971680
0.1815185547
-0.2852478027
-0.0508880615
0.9667816162
0.0000000000
0.0848083496
0.1017608643
0.0000000000
0.1865692139
-0.0339202881
0.1169433594
-0.1559295654
-0.7601776123
0.4872894287
0.0194854736
-0.0389862061
0.0974578857
-0.3508453369
-0.0852050781
0.3195037842
-0.2342987061
0.1278076172
0.5964050293
-0.2129974365
0.6177062988
0.1490936279
0.3206024170
0.0000000000
-0.1748657227
0.3788909912
0.6703491211
-0.4371795654
0.2040252686
0.1165771484
0.3123474121
0.5778350830
0.1249389648
-0.2342529297
-0.6090698242
0.2967224121
-0.1249389648
0.1249389648
0.3763275146
0.0198059082
-0.5941925049
0.2772827148
0.0990295410
0.0594177246
-0.1584472656
-0.6139984131
0.9125671387
-0.0793457031
-0.0925750732
-0.0396728516
0.0529022217
0.2777404785
-0.2380523682
-0.0925750732
0.0949859619
-0.1467895508
0.9411621094
0.2590332031
-0.0259094238
-0.0518035889
-0.0777130127
0.0690765381
-0.6346893311
-0.3863372803
0.1931610107
-0.1103820801
0.4139251709
0.3311462402
-0.3035430908
-0.0275878906
0.0233306885
-0.0466461182
-0.0155487061
0.0155487061
-0.0155487061
-0.0622100830
-0.9952392578
0.0155487061
0.3738708496
-0.0830841064
0.7062072754
-0.1661682129
-0.0830841064
0.3738708496
-0.2492523193
-0.2492523193
-0.0744628906
0.9456787109
-0.2978515625
-0.0670166016
-0.0297851562
-0.0446777344
0.0372314453
0.0297851562
0.2472076416
0.4120178223
-0.4944305420
-0.0823974609
0.2472076416
0.0823974609
0.3296203613
-0.3296203613
-0.2647247314
0.5294494629
0.3309020996
0.3970947266
-0.1985473633
0.2647247314
0.3309020996
-0.1323699951
0.0000000000
0.1690063477
0.7436065674
-0.0337982178
0.0337982178
0.3379974365
-0.4732055664
0.2028045654
0.3138275146
0.1830596924
-0.3661193848
-0.6276397705
-0.3138275146
-0.2092132568
0.0261535645
0.4184265137
-0.1220245361
0.1627044678
-0.8948364258
0.0000000000
-0.1220245361
-0.0406799316
-0.0813446045
0.2847137451
0.7089233398
-0.0659484863
0.1648712158
-0.5275726318
-0.3297271729
-0.0824279785
-0.2143249512
0.1318969727
0.1200714111
-0.0720367432
0.9125213623
0.0480346680
-0.3361968994
0.0960540771
0.0480346680
0.0480346680
-0.1840515137
-0.3681030273
-0.0920257568
0.3681030273
-0.5521545410
0.2760772705
0.0000000000
0.0920257568
-0.1602020264
-0.0800933838
0.1602020264
-0.9211578369
-0.0800933838
0.0800933838
0.1201477051
0.1201477051
-0.1374969482
0.9624481201
0.0883941650
0.0000000000
0.1865997314
0.0294647217
0.0196380615
0.0883941650
-0.4000091553
0.2947387695
0.1894836426
0.4842224121
0.3368530273
-0.3579101562
0.3368530273
0.3368530273
-0.2977142334
-0.6251983643
-0.0297698975
0.0595397949
-0.2381744385
0.0893096924
-0.1786346436
0.6251983643
0.3277893066
0.2731628418
-0.2185211182
-0.3004760742
-0.1638946533
-0.4643707275
-0.1365814209
-0.6282653809
0.0193939209
0.0000000000
-0.0678863525
0.9891204834
-0.0775756836
0.0387878418
-0.0097045898
0.0775756836
-0.0683898926
0.9687957764
-0.0455932617
-0.1025848389
-0.0569915771
-0.1253662109
0.1025848389
0.1025848389
0.7300720215
0.3539733887
0.2212371826
-0.0885009766
-0.0663757324
0.4645843506
-0.2212371826
0.0000000000
0.0257415771
-0.9524230957
0.0000000000
0.0514831543
0.0772247314
-0.0772247314
-0.1544494629
0.1801910400
0.9833374023
0.0723114014
0.1156921387
-0.0144653320
0.0723114014
-0.0144653320
0.0433807373
0.0144653320
-0.1166229248
0.1166229248
-0.1166229248
0.4664764404
0.1166229248
0.2332305908
0.1166229248
-0.3498535156
0.2236938477
-0.5112915039
0.6071624756
-0.0319519043
-0.3195495605
-0.3195495605
0.1278228760
-0.2556457520
-0.0464782715
0.9759521484
-0.0309753418
0.0929412842
0.0309753418
0.0464782715
0.1549072266
0.0309753418
0.1154632568
-0.1539611816
-0.6735687256
0.5965881348
0.0192413330
-0.0384826660
0.2116851807
-0.3079071045
-0.2178955078
0.3631439209
-0.0726318359
0.1694641113
0.6778717041
-0.1452636719
0.5084075928
0.1694641113
0.2140197754
0.1605224609
-0.0267486572
0.1605224609
0.8560943604
-0.2675323486
0.2675323486
0.0535125732
0.2956848145
0.5291137695
0.0622558594
-0.2645568848
-0.5758056641
0.3579406738
-0.1711883545
0.2489929199
0.3169708252
-0.0243835449
-0.6095428467
0.3657226562
0.2194366455
0.0487670898
-0.0975341797
-0.5607757568
0.9442901611
-0.0726318359
-0.0605316162
0.0363159180
0.0000000000
0.1694946289
-0.2542266846
0.0000000000
0.0761413574
-0.1427459717
0.9421691895
0.2569580078
0.0285491943
-0.0761413574
-0.0856475830
0.0570983887
-0.7232360840
-0.4273681641
0.1643676758
-0.1315002441
0.3287506104
0.2301177979
-0.2301177979
-0.0328674316
-0.0155639648
-0.0155639648
0.0233306885
-0.0155639648
-0.0544586182
-0.0466766357
-0.9956970215
0.0155639648
0.1865844727
-0.1865844727
0.7463226318
-0.2798767090
-0.1399383545
0.1399383545
-0.3265228271
-0.2798767090
-0.0434112549
0.9188385010
-0.3762207031
-0.0434112549
-0.0216979980
-0.0795898438
-0.0072326660
-0.0434112549
0.0000000000
0.3352050781
-0.3352050781
-0.3352050781
0.1117401123
0.2234802246
0.3352050781
-0.1117401123
0.0000000000
0.4928588867
0.1478576660
0.2957153320
-0.1478576660
0.4435729980
0.5914306641
0.0000000000
-0.0956268311
0.2231140137
0.6693572998
0.1275024414
0.0318756104
0.3824920654
-0.5099945068
0.1912536621
0.4825134277
0.0689239502
-0.1838226318
-0.6433563232
-0.2987060547
-0.2987060547
0.0229797363
0.3446502686
-0.0710449219
0.0710449219
-0.9591979980
0.0355224609
0.0355224609
-0.0355224609
-0.0710449219
0.1421051025
0.6593627930
-0.0286712646
0.1576690674
-0.5876922607
-0.3010101318
-0.0859985352
-0.2866821289
0.0859985352
0.1110992432
-0.2221984863
0.8888244629
-0.0555572510
-0.3055267334
0.0833282471
-0.0277709961
-0.1388854980
-0.1000061035
-0.1999969482
-0.1000061035
0.1999969482
-0.6999969482
0.1999969482
0.0000000000
-0.1000061035
-0.0792236328
-0.0792236328
0.0396118164
-0.9109954834
-0.1584320068
-0.0396118164
0.1980438232
0.1980438232
-0.1102905273
0.9725799561
0.0300750732
0.0200500488
0.1704559326
0.0501403809
0.0300750732
0.0701904297
-0.4150390625
0.3527832031
0.3320312500
0.4357910156
0.3320312500
-0.2905273438
0.3320312500
0.2905273438
-0.4350128174
-0.4745483398
0.2372741699
0.1186370850
-0.3954620361
0.1581878662
-0.3559112549
0.3954620361
0.3165588379
0.2110290527
-0.1406860352
-0.4924163818
-0.3869018555
-0.3165588379
-0.2462158203
-0.4924163818
-0.0099792480
0.0499114990
-0.0499114990
0.9881744385
-0.0798492432
-0.0299377441
0.0399322510
0.0798492432
0.0570373535
0.9696502686
0.0000000000
-0.1996307373
-0.0142669678
-0.0855560303
0.0285186768
0.0427856445
0.5888977051
0.3337097168
0.4907531738
-0.0392608643
-0.0588836670
0.4711303711
-0.2355651855
-0.0785217285
0.0000000000
-0.9732208252
0.0190887451
0.0572509766
0.0572509766
-0.0572509766
-0.1145019531
0.1335754395
0.9729461670
0.0498962402
0.0873107910
0.0873107910
0.1496887207
0.0249481201
0.0000000000
0.0873107910
-0.1242218018
0.1242218018
0.0000000000
0.3726806641
-0.2484588623
-0.2484588623
0.1242218018
0.0000000000
0.2232666016
-0.4018707275
0.7144317627
0.0000000000
-0.1339569092
-0.4018707275
0.0446472168
-0.1786041260
-0.0814666748
0.9775695801
-0.0977630615
0.0651702881
0.0325927734
0.0488739014
0.0977630615
0.0488739014
0.2429656982
-0.1388397217
-0.5553588867
0.5380096436
0.0867767334
-0.1561889648
0.3297424316
-0.4165191650
-0.4144134521
0.3848114014
0.0888061523
0.2072143555
0.6216278076
0.0000000000
0.4144134521
0.2072143555
0.1261749268
0.2523651123
0.2018890381
-0.0504760742
0.8580322266
0.1009521484
0.3280792236
-0.0504760742
0.1757507324
0.5052642822
0.0219726562
-0.2416534424
-0.5711669922
0.3734588623
-0.1318054199
0.3954315186
0.2066345215
0.0000000000
-0.7232055664
0.3099365234
0.4132537842
0.1033172607
-0.0516510010
-0.2582855225
0.9575347900
-0.0435180664
-0.0217590332
0.0544128418
-0.0652923584
0.1305694580
-0.2285003662
0.0217590332
0.0000000000
-0.1349182129
0.9443969727
0.2794647217
0.0096435547
-0.0674591064
-0.0289154053
0.0578155518
-0.8675079346
-0.2168731689
0.1301269531
0.0867462158
0.3036346436
0.0867462158
-0.0867462158
0.0867462158
-0.0077362061
-0.0154724121
0.0309600830
-0.0851287842
-0.0464324951
-0.0619201660
-0.9906768799
0.0464324951
-0.4179992676
-0.0928955078
0.7431030273
-0.3251037598
-0.1857757568
-0.1857757568
-0.1393280029
0.0000000000
0.0000000000
0.9241027832
-0.3565368652
0.0290985107
-0.0218353271
-0.0145568848
-0.0727691650
-0.1018676758
-0.2428131104
0.0000000000
0.0000000000
-0.4856262207
0.2428131104
-0.1213989258
0.0000000000
-0.1213989258
-0.0782470703
0.5476837158
0.0782470703
0.3129730225
-0.2347259521
0.5476837158
0.4303283691
0.0000000000
0.2022247314
0.4044494629
0.5392608643
0.2696380615
0.0674133301
0.4044494629
-0.3370361328
0.3370361328
0.6715698242
0.0000000000
-0.1580200195
-0.4938049316
-0.2370300293
-0.4147949219
-0.0197448730
0.1975250244
-0.0619812012
0.0309906006
-0.9606933594
0.0619812012
0.0309906006
-0.0619812012
-0.0929718018
0.1549530029
0.6202239990
0.0275726318
0.1653900146
-0.5650939941
-0.3307952881
-0.1102600098
-0.3721313477
0.0413513184
-0.0740051270
-0.4440307617
0.7030487061
-0.1480102539
-0.2220153809
0.0370025635
-0.2220153809
-0.3700256348
0.0000000000
0.0000000000
-0.1234283447
0.0000000000
-0.2468566895
0.2468566895
-0.3703002930
-0.2468566895
0.0000000000
-0.0452880859
0.0000000000
-0.9057617188
-0.1358642578
-0.0905761719
0.1811523438
0.2264404297
0.0126953125
0.9774169922
-0.0761566162
0.1269378662
0.1142425537
0.0634765625
0.0126953125
0.0126953125
-0.4661865234
0.4661865234
0.4053802490
0.3851013184
0.3040313721
-0.1824188232
0.2837677002
0.1824188232
-0.2230834961
-0.1115417480
0.8179779053
0.2974395752
-0.2230834961
-0.0371856689
-0.1858978271
-0.2230834961
0.0596466064
0.1193084717
-0.1193084717
-0.5965118408
-0.6561737061
-0.2386016846
-0.0596466064
-0.0596466064
-0.0615997314
0.1386108398
0.0924072266
0.9702606201
-0.1078033447
-0.0770111084
0.0308074951
0.0308074951
0.0876007080
0.9635620117
0.0175170898
-0.1752014160
0.0876007080
0.0525512695
-0.0700836182
-0.0876007080
0.4274291992
0.3419342041
0.6496887207
0.0341949463
-0.0512847900
0.4616241455
-0.2222595215
-0.0512847900
-0.0176391602
-0.9874725342
0.0176391602
0.0352630615
0.0352630615
-0.0881652832
-0.0352630615
0.0529022217
0.9776000977
-0.0139617920
0.0838012695
0.0977630615
0.1396636963
0.0000000000
0.0000000000
0.0419006348
0.0000000000
0.1247253418
-0.1247253418
0.3741607666
-0.1247253418
-0.1247253418
0.1247253418
0.0000000000
0.2906341553
-0.3487548828
0.6975097656
0.0000000000
0.0000000000
-0.4068908691
0.0000000000
-0.1743774414
-0.0523834229
0.9779357910
-0.1397094727
0.0873107910
0.0000000000
0.0000000000
0.0349273682
0.0523834229
0.2349548340
-0.1096496582
-0.4542388916
0.5325469971
0.0469970703
-0.2192840576
0.4385681152
-0.4385681152
-0.4343261719
0.3158721924
0.1184539795
0.0000000000
0.2763977051
0.5527801514
0.5133056641
0.0394897461
0.0984344482
0.0984344482
0.1722717285
-0.1968841553
0.7628936768
0.5414123535
0.1230468750
0.0492248535
-0.0334930420
0.4019470215
-0.0669860840
-0.3014678955
-0.4019470215
0.5359344482
-0.0669860840
0.5024414062
0.0000000000
0.0000000000
-0.1190643311
0.0000000000
0.4762878418
0.3572082520
0.2381439209
0.0000000000
0.9430084229
-0.0507049561
-0.0304260254
0.0709838867
-0.0912628174
0.1419525146
-0.2636413574
0.0304260254
-0.0276947021
-0.1477050781
0.9508972168
0.2584991455
0.0000000000
-0.0276947021
-0.0276947021
0.0461578369
-0.8118743896
-0.0451049805
0.1804199219
0.2255249023
0.4059295654
0.0902099609
-0.0902099609
0.0902099609
-0.0155029297
0.0232696533
0.0465240479
-0.0853118896
0.0077514648
-0.0387725830
-0.9926300049
0.0310211182
-0.6908416748
0.0000000000
0.5921478271
-0.1480407715
-0.0986938477
-0.1973876953
-0.1480407715
0.0000000000
0.0361022949
0.9116821289
-0.3610687256
0.0722198486
-0.0180511475
0.0361022949
-0.1263732910
-0.1083221436
-0.2246704102
-0.1123352051
0.0000000000
-0.4493408203
0.3370056152
-0.3370056152
-0.1123352051
-0.1123352051
-0.1267242432
0.6335906982
0.0422363281
0.2111968994
-0.2111968994
0.5491180420
0.2956695557
-0.2111968994
0.3841400146
0.4727935791
0.3841400146
0.2659454346
0.1477508545
0.4727935791
-0.1772918701
0.3250427246
0.7619171143
-0.0390777588
-0.0390777588
-0.3907318115
-0.1758270264
-0.4493408203
0.0000000000
0.1367492676
-0.0382537842
0.0000000000
-0.9563293457
0.0000000000
0.0382537842
-0.0765075684
-0.0765075684
0.1530151367
0.5516510010
0.0565795898
0.0848693848
-0.5375061035
-0.4243469238
-0.0707244873
-0.4526367188
0.0000000000
-0.2500915527
-0.6002197266
0.1000366211
-0.1500549316
0.0000000000
0.0000000000
-0.5502014160
-0.4001464844
-0.1238555908
0.1238555908
-0.2477111816
0.0000000000
0.1238555908
0.1238555908
-0.3715667725
-0.2477111816
0.0910491943
-0.0910491943
0.0000000000
-0.9104309082
0.1365661621
0.0910491943
0.0910491943
0.2276153564
0.1134643555
0.9239196777
-0.1296691895
0.2917633057
0.0972595215
0.0648345947
0.0000000000
-0.0972595215
-0.4833526611
0.5316772461
0.3866729736
0.3383483887
0.2900085449
-0.1933441162
0.2416687012
0.1450042725
0.0258331299
0.1033020020
0.8264617920
0.2841033936
-0.0774841309
-0.1549682617
0.0516510010
-0.4132385254
-0.0826721191
-0.0826721191
-0.1653594971
-0.4960784912
-0.4133911133
-0.2480316162
0.0000000000
0.4960784912
-0.2149200439
0.3582153320
0.0716400146
0.8238830566
-0.2865600586
-0.1074676514
-0.0358276367
-0.0716400146
0.0000000000
0.9815368652
-0.0175323486
-0.0701141357
0.0525817871
0.1051635742
-0.0525817871
-0.0701141357
0.2892303467
0.3434753418
0.7773284912
0.0723114014
-0.0723114014
0.3796234131
-0.1446228027
-0.0903930664
-0.0446319580
-0.9818725586
0.0446319580
0.0223083496
0.0446319580
-0.1115722656
-0.0223083496
-0.0223083496
0.9752349854
-0.0562591553
0.0937652588
0.0937652588
0.1125335693
-0.0375061035
0.0375061035
-0.0375061035
-0.1113433838
0.1113433838
0.0000000000
0.2226867676
0.0000000000
0.0000000000
0.0000000000
0.0000000000
0.2855072021
-0.0951690674
0.4758453369
-0.0951690674
0.0951690674
-0.5709991455
-0.0951690674
-0.0951690674
-0.0570526123
0.9698791504
-0.1331176758
0.1331176758
-0.0190124512
-0.0380401611
-0.0760650635
0.0380401611
0.1996002197
-0.0767669678
-0.3838348389
0.6602020264
0.0153503418
-0.1381835938
0.4299011230
-0.3992004395
-0.1429138184
0.1429138184
0.0714569092
0.0000000000
-0.3215637207
0.7145843506
0.5359344482
0.1071929932
0.1906585693
-0.1059265137
0.0211791992
-0.1483001709
0.6355590820
0.6779174805
-0.0847473145
0.2118530273
-0.2185211182
-0.1311187744
-0.3933410645
-0.2622375488
0.2185211182
0.7429809570
-0.0437011719
0.2185211182
0.0874786377
0.0000000000
0.6998596191
0.0874786377
-0.3499298096
0.2624511719
0.1749572754
-0.0874786377
0.9358062744
-0.1039733887
-0.0346527100
0.0924224854
-0.1155242920
0.1155242920
-0.2657165527
0.0462188721
-0.0641479492
-0.1496887207
0.9729461670
0.1389923096
-0.0427703857
0.0427703857
-0.0106964111
-0.0106964111
-0.7279968262
-0.0661773682
0.1985473633
0.0661773682
0.4632720947
0.1985473633
-0.1323699951
0.0661773682
-0.0434875488
0.0695648193
0.0695648193
-0.0434875488
0.0260925293
-0.0173950195
-0.9913787842
0.0173950195
-0.8809509277
0.0550537109
0.0000000000
-0.1101226807
0.1651763916
-0.1651763916
-0.1651763916
-0.1651763916
0.0809478760
0.8634490967
-0.4452056885
0.1079254150
0.0269775391
0.0269775391
-0.1618957520
-0.0674591064
-0.1219482422
-0.1219482422
0.1219482422
-0.3658599854
0.0000000000
-0.3658599854
-0.2438964844
0.0000000000
-0.1442260742
0.6250000000
0.0000000000
0.0961608887
-0.1923065186
0.5769195557
0.1442260742
-0.3365325928
0.4253845215
0.4253845215
0.3503112793
0.2001800537
0.1501312256
0.5755157471
-0.2252044678
0.2252044678
0.7749633789
-0.0500030518
0.0999908447
-0.3499755859
-0.0500030518
-0.4749755859
-0.0249938965
0.1250000000
-0.2019042969
0.0000000000
-0.7066345215
0.0000000000
0.1009521484
-0.2019042969
0.0000000000
0.2019042969
0.5151519775
0.0532836914
0.0000000000
-0.4263305664
-0.6217346191
-0.0532836914
-0.3730316162
-0.1065826416
-0.0551452637
-0.3860015869
-0.0551452637
0.0000000000
0.1102905273
-0.3308563232
-0.7168579102
-0.3308563232
-0.1238555908
0.1238555908
-0.3715667725
0.0000000000
0.1238555908
0.1238555908
-0.2477111816
-0.2477111816
0.1046142578
-0.1046142578
-0.0697479248
-0.9415435791
0.1743621826
0.1046142578
0.0697479248
-0.0348663330
0.1403045654
0.9019622803
-0.1603546143
0.3407440186
0.0200500488
0.0601348877
-0.0400848389
-0.0801696777
-0.5527801514
0.5133056641
0.2369079590
0.2763977051
0.2369079590
-0.2763977051
0.2763977051
0.1974182129
0.1276855469
0.1489715576
0.8299560547
0.1915283203
0.0000000000
-0.1702423096
0.1063995361
-0.4256134033
0.0947570801
0.0947570801
-0.0947570801
-0.3790283203
0.3790283203
-0.4738006592
0.0000000000
0.3790283203
-0.4904785156
0.5395355225
0.1471405029
0.0000000000
-0.3923950195
0.1471405029
-0.1961975098
-0.3923950195
-0.1078186035
0.9857788086
-0.0308074951
0.0308074951
-0.0308074951
0.0770111084
0.0000000000
-0.0153961182
0.2217712402
0.3548431396
0.7762145996
0.1552429199
-0.1552429199
0.3326721191
-0.0887145996
-0.1996002197
-0.0784606934
-0.9414672852
-0.0523071289
-0.0523071289
0.1830596924
-0.2092132568
0.0000000000
-0.0523071289
0.9526062012
0.0352783203
-0.0352783203
0.0705566406
0.1764068604
-0.1058502197
-0.0352783203
-0.0352783203
0.0000000000
0.0000000000
0.0000000000
0.0000000000
-0.0785675049
0.0000000000
0.0785675049
0.0000000000
0.1234283447
0.1234283447
0.1234283447
-0.1234283447
0.0000000000
-0.4937286377
-0.1234283447
-0.1234283447
-0.0378112793
0.9643096924
-0.0756378174
0.0945434570
-0.0378112793
-0.0567169189
-0.1701660156
0.0945434570
0.1395721436
0.0000000000
-0.3721923828
0.8374328613
0.0310211182
-0.0310211182
0.2481231689
-0.2636413574
-0.0928955078
0.0464477539
0.0464477539
0.0928955078
-0.4644470215
0.5108795166
0.6502227783
0.0928955078
0.1868743896
-0.1601715088
0.0000000000
-0.1868743896
0.6407012939
0.6407012939
-0.1601715088
0.1868743896
-0.1326446533
-0.5305786133
-0.2652893066
-0.1326446533
0.6190032959
0.3979339600
0.0000000000
-0.0884246826
0.0000000000
-0.0664672852
0.8641204834
0.0664672852
-0.2658843994
-0.0664672852
0.1329345703
0.0664672852
0.9403839111
-0.1459197998
-0.1134948730
0.1297149658
-0.0486450195
0.0972747803
-0.2107696533
0.0000000000
-0.1431579590
-0.1431579590
0.9544219971
0.0000000000
-0.0477142334
0.1431579590
0.0318145752
-0.1272583008
-0.2438964844
-0.1219482422
0.1219482422
-0.1219482422
0.2438964844
0.3658599854
-0.2438964844
0.1219482422
-0.0618286133
0.0247344971
0.0989379883
0.0370941162
0.0247344971
0.0123596191
-0.9893035889
0.0000000000
-0.4654693604
0.0000000000
-0.7193603516
0.0423126221
0.2115783691
0.2962036133
-0.1692657471
-0.2115783691
0.1015319824
0.8325653076
-0.5076599121
0.1015319824
0.0812225342
-0.0203094482
-0.0812225342
-0.0406188965
0.0000000000
-0.1064758301
0.1064758301
-0.1064758301
-0.1064758301
-0.1064758301
0.0000000000
0.0000000000
-0.0574493408
0.4596252441
0.1723632812
0.0574493408
-0.1723632812
0.7468872070
0.0574493408
-0.2298126221
0.4897613525
0.3979339600
0.2448883057
0.1224365234
0.0918273926
0.6428222656
-0.1224365234
0.2448883057
0.7018432617
0.0000000000
0.1670989990
-0.3676300049
0.0000000000
-0.5347290039
-0.1336822510
0.0668487549
-0.2400054932
0.0000000000
0.1199951172
0.1199951172
0.1199951172
0.0000000000
-0.1199951172
0.1199951172
0.4828796387
0.0000000000
-0.1779022217
-0.2541503906
-0.7878723145
0.0000000000
-0.1524963379
-0.0762481689
0.2039337158
-0.2719116211
0.1359558105
0.1359558105
0.2719116211
-0.4758453369
-0.6118011475
-0.1359558105
-0.1178436279
-0.1178436279
-0.1178436279
0.1178436279
-0.1178436279
0.1178436279
-0.1178436279
-0.1178436279
0.0502471924
-0.0502471924
-0.0251312256
-0.9798583984
0.0251312256
-0.0251312256
0.1004943848
-0.0502471924
0.0974121094
0.9254150391
-0.1461181641
0.2922363281
0.0730590820
0.0487060547
0.0243530273
0.0000000000
-0.6355438232
0.3530883789
0.0000000000
0.2118530273
0.1412353516
-0.2824707031
0.2824707031
0.2824707031
0.0886535645
0.2068481445
0.8273925781
0.0886535645
0.0295562744
-0.1772918701
0.0000000000
-0.4432525635
0.0000000000
0.1229705811
0.0000000000
-0.2459411621
0.4918823242
-0.1229705811
0.0000000000
0.1229705811
-0.5259704590
0.3944702148
0.3506469727
-0.0438232422
-0.2629852295
0.1753234863
-0.2191467285
-0.4821319580
-0.1604614258
0.9627380371
0.0000000000
0.0713195801
-0.1069641113
0.1069641113
0.0891418457
0.0356597900
0.0904846191
0.4524230957
0.6937103271
0.1508026123
-0.2111358643
0.3921051025
-0.1508026123
-0.1809692383
-0.0355224609
-0.9236755371
-0.0355224609
-0.0355224609
0.1776275635
-0.2131500244
0.0710449219
-0.1421051025
0.8992156982
0.0499572754
-0.0999145508
0.0999145508
0.2497863770
0.0000000000
-0.1498718262
-0.0499572754
0.0000000000
0.1219482422
-0.1219482422
-0.1219482422
0.1219482422
0.1219482422
0.4878082275
-0.2438964844
0.4309997559
-0.3448028564
0.2873382568
-0.3160705566
-0.3735351562
-0.2298736572
0.2873382568
-0.4597320557
0.0644226074
0.9791107178
-0.0128784180
0.0644226074
0.0257720947
0.0386505127
0.1546020508
0.0386505127
0.1017913818
-0.2290344238
-0.7888793945
0.3562774658
0.0254516602
0.1017913818
0.3817138672
-0.1017913818
0.0295715332
0.5619354248
-0.3844757080
0.0887298584
0.4436340332
0.0887298584
0.4732055664
0.2661743164
0.2230072021
0.0955810547
0.0318603516
0.4460144043
0.5734558105
-0.4778747559
0.3185882568
-0.2230072021
0.2836151123
0.4727020264
0.2599792480
-0.2599792480
-0.6381378174
0.3072509766
-0.1654510498
0.1181793213
0.3602905273
0.0720520020
-0.6485290527
0.3963165283
0.1801452637
0.0720520020
0.1441192627
-0.4323577881
0.9759826660
-0.0344390869
-0.0459289551
-0.0803680420
0.1722259521
0.0229644775
0.0000000000
0.0574035645
0.0435180664
-0.1813201904
0.9211425781
0.3191375732
-0.0217590332
0.1087951660
0.0072479248
-0.0290069580
-0.3828887939
-0.4177093506
0.3132781982
0.0696105957
0.4525146484
0.3828887939
-0.4177093506
0.1044311523
0.0082244873
-0.0986938477
-0.0164489746
0.0328979492
-0.0904693604
-0.0657958984
-0.9869537354
0.0082244873
0.1711273193
-0.0855712891
0.9412384033
-0.0570373535
0.0285186768
0.0855712891
0.0000000000
-0.1996612549
-0.0821228027
0.9481811523
-0.2837066650
-0.0597229004
0.0074615479
-0.0597229004
0.0522613525
0.0447998047
0.0964202881
0.1928405762
-0.5785369873
0.0000000000
0.1928405762
0.0964202881
0.4821166992
0.0964202881
-0.1317901611
0.3953704834
0.2635803223
0.5271606445
-0.3953704834
0.1976928711
0.2635803223
-0.2635803223
0.1115264893
0.3791656494
0.7360382080
0.0892181396
0.1115264893
0.3791656494
-0.3122558594
0.1561279297
0.2773284912
0.2017059326
-0.2269134521
-0.6051025391
-0.3277587891
-0.5294647217
0.2017059326
0.1260681152
-0.0646514893
0.0646514893
-0.8404693604
0.0646514893
0.1293029785
-0.0646514893
-0.1293029785
0.3232574463
0.7345733643
0.0174865723
0.1224365234
-0.2798309326
-0.4547424316
-0.0874481201
-0.3672943115
-0.0874481201
0.0408782959
-0.0408782959
0.9198760986
-0.0408782959
-0.1430969238
0.3066253662
0.1430969238
-0.0204467773
0.2199401855
-0.1099700928
-0.2199401855
0.3299102783
-0.5498504639
0.1099700928
0.0000000000
-0.1099700928
0.0538482666
0.0538482666
0.1077117920
-0.9693756104
-0.0269317627
0.0000000000
0.0269317627
-0.1346282959
-0.0159912109
0.9755249023
0.1119384766
0.0000000000
0.1119384766
0.0000000000
0.1119384766
0.0479736328
-0.4621124268
0.3740844727
0.2640686035
0.4841156006
0.1980438232
-0.3520812988
0.2860717773
0.2860717773
-0.3128967285
-0.4867401123
-0.4867401123
0.0347595215
-0.2086029053
0.1738281250
-0.2781372070
0.4867401123
0.3866424561
0.0644378662
-0.2577667236
-0.5799560547
-0.0966644287
-0.0966644287
-0.1288757324
-0.6121826172
-0.0397949219
0.0159149170
0.0238800049
0.9869537354
-0.1353149414
0.0000000000
0.0079650879
0.0557098389
-0.1000671387
0.9806823730
0.0200195312
0.0200195312
-0.0500335693
-0.0900573730
-0.0600433350
0.1000671387
0.6367187500
0.0943298340
0.4716491699
-0.0235748291
-0.1414947510
0.5188140869
-0.1886596680
0.1414947510
0.0000000000
-0.9839935303
0.0480041504
0.0240020752
0.0480041504
-0.0480041504
0.0240020752
0.0720062256
0.9914093018
0.0110168457
0.0661010742
-0.0661010742
0.0330505371
-0.0110168457
0.0110168457
-0.0550842285
0.2307739258
0.0000000000
-0.1153869629
-0.1153869629
0.0000000000
0.2307739258
0.5769195557
-0.1153869629
0.4223785400
-0.3573913574
0.4223785400
-0.2274322510
-0.3573913574
-0.2924194336
0.1949462891
-0.4223785400
0.0563354492
0.9801940918
-0.0450592041
0.0563354492
0.0112609863
0.0563354492
0.1464691162
0.0450592041
0.2905120850
-0.2905120850
-0.6778717041
0.1694641113
-0.0484161377
0.1936798096
0.5326080322
-0.0242156982
0.0000000000
0.6635284424
-0.3317565918
0.0829467773
0.4976501465
0.1244049072
0.2488250732
0.2488250732
0.1905670166
0.1270446777
0.1588134766
0.2540893555
0.6669921875
-0.4129028320
0.3811340332
-0.2540893555
0.2757263184
0.4595336914
0.2067871094
-0.2297668457
-0.5973968506
0.4135894775
-0.0919036865
0.2527465820
0.1504364014
-0.0501403809
-0.5515899658
0.5515899658
0.3008728027
0.1504364014
0.4011535645
-0.1002960205
0.9876861572
-0.0299224854
-0.0698394775
-0.0099792480
0.0897827148
0.0000000000
-0.0498809814
0.0698394775
0.0070648193
-0.2120666504
0.8977355957
0.3534393311
0.0000000000
0.1484375000
0.0212097168
-0.0070648193
-0.3223419189
-0.4604949951
0.3223419189
0.1381530762
0.3683929443
0.4604949951
-0.3683929443
0.0921020508
-0.0080108643
-0.0880432129
0.0320129395
0.0080108643
-0.0400238037
-0.0480194092
-0.9925079346
-0.0080108643
0.0517425537
-0.0517425537
0.9571990967
-0.0517425537
0.0000000000
0.1034851074
-0.0258636475
-0.2069549561
-0.0730895996
0.9281768799
-0.3434906006
-0.0438537598
0.0000000000
-0.1023254395
0.0292358398
0.0146179199
-0.1196746826
0.1196746826
-0.2393341064
0.0000000000
0.1196746826
0.3590087891
0.2393341064
0.3590087891
-0.0672149658
0.2016296387
0.2016296387
0.4704895020
-0.5377044678
0.2688446045
0.4032745361
-0.1344299316
0.0415191650
0.4151306152
0.6641998291
0.0830230713
0.1245422363
0.4566345215
-0.3113403320
0.2075653076
0.3624267578
0.0426330566
-0.0852813721
-0.6182708740
-0.2771606445
-0.5969390869
0.1705627441
0.0213165283
-0.0469970703
0.0469970703
-0.9400939941
0.0940093994
0.1410064697
0.0000000000
-0.0469970703
0.0940093994
0.6912384033
0.0153656006
0.1382446289
-0.3072204590
-0.4915466309
-0.0767974854
-0.3840179443
-0.0767974854
-0.0791625977
-0.1319427490
0.9235534668
-0.1055450439
-0.1055450439
0.2638702393
0.0527801514
-0.0791625977
0.0000000000
0.1208343506
-0.2416839600
0.0000000000
-0.4833679199
0.1208343506
-0.1208343506
-0.2416839600
0.1085052490
0.2170257568
0.0000000000
-0.9404296875
0.0000000000
0.0361633301
0.0361633301
-0.1085052490
-0.0538635254
0.9515838623
0.0538635254
-0.1077270508
0.0179595947
0.0359039307
0.1974945068
0.1615905762
-0.4963378906
0.3781585693
0.3308868408
0.4490661621
0.1890869141
-0.3308868408
0.2836151123
0.2363433838
-0.2915496826
-0.3331909180
-0.6663970947
0.0416564941
-0.2498931885
0.2082519531
-0.3331909180
0.2915496826
0.3031616211
0.0000000000
-0.1684265137
-0.6400146484
-0.3031616211
0.1010589600
-0.2021179199
-0.5389556885
-0.0677795410
0.0593109131
0.0254211426
0.9827728271
-0.1440277100
-0.0084686279
0.0338897705
0.0338897705
-0.0299835205
0.9896545410
-0.0099945068
0.0099945068
-0.0299835205
-0.0299835205
-0.0899658203
0.0799713135
0.4812469482
0.1145782471
0.6645812988
-0.0458374023
-0.0916595459
0.4583282471
-0.2062530518
0.1833343506
0.0216674805
-0.9750061035
0.0866699219
0.0216674805
0.0216674805
-0.0650024414
0.1300048828
-0.0650024414
0.9918518066
0.0094451904
0.0566711426
0.0188903809
0.0944671631
0.0283355713
0.0000000000
0.0000000000
0.1055145264
-0.2110137939
0.0000000000
-0.1055145264
-0.3165283203
0.1055145264
0.6330566406
0.1055145264
0.3914489746
-0.1957244873
0.5382385254
-0.1957244873
-0.2935943604
-0.3914489746
0.0978698730
-0.3914489746
-0.0306854248
0.9919586182
-0.0306854248
0.0102233887
0.0102233887
0.0000000000
0.1022644043
0.0102233887
0.5406341553
-0.1802062988
-0.5005950928
0.0400543213
-0.0400543213
-0.0600738525
0.6207275391
-0.1401672363
-0.3975372314
0.4858856201
0.0441741943
0.1325073242
0.6183929443
0.0883483887
0.3533630371
0.0883483887
0.1625366211
0.2275543213
0.3250732422
0.0975189209
0.7476806641
-0.2275543213
0.3900909424
-0.0975189209
0.1850280762
0.5286712646
0.1850280762
-0.1585998535
-0.5815277100
0.4229278564
-0.0528717041
0.2907714844
-0.2123718262
-0.1415863037
0.0000000000
0.2831726074
0.1415863037
0.2831726074
0.6371307373
0.4247436523
0.9860992432
-0.0372161865
-0.0558166504
0.0465087891
-0.0093078613
0.0186004639
-0.1302337646
0.0279083252
-0.0910491943
-0.2031250000
0.8895263672
0.3782196045
0.0140075684
0.1120605469
0.0420227051
0.0070037842
-0.5018005371
-0.4301147461
0.2867431641
0.3584289551
0.2867431641
0.2150573730
-0.2150573730
0.0716857910
-0.0388183594
-0.0465850830
0.0621185303
-0.0310516357
0.0155334473
-0.0233001709
-0.9938964844
-0.0310516357
-0.0827789307
-0.0275878906
0.9658355713
-0.0275878906
0.0275878906
0.0551910400
-0.0551910400
-0.1655731201
0.0000000000
0.9372253418
-0.3394622803
0.0073852539
-0.0221405029
-0.0368957520
-0.0368957520
-0.0368957520
-0.1199951172
-0.1199951172
0.2400054932
-0.1199951172
0.0000000000
0.1199951172
0.0000000000
0.1199951172
-0.1004791260
0.1004791260
0.1004791260
0.2009429932
-0.6028289795
0.4018859863
-0.2009429932
0.0000000000
0.1392669678
0.4642181396
0.5106353760
0.1160583496
0.0464172363
0.5802764893
-0.2088928223
0.3017425537
0.4981994629
-0.0398559570
-0.0398559570
-0.5779113770
-0.2192077637
-0.5779113770
0.1394958496
-0.0199279785
0.0000000000
0.0402069092
-0.9650726318
0.0000000000
0.0804290771
0.0804290771
0.0000000000
0.0402069092
0.5630035400
0.0304260254
0.1825866699
-0.3956146240
-0.5173492432
-0.1369476318
-0.4412689209
-0.0608673096
-0.2483673096
-0.3193359375
0.8160705566
-0.1064453125
0.1419219971
0.1773986816
-0.2483673096
-0.0709686279
0.0000000000
0.2459411621
-0.2459411621
-0.2459411621
0.0000000000
-0.1229705811
-0.3689117432
-0.1229705811
0.0542449951
0.4339599609
-0.1084899902
-0.8136901855
0.0542449951
0.1084899902
0.1084899902
0.1084899902
-0.0420989990
0.9474029541
-0.1263122559
-0.0420989990
0.0842132568
0.0631561279
0.1473693848
0.1894836426
-0.5904846191
0.4364471436
0.3080749512
0.3851013184
0.2310638428
-0.2567291260
0.2310638428
0.1540374756
-0.0878143311
-0.1756134033
-0.5268554688
0.3512420654
-0.1756134033
-0.2634277344
-0.2634277344
-0.3512420654
0.1393280029
0.0464477539
-0.1857757568
-0.6037750244
-0.6502227783
0.0000000000
-0.0928955078
-0.2786712646
-0.1534271240
0.1115875244
0.1673736572
0.9484710693
-0.1673736572
0.0139465332
0.0418395996
-0.0139465332
0.0102386475
0.9925384521
-0.0511627197
0.0102386475
0.0307006836
0.0307006836
-0.0818634033
0.0102386475
0.3804931641
0.2909698486
0.6938476562
0.0895233154
-0.0447692871
0.4476470947
-0.2462005615
0.0447692871
0.0219268799
-0.9649658203
0.0438690186
-0.0219268799
-0.0438690186
-0.1315917969
0.1535186768
-0.0877227783
0.9817810059
0.0103302002
0.0620117188
0.1033477783
0.1033477783
0.0826721191
0.0103302002
-0.0206756592
0.0000000000
0.0000000000
-0.1228332520
0.1228332520
-0.2456817627
0.1228332520
0.2456817627
0.0000000000
0.3446655273
-0.0689392090
0.5514678955
-0.2068023682
-0.1378631592
-0.4825286865
0.0000000000
-0.3446655273
-0.0799865723
0.9898071289
-0.0299987793
0.0599822998
-0.0099945068
-0.0599822998
0.0499877930
0.0000000000
0.5560455322
-0.1179504395
-0.4380950928
0.1011047363
-0.0337066650
-0.2359008789
0.6065979004
-0.2021942139
-0.5032958984
0.2516479492
0.1258239746
0.0419464111
0.4194183350
0.2935943604
0.5871734619
-0.0419464111
0.1310119629
0.1310119629
0.3275146484
-0.0982513428
0.8187713623
0.0982513428
0.1637573242
0.3275146484
0.1740417480
0.5917510986
-0.0696105957
-0.0696105957
-0.4873199463
0.5221252441
-0.0348052979
0.2436676025
-0.2591400146
-0.0647888184
0.6478576660
0.0647888184
-0.3239288330
0.1295776367
0.4535064697
0.1943664551
0.9604339600
-0.1261138916
-0.0194091797
0.0776062012
-0.0776062012
0.0485076904
-0.2037353516
0.0485076904
-0.1226348877
-0.1803436279
0.9161529541
0.3246307373
0.0360717773
0.0649261475
0.0216369629
0.0072174072
-0.6169738770
-0.2644195557
0.2644195557
0.2644195557
0.3525543213
0.0881347656
0.0000000000
0.0881347656
-0.0463256836
0.0231628418
0.1003570557
-0.0308837891
0.0540313721
-0.0154418945
-0.9881286621
-0.0694732666
-0.1911315918
0.0382232666
0.9174041748
0.0000000000
0.0764465332
0.0382232666
-0.1146697998
-0.2293548584
0.0724334717
0.9325103760
-0.3259277344
0.0633697510
-0.0362091064
0.0271606445
-0.0905303955
-0.0452728271
-0.1247863770
0.0000000000
0.2495727539
-0.2495727539
0.2495727539
0.0000000000
-0.1247863770
-0.2495727539
-0.1019134521
0.3057556152
-0.1019134521
0.0000000000
-0.2038421631
0.4076843262
-0.5095977783
-0.2038421631
0.2212677002
0.4978485107
0.3872222900
0.1659545898
0.0829772949
0.6361389160
-0.1659545898
0.2489318848
0.5591735840
-0.0932006836
0.0233001709
-0.5591735840
-0.1630859375
-0.5591735840
0.0932006836
0.0000000000
-0.0451049805
0.0902099609
-0.9471740723
-0.0451049805
0.0451049805
0.0451049805
0.0451049805
0.1353149414
0.3867034912
0.0184173584
0.2393798828
-0.4787750244
-0.5340118408
-0.1473083496
-0.4787750244
-0.1289062500
-0.2304840088
-0.3687896729
0.6914672852
-0.1382904053
0.1382904053
0.2304840088
-0.4148864746
0.0000000000
0.0000000000
0.3674163818
-0.2449493408
-0.1224670410
0.0000000000
0.0000000000
-0.3674163818
-0.1224670410
0.0000000000
0.1332397461
-0.1998443604
-0.7994079590
0.1998596191
0.0666198730
0.1998596191
0.2664642334
-0.0232238770
0.9524230957
-0.1626129150
0.0464630127
0.1393737793
0.0232238770
0.0000000000
0.1626129150
-0.5930938721
0.4682312012
0.1560821533
0.3433685303
0.2809448242
-0.2809448242
0.2497253418
0.1872863770
0.1746673584
-0.0582275391
0.4075775146
0.4075775146
-0.0582275391
-0.4075775146
0.1164550781
-0.5822448730
0.2700653076
0.0675201416
-0.2025451660
-0.6076354980
-0.4726104736
-0.3375854492
-0.0675201416
-0.1350250244
-0.3785705566
0.2409057617
0.2409057617
0.7571258545
-0.3441467285
0.0688323975
-0.0344085693
-0.0688323975
-0.0184326172
0.9955749512
-0.0460968018
0.0092163086
0.0276489258
0.0368804932
-0.0368804932
0.0092163086
0.3460083008
0.3707122803
0.6672973633
0.3212890625
-0.0741424561
0.3707122803
-0.0988616943
-0.1482849121
-0.0298309326
-0.9543762207
-0.0298309326
-0.0894775391
0.0000000000
-0.2087707520
0.0596466064
-0.0596466064
0.9688415527
0.0149078369
0.0894317627
0.1639556885
0.0596160889
0.0894317627
0.0447235107
-0.0745239258
0.0000000000
0.0000000000
0.0000000000
0.1150360107
-0.2300720215
0.0000000000
-0.1150360107
0.1150360107
0.2644195557
0.0881347656
0.3525543213
-0.2644195557
0.0881347656
-0.6169738770
0.0000000000
-0.2644195557
-0.1091918945
0.9826812744
-0.0655059814
0.0982666016
-0.0109252930
-0.0545959473
-0.0327606201
0.0218353271
0.4581451416
-0.0818176270
-0.4908752441
0.3927001953
0.0000000000
-0.2127075195
0.5236053467
-0.2454376221
-0.3568572998
0.0892181396
0.0892181396
0.0000000000
0.1338195801
0.4460754395
0.7583312988
0.0000000000
0.1656341553
0.0828247070
0.2484588623
-0.1656341553
0.7453613281
0.2208404541
-0.1656341553
0.4692993164
0.1849517822
0.0616455078
-0.4315490723
0.0000000000
0.0616455078
0.8014373779
-0.0616455078
0.0000000000
-0.1273956299
0.0000000000
0.8493499756
0.0000000000
-0.3397369385
-0.1273956299
0.2548065186
-0.0849304199
0.9378814697
-0.1853942871
-0.0218048096
0.0981445312
-0.1199645996
0.0654296875
-0.2181091309
0.0763397217
-0.1616821289
-0.1257476807
0.9431152344
0.2514953613
0.0359344482
0.0359344482
0.0089874268
-0.0089874268
-0.3743438721
0.1247863770
0.1247863770
0.1247863770
0.2495727539
0.0000000000
0.1247863770
0.1247863770
-0.0765380859
0.0612335205
0.1454162598
-0.0076599121
0.0153045654
0.0153045654
-0.9796752930
-0.0841827393
-0.3671264648
0.0611877441
0.4283142090
-0.0611877441
0.4283142090
0.0611877441
-0.2447509766
-0.5506896973
0.1024017334
0.8960266113
-0.3840179443
0.1152038574
-0.0128021240
0.0512084961
-0.1280059814
-0.0384063721
-0.1202545166
0.0000000000
0.1202545166
-0.4810485840
0.2405242920
0.1202545166
-0.2405242920
-0.1202545166
0.0000000000
0.5206756592
-0.0743865967
0.0000000000
-0.0743865967
0.5950622559
-0.2975311279
-0.2975311279
0.3530578613
0.4707489014
0.2353668213
0.1765289307
0.1471099854
0.6178588867
-0.3236389160
0.1765289307
0.5208587646
-0.0919189453
0.2144775391
-0.6127777100
-0.1531982422
-0.4902191162
0.0306396484
-0.0612792969
-0.1724090576
0.1724090576
-0.6896514893
-0.0862121582
-0.0862121582
0.0000000000
0.0862121582
0.4310302734
0.2615356445
-0.0581207275
0.2615356445
-0.5230712891
-0.6102447510
-0.1162414551
-0.3777618408
-0.1743621826
0.0000000000
-0.2129516602
0.6921234131
-0.0532379150
0.0000000000
0.1064758301
-0.5856323242
0.1597137451
0.1247863770
0.2495727539
-0.2495727539
0.0000000000
0.1247863770
0.0000000000
-0.2495727539
-0.2495727539
0.0000000000
-0.1841888428
-0.1381530762
-0.9209747314
0.1381530762
0.0000000000
0.0921020508
0.0460510254
0.0840606689
0.9457244873
-0.1260986328
0.1471099854
0.1471099854
0.0420379639
-0.1471099854
0.0420379639
-0.6537475586
0.4669647217
-0.0466918945
0.2801818848
0.1867828369
-0.2801818848
0.2334747314
0.1867828369
0.2507629395
-0.1253814697
0.7523040771
0.2089691162
-0.0417938232
-0.2507629395
0.1253814697
-0.4179534912
0.3711395264
0.0000000000
-0.2783508301
-0.4639129639
0.1855621338
-0.4639129639
-0.0927886963
-0.0927886963
-0.5216674805
0.2845458984
0.4268188477
-0.2371215820
-0.5690917969
0.0000000000
-0.0474243164
-0.0948486328
-0.0537414551
0.9942779541
-0.0447845459
0.0358276367
0.0179138184
0.0268707275
-0.0358276367
-0.0179138184
0.2494659424
0.3207397461
0.5702209473
0.4276580811
-0.1425476074
0.3563842773
0.1069183350
-0.3563842773
-0.0420532227
-0.8410491943
-0.2102661133
-0.1682128906
0.2102661133
-0.3364257812
-0.0420532227
-0.0420532227
0.9533691406
0.0515289307
0.1030731201
0.1288299561
0.0515289307
0.0515289307
0.1030731201
-0.1546020508
0.1064758301
0.0000000000
0.0000000000
0.0000000000
-0.2129516602
0.0000000000
0.0000000000
0.0000000000
0.0000000000
0.1250000000
0.0000000000
0.0000000000
0.1250000000
-0.3750000000
-0.1250000000
-0.2500000000
-0.0661773682
0.9794616699
-0.0794219971
0.0926513672
-0.0132293701
-0.0264739990
-0.0926513672
0.0794219971
0.3170166016
-0.0667419434
-0.5005493164
0.7174530029
0.0500488281
-0.1001129150
0.2836456299
-0.1668548584
-0.1510009766
0.0503387451
0.0503387451
0.0000000000
0.0503387451
0.2516632080
0.9060211182
-0.0503387451
0.1862030029
0.0000000000
0.2482757568
-0.1862030029
0.7138061523
0.2482757568
-0.2793121338
0.4344787598
-0.0702667236
-0.4216156006
-0.2810821533
0.0702667236
0.4918975830
0.5621643066
-0.0702667236
-0.0702667236
-0.1145324707
-0.0572662354
0.8589782715
0.0572662354
-0.2290649414
-0.2290649414
0.1717987061
0.0000000000
0.9557189941
-0.2027282715
-0.0144805908
0.0434417725
-0.0434417725
0.0289611816
-0.1303253174
0.1303253174
-0.2036132812
-0.0135803223
0.9637756348
0.1221618652
0.0271453857
0.0407257080
0.0407257080
-0.0678710938
-0.1243286133
0.1243286133
0.1243286133
0.0000000000
0.0000000000
0.3729858398
-0.1243286133
0.0000000000
-0.0411987305
0.0000000000
0.1153564453
0.0164794922
-0.0411987305
0.0247192383
-0.9888305664
-0.0494384766
-0.3128814697
0.0000000000
-0.6257629395
0.0446929932
0.2681884766
0.4916687012
-0.0446929932
-0.3575744629
0.0344238281
0.8952178955
-0.4131774902
0.1032867432
0.0172119141
0.0344238281
-0.0688629150
-0.0172119141
-0.1000061035
0.0000000000
0.1000061035
0.0000000000
-0.1000061035
0.0000000000
-0.1000061035
0.0000000000
-0.0731964111
0.4391479492
0.1463775635
0.0731964111
-0.0731964111
0.7319183350
-0.2195739746
-0.0731964111
0.4541625977
0.4037017822
0.0000000000
0.1513824463
0.1009216309
0.6055450439
-0.3532257080
0.1513824463
0.4585113525
0.0327453613
0.3602600098
-0.6550140381
-0.1637573242
-0.3930053711
-0.0655059814
-0.0982513428
-0.2494506836
0.1247253418
-0.2494506836
0.1247253418
0.0000000000
0.0000000000
0.0000000000
0.2494506836
0.2689819336
-0.1344909668
0.0896606445
-0.4034881592
-0.8069610596
-0.1344909668
0.0448303223
-0.0448303223
0.1247253418
0.0000000000
0.6859741211
0.0623626709
0.0000000000
0.0000000000
-0.4365234375
0.4365234375
0.0000000000
0.0000000000
-0.1000061035
0.0000000000
0.0000000000
-0.1000061035
0.1000061035
-0.1000061035
-0.0663604736
-0.1659088135
0.0331878662
-0.9622497559
0.0000000000
-0.0331878662
0.0000000000
0.0663604736
0.0970153809
0.9458465576
-0.1212615967
0.2182769775
0.0970153809
0.0242462158
-0.0485076904
-0.0485076904
-0.6712799072
0.3729400635
-0.0745849609
0.2237548828
0.0745849609
-0.2983398438
0.1491699219
0.2237548828
0.2475280762
-0.1237640381
0.7425994873
0.1856536865
0.0618896484
-0.3094177246
0.1237640381
-0.3094177246
0.0000000000
0.1208343506
-0.2416839600
-0.2416839600
0.0000000000
-0.4833679199
-0.1208343506
0.1208343506
-0.5843811035
0.2434997559
0.4382934570
-0.3895874023
-0.3895874023
0.0487060547
-0.0487060547
-0.1461029053
-0.0843963623
0.9916229248
-0.0105438232
0.0632934570
-0.0421905518
0.0105438232
0.0000000000
0.0000000000
0.1706848145
0.3413696289
0.3982696533
0.3413696289
-0.0569000244
0.4551544189
0.0000000000
-0.5120544434
0.0000000000
-0.7150573730
-0.2860260010
-0.1430053711
0.2860260010
-0.3575286865
0.0000000000
-0.0715026855
0.9226379395
0.0802307129
-0.0401153564
0.1203460693
0.1604614258
0.0401153564
0.0802307129
-0.2005767822
