0.1245422363
0.0000000000
-0.2490844727
-0.1245422363
-0.1245422363
-0.2490844727
0.2490844727
0.2490844727
0.3388214111
-0.4517517090
0.2258758545
-0.1129455566
0.1129455566
-0.2258758545
-0.2258758545
0.1129455566
0.0000000000
0.9954528809
-0.0191497803
-0.0382843018
-0.0287170410
0.0191497803
-0.0478515625
-0.0287170410
-0.1748199463
0.2403717041
-0.4151916504
0.6992797852
0.2403717041
0.2403717041
-0.2840881348
-0.1966705322
0.2495574951
-0.1247863770
-0.1247863770
0.0207977295
-0.8110656738
-0.2079620361
-0.4367370605
-0.0207977295
0.1136016846
-0.1590423584
-0.0454406738
-0.0681610107
-0.6134490967
-0.7270660400
-0.1590423584
-0.0908813477
0.2960357666
0.3947143555
0.2960357666
-0.2631378174
-0.7236328125
0.1644592285
-0.0986785889
0.0657806396
0.2255249023
-0.0902099609
-0.9020690918
0.0000000000
0.1804199219
0.0451049805
0.1353149414
-0.0902099609
0.9616699219
0.1114959717
0.1254425049
-0.1533050537
0.0557556152
-0.0139312744
0.0836181641
0.0836181641
-0.0930175781
-0.0310058594
0.8061218262
0.4960784912
-0.0620117188
0.0310058594
0.1860351562
0.1550292969
-0.1502380371
-0.3505706787
0.1502380371
0.4006500244
0.4006500244
0.5509033203
-0.2504119873
0.2504119873
0.1548004150
0.0516052246
-0.1032104492
0.0000000000
0.1032104492
-0.0516052246
-0.9546508789
0.1290130615
0.2752990723
-0.1651763916
0.7157745361
0.2202453613
0.2752990723
-0.3854217529
0.1101226807
0.0000000000
0.0000000000
0.9916229248
0.0167999268
-0.0167999268
0.0000000000
0.0000000000
-0.0840301514
0.0000000000
0.0000000000
0.0000000000
-0.3750000000
-0.1250000000
0.2500000000
-0.1250000000
0.0000000000
0.1250000000
-0.0478057861
-0.3346099854
-0.0955963135
0.1912078857
-0.1434020996
0.0478057861
0.8604278564
0.0478057861
0.2975006104
0.3515777588
0.7572631836
-0.0270385742
0.0811309814
0.3515777588
-0.2434082031
0.0270385742
-0.4556121826
-0.1072082520
0.2412109375
-0.5628204346
-0.2144012451
-0.3216094971
-0.4824218750
0.0267944336
0.0000000000
0.1199951172
0.2400054932
0.1199951172
0.0000000000
-0.1199951172
-0.1199951172
0.1199951172
0.9166412354
0.0000000000
-0.2291564941
-0.1458282471
-0.1458282471
0.2083282471
-0.0833282471
0.0208282471
-0.0241241455
0.0120697021
0.9529113770
-0.1085662842
-0.1206207275
-0.0241241455
0.2291870117
-0.0844421387
0.0000000000
0.0000000000
0.0911560059
0.0000000000
-0.0911560059
0.0911560059
0.0000000000
0.0000000000
0.0000000000
-0.0396118164
0.0198059082
-0.9903259277
0.0000000000
0.0396118164
-0.0396118164
0.0396118164
-0.0356445312
0.9269409180
0.2495574951
-0.1782531738
0.1069488525
0.0891265869
-0.0891265869
0.0891265869
-0.2283630371
0.3996429443
-0.0856323242
0.3710937500
0.3996429443
-0.2854614258
0.5423736572
0.2854614258
-0.0816192627
-0.3672790527
0.7345733643
-0.2856597900
-0.1632385254
0.3672790527
-0.1224212646
-0.0816192627
-0.1348876953
-0.5395660400
0.2697906494
-0.1348876953
0.3709564209
0.2360687256
-0.0337219238
-0.6070251465
0.0235595703
0.0000000000
-0.0157012939
0.9974975586
0.0392761230
-0.0078582764
-0.0235595703
0.0078582764
-0.2925720215
0.9069824219
0.0292510986
0.1170349121
-0.0585174561
-0.0877685547
-0.1755371094
-0.0877685547
0.1791076660
-0.2686614990
0.6567230225
-0.2089538574
-0.1791076660
0.5373229980
0.1194000244
0.2388000488
0.2003326416
-0.9014739990
0.0500793457
-0.1001586914
-0.0500793457
0.1001586914
0.0000000000
-0.2003326416
0.9448394775
0.0000000000
0.0539855957
0.1079864502
-0.0809936523
0.1349792480
-0.1619720459
-0.1349792480
0.0000000000
-0.1172332764
-0.1172332764
0.2344665527
0.1172332764
0.0000000000
0.5861816406
0.1172332764
0.4352722168
-0.3264617920
0.2176361084
-0.3264617920
0.1088256836
-0.2176361084
-0.2176361084
0.0000000000
0.0391387939
0.9939727783
-0.0391387939
-0.0313110352
-0.0234832764
0.0626068115
-0.0313110352
-0.0234832764
-0.1571655273
0.1728820801
-0.4400787354
0.7858581543
0.0942993164
0.2357635498
-0.2043304443
-0.1414489746
0.2729949951
-0.1194305420
-0.1364898682
-0.0170593262
-0.8189849854
-0.1706237793
-0.4265441895
-0.0341186523
0.0845184326
-0.1901550293
-0.0422515869
-0.1479034424
-0.4225616455
-0.8451385498
-0.1479034424
0.0633850098
0.3396301270
0.3881530762
0.2183380127
-0.2425994873
-0.7277832031
0.2425994873
-0.0727844238
0.1212921143
0.2140808105
0.0000000000
-0.8134918213
0.1712646484
0.0428161621
0.0856323242
0.2140808105
-0.3853454590
0.9617462158
0.1124114990
0.1373901367
-0.1373901367
0.0874328613
-0.0499572754
0.0749359131
0.0624542236
-0.1202545166
-0.0343627930
0.8761749268
0.4295043945
0.0687255859
0.0687255859
0.0515441895
0.1030731201
-0.1169128418
-0.3897247314
0.1558837891
0.4286956787
0.3507537842
0.5845794678
-0.2727966309
0.1948547363
0.0185699463
0.1114196777
0.0185699463
-0.0185699463
0.0742797852
0.0000000000
-0.9841766357
0.0371398926
0.2723846436
-0.1556549072
0.7004394531
0.1167449951
0.4280395508
-0.3891296387
0.0000000000
-0.1167449951
-0.0307464600
0.9837951660
-0.0307464600
-0.0153656006
-0.0461120605
-0.1076049805
-0.0922241211
-0.0153656006
0.2495727539
0.1247863770
-0.2495727539
0.0000000000
0.1247863770
-0.2495727539
0.0000000000
-0.2495727539
-0.0341796875
-0.2050323486
0.0000000000
0.2050323486
-0.1708679199
0.2392120361
0.8885040283
-0.0341796875
0.2959899902
0.3144836426
0.7214660645
-0.0554962158
0.1664886475
0.4069824219
-0.2774810791
0.0924987793
-0.4204101562
-0.1167755127
0.2102050781
-0.6539764404
-0.2802734375
-0.2102050781
-0.4437713623
-0.0233612061
-0.1208343506
0.3625183105
0.1208343506
0.1208343506
0.3625183105
0.1208343506
-0.2416839600
-0.1208343506
0.9089813232
-0.0826416016
-0.1928100586
-0.1101837158
-0.2341308594
0.1790466309
-0.1514892578
0.0413208008
-0.0327453613
-0.0873260498
0.9606781006
-0.0655059814
-0.0982513428
0.0000000000
0.2074127197
-0.0873260498
0.0000000000
0.2432556152
0.0000000000
0.0000000000
0.0000000000
0.2432556152
0.1216278076
-0.1216278076
0.0349273682
0.0174560547
-0.0174560547
-0.9779357910
0.0000000000
-0.0698547363
-0.0873107910
0.1397094727
0.0124206543
0.9686584473
0.1490173340
-0.0993499756
0.0372619629
0.1241912842
-0.0620880127
0.0620880127
-0.1315765381
0.3683929443
-0.0263214111
0.4210205078
0.3947143555
-0.3157653809
0.5789031982
0.2368316650
-0.1719665527
-0.4471282959
0.7910766602
-0.2063751221
-0.0343933105
0.2063751221
-0.1375732422
-0.0343933105
0.1383972168
-0.4151916504
0.3114013672
-0.3805999756
0.1383972168
0.1383972168
-0.1038055420
-0.6920013428
-0.0078430176
0.0470886230
-0.0313873291
0.9967956543
0.0000000000
0.0078430176
-0.0235443115
-0.0235443115
-0.1660156250
0.9591674805
0.0000000000
0.0368957520
-0.0737762451
-0.0184478760
-0.1844635010
0.0184478760
0.0000000000
-0.3324432373
0.7416076660
-0.2045745850
-0.0767211914
0.4602966309
0.0767211914
0.2301483154
0.1765136719
-0.8825683594
0.1323852539
-0.0441284180
-0.0882568359
0.0441284180
0.0441284180
-0.3088989258
0.9460754395
-0.1261444092
0.1261444092
0.1261444092
-0.1419067383
0.1261444092
-0.0315399170
-0.1103820801
-0.1039276123
0.0000000000
0.0000000000
0.4157409668
0.1039276123
0.1039276123
0.6236114502
-0.1039276123
0.3370056152
-0.4493408203
0.1123352051
-0.3370056152
-0.1123352051
-0.2246704102
-0.1123352051
0.0000000000
0.0625610352
0.9931335449
-0.0390930176
-0.0390930176
-0.0156402588
0.0625610352
-0.0234527588
-0.0078125000
-0.1004486084
0.1227722168
-0.4687500000
0.8147430420
0.0334777832
0.2455444336
-0.1339263916
-0.0892791748
0.2229309082
-0.1114654541
-0.1910705566
-0.0318450928
-0.8439178467
-0.1433105469
-0.3980712891
-0.0318450928
0.0585327148
-0.0975494385
0.0585327148
-0.1755981445
-0.1755981445
-0.9169769287
-0.1755981445
0.1950988770
0.3258361816
0.3025665283
0.1396484375
-0.2792816162
-0.6982116699
0.4189300537
-0.0698242188
0.1396484375
0.1320037842
-0.0440063477
-0.6600036621
0.3520050049
0.0000000000
0.1759948730
0.2200012207
-0.5279998779
0.9831390381
0.0819244385
0.1053314209
-0.0585174561
0.0819244385
-0.0234069824
0.0000000000
0.0234069824
-0.1041717529
-0.0347290039
0.9144134521
0.3588256836
0.1041717529
0.0578765869
0.0347290039
0.0578765869
-0.1670989990
-0.4678955078
0.2005310059
0.4010467529
0.3007812500
0.5347290039
-0.3342132568
0.1670989990
-0.0348663330
0.1394500732
0.0522918701
-0.0174255371
0.1045837402
0.0522918701
-0.9761505127
0.0000000000
0.2844848633
-0.2032012939
0.5689697266
0.0406341553
0.5689697266
-0.3657684326
-0.1219177246
-0.1625671387
-0.0384368896
0.9737091064
-0.0256195068
-0.0256195068
-0.0512542725
-0.1921844482
-0.0640563965
-0.0128173828
0.2477111816
0.1238555908
-0.1238555908
-0.1238555908
0.0000000000
-0.1238555908
0.2477111816
-0.3715667725
-0.0315399170
0.0000000000
0.0946197510
0.2523193359
-0.1576995850
0.3784790039
0.8515777588
0.0315399170
0.3226928711
0.2806091309
0.6173248291
-0.0140228271
0.2665710449
0.4489746094
-0.3647918701
0.1543273926
-0.4056243896
-0.0202789307
0.1825256348
-0.6490020752
-0.3650665283
-0.1825256348
-0.4461975098
0.0405578613
-0.1153869629
0.4615325928
0.0000000000
-0.1153869629
0.3461608887
0.1153869629
-0.2307739258
-0.2307739258
0.8941497803
-0.1244964600
-0.1924133301
-0.0226440430
-0.2829589844
0.1924133301
-0.1471405029
0.0679168701
-0.0414733887
-0.1451721191
0.9539947510
-0.0207366943
-0.1140594482
-0.0103759766
0.2177581787
-0.0518493652
-0.2199401855
0.1099700928
-0.1099700928
0.2199401855
0.0000000000
0.5498504639
0.3299102783
-0.1099700928
0.0422515869
0.0845031738
0.0000000000
-0.9717254639
0.0281677246
-0.0845031738
-0.1408233643
0.1126708984
0.0291137695
0.9802093506
0.0873413086
-0.0679321289
0.0194091797
0.1261596680
-0.0582275391
0.0582275391
-0.0271759033
0.3260955811
0.0543518066
0.4347839355
0.4076080322
-0.3260955811
0.5978393555
0.2173919678
-0.2543487549
-0.4769134521
0.7312622070
-0.1907653809
-0.0317993164
0.2225494385
-0.2225494385
0.0635833740
0.2714843750
-0.3054199219
0.2714843750
-0.5090484619
-0.0339355469
-0.0678710938
-0.2036132812
-0.6447906494
-0.0078125000
0.0703125000
-0.0546875000
0.9922485352
-0.0390625000
0.0468750000
-0.0156250000
-0.0390625000
-0.0818939209
0.9828033447
-0.0467987061
-0.0117034912
-0.0585021973
-0.0234069824
-0.1287078857
0.0117034912
-0.1617584229
-0.3235015869
0.7683258057
-0.2426300049
-0.0606536865
0.3639373779
0.0404357910
0.2628479004
0.1779022217
-0.7116088867
0.3113250732
0.0444793701
-0.0889587402
0.0444793701
0.2223815918
-0.4892272949
0.9344177246
-0.1078186035
0.1317749023
0.1916809082
-0.1557312012
0.1677093506
0.0239562988
-0.0598907471
-0.1818389893
0.0000000000
0.0000000000
0.4545898438
0.0909118652
0.3636779785
0.5455017090
-0.1818389893
-0.3264617920
-0.4352722168
-0.2176361084
-0.2176361084
-0.3264617920
0.2176361084
-0.1088256836
0.0000000000
0.0859222412
0.9920349121
-0.0156250000
-0.0624847412
-0.0078125000
0.0468750000
-0.0078125000
-0.0078125000
-0.0717163086
0.0806732178
-0.4481964111
0.8426208496
0.0089569092
0.2420349121
-0.0986022949
-0.0806732178
0.1075286865
-0.1075286865
-0.1996917725
0.0153656006
-0.8755645752
-0.1228942871
-0.3840179443
0.0000000000
0.0225067139
0.0225067139
0.1125640869
-0.2026062012
-0.0900421143
-0.8779907227
-0.3151702881
0.2251281738
0.2485198975
0.2733612061
0.0994110107
-0.3230743408
-0.6212921143
0.5467376709
-0.1491088867
0.1491088867
0.0969390869
0.0000000000
-0.6301116943
0.3392944336
0.1454162598
0.1938781738
0.2423553467
-0.5331726074
0.9876403809
0.0785675049
0.0785675049
0.0000000000
0.0336761475
0.0448913574
-0.0673370361
-0.0224456787
-0.0910339355
-0.0082702637
0.9434051514
0.2979125977
0.0827484131
0.0330963135
0.0496520996
0.0165557861
-0.1661834717
-0.3656005859
0.3323516846
0.3323516846
0.2991180420
0.6314849854
-0.2991180420
0.0664672852
-0.0682373047
0.1228332520
0.0272979736
-0.0136413574
0.0682373047
0.0545959473
-0.9826202393
-0.0136413574
0.3824157715
-0.1434020996
0.3824157715
0.0000000000
0.7170257568
-0.1434020996
-0.1434020996
-0.2390136719
-0.0382995605
0.9862365723
0.0000000000
-0.0191497803
-0.0382995605
-0.1436309814
-0.0191497803
0.0095825195
0.3480072021
0.2320098877
-0.2320098877
0.0000000000
0.0000000000
0.0000000000
0.3480072021
-0.3480072021
-0.0778656006
0.1297912598
0.2076568604
0.2855224609
-0.2076568604
0.4672241211
0.7527618408
0.0519104004
0.3472442627
0.2728271484
0.5704650879
0.0372009277
0.3224334717
0.4464569092
-0.3844451904
0.1488189697
-0.4210815430
0.0401000977
0.2205657959
-0.5814971924
-0.4010314941
-0.1203155518
-0.4812469482
0.1203155518
-0.0977325439
0.4886322021
-0.4886322021
-0.1954498291
0.0977325439
0.1954498291
0.0000000000
-0.2931823730
0.8993530273
-0.1240539551
-0.2067413330
0.0103302002
-0.2687683105
0.2067413330
-0.1033782959
0.0620269775
-0.0308074951
-0.1437835693
0.9551696777
0.0205383301
-0.1232452393
-0.0205383301
0.2156829834
-0.0102691650
-0.3651275635
0.0000000000
0.0000000000
0.1825714111
-0.1825714111
0.5476989746
0.3651275635
0.2738494873
0.0000000000
0.1031341553
0.0515594482
-0.9797668457
0.0515594482
-0.0515594482
-0.1160278320
0.0515594482
0.0312194824
0.9910736084
0.0312194824
-0.0546264648
0.0000000000
0.0858459473
-0.0546264648
0.0234069824
0.0312652588
0.2813568115
0.1563110352
0.4064025879
0.4064025879
-0.3438720703
0.6252288818
0.1563110352
-0.2682952881
-0.3875427246
0.7452850342
-0.1490631104
-0.0596160889
0.2981109619
-0.2384948730
0.1490631104
0.2527008057
-0.3158721924
0.2527008057
-0.5053863525
0.0000000000
-0.1579284668
-0.3158721924
-0.6001586914
-0.0077819824
0.0700683594
-0.0700683594
0.9888458252
-0.0622863770
0.0700683594
-0.0077819824
-0.0389251709
-0.0705413818
0.9875183105
-0.0264587402
0.0088195801
-0.1058044434
-0.0352630615
-0.0617218018
0.0176391602
-0.2606811523
-0.3302001953
0.7646636963
-0.2606811523
-0.0347595215
0.2780609131
0.0695190430
0.2780609131
0.2725677490
-0.2271423340
0.4542846680
0.1362915039
-0.0454254150
0.0908508301
0.4088592529
-0.6359863281
0.9233551025
-0.0467529297
0.1051940918
0.2454528809
-0.1519470215
0.2103881836
0.0467529297
0.0000000000
-0.1811065674
0.0000000000
0.0000000000
0.4527893066
0.1811065674
0.4527893066
0.4527893066
-0.1811065674
-0.4678039551
-0.4678039551
-0.2806854248
0.0000000000
-0.2806854248
0.0935668945
-0.2806854248
0.0935668945
0.1088867188
0.9877319336
0.0000000000
-0.0544433594
0.0466613770
0.0544433594
0.0388946533
-0.0311126709
-0.0375213623
0.0600280762
-0.4277191162
0.8704528809
-0.0075073242
0.1800994873
-0.0750427246
-0.1200561523
0.1242218018
-0.1087036133
-0.2484588623
0.0310516357
-0.9006500244
-0.0621185303
-0.2950439453
0.0155334473
0.0880737305
0.1174316406
0.1174316406
-0.2055053711
0.1761474609
-0.7339477539
-0.4697265625
0.3229370117
0.2704772949
0.2103729248
0.0000000000
-0.3906860352
-0.5409393311
0.6010437012
-0.1803131104
0.1202087402
0.2257537842
-0.0451507568
-0.4063415527
0.2709045410
0.2257537842
0.3160400391
0.1806030273
-0.6772460938
0.9856567383
0.0574188232
0.0669860840
0.0287017822
-0.0095672607
0.0574188232
-0.1148376465
0.0191345215
-0.0602874756
0.0075378418
0.9571075439
0.2713012695
0.0602874756
0.0150756836
0.0301513672
-0.0075378418
-0.2697448730
-0.2997131348
0.4495697021
0.2697448730
0.3596496582
0.5994262695
-0.2097930908
0.0299682617
-0.0550537109
0.0734100342
0.0275268555
0.0183563232
-0.0183563232
0.0642242432
-0.9909515381
-0.0366973877
0.4157714844
-0.1385955811
0.0462036133
0.0000000000
0.7391357422
0.0923919678
-0.0923919678
-0.4157714844
-0.0519409180
0.9867553711
0.0605926514
-0.0173187256
-0.0432739258
-0.1125183105
0.0000000000
0.0519409180
0.2985992432
0.1990661621
-0.0995330811
0.0995330811
0.0000000000
0.0000000000
0.4976654053
-0.4976654053
-0.1226196289
0.2145690918
0.2145690918
0.2145690918
-0.2452239990
0.4598083496
0.7356872559
-0.0613098145
0.3548736572
0.2569732666
0.5506591797
0.0856628418
0.3426361084
0.4405364990
-0.4038238525
0.1346130371
-0.4401855469
0.0926666260
0.3243408203
-0.5560150146
-0.3706817627
0.0231628418
-0.4401855469
0.1853332520
0.0000000000
0.3525543213
-0.7051239014
-0.0881347656
0.0000000000
0.0000000000
0.1762847900
-0.2644195557
0.9136199951
-0.1387786865
-0.1387786865
0.0578308105
-0.2659912109
0.1734771729
-0.1272125244
0.0462646484
-0.0515747070
-0.1340942383
0.9592742920
0.0722045898
-0.1340942383
-0.0412597656
0.1753540039
0.0103149414
-0.5328674316
0.0000000000
-0.0888061523
0.1776275635
-0.0888061523
0.4440612793
0.3552398682
0.2664337158
-0.0468139648
0.0351104736
0.1287536621
-0.9832153320
0.0234069824
0.0000000000
-0.0702362061
0.0585174561
0.0467529297
0.9895019531
0.0077972412
-0.0389556885
-0.0311584473
0.1012878418
-0.0623321533
-0.0077972412
0.0379791260
0.2658386230
0.2278594971
0.4177398682
0.3417816162
-0.3417816162
0.6076202393
0.2278594971
-0.1836242676
-0.2623291016
0.8656768799
-0.1311645508
-0.0524597168
0.2098541260
-0.2360992432
0.0787048340
0.2621917725
-0.2330627441
0.1748046875
-0.5243988037
0.0000000000
-0.1165313721
-0.4369964600
-0.5826568604
-0.0077819824
0.0466766357
-0.0855865479
0.9880981445
-0.0622406006
0.0778045654
0.0077819824
-0.0466766357
-0.0466613770
0.9875335693
-0.0233306885
0.0310974121
-0.1244201660
-0.0466613770
-0.0310974121
0.0233306885
-0.1974334717
-0.3290557861
0.8061981201
-0.2632446289
0.0000000000
0.2303466797
0.0493621826
0.2632446289
0.2276153564
0.0910491943
0.5462646484
-0.0910491943
0.0000000000
0.0910491943
0.4552154541
-0.5917816162
0.9097747803
-0.0389862061
0.1039733887
0.2599334717
-0.1949462891
0.1949462891
0.1039733887
0.0130004883
-0.2009429932
0.0000000000
0.0000000000
0.5023651123
0.1004791260
0.4018859863
0.4018859863
-0.1004791260
-0.3316650391
-0.3316650391
-0.4422149658
0.1105499268
0.0000000000
0.0000000000
-0.3316650391
0.0000000000
0.0778045654
0.9882202148
-0.0311279297
-0.0155639648
0.0855865479
0.0544738770
0.0544738770
-0.0311279297
-0.0433959961
0.0361633301
-0.4050140381
0.8896026611
-0.0072326660
0.1374206543
-0.0433959961
-0.1374206543
0.1354675293
-0.1185455322
-0.2370758057
-0.0169372559
-0.9144592285
0.0000000000
-0.2540130615
-0.0338745117
0.2080383301
0.0891571045
0.0891571045
-0.1485900879
0.7132568359
-0.3566284180
-0.3566284180
0.3566284180
0.4263153076
0.0000000000
-0.1065826416
-0.4618377686
-0.2486877441
0.6394653320
-0.2486877441
0.1421051025
0.2395324707
-0.0399169922
-0.1596832275
0.2794647217
0.1996154785
0.3193817139
0.0798492432
-0.7984466553
0.9832000732
0.0374603271
0.0655517578
0.0374603271
-0.0093688965
0.0374603271
-0.1404571533
0.0468139648
-0.0384521484
0.0307617188
0.9765777588
0.1999359131
0.0307617188
0.0000000000
0.0230712891
-0.0230712891
-0.2320861816
-0.2030792236
0.4931793213
0.2901000977
0.4351501465
0.5511932373
-0.2320861816
0.0580139160
-0.0388336182
0.0233001709
0.0310668945
0.0155334473
-0.0621337891
0.0466003418
-0.9942474365
-0.0155334473
0.3286743164
-0.2817230225
-0.3286743164
-0.0469512939
0.6103820801
0.1878051758
0.0469512939
-0.4695281982
-0.0617675781
0.9883270264
0.0794219971
-0.0264739990
-0.0264739990
-0.0794219971
-0.0088195801
0.0529479980
0.3840026855
0.2879943848
-0.0959930420
-0.0959930420
0.0959930420
0.0000000000
0.2879943848
-0.5760040283
-0.0828704834
0.1657409668
0.2486114502
0.0414276123
-0.2071685791
0.5800933838
0.6629638672
-0.1657409668
0.3527374268
0.2398681641
0.5079498291
0.1410980225
0.3809661865
0.4515075684
-0.3950653076
0.1693115234
-0.4096069336
0.1575469971
0.3465881348
-0.5671539307
-0.4411163330
0.0630187988
-0.3150787354
0.1890563965
0.0000000000
0.1521301270
-0.8367004395
0.0000000000
-0.0760650635
-0.1521301270
0.2281951904
0.0000000000
0.9040679932
-0.1578521729
-0.0430450439
0.1578521729
-0.3157043457
0.0574035645
-0.1435089111
0.0287017822
-0.0789337158
-0.1127777100
0.9698486328
0.0902252197
-0.1240539551
-0.0451049805
0.1015014648
0.0225524902
-0.4895629883
-0.0815887451
-0.0815887451
0.2447814941
-0.0815887451
0.4895629883
0.3263702393
0.3263702393
-0.0402832031
-0.0100708008
0.1208343506
-0.9867858887
-0.0302124023
0.0201416016
-0.0201416016
0.0704803467
0.0312347412
0.9917907715
-0.0156250000
-0.0234222412
-0.0468597412
0.0859069824
-0.0546722412
-0.0078125000
0.0000000000
0.2350158691
0.2820281982
0.3760375977
0.2350158691
-0.3290252686
0.6580657959
0.2350158691
-0.0984954834
-0.1723785400
0.9111022949
-0.1231231689
0.0246276855
0.0738677979
-0.2955017090
-0.0492553711
0.2411804199
-0.1205902100
0.0904388428
-0.5728149414
0.0301513672
0.0000000000
-0.4823608398
-0.5728149414
-0.0078735352
0.0157470703
-0.0708312988
0.9916381836
-0.0393524170
0.0787048340
0.0078735352
-0.0393524170
0.0234069824
0.9911346436
-0.0390167236
0.0468292236
-0.1014556885
-0.0234069824
-0.0077972412
0.0234069824
-0.0955352783
-0.2866058350
0.8407135010
-0.2101745605
0.0000000000
0.3057098389
0.0000000000
0.2292785645
0.2514038086
0.0628509521
0.5027923584
-0.3142395020
0.0628509521
0.0000000000
0.4399414062
-0.5027923584
0.9198303223
-0.0322723389
0.0645446777
0.2420654297
-0.2097778320
0.1613769531
0.0968170166
0.0484161377
0.2498626709
0.0000000000
-0.2498626709
0.1249389648
0.0000000000
-0.1249389648
0.2498626709
0.1249389648
-0.1234283447
-0.3703002930
0.2468566895
-0.1234283447
-0.1234283447
-0.2468566895
-0.1234283447
0.1234283447
0.0494079590
0.9880981445
0.0617523193
-0.0988159180
-0.0247039795
0.0370483398
0.0123443604
-0.0247039795
-0.1812744141
0.1007080078
-0.5035247803
0.7049407959
0.1409912109
0.0402832031
-0.2014160156
-0.3625335693
-0.0341949463
0.0683898926
-0.1367797852
0.0683898926
-0.8206329346
-0.3761291504
-0.3419342041
-0.0341949463
0.0213317871
0.0639801025
-0.0639801025
-0.0213317871
-0.5758819580
-0.7678527832
0.0000000000
-0.2346191406
0.1285400391
0.3213653564
0.2570953369
-0.1606903076
-0.8676910400
-0.0321350098
0.0000000000
0.0321350098
0.3731689453
0.0000000000
-0.7929687500
0.1865844727
0.1865844727
0.1865844727
0.0466461182
-0.2332305908
0.7729339600
0.3721618652
0.1145019531
-0.2862701416
-0.2576446533
0.2290191650
-0.0572509766
-0.1431427002
0.0699615479
0.0279846191
0.9375457764
0.2938537598
-0.0699615479
-0.1259307861
0.0419769287
0.0139923096
-0.2602386475
-0.0650634766
0.2602386475
0.0650634766
0.5204620361
0.6505889893
-0.1301116943
0.0650634766
-0.0575561523
0.0191955566
0.0000000000
0.0383758545
-0.1535034180
-0.0191802979
-0.9785766602
-0.0383758545
0.4900054932
-0.0700073242
0.7350006104
0.1750030518
0.2799987793
-0.2449951172
-0.0700073242
-0.0350036621
0.0467987061
0.9945068359
-0.0350952148
-0.0117034912
0.0117034912
-0.0117034912
-0.0467987061
-0.0234069824
-0.1150360107
-0.1150360107
-0.1150360107
0.1150360107
0.1150360107
-0.1150360107
0.0000000000
-0.1150360107
-0.1259460449
-0.3778381348
0.0000000000
0.0000000000
0.0000000000
-0.0629730225
0.8186492920
0.1889190674
0.3972015381
0.4181060791
0.6898803711
0.0418090820
0.1672515869
0.2717742920
-0.2508697510
0.1045227051
-0.4525146484
-0.0696105957
0.2784729004
-0.3828887939
-0.2436676025
0.0000000000
-0.6613616943
0.1740417480
0.1202545166
0.1202545166
0.3607788086
0.2405242920
0.1202545166
-0.2405242920
0.2405242920
0.2405242920
0.9134216309
0.0424804688
-0.1911773682
-0.2124176025
-0.0849761963
0.2124176025
0.1062164307
0.0637207031
-0.1315917969
-0.1809387207
0.8388824463
-0.2302856445
-0.1809387207
0.0657958984
0.2796325684
-0.2631835938
0.0000000000
0.0000000000
-0.1113433838
0.1113433838
0.0000000000
0.2226867676
0.0000000000
0.0000000000
0.0000000000
-0.0960540771
0.0480346680
-0.9845581055
0.0000000000
0.0000000000
0.0000000000
0.0240173340
-0.0215759277
0.9923400879
0.0107879639
-0.0862884521
0.0323638916
-0.0107879639
-0.0215759277
-0.0431518555
-0.1092987061
0.2732391357
0.2185974121
0.2732391357
0.5464782715
-0.2185974121
0.5464782715
0.2185974121
-0.2795104980
-0.0931701660
0.6521911621
-0.3726806641
-0.0931701660
-0.1863403320
0.0000000000
0.0000000000
0.0000000000
-0.4702148438
0.2893676758
-0.1808471680
0.1085052490
0.2893676758
-0.0361633301
-0.7234039307
0.0391693115
-0.0234985352
-0.0470123291
0.9949493408
0.0000000000
-0.0234985352
-0.0156707764
0.0548400879
-0.1509399414
0.9810638428
0.0628967285
0.0000000000
-0.0125732422
0.0377349854
-0.0628814697
0.0125732422
0.4607391357
-0.3291015625
0.5265655518
-0.1645507812
0.0000000000
0.4936523438
0.1645507812
0.2632751465
0.1976928711
-0.8566436768
0.0000000000
-0.0659027100
0.0659027100
-0.2635803223
-0.0659027100
0.0000000000
0.9559478760
0.1327667236
0.0531158447
0.1062164307
-0.0531158447
0.1593322754
-0.0265502930
-0.0531158447
0.0000000000
-0.2369232178
-0.1184692383
0.3553924561
0.1184692383
0.0000000000
0.4738464355
0.0000000000
-0.2176361084
-0.4352722168
0.3264617920
-0.2176361084
-0.3264617920
-0.2176361084
0.0000000000
0.1088256836
0.0710906982
0.9850921631
0.0609283447
-0.0710906982
0.0406188965
0.0812377930
0.0406188965
-0.0507812500
-0.1782531738
0.0148468018
-0.5347595215
0.7278594971
0.0742645264
0.0297088623
-0.1485443115
-0.3416442871
-0.0532073975
0.0532073975
-0.2394104004
0.0532073975
-0.9044342041
-0.2128143311
-0.2128143311
0.0532073975
0.0226287842
0.0226287842
-0.1357574463
0.0000000000
-0.3846588135
-0.8824615479
0.0678863525
-0.1810150146
0.2295532227
0.3825836182
0.1275329590
-0.2040405273
-0.8416900635
-0.0255126953
-0.0510101318
0.1020202637
0.3523559570
-0.1174468994
-0.6264038086
0.2349090576
0.0783081055
0.3132019043
0.0391540527
-0.5089569092
0.6856536865
0.4285278320
0.1428375244
-0.3999633789
-0.1999816895
0.2571258545
-0.1142730713
-0.1428375244
0.0622863770
-0.0311431885
0.9445953369
0.3010253906
0.0000000000
-0.0830383301
-0.0311431885
0.0311431885
-0.0863494873
-0.2158660889
0.3453826904
0.1295166016
0.4748992920
0.6907653809
-0.2158660889
0.0000000000
-0.0155181885
-0.0465393066
0.0465393066
-0.0155181885
-0.1706542969
-0.0465393066
-0.9773559570
-0.0310211182
0.5542297363
-0.0291748047
0.6709136963
0.2041931152
0.3500366211
-0.2041931152
-0.0875091553
-0.0291748047
0.0424346924
0.9929809570
-0.0848693848
0.0169677734
0.0000000000
-0.0169677734
-0.0424346924
-0.0169677734
0.1250000000
-0.1250000000
0.1250000000
0.1250000000
-0.1250000000
-0.3750000000
0.1250000000
-0.1250000000
-0.0802307129
-0.4813690186
-0.0401153564
0.0000000000
0.0000000000
-0.0802307129
0.8022918701
0.2406921387
0.3468933105
0.3642425537
0.6764373779
-0.0173492432
0.1734466553
0.3295440674
-0.3122100830
0.2081298828
-0.3938903809
-0.0303039551
0.1515045166
-0.5150909424
-0.3332977295
0.1817932129
-0.6059875488
0.1212005615
-0.1234283447
0.1234283447
0.2468566895
0.1234283447
0.2468566895
-0.1234283447
0.3703002930
0.1234283447
0.9368286133
-0.0439147949
-0.1170959473
-0.1902923584
-0.1756591797
0.1756591797
0.0000000000
0.0439147949
-0.0429534912
-0.2291107178
0.8878021240
-0.1861572266
-0.1575164795
0.0715942383
0.2004699707
-0.2147827148
0.0000000000
0.1242218018
-0.3726806641
0.1242218018
0.2484588623
0.2484588623
0.1242218018
0.0000000000
0.0190734863
0.0000000000
-0.0190734863
-0.9919433594
0.0190734863
-0.0381469727
0.0190734863
0.0381469727
-0.0238647461
0.9940948486
0.0000000000
-0.0477142334
0.0636291504
0.0158996582
-0.0318145752
-0.0397644043
0.0000000000
0.2262115479
0.2714538574
0.3166961670
0.4071807861
-0.2714538574
0.6786346436
0.0904846191
-0.2927703857
-0.5123443604
0.0731964111
-0.2927703857
-0.0731964111
-0.3659515381
-0.2195739746
0.4391479492
0.1776275635
-0.2842102051
0.2131500244
-0.4263153076
0.0000000000
0.1776275635
-0.1776275635
-0.7460479736
0.0156097412
0.0078125000
-0.0468444824
0.9916687012
-0.0702819824
-0.0234222412
-0.0234222412
0.0780792236
-0.1210937500
0.9860534668
0.0345916748
-0.0259552002
0.0086517334
0.0518951416
-0.0691986084
0.0345916748
0.4023742676
-0.3657989502
0.4755249023
-0.2194824219
0.0731658936
0.3657989502
0.1463165283
0.4755249023
0.1674652100
-0.8373565674
0.1674652100
0.1116485596
0.1116485596
-0.3349456787
0.0000000000
-0.0558166504
0.9780731201
0.0135803223
0.0815124512
0.0815124512
-0.0950927734
0.1086730957
0.0135803223
-0.0543365479
-0.2855072021
-0.0951690674
0.0951690674
0.4758453369
0.0951690674
0.0951690674
0.5709991455
-0.0951690674
-0.3499298096
-0.5248870850
0.1749572754
-0.0874786377
-0.4374084473
-0.2624511719
-0.0874786377
0.1749572754
0.0454101562
0.9898376465
0.0363311768
-0.0272369385
0.0726470947
0.0635681152
0.0454101562
-0.0454101562
-0.1730346680
-0.0230712891
-0.5075531006
0.7844085693
0.0115356445
0.0230712891
-0.0922851562
-0.2883911133
-0.0231933594
0.0463867188
-0.3014984131
-0.0695800781
-0.9276885986
-0.0463867188
-0.1391601562
-0.0463867188
-0.0222473145
0.1112213135
-0.0889739990
0.0444946289
-0.1334533691
-0.9564666748
0.1557006836
-0.0667266846
0.3142700195
0.3867950439
-0.0483551025
-0.2417449951
-0.7977600098
0.1208648682
0.0000000000
0.1450500488
0.2567443848
-0.1100311279
-0.5868377686
0.2200622559
0.0733489990
0.3667755127
0.0366821289
-0.5868377686
0.7094268799
0.3819885254
0.0272827148
-0.2455749512
-0.1909942627
0.2728576660
-0.3274230957
-0.2182769775
0.0529022217
-0.0529022217
0.9523620605
0.2733612061
0.0352783203
-0.0793609619
-0.0264587402
0.0440979004
-0.1433715820
-0.3584442139
0.3584442139
0.0716857910
0.3584442139
0.6810302734
-0.2867431641
-0.0358428955
0.0282592773
-0.0423736572
0.0423736572
-0.0141296387
-0.0847625732
-0.0282592773
-0.9888610840
-0.0565032959
0.5909881592
-0.0590972900
0.6205444336
0.2068481445
0.3841400146
-0.1477508545
-0.1477508545
0.0000000000
0.0311431885
0.9886016846
-0.1245422363
0.0311431885
0.0077819824
-0.0311431885
-0.0467071533
-0.0077819824
0.3535461426
0.0000000000
0.2357025146
0.1178436279
-0.3535461426
-0.2357025146
0.2357025146
-0.1178436279
0.0000000000
-0.3409729004
0.0426177979
0.0000000000
-0.0426177979
0.1704864502
0.8524169922
0.2557220459
0.3755187988
0.3304595947
0.6158599854
-0.0150146484
0.2253112793
0.3605041504
-0.3304595947
0.2703704834
-0.2122039795
0.0530548096
0.0265197754
-0.6101074219
-0.4509429932
0.1326293945
-0.5570526123
0.1591644287
-0.2405242920
0.2405242920
0.1202545166
0.0000000000
0.4810485840
-0.1202545166
0.1202545166
-0.1202545166
0.9206390381
-0.0826263428
-0.0826263428
-0.1770477295
-0.2714691162
0.1534423828
-0.0472106934
0.0590209961
0.0000000000
-0.2643432617
0.9189147949
-0.0881195068
-0.1636352539
0.0125885010
0.1384582520
-0.1636352539
-0.2153778076
-0.1076965332
-0.3230743408
0.3230743408
0.1076965332
0.3230743408
0.4307708740
0.0000000000
-0.0147705078
0.0147705078
-0.0443115234
-0.9894714355
0.0000000000
-0.0886077881
0.0147705078
0.0590667725
-0.0388793945
0.9876403809
0.0000000000
-0.0155487061
0.1166534424
0.0311126709
-0.0777740479
-0.0155487061
0.0895690918
0.0895690918
0.3582916260
0.4030761719
0.3582916260
-0.3135070801
0.6270141602
0.0895690918
-0.2129516602
-0.6388702393
0.0532379150
-0.1064758301
-0.1597137451
-0.2129516602
-0.3726806641
0.4791564941
0.2684173584
-0.2348632812
0.1677551270
-0.5032806396
-0.1677551270
0.0671081543
-0.2684173584
-0.6710357666
0.0234069824
0.0077972412
-0.0858154297
0.9907073975
-0.0624084473
0.0155944824
-0.0234069824
0.0624084473
-0.0703430176
0.9925537109
0.0000000000
-0.0625152588
0.0156250000
0.0390777588
-0.0468902588
0.0078125000
0.1331634521
-0.3994903564
0.4660797119
-0.3661956787
0.0000000000
0.1331634521
0.1331634521
0.6325225830
0.1597137451
-0.7453613281
0.2129516602
0.2129516602
0.1597137451
-0.3726806641
0.2129516602
-0.1597137451
0.9627532959
0.0105743408
0.1058044434
0.1586914062
-0.1058044434
0.1375427246
0.0529022217
-0.0105743408
-0.1895141602
-0.0947570801
-0.0947570801
0.3790283203
0.0947570801
0.1895141602
0.6633148193
0.0000000000
-0.3602752686
-0.6484832764
0.0720520020
0.0720520020
-0.5043792725
0.0000000000
-0.0720520020
0.0720520020
0.0331573486
0.9946594238
0.0165710449
-0.0165710449
0.0580291748
0.0248718262
0.0331573486
-0.0414428711
-0.1270141602
-0.0293121338
-0.4787445068
0.8206939697
-0.0293121338
0.0000000000
-0.0390777588
-0.2735595703
-0.0478363037
0.0239105225
-0.3587646484
-0.0956726074
-0.9088592529
0.0000000000
-0.0239105225
-0.1195831299
-0.0806579590
0.2419891357
-0.0268859863
0.0000000000
0.1344451904
-0.9410858154
0.0806579590
0.0268859863
0.3092498779
0.4498138428
-0.0281066895
-0.3092498779
-0.6747283936
0.3092498779
-0.0281066895
0.1686859131
0.1188201904
-0.0396118164
-0.5941314697
0.2772521973
0.1980438232
0.3960876465
0.0000000000
-0.5545196533
0.7590484619
0.2872009277
-0.0615386963
-0.0820617676
-0.1230926514
0.2872009277
-0.4308166504
-0.1846313477
0.0229492188
-0.0612030029
0.9639892578
0.2371673584
0.0382537842
-0.0765075684
0.0076446533
0.0306091309
-0.2134704590
-0.2744598389
0.3964538574
-0.0609893799
0.3354644775
0.7014160156
-0.2744598389
-0.0914916992
0.0418548584
0.0000000000
0.0418548584
0.0104675293
-0.0313873291
0.0313873291
-0.9940643311
-0.0523223877
0.6687011719
-0.0703887939
0.4927215576
0.1055908203
0.4223327637
-0.1759796143
-0.2111663818
0.0000000000
0.0154876709
0.9833068848
-0.1625976562
0.0387115479
0.0154876709
-0.0232238770
-0.0464630127
0.0077362061
0.2307739258
0.1153869629
0.2307739258
0.1153869629
-0.3461608887
-0.2307739258
0.3461608887
-0.2307739258
0.0797882080
-0.1595611572
0.1196746826
-0.0398864746
-0.0797882080
0.4387969971
0.8377075195
0.0000000000
0.3955078125
0.3107452393
0.5932617188
0.0141296387
0.2825012207
0.3813781738
-0.3248748779
0.2401275635
-0.1978149414
0.1695556641
0.0565185547
-0.6499633789
-0.4521484375
-0.0847778320
-0.4521484375
0.2543334961
-0.2222900391
0.3334350586
-0.4445648193
0.0000000000
0.2222900391
0.0000000000
-0.1111450195
-0.3334350586
0.9077606201
-0.0784454346
-0.0784454346
-0.1905212402
-0.3137969971
0.1456909180
-0.0224151611
0.0560302734
0.0381164551
-0.2921905518
0.9273986816
0.0000000000
-0.1778564453
-0.0127105713
0.0762176514
-0.1016387939
-0.2099609375
-0.2099609375
-0.2099609375
0.4199066162
0.0000000000
0.3149414062
0.4199066162
0.1049804688
-0.0513153076
0.0384826660
0.0000000000
-0.9877471924
0.0128326416
-0.0897979736
0.0641326904
0.0513153076
-0.0386810303
0.9826660156
0.0077362061
0.0309448242
0.1392822266
0.0309448242
-0.0928497314
-0.0309448242
0.1712646484
0.0428161621
0.4281616211
0.3853454590
0.3853454590
-0.3425292969
0.5566101074
0.0428161621
0.0000000000
-0.6094207764
0.3047180176
-0.1015777588
-0.2539215088
-0.0507812500
-0.4062805176
0.4570770264
0.3598175049
-0.2698669434
0.0000000000
-0.4797515869
-0.1799163818
-0.0299835205
-0.3298339844
-0.6296844482
0.0312652588
0.0000000000
-0.0703430176
0.9925537109
-0.0547027588
0.0312652588
0.0000000000
0.0547027588
-0.0547790527
0.9938507080
0.0156555176
-0.0782623291
-0.0156555176
0.0078277588
-0.0234832764
0.0078277588
0.0000000000
-0.3367614746
0.5699005127
-0.3885803223
-0.0259094238
0.1295318604
0.1295318604
0.5958099365
0.2384643555
-0.6677093506
0.2384643555
0.0953826904
0.2861633301
-0.3338470459
0.2861633301
-0.2861633301
0.9474029541
0.0106506348
0.1277313232
0.2128906250
-0.0958099365
0.1490325928
0.0745086670
0.0106506348
-0.3181304932
0.1060485840
-0.1060485840
0.4241790771
0.2120971680
0.2120971680
0.4241790771
0.1060485840
-0.1534423828
-0.7672271729
0.1534423828
0.0767211914
-0.3836212158
0.0767211914
-0.0767211914
0.0000000000
0.0239105225
0.9964904785
-0.0239105225
0.0318908691
0.0398559570
0.0079650879
0.0239105225
-0.0239105225
-0.0870208740
-0.0261077881
-0.4438171387
0.8528137207
-0.0348052979
0.0086975098
0.0086975098
-0.2523651123
-0.0719146729
0.0000000000
-0.4315032959
-0.1198577881
-0.8629913330
0.0719146729
0.0719146729
-0.1438293457
-0.0319366455
0.3193969727
-0.0319366455
-0.0638732910
0.5749053955
-0.7026672363
-0.0958251953
0.1596984863
0.4134521484
0.3858947754
-0.0275573730
-0.4410247803
-0.4410247803
0.4685821533
-0.1378173828
0.1653900146
0.1085052490
0.0361633301
-0.4340515137
0.2893676758
0.2531890869
0.3617095947
-0.0723419189
-0.6872406006
0.8677978516
0.1491546631
-0.0271148682
0.0135650635
-0.0271148682
0.2169494629
-0.4067840576
-0.0677947998
0.0458374023
-0.0764007568
0.9703063965
0.2062835693
0.0458374023
-0.0611267090
0.0152740479
0.0076446533
-0.3526000977
-0.1175384521
0.3819885254
-0.0587615967
0.4113616943
0.6758270264
-0.2350616455
-0.0587615967
0.0501861572
0.0250854492
0.0167236328
0.0250854492
0.0083618164
0.0501861572
-0.9952392578
-0.0250854492
0.5864715576
-0.2132568359
0.0533142090
0.0000000000
0.5331573486
-0.0533142090
-0.4265136719
-0.2132568359
-0.0309143066
0.9816131592
-0.1700439453
0.0309143066
0.0077362061
-0.0231933594
-0.0463714600
0.0309143066
0.1093902588
0.0000000000
0.3281707764
0.1093902588
-0.3281707764
-0.1093902588
0.3281707764
-0.4375762939
0.1060485840
-0.0353546143
0.0706939697
-0.0706939697
-0.1060485840
0.4948730469
0.8130035400
-0.1413879395
0.3717651367
0.2974090576
0.5799560547
0.0892181396
0.2825469971
0.4015045166
-0.3420257568
0.2528076172
-0.1006622314
0.2013092041
0.1006622314
-0.7381439209
-0.4026184082
-0.2348632812
-0.1677551270
0.3355255127
-0.0935668945
0.1871185303
-0.7484741211
0.0000000000
0.0000000000
0.0000000000
-0.2806854248
-0.0935668945
0.9114990234
-0.0985412598
-0.0369567871
-0.1478118896
-0.3448944092
0.0985412598
-0.0369567871
0.0369567871
0.0555877686
-0.3196258545
0.9032897949
0.0972747803
-0.2362518311
-0.0139007568
-0.0139007568
-0.0833740234
-0.4157409668
-0.1039276123
-0.2078704834
0.3117980957
-0.2078704834
0.3117980957
0.3117980957
0.2078704834
-0.0454864502
0.0341186523
0.0568542480
-0.9893341064
0.0113677979
-0.0796051025
0.0454864502
0.0454864502
-0.0232238770
0.9829559326
0.0232238770
0.0619201660
0.1238403320
0.0619201660
-0.0851440430
-0.0232238770
0.0780029297
0.1950073242
0.4290161133
0.3900146484
0.3900146484
-0.3510131836
0.5070190430
0.1950073242
0.0000000000
-0.2934265137
0.8069000244
-0.0733489990
-0.2200622559
0.0366821289
-0.4034576416
0.0366821289
0.3869171143
-0.2210998535
-0.0829162598
-0.4698333740
-0.0829162598
-0.0276336670
-0.4145660400
-0.6080169678
0.0468292236
-0.0312194824
-0.0702514648
0.9912719727
-0.0468292236
0.0624389648
0.0156097412
0.0312194824
-0.0078125000
0.9915161133
0.0078125000
-0.1092987061
-0.0234222412
-0.0468444824
-0.0078125000
0.0078125000
0.0607757568
-0.2228240967
0.7697448730
-0.3038482666
-0.0607757568
0.2835845947
0.0202636719
0.4051208496
0.2303771973
-0.8556671143
0.0987243652
-0.1316375732
0.2632751465
-0.1645507812
0.1316375732
-0.1974639893
0.9562988281
0.0125885010
0.1258239746
0.1887359619
-0.0755004883
0.1006622314
0.1132507324
0.0125885010
-0.2449493408
0.1224670410
0.0000000000
0.3674163818
0.2449493408
0.1224670410
0.1224670410
0.2449493408
-0.2222900391
-0.5557098389
0.1111450195
0.2222900391
-0.1111450195
0.2222900391
-0.2222900391
0.0000000000
0.0083465576
0.9935302734
-0.0667877197
0.0751342773
0.0083465576
0.0166931152
-0.0083465576
0.0083465576
-0.0682678223
-0.0341339111
-0.3754730225
0.8874969482
-0.0256042480
0.0256042480
0.0256042480
-0.2474670410
-0.0798645020
0.0266265869
-0.4259185791
-0.1064758301
-0.8518371582
0.1597137451
0.0266265869
-0.1597137451
0.0830383301
0.2214355469
-0.0276794434
-0.0553588867
0.8580627441
-0.3044738770
-0.1937561035
0.2214355469
0.5018615723
0.2258300781
-0.0752716064
-0.4516754150
-0.2760162354
0.5018615723
-0.2760162354
0.2509307861
0.0771331787
0.1156921387
-0.1928253174
0.2313842773
0.1156921387
0.3085174561
-0.1156921387
-0.8484191895
0.9095916748
0.0786132812
-0.0224609375
0.0561523438
-0.0112304688
0.1459808350
-0.3705749512
0.0000000000
0.0826110840
-0.0495605469
0.9747467041
0.1899871826
0.0247802734
-0.0247802734
0.0330352783
0.0000000000
-0.4648437500
0.0309906006
0.3718872070
0.0000000000
0.5268249512
0.5578155518
-0.1549530029
0.0309906006
0.0164947510
0.0247344971
-0.0082397461
0.0164947510
0.0164947510
0.0329742432
-0.9975891113
-0.0082397461
-0.0618896484
-0.4331817627
-0.6188354492
-0.0618896484
0.3094177246
0.0000000000
-0.3713073730
-0.2475280762
-0.0462493896
0.9790954590
-0.1773223877
0.0231323242
0.0000000000
-0.0308380127
-0.0539703369
0.0385437012
-0.1178436279
0.0000000000
0.1178436279
0.0000000000
-0.1178436279
0.0000000000
0.2357025146
-0.5892486572
0.0000000000
-0.0314788818
0.0944366455
-0.0314788818
-0.1573791504
0.6610260010
0.6925048828
-0.1259155273
0.3377838135
0.2734527588
0.5468902588
0.1930236816
0.2734527588
0.4342956543
-0.3699493408
0.2573547363
0.0000000000
0.1277465820
0.1703338623
-0.6813201904
-0.2980804443
-0.4683990479
0.0851593018
0.3406524658
0.0000000000
0.0964202881
-0.6749725342
0.1928405762
-0.1928405762
-0.0964202881
-0.2892761230
0.1928405762
0.8881072998
-0.1550598145
-0.0281982422
-0.0845794678
-0.4088134766
0.0563812256
-0.0281982422
0.0422973633
0.0177307129
-0.3545532227
0.7977294922
0.2659149170
-0.3545532227
0.0531768799
-0.1595458984
-0.0531768799
-0.5268554688
-0.1756134033
-0.0878143311
0.2634277344
-0.3512420654
0.3512420654
0.2634277344
0.1756134033
-0.0310668945
0.0310668945
0.0517730713
-0.9939270020
-0.0207061768
-0.0414123535
0.0310668945
0.0310668945
-0.0077819824
0.9892578125
0.0155792236
0.0700988770
0.0778961182
0.0700988770
-0.0545196533
-0.0155792236
0.0000000000
0.2336578369
0.4283599854
0.3504791260
0.3894195557
-0.3504791260
0.4673156738
0.3115386963
0.0000000000
-0.0673370361
0.9089813232
0.0000000000
-0.0336608887
0.0000000000
-0.3366546631
-0.1346588135
0.3651885986
-0.1123657227
-0.1404571533
-0.5056457520
0.0000000000
0.0561828613
-0.4494628906
-0.5899200439
0.0312042236
-0.0234069824
-0.0702209473
0.9909515381
-0.0468139648
0.0858306885
0.0000000000
-0.0077972412
0.0544281006
0.9875030518
-0.0155487061
-0.1088562012
-0.0155487061
-0.0855255127
0.0077819824
0.0155487061
0.1090698242
-0.1090698242
0.8180389404
-0.2181396484
-0.0908966064
0.3635711670
-0.0363616943
0.3272094727
0.1329193115
-0.9303894043
0.0265808105
-0.1595001221
0.2126617432
-0.1063232422
0.0000000000
-0.1063232422
0.9710693359
-0.0308227539
0.1387176514
0.1387176514
-0.0154113770
0.0308227539
0.0924835205
0.0154113770
0.0000000000
0.1150360107
0.1150360107
0.0000000000
-0.1150360107
0.0000000000
0.0000000000
0.2300720215
0.0943603516
-0.4717712402
0.1887054443
-0.2830657959
-0.3774108887
-0.2830657959
0.1887054443
-0.2830657959
0.0401916504
0.9948883057
0.0301513672
-0.0502471924
-0.0301513672
0.0100555420
0.0301513672
0.0000000000
-0.0774841309
0.0774841309
-0.4648895264
0.7748260498
0.0387420654
-0.1743316650
0.0774841309
-0.3486785889
-0.0778198242
0.1167449951
-0.4280395508
-0.1556549072
-0.7782592773
-0.2723846436
-0.0778198242
-0.1945648193
-0.0851287842
0.2383422852
0.0680999756
0.0510711670
-0.3404998779
-0.8512420654
0.0680999756
-0.2723999023
0.1040496826
0.4508819580
0.1734161377
-0.0693664551
-0.8323974609
0.0000000000
0.0000000000
0.1387329102
0.3679046631
-0.0735778809
-0.7358245850
0.0000000000
0.2943267822
0.1471710205
0.1471710205
-0.0735778809
0.6468505859
0.4312286377
0.1437377930
-0.3593597412
-0.4312286377
0.0718688965
-0.0359344482
-0.1078033447
0.0739746094
-0.1201934814
0.9246215820
0.3421020508
-0.0277404785
-0.0184936523
0.0092468262
-0.0647277832
-0.2222900391
0.0000000000
0.3334350586
-0.3334350586
0.2222900391
0.4445648193
-0.1111450195
0.0000000000
-0.1126403809
0.0337982178
0.0337982178
0.0675811768
-0.1013793945
0.0337982178
-0.9799957275
-0.0675811768
0.4159393311
-0.0346679688
0.8318939209
0.0346679688
0.2772979736
-0.0693206787
-0.0346679688
-0.1039886475
0.0397491455
0.9838256836
-0.1589965820
0.0099334717
-0.0099334717
-0.0298156738
-0.0298156738
-0.0099334717
0.0000000000
-0.2456817627
0.1228332520
0.0000000000
-0.1228332520
0.0000000000
0.2456817627
-0.1228332520
0.0000000000
-0.5196685791
0.2078704834
0.0000000000
-0.1039276123
-0.1039276123
0.5196685791
0.0000000000
0.3671722412
0.4038848877
0.6058197021
0.1835784912
0.2386627197
0.3304443359
-0.2753753662
0.2203063965
-0.5046234131
-0.0841064453
0.4625701904
-0.2523193359
-0.3364257812
0.1682128906
-0.5046234131
0.0841064453
0.1208343506
0.0000000000
0.4833679199
0.0000000000
0.1208343506
-0.2416839600
0.1208343506
0.2416839600
0.8554382324
0.1296081543
-0.2073822021
-0.2592163086
-0.1296081543
0.2851409912
0.1036834717
-0.1036834717
-0.2447967529
-0.3263854980
0.6935729980
-0.2855834961
-0.2447967529
0.2651824951
0.1835937500
-0.3059844971
-0.1237182617
0.2474365234
-0.1237182617
0.0000000000
0.0000000000
0.1237182617
0.2474365234
0.1237182617
0.0000000000
-0.0495452881
-0.0495452881
-0.9908142090
-0.0165100098
0.0000000000
0.0000000000
-0.0660552979
0.0000000000
0.9921112061
-0.0635986328
0.0254364014
0.0000000000
0.0000000000
0.0000000000
-0.0763092041
-0.1835632324
0.3671264648
0.4283142090
0.4283142090
0.4283142090
-0.2447509766
0.0611877441
0.3059387207
-0.1088256836
-0.2176361084
-0.4352722168
-0.5440979004
0.0000000000
-0.1088256836
0.0000000000
0.0000000000
0.1097412109
-0.4389495850
0.1463165283
-0.2194824219
0.1097412109
0.3657989502
-0.0365753174
-0.7315826416
0.0088043213
-0.0263977051
-0.0616149902
0.9945678711
-0.0528106689
0.0000000000
-0.0176086426
0.0263977051
-0.1059570312
0.9889068604
0.0176544189
-0.0353240967
0.0441436768
-0.0264892578
-0.0618133545
-0.0176544189
0.4222106934
-0.5347900391
0.4785003662
-0.1688842773
0.1970367432
0.3096160889
0.2814788818
0.1970367432
0.0829620361
-0.4977416992
0.3318328857
0.0000000000
0.1659088135
-0.5807037354
0.1659088135
-0.0829620361
0.9504547119
0.1267242432
0.0633697510
0.0950469971
-0.1267242432
0.0950469971
0.0316772461
-0.0950469971
-0.1249389648
0.0000000000
0.2498626709
0.2498626709
0.2498626709
-0.1249389648
0.1249389648
0.0000000000
0.0000000000
-0.3940429688
0.3152313232
-0.3152313232
-0.4728393555
-0.2364196777
0.2364196777
-0.3152313232
0.0644073486
0.9937133789
0.0276031494
-0.0092010498
-0.0184020996
0.0368041992
0.0552062988
-0.0092010498
0.0414428711
0.0207214355
-0.4972991943
0.6837768555
0.0207214355
-0.2693634033
0.0828857422
-0.4351348877
-0.0261230469
0.0783691406
-0.5224914551
-0.1567535400
-0.8098754883
-0.0261230469
-0.1044921875
-0.0783691406
-0.0683746338
0.2392883301
0.0170898438
0.0512695312
-0.1709136963
-0.9058685303
0.1367340088
-0.2392883301
0.1839141846
0.4291534424
0.0306549072
-0.0613098145
-0.8276367188
-0.0306549072
-0.0306549072
0.2452239990
0.4243774414
-0.0606231689
-0.4850006104
0.1818847656
0.1818847656
0.3031311035
0.0606231689
-0.5456390381
0.7222290039
0.4044494629
0.0577850342
-0.4911193848
-0.1155548096
0.0000000000
0.0000000000
-0.1733398438
0.1184692383
-0.1658477783
0.9240417480
0.3159179688
0.0000000000
0.0236968994
0.0000000000
-0.0473937988
0.2518920898
-0.1259460449
0.3778381348
0.0629730225
0.3148651123
0.6927032471
-0.2518920898
0.0000000000
-0.0437469482
-0.0328063965
0.0000000000
0.0765380859
-0.1202850342
0.0000000000
-0.9841461182
-0.0656127930
0.3757171631
-0.1445007324
0.8381347656
0.1156005859
0.2601165771
-0.1445007324
-0.0578002930
-0.0578002930
0.0081481934
0.9691467285
-0.2361755371
0.0000000000
-0.0081481934
-0.0488586426
-0.0162811279
-0.0081481934
0.1199951172
0.1199951172
0.0000000000
0.2400054932
0.0000000000
0.1199951172
0.1199951172
-0.1199951172
0.0586242676
-0.5862121582
0.0000000000
0.0000000000
0.1172485352
-0.2344818115
0.6448364258
0.2344818115
0.2978515625
0.4302368164
0.6618957520
0.0496368408
0.2151184082
0.3144073486
-0.2482147217
0.2647552490
-0.5731353760
0.0000000000
0.2507476807
-0.2865600586
-0.3582153320
0.4656677246
-0.3582153320
0.1074676514
0.0000000000
-0.2142791748
0.4285430908
0.0000000000
0.1071319580
-0.4285430908
0.3214111328
0.2142791748
0.8974914551
0.0527954102
-0.1407775879
-0.1935729980
-0.2639617920
0.2287750244
0.0352020264
-0.0352020264
-0.1328735352
-0.3037261963
0.7782897949
-0.2657623291
-0.2277984619
0.2657623291
0.0949096680
-0.2657623291
0.0000000000
0.2449493408
-0.1224670410
0.1224670410
0.2449493408
0.2449493408
0.3674163818
0.1224670410
0.0618591309
0.0309295654
-0.0618591309
-0.9896545410
0.0309295654
-0.0309295654
0.0154571533
-0.0463867188
0.0210723877
0.9901275635
-0.0105285645
0.0526733398
0.0737304688
0.0105285645
-0.0105285645
-0.0842590332
-0.0491638184
0.3441619873
0.4916687012
0.4425048828
0.3441619873
-0.3441619873
0.2949981689
0.1966705322
-0.0484771729
-0.5816345215
-0.5816345215
-0.2423553467
-0.0969390869
-0.0484771729
-0.2423553467
0.3392944336
0.2757568359
-0.3370361328
0.0000000000
-0.4289398193
0.0000000000
0.2757568359
-0.1531982422
-0.7046966553
-0.0077667236
-0.0155487061
-0.0777130127
0.9868927002
-0.1165618896
-0.0155487061
0.0310821533
0.0543975830
-0.1159973145
0.9821624756
-0.0077362061
-0.0695953369
0.0695953369
-0.0541381836
-0.0850677490
-0.0077362061
0.4068298340
-0.5521240234
0.5230712891
-0.1162414551
0.1452941895
0.1452941895
0.1743621826
0.3777618408
0.1001586914
-0.7011413574
0.4507293701
-0.1001586914
0.1001586914
-0.4006500244
0.1502380371
-0.1001586914
0.9901885986
0.0000000000
0.0813903809
0.0271301270
-0.0271301270
0.0271301270
0.0135650635
-0.0678253174
-0.3758239746
0.0000000000
0.4697723389
0.3758239746
0.2818603516
-0.1879119873
0.1879119873
-0.1879119873
-0.1776275635
-0.4440612793
0.2664337158
-0.2664337158
-0.5328674316
-0.0888061523
0.1776275635
-0.1776275635
0.0594482422
0.9907836914
0.0000000000
0.0495452881
-0.0198211670
0.0495452881
0.0792694092
-0.0099029541
0.0791931152
-0.0633544922
-0.4751739502
0.6969146729
-0.0158386230
-0.2534179688
0.0950317383
-0.4434967041
-0.0698089600
0.1628723145
-0.6514892578
-0.1396026611
-0.6980285645
0.0000000000
-0.1396026611
-0.0232696533
0.0000000000
0.2641906738
0.0000000000
0.1100769043
0.0660552979
-0.9246673584
0.1100769043
-0.1761322021
0.2677154541
0.5354461670
0.0267791748
-0.2141723633
-0.7228546143
0.0535430908
-0.0267791748
0.2141723633
0.3802490234
-0.1425933838
-0.4753112793
0.1901245117
0.1901245117
0.2851867676
0.0000000000
-0.6179046631
0.8111419678
0.2949523926
-0.0983123779
-0.3441162109
-0.0245819092
0.1720581055
-0.1966400146
-0.1966400146
0.1166229248
-0.1749267578
0.9256439209
0.3061218262
0.0218658447
0.0510253906
0.0218658447
0.0000000000
0.2596740723
-0.2077331543
0.3115997314
0.0000000000
0.3115997314
0.7270812988
-0.2596740723
-0.1038665771
0.0124511719
-0.0373382568
-0.0124511719
0.1120147705
-0.0373382568
0.0124511719
-0.9832000732
-0.1120147705
0.3747711182
-0.1153106689
0.8648681641
0.1153106689
0.2017974854
-0.0576629639
-0.1153106689
-0.0288238525
-0.0224609375
0.9506530762
-0.2994232178
-0.0149688721
-0.0149688721
-0.0598907471
-0.0149688721
0.0074920654
0.1147766113
0.4590759277
0.1147766113
0.3443145752
-0.2295379639
0.1147766113
0.1147766113
0.2295379639
0.0653381348
-0.5879974365
0.0000000000
0.0000000000
0.1959991455
-0.3266754150
0.4573364258
0.3919982910
0.2724761963
0.4598083496
0.6301116943
0.0170288086
0.1532745361
0.3065338135
-0.3405914307
0.2724761963
-0.5373077393
0.0716400146
0.1074676514
-0.3582153320
-0.3582153320
0.6089477539
-0.1432800293
0.0716400146
-0.1105499268
-0.1105499268
0.2211151123
0.0000000000
0.2211151123
-0.3316650391
0.5527648926
0.0000000000
0.8463592529
-0.0384674072
-0.1923522949
-0.2180023193
-0.3847045898
0.1923522949
0.0384674072
0.0769348145
0.0000000000
-0.2170715332
0.8863677979
-0.1085357666
-0.2713317871
0.1989746094
0.0723571777
-0.1627960205
-0.2120971680
-0.1060485840
-0.2120971680
0.3181304932
0.0000000000
0.3181304932
0.5302276611
0.0000000000
0.0176849365
0.0176849365
-0.0176849365
-0.9902496338
0.0176849365
-0.0884094238
0.0000000000
-0.0176849365
-0.0455627441
0.9750213623
0.0546722412
0.0455627441
0.1913604736
-0.0091094971
-0.0455627441
-0.0273437500
-0.0487518311
0.1462707520
0.5850830078
0.4875640869
0.2925415039
-0.3900604248
0.2437896729
0.1462707520
0.0420532227
-0.5887298584
-0.4625701904
-0.1261596680
-0.1261596680
-0.0841064453
-0.2943725586
0.5046234131
0.3269805908
-0.1961975098
-0.0326995850
-0.4904785156
-0.1307983398
0.1634979248
-0.1307983398
-0.7193603516
0.0077362061
-0.0077362061
-0.1082916260
0.9823455811
-0.1315002441
-0.0077362061
0.0309448242
0.0541381836
-0.0771942139
0.9804382324
-0.0463256836
-0.1080780029
0.0617523193
-0.0849151611
-0.0771942139
0.0077209473
0.3095092773
-0.4384765625
0.6448211670
-0.1805419922
-0.0515899658
0.1547546387
0.0000000000
0.4642639160
0.1257171631
-0.8380889893
0.3771362305
-0.0419006348
0.1257171631
-0.2514343262
0.0000000000
0.0419006348
0.9855651855
0.0197143555
0.1182708740
0.0492858887
-0.0492858887
0.0492858887
0.0197143555
-0.0591278076
-0.4285430908
0.0000000000
0.2142791748
0.4285430908
0.2142791748
-0.1071319580
0.0000000000
-0.3214111328
-0.0709686279
-0.6387176514
0.2838745117
-0.0709686279
-0.4967803955
0.1419372559
0.2129058838
-0.1419372559
0.0399169922
0.9879760742
0.0000000000
0.0498962402
-0.0099792480
0.0299377441
0.1097717285
-0.0598754883
0.1104583740
-0.0828399658
-0.4970397949
0.6627197266
-0.0138092041
-0.2485198975
0.1380615234
-0.4556121826
-0.2064056396
0.2948608398
-0.7371368408
-0.0884552002
-0.5307312012
-0.0294799805
-0.0884552002
-0.0294799805
0.1013488770
0.2702484131
0.0000000000
0.1013488770
0.6756134033
-0.6418457031
-0.0337829590
0.0000000000
0.2778625488
0.6112976074
-0.0277862549
-0.3612213135
-0.5557250977
0.2222900391
-0.0833587646
0.1667175293
0.3592224121
-0.1026306152
-0.4105377197
0.2052612305
0.2052612305
0.2565765381
-0.1026306152
-0.6671142578
0.8666839600
0.1925964355
-0.1284027100
-0.1284027100
0.0481567383
0.2567901611
-0.3049468994
-0.0962982178
0.0799865723
-0.1745147705
0.9234771729
0.3126678467
0.0218200684
0.0654449463
0.0727081299
0.0290832520
0.0439605713
-0.1758270264
0.3956146240
-0.1318664551
0.3516540527
0.7033233643
-0.3077087402
-0.1318664551
0.0117950439
0.0353851318
0.0235900879
0.1297760010
0.0235900879
0.0235900879
-0.9791870117
-0.1297760010
0.3380279541
-0.1126708984
0.8732604980
-0.0563354492
0.1408538818
-0.0563354492
-0.1971893311
-0.1408538818
-0.0361480713
0.9180755615
-0.3903656006
0.0144653320
-0.0072326660
-0.0144653320
-0.0289154053
0.0216827393
0.2246704102
0.3370056152
0.2246704102
0.1123352051
-0.3370056152
0.1123352051
0.2246704102
0.3370056152
0.1467742920
-0.5137023926
0.1467742920
-0.0733795166
0.0000000000
0.2201538086
0.6604766846
0.1467742920
0.2286224365
0.4191284180
0.6668090820
0.0381011963
0.1714630127
0.3429260254
-0.3619842529
0.1905212402
-0.4451904297
0.2473297119
0.0989379883
-0.6430664062
-0.3957214355
0.2473297119
0.0989379883
0.0989379883
-0.2234802246
0.0000000000
-0.4469451904
-0.2234802246
0.2234802246
-0.1117401123
0.3352050781
-0.2234802246
0.7948913574
-0.0794830322
-0.2157592773
-0.2498168945
-0.4542236328
0.1816864014
0.0340728760
0.0908508301
0.1242218018
-0.1449279785
0.8488159180
0.0207061768
-0.3933563232
0.2070312500
0.1656188965
-0.0621032715
-0.1776275635
-0.2664337158
-0.1776275635
0.5328674316
-0.1776275635
0.2664337158
0.4440612793
-0.0888061523
-0.1080322266
0.0216064453
0.1080322266
-0.9722747803
0.0000000000
-0.1080322266
0.0648193359
0.0000000000
-0.0745391846
0.9503631592
0.0931701660
0.0279541016
0.2608795166
-0.0186309814
-0.1024932861
0.0093231201
-0.0463867188
0.0927886963
0.6959075928
0.3247528076
0.3711547852
-0.3711547852
0.1855773926
0.1391754150
0.0409088135
-0.4909362793
-0.5318450928
-0.0818176270
-0.2045593262
0.0818176270
-0.2863769531
0.5318603516
0.4232177734
-0.1209259033
-0.1511535645
-0.4534606934
-0.1813812256
0.1209259033
-0.2418365479
-0.6650695801
0.0077667236
0.0000000000
-0.0776062012
0.9856567383
-0.1241760254
-0.0155181885
0.0310516357
0.0620880127
-0.0387268066
0.9835510254
-0.0154876709
-0.1006774902
0.0077514648
-0.1084289551
-0.0697021484
0.0464630127
0.1838989258
-0.1838989258
0.6804046631
-0.2390594482
-0.2022857666
0.2942352295
-0.1655120850
0.4965209961
0.0945281982
-0.8822326660
0.2835845947
-0.1260375977
0.2205657959
-0.1260375977
-0.0630187988
0.1260375977
0.9785614014
0.0095977783
0.1439056396
0.0767517090
-0.0479736328
0.0767517090
0.0479736328
-0.0479736328
-0.3715667725
0.0000000000
-0.1238555908
0.1238555908
0.0000000000
0.0000000000
-0.3715667725
-0.1238555908
0.0699310303
-0.6293640137
0.3496398926
-0.0699310303
-0.4195709229
0.3496398926
0.0699310303
-0.0699310303
0.0000000000
0.9753875732
-0.0117492676
0.1057586670
-0.0117492676
0.0234985352
0.1527709961
-0.0940093994
0.0989685059
-0.0706939697
-0.5513763428
0.6644744873
-0.0141448975
-0.1413726807
0.2120666504
-0.4100036621
-0.4192352295
0.3493652344
-0.8035278320
0.0698699951
-0.0349426270
-0.0349426270
0.0698699951
0.0698699951
0.1908569336
0.0318145752
-0.0318145752
0.0000000000
0.9224853516
0.1590423584
-0.1908569336
0.1272430420
0.3711090088
0.4771423340
0.0530090332
-0.5036468506
-0.3976135254
0.2650756836
-0.2385711670
0.2650756836
0.2986145020
0.1706390381
-0.2986145020
0.3412780762
0.1279754639
0.2133026123
-0.1706390381
-0.7252197266
0.9066314697
0.1403198242
-0.1079254150
-0.0215911865
0.0755462646
0.1942749023
-0.3130035400
-0.0323791504
0.0865936279
-0.2020416260
0.9163818359
0.3030548096
0.0000000000
0.0793762207
0.0937957764
0.0577239990
-0.2501220703
-0.0416870117
0.4585418701
-0.0833740234
0.4168548584
0.5836029053
-0.3751678467
-0.0833740234
0.0192260742
0.0576934814
0.0288543701
0.0673217773
0.0480804443
0.0000000000
-0.9905242920
-0.0673217773
0.1975708008
-0.1646423340
0.8231964111
-0.1646423340
0.1646423340
-0.0987854004
-0.2634277344
-0.2963562012
-0.0639190674
0.9019622803
-0.4190216064
0.0213012695
-0.0142059326
0.0284118652
-0.0355072021
0.0497131348
-0.1202545166
0.1202545166
0.2405242920
0.1202545166
-0.4810485840
0.0000000000
0.1202545166
0.2405242920
-0.0808868408
-0.2426452637
0.1617584229
0.2022094727
-0.3235321045
0.5257263184
0.6470642090
-0.1213226318
0.1493835449
0.3921203613
0.6908874512
0.0746917725
0.2053985596
0.3547821045
-0.3734436035
0.1493835449
-0.1588897705
0.3177795410
-0.1271057129
-0.6991119385
-0.2542266846
-0.4131164551
0.2542266846
0.1906738281
0.0000000000
0.0000000000
-0.6749725342
-0.2892761230
0.0964202881
0.0000000000
0.2892761230
-0.1928405762
0.7828369141
-0.1067504883
-0.1897735596
-0.2372283936
-0.5100250244
0.1067504883
-0.0237274170
0.0830230713
0.2412109375
-0.1072082520
0.6164245605
0.1072082520
-0.6164245605
0.2144012451
0.2948150635
-0.0536041260
-0.3363952637
-0.0840911865
0.0840911865
0.5045928955
-0.3363952637
0.0840911865
0.5045928955
0.0000000000
-0.1465911865
0.0244293213
0.1710357666
-0.9528808594
0.0244293213
-0.0733032227
0.1221618652
-0.0244293213
-0.0540161133
0.9507446289
0.1404571533
0.0000000000
0.2376861572
0.0000000000
-0.0864257812
0.0756225586
-0.1230468750
0.2050781250
0.6972503662
0.2460937500
0.3691253662
-0.3281250000
0.2871093750
0.1230468750
-0.0827941895
-0.4967956543
-0.4553985596
-0.1241912842
-0.2070007324
0.1656036377
-0.2483978271
0.5795898438
0.4300537109
-0.0806274414
-0.2687835693
-0.4300537109
-0.1343841553
0.0806274414
-0.2956542969
-0.6450805664
-0.0155792236
-0.0077972412
-0.0389709473
0.9897460938
-0.1091003418
0.0155792236
0.0389709473
0.0545501709
0.0077514648
0.9837036133
0.0154876709
-0.0697174072
-0.0309753418
-0.1239318848
-0.0542144775
0.0774536133
0.1809844971
0.0129241943
0.7239227295
-0.2068328857
-0.2068328857
0.3490295410
-0.2197570801
0.4265899658
0.0000000000
-0.9560241699
0.1039123535
-0.1246948242
0.1454772949
-0.0831298828
-0.0831298828
0.1039123535
0.9771575928
0.0302276611
0.1511077881
0.0402984619
-0.0100708008
0.0705108643
0.0705108643
-0.0805969238
-0.2477111816
0.0000000000
-0.2477111816
0.1238555908
-0.1238555908
0.1238555908
-0.3715667725
0.1238555908
0.1504211426
-0.6016693115
0.4512481689
0.0752105713
-0.2256317139
0.3760528564
-0.1504211426
0.0000000000
-0.0502014160
0.9537048340
-0.0669250488
0.1840515137
-0.0334625244
0.0669250488
0.1673126221
-0.0836639404
0.0599060059
-0.0599060059
-0.4941864014
0.6888732910
-0.0599060059
-0.0299530029
0.3144836426
-0.4043426514
-0.4203948975
0.3233795166
-0.6790924072
0.2263641357
0.3233795166
0.0000000000
0.1293487549
0.2263641357
0.2840118408
-0.1420135498
-0.0946655273
-0.0709991455
0.8047180176
0.4260253906
-0.1893463135
0.0473327637
0.5143127441
0.2449188232
-0.0244903564
-0.5388031006
-0.2449188232
0.2938995361
-0.3428802490
0.3183898926
0.2597351074
0.2968292236
-0.2597351074
0.4081420898
0.0000000000
0.1855163574
-0.1855163574
-0.7049713135
0.9338226318
0.1134490967
-0.0785522461
0.0000000000
0.0523681641
0.1745452881
-0.2705535889
-0.0087280273
0.1298828125
-0.2092590332
0.9164276123
0.2814178467
-0.0216522217
0.0938110352
0.0432891846
0.0865936279
-0.4858398438
0.0971679688
0.3886718750
-0.0485839844
0.5344238281
0.3886718750
-0.2915039062
-0.0485839844
0.0203247070
0.0203247070
0.0000000000
0.0000000000
0.0508117676
-0.0406494141
-0.9958038330
0.0000000000
-0.1249542236
-0.1249542236
0.6663970947
-0.2082519531
0.2498931885
-0.0416564941
-0.3331909180
-0.4998016357
-0.0705413818
0.8958129883
-0.4302673340
0.0211639404
-0.0211639404
0.0352630615
-0.0352630615
0.0493774414
-0.2474365234
0.0000000000
0.1237182617
-0.1237182617
-0.1237182617
-0.2474365234
0.0000000000
0.1237182617
-0.1797485352
-0.1198272705
0.2097015381
0.2396697998
-0.4194030762
0.5691986084
0.5392456055
-0.1797485352
0.1821441650
0.3946685791
0.6071777344
0.1973266602
0.1669769287
0.4402008057
-0.3946685791
0.1366119385
-0.0556945801
0.2785034180
-0.1670989990
-0.6127166748
-0.1670989990
-0.6127166748
0.1949615479
0.2228088379
0.0000000000
0.2211151123
-0.5527648926
-0.3316650391
0.0000000000
0.1105499268
0.2211151123
-0.1105499268
0.7530517578
-0.1038665771
-0.1298370361
-0.2466888428
-0.5712890625
0.0129852295
-0.0649108887
0.0908813477
0.2263946533
-0.1509246826
-0.0377349854
0.3773193359
-0.8301086426
0.1509246826
0.1509246826
-0.0377349854
-0.4630279541
-0.0771789551
0.1543426514
0.4630279541
-0.3086853027
0.0771789551
0.4630279541
0.1543426514
-0.1262207031
0.0252380371
0.0504913330
-0.9592895508
-0.0252380371
-0.0252380371
0.1514739990
-0.1262207031
-0.0615386963
0.9477996826
0.1723327637
-0.0492401123
0.1846313477
0.0246124268
-0.0246124268
0.1600189209
-0.1183624268
0.2761840820
0.6312561035
0.2367248535
0.2761840820
-0.3550872803
0.4339904785
0.1183624268
-0.2250061035
-0.5249938965
0.0749969482
0.0000000000
-0.0749969482
0.3000030518
-0.1499938965
0.6000061035
0.4082183838
-0.0255126953
-0.3061676025
-0.4082183838
-0.0255126953
0.1275634766
-0.3571929932
-0.6378479004
-0.0405120850
0.0243072510
-0.0648193359
0.9885101318
-0.1053314209
0.0486145020
0.0162048340
0.0243072510
0.0550537109
0.9725494385
0.0183563232
-0.0183563232
-0.0825805664
-0.1559753418
-0.0091705322
0.1284484863
0.1575164795
0.0900115967
0.7538604736
-0.1687774658
-0.1800231934
0.3375396729
-0.2362823486
0.4050598145
-0.0391845703
-0.9796142578
0.0391845703
-0.0783691406
0.0979614258
-0.0391845703
-0.0391845703
0.0783691406
0.9793853760
0.0425872803
0.1277465820
-0.0106506348
0.0106506348
0.0319366455
0.0638732910
-0.1170959473
-0.1150360107
0.1150360107
0.0000000000
0.1150360107
0.1150360107
-0.1150360107
-0.1150360107
-0.1150360107
0.2275848389
0.0000000000
-0.0569000244
-0.3982696533
-0.3982696533
-0.2275848389
0.5120544434
-0.4551544189
0.0583953857
0.9926757812
0.0000000000
-0.0583953857
-0.0233612061
-0.0116729736
0.0233612061
-0.0467071533
-0.0319671631
-0.0159759521
-0.3675842285
0.8630218506
-0.2077636719
-0.1278533936
0.1598205566
-0.1598205566
0.1604614258
-0.0401153564
-0.4813690186
-0.2808074951
-0.6819458008
-0.2005767822
-0.1604614258
-0.2808074951
-0.0790100098
0.2844238281
0.0790100098
0.0000000000
-0.0948028564
-0.9322814941
0.0158081055
-0.1422119141
0.2169342041
0.3718872070
0.0619812012
-0.0309906006
-0.8677215576
0.0309906006
0.0309906006
0.1549530029
0.2540588379
0.2540588379
-0.7621765137
0.0000000000
0.0000000000
0.0846862793
0.1693725586
0.0846862793
0.9112854004
0.0587921143
0.2645721436
-0.0587921143
-0.0881958008
-0.2057800293
0.1175842285
0.0294036865
0.0671539307
-0.1510772705
0.9232940674
0.3189544678
0.0503540039
0.1007232666
-0.0419616699
-0.0419616699
0.2357025146
0.4714050293
-0.2357025146
-0.1178436279
0.1178436279
-0.2357025146
0.1178436279
0.1178436279
-0.1676177979
0.0733337402
0.0838165283
0.1361999512
-0.0419006348
0.1361999512
-0.9428863525
-0.1676177979
0.2483520508
0.1379699707
0.8278503418
-0.1103820801
0.3587341309
-0.0827789307
0.0000000000
-0.2483520508
0.0583038330
0.9618835449
-0.2429046631
0.0777282715
0.0097198486
0.0000000000
-0.0485839844
-0.0291442871
-0.1648101807
0.0823974609
0.0000000000
0.1648101807
0.0000000000
0.0000000000
0.1648101807
-0.8240356445
0.0000000000
-0.2438964844
0.2438964844
0.2438964844
-0.2438964844
0.2438964844
0.2438964844
-0.1219482422
0.2699432373
0.2474517822
0.6298675537
0.1574707031
0.3149414062
0.3374328613
-0.3599243164
0.2924346924
-0.2358093262
0.0943145752
0.5659332275
-0.2358093262
-0.4244537354
0.5187683105
-0.1886444092
0.0471649170
0.0000000000
-0.1237182617
0.2474365234
0.1237182617
0.1237182617
0.0000000000
0.1237182617
0.2474365234
0.8640594482
0.0682220459
-0.0227355957
-0.3183288574
-0.2955932617
0.1136932373
-0.0682220459
-0.1591644287
-0.1606292725
-0.1606292725
0.6157531738
-0.1070861816
-0.2944946289
0.5354461670
0.4015808105
0.0000000000
-0.1242218018
0.3726806641
0.0000000000
0.1242218018
-0.2484588623
0.1242218018
0.2484588623
0.0000000000
-0.0137481689
-0.0412597656
-0.0275115967
-0.9902038574
-0.0825195312
-0.0550079346
-0.0137481689
0.0275115967
0.0957183838
0.9731597900
-0.0638122559
0.1276245117
0.0319061279
0.0638122559
-0.0319061279
-0.0957183838
-0.0959320068
0.4796600342
0.4317016602
0.4796600342
0.1918640137
-0.3837280273
0.0479736328
0.2877960205
0.2344665527
0.0000000000
-0.2344665527
-0.4689483643
0.0000000000
-0.1172332764
-0.2344665527
0.2344665527
0.3047790527
-0.2176971436
-0.0435333252
-0.3047790527
0.0000000000
0.3918609619
-0.0435333252
-0.7401733398
-0.0113677979
0.0341033936
-0.0113677979
0.9890747070
-0.1023254395
0.0227355957
-0.0682067871
-0.0227355957
-0.1958618164
0.9670867920
0.0000000000
0.0734558105
-0.0122375488
-0.0856933594
-0.0856933594
0.0367279053
0.2869873047
-0.4591674805
0.6600494385
-0.1434936523
0.1721954346
0.4017791748
0.1721954346
0.0574035645
0.0773925781
0.1548004150
0.3869934082
0.3096008301
-0.1548004150
-0.5417938232
0.3869934082
-0.2321929932
0.9882659912
0.0000000000
-0.0372924805
0.0559387207
0.0559387207
0.0559387207
-0.0372924805
0.0000000000
-0.2468566895
0.2468566895
0.2468566895
0.2468566895
0.0000000000
-0.1234283447
-0.1234283447
-0.2468566895
0.2080230713
-0.0520019531
0.0520019531
-0.4160308838
-0.3640289307
-0.3120269775
0.3640289307
-0.5720520020
0.0911102295
0.9921264648
0.0000000000
-0.0303649902
-0.0202484131
0.0101165771
0.0506134033
-0.0101165771
0.0633697510
-0.1056213379
-0.2957305908
0.7182006836
-0.3591003418
-0.2957305908
0.3591003418
-0.1478576660
0.2463226318
-0.0246276855
-0.3941192627
-0.1477966309
-0.8128509521
0.1477966309
-0.1724243164
-0.1724243164
-0.0177764893
0.2487640381
0.0533142090
0.0000000000
0.0355377197
-0.9595489502
0.0000000000
-0.0533142090
0.2733306885
0.3340606689
0.0607452393
0.0000000000
-0.8807067871
0.0000000000
0.0303649902
0.0607452393
0.4160919189
0.1188812256
-0.7727355957
0.2377624512
0.1188812256
0.1188812256
0.1188812256
0.0000000000
0.9357757568
0.0935821533
0.1169738770
-0.1403656006
0.0467834473
-0.1871490479
0.1637573242
0.0233917236
0.1241149902
-0.1460113525
0.9272003174
0.2774353027
0.0218963623
0.1460113525
-0.0218963623
-0.0511016846
0.5586853027
0.1117401123
0.1117401123
0.1117401123
0.0000000000
0.3352050781
-0.1117401123
0.2234802246
-0.1142730713
0.0457153320
0.0914306641
0.1142730713
-0.0914306641
0.1028594971
-0.9599456787
-0.1371307373
0.1882476807
0.1411743164
0.8470764160
-0.0705871582
0.3294219971
-0.1176452637
-0.0470581055
-0.2823638916
0.0658111572
0.9494476318
-0.2820129395
0.0563964844
-0.0187988281
-0.0281982422
-0.0563964844
-0.0658111572
-0.2369232178
0.2369232178
-0.1184692383
0.1184692383
0.1184692383
0.0000000000
0.2369232178
-0.4738464355
0.3806762695
-0.0951690674
0.1903381348
0.0000000000
0.0951690674
-0.3806762695
-0.0951690674
0.5709991455
0.2118225098
0.3059692383
0.6825561523
0.0706024170
0.2353668213
0.3765869141
-0.2588958740
0.3295135498
-0.2464294434
0.2464294434
0.3450012207
-0.3450012207
-0.4928588867
0.5421447754
-0.0492858887
0.1478576660
0.0000000000
0.0000000000
0.0911560059
0.0000000000
0.0911560059
0.0000000000
0.0911560059
0.0000000000
0.8305664062
0.0461425781
-0.0615234375
-0.2614746094
-0.4306640625
0.1230468750
-0.1384277344
-0.0922851562
0.0000000000
-0.0215759277
0.7769165039
-0.1726531982
-0.2158050537
0.3668823242
0.4100341797
0.0431671143
-0.1229705811
0.1229705811
0.1229705811
0.2459411621
0.0000000000
0.0000000000
0.4918823242
0.0000000000
0.0409088135
0.0000000000
-0.0136413574
-0.9955139160
-0.0136413574
-0.0272674561
-0.0136413574
0.0000000000
0.0948486328
0.9643707275
-0.0316162109
0.1422882080
0.0948486328
0.0474243164
0.0158081055
-0.1422882080
-0.0445709229
0.5347595215
0.4456329346
0.4902038574
0.0891265869
-0.4010772705
0.0891265869
0.1782531738
-0.1212463379
-0.4243774414
-0.5456390381
-0.3637542725
-0.1212463379
0.0000000000
-0.4243774414
0.2425079346
0.3282165527
-0.2625732422
-0.0984649658
-0.4923248291
-0.0328216553
0.2953948975
-0.1312866211
-0.6564331055
-0.0088500977
0.0177001953
-0.0088500977
0.9826049805
-0.1681976318
-0.0265502930
0.0354156494
0.0354156494
-0.1835021973
0.9684753418
-0.0203857422
0.0509796143
-0.0101928711
-0.1121368408
-0.0917510986
0.0305786133
0.1911315918
-0.3185577393
0.8495025635
-0.0637054443
0.0212402344
0.2760925293
0.0000000000
0.2123718262
0.0000000000
-0.6000061035
0.3750000000
0.2250061035
-0.0749969482
-0.3750000000
0.3000030518
-0.1499938965
0.9921264648
0.0000000000
0.0121002197
0.0242004395
0.0726013184
0.0484008789
-0.0363006592
-0.0363006592
-0.3247528076
0.1082458496
0.4330139160
0.1082458496
-0.1082458496
0.0000000000
-0.2165069580
-0.4330139160
0.1786346436
-0.2977294922
0.0595397949
-0.4168243408
-0.4168243408
-0.2381896973
0.3572845459
-0.4763641357
0.1076202393
0.9881591797
0.0195617676
0.0195617676
-0.0391387939
0.0195617676
0.0782623291
0.0097808838
0.0720062256
-0.1679992676
-0.2160034180
0.5279998779
-0.4079895020
-0.4319915771
0.4319915771
-0.2879943848
0.2614135742
0.0000000000
-0.5041656494
-0.0746917725
-0.7655792236
0.2614135742
-0.0560150146
-0.0560150146
0.2251129150
0.2251129150
-0.0375213623
0.2626342773
0.3376770020
-0.7879028320
-0.1875915527
0.1125640869
0.4329071045
0.4689941406
0.1082305908
-0.2164611816
-0.6854553223
0.1082305908
-0.0721588135
0.0721588135
0.4494018555
0.1123504639
-0.7302703857
0.2808685303
0.1123504639
0.1685180664
0.0000000000
-0.1685180664
0.9831085205
0.0546112061
0.0182037354
-0.0546112061
0.0546112061
-0.0728149414
0.0546112061
-0.0728149414
0.1449279785
-0.1666564941
0.9202575684
0.2681121826
-0.0072479248
0.1739044189
0.0000000000
-0.0217437744
0.2452087402
-0.3678131104
0.2452087402
0.1839141846
0.2452087402
0.6130218506
-0.3678131104
0.1226043701
-0.0776977539
0.0466156006
0.0776977539
0.1398620605
-0.0776977539
0.0932312012
-0.9634704590
-0.1243133545
0.2747344971
0.0998992920
0.8241882324
0.0000000000
0.2996978760
-0.0998992920
-0.0998992920
-0.3246765137
0.0250244141
0.9677734375
-0.2335968018
0.0166931152
-0.0083465576
-0.0500640869
-0.0250244141
-0.0500640869
-0.3498535156
0.2332305908
-0.1166229248
0.1166229248
0.1166229248
0.1166229248
0.1166229248
0.4664764404
0.4602813721
-0.1315002441
-0.1315002441
-0.1315002441
0.2630157471
-0.5917816162
-0.1315002441
0.3945159912
0.2113037109
0.4695587158
0.6104278564
0.0469512939
0.0704345703
0.4226074219
-0.2817382812
0.2817382812
-0.2157135010
0.3775177002
0.0539245605
-0.3775177002
-0.4853668213
0.4853668213
0.1617889404
0.2696533203
0.1082458496
0.2165069580
-0.1082458496
0.0000000000
0.1082458496
0.0000000000
0.5412597656
-0.4330139160
0.7916259766
0.0127716064
-0.0766143799
-0.2170562744
-0.5362548828
0.1021423340
-0.1276855469
-0.0255432129
0.1737213135
0.1351165771
0.8106842041
-0.1158142090
-0.1737213135
0.2123260498
0.4246368408
0.1158142090
-0.1099700928
-0.3299102783
0.1099700928
0.4398803711
-0.1099700928
0.0000000000
0.4398803711
-0.1099700928
0.0330047607
0.0330047607
0.0660095215
-0.9901428223
0.0330047607
-0.0330047607
-0.0330047607
-0.0330047607
-0.0147705078
0.9752349854
0.0738830566
0.0295562744
0.1625366211
-0.0738830566
0.0000000000
-0.0591125488
-0.1740875244
0.5802917480
0.4642333984
0.4062042236
0.0580291748
-0.3481750488
0.0580291748
0.1160583496
-0.1613159180
-0.6990661621
-0.1613159180
-0.2151031494
-0.1613159180
-0.0537719727
-0.3226470947
0.4301910400
0.2920532227
-0.2190399170
-0.0730133057
-0.5110931396
-0.0364990234
0.1460266113
-0.0364990234
-0.7301177979
0.0077514648
-0.0077514648
-0.0309906006
0.9840545654
-0.1394653320
-0.0464935303
0.0697326660
0.0464935303
-0.1011810303
0.9841766357
-0.0184020996
0.0275878906
-0.0184020996
-0.1011810303
-0.0735778809
0.0367889404
0.1319580078
-0.2144470215
0.8742675781
-0.0989685059
-0.0989685059
0.2309417725
-0.0494842529
0.2969207764
-0.0930938721
-0.8843383789
0.1396331787
0.0930938721
-0.0465393066
-0.2327270508
0.0000000000
0.2327270508
0.9886322021
0.0605316162
0.0403594971
0.0302581787
0.0807037354
0.0504455566
-0.0605316162
-0.0201721191
-0.3230743408
0.0000000000
0.2153778076
0.1076965332
-0.1076965332
0.0000000000
-0.3230743408
-0.5384674072
0.3422546387
-0.5476074219
0.2738037109
-0.2738037109
-0.3422546387
0.0000000000
0.2053527832
-0.3422546387
0.0583953857
0.9927368164
0.0250244141
0.0250244141
-0.0166778564
0.0083465576
0.0834197998
-0.0166778564
0.0689849854
-0.0919799805
-0.2759399414
0.6668701172
-0.2299499512
-0.3679199219
0.2989349365
-0.4139099121
0.2913360596
-0.0182037354
-0.4916381836
-0.0546264648
-0.6919250488
0.4005889893
0.0910491943
-0.1092529297
0.4217071533
-0.1622009277
-0.1622009277
0.3244018555
0.5839080811
0.4217071533
-0.2919616699
0.1622009277
0.3599700928
0.6091918945
0.0553741455
-0.4153594971
-0.3045959473
0.3876647949
-0.2215270996
0.0830688477
0.3263702393
0.1631927490
-0.7343444824
0.2447814941
0.0815887451
0.1631927490
0.0815887451
0.0000000000
0.9836273193
0.0255432129
-0.0894165039
0.0255432129
0.0383300781
0.0511016846
-0.0766448975
-0.0894165039
0.1024932861
-0.1537475586
0.9297790527
0.2489166260
-0.0366058350
0.1830291748
0.0512542725
0.0146484375
-0.1511383057
-0.2267150879
0.3400726318
0.1889343262
0.4912261963
0.5667877197
-0.3778533936
0.1511383057
-0.0320892334
0.0320892334
0.0481414795
0.1283874512
-0.0320892334
0.0481414795
-0.9789123535
-0.0962829590
0.3750915527
0.1000213623
0.7752075195
0.0250091553
0.2250518799
-0.0750122070
-0.1750488281
-0.3750915527
0.0000000000
0.9754180908
-0.2150573730
0.0076751709
-0.0076751709
-0.0076751709
-0.0153656006
0.0000000000
-0.1166229248
0.2332305908
-0.1166229248
0.0000000000
0.1166229248
-0.1166229248
0.1166229248
0.5830993652
0.5846557617
-0.1670379639
-0.2505645752
-0.0835266113
0.0835266113
-0.5011291504
0.2505645752
0.0000000000
0.2502288818
0.5254669189
0.5755157471
0.0750732422
0.0000000000
0.4754180908
-0.2502288818
0.1251068115
-0.0629730225
0.3778381348
-0.0629730225
-0.5667572021
-0.3148651123
0.0629730225
0.4408111572
0.3148651123
0.0000000000
0.0000000000
-0.2438964844
0.0000000000
0.2438964844
0.0000000000
0.4878082275
-0.1219482422
0.7434997559
-0.0236053467
-0.0826110840
-0.1652221680
-0.6254730225
0.0708160400
-0.1062164307
-0.0236053467
0.2605133057
0.1603240967
0.7815551758
0.0200347900
-0.1402740479
0.1402740479
0.4408721924
0.2204437256
-0.0964202881
-0.2892761230
0.0000000000
0.4821166992
-0.3856964111
-0.0964202881
0.3856964111
-0.1928405762
-0.0462799072
0.1156768799
0.2313690186
-0.9485931396
0.0000000000
-0.0694122314
-0.0925445557
-0.0231323242
-0.1058197021
0.9372406006
0.1360473633
-0.1511688232
0.1965179443
-0.1360473633
-0.0604705811
0.0302276611
-0.3552398682
0.5328674316
0.3552398682
0.2664337158
0.0888061523
-0.2664337158
0.0888061523
0.1776275635
-0.2926025391
-0.6437377930
-0.0585174561
-0.1170501709
-0.2926025391
0.1755676270
-0.2926025391
0.4096527100
0.3097991943
-0.0442504883
-0.0442504883
-0.4868316650
0.1770324707
0.0442504883
0.0000000000
-0.7523803711
-0.0077819824
0.0000000000
0.0000000000
0.9884490967
-0.1167449951
-0.0466918945
0.0466918945
0.0544891357
-0.0175323486
0.9819641113
-0.0087738037
0.0613708496
-0.0964355469
-0.0964355469
-0.0350646973
0.0964355469
0.1563415527
-0.0938110352
0.8129882812
-0.1563415527
-0.2032470703
0.3283233643
-0.0781707764
0.3439636230
-0.0771331787
-0.9255371094
0.0000000000
-0.0385589600
0.0000000000
0.0385589600
-0.1156921387
0.2699432373
0.9898376465
0.0769805908
0.0549926758
0.0000000000
0.0439910889
0.0549926758
-0.0439910889
-0.0220031738
-0.1178436279
-0.1178436279
-0.1178436279
-0.2357025146
0.0000000000
0.0000000000
-0.3535461426
-0.4714050293
0.2705993652
-0.4510040283
0.3607940674
-0.0901947021
-0.3607940674
0.3607940674
0.0901947021
-0.1804046631
0.0084838867
0.9925231934
0.0339355469
0.0169677734
0.0000000000
0.0084838867
0.1017913818
-0.0254516602
0.0531311035
-0.0265655518
-0.3984527588
0.7703399658
-0.0265655518
-0.1593780518
0.2390747070
-0.3718872070
0.1508789062
0.0000000000
-0.4526214600
0.0603485107
-0.4526214600
0.6940307617
0.2112274170
-0.0905303955
0.3372650146
-0.2168121338
-0.1686248779
0.1204528809
0.5540771484
0.6504364014
-0.2168121338
0.0240936279
0.3230743408
0.5218811035
0.1491088867
-0.5218811035
-0.1242523193
0.3727722168
-0.3727722168
0.1242523193
0.1576080322
0.3940429688
-0.6304626465
0.3152313232
0.0000000000
0.0788116455
0.3152313232
0.0788116455
0.9793243408
0.0672149658
-0.0960083008
0.0095977783
0.0864105225
0.0768127441
-0.0864105225
-0.0576019287
0.0448303223
-0.1270141602
0.9413757324
0.2166595459
-0.0747070312
0.1718444824
0.1045989990
0.0298919678
-0.3040313721
-0.1688995361
0.4053649902
0.1688995361
0.5067138672
0.4729309082
-0.4053649902
0.0675659180
0.0403442383
0.0000000000
0.0268859863
0.0000000000
0.0134429932
-0.0403442383
-0.9950103760
0.0000000000
0.4511108398
0.0796051025
0.7429962158
-0.0265350342
0.1592102051
-0.0796051025
-0.2122802734
-0.3714904785
-0.0389862061
0.9748077393
-0.2027587891
-0.0389862061
-0.0077972412
0.0389862061
-0.0233917236
0.0389862061
0.0000000000
0.1000061035
-0.1000061035
0.0000000000
0.0000000000
0.0000000000
0.1000061035
0.1000061035
0.2831726074
-0.1415863037
0.1415863037
0.3539581299
-0.4247436523
0.2831726074
0.4955444336
-0.2831726074
0.2679595947
0.5602874756
0.5846405029
0.1948852539
0.0730743408
0.4141235352
-0.1948852539
0.0243530273
-0.1618957520
0.2833251953
-0.2023773193
-0.6880645752
-0.2023773193
-0.4047393799
0.2023773193
0.2833251953
0.2187805176
0.1093902588
-0.5469665527
-0.2187805176
0.0000000000
0.2187805176
0.2187805176
0.2187805176
0.6809082031
-0.0400543213
-0.0133514404
-0.1201629639
-0.6942596436
-0.0400543213
-0.1735687256
-0.0267028809
0.2496643066
0.0226898193
0.8170928955
0.1134796143
-0.0907897949
0.1134796143
0.4312438965
0.1815795898
-0.2760772705
-0.1840515137
0.2760772705
0.4601287842
-0.2760772705
-0.0920257568
0.4601287842
-0.0920257568
-0.1202087402
0.1502685547
0.3305816650
-0.9015655518
-0.0901641846
0.0000000000
-0.0601043701
0.0000000000
-0.1160430908
0.8951568604
0.1326141357
-0.2983856201
0.1657714844
-0.1326141357
-0.0497283936
0.1491851807
-0.3552398682
0.2664337158
0.5328674316
0.1776275635
0.0888061523
-0.3552398682
0.2664337158
-0.0888061523
-0.5145263672
-0.3675231934
-0.2572631836
-0.1837615967
-0.2572631836
0.4410247803
-0.2940063477
0.3307647705
0.3485107422
0.0697021484
-0.1742553711
-0.3833618164
0.1394042969
0.1394042969
-0.1742553711
-0.7667236328
-0.0155944824
0.0000000000
0.0233764648
0.9899291992
-0.0935363770
-0.0311737061
0.0389709473
0.0779418945
0.0509033203
0.9670715332
0.0305328369
0.1119842529
-0.1323394775
-0.1017913818
0.0000000000
0.1323394775
0.1860504150
-0.0155029297
0.7286987305
-0.1550445557
-0.2480621338
0.4186096191
-0.1240386963
0.3876037598
-0.1756439209
-0.9535369873
-0.0501861572
-0.0250854492
0.0000000000
0.0000000000
-0.0752716064
0.1756439209
0.9790344238
0.0846099854
0.1208648682
0.0120849609
0.0362548828
0.0966949463
-0.0241699219
-0.0604400635
0.1243286133
0.0000000000
-0.2486572266
-0.1243286133
-0.1243286133
0.1243286133
-0.2486572266
-0.1243286133
0.1954498291
-0.2931823730
0.2931823730
-0.0977325439
-0.3908996582
0.4886322021
0.0977325439
-0.1954498291
-0.0585937500
0.9842834473
0.0468750000
0.0585937500
0.0000000000
0.0234375000
0.1288909912
-0.0234375000
0.1087799072
0.0543823242
-0.4895019531
0.7070617676
0.0000000000
0.0543823242
0.3807220459
-0.2719421387
-0.1650390625
0.2475433350
-0.3300628662
0.2475433350
0.2888031006
0.7013854980
0.2888031006
0.1650390625
0.3475646973
-0.2606811523
-0.1520690918
0.0000000000
0.5213470459
0.6734161377
-0.2172241211
-0.0217285156
0.3924560547
0.3679199219
0.2452850342
-0.5396118164
-0.0981140137
0.3433990479
-0.4169769287
0.1962280273
0.2145080566
0.4290313721
-0.5005340576
0.5005340576
0.0715026855
0.0000000000
0.2145080566
-0.2145080566
0.9685668945
0.1086273193
-0.1176757812
-0.0180969238
0.0814666748
0.0905151367
-0.1086273193
-0.0814666748
0.0289306641
-0.1639709473
0.9163055420
0.2121887207
-0.1157379150
0.2025451660
0.1639709473
0.0578765869
-0.3835906982
-0.1743621826
0.4533386230
0.2441101074
0.5230865479
0.3487243652
-0.3487243652
0.0348663330
0.0958251953
-0.0410614014
0.0410614014
-0.0410614014
0.0684356689
-0.0273742676
-0.9855499268
0.0547485352
0.4269104004
0.0328369141
0.6896209717
-0.0985107422
0.1641998291
0.0000000000
-0.2955474854
-0.4269104004
-0.0377044678
0.9612731934
-0.2356109619
-0.0753936768
0.0188446045
0.0753936768
-0.0094299316
0.0659637451
0.1196746826
0.1196746826
-0.4786834717
0.1196746826
0.2393341064
0.1196746826
0.1196746826
0.2393341064
-0.0825195312
-0.0412597656
0.2888031006
0.3713226318
-0.5363616943
0.4538421631
0.3713226318
-0.2888031006
0.2004699707
0.5412902832
0.5412902832
0.3007202148
0.1202850342
0.4210052490
-0.2806701660
0.0000000000
-0.1219329834
0.1828918457
-0.2743377686
-0.6401214600
-0.1828918457
-0.5791625977
0.0914459229
0.2438507080
0.0990753174
0.2972259521
-0.4953613281
-0.0990753174
-0.2972259521
0.1981506348
0.0990753174
0.3963012695
0.6169128418
-0.0462646484
0.0000000000
-0.1696472168
-0.7094573975
-0.0925445557
-0.2621917725
-0.0154266357
0.2297515869
-0.1641082764
0.8533630371
0.1641082764
-0.0656433105
0.0328216553
0.3282165527
0.1312866211
-0.3014221191
-0.1004791260
0.3014221191
0.3014221191
-0.3014221191
-0.1004791260
0.5023651123
0.0000000000
-0.2757110596
0.1654357910
0.1654357910
-0.8271484375
-0.1654357910
-0.0551452637
0.1654357910
-0.1654357910
-0.0391082764
0.8406982422
0.1368560791
-0.3910217285
0.1368560791
-0.1173095703
-0.0195465088
0.2737121582
-0.3720092773
0.1860046387
0.4340209961
0.2480010986
0.0000000000
-0.4340209961
0.4960174561
0.1240081787
-0.5824127197
-0.2758789062
-0.3678436279
-0.1226196289
-0.1532592773
0.4598083496
-0.1839141846
0.3678436279
0.3183135986
0.0868072510
-0.3761901855
-0.3761901855
0.0868072510
0.0868072510
-0.2893676758
-0.6944885254
0.0000000000
0.0000000000
-0.0078125000
0.9913635254
-0.0936737061
0.0078125000
0.0156097412
0.0780639648
0.0955657959
0.9420166016
0.0819091797
0.2047882080
-0.1501770020
-0.0546112061
0.0682678223
0.1365203857
0.2330017090
0.0998535156
0.6324462891
-0.0998535156
-0.2662963867
0.4826507568
-0.1997222900
0.4160919189
-0.1936035156
-0.9679870605
0.0000000000
-0.0430145264
0.0215148926
-0.0215148926
0.0215148926
0.0860443115
0.9768371582
0.0876617432
0.1377563477
0.0000000000
0.0125274658
0.0751342773
0.0250396729
-0.0876617432
0.0000000000
0.0000000000
-0.0911560059
0.0000000000
-0.0911560059
0.0000000000
0.0000000000
-0.0911560059
0.1627349854
0.1084899902
-0.2169799805
-0.4339599609
-0.3797149658
-0.2169799805
0.5424652100
-0.3797149658
0.0247497559
0.9901428223
0.0123748779
-0.0618896484
0.0000000000
0.0123748779
0.0123748779
-0.0990142822
-0.0715179443
-0.0510864258
-0.3166961670
0.8989868164
-0.0919494629
0.0817260742
-0.0102081299
-0.2554016113
0.5996246338
-0.2075653076
-0.1614379883
-0.2306213379
-0.6226806641
0.1844940186
0.1614379883
-0.2306213379
-0.1674652100
0.0957031250
0.0239257812
-0.1196136475
0.0957031250
-0.8134155273
-0.3827819824
0.3349304199
0.2925415039
0.2925415039
0.2437896729
-0.1462707520
-0.7801055908
0.0487518311
0.0000000000
0.2437896729
0.2060852051
0.1545562744
-0.7212829590
-0.0515136719
0.0000000000
0.1545562744
0.4121551514
-0.3606414795
0.9790954590
-0.0402374268
0.0938873291
-0.0402374268
0.0000000000
-0.1475372314
0.0134124756
-0.0402374268
0.0000000000
-0.0827484131
0.9554290771
0.2708282471
0.0601806641
0.0376129150
0.0075225830
-0.0075225830
0.0000000000
0.2498626709
-0.2498626709
-0.1249389648
-0.1249389648
-0.2498626709
-0.1249389648
0.0000000000
-0.2006530762
-0.0528106689
0.0211181641
0.2323455811
0.1478576660
0.2323455811
-0.8871154785
-0.1900939941
0.3410186768
0.1049346924
0.6558074951
-0.0262298584
0.5508880615
-0.1049346924
-0.0787048340
-0.3147888184
0.0471038818
0.9890747070
-0.0659332275
0.0282592773
0.0376739502
0.0659332275
0.0094146729
0.0753631592
0.0000000000
0.1597137451
-0.1597137451
0.0000000000
0.1064758301
0.1597137451
0.0000000000
-0.9050750732
-0.2449493408
-0.1224670410
0.2449493408
0.0000000000
-0.2449493408
0.1224670410
0.3674163818
0.1224670410
0.2946166992
-0.1104736328
0.4050903320
0.1473083496
0.3314361572
0.3314361572
-0.6628723145
0.1104736328
0.0364379883
0.1092987061
0.5100708008
-0.5100708008
-0.5100708008
0.4007720947
-0.0364379883
0.0364379883
-0.1216278076
0.0000000000
-0.1216278076
-0.1216278076
-0.1216278076
0.2432556152
-0.1216278076
0.1216278076
0.8923339844
-0.1523437500
-0.1741180420
0.0435333252
-0.0217590332
0.2611694336
0.1305847168
-0.2176361084
-0.0289611816
-0.0579223633
0.5502624512
-0.0579223633
-0.2896118164
0.5792236328
0.3764953613
0.3185729980
-0.1238555908
0.0000000000
0.1238555908
0.1238555908
-0.3715667725
0.2477111816
0.2477111816
0.1238555908
-0.0116424561
0.0466003418
0.0116424561
-0.9901123047
-0.1048278809
0.0116424561
0.0233001709
-0.0349426270
0.1038513184
0.9792022705
0.0296783447
0.0296783447
0.0593414307
0.0148315430
0.0000000000
-0.1335296631
-0.2935028076
0.5543975830
0.2608947754
0.3913421631
0.2282867432
-0.4565582275
0.1956634521
0.2282867432
0.0886840820
0.0886840820
0.8868865967
-0.2217254639
-0.1330261230
0.1330261230
0.0000000000
0.2217254639
0.3534393311
0.0000000000
-0.0392761230
-0.5105285645
0.1570892334
0.1178131104
-0.1570892334
-0.7068786621
0.0222778320
0.0891113281
0.0891113281
0.9579772949
-0.2116394043
-0.0445556641
-0.1225280762
0.0111389160
-0.2695922852
0.9313354492
-0.0122528076
0.1225433350
-0.1347961426
0.0000000000
-0.0122528076
0.1470489502
0.1087646484
-0.1087646484
0.7396392822
-0.0652618408
0.2175445557
0.5873565674
-0.1305236816
-0.0217590332
-0.1135406494
0.5677337646
0.2270965576
0.2270965576
0.0000000000
-0.2270965576
0.1135406494
0.0000000000
0.9784851074
-0.0357971191
0.0357971191
0.1670532227
-0.0119323730
0.0715942383
0.0000000000
-0.0477294922
0.1249389648
0.1249389648
0.0000000000
0.0000000000
-0.2498626709
0.0000000000
-0.3748016357
0.0000000000
0.2348937988
0.0587158203
-0.0587158203
-0.4110565186
-0.4697723389
-0.1761627197
0.3523406982
-0.5285034180
0.0325622559
0.9878387451
0.0217132568
-0.0651397705
-0.0325622559
0.0542755127
0.0325622559
-0.0977020264
-0.0630798340
-0.0630798340
-0.3259429932
0.9042053223
-0.0630798340
0.0841064453
-0.0105133057
-0.2313079834
0.4259185791
-0.0774383545
-0.0193634033
-0.1548767090
-0.8131103516
0.2903900146
0.0193634033
-0.1742401123
0.0288848877
-0.0866699219
-0.0288848877
0.0000000000
0.1444396973
-0.8088836670
-0.4333343506
0.3177795410
0.3568572998
0.1784362793
0.0892181396
-0.1784362793
-0.8475494385
0.0892181396
-0.0446014404
0.0892181396
0.2679595947
0.1531219482
-0.8421783447
0.1148376465
0.2296905518
0.0765686035
0.2296905518
-0.1531219482
0.9819335938
-0.0338592529
0.1015777588
-0.0564270020
-0.0338592529
-0.1128692627
0.0338592529
0.0451507568
0.0224761963
-0.0524597168
0.9517669678
0.2847747803
0.0299835205
0.0749359131
0.0374755859
-0.0074920654
-0.3517150879
-0.1172332764
0.1172332764
0.3517150879
0.0000000000
0.3517150879
-0.2344665527
0.0000000000
-0.1389007568
-0.0810241699
0.0231475830
0.1041870117
0.0926055908
0.1157531738
-0.9607696533
-0.1157531738
0.3853149414
0.1651306152
0.7155761719
-0.1100921631
0.4128265381
-0.0825653076
-0.0825653076
-0.3027496338
0.0355987549
0.9966735840
-0.0267028809
-0.0267028809
-0.0088958740
0.0177917480
0.0177917480
0.0267028809
-0.2234802246
0.1117401123
0.0000000000
0.1117401123
0.0000000000
0.0000000000
0.0000000000
-0.6704254150
-0.1539001465
0.0000000000
0.2308349609
0.0769500732
-0.1539001465
0.0000000000
0.4616851807
0.6925201416
0.2063598633
-0.0515899658
0.5158843994
0.1547698975
0.1547698975
0.4127044678
-0.6190643311
0.0000000000
0.0770111084
0.0770111084
0.3080596924
-0.6931304932
-0.4235839844
0.3850708008
0.1155242920
0.1540222168
0.0000000000
0.1238555908
-0.4954071045
0.0000000000
-0.1238555908
-0.1238555908
0.1238555908
-0.1238555908
0.9202728271
-0.0793304443
-0.1269378662
0.0476074219
-0.2538757324
0.2221374512
-0.0158691406
-0.0793304443
0.0451354980
0.0451354980
0.8348693848
-0.1128234863
-0.0676879883
0.3384552002
0.3158874512
0.2256317139
-0.2432556152
0.0000000000
0.0000000000
0.1216278076
-0.1216278076
0.0000000000
0.2432556152
0.0000000000
-0.0103607178
0.0310974121
0.0103607178
-0.9949951172
-0.0621795654
0.0310974121
0.0103607178
-0.0207214355
0.0414123535
0.9801635742
0.0690307617
-0.0276031494
0.1104431152
-0.0276031494
0.0276031494
-0.1104431152
-0.3380279541
0.5352172852
0.2535247803
0.3943786621
0.1690216064
-0.4225463867
0.3098602295
0.2253570557
-0.0301666260
-0.0301666260
0.9651641846
-0.1508026123
-0.0603179932
0.0603179932
-0.0603179932
0.0603179932
0.2842254639
-0.0947418213
0.0000000000
-0.4737091064
0.0947418213
0.1421203613
-0.0947418213
-0.7579498291
0.0082550049
0.0742645264
0.0577545166
0.9654235840
-0.2062835693
-0.0907592773
-0.0660095215
0.0412597656
-0.1894683838
0.9473114014
-0.0668640137
0.1448822021
-0.1448822021
0.0334320068
0.0111389160
0.1225891113
0.1191711426
0.0148925781
0.8192443848
0.0000000000
0.0595855713
0.5213470459
-0.1787414551
0.0000000000
-0.1769409180
-0.6193237305
0.0000000000
-0.0884704590
0.1769409180
0.0884704590
-0.2654266357
0.4423675537
0.9803466797
0.0100097656
0.0400085449
0.1500549316
0.0400085449
0.0900268555
-0.0300140381
-0.0300140381
0.0000000000
-0.1249389648
0.1249389648
-0.1249389648
-0.3748321533
-0.1249389648
-0.2498779297
0.0000000000
0.3025360107
-0.1512603760
0.0000000000
-0.3025360107
-0.4537963867
-0.1512603760
0.3025360107
-0.5294342041
0.0518646240
0.9853210449
0.0414886475
-0.0622253418
-0.0311126709
0.0622253418
0.0622253418
-0.0933380127
-0.0497131348
-0.0372924805
-0.3231658936
0.9073333740
-0.0372924805
0.0621490479
0.0497131348
-0.2361602783
0.2712860107
0.0180816650
-0.0180816650
-0.0723419189
-0.8138732910
0.4702453613
0.0000000000
-0.1627807617
0.3016204834
-0.3518981934
-0.1508178711
0.3016204834
0.3518981934
-0.1005401611
-0.6032409668
0.3016204834
0.2452392578
0.2452392578
0.0000000000
-0.4414367676
-0.6376342773
0.3433380127
-0.2452392578
0.1471405029
0.1637878418
0.1228332520
-0.9008178711
0.1228332520
0.2456817627
-0.1228332520
0.0409393311
0.0000000000
0.9928741455
-0.0397186279
0.0297851562
0.0000000000
-0.0496368408
-0.0695037842
-0.0297851562
0.0198516846
0.0375823975
-0.0526123047
0.9544525146
0.2555236816
0.0225524902
0.1202392578
0.0526123047
0.0000000000
-0.3193206787
-0.2280883789
0.3649291992
0.4561614990
0.4105529785
0.4561614990
-0.2280883789
0.0912322998
-0.0608825684
-0.0608825684
0.0365295410
0.0487060547
0.0730590820
0.0487060547
-0.9862670898
-0.0608825684
0.3994903564
0.3107147217
0.6214294434
-0.0887756348
0.2663269043
0.0000000000
-0.1331634521
-0.4438781738
0.0340728760
0.9967956543
-0.0085144043
-0.0426025391
0.0085144043
0.0000000000
0.0255584717
-0.0170440674
-0.2972259521
-0.0990753174
0.0990753174
0.1981506348
0.0990753174
-0.0990753174
0.0000000000
0.6935119629
0.0681304932
0.1362762451
0.0681304932
-0.1362762451
0.0681304932
-0.4769439697
0.0681304932
0.7494812012
0.3014221191
0.2009429932
0.3014221191
0.4018859863
0.0000000000
0.4018859863
-0.3014221191
0.0000000000
0.1360015869
0.1360015869
0.0453338623
-0.7253570557
-0.4080047607
0.1360015869
0.2266693115
0.3626708984
0.0000000000
0.2586212158
-0.7758636475
0.0862121582
-0.0862121582
0.0000000000
0.1724090576
-0.1724090576
0.8972320557
-0.0420532227
-0.0981292725
0.0140228271
-0.3645019531
0.1401977539
-0.1542053223
-0.0280456543
0.1009216309
0.1009216309
0.9420013428
-0.0672912598
0.0672912598
0.1513977051
0.1682128906
0.1513977051
-0.1243286133
-0.1243286133
0.1243286133
0.2486572266
-0.1243286133
0.0000000000
0.2486572266
0.1243286133
0.0103607178
0.0000000000
0.0310668945
-0.9942474365
0.0414276123
0.0310668945
0.0207061768
-0.0621337891
0.0000000000
0.9792022705
0.0773010254
-0.0644226074
0.1159515381
-0.0901947021
0.0000000000
-0.0644226074
-0.4496459961
0.5722808838
0.2452697754
0.2861480713
0.1226348877
-0.3679046631
0.2861480713
0.2043914795
-0.0243988037
-0.0732116699
0.9761505127
-0.1220245361
-0.0243988037
0.0243988037
-0.0732116699
-0.0243988037
0.0649261475
-0.3246154785
0.1298370361
-0.3246154785
-0.0649261475
0.0000000000
0.1298370361
-0.7790679932
0.0076751709
0.0690155029
0.0383453369
0.9738769531
-0.1610412598
-0.1150207520
-0.0460052490
0.0460052490
-0.0855560303
0.9839630127
-0.0534820557
0.0855560303
-0.0962524414
0.0213928223
0.0213928223
0.0213928223
0.0928649902
0.0265350342
0.8888397217
0.0000000000
-0.0663299561
0.4112548828
-0.1459350586
-0.0132598877
-0.0406036377
-0.8933563232
0.0812072754
-0.0812072754
-0.0812072754
0.0812072754
-0.1218261719
0.3248596191
0.9845581055
0.0437622070
0.0218811035
0.0984497070
0.0765838623
0.0547027588
-0.0765838623
0.0000000000
-0.2459411621
-0.2459411621
0.0000000000
0.1229705811
-0.2459411621
-0.1229705811
-0.3689117432
0.0000000000
0.4199066162
-0.2099609375
0.2099609375
-0.1049804688
-0.3149414062
0.0000000000
0.2099609375
-0.4199066162
0.0174102783
0.9925842285
0.0348205566
0.0000000000
-0.0174102783
0.0261230469
0.0783691406
-0.0609436035
-0.0610046387
0.0122070312
-0.3049926758
0.9149780273
0.0000000000
0.0610046387
0.0610046387
-0.2317962646
0.2369079590
0.0315856934
-0.0789642334
-0.0473785400
-0.7896728516
0.5211791992
0.0315856934
-0.1737213135
0.3503112793
-0.3753356934
-0.1751556396
0.2252044678
0.4253845215
0.6005249023
-0.2502288818
0.1751556396
0.1259307861
0.1679077148
-0.1259307861
-0.5457153320
-0.0839538574
0.6716461182
-0.2518768311
0.2518768311
0.0600738525
0.1201629639
-0.9011840820
0.1201629639
0.1201629639
-0.1201629639
0.0600738525
0.0600738525
0.9889984131
-0.0429992676
-0.0429992676
0.0343933105
-0.0516052246
-0.0258026123
-0.1031951904
-0.0258026123
0.0229797363
-0.0153198242
0.9727020264
0.1685028076
0.0000000000
0.1378631592
0.0612792969
0.0076599121
-0.2982635498
-0.1898040771
0.3796081543
0.3796081543
0.5693969727
0.4067230225
-0.2169189453
0.1626892090
-0.0215454102
0.0000000000
0.0430908203
0.0538635254
0.0754241943
0.0323181152
-0.9911956787
-0.0430908203
0.3911743164
0.3259735107
0.2607879639
-0.1303863525
0.1303863525
0.0652008057
-0.2607879639
-0.6519622803
-0.0079803467
0.9973602295
0.0000000000
-0.0478668213
0.0239410400
0.0000000000
0.0159606934
-0.0079803467
-0.2028656006
-0.1014251709
0.0000000000
0.1014251709
0.1014251709
-0.2028656006
-0.1014251709
0.7100219727
0.4294891357
0.0000000000
-0.1717987061
-0.2576904297
0.0858917236
-0.6012725830
0.2576904297
0.1717987061
0.2474365234
0.1237182617
0.0000000000
0.1237182617
0.1237182617
0.2474365234
-0.1237182617
0.0000000000
0.1849517822
0.0616455078
-0.1233062744
-0.6781463623
-0.1849517822
-0.3082427979
0.3082427979
0.3699035645
0.0000000000
0.2945098877
-0.6871795654
0.0981750488
0.0000000000
0.0000000000
0.2945098877
0.0000000000
0.8055725098
-0.0682678223
-0.0819244385
0.0273132324
-0.5325012207
0.0819244385
-0.2048034668
-0.0273132324
0.0991973877
0.0566864014
0.9777526855
0.0141754150
0.0708465576
0.0566864014
0.0566864014
0.1133575439
0.1178436279
0.0000000000
0.1178436279
0.2357025146
0.0000000000
0.1178436279
0.1178436279
0.0000000000
0.0000000000
0.0000000000
0.0505981445
-0.9866333008
0.1011962891
0.0252990723
0.0126495361
-0.0885467529
-0.0226287842
0.9844512939
0.0339508057
-0.0792083740
0.0792083740
-0.1018371582
-0.0452575684
0.0113220215
-0.6257476807
0.4693145752
0.1564331055
0.1042938232
0.1042938232
-0.2607269287
0.4171600342
0.1042938232
-0.0234222412
-0.1639404297
0.9602203369
-0.0702667236
-0.0234222412
0.0000000000
-0.1170959473
-0.1170959473
-0.0676727295
-0.0676727295
0.1353454590
-0.2706756592
-0.0676727295
-0.2030029297
0.2030029297
-0.8120269775
0.0077514648
0.0619659424
0.0077514648
0.9837493896
-0.1084442139
-0.1006927490
-0.0387268066
0.0542297363
0.0184936523
0.9892120361
-0.0462188721
0.0647125244
-0.0924530029
0.0184936523
0.0554656982
0.0092468262
0.1394958496
0.0278930664
0.8788146973
0.0139465332
-0.1952972412
0.3905792236
-0.0976409912
-0.0278930664
-0.0596160889
-0.9539489746
0.0000000000
-0.1192474365
-0.0894317627
0.0000000000
-0.0596160889
0.1788635254
0.9890136719
0.0324249268
0.0162200928
-0.0324249268
0.0810699463
0.0000000000
-0.0648498535
0.0162200928
-0.2400054932
-0.1199951172
0.0000000000
0.0000000000
0.1199951172
-0.1199951172
-0.1199951172
-0.1199951172
0.1213989258
-0.1213989258
0.1213989258
0.3642120361
-0.1213989258
0.3642120361
0.0000000000
-0.2428131104
0.0000000000
0.9971771240
0.0247192383
0.0000000000
-0.0082397461
-0.0082397461
0.0494537354
-0.0164794922
-0.0559539795
0.0447692871
-0.2909545898
0.9288330078
0.0335693359
0.1007232666
0.0111846924
-0.1790466309
0.1555175781
0.0000000000
0.0194396973
-0.0194396973
-0.8553619385
0.4665679932
0.0000000000
-0.1166381836
0.4164733887
-0.3674774170
-0.1469879150
0.1714935303
0.5144653320
0.5634613037
-0.1959838867
-0.0245056152
0.0000000000
-0.0320434570
-0.0961151123
-0.4164886475
0.5446319580
0.6407470703
-0.2242584229
0.1601867676
0.0000000000
0.1004791260
-0.7033081055
0.2009429932
-0.2009429932
0.0000000000
0.2009429932
-0.1004791260
0.9934539795
-0.0084228516
-0.0420989990
0.0084228516
0.0000000000
0.0000000000
-0.0841979980
-0.0420989990
-0.0207519531
0.0518646240
0.9751586914
0.0829925537
-0.0518646240
0.1556091309
0.0933685303
0.0000000000
-0.3040161133
-0.0829162598
0.3592834473
0.3316497803
0.6909332275
0.3316497803
-0.1934661865
0.1105499268
0.0107879639
0.0215759277
0.0539398193
0.0000000000
0.0863037109
0.0000000000
-0.9925842285
-0.0107879639
0.1626586914
0.3253173828
-0.4066467285
-0.1626586914
-0.2439880371
0.4066467285
-0.2439880371
-0.4066467285
-0.0615539551
0.9936370850
-0.0087890625
-0.0703430176
0.0000000000
0.0351715088
-0.0087890625
0.0087890625
0.0000000000
-0.1247253418
0.0000000000
0.1247253418
-0.1247253418
-0.1247253418
-0.1247253418
0.3741607666
0.3726806641
-0.2795104980
0.0000000000
0.0931701660
-0.3726806641
0.0931701660
0.5590209961
-0.0931701660
0.3191528320
0.3989410400
0.2393646240
0.1595764160
0.5585174561
0.0000000000
0.1595764160
-0.3191528320
0.0652008057
-0.0652008057
0.0000000000
-0.7823486328
0.0000000000
-0.3911743164
0.2607879639
0.1303863525
0.1224670410
0.0000000000
-0.4898986816
0.0000000000
0.1224670410
0.1224670410
0.2449493408
0.1224670410
0.6993865967
-0.0595245361
-0.0892791748
0.0446472168
-0.6398620605
0.0000000000
-0.2827301025
-0.0297546387
0.0810241699
-0.0135040283
0.9858551025
0.0675201416
0.0810241699
0.0270080566
0.0270080566
0.0540161133
0.2500000000
0.1250000000
0.1250000000
0.1250000000
0.2500000000
-0.1250000000
0.2500000000
0.0000000000
0.0000000000
0.0148468018
0.0296936035
-0.9945831299
0.0148468018
0.0148468018
-0.0148468018
-0.0445404053
-0.0226440430
0.9848327637
0.0000000000
-0.1018829346
0.0226440430
-0.0792388916
-0.0452728271
0.0792388916
-0.6443786621
0.0805511475
0.1611022949
-0.1611022949
-0.0805511475
-0.2416381836
0.4832916260
-0.0805511475
-0.2111358643
-0.0703735352
0.8914337158
-0.0938415527
0.0234527588
0.0703735352
-0.2111358643
-0.2815093994
0.0000000000
0.2489624023
0.0000000000
-0.3734436035
0.0000000000
0.1244812012
0.0000000000
-0.8091278076
0.0389556885
0.0389556885
0.0000000000
0.9895324707
-0.0701293945
-0.0623321533
-0.0311737061
0.0779113770
0.0886230469
0.9837188721
-0.0265808105
0.0708923340
-0.0886230469
0.0265808105
0.0797576904
0.0354461670
0.1913909912
0.0319061279
0.8134155273
0.0319061279
-0.2551879883
0.4625396729
-0.1116485596
0.0000000000
-0.0896148682
-0.9634094238
-0.0896148682
-0.1568298340
-0.0223999023
-0.0448150635
-0.0672149658
0.0896148682
0.9729919434
0.0846099854
0.0846099854
-0.1057586670
0.0634613037
0.0422973633
-0.0846099854
0.0211486816
0.1216278076
0.0000000000
-0.2432556152
-0.2432556152
0.0000000000
0.0000000000
-0.1216278076
0.0000000000
0.2498779297
0.0000000000
0.1249389648
0.0000000000
-0.1249389648
0.3748321533
0.1249389648
-0.1249389648
-0.0305023193
0.9961700439
0.0305023193
0.0101623535
-0.0305023193
-0.0101623535
0.0305023193
0.0203247070
-0.0261383057
0.0522766113
-0.2875061035
0.9409484863
0.0261383057
0.1176147461
0.0130615234
-0.0914764404
-0.1039276123
0.1039276123
0.2771301270
0.1039276123
-0.7621154785
0.5196228027
-0.0346374512
0.0000000000
0.4958953857
-0.3208770752
-0.1166839600
0.1750183105
0.5834045410
0.4083862305
-0.2041931152
-0.1750183105
0.0872955322
-0.0581970215
0.1745758057
-0.3200531006
0.6692047119
0.5528259277
-0.2327728271
0.1454772949
0.0959930420
0.0000000000
-0.4799957275
0.1920013428
-0.4799957275
0.0959930420
0.0959930420
-0.3840026855
0.9789428711
0.0736846924
-0.0947418213
-0.0210571289
0.0210571289
0.0526275635
-0.1052703857
-0.0947418213
-0.0716857910
0.0896148682
0.9140625000
0.0179290771
-0.2150726318
0.1971435547
0.2330017090
-0.0358428955
-0.3703308105
-0.0336608887
0.4039916992
0.3366546631
0.7069854736
0.1683349609
-0.1009979248
0.1009979248
0.0123901367
0.0371551514
0.0867156982
0.0000000000
0.0619354248
0.0123901367
-0.9909820557
0.0000000000
0.1495819092
0.2991638184
-0.5235443115
-0.0747985840
-0.2243804932
0.5235443115
-0.2991638184
-0.0747985840
-0.0694885254
0.9843902588
-0.0463256836
-0.1042327881
0.0231628418
0.0694885254
0.0115814209
0.0579071045
0.0000000000
-0.1199951172
-0.1199951172
-0.1199951172
-0.1199951172
0.1199951172
0.0000000000
0.2400054932
0.0000000000
-0.1973876953
0.2960815430
0.2960815430
-0.4441070557
0.5921478271
0.3947601318
-0.0493469238
0.3964233398
0.4955291748
0.4294586182
0.2973175049
0.4624938965
0.2312469482
-0.0660705566
-0.1321411133
-0.0915222168
-0.0457611084
0.0457611084
-0.7779083252
-0.0457611084
-0.5491180420
-0.0457611084
0.0915222168
0.1245422363
0.0000000000
-0.1245422363
0.0000000000
-0.1245422363
0.0000000000
0.0000000000
0.4981536865
0.5966949463
-0.0769958496
-0.1539916992
-0.0384979248
-0.6929321289
-0.0192413330
-0.3464660645
0.0192413330
0.0327606201
-0.0655212402
0.9828033447
0.0491333008
0.1310424805
0.0163726807
0.0000000000
0.0163726807
0.2484588623
0.1242218018
0.2484588623
0.0000000000
0.3726806641
-0.1242218018
0.0000000000
-0.1242218018
0.0171203613
0.0342254639
-0.0342254639
-0.9926452637
0.0000000000
0.0171203613
0.0342254639
-0.0342254639
0.0148925781
0.9678802490
-0.0446777344
-0.1637878418
0.0000000000
-0.1042327881
-0.0446777344
0.1191253662
-0.5785369873
0.0000000000
0.0964202881
0.0000000000
-0.0964202881
-0.2892761230
0.4821166992
0.0000000000
-0.4736480713
0.0557250977
0.6965484619
-0.0278625488
0.1114501953
0.1950378418
-0.1114501953
-0.4457855225
0.1166534424
0.3499450684
-0.2916107178
-0.4665832520
0.0583190918
0.0583190918
-0.1749725342
-0.6415557861
0.0469818115
0.0234985352
-0.0078277588
0.9944610596
-0.0313262939
-0.0078277588
-0.0469818115
0.0548095703
0.1048736572
0.9753875732
0.0104827881
0.1153717041
-0.0629272461
0.0629272461
0.1048736572
0.0419464111
0.2566528320
0.1069335938
0.7271728516
0.0427703857
-0.2780456543
0.5133056641
-0.1710968018
0.0855560303
-0.1548614502
-0.9734344482
-0.0221252441
-0.0663757324
0.0000000000
-0.0885009766
0.0000000000
0.0000000000
0.9790039062
0.0227661133
0.0910644531
-0.1138458252
0.0000000000
-0.0227661133
-0.0227661133
-0.0455322266
0.1249389648
-0.2498779297
-0.1249389648
-0.1249389648
0.1249389648
0.0000000000
0.0000000000
0.3748321533
0.1078643799
0.0000000000
-0.0539245605
-0.2157135010
-0.4314422607
-0.0539245605
0.6471557617
-0.4853668213
0.1462249756
0.8042144775
0.2558898926
0.0731048584
0.1827697754
0.2924346924
0.1827697754
-0.2558898926
-0.0924530029
-0.0821838379
-0.3595275879
0.8115081787
-0.0616302490
0.0924530029
0.0616302490
-0.4211578369
0.4448852539
0.0317840576
-0.0953369141
-0.1906738281
-0.3177795410
0.5720062256
0.5084381104
-0.1906738281
-0.4752960205
-0.1980438232
0.2376556396
-0.0792236328
0.2376556396
-0.0792236328
-0.3960876465
0.6337280273
0.1896057129
0.3792114258
0.4550628662
-0.1516876221
-0.6446685791
0.2275238037
-0.0758361816
0.2654571533
0.3412475586
0.2193756104
-0.4631195068
0.1706237793
-0.0243682861
0.2681274414
0.0243682861
-0.7068634033
0.9669036865
0.0158538818
-0.0634002686
-0.0317077637
0.0000000000
-0.0317077637
-0.1426544189
-0.1743621826
0.0325317383
-0.0650634766
0.9678039551
0.2195892334
0.0569305420
-0.0650634766
0.0000000000
-0.0162658691
-0.2931823730
0.3908996582
0.1954498291
-0.1954498291
0.3908996582
0.0000000000
-0.3908996582
0.1954498291
-0.1002044678
-0.1377868652
-0.0375823975
0.1628265381
0.1628265381
0.1628265381
-0.9394073486
-0.0500946045
0.5036621094
0.0592498779
0.5925445557
0.0888824463
0.5036621094
0.1185150146
-0.1777648926
-0.2370147705
-0.0086059570
0.9813385010
-0.0172119141
-0.0172119141
0.1033020020
0.0774688721
0.0688629150
0.1119079590
-0.1293029785
0.1293029785
-0.1939544678
0.1939544678
0.1939544678
0.0646514893
0.0646514893
-0.8404693604
-0.3480072021
0.0000000000
0.1159973145
-0.2320098877
-0.2320098877
0.4640045166
0.0000000000
0.1159973145
0.2031402588
-0.2031402588
0.2031402588
-0.1015777588
0.0507812500
0.1523590088
-0.8633575439
-0.1015777588
-0.0628662109
0.0942993164
0.2828826904
-0.5971832275
-0.4400329590
0.5343170166
0.0628662109
0.1885833740
0.1044464111
-0.1044464111
-0.7311706543
-0.2089080811
0.0000000000
0.0000000000
0.0000000000
0.0000000000
0.9227752686
-0.2700805664
-0.0450134277
-0.0450134277
0.0450134277
0.1800537109
0.1125335693
-0.0900268555
0.0290679932
-0.1162872314
0.7849273682
0.0581359863
-0.2325744629
0.3488616943
0.2035064697
0.3488616943
0.1113433838
0.1113433838
0.1113433838
0.0000000000
0.0000000000
0.1113433838
-0.1113433838
-0.1113433838
0.0418243408
-0.0139465332
0.0139465332
-0.9897460938
-0.0418243408
0.0139465332
0.0836334229
-0.0557556152
0.0923156738
0.9809112549
0.0576934814
0.0461578369
0.0923156738
-0.0115356445
-0.0115356445
-0.1038665771
-0.3013305664
0.4867706299
0.2781524658
0.3940582275
0.3940582275
-0.3940582275
0.2781524658
0.1854400635
0.1082305908
0.1803741455
0.9379882812
-0.1443023682
0.0000000000
0.0000000000
0.1082305908
-0.0360717773
0.3201446533
0.0400238037
-0.2000885010
-0.5202331543
0.0800323486
-0.1200561523
-0.3201446533
-0.6402893066
0.1005859375
0.0574798584
0.0431060791
0.9196472168
-0.2730255127
-0.0862121582
-0.1724395752
0.1436920166
-0.2605438232
0.9461822510
0.0000000000
0.0000000000
-0.1096954346
0.0000000000
0.0000000000
0.1371307373
0.2464599609
0.2912597656
0.5377197266
-0.0223999023
0.1568298340
0.6721496582
-0.2688598633
0.0000000000
-0.0552215576
-0.6627197266
0.2761383057
0.3313598633
0.1104583740
0.4970397949
-0.1104583740
0.0000000000
0.9550170898
-0.0941619873
0.1614074707
0.1614074707
-0.0538024902
0.0538024902
-0.0807037354
-0.0941619873
0.2428131104
-0.2428131104
0.0000000000
-0.3642120361
-0.2428131104
0.0000000000
-0.1213989258
0.2428131104
0.2118530273
0.0706176758
0.0000000000
-0.2118530273
-0.4943237305
-0.0706176758
0.4943237305
-0.4943237305
0.1331481934
0.9053955078
0.1864013672
-0.0798950195
0.1065216064
0.1864013672
0.1331481934
-0.1864013672
-0.0923156738
-0.0587463379
-0.3860321045
0.8224182129
-0.0167846680
0.0503540039
0.0923156738
-0.3860321045
0.1450500488
0.1692199707
0.1450500488
-0.1933898926
-0.6043548584
0.6285400391
0.2901000977
-0.1692199707
-0.3895263672
-0.3895263672
0.2596893311
0.0649261475
0.1947631836
-0.2596893311
-0.1947631836
0.5843048096
0.2261199951
0.1130676270
0.4522552490
-0.2826538086
-0.5087738037
0.4522552490
-0.0565338135
0.2826538086
0.3010406494
0.2463073730
-0.5747070312
0.1368408203
0.0821075439
0.1915740967
0.0273742676
-0.6568145752
0.9732666016
0.0145263672
0.0435791016
-0.0726318359
-0.1016845703
-0.0290527344
-0.1597900391
-0.0435791016
0.0226745605
-0.0453491211
0.9600219727
0.2645721436
0.0302429199
-0.0302429199
0.0453491211
-0.0075531006
-0.3247528076
0.5412597656
0.0000000000
-0.1082458496
0.3247528076
0.0000000000
-0.2165069580
0.0000000000
-0.1080932617
-0.1681518555
-0.0480499268
0.1201019287
0.1321105957
0.1080932617
-0.9488525391
-0.0960845947
0.6111297607
0.1629638672
0.6111297607
-0.0407409668
0.3666687012
0.1222229004
-0.0814819336
-0.1222229004
0.0156250000
0.9919738770
0.0000000000
-0.0312500000
0.0702972412
0.0312500000
0.0546722412
0.0624847412
-0.3247528076
-0.2165069580
0.1082458496
0.2165069580
0.0000000000
-0.1082458496
0.2165069580
-0.5412597656
-0.1687774658
-0.2531738281
0.0000000000
-0.3375549316
-0.1687774658
0.0000000000
0.2531738281
0.6751251221
0.3186645508
-0.1274566650
0.3186645508
-0.0637359619
0.0637359619
0.1911926270
-0.7647857666
-0.1274566650
0.0289306641
0.0000000000
0.2313995361
-0.5785064697
-0.3471069336
0.6074218750
0.2313995361
0.2024688721
-0.0731964111
0.0731964111
-0.8782958984
0.0731964111
0.0731964111
-0.1463775635
0.0000000000
-0.0731964111
0.9658660889
-0.1457977295
-0.0364532471
-0.0364532471
-0.0546722412
0.1640167236
0.0364532471
0.0364532471
0.0260925293
-0.1304473877
0.9131317139
-0.1043548584
-0.0521850586
0.2348022461
0.1565399170
0.1826324463
0.1234283447
0.1234283447
-0.1234283447
-0.1234283447
0.1234283447
-0.2468566895
-0.3703002930
-0.2468566895
0.0111541748
0.0000000000
0.0223083496
-0.9925079346
-0.0334625244
0.0334625244
0.0780639648
-0.0446014404
0.0500793457
0.9815216064
0.0200347900
0.0500793457
0.1001586914
-0.0300445557
-0.0100097656
-0.1302032471
-0.3512420654
0.5268554688
0.3073272705
0.3512420654
0.3731842041
-0.3292846680
0.3073272705
0.1536712646
0.0401306152
0.1605072021
0.9630737305
-0.0601959229
0.0601959229
-0.0601959229
0.0401306152
-0.1404418945
0.0687713623
-0.2750854492
0.0000000000
-0.4126281738
0.0000000000
0.0000000000
-0.3438568115
-0.6877136230
0.0498962402
0.0598754883
0.0498962402
0.9480590820
-0.2095642090
-0.1297302246
-0.1197509766
0.1197509766
-0.1038970947
0.9870605469
-0.0207824707
-0.0311737061
-0.0207824707
0.0415649414
-0.0311737061
0.0831146240
0.1952362061
0.2602996826
0.6833038330
0.0325317383
0.0325317383
0.6019592285
-0.2277679443
-0.0488128662
0.1037292480
-0.7779693604
0.1555938721
0.2074584961
0.1037292480
0.4149169922
-0.2074584961
0.0518646240
0.9590606689
-0.0236816406
0.0828857422
0.2012786865
-0.0118408203
0.1065673828
-0.1184082031
-0.0473632812
0.2459411621
-0.2459411621
0.0000000000
-0.2459411621
-0.3689117432
0.1229705811
0.0000000000
0.1229705811
0.3211669922
0.0000000000
0.0802917480
-0.2408752441
-0.5620422363
-0.0802917480
0.2408752441
-0.4817504883
0.1367034912
0.9373779297
0.1562347412
-0.1367034912
0.0585937500
0.0585937500
0.0976409912
-0.1757659912
-0.0915374756
-0.0083160400
-0.3744659424
0.8321533203
-0.0083160400
0.0083160400
0.1497802734
-0.3661499023
0.0715484619
0.1788787842
0.1788787842
-0.2146606445
-0.6618652344
0.6082000732
0.1431121826
-0.2146606445
-0.1600799561
-0.3201599121
0.4802398682
0.0800323486
0.0000000000
0.6403045654
0.0000000000
-0.0800323486
-0.1767730713
-0.2357025146
0.1178436279
-0.3535461426
0.1178436279
0.6481781006
-0.0589294434
0.4714050293
0.0921020508
0.2302398682
-0.7367858887
0.0460510254
0.0921020508
-0.0921020508
-0.0460510254
-0.5525817871
0.9532775879
-0.0250854492
0.0250854492
0.0376281738
-0.1379699707
-0.0125427246
-0.2508697510
0.0376281738
0.0151062012
-0.0604400635
0.9594268799
0.2644042969
0.0226593018
0.0226593018
0.0528869629
0.0075531006
-0.4911651611
0.4093017578
0.2455902100
0.1637268066
0.4911651611
0.1637268066
0.0818634033
0.0000000000
-0.0776672363
-0.0887603760
-0.0110931396
0.0665740967
0.0998535156
0.0665740967
-0.9763336182
-0.0998535156
0.4689483643
0.3517150879
0.1172332764
0.0000000000
-0.1172332764
-0.1172332764
-0.2344665527
-0.1172332764
0.0392608643
0.9973754883
-0.0157012939
-0.0235595703
0.0235595703
0.0078582764
0.0078582764
0.0157012939
-0.2459411621
-0.2459411621
0.1229705811
-0.1229705811
0.0000000000
0.0000000000
0.2459411621
0.3689117432
-0.2131805420
-0.2131805420
0.0000000000
-0.2131805420
-0.2131805420
-0.1065826416
0.3197631836
0.5329437256
0.4527893066
0.0905609131
0.3622283936
0.0905609131
0.2716674805
0.2716674805
-0.4527893066
-0.0905609131
0.2934265137
-0.1100311279
0.1833953857
-0.5501708984
-0.2934265137
0.4401245117
0.4401245117
0.2200622559
-0.0646514893
0.1293029785
-0.9051208496
0.0646514893
0.0646514893
-0.0646514893
-0.0646514893
0.0646514893
0.9537048340
-0.0334625244
-0.0334625244
-0.0502014160
-0.2175140381
0.0836639404
-0.1338500977
0.0669250488
-0.0224456787
-0.1121978760
0.9648590088
-0.1121978760
0.1346282959
0.0897521973
0.0224456787
0.0224456787
0.2490844727
0.0000000000
-0.1245422363
0.0000000000
0.1245422363
0.0000000000
-0.3736267090
-0.2490844727
0.0202636719
-0.0101318359
0.0101318359
-0.9930419922
0.0607910156
0.0000000000
0.0607910156
-0.0506591797
0.0522460938
0.9823608398
-0.0104522705
0.0626983643
0.0731506348
-0.0209045410
-0.0209045410
-0.1358642578
-0.4287414551
0.5296325684
0.3278656006
0.2774200439
0.3530883789
-0.3026428223
0.3026428223
0.1513214111
0.0583648682
0.1896820068
0.9484252930
-0.0145874023
0.0291748047
-0.0583648682
0.0437774658
-0.2188720703
-0.1928405762
-0.6749725342
0.0000000000
0.0964202881
-0.0964202881
0.1928405762
-0.1928405762
-0.2892761230
0.0089874268
0.0718688965
0.0449218750
0.9612731934
-0.1527252197
-0.1437377930
-0.1347656250
0.0628814697
0.0096435547
0.9937438965
0.0096435547
-0.0675354004
0.0385894775
0.0482330322
-0.0289459229
0.0096435547
0.1317291260
0.2049102783
0.7757263184
0.0585479736
-0.0878143311
0.5269012451
-0.1609954834
-0.1317291260
0.0790863037
-0.9095611572
0.0790863037
-0.0790863037
0.0000000000
0.3163757324
-0.0395507812
-0.0395507812
0.9695129395
0.0000000000
0.0273132324
0.1911773682
0.0000000000
0.0682678223
-0.1092376709
0.0136566162
0.1247253418
-0.2494506836
0.0000000000
0.0000000000
-0.2494506836
0.1247253418
0.2494506836
0.0000000000
0.2664337158
-0.0888061523
0.1776275635
-0.2664337158
-0.5328674316
-0.1776275635
0.1776275635
-0.4440612793
0.0602722168
0.9763183594
0.0843811035
-0.0843811035
0.0361633301
-0.0120544434
0.0723266602
-0.1325836182
-0.0688934326
0.0258331299
-0.3186645508
0.8698425293
0.0086059570
0.0086059570
0.1636352539
-0.3272705078
0.0938110352
0.1563568115
0.0938110352
-0.1719970703
-0.7036285400
0.5941772461
0.1563568115
-0.2189025879
0.1645507812
-0.1974639893
0.1645507812
0.0329132080
0.4278411865
0.8227539062
-0.0987243652
0.0329132080
-0.2301940918
-0.4220123291
-0.2685546875
-0.2301940918
0.4603881836
0.5371093750
-0.0383605957
0.3069152832
0.0000000000
-0.0881347656
-0.4407043457
0.0881347656
-0.2644195557
-0.2644195557
0.0000000000
-0.6169738770
0.9368591309
-0.0334625244
-0.0557708740
0.1003723145
-0.1003723145
0.0111541748
-0.3011322021
0.0557708740
0.0155487061
-0.0855255127
0.9641723633
0.2177124023
-0.0077819824
0.0855255127
0.0777587891
-0.0077819824
-0.5076141357
0.1845855713
0.2768859863
0.2768859863
0.6460571289
0.1845855713
0.0000000000
0.1845855713
-0.0574951172
0.0095825195
0.0287475586
0.0670776367
0.0670776367
0.0479125977
-0.9869689941
-0.0862426758
-0.1737976074
0.0579376221
-0.8689727783
0.0579376221
-0.1158599854
0.0000000000
-0.1737976074
-0.2317199707
0.0565948486
0.9944610596
-0.0565948486
-0.0080871582
0.0000000000
-0.0080871582
-0.0485076904
0.0080871582
-0.1237182617
0.0000000000
0.0000000000
-0.1237182617
0.0000000000
0.0000000000
0.1237182617
0.3711547852
0.0000000000
0.1972351074
0.1972351074
0.0000000000
-0.2958526611
0.3944702148
0.4930877686
-0.2958526611
0.3281707764
0.2187805176
0.3281707764
-0.2187805176
0.3281707764
0.1093902588
-0.3281707764
-0.1093902588
0.5187683105
-0.0943145752
0.1886444092
-0.5187683105
-0.2358093262
0.0000000000
0.5187683105
0.1414794922
-0.1071319580
0.2142791748
-0.6428222656
0.0000000000
0.2142791748
0.1071319580
0.0000000000
0.2142791748
0.8682250977
-0.0333862305
-0.1001739502
0.0333862305
-0.4341125488
0.0500946045
-0.1836700439
0.0166931152
0.0000000000
-0.1233215332
0.9454650879
0.0205535889
0.1849822998
0.0205535889
-0.2055358887
0.0000000000
0.1178436279
-0.1178436279
-0.1178436279
0.0000000000
0.1178436279
0.0000000000
-0.2357025146
0.0000000000
0.0100250244
-0.0100250244
-0.0200653076
-0.9930877686
0.0802459717
-0.0100250244
0.0300903320
-0.0501556396
0.0411224365
0.9869689941
-0.0514068604
0.0822448730
0.0514068604
0.0102844238
-0.0102844238
-0.0925292969
-0.4944305420
0.5235137939
0.2617492676
0.2617492676
0.2617492676
-0.2908325195
0.3780822754
0.1454162598
0.0833282471
0.1805419922
0.9304656982
0.0138854980
0.0000000000
-0.0555572510
0.0138854980
-0.2916412354
0.0000000000
-0.1224670410
-0.1224670410
-0.2449493408
0.0000000000
0.1224670410
-0.1224670410
-0.4898986816
-0.0176391602
0.0529327393
0.0352935791
0.9793548584
-0.0882263184
-0.0794067383
-0.1411743164
0.0000000000
0.0187835693
0.9953155518
0.0187835693
-0.0563354492
0.0187835693
0.0469512939
0.0000000000
-0.0093841553
0.1704101562
0.2013854980
0.7590637207
0.0619659424
-0.2013854980
0.5112152100
-0.1084442139
-0.1704101562
-0.0488433838
-0.9770202637
-0.0244293213
-0.1221313477
0.0000000000
-0.0244293213
0.0488433838
-0.0732727051
0.9731903076
-0.0865020752
0.0216217041
0.0648803711
-0.0216217041
-0.0216217041
-0.1513824463
0.0432586670
0.0000000000
-0.1178436279
0.0000000000
0.0000000000
-0.1178436279
0.1178436279
0.2357025146
-0.1178436279
0.1237182617
0.1237182617
0.0000000000
0.1237182617
-0.1237182617
-0.2474365234
0.0000000000
-0.2474365234
0.0184173584
0.9941711426
0.0184173584
-0.0368194580
0.0184173584
-0.0460205078
0.0368194580
-0.0552368164
-0.0530548096
0.0442047119
-0.3094482422
0.9018402100
0.0176849365
0.0000000000
0.1326293945
-0.2564086914
0.0764312744
0.0764312744
0.1222839355
-0.1375732422
-0.7948303223
0.5044097900
0.1222839355
-0.2139892578
0.2097015381
-0.1497955322
0.0898742676
-0.0599212646
0.6291198730
0.6890258789
-0.1497955322
0.0000000000
-0.1191711426
-0.5482177734
-0.2621917725
-0.1430206299
0.6673889160
0.3336944580
-0.0238342285
0.1430206299
0.2219390869
0.0000000000
0.0739746094
0.2219390869
-0.5918273926
0.0739746094
-0.0739746094
-0.5918273926
0.9655151367
-0.0357666016
-0.0596008301
0.0715179443
-0.0357666016
0.0119171143
-0.2264862061
0.0238342285
-0.0327148438
-0.0654296875
0.9486236572
0.2180786133
-0.0654296875
0.1417541504
0.1308441162
-0.0436096191
-0.5027008057
0.2010803223
0.2010803223
0.2513580322
0.7037811279
0.0502777100
0.0000000000
0.1508178711
-0.0299530029
0.0399322510
0.0399322510
0.0599060059
0.0798797607
0.0299530029
-0.9884185791
-0.0698852539
-0.2715759277
0.0301818848
-0.8750762939
0.0000000000
-0.0905303955
0.3017578125
-0.1508789062
-0.0905303955
0.0180358887
0.9922027588
-0.0901947021
-0.0180358887
-0.0090179443
0.0000000000
-0.0631408691
-0.0090179443
0.1199951172
-0.1199951172
0.0000000000
-0.1199951172
-0.2400054932
-0.1199951172
0.1199951172
0.0000000000
-0.0726165771
0.0726165771
0.3630828857
0.1452331543
-0.2178497314
0.5809326172
0.4356994629
-0.2904663086
0.4704895020
0.5377044678
0.4032745361
0.0000000000
0.3360595703
0.1344299316
-0.2016296387
-0.0672149658
0.5000915527
-0.0555725098
0.3889617920
-0.5556640625
-0.1667022705
-0.0555725098
0.3889617920
0.0555725098
-0.1237182617
-0.2474365234
0.0000000000
0.1237182617
0.2474365234
0.1237182617
0.0000000000
0.1237182617
0.7743072510
-0.0527954102
-0.2111816406
0.0879821777
-0.5631256104
0.0527954102
-0.1231842041
-0.0175933838
0.0394439697
-0.1578063965
0.9270935059
0.0789031982
0.1972503662
0.0000000000
-0.2367095947
-0.0197296143
0.1064758301
-0.1064758301
0.0000000000
0.1064758301
0.1064758301
0.0000000000
0.1064758301
0.0000000000
0.0293121338
0.0293121338
-0.0390777588
-0.9963684082
0.0000000000
-0.0097656250
0.0000000000
-0.0293121338
0.0000000000
0.9949951172
-0.0382690430
0.0574035645
0.0478363037
0.0000000000
0.0000000000
0.0000000000
-0.5584716797
0.4786834717
0.1595611572
0.1994476318
0.2393493652
-0.2792358398
0.4387969971
0.1196746826
0.0310211182
0.1551361084
0.8997802734
-0.0310211182
0.0155181885
-0.0620574951
-0.0465393066
-0.3878326416
0.0986175537
0.1972351074
-0.0986175537
-0.3944702148
0.3944702148
0.1972351074
0.0000000000
-0.4930877686
0.0314788818
0.0000000000
0.0157470703
0.9916992188
-0.0236053467
-0.0236053467
-0.1101837158
-0.0078735352
0.0375671387
0.9956665039
0.0000000000
-0.0187835693
-0.0187835693
0.0375671387
0.0469665527
-0.0093994141
0.1816253662
0.1651153564
0.7430114746
0.0660400391
-0.2311553955
0.5448760986
-0.1320953369
-0.0825500488
-0.0566406250
-0.9629364014
-0.1510467529
-0.1132812500
0.0377655029
-0.1321716309
0.0188751221
-0.0566406250
0.9543762207
-0.0894775391
0.0596466064
-0.0596466064
0.0000000000
-0.0298309326
-0.2087707520
0.0298309326
0.0911560059
-0.0911560059
0.0000000000
0.0000000000
0.0000000000
0.0911560059
0.0000000000
0.0000000000
0.1199951172
0.2400054932
-0.1199951172
-0.1199951172
0.0000000000
-0.1199951172
0.0000000000
-0.1199951172
0.0110626221
0.9951019287
0.0221099854
-0.0221099854
-0.0110626221
-0.0552825928
0.0331726074
-0.0221099854
-0.0452575684
0.0452575684
-0.2828674316
0.9278106689
0.0339508057
-0.0452575684
0.0792083740
-0.2036590576
0.0192413330
0.0192413330
0.2500915527
-0.0769500732
-0.8464508057
0.4039916992
0.0961914062
-0.1731414795
0.1548309326
-0.0387115479
0.1161193848
0.0000000000
0.6967468262
0.5032043457
-0.1548309326
-0.3870849609
0.0000000000
-0.5159454346
-0.2345275879
-0.0234527588
0.7504730225
0.3048858643
-0.0469055176
0.0469055176
0.2558593750
0.0852813721
0.0000000000
0.1705627441
-0.5970001221
0.1705627441
0.0000000000
-0.5117034912
0.9869537354
-0.0161743164
-0.0647125244
0.0000000000
0.0485382080
0.0161743164
-0.0970764160
-0.0323638916
-0.0344390869
-0.0516662598
0.9128265381
0.1894531250
-0.1550140381
0.2239074707
0.1894531250
-0.0861206055
-0.4642791748
0.1989746094
0.1989746094
0.0663299561
0.7295837402
-0.0663299561
0.0000000000
0.1326446533
-0.0114746094
0.0573425293
0.0802764893
0.0573425293
0.0573425293
0.0114746094
-0.9862823486
-0.0802764893
-0.2421722412
0.0908203125
-0.7265319824
0.0605468750
0.0000000000
0.5751647949
-0.1816253662
-0.0908203125
-0.0248107910
0.9922027588
-0.0868225098
-0.0248107910
0.0000000000
0.0248107910
-0.0248107910
0.0248107910
-0.1000061035
0.0000000000
-0.1000061035
-0.1000061035
0.0000000000
0.0000000000
0.0000000000
-0.1000061035
-0.0995483398
0.0000000000
0.3981628418
0.1493072510
-0.1990814209
0.7465667725
0.3484039307
-0.0995483398
0.5262756348
0.5591735840
0.3618164062
0.2302398682
0.3618164062
0.1973571777
-0.1315765381
0.0657806396
0.6223754883
0.0000000000
0.3111877441
-0.6223754883
-0.1037292480
-0.0518646240
0.1555938721
-0.0518646240
0.0000000000
-0.1216278076
0.2432556152
0.0000000000
0.0000000000
0.0000000000
0.1216278076
0.2432556152
0.6585083008
-0.0243835449
-0.2926635742
0.0975494385
-0.6585083008
0.0487823486
-0.1219482422
0.0243835449
0.0703430176
-0.1875610352
0.8909454346
0.0937805176
0.2813568115
0.0703430176
-0.2344512939
-0.0234527588
0.1150360107
-0.2300720215
0.0000000000
0.0000000000
0.1150360107
0.1150360107
0.0000000000
0.0000000000
0.0211791992
0.0105895996
-0.0529479980
-0.9954376221
-0.0423583984
-0.0105895996
-0.0105895996
0.0105895996
-0.0496368408
0.9926605225
-0.0248107910
0.0124053955
0.0248107910
-0.0620422363
0.0248107910
0.0372314453
-0.4895019531
0.3059387207
0.0000000000
0.3059387207
0.1223754883
-0.3671264648
0.4895019531
0.2447509766
-0.0807189941
0.2421417236
0.8273010254
0.0000000000
0.1008911133
-0.1008911133
-0.0403594971
-0.4640960693
0.3307189941
0.4133911133
-0.2480316162
-0.5787506104
0.1653594971
0.0000000000
0.0000000000
-0.2480316162
0.0579528809
-0.0248413086
0.0082855225
0.9933624268
0.0082855225
0.0000000000
-0.0827789307
0.0082855225
0.0356292725
0.9856567383
-0.0237579346
0.0475006104
-0.0593719482
0.0712585449
0.0950012207
0.0475006104
0.1752777100
0.1314544678
0.7230224609
0.0438232422
-0.2191009521
0.5696563721
-0.1971893311
0.0219116211
-0.1160583496
-0.9516448975
-0.1392669678
-0.0928497314
0.0232086182
-0.1856842041
0.0000000000
-0.0232086182
0.9447631836
-0.0885772705
0.0590515137
-0.1181030273
0.0295257568
-0.1476135254
-0.1771392822
0.0000000000
