0.1178436279
0.2357025146
0.0000000000
-0.1178436279
0.1178436279
0.0000000000
0.0000000000
0.1178436279
0.3607940674
-0.3607940674
0.2705993652
-0.0901947021
-0.0901947021
-0.4510040283
0.1804046631
-0.3607940674
-0.0321197510
0.9956359863
0.0321197510
-0.0107116699
0.0214080811
-0.0428161621
0.0214080811
-0.0107116699
0.0227050781
0.1362152100
-0.3859558105
0.7946014404
0.1816253662
-0.0227050781
-0.1362152100
-0.3632507324
0.2583160400
-0.0368957520
-0.3321075439
-0.0368957520
-0.8487396240
0.0368957520
0.2214050293
-0.0738067627
0.0614166260
0.1228332520
0.1228332520
-0.0818939209
-0.3275451660
-0.9007568359
-0.1432952881
0.0818939209
0.2943267822
0.2943267822
0.2207489014
0.0000000000
-0.7358245850
0.0000000000
-0.0735778809
0.2207489014
-0.0872497559
0.0436248779
0.6543273926
0.0436248779
-0.3489685059
0.0436248779
-0.0436248779
-0.6107025146
0.9681701660
-0.0193634033
0.0387268066
0.0387268066
-0.1742706299
0.0774536133
-0.0968170166
0.0387268066
-0.0381927490
0.0000000000
0.8595123291
0.4011077881
-0.0381927490
-0.2864990234
0.0191040039
0.0572967529
-0.2099609375
-0.1049804688
0.0000000000
0.3149414062
0.2099609375
0.4199066162
-0.2099609375
0.4199066162
0.1152954102
0.0658874512
-0.0494079590
0.0823516846
0.0494079590
0.0658874512
-0.9717864990
-0.1152954102
0.0000000000
-0.1060485840
0.2120971680
0.1060485840
0.4241790771
-0.1060485840
-0.5302276611
-0.2120971680
0.0211944580
0.9749603271
-0.0211944580
0.0847778320
-0.1059722900
0.1059722900
-0.0211944580
0.0635833740
-0.1184692383
0.0000000000
-0.3553924561
-0.2369232178
0.2369232178
0.2369232178
0.0000000000
-0.3553924561
0.0981750488
-0.1963348389
-0.1963348389
0.1963348389
0.0981750488
-0.2945098877
0.5890197754
0.2945098877
0.1632232666
0.2176208496
0.6528625488
-0.1632232666
0.1088104248
0.5984649658
-0.0544128418
0.0544128418
-0.6886291504
-0.2025299072
0.4455871582
-0.2430419922
-0.0405120850
0.0405120850
-0.4050750732
-0.0810089111
0.0000000000
0.0000000000
0.0911560059
0.0000000000
-0.0911560059
0.0911560059
0.0000000000
0.0000000000
0.4889068604
-0.2037048340
-0.3259277344
0.1629638672
0.1222229004
0.4074249268
0.5703887939
0.1629638672
-0.0778198242
-0.0194549561
0.8754577637
-0.2529144287
-0.1945495605
-0.0194549561
0.3307342529
-0.0583648682
0.0000000000
-0.1199951172
-0.1199951172
0.1199951172
0.0000000000
-0.2400054932
0.1199951172
-0.1199951172
0.0000000000
-0.0402679443
-0.0603942871
-0.9865112305
-0.0201263428
0.0402679443
0.0000000000
0.0805358887
-0.0348510742
0.9760131836
0.0871429443
-0.0174255371
0.1394348145
0.0348510742
-0.0871429443
-0.0174255371
-0.2878570557
0.3238372803
-0.1079406738
0.3958129883
0.3958129883
-0.3598327637
0.4317932129
0.3598327637
-0.2497100830
-0.4161987305
0.3329620361
-0.3329620361
-0.1664733887
0.4994354248
0.0000000000
-0.1664733887
-0.2846527100
-0.4554290771
0.3131103516
0.1423187256
0.5977630615
0.2561798096
0.0853881836
-0.3700408936
0.1337280273
-0.0167083740
-0.1170043945
0.9527740479
0.1337280273
0.0334320068
-0.1671600342
0.0668640137
-0.1894073486
0.9627990723
-0.0315704346
0.0315704346
0.0473480225
-0.1578369141
0.0000000000
0.0000000000
0.4258270264
-0.2980804443
0.3832397461
0.0851593018
0.2129058838
0.5961456299
0.3406524658
0.0000000000
0.2307739258
-0.2307739258
0.1153869629
-0.3461608887
-0.2307739258
0.1153869629
0.2307739258
-0.3461608887
0.7044219971
0.2817687988
0.0704498291
0.2817687988
-0.2113342285
0.2113342285
0.2817687988
-0.0704498291
0.1150360107
0.1150360107
-0.1150360107
0.0000000000
0.2300720215
0.0000000000
0.0000000000
0.0000000000
0.4018859863
-0.2009429932
0.3014221191
-0.1004791260
-0.2009429932
-0.3014221191
0.2009429932
-0.4018859863
-0.0118408203
0.9945220947
0.0592041016
-0.0355224609
-0.0118408203
-0.0118408203
0.0355224609
0.0000000000
0.0668640137
0.1170043945
-0.4178771973
0.8023376465
0.1671600342
-0.0334320068
-0.1170043945
-0.3343048096
0.1634063721
0.0326843262
-0.2614440918
-0.0326843262
-0.9150695801
-0.0653686523
0.1634063721
0.0000000000
0.1296081543
0.0259246826
-0.0518493652
-0.1296081543
-0.4665985107
-0.8295135498
-0.1814575195
0.0518493652
0.1825408936
0.3042449951
0.2433929443
-0.1217041016
-0.7910308838
0.0608520508
-0.1217041016
0.1825408936
0.0000000000
0.0514526367
0.3087158203
0.0514526367
-0.1543579102
0.1543579102
0.0000000000
-0.8746795654
0.9313812256
0.1258544922
0.0503387451
-0.1258544922
-0.2013854980
0.1762084961
-0.0755157471
-0.0251770020
0.0169525146
0.0677947998
0.8983001709
0.3559265137
-0.0847473145
-0.1864318848
0.1016998291
0.0000000000
-0.2790374756
-0.0697631836
0.2790374756
0.2092742920
0.4185638428
0.6278381348
-0.2092742920
0.1395263672
0.0905761719
0.0603790283
-0.0754852295
0.0603790283
0.0301971436
0.0452880859
-0.9812469482
-0.0754852295
0.2110137939
-0.1055145264
-0.2110137939
0.2110137939
0.4220428467
0.4220428467
-0.2110137939
-0.2110137939
0.0000000000
0.9882354736
-0.0352935791
0.0529479980
-0.0705871582
0.0529479980
-0.0352935791
0.0176544189
0.0000000000
0.1237182617
-0.2474365234
-0.1237182617
0.1237182617
0.2474365234
0.0000000000
-0.1237182617
0.0704498291
-0.1408843994
-0.1408843994
0.1408843994
0.0704498291
-0.0704498291
0.8453063965
0.2113342285
0.2643127441
0.2643127441
0.6796722412
-0.1510314941
0.0377655029
0.5286254883
-0.1887969971
0.1132812500
-0.7174377441
-0.1688079834
0.3376159668
-0.2954101562
-0.0843963623
0.2110137939
-0.3798217773
-0.0422058105
-0.1199951172
0.0000000000
-0.2400054932
-0.1199951172
-0.1199951172
0.1199951172
-0.1199951172
0.0000000000
0.7437591553
-0.1549530029
-0.2789154053
-0.1549530029
-0.0929718018
0.3099060059
0.3718872070
0.2169342041
-0.0172729492
-0.1208801270
0.8807373047
-0.2763061523
-0.0863494873
-0.0690765381
0.3108520508
-0.1208801270
0.0000000000
0.0000000000
0.0000000000
0.0000000000
0.0000000000
-0.0785675049
0.0785675049
0.0000000000
-0.0488281250
-0.0732269287
0.0000000000
-0.9764404297
-0.0488281250
0.0732269287
-0.0488281250
0.0976409912
-0.0534820557
0.9894866943
0.0534820557
-0.0267486572
0.0534820557
0.0133666992
-0.0534820557
-0.0534820557
-0.2905426025
0.3320465088
0.0415039062
0.4565734863
0.4150543213
-0.3320465088
0.4150543213
0.2905426025
-0.3874053955
-0.3874053955
0.1937103271
-0.3874053955
-0.0968475342
0.2905578613
0.2905578613
0.0000000000
-0.2028656006
-0.4463195801
0.2840118408
-0.0811462402
0.6491851807
0.1622924805
-0.0811462402
-0.4057312012
0.1250915527
-0.0312652588
-0.1250915527
0.9538116455
0.1563568115
0.0625457764
-0.1250915527
0.0781860352
-0.2220306396
0.9515380859
0.0000000000
0.0158538818
-0.0475769043
-0.1744537354
0.0158538818
0.0634307861
0.4242858887
-0.2545776367
0.3818664551
0.0000000000
0.2545776367
0.6364288330
0.1272888184
0.2545776367
0.2165069580
-0.6495208740
0.0000000000
-0.1082458496
-0.1082458496
0.1082458496
0.1082458496
-0.2165069580
0.7881317139
0.1818847656
-0.0606231689
0.3031311035
-0.0606231689
0.3031311035
0.1818847656
0.0000000000
0.0000000000
0.0000000000
-0.0911560059
0.0000000000
0.0911560059
0.0000000000
-0.0911560059
0.0000000000
0.2432556152
-0.1216278076
0.1216278076
0.0000000000
0.0000000000
-0.2432556152
0.0000000000
0.0000000000
-0.0140075684
0.9948730469
0.0280303955
-0.0420379639
-0.0140075684
0.0000000000
0.0140075684
0.0280303955
0.0732269287
0.0732269287
-0.4393310547
0.7761383057
0.1757354736
-0.0585784912
-0.0878601074
-0.3807525635
-0.0339813232
0.1019287109
-0.0679473877
0.0679473877
-0.9513092041
0.0000000000
0.1358947754
0.1358947754
0.1739196777
-0.1159362793
-0.1159362793
0.0579681396
-0.4927520752
-0.7826232910
-0.2318878174
-0.0579681396
0.0000000000
0.1315002441
0.1315002441
-0.2630157471
-0.8547973633
0.0657501221
0.0000000000
0.1315002441
0.1867218018
0.0622406006
0.0622406006
0.1244812012
-0.1867218018
0.1244812012
-0.0622406006
-0.8713684082
0.9021301270
0.1950531006
0.0975341797
-0.1950531006
-0.2194366455
0.1462860107
-0.0975341797
-0.0487670898
-0.0542297363
0.1084594727
0.9219360352
0.2530822754
-0.1807708740
-0.0180816650
0.1626892090
0.0361480713
-0.3120269775
0.0520019531
0.2600250244
0.2600250244
0.5200500488
0.5720520020
-0.2600250244
0.1040039062
0.0451202393
0.0300750732
0.0000000000
-0.0451202393
-0.0300750732
-0.0300750732
-0.9925079346
-0.0300750732
0.4492340088
-0.1796875000
-0.0898437500
0.0898437500
0.2695465088
0.5390777588
-0.2695465088
-0.1796875000
-0.0179901123
0.9894104004
-0.0539703369
0.0000000000
-0.0539703369
-0.0359802246
-0.0179901123
-0.0539703369
-0.2432556152
-0.1216278076
-0.1216278076
-0.1216278076
0.0000000000
0.1216278076
0.1216278076
0.1216278076
0.0615386963
-0.1230621338
-0.1230621338
0.1846008301
0.0000000000
-0.0615386963
0.8614654541
0.2461395264
0.3656005859
0.3656005859
0.6979522705
-0.1329498291
0.0000000000
0.3656005859
-0.0664672852
0.2326507568
-0.6278686523
-0.3995513916
0.0570831299
-0.3995513916
0.0570831299
0.3424682617
-0.2283172607
-0.0570831299
0.0000000000
-0.1243286133
-0.3729858398
0.0000000000
-0.1243286133
0.1243286133
-0.1243286133
0.0000000000
0.8817749023
-0.0928192139
-0.2088470459
-0.1856384277
-0.2088470459
0.1624298096
0.0696105957
0.2088470459
0.0000000000
-0.1569366455
0.8945617676
-0.2510986328
0.0313873291
-0.0470886230
0.2667999268
-0.1726379395
0.1247253418
0.0000000000
0.1247253418
0.1247253418
0.1247253418
-0.3741607666
0.1247253418
0.0000000000
-0.0908203125
-0.0605468750
0.0605468750
-0.9687042236
0.0302734375
0.0605468750
-0.0908203125
0.0605468750
-0.0921173096
0.9902038574
0.0345458984
-0.0575714111
0.0000000000
0.0000000000
-0.0460510254
-0.0115203857
-0.3170166016
0.3623046875
0.1358642578
0.4528808594
0.4075927734
-0.2717285156
0.4528808594
0.1811523438
-0.3036804199
-0.1822052002
0.6681060791
-0.1822052002
0.0000000000
-0.1822052002
0.2429504395
-0.4251556396
-0.2072906494
-0.6218719482
0.2763824463
-0.1381988525
0.2763824463
0.0000000000
-0.0690917969
-0.4836730957
0.0544128418
0.0272064209
-0.0408020020
0.9794311523
0.0680084229
0.0272064209
-0.1224212646
0.0952148438
-0.1249237061
0.9837646484
0.0312347412
-0.0156097412
-0.0468444824
-0.0468444824
-0.0312347412
0.0468444824
0.4010314941
-0.1822814941
0.4010314941
-0.1093750000
0.1458282471
0.6562347412
-0.0729217529
0.3645782471
0.1706848145
-0.9103088379
-0.1137847900
-0.0569000244
0.1137847900
-0.0569000244
0.0000000000
0.0569000244
0.9468231201
0.0996704102
0.0000000000
0.0498352051
-0.0498352051
0.0498352051
0.0498352051
-0.0498352051
-0.1216278076
0.0000000000
0.0000000000
0.0000000000
-0.2432556152
0.0000000000
-0.2432556152
-0.1216278076
0.1243286133
0.0000000000
-0.1243286133
0.1243286133
0.1243286133
0.2486572266
-0.2486572266
0.1243286133
-0.0707244873
0.9900360107
-0.0282897949
-0.0282897949
0.0282897949
0.0707244873
0.0141448975
0.0282897949
0.0436248779
0.0581665039
-0.4799194336
0.7707824707
0.1308898926
-0.0581665039
0.0000000000
-0.3781280518
-0.1121520996
0.1121520996
0.0841064453
-0.0280303955
-0.9532318115
0.1401824951
-0.0280303955
0.1121520996
0.3166961670
-0.1809692383
0.0904846191
0.1357269287
-0.4071807861
-0.7238769531
-0.1809692383
-0.2262115479
-0.4165496826
-0.7636871338
0.0694274902
-0.0694274902
-0.2082824707
0.0694274902
0.1388549805
-0.0694274902
-0.0931701660
-0.2795104980
0.0000000000
0.0000000000
-0.1863403320
0.0931701660
-0.0931701660
-0.7453613281
0.9138336182
0.0721435547
0.1683349609
-0.1683349609
-0.2404785156
0.0721435547
-0.1442871094
0.0240478516
-0.1305541992
0.0932464600
0.9324951172
0.1492004395
-0.1864929199
0.0932464600
0.1492004395
0.0746002197
-0.3663787842
0.0814208984
0.3256683350
0.3256683350
0.5699157715
0.4477844238
-0.2035369873
0.1628265381
-0.0164489746
0.0822296143
0.0657806396
-0.0493316650
-0.0164489746
-0.0328979492
-0.9867858887
-0.0493316650
0.2795104980
-0.2795104980
-0.4658508301
-0.1863403320
-0.1863403320
0.4658508301
-0.1863403320
0.0000000000
0.0164794922
0.9886627197
-0.0494384766
0.0164794922
0.0000000000
0.0000000000
-0.0329589844
-0.0988616943
-0.2498626709
0.0000000000
-0.1249389648
-0.1249389648
0.2498626709
0.0000000000
0.2498626709
0.1249389648
0.0000000000
-0.3814086914
-0.1525573730
0.1525573730
0.0000000000
-0.1525573730
0.7628173828
0.0762786865
0.4778747559
0.3822937012
0.6053009033
-0.0318603516
0.1274261475
0.3504486084
-0.0637207031
0.2867279053
-0.0780944824
-0.6247558594
-0.0780944824
-0.5466613770
0.0780944824
0.2342834473
0.1561889648
0.0780944824
0.0000000000
0.0000000000
-0.3741607666
0.0000000000
-0.2494506836
0.0000000000
-0.1247253418
0.0000000000
0.9139862061
-0.0203094482
-0.1218566895
-0.1218566895
-0.2640380859
0.0609283447
-0.2031097412
0.0812377930
0.0158996582
-0.1589965820
0.9221343994
-0.2066802979
0.0476989746
-0.0635986328
0.1748809814
-0.1907806396
0.0000000000
-0.1228332520
0.0000000000
0.2456817627
0.1228332520
-0.2456817627
0.0000000000
-0.1228332520
-0.0210418701
-0.0631408691
0.0420989990
-0.9892883301
0.0000000000
-0.0210418701
-0.0210418701
0.0000000000
-0.0988311768
0.9882507324
-0.0123596191
-0.0370635986
0.0123596191
-0.0370635986
-0.0741119385
-0.0123596191
-0.3841705322
0.4321899414
0.1440582275
0.3841705322
0.3361511230
-0.2401123047
0.4802093506
0.1440582275
-0.0672912598
0.0672912598
0.8075256348
-0.0672912598
0.0672912598
-0.1682281494
0.1009368896
-0.5046997070
-0.0724334717
-0.7967071533
0.1448516846
-0.0724334717
-0.2897033691
-0.0724334717
-0.1448516846
-0.2172851562
-0.0141906738
0.1135559082
0.0567779541
0.9794311523
0.0000000000
-0.0425872803
-0.1135559082
0.0567779541
-0.0116729736
0.9925384521
0.0467071533
0.0350341797
-0.0116729736
0.0583801270
-0.0467071533
0.0350341797
0.3639831543
-0.1654510498
0.5956115723
-0.0992736816
-0.0992736816
0.6287078857
-0.1323547363
0.1323547363
0.2243499756
-0.8973846436
-0.1121673584
-0.1121673584
-0.0560913086
-0.1121673584
0.0000000000
0.0000000000
0.8997802734
0.0000000000
0.1173553467
0.1173553467
-0.2347259521
0.0782470703
0.1956024170
-0.1173553467
0.0000000000
0.2456817627
0.1228332520
0.1228332520
-0.2456817627
-0.1228332520
0.0000000000
0.0000000000
-0.2400054932
0.1199951172
-0.1199951172
0.1199951172
0.0000000000
0.1199951172
-0.1199951172
0.0000000000
-0.0592041016
0.9916381836
-0.0148010254
-0.0444030762
0.0148010254
0.0592041016
0.0000000000
-0.0148010254
0.0000000000
0.0343475342
-0.3950805664
0.8416900635
0.1202392578
0.0343475342
0.0515289307
-0.3263702393
-0.0976409912
0.0976409912
0.0488281250
-0.0244140625
-0.9520263672
0.1464691162
-0.1464691162
0.0976409912
0.5538024902
-0.2461395264
0.1846008301
-0.2461395264
0.3692016602
0.3692016602
-0.3692016602
-0.0615386963
-0.4744873047
-0.6853637695
-0.1581573486
-0.0527191162
0.2635955811
0.2635955811
-0.0527191162
-0.2108764648
0.0000000000
-0.3363952637
0.5045928955
0.1681976318
-0.3363952637
0.2522888184
-0.0840911865
-0.4204864502
0.9351654053
0.0000000000
0.0684204102
-0.0684204102
-0.2280883789
-0.0228118896
-0.2052764893
0.0684204102
-0.0940551758
0.0376281738
0.9405364990
0.1128692627
-0.1504821777
0.1881103516
0.1504821777
-0.0188140869
-0.4192352295
0.0349426270
0.3842926025
0.2794799805
0.5589752197
0.4541625977
-0.1397399902
0.1397399902
-0.0322723389
0.1290740967
0.0161285400
0.0000000000
0.0484008789
0.0161285400
-0.9842529297
-0.0484008789
-0.2704315186
0.0000000000
-0.8113098145
-0.2163543701
-0.2704315186
0.2163543701
0.0540924072
0.0540924072
0.0501861572
0.9870300293
-0.0501861572
0.0836486816
0.0167236328
0.0000000000
-0.0669097900
0.0000000000
-0.2498779297
0.1249389648
-0.2498779297
-0.1249389648
0.2498779297
0.1249389648
0.1249389648
-0.1249389648
0.0000000000
-0.1923675537
-0.0641174316
0.1923675537
-0.1282348633
0.3206024170
0.5770874023
-0.5770874023
0.5318603516
0.3359069824
0.5038604736
0.0559844971
0.1959533691
0.3639068604
-0.1959533691
0.3359069824
0.4076843262
-0.4076843262
0.3057556152
-0.2038421631
0.2038421631
-0.1019134521
0.3057556152
0.1019134521
-0.1237182617
0.1237182617
0.2474365234
0.1237182617
-0.2474365234
-0.1237182617
0.0000000000
0.0000000000
0.8684234619
0.0197296143
-0.1184234619
-0.0789489746
-0.3750000000
0.0000000000
-0.2565765381
-0.0789489746
0.0181732178
-0.1635284424
0.9448242188
-0.0181732178
0.0908508301
-0.1635284424
-0.0363464355
-0.1817016602
-0.1216278076
-0.1216278076
-0.1216278076
0.2432556152
0.1216278076
0.0000000000
-0.1216278076
0.1216278076
-0.0167694092
0.0167694092
0.0335540771
-0.9896697998
0.0670928955
-0.0503234863
-0.0167694092
-0.0503234863
-0.0430908203
0.9909820557
-0.0574493408
0.0000000000
-0.0287170410
0.0000000000
-0.0718078613
-0.0143585205
-0.4291229248
0.4904174805
0.1226043701
0.3065185547
0.1839141846
-0.1839141846
0.4904174805
0.1839141846
0.0548400879
0.1370849609
0.8225555420
-0.0822601318
0.0548400879
-0.1096801758
0.1096801758
-0.4935302734
0.3858642578
-0.6173706055
-0.2315216064
-0.3086853027
-0.0771789551
-0.0771789551
-0.2315216064
-0.2315216064
-0.1160125732
0.1325836182
0.1491546631
0.9611968994
-0.0497131348
0.0165710449
-0.0828552246
-0.0662841797
-0.0324096680
0.9937286377
0.0216064453
0.0216064453
-0.0432128906
0.0540008545
-0.0108032227
0.0432128906
0.2595214844
-0.0865020752
0.6920623779
-0.0865020752
-0.3892822266
0.4757843018
0.0000000000
0.0000000000
0.1588287354
-0.7411804199
-0.1058807373
-0.4235229492
0.0000000000
-0.2647094727
0.0529479980
-0.2647094727
0.8734893799
0.0485229492
0.0485229492
0.1455841064
-0.1941070557
-0.0485229492
0.2911682129
0.0970611572
0.0000000000
0.2432556152
0.0000000000
0.2432556152
0.0000000000
0.0000000000
-0.1216278076
0.1216278076
-0.1250000000
0.3750000000
0.2500000000
0.1250000000
0.0000000000
0.0000000000
0.0000000000
-0.1250000000
-0.0254974365
0.9944610596
-0.0382537842
-0.0382537842
-0.0127563477
0.0254974365
-0.0382537842
0.0000000000
-0.0139312744
0.0278625488
-0.3481903076
0.8913879395
0.0835723877
0.0139312744
0.0835723877
-0.2507019043
-0.0215911865
0.0431671143
0.0000000000
-0.0647583008
-0.9713745117
0.1511077881
-0.1079254150
-0.0215911865
0.2557067871
-0.1095886230
0.0730590820
-0.2557067871
0.6575469971
0.5844879150
-0.1826477051
0.0365295410
-0.2139739990
-0.6062316895
-0.2852935791
-0.1426391602
0.5705718994
0.2852935791
-0.1782989502
-0.0713195801
0.2357025146
-0.0785675049
0.6285400391
0.1571350098
-0.2357025146
0.1571350098
0.0785675049
-0.4714050293
0.9536743164
0.0183410645
-0.0183410645
0.0183410645
-0.1283721924
0.0000000000
-0.2384185791
0.0733642578
-0.0359649658
-0.0179901123
0.9351348877
0.1618499756
-0.0719299316
0.2337799072
0.1618499756
-0.0359649658
-0.4745788574
0.1095123291
0.3285522461
0.3285522461
0.5840911865
0.3285522461
-0.1460266113
0.1825256348
-0.0278015137
0.0834045410
0.0417022705
0.0417022705
0.0834045410
0.0278015137
-0.9869689941
-0.0278015137
-0.3095550537
0.0000000000
-0.8598632812
-0.1375732422
-0.1719665527
0.2751617432
0.0343933105
0.0343933105
0.0293121338
0.9821014404
-0.1465759277
0.0439758301
0.0439758301
-0.0146636963
-0.0439758301
0.0146636963
-0.1228332520
0.1228332520
-0.1228332520
-0.2456817627
0.1228332520
0.1228332520
0.1228332520
-0.1228332520
-0.0507202148
-0.0507202148
0.1521606445
0.1014404297
-0.2028808594
0.6086425781
0.4564819336
-0.5072021484
0.4659271240
0.3785705566
0.4950561523
0.1455993652
0.2912139893
0.3494415283
-0.2329711914
0.2912139893
0.6822814941
-0.0852813721
0.4264221191
-0.0852813721
-0.0852813721
-0.2558593750
0.0852813721
-0.0852813721
-0.1247863770
0.0000000000
0.3743438721
0.2495727539
-0.1247863770
0.1247863770
-0.1247863770
-0.1247863770
0.8163909912
-0.0209350586
-0.2302703857
-0.0209350586
-0.4814605713
0.0628051758
-0.1674652100
-0.0418701172
0.0223999023
-0.1343994141
0.8959655762
0.2015991211
0.1567993164
-0.1791992188
-0.2463836670
-0.0671997070
0.0000000000
0.0000000000
-0.1150360107
0.2300720215
0.1150360107
0.1150360107
0.0000000000
0.0000000000
-0.0254821777
0.0382232666
0.0382232666
-0.9938812256
0.0254821777
-0.0382232666
-0.0254821777
-0.0254821777
-0.0490875244
0.9938812256
-0.0368041992
0.0245361328
0.0368041992
0.0122680664
-0.0368041992
-0.0122680664
-0.3970947266
0.5294494629
0.0661773682
0.3309020996
0.0000000000
-0.2647247314
0.4632720947
0.1323699951
0.0711669922
0.1897735596
0.8302459717
-0.0711669922
0.0711669922
-0.1186065674
0.0474395752
-0.4744262695
0.4474945068
-0.4474945068
-0.0894927979
-0.4474945068
0.0894927979
0.2684936523
0.0000000000
-0.1790008545
-0.0914154053
0.0522460938
0.1175384521
0.9794921875
-0.0522460938
0.0261230469
-0.0261230469
-0.0783538818
-0.0505981445
0.9918212891
0.0303649902
0.0101165771
-0.0708465576
0.0303649902
0.0303649902
0.0505981445
0.0611572266
0.1223297119
0.7339630127
-0.0611572266
-0.4281463623
0.4281463623
-0.1834869385
0.0917510986
0.0295715332
-0.8576965332
-0.0591583252
-0.2957611084
0.0591583252
-0.3253326416
0.0591583252
-0.1774597168
0.8730773926
-0.1091308594
0.1091308594
-0.0545654297
0.1091308594
-0.1636962891
0.0000000000
0.2728424072
0.1243286133
0.2486572266
-0.2486572266
-0.1243286133
0.1243286133
0.1243286133
-0.1243286133
0.0000000000
0.3772888184
-0.5187683105
0.4244537354
-0.0471649170
-0.1886444092
-0.4716033936
0.1414794922
-0.2358093262
-0.0385742188
0.9771728516
-0.0257110596
0.0385742188
-0.0642852783
-0.1028594971
-0.0385742188
0.1414337158
0.1066436768
0.0533294678
-0.5154724121
0.7643280029
0.1421966553
-0.0533294678
-0.1777496338
-0.2666168213
0.0371246338
0.0371246338
-0.5940704346
-0.0371246338
-0.4826812744
-0.2227783203
0.5569458008
0.0742645264
0.2242584229
0.0640716553
-0.1281433105
0.0000000000
-0.0640716553
-0.8970489502
-0.1922302246
0.2242584229
0.1666564941
0.4761657715
0.0238037109
-0.1428527832
-0.7618713379
0.2380828857
-0.0238037109
0.2618865967
0.2420654297
0.0605163574
0.2420654297
0.1210327148
-0.1815490723
-0.2420654297
-0.1815490723
-0.7866973877
0.7606201172
-0.0760650635
-0.0760650635
0.0380249023
-0.3803100586
0.4183349609
-0.1901550293
-0.0760650635
0.0975036621
0.0278625488
0.8914642334
0.3482360840
-0.0696411133
-0.2368011475
-0.0696411133
0.0417938232
-0.5408325195
-0.5408325195
0.1966705322
0.0000000000
0.1966705322
0.3441619873
-0.3441619873
0.1475067139
0.0826568604
0.0688781738
-0.1239929199
0.0275573730
-0.0550994873
0.0688781738
-0.9781188965
-0.0413360596
-0.3117980957
-0.4157409668
0.1039276123
0.0000000000
0.2078704834
-0.1039276123
-0.3117980957
-0.4157409668
0.0000000000
0.9751739502
-0.1714630127
-0.0214385986
-0.1071624756
-0.0535736084
-0.0321502686
-0.0107116699
-0.1034240723
0.1034240723
-0.3102722168
-0.1034240723
0.2068481445
0.5171051025
0.0000000000
-0.4136962891
0.0675201416
0.3375854492
0.0675201416
0.1350250244
0.0000000000
0.2025451660
0.7426757812
0.3375854492
0.2858276367
0.3215637207
0.6073913574
-0.0714569092
0.0714569092
0.5002136230
-0.2501068115
0.2858276367
0.0368804932
-0.0368804932
0.0368804932
-0.3318939209
-0.1843872070
-0.2950134277
-0.7006530762
0.4794006348
-0.0874786377
0.0874786377
-0.6998596191
-0.2624511719
-0.1749572754
0.2624511719
-0.1749572754
-0.1749572754
0.7174224854
-0.1049804688
-0.1574859619
-0.4724426270
-0.3324584961
0.1924743652
0.1574859619
0.2099761963
-0.0441589355
-0.0220794678
0.8169708252
-0.1324768066
-0.3091278076
-0.0662384033
0.4416046143
-0.0441589355
0.1199951172
0.1199951172
0.1199951172
0.0000000000
-0.1199951172
-0.2400054932
0.0000000000
-0.1199951172
-0.0306549072
0.0000000000
0.0306549072
-0.9196014404
-0.1839141846
-0.0613098145
-0.0919647217
0.2758789062
-0.0818481445
0.9822540283
0.0102386475
0.0511627197
0.1330108643
0.0511627197
-0.0409240723
-0.0204620361
-0.3662872314
0.2563934326
0.0732574463
0.5128021240
0.3296508789
-0.3296508789
0.3296508789
0.4029083252
-0.3475952148
-0.2896575928
-0.5213928223
-0.1737976074
-0.2317199707
-0.0579376221
0.2317199707
0.5213928223
-0.1209259033
-0.2015533447
0.2015533447
0.0403137207
0.7658843994
-0.1209259033
0.1209259033
-0.4837188721
0.0402069092
0.0268096924
-0.1742401123
0.9515838623
0.1072235107
0.1608276367
-0.1340179443
-0.0268096924
-0.3282012939
0.8494415283
0.0772247314
-0.0772247314
-0.0965270996
-0.3668060303
0.0386047363
0.0386047363
0.7226409912
0.0000000000
0.3613281250
-0.3211822510
0.0802917480
0.3613281250
0.2007293701
0.1204376221
0.3181304932
-0.4241790771
0.1060485840
0.0000000000
-0.1060485840
-0.4241790771
0.3181304932
0.0000000000
0.7159576416
0.1789855957
0.1789855957
0.2863769531
0.2147827148
0.1789855957
-0.0715942383
0.4653778076
0.1234283447
0.1234283447
-0.3703002930
0.1234283447
0.3703002930
0.1234283447
0.0000000000
0.0000000000
0.3082427979
-0.4931945801
0.4315490723
-0.0616455078
-0.1849517822
-0.4931945801
0.1849517822
-0.1849517822
-0.0159606934
0.9734039307
0.0000000000
0.0638275146
-0.0319213867
-0.1117095947
-0.0319213867
0.1595764160
0.1724700928
0.0862274170
-0.5001373291
0.7415924072
0.1379699707
-0.1552124023
-0.1552124023
-0.2931823730
-0.1078033447
0.1437377930
-0.3952941895
0.0718688965
-0.5749816895
-0.1437377930
0.5749816895
0.2874908447
0.4472961426
0.0000000000
-0.3913726807
0.1118164062
0.1677398682
-0.6150207520
-0.3354644775
0.1118164062
0.1284027100
0.4622650146
0.0256805420
-0.2054595947
-0.7447662354
0.3081817627
-0.0513610840
0.2311401367
0.3928375244
0.0000000000
0.1571350098
0.3142700195
0.0785675049
0.0000000000
0.0785675049
-0.7071075439
0.8218231201
0.0566711426
-0.0566711426
-0.0850219727
-0.3400573730
0.3117218018
-0.2550506592
-0.0850219727
0.0732879639
0.0146636963
0.9234771729
0.2785034180
-0.1759033203
-0.1612396240
0.0000000000
-0.0146636963
-0.6551818848
-0.4211883545
0.2339935303
-0.0467987061
0.2807922363
0.3275909424
-0.2807922363
0.0000000000
0.0954132080
0.0000000000
-0.1431121826
-0.0596313477
-0.1669616699
0.0000000000
-0.9660034180
0.0357818604
-0.2705993652
-0.4510040283
0.0000000000
-0.0901947021
0.1804046631
0.1804046631
-0.2705993652
-0.5411987305
0.0223388672
0.9602508545
-0.2121429443
-0.0558319092
-0.1004943848
-0.0781555176
-0.0334930420
-0.0893249512
0.0000000000
0.2009429932
-0.3014221191
0.0000000000
0.4018859863
0.5023651123
0.0000000000
-0.3014221191
0.1401977539
0.3504943848
0.0700988770
0.0700988770
0.0700988770
0.0700988770
0.7710876465
0.2803955078
0.3512878418
0.4566802979
0.5971984863
-0.0351257324
-0.0351257324
0.4215545654
-0.2459106445
0.1756439209
0.2338256836
-0.1169128418
0.0000000000
-0.3897247314
-0.0779418945
-0.1948547363
-0.6235504150
0.5456085205
-0.0718688965
-0.0718688965
-0.7905731201
-0.2156066895
-0.1437377930
0.2874755859
-0.1437377930
-0.1437377930
0.7150878906
-0.0487518311
-0.0812530518
-0.5363159180
-0.3412933350
0.1462707520
0.0325012207
0.2112731934
-0.0408935547
-0.1431579590
0.8384704590
-0.1636047363
-0.1636047363
-0.1636047363
0.3476562500
-0.2454071045
0.1249389648
0.2498779297
0.2498779297
0.0000000000
0.0000000000
-0.2498779297
0.2498779297
0.0000000000
-0.1658782959
0.0414733887
0.1658782959
-0.8708801270
-0.2073516846
0.0414733887
0.0000000000
0.2902984619
-0.0643005371
0.9860076904
0.0214385986
0.0535888672
0.1071777344
0.0214385986
-0.0428771973
-0.0535888672
-0.3311920166
0.2897949219
0.1656036377
0.5795898438
0.3311920166
-0.2897949219
0.3311920166
0.2897949219
-0.3790283203
-0.3790283203
0.0947570801
-0.0947570801
-0.3790283203
-0.0947570801
0.3790283203
0.2842712402
0.1089782715
-0.1089782715
0.0544891357
-0.2724304199
0.4903717041
-0.4358825684
-0.2724304199
-0.5448608398
0.0295715332
0.0443420410
-0.1478271484
0.9608764648
0.0886993408
0.1626129150
-0.1034851074
0.0000000000
-0.2837829590
0.8749847412
0.0945892334
-0.1182403564
-0.1182403564
-0.3074340820
0.0473022461
0.0473022461
0.6410675049
0.0854797363
0.5128479004
-0.3419036865
0.0427398682
0.0854797363
-0.1282196045
0.3419036865
0.2818603516
-0.4697723389
0.3758239746
-0.0939483643
-0.0939483643
-0.2818603516
0.3758239746
-0.0939483643
0.7507934570
0.2502593994
0.1787567139
0.2860107422
0.1787567139
0.1787567139
0.0000000000
0.3932800293
0.0000000000
0.0000000000
-0.1247253418
0.2494506836
0.2494506836
0.0000000000
-0.2494506836
-0.1247253418
0.2738494873
-0.4564056396
0.2738494873
0.0912780762
0.1825714111
-0.5476989746
-0.0912780762
0.0000000000
-0.0656585693
0.9628906250
-0.0875396729
0.1094207764
0.0875396729
-0.0218811035
-0.0437622070
0.1531829834
0.1715545654
0.0686187744
-0.4803314209
0.7205047607
0.1543884277
-0.2058563232
-0.1029357910
-0.3602447510
-0.4190521240
0.2933349609
-0.2514343262
0.1257171631
-0.4609527588
-0.0419006348
0.4609527588
0.4190521240
0.4730377197
0.1773834229
-0.0591278076
0.2365264893
0.7095642090
-0.0591278076
-0.1773834229
-0.1773834229
-0.0380859375
0.2666015625
-0.1142578125
-0.2285156250
-0.7998046875
0.3427734375
-0.0761718750
0.2285156250
0.0000000000
-0.2009429932
0.5023651123
0.2009429932
0.2009429932
0.1004791260
0.0000000000
-0.5023651123
0.8604278564
0.0697631836
0.0232543945
-0.0930175781
-0.2790527344
0.2325439453
-0.3023071289
-0.0697631836
-0.0376892090
-0.1130828857
0.9423675537
0.2450103760
-0.1130828857
-0.1130828857
-0.0188446045
0.0188446045
-0.6585083008
-0.2993164062
0.2993164062
0.0000000000
0.2993164062
0.2993164062
-0.2993164062
0.0000000000
0.0363006592
-0.0121002197
-0.0847015381
-0.0726013184
-0.2057189941
-0.0363006592
-0.9680786133
0.0242004395
-0.4116668701
-0.4116668701
-0.2058258057
-0.2058258057
0.2058258057
0.3087463379
-0.1029205322
-0.2058258057
0.0537719727
0.9408874512
-0.2553863525
-0.0134429932
-0.0806427002
-0.0806427002
-0.0403289795
-0.1613006592
0.0000000000
0.1242218018
0.0000000000
-0.1242218018
0.2484588623
0.2484588623
0.1242218018
-0.3726806641
0.1724090576
0.0862121582
0.0000000000
0.1724090576
0.0862121582
0.0000000000
0.7758636475
0.2586212158
0.4277496338
0.4888458252
0.5194091797
0.0611114502
0.0000000000
0.3971862793
-0.1527709961
0.3055267334
0.5356903076
-0.2921905518
-0.0973968506
-0.3408966064
0.0487060547
-0.1947937012
-0.4382934570
0.4382934570
0.0000000000
-0.0569915771
-0.9117889404
0.0000000000
-0.1139678955
0.1139678955
-0.1709594727
0.0569915771
0.7380523682
0.0000000000
-0.0335540771
-0.5367736816
-0.3187103271
0.0670928955
-0.1509704590
0.1677398682
-0.0465698242
-0.2328643799
0.7917327881
-0.1397247314
-0.1164245605
-0.2095794678
0.2561492920
-0.3958740234
0.1250000000
0.3750000000
0.0000000000
-0.1250000000
0.0000000000
-0.2500000000
0.1250000000
0.0000000000
-0.2060852051
0.0000000000
0.1030426025
-0.8758392334
-0.1545562744
-0.0515136719
0.1545562744
0.2060852051
-0.0135955811
0.9794311523
-0.0135955811
0.1224212646
0.1088256836
0.0000000000
-0.0544128418
-0.0680084229
-0.3649291992
0.3193206787
0.2736968994
0.5930175781
0.3193206787
-0.1824645996
0.3193206787
0.1824645996
0.0652008057
0.1955871582
0.7823486328
0.1303863525
0.0652008057
-0.1955871582
0.1955871582
-0.3259735107
0.1777038574
-0.2369384766
0.0000000000
-0.5330963135
0.0000000000
-0.6515655518
-0.2369384766
-0.1777038574
0.0232849121
0.1396789551
-0.1163940430
0.9544830322
0.0465545654
0.1629638672
-0.0931243896
-0.0232849121
-0.1331939697
0.9589996338
0.1065521240
-0.1331939697
0.0266418457
-0.0532836914
-0.0799102783
0.0266418457
0.4638061523
0.0000000000
0.6324615479
-0.2951507568
-0.0421600342
0.0843353271
-0.2951507568
0.3794860840
0.2926025391
-0.7607879639
0.2926025391
-0.0585174561
0.0585174561
-0.1755676270
0.2926025391
-0.1170501709
0.8378906250
0.1904296875
0.1523437500
0.3046875000
0.0380859375
0.1142578125
0.1142578125
0.2666015625
0.0000000000
0.0000000000
0.0000000000
0.3625183105
0.0000000000
0.0000000000
-0.3625183105
-0.3625183105
0.0000000000
-0.1219482422
0.0000000000
0.1219482422
0.3658599854
-0.3658599854
-0.2438964844
0.1219482422
-0.1955566406
0.8940124512
-0.2514343262
0.1396942139
0.1117553711
0.0838165283
-0.0838165283
0.1676330566
0.1273498535
0.0000000000
-0.4548339844
0.7459411621
0.0909729004
-0.2001342773
0.0363922119
-0.4002532959
-0.4705810547
0.2941131592
0.0588226318
0.0000000000
-0.6470642090
0.2352905273
0.1176452637
0.2941131592
0.2259826660
0.2259826660
0.3163757324
-0.0903930664
0.8135223389
0.2259826660
-0.0451965332
-0.0903930664
-0.3793334961
-0.1896667480
-0.2528839111
-0.1896667480
-0.5690002441
0.4425659180
-0.0632171631
0.2528839111
-0.2315216064
-0.2315216064
0.6945495605
0.0771789551
0.3086853027
0.2315216064
0.0000000000
0.2315216064
0.8772430420
-0.0438690186
0.0657958984
-0.0219268799
-0.2851104736
0.1754455566
-0.3070373535
-0.0438690186
-0.0854797363
-0.1495819092
0.9402008057
0.2564239502
-0.0427398682
-0.0213623047
-0.0427398682
0.0427398682
-0.6248168945
-0.0624847412
0.2499237061
0.2499237061
0.4373779297
0.2499237061
-0.2499237061
0.1874389648
-0.0454101562
0.0454254150
0.0151367188
-0.0756988525
-0.1059722900
-0.0454101562
-0.9840545654
-0.0302734375
-0.5550537109
-0.3171691895
-0.2378845215
-0.4757537842
-0.1585845947
0.0792999268
0.0792999268
0.2378845215
0.0513916016
0.9421234131
-0.2569427490
0.0513916016
0.0000000000
-0.0342559814
-0.0342559814
-0.1712951660
0.1178436279
0.0000000000
0.0000000000
-0.1178436279
0.1178436279
0.0000000000
0.1178436279
-0.2357025146
0.2945098877
0.1963348389
-0.2945098877
0.0000000000
0.2945098877
0.0981750488
0.5890197754
0.0000000000
0.5084381104
0.4448852539
0.4448852539
0.0953369141
0.0635528564
0.3813323975
-0.0953369141
0.3813323975
0.8283996582
-0.3313598633
-0.0552215576
-0.1104583740
0.1656799316
-0.1104583740
0.0000000000
0.2209014893
0.0000000000
-0.1228332520
-0.8598480225
0.1842498779
-0.0614166260
-0.1842498779
-0.1842498779
0.1228332520
0.6905670166
0.0345306396
-0.0345306396
-0.5179290771
-0.3280181885
0.0345306396
-0.3625488281
0.0517883301
-0.1287536621
-0.3218688965
0.6759185791
-0.0965576172
-0.1609344482
-0.2253112793
0.0643768311
-0.5471649170
-0.0911560059
0.0911560059
0.0000000000
0.0000000000
-0.0911560059
0.0000000000
0.0000000000
0.0000000000
-0.1927490234
-0.0963745117
0.0963745117
-0.9155731201
-0.0963745117
-0.0481872559
0.0963745117
0.0963745117
0.0413970947
0.9521331787
-0.0827941895
0.2069854736
0.1034851074
-0.0620880127
-0.0827941895
-0.0827941895
-0.4073333740
0.3564147949
0.4582519531
0.5091705322
0.1527557373
-0.2036743164
0.2545776367
0.1527557373
0.1675720215
0.2681121826
0.8043518066
0.1340637207
0.1340637207
-0.0670318604
0.2010803223
-0.3686523438
0.3479614258
-0.4175567627
-0.1391906738
-0.5567321777
0.0000000000
-0.4175567627
-0.1391906738
0.1391906738
0.0525817871
0.3680267334
-0.2628784180
0.7360534668
0.0525817871
0.2628784180
-0.2102966309
-0.2102966309
0.0196685791
0.9833984375
0.0196685791
-0.0196685791
0.0590057373
0.0983428955
-0.0786743164
0.0000000000
0.4784851074
0.1304931641
0.6959686279
-0.1739959717
-0.1739959717
0.2174835205
-0.3044891357
0.0869903564
0.1641845703
-0.8209533691
0.2189178467
-0.0547332764
0.1641845703
-0.1641845703
0.2189178467
-0.2189178467
0.8639678955
0.1178131104
0.1178131104
0.3141632080
0.0000000000
0.1570892334
0.1178131104
0.1963500977
-0.1229705811
0.2459411621
0.1229705811
0.3689117432
0.0000000000
0.0000000000
-0.2459411621
-0.2459411621
-0.2400054932
0.0000000000
-0.1199951172
0.1199951172
0.1199951172
0.0000000000
-0.1199951172
0.1199951172
-0.3370208740
0.7582855225
-0.2948913574
0.0842590332
0.0421295166
0.0000000000
-0.3370208740
0.2106323242
0.0823364258
-0.0411682129
-0.4322662354
0.7821960449
0.0411682129
-0.0617523193
0.1440887451
-0.3910980225
-0.2840118408
0.1136016846
0.1704101562
0.1704101562
-0.7384338379
0.0000000000
-0.3408203125
0.2840118408
0.1537017822
-0.0307464600
0.1537017822
-0.2459259033
0.7070159912
0.5533294678
-0.2151794434
0.0922241211
-0.4663238525
-0.4663238525
-0.2664642334
-0.1998443604
0.0000000000
0.5329437256
-0.1332397461
-0.0666198730
0.0000000000
-0.1595001221
0.9037933350
0.1063232422
-0.1595001221
0.1595001221
0.0000000000
-0.0531616211
0.9153900146
-0.0938873291
-0.0469360352
0.0704193115
-0.1877746582
0.1173553467
-0.2816619873
0.0000000000
-0.0411987305
-0.1442108154
0.9682769775
0.1442108154
-0.0411987305
0.0205993652
-0.0411987305
-0.0411987305
-0.4922637939
-0.0615386963
0.2461395264
0.2461395264
0.4922637939
0.3692016602
-0.3076629639
0.1846008301
-0.0922393799
0.1291351318
0.0737915039
-0.0368957520
0.0184478760
-0.0184478760
-0.9777832031
-0.0184478760
-0.6399078369
0.0000000000
-0.4479370117
-0.4479370117
-0.1279754639
0.1279754639
0.1279754639
0.0639953613
0.0000000000
0.8984832764
-0.3916473389
0.0921478271
0.0460815430
-0.0460815430
-0.0691070557
-0.0691070557
0.0000000000
0.0911560059
0.0000000000
0.0000000000
-0.0911560059
0.0000000000
0.0911560059
0.0000000000
0.0826873779
0.3307189941
0.0000000000
0.0000000000
0.0826873779
0.4960784912
0.5787506104
-0.2480316162
0.4669189453
0.4085540771
0.4085540771
0.1459197998
0.1750946045
0.4377441406
-0.2334594727
0.3501892090
0.8386688232
-0.2236480713
0.1677398682
0.0559082031
0.2236480713
-0.2236480713
0.1118164062
0.0000000000
-0.1159973145
0.0000000000
-0.5800018311
0.2320098877
0.0000000000
-0.2320098877
-0.1159973145
0.0000000000
0.6648406982
-0.0184631348
-0.1846771240
-0.4801635742
-0.4432220459
0.0923309326
-0.2770080566
-0.0184631348
-0.2872619629
-0.2872619629
0.2872619629
0.0574493408
-0.1723632812
-0.4021759033
-0.3447265625
-0.5745391846
0.0000000000
-0.1237182617
0.0000000000
0.3711547852
0.0000000000
-0.1237182617
0.0000000000
-0.1237182617
-0.0946350098
0.0473175049
0.0000000000
-0.9463653564
0.0946350098
0.0000000000
-0.0473175049
-0.0946350098
0.0712432861
0.9261779785
-0.1187438965
0.2849731445
0.0949859619
0.0237426758
-0.0949859619
-0.0712432861
-0.4462890625
0.4462890625
0.4462890625
0.2975311279
-0.0743865967
-0.2231445312
0.2231445312
0.1487579346
0.1214752197
0.3036956787
0.7592315674
0.0911102295
0.0911102295
-0.1214752197
0.2733306885
-0.4251708984
0.5975799561
-0.3585510254
-0.2390289307
-0.4183044434
0.3585510254
-0.0597534180
0.0000000000
0.1792755127
-0.2092742920
0.4185638428
0.0000000000
-0.0697631836
0.0000000000
0.4185638428
-0.2092742920
-0.6278381348
-0.0205383301
0.9855346680
-0.0205383301
-0.0410614014
0.0000000000
0.1026611328
-0.0205383301
0.0410614014
0.2711639404
0.1936798096
0.8134918213
-0.1162109375
-0.2711639404
0.2324218750
-0.1936798096
0.0000000000
0.0782470703
-0.8215332031
0.0782470703
-0.1956024170
0.1173553467
-0.2738494873
0.1956024170
-0.3129577637
0.8331909180
0.1041564941
0.0520782471
0.2603759766
0.1562194824
0.1041564941
0.0520782471
0.3124542236
0.0000000000
0.2400054932
0.0000000000
0.2400054932
0.0000000000
0.0000000000
-0.1199951172
0.0000000000
0.0000000000
0.2490844727
0.2490844727
0.1245422363
0.2490844727
-0.1245422363
-0.2490844727
-0.1245422363
-0.2637481689
0.7535705566
-0.2637481689
0.1507110596
0.0000000000
-0.0376739502
-0.4144592285
0.2260742188
0.0797424316
-0.0319061279
-0.3987426758
0.8293762207
0.0637969971
-0.0319061279
0.1754455566
-0.3189849854
-0.1004180908
-0.0502014160
-0.0502014160
0.1506195068
-0.9037322998
0.0000000000
-0.1506195068
0.2008361816
0.1628112793
-0.1085357666
0.1356658936
-0.2170715332
0.6240844727
0.6512298584
-0.2170715332
0.1085357666
-0.1182556152
-0.5912933350
-0.2956542969
-0.1182556152
0.4730377197
0.3547821045
-0.2365264893
-0.1182556152
0.0583190918
-0.0583190918
0.8165283203
0.0583190918
-0.2916107178
0.0000000000
-0.0583190918
-0.3499450684
0.9670867920
-0.0580291748
-0.0580291748
0.0580291748
-0.0193481445
0.0580291748
-0.1934204102
0.0386810303
0.0174560547
-0.1222381592
0.9779357910
0.1047821045
0.0174560547
0.0698547363
-0.0349273682
-0.0349273682
-0.5069885254
0.1448516846
0.2172851562
0.1448516846
0.5794219971
0.2172851562
-0.2172851562
0.2172851562
-0.0419006348
0.0628356934
0.0837860107
0.0000000000
0.0419006348
0.0419006348
-0.9844970703
0.0209503174
-0.5793304443
0.0445709229
-0.6684570312
-0.1782531738
-0.0445709229
0.3119506836
0.0445709229
-0.1336975098
-0.0204772949
0.8806610107
-0.4505615234
0.0614471436
0.0409545898
-0.0409545898
0.0000000000
-0.0204772949
-0.1150360107
0.1150360107
-0.1150360107
0.1150360107
0.0000000000
-0.1150360107
0.1150360107
-0.1150360107
0.0000000000
0.0990753174
0.1981506348
-0.0990753174
-0.0990753174
0.6935119629
0.2972259521
-0.0990753174
0.3933563232
0.4458007812
0.4195709229
0.1573486328
0.1048889160
0.5244750977
-0.2622375488
0.2622375488
0.7978210449
-0.1709594727
0.1139678955
0.0000000000
0.2279510498
-0.3989105225
0.0000000000
-0.0569915771
-0.2500000000
0.2500000000
-0.1250000000
0.2500000000
-0.1250000000
-0.1250000000
0.0000000000
0.1250000000
0.6707000732
-0.1058959961
-0.2823944092
-0.3177032471
-0.5647888184
0.1235504150
-0.1058959961
0.0529479980
-0.3232269287
-0.1616058350
-0.4040222168
0.2424163818
-0.1616058350
-0.3232269287
-0.4848327637
-0.2424163818
0.0000000000
0.0000000000
0.0000000000
0.1000061035
0.1000061035
-0.1000061035
0.0000000000
-0.1000061035
-0.0577239990
0.0000000000
-0.0288696289
-0.9813995361
-0.0288696289
-0.0288696289
0.0577239990
-0.0288696289
0.0000000000
0.9388427734
0.0000000000
0.2518920898
0.1831817627
0.0457916260
-0.0457916260
-0.0229034424
-0.4582519531
0.4582519531
0.1833038330
0.2749481201
-0.1833038330
-0.0916442871
0.3666076660
0.0000000000
0.1653594971
0.3637847900
0.6945037842
0.1653594971
0.1653594971
-0.2645721436
0.2976531982
-0.3307189941
0.5268554688
-0.4390411377
0.0000000000
-0.4390411377
0.0000000000
0.1756134033
0.1756134033
0.0878143311
-0.3404846191
0.2918548584
0.1459197998
0.5350494385
-0.0486450195
0.3404846191
-0.0972900391
-0.5350494385
-0.0626068115
0.9808502197
0.0000000000
0.0000000000
-0.0834808350
0.0208740234
0.0417327881
0.1043395996
0.0821685791
0.2738800049
0.8490142822
0.0000000000
-0.1917114258
0.2738800049
-0.2464904785
0.0273895264
-0.0603485107
-0.9354400635
0.0000000000
-0.1206970215
0.0301818848
-0.2414093018
0.0603485107
-0.1206970215
0.8745117188
0.0000000000
0.0485839844
0.0000000000
0.2429199219
0.0000000000
-0.1943359375
0.2429199219
0.1249389648
0.2498626709
-0.2498626709
0.0000000000
0.1249389648
0.1249389648
0.2498626709
0.0000000000
0.1825408936
-0.5476379395
0.4867858887
0.0000000000
-0.1825408936
-0.4867858887
0.0608520508
-0.1825408936
-0.2098846436
0.7556152344
-0.1679077148
0.0839538574
0.0000000000
-0.3778076172
-0.2518768311
0.2938537598
0.2496032715
-0.0249633789
-0.5491180420
0.5241546631
0.2745513916
0.0249633789
-0.3244781494
-0.3993530273
-0.0424346924
0.1272888184
-0.4667205811
0.3394317627
0.1697082520
-0.5940093994
0.4242858887
0.1697082520
0.3775177002
-0.3775177002
-0.4314422607
0.2157135010
0.3235778809
0.2696533203
-0.3235778809
0.3235778809
0.1032104492
0.5573120117
0.0206451416
-0.1857757568
-0.7637176514
0.1857757568
-0.0412750244
0.1032104492
0.0578308105
0.0000000000
-0.1735076904
0.6361846924
0.1156768799
-0.2891693115
-0.2891693115
-0.5205230713
0.9235839844
-0.0543212891
0.0271606445
-0.1358184814
-0.1629791260
0.1629791260
-0.2173156738
-0.0271606445
0.1486816406
-0.0557556152
0.9478454590
0.1486816406
-0.1300964355
-0.1115112305
-0.1115112305
-0.0371704102
-0.7058410645
-0.5176239014
0.1411743164
0.0941162109
0.2352752686
0.1411743164
-0.2352752686
-0.0470581055
0.0835876465
-0.0278625488
-0.1671752930
0.0139312744
0.0139312744
0.0417938232
-0.9752349854
0.0696563721
0.0000000000
0.0000000000
0.3133544922
-0.5222625732
-0.4178161621
-0.2089080811
-0.1044464111
0.0000000000
-0.0356597900
0.9627838135
-0.2020721436
-0.0475463867
-0.1069793701
-0.1069793701
0.0000000000
0.0356597900
0.0000000000
0.1071319580
-0.2142791748
0.0000000000
0.2142791748
0.6428222656
-0.1071319580
-0.2142791748
0.0898437500
0.5390777588
0.1796875000
0.2695465088
0.0898437500
0.1796875000
0.4492340088
0.2695465088
0.1173553467
0.3912048340
0.5868072510
0.1956024170
0.0000000000
0.3912048340
-0.3520812988
0.3520812988
0.6900024414
-0.0657196045
-0.0657196045
-0.1971435547
0.0000000000
-0.5914306641
-0.0657196045
0.2957153320
-0.1230621338
0.1846008301
-0.8614654541
-0.1230621338
-0.1846008301
0.1230621338
-0.1230621338
-0.0615386963
0.6545257568
-0.0451354980
0.0902862549
-0.6545257568
-0.3159790039
-0.0902709961
0.0225677490
0.0902862549
-0.0613403320
0.1840057373
0.7973632812
0.2146759033
-0.3373413086
-0.1840057373
0.3066711426
-0.0920104980
0.0000000000
0.2226867676
0.0000000000
0.0000000000
0.0000000000
-0.1113433838
0.1113433838
0.0000000000
-0.4639129639
-0.0927886963
0.1855621338
-0.0927886963
-0.2783508301
0.0000000000
-0.4639129639
0.3711395264
-0.2118072510
0.9242553711
0.1732940674
-0.0577697754
0.1347808838
0.1540374756
-0.0192565918
0.1155395508
-0.4092102051
0.2518157959
0.1573791504
0.5351104736
0.2203369141
-0.3462524414
0.2518157959
0.4406890869
-0.0618896484
0.0000000000
-0.7425994873
0.0618896484
-0.0618896484
-0.0618896484
0.2475280762
0.4950714111
-0.0438232422
0.0000000000
0.0438232422
-0.0438232422
0.5259704590
-0.6136322021
0.0438232422
-0.5259704590
-0.0503692627
0.1007385254
-0.0671691895
0.9738464355
0.0671691895
0.1175384521
-0.0671691895
-0.0503692627
-0.3664550781
0.5954895020
0.0458068848
-0.2290344238
-0.1832275391
-0.5496826172
0.1832275391
0.1374206543
0.7341003418
0.1747894287
0.2447052002
-0.3146209717
-0.0349578857
0.3495788574
-0.2796630859
0.1747894287
0.2484893799
-0.6212158203
0.0000000000
0.0000000000
0.0000000000
-0.6212158203
0.1863555908
0.0621185303
0.8290710449
0.2321319580
0.0331573486
0.1658172607
0.1326446533
0.1989746094
-0.0663299561
0.3647918701
0.1242218018
0.1242218018
-0.2484588623
0.2484588623
0.2484588623
0.1242218018
0.2484588623
0.1242218018
0.1290283203
-0.5806579590
0.5161437988
0.0645141602
-0.1290283203
-0.4516296387
0.0000000000
-0.1290283203
-0.3163299561
0.1054382324
-0.4217681885
0.2635955811
-0.1581573486
-0.2635955811
-0.4217681885
0.5272064209
0.3116302490
0.0000000000
-0.5273895264
0.5993041992
0.2636871338
-0.0479431152
-0.1678009033
-0.3835601807
-0.2883148193
0.2059478760
-0.2883148193
0.4530639648
0.3294982910
-0.4530639648
0.3294982910
0.3294982910
0.3680114746
-0.1103973389
-0.1103973389
0.2576141357
0.5520172119
0.6256256104
-0.1472015381
0.1103973389
0.1186065674
0.5455932617
-0.0948791504
-0.2134857178
-0.7116394043
0.3083801270
-0.0948791504
0.0711669922
-0.1504211426
-0.2256317139
0.0000000000
0.6016693115
0.1504211426
-0.1504211426
-0.2256317139
-0.5264587402
0.8892822266
-0.0404205322
0.1010589600
-0.0202178955
-0.2223205566
0.1212615967
-0.3435821533
0.0404205322
0.1006622314
-0.1258239746
0.9562530518
0.1258239746
-0.1006622314
-0.0251617432
-0.1006622314
-0.0503234863
-0.7943115234
-0.4854125977
0.0882568359
0.0441284180
0.2206420898
-0.0441284180
-0.0882568359
-0.0441284180
0.0405426025
0.0270233154
-0.1080932617
-0.0405426025
-0.0270233154
-0.0135192871
-0.9863891602
0.0675659180
-0.5172424316
0.0000000000
-0.0862121582
-0.5172424316
-0.2586212158
-0.3448333740
0.0862121582
-0.0862121582
0.0000000000
0.9175109863
-0.3265686035
-0.0310974121
-0.0933074951
-0.1710662842
-0.0310974121
-0.0622100830
-0.1044464111
0.1044464111
-0.1044464111
-0.1044464111
0.3133544922
0.5222625732
0.1044464111
-0.4178161621
0.2408752441
0.4014587402
0.0000000000
0.1605834961
0.0802917480
0.2408752441
0.6423339844
0.2408752441
0.2033843994
0.4745635986
0.5423583984
0.2711791992
-0.0677947998
0.4406585693
-0.2711791992
0.2372741699
0.7232818604
-0.1390991211
0.0278167725
-0.2225494385
0.0556335449
-0.5841827393
0.0000000000
0.1947326660
0.0532379150
0.0532379150
-0.9050750732
-0.0532379150
-0.0532379150
0.1597137451
-0.1597137451
-0.1597137451
0.6123046875
0.0000000000
0.0844573975
-0.6756591797
-0.3167114258
-0.1055755615
-0.1689147949
0.0844573975
-0.1730194092
0.0000000000
0.6055450439
0.3460235596
-0.2595214844
-0.3892822266
0.1297607422
-0.4325408936
-0.1237182617
0.1237182617
-0.2474365234
0.0000000000
0.1237182617
-0.2474365234
0.0000000000
-0.1237182617
-0.3345642090
0.1338195801
0.2007446289
0.7360382080
-0.0669097900
-0.0669097900
-0.3345642090
0.1338195801
-0.2092437744
0.8967285156
0.2092437744
0.0298919678
0.1793518066
0.1793518066
0.0000000000
0.1195678711
-0.4117584229
0.3431396484
0.2401885986
0.5833282471
0.1372528076
-0.2401885986
0.2401885986
0.3774566650
0.1911621094
0.5734863281
0.0955810547
0.3823242188
-0.0955810547
0.0000000000
0.0000000000
-0.3823242188
0.0733795166
0.0000000000
0.0000000000
-0.2201538086
0.0733795166
-0.7338562012
-0.2935485840
-0.3669281006
-0.1654510498
0.2836151123
0.0236358643
0.9217681885
0.0236358643
0.0945434570
-0.0236358643
-0.1181793213
-0.1479644775
-0.1479644775
0.0739746094
-0.3698883057
-0.3698883057
-0.5918273926
0.0739746094
0.3698883057
0.5837402344
0.3057708740
0.4169616699
-0.1389923096
-0.1389923096
0.2779693604
-0.5003509521
0.0278015137
0.0864257812
-0.7778320312
0.0432128906
-0.0432128906
0.0000000000
-0.5185546875
0.2160644531
0.0864257812
0.7881469727
0.2298736572
-0.0656738281
0.1313629150
0.2298736572
0.0328369141
-0.0656738281
0.4597473145
0.1247863770
0.0000000000
-0.1247863770
0.1247863770
0.3743438721
-0.2495727539
-0.1247863770
0.1247863770
0.0000000000
-0.3399353027
0.4249114990
0.0849761963
0.2549438477
-0.5948791504
-0.1699676514
0.0000000000
-0.3695526123
-0.0527954102
-0.5279388428
0.2639617920
-0.0527954102
-0.0527954102
-0.3695526123
0.5279388428
0.4220733643
-0.0301513672
-0.5125122070
0.5426635742
0.2411804199
-0.2110290527
0.0301513672
-0.3617706299
-0.4473876953
0.2485504150
-0.0994262695
0.4971008301
0.3479614258
-0.3976745605
0.0000000000
0.3479614258
0.2693328857
0.0336608887
0.0336608887
0.1683349609
0.7743225098
0.5049896240
-0.0336608887
0.0673370361
0.0677490234
0.4065399170
-0.2032623291
-0.1693878174
-0.7453155518
0.3726501465
-0.1016387939
0.1355133057
-0.4133911133
-0.3307189941
0.6614379883
0.0826873779
0.1653594971
-0.0826721191
-0.0826721191
0.0000000000
0.9049987793
-0.0565643311
0.1319732666
0.0188598633
-0.2262573242
0.0565643311
-0.3016662598
0.0565643311
0.0368804932
-0.2212524414
0.8850402832
0.1475067139
0.1475067139
0.1106262207
-0.2581329346
0.0000000000
-0.8113098145
-0.3786163330
0.1081695557
0.1081695557
0.2163543701
-0.1622619629
-0.0540924072
-0.0540924072
-0.0168609619
0.0505981445
-0.0168609619
-0.1349182129
-0.0337219238
-0.0674591064
-0.9781341553
0.0843200684
-0.6730651855
0.0611877441
-0.0611877441
-0.4283142090
0.0000000000
-0.3671264648
0.3059387207
0.0611877441
0.0654907227
0.8296051025
-0.4366302490
0.0436706543
-0.0436706543
-0.1309967041
-0.1091613770
-0.2619781494
-0.2484588623
0.0000000000
0.1242218018
0.0000000000
0.1242218018
0.2484588623
-0.1242218018
-0.3726806641
0.1998596191
0.3997039795
-0.3330841064
0.0000000000
0.1998596191
0.1332397461
0.6661682129
0.1998596191
0.2878570557
0.4677734375
0.5397338867
0.2158966064
-0.1079406738
0.3958129883
-0.1439361572
0.3598327637
0.7756195068
-0.1385040283
0.0000000000
-0.1661987305
0.0830993652
-0.5540161133
0.0276947021
0.1108093262
0.1035919189
0.0000000000
-0.9323120117
0.0000000000
0.0517883301
0.0517883301
-0.1553802490
-0.0517883301
0.5674133301
0.0202636719
0.0405273438
-0.6687316895
-0.3242340088
-0.0607910156
-0.3242340088
0.0405273438
-0.2586364746
-0.2586364746
0.0517272949
0.2586364746
-0.2069091797
-0.3620758057
-0.1034545898
-0.7241668701
0.0000000000
0.3674163818
-0.1224670410
-0.2449493408
0.1224670410
-0.1224670410
-0.2449493408
-0.2449493408
-0.2225341797
0.1483612061
0.1483612061
0.8159790039
-0.0741729736
-0.1483612061
-0.1483612061
0.0741729736
0.0000000000
0.9000549316
-0.0473785400
0.2368621826
0.1421203613
0.1894836426
0.0000000000
0.0473785400
-0.4186401367
0.4186401367
0.4186401367
0.5708770752
0.1141815186
-0.1141815186
0.1522369385
0.2283477783
0.2138671875
0.5346679688
0.3742675781
0.2673339844
0.0534667969
-0.0534667969
-0.1069335938
-0.5881347656
0.1920013428
-0.1920013428
0.0959930420
-0.4799957275
-0.0959930420
-0.5760040283
-0.0959930420
0.0959930420
-0.2156677246
0.4744567871
-0.0431365967
0.7763977051
0.0431365967
0.0862731934
0.0862731934
-0.2156677246
0.1631927490
-0.6527404785
0.0815887451
-0.4079742432
-0.1631927490
-0.2447814941
0.0000000000
0.2447814941
0.4782562256
0.4184722900
0.5380401611
-0.0597839355
-0.1494598389
0.1494598389
-0.4782562256
0.0298919678
0.0364379883
-0.8744049072
0.0364379883
-0.1092987061
0.1457366943
-0.3278961182
0.2185974121
-0.0364379883
0.8947906494
0.0000000000
-0.0344085693
0.1032409668
0.1720733643
0.0000000000
0.0344085693
0.3441467285
0.0000000000
0.1150360107
0.1150360107
0.1150360107
0.1150360107
-0.1150360107
-0.1150360107
-0.1150360107
-0.1981506348
-0.0990753174
0.0990753174
0.0990753174
0.3963012695
-0.4953613281
-0.2972259521
0.2972259521
-0.4168243408
0.0000000000
-0.5359191895
0.2977294922
0.1190948486
0.0595397949
-0.2977294922
0.4763641357
0.4496002197
-0.1873321533
-0.5245361328
0.4121398926
0.1123962402
-0.2247924805
0.2622680664
-0.3746643066
-0.3708953857
0.1483612061
0.1483612061
0.3708953857
0.2225341797
-0.4450836182
-0.4450836182
0.2225341797
0.1120605469
0.0000000000
0.1120605469
-0.0280151367
0.7843933105
0.5602874756
0.0000000000
0.1400756836
0.0000000000
0.3233795166
-0.1847839355
-0.1385955811
-0.6929473877
0.4619598389
-0.0462036133
0.2771759033
-0.2602386475
-0.2602386475
0.7807006836
-0.1951751709
0.0650634766
-0.0650634766
0.0000000000
0.2602386475
0.9062957764
-0.0843048096
0.1475372314
0.0210723877
-0.2529144287
0.0843048096
-0.2529144287
0.0000000000
-0.0740051270
-0.1850128174
0.8510589600
0.2590179443
0.1850128174
0.0370025635
-0.2960205078
0.0370025635
-0.7547149658
-0.2744445801
0.0000000000
0.2744445801
0.2744445801
-0.2058258057
-0.0686035156
0.0000000000
-0.0627441406
0.1464080811
0.1254882812
-0.1254882812
0.0418243408
-0.0418243408
-0.9620819092
0.0000000000
-0.6644592285
0.1812133789
0.0604095459
-0.4228363037
0.0000000000
-0.2416229248
0.3624267578
0.1812133789
0.0306549072
0.7969818115
-0.4291534424
0.0613098145
0.0000000000
-0.0919647217
-0.1532592773
-0.3371887207
-0.2300720215
-0.1150360107
0.0000000000
0.1150360107
0.0000000000
0.0000000000
0.0000000000
-0.1150360107
0.0704498291
0.7044219971
-0.2113342285
0.0000000000
0.2113342285
0.1408843994
0.4226531982
0.2113342285
0.2978057861
0.4679870605
0.4254455566
0.1276245117
-0.1701812744
0.4679870605
-0.0850830078
0.4254455566
0.8264770508
-0.1224365234
-0.0918273926
-0.1224365234
0.0918273926
-0.4897613525
0.0000000000
0.0000000000
0.0000000000
0.0000000000
-0.9178161621
0.0000000000
0.1223754883
-0.0611877441
-0.1223754883
0.0000000000
0.4839935303
0.0220031738
-0.0659942627
-0.6380004883
-0.4620056152
0.0220031738
-0.3520050049
0.0220031738
-0.4075775146
-0.2911224365
-0.4657897949
0.0582275391
-0.2911224365
-0.0582275391
-0.2328948975
-0.5240173340
0.0000000000
0.1249389648
0.0000000000
-0.2498779297
0.0000000000
-0.2498779297
-0.2498779297
-0.2498779297
0.0000000000
0.0737762451
0.0000000000
0.8853607178
-0.1475524902
0.0000000000
-0.0737762451
0.0000000000
0.1063232422
0.8506317139
-0.1595001221
0.3189849854
0.1063232422
0.1063232422
-0.1063232422
0.1063232422
-0.5001831055
0.4501647949
0.5001831055
0.4501647949
0.0000000000
-0.0500183105
0.0000000000
0.1000366211
0.1562194824
0.4165954590
0.5207519531
0.3124542236
0.0520782471
-0.1041564941
0.0520782471
-0.5728149414
0.3806762695
-0.2855072021
-0.1903381348
-0.3806762695
0.3806762695
-0.2855072021
0.0951690674
0.1903381348
-0.0681304932
0.6132202148
-0.2725372314
0.6132202148
0.0000000000
0.0681304932
-0.0681304932
-0.0681304932
0.4689483643
0.0000000000
-0.1172332764
-0.3517150879
0.1172332764
0.2344665527
-0.1172332764
0.1172332764
0.4514160156
0.4514160156
0.6597747803
0.0000000000
-0.0694427490
0.0694427490
-0.3125152588
-0.1041717529
0.0802917480
-0.8832244873
-0.0401458740
0.0000000000
0.1605834961
-0.2810211182
0.2007293701
-0.1204376221
0.9072265625
-0.0725860596
0.0725860596
0.1451568604
0.1814422607
0.1451568604
-0.0362854004
0.2177429199
0.0000000000
0.1000061035
0.1000061035
0.0000000000
0.0000000000
0.0000000000
-0.1000061035
-0.1000061035
-0.1243286133
-0.1243286133
0.2486572266
0.1243286133
0.1243286133
0.0000000000
-0.1243286133
0.2486572266
-0.4267272949
0.1219177246
-0.3657684326
0.2438507080
0.0609588623
0.0000000000
-0.5486602783
0.4267272949
0.3359832764
-0.2799987793
-0.5599822998
0.3919830322
-0.0559997559
-0.0559997559
0.3919830322
-0.2799987793
-0.2058258057
0.0000000000
0.1372222900
0.3430480957
0.1372222900
-0.5488891602
-0.5488891602
0.2058258057
0.0794067383
-0.1323547363
0.0264739990
-0.2117614746
0.6882324219
0.5823516846
-0.1588287354
0.2647094727
-0.1972656250
0.3287658691
-0.1315002441
0.0657501221
-0.6575317383
0.4602813721
0.0657501221
0.1972656250
-0.1252136230
-0.1878051758
0.8138427734
-0.1878051758
-0.3130187988
-0.1252136230
-0.0626068115
-0.0626068115
0.9348602295
-0.0967102051
0.1611785889
0.0644683838
-0.1289520264
0.0967102051
-0.1611785889
0.0322418213
-0.0636901855
-0.1910552979
0.8915863037
0.1910552979
0.1910552979
0.0000000000
-0.2229003906
0.0955200195
-0.4445648193
-0.4445648193
0.1111450195
0.2222900391
0.1111450195
0.0000000000
-0.1111450195
-0.2222900391
-0.0330200195
0.1320648193
0.2641448975
-0.0990600586
0.0990600586
0.0330200195
-0.9244995117
0.0330200195
-0.4717712402
0.1887054443
-0.0943603516
-0.4717712402
-0.0943603516
-0.0943603516
0.3774108887
0.1887054443
-0.0364837646
0.8025970459
-0.4742584229
0.0729675293
0.0000000000
-0.1094512939
-0.1459197998
-0.2188873291
-0.1243286133
0.0000000000
0.1243286133
0.1243286133
-0.2486572266
-0.1243286133
0.2486572266
-0.1243286133
0.0829620361
0.5807037354
0.0000000000
0.0829620361
0.0829620361
0.4147949219
0.4147949219
0.2488708496
0.2803497314
0.4906005859
0.3504333496
0.1051330566
-0.0700836182
0.6307678223
-0.2102508545
0.2453002930
0.7859191895
-0.1240844727
0.0413665771
-0.2068176270
0.1240844727
-0.4550018311
-0.2068176270
-0.0413665771
-0.1147766113
0.1147766113
-0.5738525391
0.0000000000
0.2295379639
-0.1147766113
0.1147766113
-0.2295379639
0.4445343018
0.0222320557
-0.1111297607
-0.6223602295
-0.6001281738
0.0444488525
-0.1555938721
0.0000000000
-0.3387451172
-0.0846862793
-0.5928039551
-0.2540588379
-0.2540588379
-0.1693725586
-0.0846862793
-0.3387451172
-0.1178436279
0.0000000000
0.1178436279
0.1178436279
0.0000000000
-0.2357025146
0.0000000000
-0.1178436279
0.0939483643
0.0000000000
-0.1879119873
0.7516326904
0.0000000000
0.1879119873
-0.0939483643
-0.1879119873
0.1186676025
0.8307189941
-0.0593414307
0.2373504639
0.2373504639
0.0593414307
-0.2373504639
0.0593414307
-0.4689483643
0.2344665527
0.2344665527
0.0000000000
-0.2344665527
0.1172332764
-0.2344665527
0.0000000000
0.2097930908
0.3496398926
0.0000000000
0.4895019531
0.1398620605
-0.2797088623
0.5594329834
-0.1398620605
0.4699859619
-0.3133239746
-0.1566619873
-0.3133239746
0.5483093262
-0.1566619873
0.0000000000
0.1566619873
-0.1065826416
0.6395263672
0.0000000000
0.3197631836
-0.2131805420
0.1065826416
0.0000000000
0.0000000000
0.1147766113
0.3443145752
-0.1147766113
0.1147766113
-0.1147766113
0.4590759277
-0.2295379639
0.2295379639
0.3750000000
0.4499969482
0.6000061035
-0.0749969482
-0.0749969482
-0.1499938965
-0.1499938965
-0.2250061035
0.0572662354
-0.8589782715
-0.1145324707
0.0000000000
0.1717987061
-0.2863311768
0.1145324707
-0.1145324707
0.8148345947
0.0407409668
0.0814819336
0.1222229004
0.2851867676
0.2851867676
-0.1222229004
0.2851867676
0.0785675049
0.0000000000
0.0000000000
0.0000000000
0.0000000000
0.0000000000
-0.0785675049
0.0000000000
0.1247253418
0.0000000000
0.2494506836
0.2494506836
0.1247253418
0.0000000000
-0.2494506836
0.0000000000
-0.2542572021
0.4576568604
-0.3050994873
0.2542572021
0.0508575439
0.0508575439
-0.5593566895
0.4068145752
0.2895507812
-0.2481842041
-0.4963684082
0.6618194580
-0.0413665771
0.0413665771
0.2895507812
-0.1654510498
-0.2490844727
-0.2490844727
0.1245422363
0.2490844727
0.0000000000
-0.1245422363
-0.1245422363
0.2490844727
0.0944366455
-0.1888580322
-0.0314788818
-0.2203369141
0.5665893555
0.6610260010
-0.1888580322
0.2832946777
-0.2540588379
0.2540588379
0.0000000000
0.0846862793
-0.5928039551
0.5081176758
0.0846862793
0.0000000000
-0.0977325439
-0.0977325439
0.5863494873
-0.1954498291
-0.3908996582
-0.2931823730
-0.0977325439
-0.0977325439
0.9609832764
-0.0873565674
0.1455993652
-0.0582427979
0.0873565674
0.0291137695
0.0291137695
0.0873565674
-0.1629638672
-0.0814819336
0.8963165283
-0.1222229004
0.2444458008
0.0407409668
-0.1629638672
0.0814819336
-0.3711547852
-0.1237182617
0.0000000000
0.0000000000
0.0000000000
-0.1237182617
0.0000000000
-0.1237182617
0.0678405762
-0.0339202881
0.3052520752
-0.1017456055
0.0000000000
0.0678405762
-0.9157562256
0.1017456055
-0.6123657227
0.0000000000
-0.3499298096
-0.2624511719
-0.2624511719
0.0000000000
0.1749572754
0.2624511719
-0.0765075684
0.8033142090
-0.4972839355
0.0382537842
0.0382537842
-0.1147613525
-0.0382537842
-0.1912689209
0.0000000000
0.2498626709
0.0000000000
0.2498626709
-0.1249389648
-0.1249389648
0.1249389648
-0.2498626709
0.0000000000
0.4886322021
0.0977325439
0.0977325439
0.0000000000
0.4886322021
0.3908996582
0.0977325439
0.3738861084
0.5234375000
0.2617187500
0.0747833252
-0.1495513916
0.6356048584
-0.1869354248
0.0747833252
0.6190032959
-0.1768646240
0.1768646240
-0.2652893066
0.1326446533
-0.4863586426
-0.3979339600
-0.0884246826
-0.1249389648
0.0000000000
-0.3748321533
0.1249389648
0.2498779297
-0.1249389648
0.1249389648
0.0000000000
0.5019378662
0.0000000000
-0.1140747070
-0.5247497559
-0.6616363525
0.0000000000
-0.0684509277
0.0228118896
-0.0898437500
-0.2695465088
-0.6289367676
0.0000000000
-0.0898437500
-0.1796875000
-0.2695465088
-0.3593902588
-0.1064758301
0.0000000000
0.1064758301
0.1064758301
0.0000000000
-0.1064758301
0.1064758301
0.0000000000
0.0000000000
-0.2028656006
-0.1014251709
0.7100219727
-0.1014251709
0.2028656006
0.1014251709
-0.1014251709
0.1188812256
0.8916168213
0.0594482422
0.0594482422
0.2377624512
-0.0594482422
-0.0594482422
-0.0594482422
-0.1247863770
-0.1247863770
0.0000000000
-0.1247863770
-0.1247863770
0.3743438721
-0.1247863770
-0.2495727539
0.3665161133
0.2094421387
-0.3665161133
0.3665161133
0.2094421387
-0.3141479492
0.4712219238
0.3141479492
0.3406372070
-0.4541778564
0.0000000000
-0.2270965576
0.2270965576
0.2270965576
0.1135406494
0.1135406494
-0.3191528320
0.4787292480
0.0797882080
0.6383056641
-0.1595764160
0.0797882080
-0.0797882080
0.0000000000
0.2497100830
0.6659088135
0.0832366943
0.4161987305
0.0000000000
0.2497100830
-0.0832366943
0.0832366943
0.1009521484
0.5047454834
0.1009521484
0.2019042969
0.2019042969
-0.3028411865
0.3028411865
-0.3028411865
-0.0629730225
-0.8816223145
-0.1889190674
0.0629730225
0.1259460449
-0.1259460449
0.0000000000
0.1259460449
0.8686676025
0.0394897461
0.0394897461
0.0789642334
0.2369079590
0.2763977051
-0.1184539795
0.1974182129
0.0000000000
0.2357025146
0.0000000000
0.1178436279
0.0000000000
-0.1178436279
0.1178436279
0.1178436279
0.1590728760
-0.6363220215
0.3181610107
0.0000000000
-0.1590728760
-0.3181610107
0.1590728760
-0.3181610107
-0.3397369385
-0.1273956299
-0.5945434570
0.4246673584
-0.0849304199
-0.0849304199
-0.3397369385
0.3822021484
0.1969299316
0.0328216553
-0.6236114502
0.4595031738
0.3610382080
0.1969299316
0.0328216553
-0.3938598633
-0.1669616699
0.3895568848
-0.2226104736
0.3895568848
0.5008697510
-0.5008697510
0.0556488037
0.1112976074
0.3775177002
-0.3235778809
-0.2157135010
0.0539245605
0.0000000000
0.6471557617
-0.3775177002
0.2157135010
0.0693664551
0.5549316406
0.1734161377
-0.1387329102
-0.7630310059
0.0693664551
-0.1040496826
0.0346832275
-0.1495819092
-0.2243804932
-0.2991638184
0.2991638184
0.2243804932
-0.0747985840
-0.2243804932
-0.6731262207
0.9651794434
-0.0756988525
0.0756988525
-0.0567779541
-0.0756988525
0.0189208984
-0.1892547607
0.0189208984
0.1808929443
-0.0904388428
0.9345855713
0.1808929443
-0.0904388428
0.1205902100
-0.0301513672
0.0000000000
-0.6150207520
-0.5032043457
0.1677398682
0.0559082031
0.3913726807
0.0559082031
-0.2236480713
-0.1677398682
-0.0357818604
-0.0357818604
-0.2146453857
0.1073303223
0.3577423096
-0.0357818604
-0.8585968018
0.1788787842
-0.2153778076
0.1076965332
0.2153778076
-0.2153778076
-0.5384674072
-0.1076965332
0.3230743408
0.1076965332
-0.0713653564
0.9455108643
-0.2140808105
-0.0713653564
0.0000000000
-0.1784057617
0.0535125732
0.0713653564
0.1111450195
0.1111450195
-0.4445648193
-0.1111450195
0.2222900391
0.4445648193
0.0000000000
-0.2222900391
-0.0968475342
0.4842681885
0.0968475342
0.5811157227
-0.1937103271
0.0000000000
0.1937103271
0.0000000000
0.0695800781
0.4174499512
0.6609649658
0.2087249756
-0.0695800781
0.3478698730
-0.3130950928
0.2783050537
0.6101226807
-0.2218627930
0.0000000000
-0.1663970947
0.1386718750
-0.6378479004
0.3050689697
-0.0831909180
0.0000000000
0.2369384766
-0.8885040283
0.0592346191
-0.1777038574
0.0592346191
0.0000000000
0.0000000000
0.5148010254
0.0270996094
0.2167510986
-0.7044525146
-0.2438507080
-0.2980346680
-0.1354675293
0.0270996094
-0.1460266113
0.4015655518
0.7666320801
0.2555389404
-0.1460266113
-0.2555389404
-0.0364990234
-0.1825256348
0.0000000000
0.0000000000
0.0000000000
0.0911560059
-0.0911560059
0.0000000000
0.0911560059
0.0000000000
0.0000000000
0.0000000000
0.0000000000
0.8900604248
0.1186676025
0.1186676025
-0.1780090332
-0.1780090332
-0.2462158203
0.4572448730
0.5627593994
-0.2813873291
0.0703430176
0.3165588379
-0.1055145264
0.4220733643
-0.4799652100
0.3599853516
0.1799926758
0.5999603271
0.1199951172
-0.2699890137
0.1499938965
0.3299865723
0.0527191162
0.1581573486
-0.8435211182
0.1581573486
-0.2108764648
0.1054382324
-0.2108764648
0.2108764648
0.2231445312
-0.1487579346
0.0000000000
-0.1487579346
0.2231445312
-0.4462890625
-0.1487579346
-0.6694488525
-0.0179595947
0.0897827148
0.0000000000
0.9876556396
-0.0179595947
-0.0359191895
-0.0359191895
0.0538787842
0.0571746826
-0.4573822021
-0.1715087891
-0.1143493652
-0.4573822021
-0.5145416260
0.0571746826
0.4002075195
0.5504150391
0.3350372314
0.3828887939
-0.1196594238
-0.1675109863
0.4068298340
-0.4546813965
0.0717926025
-0.0272674561
-0.9542846680
0.0000000000
-0.1090545654
0.0818023682
-0.1635894775
0.0272674561
0.1363220215
0.8848114014
0.1769561768
-0.0707855225
-0.1769561768
0.0707855225
-0.0353851318
-0.0353851318
0.3185272217
-0.1216278076
0.1216278076
0.0000000000
0.1216278076
0.2432556152
0.1216278076
0.1216278076
0.1216278076
0.0874786377
-0.6998596191
0.3499298096
0.0000000000
-0.0874786377
-0.2624511719
0.0874786377
-0.1749572754
-0.2954101562
0.0369262695
-0.6277465820
0.3692626953
-0.2215576172
0.1107788086
-0.3323364258
0.4061889648
0.3395843506
-0.1131896973
-0.6414489746
0.2641296387
0.3395843506
0.1509246826
0.3018646240
-0.3395843506
-0.2982635498
0.3976745605
0.0497131348
0.3479614258
0.5467987061
-0.4473876953
-0.1988372803
0.0994262695
0.2982635498
-0.1988372803
-0.2485504150
-0.0497131348
0.3479614258
0.7456359863
-0.0994262695
0.1988372803
0.1194763184
0.4779357910
0.1593170166
-0.1991424561
-0.6770629883
0.3584442139
-0.1194763184
0.1991424561
-0.4697723389
-0.3758239746
0.0000000000
0.2818603516
0.0939483643
-0.0939483643
-0.0939483643
-0.4697723389
0.9406280518
-0.1155090332
0.1980285645
-0.0494995117
-0.0990142822
-0.0990142822
-0.1485137939
0.0990142822
0.0964050293
-0.1606903076
0.8998260498
0.2570953369
0.0642700195
0.2249603271
-0.0321350098
0.0000000000
-0.6986999512
-0.5240173340
0.0582275391
0.0582275391
0.1746673584
0.0000000000
-0.0582275391
-0.2911224365
-0.0378875732
0.0757904053
-0.0757904053
-0.2273712158
0.4926300049
-0.1894683838
-0.7578887939
0.1894683838
-0.4190368652
0.3352355957
-0.0838012695
-0.4190368652
-0.3352355957
-0.3352355957
0.2514343262
0.0000000000
-0.0493316650
0.9127655029
-0.2713623047
-0.0493316650
-0.0493316650
-0.2466888428
0.0000000000
-0.0740051270
0.1202545166
0.0000000000
-0.2405242920
-0.2405242920
0.1202545166
0.4810485840
0.1202545166
-0.1202545166
-0.1452331543
0.2178497314
-0.0726165771
0.4356994629
-0.2904663086
0.2178497314
0.6535491943
0.0000000000
0.1180419922
0.5016937256
0.5902252197
0.2360839844
-0.1180419922
0.3836517334
-0.2655944824
0.2655944824
0.6418304443
-0.1375427246
0.0000000000
-0.2521514893
0.0916900635
-0.6418304443
0.2521514893
-0.0687713623
0.0615386963
0.0615386963
-0.8614654541
0.0000000000
-0.0615386963
0.2461395264
0.0000000000
-0.2461395264
0.4760131836
0.0501098633
0.1753692627
-0.6764526367
-0.3507537842
-0.2505340576
-0.2755889893
-0.0250549316
-0.2082977295
0.3124542236
0.5728149414
0.2082977295
-0.0520782471
-0.3645172119
-0.2082977295
-0.4686737061
0.0000000000
0.2357025146
-0.1178436279
0.1178436279
0.0000000000
0.0000000000
0.1178436279
-0.1178436279
0.0000000000
0.0850830078
-0.0425415039
0.9359588623
0.0425415039
0.0425415039
-0.2127227783
-0.0850830078
-0.2960815430
0.1480407715
0.4934539795
-0.3947601318
-0.1973876953
0.3454132080
0.0986938477
0.4934539795
-0.5245819092
0.4262237549
0.2950744629
0.5573730469
0.0655670166
-0.1639251709
0.1639251709
0.2295074463
-0.1136016846
0.3408203125
-0.6816406250
0.2272186279
-0.2272186279
0.1704101562
-0.3408203125
-0.2272186279
0.3087463379
-0.1029205322
0.3087463379
-0.3087463379
-0.1029205322
-0.2058258057
-0.3087463379
-0.4116668701
-0.0868072510
0.2170257568
0.1085205078
0.9549102783
-0.0216979980
-0.0434112549
0.0000000000
-0.0651092529
0.1873931885
-0.7495880127
-0.0937042236
-0.2342529297
-0.3748016357
-0.1405487061
0.0000000000
0.3279418945
0.4878234863
0.3484497070
0.5110626221
-0.0232238770
-0.1626129150
0.3716735840
-0.4413604736
-0.0464630127
0.0000000000
-0.9689178467
0.0248413086
-0.0993804932
0.0496826172
-0.1490631104
0.0745391846
0.0248413086
0.9108734131
0.0569305420
-0.1707916260
-0.0569305420
0.1423187256
-0.0853881836
0.0000000000
0.2846527100
0.0000000000
0.0000000000
0.0000000000
0.0000000000
0.1000061035
-0.1000061035
0.1000061035
0.1000061035
0.0000000000
-0.3535461426
0.3535461426
0.1178436279
0.2357025146
-0.2357025146
-0.2357025146
0.1178436279
-0.3165588379
0.3165588379
-0.5627593994
0.3517303467
-0.1758575439
0.1758575439
-0.2813873291
0.4220733643
0.4573669434
-0.2286834717
-0.4573669434
-0.1905670166
0.1905670166
-0.0381164551
0.6098175049
-0.1905670166
-0.3043212891
0.1521606445
0.1521606445
0.3043212891
0.4057617188
-0.4564819336
-0.5579223633
0.0000000000
0.2178955078
-0.2178955078
-0.2614898682
-0.2178955078
0.4793853760
0.6537017822
-0.0435791016
0.2614898682
0.0408477783
0.4492797852
0.1633758545
-0.0816802979
-0.7351837158
0.3267517090
-0.0408477783
0.2450561523
-0.4640045166
-0.2320098877
0.3480072021
0.0000000000
0.1159973145
0.0000000000
0.1159973145
0.2320098877
0.9457550049
-0.0675506592
0.2195434570
-0.0506591797
-0.1013336182
-0.1013336182
-0.1013336182
0.1013336182
-0.0275878906
-0.1379699707
0.8830413818
0.3035430908
0.2207641602
0.1655731201
-0.0827789307
-0.0275878906
-0.7264099121
-0.3962249756
0.0660400391
0.2641448975
0.1320800781
-0.0660400391
-0.0660400391
-0.2641448975
0.0000000000
0.1295471191
0.1619415283
-0.4210510254
0.3562774658
-0.1943359375
-0.7449340820
0.1619415283
-0.5030822754
0.3593444824
0.0000000000
-0.2874755859
-0.2156066895
-0.4312133789
0.2874755859
0.2156066895
0.0600433350
0.7806549072
-0.3603057861
-0.0600433350
-0.1201019287
-0.2402038574
-0.1501312256
-0.3603057861
-0.2459411621
0.0000000000
0.0000000000
-0.1229705811
0.1229705811
0.2459411621
-0.2459411621
-0.3689117432
-0.0670623779
0.2682495117
-0.1341247559
0.1341247559
-0.1341247559
0.0000000000
0.8047485352
0.2682495117
0.1831359863
0.4761657715
0.5860595703
0.1098785400
-0.2197723389
0.4029083252
-0.1465148926
0.3296508789
0.6281738281
-0.1449584961
0.0000000000
-0.2899169922
0.0724792480
-0.6764831543
0.0966339111
-0.0966339111
0.2439880371
0.0000000000
-0.7319488525
-0.0813293457
0.0813293457
0.2439880371
0.0000000000
-0.3253173828
0.4179229736
0.0557250977
0.0557250977
-0.6408233643
-0.5015106201
-0.1393127441
-0.3343353271
-0.0278625488
-0.2904663086
-0.0726165771
0.0000000000
-0.0726165771
-0.1452331543
-0.2178497314
-0.3630828857
-0.7261657715
0.0000000000
0.4937286377
-0.1234283447
-0.1234283447
0.1234283447
-0.1234283447
0.1234283447
-0.1234283447
0.0797882080
0.0398864746
-0.0797882080
0.9573822021
-0.0398864746
-0.0398864746
-0.1196746826
0.0000000000
-0.2795562744
0.2236480713
0.1677398682
-0.3354644775
-0.3354644775
0.3913726807
0.2236480713
0.5591125488
-0.5558013916
0.4816894531
0.3705291748
0.4816894531
0.0741119385
-0.0741119385
0.1482086182
0.1111602783
-0.1249694824
0.3748931885
-0.6248168945
0.3124084473
-0.1249694824
0.1249694824
-0.3124084473
-0.3124084473
0.4799957275
-0.2879943848
0.1920013428
-0.4799957275
-0.2879943848
0.0000000000
-0.0959930420
0.0000000000
-0.0840759277
0.3082733154
0.0560455322
0.9248352051
-0.0280303955
-0.0560455322
0.0840759277
-0.0560455322
0.2774047852
-0.6657714844
-0.1109619141
-0.4438476562
-0.2774047852
0.1109619141
0.0554809570
0.2774047852
0.4437255859
0.2773284912
0.7210540771
0.0832061768
0.0000000000
0.2496032715
-0.3050537109
-0.1386566162
0.0000000000
-0.9615783691
0.0000000000
-0.0282745361
0.1131286621
-0.1696929932
0.0848388672
0.0000000000
0.9509582520
-0.1152648926
-0.0288238525
0.0576324463
0.0864562988
0.0000000000
0.0576324463
0.2017211914
0.0785675049
0.0000000000
-0.0785675049
0.0000000000
0.0000000000
0.0000000000
0.0000000000
0.0000000000
0.1250000000
-0.1250000000
0.2500000000
0.1250000000
0.1250000000
0.0000000000
-0.2500000000
0.2500000000
-0.3480834961
0.6961669922
-0.3132781982
0.3132781982
-0.1044311523
0.1392364502
-0.1740417480
0.3132781982
0.4129333496
-0.3303527832
-0.3303527832
-0.4129333496
0.0412902832
0.0000000000
0.6194000244
0.0000000000
-0.2591400146
0.1295776367
0.0647888184
0.1943664551
0.3239288330
-0.4535064697
-0.6478576660
-0.0647888184
0.0697937012
-0.3140411377
-0.2791442871
-0.3140411377
0.4536132812
0.5931854248
-0.0348968506
0.3489379883
-0.0780029297
0.5460205078
0.0390014648
0.0390014648
-0.7020263672
0.2730102539
0.0390014648
0.2730102539
0.0000000000
0.0000000000
0.3741607666
0.0000000000
-0.2494506836
0.1247253418
0.0000000000
0.0000000000
0.9325714111
-0.0518035889
0.2590484619
-0.0518035889
-0.1295166016
-0.1036224365
-0.0777130127
0.0518035889
-0.0678100586
-0.1582336426
0.8815612793
0.3164520264
0.2486419678
0.0452117920
-0.1130218506
0.0000000000
-0.5349121094
-0.3566131592
0.0000000000
0.4457702637
0.1782989502
-0.0891571045
-0.2674560547
0.0000000000
0.0000000000
0.1306610107
0.3266296387
-0.3266296387
0.3266296387
-0.0979919434
-0.7839202881
0.0653228760
-0.4714050293
0.3928375244
-0.0785675049
-0.2357025146
-0.2357025146
-0.3142700195
0.3142700195
0.3142700195
0.0944366455
0.7554626465
-0.3777313232
-0.0629577637
-0.0314788818
-0.2203369141
-0.1573791504
-0.4092102051
-0.2498626709
0.0000000000
0.0000000000
-0.1249389648
0.0000000000
0.0000000000
-0.1249389648
-0.3748016357
-0.1611022949
0.0805511475
-0.1611022949
0.1611022949
-0.0805511475
0.0000000000
0.7249298096
0.4027404785
0.2406921387
0.5214843750
0.4412536621
0.0802307129
-0.2005767822
0.4813690186
-0.1203460693
0.3610382080
0.6048889160
-0.1512145996
-0.0907287598
-0.3024444580
0.0907287598
-0.6653747559
-0.0907287598
-0.1512145996
0.1219482422
0.0000000000
-0.3658599854
-0.1219482422
0.2438964844
0.1219482422
0.0000000000
-0.3658599854
0.3540496826
0.0643768311
0.0643768311
-0.5471649170
-0.6759185791
-0.0321807861
-0.2574920654
-0.0965576172
-0.1968383789
-0.2624511719
-0.5905151367
-0.2624511719
-0.2624511719
0.0000000000
-0.3280639648
-0.3936767578
0.0000000000
0.3750000000
0.1250000000
-0.2500000000
0.1250000000
-0.1250000000
0.0000000000
0.0000000000
0.0986938477
0.0493469238
-0.0986938477
0.9375762939
-0.0986938477
0.0000000000
0.0000000000
-0.0986938477
-0.3000030518
0.2250061035
0.0749969482
-0.3000030518
-0.1499938965
0.0749969482
0.3000030518
0.6750030518
-0.6589508057
0.4612731934
0.2635803223
0.3294830322
0.0659027100
-0.1317901611
0.0659027100
0.0659027100
0.0000000000
0.1178436279
-0.8249511719
0.4124755859
0.0000000000
-0.1178436279
0.0589294434
0.0589294434
0.6193237305
-0.1769409180
-0.0884704590
-0.5308380127
0.0884704590
0.0000000000
-0.0884704590
-0.0884704590
-0.0356445312
0.3563842773
-0.1425476074
0.8909606934
-0.0712738037
0.0000000000
0.1069183350
0.0000000000
0.3964691162
0.3964691162
-0.2378845215
-0.3964691162
-0.0792999268
0.4757537842
0.0000000000
0.1585845947
0.3645629883
0.2025299072
0.7291259766
0.2835540771
0.1620330811
0.1215209961
-0.1215209961
-0.3240509033
-0.0420837402
-0.9259796143
-0.0420837402
0.0841827393
0.1683654785
-0.2104492188
0.0420837402
0.0000000000
0.9120941162
-0.0675659180
-0.0337829590
0.1013488770
0.1688995361
0.2026824951
-0.0675659180
0.2026824951
0.1000061035
0.0000000000
-0.1000061035
0.0000000000
0.0000000000
0.1000061035
0.1000061035
0.0000000000
0.1249389648
0.0000000000
0.3748321533
0.1249389648
0.1249389648
0.2498779297
-0.1249389648
0.0000000000
-0.3074035645
0.7992401123
-0.1844482422
0.2459259033
-0.0614776611
0.0307464600
-0.2459259033
0.2766571045
0.2912292480
-0.4368438721
-0.2184143066
-0.2912292480
-0.0727996826
0.2912292480
0.4368438721
0.3640289307
-0.2705993652
0.1804046631
0.0901947021
0.0000000000
0.2705993652
-0.3607940674
-0.6314086914
0.0000000000
-0.0432891846
-0.2164764404
-0.3463592529
-0.4762420654
0.3896484375
0.3463592529
-0.0432891846
0.5195312500
-0.1371307373
0.5942535400
0.0914154053
0.1371307373
-0.6399536133
0.2285614014
0.1371307373
0.2285614014
-0.1153869629
0.1153869629
0.2307739258
0.0000000000
-0.4615325928
-0.1153869629
-0.2307739258
-0.3461608887
0.7366180420
-0.1473236084
0.3437500000
-0.2455444336
0.1473236084
-0.2455444336
0.2946472168
0.0982208252
-0.1188201904
-0.0396118164
0.8713836670
0.1584320068
0.3564758301
-0.0396118164
-0.1188201904
0.0792236328
-0.4640045166
-0.3480072021
0.1159973145
0.1159973145
0.0000000000
-0.2320098877
-0.2320098877
0.0000000000
0.0735473633
0.0000000000
0.4045410156
-0.1471099854
0.2206573486
0.0367736816
-0.8458557129
0.0000000000
-0.1135406494
0.2270965576
-0.3406372070
-0.2270965576
-0.2270965576
-0.2270965576
0.2270965576
0.3406372070
0.0425109863
0.8076019287
-0.3400421143
0.0425109863
0.0000000000
-0.1275177002
-0.0850067139
-0.3825531006
0.0000000000
0.0000000000
0.0000000000
0.1237182617
-0.1237182617
-0.1237182617
0.0000000000
-0.3711547852
-0.1895141602
0.0000000000
-0.0947570801
0.1895141602
-0.0947570801
0.0947570801
0.6633148193
0.3790283203
0.3391113281
0.4747619629
0.2712860107
0.0678253174
-0.1356506348
0.5425872803
-0.2034759521
0.2712860107
0.4457397461
-0.1981048584
0.1981048584
-0.3962097168
0.0990600586
-0.5447998047
-0.3962097168
-0.1485748291
0.0000000000
-0.1199951172
0.0000000000
0.1199951172
0.2400054932
-0.1199951172
0.1199951172
-0.1199951172
0.3636779785
0.0404052734
0.1212310791
-0.4848937988
-0.7273406982
-0.0404052734
-0.0808105469
-0.1616363525
-0.1459960938
-0.3649902344
-0.3649902344
-0.3649902344
-0.2919921875
-0.0729980469
-0.2189941406
-0.5109863281
-0.1199951172
0.2400054932
0.1199951172
-0.1199951172
0.1199951172
-0.1199951172
0.0000000000
0.0000000000
0.0000000000
0.0000000000
-0.1419372559
0.8516235352
-0.1419372559
0.1419372559
0.0000000000
-0.2129058838
0.1196746826
-0.1196746826
0.2393341064
-0.3590087891
0.0000000000
-0.2393341064
-0.1196746826
0.3590087891
-0.2474365234
-0.1237182617
0.1237182617
-0.2474365234
0.0000000000
0.1237182617
-0.1237182617
0.0000000000
0.0829467773
0.0000000000
-0.8708801270
0.2488250732
0.0000000000
-0.1658782959
0.1658782959
0.2488250732
0.5302276611
-0.1060485840
-0.1060485840
-0.2120971680
0.4241790771
0.2120971680
0.0000000000
-0.1060485840
0.0702667236
0.4216156006
-0.1405334473
0.7729797363
-0.1405334473
0.0702667236
-0.0702667236
0.0702667236
0.2376556396
0.8555755615
-0.1901245117
0.0000000000
0.0950622559
0.2851867676
-0.0950622559
0.0475311279
0.1641845703
-0.4378356934
-0.2736511230
0.3831024170
0.3831024170
-0.2189178467
0.4378356934
-0.2736511230
-0.1024169922
-0.6144866943
-0.2048339844
0.1024169922
0.2048339844
-0.3072509766
0.2048339844
0.0000000000
0.8640289307
0.0909423828
-0.1364288330
0.0000000000
0.1819000244
0.2728424072
0.0000000000
0.2273712158
0.0588226318
0.0000000000
0.0000000000
0.0000000000
0.0000000000
0.0000000000
0.0000000000
0.0000000000
0.3703002930
0.0000000000
0.1234283447
0.1234283447
0.3703002930
0.1234283447
-0.1234283447
0.0000000000
-0.1353759766
0.9205322266
-0.1082916260
0.1895294189
0.0000000000
0.0270690918
-0.1624450684
0.1895294189
0.3750000000
-0.4499969482
-0.2250061035
0.3000030518
-0.0749969482
0.3000030518
0.3000030518
0.3750000000
-0.2474365234
0.0000000000
0.0000000000
-0.1237182617
0.2474365234
0.1237182617
-0.1237182617
-0.1237182617
-0.0575408936
-0.1726379395
-0.3452911377
-0.4603881836
0.3452911377
-0.0575408936
-0.0575408936
0.6330261230
-0.1499938965
0.5249938965
0.3750000000
0.0749969482
-0.4499969482
0.3750000000
0.1499938965
0.0000000000
0.0000000000
0.2222900391
0.3334350586
0.0000000000
-0.4445648193
-0.2222900391
-0.1111450195
-0.3334350586
0.6412048340
-0.2564849854
0.1282348633
-0.2564849854
0.3847198486
-0.0641174316
0.3847198486
0.0641174316
-0.3593444824
0.3593444824
0.2156066895
-0.3593444824
0.5030822754
-0.3593444824
-0.0718688965
0.0718688965
-0.3743438721
-0.2495727539
0.0000000000
0.0000000000
0.0000000000
-0.2495727539
-0.1247863770
0.0000000000
0.0330047607
-0.0330047607
0.3959960938
-0.0330047607
0.0330047607
0.0989990234
-0.8909912109
0.0000000000
-0.3102722168
-0.1034240723
-0.4136962891
-0.3102722168
-0.3102722168
0.0000000000
0.2068481445
0.3102722168
-0.0569915771
0.7978210449
-0.3989105225
0.1139678955
0.1709594727
0.0000000000
0.0000000000
-0.2279510498
0.0000000000
0.1228332520
0.0000000000
0.2456817627
-0.1228332520
-0.1228332520
0.0000000000
-0.2456817627
-0.1105499268
0.1105499268
0.0000000000
0.0000000000
-0.2211151123
0.3316650391
0.5527648926
0.2211151123
0.2258758545
0.3388214111
0.1129455566
0.2258758545
-0.1129455566
0.4517517090
0.1129455566
0.2258758545
0.2028808594
-0.2536010742
0.4057617188
-0.4057617188
0.1521606445
-0.4564819336
-0.4564819336
-0.2028808594
0.0000000000
-0.1199951172
-0.1199951172
0.1199951172
0.2400054932
-0.1199951172
0.1199951172
0.0000000000
0.4462890625
0.0495910645
0.0495910645
-0.3966979980
-0.7438049316
0.0495910645
0.0000000000
-0.0495910645
0.0000000000
-0.4994354248
0.1664733887
-0.3329620361
-0.0832366943
-0.0832366943
-0.3329620361
-0.4994354248
0.0000000000
0.1064758301
0.1064758301
0.0000000000
0.0000000000
-0.1064758301
0.1064758301
-0.1064758301
0.0924072266
-0.1847991943
-0.1847991943
0.7392120361
-0.0924072266
0.1847991943
0.0000000000
-0.1847991943
0.4076843262
0.6115264893
0.1019134521
-0.1019134521
0.0000000000
-0.1019134521
-0.2038421631
-0.1019134521
-0.2495727539
-0.1247863770
0.1247863770
-0.1247863770
0.0000000000
0.3743438721
-0.1247863770
-0.1247863770
0.2402954102
-0.0400543213
-0.8410491943
0.2402954102
0.0800933838
-0.2402954102
0.0400543213
0.2402954102
0.2153778076
-0.3230743408
-0.2153778076
-0.1076965332
0.1076965332
0.5384674072
0.1076965332
-0.2153778076
0.0584259033
0.1168518066
-0.2336883545
0.8763275146
-0.1752624512
-0.0584259033
0.0000000000
0.1168518066
0.1791839600
0.9257965088
-0.0298614502
0.1194610596
0.1194610596
0.2090454102
-0.0895996094
-0.0298614502
-0.0487060547
-0.5356903076
-0.4382934570
0.2434997559
0.2921905518
-0.2434997559
0.4869842529
0.0000000000
0.0000000000
-0.2357025146
-0.1178436279
0.0000000000
0.1178436279
0.0000000000
0.1178436279
0.1178436279
0.9129638672
0.1014404297
-0.0507202148
0.0000000000
0.0507202148
0.2028808594
0.1521606445
0.0507202148
-0.1228332520
0.1228332520
0.0000000000
0.0000000000
0.0000000000
-0.1228332520
0.2456817627
0.2456817627
0.4234313965
-0.5928039551
0.1693725586
-0.0846862793
-0.0846862793
-0.2540588379
0.0000000000
-0.3387451172
0.0000000000
0.9821319580
-0.1091308594
0.0545654297
-0.0545654297
0.0363769531
-0.0727539062
0.0181884766
0.0293273926
0.0293273926
-0.6157226562
0.6743621826
0.2052459717
0.1759185791
0.2052459717
-0.1466064453
0.2602386475
0.0000000000
-0.0650634766
0.0000000000
-0.6505889893
-0.0650634766
-0.5855255127
-0.1301116943
0.0957183838
-0.0478515625
-0.0957183838
0.0000000000
-0.8135681152
-0.4307098389
0.0000000000
-0.2392883301
0.0000000000
0.4933013916
0.5481109619
0.0548095703
-0.3836822510
0.3836822510
-0.1096191406
0.2192535400
-0.1945648193
-0.2918548584
-0.6809997559
-0.0972900391
-0.0972900391
-0.0972900391
0.0972900391
0.1945648193
0.9654998779
-0.0526580811
0.1755371094
-0.0526580811
-0.0877685547
-0.0702209473
-0.0351104736
0.0877685547
0.0315093994
-0.0315093994
0.9137420654
0.3465881348
-0.0315093994
0.0945281982
0.0315093994
0.0000000000
-0.4450836182
-0.5192565918
0.2225341797
0.2225341797
0.4450836182
0.1483612061
-0.1483612061
0.0741729736
0.0000000000
0.1250457764
0.0625152588
-0.0625152588
0.3126068115
-0.0312652588
-0.9065704346
0.1563110352
-0.0947570801
0.2842712402
0.5685577393
0.0947570801
-0.3790283203
0.0000000000
-0.1895141602
-0.2842712402
0.0000000000
0.9707489014
-0.1903381348
0.0000000000
0.0000000000
-0.0190277100
0.0190277100
-0.0951690674
0.1199951172
-0.1199951172
-0.1199951172
0.0000000000
0.0000000000
0.1199951172
0.2400054932
0.1199951172
-0.2879943848
-0.0959930420
0.0959930420
0.2879943848
-0.5760040283
0.0000000000
0.3840026855
0.0959930420
0.2059478760
0.4118804932
0.6178283691
0.0000000000
0.0823822021
0.3706970215
-0.4530639648
0.0411834717
0.2573547363
-0.1930236816
-0.0321655273
-0.4503784180
0.0000000000
-0.7720794678
0.1608428955
-0.1930236816
-0.2459411621
0.2459411621
-0.2459411621
0.1229705811
-0.2459411621
-0.2459411621
0.1229705811
0.1229705811
0.6814270020
0.2271423340
0.1817169189
-0.4542846680
-0.1817169189
-0.2725677490
-0.2271423340
0.1362915039
-0.1334533691
0.0444946289
0.9342193604
-0.2001953125
0.0000000000
-0.1334533691
0.0444946289
-0.1779479980
0.2500000000
0.0000000000
-0.1250000000
0.1250000000
0.0000000000
0.1250000000
0.3750000000
0.0000000000
0.2066345215
-0.2066345215
-0.3616027832
-0.8265075684
0.0000000000
0.1033172607
0.0516510010
0.0000000000
-0.1599426270
0.7597351074
0.3998565674
-0.2799072266
-0.0399932861
0.1599426270
0.0399932861
0.2799072266
-0.5654754639
0.5219726562
0.0435028076
0.4784851074
0.0869903564
-0.1739959717
0.2174835205
0.1739959717
-0.5355072021
-0.3825073242
-0.1529998779
0.0765075684
-0.4590148926
0.2295074463
-0.2295074463
-0.1529998779
-0.1670379639
-0.6681823730
0.0835266113
0.1670379639
0.0835266113
0.2505645752
-0.0835266113
-0.4176177979
0.0381164551
-0.0127105713
0.0127105713
0.9908294678
0.0762176514
-0.0508117676
0.0381164551
0.0381164551
0.1240844727
0.8272705078
-0.2895507812
-0.2068176270
-0.1654510498
-0.2895507812
0.0000000000
0.0827331543
0.5027160645
0.1675720215
0.6367797852
0.0335083008
-0.2010803223
0.4356842041
-0.1675720215
-0.1340637207
0.0670318604
-0.9719238281
0.0335083008
-0.1005401611
-0.0335083008
0.0000000000
0.0335083008
-0.0335083008
0.9565124512
-0.1793518066
-0.0298919678
-0.0597839355
-0.1195678711
-0.0298919678
0.0298919678
-0.0597839355
0.0000000000
-0.1199951172
0.0000000000
0.0000000000
0.0000000000
0.0000000000
0.2400054932
0.2400054932
0.3926696777
-0.4908447266
0.1963348389
-0.2945098877
-0.1963348389
-0.0981750488
0.0000000000
-0.2945098877
-0.0483703613
0.9673614502
-0.1289825439
0.0967407227
-0.0967407227
0.0967407227
-0.0806121826
0.0483703613
0.1141815186
-0.1141815186
-0.6089324951
0.5708770752
0.1141815186
0.2664031982
0.3805847168
0.0380554199
0.1240081787
0.0000000000
0.0000000000
0.0619964600
-0.3720092773
-0.2480010986
-0.8060302734
-0.0619964600
0.1233062744
-0.0616455078
-0.2465972900
-0.3699035645
-0.6781463623
-0.3699035645
0.2465972900
0.0000000000
0.0000000000
0.5986480713
0.4190521240
0.0598602295
-0.2394561768
0.4789123535
0.0000000000
0.2394561768
-0.3352050781
-0.2234802246
-0.4469451904
0.1117401123
-0.3352050781
-0.1117401123
-0.1117401123
0.1117401123
0.9411163330
-0.0400543213
0.2402801514
-0.0800933838
-0.0400543213
-0.1401672363
0.0000000000
0.1201477051
-0.1222686768
0.0000000000
0.8864593506
0.3362426758
0.1222686768
0.1834106445
0.0611419678
-0.0611419678
-0.5402069092
-0.3858642578
0.1543426514
0.3858642578
0.3858642578
0.1543426514
-0.0771789551
0.0771789551
-0.0567626953
0.1703033447
0.2270812988
-0.1703033447
0.2838439941
-0.0567626953
-0.8799133301
0.0567626953
-0.2165069580
0.3247528076
0.2165069580
0.1082458496
-0.3247528076
-0.4330139160
-0.2165069580
-0.1082458496
0.0000000000
0.9536895752
-0.1288757324
-0.0257720947
-0.0773315430
-0.0257720947
-0.0515441895
-0.2062072754
0.0785675049
-0.0785675049
0.0000000000
0.0000000000
0.0000000000
0.0000000000
0.0000000000
0.0000000000
-0.1508331299
-0.0754241943
0.0754241943
0.2262573242
-0.4525146484
0.0754241943
0.6787872314
0.2262573242
0.1892700195
0.4258728027
0.5678253174
0.0473175049
-0.0473175049
0.3312225342
-0.5205078125
0.0473175049
0.3006591797
-0.1803894043
0.0000000000
-0.4810485840
0.0000000000
-0.7215881348
0.1503295898
-0.2705993652
-0.2495727539
-0.1247863770
-0.1247863770
0.1247863770
0.0000000000
0.1247863770
0.1247863770
-0.3743438721
0.6657714844
0.2219238281
0.2219238281
-0.3883666992
-0.2219238281
-0.2774047852
-0.2774047852
-0.0554809570
-0.1479339600
-0.0493164062
0.9122161865
-0.1972351074
0.0493164062
-0.1479339600
0.0000000000
-0.2465515137
0.0000000000
0.1249389648
-0.1249389648
0.1249389648
0.1249389648
0.1249389648
0.3748016357
0.1249389648
0.1981506348
0.0000000000
-0.4953613281
-0.5944366455
0.0000000000
0.0990753174
0.0000000000
0.0000000000
-0.1506042480
0.7906951904
0.3012237549
-0.3012084961
-0.1506042480
0.0753021240
0.0753021240
0.3012237549
-0.5949554443
0.5408782959
0.0540924072
0.4326934814
0.1081695557
-0.1622619629
0.1622619629
0.0540924072
-0.6102905273
-0.2219238281
-0.6102905273
0.1664428711
-0.1109619141
0.1109619141
-0.2219238281
-0.0554809570
-0.0959930420
-0.4799957275
0.0000000000
0.1920013428
-0.2879943848
0.2879943848
-0.2879943848
-0.3840026855
0.0307769775
0.0153808594
0.0153808594
0.9848480225
0.0923309326
-0.0615539551
0.0923309326
0.0153808594
0.1347351074
0.8421325684
-0.3031616211
-0.3368530273
-0.1347351074
-0.0336914062
0.0336914062
0.1010589600
0.4254760742
-0.1160430908
0.7735900879
0.0773620605
-0.0386810303
0.3481140137
-0.0773620605
-0.1547241211
0.0415039062
-0.9546356201
0.0830078125
-0.1245117188
0.0000000000
0.0415039062
0.0000000000
-0.0830078125
0.9467926025
-0.2558898926
-0.0255889893
0.0511779785
-0.1023559570
0.0000000000
0.0511779785
-0.0255889893
-0.1064758301
0.0000000000
0.0000000000
-0.1064758301
0.0000000000
-0.1064758301
0.1064758301
0.1064758301
0.2416839600
-0.2416839600
0.2416839600
-0.1208343506
-0.3625183105
0.2416839600
0.0000000000
-0.1208343506
-0.0960998535
0.9610137939
-0.1281280518
0.1281280518
-0.0960998535
0.0800781250
-0.0800781250
0.0640716553
0.2123565674
-0.2123565674
-0.4247131348
0.2123565674
-0.0530853271
0.4247131348
0.4778137207
0.4247131348
0.0000000000
0.0000000000
-0.0492248535
0.0000000000
-0.2461242676
-0.3938140869
-0.8368530273
-0.0492248535
0.0000000000
-0.0515136719
-0.3091278076
-0.4636840820
-0.4121551514
-0.5667266846
0.2575988770
0.2060852051
-0.0473175049
0.6151428223
0.2839050293
0.0946350098
-0.5205078125
0.3312225342
0.1419525146
0.2365875244
-0.2477111816
0.0000000000
-0.1238555908
0.2477111816
-0.3715667725
-0.1238555908
-0.1238555908
0.1238555908
0.8571319580
-0.0317382812
0.3491973877
-0.1269836426
0.0634918213
-0.2539672852
0.0952301025
0.1269836426
-0.1237640381
-0.0494995117
0.8910827637
0.3217773438
0.1485137939
0.1237640381
0.0742645264
-0.1485137939
-0.3976898193
-0.3181610107
0.1590728760
0.5567779541
0.3181610107
0.1590728760
-0.2386169434
0.0795440674
-0.0811614990
0.1352691650
0.2976074219
-0.1893768311
0.1623229980
-0.0541076660
-0.8928070068
-0.0270538330
0.0000000000
0.2099609375
0.2099609375
0.1049804688
-0.2099609375
-0.6298675537
-0.1049804688
0.2099609375
0.0344696045
0.8963775635
-0.1379089355
-0.1034240723
-0.1379089355
-0.0344696045
-0.1034240723
-0.3102874756
0.0000000000
0.1249389648
0.0000000000
0.0000000000
0.0000000000
0.1249389648
-0.3748016357
-0.2498626709
-0.0737762451
0.0000000000
0.0000000000
0.1475524902
-0.2213439941
0.0000000000
0.7377929688
0.4426727295
0.2371520996
0.3952484131
0.3952484131
0.0790557861
-0.1580963135
0.2371520996
-0.5533447266
0.1580963135
0.2707061768
-0.1015167236
0.0338439941
-0.5075836182
0.0000000000
-0.7106170654
0.0338439941
-0.3383941650
0.1190643311
-0.2381439209
0.2381439209
0.0000000000
0.1190643311
0.2381439209
0.0000000000
-0.4762878418
0.6772918701
0.1128845215
0.1128845215
-0.3386535645
-0.3950958252
-0.1128845215
-0.3386535645
-0.1128845215
-0.1940307617
-0.1940307617
0.8407745361
-0.2586975098
-0.0646820068
-0.0646820068
0.0646820068
-0.3233795166
0.1245422363
0.3736267090
0.1245422363
-0.1245422363
0.1245422363
0.1245422363
0.2490844727
0.1245422363
0.0000000000
0.1129455566
-0.3388214111
-0.5646972656
0.0000000000
0.0000000000
-0.2258758545
-0.1129455566
-0.0857849121
0.7720947266
0.2144775391
-0.3002624512
-0.2144775391
-0.0857849121
0.1715698242
0.3431549072
-0.5349121094
0.4457702637
0.0000000000
0.3566131592
0.0891571045
-0.2674560547
0.1782989502
0.0000000000
-0.3235321045
-0.1617584229
-0.8492584229
0.0000000000
0.0404357910
0.1617584229
-0.1617584229
0.2022094727
0.2068481445
-0.3102722168
-0.1034240723
0.0000000000
-0.3102722168
0.3102722168
-0.4136962891
-0.3102722168
0.0345458984
0.0518035889
-0.0345458984
0.9843597412
0.0172729492
-0.0345458984
0.1208801270
0.0172729492
0.0451507568
0.9255981445
-0.2483367920
-0.2257537842
-0.0451507568
0.0451507568
0.0000000000
0.0903015137
0.1346282959
-0.4487609863
0.8077697754
0.0448760986
0.0897521973
0.2243804932
0.0000000000
-0.0448760986
0.0000000000
-0.8736724854
0.0727996826
-0.0727996826
0.1456146240
0.0000000000
0.0727996826
-0.1456146240
0.9209899902
-0.2878112793
0.0575561523
0.1439056396
-0.0863494873
0.0863494873
0.0575561523
0.0000000000
0.0000000000
0.0785675049
0.0000000000
-0.0785675049
0.0000000000
0.0000000000
0.0000000000
0.0000000000
0.0000000000
0.0000000000
0.3736267090
0.0000000000
0.0000000000
0.3736267090
-0.1245422363
0.0000000000
-0.1065368652
0.9765472412
-0.0532684326
0.1065368652
-0.0887756348
0.0355072021
-0.0355072021
0.0177612305
0.0000000000
-0.3359832764
0.0000000000
0.1679992676
-0.1119995117
0.6159820557
0.2239990234
0.5599822998
-0.1106262207
0.2212371826
-0.0553131104
-0.2212371826
-0.2212371826
-0.3318634033
-0.7743530273
-0.1659393311
-0.1549530029
0.0774688721
-0.1549530029
-0.4261169434
-0.3099060059
-0.6972808838
0.1936798096
0.3099060059
-0.0402832031
0.6444244385
0.3222198486
0.0805511475
-0.5236053467
0.2819366455
0.1611022949
0.2013854980
-0.1724090576
0.1724090576
0.5172424316
0.0862121582
-0.6034545898
-0.0862121582
-0.0862121582
-0.1724090576
0.7529602051
-0.0836639404
0.3764801025
-0.0836639404
0.1673278809
-0.3764801025
0.2091522217
0.0836639404
-0.0755920410
-0.0503997803
0.9070739746
0.3023529053
0.2015686035
0.0251922607
0.0000000000
-0.1259765625
-0.2468566895
-0.1234283447
0.1234283447
0.3703002930
0.1234283447
-0.2468566895
-0.1234283447
0.1234283447
-0.0950469971
0.0475158691
0.2138519287
-0.0712890625
0.0950469971
0.0475158691
-0.9504547119
-0.0712890625
0.0000000000
0.2320098877
0.0000000000
-0.2320098877
0.0000000000
-0.5800018311
0.1159973145
0.1159973145
0.0912322998
0.9123229980
-0.1368560791
-0.0456237793
-0.1824645996
0.0456237793
0.0456237793
-0.1824645996
0.0000000000
0.2498626709
-0.1249389648
0.0000000000
0.1249389648
0.1249389648
-0.2498626709
-0.2498626709
-0.1659088135
0.0000000000
0.0829620361
0.2488708496
-0.1659088135
0.1659088135
0.6636657715
0.4147949219
0.3607940674
0.2705993652
0.2705993652
0.1804046631
0.0000000000
0.3607940674
-0.4510040283
0.2705993652
0.0000000000
0.0000000000
0.3170166016
-0.5434570312
-0.0452880859
-0.6340332031
-0.1811523438
-0.3170166016
0.1249389648
-0.1249389648
0.2498779297
0.1249389648
0.1249389648
0.0000000000
0.0000000000
-0.3748321533
0.5843048096
0.1298370361
0.2596893311
-0.1947631836
-0.4544525146
-0.1298370361
-0.2596893311
-0.3246154785
-0.2897949219
-0.4347076416
0.5796051025
-0.2897949219
-0.2415008545
0.0482940674
0.1448974609
-0.3863983154
0.2438964844
0.3658599854
0.1219482422
-0.3658599854
0.0000000000
0.1219482422
0.1219482422
0.0000000000
-0.2178497314
0.2178497314
-0.1452331543
-0.7987823486
0.0000000000
0.0000000000
-0.1452331543
-0.2178497314
0.2118530273
0.5649261475
0.0706176758
-0.2118530273
-0.4237060547
-0.2824707031
0.2824707031
0.2824707031
-0.2357025146
0.1178436279
0.0000000000
0.1178436279
0.0000000000
-0.1178436279
0.1178436279
0.0000000000
-0.1006622314
-0.1342010498
-0.9059143066
0.0000000000
0.0671081543
0.1342010498
0.0335540771
0.3019714355
0.3352050781
0.0000000000
-0.1117401123
-0.1117401123
0.3352050781
0.3352050781
-0.3352050781
-0.2234802246
0.0466308594
0.1165924072
-0.0466308594
0.9793548584
-0.0233154297
0.0466308594
0.0466308594
-0.0233154297
0.0000000000
0.9726104736
-0.1736755371
-0.1042022705
0.0000000000
0.0173645020
-0.0173645020
0.0521087646
-0.0986938477
-0.7401885986
0.3454132080
0.1480407715
0.2467346191
-0.0493469238
0.3947601318
-0.0493469238
0.0000000000
0.0000000000
0.2393341064
0.1196746826
0.2393341064
0.0000000000
0.2393341064
-0.4786834717
0.8782958984
-0.2794494629
0.0798492432
0.1596832275
-0.1596832275
0.1596832275
0.1197662354
-0.0399169922
0.0000000000
0.0000000000
0.0000000000
-0.0785675049
0.0000000000
0.0000000000
0.0000000000
-0.0785675049
0.0000000000
0.0000000000
0.2498626709
0.1249389648
0.1249389648
0.2498626709
-0.2498626709
-0.1249389648
-0.0372772217
0.9877471924
0.0000000000
0.0931854248
-0.0372772217
0.0372772217
0.0186309814
0.0000000000
-0.1072387695
-0.3753356934
0.2144775391
0.3217163086
-0.0536193848
0.5361938477
-0.1608581543
0.5361938477
0.1674652100
0.2232971191
-0.1674652100
-0.4465942383
-0.5582427979
-0.2232971191
-0.3907623291
-0.2791137695
-0.2331695557
0.2040252686
0.0000000000
-0.3206024170
-0.1748657227
-0.7869262695
0.1457214355
0.3206024170
0.0000000000
0.6172180176
0.3798217773
-0.0474853516
-0.3798217773
0.4747772217
0.1424407959
0.0949554443
-0.0666198730
0.2664642334
0.5329437256
0.0666198730
-0.5329437256
-0.0666198730
-0.1998443604
-0.3997039795
0.3808441162
-0.2720336914
0.3808441162
-0.1632232666
0.3264312744
-0.4352416992
0.4352416992
0.1632232666
-0.0680694580
0.0000000000
0.8848876953
0.3063049316
0.2382354736
-0.1361389160
-0.0340270996
-0.0680694580
-0.1228332520
0.0000000000
0.0000000000
-0.1228332520
-0.2456817627
-0.2456817627
0.0000000000
-0.1228332520
-0.0226745605
0.0000000000
0.1133422852
0.0453338623
0.0226745605
0.1133422852
-0.9747314453
-0.0680084229
0.1071319580
0.2142791748
-0.3214111328
-0.3214111328
0.3214111328
0.1071319580
0.1071319580
-0.4285430908
0.1570739746
0.8901062012
-0.1570739746
0.1047210693
-0.1047210693
0.0523529053
0.2094421387
0.0000000000
0.0000000000
0.1150360107
0.0000000000
0.2300720215
-0.1150360107
0.0000000000
-0.1150360107
0.0000000000
-0.1093902588
0.3281707764
0.1093902588
0.1093902588
-0.1093902588
0.2187805176
0.5469665527
0.2187805176
0.1242218018
-0.1242218018
0.0000000000
0.2484588623
0.0000000000
0.2484588623
-0.3726806641
0.1242218018
-0.2037048340
0.0407409668
0.6518707275
-0.4481658936
-0.1222229004
-0.2851867676
-0.4074249268
-0.1222229004
0.1228332520
-0.1228332520
0.1228332520
0.1228332520
0.2456817627
-0.1228332520
0.1228332520
-0.1228332520
0.5544128418
0.2772064209
0.3696136475
0.0000000000
-0.1847991943
0.0000000000
0.0924072266
-0.3696136475
-0.3877716064
-0.4431610107
0.4985656738
-0.2769775391
-0.2769775391
0.1107940674
0.1661834717
-0.3323669434
0.1064758301
0.1064758301
0.1064758301
-0.1064758301
0.0000000000
0.0000000000
0.1064758301
0.0000000000
-0.2021026611
0.1010589600
0.0000000000
-0.9094696045
-0.0505218506
0.0505218506
-0.1515808105
-0.1010589600
0.5294342041
0.5294342041
-0.0756378174
0.0756378174
-0.4537963867
-0.1512603760
0.0756378174
0.0000000000
-0.1000061035
0.0000000000
0.1000061035
0.0000000000
0.0000000000
0.0000000000
-0.1000061035
0.1000061035
0.0328063965
-0.1312103271
-0.9185028076
-0.0656127930
0.0328063965
0.0984191895
0.0328063965
0.2952423096
0.1911621094
0.0000000000
0.0000000000
0.0000000000
0.5734863281
0.4779052734
0.0000000000
-0.2867431641
0.0875854492
0.0875854492
-0.0583953857
0.9634399414
-0.0291900635
0.1167755127
-0.0583953857
-0.0875854492
0.0294647217
0.9872131348
-0.1178741455
0.0147399902
0.0294647217
-0.0294647217
-0.0294647217
0.0294647217
-0.1084442139
-0.7590789795
-0.1445922852
0.1084442139
0.2530212402
-0.2168884277
0.4699096680
0.0722961426
0.0843963623
0.7595062256
0.2531738281
0.0843963623
0.0000000000
0.0843963623
0.1687774658
-0.2531738281
0.8541564941
-0.1220245361
0.0000000000
0.1627044678
-0.2847137451
0.2033691406
0.1627044678
-0.1627044678
0.0000000000
0.0000000000
0.0000000000
0.0000000000
-0.0911560059
0.0000000000
0.0911560059
-0.0911560059
0.1216278076
0.0000000000
0.2432556152
0.1216278076
0.1216278076
0.1216278076
-0.1216278076
-0.1216278076
0.0167541504
0.9881439209
0.0000000000
0.0502471924
0.0000000000
0.0669860840
0.0837402344
-0.0167541504
-0.0507812500
-0.4062805176
0.2031402588
0.4062805176
-0.0507812500
0.5078582764
-0.1523590088
0.5078582764
0.2647094727
0.0000000000
-0.2647094727
-0.3705902100
-0.7411804199
-0.1588287354
-0.1058807373
-0.2117614746
-0.1968688965
0.2531280518
0.0281219482
-0.2812500000
-0.1125030518
-0.8156280518
0.0000000000
0.3374938965
0.1150970459
0.4603881836
0.4028320312
-0.1150970459
-0.1150970459
0.6905822754
0.0000000000
0.0000000000
0.0790557861
0.2371520996
0.5533447266
0.0790557861
-0.4742889404
0.0790557861
-0.1580963135
-0.3952484131
0.2226104736
-0.4452056885
0.2226104736
-0.1669616699
0.3895568848
-0.3339080811
0.4452056885
0.3339080811
0.0000000000
-0.0925292969
0.8635864258
0.3701019287
0.2158966064
-0.1542053223
-0.0616912842
0.0616912842
-0.1237182617
-0.1237182617
0.0000000000
-0.2474365234
-0.2474365234
-0.1237182617
0.0000000000
-0.1237182617
0.0189514160
0.0189514160
0.0947723389
0.0189514160
-0.0568695068
0.0568695068
-0.9856872559
-0.0189514160
0.1249694824
0.0624847412
-0.2499237061
-0.0624847412
0.2499237061
0.6248168945
0.1249694824
-0.5623321533
0.0906677246
0.8613586426
-0.3173370361
0.2266693115
0.0453338623
-0.0453338623
0.1360015869
0.0906677246
0.0000000000
0.1113433838
0.1113433838
0.1113433838
0.0000000000
0.1113433838
-0.1113433838
0.1113433838
-0.0835266113
0.4176177979
0.3340911865
0.0000000000
-0.0835266113
0.5846557617
0.3340911865
-0.0835266113
0.0990753174
0.0990753174
0.0990753174
0.4953613281
0.2972259521
0.2972259521
-0.3963012695
0.1981506348
-0.1936798096
0.0387420654
0.6585388184
-0.5035858154
-0.1549530029
-0.2711639404
-0.3486328125
-0.0774688721
0.0000000000
0.0000000000
-0.0911560059
0.0000000000
0.0911560059
0.0000000000
0.0911560059
0.0000000000
0.3117980957
0.3117980957
0.2078704834
0.3117980957
0.1039276123
0.2078704834
0.4157409668
-0.2078704834
-0.2728424072
-0.2728424072
0.7093658447
-0.3819732666
-0.2182617188
0.0545654297
0.1636962891
-0.1636962891
0.0000000000
0.0000000000
0.0000000000
0.0000000000
0.0000000000
0.0000000000
0.0588226318
0.0000000000
-0.1003112793
0.0334320068
0.0334320068
-0.9697418213
-0.0334320068
0.0668792725
-0.0668792725
-0.0334320068
0.3062896729
0.8678283691
-0.1020965576
0.1020965576
-0.2041931152
0.0510559082
0.0000000000
-0.0510559082
-0.1199951172
0.1199951172
0.0000000000
0.0000000000
0.1199951172
0.1199951172
-0.2400054932
0.1199951172
0.0653991699
-0.1961975098
-0.8828582764
-0.1307983398
0.0000000000
0.0980987549
-0.0980987549
0.3269805908
0.1945648193
-0.0972900391
-0.0972900391
-0.1945648193
0.4864349365
0.2918548584
-0.0972900391
-0.4864349365
0.0263061523
-0.0526123047
-0.0789184570
0.9732818604
0.0263061523
0.0789184570
0.0526123047
-0.1052246094
0.0401153564
0.9896545410
-0.0668640137
0.0668640137
-0.0267486572
-0.0534973145
0.0000000000
0.0267486572
-0.1590576172
-0.7555236816
-0.1192932129
0.0000000000
0.1590576172
-0.2783508301
0.3976440430
0.2783508301
0.1699676514
0.7648468018
0.2549438477
0.0000000000
-0.0849761963
0.1699676514
0.0849761963
-0.1699676514
0.8543701172
-0.0449676514
0.0449676514
0.0899353027
-0.2698059082
0.1349029541
0.2248382568
-0.2248382568
-0.1228332520
-0.1228332520
0.0000000000
-0.2456817627
-0.1228332520
0.0000000000
0.0000000000
0.2456817627
0.3117980957
0.1039276123
0.1039276123
-0.3117980957
-0.2078704834
-0.4157409668
0.0000000000
-0.4157409668
-0.0097656250
0.9967498779
-0.0195465088
0.0097656250
0.0000000000
0.0195465088
0.0097656250
-0.0488586426
0.0756378174
-0.0378112793
-0.3970642090
0.8886718750
0.0567169189
-0.0189056396
0.1134490967
-0.1323547363
0.1963500977
0.0392761230
-0.1178131104
-0.0785369873
-0.9425048828
0.0392761230
0.0000000000
0.0000000000
-0.0276336670
0.1933898926
0.1381378174
-0.1381378174
-0.3315277100
-0.8840637207
-0.0276336670
-0.0828857422
0.2674560547
0.2674560547
0.2674560547
0.5349121094
-0.0891571045
0.2674560547
0.2674560547
0.2674560547
-0.1398620605
-0.1398620605
0.2097930908
-0.0699310303
-0.7692108154
0.0000000000
-0.2797088623
-0.2797088623
0.9471435547
-0.0344390869
0.2066497803
-0.0172271729
-0.1377716064
-0.1205444336
-0.0344390869
0.1205444336
-0.0411224365
0.0137023926
0.9458160400
0.3015594482
0.0137023926
0.0548248291
0.0411224365
0.0411224365
-0.0898437500
-0.2695465088
0.1796875000
0.2695465088
0.4492340088
0.5390777588
0.0898437500
0.1796875000
-0.0486755371
0.0364990234
0.0608367920
0.0608367920
0.0730133057
0.0608367920
-0.9856109619
-0.0608367920
-0.2099609375
0.0000000000
0.4199066162
0.1049804688
0.2099609375
0.2099609375
-0.3149414062
-0.4199066162
0.0296478271
0.9783325195
-0.1334075928
0.0592956543
-0.0296478271
0.0444641113
0.0000000000
-0.1037597656
0.0000000000
0.0000000000
0.0000000000
0.1150360107
0.0000000000
0.1150360107
0.1150360107
-0.2300720215
-0.2320098877
-0.2320098877
0.0000000000
0.2320098877
-0.2320098877
-0.1159973145
0.3480072021
0.3480072021
0.3828125000
0.3445281982
0.4976501465
0.0000000000
0.1148376465
0.4976501465
-0.4210968018
0.0382843018
-0.1252136230
-0.1252136230
0.1252136230
-0.5634307861
-0.3130187988
-0.5008239746
-0.1252136230
-0.3756256104
-0.1237182617
0.0000000000
0.0000000000
0.0000000000
-0.1237182617
0.0000000000
0.1237182617
-0.3711547852
0.8999481201
0.0857086182
-0.1285705566
-0.2142791748
-0.0428619385
0.1714172363
0.1714172363
0.0000000000
-0.1530761719
-0.0850372314
0.9354248047
-0.2551116943
0.0680236816
0.0000000000
0.0340118408
-0.1190490723
0.2400054932
-0.1199951172
0.1199951172
0.0000000000
0.1199951172
0.1199951172
0.1199951172
0.0000000000
0.0273590088
-0.0820617676
-0.0957336426
-0.9847259521
0.0136718750
0.0273590088
0.0820617676
0.0000000000
-0.0325164795
0.9917602539
0.0650329590
-0.0325164795
0.0162658691
0.0000000000
-0.0162658691
0.0325164795
-0.4995727539
0.4995727539
0.0499572754
0.4496154785
0.1498718262
-0.2497863770
0.2997436523
0.1998291016
-0.0711517334
-0.4268798828
0.4980163574
-0.1422882080
0.0000000000
-0.2134399414
0.0711517334
-0.5691680908
-0.1863403320
-0.5590209961
0.0931701660
0.0931701660
-0.2795104980
0.1863403320
0.0000000000
-0.4658508301
0.0550994873
-0.0413360596
-0.0137786865
0.9918975830
0.0413360596
-0.0550994873
-0.0137786865
0.0137786865
-0.0611419678
0.9905242920
-0.0611419678
0.0000000000
0.0000000000
-0.0733795166
0.0244598389
0.0244598389
0.1738433838
-0.3476867676
0.7822875977
0.1738433838
0.0000000000
0.4056243896
0.0869140625
-0.0869140625
0.1642608643
-0.7391815186
-0.1642608643
-0.3285217285
-0.0821380615
0.0000000000
0.1642608643
-0.1642608643
0.9346771240
-0.2403411865
-0.0267028809
0.1068267822
-0.0534057617
0.0801086426
0.1335296631
-0.0801086426
0.0000000000
-0.1064758301
-0.1064758301
-0.1064758301
0.0000000000
0.1064758301
0.0000000000
0.1064758301
0.3281707764
0.1093902588
0.1093902588
-0.3281707764
-0.3281707764
0.0000000000
0.1093902588
-0.4375762939
-0.0298461914
0.9946899414
-0.0397949219
0.0298461914
-0.0298461914
0.0397949219
0.0000000000
-0.0397949219
0.0373535156
-0.0747070312
-0.3548431396
0.9151153564
-0.0186767578
0.0000000000
0.1120605469
-0.0747070312
0.2298583984
0.0383148193
-0.1149291992
-0.1149291992
-0.9194183350
0.0383148193
-0.1532287598
0.0383148193
-0.0809631348
0.2428741455
0.0809631348
-0.1889038086
-0.2698516846
-0.8905334473
0.0000000000
0.0539703369
0.1762847900
0.3525543213
0.0000000000
0.5288391113
0.1762847900
0.2644195557
0.2644195557
0.3525543213
-0.1681976318
-0.1681976318
0.2522888184
0.0000000000
-0.6727905273
0.0840911865
-0.2522888184
-0.3363952637
0.9355163574
-0.0467834473
0.2572631836
-0.0233917236
-0.0467834473
-0.1637115479
0.0233917236
0.0935516357
-0.0757446289
0.0303039551
0.9392852783
0.3029937744
0.0605926514
0.0605926514
0.0605926514
0.0303039551
0.0000000000
-0.1576080322
0.2364196777
0.5516510010
0.4728393555
0.3940429688
0.0000000000
0.1576080322
-0.0731506348
0.0609588623
0.1341094971
0.0487670898
0.0365753174
0.0609588623
-0.9753112793
-0.0975341797
0.1166229248
0.0000000000
0.1166229248
0.3498535156
0.3498535156
0.1166229248
-0.2332305908
-0.3498535156
0.0352172852
0.9684906006
-0.1408691406
0.0528259277
-0.0176086426
0.0880432129
0.0176086426
-0.1408691406
0.1247253418
0.1247253418
0.0000000000
0.1247253418
0.0000000000
0.1247253418
0.1247253418
-0.3741607666
-0.1034240723
-0.3102722168
0.1034240723
0.1034240723
-0.2068481445
0.0000000000
0.5171051025
0.4136962891
0.3036804199
0.3036804199
0.4251556396
0.0607299805
0.1214752197
0.4251556396
-0.5466308594
0.1214752197
-0.1106262207
-0.1106262207
0.3318634033
-0.6637268066
-0.2765502930
-0.2212371826
0.0553131104
-0.4424896240
-0.1245422363
0.1245422363
-0.1245422363
0.0000000000
0.0000000000
0.0000000000
0.0000000000
-0.4981536865
0.9248962402
0.0880889893
-0.0880889893
-0.1321258545
0.0440368652
0.1761779785
0.0880889893
-0.0880889893
-0.1169891357
-0.0974884033
0.9359588623
-0.2729797363
0.0780029297
0.0780029297
0.0195007324
-0.0390014648
0.1228332520
0.1228332520
0.1228332520
-0.1228332520
0.1228332520
0.1228332520
0.2456817627
0.1228332520
0.0304718018
-0.0304718018
-0.0761718750
-0.9902038574
0.0152282715
0.0457000732
0.0457000732
0.0000000000
-0.0152435303
0.9911193848
0.0152435303
-0.0609893799
-0.0609893799
-0.0457458496
0.0000000000
0.0152435303
-0.4391479492
0.5123443604
0.0731964111
0.4391479492
0.2195739746
-0.2195739746
0.2195739746
0.1463775635
-0.1019134521
-0.4076843262
0.1019134521
-0.1019134521
0.1019134521
-0.2038421631
0.0000000000
-0.6115264893
-0.1208343506
-0.2416839600
0.0000000000
0.1208343506
-0.2416839600
0.2416839600
-0.2416839600
-0.3625183105
0.0319824219
0.0000000000
-0.0159912109
0.9915161133
0.0000000000
-0.0799560547
0.0319824219
0.0000000000
-0.0218048096
0.9922943115
-0.0872344971
-0.0327148438
0.0109100342
-0.0327148438
-0.0109100342
0.0327148438
0.0299835205
-0.5097351074
0.7796020508
0.1199340820
0.0599670410
0.2698669434
0.0899505615
-0.0599670410
0.1049804688
-0.6298675537
-0.1049804688
-0.3149414062
0.1049804688
0.1049804688
0.1049804688
-0.2099609375
0.9079284668
-0.3404693604
-0.0283660889
0.1134948730
-0.0567474365
0.0567474365
0.1134948730
-0.0283660889
-0.1064758301
-0.1064758301
0.0000000000
-0.1064758301
0.0000000000
-0.1064758301
-0.1064758301
0.0000000000
0.3117980957
0.1039276123
0.2078704834
-0.2078704834
-0.3117980957
0.4157409668
0.2078704834
-0.3117980957
-0.0422668457
0.9933319092
-0.0422668457
0.0211334229
-0.0528411865
0.0317077637
0.0105743408
-0.0422668457
0.0191040039
-0.0955200195
-0.3056640625
0.9360809326
-0.0382080078
0.0191040039
0.0764160156
-0.0382080078
0.2273712158
0.0757904053
-0.1136779785
-0.2652587891
-0.8715667725
0.0000000000
-0.2273712158
-0.0378875732
-0.1185760498
0.2134246826
0.0474243164
-0.2608642578
-0.1897125244
-0.8774414062
-0.0237121582
0.2134246826
0.2770385742
0.4848175049
0.1385192871
0.2770385742
-0.1385192871
0.4155578613
0.3462982178
0.3462982178
-0.0995330811
0.0000000000
0.3981323242
0.0995330811
-0.5971984863
0.0995330811
-0.0995330811
-0.2985992432
0.8824768066
-0.0980529785
0.3186798096
-0.0735473633
0.0490264893
-0.1961059570
0.1225738525
0.1716003418
-0.0634002686
0.0000000000
0.9352111816
0.3170166016
0.0634002686
0.0792541504
0.0475463867
-0.0158538818
0.0990753174
0.0000000000
0.2972259521
0.5944366455
0.3963012695
0.1981506348
0.0000000000
0.0000000000
-0.0773620605
0.0773620605
0.1418457031
0.0386810303
0.0386810303
0.0644683838
-0.9671173096
-0.1418457031
0.3825073242
0.0000000000
0.2295074463
0.2295074463
0.6120147705
-0.0765075684
-0.1529998779
-0.3825073242
0.0469512939
0.9626007080
-0.1408691406
0.0469512939
-0.0234832764
0.1408691406
0.0469512939
-0.0939178467
0.2176361084
0.2176361084
-0.2176361084
0.1088256836
0.2176361084
0.2176361084
-0.1088256836
-0.5440979004
-0.1242218018
-0.2484588623
0.2484588623
0.2484588623
-0.1242218018
0.1242218018
0.2484588623
0.1242218018
0.2763824463
0.0690917969
0.3454742432
0.2072906494
0.2763824463
0.4145812988
-0.5527648926
0.2072906494
-0.2523040771
0.0504608154
0.4037017822
-0.7064666748
-0.3027648926
-0.0504608154
-0.0504608154
-0.3027648926
0.0000000000
0.1247863770
0.0000000000
0.1247863770
0.0000000000
0.0000000000
0.0000000000
-0.4991302490
0.9239196777
0.0000000000
-0.0462036133
0.0462036133
0.0000000000
0.1385955811
-0.1385955811
-0.1847839355
-0.1182708740
-0.1182708740
0.9225311279
-0.2365417480
0.0000000000
0.1892395020
0.0946197510
0.0473022461
0.1245422363
0.2490844727
0.2490844727
-0.2490844727
0.1245422363
0.2490844727
0.0000000000
0.1245422363
-0.0160369873
0.0320739746
0.0000000000
-0.9944458008
0.0000000000
0.0160369873
-0.0320739746
0.0160369873
0.0357360840
0.9826049805
0.0000000000
-0.0714569092
-0.1071929932
-0.0714569092
0.0000000000
0.0357360840
-0.1911621094
0.5734863281
0.0955810547
0.3823242188
0.2867431641
-0.1911621094
0.1911621094
0.0000000000
-0.2199401855
-0.3299102783
-0.3299102783
-0.4398803711
0.1099700928
0.2199401855
-0.1099700928
-0.1099700928
0.2234802246
0.0000000000
0.0000000000
-0.3352050781
0.0000000000
0.3352050781
-0.4469451904
-0.2234802246
-0.0172882080
0.0691833496
0.0000000000
0.9858245850
-0.0518798828
-0.0691833496
0.0691833496
-0.0345916748
-0.0300292969
0.9910888672
-0.0901031494
0.0100097656
-0.0200195312
-0.0300292969
-0.0400390625
0.0500488281
-0.0895996094
-0.5972900391
0.7466125488
0.0000000000
0.0895996094
0.1791839600
0.0895996094
-0.0298614502
-0.1153869629
-0.2307739258
0.0000000000
-0.2307739258
0.1153869629
-0.1153869629
0.3461608887
-0.4615325928
0.8668365479
-0.3287963867
0.0298919678
0.2092437744
-0.1494598389
0.1494598389
0.1494598389
0.0000000000
0.0000000000
-0.1228332520
-0.1228332520
-0.2456817627
-0.2456817627
-0.1228332520
0.0000000000
0.0000000000
0.2449493408
0.2449493408
0.2449493408
-0.1224670410
-0.1224670410
0.3674163818
0.0000000000
-0.1224670410
-0.0323944092
0.9934539795
-0.0108032227
0.0108032227
-0.0539855957
0.0215911865
0.0215911865
-0.0647888184
-0.0184783936
-0.0924072266
-0.1847991943
0.9609680176
-0.0184783936
0.1478424072
0.0184783936
0.0000000000
0.3041992188
0.0675964355
-0.2028045654
-0.4056091309
-0.7774047852
0.0675964355
-0.1013946533
-0.2028045654
-0.1804962158
0.2206115723
0.1002807617
-0.3008422852
-0.0802307129
-0.8022308350
-0.1002807617
0.3810577393
0.3247528076
0.4639434814
0.3711547852
-0.0463867188
-0.3247528076
0.5567321777
0.1391754150
0.1855773926
0.0000000000
0.0522918701
0.5751647949
0.0000000000
-0.5751647949
0.0000000000
-0.1568603516
-0.4705810547
0.8851928711
-0.1361846924
0.2496643066
-0.0680847168
0.0680847168
-0.2269744873
0.1588745117
0.1815795898
-0.0308990479
-0.0463562012
0.9116821289
0.3863067627
0.0927124023
0.0154571533
0.0000000000
0.0000000000
0.3299102783
0.3299102783
0.0000000000
-0.1099700928
-0.2199401855
-0.3299102783
0.2199401855
-0.3299102783
-0.1014404297
0.0887603760
0.1394805908
0.0760803223
0.0507202148
0.1141204834
-0.9509582520
-0.1775207520
0.2688751221
0.0000000000
0.2151031494
0.0537719727
0.6990661621
-0.0537719727
0.0537719727
-0.5377502441
0.0798034668
0.9310455322
-0.2394104004
0.1063995361
-0.0265960693
0.1596069336
0.0798034668
0.0532073975
0.1060485840
0.1060485840
-0.2120971680
0.1060485840
0.2120971680
0.4241790771
0.0000000000
-0.5302276611
-0.0874786377
0.0874786377
0.2624511719
0.3499298096
-0.1749572754
0.5248870850
0.1749572754
-0.4374084473
0.2774047852
0.0000000000
0.2774047852
0.2219238281
0.3328857422
0.4993286133
-0.5548095703
0.1664428711
-0.3968353271
0.2164611816
0.5772247314
-0.5050659180
-0.3246917725
-0.0360717773
-0.2164611816
-0.1082305908
0.0000000000
0.1213989258
0.2428131104
0.2428131104
0.1213989258
0.0000000000
0.0000000000
-0.4856262207
0.8970489502
0.0000000000
0.0000000000
0.0944213867
-0.1888580322
0.1416320801
-0.0472106934
-0.2360687256
-0.2243347168
-0.2617187500
0.8225402832
-0.1495513916
-0.1121673584
0.2991027832
0.1121673584
0.1495513916
0.2468566895
0.2468566895
0.1234283447
-0.3703002930
0.0000000000
0.2468566895
0.0000000000
0.0000000000
-0.0617370605
0.0771789551
0.0463104248
-0.9878845215
-0.0154418945
-0.0154418945
-0.0617370605
0.0154418945
0.1325073242
0.9717712402
-0.0441741943
0.0220794678
-0.1325073242
0.0000000000
-0.0441741943
0.0220794678
-0.1990661621
0.4976654053
0.0995330811
0.3981323242
0.2985992432
-0.0995330811
0.2985992432
0.0000000000
0.0502014160
-0.2510375977
-0.8033142090
-0.2510375977
0.1004180908
0.2008361816
0.0502014160
0.3012390137
0.5135345459
0.1711730957
-0.0855865479
-0.3423614502
0.2567596436
0.1711730957
-0.3423614502
-0.3423614502
-0.0595550537
0.1389465332
0.0198516846
0.9726104736
-0.0595550537
0.0000000000
0.0198516846
-0.1190948486
-0.0391540527
0.9885253906
-0.0685119629
0.0782928467
-0.0391540527
-0.0293579102
-0.0391540527
0.0587310791
-0.1415710449
-0.7078399658
0.5662689209
0.0707855225
0.1415710449
0.1061706543
0.2831420898
-0.0353851318
0.0000000000
0.6822814941
0.0000000000
-0.1705627441
0.0000000000
-0.0852813721
0.2558593750
-0.4264221191
0.8440856934
-0.2532196045
0.0562744141
0.3094940186
-0.2250823975
0.1688232422
0.1406860352
0.0000000000
0.2486572266
-0.1243286133
-0.1243286133
-0.1243286133
-0.1243286133
0.0000000000
0.1243286133
-0.2486572266
0.1243286133
0.1243286133
0.0000000000
0.1243286133
-0.1243286133
0.2486572266
-0.2486572266
-0.1243286133
0.0225830078
0.9934082031
-0.0112915039
0.0000000000
-0.0564422607
0.0338592529
0.0451507568
-0.0451507568
-0.0177612305
-0.1065826416
-0.1776428223
0.9592437744
-0.0177612305
0.1598663330
-0.0177612305
0.0177612305
0.4077606201
0.0000000000
-0.2446594238
-0.4349517822
-0.6796112061
0.1359252930
0.0815582275
-0.2718505859
-0.2041168213
0.2412414551
0.1670074463
-0.2969055176
-0.0742187500
-0.7608184814
-0.1484527588
0.4082489014
0.3948516846
0.3071136475
0.3948516846
-0.1754913330
-0.2193603516
0.6580963135
-0.0438690186
0.1316223145
0.1128845215
0.1128845215
0.5079650879
0.0564422607
-0.5079650879
-0.0564422607
-0.1693267822
-0.5644073486
0.8079986572
-0.1795501709
0.2917785645
-0.1346588135
0.1122283936
-0.2468872070
0.2468872070
0.2468872070
0.0000000000
-0.0304718018
0.8987884521
0.4113159180
0.1066436768
-0.0304718018
0.0152282715
0.0457000732
0.3165283203
0.2110137939
-0.1055145264
-0.3165283203
-0.4220428467
-0.2110137939
0.1055145264
-0.3165283203
-0.0486450195
0.0608062744
0.0851287842
0.0729675293
0.0243225098
0.1216125488
-0.9728546143
-0.1216125488
0.2803497314
-0.0400543213
0.0800933838
0.0000000000
0.6408081055
0.1602020264
0.1201477051
-0.6408081055
0.0951995850
0.9282684326
-0.3094177246
0.0714111328
0.0000000000
0.0000000000
0.0714111328
0.0714111328
0.0000000000
0.1228332520
0.0000000000
0.0000000000
0.0000000000
0.3685150146
0.0000000000
-0.1228332520
-0.0704498291
0.2817687988
0.2817687988
0.2113342285
-0.1408843994
0.6339874268
0.2817687988
-0.3522186279
0.0993041992
-0.0496520996
0.1985931396
0.2978973389
0.2482452393
0.5461273193
-0.6454315186
0.0496520996
-0.3884582520
0.1942291260
0.6797943115
-0.3884582520
-0.3237152100
0.0647430420
-0.2265930176
-0.0647430420
0.0000000000
0.0000000000
0.1250000000
0.2500000000
0.1250000000
0.0000000000
0.1250000000
-0.3750000000
0.8758544922
0.0921936035
0.0000000000
0.1843872070
-0.1843872070
0.1843872070
0.1382904053
-0.1843872070
-0.3764495850
-0.2823333740
0.7058410645
-0.1882324219
-0.1882324219
0.2823333740
0.0470581055
0.2352752686
0.1178436279
0.1178436279
0.0000000000
-0.2357025146
0.0000000000
0.0000000000
0.1178436279
0.1178436279
-0.0424194336
0.0565490723
0.0565490723
-0.9896545410
-0.0424194336
-0.0141448975
-0.0565490723
0.0282745361
0.1270294189
0.9738616943
-0.0423431396
0.0635070801
-0.1058502197
0.0423431396
-0.0211639404
-0.0423431396
-0.1172332764
0.4689483643
0.1172332764
0.3517150879
0.1172332764
0.0000000000
0.2344665527
0.1172332764
0.0814819336
-0.2444458008
-0.8148345947
-0.2444458008
0.1222229004
0.0814819336
0.0000000000
0.3666687012
0.4106597900
0.0000000000
0.0000000000
-0.1642608643
0.3285217285
0.3285217285
-0.1642608643
-0.5749206543
-0.0406951904
0.0610504150
0.0406951904
0.9767303467
-0.0610504150
0.0406951904
0.0000000000
-0.1424407959
-0.0091400146
0.9878692627
-0.0457305908
0.1097564697
-0.0548858643
-0.0365905762
-0.0274353027
0.0457305908
-0.1524505615
-0.7622833252
0.4954833984
0.0762329102
0.1524505615
0.0381164551
0.2667999268
0.0381164551
0.0669097900
0.8698730469
0.0669097900
0.0000000000
0.0669097900
0.0000000000
0.2007446289
-0.2007446289
0.8603363037
-0.1186676025
0.0296630859
0.3560028076
-0.2373352051
0.1779937744
0.0296630859
-0.0296630859
0.1000061035
0.0000000000
0.0000000000
-0.1000061035
0.0000000000
-0.1000061035
0.0000000000
-0.1000061035
0.0000000000
0.2459411621
0.0000000000
0.1229705811
0.0000000000
0.4918823242
-0.1229705811
-0.1229705811
0.0494995117
0.9899139404
-0.0247497559
0.0123748779
-0.0494995117
0.0742492676
0.0618743896
-0.0123748779
-0.0184478760
-0.1476135254
-0.1660614014
0.9595031738
-0.0369110107
0.1291656494
0.0184478760
0.0184478760
0.4522399902
-0.0714111328
-0.1666107178
-0.3808288574
-0.6902465820
0.2142181396
0.1428070068
-0.2380218506
-0.2698822021
0.2923583984
0.2024078369
-0.3373413086
-0.0224914551
-0.6297149658
-0.2248992920
0.4722747803
0.4331970215
0.2527008057
0.3609924316
-0.1443939209
-0.0361022949
0.7220001221
-0.1443939209
0.1082916260
0.1224670410
0.1224670410
0.3674163818
0.0000000000
-0.3674163818
0.0000000000
0.0000000000
-0.2449493408
0.8485107422
-0.1591033936
0.2298126221
-0.1060638428
0.1060638428
-0.1944580078
0.2474822998
0.2651672363
0.0668334961
-0.0534667969
0.9090118408
0.3876647949
0.0802001953
0.0401000977
0.0267333984
0.0401000977
0.3726806641
0.2484588623
0.0000000000
-0.1242218018
-0.2484588623
0.0000000000
0.1242218018
-0.1242218018
-0.0319061279
0.0637969971
0.0744323730
0.0212707520
-0.0212707520
0.0637969971
-0.9889068604
-0.0531616211
0.2600708008
-0.1300354004
-0.0650177002
0.0000000000
0.4551086426
0.4876251221
0.0975189209
-0.6501617432
0.0249023438
0.9215087891
-0.3237762451
0.0498046875
0.0498046875
-0.0498046875
0.0498046875
0.1245269775
-0.0911560059
0.0000000000
0.0000000000
-0.0911560059
0.0000000000
0.0911560059
0.0000000000
0.0000000000
-0.1005401611
0.4021606445
0.3518981934
0.1508178711
-0.1508178711
0.7037811279
0.2010803223
-0.2010803223
0.0731048584
0.0365600586
0.1096649170
0.4386596680
0.3655548096
0.4386596680
-0.6214294434
0.1827697754
-0.3068389893
0.1704711914
0.6818695068
-0.4773101807
-0.3409423828
0.1022796631
-0.1363677979
-0.0340881348
0.0000000000
0.0000000000
-0.3711547852
0.1237182617
0.0000000000
0.0000000000
0.1237182617
-0.1237182617
0.7579498291
0.1421203613
0.1421203613
0.3789672852
-0.1894836426
0.1421203613
0.2368621826
-0.2368621826
-0.3726806641
-0.3194427490
0.6388702393
-0.1597137451
-0.1597137451
0.3194427490
-0.0532379150
0.3194427490
-0.1150360107
0.0000000000
0.0000000000
0.0000000000
-0.1150360107
0.0000000000
0.2300720215
0.1150360107
-0.0677185059
0.0135498047
0.0812530518
-0.9886474609
-0.0541687012
0.0000000000
-0.0406341553
0.0270843506
0.0577392578
0.9814758301
-0.0384826660
0.0192413330
-0.1154632568
0.0769805908
0.0000000000
-0.0192413330
0.1238555908
0.4954071045
0.0000000000
0.1238555908
0.1238555908
0.1238555908
-0.1238555908
0.0000000000
-0.0491638184
-0.3933410645
-0.5899963379
-0.3441619873
0.0491638184
0.2458343506
-0.1966705322
0.4425048828
0.2664337158
-0.0888061523
0.0000000000
-0.1776275635
0.3552398682
0.2664337158
-0.1776275635
-0.6216888428
-0.1111297607
-0.0666809082
0.0666809082
0.9557647705
-0.0444488525
0.0889129639
0.0889129639
-0.1778106689
0.0183715820
0.9829711914
-0.0551147461
0.1286163330
-0.0918731689
-0.0367431641
0.0000000000
0.0367431641
-0.1988220215
-0.6362304688
0.6759948730
0.0000000000
0.0795288086
-0.0397644043
0.1590576172
0.1192932129
0.0569000244
0.9103088379
0.0569000244
0.0000000000
0.1137847900
0.0569000244
0.1137847900
-0.1706848145
0.9019012451
0.0000000000
-0.0360717773
0.2886047363
-0.1803741455
0.1443023682
-0.0360717773
-0.0721588135
