0.1250000000
0.0000000000
-0.2500000000
0.1250000000
0.1250000000
0.3750000000
0.0000000000
0.0000000000
0.2629852295
-0.7012939453
0.3068084717
-0.0876617432
-0.1314849854
-0.4821319580
0.1314849854
-0.0876617432
-0.0212707520
0.9889678955
0.0212707520
-0.0212707520
-0.0531768799
0.0000000000
-0.0212707520
0.1169738770
-0.0307312012
0.0000000000
-0.5326385498
0.7272644043
0.0819396973
0.0409698486
-0.1229095459
-0.3994750977
0.0520477295
0.1301422119
-0.4164428711
0.2602691650
-0.5986328125
-0.1821899414
0.5205535889
0.2342529297
0.1875610352
-0.3751373291
-0.1563110352
0.3751373291
-0.2188262939
-0.6877441406
-0.3126068115
0.0937805176
0.2071685791
0.2071685791
-0.1553802490
-0.1294860840
-0.8804626465
0.1812744141
0.0258941650
0.2071685791
0.4199523926
0.0209960938
-0.7349090576
0.2099761963
0.0419921875
0.1889801025
-0.1049804688
-0.4199523926
0.9482116699
-0.0389709473
0.0519561768
-0.0259857178
-0.1558685303
0.1818542480
-0.1818542480
0.0129852295
-0.0087127686
-0.0435485840
0.9494781494
0.2961730957
-0.0261383057
-0.0435485840
0.0087127686
0.0609741211
-0.5806274414
-0.3029327393
0.1767120361
-0.1262207031
0.2524414062
0.4291534424
-0.5048828125
0.0252380371
-0.0088348389
-0.0353393555
-0.0971832275
-0.0265045166
-0.0618438721
-0.0441741943
-0.9894409180
0.0353393555
0.2532806396
-0.1519622803
0.8104858398
0.0000000000
0.2026214600
0.3545837402
-0.0506591797
-0.0506591797
-0.0156097412
0.9915771484
-0.1015014648
-0.0468444824
-0.0312347412
-0.0312347412
0.0078125000
0.0078125000
0.1737976074
0.0000000000
-0.1737976074
0.0579376221
0.2317199707
0.1158599854
-0.0579376221
-0.8689727783
-0.0424346924
-0.0424346924
0.0424346924
-0.0424346924
0.0848541260
0.0424346924
0.7212982178
0.6364288330
0.4037780762
0.3028411865
0.7318572998
-0.0504760742
0.0000000000
0.3028411865
-0.1766510010
0.2523651123
0.0000000000
0.1886596680
-0.3301544189
-0.4244842529
-0.3065643311
-0.1886596680
-0.4244842529
0.5895538330
0.0760650635
-0.2281951904
-0.4563751221
-0.2281951904
-0.3042602539
0.0000000000
0.1521301270
0.6085052490
0.9269256592
-0.1307220459
-0.1188354492
-0.1426086426
-0.2139129639
0.1663665771
0.0475311279
0.0950622559
0.0650634766
0.1301422119
0.9109497070
0.0813293457
-0.2277374268
-0.1138763428
0.2440032959
0.0975952148
0.0000000000
0.0000000000
-0.2405242920
0.1202545166
0.2405242920
0.3607788086
-0.3607788086
-0.1202545166
-0.0854644775
-0.0244140625
0.0854644775
-0.9766998291
-0.1220855713
-0.0122070312
-0.0854644775
0.0610504150
-0.0638885498
0.9903259277
0.0159759521
0.0319519043
0.1038208008
0.0239562988
-0.0159759521
0.0159759521
-0.3189697266
0.2686157227
0.1007232666
0.4029235840
0.3525543213
-0.4364929199
0.4532775879
0.3525543213
-0.1206970215
-0.5431518555
0.6336822510
0.0000000000
-0.1206970215
-0.0905303955
0.0603485107
0.4828033447
0.2043609619
0.1751708984
-0.0583953857
-0.2627563477
0.2627563477
-0.4963226318
-0.1459808350
-0.7006835938
-0.0287780762
0.0575714111
0.0287780762
0.9785919189
-0.0479736328
0.1151275635
-0.1343231201
-0.0287780762
-0.2247161865
0.9601745605
0.0000000000
-0.0612945557
-0.0408630371
-0.1225738525
0.0612945557
0.0000000000
0.5356445312
0.1004333496
0.2343444824
-0.2510833740
-0.0334777832
0.7364959717
-0.1673889160
0.0669555664
0.0593261719
-0.8603363037
-0.1779937744
0.1483306885
0.0296630859
-0.3560028076
0.0593261719
0.2076721191
0.9659271240
0.0928802490
0.0185699463
-0.0928802490
0.0928802490
-0.1300354004
-0.1114501953
0.0185699463
0.1159973145
0.4640045166
-0.2320098877
-0.2320098877
0.2320098877
-0.1159973145
-0.2320098877
-0.1159973145
0.2460937500
-0.6152191162
0.3691253662
-0.0820312500
-0.1640625000
-0.5742034912
0.0000000000
-0.0820312500
-0.0174407959
0.9941253662
-0.0087127686
0.0000000000
-0.0087127686
0.0000000000
-0.0348815918
0.0872039795
-0.0418701172
0.0000000000
-0.5526275635
0.7535858154
0.0669860840
0.0083770752
-0.0167388916
-0.3433074951
-0.0797119141
0.1594390869
-0.1594390869
0.2391510010
-0.7440490723
-0.1860046387
0.4517364502
0.2657318115
0.4409027100
-0.6368713379
-0.1469726562
0.4409027100
-0.1469726562
-0.1469726562
-0.2449493408
-0.0489959717
0.1023406982
0.2046813965
-0.2729034424
-0.1705627441
-0.8187255859
0.3411407471
0.0341186523
0.1364593506
0.3368530273
0.0210571289
-0.7789764404
0.1684265137
0.1263122559
0.1473693848
-0.1473693848
-0.4210662842
0.9366302490
-0.0630493164
0.0990600586
-0.0180053711
-0.1891326904
0.0990600586
-0.2431640625
0.0360260010
-0.0227966309
-0.0303955078
0.9648895264
0.2507171631
-0.0303955078
-0.0151977539
-0.0151977539
0.0379943848
-0.7209930420
-0.1201629639
0.2403259277
-0.0400543213
0.4005584717
0.3605041504
-0.3204345703
0.0200347900
-0.0696716309
-0.0232238770
-0.0232238770
0.0000000000
-0.0928955078
-0.0387115479
-0.9909362793
0.0077362061
-0.1290283203
0.0645141602
-0.1290283203
-0.3225860596
-0.6451721191
0.5161437988
0.1935577393
0.0000000000
-0.0078277588
0.9938201904
-0.0469512939
-0.0704345703
-0.0234832764
-0.0391235352
0.0312957764
-0.0078277588
0.0000000000
-0.0752105713
-0.0752105713
0.3008422852
0.3008422852
0.2256317139
0.0000000000
-0.7520904541
-0.1044311523
0.0000000000
0.0522155762
-0.1044311523
-0.1044311523
0.0522155762
0.8354644775
0.4177246094
0.4688110352
0.4427642822
0.6771697998
0.0000000000
0.0000000000
0.2604522705
-0.0520935059
0.1823120117
0.4215698242
-0.0247955322
-0.3719787598
-0.4711608887
-0.1487884521
-0.2231903076
-0.1239929199
0.5951538086
0.0000000000
0.0000000000
-0.8885040283
0.0592346191
-0.1184692383
-0.1184692383
0.1777038574
0.1777038574
0.9468994141
-0.0373840332
0.0373840332
-0.2367248535
-0.1370544434
0.0249176025
-0.1121368408
0.0872192383
0.0477752686
0.0597076416
0.9793090820
0.0238800049
-0.0477752686
-0.1433105469
0.0836029053
-0.0119476318
0.1954498291
0.1954498291
-0.3908996582
-0.1954498291
0.2931823730
0.0000000000
-0.3908996582
-0.3908996582
-0.0826416016
-0.0309906006
0.1033020020
-0.9813690186
-0.1033020020
-0.0206604004
-0.0103302002
0.0619812012
-0.0390472412
0.9916992188
-0.0078125000
0.0702819824
0.0858917236
0.0078125000
-0.0234222412
0.0078125000
-0.3969268799
0.3473052979
0.1653900146
0.4134521484
0.3142242432
-0.3638458252
0.4299926758
0.3142242432
-0.0765380859
-0.2104797363
0.9376220703
0.1148071289
-0.0382690430
-0.1722106934
0.1148071289
-0.0382690430
-0.0362243652
0.1086578369
0.0724334717
0.0724334717
0.1448669434
-0.7967987061
-0.1448669434
-0.5070495605
-0.0351104736
0.0614471436
0.0789947510
0.9830627441
0.0000000000
0.0702209473
-0.1141052246
-0.0438842773
-0.0638732910
0.9946136475
-0.0091247559
-0.0273742676
0.0091247559
-0.0091247559
0.0547485352
0.0000000000
0.5180664062
0.2021789551
0.4548950195
-0.1263580322
-0.0884552002
0.6317901611
-0.2274475098
-0.0631866455
0.1368255615
-0.9349365234
-0.0912170410
-0.0227966309
0.0000000000
-0.2508392334
0.0000000000
0.1368255615
0.9848022461
0.0691070557
0.0345611572
0.0000000000
0.0691070557
-0.0691070557
-0.0172729492
0.0691070557
0.1219482422
0.4878082275
-0.2438964844
-0.1219482422
0.1219482422
-0.1219482422
0.0000000000
-0.1219482422
0.3176727295
-0.4991912842
0.4084320068
-0.0907592773
-0.0907592773
-0.5899505615
0.0000000000
-0.2269134521
-0.0234375000
0.9921569824
-0.0546875000
0.0390625000
0.0156250000
-0.0078125000
-0.0468750000
0.0781250000
-0.0396728516
0.0000000000
-0.5236968994
0.7934722900
0.0476074219
-0.0079345703
0.0634765625
-0.2935791016
-0.1565399170
0.1826324463
-0.0521850586
0.2087097168
-0.8348541260
-0.1043548584
0.3130645752
0.2608947754
0.4786987305
-0.3419342041
-0.0341949463
0.2051544189
0.2393493652
0.6838684082
-0.1367797852
-0.1709594727
-0.0935974121
0.0467987061
-0.5147857666
-0.2339935303
-0.3743896484
0.6551818848
-0.1403961182
0.0935974121
0.2720489502
-0.0544128418
-0.7073211670
0.2176361084
0.1360168457
0.1360168457
-0.2176361084
-0.5168914795
0.9385070801
-0.0886840820
0.0960693359
0.0147857666
-0.1551818848
0.0295562744
-0.2660369873
0.0665130615
0.0155792236
-0.0467529297
0.9819183350
0.1714477539
-0.0155792236
0.0155792236
-0.0389709473
-0.0077972412
-0.7746734619
0.0000000000
0.2702331543
0.0540466309
0.4864196777
0.2342071533
-0.1441192627
0.0360260010
-0.0619506836
-0.0232391357
-0.0077514648
-0.0077514648
-0.0929412842
-0.0464630127
-0.9913177490
0.0077514648
-0.4206085205
0.0000000000
-0.6470947266
-0.1294250488
-0.5500335693
0.1941223145
0.0647125244
-0.0970611572
-0.0157012939
0.9966735840
0.0000000000
-0.0549316406
-0.0078430176
-0.0157012939
0.0235443115
-0.0235443115
-0.0935668945
-0.0935668945
-0.0935668945
0.0935668945
0.2806854248
0.3742370605
0.0935668945
-0.6549224854
-0.0724334717
0.1448516846
0.0724334717
-0.0724334717
-0.2172851562
0.1448516846
0.7967071533
-0.2897033691
0.4729614258
0.5912017822
0.5439147949
0.1182403564
0.0473022461
0.2837829590
0.0473022461
0.1182403564
0.6772766113
-0.1026153564
-0.2257537842
-0.4104614258
-0.0205230713
-0.3078460693
0.1847076416
0.4104614258
0.0000000000
0.0580291748
-0.9284667969
0.0580291748
0.0000000000
-0.0580291748
0.0580291748
0.1160583496
0.8765411377
0.0282745361
0.1555175781
-0.2544860840
-0.1555175781
-0.1130981445
-0.3110351562
0.0424194336
0.0324401855
0.0000000000
0.9729919434
0.0108184814
0.0540618896
-0.1945953369
-0.0432434082
-0.0756835938
0.3087463379
0.2058258057
-0.3087463379
-0.1029205322
0.3087463379
-0.1029205322
-0.4116668701
-0.3087463379
-0.0295562744
-0.0196990967
0.0492553711
-0.9948883057
-0.0295562744
-0.0295562744
0.0098571777
0.0393981934
0.0078887939
0.9942169189
-0.0315551758
0.0867919922
0.0236663818
0.0078887939
-0.0078887939
0.0157775879
-0.4520111084
0.4158477783
0.1808013916
0.3796844482
0.2712097168
-0.3073577881
0.4158477783
0.3073577881
-0.0138397217
-0.0276641846
0.9544677734
0.0968322754
0.0000000000
-0.1244964600
0.0415039062
-0.2351531982
-0.0832977295
-0.0416564941
0.0416564941
0.2082519531
-0.1249542236
-0.9162902832
-0.1665954590
-0.0832977295
-0.0357971191
0.0626525879
0.0805511475
0.9845428467
0.0357971191
0.0447540283
-0.0716094971
-0.0895080566
0.0486602783
0.9926300049
-0.0097351074
-0.0389251709
0.0681152344
0.0389251709
0.0389251709
0.0000000000
0.4397888184
0.2467193604
0.5792388916
-0.0214538574
-0.1072692871
0.5363311768
-0.2467193604
-0.2145385742
0.1302032471
-0.9672698975
0.0000000000
-0.1488037109
-0.0186004639
-0.1116027832
0.0000000000
0.0372009277
0.9567260742
0.0434875488
-0.0217437744
0.0434875488
0.0652313232
-0.1087188721
0.0434875488
0.2174377441
0.1216278076
0.2432556152
0.1216278076
0.1216278076
0.1216278076
0.1216278076
0.0000000000
-0.1216278076
0.2465972900
-0.3699035645
0.3699035645
-0.0616455078
0.0000000000
-0.6781463623
0.1233062744
-0.2465972900
-0.0243988037
0.9925231934
-0.0732116699
0.0569458008
0.0081329346
-0.0081329346
-0.0325469971
0.0488128662
-0.0082855225
0.0082855225
-0.4720458984
0.8364257812
0.0579681396
0.0165557861
0.0993804932
-0.2484436035
-0.1008148193
0.1260223389
-0.0504150391
0.1512298584
-0.9073486328
0.0252075195
0.2016296387
0.2520446777
0.3756408691
-0.1988677979
-0.0441894531
0.0883789062
0.4640197754
0.7512817383
-0.1104888916
-0.0441894531
-0.1631469727
-0.1957702637
-0.6199493408
-0.1631469727
0.0978851318
0.6199493408
-0.2936553955
0.0978851318
0.4098052979
-0.0819549561
-0.4098052979
0.4507904053
0.0819549561
0.2868652344
-0.1639251709
-0.5327453613
0.9351348877
-0.0754089355
0.0527954102
0.0603332520
-0.1131286621
0.0301666260
-0.3016510010
0.0829620361
0.0572204590
-0.0953521729
0.9726257324
0.1621093750
0.0095367432
0.0953521729
0.0000000000
-0.0572052002
-0.7426605225
0.0000000000
0.2736053467
0.1368103027
0.5472259521
0.1758880615
-0.0781707764
0.0781707764
0.0000000000
0.0000000000
-0.0233306885
-0.0233306885
-0.0621948242
-0.0466461182
-0.9951782227
0.0233306885
-0.4933929443
-0.0493316650
-0.7647552490
-0.0986785889
-0.3207092285
0.1233520508
0.0000000000
-0.1480102539
-0.0159606934
0.9973602295
-0.0319213867
-0.0398864746
0.0159606934
0.0000000000
-0.0079803467
-0.0079803467
-0.1009521484
0.2019042969
-0.2019042969
-0.2019042969
0.3028411865
0.2019042969
0.0000000000
-0.6056976318
-0.0533905029
0.3203430176
0.0533905029
0.0000000000
-0.2135620117
0.4271240234
0.5339050293
-0.5339050293
0.4532470703
0.5665588379
0.5438995361
0.1133117676
0.1133117676
0.3172760010
-0.0453186035
0.1813049316
0.7332458496
-0.0431365967
-0.1509552002
-0.3450622559
-0.0431365967
-0.4528808594
0.1725311279
0.2587890625
-0.0823974609
0.0823974609
-0.8240356445
0.0823974609
0.0000000000
0.0000000000
0.0823974609
0.2472076416
0.7971649170
0.0318908691
0.0956573486
-0.1913146973
-0.3348083496
-0.1594390869
-0.4145202637
-0.0159454346
0.0595550537
-0.0595550537
0.9410705566
0.0833892822
0.0952911377
-0.2263336182
-0.1548614502
-0.1072082520
-0.1250000000
0.1250000000
-0.2500000000
-0.1250000000
0.2500000000
0.2500000000
-0.1250000000
0.0000000000
0.0207672119
-0.0103759766
0.0103759766
-0.9968109131
0.0207672119
-0.0415344238
0.0000000000
0.0103759766
0.0262908936
0.9900817871
-0.0525665283
0.1051483154
-0.0175170898
0.0350494385
0.0000000000
0.0350494385
-0.4913024902
0.4689788818
0.2009887695
0.3573150635
0.1563262939
-0.2903137207
0.4019775391
0.2903137207
0.0122833252
0.0737152100
0.9460144043
0.0614318848
0.0000000000
-0.0614318848
-0.0122833252
-0.2948608398
0.2157135010
-0.0539245605
-0.1617889404
-0.2696533203
0.0000000000
-0.8628845215
-0.1078643799
0.0000000000
-0.0260162354
0.0433502197
0.0260162354
0.9884338379
0.0260162354
0.0606994629
-0.0173339844
-0.1127166748
0.0795288086
0.9883728027
0.0227203369
-0.0681610107
0.0454406738
0.0454406738
0.0568084717
-0.0113677979
0.3605346680
0.2610778809
0.6589050293
-0.0124359131
-0.1616210938
0.4599914551
-0.2735137939
-0.2237854004
0.0468597412
-0.9685058594
0.0312347412
-0.1874542236
0.0312347412
-0.0937194824
0.0468597412
-0.0624847412
0.8676605225
0.0271148682
-0.1626892090
0.0000000000
0.1898040771
-0.1898040771
0.0000000000
0.3524932861
0.1178436279
0.0000000000
0.1178436279
0.1178436279
0.0000000000
0.2357025146
0.0000000000
-0.1178436279
0.2089080811
0.1044464111
0.2089080811
0.0000000000
0.0000000000
-0.6267242432
0.1044464111
-0.3133544922
-0.0100250244
0.9930877686
-0.0702209473
0.0401306152
0.0100250244
-0.0200653076
-0.0300903320
0.0501556396
0.0000000000
0.0000000000
-0.4231567383
0.8745269775
0.0470123291
0.0376129150
0.1034393311
-0.1974792480
-0.0743713379
0.0495758057
0.0495758057
0.0991668701
-0.9668273926
0.0991668701
0.0000000000
0.1239471436
0.2266235352
-0.1359710693
0.0000000000
0.0226593018
0.6118774414
0.7251892090
-0.0679931641
-0.0906524658
-0.1570739746
-0.4188537598
-0.5497436523
-0.1047210693
0.4450378418
0.4712066650
-0.2094268799
0.0261840820
0.5943450928
0.1320800781
-0.0660400391
0.5283050537
0.0660400391
0.2641448975
0.1320800781
-0.3301849365
0.9491577148
-0.0632781982
0.0105438232
0.0738220215
-0.0527343750
0.0632781982
-0.2742004395
0.0632781982
0.0132141113
-0.1189422607
0.9383544922
0.1850280762
-0.0132141113
0.2114562988
0.0792999268
-0.1189422607
-0.6734313965
0.0918273926
0.2448883057
0.2142791748
0.6122131348
0.0918273926
-0.0612182617
0.1224365234
0.0000000000
0.0332183838
0.0110778809
-0.0110778809
0.0000000000
-0.0332183838
-0.9967498779
0.0110778809
-0.4192657471
0.0233001709
-0.8385314941
-0.0931701660
-0.1863403320
0.2329254150
0.0233001709
-0.0698852539
-0.0399322510
0.9883117676
-0.1098175049
-0.0598907471
0.0399322510
-0.0199584961
-0.0199584961
-0.0199584961
0.0000000000
0.2494506836
-0.1247253418
-0.2494506836
0.1247253418
0.0000000000
0.0000000000
-0.2494506836
-0.1402435303
0.2337341309
0.2804870605
0.0934906006
-0.2337341309
0.6544647217
0.4207305908
-0.3272247314
0.4263305664
0.5160827637
0.5160827637
0.1795043945
0.2468261719
0.3365783691
-0.1121978760
0.2243804932
0.7467651367
0.0287170410
-0.1148834229
-0.2872161865
-0.1148834229
-0.5457153320
0.0287170410
0.0861663818
-0.2381439209
-0.1190643311
-0.4762878418
0.0000000000
0.2381439209
0.0000000000
0.1190643311
0.2381439209
0.7343597412
0.0000000000
-0.1611938477
-0.1074676514
-0.5552520752
-0.0179138184
-0.3224029541
-0.0179138184
0.0801391602
-0.0961761475
0.9136657715
0.1923522949
0.1282348633
-0.1763153076
-0.2244110107
-0.0801391602
-0.2456817627
0.0000000000
0.0000000000
0.1228332520
0.0000000000
0.2456817627
0.1228332520
0.1228332520
0.0355682373
0.0118560791
-0.0118560791
-0.9959106445
-0.0237121582
-0.0355682373
-0.0118560791
0.0118560791
-0.0098419189
0.9933929443
-0.0491790771
0.0590209961
-0.0098419189
0.0196685791
0.0098419189
0.0590209961
-0.5339813232
0.4577026367
0.1525726318
0.3051300049
0.0381469727
-0.3051300049
0.4195556641
0.2669982910
0.0149688721
0.1796112061
0.9129943848
0.0149688721
0.0598754883
-0.0598754883
-0.0299377441
-0.3442382812
0.2959136963
0.0000000000
-0.2959136963
-0.5918273926
0.4438781738
-0.2959136963
-0.0739746094
0.0000000000
0.0082855225
0.0082855225
0.0082855225
0.9948577881
0.0165863037
0.0414581299
-0.0165863037
-0.0746154785
0.0944366455
0.9847717285
0.0404663086
-0.0539550781
0.0134887695
0.0674438477
0.0674438477
-0.0404663086
0.1886749268
0.2672882080
0.7075347900
-0.0628967285
-0.2672882080
0.4402465820
-0.3301849365
-0.0786132812
-0.0155944824
-0.9667358398
-0.0155944824
-0.1403350830
0.0623626709
-0.1247406006
0.0779571533
-0.1091461182
0.8685607910
0.0000000000
-0.0620422363
0.0000000000
0.2481536865
-0.0930633545
-0.1551055908
0.3412170410
0.0000000000
-0.0911560059
0.0911560059
0.0000000000
0.0000000000
0.0000000000
0.0911560059
0.0000000000
0.0000000000
0.2432556152
-0.1216278076
-0.1216278076
-0.1216278076
-0.1216278076
0.1216278076
-0.1216278076
0.0272064209
0.9929351807
0.0000000000
0.0135955811
0.0135955811
-0.0272064209
-0.0408020020
0.0680084229
-0.0133972168
-0.0133972168
-0.3348541260
0.9241943359
0.0267944336
0.0267944336
0.0669708252
-0.1473388672
-0.0522155762
0.0000000000
0.2349700928
0.0783233643
-0.9398498535
0.1305389404
-0.1044311523
0.0522155762
0.1256561279
-0.0314178467
0.0000000000
0.0314178467
0.7225494385
0.5968933105
-0.0942382812
-0.2513275146
-0.0577087402
-0.4039459229
-0.4616394043
0.0000000000
0.6059112549
0.4616394043
-0.1154174805
0.0000000000
0.1184692383
0.2369232178
0.2369232178
0.2369232178
-0.4738464355
-0.1184692383
0.1184692383
0.0000000000
0.9821624756
-0.0172271729
-0.0172271729
0.0172271729
0.0861511230
0.0516967773
-0.1206207275
-0.0172271729
0.0000000000
-0.1113739014
0.8910217285
0.1484985352
-0.0928192139
0.2970123291
0.1484985352
-0.2041931152
-0.5285034180
0.1761627197
0.2348937988
0.0587158203
0.7046661377
0.0587158203
-0.0587158203
0.1174468994
-0.0278778076
0.0696868896
0.0696868896
0.0278778076
0.0000000000
-0.0139312744
-0.9895477295
-0.0557556152
-0.3530578613
0.1765289307
-0.7943878174
-0.0882720947
-0.0588378906
0.4118957520
0.0588378906
-0.0294189453
-0.0405426025
0.9864807129
-0.1216278076
-0.0540466309
0.0270233154
-0.0135192871
0.0270233154
0.0000000000
-0.0911560059
0.0000000000
-0.0911560059
0.0000000000
0.0000000000
0.0000000000
0.0000000000
-0.0911560059
-0.1476135254
0.1107025146
0.3690185547
0.1476135254
-0.2214050293
0.7380371094
0.4059143066
-0.0738067627
0.4622955322
0.5109558105
0.4379577637
0.2189788818
0.3406372070
0.3162994385
-0.1459808350
0.1703186035
0.7093811035
0.0746765137
0.0373382568
-0.3360290527
-0.1493377686
-0.5227050781
-0.1866760254
-0.0373382568
0.0000000000
0.0000000000
-0.0911560059
0.0000000000
0.0000000000
0.0000000000
0.0911560059
0.0911560059
0.6228637695
0.0000000000
-0.3013763428
-0.1004638672
-0.6831359863
0.1004638672
-0.1406402588
0.0401916504
0.0958862305
-0.1438293457
0.8869628906
0.2157440186
0.2397155762
-0.0719146729
-0.2157440186
-0.0958862305
0.0000000000
-0.2300720215
0.0000000000
0.1150360107
0.1150360107
0.1150360107
0.0000000000
0.0000000000
0.0279998779
-0.0140075684
-0.0420074463
-0.9940948486
-0.0420074463
-0.0279998779
0.0000000000
0.0140075684
-0.0278778076
0.9899291992
-0.0418243408
0.0418243408
-0.0278778076
-0.0278778076
0.0697174072
0.0557708740
-0.4357910156
0.1743164062
-0.0871582031
0.2614746094
-0.0871582031
-0.3486328125
0.4357910156
0.3486328125
-0.0235290527
0.3059692383
0.8237762451
0.0470733643
0.1647491455
-0.1412200928
0.0000000000
-0.4001159668
0.3411407471
0.0852813721
-0.1705627441
-0.5970001221
0.4264221191
0.1705627441
0.0000000000
-0.1705627441
0.0276641846
-0.0092163086
0.0092163086
0.9961700439
0.0184478760
0.0276641846
-0.0276641846
-0.0461120605
0.0699005127
0.9786834717
0.0000000000
0.0000000000
-0.0349578857
0.1223297119
0.1048583984
0.0174713135
0.0429382324
0.2575988770
0.7083892822
-0.0858612061
-0.3434600830
0.4293212891
-0.3219909668
0.0429382324
-0.0461273193
-0.9686279297
-0.0691833496
-0.0691833496
0.0230560303
-0.1383819580
0.0691833496
-0.0922546387
0.9286956787
-0.0898742676
0.0000000000
-0.0299530029
0.1497955322
-0.0299530029
-0.1797485352
0.2097015381
-0.1202545166
0.4810485840
-0.1202545166
0.0000000000
0.3607788086
0.0000000000
-0.1202545166
0.0000000000
0.3227386475
-0.5647888184
0.2420501709
-0.1613616943
-0.3630828857
-0.4034271240
0.3227386475
-0.2017059326
-0.0378875732
0.9849853516
0.0568237305
0.0000000000
0.0568237305
0.0378875732
0.0757751465
0.0568237305
0.0519256592
0.0000000000
-0.6101226807
0.5452270508
0.2336730957
-0.1038513184
-0.0259704590
-0.5062713623
-0.4510803223
0.4510803223
-0.0966644287
0.2255401611
0.1933135986
-0.0966644287
0.6443939209
0.1933135986
-0.0626525879
0.0313262939
0.0626525879
0.5638122559
0.0000000000
-0.7204132080
0.1566162109
-0.3132324219
0.1689453125
0.2815856934
-0.1407928467
-0.1407928467
-0.9010620117
0.0844726562
-0.0281524658
0.0844726562
0.3854827881
0.0771026611
-0.6681671143
0.2826843262
0.1284942627
0.1027984619
-0.1798858643
-0.4882812500
0.9472198486
0.0122985840
-0.0245971680
-0.0984191895
-0.0615081787
0.2214355469
-0.1845245361
0.0245971680
0.0288543701
-0.2019653320
0.9232482910
0.3077545166
-0.0673217773
-0.0577087402
0.0096130371
0.0192413330
-0.5737304688
-0.2458801270
0.1639251709
-0.2048950195
0.3688201904
0.3278503418
-0.4917602539
0.0409851074
0.0612487793
-0.0699920654
-0.0524902344
0.0175018311
-0.0524902344
-0.0437469482
-0.9886474609
0.0612487793
0.2769165039
-0.0307617188
0.8923034668
0.0000000000
0.0000000000
0.2769165039
-0.0615386963
-0.1230773926
-0.0306091309
0.9719085693
-0.2142791748
-0.0459136963
-0.0229644775
-0.0535736084
0.0153045654
-0.0306091309
0.3057556152
0.2038421631
-0.4076843262
-0.1019134521
0.3057556152
0.2038421631
-0.1019134521
-0.4076843262
0.1576080322
-0.5516510010
-0.1576080322
-0.1576080322
0.1576080322
-0.4728393555
0.0788116455
0.3940429688
0.3215332031
0.3858337402
0.7395324707
0.0000000000
0.0964660645
0.1929168701
-0.2893829346
0.1929168701
0.1967926025
0.1124572754
-0.6184997559
-0.3373718262
-0.2530212402
-0.4217071533
-0.0843353271
0.4217071533
0.0000000000
0.0539245605
-0.5932312012
-0.1078643799
-0.3235778809
0.1078643799
-0.0539245605
0.6471557617
0.8387298584
-0.0632934570
0.0791320801
-0.3323211670
-0.3323211670
0.0316467285
-0.1898956299
0.1424255371
0.0894012451
-0.0446929932
0.9609985352
0.1340942383
-0.1787872314
0.0000000000
0.0000000000
-0.0223541260
-0.1249389648
0.2498779297
0.0000000000
-0.2498779297
0.2498779297
0.0000000000
-0.2498779297
0.0000000000
-0.1676330566
-0.0838165283
0.1676330566
-0.9498748779
-0.0279388428
-0.0279388428
-0.0838165283
-0.0279388428
-0.1054229736
0.9620208740
0.0395355225
0.0527191162
0.2108612061
0.0000000000
0.0527191162
0.0790710449
-0.4203948975
0.3153076172
0.1926879883
0.4554290771
0.3328247070
-0.3853607178
0.3328247070
0.3153076172
-0.0377044678
-0.3770599365
0.7541046143
-0.0754089355
-0.0377044678
-0.3016510010
0.0377044678
0.3770599365
0.1973571777
0.1644592285
-0.1973571777
-0.0986785889
0.0986785889
-0.5591735840
-0.0657806396
-0.7236328125
-0.0118255615
-0.0236663818
0.0000000000
0.9937438965
-0.0709838867
0.0473175049
0.0000000000
0.0000000000
-0.0836944580
0.9763641357
-0.0697479248
-0.1115875244
0.0418395996
-0.0139465332
0.1115875244
-0.0418395996
0.6444702148
0.1994781494
0.1534423828
-0.1227569580
-0.0920715332
0.6291351318
-0.3068847656
-0.0153503418
0.0693511963
-0.9247131348
0.1155853271
0.0462341309
0.0924682617
-0.2543029785
0.0000000000
0.1849365234
0.9526672363
0.0433044434
0.1082611084
-0.0649566650
-0.1082611084
-0.0216522217
0.0216522217
-0.2165222168
0.1147766113
0.5738525391
-0.1147766113
-0.2295379639
0.1147766113
-0.1147766113
-0.2295379639
0.0000000000
0.3811798096
-0.4658813477
0.4235229492
-0.0847015381
-0.1694183350
-0.5505828857
0.1270599365
-0.2117614746
-0.0823211670
0.9713897705
-0.1152496338
0.0823211670
0.0000000000
0.1317138672
-0.0329284668
0.0493927002
0.0495147705
0.0198059082
-0.5843048096
0.6239166260
0.1584472656
-0.1287384033
0.1188354492
-0.4555511475
-0.5619354248
0.5027770996
0.0295715332
0.1478729248
0.0887298584
0.0295715332
0.5915069580
0.1478729248
-0.1206359863
0.1206359863
0.2814788818
0.6031799316
0.0402069092
-0.2814788818
0.4825439453
-0.4021148682
0.0945281982
0.4253845215
-0.1890563965
-0.1890563965
-0.8035125732
0.0945281982
-0.0472717285
-0.0945281982
0.3021697998
0.0000000000
-0.6647644043
0.2115173340
0.1208648682
0.0604400635
-0.2115173340
-0.5741119385
0.9377746582
0.0090179443
0.0180358887
-0.0450897217
-0.1262359619
0.1532897949
-0.2705078125
0.0541076660
-0.0173645020
-0.1475524902
0.9460449219
0.2777404785
-0.0347137451
-0.0347137451
-0.0173645020
0.0260314941
-0.7959136963
0.0000000000
0.0795898438
-0.0397949219
0.5173492432
0.1193847656
-0.1591796875
0.0000000000
0.0155792236
-0.0311431885
0.0077819824
0.0233612061
0.0000000000
-0.0233612061
-0.9967498779
0.0467224121
0.0474243164
-0.0474243164
0.7113647461
-0.3319702148
-0.4742431641
0.1896972656
-0.0948486328
-0.1896972656
-0.0534057617
0.9688110352
-0.2212219238
-0.0610351562
-0.0076293945
-0.0457763672
0.0305175781
-0.0305175781
0.2270965576
0.0000000000
-0.1135406494
0.0000000000
0.2270965576
0.2270965576
0.1135406494
-0.5677337646
0.0000000000
-0.6847076416
-0.0855865479
-0.1711730957
-0.1711730957
-0.4279479980
0.1711730957
0.0000000000
0.1811523438
0.3623046875
0.8151855469
0.0452880859
0.0000000000
0.1811523438
-0.2264404297
0.1358642578
0.5630187988
-0.1340484619
-0.4557800293
-0.3217315674
-0.0536193848
-0.4289703369
0.2681121826
0.2681121826
-0.0829467773
0.1244049072
-0.8708801270
0.0414733887
-0.1244049072
-0.0829467773
0.0000000000
0.3732299805
0.7611846924
0.0000000000
0.2151184082
-0.4467773438
-0.1654815674
-0.1158294678
-0.3474884033
0.0661926270
0.0224151611
-0.0224151611
0.9188232422
0.1568756104
-0.0672302246
-0.1120452881
-0.2689208984
-0.1568756104
0.0000000000
0.4178161621
-0.2089080811
-0.3133544922
0.2089080811
-0.3133544922
-0.3133544922
-0.2089080811
-0.1714324951
-0.0979614258
0.1469421387
-0.9551544189
-0.0489807129
0.0000000000
0.0000000000
-0.0734710693
-0.0822601318
0.9459991455
0.0411376953
0.1233978271
0.2604980469
-0.0274200439
0.0000000000
0.0822601318
-0.4977111816
0.3981781006
0.2654571533
0.4313507080
0.2820434570
-0.2986297607
0.2986297607
0.2654571533
-0.0250549316
0.0250549316
0.9019317627
0.1503143311
0.0751647949
-0.3006439209
0.1753692627
-0.1252746582
0.0530853271
0.1061859131
-0.1061859131
0.2123565674
-0.1061859131
-0.7963409424
-0.1061859131
-0.4247131348
-0.0841217041
0.0700988770
0.1121520996
0.9813385010
-0.0280456543
-0.0140228271
-0.0140228271
-0.0700988770
0.1077270508
0.9695281982
-0.0942535400
-0.1077270508
0.0807952881
0.0807952881
0.0942535400
-0.0134582520
0.5631866455
0.2873382568
0.4252624512
-0.0114898682
-0.1034393311
0.5516815186
-0.2988281250
-0.1034393311
0.0485076904
-0.9702606201
0.0646820068
-0.0161743164
0.1131896973
-0.1293640137
-0.0323486328
0.1131896973
0.9770812988
0.0434265137
0.0217132568
0.0434265137
-0.0434265137
0.0217132568
0.1085662842
-0.1085662842
0.1250000000
0.2500000000
-0.1250000000
-0.2500000000
-0.1250000000
0.0000000000
-0.1250000000
-0.2500000000
0.3975372314
-0.3533630371
0.4858856201
-0.0883483887
-0.1766815186
-0.5300598145
0.0441741943
-0.3092041016
-0.1204528809
0.9335174561
-0.2258453369
0.1656188965
-0.0301208496
0.1053924561
-0.0903472900
0.0903472900
0.0651855469
-0.0186309814
-0.5401306152
0.6798095703
0.1117553711
-0.1117553711
0.2141876221
-0.4097442627
-0.5791625977
0.4572296143
0.0304870605
0.1219329834
-0.3048248291
0.2133789062
0.4877166748
0.1828918457
0.0850830078
0.0000000000
0.2978057861
0.3828887939
0.3828887939
0.5530700684
0.4254455566
-0.2552642822
0.0758514404
0.3033905029
-0.5309295654
-0.3033905029
0.0758514404
0.3792419434
-0.3033905029
-0.3033905029
0.3323364258
0.0000000000
-0.4154205322
0.2492523193
0.0000000000
0.1246185303
-0.2907867432
-0.7062072754
0.9360198975
-0.0390014648
0.0234069824
0.0077972412
-0.1248016357
0.1013946533
-0.2964019775
0.0780029297
0.0086975098
-0.1129760742
0.9559783936
0.2607269287
0.0086975098
-0.0086975098
-0.0521392822
0.0000000000
-0.8286132812
0.0994262695
0.0994262695
0.0994262695
0.4971618652
0.0000000000
0.0000000000
0.0331420898
-0.0077819824
0.0000000000
0.0233306885
-0.0077819824
0.0544281006
-0.0388793945
-0.9953613281
0.0466613770
-0.5579376221
-0.0464935303
0.0464935303
-0.3254547119
-0.6044311523
-0.0464935303
-0.1859741211
-0.3254547119
-0.0693359375
0.9707794189
-0.2157287598
-0.0462341309
-0.0077056885
-0.0308227539
0.0154113770
-0.0308227539
-0.1178436279
0.0000000000
-0.2357025146
-0.1178436279
0.0000000000
0.1178436279
0.3535461426
-0.4714050293
-0.0951690674
-0.4758453369
0.0000000000
-0.2855072021
-0.1903381348
-0.3806762695
0.3806762695
-0.1903381348
0.0970611572
0.4852752686
0.7279052734
0.1941070557
-0.0485229492
0.2911682129
-0.1455841064
0.0485229492
0.7063903809
-0.1545257568
-0.2428283691
-0.2648925781
0.0220794678
-0.4414978027
0.3531951904
0.1103668213
-0.1318664551
0.0879211426
-0.9231109619
0.0439605713
0.0000000000
-0.0439605713
-0.0879211426
0.2197875977
0.6391906738
0.0177612305
0.2130584717
-0.4971466064
-0.1420440674
-0.1953125000
-0.4793853760
0.0177612305
-0.0536651611
-0.0804901123
0.6707458496
0.1878051758
0.0268249512
-0.2682952881
-0.5366058350
-0.3487854004
0.0000000000
0.3517150879
-0.1172332764
0.0000000000
0.1172332764
-0.3517150879
-0.3517150879
-0.2344665527
-0.0672149658
0.0000000000
0.0448150635
-0.9858093262
0.0223999023
0.0000000000
-0.0223999023
-0.0672149658
-0.0487060547
0.9417419434
0.0649414062
0.1948394775
0.2110748291
-0.0162353516
-0.0487060547
0.1136627197
-0.5340881348
0.4450836182
0.3026580811
0.3916625977
0.2136383057
-0.2492370605
0.3026580811
0.2492370605
-0.0373382568
0.2053985596
0.8589324951
0.1680603027
0.0933685303
-0.2427368164
0.1493835449
-0.2987670898
0.0785675049
0.0000000000
0.0000000000
0.4714050293
-0.0785675049
-0.6285400391
-0.0785675049
0.3928375244
-0.1732940674
0.2310638428
0.0577697754
0.9242553711
-0.0192565918
-0.0385131836
0.0192565918
-0.2118072510
0.1793975830
0.9610595703
-0.0768890381
-0.1153259277
0.0512542725
0.0768890381
0.1025085449
0.0256347656
0.4512786865
0.3139343262
0.6082458496
0.0490570068
-0.0980987549
0.4610900879
-0.2746887207
-0.1569671631
0.0139312744
-0.9888763428
0.0278625488
-0.0557098389
0.0835723877
-0.0557098389
0.0000000000
0.0417785645
0.9337463379
0.0311279297
-0.1244964600
0.0311279297
-0.0933685303
-0.0933685303
0.2489929199
0.0000000000
0.0000000000
0.1064758301
0.0000000000
0.1064758301
-0.1064758301
0.0000000000
-0.1064758301
-0.1064758301
0.1495819092
-0.2243804932
0.5235443115
-0.0747985840
-0.2243804932
-0.5983428955
0.0000000000
-0.2243804932
-0.1525878906
0.9155120850
-0.2373504639
0.2034454346
-0.0508575439
0.0678100586
-0.1186828613
0.1017303467
0.1087188721
-0.0296478271
-0.5139465332
0.7214965820
0.1087188721
-0.0592956543
0.2668609619
-0.3360443115
-0.3101959229
0.1861114502
-0.1240844727
0.1861114502
-0.7754974365
0.2481536865
0.2791748047
0.2171325684
0.2312164307
-0.2055206299
0.0000000000
0.1027679443
0.4881134033
0.7964019775
0.0000000000
0.0000000000
0.0000000000
-0.2925567627
-0.5433349609
-0.0835876465
0.5433349609
0.3343658447
-0.2507629395
-0.2925567627
0.4681701660
0.0585174561
0.1170501709
0.4096527100
-0.2340850830
0.2340850830
-0.1755676270
-0.5852203369
0.9380645752
-0.0694885254
-0.0260620117
0.0608062744
-0.0868530273
0.0781707764
-0.2953186035
0.0868530273
0.0382995605
-0.1436462402
0.9576416016
0.2202606201
0.0478820801
0.0574645996
-0.0478820801
-0.0382995605
-0.7934265137
0.0690002441
0.1724853516
0.1379852295
0.5174560547
0.0690002441
-0.0345001221
0.0690002441
-0.0094299316
0.0660400391
0.0566101074
-0.0283050537
0.0660400391
-0.0283050537
-0.9906158447
0.0471649170
-0.7363586426
0.0350646973
-0.4558410645
-0.1402587891
-0.2454528809
0.0350646973
-0.0701293945
-0.3506469727
-0.0647277832
0.9385833740
-0.3236541748
-0.0215759277
-0.0107879639
-0.0539398193
-0.0323638916
-0.0431518555
-0.3480072021
0.3480072021
-0.2320098877
-0.3480072021
0.1159973145
-0.1159973145
0.1159973145
-0.1159973145
-0.4279479980
0.2567596436
0.0855865479
-0.0855865479
-0.3423614502
0.2567596436
0.4279479980
-0.3423614502
0.2138366699
0.4989318848
0.6058502197
0.1781921387
0.0712738037
0.4276580811
-0.2138366699
0.1781921387
0.7070922852
-0.1325836182
-0.1767730713
-0.1988677979
0.0883789062
-0.5524139404
0.2872467041
-0.0220947266
-0.2447814941
0.2447814941
-0.7343444824
0.0000000000
0.0000000000
0.0815887451
0.0000000000
0.3263702393
0.6404571533
0.0000000000
0.0426940918
-0.4269714355
-0.3842773438
-0.1494445801
-0.4696655273
-0.0213470459
0.0000000000
-0.1061096191
0.1768493652
0.2475891113
0.0353698730
-0.3890686035
-0.7427673340
-0.3890686035
-0.1178436279
0.1178436279
0.0000000000
0.2357025146
0.0000000000
0.0000000000
-0.1178436279
-0.1178436279
0.0000000000
0.0402069092
-0.0402069092
-0.9851074219
0.0804138184
-0.0201110840
0.0000000000
-0.0804138184
-0.0175476074
0.9476470947
0.0526428223
0.2105865479
0.1228485107
0.0701904297
-0.0701904297
0.1403961182
-0.5382537842
0.4709777832
0.2915496826
0.3588409424
0.0897064209
-0.2467041016
0.3588409424
0.2467041016
-0.0532836914
0.2309265137
0.8348999023
0.1598663330
0.0710601807
-0.2131652832
0.0888214111
-0.3908081055
0.6155700684
0.0000000000
-0.2308349609
-0.1539001465
0.2308349609
-0.2308349609
-0.1539001465
0.4616851807
-0.2409057617
0.2810668945
-0.0200805664
0.8632659912
-0.0602264404
0.0602264404
0.0803070068
-0.3011474609
0.1056518555
0.9772338867
-0.0396118164
-0.1188507080
0.0000000000
0.0264129639
0.1056518555
0.0264129639
0.2913208008
0.3128967285
0.7444763184
0.0215759277
-0.1402587891
0.3776397705
-0.2913208008
-0.1078948975
-0.0284118652
-0.9803161621
0.0000000000
-0.0994567871
0.0710449219
-0.0994567871
0.0710449219
-0.0426177979
0.7348480225
0.0979766846
-0.3429260254
-0.0979766846
0.0489959717
-0.2939453125
0.3429260254
0.1959533691
0.0000000000
0.0000000000
-0.0785675049
0.0000000000
-0.0785675049
0.0000000000
0.0000000000
0.0000000000
0.0000000000
0.2477111816
0.2477111816
0.0000000000
0.0000000000
-0.3715667725
-0.2477111816
0.0000000000
-0.1059112549
0.9532470703
-0.1412200928
0.1412200928
-0.0353088379
0.0353088379
-0.1412200928
0.0882568359
0.1104583740
-0.0245513916
-0.4664001465
0.8100738525
0.0736389160
0.0000000000
0.2332000732
-0.2209320068
-0.1682281494
0.0000000000
-0.1345825195
0.2018890381
-0.9084625244
0.1345825195
0.0672912598
0.1682281494
0.1271972656
-0.1780853271
-0.0763244629
-0.0254364014
0.5087890625
0.8140716553
-0.0508728027
0.0254364014
0.0000000000
-0.4658966064
-0.4658966064
0.0388183594
0.6212005615
0.2329559326
-0.1941223145
-0.1941223145
0.4334411621
0.2167205811
0.4334411621
0.4334411621
-0.2889556885
0.0000000000
0.0000000000
-0.3612060547
0.9503173828
-0.0978240967
-0.0978240967
0.0838470459
0.0139770508
0.0838470459
-0.2375793457
0.0279541016
0.0259552002
-0.1686553955
0.9470825195
0.1686553955
0.0518951416
0.1427154541
-0.0129699707
-0.1297454834
-0.6538391113
0.1634521484
0.1634521484
0.1634521484
0.5993499756
0.1089782715
-0.1089782715
0.1089782715
-0.0445251465
0.0593719482
0.1335906982
0.0296783447
0.0890502930
0.0148468018
-0.9796295166
0.0296783447
-0.5629425049
0.0844421387
-0.7318267822
-0.0562896729
-0.0562896729
0.2251739502
0.0844421387
-0.2251739502
-0.0419921875
0.9239044189
-0.3639678955
-0.0139923096
0.0000000000
-0.0559997559
-0.0279998779
-0.0419921875
-0.2494506836
0.2494506836
-0.2494506836
0.0000000000
0.0000000000
-0.1247253418
0.0000000000
-0.1247253418
-0.3566284180
0.2139739990
0.2852935791
0.0000000000
-0.2852935791
0.6419219971
0.2852935791
0.0000000000
0.3070678711
0.4861907959
0.5117797852
0.1791229248
0.1023559570
0.4861907959
-0.2047119141
0.2558898926
0.6968383789
-0.1161346436
-0.2322845459
-0.1161346436
0.1161346436
-0.6097259521
0.0870971680
-0.1161346436
-0.1249389648
0.2498626709
0.0000000000
0.0000000000
0.1249389648
0.2498626709
0.1249389648
0.2498626709
0.6216735840
-0.0994720459
-0.2486724854
-0.1740722656
-0.6714019775
0.0248718262
-0.1989288330
0.0248718262
0.0479736328
-0.1439056396
-0.3357696533
0.2877960205
0.0479736328
-0.2398376465
-0.7674560547
-0.2398376465
-0.1000061035
0.0000000000
0.0000000000
0.1000061035
0.1000061035
0.0000000000
0.1000061035
0.0000000000
0.0186309814
0.0372772217
-0.0559082031
-0.9877471924
0.0000000000
-0.0745544434
0.0372772217
-0.0372772217
-0.0400085449
0.9603576660
0.0400085449
0.1600646973
0.1200408936
0.0400085449
0.0200042725
0.1400604248
-0.5607299805
0.4744567871
0.1725311279
0.3019256592
0.0000000000
-0.2156677246
0.4313354492
0.2156677246
0.0000000000
0.2885589600
0.7345123291
0.2098541260
0.1573944092
-0.3147888184
0.1049346924
-0.4197235107
0.6000061035
-0.1000061035
-0.1999969482
-0.3999938965
0.1999969482
0.1000061035
-0.1000061035
0.1000061035
-0.2077331543
0.1699523926
0.0000000000
0.9064483643
-0.0188903809
0.1133117676
0.0377655029
-0.2832641602
0.0163726807
0.9825439453
0.0000000000
-0.0818786621
-0.0491333008
0.0491333008
0.1146240234
0.0327453613
0.1235198975
0.3396606445
0.7719726562
0.0000000000
-0.1852722168
0.3242340088
-0.3551025391
-0.0154418945
-0.0893249512
-0.9647369385
-0.0357360840
-0.0893249512
0.0535888672
-0.1607818604
0.0893249512
-0.0714569092
0.8646545410
0.0000000000
-0.2305755615
-0.0576477051
0.2305755615
-0.0576477051
0.0000000000
0.1729278564
0.0000000000
0.0911560059
0.0911560059
0.0000000000
0.0000000000
0.0000000000
0.0911560059
0.0000000000
0.1113433838
0.1113433838
0.0000000000
0.1113433838
0.1113433838
0.0000000000
-0.1113433838
0.1113433838
0.0000000000
0.9822998047
-0.0350799561
0.0701599121
0.0000000000
0.0175476074
-0.1052398682
0.0877075195
0.0713348389
-0.0178375244
-0.3566894531
0.8917083740
0.0178375244
-0.0178375244
0.2140045166
-0.1248321533
-0.1851348877
-0.0740509033
0.0740509033
0.1110839844
-0.9256896973
0.1851348877
0.0370330811
0.0740509033
-0.0740509033
-0.1110839844
-0.1110839844
-0.0370330811
0.4443359375
0.8516387939
0.0000000000
-0.0370330811
0.1005401611
-0.4021606445
-0.4524383545
0.1005401611
0.6032409668
0.3518981934
-0.0502777100
-0.2010803223
0.0000000000
0.2342834473
0.5466613770
0.1561889648
-0.5466613770
-0.2342834473
0.0780944824
-0.2342834473
0.9454650879
-0.1112365723
-0.1390380859
0.0278015137
0.1946563721
0.0278015137
-0.0556182861
-0.0834197998
0.0205993652
-0.1647796631
0.9062805176
0.0617980957
0.0205993652
0.2677612305
0.0205993652
-0.2471618652
-0.5498504639
0.1099700928
0.1099700928
-0.1099700928
0.4398803711
0.0000000000
-0.1099700928
0.0000000000
-0.0379791260
0.0000000000
0.1709136963
0.0949554443
0.0949554443
0.0189971924
-0.9684753418
-0.0379791260
-0.4142456055
0.1183471680
-0.7397155762
-0.0591735840
0.0591735840
0.4438323975
0.0591735840
-0.1775360107
0.0213623047
0.9188232422
-0.3632507324
0.0427398682
0.0213623047
-0.0641021729
0.0213623047
-0.0427398682
-0.0785675049
0.0000000000
-0.0785675049
0.0000000000
0.0000000000
0.0000000000
0.0000000000
0.0000000000
-0.2286834717
0.1715087891
0.4002075195
0.0571746826
-0.1715087891
0.6860656738
0.3430328369
0.1715087891
0.4590454102
0.5556793213
0.3865661621
0.1932830811
0.1449584961
0.4107208252
-0.1208038330
0.2657623291
0.7395477295
-0.0739593506
-0.0739593506
-0.1848907471
0.1109313965
-0.5546569824
-0.1479034424
-0.1479034424
-0.1000061035
0.1000061035
-0.1000061035
0.0000000000
0.0000000000
0.1000061035
0.0000000000
0.0000000000
0.5040588379
-0.1120147705
-0.3360443115
-0.0279998779
-0.7560882568
0.1400146484
0.0000000000
0.0559997559
0.0901184082
-0.1802368164
-0.5857543945
0.1802368164
0.3153991699
-0.0450592041
-0.6308135986
-0.1351776123
0.0000000000
-0.0588226318
0.0000000000
0.0000000000
0.0000000000
0.0000000000
0.0000000000
0.0000000000
0.0186157227
-0.0372467041
-0.0558624268
-0.9868927002
-0.0372467041
-0.0744781494
0.0558624268
0.0000000000
-0.1145629883
0.9164581299
0.0572814941
0.2291107178
0.1431884766
-0.0572814941
0.1431884766
0.1431884766
-0.4697723389
0.1879119873
0.0000000000
0.1879119873
0.0000000000
-0.1879119873
0.4697723389
0.3758239746
0.0413360596
0.3719635010
0.6612548828
0.2066497803
0.2066497803
-0.4132843018
0.0413360596
-0.3306274414
0.3498535156
-0.1166229248
-0.1166229248
-0.2332305908
0.3498535156
0.3498535156
0.1166229248
0.0000000000
-0.1345062256
0.0576477051
-0.0192108154
0.9608154297
0.0192108154
0.0768585205
0.0000000000
-0.1921691895
-0.0214843750
0.9671020508
0.0000000000
0.0214843750
-0.0859680176
0.1074523926
0.1504364014
0.0859680176
0.0267333984
0.3208007812
0.7485504150
0.0267333984
-0.2138671875
0.4010009766
-0.3208007812
-0.0534667969
-0.0616607666
-0.9556579590
-0.1233062744
-0.0924835205
0.0308227539
-0.1541442871
0.0616607666
0.0000000000
0.9294128418
-0.1327667236
-0.0885162354
0.0442504883
0.0885162354
0.1327667236
-0.1327667236
0.0442504883
-0.1000061035
0.1000061035
0.0000000000
0.0000000000
0.0000000000
-0.1000061035
0.0000000000
-0.1000061035
0.4161987305
-0.3815155029
0.1387329102
-0.2774658203
-0.2774658203
-0.3468322754
0.4508819580
-0.3815155029
-0.0926971436
0.9579315186
-0.1236114502
0.1236114502
-0.0617980957
0.0617980957
0.0308990479
0.0617980957
0.1673583984
0.0557861328
-0.5950317383
0.4648742676
0.2231445312
-0.2231445312
0.1301574707
-0.5206604004
-0.4059295654
0.4961395264
-0.0902099609
0.3608245850
0.5412445068
-0.0902099609
0.1804199219
0.2255249023
0.2770385742
-0.0395812988
0.1583099365
0.5936584473
0.1978912354
-0.5936584473
-0.0395812988
-0.3166198730
-0.0673675537
-0.0673675537
-0.2020874023
-0.2020874023
-0.7409973145
-0.4041748047
-0.2020874023
-0.0673675537
0.3316040039
0.0473785400
-0.6632080078
0.3316040039
0.3789672852
0.1421203613
-0.1421203613
-0.2842254639
0.9723815918
0.0532836914
-0.0133209229
-0.0133209229
-0.0532836914
0.1198883057
-0.1598358154
0.0532836914
-0.0138397217
-0.2351531982
0.8991394043
0.3319854736
-0.0415039062
0.0829925537
0.0415039062
0.0968322754
-0.3578033447
-0.4089202881
0.2044677734
-0.0511169434
0.5111541748
0.2044677734
-0.5111541748
0.1022338867
0.0786590576
-0.0917663574
-0.0524291992
0.0524291992
0.0000000000
-0.0393218994
-0.9831848145
0.0786590576
-0.0351257324
-0.1053924561
0.9484863281
-0.1053924561
-0.0351257324
0.0702514648
0.1405181885
-0.1053924561
-0.0200500488
0.9724273682
-0.2105255127
-0.0100250244
0.0100250244
-0.0601501465
-0.0100250244
-0.0501251221
0.1135406494
0.3406372070
-0.4541778564
0.0000000000
0.2270965576
0.1135406494
0.2270965576
-0.2270965576
0.2727508545
-0.1818389893
-0.0909118652
-0.2727508545
0.2727508545
-0.5455017090
-0.2727508545
0.2727508545
0.2581176758
0.4223785400
0.6570281982
0.1407928467
0.1173248291
0.4223785400
-0.1642608643
0.2581176758
0.2149810791
0.0000000000
-0.5835113525
-0.2456817627
-0.0921325684
-0.6449279785
0.3071136475
0.0614166260
0.0000000000
0.1576080322
-0.7092590332
0.0788116455
-0.0788116455
-0.1576080322
0.0000000000
0.4728393555
0.7191162109
0.0000000000
0.0199737549
-0.2796630859
-0.4794158936
-0.0399475098
-0.3995056152
0.0199737549
0.0393981934
0.1182098389
0.9654235840
0.0985107422
-0.0393981934
0.1379241943
0.0788116455
0.0591125488
0.1129455566
0.0000000000
0.1129455566
-0.2258758545
0.0000000000
0.0000000000
-0.5646972656
-0.3388214111
-0.2410736084
-0.2410736084
0.1205444336
-0.8839416504
-0.0401763916
-0.0803527832
-0.1607208252
0.0401763916
-0.1253051758
0.8270263672
0.3508605957
-0.2255554199
0.2506103516
0.0250549316
-0.0501251221
0.2004852295
-0.5040435791
0.3830718994
0.2419433594
0.4637145996
0.2217712402
-0.3225860596
0.2822570801
0.2822570801
0.1309509277
-0.4583129883
0.5892486572
0.3273620605
0.0000000000
-0.3928375244
-0.0654754639
-0.1309509277
0.1459197998
-0.1459197998
-0.3404846191
-0.1945648193
-0.1459197998
-0.3891296387
0.1459197998
-0.7296142578
0.0142822266
-0.0285491943
0.0428314209
0.9851989746
-0.1142272949
0.0000000000
-0.0713958740
0.0428314209
-0.2168273926
0.8982849121
-0.0929260254
0.0309753418
-0.0619506836
-0.2787780762
-0.0929260254
0.1239013672
0.5367584229
0.2591247559
0.2776336670
-0.0370178223
-0.1480712891
0.6663208008
-0.2776336670
0.1110534668
0.0000000000
-0.9216003418
-0.0727539062
-0.0970153809
0.1212615967
-0.2667694092
0.0485076904
0.1697692871
0.9401702881
0.1410217285
0.1175231934
-0.1410217285
0.0470123291
0.0470123291
-0.0705108643
-0.1880340576
0.1250000000
0.1250000000
0.0000000000
-0.3750000000
0.0000000000
-0.2500000000
0.0000000000
-0.1250000000
0.4745483398
-0.3163757324
0.2372741699
-0.2768249512
-0.1977386475
-0.4745483398
0.3163757324
-0.3559112549
-0.2112274170
0.8449096680
-0.3017578125
0.3017578125
-0.0603485107
0.1508789062
-0.0603485107
0.0000000000
0.1995086670
0.0427551270
-0.5557861328
0.4702758789
0.1567535400
-0.2850189209
0.2850189209
-0.4845275879
-0.3942260742
0.5519256592
0.0394287109
0.1971130371
0.5124969482
0.1576995850
0.3942260742
0.0788421631
0.1894836426
0.0000000000
0.1894836426
0.6632080078
0.4737091064
0.0000000000
0.3316040039
-0.2842254639
-0.1437377930
-0.3593444824
-0.1437377930
-0.0718688965
0.3593444824
-0.6468353271
-0.1437377930
-0.2874755859
0.3684997559
0.0000000000
-0.6141815186
0.1842498779
0.3684997559
0.3070831299
-0.0614166260
-0.3070831299
0.9659271240
0.0219573975
0.0329284668
0.0000000000
-0.0987854004
0.0987854004
-0.1975708008
0.0548858643
-0.0736083984
-0.1717681885
0.9201965332
0.3190002441
-0.0122680664
0.0368041992
-0.0245361328
0.0981597900
-0.5957794189
-0.1489410400
0.1489410400
0.0993041992
0.6454315186
0.1489410400
-0.2482452393
0.0993041992
-0.0201110840
-0.0100555420
0.0502624512
0.0502624512
0.0100555420
-0.0201110840
-0.9952850342
-0.0100555420
-0.3286743164
0.0000000000
0.8451538086
-0.1408538818
-0.2347564697
-0.0469512939
0.0939025879
-0.1408538818
-0.0391693115
0.9695129395
-0.2252349854
-0.0195922852
0.0195922852
0.0097961426
0.0195922852
-0.0587615967
0.1093902588
0.1093902588
-0.3281707764
0.1093902588
0.0000000000
0.0000000000
0.5469665527
-0.3281707764
0.0888061523
-0.1776275635
-0.0888061523
-0.2664337158
0.0888061523
-0.5328674316
-0.5328674316
0.1776275635
0.1152191162
0.4608764648
0.6913146973
0.0576171875
0.0000000000
0.4608764648
-0.0288085938
0.2304382324
0.5045776367
-0.1201324463
-0.5045776367
-0.1922149658
0.0240325928
-0.4324951172
0.4805450439
-0.0480499268
-0.0664672852
0.0664672852
-0.8641204834
0.0664672852
0.1329345703
-0.0664672852
0.0000000000
0.2658843994
0.5848541260
0.1169738770
0.0974731445
-0.4873809814
-0.3509216309
-0.1559600830
-0.4873809814
0.0000000000
-0.0256347656
0.1794128418
0.9483489990
0.1281585693
-0.0256347656
0.1025238037
-0.1281585693
-0.0512695312
0.1019134521
0.3057556152
0.2038421631
-0.3057556152
0.1019134521
-0.2038421631
-0.4076843262
-0.4076843262
-0.3433380127
-0.4904785156
0.1961975098
-0.6866760254
-0.0980987549
0.0490417480
0.0490417480
0.1961975098
-0.0625762939
0.7823028564
0.4067993164
-0.0938720703
0.3442077637
-0.0938720703
-0.1251678467
0.1877441406
-0.5644073486
0.4476318359
0.2530059814
0.4476318359
0.1751556396
-0.2530059814
0.2530059814
0.2140808105
0.1659088135
0.0995483398
0.5972595215
0.4313507080
0.1327209473
-0.3318023682
0.2654418945
-0.4313507080
0.1955871582
-0.0652008057
-0.3911743164
-0.0652008057
-0.3259735107
-0.4563751221
0.0000000000
-0.5867614746
-0.0454101562
0.0681304932
0.1135406494
0.9764862061
0.0000000000
-0.0454101562
-0.0908355713
0.0000000000
-0.0530090332
0.9277648926
-0.1325378418
0.2120666504
0.0530090332
-0.0265045166
-0.0530090332
0.2120666504
0.4899444580
0.3639678955
0.5319519043
0.0139923096
-0.1259918213
0.4759521484
-0.3079681396
0.0279998779
0.0000000000
-0.9651184082
-0.0677337646
-0.0846557617
0.0677337646
-0.1693267822
0.0169372559
0.1185302734
0.9426574707
0.0448913574
0.0673370361
-0.1346588135
-0.0448913574
0.0000000000
0.1346588135
-0.2244415283
0.1249389648
0.1249389648
-0.1249389648
-0.3748321533
-0.1249389648
0.0000000000
0.0000000000
-0.2498779297
0.4047241211
-0.3035430908
0.4047241211
-0.2023620605
-0.2529602051
-0.5059051514
0.1011810303
-0.3541412354
-0.2781372070
0.6605682373
-0.3824310303
0.4867401123
-0.0347595215
0.2086029053
-0.1390686035
0.0000000000
0.2047729492
-0.0136566162
-0.5460510254
0.5050964355
0.0955657959
-0.2730255127
0.3685913086
-0.4231872559
-0.3349914551
0.4785614014
-0.0478515625
0.1435699463
0.3828582764
0.2871398926
0.5742797852
0.0478515625
0.1726837158
-0.1381530762
0.0000000000
0.2763061523
0.6216888428
0.6216888428
0.2417602539
0.0690765381
0.0000000000
-0.2317199707
-0.2317199707
0.1158599854
0.6951751709
-0.4055175781
0.0000000000
-0.3475952148
0.4341888428
0.0868377686
-0.1736755371
0.2605133057
0.0000000000
0.2605133057
-0.0868377686
-0.6078643799
0.9628601074
-0.0317382812
0.0529022217
0.0000000000
-0.1058044434
0.0740661621
-0.2116241455
0.0634918213
-0.0847320557
-0.1573638916
0.9200134277
0.3147430420
0.0363159180
0.0000000000
-0.0847320557
0.0968475342
-0.6610565186
0.0000000000
0.1016998291
0.2033996582
0.6102142334
0.2033996582
-0.1016998291
0.0508575439
-0.0213165283
0.0106506348
0.0959014893
0.0213165283
0.0426177979
-0.0213165283
-0.9909820557
-0.0426177979
-0.6062774658
0.2020874023
0.4715423584
-0.0673675537
-0.4041748047
-0.0673675537
-0.0673675537
-0.2020874023
-0.0266418457
0.9589691162
-0.2530670166
-0.0266418457
0.0399627686
0.0399627686
0.0399627686
-0.0665893555
0.0943603516
0.0943603516
-0.3774108887
0.0000000000
0.0000000000
-0.0943603516
0.6604766846
-0.2830657959
0.0000000000
-0.3530883789
-0.1412353516
-0.2118530273
0.0000000000
-0.5649261475
-0.4943237305
0.2824707031
0.0806579590
0.5108795166
0.6184234619
0.0268859863
-0.1344451904
0.5108795166
0.0268859863
0.2151031494
0.6165771484
-0.1422882080
-0.3794403076
-0.2371520996
0.0948638916
-0.3082885742
0.5217285156
-0.0711364746
-0.1769409180
0.0884704590
-0.7962646484
0.0000000000
0.1769409180
0.0884704590
0.0884704590
0.0884704590
0.4399719238
0.1466522217
0.1047515869
-0.5656890869
-0.3980712891
-0.1676177979
-0.5028381348
-0.0209503174
-0.0991821289
0.2479400635
0.7933959961
0.0495910645
-0.0991821289
0.0991821289
-0.3966979980
-0.1983489990
0.1172332764
0.3517150879
0.3517150879
-0.2344665527
0.1172332764
-0.2344665527
-0.2344665527
-0.1172332764
-0.4294891357
-0.6012725830
0.2576904297
-0.2576904297
-0.0858917236
0.1717987061
0.0000000000
0.1717987061
-0.0451049805
0.5863494873
0.4510345459
0.0000000000
0.4510345459
-0.0902099609
-0.2706298828
0.3157196045
-0.6097564697
0.4690399170
0.2345275879
0.3986968994
0.1407165527
-0.2345275879
0.2579803467
0.1876220703
0.0856323242
0.1712799072
0.5138244629
0.4567260742
0.1141815186
-0.3139953613
0.3425445557
-0.4852752686
0.2892761230
-0.1928405762
-0.3856964111
0.0964202881
-0.1928405762
-0.2892761230
-0.1928405762
-0.4821166992
-0.1317443848
0.3513183594
0.0439147949
0.8782958984
0.0000000000
-0.0878295898
-0.0878295898
-0.0878295898
0.0000000000
0.9141387939
-0.1172027588
0.2109527588
0.0234375000
0.0937652588
0.0000000000
0.2812805176
0.4073333740
0.3810424805
0.6832580566
0.0394134521
-0.0525512695
0.3547668457
-0.2890777588
-0.0525512695
0.0000000000
-0.9837341309
-0.0333404541
-0.0500183105
0.0500183105
-0.1167144775
0.0333404541
0.0500183105
0.8770751953
-0.0907287598
0.0604858398
-0.1512145996
-0.1814575195
-0.0302429199
0.2722015381
-0.2419586182
0.0000000000
0.0000000000
0.1000061035
0.0000000000
-0.1000061035
0.1000061035
0.0000000000
-0.1000061035
0.1796875000
-0.2695465088
0.4492340088
-0.0898437500
-0.2695465088
-0.5390777588
-0.0898437500
-0.1796875000
-0.3434753418
0.5581359863
-0.3863983154
0.4722747803
-0.1287994385
0.3005371094
-0.1717376709
0.0429382324
0.2028808594
-0.0156097412
-0.5149993896
0.5774230957
0.0468139648
-0.2028808594
0.4369659424
-0.3433227539
-0.2321929932
0.1548004150
-0.3096008301
0.0773925781
-0.1548004150
0.5417938232
0.5417938232
0.0773925781
0.2085723877
-0.2607116699
-0.1303558350
-0.0260772705
0.4953613281
0.7300109863
-0.0521392822
0.2607116699
0.0000000000
-0.2456665039
-0.2456665039
0.1842498779
0.5527648926
-0.1842498779
0.0614166260
-0.6141815186
0.2795104980
0.0931701660
0.3726806641
0.2795104980
-0.2795104980
0.0000000000
0.0000000000
-0.5590209961
0.9605865479
-0.0933837891
0.0266876221
0.0533599854
-0.0800476074
0.0533599854
-0.2134704590
0.0667114258
-0.1165924072
-0.1748809814
0.9327392578
0.2477569580
0.1020202637
0.0437164307
-0.0437164307
0.0582885742
-0.5221099854
-0.0745849609
0.1491699219
0.2983398438
0.5221099854
0.3729400635
-0.0745849609
0.0745849609
-0.0297546387
0.0892791748
0.1785736084
-0.0148773193
0.1190490723
0.0148773193
-0.9672393799
-0.0446472168
-0.6076354980
0.2700653076
-0.3375854492
-0.0675201416
-0.3375854492
0.2025451660
-0.1350250244
-0.3375854492
0.0625000000
0.8749847412
-0.4166564941
0.0000000000
0.0833282471
-0.0208282471
-0.0208282471
-0.1875000000
0.0000000000
0.1247253418
-0.1247253418
-0.1247253418
0.0000000000
-0.1247253418
0.3741607666
-0.1247253418
0.0000000000
-0.4639129639
-0.1855621338
-0.0927886963
-0.0927886963
-0.4639129639
-0.3711395264
0.2783508301
0.1567993164
0.4965362549
0.5488128662
0.0261383057
-0.1567993164
0.5749511719
-0.0783996582
0.2090759277
0.6128082275
-0.2257690430
-0.1935272217
-0.2902832031
0.1935272217
-0.3547821045
0.4515533447
-0.2257690430
-0.1228332520
0.1228332520
0.0000000000
0.0000000000
0.2456817627
0.2456817627
0.1228332520
0.0000000000
0.4291534424
0.1129302979
-0.0225830078
-0.5420837402
-0.5646667480
-0.0903472900
-0.4065704346
0.0000000000
0.0000000000
0.3165283203
-0.1055145264
0.1055145264
-0.1055145264
-0.2110137939
-0.6330566406
-0.1055145264
0.0000000000
0.2498626709
0.3748016357
0.1249389648
0.0000000000
-0.1249389648
0.0000000000
0.0000000000
-0.3443145752
-0.4590759277
0.0000000000
0.0000000000
0.1147766113
0.3443145752
0.1147766113
-0.1147766113
-0.0986938477
0.5921478271
0.3454132080
0.0493469238
0.4441070557
0.0493469238
-0.3454132080
0.3454132080
-0.6293029785
0.4719848633
0.1573333740
0.3539886475
0.0393371582
-0.2359924316
0.3146514893
0.1573333740
0.1053924561
0.2107696533
0.3864288330
0.5269317627
0.1405181885
-0.3161621094
0.3864288330
-0.4566802979
0.5948791504
-0.2549438477
-0.2549438477
-0.2549438477
-0.1699676514
0.1699676514
-0.3399353027
-0.1699676514
-0.3141479492
0.5235900879
-0.1047210693
0.6806640625
-0.1570739746
-0.1047210693
0.1570739746
-0.0523529053
0.0000000000
0.9092712402
-0.0802307129
0.1604614258
-0.0534820557
0.1604614258
0.0534820557
0.2941741943
0.2616729736
0.3488922119
0.7675628662
0.0348968506
-0.0872192383
0.3139953613
-0.3139953613
-0.0697784424
-0.0209350586
-0.9633331299
-0.0628204346
-0.0628204346
0.0837707520
-0.1884765625
0.0837707520
0.0000000000
0.8547973633
-0.1139678955
0.0000000000
-0.1139678955
-0.1139678955
0.0569915771
0.3419189453
-0.0569915771
0.1113433838
0.0000000000
0.1113433838
0.1113433838
-0.1113433838
0.0000000000
0.1113433838
0.1113433838
0.0000000000
0.1216278076
0.1216278076
0.1216278076
0.1216278076
-0.1216278076
-0.2432556152
0.1216278076
-0.2604980469
0.6946563721
-0.2604980469
0.3473358154
-0.1736602783
0.3039093018
-0.2170867920
0.1736602783
0.1756134033
-0.0658569336
-0.4829406738
0.7244262695
0.0438995361
-0.0438995361
0.3731842041
-0.2195281982
-0.0959930420
-0.1920013428
-0.1920013428
0.0959930420
-0.6719970703
0.2879943848
0.1920013428
0.0959930420
0.2040863037
-0.3061370850
-0.2040863037
-0.1700744629
0.4421844482
0.6802978516
-0.0680236816
0.3061370850
-0.1422882080
-0.1422882080
0.0000000000
0.2845764160
0.4268798828
-0.1422882080
0.0000000000
-0.7114562988
0.1972351074
0.0986175537
0.3944702148
0.2958526611
-0.3944702148
-0.1972351074
-0.0986175537
-0.3944702148
0.9708251953
-0.1544494629
0.0220642090
0.0220642090
0.0661926270
-0.0220642090
-0.0661926270
0.0882568359
-0.2222900391
-0.0988006592
0.9385833740
-0.0247039795
0.1481933594
0.1235046387
0.0000000000
-0.0493927002
-0.2416839600
0.0000000000
0.1208343506
0.3625183105
0.2416839600
0.2416839600
-0.1208343506
0.2416839600
-0.0674591064
0.0449676514
0.2698059082
0.0000000000
0.0899353027
0.0674591064
-0.9443206787
0.0000000000
-0.4958801270
0.0991821289
-0.6942291260
-0.1487579346
-0.1983489990
0.2975311279
0.0991821289
-0.1487579346
0.0672149658
0.7730102539
-0.5377502441
0.0336151123
0.1008300781
-0.0672149658
0.0336151123
-0.2352600098
-0.0785675049
0.0000000000
0.0000000000
0.0000000000
0.0000000000
-0.0785675049
0.0000000000
0.0000000000
-0.1249389648
-0.3748016357
0.0000000000
0.0000000000
-0.2498626709
0.0000000000
0.0000000000
0.1249389648
0.2501068115
0.5002136230
0.4287567139
-0.0357360840
-0.2143707275
0.6073913574
0.0000000000
0.2143707275
0.5224761963
-0.3047790527
-0.0435333252
-0.2176971436
0.3047790527
-0.4789276123
0.2176971436
-0.3918609619
-0.1208343506
0.1208343506
0.4833679199
0.2416839600
0.2416839600
0.1208343506
0.0000000000
0.0000000000
0.5136108398
0.0285339355
-0.1426696777
-0.3424072266
-0.7418823242
0.0000000000
-0.1426696777
0.0285339355
0.0716857910
0.0000000000
-0.7168731689
0.1433715820
0.1433715820
-0.2867431641
-0.4301147461
0.0000000000
0.0000000000
0.0000000000
0.0000000000
0.0000000000
-0.0588226318
0.0000000000
0.0000000000
0.0000000000
-0.2905578613
-0.2905578613
0.0968475342
-0.6779632568
-0.0968475342
0.0968475342
0.0968475342
0.0000000000
-0.0898437500
0.4492340088
0.2695465088
0.1796875000
0.4492340088
0.0000000000
-0.2695465088
0.3593902588
-0.6464385986
0.3232269287
0.0000000000
0.2424163818
0.0000000000
-0.1616058350
0.4040222168
0.0808105469
0.1604003906
0.2138671875
0.0534667969
0.6416015625
0.2673339844
-0.3742675781
0.4277343750
-0.1604003906
0.4422149658
-0.1105499268
-0.1105499268
-0.2211151123
-0.4422149658
0.2211151123
-0.1105499268
-0.1105499268
-0.4331817627
0.4950714111
0.0000000000
0.6188354492
-0.1237640381
-0.0618896484
0.1856536865
-0.0618896484
0.0323486328
0.9382781982
0.0000000000
0.1294250488
-0.0647125244
0.1294250488
0.0970611572
0.1941223145
0.1417388916
0.3543701172
0.7087249756
0.1063079834
-0.1063079834
0.3898010254
-0.3543701172
-0.1063079834
-0.0920104980
-0.9200286865
-0.1226654053
-0.0306701660
0.1226654053
-0.2760162354
0.0613403320
0.0613403320
0.7767791748
-0.1412353516
-0.2824707031
-0.0706176758
0.1412353516
0.2824707031
0.0706176758
0.1412353516
0.0000000000
0.0911560059
0.0911560059
0.0000000000
0.0000000000
0.0000000000
0.0911560059
0.0000000000
0.1064758301
0.0000000000
0.1064758301
0.1064758301
0.1064758301
0.0000000000
-0.1064758301
0.0000000000
-0.0593872070
0.9204711914
-0.1187744141
0.1781616211
-0.0593872070
0.1781616211
-0.0890808105
0.1781616211
0.1625671387
-0.1083831787
-0.3251342773
0.8670196533
0.0541839600
0.0812835693
0.2438507080
-0.1083831787
-0.1911621094
-0.2867431641
0.0955810547
0.0000000000
-0.6690673828
0.0955810547
0.2867431641
0.0955810547
0.0000000000
-0.3572692871
-0.1786346436
-0.1786346436
0.4168243408
0.5359191895
0.0595397949
0.4763641357
0.0000000000
0.0972900391
0.3891448975
0.1945648193
0.2918548584
0.1945648193
0.0000000000
-0.5837097168
0.0000000000
0.0823974609
0.4944305420
0.0823974609
-0.5768280029
-0.0823974609
0.0000000000
-0.4120178223
0.9054412842
-0.1810913086
0.0000000000
-0.0362243652
0.2173004150
-0.1086578369
0.1810913086
0.1086578369
-0.2393493652
0.0000000000
0.8377075195
-0.3590087891
0.1196746826
0.1196746826
-0.0797882080
-0.1595611572
0.0000000000
-0.1000061035
0.0000000000
0.1000061035
0.0000000000
0.1000061035
-0.1000061035
0.0000000000
0.0252075195
-0.0504150391
0.2268371582
0.0504150391
0.0000000000
0.0504150391
-0.9577636719
0.0504150391
-0.2842559814
0.0406036377
-0.6903228760
-0.2030334473
-0.0406036377
0.5278930664
0.0812072754
-0.2436370850
0.0823974609
0.2472076416
-0.6592407227
0.0823974609
0.1648101807
-0.2472076416
0.3296203613
-0.2472076416
0.0000000000
0.0000000000
0.0000000000
0.0000000000
-0.0588226318
0.0000000000
0.0000000000
0.0000000000
-0.2357025146
0.1178436279
0.2357025146
0.1178436279
-0.2357025146
0.3535461426
0.0000000000
0.3535461426
0.2688751221
0.5915222168
0.2151031494
-0.0537719727
-0.2688751221
0.4301910400
0.2688751221
0.3226470947
0.5344238281
-0.2429199219
0.0485839844
-0.2429199219
0.2429199219
-0.5830078125
-0.0485839844
-0.3400878906
-0.2357025146
0.0000000000
0.1178436279
0.1178436279
0.1178436279
0.0000000000
-0.1178436279
0.0000000000
0.4431152344
-0.0369262695
-0.2584838867
-0.1107788086
-0.8123931885
0.1107788086
0.0369262695
0.0738525391
0.0000000000
0.0000000000
-0.7810363770
0.0488128662
0.3417053223
-0.1952514648
-0.3905181885
0.0488128662
0.0000000000
-0.1000061035
0.0000000000
0.1000061035
-0.1000061035
0.0000000000
0.1000061035
0.0000000000
0.0000000000
-0.2312316895
0.0000000000
-0.9249114990
0.0462493896
0.0000000000
0.1387329102
0.0000000000
0.0000000000
0.0986175537
-0.0986175537
0.6903381348
0.1972351074
-0.1972351074
0.1972351074
0.1972351074
-0.4918823242
0.0000000000
0.1229705811
0.0000000000
-0.1229705811
0.0000000000
0.2459411621
0.1229705811
0.3387451172
0.2540588379
-0.3387451172
0.5081176758
0.1693725586
-0.3387451172
0.1693725586
0.1693725586
0.1234283447
-0.1234283447
-0.1234283447
-0.1234283447
0.0000000000
0.4937286377
0.1234283447
-0.1234283447
-0.5867614746
0.3259735107
0.0652008057
0.5215606689
-0.0652008057
0.1303863525
0.0652008057
-0.3259735107
0.0258331299
0.9300842285
0.0516662598
0.2325134277
-0.1033477783
0.1033477783
0.1550140381
0.1033477783
0.1317901611
0.3294830322
0.4612731934
0.2635803223
0.0659027100
0.4612731934
-0.1317901611
-0.4612731934
0.0000000000
-0.8937683105
-0.1577301025
-0.0525817871
0.1051483154
-0.2102966309
0.0525817871
0.1577301025
0.7520904541
-0.2256317139
-0.1504211426
0.1504211426
0.0000000000
0.3760528564
0.0000000000
-0.0752105713
0.2459411621
-0.2459411621
-0.1229705811
-0.2459411621
0.0000000000
0.0000000000
-0.3689117432
-0.1229705811
0.5405120850
-0.2494659424
-0.0415802002
-0.3326263428
-0.2078857422
-0.2910461426
0.4573516846
-0.3741912842
-0.0886688232
0.9879760742
-0.0253295898
-0.0126647949
-0.0253295898
-0.0379943848
-0.0633239746
0.0633239746
0.1675720215
-0.0628356934
-0.4398803711
0.6493530273
0.3142089844
-0.1885223389
0.1047363281
-0.4398803711
-0.1332397461
0.3997039795
0.1998596191
0.3997039795
-0.5995483398
0.2664642334
0.1998596191
0.0666198730
0.5128631592
-0.4487609863
-0.0641021729
0.4487609863
0.0961608887
-0.3846435547
-0.3205413818
-0.1923217773
-0.2068481445
-0.3102722168
-0.2068481445
-0.2068481445
0.0000000000
-0.4136962891
-0.2068481445
-0.4136962891
0.3031616211
0.0000000000
-0.7578887939
0.2021026611
0.3536834717
0.2021026611
0.0505218506
-0.2021026611
0.9793853760
-0.0358276367
0.0836029053
0.0000000000
-0.1313781738
-0.0119476318
-0.0836029053
0.0597229004
-0.0357666016
-0.1609191895
0.8939819336
0.3397216797
-0.1072845459
0.1251525879
0.0178833008
0.1430358887
-0.5279235840
-0.3167572021
0.2815551758
0.1407775879
0.3871459961
0.2111663818
-0.4927215576
0.2111663818
0.0446166992
-0.0297393799
0.0148773193
-0.0297393799
0.0594787598
-0.0892181396
-0.9814605713
0.1189727783
0.0000000000
0.0000000000
0.5902404785
-0.0737762451
-0.4426727295
0.2213439941
0.4426727295
0.1475524902
0.0117797852
0.9899444580
-0.0589294434
-0.0117797852
0.0235748291
0.0000000000
0.0000000000
-0.1060638428
0.1920013428
0.0000000000
-0.1920013428
0.0000000000
0.0000000000
0.0000000000
0.0959930420
-0.7680053711
-0.2048339844
-0.3072509766
-0.2048339844
-0.1024169922
-0.2048339844
-0.6144866943
0.0000000000
0.1024169922
0.1430053711
0.0715026855
0.7865600586
0.0000000000
-0.1430053711
0.2860260010
0.2860260010
0.0000000000
0.1825561523
-0.0912780762
-0.4259643555
-0.2738342285
0.0000000000
-0.7910614014
0.2129821777
0.0304260254
0.1237182617
0.0000000000
-0.1237182617
-0.1237182617
0.0000000000
-0.2474365234
-0.1237182617
0.2474365234
0.7341613770
-0.0282440186
0.0564727783
0.0847167969
-0.4800262451
-0.0847167969
-0.4235534668
-0.0847167969
0.0713653564
0.1855468750
0.9562530518
0.0285491943
-0.0142669678
0.0285491943
0.1141815186
0.1569976807
0.1234283447
0.1234283447
0.2468566895
-0.2468566895
0.1234283447
-0.1234283447
-0.3703002930
-0.1234283447
-0.1018676758
-0.1629943848
0.0611267090
-0.9575653076
-0.1018676758
-0.0407409668
-0.0814971924
0.1018676758
-0.2390136719
0.6274261475
0.3286590576
-0.5377960205
0.0597534180
-0.0896301270
-0.0597534180
0.3286590576
-0.5679321289
0.3996582031
-0.0420684814
0.3786163330
0.1262054443
-0.3155212402
0.3786163330
0.3155212402
-0.1648864746
-0.4534606934
0.7007904053
0.2473449707
0.0000000000
-0.1236724854
0.0824432373
-0.3710021973
-0.3860015869
-0.2205657959
-0.1102905273
0.1654357910
0.4962921143
-0.4411468506
0.1654357910
-0.4411468506
0.0000000000
-0.0108337402
0.0867004395
0.9862823486
0.0108337402
0.0216827393
-0.1192169189
-0.0325164795
-0.2154846191
0.6823425293
0.1436462402
0.5746154785
-0.1077423096
-0.0718231201
0.2154846191
0.1795654297
0.4948883057
0.2093811035
0.3806915283
0.0000000000
-0.1713104248
0.7042694092
-0.1713104248
0.0000000000
-0.0251312256
-0.9047698975
-0.3015899658
0.0000000000
-0.0251312256
-0.1508026123
-0.0753936768
0.2010650635
0.8399658203
0.2177734375
0.1244354248
-0.2177734375
0.2177734375
-0.0933227539
-0.2488708496
-0.1866607666
0.1247253418
-0.2494506836
0.0000000000
-0.2494506836
-0.2494506836
0.0000000000
0.0000000000
-0.1247253418
0.5807342529
-0.1583862305
0.0527954102
-0.3167572021
-0.2639617920
-0.3167572021
0.3695526123
-0.3695526123
-0.0958251953
0.9856567383
-0.0273742676
0.0410614014
-0.0684509277
-0.0136871338
-0.0547637939
0.0547637939
0.2296600342
-0.0883331299
-0.3886566162
0.6536560059
0.2473297119
-0.2826690674
0.2119903564
-0.4063262939
-0.3470153809
0.5205230713
0.2313385010
0.2313385010
0.1156768799
0.1735076904
0.5783538818
0.1156768799
0.4600524902
-0.5750579834
-0.3450317383
0.3450317383
0.2300262451
0.3067016602
-0.0383300781
-0.1533508301
-0.2522888184
-0.2522888184
-0.1681976318
0.0000000000
0.6727905273
-0.3363952637
-0.0840911865
-0.1681976318
0.4139099121
0.0000000000
-0.7095642090
0.0591278076
0.2956542969
0.1773834229
0.1773834229
-0.2365264893
0.9788665771
-0.0815734863
0.0815734863
-0.0582580566
-0.1165313721
-0.0116577148
-0.0699157715
0.0466156006
-0.0640106201
-0.0800170898
0.9281463623
0.3360443115
-0.0480041504
0.0000000000
-0.0480041504
0.0480041504
-0.5961303711
-0.1862945557
0.2980651855
0.1490325928
0.5216217041
0.1862945557
-0.3353271484
0.1862945557
0.0000000000
0.0102691650
0.1232757568
-0.0308227539
0.0410919189
-0.0719146729
-0.9861755371
0.0308227539
-0.2905578613
-0.2905578613
0.1937103271
0.1937103271
-0.5811157227
0.1937103271
0.1937103271
0.0968475342
0.0128021240
0.9860382080
-0.0128021240
-0.0384216309
0.0512237549
0.0768280029
0.0640258789
-0.0896453857
0.1981506348
0.0990753174
-0.2972259521
0.0000000000
0.0990753174
-0.0990753174
0.0990753174
-0.6935119629
0.0000000000
-0.3077850342
-0.2308349609
-0.3077850342
-0.1539001465
-0.6155700684
-0.3847351074
-0.0769500732
-0.0670623779
0.1341247559
0.4694366455
-0.2011871338
-0.2682495117
0.2011871338
0.6706237793
-0.0670623779
0.3766632080
-0.2028198242
-0.3476867676
-0.3476867676
0.1738433838
-0.5505065918
0.4635772705
0.0000000000
-0.1242218018
0.1242218018
-0.1242218018
-0.2484588623
0.0000000000
-0.3726806641
0.0000000000
0.2484588623
0.3181152344
0.0397644043
0.3181152344
-0.1192932129
-0.5169372559
-0.3578796387
-0.5567016602
-0.1590576172
0.1035461426
0.1725616455
0.9663696289
0.0345153809
0.0690307617
0.0517730713
0.0000000000
0.0862884521
0.2490844727
0.1245422363
0.3736267090
-0.2490844727
0.0000000000
0.0000000000
0.0000000000
0.1245422363
-0.1055908203
-0.2903594971
0.1055908203
-0.8974761963
-0.1583862305
0.0000000000
0.0791931152
0.1847686768
-0.2930297852
0.5494232178
0.2930297852
-0.5128021240
0.1098785400
-0.1831359863
-0.1098785400
0.4029083252
-0.5902099609
0.4013519287
-0.0472106934
0.4249572754
0.1416473389
-0.2833099365
0.3305206299
0.2833099365
-0.2886047363
-0.3968353271
0.5050659180
0.4689941406
0.0721588135
-0.1803741455
0.2164611816
-0.3968353271
-0.3212585449
-0.1606292725
-0.2141723633
0.2677154541
0.5889739990
-0.4283447266
-0.1606292725
-0.3212585449
-0.0134887695
0.0269775391
0.1348876953
0.9711914062
0.0944213867
0.0134887695
-0.1483764648
-0.0269775391
-0.1289215088
0.7735137939
0.0515747070
0.4641113281
-0.0773468018
0.1289215088
0.2062683105
0.2836303711
0.4512634277
0.3493652344
0.5677185059
0.0873413086
-0.1018981934
0.4949340820
-0.2620239258
-0.1164550781
-0.0588531494
-0.9416961670
-0.1961822510
0.0000000000
0.0000000000
-0.1177062988
-0.1177062988
0.1765747070
0.8699645996
0.0435028076
0.1739959717
-0.1304931641
-0.0869903564
-0.0435028076
0.0435028076
-0.3479919434
0.1243286133
-0.2486572266
0.0000000000
-0.1243286133
-0.2486572266
0.1243286133
0.1243286133
0.1243286133
0.5069885254
-0.1448516846
0.1448516846
-0.3621368408
-0.2897033691
-0.3621368408
0.2172851562
-0.3621368408
-0.1676788330
0.9432220459
-0.0209655762
0.1676788330
-0.1467285156
0.0000000000
-0.0838470459
0.1047973633
0.2822570801
-0.1209716797
-0.3628997803
0.6653289795
0.2217712402
-0.2621002197
0.2621002197
-0.3628997803
-0.2452392578
0.4904785156
0.0490417480
0.0980987549
0.3923950195
0.0980987549
0.6376342773
0.1961975098
0.3558959961
-0.4853210449
-0.4206085205
0.0323486328
0.2911834717
0.5823822021
0.0323486328
0.0323486328
-0.1228332520
-0.1842498779
0.0000000000
0.1228332520
0.7984313965
-0.3684997559
0.0614166260
-0.1842498779
0.4165496826
0.0000000000
-0.2082824707
0.0000000000
-0.1388549805
0.1388549805
0.0000000000
-0.7636871338
0.9848632812
-0.0674591064
0.0674591064
-0.0674591064
-0.0539703369
-0.0674591064
-0.0539703369
0.0134887695
-0.0546264648
-0.0364227295
0.9286346436
0.3277587891
0.0364227295
-0.0910491943
-0.0728302002
-0.0182037354
-0.5368957520
-0.1789703369
0.2684478760
0.2237091064
0.5816345215
0.1789703369
-0.2684478760
0.2237091064
-0.0115051270
0.0230102539
0.1725769043
-0.0345153809
0.0805358887
-0.0345153809
-0.9779815674
0.0000000000
-0.3840026855
-0.1920013428
-0.4799957275
0.3840026855
-0.2879943848
0.0959930420
-0.0959930420
0.0959930420
0.0000000000
0.9099273682
0.1873321533
-0.1338195801
0.1338195801
0.1605682373
0.2140960693
-0.0802917480
0.2246704102
0.0000000000
-0.3370056152
-0.1123352051
0.1123352051
0.0000000000
0.1123352051
-0.5616760254
0.0722351074
-0.4334411621
-0.1444854736
-0.1444854736
0.0000000000
-0.5779266357
-0.5056762695
0.0000000000
-0.0581207275
0.3487548828
0.4068908691
-0.2324981689
-0.3487548828
0.2906341553
0.5812683105
0.0000000000
0.2654418945
-0.2654418945
-0.2654418945
-0.4645385742
0.2654418945
-0.3318023682
0.5972595215
0.0000000000
0.0000000000
0.0000000000
0.1245422363
0.0000000000
0.0000000000
-0.4981536865
0.1245422363
0.1245422363
-0.1077117920
-0.1077117920
0.3769683838
-0.1615600586
-0.5385284424
-0.3769683838
-0.4846649170
-0.2154083252
0.0824127197
0.1098785400
0.9614562988
0.0000000000
0.1373443604
0.0274658203
-0.1098785400
0.0274658203
0.2393341064
0.0000000000
0.4786834717
-0.2393341064
0.0000000000
0.1196746826
0.0000000000
0.2393341064
-0.0781860352
-0.3518218994
0.1172790527
-0.8209075928
-0.1954498291
-0.0390930176
0.2345428467
0.1954498291
-0.3092041016
0.3092041016
0.3092041016
-0.5300598145
0.1766815186
-0.2650299072
-0.1766815186
0.4858856201
-0.6056518555
0.3701171875
-0.0336456299
0.4037628174
0.1345825195
-0.3028259277
0.3364715576
0.2691802979
-0.4696807861
-0.3415832520
0.2561950684
0.5550842285
0.0854034424
-0.1707916260
0.2134857178
-0.3842926025
-0.2475280762
-0.1237640381
-0.3713073730
0.1856536865
0.4950714111
-0.3094177246
-0.3094177246
-0.4331817627
0.0228729248
0.0914916992
0.1372528076
0.9378662109
0.1829986572
0.0000000000
-0.2058715820
0.0000000000
-0.1206970215
0.8207244873
0.0241394043
0.3138122559
-0.1448364258
0.1931152344
0.1931152344
0.3138122559
0.4139556885
0.3025054932
0.6846008301
0.1910552979
0.0159149170
0.3821105957
-0.2388153076
-0.1432952881
-0.0635986328
-0.9539794922
-0.1271972656
0.0000000000
0.0000000000
-0.1483917236
-0.1060028076
0.1483917236
0.4399414062
-0.2514038086
0.2514038086
-0.1257019043
-0.4399414062
-0.0628509521
0.3770904541
-0.4399414062
0.1178436279
-0.1178436279
0.0000000000
0.0000000000
-0.1178436279
0.2357025146
0.0000000000
0.1178436279
0.2320098877
-0.1159973145
0.2320098877
-0.2320098877
-0.2320098877
-0.4640045166
0.1159973145
-0.1159973145
-0.2163085938
0.8652343750
-0.0617980957
0.2472076416
-0.2472076416
0.0926971436
-0.1236114502
0.1545104980
0.2451629639
-0.0668640137
-0.3343200684
0.8023529053
0.1560211182
-0.0891571045
0.2451629639
-0.2674560547
-0.0733795166
0.4403228760
-0.0733795166
-0.2201538086
0.1467742920
0.2935485840
0.6604766846
0.1467742920
0.3470764160
-0.4627685547
-0.3856506348
-0.2313842773
0.2699432373
0.5399017334
-0.1156921387
0.1928253174
0.0739746094
0.1479644775
0.2959136963
0.1479644775
0.6658172607
-0.2219390869
0.2219390869
-0.3698883057
0.1535491943
-0.0511779785
0.2047271729
0.0000000000
-0.2559051514
0.0000000000
-0.1535491943
-0.8701019287
0.9851837158
0.0000000000
0.0351867676
-0.0703735352
-0.0175933838
-0.0879669189
-0.0703735352
0.0175933838
-0.1279449463
0.0255889893
0.9212036133
0.3070678711
0.1023559570
0.0000000000
0.0767669678
-0.0511779785
-0.4497680664
-0.2570037842
0.1927642822
0.3212585449
0.5782775879
0.2570037842
-0.1285095215
0.1927642822
-0.0477447510
0.0795593262
0.2705230713
0.0000000000
0.1432189941
0.0636596680
-0.9388732910
-0.0636596680
-0.1871185303
0.0000000000
-0.7484741211
0.1871185303
-0.0935668945
0.1871185303
-0.0935668945
-0.0935668945
0.0000000000
0.6387176514
0.2838745117
-0.2838745117
0.2838745117
0.1419372559
0.2838745117
-0.2838745117
0.1243286133
-0.1243286133
-0.2486572266
-0.2486572266
0.1243286133
0.0000000000
0.1243286133
-0.1243286133
0.0000000000
-0.5707855225
-0.1141510010
0.1141510010
-0.1141510010
-0.3424682617
0.0000000000
-0.1141510010
0.0000000000
0.3059997559
0.4590148926
-0.3059997559
-0.3059997559
0.4590148926
0.3059997559
-0.0765075684
0.0000000000
-0.3819732666
0.0000000000
-0.4774780273
0.3819732666
-0.1432495117
0.5729675293
-0.2387390137
0.1213989258
-0.1213989258
0.3642120361
0.2428131104
0.1213989258
-0.3642120361
0.1213989258
0.0000000000
0.3254547119
-0.1394805908
0.0464935303
-0.3254547119
-0.6509246826
-0.0929870605
-0.5114440918
-0.0464935303
0.0475921631
-0.0951690674
0.9041137695
0.0000000000
0.2379302979
-0.0475921631
-0.1903381348
0.0475921631
0.1199951172
-0.1199951172
0.2400054932
0.0000000000
0.0000000000
0.1199951172
-0.1199951172
0.1199951172
-0.1145324707
-0.3435974121
0.1145324707
-0.7444458008
-0.2290649414
-0.1717987061
0.1717987061
0.2863311768
-0.1701354980
0.5104064941
0.2835540771
-0.3969879150
0.1134185791
-0.1134185791
-0.2835540771
0.5104064941
-0.5749664307
0.3593444824
-0.1437377930
0.3593444824
0.0718688965
-0.2874755859
0.2874755859
0.2156066895
-0.4904174805
-0.2452087402
-0.1226043701
0.6130218506
0.1226043701
-0.1226043701
0.2452087402
-0.3065185547
0.0000000000
-0.1024169922
-0.4096679688
0.0000000000
0.3072509766
-0.1024169922
-0.4096679688
-0.4096679688
0.0433349609
0.1733398438
0.0000000000
0.9100341797
0.0866699219
-0.1300048828
-0.2166748047
0.0866699219
-0.0538482666
0.8885955811
0.0000000000
0.2154235840
-0.1615600586
0.2154235840
0.0807800293
0.2423400879
0.3780822754
0.1163330078
0.6980133057
0.2617492676
0.0872497559
0.4362487793
-0.2035827637
-0.1454162598
-0.1000366211
-0.9337005615
-0.1333923340
0.0000000000
0.0666961670
-0.2334289551
-0.0333404541
0.0666961670
0.0000000000
-0.5455017090
0.1818389893
-0.1818389893
-0.3636779785
-0.0909118652
0.3636779785
-0.2727508545
0.1000061035
0.0000000000
0.0000000000
0.0000000000
-0.1000061035
0.1000061035
0.1000061035
0.0000000000
0.1113433838
0.0000000000
-0.1113433838
0.1113433838
0.1113433838
-0.1113433838
-0.1113433838
0.0000000000
-0.1944274902
0.8749542236
-0.0972137451
0.1944274902
-0.2268371582
0.0972137451
-0.1296234131
0.1944274902
0.2616729736
-0.0713653564
-0.3330383301
0.8563842773
0.1427307129
0.0951538086
0.1189422607
-0.1427307129
0.1818389893
0.1818389893
0.0000000000
-0.5455017090
-0.2727508545
0.3636779785
0.3636779785
-0.0909118652
0.2769775391
-0.4431610107
-0.2769775391
-0.4431610107
0.2769775391
0.2215881348
-0.2769775391
0.3877716064
0.0000000000
0.1483612061
0.6676177979
0.0000000000
0.3708953857
0.1483612061
0.2225341797
-0.3708953857
0.1083374023
0.0000000000
0.2708282471
0.0541687012
-0.3249969482
-0.0541687012
-0.2166595459
-0.8125000000
0.9685974121
0.0000000000
0.0764617920
-0.1019592285
0.0764617920
-0.1019592285
0.0509796143
0.0764617920
-0.4619140625
0.4041748047
0.5196533203
-0.0577392578
0.1154785156
-0.1154785156
0.4619140625
0.0000000000
-0.4263610840
-0.2131805420
0.1065826416
0.3197631836
0.2131805420
0.3197631836
-0.2131805420
0.2131805420
-0.0194396973
0.0388946533
0.2527618408
0.0000000000
0.0583343506
0.0972137451
-0.9527435303
-0.0388946533
-0.0737762451
0.0000000000
-0.7377929688
-0.1475524902
0.0000000000
0.3688964844
0.1475524902
-0.2951202393
0.0000000000
0.0000000000
0.1065826416
-0.4263610840
0.1065826416
0.1065826416
0.4263610840
-0.4263610840
0.0000000000
0.0000000000
0.0000000000
-0.0785675049
0.0000000000
0.0785675049
0.0000000000
0.0000000000
0.0000000000
-0.1228332520
0.0000000000
0.2456817627
-0.2456817627
0.1228332520
0.1228332520
0.0000000000
-0.2120971680
0.0000000000
0.1060485840
-0.3181304932
-0.4241790771
0.3181304932
0.3181304932
-0.2120971680
-0.1269531250
-0.3808593750
0.3808593750
-0.3808593750
0.3173828125
-0.1269531250
0.3173828125
-0.4443359375
0.0000000000
-0.1247253418
0.3741607666
0.1247253418
0.1247253418
-0.1247253418
0.0000000000
-0.1247253418
0.5530700684
-0.0850830078
-0.0850830078
-0.2978057861
-0.6381530762
0.0850830078
-0.3403472900
0.0425415039
-0.0818634033
-0.3274383545
0.6548919678
0.0818634033
0.3274383545
0.0000000000
-0.3274383545
0.0818634033
0.1064758301
-0.1064758301
-0.1064758301
0.0000000000
-0.1064758301
0.0000000000
0.0000000000
-0.1064758301
-0.2447509766
-0.2447509766
0.1835632324
-0.7342529297
-0.2447509766
-0.1223754883
-0.1223754883
0.3059387207
0.0990753174
0.5944366455
0.0000000000
-0.1981506348
0.0990753174
-0.1981506348
-0.1981506348
0.3963012695
-0.4856262207
0.2428131104
0.0000000000
0.1213989258
-0.1213989258
0.0000000000
0.2428131104
0.0000000000
-0.0699310303
-0.1398620605
-0.6293640137
0.4895019531
0.2797088623
-0.1398620605
0.2797088623
0.0000000000
0.0000000000
-0.1247863770
-0.2495727539
0.2495727539
0.0000000000
0.2495727539
0.1247863770
-0.2495727539
0.0501403809
0.1504364014
0.0501403809
0.9026031494
-0.0501403809
-0.1504364014
-0.1002960205
0.2005767822
0.0463256836
0.9496154785
0.0231628418
0.2084503174
-0.0694885254
0.1389617920
0.0463256836
0.0926513672
0.3308563232
-0.2757110596
0.4962921143
0.2205657959
0.2757110596
0.5514373779
-0.1102905273
-0.1654357910
-0.1261901855
-0.8202667236
-0.1892852783
0.0000000000
0.1892852783
-0.3154907227
0.0630950928
0.0630950928
0.0000000000
-0.4689483643
0.1172332764
0.1172332764
-0.3517150879
0.1172332764
0.2344665527
-0.1172332764
0.0000000000
0.0000000000
0.0000000000
0.0000000000
0.0000000000
0.0000000000
0.0588226318
0.0000000000
0.1000061035
0.0000000000
-0.1000061035
0.0000000000
0.1000061035
0.0000000000
-0.1000061035
0.0000000000
-0.0792694092
0.9512634277
-0.0792694092
0.0792694092
-0.1056976318
0.1585388184
0.0000000000
0.1321258545
0.2249145508
-0.1249542236
-0.2998962402
0.8746795654
0.1249542236
0.1749420166
0.0999603271
-0.0499877930
0.3148651123
-0.1259460449
0.1889190674
-0.5037841797
-0.3778381348
0.3778381348
0.3778381348
-0.1889190674
-0.0565338135
-0.1695861816
0.0565338135
-0.4522552490
0.2261199951
-0.4522552490
-0.2826538086
0.5653076172
0.0615386963
-0.0615386963
0.6768646240
0.0615386963
0.2461395264
0.5538024902
0.0615386963
-0.1846008301
0.0813293457
0.0000000000
0.1626586914
0.1626586914
-0.4066467285
-0.0813293457
-0.0813293457
-0.7319488525
0.8395538330
-0.0932769775
0.1554718018
-0.1554718018
0.1554718018
-0.1554718018
0.3109436035
0.2487640381
-0.5533447266
0.4742889404
0.2371520996
-0.1580963135
0.2371520996
-0.2371520996
0.2371520996
0.0790557861
-0.1113433838
-0.1113433838
0.0000000000
0.1113433838
0.0000000000
0.1113433838
-0.1113433838
0.1113433838
0.0189971924
0.0000000000
0.2089233398
0.0000000000
-0.0189971924
0.0759735107
-0.9686431885
0.0000000000
0.0441741943
-0.1325073242
-0.6183929443
-0.1766815186
0.0883483887
0.5742187500
0.0883483887
-0.3975372314
-0.2295379639
-0.3443145752
-0.1147766113
-0.2295379639
-0.1147766113
-0.1147766113
0.4590759277
-0.1147766113
0.0000000000
0.0000000000
0.0000000000
0.0000000000
0.0000000000
0.0000000000
0.0000000000
0.0000000000
-0.1249389648
0.1249389648
0.1249389648
0.1249389648
-0.1249389648
0.3748016357
-0.1249389648
0.0000000000
-0.3926696777
0.0000000000
0.0000000000
0.1963348389
-0.1963348389
0.5890197754
-0.1963348389
0.1963348389
0.0000000000
-0.3180084229
0.5088195801
-0.5088195801
0.1908111572
-0.2544097900
0.0000000000
-0.3816223145
0.0000000000
-0.2432556152
0.2432556152
0.1216278076
0.1216278076
0.0000000000
0.0000000000
0.0000000000
0.5096435547
-0.1456146240
-0.0727996826
-0.0727996826
-0.6552581787
0.2184143066
-0.2184143066
0.0727996826
-0.3299102783
-0.4398803711
0.0000000000
-0.1099700928
0.3299102783
0.1099700928
-0.3299102783
0.0000000000
0.0000000000
-0.1000061035
-0.1000061035
0.1000061035
0.0000000000
0.0000000000
0.0000000000
-0.1000061035
-0.0897521973
-0.1346282959
0.0000000000
-0.9423980713
-0.0897521973
-0.0448760986
-0.0448760986
0.0897521973
0.1534423828
0.6905059814
-0.3068847656
0.3836212158
-0.0767211914
-0.0767211914
0.1534423828
0.1534423828
-0.3748321533
0.1249389648
-0.1249389648
0.0000000000
-0.1249389648
0.2498779297
0.0000000000
-0.1249389648
0.0606231689
-0.1212463379
-0.8487701416
0.2425079346
0.1212463379
-0.0606231689
0.0606231689
0.2425079346
-0.1234283447
-0.2468566895
-0.1234283447
0.1234283447
-0.1234283447
0.3703002930
0.1234283447
-0.2468566895
-0.1629791260
0.0543212891
0.1086578369
0.9235382080
-0.0543212891
0.0000000000
0.0543212891
0.0543212891
0.0547637939
0.9492187500
0.0547637939
0.2555541992
-0.0547637939
0.0912780762
0.0730133057
0.0182495117
0.1448516846
-0.6518402100
0.2172851562
0.0724334717
0.4345703125
0.2897033691
0.0724334717
-0.2172851562
0.1237182617
-0.2474365234
0.0000000000
-0.2474365234
0.1237182617
-0.1237182617
0.0000000000
0.1237182617
0.4976654053
-0.2985992432
0.1990661621
0.2985992432
-0.2985992432
0.1990661621
0.0995330811
-0.1990661621
0.1243286133
0.1243286133
-0.1243286133
-0.2486572266
0.1243286133
0.0000000000
-0.1243286133
-0.2486572266
0.3197631836
0.2131805420
0.0000000000
-0.4263610840
-0.2131805420
-0.3197631836
0.3197631836
0.0000000000
-0.0124359131
0.9944152832
0.0248565674
-0.0621490479
-0.0248565674
-0.0124359131
0.0124359131
-0.0248565674
-0.0589141846
0.0196380615
-0.2945709229
0.7462310791
0.2749328613
-0.0981903076
-0.1178283691
-0.4909362793
0.0000000000
0.1457519531
0.1457519531
-0.0971679688
-0.8745117188
0.2429199219
0.1943359375
-0.0971679688
0.1480407715
-0.2467346191
0.0493469238
0.2467346191
-0.5428009033
-0.5921478271
-0.0986938477
-0.3454132080
-0.3981323242
-0.4976654053
0.0000000000
-0.0995330811
0.2985992432
-0.1990661621
0.0995330811
-0.2985992432
0.4268188477
0.0000000000
-0.7587890625
0.1422729492
0.0474243164
0.2845458984
-0.0948486328
-0.2371215820
0.9510498047
-0.0146331787
0.1170501709
-0.0585327148
-0.1902160645
0.0292663574
-0.1755828857
0.0585327148
0.0214538574
0.0214538574
0.9651031494
0.1715698242
-0.1501312256
0.0214538574
-0.0214538574
0.0000000000
-0.6620178223
-0.0778808594
0.1947174072
0.1557769775
0.4673156738
0.3115386963
-0.2725982666
0.2336578369
-0.0103759766
0.0207672119
-0.0103759766
0.0000000000
0.0103759766
-0.0415344238
-0.9968109131
-0.0207672119
-0.0776367188
-0.1552581787
-0.3105163574
-0.0776367188
-0.6986694336
0.2328948975
0.3105163574
0.1552581787
0.0137634277
0.9907684326
0.0550384521
-0.0137634277
0.0137634277
0.0825653076
0.0412750244
-0.0137634277
0.1000061035
0.1000061035
-0.1999969482
-0.1000061035
0.1999969482
0.1999969482
0.0000000000
-0.6999969482
-0.1178436279
-0.1178436279
0.0000000000
0.0000000000
-0.2357025146
-0.1178436279
0.5892486572
0.0000000000
-0.1415863037
-0.4247436523
-0.0707855225
-0.0707855225
-0.2123718262
-0.3539581299
0.6371307373
-0.2123718262
0.2386016846
-0.1789550781
0.0000000000
-0.3579101562
-0.0596466064
-0.6561737061
0.4772186279
0.0596466064
0.1247253418
-0.1247253418
0.1247253418
-0.1247253418
-0.1247253418
-0.2494506836
0.1247253418
0.2494506836
0.6925201416
0.0000000000
0.0989379883
0.5441284180
0.2473297119
-0.0989379883
-0.0494689941
-0.2473297119
0.0278930664
0.1255340576
0.9624176025
-0.0139465332
-0.0557861328
-0.0557861328
0.2092285156
0.0278930664
0.2400054932
0.1199951172
0.1199951172
0.0000000000
-0.1199951172
-0.1199951172
0.0000000000
-0.1199951172
-0.0676727295
-0.0845947266
0.0845947266
-0.9813537598
-0.0845947266
0.0169219971
-0.0169219971
0.0338439941
-0.1920318604
0.8641357422
-0.0640106201
-0.3200531006
-0.1280212402
-0.1600189209
0.0960083008
0.1600189209
-0.4570159912
0.3960876465
-0.0914001465
0.3046722412
0.2742156982
-0.3656158447
0.4265441895
0.3351440430
-0.0400848389
-0.1603240967
0.9218902588
0.0400848389
0.0400848389
-0.0400848389
0.2004089355
-0.1603240967
-0.4416198730
-0.0802917480
0.1204376221
0.5620574951
0.5620574951
-0.2007293701
-0.0401458740
-0.2408752441
0.0507049561
0.0000000000
0.0633697510
0.9886779785
0.0507049561
0.0126800537
-0.0887298584
0.0126800537
-0.1029663086
0.9472808838
0.0000000000
0.1647491455
0.0000000000
0.0411834717
0.1853332520
0.1235504150
0.4850921631
0.1687316895
0.4429016113
-0.0843658447
-0.1265411377
0.6748962402
-0.1898193359
-0.1054534912
0.0597534180
-0.9262084961
-0.2091369629
-0.0298767090
0.0000000000
-0.1792602539
-0.0298767090
0.1792602539
0.6535186768
-0.1005401611
0.3016204834
-0.0502777100
-0.3016204834
-0.0502777100
0.2010803223
-0.5027008057
0.0000000000
0.0000000000
0.0000000000
-0.2400054932
0.1199951172
0.0000000000
0.0000000000
-0.2400054932
0.2283172607
0.1141510010
0.1141510010
-0.3424682617
-0.3424682617
-0.3424682617
0.2283172607
-0.1141510010
0.0169677734
0.9838867188
0.0678558350
-0.1017761230
-0.0339202881
0.0339202881
0.0508880615
-0.0508880615
0.0168762207
0.0168762207
-0.3038635254
0.8271789551
0.1856994629
-0.1181640625
-0.0337677002
-0.4051513672
-0.0790557861
0.2371520996
0.2371520996
-0.3161926270
-0.3952484131
0.0790557861
0.6323852539
-0.0790557861
0.3068847656
-0.3836212158
-0.0767211914
-0.1534423828
-0.4603424072
-0.3836212158
0.1534423828
-0.3836212158
-0.2684936523
-0.3579864502
-0.0894927979
0.0894927979
0.6264953613
-0.2684936523
0.0894927979
-0.1790008545
0.5382385254
-0.0489349365
-0.2446594238
0.1957244873
-0.0489349365
0.2446594238
0.0000000000
-0.6850433350
0.9622344971
-0.0139465332
0.1115570068
-0.0836791992
-0.1673431396
0.0000000000
-0.1394500732
0.0278930664
0.1217193604
0.0202789307
0.9331359863
0.2028503418
-0.0811462402
-0.1419982910
-0.1622772217
-0.0811462402
-0.6543273926
0.0872497559
0.2181091309
0.1744842529
0.5670928955
0.2181091309
-0.0872497559
0.2181091309
-0.0587005615
0.0684814453
0.0489044189
0.0489044189
0.0097808838
0.0000000000
-0.9880065918
-0.0880432129
-0.0689392090
-0.2757263184
-0.5514678955
0.2068023682
-0.4825286865
0.3446655273
0.1378631592
0.2068023682
0.0000000000
0.9682922363
0.1434478760
-0.0537872314
0.0358581543
0.1075897217
0.1255187988
0.0000000000
0.0000000000
0.1776275635
-0.2664337158
-0.0888061523
0.2664337158
0.1776275635
0.0888061523
-0.7104949951
0.0000000000
0.0000000000
0.1242218018
0.0000000000
0.0000000000
-0.3726806641
-0.1242218018
-0.3726806641
-0.2716217041
-0.1629791260
-0.1086578369
-0.2173004150
-0.3259582520
-0.3259582520
0.6519012451
-0.3259582520
0.1014404297
-0.2028808594
0.0507202148
-0.5072021484
0.1521606445
-0.0507202148
0.7608032227
0.0000000000
0.1243286133
0.1243286133
-0.2486572266
-0.1243286133
0.0000000000
-0.2486572266
0.1243286133
0.1243286133
-0.2559661865
0.1279754639
0.3839416504
0.3199462891
0.5119171143
-0.4479370117
-0.0639953613
-0.2559661865
-0.0151214600
0.0604705811
0.9825897217
-0.0151214600
0.0604705811
0.0000000000
0.1360473633
-0.0302276611
0.2456817627
0.0000000000
0.1228332520
-0.1228332520
-0.2456817627
0.0000000000
0.1228332520
0.0000000000
-0.0386505127
-0.1159667969
0.1159667969
-0.9663543701
-0.1159667969
0.0193328857
0.0773010254
0.0773010254
-0.1819305420
0.8732452393
-0.0727691650
-0.2910766602
-0.1091613770
-0.1819305420
0.0727691650
0.1455383301
-0.4705352783
0.4277648926
-0.0427703857
0.3422088623
0.2994384766
-0.2994384766
0.3849945068
0.2994384766
-0.0988311768
0.0000000000
0.9224853516
0.0988311768
0.0988311768
-0.0658874512
0.1647338867
-0.2306213379
-0.3604583740
0.0450592041
0.1802368164
0.4956359863
0.6308135986
-0.0450592041
-0.2252960205
-0.2703552246
0.0578765869
0.0144653320
0.0289459229
0.9839477539
0.1157531738
-0.0144653320
-0.0723419189
0.0434112549
-0.1444549561
0.9492950439
-0.0206298828
0.1031799316
-0.0619049072
0.0825500488
0.1238250732
0.1651000977
0.5050354004
0.2057495117
0.5798645020
0.0561218262
0.0000000000
0.5050354004
-0.2618713379
-0.1683502197
0.0270690918
-0.9476165771
-0.1624450684
-0.0541534424
0.0270690918
-0.1895294189
0.0000000000
0.1082916260
0.2176971436
-0.1741638184
0.3918609619
0.0870819092
-0.5660095215
0.0000000000
0.4353942871
-0.4353942871
0.1064758301
0.0000000000
-0.1064758301
-0.1064758301
-0.1064758301
0.0000000000
0.1064758301
0.0000000000
0.2381439209
0.0000000000
0.1190643311
-0.2381439209
-0.2381439209
-0.3572082520
0.2381439209
-0.2381439209
0.0280456543
0.9536132812
0.1121826172
-0.0841369629
-0.1121826172
0.1121826172
0.1121826172
-0.0841369629
0.0180053711
0.0180053711
-0.2700958252
0.9003448486
0.1440582275
-0.0360107422
-0.0180053711
-0.2881011963
0.0797882080
0.1595764160
0.0000000000
-0.4787292480
0.0000000000
0.0797882080
0.7180938721
0.0000000000
0.3471221924
-0.1388549805
-0.2082824707
-0.4165496826
-0.3471221924
-0.4859771729
0.0694274902
-0.3471221924
-0.2207489014
-0.2943267822
0.0000000000
0.1471710205
0.7358245850
-0.2207489014
0.2207489014
-0.1471710205
0.3602905273
-0.0720520020
0.0720520020
0.1080932617
-0.1441192627
0.1801452637
-0.0720520020
-0.8647003174
0.9739837646
0.0367584229
0.0735015869
-0.0735015869
-0.0918884277
-0.0551300049
-0.1286315918
-0.0183715820
0.2380676270
0.0793609619
0.8464660645
0.1851654053
0.0000000000
-0.3438720703
-0.1851654053
-0.1058044434
-0.6188354492
0.0618896484
0.1237640381
0.1237640381
0.6188354492
0.1856536865
-0.0618896484
0.1856536865
-0.0861968994
0.1005706787
0.0861968994
0.1149291992
0.0431060791
0.1005706787
-0.9625549316
-0.1293029785
-0.1137847900
-0.1137847900
-0.7965240479
0.1706848145
-0.1706848145
0.3982696533
-0.1137847900
0.0569000244
-0.0830078125
0.7471008301
0.4150543213
-0.1245117188
0.0830078125
0.2075347900
0.3735504150
0.0415039062
0.0000000000
0.0000000000
-0.2295379639
-0.3443145752
0.2295379639
0.2295379639
0.0000000000
-0.4590759277
0.1196746826
-0.1196746826
0.0000000000
0.0000000000
0.1196746826
-0.4786834717
-0.1196746826
-0.3590087891
-0.1786346436
0.0000000000
-0.0595397949
-0.2977294922
-0.4763641357
-0.2977294922
0.5954589844
-0.2977294922
-0.1437377930
-0.2395629883
0.1437377930
-0.4311981201
0.2395629883
0.2395629883
0.7186737061
-0.0958251953
0.2432556152
0.0000000000
0.0000000000
-0.1216278076
0.0000000000
-0.2432556152
0.0000000000
0.1216278076
-0.3825073242
0.0765075684
0.3825073242
0.3059997559
0.4590148926
-0.3825073242
0.0000000000
-0.2295074463
-0.0413208008
-0.0206604004
0.9711608887
-0.0619964600
0.1446380615
-0.0413208008
0.1033172607
-0.0619964600
0.2490844727
-0.1245422363
0.2490844727
0.0000000000
-0.2490844727
0.2490844727
0.1245422363
0.1245422363
0.0000000000
-0.0655670166
0.1092834473
-0.9617309570
-0.1529998779
0.0218505859
0.0874328613
0.1092834473
-0.1555938721
0.8298339844
-0.1037292480
-0.2593231201
-0.2074584961
-0.1555938721
0.1037292480
0.2074584961
-0.4229431152
0.4229431152
0.0000000000
0.4229431152
0.3171997070
-0.3171997070
0.3171997070
0.2643432617
-0.2250518799
0.1125183105
0.7876739502
0.0562591553
0.2813110352
-0.2250518799
0.1687927246
-0.2250518799
-0.1860046387
0.2480010986
0.1240081787
0.3100128174
0.6200256348
0.0619964600
-0.3720092773
-0.3720092773
0.1023101807
0.0000000000
-0.0409240723
0.9617614746
0.2046356201
0.0000000000
-0.0613861084
0.0613861084
-0.1380004883
0.9430541992
-0.0690002441
0.0690002441
-0.0920104980
0.0229949951
0.1150054932
0.2070159912
0.4832000732
0.0483245850
0.6281738281
0.1691284180
0.1932830811
0.4348907471
-0.2416076660
-0.1932830811
0.0353546143
-0.9543914795
-0.0706939697
0.0000000000
0.0000000000
-0.1767425537
0.0000000000
0.1060485840
-0.0880889893
-0.2642517090
0.3523406982
-0.0440368652
-0.5725555420
-0.0440368652
0.5285186768
-0.3523406982
0.1113433838
0.0000000000
0.0000000000
-0.1113433838
-0.1113433838
0.1113433838
0.1113433838
0.1113433838
0.2474365234
-0.1237182617
-0.1237182617
0.0000000000
-0.1237182617
-0.2474365234
0.0000000000
-0.1237182617
0.0000000000
0.8498382568
0.1416320801
-0.0472106934
-0.2360687256
0.1888580322
0.2360687256
-0.1888580322
0.0562896729
0.0562896729
-0.2626495361
0.9192962646
0.1313323975
0.0187683105
0.0000000000
-0.2251281738
0.3349456787
0.0558166504
-0.0558166504
-0.5582427979
-0.3907623291
0.3349456787
0.3907623291
-0.2232971191
0.1552581787
0.0776367188
-0.0776367188
-0.5434112549
-0.2328948975
-0.6210327148
-0.1552581787
0.0000000000
0.0773925781
-0.0773925781
0.3096008301
0.1548004150
0.6965942383
0.0773925781
0.3869934082
-0.1548004150
0.2376861572
-0.0339508057
0.2037353516
0.1358184814
-0.1697845459
0.1358184814
-0.1358184814
-0.8828430176
0.9610900879
0.1098327637
0.0549163818
-0.1098327637
0.0274658203
-0.1098327637
-0.1098327637
0.0000000000
0.2163543701
0.2163543701
0.7031402588
0.2704315186
0.0000000000
-0.4867858887
0.0540924072
0.0540924072
-0.4566192627
-0.1141510010
0.1141510010
0.0000000000
0.4566192627
0.2283172607
0.0000000000
0.0000000000
-0.0796966553
0.1394653320
0.0996246338
0.1593933105
0.1195373535
0.1992340088
-0.9165039062
-0.1793212891
0.1058807373
0.0529479980
-0.7411804199
0.1588287354
0.0529479980
0.4764709473
-0.2117614746
-0.2117614746
0.0000000000
0.1034240723
0.5171051025
-0.2068481445
0.1034240723
0.1034240723
0.5171051025
0.0000000000
-0.1237182617
-0.1237182617
-0.1237182617
-0.2474365234
0.0000000000
0.2474365234
0.1237182617
0.0000000000
0.1243286133
-0.1243286133
-0.1243286133
0.1243286133
0.1243286133
-0.2486572266
0.0000000000
-0.2486572266
-0.2540588379
-0.0846862793
0.0846862793
-0.4234313965
-0.5081176758
-0.1693725586
0.4234313965
-0.1693725586
-0.2500915527
-0.2500915527
0.3501281738
-0.2500915527
0.2000732422
0.4501647949
0.5502014160
-0.2500915527
0.1150360107
0.0000000000
0.2300720215
0.0000000000
-0.1150360107
0.0000000000
-0.1150360107
0.0000000000
0.6389770508
-0.1825714111
0.0912780762
0.1825714111
0.0000000000
-0.0912780762
-0.4564056396
-0.0912780762
-0.0778808594
-0.1947174072
0.8956756592
-0.0389404297
0.3115386963
0.0000000000
-0.0778808594
0.0000000000
0.1064758301
-0.1064758301
0.1064758301
0.0000000000
-0.1064758301
0.1064758301
0.0000000000
0.0000000000
-0.0607147217
0.0000000000
0.1517791748
-0.9410247803
-0.1517791748
0.0303497314
-0.0303497314
0.1821289062
0.0000000000
0.8730468750
-0.0623626709
-0.0623626709
-0.2494506836
0.0000000000
-0.0623626709
0.1870880127
-0.3423614502
0.4279479980
0.0000000000
0.3423614502
0.3423614502
-0.2567596436
0.3423614502
0.1711730957
-0.1014251709
0.3042907715
0.0000000000
0.0000000000
0.4057312012
-0.3042907715
0.5071563721
-0.1014251709
0.1019134521
0.1019134521
-0.1019134521
0.2038421631
0.6115264893
0.2038421631
-0.2038421631
-0.3057556152
0.0975799561
0.0325317383
-0.1300964355
0.9432373047
0.1626281738
-0.0325317383
-0.0650482178
0.1300964355
-0.0249786377
0.9743347168
-0.0999298096
0.0499725342
-0.0249786377
-0.0249786377
-0.0249786377
0.1249084473
0.4186859131
-0.3768157959
0.4186859131
0.2093353271
0.4186859131
0.4186859131
-0.1674652100
-0.1674652100
0.0596466064
-0.8947753906
0.0000000000
-0.0596466064
0.0596466064
-0.2386016846
0.1193084717
0.0000000000
-0.1622619629
-0.4326934814
0.2704315186
-0.0540924072
-0.5949554443
-0.1081695557
0.3786163330
-0.3245239258
0.1150360107
0.0000000000
0.0000000000
-0.1150360107
-0.1150360107
0.0000000000
0.2300720215
0.0000000000
0.0000000000
-0.1237182617
-0.2474365234
0.1237182617
0.1237182617
0.0000000000
-0.2474365234
0.1237182617
-0.0904846191
0.9048309326
-0.0452423096
0.0452423096
-0.1809692383
0.1357269287
0.1809692383
-0.1357269287
0.1244049072
0.0000000000
-0.2902832031
0.9122924805
0.1244049072
0.1036682129
-0.0207366943
-0.1658782959
0.4696807861
-0.0854034424
0.0426940918
-0.4696807861
-0.5123901367
0.3415832520
0.2134857178
-0.2561950684
-0.0958251953
0.0958251953
0.0958251953
-0.4311981201
-0.0479125977
-0.6707611084
-0.3353729248
0.3832855225
0.3504943848
-0.1401977539
0.4205932617
0.0000000000
0.4205932617
0.5607910156
0.1401977539
-0.0700988770
0.1759948730
0.0440063477
0.1320037842
0.1759948730
-0.2200012207
0.0440063477
-0.1759948730
-0.8800048828
0.8020629883
0.0000000000
0.2789764404
-0.1743621826
0.1743621826
-0.2441101074
0.2441101074
0.2441101074
-0.0865173340
0.3460845947
-0.1730346680
0.3460845947
-0.0865173340
-0.5191192627
0.3460845947
0.2595672607
0.0000000000
-0.1178436279
0.1178436279
0.1178436279
0.0000000000
0.2357025146
-0.1178436279
0.0000000000
-0.0220947266
0.0883789062
0.0883789062
0.1104888916
0.0662841797
0.1767730713
-0.9501495361
-0.1325836182
0.2545776367
0.0000000000
-0.5940093994
0.0000000000
0.2121429443
0.5091400146
-0.0424346924
-0.4667205811
0.0000000000
-0.1234283447
0.1234283447
-0.2468566895
-0.2468566895
-0.2468566895
0.2468566895
0.2468566895
-0.1000061035
-0.1000061035
0.0000000000
0.0000000000
0.0000000000
0.1000061035
0.0000000000
0.1000061035
0.1113433838
-0.1113433838
-0.1113433838
0.1113433838
0.0000000000
0.0000000000
0.1113433838
-0.1113433838
-0.3221893311
-0.3221893311
0.2416381836
0.0805511475
-0.0805511475
0.4832916260
-0.4027404785
0.3221893311
-0.3145904541
-0.1572875977
0.5767364502
-0.1572875977
0.1572875977
0.3670196533
0.3670196533
-0.3670196533
0.0000000000
-0.1228332520
0.3685150146
0.1228332520
0.0000000000
0.0000000000
0.0000000000
0.0000000000
0.6050567627
-0.3025360107
-0.0756378174
0.4537963867
-0.1512603760
0.1512603760
-0.3025360107
0.0000000000
-0.3473510742
-0.4341888428
0.5210266113
-0.1736755371
0.2605133057
0.1736755371
-0.1736755371
0.0000000000
0.1064758301
-0.1064758301
0.0000000000
0.1064758301
0.0000000000
0.1064758301
0.0000000000
-0.1064758301
-0.0792236328
0.0000000000
0.1188201904
-0.9505920410
-0.0792236328
0.0792236328
-0.0792236328
0.0792236328
0.0408782959
0.9401855469
-0.0408782959
0.2043914795
-0.0817565918
0.0408782959
-0.0408782959
0.0817565918
-0.2432556152
0.1216278076
0.0000000000
0.0000000000
0.0000000000
0.0000000000
0.2432556152
-0.1216278076
0.0000000000
-0.0633544922
-0.8235321045
0.0633544922
0.2534027100
-0.1900482178
0.2534027100
0.1266937256
0.2307739258
0.0000000000
-0.2307739258
0.0000000000
0.3461608887
0.3461608887
-0.1153869629
-0.3461608887
0.0448760986
0.0897521973
0.0000000000
0.9423980713
0.0448760986
0.0000000000
-0.0448760986
0.1795043945
0.0392150879
0.9805603027
-0.0588378906
0.1372833252
-0.0196075439
0.0000000000
-0.0196075439
0.0392150879
0.2552490234
-0.7146911621
0.0000000000
0.0510559082
0.5104827881
0.2552490234
0.0000000000
-0.1020965576
0.1208343506
-0.2416839600
0.0000000000
-0.1208343506
0.0000000000
-0.4833679199
0.2416839600
-0.1208343506
0.2275390625
-0.4550781250
0.2275390625
0.1516876221
-0.6067810059
0.0000000000
0.2275390625
-0.2275390625
-0.0911560059
0.0000000000
0.0000000000
0.0000000000
0.0000000000
-0.0911560059
0.0911560059
0.0000000000
-0.1216278076
-0.1216278076
-0.1216278076
0.1216278076
0.0000000000
0.2432556152
-0.1216278076
0.1216278076
-0.0653686523
0.9477539062
-0.1307220459
0.0326843262
-0.0653686523
0.1634063721
0.0980377197
-0.0653686523
0.1159973145
-0.0927886963
-0.3479766846
0.8815460205
0.1159973145
0.2087860107
0.0231933594
-0.0695953369
0.4492797852
-0.1123199463
0.1871948242
-0.4118499756
-0.5241699219
0.4118499756
0.1497650146
-0.2620849609
-0.1708679199
0.2050323486
0.1708679199
-0.3759002686
0.1025238037
-0.6834564209
-0.2733917236
0.4100799561
0.3941040039
-0.1313629150
0.4816741943
0.0437927246
0.1751556396
0.7006225586
0.0875701904
0.0437927246
0.0858917236
0.0858917236
0.0000000000
0.2576904297
-0.1717987061
0.0858917236
-0.1717987061
-0.7730712891
0.5591735840
-0.1644592285
0.3289184570
-0.1973571777
0.0986785889
-0.2631378174
0.4933929443
0.3947143555
-0.2048797607
0.3414611816
0.4097595215
0.6146392822
0.0000000000
-0.0682983398
0.1365814209
0.3414611816
0.2432556152
0.0000000000
0.0000000000
0.1216278076
-0.1216278076
0.2432556152
0.0000000000
0.0000000000
-0.0230712891
0.0230712891
0.1615295410
0.0461425781
0.0230712891
0.1153717041
-0.9691314697
-0.0230712891
0.3222198486
-0.0402832031
-0.4430389404
-0.1611022949
0.1611022949
0.5638732910
-0.0402832031
-0.5236053467
-0.0878143311
0.6146697998
-0.4390411377
0.0000000000
-0.0878143311
-0.2634277344
0.0878143311
0.2634277344
0.0000000000
0.0000000000
-0.1199951172
-0.1199951172
0.2400054932
0.1199951172
-0.1199951172
0.1199951172
-0.1000061035
-0.1000061035
0.1000061035
0.1000061035
-0.1000061035
0.6999969482
0.1000061035
-0.3000030518
0.0887298584
0.0000000000
0.2366027832
0.3253326416
0.2070312500
0.5323638916
-0.5915069580
0.3549041748
-0.2549285889
-0.0637359619
0.5735778809
-0.3186645508
0.0000000000
0.2549285889
0.3186645508
-0.4461212158
0.0000000000
-0.1199951172
0.2400054932
0.1199951172
-0.1199951172
-0.1199951172
0.0000000000
0.1199951172
0.2497100830
-0.2497100830
0.0000000000
0.7491455078
0.0832366943
0.2497100830
-0.0832366943
0.0000000000
-0.4422149658
-0.3316650391
0.2211151123
-0.3316650391
0.1105499268
0.2211151123
0.0000000000
-0.1105499268
0.0000000000
-0.1113433838
0.0000000000
0.1113433838
0.0000000000
0.2226867676
0.0000000000
0.0000000000
-0.0561218262
0.0000000000
0.0000000000
-0.9820404053
-0.0561218262
0.0000000000
-0.0280609131
0.0561218262
0.0000000000
0.9642944336
-0.0567169189
0.1701660156
-0.0283660889
0.0850830078
-0.0567169189
0.0283660889
0.0000000000
0.1243286133
0.1243286133
-0.1243286133
-0.2486572266
0.1243286133
0.1243286133
-0.2486572266
-0.0563507080
-0.2817535400
-0.8452758789
0.0563507080
0.1690521240
0.0563507080
0.1127014160
0.2254028320
0.1190643311
0.0000000000
-0.2381439209
-0.2381439209
0.0000000000
0.1190643311
-0.2381439209
-0.4762878418
-0.2275848389
0.0000000000
0.2844696045
0.8534240723
0.1137847900
0.1137847900
0.0569000244
-0.0569000244
0.0815429688
0.9621734619
-0.0163116455
0.2283172607
-0.0652313232
0.0326232910
0.0326232910
0.0163116455
0.0565338135
-0.7914276123
-0.2261199951
-0.0565338135
0.4522552490
-0.0565338135
0.0565338135
0.0000000000
0.0656127930
0.9185791016
0.0000000000
-0.0656127930
0.0000000000
0.0000000000
-0.0656127930
0.0000000000
0.8176269531
-0.0681304932
-0.0681304932
0.2044067383
-0.3406677246
0.0681304932
0.0681304932
0.0000000000
0.1245422363
0.2490844727
-0.1245422363
-0.2490844727
0.2490844727
0.0000000000
-0.1245422363
-0.2490844727
0.4976654053
-0.1990661621
0.2985992432
-0.2985992432
-0.1990661621
-0.2985992432
0.1990661621
-0.0995330811
-0.0246582031
0.9860687256
0.0739593506
-0.0862884521
0.0616302490
-0.0493011475
0.0246582031
-0.0493011475
0.0948486328
-0.0158081055
-0.4110412598
0.7114105225
0.1106719971
-0.1739044189
0.1580963135
-0.4900817871
-0.1800537109
0.1350402832
0.4051055908
0.0450134277
-0.3600921631
0.3600921631
0.6751861572
-0.0450134277
0.0421295166
0.1263732910
0.3791351318
-0.0842590332
-0.4633941650
-0.7161560059
-0.0421295166
-0.2106323242
-0.2386169434
-0.4772338867
-0.0795440674
0.3976898193
0.4772338867
-0.1590728760
0.1590728760
-0.2386169434
0.4283447266
-0.0535430908
0.2141723633
0.1606292725
-0.4818878174
0.3212585449
-0.1606292725
-0.5354309082
0.9037628174
-0.1291046143
0.0387268066
0.0645599365
-0.2323913574
0.1032867432
-0.2969512939
0.0516510010
-0.0671539307
-0.1231079102
0.9288940430
0.3133544922
-0.1007232666
-0.0223846436
0.0111846924
-0.0671539307
-0.6697540283
0.3091278076
0.2060852051
0.0515136719
0.5151977539
0.1545562744
-0.1030426025
0.1545562744
-0.0907287598
0.0329895020
0.0412445068
0.0494842529
0.0329895020
0.0164947510
-0.9897766113
-0.0577392578
0.0000000000
-0.2357025146
-0.3535461426
-0.1178436279
-0.2357025146
0.3535461426
0.2357025146
-0.1178436279
0.0436859131
0.9900817871
-0.0145568848
-0.0145568848
-0.0727996826
0.0582427979
0.0000000000
0.0436859131
0.0898437500
0.0898437500
-0.2695465088
-0.0898437500
0.2695465088
0.1796875000
0.0000000000
-0.7187805176
0.0000000000
-0.1871185303
-0.1871185303
-0.1871185303
0.0935668945
-0.4678039551
-0.4678039551
-0.3742370605
0.3944702148
0.2958526611
0.1972351074
-0.2958526611
0.0000000000
0.0000000000
0.1972351074
-0.4930877686
-0.2189178467
-0.2189178467
0.1641845703
-0.2736511230
0.1641845703
-0.0547332764
0.8209533691
0.0000000000
0.1249389648
-0.2498779297
0.2498779297
-0.1249389648
-0.1249389648
-0.1249389648
-0.1249389648
0.2498779297
0.8487701416
-0.2425079346
0.0606231689
0.1212463379
0.2425079346
-0.0606231689
-0.0606231689
-0.1212463379
-0.0653228760
-0.0435485840
0.9798583984
-0.0870971680
0.0653228760
0.0217742920
-0.0653228760
-0.0435485840
0.2432556152
0.0000000000
0.0000000000
-0.1216278076
-0.2432556152
-0.1216278076
0.0000000000
0.0000000000
0.0000000000
0.0000000000
-0.0165710449
-0.9944763184
-0.0165710449
0.0165710449
0.0165710449
-0.0331420898
-0.0770416260
0.9502258301
-0.1027221680
0.0256805420
0.0000000000
-0.1284027100
0.2054595947
0.0000000000
-0.4535980225
0.4252471924
0.0283508301
0.3401947021
0.3118438721
-0.3685455322
0.3968963623
0.2834930420
-0.0852203369
0.0284118652
0.9090270996
0.0568084717
-0.0568084717
-0.1136322021
0.1988525391
-0.2840728760
-0.2891693115
-0.1156768799
-0.0578308105
0.5783538818
0.4626770020
-0.1156768799
-0.1156768799
-0.4626770020
0.0680694580
-0.1020965576
0.1020965576
0.8848876953
0.1361389160
0.1361389160
-0.3403472900
-0.0340270996
-0.1021423340
0.9830627441
-0.0893707275
-0.0382995605
0.0510711670
0.0000000000
0.0765991211
0.0000000000
0.5879974365
0.1959991455
0.2940063477
0.0980072021
-0.0195922852
0.6271972656
-0.1959991455
-0.2743988037
0.0796508789
-0.9160308838
-0.1194763184
-0.0398254395
-0.0398254395
-0.2787933350
-0.0398254395
0.0796508789
0.5153503418
-0.0937042236
0.2342529297
0.1873931885
-0.4684906006
0.0000000000
0.2810974121
-0.5153503418
0.0000000000
0.1199951172
-0.1199951172
-0.1199951172
0.2400054932
0.1199951172
0.0000000000
-0.1199951172
0.4953613281
0.0000000000
0.1981506348
-0.1981506348
-0.1981506348
-0.3963012695
0.1981506348
-0.2972259521
-0.0126800537
0.9892425537
0.0760955811
-0.0887756348
0.0253601074
-0.0126800537
0.0126800537
-0.0380401611
0.0504302979
-0.0252075195
-0.4412078857
0.8067626953
0.0756378174
-0.1008453369
0.1512756348
-0.3277435303
0.0584259033
0.0000000000
0.2336883545
-0.0584259033
-0.1752624512
0.1168518066
0.8763275146
-0.1168518066
0.3637542725
0.1818847656
0.3031311035
-0.2425079346
-0.1212463379
-0.7275085449
-0.1212463379
-0.0606231689
-0.1261901855
-0.4416809082
-0.1261901855
0.2523956299
0.6940765381
-0.2523956299
-0.1261901855
-0.1261901855
0.3690490723
0.0000000000
0.2460327148
0.1537780762
-0.2460327148
0.1845245361
-0.1230163574
-0.7996215820
0.9235382080
-0.1240539551
0.0137786865
0.0551300049
-0.1791992188
0.0689239502
-0.2894744873
0.0413513184
0.0135345459
-0.0812377930
0.9343109131
0.3114318848
-0.0406188965
-0.0812377930
-0.0677032471
-0.0677032471
-0.6844177246
0.3158874512
0.1579437256
0.0526428223
0.5264739990
0.1579437256
0.0000000000
0.1053009033
-0.1622772217
0.0668182373
0.0954589844
0.1431884766
0.0572662354
0.0954589844
-0.9545440674
-0.1145477295
-0.0540161133
-0.1620330811
-0.8641357422
0.1620330811
-0.1620330811
0.2700500488
0.0000000000
0.0540161133
-0.0169219971
0.9813537598
0.0507659912
-0.0507659912
-0.0169219971
0.0845947266
0.1015167236
0.0676727295
0.0000000000
0.0000000000
-0.2760772705
-0.0920257568
0.1840515137
0.1840515137
-0.0920257568
-0.7361907959
0.0981750488
0.0000000000
-0.0981750488
-0.0981750488
0.1963348389
-0.3926696777
-0.5890197754
-0.2945098877
0.0000000000
0.3774108887
-0.0943603516
-0.2830657959
-0.4717712402
0.0000000000
0.0943603516
-0.4717712402
-0.2206420898
-0.1765136719
0.2206420898
-0.3088989258
0.1323852539
0.3530273438
0.7501831055
-0.0882568359
0.2494506836
-0.1247253418
0.1247253418
0.0000000000
0.0000000000
-0.2494506836
0.0000000000
0.2494506836
0.2783508301
-0.0927886963
0.1855621338
0.2783508301
0.6494903564
-0.1855621338
0.1855621338
-0.0927886963
-0.0247192383
-0.0247192383
0.9638671875
-0.1730041504
0.0988616943
0.0494232178
-0.0741424561
0.0494232178
0.2226867676
0.0000000000
0.1113433838
-0.1113433838
0.0000000000
0.0000000000
0.0000000000
0.0000000000
0.0000000000
0.0000000000
0.0000000000
-0.9900817871
-0.1006927490
0.0000000000
0.0167846680
0.0167846680
-0.0718078613
0.9575042725
-0.0239410400
0.0478820801
0.0718078613
-0.1914978027
0.1196899414
-0.0239410400
-0.4600982666
0.4954833984
0.0353851318
0.3539276123
0.2831420898
-0.3539276123
0.3539276123
0.2123565674
-0.1578826904
0.0263214111
0.9209899902
0.1052551270
0.0263214111
-0.1052551270
0.1578826904
-0.2368316650
-0.2231445312
0.0743865967
0.0743865967
0.3719177246
0.6694488525
0.0743865967
-0.1487579346
-0.3719177246
0.1466064453
-0.1099548340
-0.0366516113
0.8796691895
0.2199249268
0.0366516113
-0.2932281494
0.1099548340
-0.0713500977
0.9847106934
-0.0998992920
-0.0142669678
0.0570831299
-0.0142669678
0.0428161621
0.0570831299
0.5535430908
0.1230163574
0.4715423584
0.1435089111
0.1025085449
0.5535430908
-0.1845092773
-0.2665252686
0.1025848389
-0.9574127197
-0.0341949463
-0.0341949463
-0.0341949463
-0.1025848389
-0.1025848389
0.1025848389
0.2941131592
-0.1176452637
0.4705810547
0.2352905273
-0.4705810547
0.1764678955
0.2941131592
-0.4117584229
0.2456817627
0.0000000000
-0.1228332520
-0.1228332520
0.0000000000
0.2456817627
0.0000000000
0.1228332520
0.4786834717
0.1196746826
0.1196746826
-0.1196746826
-0.1196746826
-0.2393341064
0.1196746826
-0.2393341064
-0.0183410645
0.9906921387
0.0183410645
-0.0366973877
-0.0733795166
0.0000000000
-0.0183410645
0.0000000000
0.0506591797
-0.0253295898
-0.3798980713
0.8737640381
0.0886383057
-0.0633087158
0.0886383057
-0.2532653809
0.1706848145
-0.0569000244
0.1706848145
-0.2844696045
-0.1137847900
0.2275848389
0.7965240479
-0.2275848389
0.2935485840
0.1467742920
0.2201538086
-0.5137023926
-0.0733795166
-0.4403076172
-0.4403076172
-0.0733795166
0.0000000000
-0.2803955078
-0.1401977539
0.3504943848
0.7710876465
0.0000000000
0.1401977539
0.0000000000
0.2572326660
0.0285797119
0.1714782715
0.1428985596
-0.2286376953
0.2000579834
-0.1714782715
-0.8574218750
0.9626617432
-0.0641784668
0.0213928223
-0.0427856445
-0.0855712891
-0.0213928223
-0.1925354004
0.0855712891
0.1207275391
0.0241394043
0.9175567627
0.2897491455
-0.0241394043
-0.1931762695
-0.0482940674
0.0000000000
-0.7742156982
0.1290283203
0.1290283203
-0.1290283203
0.4516296387
0.0645141602
0.0000000000
0.0645141602
-0.1247406006
0.0748443604
0.0997924805
0.1247406006
0.0498962402
0.0873260498
-0.9605407715
-0.1247406006
-0.0781860352
-0.1172790527
-0.7818145752
0.1563568115
-0.0781860352
0.5081787109
-0.1563568115
-0.0781860352
-0.1324920654
0.9539337158
0.0529937744
-0.0794982910
-0.0265045166
0.1059875488
0.1324920654
0.1059875488
-0.2405242920
0.0000000000
-0.1202545166
-0.1202545166
0.1202545166
0.2405242920
-0.1202545166
-0.4810485840
0.1250000000
0.2500000000
0.1250000000
0.0000000000
0.1250000000
-0.1250000000
-0.2500000000
-0.2500000000
-0.1871185303
0.1871185303
-0.1871185303
-0.0935668945
-0.7484741211
-0.0935668945
0.0000000000
-0.0935668945
-0.0875701904
-0.2189483643
0.3065185547
-0.3941040039
0.2189483643
0.3503112793
0.6568298340
-0.1751556396
0.1150360107
0.0000000000
0.0000000000
-0.1150360107
-0.1150360107
0.0000000000
-0.2300720215
0.0000000000
0.2644195557
-0.0881347656
0.4407043457
0.2644195557
0.4407043457
-0.3525543213
0.0000000000
-0.2644195557
0.0342559814
-0.1712646484
0.8563232422
-0.2397766113
0.2740325928
0.0685119629
-0.1370086670
0.2055206299
0.1113433838
0.1113433838
0.1113433838
-0.1113433838
0.0000000000
-0.1113433838
0.1113433838
0.0000000000
0.0000000000
0.0207977295
-0.0207977295
-0.9772338867
-0.1455383301
-0.0207977295
-0.0415802002
0.0831756592
-0.1020965576
0.9698486328
0.0000000000
0.0255279541
-0.0255279541
-0.1276092529
0.1020965576
0.0000000000
-0.4679870605
0.4679870605
0.0467987061
0.3743896484
0.3275909424
-0.3275909424
0.2807922363
0.2339935303
-0.2709045410
0.0000000000
0.8578491211
0.1806030273
0.1354522705
-0.1806030273
0.1806030273
-0.0903015137
-0.1082458496
0.1082458496
0.0000000000
0.2165069580
0.6495208740
0.1082458496
-0.2165069580
-0.1082458496
0.2185211182
-0.0874176025
-0.1748199463
0.8303985596
0.2622375488
0.0874176025
-0.2622375488
0.1311187744
-0.0172729492
0.9843597412
-0.0863494873
-0.0172729492
0.0345458984
-0.0345458984
0.0172729492
0.1036224365
0.5457153320
-0.0574493408
0.3446655273
0.2297668457
0.3159332275
0.5457153320
-0.1436157227
-0.2872161865
0.0395202637
-0.9483642578
-0.0395202637
0.0000000000
0.0395202637
-0.1185455322
-0.0790252686
0.1580657959
-0.3000030518
-0.4499969482
0.4499969482
0.0749969482
-0.3750000000
0.1499938965
0.0749969482
-0.3750000000
0.2486572266
0.0000000000
-0.1243286133
-0.1243286133
-0.1243286133
0.1243286133
-0.1243286133
0.2486572266
0.2300720215
-0.1150360107
0.0000000000
0.0000000000
-0.1150360107
-0.1150360107
0.0000000000
0.0000000000
-0.0348663330
0.9415435791
-0.0348663330
0.1046142578
-0.2092285156
0.0348663330
0.1046142578
-0.0697479248
0.0903930664
-0.0150604248
-0.3314361572
0.8888397217
0.1054534912
-0.0451965332
0.0753326416
-0.2561035156
0.3028259277
-0.1009368896
0.1009368896
-0.4374084473
-0.3028259277
0.4710540771
0.5046997070
-0.3028259277
-0.1111297607
0.1111297607
0.1111297607
-0.2778320312
0.0000000000
-0.7223510742
-0.3889617920
0.3333892822
0.1679992676
-0.4479827881
0.0000000000
0.2239990234
0.6719818115
0.3359832764
0.2239990234
0.0559997559
0.2230072021
0.0955810547
0.1592864990
0.1911468506
-0.2548675537
0.1592864990
-0.1274261475
-0.8601684570
0.9065704346
-0.0312652588
0.1563110352
-0.1250457764
0.0625152588
-0.1875610352
0.0625152588
0.2500915527
0.2157135010
0.0000000000
0.7010955811
0.4853668213
-0.1078643799
-0.2696533203
0.0000000000
0.2157135010
-0.5953521729
0.0000000000
0.0000000000
-0.1190643311
0.2381439209
0.0000000000
0.0000000000
0.0000000000
-0.0627136230
0.0940704346
0.1411132812
0.1097564697
0.0627136230
0.0940704346
-0.9563903809
-0.1411132812
0.1423797607
-0.0711822510
-0.5694885254
0.1423797607
0.1423797607
0.6406860352
-0.1779632568
-0.3559265137
-0.1604003906
0.8554687500
-0.2138671875
-0.1604003906
-0.1604003906
-0.0534667969
0.0534667969
0.2138671875
-0.3685150146
0.0000000000
0.0000000000
0.0000000000
0.0000000000
0.1228332520
-0.1228332520
0.0000000000
0.1199951172
0.1199951172
0.0000000000
0.0000000000
0.1199951172
-0.2400054932
-0.1199951172
0.1199951172
-0.4499969482
-0.3000030518
0.0749969482
0.0749969482
-0.3000030518
0.2250061035
-0.3000030518
0.5249938965
-0.0845489502
-0.2959442139
0.3804931641
-0.3382110596
0.2536621094
0.4227752686
0.5073242188
-0.2959442139
0.0000000000
-0.1150360107
0.1150360107
-0.1150360107
-0.1150360107
0.1150360107
-0.1150360107
-0.1150360107
0.1804046631
-0.3607940674
0.4510040283
0.4510040283
0.2705993652
-0.2705993652
0.0000000000
0.0000000000
0.0587158203
-0.3523406982
0.5872192383
-0.2936096191
0.2936096191
0.2936096191
-0.1761627197
0.3523406982
0.0000000000
-0.1064758301
0.1064758301
0.1064758301
0.0000000000
-0.1064758301
0.1064758301
0.0000000000
0.0000000000
0.0000000000
-0.0301208496
-0.9638519287
-0.1204833984
0.0000000000
-0.0602416992
0.1506042480
-0.0737152100
0.9828948975
0.0491485596
0.0491485596
-0.0245666504
0.0245666504
0.0245666504
0.0491485596
-0.4663238525
0.3997039795
0.0666198730
0.3997039795
0.3330841064
-0.2664642334
0.3330841064
0.1332397461
-0.3590087891
0.0000000000
-0.1196746826
0.2393341064
0.1196746826
-0.2393341064
0.3590087891
-0.1196746826
0.1166229248
0.0000000000
-0.2332305908
0.0000000000
0.4664764404
0.2332305908
-0.3498535156
0.0000000000
0.2047271729
0.0000000000
-0.2047271729
0.8189239502
0.0000000000
0.0000000000
-0.3070983887
0.2559051514
0.0503387451
0.9899444580
-0.0503387451
0.0335540771
0.0503387451
0.0000000000
-0.0335540771
0.0335540771
0.4789276123
-0.3047790527
0.0870819092
0.2176971436
0.5224761963
0.4353942871
-0.1741638184
-0.2612304688
0.0000000000
-0.8816223145
-0.0629730225
-0.0629730225
0.0629730225
-0.2518920898
0.0000000000
0.1259460449
0.1495819092
-0.5983428955
0.2991638184
0.0000000000
-0.4487609863
0.0000000000
0.0000000000
-0.3739624023
0.0000000000
-0.0785675049
0.0000000000
0.0000000000
0.0000000000
0.0785675049
0.0000000000
0.0000000000
0.0000000000
-0.1064758301
0.0000000000
0.1064758301
0.0000000000
0.1064758301
-0.1064758301
0.1064758301
-0.1037292480
0.8816986084
-0.1037292480
0.1037292480
-0.1555938721
0.1037292480
0.2074584961
-0.1555938721
0.1006469727
-0.0402526855
-0.3421936035
0.8856658936
0.0805206299
0.1207733154
0.0603790283
-0.2214202881
0.4105072021
-0.1094665527
0.0547332764
-0.4105072021
-0.4105072021
0.5473327637
0.2189331055
-0.3283996582
-0.1361389160
0.1361389160
0.1701660156
-0.2722778320
0.1701660156
-0.7147216797
-0.3403472900
0.4084167480
0.2875823975
-0.4519195557
0.2875823975
0.2054138184
0.4519195557
0.5340881348
0.2054138184
0.0410766602
0.1419525146
0.0000000000
0.1892700195
0.1892700195
-0.2839050293
0.1419525146
-0.0946350098
-0.8517303467
0.5390472412
-0.1078033447
0.3234252930
-0.2515563965
0.1078033447
-0.3593597412
0.4671783447
0.3593597412
0.0805511475
0.1611022949
0.3221893311
0.5638275146
-0.2416381836
-0.1611022949
0.0805511475
0.4832916260
0.0000000000
-0.1000061035
0.1000061035
0.1000061035
0.0000000000
0.1000061035
0.0000000000
0.0000000000
-0.0680236816
0.0906982422
0.2040710449
0.1133728027
0.0906982422
0.1360473633
-0.9296264648
-0.1587219238
0.2660217285
0.0000000000
-0.4560394287
0.0000000000
0.1900177002
0.6460571289
-0.1140136719
-0.4560394287
-0.0512542725
0.8199920654
-0.4099884033
-0.0512542725
0.0000000000
-0.1537475586
-0.0512542725
0.2050018311
-0.2456817627
-0.1228332520
0.0000000000
0.0000000000
0.1228332520
0.0000000000
-0.1228332520
0.2456817627
0.0000000000
-0.2495727539
-0.1247863770
-0.1247863770
0.1247863770
0.3743438721
-0.1247863770
-0.1247863770
0.0804290771
-0.0268096924
0.3217315674
0.2681121826
0.1876678467
0.5362091064
-0.5362091064
0.4289703369
-0.2403869629
-0.2403869629
0.3846130371
-0.2403869629
0.1923065186
0.3846130371
0.4807739258
-0.4326934814
0.0000000000
-0.1178436279
0.2357025146
0.0000000000
0.0000000000
0.1178436279
-0.1178436279
-0.1178436279
0.3513488770
-0.4918975830
0.1405334473
0.6324310303
-0.1405334473
0.0702667236
0.1405334473
0.0702667236
-0.2120971680
-0.4241790771
0.0000000000
-0.3181304932
0.1060485840
0.3181304932
-0.2120971680
0.3181304932
0.0000000000
-0.1178436279
0.1178436279
0.2357025146
0.0000000000
0.1178436279
0.1178436279
0.0000000000
-0.0286560059
-0.0286560059
-0.0859527588
-0.9741363525
-0.0859527588
0.0286560059
0.0000000000
0.0859527588
-0.0426025391
0.9800262451
0.0213012695
0.1278228760
0.0213012695
0.0639190674
0.0000000000
0.0426025391
-0.4469451904
0.3352050781
0.1117401123
0.2234802246
0.1117401123
-0.1117401123
0.3352050781
-0.1117401123
0.0000000000
-0.1512603760
-0.8319549561
0.1512603760
0.0756378174
-0.0756378174
0.2268981934
-0.0756378174
0.2246704102
0.1123352051
-0.2246704102
-0.3370056152
0.1123352051
0.2246704102
-0.3370056152
-0.3370056152
0.0639953613
0.0639953613
0.1279754639
0.8318786621
0.0000000000
-0.1279754639
-0.2559661865
0.2559661865
0.0793609619
0.9841156006
0.0000000000
0.1269836426
0.0158691406
0.0158691406
-0.0158691406
0.0158691406
0.1867218018
-0.6846466064
-0.3112030029
0.1244812012
0.4979248047
0.0000000000
-0.0622406006
-0.0622406006
0.0000000000
0.4689483643
-0.3517150879
0.1172332764
0.1172332764
-0.1172332764
-0.2344665527
0.1172332764
0.8291625977
-0.2763824463
0.0690917969
0.0690917969
-0.2072906494
0.0690917969
-0.1381988525
0.0000000000
-0.0911560059
0.0911560059
0.0000000000
0.0000000000
0.0911560059
0.0000000000
0.0000000000
0.0000000000
0.0000000000
-0.2500000000
0.2500000000
0.1250000000
-0.1250000000
0.2500000000
-0.1250000000
0.1250000000
-0.0528717041
0.8987426758
-0.2114715576
0.0528717041
-0.1585998535
0.0528717041
0.1057281494
-0.1057281494
0.0000000000
-0.0891571045
-0.2971954346
0.8915710449
0.0000000000
0.2674713135
0.0297241211
-0.0891571045
0.4158477783
-0.0639801025
0.1919250488
-0.3518676758
-0.4798278809
0.5438079834
0.0319824219
-0.3198852539
-0.2088470459
0.2436676025
0.1044311523
-0.2436676025
0.3828887939
-0.6265563965
-0.2088470459
0.4525146484
0.3879547119
-0.0775909424
0.5043487549
0.1551818848
0.1163940430
0.6595306396
0.1163940430
0.2327728271
0.0849761963
0.0000000000
0.1699676514
0.1699676514
-0.2549438477
0.1699676514
-0.0849761963
-0.7648468018
0.3891296387
-0.1556549072
0.2334747314
-0.2723846436
0.0389099121
-0.4280395508
0.6226043701
0.2723846436
-0.0492248535
0.4922637939
0.5414886475
0.4430389404
-0.1476745605
0.0000000000
0.0984497070
0.3938140869
0.2474365234
0.0000000000
-0.1237182617
0.0000000000
-0.2474365234
0.1237182617
0.1237182617
-0.1237182617
0.0000000000
0.0000000000
0.1281127930
0.0256195068
0.0512390137
0.1024932861
-0.9736633301
-0.0256195068
0.4961395264
0.0000000000
-0.1804199219
-0.1804199219
0.0451049805
0.6314544678
-0.1353149414
-0.4510345459
-0.0719604492
0.8635864258
-0.3598327637
-0.0359802246
0.1079406738
-0.1799163818
0.0000000000
0.1799163818
0.0000000000
0.1249389648
-0.1249389648
-0.1249389648
0.3748321533
0.1249389648
0.0000000000
0.2498779297
-0.1761627197
0.0000000000
0.2348937988
0.1174468994
-0.0587158203
0.8808288574
-0.0587158203
-0.0587158203
0.1569519043
0.0448455811
0.2914886475
0.3363189697
0.2242126465
0.5157012939
-0.5605468750
0.3587493896
-0.2055358887
-0.1541595459
0.5138397217
-0.1027679443
0.1027679443
0.4110717773
0.3596954346
-0.5138397217
0.0000000000
0.0000000000
0.0000000000
-0.0911560059
0.0000000000
0.0911560059
-0.0911560059
0.0000000000
0.2048797607
-0.2048797607
0.1365814209
0.7512207031
0.0000000000
0.1365814209
0.3414611816
0.2048797607
-0.4375762939
-0.2187805176
0.2187805176
-0.3281707764
0.1093902588
0.2187805176
-0.2187805176
0.2187805176
-0.0785675049
0.0000000000
0.0000000000
0.0000000000
0.0000000000
0.0785675049
0.0000000000
0.0000000000
0.0000000000
-0.0217132568
-0.0651245117
-0.9768524170
-0.1302490234
0.0217132568
0.0651245117
0.0651245117
-0.0218963623
0.9635772705
0.0000000000
0.1532897949
0.0218963623
0.1532897949
-0.0876007080
0.0218963623
0.1150360107
0.0000000000
0.2300720215
0.0000000000
-0.1150360107
0.1150360107
0.0000000000
0.0000000000
0.0797882080
-0.3191528320
-0.7180938721
0.1595764160
0.1595764160
0.0000000000
0.3191528320
-0.0797882080
0.1082458496
0.0000000000
-0.2165069580
-0.3247528076
0.1082458496
0.1082458496
-0.4330139160
-0.4330139160
-0.1740875244
0.0000000000
0.4062042236
0.8124084473
0.1160583496
-0.0580291748
-0.0580291748
-0.1160583496
0.0941009521
0.9724273682
0.0313720703
0.1882171631
-0.0313720703
0.0000000000
0.0156860352
0.0000000000
-0.1145324707
-0.6871795654
-0.4008636475
-0.0572662354
0.2863311768
-0.3435974121
0.1145324707
0.1717987061
0.0000000000
0.9044952393
-0.2261199951
0.0565338135
0.0565338135
0.0565338135
-0.1130676270
0.0565338135
0.8995666504
0.0000000000
-0.0599670410
0.0599670410
-0.1199493408
0.1199493408
-0.0599670410
0.1799163818
