-0.1228332520
0.1228332520
0.1228332520
0.1228332520
-0.1228332520
0.1228332520
-0.1228332520
-0.2456817627
0.1968994141
-0.7876129150
0.3938140869
-0.0492248535
-0.2461242676
-0.1968994141
0.0492248535
-0.0492248535
0.0549621582
0.9343414307
-0.1099243164
0.0824432373
-0.1099243164
0.0274810791
-0.0824432373
0.2473297119
0.1467895508
0.0978698730
-0.6361083984
0.5871734619
-0.1467895508
0.0000000000
-0.3425140381
0.0489349365
0.0747985840
0.2991638184
-0.0747985840
0.1495819092
0.5235443115
-0.2243804932
0.5235443115
0.2991638184
0.3856964111
0.0000000000
-0.3856964111
0.0964202881
0.4821166992
-0.2892761230
-0.1928405762
-0.0964202881
0.1569213867
0.4079895020
-0.0627746582
-0.2196960449
-0.6276855469
0.5021514893
-0.1255340576
0.2510681152
0.5685577393
-0.2842712402
-0.3790283203
0.0947570801
0.0000000000
0.0947570801
-0.2842712402
-0.1895141602
0.7707214355
-0.0770721436
-0.3082885742
0.1541442871
0.0770721436
0.4624328613
-0.1156005859
0.0000000000
0.0349731445
-0.1399078369
0.8744659424
0.3497924805
0.0000000000
-0.1748962402
-0.1049346924
0.1049346924
-0.2804260254
-0.6169433594
0.0560913086
0.0000000000
0.1682586670
0.4486846924
-0.3926086426
0.2243499756
-0.0691833496
0.1383819580
0.0000000000
0.0461273193
-0.1153106689
0.0691833496
-0.9686279297
0.0230560303
-0.1184692383
-0.4738464355
0.3553924561
0.1184692383
0.0000000000
0.0000000000
-0.2369232178
0.0000000000
-0.0581359863
0.9107666016
-0.3294219971
-0.1356506348
-0.1356506348
-0.0968933105
0.0000000000
-0.0193786621
-0.1178436279
0.1178436279
-0.1178436279
0.0000000000
0.3535461426
-0.4714050293
0.0000000000
0.2357025146
-0.0784759521
0.3531646729
0.1961975098
0.1961975098
-0.1177215576
0.3139343262
0.7848205566
0.1177215576
0.0713195801
0.4279479980
0.5706024170
0.0000000000
0.0000000000
0.4992675781
-0.2139739990
-0.1426544189
0.2420806885
0.0269012451
-0.2420806885
-0.3227691650
-0.1075897217
-0.5110626221
-0.5648498535
0.4034729004
-0.0977325439
-0.1954498291
-0.6840820312
-0.1954498291
-0.0977325439
0.0000000000
-0.0977325439
0.2931823730
0.6952514648
-0.0514984131
-0.1029968262
-0.4635009766
-0.3862457275
0.1287536621
-0.0772552490
0.3089904785
0.0000000000
0.0972900391
0.4864349365
0.0972900391
-0.3891448975
0.0972900391
0.4864349365
0.0972900391
-0.2307739258
-0.4615325928
0.0000000000
0.2307739258
-0.3461608887
0.1153869629
0.1153869629
0.1153869629
0.1049804688
-0.1049804688
0.1049804688
-0.4199066162
-0.1049804688
-0.3149414062
0.0000000000
0.5248870850
-0.0829467773
0.9539794922
0.1036987305
0.0622100830
0.2073822021
0.1036987305
-0.0207366943
-0.0207366943
-0.2829589844
0.2122192383
0.0000000000
0.4244384766
0.2829589844
-0.4598083496
0.3890686035
0.4598083496
-0.1950225830
-0.6338348389
-0.2437896729
0.0975189209
-0.0487518311
0.2437896729
-0.0975189209
0.5850830078
-0.0627288818
0.1254577637
-0.0627288818
-0.0627288818
0.6899871826
-0.5018005371
0.1254577637
-0.3136291504
-0.0917816162
0.1147308350
-0.1376800537
0.9408111572
-0.1147308350
0.1835784912
-0.0917816162
0.0458984375
-0.3501281738
0.5502014160
0.0000000000
-0.1000366211
-0.3501281738
-0.6002197266
0.0000000000
0.0000000000
0.6570434570
0.1642608643
0.0000000000
-0.4927825928
-0.1642608643
0.0821380615
0.0821380615
-0.1642608643
0.2028656006
-0.5071563721
-0.2028656006
0.1014251709
-0.1014251709
-0.3042907715
0.4057312012
0.1014251709
0.8565368652
-0.0951690674
0.3330993652
0.0475921631
0.2379302979
-0.0475921631
-0.0475921631
-0.0951690674
-0.2474365234
0.2474365234
0.1237182617
0.0000000000
0.1237182617
0.0000000000
-0.1237182617
-0.1237182617
0.1427612305
-0.8089447021
0.3806762695
-0.0475921631
-0.1427612305
-0.2855072021
0.0475921631
0.0000000000
0.0000000000
0.9580535889
-0.1197509766
0.0958099365
-0.0478973389
0.0239562988
-0.0239562988
0.1916046143
0.2419891357
0.0537719727
-0.6453094482
0.6184234619
-0.1075592041
-0.1613311768
-0.0806579590
-0.2688751221
-0.1023712158
0.2047271729
-0.0511779785
0.1535491943
0.3070983887
-0.1535491943
0.7677307129
0.3582763672
0.3518981934
0.0502777100
-0.1005401611
0.4021606445
0.7037811279
-0.3016204834
0.1005401611
-0.1508178711
0.1608123779
0.3484191895
-0.0536041260
-0.1876068115
-0.7236328125
0.4288177490
-0.1608123779
0.2412109375
0.6008758545
0.0000000000
-0.5341186523
0.1335296631
-0.0667572021
0.2002868652
-0.2670593262
-0.2670593262
0.7970123291
-0.1138610840
-0.1423187256
0.1138610840
0.0000000000
0.5123596191
-0.1707916260
-0.0284576416
0.0752563477
-0.1505126953
0.9030761719
0.3574676514
-0.0376281738
-0.1128845215
-0.0376281738
0.0376281738
-0.4282684326
-0.5234375000
0.1427612305
-0.1427612305
0.1903381348
0.3806762695
-0.4758453369
0.1427612305
-0.0150756836
0.0301666260
-0.0754089355
-0.0603179932
-0.1055603027
-0.0452423096
-0.9802398682
0.0904846191
-0.1312255859
-0.2624511719
0.7873535156
0.1312255859
0.1312255859
0.0656127930
-0.3280639648
-0.0656127930
-0.0395965576
0.9505004883
-0.2508239746
-0.0792083740
-0.1188049316
-0.0395965576
-0.0131988525
-0.0660095215
-0.1147766113
0.1147766113
-0.2295379639
0.1147766113
0.3443145752
-0.4590759277
-0.1147766113
-0.2295379639
-0.0408477783
0.4901275635
0.1633758545
0.1633758545
-0.0816802979
0.3675842285
0.6943359375
0.1633758545
0.3301239014
0.4716033936
0.5659332275
0.0943145752
-0.0943145752
0.4716033936
-0.1886444092
0.0000000000
0.2921447754
0.0243530273
-0.2191162109
-0.3164978027
-0.1460723877
-0.4382171631
-0.5842895508
0.4382171631
-0.0628509521
-0.1257019043
-0.8798828125
-0.0628509521
-0.1257019043
0.1257019043
-0.0628509521
0.1885528564
0.6526031494
-0.0181274414
-0.0543823242
-0.5438385010
-0.3988037109
0.0906372070
-0.1812744141
0.2537841797
0.2219390869
-0.0739746094
0.6658172607
0.2219390869
-0.3698883057
-0.1479644775
0.2959136963
-0.1479644775
-0.2381439209
-0.3572082520
0.1190643311
0.2381439209
-0.3572082520
0.1190643311
-0.1190643311
0.1190643311
-0.0846862793
0.0000000000
0.2540588379
-0.7621765137
-0.2540588379
-0.0846862793
0.0000000000
0.1693725586
0.0000000000
0.9731597900
0.0871429443
0.0871429443
0.1597747803
0.0726165771
0.0000000000
-0.0145263672
-0.3289031982
0.2192687988
0.0548095703
0.4659423828
0.3014831543
-0.4111175537
0.3837127686
0.4385223389
-0.1296386719
-0.6049804688
0.2160644531
0.0000000000
0.0864257812
0.1296386719
-0.0864257812
0.6914062500
0.0536193848
0.0536193848
-0.1072387695
-0.2144775391
0.5361938477
-0.6434478760
0.0000000000
-0.3753356934
-0.0410308838
0.1230926514
-0.0615386963
0.9231719971
-0.2051544189
0.2461700439
-0.1025695801
0.0205078125
-0.3301696777
0.7924194336
-0.0660400391
-0.1320648193
-0.1981048584
-0.3631896973
0.1320648193
-0.1320648193
0.6124572754
0.3499755859
0.0000000000
-0.3499755859
-0.1312408447
0.4812164307
-0.2624816895
0.0000000000
0.1235351562
-0.8029632568
0.1235351562
0.0617675781
-0.0617675781
-0.1853027344
0.3088378906
0.2470703125
0.9248352051
0.0711364746
0.2134246826
0.1067199707
0.1422882080
0.0000000000
-0.0355682373
-0.1422882080
0.0000000000
0.2456817627
0.0000000000
0.0000000000
0.1228332520
-0.2456817627
-0.1228332520
0.1228332520
0.2212371826
-0.6637268066
0.4424896240
-0.0553131104
0.0000000000
-0.4424896240
0.1106262207
-0.0553131104
0.0738220215
0.9597778320
-0.0984344482
0.0984344482
0.0000000000
0.0492248535
0.0492248535
0.1722717285
0.1772918701
0.0443267822
-0.5762023926
0.5983581543
-0.1108093262
-0.1994476318
0.1772918701
-0.4210662842
0.0000000000
0.0647888184
0.0647888184
0.0647888184
0.0000000000
-0.1943664551
0.7774353027
0.4535064697
0.2916107178
0.1166534424
0.0583190918
0.4082641602
0.6998748779
-0.1166534424
0.1749725342
-0.2916107178
0.0319671631
0.2238006592
-0.0319671631
-0.3197174072
-0.5435180664
0.6074676514
-0.2557830811
0.2877502441
0.4697723389
0.1879119873
-0.5637359619
-0.1879119873
0.0000000000
0.1879119873
-0.1879119873
0.0939483643
0.8510284424
-0.2182159424
0.0000000000
0.1745758057
-0.0654602051
0.3709564209
-0.1963958740
0.0436401367
0.0000000000
-0.0590820312
0.9601440430
0.2215728760
-0.0886230469
-0.0886230469
0.0443115234
-0.0295410156
-0.6834716797
-0.3154449463
0.2628784180
-0.1577301025
0.2102966309
0.1577301025
-0.4205932617
0.0525817871
-0.0863189697
0.0755310059
-0.0215759277
-0.0647430420
-0.0755310059
-0.0323791504
-0.9819641113
0.0863189697
-0.4814910889
-0.1805572510
0.6620635986
-0.3009338379
-0.1203765869
0.2407531738
-0.1203765869
0.0000000000
-0.0262451172
0.9709167480
-0.1836853027
-0.0655975342
-0.0787200928
-0.0262451172
0.0000000000
-0.0787200928
0.0000000000
0.0000000000
-0.2428131104
0.0000000000
0.4856262207
-0.1213989258
-0.1213989258
-0.2428131104
0.0000000000
0.5300750732
0.0963745117
0.0000000000
-0.0963745117
0.4818878174
0.6264495850
0.0000000000
0.5864715576
0.4265136719
0.4265136719
0.1066284180
0.0000000000
0.4265136719
-0.0533142090
-0.0533142090
0.5084686279
-0.0565032959
0.0000000000
-0.2824859619
-0.1412353516
-0.4519653320
-0.4519653320
0.4519653320
0.0485229492
0.0000000000
-0.9220123291
0.0000000000
-0.1941070557
-0.0485229492
-0.0970611572
0.1455841064
0.6617584229
0.0000000000
-0.0357666016
-0.5723266602
-0.3219451904
0.0357666016
-0.2682800293
0.2146301270
0.1735076904
-0.1735076904
0.7518615723
0.2313385010
-0.0578308105
-0.3470153809
0.0578308105
-0.2891693115
-0.1202545166
-0.2405242920
0.1202545166
0.0000000000
-0.3607788086
0.3607788086
0.0000000000
-0.2405242920
-0.1284484863
0.0000000000
0.2568969727
-0.8991241455
-0.1712646484
0.1284484863
-0.0428161621
0.0428161621
0.0475158691
0.9820251465
0.0316772461
0.1267089844
-0.0316772461
0.0633544922
0.0316772461
-0.0475158691
-0.4224548340
0.3017578125
0.2112274170
0.4224548340
0.2414093018
-0.3621063232
0.3319244385
0.4224548340
0.0000000000
-0.1430053711
0.9295501709
0.0715026855
0.1072540283
0.0000000000
0.1072540283
0.2145080566
-0.1109619141
-0.0554809570
-0.1109619141
0.0554809570
0.7212524414
-0.5548095703
-0.1664428711
0.1109619141
-0.0342712402
0.2056427002
0.0685424805
0.8568267822
-0.2741851807
0.2741851807
-0.1028137207
-0.1371002197
-0.0564270020
0.9310760498
-0.0564270020
-0.1410675049
-0.1410675049
-0.1692810059
0.1128540039
-0.1410675049
0.4384002686
0.3372344971
0.1348876953
-0.2023468018
-0.1011657715
0.6744689941
-0.3035125732
-0.2023468018
0.0581207275
-0.8719024658
0.2324981689
-0.0581207275
-0.0581207275
0.1743774414
0.0581207275
0.1743774414
0.9176940918
0.0509796143
0.2039337158
0.1019592285
0.0509796143
-0.0509796143
0.1019592285
-0.0509796143
0.2357025146
0.1178436279
0.0000000000
0.1178436279
0.0000000000
-0.1178436279
0.0000000000
0.1178436279
0.2959136963
-0.5178527832
0.3698883057
-0.2219390869
0.0739746094
-0.4438781738
0.2219390869
-0.1479644775
0.0517883301
0.9322662354
-0.1294860840
0.1812744141
0.0776824951
0.1553802490
0.0517883301
0.1553802490
0.1412963867
0.0847778320
-0.4238891602
0.6782226562
-0.1412963867
0.0565185547
0.2825927734
-0.4521484375
0.2523956299
0.1261901855
0.0000000000
0.2523956299
-0.1892852783
-0.1892852783
0.6309814453
0.5047760010
0.1128845215
0.0000000000
0.0564422607
0.2257690430
0.7337341309
0.5079650879
-0.0564422607
0.1693267822
-0.0343780518
0.1374969482
0.0000000000
-0.2749938965
-0.2749938965
0.7562408447
-0.2749938965
0.3781127930
0.4352722168
0.1088256836
-0.3264617920
0.0000000000
-0.2176361084
0.4352722168
0.0000000000
0.1088256836
0.9109954834
-0.2045135498
-0.0371856689
0.2045135498
-0.0371856689
0.1487274170
-0.2045135498
0.0929565430
-0.0293731689
-0.0146789551
0.9837951660
0.0440521240
-0.1027832031
-0.0146789551
0.0293731689
-0.1027832031
-0.8113098145
-0.1081695557
0.2704315186
-0.1081695557
0.2704315186
0.0000000000
-0.2704315186
-0.0540924072
-0.1544799805
0.0965423584
0.0289611816
-0.0193023682
-0.0965423584
-0.0096588135
-0.9751281738
0.0482788086
-0.7264099121
-0.1981201172
-0.0660400391
-0.3962249756
0.1320800781
0.1981201172
0.0000000000
-0.2641448975
-0.0384674072
0.9807586670
-0.1153869629
-0.0769195557
-0.0384674072
-0.0192260742
0.0192260742
0.0576934814
0.1224670410
-0.1224670410
-0.2449493408
-0.2449493408
0.2449493408
0.0000000000
-0.1224670410
-0.3674163818
-0.0901184082
0.4055175781
0.0450592041
0.0450592041
-0.0901184082
0.6308135986
0.5857543945
-0.0901184082
0.6609802246
0.2832794189
0.4249114990
0.0944213867
0.1416320801
0.4249114990
0.0000000000
0.1416320801
0.6798553467
-0.0543823242
0.1903686523
-0.3263397217
-0.0543823242
-0.4623107910
-0.1631622314
0.3535308838
0.0000000000
0.1527557373
-0.8655853271
0.0509185791
-0.2545776367
-0.1527557373
0.1018371582
0.2036743164
0.6428985596
-0.0514373779
-0.0257110596
-0.5143127441
-0.4114532471
-0.0257110596
-0.3085937500
0.1800079346
0.2031402588
-0.1015777588
0.8125762939
0.2539215088
0.0507812500
-0.2031402588
-0.0507812500
-0.3047180176
-0.1196746826
-0.2393341064
0.0000000000
0.1196746826
-0.3590087891
0.3590087891
0.1196746826
-0.2393341064
0.0000000000
0.0323333740
0.2586975098
-0.9377899170
0.0323333740
0.1293487549
0.0000000000
-0.0323333740
0.1096801758
0.8993835449
-0.0658111572
0.2632293701
-0.2632293701
0.1096801758
0.0658111572
-0.0658111572
-0.4995727539
0.4638824463
0.2497863770
0.4282073975
0.1427307129
-0.3211517334
0.2497863770
0.2497863770
0.0815277100
0.1902160645
0.9510955811
0.0543518066
0.0000000000
0.0271759033
0.0815277100
-0.1358642578
0.1031799316
0.3095245361
-0.2063598633
0.0000000000
0.6706542969
-0.5158843994
-0.1547698975
0.1547698975
-0.2676544189
0.4014739990
0.1338195801
0.2676544189
-0.1338195801
0.5353088379
-0.0669097900
-0.4683837891
-0.0691223145
0.8639678955
0.0000000000
-0.0691223145
-0.3801422119
-0.0345611572
0.2419128418
-0.0345611572
0.4209289551
0.3607940674
0.2405242920
-0.1202697754
0.0300598145
0.6313934326
-0.1202697754
-0.4209289551
0.0000000000
-0.9202880859
0.2509918213
-0.0836639404
-0.0418243408
0.0836639404
-0.1254882812
0.0418243408
0.1471710205
-0.2207489014
-0.0735778809
-0.4414978027
0.0000000000
-0.6622314453
0.2943267822
-0.1471710205
0.2474365234
0.1237182617
0.0000000000
-0.2474365234
-0.1237182617
-0.1237182617
-0.1237182617
0.0000000000
0.3840026855
-0.2879943848
0.2879943848
-0.0959930420
0.0959930420
-0.5760040283
0.0000000000
-0.0959930420
0.0380096436
0.9693450928
-0.0950317383
0.1520538330
0.0190124512
0.0760345459
0.0000000000
0.0950317383
0.0000000000
0.0407562256
-0.4075622559
0.8354949951
-0.1018829346
0.2241516113
0.1833953857
-0.1630249023
0.3940429688
0.0000000000
-0.0788116455
0.2364196777
-0.3940429688
-0.2364196777
0.5516510010
0.2364196777
-0.0970611572
0.0485229492
0.1941070557
-0.0970611572
0.6308441162
0.6308441162
0.0970611572
0.2426300049
-0.1033172607
-0.1033172607
-0.2066345215
-0.2582855225
0.0000000000
0.7232055664
-0.2066345215
0.4649200439
0.2985992432
-0.1990661621
0.2985992432
0.0995330811
-0.1990661621
0.5971984863
-0.0995330811
0.0995330811
0.9427185059
-0.1920318604
-0.0349121094
0.1571197510
0.0174560547
0.0349121094
-0.1920318604
0.0174560547
0.0000000000
-0.0402526855
0.9659881592
-0.0402526855
0.0000000000
0.1006164551
-0.1207427979
-0.1609954834
-0.8029785156
0.0729980469
0.0729980469
-0.0729980469
0.2919921875
-0.2189941406
-0.1459960938
0.0729980469
-0.1628570557
0.0125274658
0.0501098633
0.0751647949
-0.0375823975
0.0501098633
-0.9771423340
0.0375823975
-0.4285430908
-0.0428619385
-0.8142395020
-0.0857086182
0.1285705566
0.2571258545
0.0428619385
0.0000000000
0.0515747070
0.9540100098
-0.2062683105
0.0515747070
0.1289215088
0.0257873535
0.0257873535
0.0515747070
0.1250000000
-0.3750000000
0.0000000000
-0.1250000000
-0.1250000000
0.0000000000
0.0000000000
-0.2500000000
-0.1041564941
0.3645172119
0.1562194824
0.1041564941
-0.2082977295
0.7290496826
0.3645172119
-0.1562194824
0.6223754883
0.3111877441
0.4149169922
0.1555938721
0.2074584961
0.3111877441
0.1555938721
0.2593231201
0.6453247070
0.0000000000
0.2639923096
-0.3813323975
-0.0586700439
-0.4693298340
-0.1759948730
0.2933349609
0.0000000000
0.0000000000
-0.8806304932
0.0733795166
-0.0733795166
-0.0733795166
0.0733795166
0.1467742920
0.5195312500
-0.0865936279
0.0000000000
-0.2597656250
-0.6927032471
-0.1731719971
-0.2597656250
-0.1298828125
0.1111297607
-0.1111297607
0.7779235840
0.2778320312
0.0000000000
-0.1111297607
-0.1667022705
-0.3889617920
-0.2432556152
0.0000000000
0.0000000000
0.0000000000
0.0000000000
0.2432556152
0.1216278076
-0.1216278076
0.0280761719
0.0000000000
0.2246398926
-0.9547424316
-0.0280761719
0.0842437744
0.0280761719
-0.0561676025
0.2066802979
0.8726654053
-0.1148223877
0.3215026855
-0.2066802979
0.1377868652
0.0229644775
0.0000000000
-0.6110076904
0.5091705322
0.2036743164
0.3054962158
0.2036743164
-0.2036743164
0.1527557373
0.2036743164
0.0690307617
0.2071075439
0.9319610596
-0.0345153809
0.0000000000
0.0000000000
0.0345153809
-0.2071075439
0.0826873779
0.3307189941
-0.0826721191
-0.1653594971
0.6614379883
-0.4133911133
0.0000000000
0.0826873779
-0.4217681885
0.2635955811
0.2108764648
0.4744873047
0.0527191162
0.3163299561
0.1054382324
-0.5272064209
-0.0398254395
0.8762054443
0.0000000000
0.0796508789
-0.3186187744
0.1194763184
0.2389678955
0.0000000000
0.4015808105
0.4551239014
0.4551239014
0.0267791748
0.0267791748
0.4819030762
-0.0803222656
-0.4015808105
0.0641784668
-0.9626159668
0.1604309082
-0.0320892334
0.0000000000
0.0641784668
-0.0320892334
-0.0641784668
0.3713073730
-0.1237640381
-0.3094177246
-0.4331817627
0.1856536865
-0.6188354492
-0.1237640381
-0.0618896484
0.0000000000
-0.0785675049
0.0000000000
0.0000000000
-0.0785675049
0.0000000000
0.0000000000
0.0000000000
0.2500000000
-0.1250000000
0.0000000000
0.1250000000
0.0000000000
-0.3750000000
0.0000000000
-0.1250000000
0.1324768066
0.9715270996
-0.0220794678
0.0883178711
-0.0220794678
0.0441589355
0.0000000000
0.1103973389
-0.0495147705
0.0247650146
-0.3961639404
0.8666076660
-0.0495147705
0.1980743408
0.1485595703
-0.0742797852
-0.0874786377
-0.1749572754
0.2624511719
0.0874786377
-0.5248870850
0.2624511719
0.5248870850
0.0000000000
-0.0618896484
-0.1856536865
0.0000000000
-0.0618896484
0.4950714111
0.7425994873
0.0000000000
0.1856536865
0.0000000000
-0.5413513184
-0.2706756592
-0.1353454590
0.4736785889
0.4060211182
0.0000000000
0.2706756592
0.5685577393
0.0947570801
0.2842712402
0.0000000000
-0.1895141602
0.4738006592
0.0000000000
-0.0947570801
0.9218139648
-0.2560577393
-0.1280364990
0.0256042480
0.1792449951
-0.0768127441
-0.0512084961
-0.0768127441
0.0560455322
-0.0840759277
0.8968048096
-0.0280303955
0.0840759277
0.2241973877
-0.2522277832
-0.1961822510
-0.3736267090
0.1245422363
-0.1245422363
-0.1245422363
0.2490844727
-0.1245422363
0.1245422363
0.1245422363
-0.1741485596
-0.0435333252
0.1088409424
0.2176971436
0.0435333252
0.0870819092
-0.9360809326
-0.0870819092
-0.3504791260
0.0778808594
-0.7398986816
0.0778808594
0.0778808594
0.5062561035
-0.0778808594
0.0000000000
0.0445709229
0.8912811279
-0.2228240967
0.1336975098
0.2228240967
-0.1336975098
0.0445709229
-0.0445709229
0.0000000000
-0.3711547852
-0.1237182617
0.0000000000
0.0000000000
-0.1237182617
0.0000000000
0.1237182617
0.0000000000
0.2243804932
0.2991638184
-0.0747985840
-0.1495819092
0.6731262207
0.3739624023
-0.2243804932
0.5187683105
0.6130828857
0.2358093262
0.2358093262
0.2829589844
0.1886444092
0.1414794922
0.1886444092
0.6194763184
0.0000000000
0.3441467285
-0.4473876953
-0.0344085693
-0.4129791260
-0.1720733643
0.2409057617
0.0000000000
0.0000000000
-0.4991302490
0.1247863770
0.0000000000
0.0000000000
0.0000000000
-0.1247863770
0.1306610107
0.0653381348
0.0000000000
-0.1306610107
-0.7840118408
-0.2613372803
-0.2613372803
-0.2613372803
0.2044067383
-0.2044067383
0.5450744629
0.3406677246
0.4769439697
0.0681304932
-0.2044067383
-0.2725372314
0.0000000000
0.0000000000
0.0000000000
0.0000000000
0.0000000000
0.2129516602
0.0000000000
-0.1064758301
0.0283355713
-0.0566711426
0.1983642578
-0.9635162354
0.0000000000
0.0283355713
-0.0283355713
0.0283355713
0.0322418213
0.9348602295
-0.0322418213
0.2256622314
-0.0967102051
0.0644683838
0.0000000000
0.1611785889
-0.5308380127
0.4423675537
0.1769409180
0.2654266357
0.2654266357
-0.0884704590
0.0000000000
0.2654266357
-0.0589294434
0.2946319580
0.8249511719
-0.2357025146
0.0000000000
-0.0589294434
0.0000000000
-0.2357025146
0.1796875000
0.4492340088
0.0000000000
-0.0898437500
0.6289367676
-0.0898437500
0.0000000000
0.2695465088
-0.1771850586
-0.0354309082
0.1063079834
0.9213562012
0.0354309082
0.0000000000
0.1417388916
-0.2126159668
0.0000000000
0.8634643555
-0.0431671143
0.0863494873
-0.3022155762
0.1726989746
0.2158660889
0.1295166016
0.3624267578
0.3624267578
0.6040496826
0.1208038330
0.1208038330
0.4228363037
-0.0604095459
-0.3624267578
0.0538482666
-0.9154815674
0.1615600586
-0.0538482666
-0.1077117920
0.1077117920
0.0000000000
-0.1077117920
0.4764709473
-0.2117614746
-0.1588287354
-0.5294189453
-0.0529479980
-0.5294189453
-0.0529479980
-0.2117614746
-0.2432556152
0.1216278076
0.0000000000
0.0000000000
-0.2432556152
0.0000000000
0.0000000000
-0.1216278076
0.2873382568
-0.7388916016
0.4515380859
0.0000000000
-0.2052459717
-0.1641998291
0.0410461426
-0.2052459717
-0.0320434570
0.8970489502
-0.2563018799
0.1281433105
-0.1281433105
0.0000000000
-0.1601867676
0.1922302246
0.1343536377
0.1791381836
-0.8061523438
0.2687225342
0.0447845459
0.1791381836
-0.3582916260
0.0000000000
-0.1016998291
0.2033996582
-0.1016998291
0.3050994873
0.6102142334
-0.5593566895
-0.1016998291
0.2542572021
0.4190521240
-0.1676177979
-0.4190368652
0.4190521240
-0.2514190674
-0.1676177979
0.0000000000
-0.3352355957
0.1972503662
0.5260009766
-0.0657501221
-0.3287506104
-0.5917510986
0.3945007324
-0.1643676758
0.0657501221
0.3201599121
-0.1600799561
-0.1600799561
0.4001922607
-0.1600799561
0.1600799561
-0.3201599121
-0.5602722168
0.9257659912
0.0000000000
-0.1285858154
0.0000000000
0.1542968750
0.2828674316
-0.0257110596
0.0257110596
0.0482482910
-0.0964813232
0.9166412354
0.1447296143
-0.0964813232
0.0482482910
0.0482482910
0.1929779053
-0.2000732422
-0.6502532959
0.2000732422
0.2000732422
0.3001098633
0.3501281738
-0.3501281738
0.2000732422
0.1904296875
0.0000000000
-0.0816192627
0.1088256836
0.1632232666
0.0544128418
-0.9249572754
0.1904296875
0.0981750488
0.0000000000
0.4908447266
0.0000000000
-0.2945098877
-0.3926696777
-0.0981750488
0.3926696777
-0.1021728516
0.9025878906
-0.3576202393
-0.1362457275
-0.0681152344
-0.0851440430
0.0000000000
0.0851440430
0.0000000000
0.1147766113
-0.3443145752
-0.1147766113
0.3443145752
-0.3443145752
0.2295379639
0.2295379639
-0.1007995605
0.2015991211
0.2519836426
0.3023834229
-0.1007995605
0.2015991211
0.8063659668
0.1007995605
-0.1217041016
0.3650970459
0.6693420410
0.0608520508
0.1825408936
0.3042449951
-0.3042449951
-0.2433929443
0.3826751709
0.0717468262
-0.2152557373
-0.3587646484
-0.0956726074
-0.6936035156
-0.2870025635
0.2870025635
-0.3498535156
-0.1166229248
-0.4664764404
-0.1166229248
-0.1166229248
-0.1166229248
-0.1166229248
0.2332305908
0.6801452637
0.0000000000
0.0377807617
-0.4912261963
-0.3400726318
-0.0755767822
-0.1889343262
0.3022918701
0.1499938965
0.3000030518
0.5249938965
0.3750000000
-0.2250061035
0.0000000000
0.3000030518
0.3750000000
-0.2320098877
-0.3480072021
0.0000000000
0.2320098877
-0.4640045166
0.1159973145
0.1159973145
0.0000000000
-0.4330139160
0.0000000000
0.1082458496
0.5412597656
0.1082458496
0.0000000000
-0.2165069580
-0.1082458496
-0.3472900391
0.6945800781
0.3740081787
-0.2671508789
0.2404327393
0.1335754395
-0.0267181396
0.2938690186
-0.3861846924
0.2808685303
-0.0351104736
0.4212951660
0.2106475830
-0.4212951660
0.3510742188
0.4564056396
-0.1145324707
-0.4008636475
-0.4581298828
0.0572662354
-0.0572662354
0.4581298828
-0.2863311768
0.4581298828
-0.2411804199
0.1205902100
0.1205902100
-0.0603027344
0.6632537842
-0.4823608398
0.2411804199
-0.2411804199
-0.0525817871
0.0525817871
-0.1226806641
0.9813842773
-0.0350494385
0.0350494385
-0.0350494385
0.0525817871
-0.3573455811
0.4083862305
-0.0510559082
0.0000000000
-0.4083862305
-0.6636352539
0.1020965576
0.0000000000
0.5182952881
-0.1295776367
0.0647888184
-0.4535064697
-0.4535064697
0.3887176514
-0.0647888184
0.0647888184
0.0878143311
-0.6146697998
-0.2634277344
-0.2634277344
0.0878143311
-0.3512420654
0.2634277344
0.0878143311
0.9032745361
0.0860290527
0.1290435791
-0.0860290527
0.2580718994
-0.0430145264
-0.0860290527
-0.1290435791
-0.2432556152
0.0000000000
0.1216278076
-0.2432556152
0.0000000000
-0.1216278076
0.0000000000
0.0000000000
0.2418518066
-0.6852569580
0.5643310547
-0.0403137207
-0.1209259033
-0.2418518066
0.0000000000
-0.1612396240
-0.0831604004
0.8315582275
-0.3741912842
0.1663055420
-0.0831604004
0.0000000000
-0.1663055420
0.2078857422
0.4718322754
0.0000000000
-0.8149871826
0.2144775391
0.0000000000
0.0000000000
-0.0857849121
0.0000000000
-0.2074890137
0.2964019775
-0.0296478271
0.3260498047
0.6224517822
-0.4446105957
0.1482086182
0.3556823730
0.4201507568
-0.1260528564
-0.0840301514
0.5462036133
0.5882110596
0.0840301514
0.2520904541
-0.1680603027
0.1971130371
0.4786987305
-0.1126403809
-0.2815856934
-0.6476440430
0.3942108154
-0.1971130371
0.0281524658
0.2904663086
0.0726165771
-0.5083160400
0.2904663086
-0.2178497314
0.0000000000
-0.2904663086
-0.5083160400
0.9204864502
-0.0472106934
-0.0236053467
-0.0472106934
0.2124176025
0.2832183838
-0.0472106934
0.0472106934
0.0281524658
-0.1971130371
0.9292297363
0.2534179688
-0.0563201904
0.0563201904
0.0000000000
0.0281524658
-0.3660736084
-0.5491180420
0.2287902832
0.1372833252
0.3660736084
0.3203125000
-0.4118347168
0.1372833252
0.0869903564
-0.0347900391
-0.0695953369
-0.0173950195
0.0173950195
-0.0869903564
-0.9742279053
0.1391754150
-0.1811065674
0.0000000000
0.7244567871
-0.1811065674
-0.0905609131
-0.2716674805
-0.0905609131
0.1811065674
-0.0653228760
0.9274902344
-0.3396453857
-0.0783843994
-0.0653228760
-0.0653228760
0.0000000000
0.0000000000
-0.1184692383
0.0000000000
-0.2369232178
0.2369232178
0.2369232178
-0.4738464355
0.1184692383
0.1184692383
-0.1347656250
0.3593750000
0.1796875000
0.2695312500
-0.1347656250
0.3593750000
0.7187500000
0.1347656250
0.0866699219
0.3900146484
0.6500244141
0.1300048828
0.0000000000
0.5200195312
-0.2600097656
-0.0433349609
0.5076446533
0.0634613037
-0.2115173340
-0.3384246826
-0.1480560303
-0.6345520020
-0.2749786377
0.2538299561
-0.1881713867
0.0627288818
-0.8781585693
0.0000000000
-0.0627288818
-0.1254577637
-0.0627288818
0.1881713867
0.4923706055
0.0703430176
0.1172332764
-0.6330413818
-0.3985748291
-0.1641235352
-0.3282470703
0.1641235352
0.2172851562
0.2172851562
0.5069885254
0.5069885254
-0.2897033691
0.0000000000
0.2172851562
0.2897033691
0.0000000000
-0.2449493408
0.1224670410
0.1224670410
-0.3674163818
0.0000000000
-0.3674163818
0.0000000000
-0.5071563721
0.0000000000
0.2028656006
0.3042907715
-0.2028656006
0.1014251709
-0.3042907715
-0.3042907715
-0.1267700195
0.8873901367
0.2746734619
-0.0633850098
0.2112884521
0.1901550293
0.0000000000
0.1479034424
-0.4568023682
0.2740783691
0.0609130859
0.5177154541
0.2131805420
-0.3349914551
0.2740783691
0.4263458252
-0.0731964111
-0.3659515381
0.0000000000
0.0731964111
0.2927703857
0.1463775635
-0.3659515381
0.6587219238
-0.0720520020
0.0000000000
0.0720520020
-0.2882232666
0.5764312744
-0.5764312744
0.1441040039
-0.2161560059
-0.0880737305
0.1233062744
0.0176086426
0.9687805176
-0.1233062744
0.0880737305
-0.0704498291
0.0176086426
-0.4611511230
0.5187835693
-0.1152801514
0.0576477051
-0.4611511230
-0.4035034180
0.1152801514
-0.0576477051
0.5764770508
0.3602905273
0.1080932617
-0.1801452637
-0.2522125244
0.4683837891
-0.3963165283
-0.1080932617
0.0405120850
-0.8506469727
-0.0405120850
-0.0405120850
0.0405120850
-0.4050750732
0.1620330811
0.1620330811
0.9214935303
0.1645507812
0.0000000000
-0.0658264160
0.2632751465
-0.0658264160
-0.0329132080
-0.0987243652
0.0000000000
-0.1247863770
0.1247863770
-0.1247863770
0.1247863770
-0.2495727539
0.1247863770
0.3743438721
0.2918548584
-0.5836944580
0.6323394775
0.0000000000
0.0486450195
-0.2918548584
0.0000000000
-0.0972900391
-0.0378723145
0.8709411621
-0.3786773682
0.1136016846
-0.0378723145
0.1136016846
0.0000000000
0.1514739990
0.3964233398
-0.0660705566
-0.6937561035
0.3633880615
-0.0991058350
-0.1321411133
0.3303527832
-0.2312469482
-0.2475891113
0.2475891113
0.0000000000
0.2122192383
0.7427673340
-0.2829589844
0.2829589844
0.2829589844
0.3172912598
-0.1586456299
0.0317230225
0.4124908447
0.7297821045
0.3172912598
0.1903839111
-0.0317230225
0.1690826416
0.4508972168
-0.0281829834
-0.3099822998
-0.5636138916
0.5072479248
-0.2254486084
0.1408996582
-0.2320098877
-0.1159973145
-0.4640045166
-0.3480072021
-0.2320098877
0.0000000000
-0.1159973145
0.0000000000
0.9235076904
-0.1571960449
0.0982513428
0.0196533203
0.0000000000
0.2554321289
-0.1768341064
0.0589447021
-0.0186309814
-0.1863403320
0.9316864014
0.2795104980
-0.0372619629
-0.0186309814
-0.0186309814
-0.0745391846
-0.6834716797
-0.4205932617
0.2102966309
0.0525817871
0.3680267334
0.0525817871
-0.2628784180
0.1051483154
-0.0353240967
0.0470886230
0.0000000000
-0.0706329346
-0.0117797852
-0.0824127197
-0.9889221191
0.0470886230
-0.3936767578
0.0656127930
0.7873535156
-0.2624511719
0.0000000000
-0.0656127930
-0.0656127930
0.0000000000
-0.0251922607
0.9444580078
-0.3022308350
0.0000000000
-0.0251922607
-0.0251922607
-0.0629577637
-0.0755615234
-0.2416839600
-0.1208343506
0.0000000000
0.2416839600
0.0000000000
-0.3625183105
0.0000000000
-0.3625183105
-0.0901184082
0.4956359863
0.0901184082
0.1351776123
-0.1351776123
0.5857543945
0.5406951904
0.0000000000
0.3186492920
0.3641815186
0.5917816162
0.1820831299
-0.0910491943
0.5462646484
-0.0910491943
0.0000000000
0.6120147705
-0.0218505859
-0.0655670166
-0.3059997559
-0.1529998779
-0.6338653564
-0.2185821533
0.1967163086
-0.0853118896
0.1706390381
-0.9385070801
0.0000000000
-0.0426635742
-0.0853118896
-0.0853118896
0.0853118896
0.4239959717
0.1060028076
0.1060028076
-0.6536560059
-0.3709869385
-0.1413269043
-0.4416656494
0.0883331299
0.0000000000
-0.2038421631
0.1019134521
0.7134399414
0.0000000000
-0.1019134521
-0.2038421631
0.1019134521
0.2320098877
0.0000000000
0.0000000000
-0.1159973145
-0.2320098877
0.1159973145
-0.4640045166
-0.3480072021
-0.4832916260
-0.0805511475
0.1611022949
0.1611022949
-0.5638275146
0.0805511475
-0.4027404785
0.0000000000
0.0000000000
0.9528656006
0.1099395752
0.1099395752
0.0733032227
0.2198944092
0.0549774170
0.0183258057
-0.4996948242
0.3747711182
0.1249237061
0.4996948242
0.2186126709
-0.2498474121
0.2498474121
0.3747711182
0.0000000000
-0.1118164062
0.8386688232
0.2236480713
0.2795562744
-0.1118164062
-0.1118164062
0.1677398682
-0.2731628418
-0.2731628418
0.2048797607
0.0682983398
0.5463409424
-0.4780426025
-0.0682983398
0.3414611816
-0.1462249756
0.2339630127
0.0877380371
0.9065856934
-0.2047119141
0.0877380371
-0.0584869385
-0.1169738770
-0.1398620605
0.7692108154
-0.1398620605
0.1398620605
-0.3496398926
0.0000000000
0.1398620605
-0.2097930908
0.4511108398
0.4776458740
0.1592102051
-0.0530700684
-0.1857452393
0.5041809082
-0.3980255127
-0.2653503418
0.1052551270
-0.9122314453
0.0350799561
0.0000000000
-0.0701751709
-0.2806854248
0.1754302979
0.0350799561
0.9523315430
0.0366210938
0.1098785400
0.0366210938
0.1465148926
-0.0366210938
0.0000000000
-0.1098785400
0.2484588623
0.1242218018
0.1242218018
-0.1242218018
0.0000000000
-0.3726806641
0.0000000000
0.2484588623
0.2927703857
-0.4391479492
0.5855255127
-0.0731964111
0.2195739746
-0.3659515381
0.0731964111
-0.0731964111
0.0412597656
0.8251647949
-0.3300628662
0.2475433350
0.0000000000
0.2062835693
0.0825195312
0.2062835693
0.2690277100
-0.0336303711
-0.4707946777
0.4371643066
-0.1345062256
-0.0336303711
0.6053009033
-0.3026580811
-0.1170501709
0.1170501709
0.1755676270
0.2926025391
0.7022552490
0.0585174561
0.3511352539
0.3511352539
0.1179962158
-0.2064819336
-0.0589904785
0.0589904785
0.7079620361
0.5899658203
-0.0589904785
0.2359924316
0.0847778320
0.3391113281
0.0000000000
-0.2825927734
-0.4804077148
0.6499633789
-0.1978149414
0.2825927734
-0.1920013428
-0.0959930420
0.1920013428
-0.1920013428
-0.4799957275
0.2879943848
0.0959930420
0.4799957275
0.9231567383
-0.2264404297
0.0348358154
0.1219329834
-0.0696716309
0.1393432617
-0.2090148926
0.0522613525
0.0000000000
-0.1159210205
0.9605407715
0.1656036377
-0.0662384033
0.0000000000
-0.0331268311
-0.1490478516
-0.7384033203
-0.3692016602
0.1846008301
-0.0615386963
0.3076629639
0.0000000000
-0.2461395264
0.0000000000
-0.0960388184
0.0960388184
0.0533599854
-0.0746917725
-0.0426788330
-0.0533599854
-0.9817199707
0.0320129395
-0.6917266846
0.0576477051
0.4611511230
-0.4035034180
0.0576477051
0.0576477051
0.1152801514
-0.1152801514
0.0000000000
0.9227600098
-0.3506469727
0.0184478760
0.0184478760
0.0000000000
-0.0922698975
-0.0738220215
-0.2405242920
-0.2405242920
-0.1202545166
-0.1202545166
0.0000000000
0.1202545166
-0.1202545166
-0.4810485840
-0.0431365967
0.4744567871
0.0000000000
0.0431365967
-0.0862731934
0.6469879150
0.5175933838
-0.1293945312
0.4806671143
0.3090057373
0.5149993896
0.1373291016
0.0343322754
0.5493469238
-0.1373291016
0.1716613770
0.6095886230
-0.0703430176
0.1406707764
-0.2813568115
-0.0703430176
-0.6799316406
-0.1406707764
0.1406707764
0.0000000000
0.1537475586
-0.9224853516
0.0512542725
-0.0512542725
-0.1537475586
0.0000000000
0.1024932861
0.3597259521
0.1618804932
0.0719451904
-0.6475067139
-0.4316711426
-0.1438903809
-0.4496612549
0.0179901123
0.0713195801
-0.3566284180
0.0713195801
0.5706024170
0.2852935791
-0.2852935791
-0.4279479980
-0.1426544189
0.3726806641
0.0000000000
0.0000000000
0.0000000000
-0.1242218018
0.1242218018
0.0000000000
-0.3726806641
-0.4341888428
-0.0868377686
0.3473510742
0.2605133057
-0.0868377686
0.2605133057
-0.5210266113
0.0868377686
0.0840606689
0.9036865234
-0.0210113525
0.2521972656
-0.1471099854
0.2311706543
0.1260986328
-0.0840606689
-0.5485229492
0.4701690674
0.2350769043
0.4309844971
0.1959075928
-0.1959075928
0.2350769043
0.2350769043
0.1506042480
0.2635650635
0.8659973145
0.1882629395
0.1129608154
-0.1506042480
0.0753021240
-0.1882629395
0.0000000000
-0.0574493408
0.0000000000
0.1149139404
0.6894378662
-0.3447265625
-0.1149139404
0.5170745850
-0.4183044434
0.4183044434
0.0000000000
0.3585510254
-0.3585510254
0.2390289307
0.2987823486
-0.3585510254
-0.3239288330
0.5830841064
0.0647888184
0.0000000000
-0.5830841064
0.1295776367
0.1943664551
-0.1295776367
0.3549041748
0.5027770996
0.3549041748
-0.0591583252
-0.2070312500
0.4732055664
-0.2661743164
-0.3549041748
0.0742645264
-0.9282379150
0.0371246338
0.0000000000
-0.0742645264
-0.1856536865
0.1856536865
-0.1113891602
0.7978210449
-0.2279510498
0.1139678955
-0.1709594727
0.1139678955
-0.3419189453
0.1709594727
-0.0569915771
0.1250000000
0.2500000000
0.0000000000
-0.1250000000
-0.1250000000
-0.2500000000
-0.2500000000
0.1250000000
0.2357025146
0.0000000000
0.3535461426
-0.1178436279
0.1178436279
-0.4714050293
0.1178436279
0.0000000000
-0.0398559570
0.8370361328
-0.2790069580
0.2790069580
-0.0398559570
0.1594390869
-0.0797119141
0.2391510010
0.1849670410
-0.0264282227
-0.4492034912
0.7134552002
-0.0528411865
0.1585388184
0.4227905273
-0.1585388184
0.3460845947
-0.2595672607
-0.1730346680
0.3460845947
0.2595672607
-0.1730346680
0.4326019287
0.3460845947
0.0312805176
-0.1251068115
0.0312805176
-0.1563873291
0.6568145752
0.6568145752
-0.0312805176
0.2502136230
-0.0458984375
-0.0458984375
-0.0458984375
-0.3213195801
-0.2754211426
0.7803649902
-0.1836090088
0.3213195801
0.0000000000
-0.2189941406
0.5839843750
0.0000000000
-0.1459960938
0.2189941406
0.1459960938
0.5839843750
0.9485321045
-0.1756591797
-0.0526885986
0.1405181885
-0.0351257324
0.0702667236
-0.1756591797
0.0000000000
-0.0374450684
-0.1123352051
0.9548034668
0.0748901367
0.0000000000
0.0748901367
-0.0374450684
-0.2246551514
-0.4810485840
-0.3607788086
0.0000000000
-0.1202545166
0.0000000000
0.0000000000
-0.1202545166
0.1202545166
-0.1306915283
0.0522766113
0.1045532227
0.0000000000
-0.0391998291
0.0000000000
-0.9801635742
0.0391998291
-0.6627197266
0.0000000000
-0.4970397949
-0.2209014893
0.2209014893
0.3313598633
0.0552215576
-0.0552215576
0.0850524902
0.7937927246
-0.5386505127
0.0567016602
0.1701049805
0.0000000000
-0.0850524902
-0.0850524902
-0.1199951172
-0.1199951172
0.0000000000
-0.2400054932
-0.1199951172
0.1199951172
0.1199951172
0.0000000000
0.0000000000
0.4904785156
0.0980987549
0.0000000000
-0.1471405029
0.7357330322
0.2942962646
-0.1471405029
0.4941864014
0.3294525146
0.3953552246
0.1647338867
0.1317901611
0.5600738525
-0.0988311768
0.2965087891
0.6271209717
-0.0501708984
0.1755981445
-0.3762817383
-0.0501708984
-0.6020355225
-0.1755981445
0.1254272461
-0.1776275635
0.1776275635
-0.7993011475
0.0000000000
-0.0888061523
0.0000000000
-0.0888061523
0.0888061523
0.3165893555
0.1726837158
0.0575561523
-0.5756225586
-0.6044006348
-0.1726837158
-0.3165893555
-0.1151275635
0.1303863525
-0.2607879639
0.2607879639
0.5867614746
0.2607879639
-0.2607879639
-0.4563751221
-0.1303863525
0.2500000000
-0.1250000000
0.0000000000
0.0000000000
0.0000000000
0.1250000000
0.1250000000
-0.3750000000
0.1178436279
-0.3535461426
0.2357025146
-0.3535461426
0.2357025146
0.0000000000
-0.1178436279
-0.2357025146
0.1470336914
0.8577117920
-0.1225280762
0.3185729980
-0.1715393066
0.2450561523
0.1225280762
-0.0490112305
-0.5975799561
0.4780578613
0.1792755127
0.3585510254
0.1195220947
-0.1792755127
0.2390289307
0.1792755127
0.2052459717
0.3694458008
0.7799377441
0.1231536865
0.0410461426
-0.1641998291
0.0820922852
-0.3283996582
0.2664337158
0.0000000000
-0.1776275635
-0.1776275635
0.6216888428
-0.2664337158
-0.0888061523
0.3552398682
-0.4689788818
0.3517303467
0.1758728027
0.0586242676
-0.2931060791
0.2931060791
0.4103546143
-0.4103546143
-0.4551544189
0.6827392578
0.1137847900
-0.0569000244
-0.3413696289
0.1706848145
0.1706848145
-0.1706848145
0.2575378418
0.5437011719
0.5437011719
0.0286102295
-0.1144561768
0.3433837891
-0.2575378418
-0.3433837891
0.0711822510
-0.9254302979
0.0355987549
-0.0355987549
0.0000000000
-0.1779632568
0.1779632568
-0.1779632568
0.8137664795
-0.1162567139
-0.0581207275
-0.1743774414
0.2324981689
-0.3487548828
-0.0581207275
0.0000000000
0.0000000000
0.1178436279
0.0000000000
-0.1178436279
-0.1178436279
0.0000000000
-0.2357025146
0.1178436279
0.0000000000
0.1228332520
0.0000000000
0.0000000000
-0.1228332520
-0.3685150146
0.0000000000
0.0000000000
0.1150054932
0.8817596436
-0.1150054932
0.1533508301
-0.0383300781
0.0766754150
-0.1533508301
0.3067016602
0.1327667236
-0.0265502930
-0.3717651367
0.8497314453
0.0265502930
0.1858825684
0.2389831543
-0.0796661377
-0.0995330811
-0.2985992432
0.0995330811
0.2985992432
0.1990661621
-0.0995330811
0.5971984863
0.1990661621
0.0845489502
-0.2113800049
-0.0422821045
-0.1691131592
0.5918731689
0.6764373779
-0.0845489502
0.2113800049
-0.1543426514
-0.5402069092
0.0000000000
-0.1543426514
0.1543426514
0.6173706055
0.0000000000
0.2315216064
0.1887054443
-0.0943603516
0.6604766846
0.0943603516
-0.0943603516
0.0943603516
0.1887054443
0.3774108887
0.9347686768
-0.1817626953
-0.1817626953
0.1038665771
0.1038665771
0.0000000000
-0.1038665771
-0.0778961182
-0.0758361816
-0.1263885498
0.9099578857
0.0000000000
0.0758361816
0.2022094727
-0.0758361816
-0.2780456543
0.2494506836
-0.1247253418
0.0000000000
-0.2494506836
-0.2494506836
0.1247253418
0.0000000000
0.0000000000
-0.1323242188
-0.0661621094
0.1543731689
0.1764221191
0.0220489502
0.0882110596
-0.9482879639
0.0000000000
-0.3131866455
0.0000000000
-0.7158660889
0.0000000000
0.1789703369
0.5368957520
-0.0447387695
-0.0447387695
0.2423553467
0.6301116943
-0.5816345215
0.1454162598
0.2423553467
-0.1938781738
0.0484771729
-0.0969390869
0.0000000000
-0.1064758301
-0.1064758301
-0.1064758301
0.0000000000
0.0000000000
0.1064758301
0.1064758301
0.0000000000
0.2403106689
0.3003997803
0.0600738525
-0.2403106689
0.7810211182
0.2403106689
-0.0600738525
0.5461273193
0.4468383789
0.1985931396
0.1489410400
0.1985931396
0.4468383789
0.0000000000
0.3475341797
0.6235504150
-0.0692901611
0.2771301270
-0.4156951904
0.0000000000
-0.5196228027
-0.2078552246
0.0692901611
0.0000000000
0.0000000000
-0.4981536865
0.0000000000
-0.1245422363
0.0000000000
-0.1245422363
0.1245422363
0.3509826660
0.0438690186
-0.2193603516
-0.3509826660
-0.7897186279
-0.0438690186
-0.0877532959
-0.0877532959
0.1681976318
0.0000000000
0.0840911865
0.6727905273
0.4204864502
-0.1681976318
-0.2522888184
0.0000000000
0.0000000000
-0.1178436279
0.1178436279
0.0000000000
0.0000000000
0.2357025146
-0.1178436279
-0.1178436279
0.0000000000
-0.2653045654
0.3316345215
-0.7959136963
0.1326446533
-0.0663299561
0.1326446533
0.0000000000
0.0000000000
0.8219451904
-0.0913238525
0.3196411133
-0.0913238525
0.2283172607
0.2283172607
0.1826629639
-0.4590759277
0.3443145752
0.0000000000
0.2295379639
0.0000000000
-0.2295379639
0.0000000000
0.2295379639
0.2549285889
0.5098571777
0.6373138428
0.0000000000
0.1911926270
-0.2549285889
0.1274566650
-0.1274566650
0.2344665527
0.1172332764
-0.1172332764
-0.1172332764
0.4689483643
0.0000000000
-0.1172332764
0.3517150879
-0.6107482910
0.1221466064
0.3664398193
-0.2442932129
-0.1832275391
0.1832275391
0.3053741455
-0.3664398193
-0.3976745605
0.6959381104
0.0994262695
0.1491241455
-0.3976745605
0.1491241455
0.2485504150
0.0497131348
0.1679077148
0.4617614746
0.6716461182
0.0839538574
0.0000000000
0.2938537598
-0.2098846436
-0.3358306885
0.1412353516
-0.8473968506
0.1412353516
-0.0706176758
-0.0706176758
0.0000000000
0.1412353516
-0.2118530273
0.7338562012
-0.2201538086
-0.0733795166
-0.2201538086
0.2201538086
-0.2935485840
-0.1467742920
-0.1467742920
-0.1216278076
-0.1216278076
0.0000000000
-0.1216278076
-0.1216278076
-0.2432556152
-0.1216278076
0.1216278076
0.3870849609
-0.6580505371
0.3483734131
-0.1161193848
-0.2709655762
0.0387115479
0.1935424805
-0.3483734131
-0.0866546631
0.9098052979
-0.2382812500
0.0866546631
-0.1299743652
0.0866546631
-0.1949615479
0.1516265869
0.0000000000
0.2573547363
-0.7720794678
0.3217010498
0.1930236816
0.3538665771
-0.1930236816
-0.0321655273
0.1047210693
0.0523529053
-0.2094421387
0.3665161133
0.0523529053
-0.4712219238
-0.6283111572
0.3141479492
0.2475433350
-0.1650390625
-0.1237792969
0.2062835693
-0.8251647949
-0.2888031006
-0.0825195312
-0.1650390625
0.0374450684
0.5990447998
0.1871948242
-0.3369598389
-0.5990447998
0.2246398926
-0.1871948242
0.0374450684
0.3575286865
-0.2860260010
-0.5720367432
-0.0715026855
0.1430053711
0.2860260010
0.0000000000
-0.4290313721
0.9463500977
-0.0420532227
0.0630950928
-0.0841217041
0.1472167969
0.1892700195
0.1261749268
0.0630950928
-0.2692565918
0.1615600586
0.5923767090
0.1077117920
-0.4308166504
0.1077117920
0.3769683838
0.3231201172
-0.2975311279
-0.5100708008
0.2975311279
0.2975311279
0.4675598145
0.2550354004
-0.3400421143
0.1275177002
0.1651763916
0.2202453613
0.0550537109
0.1101226807
0.2202453613
-0.0550537109
-0.8258972168
0.2752990723
0.2161560059
0.1441040039
0.4323272705
0.3602752686
-0.2882232666
-0.2882232666
0.1441040039
0.5043792725
-0.0917205811
0.9477996826
-0.2445983887
-0.1070098877
-0.0152893066
-0.0611419678
-0.0458679199
0.0917205811
0.0000000000
0.1135406494
-0.3406372070
0.0000000000
0.2270965576
-0.3406372070
0.4541778564
0.0000000000
-0.1137847900
0.1706848145
0.1706848145
0.4551544189
-0.2275848389
0.1137847900
0.7396240234
0.0569000244
0.1872863770
0.4370117188
0.6555328369
0.1248626709
0.1872863770
0.2497253418
-0.4058074951
-0.1872863770
0.2329864502
0.0517730713
0.0258941650
-0.3883056641
-0.1035461426
-0.8283996582
-0.2588806152
0.0776672363
-0.3741607666
0.1247253418
-0.1247253418
0.0000000000
-0.1247253418
-0.1247253418
0.0000000000
0.1247253418
0.7140655518
0.1190185547
-0.0396728516
-0.4760437012
-0.2380218506
-0.1190185547
-0.3173675537
0.1586761475
-0.0893096924
0.0893096924
0.9526824951
0.0595397949
-0.1488647461
0.0893096924
0.1190795898
0.0000000000
0.0000000000
-0.3642120361
-0.1213989258
0.1213989258
-0.3642120361
0.2428131104
-0.1213989258
0.1213989258
-0.3461608887
-0.3461608887
0.0000000000
-0.2307739258
-0.2307739258
0.0000000000
-0.3461608887
-0.1153869629
-0.2848205566
0.6883087158
0.4272308350
-0.3797607422
0.0949401855
0.0711975098
-0.0711975098
0.2848205566
-0.3543701172
0.3189239502
-0.1771850586
0.4252319336
0.2480621338
-0.3543701172
0.3898010254
0.4252319336
-0.0525817871
-0.3154449463
-0.4731750488
0.0525817871
-0.1577301025
0.5783233643
-0.2102966309
0.4205932617
-0.2972106934
-0.1188812256
0.2377624512
-0.0594482422
0.7727355957
-0.0594482422
0.1783294678
-0.2972106934
-0.0222930908
0.0111389160
-0.0891723633
0.9920196533
0.0334320068
-0.0111389160
-0.0111389160
0.0445861816
-0.2008972168
0.7232208252
-0.0803527832
0.2008972168
-0.3214263916
-0.4821472168
0.0000000000
-0.0401763916
0.4714050293
-0.2142791748
0.0857086182
-0.3428344727
-0.5142669678
0.5142669678
0.1285705566
0.0428619385
-0.0642547607
-0.8352813721
-0.3212585449
-0.1927642822
0.0000000000
-0.1285095215
0.0000000000
0.0642547607
0.9180755615
0.0382537842
0.0765075684
-0.1912689209
0.0765075684
-0.0765075684
-0.2295227051
-0.0382537842
-0.1178436279
0.0000000000
0.0000000000
-0.4714050293
-0.1178436279
-0.3535461426
-0.1178436279
0.2357025146
0.4301300049
-0.6021881104
0.4731445312
-0.1290435791
-0.2150726318
-0.0860290527
0.0860290527
-0.3010864258
-0.0976715088
0.8790588379
-0.2930145264
0.0732574463
-0.0976715088
0.1465148926
-0.1953430176
0.1953430176
0.1763000488
0.1057739258
-0.8462371826
0.2468261719
0.2115631104
0.2820739746
0.1057739258
0.0705261230
-0.1974182129
0.2763977051
-0.0394897461
0.3553619385
0.5527801514
-0.4343261719
-0.2369079590
0.3948516846
0.4583129883
-0.1964111328
-0.1964111328
0.5237884521
-0.3928375244
0.1309509277
0.3273620605
-0.1309509277
0.0690765381
0.6216888428
0.1036071777
-0.2763061523
-0.5871429443
0.3453826904
-0.1381530762
0.0000000000
0.1369018555
-0.0684509277
-0.8214111328
-0.2053527832
0.0684509277
0.1369018555
0.0684509277
-0.2738037109
0.9210815430
-0.0600738525
0.1401672363
-0.2202606201
0.1802062988
0.1001129150
0.1001129150
0.1201477051
-0.2764739990
-0.0345611572
0.7948455811
0.2419128418
-0.2764739990
0.2419128418
0.2419128418
0.0000000000
-0.4912261963
-0.3400726318
0.3022918701
0.2267150879
0.5290069580
0.2644958496
-0.3022918701
0.1133575439
-0.0270843506
0.0541687012
0.0270843506
0.0000000000
0.0541687012
-0.1083374023
-0.9750366211
0.0812530518
0.0780944824
0.1561889648
0.6247558594
-0.0780944824
-0.1561889648
-0.4685668945
0.1561889648
0.3123779297
-0.0444641113
0.9634094238
-0.2371520996
-0.0592803955
0.0000000000
-0.0444641113
-0.0296478271
0.0148162842
0.0000000000
-0.1147766113
-0.3443145752
0.2295379639
0.2295379639
-0.3443145752
0.3443145752
0.1147766113
-0.2257690430
0.2257690430
0.1128845215
0.3950958252
-0.3950958252
0.2822113037
0.6208496094
-0.0564422607
0.1640167236
0.3936462402
0.7216796875
0.1640167236
0.0328063965
0.2952423096
-0.3608398438
-0.1312103271
0.4311676025
0.0410614014
-0.0821228027
-0.3901062012
-0.1437225342
-0.7802124023
-0.0821228027
0.0615997314
-0.3042907715
0.1014251709
-0.7100219727
0.0000000000
-0.1014251709
0.0000000000
0.0000000000
0.1014251709
0.5114288330
0.1345825195
0.1614990234
-0.4575958252
-0.4306793213
-0.2960968018
-0.4306793213
-0.0538330078
-0.0750885010
0.0375518799
0.9386444092
0.1877288818
-0.0750885010
0.1126403809
-0.1126403809
0.0000000000
-0.1229705811
-0.1229705811
0.0000000000
0.1229705811
-0.3689117432
0.1229705811
-0.3689117432
0.1229705811
-0.3197631836
-0.2131805420
-0.1065826416
-0.2131805420
-0.4263610840
0.0000000000
-0.1065826416
-0.4263610840
-0.1790008545
0.8694610596
0.3068695068
-0.2045745850
0.0767211914
0.1278686523
0.0255737305
0.1790008545
-0.4558410645
0.3581542969
-0.0651245117
0.5209503174
0.2279205322
-0.2604827881
0.3255920410
0.3581542969
-0.2613372803
-0.1959991455
-0.5879974365
0.2613372803
0.1959991455
0.3266754150
-0.1959991455
0.3919982910
-0.2763824463
-0.2072906494
0.1381988525
-0.0690917969
0.7600555420
-0.2072906494
0.0000000000
-0.2763824463
-0.0743408203
0.0495605469
0.0495605469
0.9911346436
-0.0123901367
0.0247802734
-0.0371704102
-0.0123901367
-0.2852935791
0.6419219971
0.0000000000
0.4279479980
-0.3566284180
-0.1426544189
0.0000000000
-0.0713195801
0.5308990479
0.1990814209
0.2322692871
-0.1659088135
-0.4645385742
0.5308990479
-0.2322692871
-0.0995483398
-0.0327758789
-0.9502868652
-0.0327758789
-0.0327758789
0.0327758789
-0.1966094971
0.0983123779
0.0983123779
0.9688110352
-0.0293579102
0.0000000000
-0.0293579102
0.1174316406
0.0293579102
-0.1174316406
-0.0587158203
-0.1219482422
0.0000000000
0.0000000000
-0.3658599854
0.1219482422
-0.1219482422
-0.2438964844
0.3658599854
0.4564819336
-0.5072021484
0.6086425781
-0.1014404297
-0.0507202148
-0.1521606445
0.0507202148
-0.2028808594
-0.1461029053
0.8766021729
-0.2922058105
0.0876617432
-0.1168823242
0.2045440674
-0.0584411621
0.1753234863
0.3994445801
0.0000000000
-0.7262573242
0.0000000000
0.0000000000
0.1089324951
0.5083770752
0.0000000000
-0.2465209961
0.2817230225
0.0000000000
0.2817230225
0.7747650146
-0.2817230225
0.0000000000
0.2465209961
0.3947601318
-0.2960815430
-0.1480407715
0.3454132080
0.4441070557
0.4441070557
0.3454132080
0.1480407715
0.2209930420
0.5367126465
0.2209930420
-0.2841491699
-0.5367126465
0.4420013428
-0.0947113037
0.0947113037
-0.3230743408
-0.2153778076
-0.4307708740
-0.4307708740
-0.1076965332
0.1076965332
0.1076965332
-0.1076965332
0.9472656250
-0.0947265625
0.1894531250
-0.1136779785
0.0757751465
0.0947265625
-0.1136779785
0.0757751465
-0.1499481201
-0.1927947998
0.8568725586
0.3427581787
-0.0856933594
0.2142181396
0.1285247803
-0.0642700195
-0.6433868408
-0.2814788818
0.2010650635
0.2010650635
0.5629577637
0.1206359863
-0.2010650635
0.0402069092
-0.0476226807
0.0793762207
0.0317535400
-0.0635070801
0.0476226807
-0.0793762207
-0.9842376709
-0.0317535400
-0.0852813721
0.0852813721
0.6822814941
-0.3411407471
-0.0852813721
-0.3411407471
0.0000000000
0.1705627441
-0.0168609619
0.9609985352
-0.2360382080
-0.0168609619
0.0168609619
-0.0337219238
-0.0505828857
-0.0843048096
-0.1249389648
-0.2498626709
0.0000000000
0.1249389648
0.0000000000
-0.2498626709
-0.1249389648
-0.2498626709
-0.1799163818
0.3598327637
0.0599670410
0.1799163818
-0.2998504639
0.4197998047
0.5997161865
-0.2398834229
0.2607421875
0.3476562500
0.6953125000
0.1738281250
-0.1303710938
0.4345703125
-0.1738281250
0.0000000000
0.4580688477
0.0199127197
-0.0398254395
-0.3983154297
-0.0995788574
-0.7767333984
0.0000000000
0.0597534180
-0.1715087891
0.1143493652
-0.9147491455
-0.0571746826
-0.0571746826
0.0571746826
0.0000000000
-0.0571746826
0.3366394043
0.1584167480
0.1782226562
-0.4752655029
-0.4554595947
-0.2970428467
-0.5346679688
-0.0990142822
-0.2317199707
-0.2896575928
0.6372528076
0.3475952148
-0.0579376221
0.0579376221
-0.4634552002
-0.0579376221
0.0000000000
0.1243286133
0.0000000000
-0.1243286133
-0.1243286133
0.0000000000
-0.3729858398
-0.1243286133
-0.3790283203
-0.0947570801
-0.1895141602
0.0947570801
-0.5685577393
0.0947570801
-0.0947570801
-0.3790283203
-0.0761413574
0.9391479492
0.1522979736
0.0000000000
-0.0253753662
0.2030639648
0.1269073486
0.1015319824
-0.5272674561
0.3866577148
0.0000000000
0.5272674561
0.2109069824
-0.1757507324
0.2812042236
0.3163604736
-0.3438568115
-0.0687713623
-0.5501708984
0.3438568115
0.3438568115
0.1375427246
-0.2063140869
0.3438568115
-0.2749481201
-0.4582519531
0.1833038330
0.1833038330
0.4582519531
-0.2749481201
-0.1833038330
0.1833038330
-0.1455535889
0.1273498535
0.0727691650
0.9642639160
-0.0727691650
0.0545806885
-0.0181884766
-0.0909729004
-0.0743865967
0.5206756592
0.0743865967
0.3719177246
-0.3719177246
0.4462890625
0.2231445312
-0.0743865967
0.4946289062
0.4073486328
0.1745758057
-0.0290985107
-0.3200531006
0.4655303955
-0.3782501221
-0.2618713379
0.0607452393
-0.9414520264
0.0303649902
0.0000000000
0.0000000000
-0.2125854492
0.1822204590
-0.0303649902
0.9717712402
-0.0277709961
0.0000000000
0.1110534668
0.0832977295
0.0832977295
-0.0555267334
-0.0277709961
0.0000000000
0.0000000000
0.2456817627
-0.1228332520
0.0000000000
0.1228332520
-0.2456817627
0.1228332520
0.4310302734
-0.3448333740
0.6034545898
-0.1724090576
0.0000000000
-0.1724090576
0.0862121582
-0.0862121582
-0.1579437256
0.8291778564
-0.2369079590
0.1184539795
-0.1184539795
0.2763977051
0.0000000000
0.2763977051
0.4019470215
-0.0669860840
-0.5694274902
0.1004943848
-0.0669860840
0.1004943848
0.6699066162
0.0000000000
-0.2302398682
0.0921020508
0.0921020508
0.3223419189
0.7367858887
-0.3223419189
-0.2762908936
0.1841888428
0.1498718262
-0.3372039795
-0.1498718262
0.0000000000
0.5245361328
0.6369323730
0.0374603271
0.3372039795
0.1763763428
0.4409484863
0.1175842285
-0.2645721436
-0.5585327148
0.5585327148
-0.0881958008
0.1763763428
-0.2830657959
-0.1887054443
0.4717712402
-0.2830657959
-0.1887054443
0.0943603516
0.2830657959
0.3774108887
0.9475555420
-0.1184387207
0.0789642334
0.0394744873
-0.0197448730
0.0987091064
-0.2368927002
0.0394744873
-0.0385437012
-0.2312316895
0.8863983154
0.3275909424
-0.0192718506
0.1348876953
0.0578155518
-0.1348876953
-0.6141815186
-0.2456665039
0.1842498779
0.1842498779
0.5527648926
0.0614166260
-0.2456665039
0.0000000000
-0.1087799072
0.1495819092
0.1223907471
-0.0815887451
0.0271911621
-0.0679931641
-0.9654693604
-0.0271911621
-0.3666076660
0.0916442871
0.3666076660
-0.5499114990
-0.0916442871
-0.0916442871
0.2749481201
0.1833038330
0.0761413574
0.8629913330
-0.4061126709
-0.0507659912
0.0761413574
-0.1269073486
-0.1269073486
-0.1522979736
-0.2416839600
0.0000000000
0.1208343506
0.0000000000
-0.1208343506
0.1208343506
-0.2416839600
-0.4833679199
-0.0572662354
0.3435974121
0.0000000000
0.0000000000
-0.0572662354
0.5153808594
0.6871795654
-0.1717987061
0.4070281982
0.3330230713
0.5180358887
0.1850128174
0.0000000000
0.5550384521
-0.1850128174
0.1850128174
0.3929290771
-0.0736694336
0.1473388672
-0.3683624268
-0.0245513916
-0.8104095459
-0.0736694336
0.0245513916
-0.0689392090
0.1378631592
-0.8961334229
-0.0689392090
0.0000000000
0.0000000000
0.0689392090
-0.0689392090
0.2239685059
0.2036132812
0.1221618652
-0.5293884277
-0.5090332031
-0.2239685059
-0.5293884277
-0.1018066406
-0.0618896484
-0.4950714111
0.1856536865
0.4331817627
0.2475280762
-0.1237640381
-0.5569610596
-0.1237640381
0.2500000000
0.2500000000
0.0000000000
-0.1250000000
-0.1250000000
0.2500000000
-0.1250000000
-0.1250000000
-0.2803955078
-0.0700988770
0.0000000000
0.7009887695
-0.0700988770
0.0000000000
-0.2803955078
-0.4205932617
0.0000000000
0.9168548584
0.0539398193
0.0539398193
-0.1348266602
0.2426910400
0.2157287598
0.0809020996
-0.5617370605
0.3932189941
0.1123504639
0.5055694580
0.1685180664
-0.1685180664
0.2247009277
0.2247009277
-0.2431945801
0.3242645264
0.3242645264
0.5674591064
0.4053344727
0.0810699463
0.0810699463
0.0810699463
0.1452331543
-0.2904663086
-0.0726165771
0.0726165771
0.6535491943
-0.0726165771
-0.2904663086
0.4356994629
-0.2215576172
0.1898956299
-0.1266021729
0.8861999512
-0.1898956299
0.0632934570
0.1582489014
-0.1266021729
-0.0639953613
0.5119171143
0.1279754639
0.1279754639
-0.4479370117
0.5119171143
0.2559661865
-0.1919708252
0.3701019287
0.4009552002
0.3701019287
-0.0308380127
-0.3392639160
0.4317932129
-0.3701019287
-0.3084259033
0.1140136719
-0.8360748291
0.0380096436
0.0380096436
0.0380096436
-0.3040313721
0.3040313721
-0.2280273438
0.9476318359
0.0394897461
0.0000000000
0.1184539795
0.1184539795
0.0789642334
-0.0394897461
0.1184539795
0.0000000000
0.0000000000
0.1150360107
-0.1150360107
-0.1150360107
0.0000000000
-0.2300720215
0.0000000000
0.1247253418
0.0000000000
0.2494506836
0.0000000000
0.0000000000
-0.3741607666
0.0000000000
0.0000000000
-0.2187347412
0.7436981201
-0.2624816895
0.2187347412
-0.1312408447
0.1749877930
-0.1312408447
0.3937225342
0.3453826904
-0.1036071777
-0.5526123047
0.4144592285
-0.0690765381
0.2072296143
0.5526123047
0.0345306396
-0.0650634766
-0.1951751709
0.0000000000
0.3252868652
0.5204620361
-0.5204620361
-0.3903503418
0.1301116943
0.0773620605
-0.3094329834
-0.0773620605
-0.1933898926
0.5801849365
0.6188659668
-0.1160430908
0.2707519531
0.0959320068
0.2877960205
0.1439056396
-0.2877960205
-0.5276336670
0.5755920410
-0.1918640137
0.2877960205
0.0000000000
-0.1972351074
0.5917053223
-0.0986175537
-0.0986175537
0.0000000000
0.3944702148
0.2958526611
0.9591674805
-0.1198883057
-0.0239715576
0.0959167480
0.0000000000
0.0959167480
-0.1678466797
0.0000000000
-0.0890350342
-0.1558227539
0.9126586914
0.2003326416
0.0667724609
0.1112976074
0.0445251465
-0.2448577881
-0.1000061035
-0.1000061035
0.1000061035
0.0000000000
0.1000061035
0.0000000000
0.0000000000
0.0000000000
-0.1631622314
0.1142120361
0.2284393311
-0.0489501953
-0.0326385498
-0.0163116455
-0.9463653564
-0.0163116455
-0.4136047363
0.0689392090
-0.6204071045
-0.3446655273
0.0000000000
0.2757263184
0.2068023682
0.2068023682
0.0674438477
0.6744689941
-0.6070251465
-0.0674438477
0.1686096191
-0.1686096191
-0.1348876953
-0.2360687256
-0.2400054932
-0.1199951172
0.1199951172
0.0000000000
-0.1199951172
-0.1199951172
0.0000000000
-0.1199951172
0.0000000000
0.2145080566
0.0715026855
-0.0715026855
-0.0715026855
0.7150573730
0.5005340576
-0.0715026855
0.4354705811
0.3628997803
0.3628997803
0.1814422607
0.0725860596
0.6169128418
-0.1451568604
0.2540283203
0.4245910645
-0.0606536865
0.2426147461
-0.4549102783
-0.0303344727
-0.6975250244
-0.1819610596
0.0000000000
-0.2490844727
0.2490844727
-0.3736267090
-0.1245422363
0.0000000000
0.0000000000
0.0000000000
-0.1245422363
0.2626037598
0.1838226318
0.0000000000
-0.5777130127
-0.6564941406
-0.1050415039
-0.3151092529
0.0000000000
0.1456146240
-0.2184143066
0.0000000000
0.5824584961
0.3640289307
-0.2912292480
-0.4368438721
0.0727996826
0.1113433838
0.0000000000
0.1113433838
-0.1113433838
0.1113433838
0.1113433838
0.0000000000
-0.1113433838
-0.1811065674
0.0000000000
0.0905609131
0.7244567871
0.1811065674
-0.0905609131
-0.1811065674
-0.2716674805
0.0000000000
0.9054565430
-0.0646820068
0.1616821289
-0.0646820068
0.2910461426
0.1616821289
0.0323333740
-0.3607788086
0.3607788086
0.0000000000
0.3607788086
0.0000000000
0.0000000000
0.0000000000
0.1202545166
0.1653594971
0.4133911133
0.0826873779
0.4960784912
0.4133911133
-0.1653594971
0.3307189941
0.0826873779
0.2972259521
-0.2972259521
-0.1981506348
-0.0990753174
0.4953613281
0.0990753174
-0.0990753174
0.3963012695
-0.3484039307
0.2488555908
-0.0995483398
0.6967926025
-0.2488555908
0.0995483398
0.3981628418
-0.0995483398
-0.1170501709
0.7022552490
0.2340850830
0.0000000000
-0.2926025391
0.3511352539
0.1755676270
-0.2926025391
0.1544799805
0.4248352051
0.4634552002
0.0000000000
-0.2317352295
0.4248352051
-0.3862152100
-0.3862152100
0.1097869873
-0.8234100342
0.0549011230
0.0000000000
-0.0549011230
-0.3293609619
0.2195739746
-0.2195739746
0.8271484375
0.0551452637
0.0000000000
0.1102905273
0.2757110596
0.1654357910
-0.2205657959
0.2205657959
-0.1150360107
0.0000000000
0.0000000000
0.0000000000
-0.1150360107
0.0000000000
-0.2300720215
0.1150360107
0.0000000000
0.0000000000
0.0000000000
0.0000000000
-0.1064758301
-0.2129516602
0.0000000000
0.0000000000
0.0000000000
0.7698974609
-0.1811523438
0.1811523438
0.0000000000
0.1358642578
-0.2264404297
0.4528808594
0.3278503418
-0.1639251709
-0.3688201904
0.7376403809
0.0000000000
0.2048950195
0.2868652344
0.0819549561
0.0000000000
-0.2918548584
-0.0972900391
0.1945648193
0.3891448975
-0.5837097168
0.0000000000
0.1945648193
0.0000000000
-0.2858581543
0.0571746826
-0.2286834717
0.5717163086
0.6288909912
-0.0571746826
0.1715087891
-0.0821380615
0.1642608643
0.2463989258
-0.0821380615
-0.4106597900
0.6570434570
-0.0821380615
0.2463989258
0.0000000000
-0.2258758545
0.4517517090
-0.1129455566
0.0000000000
-0.1129455566
0.3388214111
0.3388214111
0.9585571289
-0.1322174072
-0.0661010742
0.0661010742
0.1322174072
0.0000000000
-0.0330505371
0.0330505371
-0.1756439209
-0.0351257324
0.8782348633
0.0000000000
0.2107696533
0.1053924561
-0.0351257324
-0.3161621094
0.1237182617
0.0000000000
0.2474365234
-0.2474365234
-0.1237182617
0.1237182617
0.0000000000
-0.1237182617
-0.0941925049
-0.0471038818
0.2590484619
0.0706481934
-0.0941925049
0.0471038818
-0.9419860840
-0.0235443115
-0.3128662109
0.0000000000
-0.6778869629
-0.1042938232
0.0521392822
0.5735931396
0.1042938232
0.0000000000
0.2528839111
0.4425659180
-0.6322326660
0.0632171631
0.3161163330
-0.2528839111
0.0632171631
-0.1896667480
0.0000000000
0.0000000000
-0.0911560059
0.0000000000
0.0911560059
0.0000000000
0.0911560059
0.0000000000
-0.0706176758
0.2118530273
0.2824707031
0.0706176758
-0.2118530273
0.7767791748
0.2118530273
0.0706176758
0.5204620361
0.4554138184
0.1301116943
0.1301116943
0.0650634766
0.5204620361
-0.0650634766
0.2602386475
0.3808288574
-0.0423126221
0.3808288574
-0.5077819824
0.0000000000
-0.5500946045
-0.2962036133
0.0423126221
0.0000000000
0.0000000000
-0.2300720215
0.0000000000
-0.1150360107
-0.1150360107
0.0000000000
0.1150360107
0.3217010498
0.0000000000
-0.1608428955
-0.4825439453
-0.7640228271
0.0000000000
-0.0402069092
0.0000000000
0.0000000000
-0.1749572754
-0.2624511719
0.6998596191
0.2624511719
-0.0874786377
-0.2624511719
0.0000000000
0.0000000000
0.0000000000
0.1000061035
-0.1000061035
0.1000061035
0.1000061035
0.0000000000
0.0000000000
-0.2428131104
-0.3642120361
0.3642120361
0.1213989258
0.1213989258
-0.1213989258
0.1213989258
0.0000000000
-0.0599670410
0.7796325684
-0.1199493408
0.2998504639
0.0599670410
0.2998504639
0.2398834229
0.1199493408
0.0000000000
0.0000000000
0.0000000000
0.0000000000
-0.0588226318
0.0000000000
0.0000000000
0.0000000000
0.4093017578
0.4093017578
-0.0818634033
0.0818634033
0.2455902100
-0.2455902100
0.2455902100
0.4911651611
0.2438964844
-0.2438964844
-0.1219482422
-0.1219482422
0.1219482422
0.3658599854
-0.1219482422
0.2438964844
-0.5991210938
0.0855865479
0.0000000000
0.1711730957
-0.1711730957
0.1711730957
0.5135345459
-0.1711730957
-0.1617889404
0.8089599609
0.2157135010
0.1617889404
-0.2157135010
0.2157135010
0.2157135010
-0.1078643799
0.0760650635
0.3803100586
0.4563751221
0.0760650635
0.1521301270
0.1521301270
-0.1521301270
-0.6085052490
0.2307739258
-0.5769195557
0.1153869629
-0.1153869629
0.0000000000
0.0000000000
0.1153869629
-0.2307739258
0.8584899902
-0.0660400391
-0.0660400391
0.1320800781
0.2641448975
0.0660400391
-0.1320800781
0.0000000000
0.0000000000
-0.1238555908
-0.1238555908
0.0000000000
-0.1238555908
-0.3715667725
0.0000000000
0.3715667725
0.4357147217
-0.6293792725
0.1936492920
-0.1936492920
-0.2904815674
0.0968322754
0.2904815674
-0.2904815674
0.0286865234
0.9946289062
-0.0191345215
-0.0286865234
-0.0669403076
0.0286865234
-0.0191345215
0.0095672607
-0.1843566895
0.2150726318
-0.6145172119
0.5223388672
0.1536254883
0.4301605225
-0.1229095459
0.1229095459
0.0000000000
0.0000000000
-0.1351165771
0.1013488770
-0.5067138672
-0.4053649902
-0.7093963623
0.1013488770
0.0657501221
0.0000000000
-0.0219116211
0.1534118652
-0.6574554443
-0.6793670654
0.0657501221
-0.2410736084
-0.1105499268
0.5159149170
0.5527648926
-0.0736999512
-0.5527648926
0.1842498779
-0.0736999512
0.1473999023
0.3454132080
-0.2467346191
-0.7895355225
-0.0986938477
0.0493469238
0.1480407715
0.2467346191
-0.1480407715
0.9369659424
-0.0360412598
0.1621704102
-0.1261291504
0.0900878906
0.0000000000
0.1981964111
0.1441497803
-0.1132659912
0.0000000000
0.8494720459
0.3681030273
-0.2548370361
0.0000000000
0.1982116699
0.0000000000
-0.3607482910
-0.3607482910
0.3607482910
0.3607482910
0.5210723877
0.2404937744
-0.2404937744
0.2004089355
0.0324096680
0.0324096680
0.0162048340
0.0000000000
-0.0324096680
-0.0810394287
-0.9886322021
0.0648345947
0.0790557861
-0.0790557861
0.6323852539
0.2371520996
-0.3161926270
0.0790557861
0.2371520996
0.3952484131
0.0000000000
0.9932708740
-0.0827789307
-0.0118255615
0.0354766846
0.0000000000
-0.0118255615
0.0236511230
0.1224670410
0.1224670410
-0.2449493408
0.0000000000
0.3674163818
-0.1224670410
0.2449493408
-0.2449493408
-0.1531524658
-0.1020965576
0.1020965576
0.4083862305
-0.4083862305
0.1531524658
0.7146911621
-0.0510559082
0.3462982178
0.3729400635
0.6393280029
0.1065521240
0.2397460938
0.3462982178
-0.3462982178
-0.0266418457
-0.0258941650
0.0517883301
0.1553802490
-0.4402313232
-0.2330627441
-0.7768859863
-0.3107604980
0.0517883301
-0.2468566895
0.3703002930
0.1234283447
0.0000000000
-0.2468566895
0.0000000000
0.0000000000
0.2468566895
0.6242828369
0.2881317139
0.1920928955
-0.1440582275
-0.0480194092
-0.2401123047
-0.5762634277
0.0480194092
-0.1127624512
0.0000000000
0.9646911621
-0.1002197266
-0.0751647949
0.0250549316
0.1503448486
-0.1127624512
0.1237182617
0.0000000000
0.1237182617
0.0000000000
-0.2474365234
0.2474365234
-0.1237182617
0.1237182617
0.0000000000
-0.1078186035
-0.0179748535
-0.9882965088
-0.0179748535
0.0000000000
-0.0179748535
0.0179748535
-0.0997619629
0.9377288818
0.1596069336
-0.1995239258
-0.0997619629
0.0399017334
0.0399017334
0.1396636963
-0.3928070068
0.4255371094
-0.0982055664
0.3600616455
0.3273315430
-0.2946014404
0.4582672119
0.2946014404
-0.2449493408
-0.4898986816
0.3429260254
-0.2449493408
-0.1959533691
0.5878753662
-0.1959533691
0.1469726562
-0.3901672363
-0.3344268799
0.3901672363
-0.0557403564
0.6131134033
0.2229461670
0.0557403564
-0.2229461670
-0.0156860352
-0.0078430176
-0.0235290527
0.9963531494
0.0627593994
-0.0156860352
0.0000000000
0.0156860352
-0.1057434082
0.9819183350
-0.0755310059
0.0755310059
-0.0302124023
-0.0453186035
-0.0453186035
-0.0302124023
0.4323577881
-0.3963165283
0.0720520020
-0.1080932617
-0.3602905273
0.5764770508
0.3602905273
-0.0720520020
0.1257019043
-0.8170318604
-0.1257019043
-0.1885528564
-0.1885528564
0.0000000000
0.1885528564
-0.2514038086
0.9467468262
-0.1632385254
0.0326538086
-0.0652923584
0.0000000000
-0.0326538086
-0.1632385254
-0.0979461670
-0.1247253418
0.0000000000
-0.1247253418
-0.1247253418
0.0000000000
-0.3741607666
0.1247253418
0.1247253418
0.4876861572
-0.5486602783
0.3048095703
-0.2438507080
-0.2438507080
0.0000000000
0.1828918457
-0.3048095703
0.0637969971
0.9887390137
-0.0106353760
-0.0531616211
-0.0637969971
0.0850524902
0.0000000000
-0.0212707520
-0.1606903076
0.2249603271
-0.6105957031
0.6748657227
0.0321350098
0.2249603271
0.0964050293
0.0321350098
-0.0494079590
0.1976165771
0.0000000000
0.0494079590
-0.3458404541
-0.4446563721
-0.7410888672
0.0988159180
0.0000000000
0.1478729248
0.0000000000
0.0887298584
-0.5915069580
-0.6506652832
0.3549041748
-0.2070312500
-0.0857086182
0.5999755859
0.5999755859
-0.0857086182
-0.0857086182
0.4285430908
-0.0857086182
0.0857086182
0.1274566650
-0.3186645508
-0.7647857666
-0.2549285889
-0.1274566650
0.0000000000
0.2549285889
0.1274566650
0.9415740967
-0.0174407959
0.1743621826
-0.1743621826
0.1046142578
-0.0348663330
0.1394958496
0.1046142578
-0.2533264160
0.0950012207
0.8549804688
0.2849884033
-0.1900024414
0.0950012207
0.1900024414
-0.0316619873
-0.4541625977
-0.2445526123
0.2445526123
0.3493652344
0.6637878418
0.1746826172
-0.1048126221
0.1746826172
-0.0513763428
0.0513763428
0.0770721436
-0.0256958008
-0.0128479004
-0.0642242432
-0.9891357422
0.0128479004
-0.1029205322
-0.1029205322
0.6174926758
0.1029205322
-0.3087463379
-0.1029205322
0.0000000000
0.3087463379
0.0417175293
0.9871520996
-0.0973205566
0.0278015137
0.0417175293
0.0695190430
-0.0278015137
0.0000000000
0.1113433838
-0.1113433838
0.0000000000
0.0000000000
0.1113433838
-0.1113433838
0.1113433838
0.1113433838
0.0000000000
-0.2499237061
0.0624847412
0.2499237061
-0.4373779297
0.1249694824
0.6873016357
-0.2499237061
0.3460845947
0.3775482178
0.5977783203
0.1573028564
0.2202301025
0.3146209717
-0.4089965820
-0.0943908691
0.0506134033
0.0253143311
0.2024688721
-0.5821075439
-0.2277832031
-0.7339630127
-0.0759277344
0.0000000000
-0.3685150146
0.1228332520
0.0000000000
0.0000000000
0.0000000000
0.0000000000
0.0000000000
-0.1228332520
0.4658966064
0.2329559326
0.2717742920
-0.2329559326
-0.1941223145
-0.3882446289
-0.5823669434
-0.1553039551
-0.1340484619
-0.1072387695
0.9651489258
-0.0670318604
0.0000000000
0.0536193848
0.0000000000
-0.1608581543
-0.1245422363
0.0000000000
-0.1245422363
0.1245422363
-0.2490844727
0.2490844727
-0.2490844727
0.2490844727
0.0000000000
-0.1192779541
-0.0238494873
-0.9780883789
-0.0715637207
-0.0477142334
-0.0238494873
0.0477142334
-0.0537872314
0.9681396484
0.0717163086
-0.1434326172
-0.1434326172
0.0000000000
0.0179290771
0.0537872314
-0.4174346924
0.4174346924
-0.0379486084
0.4174346924
0.3035888672
-0.2656402588
0.4174346924
0.3035888672
-0.6762084961
-0.3863983154
0.4830017090
0.0482940674
0.0000000000
0.2415008545
0.0482940674
-0.1448974609
-0.3630828857
-0.2904663086
0.2904663086
0.1452331543
0.6535491943
0.2178497314
-0.0726165771
-0.1452331543
-0.0249023438
-0.0083007812
0.0000000000
0.9962310791
0.0581207275
-0.0249023438
0.0249023438
0.0000000000
-0.0164337158
0.9862518311
-0.1150665283
0.0164337158
0.0164337158
0.0164337158
-0.0657501221
0.0000000000
0.4779357910
-0.3584442139
0.2787933350
0.0000000000
-0.2787933350
0.5177612305
0.3584442139
-0.1991424561
0.0000000000
-0.9341735840
-0.0491638184
-0.0983276367
-0.0491638184
0.0983276367
0.0491638184
-0.1475067139
0.9518585205
-0.2025299072
0.0607604980
0.0202484131
-0.1215209961
0.0202484131
-0.0202484131
-0.1417694092
0.0000000000
0.1178436279
0.0000000000
-0.2357025146
0.1178436279
0.0000000000
-0.1178436279
0.1178436279
0.4903717041
-0.3269195557
0.4903717041
-0.3269195557
-0.2724304199
-0.1089782715
0.2179412842
-0.2724304199
0.0353851318
0.9907684326
0.0117950439
0.0117950439
-0.0353851318
0.0943603516
0.0471801758
0.0000000000
0.0371246338
0.0742645264
-0.6312103271
0.6312103271
-0.0742645264
0.1485137939
0.3341674805
0.1113891602
-0.1385192871
0.4155578613
0.0692596436
0.0692596436
-0.1385192871
-0.3462982178
-0.6926116943
0.1385192871
0.0830841064
0.2492523193
0.0415344238
0.0415344238
-0.2492523193
-0.7477569580
0.4985046387
0.0415344238
0.1819000244
0.6366424561
0.3638000488
-0.0454711914
0.0454711914
0.5911712646
0.0000000000
0.0909423828
0.2089080811
-0.4178161621
-0.3133544922
-0.1044464111
-0.4178161621
0.2089080811
0.2089080811
-0.1044464111
0.9699249268
-0.0412750244
0.1238250732
-0.1031799316
0.1031799316
0.0412750244
-0.0412750244
0.0619049072
-0.2115325928
-0.1175231934
0.8696441650
0.3525543213
-0.0234985352
0.1410217285
0.1175231934
-0.0940093994
-0.4993591309
-0.2496795654
0.1664581299
0.3745269775
0.6658172607
0.0832214355
-0.0832214355
0.0832214355
-0.1111297607
0.1234893799
0.1728820801
0.0000000000
0.0123443604
0.0000000000
-0.9631805420
-0.0987854004
-0.1034240723
-0.3102722168
0.6205291748
0.1034240723
-0.2068481445
-0.1034240723
-0.1034240723
0.2068481445
0.0692291260
0.9691162109
-0.1730499268
0.0346069336
0.0173034668
0.0519104004
-0.0692291260
-0.0865325928
0.1199951172
-0.1199951172
0.1199951172
0.0000000000
0.0000000000
-0.2400054932
0.1199951172
0.1199951172
-0.0821380615
-0.0821380615
0.1642608643
0.0000000000
-0.2463989258
0.2463989258
0.7391815186
-0.2463989258
0.3370208740
0.3370208740
0.5476531982
0.2527618408
0.2948913574
0.2948913574
-0.4212646484
0.0000000000
0.0961608887
0.0480804443
0.1682891846
-0.6010284424
-0.2404174805
-0.7212371826
0.0000000000
-0.0480804443
-0.3726806641
-0.1242218018
-0.2484588623
-0.1242218018
0.1242218018
0.0000000000
0.0000000000
-0.2484588623
0.3457946777
0.2074737549
0.1728973389
-0.3112182617
-0.4495239258
-0.3457946777
-0.5878448486
-0.0691528320
-0.1417999268
-0.2304229736
0.9394073486
-0.0531768799
0.0177307129
0.0531768799
-0.0531768799
-0.1595153809
-0.2432556152
0.1216278076
0.0000000000
0.0000000000
0.0000000000
0.0000000000
-0.2432556152
0.1216278076
-0.1149291992
-0.0383148193
-0.0383148193
-0.9577178955
0.0000000000
-0.0766143799
-0.1149291992
0.0000000000
0.0170593262
0.9893188477
-0.0170593262
-0.0511779785
-0.0852813721
0.0170593262
0.0000000000
0.0341186523
-0.4940643311
0.3952484131
0.0000000000
0.4940643311
0.1976165771
-0.2470245361
0.2964324951
0.2964324951
-0.8219451904
-0.1826629639
-0.3196411133
0.0000000000
0.0456695557
0.3196411133
-0.0913238525
0.0913238525
-0.3658599854
-0.1219482422
0.1219482422
0.2438964844
0.2438964844
0.1219482422
-0.2438964844
-0.1219482422
-0.0220642090
0.0000000000
-0.0661926270
0.9928588867
0.0220642090
-0.0441284180
0.0551605225
0.0000000000
0.0301666260
0.9804687500
-0.0904998779
-0.0301666260
0.0452575684
0.1357574463
-0.0301666260
0.0000000000
0.5326538086
-0.1331634521
0.4882659912
0.0443878174
-0.2663269043
0.4438781738
0.0000000000
-0.3551025391
-0.0472717285
-0.9453125000
0.0945281982
0.0000000000
0.0472717285
0.0472717285
0.0945281982
-0.0945281982
0.9559783936
-0.1499633789
0.0749816895
0.0937194824
-0.1499633789
0.0374908447
0.0374908447
-0.1124725342
0.0000000000
-0.1000061035
0.0000000000
-0.1000061035
0.1000061035
0.0000000000
-0.1000061035
0.0000000000
0.3739624023
-0.1495819092
0.5235443115
-0.3739624023
-0.2991638184
-0.0747985840
0.2991638184
-0.2243804932
0.0000000000
0.9862365723
0.0154113770
0.0308227539
0.0000000000
0.1078643799
0.0770568848
0.0308227539
0.1200561523
-0.0800323486
-0.6002655029
0.3601684570
-0.1600799561
0.2801208496
0.4802246094
0.3201446533
-0.0564422607
0.1693267822
0.0000000000
0.1693267822
-0.0564422607
-0.4515228271
-0.7901763916
0.0564422607
0.1452331543
0.2178497314
0.1452331543
0.0726165771
0.1452331543
-0.6535491943
0.5083160400
0.1452331543
0.2164764404
0.5628204346
0.3030548096
-0.1298828125
-0.2597656250
0.6061096191
0.0432891846
0.1731719971
0.1208343506
-0.2416839600
0.2416839600
0.1208343506
0.1208343506
0.0000000000
0.4833679199
0.0000000000
0.9366455078
-0.0585327148
0.0292663574
0.0585327148
0.1170806885
0.1756134033
-0.2048950195
0.0292663574
-0.0922546387
-0.2583312988
0.8672332764
0.3690338135
0.0922546387
0.0738067627
0.0553588867
-0.0922546387
-0.5161437988
-0.0645141602
0.2580718994
0.2580718994
0.6451721191
0.0645141602
-0.1935577393
0.0000000000
-0.1688995361
0.1829681396
0.2533416748
0.0140686035
0.0000000000
0.0422210693
-0.9148559570
-0.1688995361
0.0000000000
-0.2490844727
0.1245422363
-0.1245422363
-0.2490844727
0.0000000000
0.0000000000
0.3736267090
0.0909729004
0.9097595215
-0.3184204102
-0.0454864502
0.0454864502
-0.0909729004
-0.0909729004
-0.1592102051
0.0000000000
0.0911560059
0.0000000000
0.0911560059
0.0000000000
0.0000000000
0.0000000000
-0.0911560059
-0.0808105469
0.0000000000
0.2424163818
-0.0808105469
-0.0808105469
0.4040222168
0.7272491455
-0.0808105469
0.3669738770
0.3262023926
0.4485321045
0.2854309082
0.3669738770
0.3262023926
-0.4077606201
0.1223297119
0.1335754395
0.0267181396
0.1869964600
-0.5610046387
-0.1869964600
-0.7480163574
-0.0534362793
-0.1068572998
-0.2416839600
0.0000000000
-0.2416839600
-0.3625183105
-0.1208343506
0.2416839600
-0.1208343506
-0.2416839600
0.4028472900
0.1342773438
-0.0671386719
-0.4028472900
-0.5707092285
-0.0335693359
-0.5371398926
0.0335693359
-0.0936889648
-0.3435363770
0.9057006836
-0.0312347412
0.0000000000
0.0312347412
-0.0624542236
-0.1249237061
0.1249389648
0.2498779297
0.1249389648
-0.2498779297
0.1249389648
-0.1249389648
-0.2498779297
0.1249389648
-0.3411407471
0.0852813721
0.1705627441
-0.5970001221
0.1705627441
-0.1705627441
-0.3411407471
-0.2558593750
0.0668182373
0.9799194336
-0.0222778320
-0.0668182373
-0.0890808105
0.0445404053
0.0000000000
0.0668182373
-0.4879760742
0.4066467285
0.0813293457
0.4066467285
0.1626586914
-0.2439880371
0.3253173828
0.0813293457
-0.5538940430
0.0000000000
-0.6277465820
0.0369262695
0.0738525391
0.3323364258
0.0369262695
0.3692626953
0.1224670410
-0.1224670410
-0.2449493408
0.0000000000
0.2449493408
0.1224670410
-0.3674163818
0.2449493408
0.0000000000
0.0000000000
-0.1402893066
0.9663848877
-0.0779418945
-0.0779418945
0.1558685303
0.0467681885
0.0326538086
0.9797821045
-0.0653228760
-0.0326538086
0.0326538086
0.1469726562
0.0000000000
-0.0489959717
0.2716217041
-0.0543212891
0.7062377930
-0.1629791260
-0.2716217041
0.2173004150
-0.3259582520
-0.2716217041
0.0000000000
-0.7694549561
0.2564849854
0.1282348633
0.1282348633
-0.0641174316
0.2564849854
-0.3206024170
0.9553375244
0.0000000000
0.0545959473
0.1637725830
-0.0545959473
0.1637725830
0.0272979736
-0.0545959473
-0.0911560059
0.0000000000
-0.0911560059
-0.0911560059
0.0000000000
0.0000000000
0.0000000000
0.0000000000
0.2498779297
-0.1249389648
0.3748321533
-0.1249389648
-0.1249389648
0.0000000000
0.0000000000
-0.1249389648
-0.0260925293
0.9656372070
0.0000000000
0.0000000000
0.0260925293
0.1565856934
0.0522003174
0.1304931641
0.1424407959
-0.1899108887
-0.3798217773
0.1899108887
-0.3323516846
0.4747772217
0.2848663330
0.5222625732
-0.0506591797
0.0000000000
-0.0506591797
0.2532806396
0.1519622803
-0.5572052002
-0.7091674805
0.1013031006
-0.2985992432
0.1990661621
0.1990661621
-0.2985992432
0.0995330811
-0.4976654053
0.1990661621
0.2985992432
0.1574554443
0.5904388428
0.1968078613
-0.1180877686
-0.5117034912
0.4723510742
0.0000000000
0.1968078613
0.0000000000
-0.1178436279
-0.1178436279
0.0000000000
0.3535461426
-0.1178436279
0.4714050293
0.2357025146
0.8384399414
-0.1323852539
0.1765136719
0.0441284180
0.3088989258
0.2647705078
0.0000000000
0.1323852539
-0.0228118896
-0.2280883789
0.8895568848
0.2965240479
0.1596679688
0.0228118896
0.0000000000
-0.1596679688
-0.2449493408
0.3674163818
0.2449493408
-0.1224670410
0.2449493408
-0.1224670410
0.0000000000
-0.1224670410
-0.1832885742
0.1221923828
0.2647552490
-0.0203704834
-0.0610961914
0.0610961914
-0.9164428711
-0.1425628662
0.0000000000
0.0981750488
-0.5890197754
-0.1963348389
-0.0981750488
0.0981750488
0.3926696777
0.2945098877
0.0602416992
0.8433685303
-0.4216918945
-0.0301208496
0.0903625488
-0.1807250977
-0.0602416992
-0.1807250977
0.0000000000
0.1150360107
0.0000000000
0.1150360107
0.0000000000
-0.1150360107
0.0000000000
-0.2300720215
0.0000000000
-0.1670379639
0.2505645752
-0.0835266113
-0.0835266113
0.5011291504
0.5846557617
-0.2505645752
0.3814086914
0.3432769775
0.3432769775
0.3051300049
0.3432769775
0.4577026367
-0.3814086914
0.0762786865
0.0683135986
0.0683135986
0.3415374756
-0.5805969238
-0.2049255371
-0.6147613525
-0.2732238770
-0.0683135986
-0.2500000000
0.1250000000
0.0000000000
-0.2500000000
0.1250000000
0.2500000000
-0.1250000000
-0.1250000000
0.4912261963
0.1133575439
-0.0755767822
-0.4534301758
-0.6423645020
0.0000000000
-0.2644958496
0.0755767822
-0.0676727295
-0.4736785889
0.7443542480
0.0676727295
0.0000000000
0.1353454590
0.0000000000
-0.2030029297
0.1216278076
0.2432556152
0.0000000000
-0.2432556152
0.0000000000
-0.1216278076
0.0000000000
0.0000000000
-0.4040222168
0.2424163818
0.3232269287
0.4040222168
0.1616058350
0.0000000000
-0.4848327637
-0.1616058350
0.0339508057
0.9507598877
-0.0679168701
-0.0339508057
-0.1358184814
0.1697845459
0.0679168701
0.0000000000
0.1150360107
0.1150360107
0.1150360107
-0.1150360107
0.1150360107
0.0000000000
0.1150360107
-0.1150360107
-0.1577758789
-0.0315551758
-0.7888946533
0.0631103516
0.0946655273
0.1893310547
0.1262207031
0.5048828125
0.3406372070
-0.2270965576
-0.3406372070
-0.1135406494
0.2270965576
0.2270965576
-0.2270965576
0.2270965576
-0.0504913330
0.0252380371
-0.1767120361
0.9340362549
-0.0757293701
-0.0252380371
0.2524414062
0.0504913330
0.0955047607
0.9789276123
-0.0238800049
0.0238800049
-0.0238800049
0.0716247559
0.0477600098
-0.0716247559
-0.2842712402
-0.4738006592
0.1895141602
-0.2842712402
0.0000000000
-0.1895141602
0.0000000000
-0.4738006592
0.1945648193
0.0000000000
0.3891448975
0.1945648193
-0.0972900391
0.0000000000
0.2918548584
-0.5837097168
0.9362792969
0.0814208984
0.0000000000
0.1221313477
0.0814208984
0.2035369873
0.0000000000
0.0000000000
0.0000000000
0.0000000000
-0.0911560059
-0.0911560059
0.0000000000
0.0000000000
-0.0911560059
0.0000000000
0.2456817627
0.1228332520
0.1228332520
-0.1228332520
-0.1228332520
-0.1228332520
0.1228332520
-0.1228332520
0.0308074951
0.9552001953
-0.0308074951
0.0000000000
0.0616302490
0.1540679932
0.0616302490
0.1540679932
0.2016296387
-0.3360595703
-0.0672149658
0.4032745361
-0.4704895020
0.2688446045
0.2688446045
0.4032745361
0.0000000000
-0.1790008545
-0.0894927979
0.0894927979
0.2684936523
-0.6264953613
-0.4474945068
0.0894927979
-0.3242645264
0.1621246338
0.0810699463
-0.1621246338
0.1621246338
-0.4863891602
0.1621246338
0.5674591064
0.1682586670
0.5047760010
0.1682586670
-0.0560913086
-0.5608673096
0.5047760010
0.0000000000
0.1121673584
0.1178436279
0.0000000000
0.0000000000
0.0000000000
0.1178436279
-0.2357025146
0.5892486572
0.1178436279
0.7578887939
-0.2021026611
0.2021026611
-0.0505218506
0.3031616211
0.1010589600
0.2526245117
0.3031616211
0.0000000000
0.0000000000
0.9255371094
0.1928253174
0.1156921387
0.0385589600
-0.0771331787
-0.1928253174
-0.1245422363
0.2490844727
0.1245422363
-0.2490844727
-0.1245422363
-0.2490844727
0.0000000000
-0.2490844727
-0.0943450928
-0.0943450928
0.2830200195
0.0314483643
-0.1572265625
0.0628967285
-0.9119415283
-0.0943450928
-0.0901947021
-0.0901947021
-0.5411987305
-0.1804046631
0.0901947021
0.4510040283
0.3607940674
-0.1804046631
0.0576477051
0.6340789795
-0.6340789795
0.0000000000
0.1152801514
-0.2305755615
-0.0576477051
-0.1152801514
0.0000000000
0.1000061035
0.0000000000
0.1000061035
0.0000000000
0.0000000000
0.1000061035
-0.1000061035
-0.1076965332
0.1076965332
0.3230743408
0.0000000000
-0.1076965332
0.6461486816
0.1076965332
0.0000000000
0.2927703857
0.3659515381
0.2195739746
0.3659515381
0.2195739746
0.5123443604
-0.2927703857
0.1463775635
0.0443878174
0.0887756348
0.3551025391
-0.5770416260
-0.1775512695
-0.4882659912
-0.4438781738
0.0000000000
0.0000000000
-0.0785675049
0.0000000000
0.0000000000
0.0785675049
0.0000000000
0.0000000000
0.0000000000
0.3823852539
0.0637359619
-0.1274566650
-0.3186645508
-0.7647857666
-0.0637359619
-0.0637359619
-0.0637359619
-0.2760772705
-0.5521545410
0.1840515137
0.1840515137
-0.0920257568
0.1840515137
0.0000000000
-0.4601287842
0.0000000000
0.1064758301
0.1064758301
-0.1064758301
0.0000000000
-0.1064758301
0.0000000000
-0.1064758301
-0.2664337158
0.0000000000
0.1776275635
0.7104949951
0.0888061523
0.1776275635
-0.2664337158
-0.0888061523
-0.0863494873
0.9497985840
-0.0431671143
0.0000000000
-0.0431671143
0.1295166016
0.0863494873
-0.0431671143
0.3748321533
-0.2498779297
0.1249389648
-0.1249389648
0.1249389648
0.0000000000
0.1249389648
0.0000000000
0.0867462158
-0.0433807373
-0.7373809814
0.0433807373
0.0867462158
0.0000000000
0.0867462158
0.6072540283
0.3165283203
-0.3165283203
-0.2110137939
-0.1055145264
0.2110137939
0.5275421143
-0.1055145264
0.0000000000
-0.1369934082
-0.0456695557
-0.2283172607
0.8676147461
0.0000000000
0.0456695557
0.3196411133
0.0456695557
0.1222686768
0.9475860596
0.0305633545
0.1528320312
-0.0305633545
0.1222686768
0.0917053223
-0.0917053223
-0.1534423828
-0.5370635986
-0.2301635742
0.0000000000
0.4603424072
-0.3836212158
0.1534423828
-0.2301635742
0.1088256836
0.4352722168
0.3264617920
0.0000000000
-0.2176361084
0.2176361084
0.2176361084
-0.3264617920
0.9266967773
0.0441284180
0.0441284180
0.1765136719
0.0441284180
0.1765136719
0.0441284180
-0.0882568359
-0.1150360107
-0.1150360107
-0.1150360107
0.0000000000
-0.1150360107
-0.1150360107
-0.1150360107
0.1150360107
0.4290313721
-0.2145080566
0.0000000000
-0.3575286865
-0.4290313721
-0.1430053711
0.2860260010
-0.4290313721
0.0235290527
0.9963226318
0.0078430176
-0.0470733643
0.0000000000
0.0313873291
0.0313873291
-0.0235290527
-0.1627807617
0.0610504150
-0.4476623535
0.8546295166
0.0000000000
0.1424407959
0.0610504150
0.0406951904
-0.0292816162
0.0000000000
-0.2049713135
-0.0585632324
-0.8199157715
-0.2928314209
-0.4099578857
0.0000000000
0.0169830322
0.1358032227
0.0679016113
0.0339508057
-0.3395233154
-0.8997192383
0.0000000000
-0.2037048340
-0.0511779785
0.3070983887
0.3582763672
0.1535491943
-0.7677307129
0.1023712158
0.0000000000
0.2559051514
0.4331817627
-0.1237640381
-0.7425994873
-0.0618896484
-0.2475280762
0.0618896484
0.1237640381
-0.1856536865
0.9270477295
0.0000000000
0.2418365479
-0.0604553223
-0.0604553223
-0.1209259033
0.0806121826
0.2015380859
-0.0387115479
-0.0129089355
0.9420318604
0.3097076416
-0.0258026123
0.0774230957
0.0387115479
0.0387115479
-0.4153594971
-0.2373504639
0.2373504639
0.2373504639
0.6527099609
0.2966918945
-0.1186676025
0.1186676025
-0.0428009033
0.0213928223
0.0106964111
0.0213928223
-0.0534973145
-0.0106964111
-0.9950103760
-0.0213928223
-0.1557159424
-0.0778656006
0.7786102295
0.0000000000
0.0000000000
0.0000000000
0.3892974854
0.0778656006
0.0330657959
0.9920654297
-0.0661315918
0.0110168457
0.0551147461
-0.0110168457
-0.0110168457
-0.0551147461
-0.1234283447
0.0000000000
0.1234283447
0.0000000000
0.0000000000
0.0000000000
0.2468566895
-0.4937286377
-0.0858917236
-0.2576904297
-0.0858917236
0.1717987061
-0.1717987061
0.0000000000
0.7730712891
-0.0858917236
0.4071655273
0.3053741455
0.6361999512
0.1272430420
0.2799224854
0.3817138672
-0.2544860840
0.1017913818
-0.1016845703
0.1355895996
0.1694793701
-0.4406585693
-0.4067687988
-0.5084533691
-0.5084533691
0.1694793701
-0.1199951172
0.1199951172
0.2400054932
0.0000000000
0.0000000000
0.1199951172
0.1199951172
-0.1199951172
0.8720703125
0.2378387451
0.0396423340
-0.1189117432
0.1189117432
0.0000000000
-0.2774810791
-0.1585540771
-0.1301879883
-0.0325469971
0.9655151367
-0.1193389893
-0.0108489990
0.0216979980
0.1301879883
-0.1193389893
0.0000000000
0.0000000000
0.1228332520
0.1228332520
-0.2456817627
0.2456817627
0.0000000000
0.1228332520
0.0098571777
-0.0591583252
-0.0295867920
-0.9959106445
-0.0197143555
0.0098571777
0.0000000000
-0.0098571777
-0.0129089355
0.9938201904
-0.0129089355
-0.0387268066
-0.0645294189
0.0129089355
-0.0129089355
0.0258178711
-0.3343505859
0.4179534912
0.0417938232
0.3761596680
0.2925567627
-0.3343505859
0.4179534912
0.3761596680
0.0388793945
-0.0388793945
0.8943176270
-0.1944122314
-0.0777740479
0.0777740479
-0.0388793945
-0.3110656738
-0.1557159424
-0.3114471436
0.4671630859
-0.1557159424
0.2335815430
0.3892974854
0.0778656006
-0.4671630859
0.0078582764
-0.0157165527
-0.0157165527
0.9975280762
0.0392761230
-0.0235595703
-0.0157165527
-0.0078582764
-0.0833740234
0.9886474609
0.0000000000
0.0714721680
-0.0119171143
-0.0595550537
0.0000000000
-0.0476531982
0.2266998291
-0.5793304443
0.4533843994
-0.0503692627
-0.0755615234
0.5037689209
0.3526306152
-0.0251922607
0.0810699463
-0.4863891602
0.0000000000
-0.3242645264
-0.1621246338
0.0000000000
0.4053344727
-0.4863891602
0.9591674805
-0.1918334961
-0.0319671631
0.0319671631
0.0000000000
0.0000000000
0.0639495850
0.0639495850
-0.2300720215
-0.1150360107
0.0000000000
0.1150360107
0.0000000000
-0.1150360107
0.0000000000
0.0000000000
0.4106597900
-0.1642608643
0.0821380615
-0.3285217285
-0.4106597900
-0.2463989258
0.2463989258
-0.4106597900
0.0391998291
0.9955596924
0.0078430176
-0.0313568115
0.0156707764
0.0391998291
0.0391998291
-0.0313568115
-0.1357269287
0.0904846191
-0.4071807861
0.8596191406
-0.1583557129
0.0000000000
0.1583557129
-0.0452423096
0.1138153076
0.0284576416
-0.2276306152
-0.0569000244
-0.8251342773
-0.2560729980
-0.3983459473
0.0000000000
-0.0500030518
0.2249908447
0.1499938965
0.0249938965
-0.2499847412
-0.8999481201
0.1250000000
-0.1250000000
0.0000000000
0.3891448975
0.2918548584
0.1945648193
-0.0972900391
0.1945648193
0.0000000000
0.5837097168
0.3201599121
-0.3201599121
-0.2401123047
-0.0800323486
-0.4802398682
0.1600799561
0.1600799561
-0.4802398682
0.9570770264
-0.0233459473
0.2100982666
-0.0466918945
-0.0233459473
-0.1167144775
0.0233459473
0.0700378418
-0.0383605957
-0.0383605957
0.9462280273
0.2940979004
0.0639343262
0.0511474609
-0.0511474609
0.0255737305
-0.2786865234
-0.0557403564
0.2229461670
0.2786865234
0.7803344727
0.2786865234
0.0000000000
0.0557403564
-0.0910491943
0.0708160400
0.0910491943
0.0505828857
-0.0606994629
0.0303497314
-0.9812927246
-0.0708160400
-0.1034240723
-0.2068481445
0.5171051025
0.1034240723
0.0000000000
-0.1034240723
0.3102722168
0.4136962891
0.0690612793
0.9783020020
-0.1266021729
0.0690612793
0.0575408936
0.0345306396
-0.0460357666
-0.0805664062
0.0000000000
0.0000000000
0.2300720215
0.0000000000
0.0000000000
-0.1150360107
0.1150360107
-0.1150360107
0.0000000000
-0.4582519531
-0.0916442871
0.1833038330
-0.0916442871
-0.0916442871
0.5499114990
-0.3666076660
0.3523559570
0.3132019043
0.5872650146
0.0783081055
0.3523559570
0.3915100098
-0.3132019043
-0.0391540527
-0.1179046631
0.1179046631
0.2358093262
-0.5109252930
-0.4716186523
-0.4716186523
-0.3930206299
0.0785980225
-0.1245422363
0.2490844727
0.0000000000
-0.1245422363
0.2490844727
0.0000000000
0.0000000000
-0.3736267090
0.8245239258
0.2748413086
0.0458068848
-0.1832275391
0.0458068848
-0.0458068848
-0.1832275391
-0.3206481934
-0.1478118896
-0.0738983154
0.9607696533
-0.1478118896
0.0369567871
0.0615844727
0.0738983154
-0.1108551025
0.0000000000
0.0000000000
0.1216278076
0.0000000000
-0.2432556152
0.2432556152
0.0000000000
0.1216278076
0.0418090820
-0.0627288818
-0.0627288818
-0.9931488037
0.0000000000
0.0104522705
0.0209045410
0.0000000000
0.0110321045
0.9933319092
-0.0441436768
0.0000000000
-0.0772552490
-0.0110321045
-0.0110321045
-0.0331115723
-0.3111877441
0.4667816162
0.0518646240
0.4149169922
0.3111877441
-0.3111877441
0.3630523682
0.3111877441
0.0000000000
-0.2518920898
0.8186492920
0.0000000000
0.1259460449
-0.0629730225
0.1259460449
-0.3148651123
-0.2540588379
-0.2540588379
0.5081176758
0.0000000000
0.3387451172
0.2540588379
0.0846862793
-0.4234313965
0.0164794922
-0.0329437256
-0.0247039795
0.9965972900
0.0411834717
-0.0247039795
0.0082397461
-0.0164794922
-0.0327301025
0.9928283691
-0.0218200684
0.0218200684
0.0654602051
-0.0109100342
-0.0545501709
-0.0327301025
0.2158966064
-0.6168518066
0.5859985352
0.0616912842
-0.0308380127
0.3084259033
0.3084259033
-0.0616912842
0.0000000000
-0.7438201904
0.0743865967
-0.2231445312
-0.0743865967
0.1487579346
0.2975311279
-0.2975311279
0.9802551270
-0.1278533936
0.0426177979
0.0426177979
-0.0426177979
0.0426177979
0.0213165283
-0.0213165283
-0.1228332520
0.0000000000
0.1228332520
0.0000000000
0.2456817627
0.0000000000
-0.1228332520
-0.2456817627
0.4290313721
-0.1430053711
0.2860260010
-0.4290313721
-0.3575286865
-0.1430053711
0.2860260010
-0.3575286865
0.0435943604
0.9938659668
-0.0087127686
0.0000000000
0.0261535645
0.0523071289
0.0610198975
-0.0261535645
-0.0625457764
0.0208435059
-0.3336181641
0.8965911865
-0.1876525879
-0.0417022705
0.1668090820
-0.0417022705
0.1879425049
0.0626525879
-0.2192535400
-0.0939636230
-0.8457031250
-0.1252899170
-0.3758697510
0.0000000000
-0.1521301270
0.3042602539
0.1217041016
0.0608520508
-0.0912780762
-0.8823394775
0.2129821777
0.0608520508
0.1849517822
0.4931945801
0.0000000000
0.1233062744
0.1233062744
0.6165008545
0.0000000000
0.4315490723
0.2211151123
-0.3316650391
0.2211151123
0.1105499268
-0.2211151123
0.3316650391
0.2211151123
-0.3316650391
0.9691162109
-0.0646057129
0.1292114258
0.0646057129
0.0000000000
-0.0323028564
-0.0323028564
0.0000000000
0.0000000000
-0.1005706787
0.9274444580
0.3352203369
0.0893859863
0.0558776855
-0.0335235596
-0.0335235596
-0.1783294678
0.1188812256
0.2377624512
0.3566436768
0.7727355957
0.2377624512
0.0000000000
0.0000000000
-0.1101531982
0.1101531982
0.1432037354
0.0771026611
-0.0220336914
0.0771026611
-0.9583587646
-0.1432037354
0.1099700928
-0.2199401855
0.4398803711
0.3299102783
0.2199401855
0.1099700928
0.1099700928
0.3299102783
0.0632781982
0.9745178223
-0.1645355225
0.0632781982
0.0379638672
0.0379638672
-0.0379638672
-0.0759429932
0.2400054932
0.1199951172
0.1199951172
-0.1199951172
0.0000000000
-0.1199951172
0.1199951172
0.0000000000
0.1099700928
-0.4398803711
0.1099700928
0.0000000000
0.1099700928
-0.1099700928
0.5498504639
0.0000000000
0.3071136475
0.2193603516
0.4826049805
0.2193603516
0.4826049805
0.3509826660
-0.3948516846
0.0438690186
-0.1756591797
0.0878295898
0.3513183594
-0.6148071289
-0.4391479492
-0.3952331543
-0.1756591797
-0.1317443848
-0.2459411621
0.1229705811
-0.3689117432
-0.2459411621
0.0000000000
0.0000000000
-0.1229705811
-0.2459411621
0.7926940918
0.3397216797
-0.1132354736
-0.1698608398
-0.1698608398
0.0000000000
-0.2264862061
-0.1698608398
-0.1183013916
-0.1520996094
0.9464263916
-0.1690063477
0.0337982178
0.1520996094
0.0507049561
-0.0507049561
-0.1113433838
0.1113433838
0.1113433838
-0.1113433838
-0.1113433838
0.0000000000
-0.1113433838
0.0000000000
0.0279235840
-0.0419006348
-0.0558624268
-0.9914703369
0.0419006348
0.0000000000
-0.0558624268
-0.0139617920
0.0470581055
0.9883728027
-0.0823669434
-0.0235290527
-0.0823669434
-0.0235290527
-0.0235290527
-0.0352935791
-0.3180084229
0.4452209473
0.0635986328
0.4452209473
0.2544097900
-0.2544097900
0.1908111572
0.4452209473
-0.2381439209
-0.2381439209
0.1190643311
0.0000000000
0.4762878418
0.1190643311
0.0000000000
-0.2381439209
-0.1937103271
-0.1937103271
0.4842681885
-0.2905578613
0.3874053955
0.2905578613
0.0000000000
-0.1937103271
0.0511474609
-0.0306854248
-0.0818481445
0.9923858643
0.0204620361
-0.0306854248
0.0102233887
-0.0102233887
0.0000000000
0.9920959473
-0.0589294434
-0.0294647217
0.0687561035
0.0098266602
-0.0589294434
0.0000000000
0.0754089355
-0.5655822754
0.7541046143
0.0377044678
0.0754089355
0.0000000000
0.2262268066
-0.0377044678
0.0000000000
-0.6527404785
0.2447814941
0.0815887451
0.0815887451
0.3263702393
0.2447814941
-0.3263702393
0.9725036621
-0.1080627441
0.0432281494
0.1080627441
-0.0648345947
0.0864410400
0.0432281494
-0.0216064453
0.1237182617
-0.2474365234
0.0000000000
-0.1237182617
0.2474365234
-0.1237182617
0.0000000000
-0.1237182617
0.2295074463
0.0000000000
0.3059997559
-0.4590148926
-0.3825073242
-0.0765075684
0.3825073242
-0.3825073242
0.0460052490
0.9890899658
0.0229949951
-0.0115051270
0.0115051270
0.0575103760
0.1035156250
-0.0229949951
-0.0729980469
-0.1459808350
-0.3162994385
0.8759307861
-0.2189788818
0.0243377686
0.1703186035
0.0973205566
0.2504272461
0.0715484619
-0.1073303223
-0.1073303223
-0.7870483398
-0.1073303223
-0.4650726318
-0.1430969238
-0.1717681885
0.3435363770
0.1374206543
-0.0687103271
0.0687103271
-0.8588562012
0.1717681885
0.1374206543
0.2000732422
0.6002197266
0.1000366211
0.1500549316
0.0000000000
0.6502532959
0.1500549316
0.2000732422
0.1172332764
-0.3517150879
0.0000000000
0.1172332764
0.2344665527
0.1172332764
0.4689483643
0.1172332764
0.9309234619
-0.1692657471
0.0846252441
0.0846252441
0.1269378662
0.0000000000
0.0000000000
0.1269378662
0.0252227783
-0.1134948730
0.9331207275
0.3152465820
0.0378265381
0.0630493164
0.0126037598
-0.0756530762
-0.3525543213
0.2644195557
0.3525543213
0.0881347656
0.6169738770
-0.0881347656
-0.0881347656
-0.0881347656
-0.1367492676
0.1093902588
0.1504211426
0.0820465088
0.0410156250
0.1230621338
-0.9435272217
-0.1640930176
0.3944702148
-0.1972351074
0.1972351074
0.3944702148
0.4930877686
0.0986175537
0.0000000000
-0.0986175537
0.0657348633
0.9696807861
-0.1972198486
0.0328674316
0.0328674316
0.0164337158
-0.0328674316
-0.0657348633
0.1199951172
0.1199951172
0.2400054932
0.1199951172
-0.1199951172
0.0000000000
0.0000000000
-0.1199951172
-0.1014251709
-0.2028656006
0.5071563721
-0.1014251709
0.1014251709
0.4057312012
0.3042907715
0.2028656006
0.3075561523
0.2392120361
0.4100799561
0.3417358398
0.4442443848
0.3759002686
-0.4100799561
0.1366882324
-0.1214294434
0.1214294434
0.4856872559
-0.6071166992
-0.3642730713
-0.2833251953
-0.2428436279
-0.2023773193
-0.2498626709
0.1249389648
-0.2498626709
-0.2498626709
0.0000000000
-0.1249389648
0.0000000000
-0.1249389648
0.6892852783
0.2297668457
-0.3216705322
-0.1378631592
-0.4595184326
0.1838073730
-0.1838073730
0.0459594727
-0.1058502197
-0.2381439209
0.8996734619
-0.1852264404
-0.0529174805
0.2381439209
0.0793762207
0.0000000000
0.0000000000
0.2484588623
0.1242218018
-0.2484588623
0.0000000000
0.1242218018
-0.3726806641
0.1242218018
-0.0833892822
0.0416870117
0.0208435059
-0.9797821045
0.0416870117
0.0625457764
-0.1042327881
-0.0208435059
0.0642852783
0.9803009033
-0.0964202881
-0.0642852783
-0.1124877930
0.0000000000
-0.0160675049
0.0160675049
-0.1769409180
0.4423675537
0.1769409180
0.4423675537
0.2654266357
-0.2654266357
0.0884704590
0.3538970947
-0.4680328369
0.0520019531
-0.7280578613
0.0520019531
0.2600250244
0.2080230713
0.0520019531
0.2080230713
0.0977325439
-0.2931823730
0.1954498291
-0.5863494873
0.2931823730
0.2931823730
0.0000000000
0.0977325439
0.0864105225
-0.0720062256
-0.1008148193
0.9793548584
-0.0432128906
-0.0432128906
0.0864105225
0.0144042969
0.0316467285
0.9914550781
-0.0843811035
-0.0210876465
0.0632781982
0.0000000000
-0.0210876465
-0.0210876465
-0.0921936035
-0.6453704834
0.5992736816
-0.1382904053
0.0921936035
-0.2765808105
0.1843872070
0.0921936035
-0.1441040039
-0.4323272705
0.2882232666
0.2882232666
0.0720520020
0.0720520020
0.4323272705
-0.5043792725
0.9627380371
-0.0283203125
-0.0283203125
0.1132659912
-0.0283203125
0.1698913574
0.0566253662
0.0000000000
0.0000000000
-0.1064758301
0.0000000000
-0.1064758301
0.1064758301
-0.1064758301
0.0000000000
-0.1064758301
0.1153869629
0.1153869629
0.3461608887
-0.2307739258
-0.2307739258
0.3461608887
0.2307739258
-0.2307739258
0.0498504639
0.9803314209
0.0498504639
-0.0498504639
0.0166168213
0.0664672852
0.1329193115
0.0166168213
-0.0813446045
-0.2440490723
-0.0813446045
0.6914672852
-0.4067382812
0.2847137451
0.1220245361
0.3660736084
0.2510375977
0.0502014160
-0.1004180908
0.0000000000
-0.6526947021
-0.3514556885
-0.5020751953
-0.2008361816
-0.3300628662
0.3300628662
0.1237792969
-0.2475433350
0.0000000000
-0.7426452637
0.1237792969
0.2888031006
0.1826629639
0.6392974854
0.2739868164
-0.0456695557
-0.3196411133
0.5479736328
0.0456695557
0.0913238525
0.0000000000
0.1250000000
0.2500000000
0.0000000000
0.1250000000
0.0000000000
0.3750000000
-0.1250000000
0.7993011475
-0.1498718262
0.1498718262
-0.0499572754
0.3996582031
0.0999145508
0.1998291016
0.1498718262
0.0384521484
-0.0961151123
0.9419403076
0.2499084473
0.0192260742
0.0768890381
0.0576629639
-0.1345672607
0.0000000000
0.2495727539
0.1247863770
-0.1247863770
0.1247863770
-0.3743438721
0.1247863770
-0.1247863770
-0.0985717773
0.0394287109
0.1182861328
0.0788574219
0.0591430664
0.0985717773
-0.9659729004
-0.0985717773
0.2749481201
-0.1833038330
-0.1833038330
0.0916442871
0.4582519531
0.3666076660
0.2749481201
-0.3666076660
0.0513458252
0.9499206543
-0.2567291260
0.0256805420
0.0770263672
-0.0256805420
0.0000000000
-0.0256805420
0.1113433838
0.1113433838
0.0000000000
0.2226867676
0.0000000000
0.0000000000
0.0000000000
0.0000000000
-0.1903381348
0.0000000000
0.3806762695
0.0951690674
-0.2855072021
0.5709991455
0.2855072021
0.0000000000
0.2456817627
0.2456817627
0.4504089355
0.3685150146
0.4094543457
0.4094543457
-0.3685150146
0.1228332520
-0.2315521240
0.1157836914
0.5017089844
-0.5402984619
-0.3087463379
-0.2701568604
-0.3859252930
-0.1543731689
-0.2500000000
0.1250000000
-0.2500000000
-0.2500000000
0.1250000000
-0.1250000000
0.0000000000
0.1250000000
0.6452941895
0.2688751221
-0.2688751221
-0.0537719727
-0.5377502441
0.1613159180
0.0000000000
-0.1613159180
-0.1787872314
-0.3575744629
0.8045501709
-0.1787872314
-0.0894012451
0.2681884766
0.0894012451
-0.0894012451
0.1113433838
0.1113433838
0.0000000000
-0.1113433838
-0.1113433838
-0.1113433838
-0.1113433838
0.0000000000
-0.1978912354
0.1187286377
0.1187286377
-0.9102783203
0.0395812988
0.0791473389
-0.1978912354
-0.0791473389
0.0679168701
0.9734802246
-0.0452728271
-0.0905609131
-0.1358337402
0.0452728271
-0.0226440430
0.0000000000
0.0000000000
0.2449493408
0.4898986816
0.0000000000
0.2449493408
0.0000000000
0.0000000000
0.0000000000
-0.1810913086
-0.0362243652
-0.8692321777
0.0362243652
0.1086578369
0.1086578369
0.1086578369
0.3621826172
0.1981506348
-0.2972259521
-0.0990753174
-0.3963012695
0.4953613281
0.2972259521
0.0990753174
-0.0990753174
0.0596618652
-0.0795593262
-0.0994415283
0.9745330811
-0.0596618652
0.0000000000
0.1193237305
0.0000000000
0.0660400391
0.9905395508
-0.0660400391
0.0396270752
0.0264129639
0.0000000000
0.0264129639
-0.0396270752
-0.1651763916
-0.7708282471
0.1101226807
-0.0550537109
0.2752990723
-0.3303527832
0.2752990723
0.0550537109
0.0000000000
0.3496398926
0.2797088623
0.2097930908
-0.1398620605
0.1398620605
0.4895019531
-0.5594329834
0.9343719482
0.1288757324
-0.0644378662
0.1288757324
0.0000000000
0.2255401611
0.0644378662
-0.0322265625
0.0785675049
-0.0785675049
0.0000000000
0.0000000000
0.0000000000
0.0000000000
0.0000000000
0.0000000000
0.1249389648
0.2498779297
0.2498779297
-0.1249389648
-0.1249389648
0.2498779297
0.1249389648
-0.1249389648
0.0000000000
0.9806976318
0.0000000000
-0.0213165283
0.0213165283
0.0852813721
0.1065979004
0.0639648438
-0.0459442139
-0.2297668457
0.0000000000
0.7352294922
-0.4595184326
0.2297668457
0.1378631592
0.2297668457
0.3612060547
-0.2167205811
-0.2889556885
-0.2167205811
-0.5056762695
-0.2167205811
-0.2889556885
-0.3612060547
-0.3043212891
0.2536010742
0.1521606445
-0.0507202148
0.1014404297
-0.7100830078
0.1014404297
0.4564819336
0.3065185547
0.5692596436
0.2627258301
-0.0875701904
-0.4378814697
0.4816741943
-0.0437927246
0.1313629150
0.2449493408
0.0000000000
0.1224670410
0.1224670410
0.2449493408
-0.1224670410
0.3674163818
-0.2449493408
0.4859771729
-0.2082824707
0.1388549805
-0.1388549805
0.3471221924
0.2082824707
0.4859771729
0.3471221924
0.1037292480
-0.0777893066
0.9335174561
0.2852478027
0.0518646240
0.0259246826
-0.0518646240
-0.0518646240
0.0000000000
0.1178436279
0.0000000000
-0.1178436279
-0.1178436279
-0.2357025146
0.0000000000
-0.1178436279
-0.1120758057
-0.0224151611
0.1569061279
0.0672454834
0.0000000000
0.0672454834
-0.9638977051
-0.0896606445
0.2328948975
-0.2328948975
-0.1552581787
0.0000000000
0.3105163574
0.5434112549
0.2328948975
-0.4657745361
0.0979919434
0.8819122314
-0.3919677734
0.0979919434
0.0653228760
-0.0979919434
-0.0326690674
0.0000000000
0.2400054932
0.2400054932
-0.1199951172
0.0000000000
0.0000000000
0.0000000000
0.0000000000
0.0000000000
-0.1129455566
-0.3388214111
0.3388214111
0.0000000000
-0.1129455566
0.4517517090
0.0000000000
0.2258758545
0.0000000000
0.1939544678
0.3232574463
0.4525604248
0.1939544678
0.5172119141
-0.3232574463
0.3232574463
-0.2565765381
0.0513153076
0.4618530273
-0.5644836426
-0.2565765381
-0.3079071045
-0.3592224121
-0.1539459229
-0.2456817627
0.0000000000
-0.1228332520
-0.1228332520
0.1228332520
0.0000000000
0.0000000000
0.2456817627
0.5341186523
0.1335296631
-0.3338165283
0.0000000000
-0.5341186523
0.2002868652
0.2002868652
-0.2670593262
-0.3649902344
-0.3649902344
0.5109863281
-0.3649902344
-0.1459960938
0.2189941406
0.0729980469
-0.2919921875
-0.0785675049
0.0000000000
0.0000000000
0.0000000000
-0.0785675049
0.0000000000
0.0000000000
0.0000000000
-0.1266937256
-0.0633544922
0.0633544922
-0.8868865967
-0.0633544922
0.1266937256
-0.1900482178
0.0000000000
0.0251159668
0.9792480469
-0.0502166748
-0.0753326416
-0.0753326416
0.0753326416
0.0000000000
-0.0251159668
-0.1199951172
0.2400054932
0.1199951172
0.1199951172
0.1199951172
-0.1199951172
0.0000000000
0.0000000000
0.0000000000
-0.1171875000
-0.8593444824
0.0000000000
0.0781250000
0.0390625000
0.0781250000
0.4296722412
0.2142791748
0.0000000000
-0.1071319580
-0.3214111328
0.4285430908
0.4285430908
0.0000000000
-0.2142791748
-0.0582122803
-0.0873260498
-0.1746520996
0.9314727783
-0.0873260498
-0.0291137695
0.2328643799
0.0291137695
0.0723724365
0.9842681885
-0.0144805908
0.1302642822
0.0144805908
0.0289459229
0.0289459229
-0.0144805908
-0.1259460449
-0.6927032471
-0.1259460449
-0.0629730225
0.3778381348
-0.3778381348
-0.0629730225
0.2518920898
0.0865173340
0.6921691895
0.1730346680
0.1730346680
-0.2595672607
0.1730346680
0.2595672607
-0.1730346680
0.9310913086
0.1939849854
0.0388031006
0.1163940430
0.0000000000
0.1551818848
0.0775909424
-0.0388031006
0.0000000000
0.0000000000
-0.2357025146
-0.1178436279
0.0000000000
-0.1178436279
-0.1178436279
-0.1178436279
0.3800964355
-0.0633544922
-0.1266937256
-0.4434356689
-0.3800964355
-0.2534027100
0.4434356689
-0.3167419434
-0.0078430176
0.9969177246
-0.0157012939
-0.0471038818
0.0078430176
0.0314025879
0.0078430176
-0.0235443115
-0.0826721191
0.0118103027
-0.3779602051
0.8976593018
-0.0590515137
0.0118103027
0.0236206055
-0.1889801025
0.3203277588
-0.1830444336
-0.2745666504
-0.0915222168
-0.8465881348
-0.1830444336
-0.0915222168
-0.0686492920
-0.0673980713
0.1684722900
0.0673980713
0.0000000000
-0.2527160645
-0.9266204834
-0.1684722900
-0.0505371094
0.2532806396
0.3545837402
0.0506591797
0.1519622803
-0.8104858398
0.0000000000
-0.0506591797
0.2026214600
0.2919921875
0.0000000000
-0.5839843750
-0.0729980469
-0.0729980469
0.1459960938
0.1459960938
-0.5839843750
0.9426422119
-0.0543823242
0.2356567383
-0.0362548828
-0.0906372070
-0.1450195312
0.0000000000
0.1087646484
-0.0404815674
-0.0404815674
0.9410247803
0.3237915039
0.0303497314
0.0101165771
0.0202331543
0.0404815674
-0.6749725342
-0.0964202881
0.0000000000
0.0964202881
0.3856964111
0.0964202881
0.0000000000
-0.1928405762
-0.1562194824
0.0390472412
0.0390472412
0.1171569824
0.0195312500
0.1074066162
-0.9665985107
-0.0976409912
0.2039337158
0.0679779053
0.6797790527
0.0000000000
0.4758453369
-0.1359558105
0.1359558105
-0.2719116211
0.0401153564
0.9928283691
-0.0802307129
0.0300903320
0.0200500488
0.0200500488
-0.0300903320
-0.0200500488
-0.1160583496
0.0580291748
-0.0580291748
0.0000000000
0.0000000000
0.0580291748
-0.0580291748
-0.9284667969
-0.1065826416
-0.5329437256
0.0000000000
0.1065826416
-0.2131805420
0.0000000000
0.4263610840
-0.2131805420
0.3856048584
0.1799468994
0.5655670166
0.2056579590
0.2313690186
0.3856048584
-0.4370269775
0.2056579590
-0.1644744873
0.1644744873
0.5345458984
-0.3289489746
-0.4934234619
0.2055969238
-0.4111785889
0.2055969238
-0.1199951172
0.0000000000
0.1199951172
0.1199951172
0.1199951172
0.2400054932
0.0000000000
-0.1199951172
0.9080810547
0.0000000000
-0.1672821045
-0.0955810547
0.0477905273
0.2389678955
0.1194763184
-0.2150726318
-0.0574798584
-0.0574798584
0.9579925537
-0.0766448975
-0.1149597168
0.1532745361
0.1341247559
0.0574798584
-0.1150360107
0.1150360107
0.1150360107
-0.1150360107
-0.1150360107
0.1150360107
0.0000000000
0.1150360107
-0.0093841553
0.0187683105
0.0000000000
-0.9949188232
-0.0657043457
-0.0375366211
-0.0281524658
-0.0187683105
0.0122680664
0.9940338135
-0.0122680664
0.0245513916
0.0000000000
0.0122680664
-0.0245513916
-0.0736389160
-0.2324218750
0.3873748779
0.2711639404
0.3099060059
0.3099060059
-0.3873748779
0.3873748779
0.4261169434
0.0603027344
0.1808929443
0.9345855713
-0.0904388428
-0.0603027344
-0.0904388428
0.0904388428
-0.1808929443
0.2113342285
-0.2113342285
0.2817687988
-0.2817687988
0.1408843994
0.5635375977
0.0704498291
-0.4931030273
-0.0297546387
0.0495910645
0.0000000000
0.9918975830
-0.0495910645
-0.0099182129
-0.0595092773
-0.0595092773
-0.1097564697
0.9878692627
0.0199584961
0.0698547363
-0.0399169922
-0.0199584961
0.0000000000
0.0399169922
0.2174377441
-0.3558197021
0.6523284912
-0.1186065674
0.0790710449
0.5930328369
0.0790710449
-0.0988311768
0.0901947021
0.0901947021
-0.1804046631
-0.3607940674
-0.0901947021
-0.1804046631
0.4510040283
-0.5411987305
0.9622039795
-0.0223693848
0.0000000000
0.1790161133
0.0000000000
0.1118774414
0.0223693848
0.1118774414
-0.1000061035
-0.1000061035
0.0000000000
0.0000000000
-0.1000061035
0.0000000000
0.1000061035
0.0000000000
0.2889556885
0.0000000000
-0.1444854736
-0.4334411621
-0.3612060547
-0.2889556885
0.4334411621
-0.3612060547
0.0157012939
0.9970397949
-0.0078430176
-0.0392608643
0.0000000000
0.0314025879
0.0235595703
-0.0235595703
-0.0823669434
0.0274505615
-0.3294830322
0.9060668945
-0.1647338867
-0.0411834717
0.0960998535
-0.1372833252
0.3836669922
-0.2158050537
-0.2397918701
-0.0959167480
-0.8152923584
-0.0719299316
-0.1918334961
-0.1198883057
-0.1550598145
0.2584381104
0.0516815186
0.0258483887
-0.1809082031
-0.9045410156
-0.1292266846
0.1292266846
0.2647247314
0.4632720947
0.0000000000
0.2647247314
-0.5294494629
0.0000000000
-0.0661773682
0.4632720947
0.2321929932
-0.1548004150
-0.3096008301
-0.1548004150
-0.0773925781
0.2321929932
0.2321929932
-0.6965942383
0.9447937012
-0.0944824219
0.1574707031
0.0314941406
-0.0629882812
-0.1889648438
0.0000000000
0.0314941406
0.0095825195
-0.0479278564
0.9490356445
0.2971649170
0.0575103760
0.0479278564
0.0000000000
-0.0095825195
-0.5613555908
0.0000000000
0.0935668945
0.3742370605
0.4678039551
0.0000000000
0.0935668945
0.0000000000
-0.1606445312
0.0803222656
0.0903625488
0.1506042480
0.0200805664
0.1405639648
-0.9438323975
-0.1506042480
0.1099700928
0.2199401855
0.3299102783
0.0000000000
0.5498504639
-0.2199401855
0.1099700928
-0.1099700928
0.0792999268
0.9813995361
-0.1189575195
0.0693969727
0.0297393799
0.0495605469
-0.0594787598
-0.0396575928
-0.1769409180
0.0884704590
0.1769409180
-0.0884704590
-0.0884704590
0.0000000000
-0.0884704590
-0.7962646484
0.0000000000
-0.4898986816
-0.1224670410
0.0000000000
0.1224670410
-0.2449493408
-0.1224670410
-0.1224670410
0.3281250000
0.1640625000
0.4921722412
0.2871093750
0.3281250000
0.4101409912
-0.4101409912
0.2050781250
-0.1041564941
0.1562194824
0.6248931885
-0.3124542236
-0.5207519531
0.1562194824
-0.2603759766
0.1562194824
0.0000000000
0.0000000000
0.0000000000
0.0000000000
0.0000000000
0.2486572266
0.0000000000
-0.3729858398
0.8936920166
0.0864868164
-0.1441497803
-0.0864868164
0.0288238525
0.2017974854
0.1729736328
-0.2594604492
-0.0438690186
-0.1096496582
0.9430389404
-0.1096496582
-0.0438690186
0.2193145752
0.0438690186
0.1315917969
-0.2369232178
0.2369232178
0.2369232178
-0.1184692383
-0.2369232178
0.2369232178
0.1184692383
0.3553924561
0.0186004639
0.0186004639
-0.0372009277
-0.9952697754
-0.0558166504
-0.0279083252
0.0186004639
-0.0186004639
0.0215301514
0.9903869629
-0.0538330078
0.0323028564
-0.0323028564
0.0107727051
-0.0215301514
-0.0968933105
-0.2008361816
0.5020751953
0.2510375977
0.3514556885
0.2510375977
-0.3514556885
0.3012390137
0.4016571045
0.1471710205
0.0000000000
0.8829803467
-0.0735778809
0.0000000000
-0.0735778809
0.0000000000
0.0735778809
0.1000061035
-0.3000030518
0.1999969482
-0.1999969482
0.1000061035
0.3000030518
0.0000000000
-0.6000061035
0.0000000000
0.0223388672
-0.0446777344
0.9940490723
-0.0335083008
-0.0335083008
0.0000000000
-0.0558471680
-0.1041870117
0.9897918701
0.0000000000
0.0520935059
-0.0208435059
-0.0104217529
-0.0312500000
0.0416717529
0.1007232666
-0.3021697998
0.8561248779
-0.1007232666
0.0755462646
0.3525238037
0.0503540039
-0.0503540039
-0.0968475342
-0.3874053955
-0.0968475342
-0.3874053955
-0.0968475342
-0.1937103271
0.3874053955
-0.3874053955
0.9557800293
-0.0597381592
0.0199127197
0.1991271973
0.0398254395
0.1194763184
0.0000000000
0.1194763184
0.0000000000
-0.2400054932
0.1199951172
-0.1199951172
0.1199951172
0.1199951172
0.0000000000
-0.1199951172
0.3908996582
0.0977325439
-0.0977325439
-0.3908996582
-0.2931823730
-0.0977325439
0.2931823730
-0.3908996582
0.0382232666
0.9937286377
-0.0095520020
-0.0191040039
-0.0095520020
0.0286712646
0.0668792725
-0.0477752686
-0.0645904541
0.0000000000
-0.2842102051
0.9172210693
-0.1550292969
-0.0516815186
0.1162719727
-0.1679382324
0.4054412842
-0.1707153320
-0.2133941650
-0.1920471191
-0.7895355225
0.1707153320
-0.1066894531
-0.2133941650
-0.2968292236
0.3710479736
0.0742034912
0.0000000000
-0.0371093750
-0.7420806885
-0.0742034912
0.4081420898
0.4789123535
0.3591918945
-0.0598602295
0.0598602295
-0.2394561768
0.4789123535
0.0000000000
0.4789123535
0.3214111328
-0.1071319580
0.1071319580
0.1071319580
0.0000000000
0.3214111328
0.2142791748
-0.5356903076
0.9654541016
-0.1270294189
0.0000000000
0.0254058838
-0.0254058838
-0.1524353027
0.0254058838
-0.0762176514
0.0357513428
-0.0536193848
0.9474029541
0.2860107422
0.0625610352
0.0893707275
0.0000000000
-0.0446929932
-0.5229492188
0.1743164062
0.1743164062
0.3486328125
0.5229492188
0.0000000000
-0.0871582031
0.0000000000
-0.1403198242
0.1002349854
0.1002349854
0.1403198242
0.0300750732
0.1403198242
-0.9421691895
-0.1703948975
0.0754241943
-0.0754241943
0.2262573242
0.1508331299
0.7541961670
0.0754241943
-0.0754241943
-0.3771057129
0.0545654297
0.9822692871
-0.1418762207
0.0545654297
0.0109100342
0.0327453613
-0.0545654297
-0.0327453613
0.0000000000
0.2187805176
0.1093902588
-0.1093902588
0.0000000000
0.2187805176
0.0000000000
-0.6563568115
0.3197631836
-0.2131805420
-0.2131805420
-0.2131805420
0.4263610840
-0.3197631836
-0.2131805420
-0.1065826416
0.2648620605
0.1986541748
0.4304046631
0.3310852051
0.3641815186
0.4304046631
-0.4635162354
0.1655426025
-0.0583190918
0.1166534424
0.6415557861
-0.1749725342
-0.5249023438
0.1749725342
-0.3499450684
0.0000000000
0.1123352051
0.1123352051
-0.5616760254
0.0000000000
-0.2246704102
0.0000000000
0.1123352051
-0.3370056152
0.8929748535
0.1553039551
-0.1164703369
-0.0776519775
-0.1553039551
0.1553039551
0.1553039551
-0.1941223145
-0.0301971436
-0.2718200684
0.8456726074
-0.0604095459
-0.0301971436
0.3624267578
0.0000000000
0.2114257812
-0.1216278076
0.1216278076
0.0000000000
-0.1216278076
-0.1216278076
-0.1216278076
-0.1216278076
0.2432556152
0.0328369141
0.0109405518
-0.0328369141
-0.9962768555
-0.0109405518
0.0000000000
0.0109405518
-0.0328369141
0.0218048096
0.9918823242
-0.0545043945
0.0218048096
-0.0326995850
0.0218048096
-0.0326995850
-0.0762939453
-0.2579498291
0.5158843994
0.2579498291
0.3611145020
0.3095245361
-0.3095245361
0.3095245361
0.3095245361
0.2674560547
0.0000000000
0.5349121094
0.0891571045
0.4457702637
-0.1782989502
0.0000000000
0.3566131592
0.1963348389
-0.2945098877
0.0981750488
-0.5890197754
0.0981750488
0.0000000000
-0.0981750488
-0.3926696777
0.0788726807
-0.0394287109
-0.1051635742
0.9859008789
-0.0394287109
-0.0262908936
0.0262908936
-0.0262908936
-0.0578918457
0.9937896729
-0.0385894775
0.0193023682
-0.0289459229
-0.0385894775
-0.0193023682
0.0385894775
-0.0771026611
-0.3597869873
0.8994598389
-0.0771026611
0.0000000000
0.1284942627
0.0771026611
0.0771026611
-0.0862121582
-0.4310302734
-0.0862121582
-0.1724090576
-0.1724090576
-0.1724090576
0.5172424316
-0.4310302734
0.9631195068
0.0218963623
-0.0218963623
0.1751098633
0.0437774658
0.0656738281
-0.0437774658
0.1313323975
0.1250000000
-0.2500000000
0.0000000000
-0.1250000000
0.1250000000
0.2500000000
0.1250000000
-0.2500000000
0.3625183105
0.0000000000
0.0000000000
-0.2416839600
-0.2416839600
0.0000000000
0.1208343506
-0.3625183105
0.0893096924
0.9823455811
0.0255126953
-0.0255126953
0.0000000000
0.0382690430
0.1148223877
-0.0765533447
-0.0899353027
-0.0256958008
-0.2312469482
0.9506683350
-0.1027679443
0.0128479004
0.0385437012
-0.1284637451
0.3922576904
-0.0825805664
-0.1445159912
-0.2683868408
-0.7638854980
0.2270965576
-0.0412902832
-0.3096771240
-0.3223876953
0.3582153320
0.1791076660
-0.1791076660
0.1432800293
-0.7164154053
0.0000000000
0.3582153320
0.4412536621
0.4011383057
0.0401153564
-0.0401153564
-0.0802307129
0.6819458008
0.1203460693
0.3209228516
0.2438964844
-0.1219482422
0.1219482422
0.2438964844
0.2438964844
0.1219482422
0.1219482422
-0.3658599854
0.9762725830
-0.0848999023
0.0212249756
-0.0424499512
0.0212249756
-0.1061096191
0.1061096191
0.0000000000
0.0406188965
-0.0203094482
0.9545288086
0.2640228271
0.0101470947
0.0913848877
0.0406188965
-0.0609283447
-0.4689483643
0.1172332764
0.0000000000
-0.1172332764
0.3517150879
-0.1172332764
-0.2344665527
-0.1172332764
-0.1210479736
0.0990447998
0.0880279541
0.1210479736
0.0770263672
0.1430511475
-0.9463653564
-0.1650695801
0.0957183838
-0.1435699463
0.1914215088
0.1435699463
0.6699981689
0.2392883301
-0.0478515625
-0.5742797852
0.0135498047
0.9889221191
-0.1219177246
0.0000000000
-0.0135498047
-0.0135498047
-0.0270996094
0.0000000000
0.1229705811
0.2459411621
0.0000000000
0.0000000000
0.0000000000
0.1229705811
0.1229705811
-0.4918823242
0.1249389648
0.1249389648
0.0000000000
-0.1249389648
0.3748016357
0.1249389648
0.1249389648
0.1249389648
0.2443847656
0.1900787354
0.4344635010
0.3801574707
0.4073181152
0.4344635010
-0.4073181152
0.1629333496
0.0000000000
0.0972900391
0.6323394775
-0.2918548584
-0.4864196777
0.2918548584
-0.2918548584
-0.1459197998
0.0000000000
0.0000000000
-0.5892486572
-0.1178436279
-0.1178436279
0.1178436279
0.0000000000
-0.2357025146
0.8020935059
0.1336822510
-0.2339477539
0.0000000000
-0.4344635010
0.2005310059
0.1336822510
-0.0334167480
-0.1612396240
-0.3627929688
0.6449584961
0.0000000000
-0.1209259033
0.5643310547
0.0000000000
0.2015533447
-0.1238555908
0.0000000000
-0.1238555908
-0.2477111816
-0.2477111816
-0.1238555908
-0.3715667725
0.1238555908
-0.0268707275
0.0134429932
0.0000000000
-0.9944763184
-0.0537567139
0.0000000000
-0.0268707275
0.0268707275
0.0125732422
0.9933319092
-0.0502929688
-0.0125732422
-0.0628662109
0.0251464844
-0.0125732422
-0.0251464844
-0.3094177246
0.4331817627
0.2475280762
0.3713073730
0.3094177246
-0.3094177246
0.2475280762
0.3713073730
-0.2019042969
0.1009521484
0.1009521484
0.1009521484
0.7066345215
-0.2019042969
0.1009521484
0.1009521484
0.3525543213
-0.1762847900
0.0000000000
-0.7051239014
0.1762847900
0.0881347656
0.0881347656
-0.1762847900
0.1184844971
-0.0592346191
-0.1184844971
0.9774780273
-0.0740509033
0.0148162842
0.0148162842
0.0000000000
0.0000000000
0.9948272705
-0.0633087158
0.0361785889
-0.0271301270
-0.0361785889
0.0000000000
0.0180816650
0.0000000000
-0.4411926270
0.8547973633
-0.0275726318
0.1378784180
0.1654510498
0.0551452637
0.0000000000
-0.0990753174
-0.4953613281
-0.2972259521
0.0990753174
0.0000000000
-0.0990753174
0.4953613281
-0.1981506348
0.9415283203
0.1569213867
0.0000000000
0.1569213867
0.0000000000
0.1255340576
-0.0313873291
0.1255340576
0.1234283447
-0.2468566895
-0.1234283447
-0.1234283447
0.1234283447
0.2468566895
0.1234283447
-0.3703002930
0.2486572266
0.1243286133
0.1243286133
-0.1243286133
-0.2486572266
0.1243286133
0.0000000000
-0.1243286133
0.0608215332
0.9883575439
0.0152130127
-0.0152130127
-0.0152130127
0.0000000000
0.1064453125
0.0000000000
-0.1295013428
-0.0924987793
-0.0924987793
0.9619598389
-0.1109924316
0.1295013428
-0.0184936523
-0.0184936523
0.4328918457
-0.1018524170
-0.1018524170
-0.3055725098
-0.7129974365
0.2037200928
-0.0254669189
-0.3565063477
-0.3221740723
0.3221740723
0.2147827148
-0.2505798340
0.0715942383
-0.6443634033
-0.0715942383
0.4653778076
0.3948516846
0.3948516846
0.2632446289
-0.0877532959
-0.0877532959
0.7019653320
0.0000000000
0.2193603516
0.2459411621
0.0000000000
0.2459411621
0.2459411621
0.1229705811
0.1229705811
0.0000000000
-0.3689117432
0.9642639160
-0.0584411621
0.0000000000
-0.0584411621
0.1168823242
-0.0292205811
0.1168823242
0.0876617432
0.0420532227
0.0000000000
0.9533081055
0.2523498535
-0.0420532227
0.0560760498
0.0981292725
-0.0700988770
0.0000000000
0.1242218018
0.0000000000
-0.2484588623
-0.2484588623
-0.3726806641
-0.1242218018
-0.1242218018
-0.0774078369
0.0644989014
0.0516052246
0.0644989014
0.0386962891
0.1032104492
-0.9804992676
-0.0644989014
0.1811523438
-0.2264404297
0.0000000000
0.0905761719
0.4981689453
0.5434570312
0.0452880859
-0.5434570312
0.0411529541
0.9670410156
-0.2057495117
0.0000000000
0.0000000000
-0.0617218018
-0.0411529541
0.0411529541
0.1178436279
0.2357025146
0.0000000000
0.0000000000
-0.1178436279
0.1178436279
0.0000000000
-0.1178436279
-0.0713195801
0.2852935791
0.3566284180
0.2139739990
-0.1426544189
0.7132415771
0.1426544189
0.1426544189
0.2010650635
0.1206359863
0.4021148682
0.4423217773
0.4423217773
0.4423217773
-0.3216857910
0.2010650635
-0.2717285156
0.1358642578
0.6340332031
-0.4075927734
-0.3623046875
-0.0905761719
-0.3170166016
-0.1811523438
0.0000000000
0.1076965332
-0.6461486816
-0.3230743408
0.0000000000
0.1076965332
-0.1076965332
0.1076965332
0.7556304932
0.1439361572
-0.2518768311
0.0359802246
-0.4317932129
0.2518768311
0.2158966064
-0.0719604492
-0.3685302734
-0.3685302734
0.5791168213
-0.1579437256
-0.1579437256
0.4738311768
-0.0526428223
0.1579437256
-0.1216278076
0.1216278076
-0.1216278076
-0.1216278076
-0.1216278076
-0.1216278076
-0.2432556152
0.0000000000
-0.0627136230
0.0000000000
0.0313568115
-0.9877471924
-0.0940704346
0.0156860352
-0.0156860352
0.0470428467
0.0157012939
0.9895782471
-0.0628356934
0.0000000000
-0.0785369873
0.0471191406
0.0000000000
-0.0157012939
-0.3981323242
0.4976654053
0.0995330811
0.2985992432
0.0995330811
-0.1990661621
0.0000000000
0.2985992432
-0.2097930908
-0.0699310303
-0.7692108154
-0.0699310303
0.4195709229
0.0699310303
0.0699310303
0.0699310303
0.3149414062
0.0000000000
-0.1049804688
-0.5248870850
0.3149414062
0.1049804688
0.0000000000
-0.3149414062
0.0769195557
-0.0769195557
-0.0576934814
0.9807586670
-0.0769195557
0.0576934814
0.0192260742
-0.0384674072
0.0099334717
0.9926300049
-0.0496368408
0.0694885254
-0.0297851562
-0.0397033691
0.0397033691
0.0099334717
0.0447387695
-0.5368957520
0.7606048584
0.0894775391
0.2237091064
0.0894775391
0.0000000000
0.0000000000
-0.1796875000
0.4492340088
0.0000000000
0.3593902588
-0.0898437500
0.2695465088
0.4492340088
-0.2695465088
0.9170837402
0.2084350586
0.0000000000
0.1667480469
-0.0416870117
0.1667480469
0.0416870117
0.0000000000
0.1199951172
-0.2400054932
0.0000000000
0.1199951172
0.0000000000
0.1199951172
0.1199951172
-0.1199951172
0.2456817627
0.1228332520
0.1228332520
-0.1228332520
-0.1228332520
0.1228332520
0.1228332520
-0.1228332520
0.0223083496
0.9816284180
-0.0669250488
0.0446166992
-0.0223083496
0.0223083496
0.0892333984
0.0669250488
-0.1381378174
-0.1105041504
-0.0276336670
0.9393157959
-0.1657562256
0.1657562256
0.0552520752
0.0552520752
0.4506225586
-0.1060333252
-0.1325378418
-0.3180847168
-0.6626892090
0.3180847168
0.0530090332
-0.3180847168
-0.4006500244
0.2504119873
0.1502380371
-0.1001586914
0.2003326416
-0.5008087158
-0.1001586914
0.6009826660
0.4153442383
0.3775939941
0.3398284912
-0.1132812500
-0.1510314941
0.6419067383
-0.0755157471
0.2643127441
0.2500000000
0.1250000000
0.0000000000
0.1250000000
0.3750000000
0.1250000000
0.0000000000
0.0000000000
0.9042663574
-0.0723419189
0.0000000000
-0.1446838379
0.0723419189
-0.1085052490
0.2531890869
0.1808471680
0.0835876465
-0.0668640137
0.9361877441
0.3009185791
-0.0334320068
0.0835876465
0.0668640137
0.0000000000
0.0000000000
0.1216278076
0.1216278076
-0.1216278076
-0.1216278076
-0.1216278076
-0.2432556152
0.1216278076
-0.0717620850
0.0430603027
0.0574188232
0.0143585205
0.0000000000
0.0430603027
-0.9903717041
-0.0143585205
0.1871948242
-0.2339935303
-0.0467987061
0.0935974121
0.3743896484
0.6083831787
0.0467987061
-0.5615844727
0.0637512207
0.9243621826
-0.2868652344
0.0000000000
0.0000000000
-0.1593780518
0.0000000000
0.0318756104
0.1199951172
0.2400054932
-0.1199951172
-0.1199951172
0.1199951172
0.0000000000
0.0000000000
0.1199951172
-0.2020874023
0.0000000000
0.4041748047
0.2694549561
-0.2694549561
0.6736297607
0.2020874023
0.0673675537
0.0508575439
0.1016998291
0.3050994873
0.5085144043
0.3559570312
0.4068145752
-0.4068145752
0.3050994873
-0.3907623291
0.1116485596
0.5582427979
-0.5024108887
-0.2791137695
-0.2232971191
-0.1116485596
-0.1674652100
-0.1111450195
-0.1111450195
-0.5557098389
-0.3334350586
-0.1111450195
0.1111450195
-0.1111450195
0.2222900391
0.6486206055
0.0997924805
-0.2993621826
0.0498962402
-0.4490509033
0.3492584229
0.2494659424
-0.0997924805
-0.3566131592
-0.1782989502
0.4457702637
-0.0891571045
0.0000000000
0.4457702637
-0.3566131592
0.1782989502
-0.0911560059
0.0000000000
-0.0911560059
0.0000000000
0.0000000000
0.0000000000
0.0000000000
-0.0911560059
-0.0853424072
-0.0426635742
0.0426635742
-0.9813690186
-0.0853424072
0.0426635742
0.0213317871
0.0426635742
-0.0201263428
0.9863128662
-0.0201263428
0.0201263428
-0.0805206299
0.0805206299
0.0000000000
0.0000000000
-0.4545898438
0.5455017090
0.0000000000
0.3636779785
0.1818389893
-0.0909118652
0.0000000000
0.1818389893
-0.1372222900
-0.1372222900
-0.7547149658
-0.1372222900
0.2744445801
0.1372222900
0.0686035156
0.3430480957
0.1141510010
0.2283172607
-0.2283172607
-0.4566192627
0.2283172607
0.1141510010
-0.2283172607
-0.2283172607
-0.0234527588
-0.1172943115
-0.1407470703
0.9618072510
-0.1172943115
0.0234527588
0.0938415527
0.0000000000
0.0567474365
0.9874877930
-0.0340576172
0.1135101318
-0.0113525391
-0.0340576172
0.0453948975
-0.0113525391
0.0000000000
-0.4950714111
0.6807250977
-0.0618896484
0.1237640381
-0.1856536865
-0.1237640381
0.3094177246
-0.0955810547
0.5734863281
0.0955810547
0.2867431641
-0.0955810547
0.3823242188
0.2867431641
-0.0955810547
0.9316711426
0.2430419922
-0.0810089111
0.0405120850
0.0810089111
0.0405120850
-0.0405120850
0.0405120850
