0.0000000000
-0.1199951172
-0.1199951172
0.1199951172
0.0000000000
-0.1199951172
-0.2400054932
-0.1199951172
0.5064239502
-0.1688079834
-0.0675201416
-0.4051361084
-0.3376159668
-0.1012878418
0.4389038086
-0.4389038086
0.0545501709
0.9895935059
0.0233764648
-0.0935058594
-0.0233764648
0.0389556885
0.0233764648
-0.0623321533
-0.1506652832
0.0000000000
-0.4118347168
0.8939819336
0.0000000000
0.0401763916
0.0000000000
-0.0602722168
0.0608520508
0.0608520508
-0.1217193604
-0.0811462402
-0.9331359863
-0.1622772217
-0.2434234619
-0.0405731201
0.1413726807
-0.0471191406
0.0000000000
0.1413726807
-0.2199096680
-0.9267425537
0.0314178467
-0.2041931152
0.0776367188
0.0776367188
0.6210327148
-0.3105163574
-0.5434112549
0.0000000000
-0.0776367188
0.0000000000
0.4251861572
0.0236206055
-0.8031463623
0.1417236328
0.0236206055
0.1889801025
0.0708618164
-0.3070831299
0.9551239014
-0.0477600098
0.1910247803
-0.0955047607
0.0079650879
-0.1114349365
0.0955047607
0.1273498535
0.0084075928
0.0420227051
0.9663848877
0.2436981201
-0.0420227051
0.0167999268
-0.0167999268
0.0167999268
-0.3792266846
-0.2844238281
0.2212219238
0.3792266846
0.5372467041
0.2844238281
-0.3160247803
0.2844238281
-0.0466308594
0.0155487061
0.0000000000
0.0077667236
-0.0699462891
-0.0310821533
-0.9947357178
-0.0155487061
0.0000000000
0.1266937256
0.6334838867
-0.1266937256
-0.3167419434
0.1900482178
0.4434356689
0.3167419434
-0.0313720703
0.9960479736
-0.0078430176
-0.0313720703
0.0392150879
0.0392150879
0.0235290527
-0.0156860352
-0.2738037109
0.1369018555
-0.0684509277
0.2053527832
0.0684509277
-0.0684509277
0.1369018555
-0.8214111328
0.0000000000
-0.1730346680
-0.1730346680
0.0000000000
-0.0865173340
-0.3460845947
0.6056518555
-0.4326019287
0.4336547852
0.2365417480
0.7096252441
-0.0788421631
0.2759704590
0.1576995850
-0.2365417480
-0.1971130371
-0.0751800537
0.2506103516
0.1002502441
-0.7769012451
-0.4260406494
-0.2756805420
0.0000000000
0.2004852295
0.1249389648
0.0000000000
0.0000000000
0.1249389648
0.2498779297
-0.3748321533
0.1249389648
-0.1249389648
0.7779388428
0.0889129639
0.2444915771
0.1778106689
0.1555938721
-0.1333618164
-0.4445343018
-0.2000427246
-0.0307922363
0.0615844727
0.9775543213
-0.0538787842
0.0153961182
0.0769805908
0.1693420410
0.0000000000
0.1219482422
0.1219482422
-0.1219482422
0.2438964844
-0.4878082275
-0.1219482422
0.1219482422
0.0000000000
-0.0077514648
-0.0542907715
0.0310211182
-0.9927215576
-0.0853118896
0.0232696533
-0.0155181885
0.0232696533
-0.0221405029
0.9854278564
0.0774993896
-0.0996551514
-0.0664367676
-0.0442962646
0.0332183838
0.0332183838
-0.4035034180
0.4561309814
-0.0175476074
0.3684234619
0.1929779053
-0.3859558105
0.4561309814
0.2982482910
-0.1489105225
-0.2150878906
0.9265289307
-0.0827331543
-0.0165405273
0.1158142090
-0.0661773682
-0.1985473633
-0.4470214844
0.1277160645
0.3193054199
-0.1915893555
0.5108795166
-0.3831634521
0.0000000000
-0.3193054199
-0.0312805176
0.0469207764
0.0547485352
0.9933013916
0.0234680176
-0.0469207764
-0.0469207764
-0.0156402588
-0.1161346436
0.9833068848
-0.0232238770
0.1161346436
-0.0387115479
-0.0309753418
0.0154876709
0.0309753418
0.3031616211
-0.2899780273
0.6458587646
0.0131835938
0.0000000000
0.6194915771
0.1054382324
-0.0790863037
0.0369567871
-0.8868408203
-0.3325653076
0.0000000000
-0.1478118896
0.0369567871
-0.1108551025
0.1478118896
0.9773712158
-0.0991516113
0.0424957275
-0.0283355713
-0.0566558838
-0.0566558838
0.0566558838
-0.1274871826
0.0000000000
0.0000000000
-0.1178436279
0.1178436279
0.1178436279
-0.2357025146
-0.1178436279
0.0000000000
0.5368194580
-0.2477569580
-0.0412902832
-0.3716430664
-0.2890472412
-0.1651763916
0.3716430664
-0.4542236328
0.0547637939
0.9935760498
0.0000000000
-0.0547637939
-0.0391235352
0.0234680176
0.0234680176
-0.0469360352
-0.1800231934
0.0000000000
-0.3825531006
0.9001312256
-0.0562591553
0.0225067139
0.0562591553
0.0112457275
0.1218109131
0.0870056152
-0.0696105957
0.0000000000
-0.9397277832
-0.0348052979
-0.2784423828
0.0348052979
0.2885589600
-0.1573944092
0.0262298584
0.2360992432
-0.2098541260
-0.8132019043
0.1573944092
-0.2885589600
-0.3133239746
0.0000000000
0.6266326904
-0.3133239746
0.3133239746
0.1566619873
-0.1566619873
-0.2349853516
0.3980407715
-0.0234069824
-0.7960662842
0.1404876709
0.0468292236
0.2107238770
0.0000000000
-0.3512115479
0.9658355713
-0.0638580322
0.1277160645
-0.0798187256
0.0638580322
-0.1197357178
0.1037750244
0.0957794189
0.0501098633
0.0250549316
0.9688568115
0.2255096436
-0.0501098633
0.0501098633
0.0000000000
-0.0083465576
-0.3090972900
-0.2575836182
0.2575836182
0.4378967285
0.6181945801
0.2833404541
-0.2060699463
0.2318267822
-0.0233001709
0.0388488770
0.0155334473
-0.0233001709
-0.0621490479
-0.0466156006
-0.9944610596
0.0155334473
-0.3199462891
0.1919708252
0.1279754639
-0.1279754639
-0.6399078369
0.1279754639
0.2559661865
0.4479370117
-0.0235137939
0.9956512451
-0.0156860352
-0.0156860352
0.0548858643
0.0235137939
0.0235137939
-0.0391998291
-0.4833679199
0.0000000000
0.1208343506
0.0000000000
0.1208343506
-0.1208343506
0.2416839600
-0.2416839600
0.1444854736
-0.2889556885
-0.2889556885
-0.0722351074
0.0000000000
-0.6501617432
0.1444854736
-0.4334411621
0.3154449463
0.3680267334
0.6834716797
-0.2628784180
0.2628784180
0.0000000000
0.0000000000
-0.2628784180
0.0000000000
0.1905212402
0.0238189697
-0.8097229004
-0.3334197998
-0.2857818604
0.2619628906
0.1667022705
0.2438964844
0.1219482422
-0.1219482422
0.1219482422
0.0000000000
-0.4878082275
0.1219482422
-0.1219482422
0.6772766113
0.1394348145
0.2589569092
0.1593627930
0.0597534180
-0.1992034912
-0.5776824951
-0.1992034912
-0.0310211182
0.0542907715
0.9850921631
-0.0698089600
0.0465393066
0.0542907715
0.1163482666
-0.0155181885
0.2490844727
-0.2490844727
-0.1245422363
0.2490844727
-0.2490844727
0.1245422363
0.1245422363
0.0000000000
0.0233612061
-0.0467071533
0.0311431885
-0.9965057373
-0.0233612061
0.0233612061
-0.0155639648
0.0000000000
-0.0315246582
0.9773712158
0.0735626221
-0.1366271973
-0.0945892334
-0.0630493164
0.0210113525
0.0525512695
-0.4165039062
0.4922180176
-0.0189361572
0.3596954346
0.2082519531
-0.3596954346
0.4354248047
0.2839813232
-0.3284149170
-0.3648986816
0.8210296631
-0.0364837646
0.0182495117
0.1641998291
-0.0729827881
-0.2006988525
-0.4969635010
0.0621185303
0.1242370605
-0.1863555908
0.0621185303
-0.6833343506
-0.0621185303
-0.3106079102
-0.0235137939
0.0470275879
0.0156707764
0.9953460693
0.0078430176
-0.0626983643
0.0156707764
0.0078430176
-0.0777740479
0.9878234863
-0.0466613770
0.0777740479
-0.0544433594
-0.0388946533
0.0233306885
0.0544433594
0.2466430664
-0.2343139648
0.8016052246
0.0000000000
-0.0493316650
0.4809722900
0.0246582031
-0.0493316650
0.0000000000
-0.9466400146
-0.1721191406
-0.0573730469
-0.0573730469
0.1147460938
-0.0860595703
0.1434326172
0.9722137451
-0.1527709961
0.0833282471
-0.0138854980
-0.0555572510
-0.0694427490
0.0277709961
-0.0972290039
-0.1242218018
0.0000000000
0.0000000000
0.2484588623
0.1242218018
-0.2484588623
-0.3726806641
0.1242218018
0.5213928223
-0.4055175781
0.1737976074
-0.4055175781
-0.2317199707
0.0000000000
0.2896575928
-0.3475952148
0.0547027588
0.9924621582
0.0078125000
-0.0234375000
-0.0547027588
0.0234375000
0.0703277588
-0.0312652588
-0.1706237793
0.0000000000
-0.3543701172
0.9056243896
-0.0393676758
0.0262451172
0.1312561035
-0.0131225586
0.1622619629
0.1032562256
-0.0590057373
0.0147552490
-0.9440307617
0.1327514648
-0.2065124512
0.0294952393
0.5721282959
-0.4577026367
0.0000000000
0.4958343506
-0.0381469727
-0.2288513184
0.1525726318
-0.3051300049
-0.0814819336
0.2444458008
0.3666687012
-0.3259277344
0.6111297607
0.4889068604
-0.1629638672
0.0000000000
0.3268127441
-0.1307220459
-0.7516632080
0.1634063721
0.0980377197
0.2941284180
0.0000000000
-0.3921661377
0.9900512695
-0.0446014404
0.0356750488
-0.0356750488
0.0713500977
-0.0713500977
0.0356750488
0.0356750488
0.0177459717
-0.0443725586
0.9497375488
0.2396545410
-0.0621337891
0.1508941650
0.0887603760
-0.0355072021
-0.3006896973
-0.1850433350
0.2775573730
0.4626007080
0.6707763672
0.2544250488
-0.1619110107
0.1619110107
-0.0387420654
0.0929870605
0.0542449951
-0.0155029297
0.0000000000
-0.0309906006
-0.9918518066
0.0000000000
-0.3644256592
0.2429504395
-0.3036804199
0.1214752197
-0.6073760986
0.1214752197
-0.1214752197
0.4251556396
-0.0250854492
0.9953308105
-0.0418243408
-0.0418243408
0.0334625244
-0.0083618164
0.0334625244
-0.0250854492
-0.2416839600
-0.1208343506
0.0000000000
-0.1208343506
0.2416839600
-0.2416839600
0.2416839600
0.3625183105
0.1792755127
-0.4183044434
-0.1792755127
0.0597534180
-0.1792755127
-0.2987823486
0.4780578613
-0.5378112793
0.3694458008
0.4515380859
0.5746917725
-0.0820922852
0.4515380859
0.1231536865
-0.2052459717
-0.0820922852
-0.0276184082
0.1104583740
0.0276184082
-0.8008728027
-0.3037719727
-0.3590087891
0.3037719727
0.0828552246
0.1242218018
0.2484588623
0.0000000000
0.2484588623
0.0000000000
-0.3726806641
0.1242218018
-0.1242218018
0.6666870117
0.0952453613
0.1142883301
0.1333312988
-0.1523895264
-0.1523895264
-0.6666870117
-0.1142883301
-0.0156402588
0.0234680176
0.9932403564
-0.0312805176
0.0469207764
0.0078277588
0.0860290527
-0.0078277588
0.1199951172
-0.2400054932
-0.1199951172
0.1199951172
0.0000000000
0.1199951172
0.0000000000
-0.1199951172
0.0000000000
0.0000000000
0.0664062500
-0.9960937500
0.0166015625
0.0166015625
-0.0249023438
0.0000000000
-0.0536956787
0.9664001465
0.0429534912
-0.1825408936
-0.0966339111
-0.0751647949
0.0000000000
0.0966339111
-0.4594421387
0.4836273193
0.0000000000
0.3385467529
0.1934509277
-0.3385467529
0.4594421387
0.2418212891
-0.4513244629
-0.3335876465
0.7064056396
0.0000000000
-0.0196228027
0.3139648438
-0.0981140137
-0.2550964355
-0.4704895020
0.2016296387
0.0000000000
-0.3360595703
-0.1344299316
-0.6049041748
-0.1344299316
-0.2688446045
0.0078277588
0.0469360352
-0.0312957764
0.9936065674
-0.0234680176
-0.0625915527
0.0391235352
0.0391235352
-0.0077972412
0.9901580811
-0.0389862061
0.0389862061
-0.0857696533
-0.0077972412
0.0467834473
0.0701751709
0.1697845459
-0.2089538574
0.8488922119
-0.0652923584
-0.1697845459
0.4048614502
0.0130615234
0.0652923584
-0.0556640625
-0.9740295410
-0.0556640625
-0.1113128662
0.0278320312
0.0834808350
0.0000000000
0.0000000000
0.9511413574
-0.1994323730
0.1380615234
-0.0460205078
-0.0767059326
-0.1227264404
0.0000000000
-0.0767059326
0.0000000000
-0.1178436279
0.0000000000
0.2357025146
0.1178436279
0.0000000000
-0.1178436279
0.1178436279
0.3105163574
-0.4657745361
0.3881530762
-0.3105163574
-0.2328948975
0.3881530762
0.1552581787
-0.0776367188
0.0467987061
0.9906768799
0.0312042236
-0.0312042236
-0.0467987061
0.0312042236
0.0936126709
-0.0234069824
-0.1129150391
0.0564575195
-0.3387603760
0.9174957275
0.0282287598
0.0988006592
0.0988006592
-0.0282287598
0.1459197998
0.0324249268
0.0324249268
0.0486450195
-0.9403839111
0.1459197998
-0.2431945801
0.0324249268
0.6083984375
-0.4345703125
0.0434570312
0.3911132812
0.2172851562
0.0869140625
0.1303710938
-0.3911132812
-0.0791625977
0.1847076416
0.2902679443
-0.2638702393
0.6860656738
0.5277404785
-0.1847076416
0.0000000000
0.2572631836
-0.2058105469
-0.7203216553
0.1543579102
-0.0514526367
0.3601684570
0.0000000000
-0.3601684570
0.9945526123
0.0094757080
0.0094757080
-0.0189514160
0.0852508545
0.0000000000
0.0094757080
-0.0094757080
-0.0461120605
-0.0576324463
0.9106903076
0.2651367188
-0.1152801514
0.1959686279
0.1959686279
-0.0230560303
-0.3407897949
-0.1310729980
0.2883605957
0.4456481934
0.7077941895
0.1835021973
-0.1310729980
0.1048583984
-0.0273895264
0.1187133789
0.0639190674
-0.0365295410
0.0547943115
-0.0365295410
-0.9862670898
0.0000000000
-0.2494659424
0.2494659424
-0.6486206055
0.0997924805
-0.4490509033
0.2993621826
-0.0997924805
0.2494659424
-0.0369720459
0.9890899658
-0.0831909180
-0.0924377441
0.0184936523
0.0092468262
0.0369720459
0.0184936523
0.0000000000
0.0000000000
0.0000000000
-0.1150360107
0.1150360107
0.0000000000
0.1150360107
0.2300720215
0.0471038818
-0.3297576904
0.1413269043
0.2826538086
-0.4239807129
0.3297576904
0.5653076172
-0.3297576904
0.3711090088
0.4506225586
0.4506225586
0.1060333252
0.5301513672
0.2120666504
-0.2915802002
-0.1060333252
-0.0642700195
0.0964050293
0.1606903076
-0.7712860107
-0.2892303467
-0.4820556641
0.1285400391
0.0000000000
0.0000000000
0.2432556152
0.0000000000
0.0000000000
0.0000000000
-0.2432556152
0.1216278076
-0.1216278076
0.6296234131
0.0787048340
0.0000000000
0.0787048340
-0.3738403320
-0.1180572510
-0.6492919922
-0.0590209961
-0.0354766846
-0.0088653564
0.9935302734
-0.0177459717
0.0443572998
-0.0177459717
0.0798339844
-0.0088653564
0.1150360107
-0.2300720215
0.0000000000
0.1150360107
0.0000000000
0.0000000000
0.1150360107
0.0000000000
-0.0220489502
0.0551300049
0.0771789551
-0.9922485352
0.0000000000
0.0220489502
-0.0330810547
0.0220489502
-0.0489196777
0.9540557861
0.0000000000
-0.2201690674
-0.1100769043
-0.0611572266
0.0122375488
0.1345520020
-0.5288543701
0.4297027588
0.0661010742
0.2644348145
0.1322174072
-0.3305358887
0.4958038330
0.2313690186
-0.5778808594
-0.2311553955
0.5586090088
0.0000000000
-0.0577850342
0.4622955322
-0.1348419189
-0.2311553955
-0.2904663086
0.5809326172
-0.2178497314
-0.3630828857
-0.0726165771
-0.2904663086
-0.2904663086
-0.2178497314
0.0234527588
0.0390777588
-0.0234527588
0.9926757812
-0.0234527588
-0.0547180176
0.0390777588
0.0703430176
0.0559082031
0.9824523926
-0.0319519043
0.0559082031
-0.1118316650
0.0079803467
0.0718841553
0.0878601074
0.1241607666
-0.1551971436
0.7914733887
-0.1396789551
-0.2793426514
0.4500579834
-0.0465545654
0.1551971436
-0.1019592285
-0.9685974121
-0.0254821777
-0.1019592285
0.0509796143
-0.0254821777
0.0764617920
-0.1019592285
0.9676208496
-0.1358032227
0.1527862549
-0.0169830322
-0.0509338379
-0.0509338379
-0.0679016113
-0.0509338379
0.1064758301
-0.1064758301
-0.1064758301
0.0000000000
0.0000000000
0.1064758301
0.0000000000
0.1064758301
0.2357025146
-0.3142700195
0.4714050293
-0.2357025146
-0.1571350098
0.5499725342
0.1571350098
-0.0785675049
0.0311431885
0.9889068604
0.0622863770
-0.0389404297
-0.0389404297
0.0545043945
0.0934448242
-0.0233612061
-0.1095886230
0.0939331055
-0.3444213867
0.8923645020
0.0000000000
0.2035217285
0.0939331055
0.0782775879
0.0235748291
0.0707092285
0.1885528564
0.1649780273
-0.8484954834
0.0707092285
-0.4242401123
0.0942840576
0.6078643799
-0.2026214600
0.1013031006
0.2532806396
0.5065460205
0.0000000000
0.1013031006
-0.4052429199
0.0000000000
0.1682434082
0.3364868164
-0.2643737793
0.6729583740
0.5287628174
-0.1922760010
0.0240325928
0.1369018555
-0.0684509277
-0.7529602051
0.1369018555
-0.2053527832
0.3422546387
0.0000000000
-0.2738037109
0.9827423096
0.0764312744
-0.0109252930
-0.0436706543
0.1310272217
0.0545959473
-0.0218353271
-0.0436706543
-0.1215362549
-0.0694580078
0.8160552979
0.2951660156
-0.2083587646
0.2257232666
0.3472595215
-0.0520935059
-0.3959045410
-0.0913543701
0.3045349121
0.4568023682
0.7004394531
0.0913543701
-0.0609130859
0.0304565430
-0.0415191650
0.1141815186
0.0830383301
-0.0415191650
0.0207672119
-0.0103759766
-0.9861602783
-0.0103759766
-0.0994262695
0.2485504150
-0.7456359863
-0.0497131348
-0.2982635498
0.3976745605
-0.0497131348
0.1988372803
-0.0354003906
0.9795227051
-0.1180114746
-0.1180114746
0.0354003906
0.0472106934
0.0354003906
0.0472106934
0.0000000000
0.1243286133
-0.1243286133
-0.1243286133
0.1243286133
0.2486572266
0.2486572266
0.1243286133
-0.0349731445
-0.1748962402
0.2448425293
0.2098693848
-0.4197387695
0.5596618652
0.5246734619
-0.2448425293
0.3397369385
0.4367980957
0.4367980957
0.2183990479
0.5338745117
0.2426605225
-0.2669372559
-0.1455993652
-0.1412963867
0.1412963867
0.1978149414
-0.6782226562
-0.2825927734
-0.5934448242
-0.0565185547
0.0000000000
0.0000000000
0.1000061035
0.1000061035
0.0000000000
-0.1000061035
-0.1000061035
0.0000000000
0.0000000000
0.5159606934
0.0897369385
-0.0224304199
0.0000000000
-0.4710998535
-0.1794586182
-0.6729888916
-0.0448608398
-0.0438842773
-0.0548553467
0.9874572754
-0.0438842773
0.0877685547
-0.0109710693
0.0767974854
-0.0219421387
0.1113433838
-0.1113433838
0.1113433838
0.1113433838
-0.1113433838
0.0000000000
0.1113433838
0.0000000000
-0.0275573730
0.0826568604
0.0275573730
-0.9918060303
-0.0137786865
0.0275573730
-0.0137786865
0.0275573730
0.0149383545
0.9557495117
-0.0447998047
-0.2090759277
-0.1343994141
-0.0298614502
0.0149383545
0.1194763184
-0.5151977539
0.3606414795
0.1545562744
0.2060852051
0.1030426025
-0.3091278076
0.5667266846
0.1545562744
-0.7234649658
-0.2009582520
0.3416290283
0.0000000000
-0.0602874756
0.5225067139
-0.1004791260
-0.1406707764
-0.1398620605
0.6293640137
-0.3496398926
-0.2797088623
0.1398620605
0.0000000000
-0.3496398926
-0.2797088623
0.0234832764
0.0313110352
-0.0391387939
0.9939727783
-0.0078277588
-0.0313110352
0.0313110352
0.0704345703
0.1343383789
0.9713439941
-0.0310058594
0.0930023193
-0.1033325195
0.0516662598
0.0826721191
0.0723266602
0.1451110840
-0.0829162598
0.6840820312
-0.1451110840
-0.3524017334
0.5596923828
-0.1036529541
0.1451110840
-0.1401824951
-0.9532318115
0.0560760498
0.0000000000
0.0280303955
-0.0560760498
0.1401824951
-0.1401824951
0.9694366455
-0.1360626221
0.1020507812
0.0170135498
-0.1190490723
0.0000000000
-0.0170135498
-0.0850372314
0.1000061035
0.0000000000
0.0000000000
0.0000000000
-0.1000061035
0.1000061035
0.0000000000
0.1000061035
0.2250061035
-0.2250061035
0.4499969482
-0.2250061035
-0.1499938965
0.6000061035
0.2250061035
-0.1499938965
-0.0098724365
0.9878692627
0.0592651367
-0.0296325684
-0.0197601318
0.0790252686
0.0987854004
0.0098724365
-0.0542602539
0.0723571777
-0.3256072998
0.8320922852
-0.0904388428
0.2532501221
0.2351531982
0.2351531982
-0.0628051758
0.1569976807
0.4082031250
0.3453979492
-0.5337982178
0.0314025879
-0.5652008057
0.2198028564
0.5388946533
-0.2449493408
0.0000000000
0.2449493408
0.6368713379
-0.0979766846
0.0979766846
-0.2939453125
0.1291351318
0.2066192627
0.4132385254
-0.2582702637
0.4648895264
0.6456756592
-0.2066192627
0.0774841309
0.0909118652
0.0000000000
-0.6364288330
0.0909118652
0.0000000000
0.2727508545
-0.0909118652
-0.4545898438
0.9668884277
0.0853118896
-0.0568695068
-0.0995330811
0.1421966553
0.1137542725
-0.0426635742
-0.0568695068
-0.0578765869
-0.1736450195
0.7910919189
0.3666076660
-0.1929473877
0.2894287109
0.2701263428
-0.0192871094
-0.4463195801
0.0000000000
0.2840118408
0.3651580811
0.7303314209
0.0000000000
0.0000000000
0.0000000000
-0.1094665527
0.1204223633
0.1313629150
0.0109405518
0.0000000000
0.0328369141
-0.9743194580
-0.0437927246
-0.1751556396
0.1313629150
-0.7006225586
-0.2189483643
-0.2627258301
0.4816741943
0.0437927246
0.2189483643
-0.0186614990
0.9702911377
-0.1679382324
-0.0932922363
0.0373229980
0.0000000000
0.0932922363
0.0000000000
0.1245422363
0.1245422363
-0.2490844727
-0.1245422363
0.2490844727
0.2490844727
0.2490844727
0.0000000000
-0.1158447266
-0.0289611816
0.3475341797
0.1448059082
-0.4344177246
0.6371612549
0.3475341797
-0.3185729980
0.3017120361
0.4937133789
0.4114379883
0.3565673828
0.4114379883
0.3291473389
-0.2194366455
-0.1371459961
-0.1653137207
0.0826568604
0.2204284668
-0.5786132812
-0.1928710938
-0.7163848877
-0.0826568604
-0.0275573730
0.0000000000
0.1113433838
0.0000000000
0.0000000000
-0.2226867676
-0.1113433838
0.0000000000
0.0000000000
0.3672637939
0.0734558105
0.0000000000
0.0244903564
-0.6120910645
-0.2448425293
-0.6365814209
0.0000000000
-0.0155639648
-0.0622863770
0.9808959961
-0.0155639648
0.1557006836
0.0155639648
0.0155639648
0.0311431885
0.1242218018
-0.2484588623
0.1242218018
-0.1242218018
-0.2484588623
0.0000000000
0.3726806641
0.0000000000
-0.0512390137
0.0683135986
-0.0170745850
-0.9906158447
0.0170745850
0.0170745850
0.0000000000
-0.0341644287
0.0369415283
0.9789581299
-0.0369415283
-0.0923614502
-0.1108245850
0.0184783936
0.0369415283
0.0738830566
-0.5882415771
0.4117584229
0.1176452637
0.2941131592
0.1764678955
-0.2352905273
0.4117584229
0.1176452637
-0.7683410645
-0.1807861328
0.0000000000
-0.0677947998
-0.0451965332
0.5649566650
-0.0451965332
0.1807861328
-0.0718688965
0.5749664307
-0.4312133789
-0.2156066895
0.2156066895
0.2874755859
-0.3593444824
0.0000000000
0.0077972412
0.0155944824
-0.0701599121
0.9900054932
-0.0623626709
-0.0233917236
0.0467681885
0.0779571533
0.1753997803
0.9521636963
0.0000000000
0.1879272461
-0.0626373291
0.0876922607
0.1002197266
0.0250549316
0.1346893311
0.0538787842
0.6464843750
-0.0808105469
-0.3232421875
0.5926055908
-0.2693634033
0.0538787842
-0.0697937012
-0.9421234131
0.1395721436
-0.0697937012
0.0000000000
-0.0697937012
0.1395721436
-0.1395721436
0.9792785645
-0.0699462891
0.0699462891
-0.0174865723
-0.1049194336
-0.0349731445
0.0349731445
-0.0874328613
0.1237182617
-0.1237182617
-0.1237182617
-0.1237182617
-0.2474365234
0.0000000000
-0.2474365234
0.0000000000
0.4403228760
0.0000000000
-0.2201538086
-0.2935485840
-0.2935485840
-0.3669281006
0.3669281006
-0.3669281006
-0.0156860352
0.9959869385
-0.0078430176
-0.0470581055
0.0156860352
0.0470581055
-0.0078430176
-0.0313720703
-0.1112518311
-0.0278167725
-0.4171905518
0.8691406250
-0.0069580078
0.0486755371
-0.0278167725
-0.2294616699
0.2082214355
0.0000000000
-0.1388244629
0.0694122314
-0.9254608154
-0.2082214355
-0.0462799072
0.1156768799
0.0000000000
-0.1914978027
0.0000000000
0.1367797852
-0.3556365967
-0.8480529785
-0.2188568115
-0.1641387939
-0.2401123047
-0.2401123047
0.0800323486
-0.1600799561
-0.4001922607
-0.5602722168
-0.2401123047
-0.3201599121
0.3472442627
0.0651092529
-0.7378845215
0.0434112549
0.0651092529
0.1953277588
0.0000000000
-0.5208587646
0.9713897705
-0.0576324463
0.1646423340
-0.0493927002
-0.0740966797
-0.0576324463
-0.0905609131
0.0658569336
-0.0228881836
0.0152587891
0.9691009521
0.2365570068
0.0152587891
-0.0228881836
0.0076293945
0.0381469727
-0.7443084717
0.0797424316
0.2126617432
0.1595001221
0.5050659180
0.2126617432
-0.1860809326
0.1063232422
-0.1604766846
-0.0382080078
0.0076446533
0.0840606689
-0.0152893066
0.0458526611
-0.9781188965
-0.0687713623
-0.0771789551
0.2315216064
-0.3086853027
-0.3086853027
-0.4630279541
0.4630279541
0.3086853027
0.1543426514
-0.0233764648
0.9897155762
0.0857238770
-0.0311737061
0.0467529297
0.0545501709
0.0545501709
0.0389709473
-0.1629791260
0.0543212891
-0.0543212891
0.0000000000
0.1086578369
0.0543212891
0.0543212891
-0.9235382080
-0.1398620605
-0.5594329834
-0.0699310303
-0.2097930908
0.0000000000
-0.3496398926
0.5594329834
0.1398620605
0.5399475098
0.3493804932
0.6034698486
0.0952911377
0.1270446777
0.2858581543
-0.2858581543
-0.0317687988
0.0842437744
0.1684875488
0.1403961182
-0.6739349365
-0.3931274414
0.3369598389
0.1403961182
0.4212036133
0.1159973145
-0.1159973145
-0.3480072021
0.3480072021
-0.1159973145
-0.1159973145
0.3480072021
0.2320098877
0.9424896240
-0.0369567871
0.0369567871
0.2032775879
0.1847991943
0.0184783936
-0.0184783936
-0.1478424072
0.0199127197
0.0298614502
0.9856262207
-0.0796508789
0.0099487305
0.0000000000
0.1294250488
0.0298614502
0.0000000000
0.2432556152
-0.1216278076
-0.1216278076
-0.1216278076
-0.1216278076
-0.1216278076
-0.1216278076
-0.0155181885
0.0310363770
0.0310363770
-0.9933166504
-0.0776062012
0.0310363770
0.0077667236
-0.0465545654
0.0078430176
0.9966125488
0.0000000000
-0.0392303467
-0.0078430176
-0.0549316406
0.0078430176
-0.0078430176
-0.4072570801
0.4257659912
0.2036285400
0.3332214355
0.2961883545
-0.3702392578
0.4442901611
0.2591705322
-0.1103973389
-0.0552062988
0.9797973633
-0.0276031494
-0.0276031494
0.0413970947
0.0000000000
-0.1242065430
-0.1595764160
0.3191528320
0.5585174561
0.0000000000
0.0000000000
-0.1595764160
-0.0797882080
-0.5585174561
-0.0077667236
0.0776214600
0.0776214600
0.9857940674
-0.0388183594
-0.0388183594
-0.1009063721
-0.0310516357
-0.0546264648
0.9909515381
-0.0390167236
0.0312042236
-0.0156097412
0.0624237061
0.0390167236
0.0702209473
0.3379516602
-0.0436096191
0.6213989258
-0.0218048096
0.0872192383
0.6759033203
-0.1090240479
-0.1308288574
0.1212005615
-0.9392852783
-0.1515045166
-0.1212005615
0.0303039551
-0.0605926514
-0.0908966064
0.1515045166
0.9940032959
-0.0132598877
0.0000000000
0.0397644043
-0.0530090332
0.0000000000
0.0132598877
-0.0397644043
0.1247863770
-0.1247863770
-0.1247863770
0.0000000000
-0.3743438721
-0.1247863770
-0.2495727539
0.1247863770
0.3963012695
0.1981506348
-0.2972259521
-0.1981506348
-0.1981506348
-0.2972259521
0.1981506348
-0.3963012695
-0.0078582764
0.9976501465
-0.0078582764
-0.0314178467
-0.0078582764
0.0235595703
0.0000000000
-0.0314178467
-0.1154022217
-0.0144195557
-0.3822479248
0.8943328857
-0.0072174072
0.0288543701
0.0072174072
-0.1947326660
0.1643676758
0.0616302490
-0.0205383301
0.0205383301
-0.9656219482
0.0000000000
-0.1438140869
0.0410919189
0.2449493408
-0.4409027100
0.0979766846
0.1959533691
-0.3919219971
-0.3919219971
-0.1469726562
-0.5388946533
-0.4699859619
-0.3916473389
-0.3133239746
-0.0783233643
0.0783233643
-0.3916473389
-0.3133239746
-0.2349853516
0.2802886963
0.0509643555
-0.7899017334
0.0764465332
0.0764465332
0.2038421631
-0.1019287109
-0.4586639404
0.9734497070
-0.0567779541
0.1216888428
-0.0243377686
-0.0811157227
-0.0648956299
-0.1135711670
0.0892333984
0.0231170654
0.0000000000
0.9788360596
0.1926879883
0.0385437012
0.0077056885
-0.0154113770
0.0231170654
-0.6796569824
0.0755157471
0.1762084961
0.3020629883
0.5789642334
0.1510314941
-0.0251770020
0.1762084961
-0.1082458496
-0.0154571533
0.0154571533
0.0309295654
-0.0231933594
0.0000000000
-0.9897155762
-0.0695953369
-0.3675231934
0.2100067139
-0.5250244141
-0.1050109863
-0.5250244141
0.3150177002
0.2100067139
0.1575012207
-0.0078277588
0.9947662354
0.0626678467
-0.0156707764
0.0313262939
0.0469970703
0.0313262939
0.0078277588
-0.5023651123
0.0000000000
0.1004791260
-0.3014221191
0.1004791260
-0.1004791260
-0.1004791260
-0.5023651123
-0.0769500732
-0.5386199951
-0.0769500732
-0.2308349609
0.0769500732
-0.5386199951
0.3847351074
0.0000000000
0.4537506104
0.5293884277
0.6050109863
0.0378112793
0.1512451172
0.2646942139
-0.0378112793
-0.0756225586
0.3036651611
0.0552062988
0.0276031494
-0.6901397705
-0.2760620117
0.2208404541
0.3864746094
0.3588714600
0.1172332764
0.0000000000
-0.4689483643
0.3517150879
-0.1172332764
-0.1172332764
0.1172332764
0.2344665527
0.9244842529
0.0369720459
0.1294250488
0.1664123535
0.0184936523
-0.0924530029
-0.2403717041
-0.1479187012
0.0000000000
0.0090026855
0.9905853271
-0.0810546875
0.0720367432
0.0000000000
0.0630340576
0.0180053711
0.0000000000
0.0000000000
-0.3750000000
0.1250000000
-0.2500000000
0.0000000000
-0.1250000000
-0.1250000000
0.0000000000
0.0155944824
0.0077972412
-0.9985046387
-0.0077972412
0.0077972412
-0.0077972412
-0.0234069824
0.0080261230
0.9955749512
-0.0160522461
-0.0642242432
-0.0240936279
-0.0401458740
0.0080261230
0.0080261230
-0.4578247070
0.4786376953
0.1872863770
0.3329620361
0.2705383301
-0.2913360596
0.4370117188
0.2289123535
-0.1136627197
-0.0710449219
0.9661102295
-0.0284118652
-0.0284118652
0.0568237305
-0.0568237305
-0.1846923828
-0.3375549316
0.0843963623
0.3375549316
0.1687774658
-0.5907287598
-0.3375549316
0.0000000000
-0.1687774658
0.0078125000
0.0702667236
0.0156097412
0.9915771484
-0.0390319824
-0.0624542236
-0.0624542236
-0.0156097412
-0.0236358643
0.9927673340
-0.0472717285
0.0000000000
-0.0236358643
0.0551605225
0.0315093994
0.0709075928
0.2770233154
0.0205230713
0.7490081787
0.0205230713
0.0205230713
0.5540618896
-0.1539001465
-0.1641693115
0.0436706543
-0.9608154297
-0.0873413086
-0.1965332031
-0.0218353271
-0.0218353271
-0.0218353271
0.1091766357
0.9942321777
-0.0426025391
0.0142059326
0.0426025391
-0.0142059326
0.0000000000
0.0142059326
0.0284118652
0.1216278076
0.0000000000
0.1216278076
0.1216278076
-0.1216278076
-0.1216278076
-0.2432556152
0.1216278076
0.2357025146
0.3535461426
-0.1178436279
-0.1178436279
-0.2357025146
-0.2357025146
0.0000000000
-0.3535461426
0.0312500000
0.9920043945
0.0234375000
-0.0546722412
-0.0078125000
0.0234375000
0.0702972412
-0.0624847412
-0.0743408203
0.0082550049
-0.3386535645
0.9085998535
0.0165252686
0.0082550049
0.0743408203
-0.2147521973
0.1423187256
0.0948791504
0.0316314697
-0.0632476807
-0.9329833984
0.2846374512
-0.0632476807
-0.0474395752
0.4323120117
-0.5502166748
0.0785980225
0.2751159668
0.2358093262
0.5109252930
-0.0785980225
-0.2358093262
-0.3058929443
-0.4588470459
-0.4078674316
-0.1529541016
0.5608062744
0.2549133301
-0.2039337158
0.0000000000
0.2266693115
-0.0906677246
-0.7253570557
0.1813354492
0.0000000000
0.1813354492
-0.1813354492
-0.4986877441
0.9773864746
-0.0361938477
0.0180969238
0.0180969238
-0.0995483398
-0.0271453857
-0.1629028320
0.0543060303
0.0170745850
-0.0426788330
0.9731903076
0.1963500977
0.0341491699
0.0853729248
0.0341491699
-0.0170745850
-0.5505065918
0.0000000000
0.2028198242
0.3766632080
0.6663970947
0.1448669434
0.0289764404
0.1448669434
-0.0619201660
0.0541687012
0.0464324951
0.0232238770
0.0077362061
0.0000000000
-0.9906158447
-0.0851287842
-0.3874816895
0.2152709961
-0.6888427734
0.0000000000
-0.3874816895
0.3444213867
0.0000000000
0.0000000000
0.0000000000
0.9979553223
0.0159606934
-0.0319366455
-0.0079803467
0.0079803467
-0.0079803467
-0.0239562988
-0.3750000000
0.0000000000
0.0000000000
-0.1250000000
0.2500000000
-0.1250000000
0.0000000000
-0.1250000000
0.1548004150
-0.3096008301
-0.2321929932
-0.1548004150
0.1548004150
-0.6192016602
0.3096008301
-0.3096008301
0.4118804932
0.4530639648
0.6178283691
-0.0823822021
0.2883148193
0.2883148193
-0.1235656738
0.0000000000
0.4690856934
-0.0390930176
0.0000000000
-0.6254577637
-0.1954498291
0.1563568115
0.4690856934
0.2345428467
0.1250000000
0.0000000000
-0.3750000000
0.2500000000
0.0000000000
0.0000000000
0.1250000000
0.1250000000
0.8681335449
0.0361785889
-0.0180816650
0.0904235840
-0.2712860107
-0.0542602539
-0.3798065186
-0.0723419189
0.0095367432
-0.0190734863
0.9917755127
-0.0381469727
0.1049041748
-0.0095367432
0.0190734863
0.0095367432
-0.1237182617
-0.2474365234
-0.2474365234
0.1237182617
0.0000000000
0.1237182617
-0.1237182617
0.0000000000
0.0081024170
0.0162200928
0.0243225098
-0.9971008301
0.0405273438
0.0162200928
-0.0243225098
-0.0162200928
-0.0086669922
0.9960937500
-0.0433044434
-0.0519714355
-0.0173187256
-0.0173187256
0.0086669922
0.0086669922
-0.4938507080
0.5198364258
0.1819458008
0.2859191895
0.2079315186
-0.2599182129
0.4418640137
0.2079315186
-0.0950317383
-0.0316772461
0.9344940186
-0.0475158691
-0.0316772461
0.0633544922
-0.0316772461
-0.3167724609
-0.2931823730
0.0977325439
0.0977325439
-0.1954498291
-0.5863494873
-0.3908996582
-0.0977325439
-0.0977325439
0.0312500000
0.0546875000
-0.0156250000
0.9922180176
-0.0468750000
-0.0625000000
-0.0546875000
0.0156250000
-0.0084838867
0.9925537109
-0.0254516602
-0.0339355469
-0.0593872070
0.0593872070
0.0424194336
0.0424194336
0.1977233887
0.0465240479
0.8374328613
0.0000000000
-0.1046752930
0.4536132812
-0.1511993408
-0.1163024902
0.0000000000
-0.9636688232
-0.0578155518
-0.2312774658
-0.0192718506
-0.0192718506
0.0192718506
0.0385437012
0.9867553711
-0.1003417969
0.0668945312
0.0000000000
0.0167236328
-0.0334472656
0.0167236328
0.0334472656
0.1178436279
-0.1178436279
0.0000000000
0.2357025146
0.0000000000
0.0000000000
-0.1178436279
0.1178436279
0.0000000000
0.2498779297
0.1249389648
0.0000000000
-0.1249389648
-0.1249389648
0.1249389648
-0.3748321533
0.0338287354
0.9893951416
0.0338287354
-0.0422821045
-0.0169067383
0.0253753662
0.1014709473
-0.0591888428
-0.0469970703
0.0375976562
-0.3007507324
0.9210510254
0.0281982422
-0.0093994141
0.0845794678
-0.2161712646
0.1312103271
0.0437316895
0.0728912354
-0.0728912354
-0.9330291748
0.2915802002
-0.0145721436
-0.0874786377
0.3783416748
-0.4127349854
0.0687866211
0.0687866211
0.5847015381
0.5159149170
-0.0343933105
-0.1719665527
-0.1289215088
-0.4125518799
-0.2836303711
-0.1031341553
0.7477416992
0.3609771729
-0.1031341553
0.0257873535
0.1412353516
-0.2118530273
-0.4237060547
0.1412353516
-0.3530883789
0.1412353516
-0.1412353516
-0.6355438232
0.9843597412
-0.0106964111
0.0000000000
0.0106964111
-0.0856018066
0.0000000000
-0.1390991211
0.0213928223
-0.0350189209
-0.0350189209
0.9573822021
0.2101593018
-0.0233459473
0.1401062012
0.1050720215
-0.0350189209
-0.4057312012
-0.0405731201
0.2434387207
0.3245849609
0.7709045410
0.1217193604
0.0000000000
0.0811462402
-0.0378570557
0.0946502686
0.0757293701
0.0189361572
0.0757293701
0.0094604492
-0.9844207764
-0.0757293701
-0.3305358887
0.1322174072
-0.7602386475
-0.0330505371
-0.1983184814
0.4627532959
-0.0661010742
-0.0330505371
-0.0268554688
0.9938507080
-0.0537261963
-0.0716247559
-0.0089569092
-0.0089569092
-0.0089569092
-0.0268554688
-0.1064758301
0.1064758301
0.0000000000
-0.1064758301
0.1064758301
0.0000000000
0.0000000000
0.1064758301
0.0846862793
-0.2540588379
0.1693725586
0.1693725586
-0.0846862793
0.0846862793
0.5928039551
-0.5081176758
0.4534301758
0.4534301758
0.4912261963
0.0377807617
0.4534301758
0.2644958496
-0.1511383057
0.0377807617
0.5975799561
-0.0597534180
0.1195220947
-0.5378112793
-0.1792755127
0.2390289307
0.3585510254
0.0000000000
0.1064758301
0.1064758301
-0.1064758301
0.1064758301
0.0000000000
0.0000000000
0.1064758301
0.0000000000
0.7899475098
0.0000000000
-0.1930999756
0.0526580811
-0.4739685059
0.0351104736
-0.3159790039
-0.0175476074
0.0224304199
-0.0224304199
0.9871978760
0.0112152100
0.1346130371
-0.0448760986
-0.0112152100
0.0000000000
0.0000000000
-0.2400054932
-0.1199951172
0.1199951172
0.1199951172
0.1199951172
-0.1199951172
0.0000000000
0.0000000000
0.0492858887
0.0394287109
-0.9957122803
0.0197143555
0.0295715332
-0.0098571777
-0.0098571777
-0.0375366211
0.9947052002
-0.0563049316
-0.0281524658
0.0093841553
-0.0281524658
0.0093841553
0.0375366211
-0.5512695312
0.4410247803
0.1470031738
0.2572631836
0.1470031738
-0.2940063477
0.4777679443
0.1837615967
-0.1276702881
0.0182342529
0.8754730225
-0.0547180176
-0.0182342529
0.0547180176
-0.0912017822
-0.4377288818
0.0000000000
0.3823242188
-0.0955810547
-0.5734863281
-0.1911621094
-0.0955810547
0.0000000000
-0.3823242188
0.0313110352
0.0469665527
0.0078277588
0.9942474365
-0.0313110352
-0.0391387939
-0.0469665527
0.0391387939
0.0264282227
0.9867095947
-0.0176239014
0.0000000000
-0.0969085693
0.0616760254
0.0881042480
0.0440521240
0.1426391602
0.0570526123
0.8273010254
-0.0427856445
-0.2139587402
0.4564361572
-0.1711730957
-0.0142669678
-0.0554199219
-0.9606475830
-0.0738983154
-0.1847381592
0.0184783936
-0.1477966309
0.0369415283
0.0000000000
0.9743804932
-0.0885772705
0.1107330322
-0.0442962646
0.0664367676
-0.0442962646
-0.0442962646
0.0664367676
0.1064758301
-0.1064758301
0.0000000000
0.1064758301
0.0000000000
0.0000000000
-0.1064758301
0.1064758301
-0.1245422363
0.3736267090
0.1245422363
-0.1245422363
-0.1245422363
0.1245422363
0.2490844727
-0.1245422363
0.0285949707
0.9912414551
0.0381317139
-0.0190582275
-0.0381317139
0.0476531982
0.0857849121
-0.0285949707
-0.0704498291
0.0587158203
-0.2348480225
0.9511566162
0.0000000000
-0.0234832764
0.0587158203
-0.1526489258
0.1025848389
0.0512847900
0.1709747314
-0.0512847900
-0.9403381348
0.2222595215
-0.0854797363
-0.0683898926
0.2668609619
-0.2223815918
0.0889587402
0.0889587402
0.8005676270
0.1779022217
0.0000000000
-0.3558044434
-0.0227508545
-0.3640899658
-0.1820526123
-0.0682678223
0.8192138672
0.3640899658
-0.0910186768
0.0227508545
0.0769500732
-0.1539001465
-0.3077850342
0.0769500732
-0.4616851807
0.2308349609
-0.1539001465
-0.6155700684
0.9936676025
0.0408325195
0.0000000000
-0.0136108398
0.0136108398
0.0000000000
-0.0544433594
-0.0408325195
-0.0924224854
0.0184783936
0.9241638184
0.2218017578
-0.1109008789
0.1478729248
0.2033233643
-0.0369720459
-0.2716217041
0.0543212891
0.2716217041
0.2716217041
0.8148803711
0.1086578369
0.0000000000
0.0543212891
-0.0207214355
0.1035766602
0.0932312012
0.0207214355
0.0414276123
0.0310821533
-0.9840393066
-0.0725097656
-0.2452239990
0.1226196289
-0.7356872559
-0.0306549072
-0.0306549072
0.5824127197
-0.0919647217
-0.0613098145
-0.0471038818
0.9891967773
-0.0824279785
-0.0824279785
0.0235595703
0.0117797852
0.0235595703
0.0000000000
0.0000000000
0.0911560059
0.0000000000
-0.0911560059
0.0000000000
0.0000000000
0.0000000000
0.0911560059
-0.0562591553
-0.2250518799
0.2813110352
0.1687927246
-0.2250518799
0.5626220703
0.5626220703
-0.2250518799
0.4894714355
0.5271301270
0.3765258789
0.1129608154
0.4894714355
0.1882629395
-0.0753021240
-0.0376586914
0.4434356689
0.0000000000
0.3800964355
-0.6334838867
-0.1900482178
0.1266937256
0.1900482178
-0.1900482178
0.1237182617
0.1237182617
-0.1237182617
0.0000000000
-0.2474365234
-0.1237182617
0.0000000000
0.2474365234
0.7166595459
0.0231170654
-0.2311706543
0.0462341309
-0.5548248291
0.0000000000
-0.3236541748
0.0231170654
0.0135345459
-0.0676879883
0.9747467041
0.0000000000
0.1895294189
-0.0135345459
-0.0541534424
-0.0135345459
0.1199951172
-0.2400054932
0.0000000000
0.1199951172
0.1199951172
0.1199951172
-0.1199951172
0.0000000000
-0.0107116699
0.0535430908
0.0214233398
-0.9960327148
-0.0107116699
0.0214233398
-0.0107116699
0.0107116699
-0.0116577148
0.9907836914
-0.0815887451
0.0000000000
-0.0233154297
-0.0699310303
0.0349731445
0.0233154297
-0.5150756836
0.3219299316
0.0643920898
0.2575378418
0.1287689209
-0.3219299316
0.5150756836
0.1931610107
-0.2689971924
0.0672454834
0.8069763184
-0.0448303223
0.0448303223
0.0224151611
-0.0896606445
-0.4931488037
0.2201538086
0.5137023926
-0.1467742920
-0.5137023926
0.0733795166
0.0000000000
-0.1467742920
-0.4403076172
0.0235290527
0.0391998291
0.0235290527
0.9958343506
-0.0078430176
-0.0235290527
-0.0391998291
0.0391998291
0.0583190918
0.9816894531
-0.0291595459
0.0291595459
-0.0874786377
0.0874786377
0.0971984863
0.0583190918
0.1211242676
0.0403747559
0.8276367188
-0.0201873779
-0.2220458984
0.4642791748
-0.1412963867
0.0201873779
-0.1221618652
-0.9528808594
-0.0733032227
-0.0977325439
0.0488586426
-0.1954650879
0.0488586426
0.0000000000
0.9709625244
-0.1456451416
0.0970916748
-0.0485534668
-0.0242767334
-0.0485534668
-0.0485534668
0.0000000000
0.0911560059
-0.0911560059
-0.0911560059
0.0000000000
0.0000000000
0.0000000000
0.0000000000
0.0000000000
0.1238555908
0.2477111816
0.1238555908
-0.2477111816
0.0000000000
0.1238555908
0.3715667725
-0.1238555908
0.0118103027
0.9918823242
0.0354309082
0.0000000000
-0.0354309082
0.0590362549
0.0708465576
0.0236206055
-0.0969848633
0.0138549805
-0.1939697266
0.9698791504
-0.0138549805
0.0277099609
0.0692749023
0.0138549805
0.1279754639
0.0365600586
0.2925109863
0.0182800293
-0.8957977295
0.2559356689
-0.1279754639
-0.0365600586
0.1971435547
-0.2464294434
-0.0985717773
0.1971435547
0.7885742188
-0.2464294434
0.0492858887
-0.2957153320
0.0982666016
-0.2456512451
-0.0245666504
-0.0245666504
0.8106536865
0.4913024902
-0.0736999512
0.0736999512
0.0000000000
0.0000000000
-0.1911621094
0.0000000000
-0.3823242188
0.0955810547
-0.1911621094
-0.6690673828
0.9857330322
0.0849761963
-0.0339965820
-0.0679779053
0.0679779053
0.0000000000
-0.0169982910
-0.0339965820
-0.0777435303
0.0000000000
0.8810577393
0.2850494385
-0.1813964844
0.1813964844
0.2073059082
-0.0777435303
-0.3273620605
0.1309509277
0.2618865967
0.1964111328
0.7856750488
0.0000000000
0.0654754639
0.0654754639
-0.0851135254
0.0957489014
0.1276550293
0.0425567627
-0.0106353760
0.0319213867
-0.9787139893
-0.0531921387
-0.1687164307
0.1012268066
-0.7423400879
-0.0674896240
0.0000000000
0.6073608398
0.0000000000
0.0000000000
-0.0470275879
0.9642028809
0.0235137939
-0.1410980225
0.0235137939
-0.0470275879
0.1646270752
0.0000000000
0.0000000000
0.0000000000
-0.1064758301
-0.1064758301
0.1064758301
0.1064758301
0.1064758301
0.0000000000
-0.0393676758
-0.0393676758
0.3936157227
0.0393676758
-0.2755279541
0.7478790283
0.3148956299
-0.2361755371
0.3778991699
0.5840148926
0.3435363770
0.3435363770
0.3435363770
0.3435363770
-0.0343475342
-0.0687103271
0.0544128418
0.0000000000
0.5984649658
-0.6528625488
-0.1088104248
-0.2720336914
-0.0544128418
-0.1632232666
0.0000000000
0.1228332520
-0.2456817627
0.0000000000
-0.2456817627
-0.1228332520
0.0000000000
0.1228332520
0.4743804932
0.0279083252
-0.1395263672
0.0558166504
-0.7255249023
-0.0279083252
-0.4464874268
0.0000000000
0.0190429688
-0.0571289062
0.9331970215
0.0000000000
0.2856750488
0.0571289062
-0.1523590088
0.0761718750
0.2300720215
0.0000000000
0.0000000000
0.0000000000
0.1150360107
0.0000000000
-0.1150360107
-0.1150360107
-0.0249023438
0.0373535156
0.0249023438
-0.9959564209
0.0000000000
0.0124511719
-0.0124511719
0.0124511719
0.0330657959
0.9752349854
-0.1157073975
0.1157073975
-0.0330657959
-0.0661163330
0.0826416016
0.0000000000
-0.3790283203
0.2842712402
0.0947570801
0.3790283203
0.1895141602
-0.1895141602
0.4738006592
0.0947570801
-0.5916290283
0.0000000000
0.6286163330
-0.1479034424
0.0369720459
0.2218627930
-0.0369720459
-0.3697662354
0.1711730957
0.5135345459
-0.3423614502
-0.3423614502
0.3423614502
0.0855865479
-0.1711730957
-0.2567596436
0.0000000000
0.0235443115
0.0000000000
0.9967041016
-0.0470886230
-0.0078430176
-0.0157012939
0.0392456055
0.1312103271
0.9731597900
-0.0109405518
0.1093444824
-0.0109405518
0.1093444824
0.0874786377
-0.0109405518
0.1790618896
0.1023254395
0.8185882568
0.0511627197
-0.1278991699
0.4348754883
-0.2046508789
-0.1278991699
-0.1485900879
-0.9510040283
-0.0297241211
-0.0297241211
0.0891571045
-0.1783142090
0.0594329834
0.0000000000
0.9612274170
-0.1671752930
0.0417938232
-0.0835876465
-0.0835876465
-0.0835876465
0.0208892822
-0.1044769287
0.1178436279
-0.2357025146
-0.1178436279
-0.3535461426
-0.2357025146
0.0000000000
-0.2357025146
0.3535461426
0.3666076660
0.0916442871
-0.0916442871
0.3666076660
-0.2749481201
0.0000000000
0.3666076660
-0.4582519531
-0.0515899658
0.9801330566
0.0000000000
0.0859832764
0.0687866211
0.1203613281
-0.0171966553
-0.0171966553
-0.0540771484
-0.0695343018
-0.4480590820
0.7725219727
0.0000000000
-0.0231781006
0.1081542969
-0.4248962402
-0.1526184082
0.3052520752
-0.0305175781
0.1526184082
-0.7020721436
0.3052520752
0.4578704834
0.1831512451
-0.5258026123
-0.0584259033
0.6426391602
0.3505401611
-0.1168518066
-0.1168518066
0.1168518066
-0.1752624512
-0.4375762939
0.0000000000
0.1093902588
-0.2187805176
-0.2187805176
-0.4375762939
-0.2187805176
-0.1093902588
0.2855377197
0.1427764893
-0.5710754395
0.0713806152
-0.0475921631
0.1665649414
-0.0951843262
-0.7138519287
0.9693298340
-0.0312652588
0.0625305176
-0.0521087646
-0.0521087646
0.0521087646
-0.2084503174
-0.0208435059
0.0075531006
-0.0453338623
0.9594268799
0.2644042969
-0.0075531006
-0.0679931641
0.0302124023
0.0075531006
-0.6692962646
0.4601440430
0.0836639404
-0.0836639404
0.5019683838
-0.1254882812
-0.0418243408
0.0000000000
-0.1005249023
-0.0464019775
-0.0154724121
0.0541229248
0.0386657715
0.0309295654
-0.9897766113
0.0231933594
0.0901947021
0.1804046631
0.3607940674
-0.4510040283
-0.4510040283
0.3607940674
0.0000000000
-0.0901947021
-0.0622406006
0.9880981445
-0.0544586182
-0.0466766357
0.0388946533
0.0155639648
0.0778045654
0.0700225830
-0.2596893311
-0.2596893311
0.0649261475
0.0649261475
0.0000000000
-0.0649261475
0.0000000000
-0.8439941406
-0.0670623779
-0.6035614014
-0.1341247559
-0.4694366455
0.0670623779
-0.4694366455
0.0000000000
0.1341247559
0.4267272949
0.3657684326
0.4876861572
0.0000000000
-0.1828918457
0.1219177246
-0.4267272949
-0.3048095703
0.1108551025
-0.0369567871
0.0000000000
-0.4064636230
-0.2217102051
0.6281738281
0.3695220947
0.4434204102
0.0000000000
-0.0571746826
-0.9147491455
0.0571746826
0.0571746826
-0.1143493652
0.0571746826
0.1715087891
0.9702606201
-0.1617126465
0.0485076904
-0.1131896973
-0.0646820068
0.0161743164
-0.0646820068
0.0161743164
0.0000000000
-0.0461425781
0.9691314697
0.0000000000
-0.0923004150
-0.0461425781
-0.1615295410
-0.0692291260
0.2428131104
0.2428131104
0.0000000000
-0.2428131104
0.2428131104
-0.1213989258
-0.3642120361
0.0000000000
0.0000000000
0.0182800293
0.0091400146
-0.9958496094
0.0000000000
0.0182800293
0.0274047852
-0.0639495850
0.0409698486
0.9831237793
0.0102386475
0.1024017334
0.0921630859
-0.0716857910
-0.0204772949
-0.0614471436
-0.4001312256
0.4183197021
0.3273773193
0.3455657959
0.3637542725
-0.3273773193
0.3637542725
0.2364349365
-0.0659179688
0.1647949219
0.9558258057
0.0000000000
0.0494384766
-0.0823974609
0.0988769531
-0.1647949219
0.1804046631
-0.0901947021
0.2705993652
-0.0901947021
-0.5411987305
0.0000000000
-0.0901947021
-0.5411987305
0.0000000000
0.1245574951
0.1121063232
0.9591369629
-0.1245574951
-0.0622863770
-0.1619262695
-0.0373687744
0.0171203613
0.9926452637
-0.0513458252
-0.0770111084
0.0256652832
0.0427856445
0.0171203613
0.0256652832
0.3910675049
0.2011260986
0.5474853516
0.0335235596
0.0446929932
0.6592254639
-0.2346343994
-0.1005554199
0.0368347168
-0.9578704834
0.1473693848
0.0552673340
0.0184173584
0.1657867432
-0.1105194092
0.0736846924
0.9839172363
0.0000000000
0.0000000000
0.1208343506
-0.0690460205
0.0000000000
-0.0517883301
-0.0172576904
0.1238555908
-0.3715667725
-0.1238555908
-0.1238555908
-0.2477111816
0.0000000000
-0.1238555908
0.2477111816
0.3197631836
0.2131805420
-0.2131805420
0.1065826416
-0.4263610840
0.0000000000
0.1065826416
-0.4263610840
-0.0155029297
0.9919128418
0.0000000000
0.0619964600
0.0309906006
0.0464935303
-0.0309906006
-0.0155029297
-0.0606842041
-0.0455169678
-0.4020690918
0.8117218018
0.0000000000
-0.0227661133
0.1820678711
-0.3717193604
-0.0924682617
0.2311706543
0.0231170654
0.0000000000
-0.8322448730
0.4392395020
0.1849365234
0.0231170654
-0.3023834229
-0.1511993408
0.4031829834
-0.0503997803
-0.0503997803
0.7559661865
0.1511993408
-0.2015838623
-0.3273620605
-0.3928375244
-0.1309509277
-0.1309509277
0.7201995850
0.0000000000
-0.1964111328
0.0654754639
0.2794799805
0.1397399902
-0.4541625977
0.0698699951
-0.1048126221
0.1746826172
-0.1397399902
-0.7685852051
0.9644012451
-0.0385742188
0.0289306641
-0.0096435547
-0.0771484375
0.0096435547
-0.2411041260
0.0192871094
0.0376739502
-0.0753479004
0.9569702148
0.2712707520
0.0301361084
-0.0075378418
0.0225982666
0.0150756836
-0.6400909424
0.4518280029
0.0376586914
0.1506042480
0.5271301270
-0.1129608154
0.1129608154
0.1129608154
-0.1092071533
-0.0335998535
0.0000000000
0.0756072998
0.0924072266
0.0503997803
-0.9829101562
-0.0420074463
-0.4356842041
0.1867218018
-0.6224060059
-0.0622406006
-0.4356842041
0.1867218018
0.1244812012
-0.1244812012
-0.0234832764
0.9938201904
-0.0782470703
-0.0156555176
0.0156555176
0.0000000000
0.0469512939
0.0312957764
-0.3181304932
-0.3181304932
0.2120971680
-0.2120971680
0.0000000000
-0.1060485840
0.0000000000
-0.5302276611
0.0000000000
-0.5231323242
-0.1743774414
-0.4650115967
0.1162567139
-0.5812683105
0.0581207275
-0.1162567139
0.3649902344
0.5839843750
0.5109863281
-0.1459960938
-0.0729980469
0.2189941406
-0.0729980469
0.0729980469
0.3504486084
-0.1274261475
-0.0637207031
-0.3822937012
-0.0955810547
0.4141540527
0.6690216064
0.2230072021
0.0000000000
-0.0638580322
-0.8940429688
0.0638580322
0.0000000000
-0.0638580322
-0.1277160645
0.1915893555
0.9564514160
-0.1195526123
0.0170745850
-0.0854034424
-0.1366424561
0.0000000000
-0.1878814697
0.0000000000
-0.0264282227
-0.1057281494
0.9251708984
-0.0264282227
0.0264282227
-0.0792999268
-0.2907714844
-0.1321716309
0.2456817627
-0.1228332520
-0.1228332520
0.0000000000
0.0000000000
0.0000000000
-0.2456817627
-0.1228332520
0.0093841553
0.0468902588
0.0000000000
-0.9942169189
0.0562744141
-0.0093841553
0.0000000000
-0.0562744141
0.0350036621
0.9801940918
0.0233306885
0.1050262451
0.1050262451
-0.0466766357
-0.0466766357
-0.0816802979
-0.4424591064
0.4809417725
0.3270416260
0.3270416260
0.3270416260
-0.2885589600
0.3462829590
0.1923828125
-0.0436248779
0.1744842529
0.9305725098
0.0290832520
0.0290832520
-0.0581665039
0.0726928711
-0.2908020020
0.0000000000
-0.2738494873
0.2738494873
0.2738494873
-0.6389770508
0.1825714111
0.1825714111
-0.0912780762
-0.0260162354
0.1300811768
0.0260162354
0.9625854492
-0.1040649414
-0.0780487061
-0.1690979004
-0.0650329590
0.0440979004
0.9877166748
-0.0440979004
-0.0970001221
0.0176391602
0.0440979004
0.0088195801
0.0793762207
0.2797393799
0.2218627930
0.7138214111
0.0675201416
-0.0192871094
0.5401916504
-0.2122192383
-0.1350402832
0.0181274414
-0.9787292480
0.0906219482
-0.0724945068
0.0000000000
0.1268768311
-0.0362548828
-0.0181274414
0.9772338867
-0.0207977295
-0.0207977295
0.1455383301
-0.0623779297
0.0415802002
-0.0415802002
0.0415802002
0.2498626709
-0.2498626709
0.0000000000
0.0000000000
-0.1249389648
-0.1249389648
-0.1249389648
0.2498626709
0.0000000000
0.2500000000
-0.1250000000
0.0000000000
-0.3750000000
0.0000000000
-0.1250000000
-0.1250000000
0.0000000000
0.9892120361
0.0314025879
0.0000000000
0.0157012939
0.0000000000
0.0157012939
-0.1099090576
-0.0159759521
-0.0079803467
-0.3514709473
0.8387451172
0.0319519043
-0.0399322510
0.2236633301
-0.3434753418
-0.0169219971
0.1522369385
0.0676574707
-0.1184082031
-0.7949981689
0.5243682861
0.1860656738
-0.0845794678
0.0841064453
-0.2523193359
0.0560760498
-0.1121520996
0.3925018311
0.8410949707
-0.1401824951
0.0841064453
-0.1320037842
-0.5279998779
-0.1649932861
-0.0659942627
0.7589874268
0.1979980469
-0.1320037842
0.0659942627
0.3047180176
0.0000000000
0.0507812500
0.0000000000
-0.3554992676
0.1523590088
-0.1015777588
-0.8125762939
0.9552612305
-0.0205383301
-0.0513610840
0.0102691650
-0.0924377441
0.0102691650
-0.2670593262
0.0308074951
0.0397949219
-0.1034698486
0.9630737305
0.2308197021
0.0318298340
0.0477600098
0.0397949219
0.0000000000
-0.6167755127
0.2467041016
0.0822296143
0.2878265381
0.6167755127
0.0000000000
0.0822296143
0.1644744873
-0.0936737061
0.0374755859
0.0562133789
0.0843048096
0.1124114990
0.0655822754
-0.9742584229
-0.1030426025
-0.4690856934
0.1172790527
-0.7818145752
0.0390930176
-0.2345428467
0.1563568115
0.0000000000
-0.1563568115
0.0352935791
0.9882507324
-0.1323547363
-0.0088195801
-0.0264739990
-0.0176544189
-0.0176544189
0.0264739990
-0.2474365234
-0.1237182617
0.1237182617
-0.2474365234
0.1237182617
0.0000000000
-0.1237182617
0.0000000000
-0.0986175537
-0.3944702148
-0.1972351074
-0.3944702148
0.0986175537
-0.3944702148
0.1972351074
-0.2958526611
0.2154083252
0.4846649170
0.5385284424
-0.1077117920
0.0538482666
0.3769683838
-0.3231201172
0.2692565918
0.4244079590
-0.1958770752
0.0326538086
-0.2285308838
0.0326538086
0.3591156006
0.7508697510
0.0000000000
0.0000000000
0.0000000000
-0.4954071045
0.1238555908
0.0000000000
0.0000000000
0.0000000000
0.2477111816
0.8649749756
-0.1330718994
-0.1330718994
-0.0665435791
-0.3825836182
0.0498962402
-0.2328796387
0.0000000000
-0.0364837646
-0.1459197998
0.8025970459
0.0729675293
0.1824035645
-0.0729675293
-0.4742584229
-0.1459197998
0.0000000000
-0.2300720215
0.0000000000
0.1150360107
0.0000000000
0.1150360107
-0.1150360107
0.0000000000
0.0312042236
0.0727996826
-0.0104064941
-0.9880218506
0.1040039062
-0.0207977295
0.0000000000
-0.0520019531
0.0245361328
0.9693450928
0.0122680664
0.1349639893
0.1595153809
0.0122680664
-0.0368041992
-0.0981597900
-0.4761657715
0.5012359619
0.3007354736
0.2756805420
0.2756805420
-0.2756805420
0.4009857178
0.1503753662
-0.0263214111
0.1578979492
0.9078826904
0.0526275635
-0.0131530762
-0.0394744873
0.0657958984
-0.3684234619
0.4856262207
0.0000000000
0.0000000000
0.0000000000
-0.2428131104
0.2428131104
-0.1213989258
-0.1213989258
-0.0637359619
0.1274719238
-0.0127410889
0.9560546875
-0.1529693604
-0.0382385254
-0.1657104492
-0.0892333984
0.0000000000
0.9882354736
0.0000000000
-0.0959472656
-0.0383758545
0.0479736328
0.0000000000
0.0863494873
0.1900329590
0.2322540283
0.7812500000
0.0738983154
-0.1055755615
0.4750823975
-0.2005920410
-0.1161346436
-0.0168304443
-0.9759216309
-0.0504760742
-0.1850891113
0.0000000000
0.0000000000
-0.0168304443
-0.0336456299
0.9781494141
-0.0287628174
0.0000000000
0.0863037109
-0.0287628174
-0.0287628174
-0.0575408936
0.0575408936
0.1113433838
-0.1113433838
0.0000000000
0.1113433838
0.0000000000
-0.1113433838
-0.1113433838
0.1113433838
0.1064758301
0.1064758301
0.0000000000
0.0000000000
-0.1064758301
-0.1064758301
0.0000000000
-0.1064758301
-0.0271759033
0.9921112061
0.0000000000
0.0135955811
-0.0271759033
-0.0271759033
0.0271759033
-0.0815429688
0.0000000000
0.0263977051
-0.3255157471
0.8797607422
0.0263977051
-0.0527801514
0.1847534180
-0.2815246582
0.0163726807
0.0818328857
0.1145629883
-0.1473083496
-0.8019714355
0.4910125732
0.1963958740
-0.1636657715
0.0952606201
-0.1905212402
0.0238189697
-0.0952606201
0.5715637207
0.7620849609
-0.1190795898
0.0714416504
-0.0229034424
-0.5726165771
-0.2290496826
-0.0229034424
0.7558593750
0.1603393555
-0.0687103271
0.0000000000
0.2716217041
0.0543212891
0.2173004150
0.0543212891
-0.4889373779
0.1629791260
-0.1086578369
-0.7062377930
0.9637756348
-0.0131988525
-0.0924224854
0.0263977051
-0.0660095215
0.0263977051
-0.2244415283
0.0263977051
-0.0116119385
-0.1278076172
0.9411010742
0.2672271729
0.0116119385
0.1045684814
0.1045684814
-0.0116119385
-0.6176605225
0.1235351562
0.0617675781
0.2470703125
0.6176605225
-0.1235351562
0.0000000000
0.1235351562
-0.0482482910
0.0361938477
0.0965118408
0.1085815430
0.1568298340
0.0723876953
-0.9651184082
-0.0965118408
-0.3924560547
0.0603790283
-0.8151092529
0.0603790283
-0.0905609131
0.3320770264
-0.0603790283
-0.1509399414
0.0312957764
0.9808197021
-0.1773834229
-0.0208740234
-0.0104370117
-0.0312957764
-0.0104370117
0.0208740234
-0.0911560059
0.0000000000
0.0000000000
-0.0911560059
0.0000000000
0.0000000000
-0.0911560059
0.0000000000
-0.2142791748
-0.2142791748
0.3214111328
0.0000000000
0.0000000000
0.4285430908
0.4285430908
-0.1071319580
0.3367156982
0.5471649170
0.5050811768
-0.0420837402
0.0420837402
0.3787994385
-0.2525329590
0.2525329590
0.5581359863
-0.2575988770
0.0858612061
-0.1717376709
0.1717376709
0.3434753418
0.6010742188
-0.1287994385
0.0000000000
0.0000000000
-0.1199951172
0.2400054932
0.0000000000
0.2400054932
0.0000000000
0.0000000000
0.7634735107
-0.1357269287
-0.2714538574
-0.0339355469
-0.5259399414
0.1357269287
-0.1357269287
0.0339355469
-0.0447845459
-0.1791381836
0.4478607178
0.2687225342
0.3135070801
-0.0895690918
-0.7165832520
-0.0895690918
0.1113433838
-0.1113433838
0.0000000000
0.1113433838
-0.1113433838
0.1113433838
0.1113433838
0.0000000000
-0.0106964111
0.0748291016
-0.0106964111
-0.9942016602
0.0106964111
-0.0320739746
0.0213775635
-0.0213775635
-0.0494689941
0.9769439697
0.0370941162
0.0742034912
0.1731262207
-0.0247344971
-0.0123596191
-0.0247344971
-0.5479583740
0.4748992920
0.1826477051
0.2557067871
0.1826477051
-0.2922363281
0.4383697510
0.1461181641
-0.0338745117
0.1693420410
0.8805847168
0.0169372559
0.0169372559
-0.0677337646
0.0338745117
-0.4233551025
0.2468566895
0.2468566895
0.0000000000
-0.2468566895
0.0000000000
0.1234283447
0.0000000000
-0.3703002930
-0.0457611084
0.0915374756
0.0228881836
0.9725799561
-0.0915374756
0.0000000000
-0.1487426758
-0.0915374756
-0.0317535400
0.9843597412
0.0423431396
-0.0105895996
-0.0846710205
0.0740966797
0.0529174805
0.0952606201
0.1523132324
0.2215423584
0.7892303467
0.0415344238
-0.1384582520
0.4707641602
-0.2353820801
-0.0276947021
-0.0517120361
-0.9653625488
-0.1206665039
-0.1379089355
0.0517120361
-0.1379089355
0.0172424316
-0.0172424316
0.9551086426
-0.0795898438
0.0795898438
0.0397949219
0.0000000000
-0.0397949219
-0.1193847656
0.0795898438
0.1064758301
0.0000000000
-0.1064758301
0.0000000000
0.1064758301
0.0000000000
-0.1064758301
0.1064758301
0.1178436279
0.2357025146
-0.1178436279
-0.1178436279
0.0000000000
-0.1178436279
0.0000000000
0.0000000000
0.0000000000
0.9942932129
-0.0140075684
0.0280151367
-0.0560150146
-0.0140075684
0.0000000000
-0.0280151367
-0.0223236084
0.0557861328
-0.2678070068
0.9150085449
0.0223236084
-0.1004333496
0.1339111328
-0.2343292236
0.0180358887
0.0180358887
0.1803894043
-0.1623535156
-0.8117523193
0.4509735107
0.1443176270
-0.2164611816
-0.0699157715
-0.0699157715
0.1048736572
-0.1048736572
0.5593109131
0.7690582275
-0.0699157715
-0.1398315430
0.0720062256
-0.5759887695
-0.2399902344
0.0480041504
0.7439880371
0.1679992676
0.0240020752
-0.0480041504
0.1341247559
0.0670623779
0.2682495117
-0.0670623779
-0.6035614014
0.0670623779
-0.1341247559
-0.6035614014
0.9889526367
0.0373229980
-0.0559844971
0.0000000000
0.0373229980
-0.0373229980
-0.0559844971
0.0186614990
-0.0579376221
-0.0579376221
0.9270172119
0.2510681152
-0.0579376221
0.1351928711
0.1931304932
0.0000000000
-0.5071563721
0.1014251709
0.0000000000
0.0000000000
0.5071563721
-0.3042907715
0.0000000000
0.1014251709
-0.0126495361
0.0379791260
0.1265716553
0.1012573242
0.0886077881
0.0379791260
-0.9745941162
-0.0885925293
-0.3295135498
0.0549163818
-0.7414093018
0.0549163818
0.0000000000
0.5217285156
-0.1098327637
-0.1647644043
0.0305480957
0.9775695801
-0.1832885742
-0.0152740479
0.0000000000
-0.0305480957
0.0152740479
0.0305480957
-0.0911560059
0.0000000000
0.0000000000
0.0000000000
0.0000000000
0.0000000000
-0.0911560059
-0.0911560059
-0.1372222900
-0.1372222900
0.4116668701
0.0000000000
-0.0686035156
0.6174926758
0.4802703857
0.1372222900
0.4858551025
0.6246643066
0.3470306396
0.1041107178
0.1388092041
0.3123321533
-0.2082214355
0.2082214355
0.6835327148
-0.2278442383
0.2278442383
-0.2278442383
0.1822814941
0.2734069824
0.4101257324
-0.1822814941
0.0000000000
0.0000000000
-0.1000061035
0.1000061035
-0.1000061035
0.1000061035
0.0000000000
0.0000000000
0.6985931396
-0.1397247314
-0.3260040283
0.0232849121
-0.5821533203
0.1397247314
-0.0698547363
0.0698547363
0.0475921631
-0.2855072021
0.2855072021
0.2855072021
0.4758453369
0.0951690674
-0.6661987305
0.0000000000
0.1000061035
-0.1000061035
0.0000000000
0.1000061035
-0.1000061035
0.0000000000
0.0000000000
0.0000000000
-0.0223693848
0.0335540771
-0.0111846924
-0.9954833984
-0.0335540771
-0.0335540771
0.0223693848
0.0223693848
-0.0915832520
0.9768981934
0.0305328369
0.0763244629
0.1221160889
-0.0763244629
0.0457916260
0.0152587891
-0.4998626709
0.3124084473
0.0000000000
0.3124084473
0.1249694824
-0.3124084473
0.4998626709
0.2499237061
-0.0537414551
0.2686920166
0.8060607910
0.0268707275
0.0806121826
-0.1880798340
-0.0268707275
-0.4567718506
0.3553924561
0.2369232178
-0.2369232178
-0.3553924561
0.1184692383
0.0000000000
0.0000000000
-0.2369232178
-0.0117645264
0.0470581055
0.0117645264
0.9882965088
-0.0117645264
0.0117645264
-0.1176605225
-0.0470581055
-0.0123138428
0.9728546143
0.0123138428
0.0615692139
-0.1108398438
0.0861968994
0.0985107422
0.1231536865
0.1332702637
0.1332702637
0.7995910645
0.0571136475
-0.1142272949
0.4949798584
-0.2284545898
0.0000000000
-0.0982360840
-0.9331970215
-0.1719055176
-0.0736694336
0.0491180420
-0.2455749512
0.0000000000
0.0491180420
0.9316711426
-0.1620330811
0.0810089111
0.0405120850
0.0000000000
-0.0405120850
-0.2025299072
0.0405120850
0.1064758301
0.0000000000
-0.1064758301
0.0000000000
0.1064758301
0.1064758301
-0.1064758301
0.0000000000
0.1178436279
0.2357025146
0.0000000000
-0.1178436279
0.1178436279
-0.1178436279
0.0000000000
0.0000000000
0.0335388184
0.9892425537
-0.0167694092
0.0670623779
-0.0503082275
0.0503082275
0.0167694092
0.0335388184
-0.0420989990
0.0420989990
-0.2245483398
0.9543457031
0.0420989990
-0.0701751709
0.0982360840
-0.1122741699
0.1050415039
-0.0350189209
0.2625885010
-0.1225433350
-0.8052673340
0.4551544189
0.0875244141
-0.1750640869
-0.2852935791
-0.1426544189
0.0000000000
-0.0713195801
0.7132415771
0.3566284180
-0.0713195801
-0.2852935791
0.1661376953
-0.4707336426
-0.2215270996
0.0830688477
0.7476348877
0.3322906494
0.0276947021
0.0000000000
0.0720520020
0.0720520020
0.1441040039
0.0000000000
-0.5043792725
0.0000000000
-0.1441040039
-0.7205505371
0.9475250244
0.0947570801
0.0000000000
-0.0710601807
0.1421203613
-0.0947570801
0.1894989014
0.0710601807
-0.0885314941
0.0000000000
0.9148406982
0.2655944824
-0.0885314941
0.1180419922
0.1770629883
-0.0590209961
-0.2484588623
0.1242218018
0.0000000000
-0.1242218018
0.3726806641
-0.2484588623
0.0000000000
0.1242218018
-0.0391235352
0.0521545410
0.1564636230
0.0782318115
0.0000000000
0.0260772705
-0.9779052734
-0.0521545410
-0.2336578369
0.0584106445
-0.7009735107
-0.0292053223
0.0876159668
0.6133575439
-0.0876159668
-0.1752471924
0.0000000000
0.9290008545
-0.0387115479
-0.0774230957
-0.0387115479
-0.1548309326
0.2322540283
0.0387115479
-0.0588226318
0.0000000000
0.0000000000
0.0000000000
0.0000000000
0.0000000000
0.0000000000
0.0000000000
0.0000000000
-0.0646514893
0.4525604248
-0.1939544678
-0.0646514893
0.7111663818
0.3232574463
0.0000000000
0.3746795654
0.5887756348
0.3211517334
0.3746795654
0.1070556641
0.4282073975
-0.1605682373
0.1605682373
0.6190643311
-0.2063598633
0.5158843994
-0.3611145020
0.1547698975
0.0000000000
0.1547698975
-0.2063598633
0.0000000000
0.0000000000
-0.0911560059
0.0911560059
-0.0911560059
0.0000000000
0.0000000000
0.0000000000
0.5254211426
-0.1313629150
-0.2298736572
0.0985107422
-0.7553100586
0.1313629150
-0.1313629150
0.0656738281
0.1344909668
-0.2241516113
-0.0448303223
0.1344909668
0.5379791260
0.2689819336
-0.6724700928
0.1793212891
0.0000000000
0.0000000000
-0.0911560059
0.0000000000
0.0000000000
0.0000000000
-0.0911560059
-0.0911560059
-0.0132751465
0.0132751465
0.0000000000
-0.9961090088
-0.0132751465
-0.0265655518
0.0132751465
0.0265655518
-0.1029205322
0.9468688965
0.0205841064
0.1852569580
0.0823364258
-0.1235046387
0.1440887451
0.0411682129
-0.3087463379
0.2058258057
0.0000000000
0.3087463379
0.1029205322
-0.3087463379
0.5145721436
0.1029205322
-0.1749725342
0.2916107178
0.7581939697
0.0000000000
0.1166534424
-0.1166534424
-0.0583190918
-0.4082641602
0.3388214111
0.2258758545
-0.2258758545
-0.2258758545
0.3388214111
0.3388214111
0.0000000000
-0.1129455566
-0.0115509033
0.0000000000
0.0346374512
0.9930419922
-0.0692749023
0.0000000000
-0.0577392578
-0.0115509033
0.1072540283
0.9653320312
0.0134124756
0.1608886719
-0.0268096924
0.1206665039
0.0938568115
0.0268096924
0.2192993164
0.1705780029
0.6822814941
0.1462097168
0.0000000000
0.5360870361
-0.3167724609
-0.1705780029
-0.0958251953
-0.9262390137
-0.1277618408
0.0000000000
0.0319366455
-0.2555084229
0.0319366455
0.1277618408
0.9455871582
-0.2068481445
0.0000000000
-0.0590972900
-0.0886535645
-0.0886535645
-0.0886535645
-0.0886535645
-0.0785675049
0.0000000000
0.0000000000
0.0000000000
-0.0785675049
0.0000000000
0.0000000000
0.0000000000
0.2586212158
0.2586212158
0.0000000000
0.0862121582
-0.1724090576
-0.2586212158
0.6896514893
-0.1724090576
-0.4116668701
-0.2058258057
-0.1372222900
0.6174926758
0.2744445801
0.2744445801
-0.0686035156
-0.2744445801
0.0374450684
-0.1248016357
-0.3993682861
0.6489868164
0.0624084473
-0.1372833252
0.2121734619
-0.5740966797
-0.4094390869
0.4367218018
0.2183685303
0.0545959473
0.5186157227
0.4367218018
0.3275451660
0.0000000000
-0.1405639648
0.0000000000
0.3373718262
0.1686859131
0.7590789795
0.4217071533
0.1405639648
-0.1967926025
-0.3014221191
-0.4018859863
0.2009429932
-0.4018859863
0.1004791260
-0.4018859863
0.0000000000
0.1004791260
0.3002624512
0.1715698242
-0.5576324463
0.2573699951
-0.0857849121
0.2144775391
-0.1715698242
-0.6005249023
0.9670715332
0.0000000000
-0.0805816650
0.0134277344
0.0268707275
0.0805816650
-0.2014770508
-0.0671539307
-0.0467987061
-0.1404113770
0.9547729492
0.2340087891
0.0187225342
-0.0842437744
-0.0093536377
0.0374450684
-0.4133911133
0.4960784912
-0.2480316162
0.0000000000
0.4133911133
-0.1653594971
-0.2480316162
0.1653594971
-0.0858154297
-0.0381469727
0.0476837158
0.0190734863
0.0190734863
-0.0190734863
-0.9916839600
0.0381469727
-0.1755371094
0.0351104736
0.9127960205
-0.2457580566
-0.1053161621
0.1053161621
0.1053161621
-0.0351104736
-0.0477294922
0.9641418457
-0.2481994629
-0.0095520020
0.0286407471
0.0095520020
0.0477294922
-0.0190887451
-0.1895141602
-0.1895141602
0.0947570801
0.0947570801
-0.0947570801
-0.0947570801
0.0000000000
-0.7580718994
0.2958526611
-0.2958526611
-0.1972351074
-0.3944702148
0.1972351074
-0.3944702148
-0.2958526611
0.0000000000
0.2387084961
0.5370788574
0.4774017334
0.0000000000
-0.2088623047
0.5669097900
-0.1790313721
0.0298309326
0.5736236572
-0.1012268066
-0.4723968506
-0.2024536133
-0.2024536133
0.4049072266
0.3374328613
0.2024536133
-0.0449218750
0.0000000000
-0.9433593750
0.0449218750
0.0898437500
0.0000000000
0.0000000000
0.1796875000
0.7173767090
-0.0149383545
0.0149383545
-0.5081329346
-0.4035186768
-0.0298919678
-0.2241821289
0.0747222900
-0.1283264160
0.0427703857
0.8983001709
0.0855560303
0.0000000000
0.0427703857
-0.2994384766
-0.1283264160
0.1238555908
0.1238555908
0.0000000000
-0.2477111816
0.2477111816
0.1238555908
-0.3715667725
-0.1238555908
0.0570678711
-0.1426696777
-0.0285339355
-0.9701538086
0.0285339355
0.0570678711
-0.0285339355
-0.0570678711
0.1213073730
0.9300842285
0.1010894775
0.1415405273
0.2628479004
-0.0202178955
-0.0606536865
-0.0606536865
-0.4608306885
0.4239654541
0.4423980713
0.3686676025
0.3133697510
-0.2580566406
0.2580566406
0.1843261719
0.1461181641
0.2504882812
0.8349456787
0.1252441406
0.0626220703
-0.2087402344
0.2087402344
-0.3131103516
0.1621246338
-0.0810699463
-0.1621246338
-0.1621246338
-0.8106536865
-0.1621246338
0.0000000000
-0.0810699463
0.1923675537
0.1648864746
0.2748107910
0.7419738770
-0.3572387695
-0.1923675537
-0.3297576904
0.1099243164
0.2144012451
0.9112396240
-0.1072082520
-0.0803985596
0.0803985596
0.2412109375
-0.1072082520
0.0803985596
0.3587646484
0.3725585938
0.5243530273
0.0690002441
0.0137939453
0.6071319580
-0.2759704590
-0.0413970947
0.0000000000
-0.9847412109
0.1044464111
0.0149230957
0.0000000000
0.0298461914
-0.0149230957
0.1044464111
0.9811096191
-0.0577087402
0.0961914062
0.0192413330
-0.0577087402
0.0000000000
0.0000000000
-0.0961914062
0.0000000000
-0.1178436279
0.0000000000
0.1178436279
-0.1178436279
0.0000000000
-0.2357025146
-0.1178436279
0.2176361084
0.2176361084
0.0000000000
0.0000000000
-0.5440979004
0.1088256836
0.3264617920
-0.2176361084
-0.3053741455
0.6107482910
-0.1221466064
0.5496673584
0.2442932129
0.0610809326
-0.1221466064
-0.1221466064
0.0220336914
-0.0881500244
-0.3636322021
0.7162322998
0.0220336914
-0.0881500244
0.2975158691
-0.4958496094
-0.3654785156
0.3654785156
0.2530212402
-0.1124572754
0.1405639648
0.7309570312
0.2530212402
-0.1124572754
-0.1816406250
-0.1037902832
0.2854309082
-0.0778503418
0.5189666748
0.7525024414
0.1037902832
0.0259552002
-0.2564849854
-0.2564849854
0.1923675537
-0.2564849854
0.7694549561
-0.1282348633
0.0641174316
0.1282348633
0.2452087402
0.1839141846
-0.0613098145
0.1839141846
-0.1839141846
0.2452087402
-0.1226043701
-0.7969360352
0.9565887451
-0.0236206055
-0.1181030273
0.0472412109
-0.0236206055
0.0826721191
-0.2361907959
-0.0236206055
-0.0357360840
-0.1429290771
0.9558105469
0.2233276367
0.0446624756
-0.0714569092
-0.0357360840
0.0625305176
-0.5083160400
0.5083160400
-0.1452331543
0.2178497314
0.4356994629
-0.1452331543
0.0726165771
0.1452331543
-0.1153106689
0.0096130371
0.0864868164
0.0576629639
0.1057128906
0.0288238525
-0.9801788330
-0.0096130371
-0.3877716064
0.1107940674
0.8309326172
-0.0553894043
-0.1661834717
0.0000000000
0.1107940674
-0.0553894043
-0.0116424561
0.9543304443
-0.2793121338
0.0232696533
0.0465545654
-0.0116424561
0.0581970215
-0.0232696533
-0.1196746826
-0.3590087891
0.0000000000
0.0000000000
-0.1196746826
-0.1196746826
-0.1196746826
-0.4786834717
0.2549438477
-0.5099029541
-0.2549438477
-0.3399353027
0.1699676514
-0.4249114990
-0.0849761963
-0.1699676514
0.1282806396
0.5451965332
0.5131225586
-0.0641479492
-0.0641479492
0.6093444824
-0.0962066650
0.0320739746
0.6096343994
-0.1828918457
-0.2438507080
-0.2743377686
-0.0304870605
0.3962707520
0.5181884766
0.0609588623
0.0000000000
-0.0518646240
-0.9335632324
0.0518646240
0.1037292480
0.0000000000
0.0000000000
0.1555938721
0.7108154297
-0.0302429199
-0.0756225586
-0.4385833740
-0.4385833740
0.0302429199
-0.3024749756
0.0605010986
-0.3792419434
0.0000000000
0.4550781250
-0.0758514404
0.1516876221
0.0758514404
-0.6067810059
-0.2275390625
0.1228332520
-0.1228332520
0.1228332520
0.1228332520
0.1228332520
-0.1228332520
-0.2456817627
-0.1228332520
0.0869903564
-0.0579986572
0.0000000000
-0.9569396973
0.2029876709
0.0289916992
-0.0289916992
-0.0579986572
0.1925811768
0.7703247070
0.1925811768
0.3026275635
0.4126739502
-0.0825347900
-0.1650695801
-0.1100463867
-0.4949645996
0.4743347168
0.4124755859
0.3299713135
0.2887268066
-0.2474822998
0.2681121826
0.1443634033
0.1121368408
0.2990264893
0.7662353516
0.1681976318
0.0747528076
-0.1681976318
0.2616424561
-0.4111480713
0.0931701660
0.0000000000
0.0000000000
0.2795104980
-0.7453613281
0.1863403320
0.0931701660
0.0931701660
0.1184539795
0.3553619385
0.0789642334
0.3948516846
-0.5527801514
-0.2763977051
-0.5133056641
0.0394897461
0.1611785889
0.9210357666
-0.0921020508
0.0460510254
0.0000000000
0.2072296143
-0.0460510254
0.2302551270
0.2419128418
0.3507690430
0.7257385254
0.0604858398
-0.0362854004
0.4838256836
-0.2177276611
-0.0241851807
-0.0449218750
-0.9882659912
0.0898437500
-0.0149688721
0.0149688721
0.0449218750
0.0000000000
0.0598907471
0.9393920898
-0.1610412598
0.1878814697
0.0536804199
-0.1342010498
-0.0268402100
0.0000000000
-0.1073608398
0.0000000000
0.1178436279
0.1178436279
0.1178436279
0.0000000000
-0.1178436279
-0.2357025146
0.0000000000
-0.1219482422
0.2438964844
0.0000000000
0.0000000000
-0.4878082275
0.0000000000
0.0000000000
-0.2438964844
-0.2570037842
0.7067718506
-0.0642547607
0.3212585449
0.2570037842
-0.0642547607
-0.1285095215
-0.3212585449
0.0433654785
-0.0325164795
-0.3468780518
0.7479705811
0.0325164795
-0.0758819580
0.3577270508
-0.4227600098
-0.1638946533
0.1912078857
0.2185211182
-0.1912078857
-0.3277893066
0.7921600342
0.2731628418
-0.1365814209
0.0398559570
-0.2391357422
0.0597839355
-0.1594238281
0.4583435059
0.7971191406
-0.1195678711
0.1992797852
-0.0755157471
-0.4908752441
0.0000000000
-0.0377655029
0.8307037354
-0.0377655029
0.0377655029
-0.1132812500
0.1264953613
0.0421600342
0.5481414795
0.0000000000
-0.4638061523
0.0843353271
-0.0421600342
-0.6324615479
0.9470214844
-0.0252532959
-0.1641540527
0.0505065918
-0.0631408691
0.0757598877
-0.2399139404
-0.0252532959
-0.0422515869
-0.1584472656
0.9612579346
0.1690063477
0.0633850098
-0.0633850098
-0.0422515869
0.0845031738
-0.4076843262
0.2038421631
-0.1019134521
0.3057556152
0.5095977783
0.0000000000
0.1019134521
0.2038421631
-0.1306762695
0.0871124268
0.1415710449
0.0871124268
0.1306762695
0.0653381348
-0.9582824707
-0.0653381348
-0.8464202881
0.1539001465
0.0769500732
0.0769500732
-0.1539001465
0.0000000000
0.0000000000
-0.1539001465
0.0943450928
0.8962097168
-0.4087982178
0.0786132812
0.0471649170
-0.0628967285
-0.0157165527
-0.0157165527
-0.1243286133
-0.2486572266
0.1243286133
-0.1243286133
-0.1243286133
-0.2486572266
-0.1243286133
0.0000000000
0.1945648193
-0.3891448975
-0.2918548584
-0.3891448975
0.0972900391
-0.3891448975
-0.1945648193
-0.1945648193
0.0736999512
0.4790649414
0.4422149658
-0.1842498779
-0.0368499756
0.6633300781
-0.2211151123
0.0368499756
0.5009155273
-0.2817687988
0.0626220703
-0.2191467285
0.1565399170
0.4069976807
0.6261444092
-0.0626068115
0.0000000000
-0.1250000000
-0.3750000000
0.1250000000
0.2500000000
0.0000000000
0.1250000000
0.0000000000
0.6760101318
-0.0628814697
-0.1886596680
-0.3615875244
-0.5502319336
0.0785980225
-0.2358093262
0.0157165527
-0.3051300049
0.0762786865
-0.6102447510
-0.1525573730
0.3051300049
0.0000000000
-0.4576873779
-0.0762786865
0.1247253418
-0.1247253418
0.1247253418
0.1247253418
0.2494506836
-0.1247253418
-0.2494506836
-0.1247253418
0.1121826172
0.0280456543
-0.0841369629
-0.9255676270
0.2804718018
0.0560913086
0.0560913086
-0.1121826172
0.1360168457
0.7073211670
0.1904296875
0.3264617920
0.4896850586
-0.0272064209
-0.2176361084
-0.1632232666
-0.5488891602
0.4911193848
0.3466644287
0.2599945068
0.2599945068
-0.2311096191
0.3177795410
0.1444396973
0.0712738037
0.2138061523
0.7839508057
0.1781768799
0.0178222656
-0.1247253418
0.2494354248
-0.4632415771
0.3388214111
0.3388214111
0.0000000000
0.3388214111
-0.2258758545
0.3388214111
0.0000000000
0.0000000000
-0.1175384521
0.4309844971
0.0391845703
0.1567230225
-0.6268920898
-0.1567230225
-0.5485229492
-0.0783538818
0.0000000000
0.9469299316
-0.0378723145
0.0946960449
-0.0757598877
0.1704406738
-0.0568084717
0.2083282471
0.1766967773
0.3407592773
0.7951049805
0.0757293701
-0.0883483887
0.4164886475
-0.1640777588
-0.0378570557
-0.0493469238
-0.9870452881
-0.0493469238
-0.0657958984
0.0328979492
0.0000000000
-0.0493469238
0.0657958984
0.8984375000
-0.1796875000
0.2246093750
0.0449218750
-0.0898437500
-0.0898437500
-0.0898437500
-0.1347656250
0.1199951172
0.0000000000
0.0000000000
0.1199951172
-0.1199951172
-0.1199951172
-0.2400054932
0.1199951172
0.0000000000
0.3750000000
0.1250000000
0.0000000000
0.0000000000
-0.1250000000
-0.2500000000
-0.1250000000
-0.2677154541
0.8031463623
-0.1070861816
0.2677154541
0.1070861816
-0.0535430908
-0.2141723633
-0.2141723633
0.0357208252
0.0238037109
-0.3333282471
0.8333282471
0.0357208252
-0.0714263916
0.2500000000
-0.3452301025
-0.0288696289
0.0577239990
0.0865936279
-0.2020568848
-0.6061553955
0.6350250244
0.3463745117
-0.1731872559
0.0919036865
-0.2757263184
0.0000000000
-0.1148834229
0.4825134277
0.7812194824
-0.0919036865
0.1838226318
0.0000000000
-0.5899658203
0.0000000000
0.0000000000
0.7669525146
-0.0589904785
-0.0294952393
-0.1769866943
0.1594390869
0.0398559570
0.5978851318
-0.0398559570
-0.4384460449
0.0797119141
-0.0797119141
-0.5978851318
0.9641113281
-0.0498657227
-0.1662292480
0.0498657227
0.0000000000
0.0166168213
-0.1662292480
-0.0332489014
-0.1119384766
-0.1598968506
0.9594116211
0.0959472656
0.0799560547
-0.0319824219
0.0159912109
0.1279144287
-0.2459411621
0.0000000000
0.0000000000
0.2459411621
0.3689117432
-0.1229705811
-0.1229705811
0.2459411621
-0.0900878906
0.0180206299
0.1621704102
0.1441497803
0.1981964111
0.1081085205
-0.9369659424
-0.0720672607
-0.5703735352
0.0000000000
-0.6179046631
0.0950622559
-0.0950622559
0.3802490234
-0.1425933838
-0.1901245117
0.0970306396
0.8927307129
-0.4075469971
0.0582275391
0.0776214600
-0.0776214600
0.0000000000
0.0000000000
0.0000000000
0.0000000000
0.0000000000
0.0000000000
-0.0785675049
-0.0785675049
0.0000000000
0.0000000000
0.2165069580
-0.4330139160
-0.1082458496
-0.3247528076
0.1082458496
-0.1082458496
-0.4330139160
0.0000000000
0.1632385254
0.4488983154
0.2448577881
-0.3264770508
-0.2856597900
0.6529541016
-0.2040405273
0.0408020020
0.3891296387
-0.3891296387
0.2334747314
-0.1556549072
0.3113098145
0.3891296387
0.5447845459
-0.1556549072
-0.1228332520
0.1228332520
0.2456817627
0.2456817627
0.1228332520
0.0000000000
0.0000000000
0.0000000000
0.6382141113
-0.1126251221
-0.2627868652
-0.2815704346
-0.6194458008
0.1126251221
-0.1501617432
0.0375366211
-0.1860046387
0.0000000000
-0.7440185547
0.0000000000
0.1860046387
0.0000000000
-0.4960174561
0.0619964600
0.1064758301
-0.1064758301
0.1064758301
0.0000000000
0.0000000000
0.0000000000
-0.1064758301
-0.1064758301
0.0227203369
0.0227203369
-0.0454559326
-0.9772338867
0.0681762695
0.0000000000
0.1363525391
-0.0454559326
0.0282135010
0.7617797852
0.1974945068
0.2257080078
0.5078582764
-0.0564270020
-0.1974945068
-0.0564270020
-0.6215362549
0.5179443359
0.1553802490
0.2071838379
0.1553802490
-0.1553802490
0.3625640869
0.1035919189
0.0559997559
0.2240295410
0.8121032715
0.1400146484
0.0279998779
-0.1120147705
0.1680145264
-0.4480590820
0.1249389648
0.2498626709
0.0000000000
0.1249389648
-0.2498626709
0.2498626709
0.0000000000
-0.1249389648
-0.2469177246
0.4938354492
0.1234588623
0.2469177246
-0.4115295410
-0.0411529541
-0.5761413574
-0.2469177246
-0.0574340820
0.9381408691
0.0191497803
0.1531677246
-0.1148681641
0.1531677246
0.0000000000
0.2106018066
0.1644439697
0.3471679688
0.7857055664
0.1278991699
-0.0365447998
0.4202575684
-0.1644439697
-0.0548095703
-0.0884704590
-0.9731903076
-0.0884704590
-0.0663604736
0.0663604736
-0.0884704590
-0.0221252441
0.0663604736
0.9141693115
-0.0537719727
0.1075439453
0.1075439453
-0.0537719727
0.0537719727
-0.1613159180
-0.1075439453
0.0000000000
0.1000061035
0.0000000000
0.0000000000
0.0000000000
-0.1000061035
-0.1000061035
0.1000061035
0.1064758301
0.1064758301
0.1064758301
0.0000000000
0.0000000000
-0.1064758301
-0.1064758301
0.0000000000
-0.1232452393
0.9038391113
-0.1643371582
0.2054138184
-0.1232452393
0.0000000000
-0.1643371582
-0.0410766602
0.0283050537
0.0424499512
-0.2688293457
0.9055480957
0.0424499512
-0.0565948486
0.1697845459
-0.2546844482
0.0000000000
-0.0578460693
0.1735534668
-0.2024688721
-0.5785064697
0.6074218750
0.3760223389
-0.2313995361
-0.1191101074
-0.1985015869
0.1191101074
-0.1191101074
0.3176116943
0.8734436035
0.0397033691
0.0397033691
0.1082305908
-0.5411376953
0.0000000000
0.0721588135
0.7575988770
0.0721588135
0.0721588135
-0.2525329590
0.0989379883
0.0494689941
0.4946594238
-0.0494689941
-0.5441284180
0.0494689941
-0.0989379883
-0.5935974121
0.9727020264
0.0511932373
-0.1279907227
-0.0256042480
0.0767974854
-0.0767974854
0.0256042480
-0.0256042480
-0.2011871338
-0.0754394531
0.9556427002
0.0000000000
0.0000000000
0.0000000000
0.1006011963
0.1006011963
-0.1228332520
-0.1228332520
-0.1228332520
0.0000000000
0.0000000000
-0.2456817627
0.0000000000
0.2456817627
-0.0209045410
-0.0418090820
0.1672515869
0.1881561279
0.1254272461
0.1254272461
-0.9407501221
-0.0627136230
-0.3303222656
0.0000000000
-0.6973419189
0.0366973877
-0.0366973877
0.5505371094
-0.1468048096
-0.1835174561
0.1294860840
0.8416595459
-0.4532012939
0.0647430420
0.0971069336
-0.1294860840
0.0647430420
0.0323638916
0.0000000000
-0.1000061035
0.0000000000
0.0000000000
-0.1000061035
-0.1000061035
0.0000000000
-0.1000061035
0.1237182617
-0.2474365234
0.0000000000
-0.2474365234
0.0000000000
0.1237182617
-0.1237182617
0.1237182617
0.3342285156
0.6207122803
0.0954895020
-0.1909942627
-0.2864837646
0.4774780273
-0.1909942627
0.1909942627
0.4067382812
-0.4067382812
0.2440490723
-0.1220245361
0.4474182129
0.2847137451
0.4474182129
-0.2440490723
-0.1113433838
0.0000000000
-0.1113433838
0.1113433838
0.1113433838
0.0000000000
-0.1113433838
0.1113433838
0.5883636475
-0.1790618896
-0.2813873291
-0.2046508789
-0.6651000977
0.1278991699
-0.1023254395
0.1023254395
0.0000000000
-0.0951690674
-0.7613677979
0.0951690674
0.2855072021
0.0000000000
-0.4758453369
0.1427612305
0.0000000000
0.0000000000
0.0000000000
0.0000000000
-0.0785675049
0.0000000000
0.0000000000
-0.0785675049
0.0000000000
0.0000000000
0.0000000000
-0.9859466553
0.0219116211
0.0000000000
0.1095428467
0.0000000000
-0.0750427246
0.7879028320
0.1500701904
0.3001556396
0.4502258301
-0.0750427246
-0.0750427246
-0.0375213623
-0.5811157227
0.2905578613
0.0000000000
0.1937103271
0.0968475342
-0.0968475342
0.3874053955
0.1937103271
0.0901184082
0.3153991699
0.8110504150
0.1351776123
0.0000000000
-0.2252960205
0.0000000000
-0.3153991699
0.1150360107
0.1150360107
-0.1150360107
-0.1150360107
-0.1150360107
0.1150360107
-0.1150360107
0.0000000000
-0.3756256104
0.3756256104
0.0469512939
0.5164794922
-0.2347564697
0.0000000000
-0.5164794922
-0.2347564697
-0.0213470459
0.9181976318
0.0427093506
0.2135314941
-0.1494750977
0.1494750977
0.0640563965
0.2135314941
0.2041931152
0.2333679199
0.7000885010
0.2333679199
0.1166839600
0.4958953857
-0.1750183105
-0.2041931152
-0.1159515381
-0.9276123047
-0.1546020508
0.0000000000
0.0773010254
-0.1546020508
0.0000000000
0.1546020508
0.8122711182
-0.1249694824
0.0000000000
0.2499237061
-0.0624847412
0.1249694824
-0.3124084473
-0.1249694824
0.0000000000
0.0785675049
0.0000000000
0.0000000000
0.0785675049
0.0000000000
0.0000000000
0.0000000000
0.0785675049
0.0785675049
0.0000000000
0.0000000000
0.0000000000
0.0000000000
0.0000000000
0.0000000000
0.0000000000
0.9190521240
-0.1767425537
0.1767425537
-0.1413879395
0.1413879395
-0.1060485840
0.0353546143
0.0360565186
0.0360565186
-0.2704467773
0.9375762939
0.0540924072
0.0000000000
0.1262054443
-0.1262054443
0.0508575439
-0.1017303467
0.2543182373
-0.2288818359
-0.6103515625
0.5849304199
0.3051757812
-0.2034454346
-0.4136962891
-0.5171051025
0.1034240723
-0.1034240723
0.3102722168
0.2068481445
0.1034240723
0.0000000000
0.2100830078
-0.5041809082
0.0000000000
0.0840301514
0.7142639160
0.3361206055
0.0840301514
-0.0840301514
0.0597534180
0.0000000000
0.2390289307
-0.0597534180
-0.5378112793
0.0000000000
-0.1195220947
-0.7170867920
0.5845794678
0.0779418945
0.0779418945
-0.2338256836
0.2727966309
-0.2338256836
0.6235504150
0.1558837891
-0.2532043457
0.0422058105
0.9284362793
-0.0422058105
-0.0422058105
-0.0422058105
0.0422058105
0.0843963623
0.0000000000
-0.1150360107
-0.1150360107
0.0000000000
-0.1150360107
-0.2300720215
0.0000000000
0.0000000000
-0.0219573975
-0.0219573975
0.2195739746
0.1537017822
0.0878295898
0.1097869873
-0.9441680908
-0.0219573975
-0.1707611084
0.0341491699
-0.7172088623
-0.1366119385
0.0000000000
0.5805969238
-0.0683135986
-0.2390747070
0.1879119873
0.3758239746
-0.3758239746
0.0000000000
0.0939483643
-0.4697723389
0.3758239746
0.0000000000
0.0000000000
-0.0911560059
0.0000000000
0.0000000000
0.0000000000
0.0911560059
0.0911560059
0.0000000000
0.0000000000
-0.1219482422
0.1219482422
-0.4878082275
0.1219482422
0.2438964844
-0.1219482422
0.1219482422
0.3082885742
0.5454406738
0.3082885742
0.3082885742
0.0000000000
0.5454406738
-0.2134246826
0.2371520996
0.5200195312
-0.4333496094
0.3466796875
-0.0866699219
0.3900146484
0.1300048828
0.3033447266
-0.3033447266
-0.1000061035
0.1000061035
-0.1000061035
0.1000061035
0.0000000000
0.0000000000
0.0000000000
0.0000000000
0.4363403320
-0.1818084717
-0.2545318604
-0.0727233887
-0.7635803223
0.2181701660
-0.1090850830
0.1454467773
0.0000000000
-0.0754089355
-0.8295135498
0.0000000000
0.2639312744
0.0754089355
-0.4147644043
0.1131134033
0.0000000000
0.0000000000
0.0000000000
0.0588226318
0.0000000000
0.0000000000
0.0000000000
0.0000000000
0.0223388672
-0.0446929932
0.0000000000
-0.9831085205
0.0446929932
-0.0223388672
0.1117095947
0.0000000000
-0.1097412109
0.8047485352
0.0000000000
0.4023742676
0.3292083740
-0.1463165283
0.0731658936
0.0000000000
-0.3674163818
0.1224670410
0.1224670410
0.2449493408
0.0000000000
0.0000000000
0.3674163818
0.0000000000
0.2495727539
0.3743438721
0.1247863770
0.1247863770
0.0000000000
-0.1247863770
-0.1247863770
0.1247863770
0.1243286133
0.0000000000
-0.1243286133
0.0000000000
0.1243286133
0.3729858398
0.0000000000
0.1243286133
-0.1924285889
0.0549774170
0.1099700928
0.9071960449
-0.2749023438
-0.0549774170
-0.1374511719
-0.0549774170
0.1072540283
0.9474792480
0.0715026855
0.2145233154
-0.0178833008
0.1608886719
0.0536346436
0.0178833008
0.2486114502
0.1657409668
0.3314819336
0.3729095459
0.3314819336
0.4972229004
-0.3314819336
-0.3729095459
-0.1075439453
-0.8603973389
-0.2151031494
0.0537719727
0.0537719727
-0.1613159180
-0.0537719727
0.2688751221
0.8957214355
-0.1791381836
-0.0895690918
0.0000000000
-0.1791381836
-0.0447845459
-0.0895690918
-0.2239379883
0.0000000000
-0.0911560059
0.0000000000
0.0000000000
0.0000000000
0.0911560059
0.0000000000
-0.0911560059
0.2120971680
0.2120971680
-0.1060485840
-0.1060485840
0.1060485840
-0.2120971680
0.6362762451
-0.1060485840
-0.6519012451
0.2716217041
-0.1086578369
0.5975799561
0.1086578369
0.0000000000
-0.1086578369
0.1086578369
0.2951965332
-0.3162841797
-0.2319488525
0.2951965332
0.1897735596
-0.4006347656
0.2951965332
-0.6114959717
-0.4592590332
0.4082183838
0.2806549072
0.1786041260
0.6378479004
0.1786041260
0.2041168213
0.1020507812
0.1100463867
-0.3576507568
-0.1100463867
0.1100463867
0.7703247070
0.4401855469
-0.1100463867
-0.1100463867
-0.1205902100
-0.4220733643
0.1205902100
-0.1205902100
0.5426635742
-0.6029663086
0.0000000000
0.0000000000
-0.1213989258
0.2428131104
0.1213989258
-0.1213989258
-0.3642120361
0.0000000000
-0.3642120361
-0.1213989258
0.9642181396
-0.0516510010
-0.1377410889
0.0688781738
0.0172119141
-0.0516510010
-0.1549682617
-0.0860900879
-0.1323852539
-0.1618041992
0.9266662598
0.2794647217
0.0588378906
-0.0588378906
0.0147094727
0.0735473633
-0.4738464355
0.2369232178
-0.1184692383
-0.1184692383
0.2369232178
0.0000000000
-0.2369232178
0.1184692383
-0.1134185791
-0.0882110596
0.1512145996
-0.0126037598
0.0378112793
-0.0756072998
-0.9703369141
0.0503997803
-0.1320037842
0.0000000000
0.8800048828
-0.2640075684
0.0440063477
0.0440063477
0.2640075684
-0.0440063477
0.0166015625
0.9795227051
-0.1494140625
0.0000000000
0.0332031250
0.0000000000
0.0332031250
-0.0830078125
0.0000000000
-0.1135406494
-0.1135406494
0.0000000000
0.0000000000
-0.1135406494
0.0000000000
-0.6812744141
0.1730346680
-0.0865173340
-0.2595672607
-0.4326019287
0.2595672607
-0.4326019287
-0.4326019287
0.0865173340
0.1311492920
0.4262237549
0.2295074463
0.0655670166
-0.4262237549
0.6885070801
0.1639251709
0.1639251709
0.5436248779
-0.2536926270
-0.6885833740
-0.0362396240
0.0724792480
-0.1449737549
0.2899322510
0.1087188721
-0.0622406006
0.0622406006
-0.8713684082
0.0622406006
0.0000000000
0.0622406006
0.0000000000
0.3112030029
0.4572601318
-0.0198822021
0.0795288086
-0.4970092773
-0.6560668945
-0.0596466064
-0.2982025146
0.0397644043
0.0000000000
0.1088104248
0.8160858154
-0.1088104248
0.3264312744
0.2176208496
-0.2176208496
0.1088104248
0.1249389648
-0.1249389648
0.0000000000
-0.2498779297
0.1249389648
0.1249389648
-0.3748321533
0.0000000000
0.0000000000
-0.2614746094
-0.2614746094
-0.6101074219
-0.4357910156
-0.0871582031
0.0000000000
-0.1743164062
0.0452880859
0.6793212891
0.2717285156
-0.3623046875
0.4981689453
0.0000000000
-0.0905761719
0.0905761719
-0.5914611816
0.3600158691
0.3857421875
0.4628906250
0.1285858154
-0.2057189941
0.2314453125
0.1542968750
0.1462249756
0.1096649170
0.6214294434
0.2924346924
0.0731048584
-0.3655548096
0.1096649170
-0.5483245850
-0.0884704590
-0.3538970947
-0.1769409180
0.1769409180
-0.4423675537
-0.2654266357
0.4423675537
-0.2654266357
0.1537780762
0.1845245361
0.4920806885
0.3998107910
-0.3998107910
-0.0922698975
-0.5843353271
0.0000000000
0.4766845703
0.0000000000
0.0000000000
0.1300048828
0.0433349609
0.8233642578
-0.0866699219
0.0866699219
0.4023284912
0.4023284912
0.4548034668
0.1574401855
0.0699768066
0.6297302246
-0.1749267578
-0.0524749756
-0.0330505371
-0.9748382568
-0.0330505371
-0.0330505371
-0.0165252686
-0.0991363525
-0.0165252686
0.1652221680
0.9717407227
0.0857391357
0.0000000000
0.0000000000
0.1428985596
0.0285797119
0.0000000000
-0.0285797119
0.1178436279
0.1178436279
0.0000000000
0.1178436279
0.0000000000
0.1178436279
0.0000000000
-0.2357025146
0.1234283447
0.1234283447
0.0000000000
-0.1234283447
-0.1234283447
-0.1234283447
0.4937286377
-0.1234283447
-0.4958801270
0.4462890625
-0.0991821289
0.6446380615
0.0495910645
-0.0495910645
-0.1487579346
0.1487579346
0.2929382324
-0.2720031738
-0.2301635742
0.3975524902
0.1673889160
-0.2929382324
0.3975524902
-0.5858612061
-0.4561767578
0.3345336914
0.3649444580
0.0304107666
0.5474090576
0.3953552246
0.2432861328
-0.0304107666
0.0231170654
-0.3698883057
-0.0924682617
-0.1155853271
0.5548248291
0.6935272217
-0.1618194580
0.0924682617
-0.0689392090
-0.2068023682
0.1378631592
-0.2068023682
0.6893310547
-0.4825286865
0.0689392090
0.1378631592
-0.0797882080
0.0000000000
0.6383056641
-0.1595764160
-0.4787292480
0.0000000000
-0.2393646240
-0.2393646240
0.9524688721
-0.0604705811
-0.1965332031
0.0604705811
-0.0604705811
0.0000000000
-0.1663055420
-0.0907135010
-0.1139221191
-0.1302032471
0.9277038574
0.2604064941
0.0976562500
-0.1139221191
-0.0325469971
0.0976562500
-0.2495727539
0.3743438721
0.0000000000
0.0000000000
0.2495727539
0.0000000000
0.1247863770
0.0000000000
-0.1014099121
-0.0337982178
0.1915588379
0.0112609863
0.0901489258
-0.0225372314
-0.9690399170
0.0000000000
-0.2429504395
0.0000000000
0.8503265381
-0.0607299805
-0.1214752197
0.0607299805
0.2429504395
0.1214752197
0.0540313721
0.9725494385
-0.1080627441
0.0000000000
0.0540313721
0.0000000000
0.0810394287
-0.0810394287
0.0000000000
-0.1141510010
-0.1141510010
0.0000000000
0.0000000000
0.0000000000
0.0000000000
-0.6849365234
0.1954498291
-0.2931823730
-0.1954498291
-0.2931823730
0.0977325439
-0.3908996582
-0.4886322021
0.0977325439
0.0835571289
0.4734649658
0.3063659668
0.0000000000
-0.2785034180
0.6962738037
0.2228088379
0.1949615479
0.5829315186
-0.3278961182
-0.4736328125
-0.2550354004
0.2185974121
0.0000000000
0.4007720947
0.1092987061
-0.0634765625
0.0634765625
-0.8886566162
0.0000000000
0.0000000000
0.0000000000
0.0634765625
0.2539062500
0.3594207764
-0.0211486816
0.0422821045
-0.5285644531
-0.6554107666
0.0000000000
-0.3805694580
0.0211486816
-0.0711517334
0.1422882080
0.5691680908
-0.3557281494
0.4980163574
0.2845764160
-0.0711517334
0.1422882080
0.0000000000
-0.0911560059
0.0000000000
0.0000000000
0.0000000000
-0.0911560059
0.0000000000
-0.0911560059
0.1190643311
-0.1190643311
-0.2381439209
-0.3572082520
0.3572082520
-0.2381439209
0.1190643311
0.1190643311
0.0000000000
0.0000000000
0.4718780518
-0.2097167969
0.7340240479
-0.1048583984
-0.2621459961
0.1572875977
-0.6260375977
0.4173583984
0.3279266357
0.4173583984
0.1490631104
-0.2086791992
0.2086791992
0.1192474365
0.1216430664
0.1520538330
0.5474090576
0.3345336914
-0.0304107666
-0.2736968994
0.2736968994
-0.6082305908
-0.2199401855
0.0000000000
-0.1099700928
0.5498504639
-0.1099700928
-0.2199401855
0.1099700928
-0.3299102783
0.2452697754
0.2043914795
0.2043914795
0.1226348877
-0.5314025879
-0.1226348877
-0.6949157715
0.0817565918
0.1836090088
0.4590301514
-0.0458984375
0.3672332764
-0.1836090088
0.6426544189
0.0000000000
0.3213195801
0.3288879395
0.3782196045
0.6577606201
0.1315460205
0.0328826904
0.5262145996
-0.0986633301
-0.0493316650
-0.0343017578
-0.9775238037
-0.0514526367
-0.0686035156
0.0000000000
-0.0857543945
-0.0171508789
0.1371917725
0.8980560303
-0.0945281982
0.2835998535
-0.1417999268
0.0000000000
-0.0472717285
0.0000000000
-0.0945281982
0.0000000000
0.1178436279
0.1178436279
0.1178436279
0.0000000000
0.1178436279
0.0000000000
-0.2357025146
0.0000000000
0.0000000000
0.0000000000
0.0000000000
-0.2432556152
-0.1216278076
0.2432556152
-0.1216278076
-0.5087738037
0.3391876221
-0.1130676270
0.6218414307
0.0000000000
-0.1130676270
-0.2826538086
0.1695861816
0.2538757324
-0.1481018066
-0.2961883545
0.5923919678
0.1692504883
-0.1904144287
0.4231262207
-0.4654388428
-0.2779083252
0.2382049561
0.4367218018
-0.1985015869
0.1191101074
0.5955200195
0.4367218018
-0.1588134766
0.0820007324
-0.3690338135
-0.0820007324
-0.2050170898
0.4305419922
0.7175598145
-0.2460174561
0.1845092773
-0.0453338623
-0.4533386230
0.1360015869
-0.1360015869
0.7706909180
-0.2720031738
0.1360015869
-0.0453338623
0.0000000000
0.0000000000
0.6676025391
-0.1178131104
-0.5105285645
-0.0392761230
-0.0785369873
-0.4712524414
0.9533386230
-0.0484771729
-0.2100524902
0.0323181152
-0.0807952881
0.0323181152
-0.1454315186
-0.0807952881
-0.1711883545
-0.1467285156
0.8803710938
0.1956329346
0.1711883545
-0.1956329346
-0.0244598389
0.2200927734
0.0000000000
0.1216278076
0.0000000000
0.2432556152
0.1216278076
0.0000000000
0.2432556152
0.0000000000
-0.0774536133
0.0258178711
0.2452697754
0.0387268066
0.1161804199
0.0129089355
-0.9552459717
-0.0129089355
-0.5023651123
-0.1004791260
0.1004791260
0.0000000000
-0.4018859863
0.4018859863
0.0000000000
0.2009429932
0.2301940918
0.8056793213
-0.3452911377
0.0575408936
0.1726379395
-0.1726379395
-0.0575408936
-0.0575408936
0.1199951172
-0.1199951172
0.1199951172
0.0000000000
-0.1199951172
0.0000000000
0.1199951172
-0.2400054932
0.2222900391
-0.2222900391
-0.1111450195
-0.2222900391
0.0000000000
-0.2222900391
-0.5557098389
0.1111450195
0.0649871826
0.4873657227
0.2599334717
-0.1299591064
-0.2924194336
0.7147979736
0.1299591064
0.1624603271
0.4374084473
-0.4037628174
0.1009368896
-0.4037628174
0.2691802979
0.3701171875
0.4710540771
0.0672912598
0.0000000000
0.0000000000
-0.4937286377
0.1234283447
0.1234283447
0.0000000000
0.2468566895
0.0000000000
0.3233642578
-0.0248718262
0.0000000000
-0.5472412109
-0.6964874268
0.0248718262
-0.2984924316
-0.0248718262
-0.1825714111
0.0912780762
0.0912780762
-0.4564056396
0.6389770508
0.0912780762
0.0000000000
0.1825714111
0.0000000000
0.0000000000
0.1178436279
0.1178436279
0.1178436279
-0.2357025146
0.1178436279
0.0000000000
0.3042907715
0.1014251709
-0.2028656006
-0.3042907715
0.5071563721
-0.2028656006
0.3042907715
0.0000000000
0.0000000000
0.0000000000
0.3445892334
-0.0492248535
0.7876129150
-0.1476745605
-0.3938140869
0.0492248535
-0.6664733887
0.3998870850
0.2221527100
0.3110198975
0.1777343750
-0.2221527100
0.3110198975
0.0888671875
0.0925750732
0.0925750732
0.5554199219
0.3394317627
-0.0925750732
-0.1542816162
0.3394317627
-0.6171417236
0.0000000000
0.2654266357
-0.1769409180
0.4423675537
0.6193237305
-0.0884704590
-0.1769409180
-0.0884704590
0.1385955811
0.2771759033
0.0923919678
-0.0923919678
-0.6005554199
-0.1385955811
-0.6467437744
0.1385955811
-0.0350646973
0.7363586426
0.0000000000
0.4207763672
-0.1402587891
0.3857116699
-0.1051940918
0.2454528809
0.3439331055
0.3439331055
0.6878509521
0.1910705566
0.0191040039
0.4776763916
-0.0191040039
-0.1146392822
-0.0388793945
-0.9525604248
-0.1555175781
-0.1166381836
0.0388793945
-0.0971984863
-0.0777587891
0.1555175781
0.6137847900
-0.2301635742
0.4603424072
-0.2301635742
0.0767211914
-0.1534423828
-0.2301635742
-0.1534423828
0.0000000000
0.0000000000
0.0000000000
0.1000061035
-0.1000061035
0.0000000000
-0.1000061035
0.1000061035
0.0000000000
0.0785675049
0.0000000000
0.0785675049
0.0000000000
0.0000000000
0.0000000000
0.0000000000
-0.4736785889
0.2030029297
-0.2706756592
0.5413513184
-0.0676727295
-0.0676727295
-0.4060211182
0.2030029297
0.1724548340
-0.0215606689
-0.3448944092
0.7975616455
0.1508941650
-0.1077728271
0.2155609131
-0.3448944092
0.0354766846
0.0354766846
0.2483673096
-0.3193359375
-0.2128906250
0.6031799316
0.5677032471
-0.2483673096
0.1384582520
-0.3876647949
-0.0553741455
-0.1938323975
0.3599700928
0.7476348877
-0.2215270996
0.1661376953
-0.0399932861
-0.5997924805
0.3198852539
-0.1199645996
0.6397857666
-0.1999359131
0.0799713135
-0.1199645996
0.0481262207
0.0481262207
0.5775909424
-0.0962677002
-0.4813232422
-0.0962677002
-0.0481262207
-0.5775909424
0.9742889404
-0.0414581299
-0.1658325195
0.0000000000
0.0000000000
0.0000000000
-0.0621948242
-0.0621948242
-0.5258178711
0.0955963135
0.4780120850
-0.1912078857
0.1434020996
-0.3346099854
0.2390136719
0.4302215576
0.2357025146
0.1178436279
0.0000000000
0.1178436279
-0.1178436279
0.0000000000
0.0000000000
0.1178436279
-0.0213012695
-0.0851745605
0.2342529297
0.1064758301
0.1490631104
0.1064758301
-0.9369964600
0.0000000000
-0.3664398193
-0.2442932129
-0.4886016846
0.1221466064
-0.3053741455
0.4886016846
-0.3053741455
0.0610809326
0.0729980469
0.7299804688
-0.3649902344
0.0729980469
0.3649902344
-0.0729980469
-0.0729980469
0.0000000000
0.1178436279
0.1178436279
0.0000000000
0.1178436279
0.0000000000
-0.1178436279
0.0000000000
-0.2357025146
0.1166229248
-0.3498535156
-0.1166229248
-0.2332305908
0.1166229248
-0.1166229248
-0.4664764404
0.1166229248
0.0449218750
0.3144531250
-0.1347656250
-0.4042968750
-0.5390625000
0.5839843750
0.1347656250
-0.0449218750
0.2419128418
-0.4147033691
0.4147033691
-0.3801422119
0.3110198975
0.4147033691
0.3801422119
-0.0345611572
0.1199951172
-0.1199951172
-0.1199951172
0.1199951172
0.2400054932
0.0000000000
0.1199951172
0.0000000000
0.3846435547
-0.0591735840
-0.0591735840
-0.5917663574
-0.6509399414
0.0000000000
-0.2071228027
0.0000000000
-0.1129455566
-0.1129455566
0.4517517090
-0.3388214111
0.3388214111
0.0000000000
0.0000000000
0.2258758545
-0.1113433838
0.1113433838
0.1113433838
0.0000000000
0.0000000000
0.1113433838
0.1113433838
0.1113433838
0.1082458496
-0.1082458496
0.0000000000
-0.6495208740
0.2165069580
-0.2165069580
0.1082458496
0.1082458496
0.0591278076
0.3547821045
0.1773834229
0.0000000000
0.7686920166
-0.0591278076
-0.3547821045
-0.0591278076
-0.6945495605
0.3858642578
0.0771789551
0.2315216064
0.0771789551
-0.0771789551
0.3086853027
0.0000000000
0.2731628418
0.2731628418
0.4780426025
0.3414611816
-0.0682983398
-0.2048797607
0.2731628418
-0.4780426025
-0.1238555908
0.2477111816
-0.1238555908
0.1238555908
0.3715667725
0.1238555908
-0.2477111816
0.0000000000
0.0000000000
0.4042053223
0.1010589600
-0.1515808105
-0.3536834717
-0.1010589600
-0.7578887939
0.1010589600
-0.0336456299
0.7738800049
0.1009368896
0.4374084473
-0.1009368896
0.3364715576
-0.1009368896
0.1682281494
0.3945007324
0.2301177979
0.5588684082
0.3287506104
0.1972503662
0.4931182861
0.0328674316
-0.2301177979
-0.0973205566
-0.9407501221
-0.1622009277
-0.0648803711
0.0324401855
-0.0973205566
-0.0648803711
0.1622009277
0.7051239014
0.0000000000
0.3525543213
0.0000000000
0.0881347656
0.0000000000
-0.1762847900
-0.2644195557
0.0000000000
0.0588226318
0.0000000000
0.0000000000
0.0000000000
0.0000000000
0.0000000000
0.0000000000
0.1000061035
0.1000061035
0.0000000000
0.1000061035
0.0000000000
-0.1000061035
0.0000000000
0.0000000000
-0.3790283203
0.2842712402
-0.2842712402
0.3790283203
-0.2842712402
0.1895141602
-0.2842712402
0.1895141602
0.1165313721
0.0233001709
-0.2796630859
0.9089050293
0.1165313721
-0.0466156006
0.1165313721
-0.1864471436
0.0664367676
-0.0996551514
0.2989501953
-0.2989501953
-0.2325286865
0.6311340332
0.4982604980
-0.2657318115
0.0583190918
-0.3499450684
0.1749725342
-0.2916107178
0.2332916260
0.7581939697
-0.1166534424
0.0583190918
-0.0452880859
-0.5434570312
0.4528808594
0.0000000000
0.6340332031
0.0452880859
0.1358642578
-0.0905761719
0.1176452637
0.0588226318
0.2941131592
-0.0588226318
-0.5294189453
0.0000000000
0.0000000000
-0.7058868408
0.9341583252
0.0602722168
-0.0602722168
-0.0904083252
0.1205291748
-0.1506652832
0.2109375000
0.0301361084
-0.5644073486
0.2257690430
-0.0564422607
-0.2822113037
-0.0564422607
-0.4515228271
0.2822113037
0.3950958252
0.1199951172
0.0000000000
-0.1199951172
0.1199951172
-0.2400054932
-0.1199951172
0.0000000000
0.1199951172
-0.0246124268
-0.0984344482
0.1968841553
0.1722717285
0.0738220215
0.1476593018
-0.9351654053
0.0000000000
-0.1365661621
-0.1820831299
-0.6828308105
0.0000000000
-0.1820831299
0.5462646484
-0.2731323242
-0.0910491943
0.1135406494
-0.4541778564
-0.3406372070
-0.1135406494
0.3406372070
-0.1135406494
0.1135406494
0.1135406494
0.1113433838
0.0000000000
0.1113433838
0.1113433838
-0.1113433838
-0.1113433838
0.0000000000
-0.1113433838
0.0000000000
-0.1243286133
-0.1243286133
0.0000000000
0.0000000000
-0.1243286133
-0.3729858398
0.1243286133
-0.0557403564
0.5573730469
-0.2229461670
-0.2229461670
-0.6131134033
0.2786865234
-0.1672058105
0.0557403564
0.1454467773
-0.4363403320
0.4363403320
-0.2545318604
0.3999786377
0.4363403320
0.3272552490
-0.1818084717
0.0000000000
-0.1150360107
-0.2300720215
0.1150360107
0.1150360107
0.0000000000
0.0000000000
0.0000000000
0.3835906982
-0.1278686523
-0.0426177979
-0.5966949463
-0.5966949463
0.0426177979
-0.2131042480
0.1278686523
-0.1153869629
-0.2307739258
0.0000000000
-0.1153869629
0.3461608887
0.1153869629
-0.2307739258
0.4615325928
-0.0911560059
0.0911560059
0.0000000000
0.0000000000
0.0000000000
-0.0911560059
0.0000000000
0.0000000000
0.1049804688
-0.1049804688
0.1049804688
-0.7348480225
0.0000000000
-0.1049804688
0.0000000000
0.1049804688
0.0881347656
0.3525543213
0.0881347656
0.1762847900
0.7051239014
0.0000000000
-0.1762847900
-0.1762847900
-0.4738464355
0.2369232178
0.1184692383
0.2369232178
0.1184692383
0.1184692383
0.2369232178
0.0000000000
0.4307708740
0.3230743408
0.4307708740
0.2153778076
-0.1076965332
-0.1076965332
-0.1076965332
0.1076965332
0.0000000000
-0.1178436279
-0.1178436279
-0.1178436279
0.0000000000
0.2357025146
-0.1178436279
0.0000000000
-0.1312255859
0.3280639648
0.0000000000
0.2624511719
-0.3280639648
-0.1312255859
-0.7217407227
0.1312255859
0.0662536621
0.7950286865
0.1987609863
0.4637603760
-0.0331268311
0.2650146484
-0.0331268311
0.0331268311
0.3330993652
-0.1903381348
0.0951690674
0.3806762695
0.5710296631
0.3806762695
0.0951690674
-0.3806762695
-0.1426544189
-0.8558959961
-0.1426544189
-0.0713195801
0.0000000000
0.0000000000
-0.0713195801
0.2139739990
0.4908447266
-0.1963348389
0.1963348389
0.0981750488
-0.1963348389
-0.0981750488
-0.1963348389
-0.4908447266
0.0000000000
0.0911560059
0.0000000000
0.0000000000
0.0911560059
0.0000000000
0.0000000000
-0.0911560059
0.1000061035
0.1000061035
0.0000000000
0.0000000000
0.0000000000
0.0000000000
0.1000061035
-0.1000061035
0.0000000000
0.3281707764
-0.1093902588
0.2187805176
-0.4375762939
0.4375762939
0.0000000000
0.0000000000
0.1210937500
0.0605468750
-0.3027191162
0.9081573486
0.1513519287
0.0605468750
0.0908203125
-0.0302734375
0.0342559814
-0.1027526855
0.3425292969
-0.3082733154
-0.3425292969
0.6165618896
0.4452972412
-0.2055206299
0.0891571045
-0.3566131592
0.0000000000
-0.1782989502
0.3566131592
-0.6240692139
0.0891571045
0.1782989502
0.0932922363
-0.5131072998
0.4664611816
0.0932922363
0.5131072998
0.3731689453
0.1399383545
0.0932922363
0.0874786377
0.1749572754
0.0000000000
-0.0874786377
-0.4374084473
0.0000000000
-0.0874786377
-0.6998596191
0.1814422607
0.0000000000
0.1814422607
-0.3265991211
0.2540283203
-0.3265991211
0.7620697021
0.1814422607
-0.4705810547
0.3529357910
-0.3529357910
-0.2352905273
0.0000000000
-0.4705810547
0.1176452637
0.3529357910
0.2498626709
-0.1249389648
-0.1249389648
0.0000000000
-0.2498626709
-0.2498626709
0.1249389648
0.0000000000
-0.0281066895
-0.0843353271
0.2249145508
0.1686859131
0.0843353271
0.1405639648
-0.9277496338
0.0000000000
0.0000000000
-0.0402832031
-0.7249755859
-0.2416534424
-0.1208343506
0.5236053467
-0.1208343506
-0.2416534424
0.1259460449
-0.8816223145
0.1889190674
-0.1259460449
0.0629730225
-0.1259460449
0.0629730225
0.0000000000
0.1113433838
0.0000000000
0.1113433838
0.1113433838
-0.1113433838
0.1113433838
0.0000000000
-0.1113433838
0.0000000000
0.0000000000
-0.1245422363
-0.2490844727
0.2490844727
0.1245422363
-0.3736267090
0.0000000000
0.2410430908
0.4579772949
0.2410430908
0.3615570068
0.0241088867
0.6026000977
-0.3374633789
0.2169342041
0.1661682129
-0.4154205322
0.5815887451
-0.1661682129
0.3738708496
0.3323364258
0.2077026367
-0.2907867432
0.0000000000
0.0000000000
0.0000000000
0.0911560059
0.0911560059
0.0000000000
0.0000000000
-0.0911560059
0.1463775635
-0.2195739746
0.0000000000
-0.3659515381
-0.6587219238
0.2195739746
-0.2195739746
0.2927703857
-0.2695465088
-0.1796875000
-0.6289367676
-0.0898437500
0.1796875000
0.2695465088
-0.2695465088
0.1796875000
0.0000000000
0.0000000000
0.0000000000
0.0000000000
-0.0911560059
-0.0911560059
0.0000000000
-0.0911560059
0.0594482422
-0.2377624512
-0.0594482422
-0.8916168213
0.0594482422
-0.0594482422
0.1188812256
0.0594482422
0.0585174561
0.5852203369
-0.1170501709
0.5267028809
0.4681701660
-0.1170501709
-0.0585174561
-0.1170501709
-0.2490844727
0.1245422363
0.2490844727
0.2490844727
0.0000000000
0.1245422363
0.2490844727
-0.1245422363
0.3711395264
0.1855621338
-0.4639129639
0.0000000000
0.0927886963
0.0927886963
-0.2783508301
0.4639129639
0.0000000000
-0.2449493408
0.0000000000
0.0000000000
0.0000000000
0.4898986816
0.0000000000
0.2449493408
-0.0904846191
0.0000000000
0.1809692383
0.8143463135
-0.4524230957
-0.0904846191
-0.0904846191
0.0904846191
0.1444549561
0.8667449951
0.1685333252
0.3370666504
0.0722351074
0.2166900635
0.0240783691
-0.1203765869
0.0571746826
-0.5717163086
-0.3430328369
0.1715087891
0.6288909912
0.0571746826
-0.0571746826
-0.1143493652
-0.1065826416
-0.5329437256
-0.3197631836
-0.1065826416
0.1065826416
-0.1065826416
-0.2131805420
0.3197631836
0.7895507812
-0.1857757568
0.0464477539
-0.1393280029
-0.2786712646
-0.1857757568
0.0000000000
-0.3715515137
0.0000000000
-0.0911560059
-0.0911560059
0.0000000000
0.0000000000
0.0000000000
-0.0911560059
0.0000000000
0.2498779297
0.1249389648
-0.1249389648
-0.1249389648
0.0000000000
-0.1249389648
0.3748321533
0.0000000000
-0.3050994873
0.8644714355
0.0508575439
0.1016998291
0.0000000000
-0.1016998291
-0.1016998291
0.2033996582
0.2599029541
-0.3712921143
-0.0371246338
0.1113891602
0.1856536865
-0.4826812744
0.1485137939
-0.6683349609
-0.5076141357
0.4614715576
0.3691711426
0.2307281494
0.5076141357
0.0923004150
0.0461425781
0.0461425781
0.1659088135
-0.4977416992
-0.2488708496
0.4147949219
0.3318328857
-0.1659088135
-0.0829620361
-0.3318328857
-0.1448516846
-0.2897033691
0.0724334717
-0.1448516846
0.6518402100
-0.5069885254
-0.0724334717
-0.0724334717
-0.3057556152
-0.1019134521
0.5095977783
-0.4076843262
-0.3057556152
0.0000000000
0.0000000000
0.0000000000
0.9331970215
-0.0777740479
-0.1166534424
0.0388793945
-0.0388793945
-0.1944122314
-0.1166534424
-0.0777740479
-0.0973205566
-0.1946411133
0.9083099365
0.2595214844
0.0324401855
-0.1297607422
0.0648803711
0.0648803711
-0.3748321533
0.1249389648
0.1249389648
0.1249389648
0.1249389648
0.0000000000
-0.2498779297
0.0000000000
-0.1671295166
-0.0417785645
0.1671295166
-0.0208892822
0.0000000000
-0.0626678467
-0.9610290527
0.0208892822
-0.0898437500
-0.0898437500
0.6289367676
-0.0898437500
0.3593902588
-0.0898437500
0.3593902588
-0.1796875000
0.0797119141
0.9566192627
0.0797119141
0.0000000000
-0.0797119141
0.0000000000
0.0000000000
-0.1195831299
0.1178436279
0.0000000000
0.0000000000
0.0000000000
0.1178436279
-0.1178436279
-0.1178436279
-0.2357025146
0.0000000000
-0.3133544922
-0.3133544922
-0.3133544922
0.1044464111
-0.5222625732
-0.1044464111
0.1044464111
-0.1277160645
-0.1915893555
-0.3831634521
-0.1277160645
-0.4470214844
0.0638580322
0.6386108398
-0.1915893555
0.2262573242
-0.2262573242
-0.3771057129
-0.0754241943
0.1508331299
-0.6787872314
0.2262573242
0.1508331299
0.0000000000
0.0000000000
-0.1064758301
-0.1064758301
0.0000000000
0.1064758301
-0.1064758301
0.1064758301
0.4307250977
-0.2461395264
0.0615386963
-0.1230621338
-0.7384033203
0.0615386963
-0.2461395264
0.0000000000
0.0758514404
0.0758514404
0.7584686279
-0.2275390625
0.3033905029
0.2275390625
0.0000000000
0.1516876221
0.0000000000
0.0000000000
0.1150360107
-0.1150360107
0.0000000000
0.1150360107
-0.2300720215
0.0000000000
0.0000000000
0.0000000000
-0.1920013428
-0.4799957275
-0.2879943848
-0.0959930420
0.2879943848
-0.4799957275
-0.2528839111
-0.1896667480
0.1896667480
-0.8218994141
0.0000000000
-0.1264495850
-0.0632171631
0.1896667480
-0.6323394775
0.2918548584
0.1459197998
0.3891296387
0.0972900391
-0.2918548584
0.2918548584
0.2918548584
0.0927886963
0.0000000000
0.4639129639
0.3711395264
0.1855621338
-0.2783508301
0.0927886963
-0.4639129639
-0.5662078857
-0.2264862061
0.1698608398
0.5662078857
0.2264862061
0.1132354736
0.2831115723
-0.1698608398
0.0000000000
0.2688751221
0.4839630127
0.3764190674
-0.1613159180
0.0537719727
-0.6452941895
-0.1075439453
0.5882415771
0.2352905273
0.0588226318
0.1764678955
-0.0588226318
0.6470642090
0.1176452637
0.1176452637
0.4682312012
0.3305206299
0.3305206299
0.1927947998
0.0826263428
0.6885681152
-0.0275421143
-0.1377105713
-0.0345611572
-0.9330749512
-0.0691223145
-0.0345611572
0.0000000000
-0.1727905273
-0.1036682129
0.2073516846
0.7104949951
0.0000000000
-0.1776275635
0.2664337158
-0.0888061523
0.2664337158
0.0888061523
-0.1776275635
0.0000000000
0.0000000000
0.0000000000
0.0000000000
0.0000000000
0.0911560059
-0.0911560059
-0.0911560059
0.0000000000
-0.1178436279
-0.1178436279
-0.1178436279
-0.1178436279
0.0000000000
0.2357025146
0.0000000000
-0.3355255127
0.8388214111
0.0419464111
0.1677703857
-0.0419464111
-0.1258239746
-0.1258239746
0.2516479492
0.4255371094
-0.3273315430
0.0327301025
0.0654602051
0.2618713379
-0.3600616455
0.2946014404
-0.6219329834
-0.5481414795
0.4216461182
0.3794860840
0.0421600342
0.5059661865
0.2108154297
0.1264953613
0.0421600342
0.1857757568
-0.5573272705
-0.3251037598
-0.0928955078
0.2322235107
0.5573272705
-0.3251037598
0.0000000000
-0.0788116455
0.0000000000
0.1576080322
-0.0788116455
0.7092590332
-0.4728393555
0.0000000000
0.1576080322
-0.0635986328
-0.0635986328
0.6360321045
-0.3180084229
-0.4452209473
0.0635986328
-0.0635986328
-0.3816223145
0.8778076172
-0.0337677002
-0.3038482666
-0.0337677002
-0.2025756836
-0.1012878418
-0.1350402832
-0.1688079834
-0.0349578857
-0.1048736572
0.9088897705
0.2447052002
0.0000000000
-0.2447052002
0.0349578857
0.0349578857
-0.2484588623
0.2484588623
0.2484588623
0.1242218018
0.2484588623
0.1242218018
-0.1242218018
0.1242218018
-0.1138305664
0.0487823486
0.2276458740
-0.0162658691
0.0325164795
-0.0487823486
-0.9593658447
-0.0162658691
-0.1213989258
-0.1213989258
0.4856262207
0.1213989258
0.1213989258
-0.1213989258
0.2428131104
0.1213989258
0.3318328857
0.4977416992
0.4147949219
0.0829620361
-0.3318328857
-0.1659088135
-0.1659088135
-0.2488708496
0.1243286133
-0.1243286133
0.0000000000
-0.1243286133
0.1243286133
0.0000000000
0.0000000000
-0.3729858398
0.0000000000
-0.3480072021
-0.1159973145
-0.2320098877
0.0000000000
-0.4640045166
-0.1159973145
0.2320098877
-0.1491699219
0.0745849609
-0.0745849609
-0.2237548828
-0.3729400635
0.3729400635
0.6712799072
0.0000000000
0.0000000000
-0.4032745361
-0.2016296387
-0.3360595703
0.4704895020
-0.1344299316
0.4704895020
0.2688446045
0.0000000000
0.0000000000
-0.0911560059
-0.0911560059
0.0000000000
0.0000000000
0.0000000000
0.0911560059
0.0000000000
-0.2154083252
0.0538482666
-0.1615600586
-0.8616333008
0.0538482666
-0.2692565918
-0.1077117920
0.0000000000
0.0000000000
0.5117034912
-0.4264221191
0.4264221191
0.2558593750
0.1705627441
0.1705627441
0.0000000000
-0.0911560059
0.0000000000
0.0000000000
0.0911560059
0.0000000000
-0.0911560059
0.0000000000
0.1082458496
0.1082458496
-0.3247528076
-0.2165069580
0.2165069580
-0.2165069580
0.3247528076
-0.4330139160
-0.3572692871
-0.2381896973
0.2977294922
-0.5954589844
0.3572845459
-0.1190948486
-0.2381896973
0.2381896973
-0.6504364014
0.2956542969
0.1182556152
0.3547821045
0.0591278076
-0.2956542969
0.2365264893
0.2956542969
-0.0739746094
-0.0739746094
0.4438781738
0.4438781738
-0.0739746094
-0.0739746094
0.2219390869
-0.5918273926
-0.3154449463
-0.0525817871
0.1051483154
0.5783233643
0.5783233643
0.1577301025
0.0525817871
-0.3154449463
0.1282348633
0.1282348633
0.1923675537
-0.1282348633
-0.2564849854
0.1282348633
-0.8335723877
0.0000000000
0.1857757568
0.6037750244
0.0464477539
0.3715515137
-0.2786712646
0.4644470215
0.1393280029
0.2786712646
0.4936828613
0.2962188721
0.4443206787
0.2221679688
0.0987396240
0.5924224854
0.0493621826
-0.1974792480
-0.0611877441
-0.9178771973
-0.0917816162
-0.0917816162
0.0000000000
-0.2141723633
-0.1223907471
0.2141723633
-0.3443145752
0.0000000000
0.1147766113
-0.2295379639
-0.3443145752
0.2295379639
-0.1147766113
-0.3443145752
0.0000000000
0.0000000000
0.0000000000
0.0000000000
0.0000000000
0.0911560059
-0.0911560059
-0.0911560059
0.0000000000
0.0000000000
0.0000000000
-0.1216278076
-0.2432556152
0.0000000000
0.2432556152
-0.1216278076
-0.4317016602
0.6235656738
-0.1439056396
0.3357696533
-0.0959320068
-0.1918640137
-0.2398376465
0.3357696533
0.4037628174
-0.1682281494
-0.1345825195
0.4710540771
0.3364715576
-0.2691802979
0.3028259277
-0.5046997070
-0.3268737793
0.3268737793
0.3735656738
-0.2334747314
0.1400909424
0.4669647217
0.5136566162
-0.1400909424
0.1318511963
-0.4944610596
-0.2637176514
-0.2637176514
0.2307434082
0.6263122559
-0.3296356201
0.0988922119
-0.0506591797
-0.3545837402
0.3545837402
-0.1519622803
0.7091674805
-0.3545837402
0.1013031006
0.0000000000
0.0398864746
0.0000000000
0.5584716797
-0.1994476318
-0.4786834717
-0.0398864746
-0.0797882080
-0.5983581543
0.9341583252
0.0301361084
-0.2410736084
-0.0301361084
-0.1506652832
-0.0602722168
-0.0602722168
-0.0904083252
-0.2882232666
0.0000000000
0.5043792725
0.1441040039
0.0720520020
-0.5764312744
0.2161560059
0.2882232666
-0.1237182617
0.0000000000
0.2474365234
0.1237182617
0.2474365234
0.1237182617
-0.1237182617
0.0000000000
-0.0759582520
0.0569763184
0.2658538818
0.0000000000
0.0759582520
0.0000000000
-0.9494781494
-0.0379791260
0.0000000000
-0.2009429932
-0.6028289795
0.2009429932
0.0000000000
0.3014221191
-0.3014221191
0.1004791260
0.2187805176
-0.3281707764
0.2187805176
0.0000000000
0.0000000000
-0.3281707764
-0.4375762939
-0.2187805176
0.0000000000
0.0000000000
0.0000000000
0.0000000000
0.0000000000
0.0000000000
0.0000000000
-0.1999969482
0.0000000000
-0.3517150879
0.0000000000
0.0000000000
0.0000000000
-0.2344665527
-0.4689483643
0.2344665527
-0.2219390869
0.0000000000
-0.1479644775
-0.4438781738
-0.3698883057
0.5178527832
0.3698883057
0.0739746094
0.0000000000
-0.4189453125
0.3046875000
-0.4189453125
0.3808593750
0.4189453125
0.4189453125
0.1142578125
0.0000000000
-0.1178436279
0.2357025146
0.0000000000
0.1178436279
0.0000000000
0.1178436279
-0.1178436279
-0.0531616211
-0.2126617432
0.0531616211
-0.4253234863
-0.7974700928
0.0531616211
-0.1595001221
-0.1063232422
-0.0924072266
-0.0924072266
0.4620056152
-0.4620056152
0.3696136475
0.1847991943
0.2772064209
0.0924072266
0.0000000000
0.0000000000
0.0785675049
0.0000000000
0.0785675049
0.0000000000
0.0000000000
0.0000000000
0.3264617920
0.2176361084
-0.2176361084
-0.2176361084
0.2176361084
-0.3264617920
0.3264617920
-0.2176361084
-0.1915893555
-0.0638580322
0.2554473877
-0.3831634521
0.5747528076
-0.1277160645
-0.5108795166
0.0638580322
-0.5476989746
0.2738494873
0.0912780762
0.2738494873
0.0912780762
-0.2738494873
0.3651275635
0.1825714111
0.0000000000
-0.1585845947
0.2378845215
0.4757537842
-0.1585845947
0.1585845947
0.1585845947
-0.6343383789
-0.1145324707
0.1145324707
0.0000000000
0.4008636475
0.8017120361
0.1717987061
-0.0572662354
-0.1717987061
0.2332916260
0.1749725342
0.0000000000
-0.4082641602
-0.1749725342
0.0000000000
-0.7581939697
0.1749725342
0.0785980225
0.7860260010
0.0785980225
0.3537139893
-0.1572113037
0.3930206299
-0.0393066406
0.1179046631
0.5362854004
0.1128997803
0.3386993408
0.3104858398
0.2257995605
0.5645141602
0.1693572998
-0.2540283203
-0.0969085693
-0.8722076416
-0.2261199951
-0.1615142822
0.0646057129
-0.2261199951
-0.1615142822
0.1938171387
-0.6389770508
0.0000000000
0.0912780762
-0.3651275635
-0.0912780762
-0.0912780762
-0.0912780762
-0.3651275635
0.0000000000
0.0000000000
0.0000000000
0.0000000000
0.0000000000
0.0000000000
-0.0588226318
0.0000000000
0.0000000000
0.0000000000
0.0000000000
0.0000000000
0.0000000000
-0.0588226318
0.0000000000
0.0000000000
-0.4825286865
0.2757263184
-0.2757263184
0.4136047363
-0.1378631592
-0.1378631592
-0.2757263184
0.4136047363
0.2508239746
0.0000000000
-0.2821807861
0.8151855469
0.2194671631
-0.1567687988
0.0940551758
-0.2821807861
0.0000000000
0.0766143799
0.2681579590
-0.3447875977
-0.1532287598
0.5746307373
0.5746307373
-0.2681579590
0.1467895508
-0.4893188477
-0.0978698730
-0.2935943604
0.0000000000
0.6850433350
-0.2935943604
-0.0978698730
-0.0485229492
-0.5337982178
0.5337982178
-0.1941070557
0.5337982178
-0.0970611572
0.0970611572
-0.0970611572
0.0520019531
0.0520019531
0.4160308838
-0.2080230713
-0.4680328369
-0.1040039062
-0.0520019531
-0.6760559082
0.9549102783
0.0329284668
-0.1646423340
-0.0658569336
0.0329284668
-0.0987854004
0.0000000000
-0.0987854004
-0.2835998535
0.3308563232
-0.5671844482
-0.2835998535
-0.0945281982
-0.4253845215
0.3308563232
0.1890563965
-0.1000061035
-0.1000061035
0.1000061035
0.0000000000
0.0000000000
0.0000000000
-0.1000061035
0.0000000000
0.0000000000
-0.0853271484
0.1990966797
0.1137695312
0.1137695312
0.1422119141
-0.9385681152
0.0000000000
-0.0621185303
-0.1863555908
-0.5590820312
0.1863555908
-0.1863555908
0.5590820312
-0.3727264404
0.0000000000
-0.1202545166
-0.4810485840
0.1202545166
-0.1202545166
0.2405242920
-0.1202545166
-0.2405242920
0.0000000000
0.0000000000
0.1113433838
0.0000000000
0.1113433838
0.0000000000
0.0000000000
0.0000000000
-0.2226867676
-0.1224670410
-0.2449493408
0.0000000000
0.0000000000
0.0000000000
-0.1224670410
-0.3674163818
0.3674163818
-0.1737976074
-0.0579376221
-0.4634552002
-0.5213928223
-0.5213928223
0.2317199707
0.1158599854
-0.1737976074
-0.0359344482
-0.3593597412
0.4312286377
-0.3593597412
0.3593597412
0.5031127930
0.3593597412
-0.0359344482
0.1113433838
-0.1113433838
0.1113433838
0.0000000000
0.1113433838
0.0000000000
0.1113433838
-0.1113433838
0.1491241455
-0.1491241455
0.0994262695
-0.6959381104
-0.5965118408
0.0000000000
-0.1491241455
0.0497131348
-0.1350250244
-0.2025451660
0.8101959229
-0.2025451660
0.0000000000
0.1350250244
0.2700653076
0.0000000000
0.0000000000
0.0000000000
0.0000000000
0.0000000000
0.0000000000
0.0588226318
0.0000000000
0.0000000000
0.1249389648
0.0000000000
0.0000000000
-0.3748321533
-0.1249389648
-0.2498779297
-0.1249389648
0.1249389648
0.0802917480
0.3211669922
0.2408752441
-0.0802917480
0.6423339844
0.1605834961
-0.4014587402
-0.0802917480
-0.5384674072
0.3230743408
0.0000000000
0.3230743408
0.0000000000
-0.1076965332
0.2153778076
0.1076965332
0.2500000000
0.2500000000
-0.1250000000
0.2500000000
-0.1250000000
0.0000000000
-0.1250000000
-0.1250000000
0.0000000000
0.1153869629
-0.1153869629
0.1153869629
0.4615325928
0.3461608887
-0.2307739258
-0.2307739258
0.1860046387
0.2480010986
-0.1860046387
-0.1240081787
0.0000000000
-0.1240081787
-0.8060302734
0.2480010986
0.1136016846
0.7952117920
0.1893310547
0.4165344238
-0.0757293701
0.3029327393
-0.0378723145
0.0000000000
0.4898223877
-0.1884002686
0.0376739502
0.3767852783
0.4521484375
0.4521484375
0.1884002686
-0.3014221191
-0.2039337158
-0.8157501221
-0.2039337158
-0.0679779053
0.0679779053
-0.2039337158
-0.0679779053
0.2039337158
-0.3087463379
0.0000000000
0.1029205322
-0.3087463379
-0.3087463379
-0.2058258057
0.1029205322
-0.5145721436
0.0000000000
0.0588226318
0.0000000000
0.0000000000
0.0000000000
0.0000000000
0.0000000000
0.0000000000
0.0000000000
0.0000000000
-0.0911560059
0.0000000000
0.0000000000
-0.0911560059
0.0911560059
0.0000000000
-0.5120697021
0.0000000000
-0.2048339844
0.4096679688
-0.2048339844
0.0000000000
-0.1024169922
0.3072509766
0.1672973633
0.0334625244
-0.2676696777
0.9033660889
0.2007446289
-0.0334625244
0.0334625244
-0.0669097900
0.0791473389
-0.0395812988
0.3562011719
-0.2770385742
-0.1978912354
0.5936584473
0.5540771484
-0.1978912354
0.1972351074
-0.3944702148
0.0000000000
-0.4930877686
-0.1972351074
0.0000000000
-0.2958526611
-0.2958526611
0.0000000000
-0.5210876465
0.5684661865
-0.1421203613
0.5210876465
0.1421203613
0.1421203613
0.0000000000
0.1197357178
0.0000000000
0.1197357178
-0.1197204590
-0.4789123535
0.0598602295
0.0000000000
-0.7782287598
0.7513732910
0.0000000000
0.0341491699
-0.2390747070
0.2390747070
-0.2732238770
0.4439849854
0.1024627686
-0.2607421875
0.2607421875
-0.6953125000
-0.0869140625
-0.0869140625
-0.4345703125
0.2172851562
0.2607421875
0.0000000000
0.0000000000
-0.0785675049
0.0000000000
0.0000000000
-0.0785675049
0.0000000000
0.0000000000
0.0000000000
-0.1124572754
0.1405639648
0.1124572754
0.0000000000
0.1124572754
-0.9558715820
0.0562286377
0.0432586670
-0.0432586670
-0.6920623779
-0.0432586670
-0.1297607422
0.5623016357
-0.3027801514
-0.1730194092
-0.0536956787
-0.9128570557
0.2147827148
-0.1073913574
0.0000000000
0.0000000000
0.0000000000
0.1073913574
0.0000000000
0.0000000000
0.1064758301
0.1064758301
-0.1064758301
-0.1064758301
0.0000000000
-0.1064758301
0.0000000000
-0.2490844727
0.0000000000
0.0000000000
0.1245422363
-0.3736267090
-0.2490844727
0.1245422363
-0.0494079590
0.6422729492
-0.0988159180
0.0494079590
-0.4940643311
0.3458404541
-0.3458404541
0.0988159180
-0.0709228516
-0.3900451660
0.4964294434
-0.2482147217
0.4255065918
0.4609680176
0.2836761475
-0.1418304443
0.1064758301
-0.1064758301
0.1064758301
0.0000000000
0.1064758301
0.0000000000
0.0000000000
-0.1064758301
0.0000000000
-0.2268981934
0.2268981934
-0.6806945801
-0.3781585693
0.0000000000
-0.3025360107
0.0756378174
-0.2431945801
-0.2431945801
0.7295837402
-0.2431945801
0.0000000000
0.2431945801
0.0810699463
0.0000000000
0.0000000000
0.0000000000
-0.0588226318
0.0000000000
0.0000000000
0.0000000000
0.0000000000
0.0000000000
0.1216278076
0.0000000000
0.1216278076
-0.1216278076
-0.1216278076
-0.1216278076
-0.2432556152
0.1216278076
0.1129455566
0.1129455566
0.2258758545
-0.1129455566
0.5646972656
0.2258758545
-0.2258758545
0.0000000000
-0.2449493408
0.2449493408
0.0000000000
0.3674163818
0.1224670410
0.1224670410
0.2449493408
-0.1224670410
0.0977325439
-0.1954498291
-0.2931823730
0.0977325439
-0.1954498291
0.2931823730
-0.3908996582
0.4886322021
0.0000000000
-0.1243286133
0.0000000000
-0.1243286133
0.0000000000
0.3729858398
-0.1243286133
-0.1243286133
0.1317901611
0.0659027100
-0.1976928711
0.6589508057
-0.1976928711
-0.0659027100
-0.5271606445
0.1976928711
0.1331634521
0.7989807129
0.2330322266
0.4327850342
0.0332946777
0.2330322266
-0.0332946777
-0.0998687744
0.2934265137
-0.5868377686
-0.1833801270
0.2567443848
0.5868377686
0.2200622559
0.1100311279
-0.1467132568
-0.1224670410
-0.4898986816
-0.1224670410
-0.1224670410
0.0000000000
-0.1224670410
0.0000000000
0.2449493408
0.0000000000
-0.0776367188
0.0776367188
-0.3105163574
-0.4657745361
-0.3881530762
0.1552581787
-0.5434112549
0.0000000000
0.0000000000
0.0000000000
0.0000000000
0.0000000000
0.0000000000
0.0000000000
0.0000000000
0.0000000000
0.0911560059
-0.0911560059
0.0000000000
0.0000000000
0.0000000000
0.0911560059
0.0000000000
-0.1117401123
-0.5586853027
-0.1117401123
0.3352050781
-0.2234802246
0.1117401123
0.1117401123
0.0000000000
0.2437896729
0.1462707520
-0.2925415039
0.7801055908
0.2925415039
0.1462707520
-0.0487518311
0.1950225830
0.0451965332
-0.0903930664
0.4067535400
-0.3163757324
-0.4067535400
0.5423431396
0.4067535400
-0.1807861328
0.2305755615
-0.1152801514
-0.1152801514
-0.1729278564
0.1729278564
-0.8646545410
0.0576477051
0.0000000000
0.1886444092
-0.4244537354
0.6130828857
0.0000000000
0.2358093262
0.4716033936
0.0471649170
0.2358093262
0.0000000000
0.1135406494
-0.1135406494
-0.1135406494
-0.3406372070
-0.1135406494
-0.1135406494
-0.5677337646
0.0653686523
-0.0653686523
0.2287750244
-0.3268127441
0.2287750244
-0.3921661377
0.7516632080
0.1634063721
-0.1697082520
0.3394317627
-0.7212982178
-0.0424346924
0.0000000000
-0.4242858887
0.0848541260
0.2969970703
0.0000000000
-0.1178436279
0.0000000000
0.0000000000
-0.2357025146
-0.1178436279
0.1178436279
-0.1178436279
0.0346984863
-0.1735229492
0.1735229492
0.0694122314
0.0694122314
0.0346984863
-0.9369964600
0.1041107178
0.1546020508
0.0386505127
-0.6570587158
-0.2705535889
-0.1546020508
0.5024566650
-0.1546020508
-0.3478546143
0.0000000000
-0.8852691650
0.3124542236
-0.1562194824
-0.0520782471
0.0000000000
0.0000000000
0.0520782471
0.0000000000
0.0000000000
0.1000061035
0.1000061035
-0.1000061035
0.0000000000
0.0000000000
-0.1000061035
0.0000000000
0.3461608887
-0.1153869629
0.1153869629
0.1153869629
0.2307739258
-0.4615325928
0.2307739258
0.2342529297
0.4046173096
0.2129516602
0.4046173096
0.0213012695
0.6175689697
-0.3833160400
0.1703643799
-0.0901184082
-0.3604583740
0.5857543945
-0.2252960205
0.3604583740
0.4505767822
0.1351776123
-0.2252960205
0.1150360107
-0.1150360107
0.1150360107
0.1150360107
0.1150360107
0.0000000000
0.1150360107
-0.1150360107
-0.4678039551
-0.3742370605
0.2806854248
-0.0935668945
-0.2806854248
0.0935668945
-0.2806854248
0.2806854248
-0.4469451904
-0.2234802246
0.2234802246
-0.2234802246
-0.1117401123
0.3352050781
0.0000000000
-0.2234802246
0.1000061035
-0.1000061035
-0.1000061035
0.0000000000
0.0000000000
0.0000000000
0.0000000000
-0.1000061035
0.0749969482
-0.2250061035
-0.1499938965
-0.8249969482
-0.0749969482
-0.1499938965
0.0000000000
0.1499938965
0.0675201416
0.4726104736
-0.1350250244
0.5401306152
0.5401306152
0.0000000000
-0.1350250244
0.0000000000
0.0000000000
0.0000000000
0.1249389648
0.3748016357
0.0000000000
0.2498626709
0.1249389648
0.0000000000
0.1670379639
0.0000000000
-0.5011291504
-0.1670379639
0.0000000000
0.1670379639
-0.4176177979
0.5011291504
0.1243286133
-0.1243286133
-0.1243286133
0.0000000000
0.0000000000
0.3729858398
-0.1243286133
0.0000000000
0.1871948242
-0.1403961182
0.1871948242
0.8423767090
-0.3275909424
0.0000000000
-0.0467987061
0.1403961182
0.1707916260
0.8254699707
0.1992492676
0.3700408936
0.0853881836
0.1992492676
0.0000000000
-0.1992492676
0.0426635742
-0.7678680420
-0.2559509277
-0.0426635742
0.5119171143
-0.0426635742
-0.0426635742
0.1279754639
-0.1123352051
0.0000000000
-0.3370056152
-0.2246704102
0.0000000000
-0.3370056152
-0.3370056152
0.3370056152
0.8826446533
-0.0367736816
0.0367736816
-0.1471099854
-0.2206573486
-0.1103363037
0.0735473633
-0.2942199707
