0.0000000000
-0.0785675049
0.0000000000
0.0000000000
-0.0785675049
0.0000000000
0.0000000000
0.0000000000
0.1064758301
0.0000000000
0.0000000000
-0.1064758301
0.0000000000
-0.1064758301
0.1064758301
-0.1064758301
-0.0277709961
0.9717712402
0.1110534668
0.0277709961
0.0000000000
0.0832977295
0.0555267334
0.0832977295
-0.2926025391
0.1170501709
0.0000000000
0.6437377930
0.2340850830
0.2926025391
-0.4681701660
-0.1170501709
0.0585174561
0.0585174561
-0.1755676270
-0.0585174561
-0.8778228760
-0.1755676270
-0.1755676270
0.1170501709
0.0000000000
-0.1142578125
-0.1523437500
-0.2666015625
-0.5712890625
-0.6855468750
-0.1142578125
0.1904296875
0.0912780762
-0.0912780762
0.4564056396
-0.3651275635
-0.2738494873
-0.3651275635
-0.0912780762
-0.3651275635
0.0000000000
0.0000000000
0.7453155518
-0.1693878174
-0.3387756348
-0.0338745117
0.0677490234
-0.5081634521
0.9312286377
0.0000000000
-0.1773834229
0.1773834229
-0.0443420410
0.0000000000
0.0443420410
0.0443420410
0.1849822998
0.0924835205
-0.4624481201
-0.1387329102
0.0462493896
-0.7861633301
-0.1849822998
0.0000000000
0.0000000000
0.1199951172
-0.1199951172
0.1199951172
0.1199951172
0.1199951172
0.0000000000
0.2400054932
0.0507202148
0.2282257080
0.1521453857
0.0507202148
-0.0760803223
0.0507202148
-0.9382324219
-0.1014251709
0.1648101807
0.0823974609
-0.8240356445
-0.1648101807
0.0823974609
0.0823974609
0.0823974609
-0.0823974609
0.3748321533
-0.2498779297
0.1249389648
-0.1249389648
-0.1249389648
0.0000000000
0.0000000000
0.1249389648
0.0000000000
0.0785675049
0.0000000000
0.0000000000
0.0000000000
-0.0785675049
0.0000000000
0.0000000000
-0.0823974609
0.0823974609
0.1648101807
0.0823974609
-0.0823974609
0.1648101807
0.8240356445
0.0823974609
-0.1499938965
-0.2250061035
0.3000030518
-0.1499938965
-0.0749969482
0.6750030518
0.3750000000
0.1499938965
-0.4084320068
-0.2450561523
0.6126556396
-0.3267517090
0.2042236328
-0.2450561523
-0.3675842285
0.0000000000
0.0000000000
0.2357025146
0.0000000000
0.1178436279
0.0000000000
-0.1178436279
0.1178436279
0.1178436279
-0.5554046631
-0.1388549805
0.1388549805
0.0000000000
0.2777099609
0.0694274902
0.6248321533
0.1388549805
0.0000000000
0.0000000000
0.8778228760
-0.1549072266
-0.0516357422
-0.2065429688
0.3098144531
-0.2065429688
0.0000000000
0.0000000000
0.0000000000
0.0911560059
0.0000000000
0.0000000000
0.0911560059
0.0911560059
-0.0690917969
-0.1381988525
0.0690917969
-0.8982543945
0.0000000000
0.0000000000
0.0690917969
0.0000000000
-0.1027679443
0.8221435547
0.2055358887
-0.3596954346
-0.1027679443
0.1027679443
-0.1027679443
0.1541595459
-0.0776367188
0.1552581787
-0.2328948975
0.3105163574
0.3881530762
-0.3105163574
0.3881530762
0.4657745361
0.0733795166
0.1467742920
-0.6604766846
0.0000000000
0.0733795166
0.5870819092
0.0000000000
0.0733795166
-0.2094573975
-0.1861877441
0.2327423096
0.1861877441
0.8378601074
0.3025665283
-0.0465545654
-0.1396484375
0.1253509521
0.0752105713
-0.2005615234
0.9024963379
0.3008270264
0.1002807617
-0.0501403809
0.0250701904
-0.0854797363
0.9402313232
0.0427398682
0.0854797363
-0.1282196045
0.0000000000
0.0854797363
0.1282196045
0.5330963135
0.0000000000
-0.2961730957
0.1777038574
0.2369384766
0.3553924561
0.5330963135
-0.1184692383
0.1099700928
-0.4398803711
0.0000000000
-0.1099700928
0.1099700928
-0.1099700928
0.3299102783
-0.4398803711
-0.7280578613
-0.1560058594
0.1560058594
-0.0520019531
-0.3640289307
0.0000000000
0.4160308838
-0.1560058594
0.0000000000
0.0000000000
0.1178436279
0.0000000000
-0.1178436279
-0.1178436279
0.1178436279
-0.2357025146
0.1064758301
0.1064758301
-0.1064758301
0.0000000000
0.1064758301
0.0000000000
0.0000000000
-0.1064758301
-0.0252075195
0.9580688477
0.0252075195
0.0252075195
-0.0252075195
0.1260681152
-0.0504302979
0.2017059326
-0.1080169678
0.0540161133
-0.2700500488
0.7561187744
0.0540161133
0.2700500488
-0.3780670166
0.1620330811
-0.1399383545
0.1399383545
-0.0466461182
0.0000000000
-0.7463226318
-0.4664611816
-0.2798767090
0.1865844727
0.0804901123
-0.0804901123
-0.1609802246
-0.2414703369
-0.5634155273
-0.7243957520
0.0804901123
-0.0402374268
0.0000000000
0.0858917236
0.5153808594
-0.0858917236
-0.4294891357
-0.0858917236
0.0858917236
-0.5153808594
0.1190948486
0.0000000000
0.4168243408
-0.2381896973
-0.1786346436
-0.0595397949
0.0595397949
-0.7740936279
0.6993865967
0.0499572754
0.1498718262
-0.1998291016
0.4496154785
0.0000000000
0.3996582031
0.0499572754
0.0433807373
0.2168731689
-0.7373809814
-0.2602539062
0.0000000000
-0.5205078125
0.0000000000
-0.0867462158
-0.1159973145
0.1159973145
0.0000000000
0.3480072021
0.4640045166
0.2320098877
0.0000000000
0.2320098877
-0.0223541260
0.1117401123
0.1117401123
0.0670471191
-0.1340942383
0.0894012451
-0.9609985352
-0.0670471191
-0.0522155762
0.1566467285
-0.8354644775
-0.2610778809
0.0522155762
0.2088623047
0.2610778809
0.0522155762
0.2048797607
0.8195037842
-0.0682983398
-0.0682983398
0.2048797607
0.0682983398
0.0000000000
-0.2731628418
0.0000000000
0.0000000000
0.0000000000
0.1150360107
-0.1150360107
-0.1150360107
-0.2300720215
0.0000000000
-0.0586242676
0.1172485352
0.0586242676
0.0000000000
-0.0586242676
0.2931060791
0.8793334961
-0.0586242676
0.1219177246
0.1828918457
0.4267272949
-0.3657684326
-0.1828918457
0.6705780029
0.1219177246
-0.1219177246
-0.2904815674
-0.0968322754
0.4841308594
-0.3872985840
0.0968322754
-0.1936492920
-0.6293792725
0.0484161377
-0.2490844727
0.2490844727
-0.2490844727
0.1245422363
0.0000000000
-0.1245422363
0.1245422363
0.2490844727
0.2268981934
-0.3025360107
0.2268981934
-0.5294342041
-0.3781585693
-0.0756378174
0.3025360107
0.3025360107
-0.0208435059
-0.0833435059
0.8751678467
-0.1875305176
0.0416717529
-0.1250305176
0.2500457764
-0.3125610352
0.1000061035
-0.1000061035
-0.1000061035
0.0000000000
0.0000000000
0.0000000000
0.1000061035
0.0000000000
-0.0747985840
-0.2991638184
0.3739624023
-0.6731262207
-0.2991638184
0.0747985840
-0.0747985840
0.1495819092
0.0310668945
0.9629974365
0.0310668945
-0.0621337891
-0.1553192139
0.0621337891
-0.0621337891
-0.0621337891
-0.1911621094
0.1911621094
-0.0955810547
0.3823242188
0.3823242188
-0.0955810547
0.3823242188
0.3823242188
-0.0673675537
0.1347198486
-0.6062774658
0.0000000000
0.0673675537
0.5389099121
0.0000000000
0.4041748047
-0.1102600098
-0.1470031738
0.2572631836
-0.0367584229
0.8452911377
0.3675231934
0.0000000000
-0.0735015869
0.0515441895
0.0515441895
-0.1546478271
0.9450378418
0.2405548096
0.0859069824
-0.0171813965
0.0515441895
0.2570037842
0.8352813721
0.1285095215
0.1927642822
-0.0642547607
0.1927642822
0.0000000000
-0.0642547607
0.2835540771
-0.2835540771
-0.6481170654
0.0810089111
0.2025299072
0.3240509033
0.4455871582
-0.1215209961
0.0000000000
-0.4762878418
-0.2381439209
0.2381439209
0.1190643311
0.0000000000
0.1190643311
-0.2381439209
-0.3891448975
-0.4864349365
-0.1945648193
-0.1945648193
-0.1945648193
0.1945648193
0.2918548584
-0.1945648193
-0.1234283447
-0.1234283447
0.2468566895
0.0000000000
-0.2468566895
-0.2468566895
0.2468566895
-0.2468566895
0.1249389648
0.3748016357
0.0000000000
-0.1249389648
0.1249389648
0.1249389648
0.1249389648
-0.1249389648
0.0000000000
0.9752349854
0.0000000000
0.0375061035
0.0187530518
0.1312866211
-0.0375061035
0.1312866211
-0.1605834961
0.0802917480
-0.1605834961
0.4014587402
-0.1605834961
0.2408752441
-0.4014587402
0.5620422363
-0.3282165527
0.1790313721
0.1193542480
0.1193542480
-0.4177246094
-0.5967559814
-0.4475708008
0.2685394287
0.1061706543
-0.1769561768
-0.1769561768
0.0353851318
-0.3893127441
-0.8494110107
0.1061706543
0.0000000000
0.0000000000
-0.2357025146
0.3928375244
-0.0785675049
-0.1571350098
-0.1571350098
0.1571350098
-0.7071075439
0.2554473877
0.1915893555
0.2554473877
-0.3193054199
-0.5108795166
0.0638580322
0.0000000000
-0.5747528076
0.2401885986
-0.1715698242
0.3431396484
-0.2401885986
0.5490112305
-0.2401885986
0.5833282471
0.0000000000
-0.1303100586
0.2280426025
-0.8144226074
-0.3583526611
-0.0977325439
-0.2931976318
0.0000000000
0.0977325439
-0.2738494873
-0.0912780762
0.0912780762
0.5476989746
0.5476989746
0.0912780762
-0.0912780762
0.0000000000
-0.0197296143
-0.0197296143
0.0591888428
0.0000000000
-0.2170257568
0.0394592285
-0.9667358398
0.0000000000
-0.2333068848
0.0777740479
-0.6999053955
-0.4665985107
-0.0777740479
0.2333068848
0.3499450684
0.0000000000
0.0939483643
0.1879119873
0.3758239746
-0.1879119873
0.3758239746
-0.0939483643
0.0000000000
-0.5637359619
-0.1178436279
0.1178436279
0.0000000000
0.1178436279
0.0000000000
0.0000000000
-0.2357025146
0.1178436279
-0.0663299561
0.1989746094
-0.0663299561
-0.1989746094
0.1326446533
0.0000000000
0.8622283936
0.0663299561
0.2980804443
0.5109863281
0.2129058838
-0.4258270264
-0.3406524658
0.3406524658
0.3406524658
-0.1277465820
-0.0450134277
0.0000000000
0.3150939941
-0.4051055908
-0.0450134277
-0.4501190186
-0.6751861572
0.0900268555
-0.1245422363
0.2490844727
-0.3736267090
0.0000000000
-0.2490844727
0.0000000000
0.0000000000
0.1245422363
0.6777801514
-0.2420654297
0.0484161377
-0.1452331543
-0.5809631348
-0.0484161377
-0.1452331543
0.1452331543
-0.0574951172
-0.1150054932
0.8433380127
-0.2683410645
0.1150054932
-0.0766601562
0.1916656494
-0.3641662598
0.2129516602
-0.1064758301
0.0000000000
0.0000000000
0.0000000000
0.0000000000
0.0000000000
0.0000000000
0.1174468994
-0.2936096191
0.1761627197
-0.8221130371
-0.1761627197
0.1761627197
0.0587158203
-0.1174468994
-0.0299377441
0.9582214355
0.0898284912
0.0598907471
-0.1497192383
-0.1197814941
0.0000000000
-0.0598907471
-0.2176361084
0.2176361084
0.0000000000
0.3264617920
0.1088256836
0.0000000000
0.5440979004
0.2176361084
0.0000000000
-0.4018859863
-0.3014221191
-0.1004791260
-0.1004791260
0.4018859863
-0.2009429932
0.4018859863
-0.0993041992
-0.0496520996
0.2978973389
0.0496520996
0.7447204590
0.4468383789
0.1985931396
0.1489410400
-0.0136108398
0.0680847168
-0.0544738770
0.9804229736
0.1497802734
0.0272369385
-0.0408477783
0.0136108398
0.5108795166
0.5573272705
-0.0464477539
0.0928955078
0.0928955078
0.5573272705
-0.0928955078
-0.1393280029
0.2468261719
-0.4231262207
-0.3878631592
0.0705261230
0.3526000977
0.3878631592
0.4583740234
-0.2820739746
0.2335815430
-0.7786102295
-0.2335815430
0.2335815430
-0.0778656006
0.0778656006
-0.0778656006
0.0778656006
0.4943237305
-0.4943237305
-0.2824707031
-0.0706176758
-0.3530883789
0.2118530273
0.2118530273
-0.2118530273
-0.1190643311
-0.2381439209
0.2381439209
0.0000000000
-0.4762878418
0.0000000000
0.2381439209
-0.1190643311
0.0000000000
0.3689117432
0.0000000000
-0.1229705811
0.1229705811
0.2459411621
0.2459411621
-0.2459411621
0.0160369873
0.9786529541
-0.0320892334
0.0641784668
0.0160369873
0.1604309082
0.0160369873
0.0481262207
-0.2607269287
0.3128662109
-0.1042938232
0.1564331055
-0.1042938232
0.5214538574
-0.3128662109
0.5735931396
-0.2322845459
0.1032409668
0.1290435791
0.0258026123
-0.5161895752
-0.4387664795
-0.6194305420
0.2322845459
0.0000000000
-0.0892791748
-0.1487884521
0.0297546387
-0.2380676270
-0.9225006104
0.1785430908
0.0297546387
0.0000000000
-0.6468353271
0.4312133789
-0.0718688965
-0.1437377930
0.2156066895
-0.1437377930
-0.3593444824
0.0813293457
0.0813293457
0.4879760742
-0.4879760742
-0.4066467285
-0.0813293457
-0.0813293457
-0.3253173828
0.2385101318
-0.2044372559
0.3066711426
-0.2044372559
0.5451812744
-0.3066711426
0.5792541504
0.0340728760
-0.0785980225
0.1572113037
-0.8253326416
-0.3930206299
-0.1179046631
-0.1965026855
-0.0785980225
0.1572113037
-0.3171691895
-0.3171691895
0.2378845215
0.3964691162
0.5550537109
0.0000000000
-0.2378845215
-0.0792999268
0.0260162354
0.0260162354
0.0520324707
-0.0520324707
-0.2081451416
-0.0260162354
-0.9626922607
-0.0260162354
-0.3666381836
-0.0916595459
-0.6721649170
-0.4888458252
-0.1833190918
0.1527709961
0.2749786377
0.0611114502
0.0000000000
-0.4312133789
0.6468353271
-0.0718688965
0.1437377930
0.0718688965
-0.0718688965
-0.4312133789
-0.1216278076
0.1216278076
-0.1216278076
-0.1216278076
0.1216278076
0.0000000000
-0.2432556152
-0.1216278076
-0.1616058350
0.3232269287
-0.1616058350
-0.1616058350
0.2424163818
0.0000000000
0.7272491455
-0.0808105469
0.3648681641
0.2432403564
0.0810852051
-0.2432403564
-0.2837829590
0.6081085205
0.3243255615
0.3648681641
0.0868377686
-0.0868377686
0.2604980469
-0.3473358154
-0.0868377686
-0.6946563721
-0.4775848389
0.1302490234
0.1153869629
0.2307739258
-0.3461608887
0.1153869629
-0.2307739258
0.0000000000
0.1153869629
0.4615325928
0.4492797852
0.0000000000
0.1225280762
0.1633758545
-0.5718078613
-0.2042236328
-0.5718078613
-0.0816802979
0.0000000000
-0.0705871582
0.8823547363
-0.2470550537
0.0882415771
-0.0529479980
0.2117614746
-0.3000030518
-0.1178436279
-0.1178436279
0.0000000000
0.1178436279
0.0000000000
0.2357025146
0.0000000000
0.1178436279
0.1120758057
-0.1344909668
-0.0448303223
-0.9638977051
0.0672454834
0.0224151611
0.0672454834
-0.1120758057
0.0000000000
0.8721923828
0.0758361816
0.2275238037
-0.1896057129
-0.3033752441
0.0379180908
-0.0758361816
-0.3566131592
0.4457702637
-0.0891571045
0.3566131592
0.1782989502
0.0000000000
0.4457702637
0.1782989502
0.0792999268
-0.3964691162
-0.3964691162
-0.3171691895
-0.0792999268
0.3171691895
-0.3964691162
0.3171691895
0.0000000000
0.0000000000
0.2309875488
0.1385955811
0.8315277100
0.3233795166
0.2309875488
0.0923919678
-0.0149383545
0.0597381592
-0.0298767090
0.9857330322
0.1194763184
0.0149383545
-0.0447998047
0.0000000000
0.4290161133
0.6240234375
-0.1170043945
0.0000000000
0.2340087891
0.5070190430
-0.1950073242
-0.1170043945
0.2428436279
-0.5666351318
-0.2428436279
0.0404815674
0.4047393799
0.1618957520
0.4856872559
-0.2833251953
0.3197631836
-0.4263610840
-0.1065826416
0.2131805420
-0.2131805420
0.2131805420
-0.2131805420
0.3197631836
0.7394714355
-0.3479919434
-0.0435028076
0.0435028076
-0.4349822998
0.1304931641
0.1739959717
-0.1739959717
-0.1247253418
0.2494506836
0.2494506836
-0.2494506836
0.0000000000
0.0000000000
0.0000000000
-0.1247253418
0.3197631836
0.2131805420
0.0000000000
-0.3197631836
0.0000000000
-0.2131805420
0.3197631836
-0.4263610840
0.0447235107
0.9838562012
0.0447235107
-0.0298156738
0.0298156738
0.1043548584
0.0894470215
-0.0149078369
-0.3994445801
0.2541961670
0.1089324951
0.0363159180
-0.1089324951
0.5810089111
-0.1815643311
0.5810089111
-0.0476226807
0.0714263916
0.1190490723
-0.0714263916
-0.7618713379
-0.1666564941
-0.5714111328
0.1428527832
-0.1454162598
-0.1454162598
-0.1938781738
0.0969390869
-0.1454162598
-0.7755126953
0.4362335205
0.1454162598
-0.2439880371
-0.5692901611
0.1626586914
0.0000000000
-0.0813293457
0.5692901611
-0.1626586914
-0.0813293457
0.1549682617
0.0516510010
0.6715393066
-0.4132537842
-0.4649200439
-0.0516510010
-0.0516510010
-0.2066345215
0.8106994629
0.0000000000
0.0000000000
0.0623626709
0.3117980957
-0.2494506836
0.1870880127
0.1247253418
-0.0409393311
0.1228332520
-0.9008178711
-0.2866210938
-0.1228332520
-0.0818939209
-0.0818939209
0.0818939209
-0.4918975830
-0.1405334473
0.2810821533
0.2108154297
0.4918975830
-0.0702667236
-0.3513488770
0.2810821533
-0.0927124023
0.1854400635
0.1159057617
-0.0695343018
-0.2086181641
-0.0695343018
-0.9272003174
-0.1159057617
-0.4143371582
0.0258941650
-0.6732940674
-0.4402313232
-0.2071685791
0.1035919189
0.2848510742
0.1553802490
0.2213439941
0.4426727295
0.2213439941
-0.2213439941
0.3688964844
-0.0737762451
-0.3688964844
-0.4426727295
-0.1242218018
0.0000000000
-0.2484588623
0.1242218018
0.0000000000
-0.1242218018
0.2484588623
-0.3726806641
-0.1737976074
0.2317199707
0.0579376221
0.1158599854
0.0579376221
0.4634552002
0.7531127930
-0.0579376221
0.2503356934
-0.3337707520
-0.3337707520
-0.2920532227
-0.2503356934
0.2920532227
0.4172210693
0.5006713867
0.3675842285
0.0000000000
0.3267517090
-0.2450561523
-0.1225280762
-0.7351837158
-0.2859039307
0.0816802979
-0.1141510010
0.1141510010
-0.2283172607
0.2283172607
-0.2283172607
-0.2283172607
0.2283172607
0.4566192627
-0.1992950439
0.1992950439
0.2391510010
0.6377410889
-0.3587341309
-0.2790069580
-0.3985900879
-0.1992950439
0.0731964111
0.0292816162
0.9515686035
-0.1171112061
0.0731964111
-0.1024780273
0.1610412598
-0.1610412598
0.1208343506
-0.1208343506
0.0000000000
0.1208343506
0.4833679199
-0.2416839600
-0.2416839600
0.0000000000
0.0566253662
-0.0755004883
0.0755004883
-0.9814605713
-0.0188751221
-0.0377502441
-0.0755004883
-0.0566253662
0.1551818848
0.6207122803
-0.3620758057
0.0517272949
-0.5172576904
-0.3103485107
0.0517272949
0.0517272949
-0.4294891357
0.4294891357
-0.1717987061
0.2576904297
0.1717987061
0.0000000000
0.4294891357
0.2576904297
0.0855865479
-0.0855865479
0.4279479980
-0.3423614502
-0.0855865479
0.5991210938
-0.2567596436
0.0000000000
0.0000000000
0.1906738281
0.1271057129
0.1271057129
0.9215545654
0.0953369141
0.1906738281
0.0635528564
0.0000000000
0.0478820801
-0.0478820801
0.9896240234
0.0798034668
-0.0159606934
-0.0159606934
-0.0319213867
0.3429718018
0.8574218750
-0.1143188477
0.0000000000
0.0285797119
0.3143920898
-0.0285797119
-0.0857391357
0.2787933350
-0.0796508789
-0.4380950928
0.2787933350
0.2389678955
-0.0398254395
0.5177612305
-0.5177612305
-0.1811065674
-0.0905609131
-0.3622283936
0.0905609131
0.3622283936
0.1811065674
-0.5433349609
0.2716674805
-0.4066467285
-0.5692901611
-0.0813293457
-0.1626586914
-0.4879760742
0.0813293457
0.0813293457
0.0000000000
0.1216278076
0.1216278076
0.0000000000
-0.2432556152
0.1216278076
0.1216278076
0.1216278076
-0.1216278076
0.4517517090
-0.1129455566
0.1129455566
-0.2258758545
0.0000000000
-0.1129455566
0.1129455566
-0.4517517090
0.0797119141
0.9725494385
0.0956573486
-0.0956573486
-0.0159454346
0.0797119141
0.1116027832
-0.0478363037
-0.4179534912
0.1671752930
-0.1253814697
0.5015411377
-0.2089691162
0.4179534912
-0.2089691162
0.4597473145
0.0269012451
0.0269012451
0.0806884766
-0.0806884766
-0.8876190186
-0.1613922119
-0.3765716553
0.0806884766
-0.3649902344
-0.3649902344
-0.0729980469
0.0000000000
-0.1459960938
-0.5109863281
0.5109863281
-0.0729980469
-0.1653594971
-0.3307189941
0.0000000000
-0.1653594971
0.3307189941
0.6614379883
-0.1653594971
-0.1653594971
0.2449493408
0.0979766846
0.3919219971
-0.4409027100
-0.5878753662
-0.0489959717
-0.0489959717
-0.3919219971
0.8298187256
0.0000000000
0.2370910645
-0.0395202637
0.3556365967
-0.1185455322
0.2370910645
0.0790252686
0.0000000000
0.0000000000
-0.8050994873
0.2195739746
-0.2195739746
-0.2195739746
0.0731964111
0.1463775635
-0.5866546631
0.1676177979
0.1676177979
0.0838165283
0.5028533936
-0.1676177979
-0.0838012695
0.2514343262
-0.0902709961
0.0361022949
0.0902709961
0.0361022949
-0.0902709961
-0.0180511475
-0.9748992920
-0.1083221436
-0.2712860107
0.1479644775
-0.8138427734
-0.2712860107
-0.0739898682
0.3452606201
0.1479644775
0.0493164062
0.0819854736
0.9290924072
-0.1639556885
-0.1092987061
0.2186126709
0.0273284912
-0.0819854736
-0.1092987061
0.0000000000
0.0000000000
-0.2432556152
0.1216278076
0.0000000000
0.0000000000
0.2432556152
-0.1216278076
-0.0580291748
-0.0580291748
0.0580291748
0.0000000000
0.0000000000
0.4642333984
0.8124084473
0.0580291748
0.3692016602
-0.3076629639
-0.3692016602
-0.2461395264
0.1230621338
0.3076629639
0.4922637939
0.3076629639
0.2450561523
0.1633758545
0.4901275635
-0.4492797852
-0.2042236328
-0.4492797852
-0.4084320068
0.0816802979
0.1237182617
0.0000000000
-0.1237182617
-0.1237182617
0.0000000000
0.2474365234
-0.1237182617
0.2474365234
-0.4501037598
0.4501037598
0.3375701904
0.1687927246
-0.2250518799
-0.3375701904
-0.1687927246
-0.3938446045
0.0146484375
0.0732727051
0.9671325684
-0.0146484375
0.0732727051
-0.0879211426
0.1465301514
-0.1318817139
0.0000000000
-0.2456817627
0.0000000000
0.0000000000
0.2456817627
-0.1228332520
-0.1228332520
-0.1228332520
-0.0213317871
-0.0426635742
0.2772827148
-0.9384918213
-0.0853118896
0.0000000000
-0.1279754639
0.0426635742
0.2341918945
0.8586883545
-0.2732238770
0.0000000000
-0.2341918945
-0.1170959473
-0.0390319824
-0.1170959473
-0.4772338867
0.2386169434
-0.2386169434
0.2386169434
0.3181610107
0.0000000000
0.4772338867
0.2386169434
-0.0654754639
0.0654754639
0.5892486572
-0.3928375244
-0.0654754639
0.5237884521
-0.2618865967
0.0000000000
0.0765686035
0.2296905518
0.0765686035
0.0000000000
0.9187469482
0.1914062500
0.0765686035
0.0382843018
0.0251312256
0.0377044678
-0.0125732422
0.9927062988
0.0502624512
-0.0628356934
-0.0125732422
0.0251312256
0.2853851318
0.9037017822
-0.1189117432
0.0713500977
-0.0237884521
0.2378234863
0.0475616455
-0.0713500977
0.4362182617
0.0436248779
-0.1308593750
0.3053588867
-0.0436248779
0.4362182617
0.3489685059
-0.5670928955
-0.2250061035
-0.7500000000
-0.2250061035
0.0749969482
0.2250061035
0.0000000000
-0.3000030518
0.0000000000
0.2058258057
-0.4116668701
-0.4116668701
-0.4116668701
0.1029205322
-0.1029205322
-0.2058258057
0.0000000000
0.0000000000
0.0000000000
0.0000000000
0.0000000000
-0.0588226318
0.0000000000
0.0000000000
0.0000000000
0.1150360107
0.0000000000
0.2300720215
0.1150360107
0.1150360107
0.0000000000
0.0000000000
0.0000000000
-0.2202148438
0.8808593750
0.0000000000
0.1835174561
-0.0366973877
0.0734100342
-0.0734100342
0.2936248779
-0.3245239258
-0.1622619629
0.0540924072
-0.1622619629
0.0000000000
0.3245239258
-0.7031402588
0.3786163330
-0.0552215576
0.1104583740
-0.1656799316
0.1104583740
-0.4970397949
-0.6627197266
-0.3313598633
0.2209014893
-0.0270538330
0.0541076660
-0.1893768311
-0.2705535889
-0.5951995850
-0.7034301758
0.1082153320
0.0541076660
0.1489257812
0.5212554932
0.2978515625
-0.1116943359
-0.7446441650
-0.0744628906
0.0000000000
0.0000000000
0.1162567139
-0.0581207275
0.4650115967
-0.2324981689
-0.1162567139
-0.1162567139
0.0581207275
-0.7556457520
-0.1521301270
0.1521301270
0.1521301270
-0.1521301270
0.5324401855
0.2281951904
0.6085052490
0.0760650635
0.3312072754
0.0736083984
-0.2944183350
-0.0736083984
0.1472015381
-0.8096313477
-0.2576141357
0.0736083984
0.1178436279
-0.2357025146
-0.1178436279
0.0000000000
0.1178436279
-0.1178436279
0.0000000000
0.0000000000
0.0800933838
0.3204040527
0.0800933838
0.0400543213
-0.2402954102
0.2002563477
-0.8410491943
-0.1602020264
0.4037933350
0.0000000000
-0.5047454834
0.0000000000
0.0000000000
-0.4037933350
0.2019042969
0.1009521484
0.1089782715
0.8172912598
-0.3269195557
-0.0544891357
-0.2179412842
-0.1089782715
-0.1634521484
-0.1634521484
0.0000000000
0.0000000000
0.1000061035
0.1000061035
-0.1000061035
0.0000000000
-0.1000061035
0.0000000000
0.0000000000
0.2139739990
0.0713195801
0.0000000000
0.0713195801
0.1426544189
0.8558959961
-0.1426544189
0.0000000000
0.1312255859
0.3936767578
-0.1968383789
-0.2624511719
0.7217407227
-0.1968383789
0.1312255859
-0.2387695312
-0.1591796875
0.5173492432
-0.3979644775
0.1193847656
-0.0795898438
-0.6367340088
0.1193847656
0.0000000000
0.1113433838
-0.1113433838
0.1113433838
0.1113433838
-0.1113433838
0.1113433838
0.0000000000
0.3019256592
-0.0431365967
0.0000000000
-0.8195190430
-0.3019256592
0.0862731934
0.1725311279
0.2156677246
-0.0751800537
-0.1503753662
0.6766662598
-0.2756805420
-0.1754302979
-0.1503753662
0.4009857178
-0.4511108398
0.0000000000
0.0000000000
0.0000000000
0.0000000000
-0.0785675049
0.0000000000
0.0785675049
0.0000000000
-0.1064758301
-0.1064758301
0.1064758301
0.0000000000
0.0000000000
-0.1064758301
0.0000000000
0.1064758301
-0.0597076416
0.9552307129
0.0895538330
-0.1194000244
0.0298461914
0.1194000244
-0.1194000244
0.0597076416
-0.1039276123
0.0000000000
-0.1039276123
0.3117980957
0.4157409668
-0.2078704834
0.3117980957
0.4157409668
-0.0312500000
0.0937347412
-0.8748931885
-0.0312500000
0.0000000000
0.2187194824
0.0624847412
0.3749542236
-0.1459197998
-0.1094512939
0.2553710938
0.1094512939
0.8390808105
0.3283386230
0.0364837646
-0.1824035645
0.0894622803
0.0536804199
-0.3041534424
0.8945617676
0.2504730225
0.1431274414
-0.0536804199
0.0000000000
0.0000000000
0.8278198242
-0.0591278076
-0.4139099121
0.0591278076
-0.1182556152
-0.0591278076
-0.0591278076
0.3520507812
-0.3840637207
-0.4480743408
0.0000000000
0.4160614014
-0.1600189209
0.5440826416
0.0000000000
0.0000000000
0.2459411621
0.0000000000
0.2459411621
0.1229705811
0.2459411621
0.1229705811
-0.3689117432
-0.0955810547
-0.0955810547
0.1911621094
0.0955810547
-0.4779052734
0.3823242188
0.4779052734
0.0955810547
-0.1178436279
0.0000000000
0.2357025146
0.1178436279
-0.1178436279
-0.1178436279
0.0000000000
0.0000000000
0.0000000000
0.2474365234
0.1237182617
0.1237182617
0.2474365234
0.0000000000
-0.1237182617
0.1237182617
-0.1032409668
0.8603820801
0.0000000000
0.1376647949
-0.0344085693
0.2064971924
-0.0688323975
0.3785705566
-0.1330261230
-0.2217254639
0.2217254639
-0.4434509277
-0.0886840820
0.2217254639
-0.5321350098
0.5321350098
-0.3230133057
0.2153472900
0.0000000000
0.2153472900
-0.2512359619
-0.6819152832
-0.3589019775
0.3230133057
0.0334777832
0.0669555664
-0.2343444824
-0.1339111328
-0.5356292725
-0.7364959717
0.2343444824
0.0334777832
0.0358276367
0.5014953613
0.2149200439
-0.0716400146
-0.7880554199
0.1074676514
0.0358276367
-0.1432800293
0.3963012695
0.1981506348
0.0990753174
-0.1981506348
0.0000000000
-0.0990753174
0.1981506348
-0.5944366455
-0.3087158203
-0.1029052734
0.3087158203
-0.2572631836
0.5659790039
0.0514526367
0.5659790039
0.0514526367
0.1421051025
0.1065826416
-0.6394653320
-0.2486877441
-0.0355224609
-0.6394653320
-0.2131500244
0.0355224609
-0.1249389648
-0.2498626709
-0.1249389648
0.2498626709
0.2498626709
0.0000000000
0.0000000000
0.1249389648
0.0000000000
0.1148376465
-0.0382843018
-0.0765686035
-0.4593658447
0.0765686035
-0.8421783447
0.0765686035
-0.0749969482
0.0000000000
-0.5249938965
-0.4499969482
-0.1499938965
-0.2250061035
0.4499969482
0.2250061035
0.1312408447
0.7436981201
-0.3499755859
-0.0874938965
-0.0874938965
-0.1749877930
-0.0874938965
-0.4374694824
0.0000000000
0.1000061035
0.0000000000
0.1000061035
0.0000000000
0.0000000000
-0.1000061035
0.1000061035
0.0594482422
0.3566436768
0.0000000000
-0.1188812256
0.1188812256
0.1783294678
0.8321838379
0.0000000000
0.1685180664
0.5055694580
0.3370513916
-0.2808685303
-0.4494018555
0.4494018555
-0.0561676025
-0.1123504639
0.0722045898
-0.0361022949
0.3609924316
-0.3248901367
0.0000000000
-0.2527008057
-0.7941894531
0.1443939209
-0.1249389648
0.1249389648
-0.3748321533
0.1249389648
0.0000000000
-0.2498779297
0.1249389648
0.0000000000
0.5262908936
-0.1052551270
0.0000000000
-0.6666412354
-0.4210357666
0.0350799561
-0.0701751709
0.2105102539
-0.1345672607
-0.2467041016
0.6279602051
-0.3139801025
-0.0672760010
-0.0672760010
0.3364105225
-0.5382537842
0.1113433838
-0.1113433838
-0.1113433838
0.1113433838
0.0000000000
-0.1113433838
0.1113433838
0.0000000000
0.0840911865
-0.2522888184
0.2522888184
0.7568817139
-0.0840911865
0.0840911865
-0.1681976318
-0.0840911865
0.0000000000
0.9777069092
0.0296325684
0.0592498779
0.0000000000
0.0000000000
-0.0888824463
-0.0592498779
-0.1105499268
0.1105499268
0.2211151123
0.3316650391
0.3316650391
0.0000000000
0.4422149658
0.2211151123
0.0000000000
0.0000000000
-0.8580322266
0.0000000000
0.0000000000
0.1560058594
0.0780029297
0.4290161133
0.0627288818
0.0000000000
0.2509002686
-0.0627288818
0.8154449463
0.3136291504
0.1881713867
0.0000000000
0.0296325684
0.0444488525
-0.2519073486
0.9335632324
0.1926422119
0.1333618164
-0.0148162842
0.0000000000
0.5150756836
0.3679046631
-0.0735778809
-0.4414978027
0.1471710205
0.2943267822
-0.1471710205
-0.2943267822
0.2297668457
-0.4308319092
-0.4882659912
0.0000000000
0.4308319092
-0.2010498047
0.5169830322
-0.0574493408
0.1219482422
0.1219482422
-0.1219482422
0.4878082275
0.0000000000
0.2438964844
0.1219482422
-0.1219482422
0.7520904541
0.0000000000
-0.0752105713
0.1504211426
-0.1504211426
0.3760528564
0.2256317139
0.0000000000
-0.1196746826
-0.1196746826
0.3590087891
0.1196746826
-0.3590087891
-0.2393341064
0.2393341064
0.0000000000
-0.1247863770
0.2495727539
0.1247863770
0.0000000000
0.3743438721
0.1247863770
-0.1247863770
0.1247863770
-0.0265197754
0.9280853271
0.0265197754
0.0265197754
0.0265197754
0.2916870117
0.0530395508
0.1591033936
-0.1789703369
-0.2237091064
0.2237091064
-0.4474182129
0.0000000000
0.2684478760
-0.5368957520
0.4921569824
-0.4324340820
0.2306365967
0.1153106689
0.2017974854
-0.1729736328
-0.6054077148
-0.4036102295
0.3459472656
0.0291748047
0.1750183105
-0.1458435059
0.0000000000
-0.2625274658
-0.8751068115
0.2917022705
0.0000000000
0.0000000000
0.1952514648
0.1952514648
-0.0976257324
-0.8298492432
0.2440795898
-0.0488128662
-0.2928924561
0.2048339844
0.2048339844
0.2048339844
-0.6144866943
-0.3072509766
0.0000000000
0.1024169922
-0.1024169922
-0.2376556396
-0.3168640137
0.4752960205
-0.1584320068
0.3960876465
-0.1584320068
0.5941314697
0.0792236328
-0.0407409668
0.1222229004
-0.6111297607
-0.2444458008
0.0000000000
-0.6111297607
-0.2851867676
0.2037048340
-0.4157409668
-0.4157409668
0.0000000000
0.3117980957
0.3117980957
-0.1039276123
-0.2078704834
0.1039276123
-0.0612792969
0.0000000000
-0.0306396484
-0.1225585938
-0.3983001709
0.0306396484
-0.8885345459
0.0306396484
-0.3403472900
0.0425415039
-0.5530700684
-0.5105285645
-0.1701812744
-0.0425415039
0.4679870605
0.0850830078
0.1461029053
0.6817779541
-0.1461029053
0.0000000000
-0.0487060547
-0.0973968506
-0.0487060547
-0.6330871582
0.0000000000
0.0000000000
0.1000061035
-0.1000061035
0.0000000000
-0.1000061035
-0.1000061035
0.0000000000
-0.0594482422
0.4755249023
-0.0594482422
-0.1188812256
0.1783294678
0.0594482422
0.7727355957
0.0594482422
0.3537139893
0.4863586426
0.0884246826
-0.1768646240
-0.4863586426
0.4863586426
0.1768646240
0.1768646240
0.2298736572
-0.0328369141
0.2627105713
-0.2298736572
-0.0985107422
-0.4269104004
-0.7553100586
0.1641998291
0.0000000000
0.1034240723
-0.7239532471
0.1034240723
-0.1034240723
0.0000000000
-0.1034240723
0.2068481445
0.6369323730
0.0000000000
0.0374603271
-0.4870605469
-0.3746643066
0.0000000000
-0.4121398926
0.0000000000
-0.1067962646
-0.2135772705
0.6621093750
-0.3630981445
-0.0640716553
-0.0427093506
0.2990112305
-0.5126037598
0.2226867676
0.0000000000
-0.1113433838
0.0000000000
0.0000000000
0.0000000000
0.1113433838
0.0000000000
0.1240081787
-0.0619964600
0.0000000000
-0.7440185547
0.0000000000
0.3100128174
0.1240081787
-0.4340209961
0.1108551025
0.8498992920
-0.1108551025
0.2956085205
0.0000000000
-0.2217102051
0.0738983154
-0.2586669922
-0.1060485840
0.2120971680
0.1060485840
0.3181304932
0.4241790771
0.1060485840
0.4241790771
0.2120971680
0.0475311279
-0.1901245117
-0.7604980469
-0.0475311279
-0.0950622559
0.1901245117
-0.1901245117
0.4753112793
0.0000000000
0.1746673584
0.2328948975
0.0000000000
0.8151397705
0.1746673584
0.2328948975
0.2328948975
-0.0775299072
0.1356658936
-0.1356658936
0.9496917725
0.1550598145
0.0969085693
0.0193786621
-0.0969085693
0.3752136230
0.5628051758
-0.0937957764
-0.1876068115
0.1876068115
0.5628051758
-0.2345123291
-0.1407012939
0.1612701416
-0.5805664062
-0.3225402832
-0.0967559814
0.4515533447
-0.2257690430
0.4837951660
-0.0322570801
0.3461608887
-0.1153869629
-0.1153869629
0.4615325928
0.0000000000
0.2307739258
0.2307739258
-0.1153869629
0.8423767090
-0.1403961182
-0.0467987061
0.1871948242
-0.2807922363
0.2339935303
0.1403961182
-0.0935974121
0.0000000000
-0.2258758545
0.3388214111
0.0000000000
-0.4517517090
-0.1129455566
0.3388214111
-0.1129455566
-0.2295379639
0.4590759277
-0.1147766113
0.0000000000
0.4590759277
0.0000000000
0.0000000000
0.0000000000
0.0239562988
0.9580535889
0.0239562988
0.0239562988
0.0718536377
0.2155609131
0.0718536377
0.0718536377
-0.2518768311
-0.0839538574
0.2098846436
-0.3778076172
-0.0419769287
0.5037384033
-0.4197845459
0.5037384033
-0.1524047852
0.0609588623
0.0914459229
0.0000000000
-0.5791625977
-0.4267425537
-0.6096343994
0.2133789062
-0.0702514648
0.2107696533
-0.1405181885
-0.1053924561
-0.1405181885
-0.8431091309
0.3864288330
0.0000000000
0.0475921631
0.1427612305
0.2379302979
-0.0951690674
-0.8089447021
0.3806762695
-0.1903381348
-0.0475921631
-0.0626068115
0.1252136230
0.5634307861
-0.5008239746
-0.1252136230
-0.1252136230
0.0000000000
0.5008239746
0.0600738525
-0.4205474854
0.4806365967
-0.1201629639
0.1802368164
-0.3604736328
0.5407104492
0.0000000000
0.0000000000
0.2302398682
-0.6907348633
-0.3223419189
0.0000000000
-0.4604949951
-0.2762908936
0.0921020508
-0.5011291504
-0.4176177979
0.2505645752
0.1670379639
0.2505645752
0.0835266113
-0.4176177979
0.0000000000
-0.0743103027
0.0371551514
-0.0371551514
-0.1486206055
-0.2229309082
0.0000000000
-0.9288787842
-0.1114654541
-0.4177093506
0.0348052979
-0.5221252441
-0.5221252441
-0.2088470459
-0.1044311523
0.4177093506
0.1044311523
0.1867218018
0.6846466064
0.1244812012
0.0000000000
0.0000000000
0.0622406006
-0.1867218018
-0.5601654053
0.0000000000
0.2432556152
-0.1216278076
-0.1216278076
0.0000000000
0.0000000000
0.0000000000
-0.2432556152
-0.1127014160
0.6762237549
-0.1690521240
0.0000000000
0.1690521240
0.2254028320
0.5635223389
0.0000000000
0.3723602295
-0.0465393066
-0.1396331787
-0.2327270508
-0.3723602295
0.3723602295
0.4188995361
0.5119934082
0.4374847412
-0.0364532471
0.3281250000
-0.1458282471
-0.0364532471
-0.5104064941
-0.5833282471
0.1822814941
0.0000000000
0.0776367188
-0.6986694336
0.2328948975
-0.1552581787
-0.0776367188
0.0000000000
0.4657745361
0.3558044434
0.1334228516
0.0444793701
-0.2668609619
-0.4002838135
-0.0444793701
-0.7116088867
-0.2223815918
0.0000000000
-0.1697692871
0.7760772705
-0.2667694092
-0.0727539062
-0.0485076904
0.2425231934
-0.4608001709
0.2226867676
0.0000000000
0.0000000000
0.1113433838
0.0000000000
0.1113433838
0.0000000000
0.0000000000
0.0683898926
-0.0683898926
0.0683898926
-0.9574127197
0.1025848389
-0.0341949463
-0.0341949463
-0.1367797852
0.3437500000
0.3437500000
-0.3928680420
0.3437500000
-0.3437500000
-0.3928680420
0.1473236084
-0.3437500000
0.0000000000
0.2405242920
0.1202545166
0.3607788086
0.3607788086
0.0000000000
0.2405242920
0.1202545166
0.2102966309
-0.1401977539
-0.4205932617
-0.2803955078
0.0000000000
0.2803955078
-0.3504943848
0.5607910156
0.0000000000
0.0900268555
0.1350402832
0.1800537109
0.9002532959
0.0000000000
0.1800537109
0.1800537109
-0.0837402344
0.1674957275
-0.1674957275
0.9212188721
0.1395721436
0.1116638184
0.0558319092
-0.1674957275
0.2061157227
0.7420196533
-0.2061157227
-0.1648864746
0.1648864746
0.4534606934
-0.2061157227
-0.0824432373
0.1625671387
-0.4876861572
-0.2032012939
-0.1219177246
0.4470520020
-0.4470520020
0.4470520020
-0.1625671387
0.1681976318
0.6727905273
0.0840911865
0.3363952637
0.1681976318
0.3363952637
0.0840911865
-0.0840911865
0.6908416748
-0.2467346191
0.0000000000
0.3454132080
-0.3454132080
0.3454132080
0.1480407715
0.0493469238
0.0000000000
0.1237182617
0.2474365234
0.0000000000
-0.1237182617
0.1237182617
0.1237182617
-0.2474365234
0.0000000000
0.3642120361
-0.2428131104
-0.1213989258
0.3642120361
-0.1213989258
0.1213989258
-0.1213989258
0.1222686768
0.9292755127
0.0978240967
-0.0733642578
0.0000000000
0.2200927734
0.1956329346
0.0244598389
-0.3791351318
0.0000000000
0.2948913574
-0.2527618408
-0.1685028076
0.5055236816
-0.2527618408
0.5476531982
-0.0593566895
0.0296783447
0.0890350342
-0.0593566895
-0.7419891357
-0.2967987061
-0.5342254639
0.1780700684
-0.3070831299
-0.0614166260
-0.3684997559
-0.2456665039
0.1228332520
-0.3070831299
0.6141815186
0.3070831299
-0.0621185303
0.1863555908
0.0000000000
-0.1242370605
-0.6833343506
0.5590820312
-0.1863555908
0.0621185303
0.2008361816
0.1004180908
0.7028961182
-0.4016571045
-0.4518585205
-0.0502014160
0.0502014160
-0.0502014160
0.3247528076
-0.2165069580
0.3247528076
0.4330139160
-0.2165069580
-0.2165069580
-0.1082458496
0.1082458496
0.1812133789
0.0604095459
-0.6644592285
-0.3020324707
0.0000000000
-0.3624267578
-0.4228363037
0.0000000000
-0.6419219971
-0.1426544189
0.2852935791
0.1426544189
0.3566284180
0.1426544189
-0.3566284180
0.1426544189
-0.2182006836
0.1697235107
0.0727386475
-0.0242462158
-0.1697235107
0.0000000000
-0.9213256836
-0.1454772949
-0.4080352783
0.0291442871
-0.6703491211
-0.4954681396
-0.0582885742
0.0291442871
0.3206024170
0.0582885742
0.3161926270
0.3952484131
0.0000000000
-0.1580963135
0.4742889404
-0.1580963135
-0.3161926270
-0.3952484131
0.0000000000
0.0000000000
0.0000000000
0.1247253418
-0.2494506836
-0.1247253418
0.2494506836
-0.2494506836
-0.1437377930
0.4791107178
0.0000000000
0.0958251953
0.0000000000
0.5270233154
0.6228485107
0.0000000000
0.2420654297
-0.2420654297
-0.1936492920
-0.1452331543
-0.2420654297
0.3388977051
0.3388977051
0.6777801514
0.6571044922
0.0730133057
0.3650665283
-0.2190399170
-0.0364990234
-0.4380798340
-0.3650665283
0.1095123291
-0.2258758545
0.2258758545
-0.4517517090
0.2258758545
-0.1129455566
-0.1129455566
0.1129455566
0.3388214111
-0.2539062500
0.2539062500
0.1904296875
0.0634765625
-0.5078125000
-0.1904296875
-0.3808593750
-0.5078125000
0.0478668213
0.0000000000
0.9093780518
-0.0717926025
0.0000000000
-0.1675109863
0.1914520264
-0.2871704102
0.0000000000
-0.1113433838
0.0000000000
0.1113433838
0.1113433838
-0.1113433838
-0.1113433838
-0.1113433838
-0.0301818848
-0.0301818848
0.3319244385
-0.8750762939
-0.0301818848
-0.1810455322
-0.2414093018
0.0301818848
0.2771759033
0.1385955811
-0.5543518066
0.2309875488
-0.6467437744
-0.1847839355
0.0462036133
-0.1385955811
-0.2400054932
0.0000000000
0.0000000000
0.0000000000
0.0000000000
0.1199951172
0.0000000000
0.2400054932
0.2605133057
0.1736755371
0.6078643799
-0.2605133057
-0.0868377686
0.3473510742
-0.2605133057
0.0868377686
0.0973205566
0.1946411133
0.0324401855
0.0324401855
0.9407501221
0.0324401855
0.0648803711
0.1622009277
-0.0604858398
0.1209716797
-0.1512145996
0.9375762939
0.0907287598
0.0302429199
0.0907287598
-0.1814575195
0.1991882324
0.8963775635
-0.0995941162
-0.0995941162
-0.0995941162
0.2987976074
-0.0332031250
0.0332031250
0.1824645996
-0.1368560791
-0.2280883789
0.0912322998
0.3193206787
-0.3193206787
0.4561614990
-0.6386260986
0.1141510010
-0.1141510010
-0.1141510010
-0.1141510010
0.4566192627
0.1141510010
-0.1141510010
-0.4566192627
-0.5433349609
-0.4527893066
-0.1811065674
0.1811065674
0.0000000000
0.0905609131
0.0905609131
0.3622283936
0.1199951172
0.0000000000
0.1199951172
-0.1199951172
-0.1199951172
-0.1199951172
0.2400054932
0.0000000000
0.2300720215
0.0000000000
0.0000000000
0.0000000000
0.1150360107
-0.1150360107
0.0000000000
-0.1150360107
0.0811767578
0.9741058350
0.0405883789
0.0000000000
-0.0405883789
0.1217651367
0.0811767578
0.0811767578
-0.3421173096
0.0000000000
-0.1954956055
0.6842193604
-0.2932434082
0.2932434082
-0.0977478027
0.3421173096
-0.0364379883
0.0728607178
0.0728607178
-0.0728607178
-0.8744049072
-0.2914733887
-0.2914733887
0.0728607178
-0.5324401855
-0.1521301270
-0.0760650635
-0.3803100586
0.1521301270
0.1521301270
0.4563751221
0.3042602539
0.0000000000
0.0939483643
0.0000000000
-0.0939483643
-0.4697723389
0.6576843262
-0.0939483643
0.0939483643
0.2420654297
0.2420654297
0.3630981445
-0.3025817871
-0.5446319580
-0.0605163574
-0.0605163574
-0.4841156006
0.8125762939
-0.1523590088
0.3047180176
0.1015777588
0.3047180176
-0.1523590088
0.1015777588
-0.0507812500
0.3480072021
-0.1159973145
-0.2320098877
0.2320098877
0.0000000000
-0.2320098877
-0.2320098877
-0.3480072021
-0.3750000000
0.1250000000
-0.1250000000
-0.1250000000
0.1250000000
-0.1250000000
-0.1250000000
0.1250000000
-0.1576843262
0.0394134521
0.0788421631
0.0788421631
-0.0788421631
0.0591278076
-0.9657897949
-0.0788421631
-0.2134857178
0.1067504883
-0.8539581299
-0.2935485840
0.0000000000
0.2935485840
0.1334381104
-0.0266876221
0.1570892334
0.8639678955
-0.1963500977
0.0000000000
0.3141632080
-0.0392761230
-0.0392761230
-0.1963500977
-0.1216278076
-0.1216278076
0.0000000000
0.1216278076
-0.2432556152
-0.1216278076
-0.1216278076
-0.1216278076
-0.1141510010
0.2283172607
0.1141510010
0.0000000000
0.0000000000
0.5137176514
0.7420349121
0.0000000000
0.3997039795
0.0666198730
-0.1998443604
-0.1332397461
-0.1332397461
0.5329437256
0.3330841064
0.4663238525
0.4057312012
0.2434387207
0.4463195801
-0.4057312012
-0.1217193604
-0.2840118408
-0.4868927002
0.1622924805
0.0000000000
0.0000000000
-0.3729858398
0.1243286133
0.0000000000
0.1243286133
-0.1243286133
0.1243286133
-0.0610809326
0.2442932129
0.1832275391
-0.4886016846
-0.6107482910
-0.1832275391
0.0000000000
-0.3664398193
-0.0240173340
0.0480346680
0.9367980957
0.0000000000
0.0240173340
-0.1201019287
0.1681365967
-0.2402038574
-0.1199951172
-0.2400054932
-0.1199951172
0.1199951172
-0.1199951172
0.0000000000
0.0000000000
-0.1199951172
-0.0820465088
-0.0546875000
0.4102020264
-0.8477478027
-0.1093902588
-0.1367340088
-0.1914215088
0.1093902588
0.2380218506
0.7934112549
-0.3173675537
0.1983489990
-0.3173675537
-0.0793457031
0.0396728516
-0.1190185547
-0.3607788086
0.0000000000
-0.2405242920
0.1202545166
0.0000000000
0.1202545166
0.2405242920
0.3607788086
0.1811065674
0.4527893066
0.5433349609
-0.2716674805
0.0905609131
0.1811065674
-0.1811065674
0.1811065674
0.1338195801
0.2676544189
0.0892181396
-0.0446014404
0.8921661377
0.1784362793
0.0000000000
0.0892181396
-0.0192413330
0.1154479980
-0.0577239990
0.9812927246
0.0769653320
-0.0192413330
0.0192413330
-0.0384826660
0.2205047607
0.9096069336
-0.0551300049
0.1102600098
-0.1378173828
0.2480773926
0.0551300049
0.0275573730
0.3194427490
-0.0532379150
-0.1064758301
0.2129516602
0.1597137451
0.3726806641
0.3194427490
-0.6921234131
-0.1034240723
-0.6205291748
-0.1034240723
0.0000000000
0.3102722168
-0.1034240723
0.0000000000
-0.3102722168
0.1153869629
-0.3461608887
-0.4615325928
-0.1153869629
0.2307739258
0.1153869629
0.0000000000
0.2307739258
0.1000061035
0.1000061035
0.0000000000
0.0000000000
0.1000061035
-0.1000061035
0.0000000000
0.0000000000
0.2498626709
-0.1249389648
0.2498626709
0.0000000000
0.0000000000
0.1249389648
0.1249389648
-0.2498626709
0.0239562988
0.9822998047
0.0718688965
0.0479125977
-0.0239562988
0.0239562988
0.0718688965
0.0479125977
-0.1408843994
-0.4226531982
-0.2113342285
-0.5635375977
-0.2113342285
0.0704498291
-0.2113342285
0.4226531982
-0.0629730225
0.3148651123
-0.1259460449
0.1259460449
-0.2518920898
-0.7556762695
-0.3148651123
0.0000000000
-0.0743865967
0.1487884521
-0.1983795166
-0.1983795166
-0.5455627441
-0.6943511963
0.2975769043
-0.0743865967
-0.0324554443
0.5193023682
0.3570251465
-0.0649108887
-0.7465057373
0.0324554443
0.0324554443
0.0649108887
0.2797088623
0.0699310303
0.0699310303
0.1398620605
-0.1398620605
0.0000000000
-0.0699310303
-0.8391418457
-0.2100067139
0.0000000000
0.3675231934
-0.2625122070
0.4200134277
0.2100067139
0.6300354004
0.2100067139
0.2778472900
-0.1234893799
0.7100524902
0.2778472900
0.0308685303
-0.5248107910
-0.1234893799
0.0617370605
-0.1243286133
-0.1243286133
0.0000000000
0.2486572266
0.2486572266
-0.1243286133
-0.1243286133
-0.1243286133
0.0211639404
0.0634918213
0.0000000000
0.0423278809
-0.0634918213
0.1058349609
-0.9736480713
-0.1269989014
0.6704254150
-0.1117401123
0.0000000000
0.0000000000
-0.2234802246
-0.1117401123
0.0000000000
0.0000000000
0.0726013184
0.9439086914
-0.2420196533
0.0000000000
-0.0968170166
-0.0968170166
-0.0484008789
-0.0726013184
0.0000000000
0.1237182617
0.1237182617
0.1237182617
-0.1237182617
0.2474365234
-0.2474365234
0.0000000000
0.0805511475
-0.0805511475
-0.1611022949
-0.1611022949
0.2416381836
-0.3221893311
0.7249298096
0.1611022949
0.0000000000
0.2676544189
0.6022186279
-0.1338195801
0.0000000000
0.4014739990
-0.4683837891
0.1338195801
-0.2091522217
-0.1045684814
0.7320251465
-0.3660125732
0.0000000000
0.1045684814
-0.4183044434
0.0000000000
0.0000000000
0.1113433838
0.0000000000
0.0000000000
0.0000000000
-0.2226867676
0.1113433838
0.0000000000
0.5279388428
0.3016815186
0.2262573242
-0.6033630371
0.0754241943
-0.0754241943
-0.0754241943
0.0754241943
-0.1624755859
-0.1856842041
0.5802764893
-0.4178009033
-0.2553253174
0.0928497314
0.3481597900
-0.4642181396
0.0785675049
0.0000000000
-0.0785675049
0.0000000000
0.0000000000
0.0000000000
0.0000000000
0.0000000000
-0.1945648193
-0.2918548584
0.2918548584
-0.2918548584
-0.0972900391
0.0972900391
-0.5837097168
0.0972900391
-0.0307922363
0.9547576904
0.1231994629
-0.1231994629
-0.1539916992
0.0307922363
0.0307922363
-0.0307922363
-0.2842712402
0.1895141602
0.1895141602
0.2842712402
0.3790283203
-0.2842712402
0.2842712402
0.3790283203
-0.0284118652
0.0284118652
-0.9090270996
-0.0568084717
0.0000000000
0.0568084717
0.0568084717
0.3692932129
0.0000000000
-0.2201538086
0.2201538086
-0.1467742920
0.5137023926
0.4403228760
0.2201538086
-0.4403076172
0.0737609863
0.0147552490
-0.2507934570
0.9441375732
0.1180114746
0.0885162354
-0.0885162354
0.0590057373
-0.0686950684
0.9788208008
-0.1030273438
-0.0686950684
0.0515136719
-0.0343475342
-0.0858612061
0.0343475342
0.2537384033
-0.5836029053
-0.3298645020
0.1268768311
0.4567413330
-0.1776123047
0.4567413330
0.0253753662
0.0000000000
0.7332153320
0.0000000000
0.2749481201
0.0000000000
0.2749481201
-0.0916442871
-0.0916442871
0.7235565186
0.0603027344
0.0603027344
-0.0603027344
-0.3617706299
0.3014831543
0.3014831543
-0.1808929443
0.0000000000
0.0000000000
0.2400054932
0.1199951172
-0.1199951172
-0.1199951172
-0.1199951172
0.1199951172
0.1243286133
0.1243286133
0.3729858398
0.0000000000
0.0000000000
0.1243286133
0.0000000000
-0.1243286133
0.0530853271
0.9556121826
0.0530853271
0.0530853271
-0.0530853271
0.1858215332
0.1327209473
0.0265502930
0.0000000000
-0.3294982910
0.2883148193
-0.7825775146
-0.1235656738
0.0411834717
-0.1235656738
0.3294982910
-0.3489685059
0.3053588867
-0.0436248779
0.1744842529
0.0436248779
-0.6979522705
-0.3925933838
0.2181091309
-0.0938568115
0.2111816406
-0.1877288818
-0.0703887939
-0.4458465576
-0.7508850098
0.3519744873
-0.0469360352
-0.0387115479
0.5032043457
0.2322540283
-0.1161193848
-0.7741699219
0.1548309326
0.0000000000
-0.0774230957
0.3387451172
0.0846862793
0.0000000000
0.0846862793
-0.5081176758
0.0846862793
-0.0846862793
-0.5928039551
-0.3376159668
-0.1688079834
0.5064239502
-0.2532043457
0.3376159668
0.0000000000
0.5486297607
0.2532043457
0.2642517090
-0.1761779785
0.4404296875
0.2642517090
0.1321258545
-0.6606445312
-0.2642517090
0.2202148438
-0.2176361084
-0.2176361084
-0.2176361084
0.4352722168
0.3264617920
-0.3264617920
-0.1088256836
0.0000000000
-0.0678253174
0.0226135254
0.0452270508
-0.0904388428
-0.1356658936
0.0000000000
-0.9722290039
-0.0678253174
0.2456817627
-0.1228332520
-0.1228332520
-0.1228332520
-0.1228332520
0.1228332520
0.1228332520
-0.1228332520
0.1504211426
0.8774261475
-0.3509674072
0.0501403809
-0.0501403809
-0.0752105713
-0.0501403809
-0.2256164551
-0.1178436279
0.0000000000
0.0000000000
-0.1178436279
0.0000000000
0.1178436279
-0.2357025146
-0.1178436279
0.1919708252
-0.1919708252
-0.1279754639
-0.2559661865
0.1919708252
-0.2559661865
0.7678833008
0.1279754639
-0.1491699219
0.4475250244
0.4475250244
-0.2237548828
-0.3729400635
0.2983398438
-0.2983398438
0.1491699219
0.0472106934
-0.0944213867
0.6609802246
-0.4249114990
-0.0944213867
-0.1416320801
-0.5193481445
0.0000000000
0.1064758301
0.0000000000
-0.2129516602
0.0000000000
0.0000000000
0.0000000000
0.0000000000
0.0000000000
0.6008758545
0.2002868652
0.2670593262
-0.5341186523
0.0000000000
-0.1335296631
-0.2670593262
-0.0667572021
-0.1959228516
-0.1959228516
0.5877685547
-0.4136199951
-0.1741485596
0.0870819092
0.2394561768
-0.5442352295
0.0000000000
-0.1113433838
-0.1113433838
0.1113433838
0.0000000000
0.1113433838
0.1113433838
0.1113433838
0.0000000000
-0.0808105469
0.2424163818
0.4848327637
0.0000000000
0.4848327637
-0.4848327637
-0.0808105469
-0.0343170166
0.9607849121
0.1372528076
-0.1029357910
-0.0343170166
-0.0686340332
0.0343170166
-0.0343170166
-0.2405242920
0.1202545166
0.0000000000
0.2405242920
0.3607788086
0.0000000000
0.3607788086
0.1202545166
0.0000000000
-0.0619506836
-0.9292602539
-0.0619506836
-0.0309753418
0.0000000000
-0.0309753418
0.3097534180
0.0995330811
0.1990661621
0.2985992432
-0.1990661621
0.2985992432
0.4976654053
0.1990661621
-0.2985992432
0.0000000000
0.0652618408
-0.2284393311
0.9626922607
0.0815887451
0.0163116455
-0.0163116455
0.0326385498
0.0217742920
0.9583129883
-0.1524505615
-0.1306762695
0.0435638428
0.1089019775
-0.0871124268
0.0653381348
0.2517242432
-0.6544799805
-0.3272399902
0.1006927490
0.4531097412
-0.2013854980
0.3524169922
0.0251770020
-0.1117401123
0.3352050781
0.0000000000
0.5586853027
0.1117401123
0.2234802246
0.1117401123
0.1117401123
0.9297027588
0.0774688721
0.0000000000
-0.0774688721
-0.2324218750
0.0387420654
0.0774688721
-0.1162109375
-0.1196746826
0.0000000000
0.3590087891
0.0000000000
-0.3590087891
-0.3590087891
0.0000000000
0.1196746826
0.0000000000
0.3703002930
0.3703002930
-0.1234283447
0.1234283447
0.1234283447
0.1234283447
0.0000000000
-0.0263519287
0.9222717285
0.0527038574
0.0263519287
0.0527038574
0.2635040283
0.2108001709
-0.0790557861
0.0366516113
-0.2932281494
0.3298797607
-0.8430175781
-0.0733032227
-0.0733032227
-0.0733032227
0.1832580566
-0.3160400391
0.2257537842
-0.0903015137
0.0000000000
-0.2709045410
-0.6320953369
-0.5417938232
0.0903015137
-0.0705261230
0.3291473389
-0.0470275879
0.0235137939
-0.1645812988
-0.7993621826
0.4467010498
-0.0235137939
-0.0544128418
0.3808441162
0.1632232666
0.0544128418
-0.8160858154
0.1088104248
0.0000000000
-0.2176208496
0.1039276123
0.0000000000
0.2078704834
-0.5196685791
-0.4157409668
0.0000000000
-0.1039276123
0.3117980957
-0.2642517090
-0.3523406982
0.6165924072
-0.1761779785
0.1321258545
-0.1761779785
0.4844665527
0.2202148438
0.0469055176
-0.2345123291
0.3283081055
0.2345123291
0.2814025879
-0.6097106934
-0.4221038818
0.2814025879
-0.2332305908
0.0000000000
-0.2332305908
0.3498535156
0.0000000000
-0.4664764404
0.0000000000
0.1166229248
-0.1008453369
0.0605163574
0.1008453369
-0.1411895752
-0.1210174561
-0.0605163574
-0.9479827881
-0.1613616943
-0.1065826416
-0.1065826416
-0.1065826416
-0.3197631836
-0.3197631836
-0.2131805420
0.5329437256
0.1065826416
0.1644439697
0.8456726074
-0.2818908691
0.0939636230
0.0000000000
0.1174621582
-0.1174621582
-0.3523712158
-0.1247253418
0.1247253418
0.0000000000
-0.1247253418
0.1247253418
0.0000000000
-0.1247253418
-0.3741607666
0.0805511475
0.1611022949
-0.3221893311
-0.2416381836
0.3221893311
-0.3221893311
0.5638275146
0.2416381836
0.0000000000
0.1954498291
-0.1954498291
0.0000000000
-0.5863494873
0.0000000000
0.2931823730
0.3908996582
0.3877563477
-0.0484771729
0.5331726074
-0.4362335205
-0.2423553467
-0.1938781738
-0.4362335205
0.0969390869
0.1172332764
0.0000000000
-0.5861816406
0.1172332764
0.0000000000
0.2344665527
-0.1172332764
0.1172332764
0.3971862793
0.1489410400
0.1985931396
-0.4468383789
0.0000000000
-0.1489410400
-0.6454315186
-0.2482452393
-0.1443328857
-0.1683807373
0.6735382080
-0.3127136230
-0.1924438477
0.0962219238
0.1683807373
-0.5532684326
0.1150360107
0.1150360107
0.0000000000
0.0000000000
0.2300720215
0.0000000000
0.1150360107
0.0000000000
-0.1928405762
-0.1928405762
0.2892761230
-0.3856964111
-0.1928405762
0.4821166992
-0.2892761230
0.0964202881
0.1443939209
0.8663787842
-0.1925354004
0.0962677002
-0.0481262207
-0.2887878418
0.0000000000
-0.1443939209
-0.1990661621
0.2985992432
0.0995330811
0.3981323242
0.4976654053
0.0995330811
0.2985992432
0.0000000000
0.0959320068
-0.1439056396
-0.8154296875
-0.1439056396
0.0479736328
0.0479736328
-0.2398376465
0.3837280273
-0.1887054443
0.4717712402
0.2830657959
0.3774108887
0.2830657959
0.2830657959
0.1887054443
0.0943603516
0.0000000000
0.0521545410
-0.2086486816
0.9388885498
0.1564788818
-0.0782470703
0.1304016113
0.0521545410
0.0840759277
0.9249114990
-0.1891784668
-0.0840759277
0.1051025391
0.2312316895
-0.1261291504
0.0000000000
0.3476715088
-0.6605682373
-0.1390686035
0.0000000000
0.4519653320
-0.3128967285
0.2781372070
0.0695343018
-0.1093902588
-0.1093902588
-0.1093902588
0.5469665527
0.3281707764
0.2187805176
0.1093902588
0.2187805176
0.9347991943
-0.0283203125
0.0283203125
0.0849761963
-0.2266235352
0.1416320801
0.0849761963
-0.1133117676
0.0000000000
0.0000000000
0.3748321533
0.0000000000
-0.2498779297
0.0000000000
0.0000000000
-0.2498779297
-0.3535461426
0.4714050293
-0.1178436279
0.0000000000
0.2357025146
0.0000000000
-0.1178436279
0.1178436279
-0.0341339111
0.8533325195
0.1365356445
-0.0341339111
0.1024017334
0.2389373779
0.3413391113
-0.1706695557
-0.0735473633
-0.1838836670
0.4413146973
-0.8090820312
-0.1103363037
-0.0735473633
-0.0367736816
0.2206573486
-0.1334228516
-0.0444793701
-0.0444793701
-0.1779022217
-0.4892272949
-0.4447631836
-0.6671295166
0.0000000000
-0.1835174561
0.3303222656
-0.1101074219
-0.0366973877
0.0000000000
-0.6239318848
0.6239318848
0.1468048096
0.0000000000
0.5145263672
0.2058105469
0.0514526367
-0.7717742920
0.0514526367
-0.0514526367
-0.0514526367
0.0000000000
-0.0675201416
0.5401306152
-0.5401306152
-0.1350250244
-0.2700653076
0.0675201416
0.4050903320
-0.5067901611
-0.2534027100
0.5701446533
-0.1900482178
-0.1266937256
-0.2534027100
0.3167419434
0.0633544922
0.0509185791
-0.1018371582
0.2036743164
0.1527557373
0.3564147949
-0.6110076904
-0.5600891113
0.1527557373
-0.2300720215
0.0000000000
0.0000000000
0.1150360107
0.0000000000
-0.1150360107
-0.1150360107
0.0000000000
-0.1191101074
0.1191101074
0.1191101074
-0.1191101074
-0.0714721680
0.0000000000
-0.9290618896
-0.2382202148
-0.2156066895
0.2156066895
-0.2156066895
-0.4312133789
-0.2874755859
-0.2874755859
0.5030822754
0.2874755859
0.2223358154
0.7622833252
-0.3176116943
0.1588134766
0.0952911377
0.1905670166
-0.2540893555
-0.3176116943
0.0000000000
0.2474365234
-0.1237182617
0.0000000000
-0.1237182617
0.1237182617
0.1237182617
-0.2474365234
0.0878143311
0.6146697998
-0.3512420654
-0.0878143311
0.2634277344
-0.0878143311
0.2634277344
0.2634277344
-0.0722351074
-0.3612060547
-0.4334411621
-0.2167205811
-0.3612060547
-0.0722351074
0.4334411621
0.3612060547
0.6416015625
-0.0534667969
0.4812011719
-0.3742675781
-0.0534667969
-0.2138671875
-0.2673339844
0.0000000000
-0.1141510010
0.1141510010
-0.5707855225
0.0000000000
-0.1141510010
0.0000000000
-0.1141510010
0.3424682617
-0.1201629639
0.2403106689
0.2403106689
-0.3003997803
-0.0600738525
-0.0600738525
-0.6007843018
-0.5407104492
-0.1011657715
-0.1011657715
0.7081909180
-0.2360687256
-0.2360687256
0.1011657715
0.1686096191
-0.5395660400
0.3748016357
0.0000000000
0.1249389648
0.0000000000
0.1249389648
0.0000000000
0.0000000000
-0.2498626709
-0.0939483643
-0.2818603516
0.5637359619
-0.2818603516
-0.1879119873
-0.0939483643
-0.2818603516
0.2818603516
0.4408111572
0.1259460449
-0.5667572021
0.2518920898
-0.2518920898
-0.3778381348
-0.0629730225
-0.2518920898
0.1242218018
0.1242218018
0.1242218018
0.0000000000
0.3726806641
0.2484588623
-0.2484588623
0.0000000000
0.0878143311
-0.2634277344
-0.5268554688
-0.1756134033
0.0000000000
0.0000000000
-0.2634277344
0.5268554688
-0.0678253174
0.2712860107
0.0678253174
0.4747619629
0.6782379150
0.2034759521
0.1356506348
0.1356506348
0.0802917480
-0.0802917480
-0.3613281250
0.8029327393
0.2007293701
-0.1605834961
0.2810211182
0.1204376221
0.0273742676
0.9034423828
-0.2190246582
-0.1368865967
0.1368865967
0.1916351318
-0.1916351318
0.0000000000
0.2742614746
-0.4571075439
0.0914154053
-0.0914154053
0.4571075439
-0.5485382080
0.3199768066
-0.1371307373
-0.1202545166
0.2405242920
-0.2405242920
0.2405242920
0.3607788086
0.1202545166
-0.1202545166
0.2405242920
0.7401885986
-0.1973876953
0.1480407715
0.2467346191
-0.3454132080
0.3454132080
0.0986938477
-0.0493469238
0.0000000000
0.1216278076
0.2432556152
0.0000000000
0.0000000000
0.0000000000
0.1216278076
-0.2432556152
-0.1247253418
0.2494506836
0.0000000000
0.0000000000
0.2494506836
0.2494506836
0.1247253418
0.0000000000
0.0457611084
0.8236694336
0.0915222168
0.0457611084
-0.0457611084
0.3203125000
0.3660736084
-0.0457611084
-0.3901672363
-0.1114807129
0.4459075928
-0.6131134033
-0.2786865234
0.0557403564
0.0000000000
0.2786865234
0.0000000000
0.0000000000
0.0000000000
-0.2189178467
-0.6020202637
-0.4378356934
-0.5473022461
0.0000000000
-0.3685302734
0.1053009033
-0.2105865479
-0.2632446289
0.1053009033
-0.1579437256
0.5791168213
0.5264739990
-0.0720520020
0.5764312744
0.1441040039
0.0000000000
-0.6484832764
0.2161560059
0.0000000000
0.0000000000
0.2618865967
0.1964111328
0.5237884521
-0.4583129883
-0.4583129883
-0.1309509277
0.1964111328
0.0000000000
-0.1895141602
-0.1895141602
0.6633148193
0.0947570801
0.0947570801
-0.2842712402
0.1895141602
0.1895141602
0.2268524170
-0.1134185791
0.3402709961
0.0567169189
0.3402709961
-0.5104064941
-0.5671234131
0.1134185791
-0.2432556152
0.0000000000
0.0000000000
0.1216278076
-0.1216278076
0.0000000000
-0.2432556152
0.0000000000
-0.2160644531
0.1440429688
0.1440429688
0.0000000000
-0.0960235596
0.0720214844
-0.9122467041
-0.2160644531
-0.1448974609
0.1448974609
-0.7728118896
-0.4830017090
-0.0966033936
0.0482940674
0.1932067871
0.0482940674
0.2085876465
0.5214538574
-0.5214538574
0.1564331055
0.2607269287
0.0000000000
-0.3650207520
-0.3128662109
0.0000000000
0.0000000000
0.1216278076
0.0000000000
-0.2432556152
-0.1216278076
0.2432556152
0.0000000000
0.0000000000
0.4821166992
-0.0964202881
0.0000000000
0.0964202881
0.3856964111
0.4821166992
0.1928405762
-0.0756378174
-0.3781585693
-0.3781585693
-0.2268981934
-0.3781585693
0.1512603760
0.3025360107
0.4537963867
0.5363311768
0.0487518311
0.5850830078
-0.4875640869
0.0487518311
-0.0975189209
-0.1950225830
0.0487518311
-0.1199951172
0.1199951172
-0.1199951172
0.1199951172
0.0000000000
0.0000000000
-0.1199951172
0.2400054932
-0.2822113037
0.2822113037
0.3386535645
-0.3386535645
-0.2822113037
-0.2822113037
-0.1693267822
-0.5644073486
-0.0415344238
0.1246185303
0.7477569580
-0.1246185303
-0.2492523193
-0.0830841064
0.3323364258
-0.4154205322
0.1064758301
0.0000000000
0.0000000000
0.1064758301
0.0000000000
-0.1064758301
-0.1064758301
-0.1064758301
-0.1911926270
0.0000000000
0.7010498047
-0.1911926270
-0.1274566650
-0.3186645508
-0.3823852539
0.1911926270
0.3422546387
-0.4107055664
-0.4791564941
0.2053527832
-0.4791564941
-0.1369018555
-0.1369018555
-0.1369018555
0.1247863770
-0.2495727539
0.0000000000
-0.2495727539
-0.1247863770
0.2495727539
-0.2495727539
0.0000000000
0.3535461426
0.2357025146
0.0000000000
0.0000000000
0.1178436279
-0.1178436279
0.1178436279
0.4714050293
0.1367034912
0.3189849854
0.0000000000
0.1822814941
0.8658142090
0.0911407471
-0.0455627441
0.1367034912
0.0558166504
0.1116485596
-0.3907623291
0.7257080078
0.2232971191
-0.1674652100
0.3349456787
0.1116485596
0.1545104980
0.9270324707
-0.1854095459
-0.0926971436
0.0000000000
0.1545104980
-0.1236114502
0.0617980957
0.1961975098
-0.2942962646
-0.0980987549
0.0000000000
0.4414367676
-0.2452392578
0.4904785156
-0.5395355225
0.0000000000
-0.3197631836
-0.3197631836
-0.3197631836
0.4263610840
0.0000000000
-0.2131805420
-0.2131805420
0.1249389648
-0.2498779297
0.0000000000
0.0000000000
-0.2498779297
0.2498779297
0.2498779297
0.0000000000
0.0000000000
0.1178436279
0.1178436279
0.0000000000
-0.1178436279
-0.1178436279
0.2357025146
0.0000000000
0.0000000000
-0.1064758301
0.0000000000
0.1064758301
0.1064758301
0.1064758301
-0.1064758301
0.0000000000
0.0000000000
0.9054412842
0.0000000000
0.1810913086
-0.0724334717
0.2173004150
0.0724334717
0.2173004150
-0.3840026855
-0.2879943848
0.0000000000
0.5760040283
-0.1920013428
0.1920013428
0.0000000000
0.1920013428
-0.1534423828
0.0767211914
0.0000000000
-0.0767211914
-0.7672271729
-0.3836212158
-0.1534423828
0.0767211914
-0.4825286865
0.0000000000
0.0000000000
-0.3446655273
-0.0689392090
0.1378631592
0.4825286865
0.4825286865
0.0943603516
0.4717712402
0.1887054443
-0.0943603516
-0.4717712402
0.3774108887
0.0943603516
-0.1887054443
0.2904663086
0.2904663086
0.2904663086
-0.2178497314
-0.5083160400
-0.0726165771
0.0000000000
-0.5083160400
0.7314147949
-0.2250518799
0.2250518799
0.0000000000
0.4501037598
-0.1687927246
0.1687927246
0.0000000000
0.3435821533
0.0858917236
-0.2576904297
-0.2576904297
0.1717987061
-0.6012725830
-0.2576904297
-0.1717987061
0.0000000000
0.1064758301
-0.1064758301
-0.1064758301
-0.1064758301
-0.1064758301
0.0000000000
0.0000000000
-0.1335754395
0.0267181396
0.0801391602
0.0534362793
-0.1068572998
0.0801391602
-0.9617309570
-0.0801391602
-0.1115417480
0.1115417480
-0.8551635742
-0.2230834961
-0.0743560791
0.3718109131
0.0743560791
0.0000000000
0.1711730957
0.4279479980
-0.5991210938
0.1711730957
0.2567596436
-0.0855865479
-0.0855865479
-0.2567596436
0.0000000000
0.0000000000
0.0000000000
0.0911560059
-0.0911560059
0.0000000000
0.0000000000
0.0911560059
-0.0959930420
0.2879943848
0.0959930420
-0.0959930420
0.0000000000
0.4799957275
0.5760040283
0.0000000000
0.0000000000
-0.0785675049
-0.4714050293
-0.3928375244
-0.4714050293
0.1571350098
0.3928375244
0.0785675049
0.2739868164
0.1826629639
0.5479736328
-0.5479736328
-0.0456695557
-0.1369934082
-0.4109802246
0.1826629639
-0.1237182617
0.0000000000
-0.3711547852
0.1237182617
0.0000000000
0.0000000000
0.0000000000
0.1237182617
-0.1730346680
0.0000000000
0.2595672607
-0.4326019287
-0.5191192627
-0.2595672607
0.0000000000
-0.3460845947
-0.0452423096
0.0904846191
0.8143463135
-0.1357269287
-0.0904846191
-0.0452423096
0.3619384766
-0.3166961670
0.0000000000
-0.0911560059
-0.0911560059
0.0000000000
-0.0911560059
0.0000000000
0.0000000000
0.0000000000
-0.1141510010
-0.0570831299
0.5707855225
-0.6278686523
-0.1141510010
-0.1141510010
-0.3424682617
0.1141510010
0.4886322021
0.0000000000
-0.0977325439
0.3908996582
-0.4886322021
0.0000000000
-0.0977325439
-0.0977325439
-0.1178436279
0.0000000000
-0.1178436279
-0.1178436279
0.0000000000
0.2357025146
0.0000000000
0.1178436279
0.2795104980
0.3726806641
-0.1863403320
0.0000000000
0.0931701660
0.0000000000
-0.0931701660
0.6521911621
0.1293029785
0.3879089355
0.0646514893
0.0646514893
0.7758178711
0.2586059570
0.0000000000
0.1293029785
0.0000000000
0.2114257812
-0.2466735840
0.9161834717
0.1057128906
0.0352325439
0.0352325439
0.0352325439
0.2060394287
0.9418945312
-0.0588684082
0.1177368164
-0.0883026123
0.1177368164
0.0000000000
0.0588684082
0.3536834717
-0.2526245117
-0.2526245117
0.2021026611
0.3536834717
0.2526245117
0.3536834717
-0.5557861328
0.0000000000
-0.4833679199
-0.1208343506
-0.1208343506
0.2416839600
0.1208343506
0.0000000000
-0.2416839600
0.2369232178
-0.1184692383
-0.2369232178
-0.1184692383
-0.2369232178
0.2369232178
0.2369232178
-0.3553924561
0.0000000000
0.1000061035
0.1000061035
0.0000000000
0.0000000000
-0.1000061035
-0.1000061035
0.0000000000
0.3370056152
0.0000000000
0.2246704102
-0.2246704102
-0.2246704102
0.0000000000
0.2246704102
-0.4493408203
0.0668640137
0.9895629883
-0.0133666992
0.0401153564
-0.0401153564
0.0000000000
0.0802307129
-0.0267486572
-0.0534667969
-0.2673339844
-0.3208007812
0.4812011719
-0.4277343750
-0.2673339844
0.3742675781
0.3208007812
0.0497741699
0.3981628418
-0.4977111816
-0.1990814209
-0.5972442627
-0.2986297607
-0.0497741699
-0.1493072510
-0.0936279297
0.2106628418
-0.0234069824
-0.0936279297
-0.3511047363
-0.8660736084
0.2106628418
-0.0468139648
0.0000000000
0.4307098389
0.3828582764
-0.1435699463
-0.7178497314
0.1914215088
0.0000000000
0.1435699463
0.3479614258
0.2087707520
0.0000000000
0.0695953369
-0.2783660889
0.0000000000
-0.0695953369
-0.7655181885
0.3816986084
-0.1145019531
0.3816986084
-0.3053588867
0.2290191650
-0.3053588867
0.6107025146
0.1908416748
0.1066894531
-0.0533447266
0.9335784912
0.3200836182
-0.0533447266
-0.0400085449
0.0400085449
0.0000000000
-0.3461608887
-0.4615325928
0.1153869629
0.1153869629
0.2307739258
0.0000000000
-0.2307739258
0.1153869629
0.0122222900
-0.0488891602
-0.0977783203
0.0122222900
-0.0488891602
0.0244445801
-0.9899444580
0.0000000000
0.4398803711
-0.1099700928
0.4398803711
-0.1099700928
-0.1099700928
0.1099700928
0.0000000000
-0.3299102783
0.0542297363
0.9761657715
-0.1626892090
0.0000000000
-0.0180816650
-0.0723114014
0.0180816650
0.0361480713
-0.1250000000
0.0000000000
0.2500000000
0.1250000000
-0.2500000000
0.2500000000
0.1250000000
-0.1250000000
0.1034240723
0.3102722168
-0.1034240723
-0.2068481445
0.4136962891
-0.4136962891
0.1034240723
0.3102722168
0.1952514648
0.3905181885
0.5857696533
0.0976257324
0.0976257324
0.4393310547
-0.3417053223
0.2440795898
-0.0599670410
0.0000000000
0.7796325684
-0.3598327637
-0.1199493408
0.2998504639
-0.1799163818
-0.0599670410
0.2456817627
0.0000000000
-0.1228332520
0.0000000000
0.1228332520
-0.2456817627
0.0000000000
0.1228332520
0.6132202148
0.2044067383
0.4088134766
-0.0681304932
0.3406677246
-0.1362762451
-0.0681304932
-0.3406677246
-0.2215576172
0.0221557617
0.7532958984
-0.2880249023
-0.2437133789
0.1994018555
0.3544921875
-0.2437133789
0.1178436279
-0.2357025146
-0.1178436279
0.0000000000
0.0000000000
0.0000000000
0.1178436279
-0.1178436279
-0.0418090820
-0.0209045410
0.0626983643
-0.9823455811
-0.0626983643
0.0836029053
-0.0626983643
0.0000000000
-0.0216674805
0.9752349854
0.1300354004
-0.0216674805
-0.0866851807
-0.0216674805
0.0216674805
-0.0866851807
-0.2567596436
0.3423614502
0.1711730957
0.3423614502
0.1711730957
-0.3423614502
0.0855865479
0.5135345459
-0.0652923584
-0.2611694336
-0.9140930176
0.0000000000
0.0326538086
-0.0652923584
0.0000000000
0.2285308838
0.0000000000
-0.1664733887
0.1664733887
-0.1664733887
0.1664733887
0.2497100830
0.1664733887
-0.7491455078
0.0226745605
0.0340118408
-0.1020355225
0.9864044189
0.0000000000
0.0453491211
-0.0906982422
0.0226745605
-0.1535186768
0.9649353027
-0.0657958984
0.0328979492
-0.0548248291
-0.1644744873
-0.0109710693
0.0767517090
0.1882476807
-0.7764892578
0.2353057861
0.0470581055
0.3294219971
0.0235290527
0.3764801025
0.1882476807
-0.2749481201
0.7332153320
-0.1833038330
0.0000000000
-0.0916442871
0.0916442871
-0.0916442871
0.1833038330
0.9154815674
0.1077117920
0.0538482666
-0.1077117920
-0.1615600586
-0.0538482666
0.1077117920
0.0000000000
0.1064758301
0.1064758301
0.1064758301
0.1064758301
0.0000000000
-0.1064758301
0.0000000000
0.0000000000
0.1247253418
0.0000000000
0.2494506836
-0.1247253418
0.0000000000
-0.2494506836
0.0000000000
-0.2494506836
0.0468139648
0.9831695557
-0.0624237061
0.0468139648
-0.0468139648
0.0780334473
0.0936279297
-0.0156097412
0.0914154053
-0.3656921387
0.1828460693
-0.4571075439
-0.4571075439
-0.3656921387
0.3199768066
0.3199768066
0.0460968018
0.2765808105
-0.5070800781
-0.0921936035
-0.6914672852
-0.2304840088
-0.2304840088
-0.0460968018
-0.1331939697
0.2930297852
0.0000000000
-0.0266418457
-0.3196716309
-0.8258056641
0.2930297852
-0.0532836914
-0.0935668945
0.3742370605
0.0935668945
-0.0935668945
-0.6549224854
0.2806854248
0.0935668945
-0.0935668945
0.2120971680
-0.1060485840
0.0000000000
-0.2120971680
-0.5302276611
0.0000000000
-0.3181304932
-0.3181304932
-0.1025848389
-0.2393493652
0.4103240967
-0.3077392578
0.2393493652
-0.3761291504
0.6496734619
0.1025848389
0.0486602783
-0.1297607422
0.9245300293
0.3244018555
0.0486602783
0.0162200928
0.0162200928
0.0973205566
0.0000000000
-0.4898986816
-0.1224670410
0.1224670410
0.0000000000
-0.2449493408
-0.1224670410
-0.1224670410
-0.0697174072
0.0000000000
0.0139465332
-0.0278778076
-0.0697174072
0.0000000000
-0.9899291992
-0.0557708740
0.3230743408
-0.1076965332
0.5384674072
0.0000000000
0.0000000000
-0.1076965332
0.2153778076
-0.3230743408
0.1116027832
0.9597930908
-0.1785736084
0.0223236084
0.0223236084
-0.0669555664
0.0223236084
-0.1116027832
-0.1178436279
0.0000000000
0.0000000000
-0.1178436279
0.0000000000
0.1178436279
-0.2357025146
0.1178436279
0.1516876221
-0.2275390625
-0.2275390625
-0.3033905029
0.3792419434
-0.4550781250
0.3792419434
0.3033905029
0.0835266113
0.5846557617
0.4176177979
0.0835266113
-0.1670379639
0.1670379639
-0.3340911865
0.2505645752
0.1792755127
-0.0597534180
0.7170867920
-0.3585510254
-0.2390289307
0.3585510254
0.1195220947
-0.0597534180
0.2400054932
-0.1199951172
-0.2400054932
0.0000000000
0.0000000000
0.0000000000
0.0000000000
0.0000000000
0.5923309326
0.2961730957
0.2961730957
-0.1777038574
0.2369384766
-0.1777038574
-0.1184692383
-0.4738616943
-0.1906738281
0.0953369141
0.7626647949
-0.3177795410
-0.1271057129
0.1906738281
0.2542266846
-0.3495483398
0.0000000000
-0.1000061035
-0.1000061035
0.0000000000
0.1000061035
0.1000061035
0.0000000000
0.0000000000
-0.0654602051
-0.0654602051
0.1309356689
-0.9492797852
-0.0327301025
0.1636657715
-0.0982055664
0.0327301025
-0.0490417480
0.9563140869
0.0490417480
-0.1471252441
-0.1226043701
-0.1226043701
0.0000000000
-0.0980834961
-0.2918548584
0.4864349365
0.0972900391
0.2918548584
0.2918548584
-0.0972900391
0.0000000000
0.3891448975
-0.0312500000
-0.2812194824
-0.9061279297
-0.0312500000
0.0000000000
0.0000000000
-0.0624847412
0.2499694824
-0.1049804688
0.3149414062
0.1049804688
-0.1049804688
0.1049804688
0.1049804688
0.2099609375
-0.6298675537
-0.0279388428
0.0558624268
-0.0698394775
0.9916687012
-0.0279388428
0.0000000000
-0.0279388428
0.0000000000
-0.0735931396
0.9812469482
-0.0981292725
0.0000000000
-0.0490570068
-0.0858612061
-0.0122680664
0.0858612061
0.2157287598
-0.7820129395
0.2426910400
0.0539398193
0.3235931396
-0.0809020996
0.2696685791
0.2696685791
-0.2009429932
0.0000000000
-0.4018859863
0.1004791260
0.1004791260
0.1004791260
-0.2009429932
0.6028289795
0.9799957275
0.0306243896
0.0000000000
-0.0612487793
0.0000000000
-0.0612487793
0.0000000000
0.0306243896
0.1199951172
0.0000000000
0.2400054932
-0.1199951172
0.0000000000
-0.1199951172
-0.1199951172
-0.1199951172
0.0000000000
0.2416839600
0.3625183105
-0.2416839600
-0.1208343506
-0.3625183105
0.0000000000
0.0000000000
-0.0192108154
0.9608154297
-0.0768585205
0.0576477051
-0.0384368896
0.1537322998
0.1729431152
-0.0192108154
0.1283416748
-0.2887878418
0.2566986084
-0.6417388916
-0.3208770752
-0.4492187500
0.2887878418
0.0320892334
0.2163238525
0.0000000000
-0.3965759277
-0.2884216309
-0.7571105957
-0.0360565186
-0.1802673340
-0.2523651123
-0.1879882812
0.3759918213
0.0375976562
0.1879882812
-0.1127929688
-0.6391754150
0.5639801025
0.0375976562
0.0927886963
0.6494903564
-0.0927886963
0.0000000000
-0.4639129639
0.0000000000
0.1855621338
0.0927886963
0.1730346680
-0.1730346680
-0.0865173340
-0.6056518555
0.0865173340
0.1730346680
0.0000000000
0.5191192627
-0.2434997559
-0.3895874023
0.4869842529
-0.2434997559
0.0487060547
-0.3408966064
0.5356903076
0.0973968506
-0.0184783936
-0.1663208008
0.8870544434
0.3695983887
0.1293640137
-0.0554351807
-0.0739135742
0.1108856201
0.0000000000
0.0000000000
-0.3388214111
-0.1129455566
-0.3388214111
-0.4517517090
0.1129455566
-0.2258758545
-0.1374969482
0.0763854980
0.1374969482
-0.0458374023
-0.0611114502
0.0000000000
-0.9472503662
-0.2138977051
0.1990661621
-0.0995330811
0.5971984863
0.0995330811
-0.1990661621
-0.2985992432
0.2985992432
0.0995330811
0.1232299805
0.9365844727
-0.1725311279
-0.0246429443
0.0739440918
0.0493011475
0.0246429443
-0.2218170166
-0.1178436279
0.0000000000
0.1178436279
-0.1178436279
0.0000000000
0.2357025146
-0.1178436279
0.0000000000
0.2575378418
-0.1931610107
-0.2575378418
-0.3219299316
0.3219299316
-0.5150756836
-0.1287689209
0.4506988525
-0.3995513916
-0.2854003906
-0.3424682617
-0.1712341309
-0.2854003906
-0.5137176514
0.3995513916
0.0000000000
0.4771423340
-0.1060333252
0.4241180420
-0.2120666504
-0.1590423584
0.4241180420
0.4771423340
-0.1060333252
0.2369232178
-0.1184692383
-0.5923156738
0.0000000000
0.0000000000
0.1184692383
0.0000000000
0.0000000000
0.3953704834
0.3294830322
0.1976928711
-0.3953704834
0.0659027100
-0.0659027100
-0.3294830322
-0.5271606445
0.0000000000
0.3107757568
0.8287200928
-0.1553802490
-0.0517883301
0.1553802490
0.1035919189
-0.2589721680
0.1238555908
0.0000000000
-0.1238555908
-0.2477111816
0.3715667725
-0.1238555908
-0.1238555908
-0.2477111816
-0.0479736328
-0.1918640137
0.3837280273
-0.7674560547
-0.1918640137
0.0959320068
-0.1439056396
0.2877960205
0.0000000000
0.8918914795
-0.1216278076
-0.2026977539
-0.1216278076
-0.2432403564
-0.1216278076
-0.0810852051
-0.3790283203
0.4738006592
0.1895141602
0.3790283203
0.1895141602
0.0947570801
-0.0947570801
0.2842712402
0.0000000000
-0.2586364746
-0.8276214600
0.0000000000
0.0517272949
-0.0517272949
-0.1551818848
0.3620758057
-0.2918548584
0.5837097168
0.1945648193
0.3891448975
0.1945648193
0.0000000000
0.0000000000
-0.0972900391
-0.0465545654
0.0465545654
-0.0465545654
0.9774932861
-0.0465545654
-0.0930938721
0.0698242188
0.0698242188
0.0136718750
0.9840850830
-0.1230163574
0.0410003662
0.0000000000
0.0136718750
-0.0410003662
0.0820007324
0.3570709229
-0.5355987549
0.6070098877
0.0000000000
0.3213653564
-0.1785278320
0.1428222656
0.1428222656
-0.2295074463
-0.5355072021
-0.2295074463
0.1529998779
0.1529998779
0.1529998779
-0.2295074463
0.5355072021
0.9457244873
0.0000000000
0.1260986328
0.1576232910
-0.1260986328
0.1260986328
0.0315246582
0.0000000000
0.0000000000
0.0000000000
0.2500000000
0.1250000000
0.0000000000
0.1250000000
-0.1250000000
-0.3750000000
-0.1178436279
0.0000000000
0.2357025146
-0.1178436279
-0.1178436279
-0.1178436279
0.0000000000
0.0000000000
-0.0294189453
0.8826446533
0.0882720947
-0.0588378906
-0.0588378906
0.1765289307
0.3530578613
-0.1471099854
0.1006011963
-0.1006011963
0.3688659668
-0.7377319336
-0.2347259521
-0.3688659668
0.2682647705
0.0000000000
0.2432403564
-0.0810852051
-0.1621551514
-0.4054107666
-0.6891937256
-0.0405426025
-0.2837829590
-0.3648681641
-0.3051300049
0.1525573730
-0.2288513184
0.0762786865
0.0762786865
-0.0762786865
0.6865386963
0.3814086914
-0.0783233643
0.7049713135
-0.0783233643
0.0783233643
-0.4699859619
-0.1566619873
0.0783233643
0.1566619873
0.4457702637
-0.0891571045
0.2674560547
-0.6240692139
-0.1782989502
0.0891571045
0.0891571045
0.0891571045
-0.4488525391
-0.3206024170
0.5129699707
-0.1923675537
-0.0641174316
-0.3847198486
0.3206024170
0.0641174316
0.0000000000
-0.1430511475
0.8583221436
0.3814849854
0.1192169189
-0.1907348633
-0.1192169189
0.1192169189
0.1135406494
0.1135406494
-0.1135406494
-0.3406372070
-0.4541778564
-0.1135406494
0.1135406494
-0.3406372070
-0.1399078369
0.0932769775
0.1632232666
0.0000000000
0.0000000000
0.0932769775
-0.9094085693
-0.3031311035
0.0000000000
0.2357025146
-0.2357025146
-0.3535461426
-0.3535461426
-0.1178436279
0.2357025146
0.1178436279
0.2322540283
0.8515930176
-0.2709655762
0.0000000000
0.1161193848
0.1548309326
-0.1548309326
-0.1935424805
0.0000000000
0.0000000000
0.1178436279
-0.1178436279
-0.2357025146
0.1178436279
0.0000000000
-0.1178436279
0.2068023682
-0.2757263184
-0.3446655273
-0.2068023682
0.2757263184
-0.4825286865
-0.1378631592
0.4825286865
-0.3554992676
-0.3047180176
-0.4062805176
-0.2539215088
-0.3047180176
-0.4062805176
0.4570770264
0.0000000000
0.3758850098
-0.1610870361
0.3758850098
-0.1610870361
0.1073913574
0.4295806885
0.5906677246
-0.1610870361
0.0000000000
-0.1199951172
-0.2400054932
0.0000000000
0.0000000000
0.0000000000
0.0000000000
0.2400054932
0.0689392090
0.2757263184
0.2068023682
-0.3446655273
-0.2757263184
-0.0689392090
-0.2068023682
-0.6893310547
0.0741729736
0.4450836182
0.5934448242
-0.0741729736
0.0000000000
0.0741729736
0.4450836182
-0.2225341797
0.1000061035
0.0000000000
0.1000061035
0.0000000000
0.1000061035
0.0000000000
0.0000000000
-0.1000061035
-0.0727996826
-0.1456146240
0.7280578613
-0.0727996826
-0.2184143066
0.0000000000
-0.1456146240
0.4368438721
0.0990753174
-0.1981506348
-0.4953613281
-0.2972259521
0.0990753174
-0.2972259521
-0.3963012695
-0.0990753174
0.0000000000
0.1178436279
0.1178436279
0.0000000000
0.0000000000
0.1178436279
-0.2357025146
0.1178436279
0.0000000000
-0.2231445312
-0.7438201904
0.0000000000
0.0000000000
-0.0743865967
0.0743865967
0.4462890625
0.0000000000
0.3825073242
0.0765075684
0.3825073242
0.6885070801
0.1529998779
0.0000000000
-0.0765075684
-0.0450592041
0.0000000000
-0.0450592041
0.8560943604
0.0000000000
-0.2703552246
0.2252960205
0.2703552246
0.0211486816
0.9725494385
-0.1479949951
0.0422821045
-0.0211486816
0.0000000000
-0.0634307861
0.1057128906
0.3144531250
-0.3144531250
0.6738281250
0.0000000000
0.4042968750
-0.2246093750
0.2246093750
-0.1347656250
-0.1595764160
-0.4787292480
-0.2393646240
0.0000000000
0.2393646240
0.0000000000
-0.3191528320
0.5585174561
0.7010650635
-0.0584259033
0.3505401611
0.2921142578
-0.2336883545
0.3505401611
0.0584259033
-0.0584259033
0.0000000000
0.1064758301
0.1064758301
0.1064758301
0.0000000000
0.1064758301
0.0000000000
-0.1064758301
0.0000000000
0.0000000000
0.2129516602
0.0000000000
0.0000000000
0.1064758301
0.0000000000
0.0000000000
-0.2039337158
0.8157196045
0.0509796143
0.1019592285
-0.1529541016
0.2039337158
0.3568725586
-0.0509796143
0.0749969482
0.0749969482
0.3750000000
-0.5249938965
-0.3000030518
-0.3000030518
0.4499969482
0.0000000000
0.2456665039
-0.1228332520
-0.0614166260
-0.4299163818
-0.6755981445
-0.0614166260
-0.1228332520
-0.3684997559
-0.2539062500
-0.1269531250
-0.1904296875
-0.3808593750
0.1269531250
0.5712738037
0.2539062500
0.4443359375
-0.1111450195
0.5557098389
0.3334350586
-0.1111450195
-0.1111450195
-0.1111450195
0.1111450195
0.2222900391
0.4658508301
0.2795104980
0.0931701660
-0.2795104980
-0.2795104980
-0.0931701660
0.0931701660
-0.4658508301
0.2983398438
-0.2237548828
0.5221099854
-0.1491699219
0.2237548828
-0.3729400635
0.3729400635
0.2237548828
0.0423583984
-0.0847015381
0.8470611572
0.3811798096
0.0847015381
-0.2117614746
-0.0423583984
0.1270599365
0.1250000000
0.0000000000
-0.1250000000
-0.1250000000
-0.3750000000
0.0000000000
0.0000000000
-0.2500000000
-0.1187133789
0.0296783447
0.1483917236
0.0296783447
0.0296783447
0.2077636719
-0.9200592041
-0.2077636719
0.1249694824
0.1249694824
-0.8122711182
-0.2499237061
-0.1874389648
0.2499237061
-0.1249694824
-0.0624847412
0.2020874023
0.6062774658
-0.5389099121
0.0000000000
0.1347198486
0.1347198486
-0.2020874023
-0.2694549561
0.0000000000
0.0000000000
0.0000000000
0.0000000000
-0.0785675049
0.0000000000
0.0000000000
0.0785675049
0.1135406494
-0.2270965576
-0.2270965576
-0.2270965576
0.2270965576
-0.3406372070
-0.2270965576
0.3406372070
-0.3713073730
-0.2475280762
-0.4331817627
-0.3094177246
-0.4331817627
-0.2475280762
0.3713073730
-0.0618896484
0.1608581543
-0.1072387695
0.5898132324
-0.4289550781
0.2144775391
0.4289550781
0.3217163086
-0.0536193848
-0.1113433838
0.0000000000
-0.1113433838
0.1113433838
0.1113433838
0.0000000000
0.1113433838
0.1113433838
-0.0694274902
0.2082824707
0.2777099609
-0.4859771729
-0.3471221924
-0.2777099609
-0.2082824707
-0.4859771729
0.0000000000
0.3928375244
0.4714050293
-0.1571350098
-0.1571350098
-0.0785675049
0.5499725342
-0.2357025146
0.0000000000
0.0000000000
0.0000000000
0.0588226318
0.0000000000
0.0000000000
0.0000000000
0.0000000000
-0.2139739990
0.1426544189
0.7132415771
0.2852935791
-0.0713195801
-0.0713195801
-0.2852935791
0.2852935791
0.1600799561
-0.8003845215
-0.0800323486
-0.0800323486
0.0000000000
0.0000000000
-0.3201599121
0.0000000000
0.1234283447
-0.2468566895
0.1234283447
-0.3703002930
-0.1234283447
0.2468566895
-0.1234283447
-0.1234283447
0.0752105713
-0.0752105713
-0.6768798828
0.0752105713
0.0000000000
0.0752105713
0.2256317139
0.5264587402
0.1426544189
0.4279479980
-0.0713195801
0.2852935791
0.7132415771
0.1426544189
-0.0713195801
-0.0713195801
0.0000000000
0.2058258057
0.0000000000
0.6861114502
0.0686035156
-0.2744445801
0.1372222900
0.4802703857
0.1092681885
0.9560546875
-0.1365814209
0.1092681885
-0.0819549561
0.0000000000
-0.0273132324
0.1092681885
0.4236145020
-0.4236145020
0.2420654297
0.0605163574
0.4841156006
0.0000000000
0.3025817871
-0.3630981445
-0.1776275635
-0.6216888428
-0.2664337158
-0.1776275635
0.2664337158
-0.1776275635
-0.1776275635
0.2664337158
0.2199401855
0.0000000000
0.2199401855
0.2199401855
-0.3299102783
0.4398803711
0.2199401855
-0.2199401855
0.0911560059
0.0911560059
0.0000000000
0.0000000000
0.0000000000
-0.0911560059
0.0000000000
0.0000000000
0.0000000000
-0.1000061035
0.1000061035
0.1000061035
0.0000000000
0.0000000000
0.0000000000
-0.1000061035
-0.2456665039
0.7984313965
0.0000000000
0.2456665039
-0.1228332520
0.1842498779
0.1842498779
0.1842498779
0.2307739258
-0.1153869629
0.0000000000
0.5769195557
0.1153869629
0.1153869629
0.2307739258
0.0000000000
0.1071319580
0.0000000000
0.2142791748
-0.2142791748
-0.6428222656
0.0000000000
0.2142791748
-0.1071319580
-0.2335815430
-0.1557159424
-0.0778656006
-0.5450286865
-0.0778656006
0.5450286865
0.2335815430
0.2335815430
0.0000000000
0.2110137939
0.5275421143
-0.2110137939
0.0000000000
0.4220428467
0.0000000000
-0.2110137939
0.4204864502
0.3363952637
0.0000000000
-0.0840911865
-0.3363952637
0.0000000000
0.0000000000
-0.5886840820
0.6838378906
-0.2279510498
0.2849273682
-0.1139678955
0.3419189453
-0.2279510498
0.2849273682
0.1709594727
0.2258758545
0.3388214111
-0.1129455566
-0.1129455566
-0.2258758545
-0.4517517090
0.2258758545
-0.1129455566
0.1178436279
0.0000000000
-0.1178436279
0.0000000000
-0.2357025146
-0.1178436279
0.0000000000
-0.1178436279
0.0411834717
-0.1235656738
-0.0411834717
0.0000000000
0.0000000000
0.1647491455
-0.9473266602
-0.0411834717
0.0000000000
0.0977478027
-0.7819671631
-0.0977478027
-0.1466217041
0.4887237549
-0.0977478027
-0.1466217041
0.0000000000
-0.5469665527
-0.4375762939
0.0000000000
0.0000000000
0.0000000000
0.1093902588
-0.2187805176
0.0785675049
0.0000000000
0.0000000000
0.0000000000
0.0000000000
0.0785675049
0.0000000000
0.0000000000
-0.1150360107
0.1150360107
0.1150360107
-0.1150360107
0.0000000000
0.1150360107
0.1150360107
0.1150360107
-0.2504119873
-0.0626068115
-0.5008239746
-0.3756256104
-0.4382324219
-0.2504119873
0.3756256104
-0.1252136230
0.0638580322
-0.1277160645
0.6386108398
-0.5747528076
0.2554473877
0.1915893555
0.0000000000
-0.0638580322
0.0000000000
0.0000000000
-0.2300720215
0.1150360107
0.1150360107
0.0000000000
0.0000000000
0.1150360107
-0.1065826416
0.1065826416
0.3197631836
-0.3197631836
-0.3197631836
-0.3197631836
-0.2131805420
-0.3197631836
0.0000000000
0.0706176758
0.7767791748
-0.2118530273
0.0706176758
-0.0706176758
0.3530883789
-0.2118530273
0.0000000000
0.0000000000
0.0000000000
0.0588226318
0.0000000000
0.0000000000
0.0000000000
0.0000000000
-0.1945648193
0.0972900391
0.5837097168
0.0000000000
0.0000000000
0.0000000000
-0.4864349365
0.1945648193
0.2142791748
-0.6428222656
0.2142791748
0.0000000000
0.0000000000
0.1071319580
-0.2142791748
0.1071319580
-0.1113433838
-0.1113433838
0.0000000000
-0.1113433838
-0.1113433838
0.1113433838
0.0000000000
-0.1113433838
0.1471710205
-0.0735778809
-0.5886535645
0.0735778809
0.0000000000
0.0000000000
0.0000000000
0.6622314453
0.3498535156
0.2332305908
-0.2332305908
0.0000000000
0.2332305908
0.3498535156
0.0000000000
-0.2332305908
0.0546417236
0.2185974121
-0.2732391357
0.8197174072
0.1639404297
0.0000000000
-0.0546417236
0.2732391357
0.1836395264
0.9181671143
-0.0734558105
0.2203674316
-0.1101837158
0.0000000000
0.0367279053
0.1101837158
0.4665832520
-0.4665832520
-0.1166534424
0.2332916260
0.4665832520
0.1749725342
0.1166534424
-0.3499450684
0.0000000000
-0.3711547852
0.0000000000
-0.1237182617
0.0000000000
0.0000000000
-0.1237182617
0.1237182617
0.1093902588
0.1093902588
0.1093902588
-0.1093902588
-0.4375762939
0.1093902588
0.3281707764
-0.4375762939
0.0000000000
0.1150360107
0.0000000000
0.1150360107
0.0000000000
0.0000000000
-0.1150360107
-0.2300720215
0.4079742432
0.0000000000
0.0000000000
-0.3263702393
-0.2447814941
-0.3263702393
0.4079742432
-0.4079742432
0.0105895996
0.9952239990
-0.0423431396
0.0000000000
-0.0529327393
0.0105895996
0.0105895996
-0.0317687988
-0.1086120605
-0.0724029541
-0.2715148926
0.9231414795
-0.1629028320
-0.0904998779
0.0000000000
-0.1086120605
0.4307098389
0.0478515625
-0.3349914551
-0.0478515625
-0.7657012939
-0.1914215088
0.0000000000
0.0000000000
-0.0275573730
0.1377716064
0.0275573730
-0.1102142334
-0.2479858398
-0.9368133545
-0.0550994873
0.0275573730
0.1566467285
0.4699401855
0.1044311523
-0.1566467285
-0.7832489014
0.0522155762
-0.1044311523
-0.0522155762
0.2692565918
0.1077117920
-0.6462249756
0.1615600586
0.1077117920
0.0538482666
-0.1077117920
-0.5923767090
0.8666839600
-0.0481567383
0.3209991455
-0.1604919434
-0.0321044922
-0.2247009277
0.1925964355
0.1444549561
0.0864410400
-0.0324249268
0.9617309570
0.2485351562
0.0000000000
0.0216064453
0.0216064453
-0.0108032227
-0.5221099854
0.0000000000
-0.1491699219
0.5221099854
0.2237548828
-0.3729400635
-0.0745849609
0.2237548828
-0.0652465820
-0.0217437744
-0.0435028076
0.0435028076
0.0000000000
0.0652465820
-0.9895324707
-0.0652465820
0.1963348389
0.0981750488
0.5890197754
-0.3926696777
0.0000000000
-0.0981750488
0.0981750488
-0.2945098877
0.0390930176
0.9905242920
-0.0912322998
0.0000000000
0.0130310059
0.0521392822
0.0000000000
0.0260620117
-0.3363952637
0.1681976318
0.0840911865
0.0000000000
-0.0840911865
0.1681976318
0.0000000000
-0.7568817139
-0.1202545166
0.2405242920
0.1202545166
0.0000000000
0.0000000000
-0.2405242920
-0.3607788086
0.3607788086
0.1994171143
0.1994171143
0.5982360840
0.1994171143
0.0664672852
0.2658843994
-0.5317687988
0.1329345703
0.1896972656
0.1422729492
0.5216674805
-0.5216674805
-0.2845458984
0.3793945312
0.2845458984
0.1422729492
0.1228332520
0.0000000000
-0.2456817627
0.2456817627
0.0000000000
-0.1228332520
0.1228332520
0.0000000000
0.9432373047
0.0325317383
0.0975799561
0.0325317383
0.0650482178
0.0650482178
-0.0650482178
-0.2276763916
-0.0937347412
0.1640319824
0.8670196533
-0.0937347412
-0.1640319824
0.2577667236
0.2811889648
0.1171722412
0.0000000000
-0.2484588623
-0.3726806641
0.1242218018
-0.1242218018
-0.1242218018
0.0000000000
-0.2484588623
-0.0352783203
0.0352783203
0.0705718994
-0.9879608154
-0.1058502197
0.0117645264
-0.0117645264
0.0235290527
-0.0196075439
0.9803771973
0.0588226318
-0.0196075439
-0.0392150879
-0.0588226318
0.0588226318
-0.1176452637
-0.3497009277
0.4995727539
0.1998291016
0.3497009277
0.0499572754
-0.3996582031
0.2497863770
0.3996582031
-0.2772064209
-0.4620056152
0.0924072266
-0.0924072266
0.0924072266
0.1847991943
-0.3696136475
0.4620056152
-0.1743164062
0.1743164062
0.0871582031
-0.1743164062
-0.3486328125
0.0000000000
0.1743164062
-0.6972656250
-0.0510253906
0.0918426514
0.0102081299
0.9897918701
-0.0612182617
0.0000000000
-0.0408172607
-0.0204010010
-0.1834106445
0.9415435791
-0.0733642578
0.0856018066
-0.1589660645
-0.1222839355
0.0244598389
0.1467285156
0.2636871338
-0.4174957275
0.7251281738
-0.0219726562
0.1977539062
0.4174957275
-0.0219726562
-0.0219726562
-0.0964202881
-0.0964202881
-0.3856964111
-0.0964202881
-0.1928405762
-0.2892761230
-0.1928405762
0.5785369873
0.9731140137
0.0949401855
-0.0711975098
0.0474700928
0.1186676025
0.0000000000
-0.0474700928
0.0474700928
0.1247253418
0.1247253418
0.2494506836
0.1247253418
0.1247253418
-0.1247253418
-0.1247253418
-0.2494506836
0.2187805176
0.2187805176
0.0000000000
-0.3281707764
0.0000000000
-0.4375762939
0.2187805176
-0.3281707764
0.0000000000
0.9916992188
-0.0652465820
-0.0130462646
-0.0652465820
0.0391387939
0.0260925293
-0.0130462646
-0.1137237549
-0.1705780029
-0.0852966309
0.7391815186
-0.4548797607
-0.3411560059
0.2274475098
-0.0568542480
0.4477844238
0.0814208984
-0.0407104492
-0.0814208984
-0.8141632080
0.1628265381
-0.1221313477
-0.1628265381
-0.2247009277
0.2808685303
0.1685180664
-0.0561676025
-0.3932189941
-0.6740875244
0.3370513916
0.1123504639
0.1295776367
0.4535064697
-0.0647888184
-0.1943664551
-0.7126464844
-0.0647888184
-0.1295776367
-0.2591400146
0.0927886963
-0.0927886963
-0.7422637939
-0.0927886963
0.2783508301
0.0000000000
-0.1855621338
0.0927886963
0.8329772949
-0.1281433105
0.3203735352
-0.1495056152
0.0000000000
-0.2563018799
0.2776641846
0.0854339600
0.0822601318
-0.0469970703
0.9635620117
0.2232666016
0.0352478027
0.0822601318
0.0117492676
-0.0117492676
-0.0823974609
0.0823974609
-0.1648101807
0.7416381836
0.0823974609
-0.2472076416
0.0000000000
0.3296203613
-0.1347656250
0.0673828125
0.0808563232
0.0269470215
0.0000000000
0.0673828125
-0.9703063965
-0.1347656250
-0.1141510010
0.1141510010
0.3424682617
-0.3424682617
-0.1141510010
-0.2283172607
0.3424682617
-0.2283172607
0.1138305664
0.9756317139
-0.0812988281
0.0162658691
0.0162658691
0.0487823486
-0.0162658691
-0.1300811768
-0.3726806641
-0.1242218018
0.2484588623
0.0000000000
-0.1242218018
0.0000000000
-0.2484588623
0.1242218018
0.1347198486
0.1347198486
-0.2020874023
-0.2694549561
0.2694549561
-0.5389099121
-0.3368225098
0.4715423584
-0.3221893311
-0.2416381836
-0.3221893311
-0.0805511475
-0.3221893311
-0.5638275146
0.2416381836
0.1611022949
0.3209838867
0.0000000000
0.4127044678
-0.2751312256
-0.1834259033
0.3668365479
0.6419677734
-0.0458526611
0.1190643311
0.1190643311
-0.5953521729
0.0000000000
-0.1190643311
0.1190643311
0.0000000000
0.1190643311
0.9146575928
0.1261596680
0.0315399170
-0.0315399170
-0.0630798340
0.0630798340
-0.1576995850
-0.2838592529
0.0346679688
0.2079772949
0.8665466309
-0.1386413574
0.0000000000
0.3119659424
0.1733093262
0.1386413574
0.1228332520
-0.1228332520
-0.2456817627
0.0000000000
0.0000000000
0.0000000000
0.1228332520
-0.2456817627
0.0000000000
0.0181884766
0.1273193359
-0.9821319580
-0.0727539062
0.0363769531
0.0181884766
0.0363769531
-0.0284729004
0.9397125244
-0.0854339600
-0.1423797607
-0.1139068604
-0.1708526611
0.0854339600
-0.1139068604
-0.3750000000
0.6750030518
0.2250061035
0.3000030518
0.0000000000
-0.2250061035
0.0000000000
0.1499938965
-0.1900482178
-0.4434356689
-0.5067901611
-0.0633544922
0.1266937256
0.1266937256
-0.3800964355
0.4434356689
-0.4330139160
0.2165069580
0.0000000000
0.0000000000
-0.4330139160
-0.2165069580
0.2165069580
-0.2165069580
-0.0244445801
0.0733489990
-0.0122222900
0.9902343750
-0.0733489990
-0.0489044189
0.0122222900
0.0244445801
-0.0898895264
0.9588623047
-0.1498260498
0.0299682617
-0.1348419189
-0.0599212646
0.0449523926
0.1348419189
0.1767272949
-0.2429962158
0.9057312012
0.0000000000
0.1104583740
0.2209167480
-0.1104583740
-0.0220947266
-0.0697631836
-0.5580749512
-0.3488006592
-0.0697631836
0.0000000000
-0.0697631836
-0.2790374756
0.5580749512
0.9726715088
0.0243225098
0.0000000000
0.0729522705
0.1459045410
0.0000000000
-0.0729522705
0.0486297607
0.0000000000
-0.1237182617
0.3711547852
0.0000000000
0.0000000000
-0.1237182617
0.0000000000
-0.1237182617
0.0000000000
0.1243286133
0.1243286133
-0.1243286133
0.1243286133
-0.3729858398
0.0000000000
0.0000000000
0.0373992920
0.9725036621
-0.0187072754
-0.0373992920
-0.1122131348
0.0935058594
0.1309204102
-0.0373992920
-0.1018066406
-0.1357421875
0.1357421875
0.5090484619
-0.4751129150
-0.5090484619
0.3393554688
-0.2375488281
0.3842926025
0.0274505615
0.0000000000
-0.2744903564
-0.6862335205
0.4117431641
0.0549011230
-0.3293914795
-0.4088134766
0.1362762451
0.0000000000
0.1362762451
-0.2725372314
0.3406677246
0.6132202148
0.2725372314
0.2897033691
0.7242736816
-0.2172851562
-0.1448516846
-0.3621368408
0.0724334717
0.0724334717
0.0724334717
0.1887054443
-0.0943603516
-0.4717712402
-0.4717712402
0.2830657959
0.1887054443
0.0000000000
0.2830657959
0.8748931885
-0.1249847412
0.2499694824
-0.1562347412
-0.0312500000
-0.2187194824
0.2187194824
-0.0624847412
0.0787048340
-0.0524749756
0.9575500488
0.2492218018
0.0393524170
0.0393524170
-0.0262298584
-0.0524749756
0.0000000000
0.1105499268
-0.5527648926
0.2211151123
-0.1105499268
-0.3316650391
0.0000000000
0.2211151123
-0.1903076172
0.1557006836
0.1557006836
0.0691986084
0.1038055420
0.1211090088
-0.8823242188
-0.3114013672
-0.2495727539
0.0000000000
0.0000000000
0.0000000000
0.1247863770
-0.3743438721
0.0000000000
-0.2495727539
0.1231231689
0.9603576660
0.0492553711
-0.0738677979
0.0246276855
0.0492553711
0.0492553711
-0.1723785400
-0.2438964844
-0.1219482422
0.1219482422
0.1219482422
-0.1219482422
-0.2438964844
-0.2438964844
0.3658599854
0.2536621094
0.0000000000
-0.2959442139
-0.3382110596
0.3382110596
-0.5496063232
-0.3804931641
0.3382110596
-0.4198608398
-0.3053588867
-0.4580383301
-0.1526794434
-0.3053588867
-0.4580383301
0.3816986084
-0.0381622314
0.3633728027
-0.1090087891
0.1816864014
-0.0726776123
0.0000000000
0.3997039795
0.7630767822
-0.1816864014
0.2357025146
0.0000000000
-0.5892486572
0.0000000000
-0.1178436279
0.1178436279
0.0000000000
0.1178436279
0.7164154053
0.1791076660
-0.1074676514
-0.1432800293
-0.3582153320
0.1432800293
-0.3582153320
-0.3223876953
0.3323516846
0.3988189697
0.5982360840
0.0664672852
0.1329345703
0.3988189697
-0.0664672852
0.1994171143
0.0000000000
-0.1000061035
-0.1000061035
0.0000000000
0.1000061035
0.0000000000
0.0000000000
-0.1000061035
0.0736083984
-0.0368041992
0.4416198730
-0.8464355469
-0.0736083984
0.0736083984
0.0736083984
0.1472015381
-0.0556488037
0.7234649658
-0.2782592773
-0.3339080811
-0.1669616699
-0.3895568848
0.0556488037
0.0000000000
-0.4738006592
0.5685577393
0.0947570801
0.1895141602
0.0000000000
0.0000000000
-0.2842712402
0.0947570801
-0.1548004150
-0.3869934082
-0.4644012451
-0.0773925781
0.0773925781
-0.0773925781
-0.3096008301
0.5417938232
-0.5302276611
0.4241790771
0.0000000000
0.3181304932
0.0000000000
0.0000000000
0.1060485840
-0.1060485840
-0.0181121826
0.1087188721
-0.0905914307
0.9602966309
-0.1087188721
-0.1268310547
0.0543518066
0.1268310547
0.0152130127
0.9736022949
-0.1673431396
-0.0152130127
-0.0608520508
-0.0152130127
0.0304260254
0.1064910889
0.1557922363
-0.0778961182
0.9541778564
0.0000000000
0.1168365479
0.1168365479
-0.1168365479
-0.0778961182
-0.0494689941
-0.6925201416
-0.2473297119
-0.0989379883
0.0000000000
-0.0494689941
-0.3462677002
0.4946594238
0.9316711426
0.0810089111
0.2025299072
0.1215209961
0.0405120850
0.1215209961
0.0000000000
0.0000000000
0.0000000000
-0.1216278076
0.2432556152
0.1216278076
0.1216278076
0.1216278076
0.1216278076
-0.1216278076
-0.2486572266
-0.1243286133
0.2486572266
0.1243286133
0.0000000000
-0.1243286133
-0.1243286133
0.1243286133
0.0540466309
0.8918304443
0.1891784668
-0.1621551514
-0.1351318359
0.0810699463
0.2702484131
-0.1351318359
-0.0475921631
0.0951690674
0.4282684326
0.4282684326
-0.2379302979
-0.4758453369
0.2855072021
-0.4282684326
0.3267669678
0.0297088623
0.0594177246
-0.3861694336
-0.6535186768
0.3861694336
0.0891113281
-0.3564758301
-0.3760528564
0.0000000000
-0.0752105713
-0.2256317139
-0.1504211426
0.6016693115
0.4512481689
0.1504211426
0.0995330811
0.5971984863
-0.0995330811
0.0995330811
0.0995330811
0.0000000000
0.3981323242
0.2985992432
0.3622283936
0.0000000000
0.2716674805
-0.3622283936
-0.3622283936
0.1811065674
-0.0905609131
-0.4527893066
0.8509368896
-0.0895690918
0.2687225342
-0.1343536377
-0.0895690918
-0.2687225342
0.1791381836
0.0000000000
0.0820312500
-0.0820312500
0.9432830811
0.2665863037
0.0000000000
-0.0410156250
0.0000000000
-0.1025238037
0.3264617920
-0.1088256836
-0.4352722168
-0.2176361084
-0.3264617920
-0.2176361084
0.0000000000
-0.2176361084
-0.1827545166
0.1827545166
0.1305389404
0.1305389404
0.2349700928
0.2349700928
-0.7832183838
-0.3916015625
0.0981750488
0.0000000000
-0.5890197754
-0.0981750488
0.1963348389
-0.0981750488
-0.3926696777
-0.2945098877
0.2319641113
0.8814849854
0.1391754150
-0.0927886963
-0.0463867188
0.1855773926
0.0000000000
-0.1855773926
0.0000000000
0.0000000000
0.0000000000
0.0000000000
-0.1064758301
0.0000000000
0.0000000000
0.2129516602
0.2509002686
-0.0627288818
-0.3136291504
-0.2509002686
0.3136291504
-0.5018005371
-0.3136291504
0.4390869141
-0.3578796387
-0.3181152344
-0.4771728516
-0.2385864258
-0.3181152344
-0.4374084473
0.3578796387
-0.1192932129
0.0368957520
-0.1107025146
0.2952117920
-0.0368957520
0.1476135254
0.5535278320
0.7011260986
-0.1845092773
0.1150360107
0.0000000000
0.0000000000
-0.1150360107
0.0000000000
0.0000000000
-0.1150360107
0.2300720215
0.5725555420
0.1761779785
-0.1321258545
-0.1761779785
-0.5285186768
0.0440368652
-0.3523406982
-0.3523406982
0.3435821533
0.3435821533
0.6012725830
0.0858917236
0.2576904297
0.0858917236
0.2576904297
0.0000000000
0.0000000000
-0.1178436279
0.2357025146
0.1178436279
0.1178436279
0.1178436279
0.0000000000
0.0000000000
0.1989746094
0.1326446533
0.5969238281
-0.5306091309
-0.1326446533
0.0000000000
0.2653045654
0.2653045654
0.0000000000
-0.2795104980
-0.5590209961
-0.3726806641
-0.0931701660
-0.3726806641
-0.0931701660
0.0931701660
-0.2357025146
0.1178436279
0.0000000000
0.0000000000
-0.1178436279
0.0000000000
-0.1178436279
0.1178436279
-0.2772064209
-0.2772064209
-0.5544128418
-0.2772064209
-0.0924072266
0.0924072266
-0.0924072266
0.3696136475
-0.0852813721
0.5117034912
0.0852813721
0.3411407471
0.5117034912
0.1705627441
0.0000000000
-0.2558593750
0.0000000000
0.1542053223
0.0000000000
0.8944244385
-0.1233673096
-0.1850585938
0.0308380127
0.3084259033
0.0201721191
0.9679565430
-0.1613311768
-0.0403289795
-0.0806579590
-0.0201721191
0.0201721191
0.1209869385
0.2236785889
-0.0838775635
0.9226684570
0.0000000000
0.1957092285
0.1118316650
-0.0559234619
-0.1118316650
-0.0565338135
-0.7349090576
-0.2261199951
-0.1130676270
0.0565338135
-0.1130676270
-0.3391876221
0.3957214355
0.2684936523
0.0894927979
0.5369873047
0.1790008545
-0.3579864502
0.3579864502
0.1790008545
-0.1790008545
0.0911560059
0.0000000000
0.0000000000
0.0911560059
0.0000000000
0.0000000000
0.0911560059
0.0000000000
-0.1064758301
0.0000000000
0.1064758301
0.1064758301
0.0000000000
0.1064758301
-0.1064758301
0.0000000000
-0.0952758789
0.8574981689
0.1905517578
-0.0952758789
-0.1905517578
0.0952758789
0.2858276367
-0.0952758789
0.1069335938
0.1069335938
0.1604003906
0.8020019531
-0.0534667969
-0.2138671875
0.1604003906
-0.3742675781
0.3463592529
0.0000000000
0.0865936279
-0.3463592529
-0.6494140625
0.3463592529
0.1731719971
-0.3463592529
-0.2108154297
-0.0702667236
-0.0702667236
-0.4918975830
0.0000000000
0.7026977539
0.2108154297
0.0000000000
0.0000000000
0.2058258057
0.4116668701
-0.2058258057
0.5145721436
0.2058258057
0.2058258057
0.1029205322
0.3042602539
0.0760650635
0.1521301270
-0.0760650635
-0.3042602539
0.0000000000
-0.0760650635
-0.7606353760
0.9100341797
-0.0866699219
0.2166748047
-0.0866699219
0.0433349609
-0.1733398438
0.1300048828
0.0000000000
0.0481872559
0.0963745117
0.8673858643
0.2409362793
-0.1445617676
-0.0481872559
0.2409362793
-0.1445617676
0.2449493408
-0.1224670410
-0.2449493408
-0.1224670410
-0.3674163818
-0.1224670410
0.0000000000
-0.2449493408
-0.1046142578
0.1046142578
0.0348663330
0.1394958496
0.2441101074
0.3138427734
-0.8369293213
-0.2441101074
0.2272186279
0.0568084717
-0.7952423096
-0.1136016846
-0.0568084717
0.2840118408
-0.2840118408
-0.1704101562
0.2931823730
0.5863494873
0.0000000000
-0.2931823730
-0.0977325439
0.1954498291
0.0977325439
-0.2931823730
0.0000000000
0.0000000000
0.0000000000
0.1064758301
0.0000000000
0.0000000000
0.0000000000
0.2129516602
0.0000000000
0.0000000000
-0.2110137939
-0.2110137939
0.2110137939
-0.4220428467
-0.4220428467
0.3165283203
-0.3798217773
-0.2954101562
-0.4642181396
-0.2954101562
-0.4220123291
-0.3376159668
0.2954101562
-0.1688079834
-0.0863494873
-0.1295166016
0.4748992920
-0.2158660889
0.1726989746
0.5612487793
0.5180816650
-0.1726989746
0.0000000000
0.0000000000
0.0000000000
0.0785675049
0.0000000000
0.0000000000
0.0000000000
0.0785675049
0.4904174805
0.1839141846
-0.0613098145
-0.3065185547
-0.5517272949
-0.0613098145
-0.3678131104
-0.2452087402
0.0686035156
0.1372222900
0.7547149658
-0.2058258057
0.1372222900
0.0000000000
0.4116668701
-0.1372222900
0.0000000000
0.0000000000
0.0785675049
0.0000000000
0.0000000000
0.0000000000
0.0000000000
-0.0785675049
-0.0767211914
0.3068847656
0.6905059814
-0.3836212158
-0.1534423828
0.0000000000
0.0000000000
0.2301635742
0.2320098877
-0.3480072021
-0.2320098877
-0.3480072021
0.0000000000
-0.1159973145
-0.2320098877
0.2320098877
-0.1000061035
0.0000000000
0.0000000000
-0.1000061035
-0.1000061035
0.1000061035
0.0000000000
0.0000000000
-0.2393646240
-0.0797882080
-0.7180938721
-0.0797882080
-0.0797882080
0.1595764160
0.0797882080
0.3989410400
0.1004791260
0.5023651123
-0.1004791260
0.3014221191
0.3014221191
0.3014221191
0.0000000000
-0.3014221191
0.0770111084
0.2310485840
0.0000000000
0.8471527100
-0.0385131836
-0.1540222168
-0.0385131836
0.3850708008
0.0971832275
0.9718170166
-0.1214752197
0.0242919922
-0.0728912354
-0.0242919922
0.0242919922
0.0728912354
0.3881988525
-0.3450622559
0.6901245117
0.0862731934
0.3019256592
0.2156677246
-0.0431365967
-0.2156677246
-0.0888061523
-0.7104949951
-0.1776275635
0.0000000000
0.0888061523
-0.2664337158
-0.1776275635
0.2664337158
-0.1920013428
0.0000000000
0.2879943848
0.0959930420
-0.4799957275
0.2879943848
0.2879943848
-0.3840026855
0.0000000000
0.0588226318
0.0000000000
0.0000000000
0.0000000000
0.0000000000
0.0000000000
0.0000000000
0.0000000000
0.0000000000
0.1000061035
0.1000061035
0.0000000000
0.1000061035
0.0000000000
-0.1000061035
-0.2016296387
0.8065490723
0.0672149658
0.0672149658
-0.2016296387
0.1344299316
0.2688446045
0.1344299316
0.1455841064
-0.0485229492
-0.0485229492
0.9220123291
0.1455841064
-0.0485229492
0.0485229492
-0.1455841064
0.2653045654
0.0000000000
0.2653045654
-0.2653045654
-0.5969238281
0.3979492188
0.3316345215
-0.1326446533
-0.1855621338
0.0927886963
0.0927886963
-0.6494903564
-0.1855621338
0.2783508301
0.1855621338
-0.2783508301
0.0832366943
-0.0832366943
0.4994354248
-0.2497100830
0.4161987305
0.4994354248
0.0832366943
-0.0832366943
0.3296203613
0.1648101807
0.0823974609
0.0823974609
-0.2472076416
0.0823974609
0.0000000000
-0.7416381836
0.9020843506
-0.0949554443
0.1424407959
-0.0949554443
0.0949554443
-0.1424407959
0.1899108887
0.0949554443
0.0000000000
0.4157409668
0.0000000000
0.1039276123
-0.3117980957
-0.2078704834
0.5196685791
-0.1039276123
0.1178436279
0.0000000000
-0.1178436279
-0.1178436279
-0.2357025146
0.0000000000
0.0000000000
-0.1178436279
-0.0420227051
0.0420227051
0.0000000000
0.0840301514
0.0840301514
0.2520904541
-0.9243316650
-0.0840301514
0.1432495117
0.0000000000
-0.7162170410
0.0000000000
-0.0477447510
0.5252227783
-0.2387390137
-0.2387390137
0.0000000000
-0.6935119629
0.0000000000
-0.1981506348
-0.1981506348
-0.0990753174
0.1981506348
-0.1981506348
0.0000000000
0.0000000000
0.0000000000
0.0000000000
0.0000000000
0.0000000000
0.0000000000
0.0000000000
-0.1113433838
0.2226867676
0.1113433838
0.0000000000
0.0000000000
0.0000000000
0.0000000000
0.0000000000
-0.3130187988
-0.0626068115
-0.5008239746
-0.3130187988
-0.5008239746
-0.3130187988
0.1878051758
-0.1878051758
-0.0571746826
-0.2286834717
0.5145416260
-0.3430328369
0.2858581543
0.4002075195
0.4002075195
-0.2286834717
0.0000000000
0.0000000000
0.0000000000
0.0000000000
0.0000000000
-0.0785675049
0.0000000000
0.0785675049
0.2357025146
0.1178436279
0.0000000000
-0.1178436279
-0.3535461426
-0.2357025146
-0.3535461426
-0.2357025146
-0.0650634766
-0.1301116943
0.7807006836
-0.3252868652
0.2602386475
0.0000000000
0.1951751709
-0.1301116943
0.0000000000
-0.0911560059
0.0000000000
0.0911560059
-0.0911560059
0.0000000000
0.0000000000
0.0000000000
-0.1681976318
0.1681976318
0.4204864502
-0.6727905273
-0.0840911865
0.0840911865
-0.1681976318
0.1681976318
0.1178436279
0.1178436279
0.0000000000
0.0000000000
0.0000000000
0.1178436279
-0.1178436279
0.2357025146
-0.2300720215
0.0000000000
0.0000000000
-0.1150360107
-0.1150360107
0.1150360107
0.0000000000
0.0000000000
-0.1670379639
-0.0835266113
-0.6681823730
0.1670379639
0.0000000000
0.0000000000
0.0000000000
0.5011291504
0.1245422363
0.2490844727
-0.1245422363
0.0000000000
0.0000000000
0.3736267090
0.0000000000
-0.2490844727
0.0928955078
0.0928955078
-0.1857757568
0.8824462891
0.1393280029
0.0000000000
-0.0464477539
0.2786712646
0.1298980713
0.9417419434
-0.0324707031
0.1948394775
-0.0974273682
0.0000000000
0.0649414062
0.0974273682
0.4522552490
-0.5087738037
0.3957214355
0.1130676270
0.3957214355
0.2261199951
-0.0565338135
-0.2261199951
0.0000000000
-0.3741607666
0.0000000000
0.0000000000
0.0000000000
-0.2494506836
0.0000000000
0.1247253418
-0.1818389893
0.0000000000
0.1818389893
-0.0909118652
-0.5455017090
0.0000000000
0.3636779785
-0.4545898438
-0.1250000000
0.1250000000
0.0000000000
0.1250000000
-0.1250000000
0.2500000000
-0.2500000000
-0.2500000000
0.0741729736
0.1483612061
0.0741729736
-0.2967224121
-0.4450836182
-0.2967224121
0.5192565918
-0.3708953857
0.0182800293
0.9873657227
0.0182800293
-0.0365753174
0.0182800293
0.0365753174
0.0731353760
-0.0731353760
-0.0894012451
-0.0496673584
-0.3675689697
0.8543395996
-0.0397338867
0.0695343018
0.0298004150
-0.3377532959
0.5727691650
0.0818176270
0.1227416992
-0.1227416992
-0.6136779785
0.3273010254
0.2863769531
-0.1227416992
-0.3338165283
0.1335296631
0.3338165283
-0.1335296631
-0.0667572021
-0.6676483154
-0.2670593262
0.2670593262
0.0000000000
0.4911651611
0.0818634033
-0.2455902100
-0.4911651611
0.0818634033
-0.3274383545
0.3274383545
0.1628875732
0.1628875732
-0.7818450928
0.0325775146
0.1628875732
0.0325775146
0.0325775146
-0.5212249756
0.9731597900
-0.0118713379
0.1542816162
-0.0355987549
-0.0949401855
-0.0712127686
-0.0949401855
0.0118713379
0.0326385498
-0.0652618408
0.9626922607
0.2529144287
0.0244750977
0.0081634521
0.0326385498
0.0081634521
-0.4403839111
0.4893188477
-0.2446594238
0.3425140381
0.3425140381
-0.2935943604
0.1467895508
0.2935943604
-0.1538085938
-0.0878906250
-0.0439453125
0.1098632812
0.1098632812
0.1318359375
-0.9558105469
-0.0878906250
0.2727508545
0.2727508545
0.3636779785
-0.6364288330
0.0000000000
-0.0909118652
-0.0909118652
-0.0909118652
0.0199432373
0.9873809814
0.0099792480
-0.0199432373
0.0498657227
0.0698089600
0.0399017334
0.1097106934
-0.1039276123
0.1039276123
0.2078704834
-0.3117980957
0.0000000000
0.2078704834
-0.1039276123
-0.6236114502
-0.3424682617
0.1141510010
0.1141510010
0.3424682617
-0.3424682617
-0.1141510010
-0.2283172607
0.2283172607
-0.0773925781
-0.4644012451
-0.3096008301
0.2321929932
-0.0773925781
-0.2321929932
-0.4644012451
-0.3869934082
0.2855682373
0.0634613037
0.2221069336
-0.5394134521
-0.3490295410
0.4442138672
0.4442138672
0.1586456299
0.0927886963
-0.2783508301
-0.7422637939
0.0927886963
0.0000000000
-0.0927886963
-0.0927886963
0.1855621338
0.9463958740
-0.0727996826
0.0000000000
0.0727996826
0.2183990479
0.0727996826
-0.0242614746
-0.1455993652
-0.0534515381
0.0801696777
0.8818969727
-0.1870727539
-0.0534515381
0.2137908936
0.2672424316
0.1870727539
0.0000000000
-0.1245422363
-0.3736267090
0.0000000000
-0.1245422363
0.0000000000
-0.2490844727
-0.2490844727
0.0110168457
0.0330657959
0.0110168457
-0.9918212891
-0.0881652832
0.0110168457
0.0550994873
0.0110168457
0.0656127930
0.9841156006
-0.0524902344
0.0262451172
-0.0131225586
-0.0131225586
0.0262451172
-0.1312103271
-0.4410247803
0.5788421631
0.2756347656
0.3858947754
0.1929473877
-0.3307647705
0.1929473877
0.1929473877
-0.0553588867
0.0553588867
0.9687957764
-0.0553588867
-0.0276794434
0.1383972168
-0.0830383301
-0.0276794434
-0.1699676514
0.0849761963
0.0849761963
-0.3399353027
-0.3399353027
-0.0849761963
-0.0849761963
-0.6798706055
0.0227050781
0.0794677734
0.0681152344
0.9649047852
-0.1475677490
-0.1135253906
-0.1021728516
0.0908203125
-0.1434020996
0.9647064209
-0.0391082764
0.0521392822
-0.1173248291
-0.0260772705
0.0130310059
0.1564331055
0.2252044678
0.0938415527
0.7131652832
0.0375366211
0.1126098633
0.5818023682
-0.2252044678
-0.1313781738
-0.2195739746
-0.3659515381
-0.1463775635
0.0731964111
0.3659515381
0.1463775635
-0.4391479492
0.5123443604
0.9779357910
-0.0143737793
0.0143737793
0.1438140869
0.0575256348
0.0718994141
-0.0862884521
0.0000000000
0.0000000000
0.1178436279
0.2357025146
0.0000000000
0.0000000000
-0.1178436279
-0.1178436279
-0.1178436279
0.1670379639
0.2505645752
0.0835266113
-0.4176177979
-0.3340911865
-0.1670379639
0.4176177979
-0.4176177979
0.0440063477
0.9462280273
0.0880279541
-0.1540374756
0.0220031738
0.0220031738
0.1540374756
-0.1760406494
-0.0650482178
-0.0108489990
-0.3361053467
0.8565216064
-0.0867309570
-0.0216827393
0.1301116943
-0.3469390869
0.3210144043
0.0875549316
0.2918243408
-0.2626495361
-0.4085540771
0.6128387451
0.1459197998
-0.3793792725
-0.3285217285
0.2463989258
0.5749206543
-0.1642608643
-0.1642608643
0.3285217285
0.3285217285
0.0000000000
0.0802917480
0.4014587402
0.1605834961
-0.4014587402
-0.4014587402
0.0802917480
-0.1605834961
0.4817504883
0.0558166504
0.2232971191
-0.8373565674
-0.0558166504
0.2791137695
-0.1116485596
0.0000000000
-0.2232971191
0.9679107666
0.0130767822
0.0653991699
0.0261535645
-0.1438751221
0.0130767822
-0.1700439453
-0.0523223877
0.0543365479
-0.0853881836
0.9547424316
0.2716827393
0.0310516357
0.0310516357
0.0232849121
0.0000000000
-0.2877960205
0.4796600342
-0.1918640137
0.4796600342
0.3837280273
-0.2398376465
0.2398376465
0.2877960205
-0.1447601318
-0.0361938477
0.0120697021
0.0844421387
0.1206359863
0.1206359863
-0.9529876709
-0.1688842773
0.3181304932
0.2120971680
0.3181304932
-0.3181304932
0.1060485840
-0.4241790771
0.0000000000
-0.2120971680
0.0861206055
0.9904479980
-0.0323028564
-0.0215301514
0.0107727051
0.0753631592
-0.0107727051
0.0215301514
-0.3535461426
-0.1178436279
0.2357025146
-0.2357025146
0.1178436279
0.0000000000
-0.2357025146
0.3535461426
-0.1790008545
0.2684936523
0.0894927979
0.1790008545
-0.1790008545
-0.5369873047
-0.3579864502
0.3579864502
-0.3847808838
-0.3847808838
-0.5386962891
-0.1539154053
-0.2308654785
-0.4232635498
0.1923980713
-0.2693481445
0.3822021484
-0.0347442627
0.0694885254
-0.4516906738
-0.2084808350
0.2779693604
0.6949157715
-0.0347442627
0.1736755371
-0.0868377686
-0.7815399170
0.0000000000
-0.0868377686
-0.0868377686
-0.0868377686
0.2605133057
0.9304809570
0.0000000000
-0.1094665527
0.0000000000
-0.1094665527
0.1368408203
-0.2463073730
-0.0821075439
-0.0927886963
0.0309295654
0.8041992188
-0.2783813477
0.0618591309
0.3711700439
0.2165222168
0.2165222168
0.0000000000
-0.2498626709
-0.2498626709
0.1249389648
-0.1249389648
0.1249389648
0.0000000000
-0.2498626709
0.0591735840
-0.0148010254
0.0148010254
-0.9911956787
0.0000000000
0.0148010254
0.0739746094
0.0295867920
0.0654754639
0.9657745361
-0.1309509277
0.0163726807
0.0000000000
-0.0163726807
0.0654754639
-0.1800537109
-0.5198516846
0.6498107910
0.1624603271
0.3574066162
0.2599334717
-0.1949462891
0.0974731445
0.0649871826
0.0000000000
0.1268615723
0.9514160156
-0.0634307861
0.0000000000
0.1585693359
-0.1268615723
0.0317077637
-0.0852813721
-0.1705627441
-0.1705627441
-0.1705627441
-0.6822814941
-0.0852813721
0.0000000000
-0.4264221191
0.0536193848
0.0670318604
-0.0134124756
0.9517517090
-0.1474609375
-0.1608581543
-0.1072387695
0.1474609375
-0.0885620117
0.9741668701
-0.1180877686
-0.0147552490
-0.0885620117
-0.0147552490
0.0000000000
0.1180877686
0.1557006836
0.1557006836
0.8304138184
0.0691986084
0.0518951416
0.4152069092
-0.1903076172
-0.1903076172
-0.1412353516
-0.7061614990
-0.1412353516
-0.1412353516
0.1412353516
0.0706176758
-0.3530883789
0.3530883789
0.9626464844
-0.0465850830
0.0621032715
0.1863250732
0.0465850830
0.1086883545
-0.0931549072
-0.0465850830
-0.1250000000
0.0000000000
0.3750000000
0.0000000000
-0.1250000000
-0.2500000000
-0.1250000000
0.0000000000
0.2830657959
0.0000000000
0.0943603516
-0.3774108887
-0.3774108887
-0.0943603516
0.2830657959
-0.4717712402
0.1242218018
0.8198547363
0.2236022949
-0.2484436035
0.0496826172
0.0248413086
0.2981262207
-0.2981262207
-0.0121765137
0.0121765137
-0.2678680420
0.8645019531
-0.0608825684
-0.0730590820
0.1826477051
-0.3652801514
0.1672058105
0.0836029053
0.2926177979
-0.3344116211
-0.2926177979
0.6688385010
0.1672058105
-0.4389190674
-0.1732177734
0.0577392578
0.3464355469
-0.3464355469
0.0577392578
0.6928710938
0.3464355469
0.1154785156
0.1332397461
0.3330841064
0.0666198730
-0.1332397461
0.0000000000
0.4663238525
0.1998596191
0.6661682129
0.1135406494
0.0000000000
-0.3406372070
0.0000000000
0.0000000000
-0.2270965576
0.0000000000
-0.5677337646
0.9385223389
-0.0151367188
-0.0151367188
0.0756835938
-0.1816558838
0.0756835938
-0.2422027588
-0.0908203125
0.0275421143
-0.0826263428
0.9548034668
0.2754211426
-0.0091857910
0.0000000000
0.0275421143
-0.0367279053
-0.1804046631
0.2705993652
-0.2705993652
0.3607940674
0.5411987305
-0.0901947021
0.1804046631
0.2705993652
-0.1278686523
0.0255737305
0.0639343262
0.1022949219
0.1918029785
0.1406555176
-0.9206542969
-0.2429504395
0.2931823730
0.1954498291
-0.1954498291
0.0977325439
0.2931823730
-0.4886322021
-0.3908996582
-0.0977325439
0.1265106201
0.9839630127
0.0000000000
-0.0421752930
-0.0702819824
0.0281066895
-0.0421752930
-0.0140533447
-0.1178436279
-0.1178436279
0.0000000000
0.0000000000
0.1178436279
-0.1178436279
0.0000000000
0.2357025146
0.1158599854
0.2896575928
-0.1737976074
-0.1737976074
0.1737976074
-0.6951751709
-0.4055175781
0.2317199707
-0.4440612793
-0.3330535889
-0.5273284912
-0.2220306396
-0.2775421143
-0.3885650635
0.2497863770
-0.2220306396
0.2444000244
-0.1047363281
0.0000000000
-0.2793121338
0.0000000000
0.3840637207
0.8030395508
-0.1396636963
0.2009429932
0.0000000000
-0.7033081055
-0.2009429932
-0.1004791260
0.0000000000
0.1004791260
0.2009429932
0.7628631592
-0.0272521973
-0.2179565430
-0.0817413330
-0.3814239502
0.1907196045
-0.3814239502
-0.1089782715
0.0000000000
0.0000000000
0.6966705322
-0.2868652344
0.1639251709
0.5327453613
0.0819549561
0.2458801270
-0.1250000000
-0.3750000000
-0.2500000000
0.0000000000
0.0000000000
0.1250000000
-0.1250000000
0.0000000000
0.0887145996
-0.0443572998
0.0443572998
-0.9758148193
0.0887145996
0.0665283203
0.0887145996
0.0000000000
0.0241851807
0.9430694580
-0.1692657471
0.0483703613
0.0725402832
-0.0725402832
0.1450958252
-0.1692657471
-0.5742187500
0.6625671387
0.0883483887
0.2650299072
0.2650299072
-0.1325073242
0.0441741943
0.0000000000
-0.0408477783
0.1633758545
0.9394073486
-0.1225280762
-0.0816802979
0.0816802979
-0.0816802979
0.0000000000
0.0977325439
0.1954498291
-0.2931823730
-0.0977325439
-0.5863494873
0.0977325439
-0.0977325439
-0.3908996582
0.0684814453
0.1198577881
-0.1027374268
0.9074707031
-0.2054595947
-0.1540985107
-0.1712188721
0.2054595947
-0.0656585693
0.9848785400
-0.1181793213
-0.0525207520
-0.0393981934
-0.0131378174
0.0131378174
0.0393981934
0.1809539795
0.0904693604
0.8504638672
0.1266632080
0.0904693604
0.3076171875
-0.1085662842
-0.3076171875
0.0000000000
-0.8297576904
-0.2304840088
-0.1843872070
-0.0460968018
0.0000000000
-0.2765808105
0.2765808105
0.9118804932
-0.0467681885
0.1870574951
0.2338104248
-0.0467681885
0.1870574951
-0.0467681885
-0.1402893066
0.1113433838
-0.1113433838
0.1113433838
-0.1113433838
0.0000000000
-0.1113433838
0.0000000000
-0.1113433838
0.1147766113
-0.1147766113
0.2295379639
-0.2295379639
-0.3443145752
0.0000000000
0.3443145752
-0.3443145752
0.0446472168
0.8928375244
0.1785736084
-0.2008819580
-0.0223236084
0.0446472168
0.2455291748
-0.2232055664
0.0305328369
0.0763244629
-0.2289886475
0.8854064941
0.0000000000
-0.0915985107
0.1679229736
-0.3358459473
0.1438751221
0.0959167480
0.3357086182
-0.3357086182
-0.3357086182
0.5994720459
0.2158050537
-0.4555969238
0.0000000000
0.1335296631
0.3338165283
-0.6676483154
0.2670593262
0.4005889893
0.2002868652
0.0667572021
-0.0497741699
-0.2986297607
0.0000000000
0.0497741699
0.6470184326
0.3981628418
0.2986297607
0.3981628418
0.1416320801
-0.0472106934
0.3777008057
0.0472106934
-0.4721374512
0.0000000000
-0.1888580322
-0.7081909180
0.9520111084
-0.0594940186
-0.0198364258
0.0793304443
-0.1784973145
0.0594940186
-0.1784973145
-0.0594940186
-0.0284423828
-0.0568695068
0.9384613037
0.2985992432
-0.0853118896
-0.0426635742
0.0853118896
-0.0568695068
0.3748321533
0.0000000000
-0.2498779297
0.0000000000
0.1249389648
0.1249389648
-0.1249389648
-0.1249389648
-0.1151428223
0.0863647461
0.0575714111
0.1583251953
0.2302856445
0.1871185303
-0.8923797607
-0.2446899414
0.1881713867
-0.0627288818
-0.6272583008
-0.0627288818
0.2509002686
0.1254577637
-0.5645294189
-0.1881713867
0.0990447998
0.9707031250
-0.0396270752
-0.0594329834
-0.1584777832
0.0396270752
-0.0594329834
0.0000000000
0.0911560059
-0.0911560059
0.0000000000
0.0000000000
0.0000000000
0.0911560059
0.0000000000
0.0000000000
0.0818634033
0.3274383545
-0.1637268066
-0.0818634033
0.2455902100
-0.6548919678
-0.3274383545
0.1637268066
-0.4027709961
-0.2876892090
-0.4890747070
-0.3164672852
-0.3452301025
-0.4027709961
0.2013854980
-0.2589263916
-0.0323944092
-0.1619415283
0.1295471191
-0.1619415283
0.1295471191
0.6153869629
0.6801605225
-0.1943359375
0.0000000000
0.1250000000
-0.2500000000
-0.1250000000
-0.2500000000
-0.1250000000
0.1250000000
0.2500000000
0.7460479736
0.0000000000
-0.3197326660
-0.0355224609
-0.4263153076
0.1776275635
-0.2842102051
-0.0710449219
0.1104736328
0.0368194580
0.8470001221
-0.2577819824
0.2209625244
0.2946166992
0.0368194580
0.1473083496
0.0000000000
-0.1064758301
0.0000000000
0.0000000000
0.0000000000
0.0000000000
-0.2129516602
0.0000000000
0.0699920654
0.0466613770
0.0000000000
-0.9798889160
0.0233306885
0.0233306885
0.1166534424
-0.0233306885
-0.0558929443
0.9502563477
-0.1397399902
0.0838470459
0.1397399902
-0.0558929443
0.0838470459
-0.1118011475
-0.5923767090
0.5385284424
-0.0538482666
0.3231201172
0.1615600586
-0.2692565918
0.2154083252
0.1077117920
-0.1109619141
0.1109619141
0.8876953125
-0.1664428711
-0.0554809570
-0.0554809570
-0.0554809570
-0.2219238281
0.3014221191
0.5023651123
-0.3014221191
0.0000000000
0.1004791260
0.3014221191
-0.1004791260
-0.3014221191
0.0990447998
0.1237945557
0.0000000000
0.8666076660
-0.1980743408
-0.1237945557
-0.2476043701
0.2971191406
-0.0723876953
0.9892425537
-0.0723876953
-0.0361938477
-0.0603179932
-0.0120697021
0.0241241455
0.0241241455
0.2604370117
-0.1157531738
0.7523651123
0.2025604248
0.2025604248
0.3183135986
0.0289306641
-0.3761901855
0.1030426025
-0.7727966309
-0.3091278076
-0.1545562744
-0.1030426025
-0.2060852051
-0.2575988770
0.2575988770
0.6110534668
-0.1410064697
0.3290252686
0.2350158691
-0.2820281982
0.1880187988
0.1880187988
-0.4700469971
0.2432556152
0.0000000000
-0.1216278076
-0.1216278076
-0.1216278076
-0.1216278076
0.1216278076
0.1216278076
0.0000000000
0.0000000000
0.1178436279
0.0000000000
-0.1178436279
0.1178436279
0.1178436279
-0.2357025146
-0.0246734619
0.9624023438
0.0740356445
-0.0493469238
-0.1233825684
0.0740356445
0.1233825684
-0.0987091064
0.0366973877
0.0550384521
-0.2201538086
0.9172973633
0.0183410645
-0.1100769043
0.1284179688
-0.2568511963
0.2420654297
0.0302581787
0.2420654297
-0.3328399658
-0.4236145020
0.5143890381
0.3025817871
-0.4538726807
-0.0713195801
0.2139739990
0.2852935791
-0.7845764160
0.1426544189
0.1426544189
0.1426544189
-0.1426544189
0.0000000000
-0.3811187744
0.0952758789
0.0476379395
0.7145843506
0.3811187744
0.2381896973
0.2381896973
0.1358642578
0.0452880859
0.1811523438
0.0905761719
-0.4528808594
0.0000000000
-0.2717285156
-0.7698974609
0.9795532227
-0.0502319336
0.0251159668
0.0251159668
-0.1004638672
-0.0251159668
-0.0753479004
0.0000000000
-0.0554504395
0.1386108398
0.8316650391
0.3326721191
-0.1940612793
-0.1386108398
0.3049468994
0.0277252197
0.3726806641
0.0000000000
-0.1242218018
-0.1242218018
-0.2484588623
0.0000000000
-0.2484588623
-0.1242218018
-0.0317840576
0.0635681152
0.0158996582
0.1430358887
0.1589355469
0.1907196045
-0.9376831055
-0.1589355469
0.1220245361
-0.1220245361
-0.6914672852
0.0000000000
0.0813446045
0.4880981445
-0.3660736084
-0.2440490723
0.0930633545
0.9616088867
-0.1240844727
-0.0620422363
-0.1240844727
-0.0310211182
0.0000000000
0.0000000000
0.0000000000
-0.0785675049
0.0000000000
0.0000000000
0.0000000000
0.0785675049
0.0000000000
0.0000000000
0.0000000000
0.1184692383
-0.1184692383
-0.1184692383
0.3553924561
-0.3553924561
-0.1184692383
0.3553924561
-0.3413391113
-0.2730712891
-0.5119934082
-0.3413391113
-0.4095916748
-0.3754730225
0.2048034668
-0.2048034668
0.0370025635
-0.1480102539
0.3330230713
-0.2220153809
0.1480102539
0.5920410156
0.5920410156
-0.2220153809
0.0000000000
0.1199951172
-0.1199951172
-0.1199951172
-0.1199951172
-0.1199951172
0.0000000000
0.2400054932
0.7875366211
0.1050109863
-0.2625122070
0.0525054932
-0.3675231934
0.1575012207
-0.2100067139
0.0525054932
0.1131896973
0.0000000000
0.8678436279
-0.3018646240
0.2263946533
0.1509246826
0.0000000000
0.1509246826
0.1000061035
0.0000000000
0.0000000000
-0.1000061035
0.0000000000
-0.1000061035
-0.1000061035
0.0000000000
-0.0717773438
0.0478515625
0.0957031250
-0.9808807373
-0.0478515625
0.0239257812
0.0000000000
0.0000000000
-0.0637817383
0.9567260742
-0.0318908691
0.0637817383
0.1275634766
-0.1275634766
0.0318908691
-0.0956726074
-0.5476074219
0.4791564941
-0.0684509277
0.2738037109
0.2053527832
-0.2738037109
0.2738037109
0.2053527832
-0.1749572754
0.0874786377
0.5248870850
0.0000000000
0.2624511719
-0.5248870850
0.0874786377
-0.2624511719
0.3424682617
0.4566192627
-0.2283172607
0.0000000000
0.0000000000
0.2283172607
0.1141510010
-0.2283172607
0.0966644287
0.1288757324
0.0000000000
0.8699340820
-0.0966644287
-0.0644378662
-0.2577667236
0.3222045898
-0.0244598389
0.9903869629
-0.0855865479
-0.0122222900
-0.0611419678
-0.0244598389
0.0244598389
0.0366821289
0.3323364258
-0.4061889648
0.5538940430
0.2954101562
0.2954101562
0.2954101562
0.0369262695
-0.3323364258
0.0000000000
-0.5268554688
-0.3512420654
0.0878143311
-0.1756134033
-0.4390411377
-0.1756134033
0.2634277344
0.2401123047
-0.3201599121
0.2401123047
0.1600799561
-0.3201599121
0.0000000000
0.1600799561
-0.6403045654
0.1000061035
0.0000000000
0.0000000000
-0.1000061035
-0.1000061035
0.0000000000
0.0000000000
0.1000061035
0.0000000000
0.0000000000
0.0000000000
0.0000000000
0.0000000000
0.2226867676
0.1113433838
-0.1113433838
-0.0924377441
0.9552001953
-0.0616302490
0.0616302490
-0.1540679932
0.0924377441
0.0924377441
0.0000000000
0.0668029785
-0.0222625732
-0.1558532715
0.9574127197
0.0890655518
-0.0890655518
0.0668029785
-0.1335906982
0.2576141357
0.0000000000
0.2944183350
-0.2944183350
-0.5152130127
0.4784240723
0.3680114746
-0.2944183350
-0.2499237061
0.3748931885
0.1874389648
-0.6248168945
-0.2499237061
-0.3748931885
0.0624847412
-0.1874389648
0.1521606445
-0.3043212891
0.2028808594
0.0507202148
0.6593627930
0.5072021484
0.1521606445
0.2028808594
0.2336883545
0.0584259033
0.1168518066
0.1168518066
-0.4089508057
0.0584259033
-0.2336883545
-0.7594909668
0.9216918945
-0.0594635010
0.1189270020
-0.0892028809
0.0297393799
-0.1783905029
0.1783905029
0.1783905029
-0.1176452637
0.2941131592
0.4705810547
0.4705810547
-0.1764678955
-0.2941131592
0.4117584229
0.2352905273
0.1064758301
0.0000000000
-0.1064758301
-0.1064758301
0.0000000000
0.0000000000
-0.1064758301
0.1064758301
-0.0503082275
0.0670928955
0.0838623047
0.0838623047
0.0335388184
0.1341705322
-0.9727478027
-0.0670928955
0.2040863037
-0.1020507812
-0.5782470703
0.0340118408
0.1020507812
0.6122589111
-0.2721099854
-0.3401489258
0.0000000000
0.5890197754
-0.0981750488
-0.2945098877
-0.2945098877
-0.2945098877
0.1963348389
0.0000000000
0.0000000000
0.0000000000
0.0000000000
-0.0785675049
0.0000000000
0.0000000000
-0.0785675049
0.0000000000
0.0000000000
0.2357025146
0.1178436279
0.0000000000
0.0000000000
0.1178436279
0.1178436279
0.1178436279
-0.4008636475
0.0000000000
-0.5726470947
-0.1717987061
-0.4581298828
-0.4008636475
0.0000000000
-0.0572662354
0.0000000000
-0.2237091064
0.4474182129
-0.4026794434
0.2237091064
0.4474182129
0.4474182129
-0.2684478760
0.0000000000
0.0000000000
-0.1000061035
0.0000000000
-0.1000061035
-0.1000061035
0.0000000000
0.1000061035
0.4738464355
0.1184692383
0.0000000000
0.3553924561
0.0000000000
0.0000000000
-0.2369232178
0.1184692383
0.0000000000
-0.0961608887
0.7692260742
-0.4326934814
0.2403869629
0.1923065186
-0.1442260742
0.1442260742
0.1064758301
-0.1064758301
-0.1064758301
0.0000000000
-0.1064758301
0.0000000000
0.0000000000
-0.1064758301
-0.1564636230
0.0938720703
0.1877441406
-0.9387512207
-0.0312957764
0.0938720703
-0.0938720703
0.0000000000
-0.0360260010
0.9727935791
0.0000000000
0.0360260010
0.0360260010
-0.0360260010
0.0720520020
-0.0360260010
-0.5071563721
0.4057312012
-0.1014251709
0.2028656006
0.2028656006
-0.1014251709
0.3042907715
0.1014251709
-0.3424682617
-0.2283172607
-0.2283172607
0.2283172607
0.2283172607
-0.3424682617
0.0000000000
0.2283172607
0.0000000000
0.3715667725
-0.3715667725
0.0000000000
0.1238555908
0.1238555908
0.1238555908
0.0000000000
0.0000000000
0.0424346924
-0.0848541260
0.9334411621
0.0000000000
0.0000000000
-0.1272888184
0.2121429443
0.0287322998
0.9911804199
-0.0574645996
0.0574645996
-0.0430908203
0.0000000000
0.0287322998
0.0287322998
0.3286743164
-0.5634307861
0.3286743164
0.2347564697
0.4225769043
0.2817230225
-0.0469512939
-0.2817230225
-0.1159973145
-0.2320098877
-0.3480072021
0.1159973145
0.0000000000
-0.4640045166
0.0000000000
0.2320098877
0.0808105469
-0.3232269287
0.0808105469
-0.1616058350
-0.3232269287
-0.3232269287
0.0808105469
-0.6464385986
