0.1178436279
0.2357025146
-0.1178436279
0.0000000000
0.0000000000
0.0000000000
-0.1178436279
0.1178436279
0.2340087891
-0.7410278320
0.3120117188
0.1170043945
-0.1170043945
-0.4290161133
0.1560058594
-0.1170043945
-0.0757904053
0.9725799561
-0.0505218506
0.0757904053
-0.0505218506
0.0378875732
-0.0631561279
0.1641998291
0.0186157227
0.0000000000
-0.5212707520
0.7446746826
0.0186157227
-0.0465393066
-0.0186157227
-0.4095764160
-0.0660400391
0.1650848389
-0.3631896973
0.2641448975
-0.2971649170
-0.1650848389
0.7263946533
0.2971649170
0.2711791992
-0.3615722656
-0.1355895996
0.1807861328
0.4971466064
-0.4067535400
-0.4067535400
0.3163757324
0.1275177002
0.4250335693
-0.0212554932
-0.1275177002
-0.8075714111
0.2337646484
0.0000000000
0.2550201416
0.4096069336
0.0227508545
-0.5461425781
0.2275543213
0.0227508545
0.1592864990
-0.1820526123
-0.6371612549
0.9306640625
-0.0262145996
-0.0393218994
-0.0262145996
-0.1179656982
0.2228393555
-0.2359466553
-0.0786437988
-0.0150299072
-0.0451049805
0.9471282959
0.2856445312
-0.0225524902
-0.1052398682
-0.0075225830
0.0751647949
-0.6360931396
-0.2891235352
0.1156463623
-0.2023925781
0.3180389404
0.3758697510
-0.4337005615
0.0000000000
-0.0388336182
0.0310668945
-0.0466003418
-0.0077667236
-0.0699005127
0.0077667236
-0.9940643311
0.0155334473
0.2279510498
-0.2849273682
0.5698699951
-0.3419189453
-0.0569915771
0.5128784180
-0.2279510498
0.0000000000
-0.0459594727
0.9729003906
-0.1838531494
-0.0919342041
-0.0306396484
-0.0689392090
0.0382995605
-0.0076599121
-0.1101226807
0.0550537109
-0.1651763916
-0.0550537109
0.1651763916
0.2202453613
-0.0550537109
-0.8809509277
0.1018371582
0.0509185791
0.0509185791
-0.0509185791
0.2545776367
-0.0509185791
0.8146667480
0.4073333740
0.3505249023
0.3755645752
0.6509857178
-0.0500793457
-0.0500793457
0.4006042480
-0.2754211426
0.2253417969
0.1096801758
0.0548400879
-0.3016052246
-0.4112701416
-0.1370849609
0.0822601318
-0.3564453125
0.7402954102
0.0475311279
-0.0950622559
-0.9031066895
-0.1425933838
-0.1425933838
0.1425933838
-0.0475311279
0.1901245117
0.8452148438
-0.0971527100
-0.0874328613
-0.3691711426
-0.2914581299
0.1165771484
-0.0582885742
0.1651611328
0.0197448730
0.0197448730
0.9674835205
0.0197448730
-0.1579589844
-0.0789794922
0.1382141113
0.0000000000
0.0000000000
-0.1150360107
0.0000000000
-0.1150360107
0.0000000000
0.0000000000
-0.1150360107
-0.2300720215
-0.0260314941
-0.0520629883
0.0650787354
-0.9891815186
-0.0390472412
0.0260314941
-0.0130157471
0.0780944824
-0.0456390381
0.9658660889
0.0228118896
0.1445007324
0.1901245117
0.0456390381
-0.0380249023
-0.0456390381
-0.3296508789
0.2825622559
0.2354736328
0.4709320068
0.3453521729
-0.3767547607
0.4081420898
0.3139495850
-0.1606292725
-0.3748168945
0.8031616211
0.0267791748
-0.0803222656
0.0000000000
0.1338653564
0.3748168945
0.4186553955
0.1794281006
-0.0598144531
-0.3289489746
0.0299072266
-0.5382843018
-0.0598144531
-0.5980834961
-0.0312347412
0.1249084473
-0.0312347412
0.9680633545
-0.1249084473
0.0832672119
-0.1353149414
0.0312347412
-0.1024475098
0.9778900146
-0.0093078613
-0.1210784912
-0.0651855469
-0.0931396484
0.0372467041
0.0372467041
0.5916900635
0.1690521240
0.4057312012
-0.1859588623
0.0338134766
0.6085968018
-0.2028656006
-0.0169067383
0.0860290527
-0.9462585449
-0.0286712646
0.1433715820
0.0286712646
-0.1433715820
-0.0860290527
0.1433715820
0.9589538574
0.0841217041
0.0841217041
0.1009368896
0.0672912598
-0.0168304443
-0.1177673340
0.1682434082
0.1249389648
0.1249389648
0.0000000000
0.0000000000
-0.1249389648
-0.2498779297
-0.3748321533
0.1249389648
0.2794647217
-0.6387634277
0.3992309570
0.1596832275
-0.0798492432
-0.4790649414
0.0399169922
-0.1996154785
-0.0703735352
0.9651336670
-0.1206359863
0.1105804443
-0.0502624512
-0.0100555420
-0.0904846191
0.1508026123
0.0314178467
-0.0157012939
-0.5183868408
0.7540130615
0.0392761230
-0.0314178467
0.0942535400
-0.3848571777
-0.0814056396
0.1356658936
-0.1899414062
0.1899414062
-0.7597656250
0.0000000000
0.4612884521
0.2984771729
0.3327178955
-0.1425933838
0.1425933838
0.0950622559
0.6179046631
0.5703735352
-0.2376556396
0.0475311279
-0.0265960693
0.3990173340
-0.1330108643
-0.2128143311
-0.6118316650
0.5320281982
-0.1063995361
0.2926177979
0.3056488037
0.0000000000
-0.5835113525
0.1667175293
0.0833587646
0.1111450195
-0.2222900391
-0.6668701172
0.9414367676
-0.0639801025
0.0548400879
0.0457000732
-0.1371002197
0.1096801758
-0.2650604248
0.0274200439
-0.0150909424
-0.0679168701
0.9584350586
0.2641448975
-0.0075531006
-0.0452880859
0.0075531006
0.0528259277
-0.8247222900
-0.1374511719
0.1374511719
-0.1099700928
0.4123687744
0.1649475098
-0.2199249268
0.0000000000
-0.0776367188
0.0310516357
-0.0310516357
-0.0155334473
-0.0155334473
0.0232849121
-0.9937744141
0.0388183594
-0.5509033203
-0.1502380371
-0.2003326416
-0.4006500244
-0.5509033203
0.2504119873
-0.1502380371
0.0500793457
-0.0306091309
0.9717864990
-0.1836395264
-0.0765228271
-0.0535583496
-0.0994720459
0.0153045654
-0.0153045654
-0.3105163574
-0.2328948975
0.0776367188
-0.0776367188
0.1552581787
0.0776367188
0.0000000000
-0.7762908936
0.1067810059
0.1067810059
0.0000000000
0.0000000000
0.0533905029
0.1067810059
0.9076385498
0.2135620117
0.4320220947
0.4752197266
0.5616302490
0.1512145996
0.0648040771
0.3888244629
-0.1080017090
0.2592163086
0.5927886963
-0.0988006592
-0.2222900391
-0.3457946777
-0.0740966797
-0.0493927002
-0.1728973389
0.6421813965
0.0000000000
-0.0356903076
-0.9634552002
0.0000000000
-0.1070556641
0.0356903076
-0.1070556641
0.0713653564
0.8639831543
-0.0490875244
-0.0392761230
-0.3730926514
-0.2454528809
0.0589141846
-0.1570892334
0.1374511719
-0.0375061035
-0.0750122070
0.9375610352
-0.0187530518
-0.0937500000
-0.2437591553
-0.0750122070
-0.1687622070
0.0000000000
0.0000000000
-0.2176361084
-0.3264617920
0.2176361084
-0.1088256836
-0.5440979004
-0.2176361084
-0.0106048584
-0.0106048584
0.0318145752
-0.9967346191
0.0212097168
0.0106048584
0.0106048584
0.0318145752
-0.0076904297
0.9759674072
0.0000000000
0.1613769531
0.1152648926
0.0614776611
-0.0384216309
-0.0307464600
-0.4110260010
0.3805847168
0.2892456055
0.4110260010
0.2892456055
-0.3196868896
0.3957977295
0.2892456055
-0.0688781738
0.0000000000
0.9814300537
0.0516510010
-0.0172119141
-0.0172119141
0.0688781738
-0.1205291748
0.3316040039
0.0473785400
0.0473785400
-0.4263458252
-0.1894836426
-0.7579498291
0.0000000000
-0.1421203613
-0.0858459473
0.1502380371
0.0536499023
0.9657897949
-0.0965728760
0.0429229736
-0.1180419922
-0.0751190186
-0.0173797607
0.9905548096
0.0086822510
-0.1042633057
0.0173797607
-0.0695190430
0.0000000000
0.0000000000
0.4259643555
0.2380371094
0.6389465332
-0.0501098633
-0.0501098633
0.5261993408
-0.2004547119
-0.1628723145
0.0658721924
-0.9880828857
0.0439147949
-0.0219573975
0.0000000000
0.0219573975
-0.0219573975
-0.0219573975
0.9129943848
0.1327972412
-0.0332031250
0.1161956787
0.1826019287
-0.0498046875
-0.0995941162
0.2821960449
0.1243286133
0.0000000000
0.1243286133
0.2486572266
0.1243286133
-0.2486572266
-0.1243286133
0.1243286133
0.2795715332
-0.5125427246
0.4193572998
0.1397857666
-0.0466003418
-0.5591430664
0.0000000000
-0.2795715332
-0.0567474365
0.9741668701
-0.1040344238
0.1134948730
-0.0378265381
-0.0567474365
-0.0756683350
0.1040344238
0.0563049316
-0.0080413818
-0.4745941162
0.7802581787
0.0563049316
-0.0241241455
0.1608734131
-0.3619689941
0.0745849609
0.0559387207
-0.1678161621
0.0559387207
-0.8950347900
0.1864624023
0.2796936035
0.1864624023
0.3079833984
-0.0769958496
0.0513305664
0.0513305664
0.5132904053
0.7699432373
-0.1283264160
0.0000000000
-0.0816192627
0.0544128418
-0.3264465332
-0.2992553711
-0.1088104248
0.7345275879
-0.2720489502
0.3808593750
0.2339935303
0.0467987061
-0.4679870605
0.1871948242
0.0935974121
0.0935974121
-0.3275909424
-0.7019805908
0.9477233887
-0.0741729736
0.0329589844
0.0659332275
-0.1071319580
0.0659332275
-0.2637176514
0.0576934814
0.0304412842
-0.0913391113
0.9667053223
0.2283630371
0.0000000000
0.0380554199
0.0228424072
0.0152282715
-0.8418426514
0.0000000000
0.1980743408
0.0742797852
0.4704437256
0.0495147705
-0.0495147705
0.0247650146
-0.0388793945
0.0233306885
-0.0388793945
-0.0155487061
0.0233306885
0.0233306885
-0.9954833984
0.0466613770
-0.7405700684
-0.0308532715
-0.5245666504
-0.1234283447
-0.3085632324
0.0617065430
-0.1234283447
-0.1234283447
-0.0076904297
0.9770660400
-0.1923370361
-0.0230865479
-0.0615539551
-0.0384674072
-0.0230865479
-0.0076904297
-0.3370056152
-0.2246704102
0.1123352051
-0.3370056152
0.3370056152
-0.1123352051
-0.2246704102
-0.2246704102
-0.0549011230
0.2744750977
-0.1097869873
0.0000000000
-0.1097869873
0.3293609619
0.8234100342
-0.1097869873
0.4540405273
0.4737701416
0.4935150146
0.2368927002
0.1579284668
0.3553314209
-0.0789642334
0.3158569336
0.8119201660
-0.0811920166
-0.1826782227
-0.2435760498
-0.0608978271
-0.2435760498
-0.0202941895
0.4059600830
-0.0390625000
0.0390625000
-0.9374694824
0.0000000000
-0.1562500000
0.0000000000
-0.0781250000
0.1953125000
0.8544616699
-0.0438232422
-0.0219116211
-0.3067321777
-0.3067321777
0.0000000000
-0.2519531250
0.1095428467
0.0000000000
-0.1287384033
0.7938842773
0.0858306885
-0.0214538574
-0.3862152100
-0.3218536377
-0.2789306641
0.0000000000
0.0000000000
-0.3057556152
-0.2038421631
0.3057556152
0.1019134521
-0.6115264893
-0.1019134521
0.0191650391
0.0287322998
0.0000000000
-0.9961853027
0.0574645996
0.0000000000
0.0095825195
0.0095825195
0.0484161377
0.9763488770
-0.0322723389
0.1855926514
0.0322723389
0.0645446777
-0.0322723389
-0.0242004395
-0.4574279785
0.4574279785
0.3218841553
0.3727111816
0.2371826172
-0.2710723877
0.3557739258
0.2710723877
-0.0137634277
0.0963897705
0.9363403320
0.0688476562
-0.0137634277
-0.0413055420
0.0275421143
-0.3167114258
0.2479400635
-0.1487579346
-0.0991821289
-0.4958801270
0.0000000000
-0.6942291260
0.0991821289
0.2975311279
-0.1155853271
0.1502685547
0.0809173584
0.9477996826
-0.0346679688
0.0924682617
-0.0809020996
-0.1964874268
0.0000000000
0.9885864258
0.0190124512
-0.1045684814
0.0475311279
-0.0760498047
-0.0095062256
-0.0190124512
0.2962188721
0.2848205566
0.7405548096
0.0227813721
-0.1025390625
0.4329376221
-0.2164611816
-0.1822814941
-0.0363159180
-0.9803466797
0.0726165771
-0.1089324951
0.0181579590
0.0544586182
0.0363159180
-0.0726165771
0.8828125000
0.0959625244
-0.1343383789
0.0383758545
0.2686767578
-0.1535339355
-0.0383758545
0.2878723145
0.2498779297
0.1249389648
0.1249389648
0.3748321533
0.1249389648
0.0000000000
-0.1249389648
0.0000000000
0.1740875244
-0.3481750488
0.4642333984
0.0580291748
0.0580291748
-0.6963500977
0.0000000000
-0.1740875244
-0.0398101807
0.9854736328
-0.0696868896
0.0995483398
-0.0199127197
-0.0696868896
-0.0497741699
0.0398101807
0.0737152100
0.0081939697
-0.4176940918
0.8353881836
0.0245666504
0.0000000000
0.1801757812
-0.2948455811
0.1505279541
0.0167236328
-0.1170654297
0.0167236328
-0.8864135742
0.3177642822
0.2508697510
0.0668945312
0.2259521484
-0.1216735840
-0.0521392822
0.0000000000
0.5735778809
0.7473907471
-0.1216735840
0.1390533447
-0.1210479736
-0.2178955078
-0.4841918945
-0.2178955078
0.2178955078
0.6536712646
-0.2178955078
0.3389434814
0.3774108887
0.0943603516
0.0000000000
0.3774108887
-0.0943603516
0.2830657959
-0.4717712402
-0.2830657959
0.9349212646
-0.0809020996
-0.0449523926
0.0809020996
-0.1078796387
0.0809020996
-0.2966613770
0.0449523926
0.0461730957
-0.1154327393
0.9619140625
0.1846923828
0.0000000000
0.1462097168
0.0307769775
-0.0307769775
-0.7766265869
-0.0258941650
0.2071075439
0.1294403076
0.5436401367
0.0517730713
-0.0776672363
0.1035461426
-0.0257263184
0.0428771973
-0.0257263184
0.0257263184
0.0514526367
0.0428771973
-0.9946136475
0.0085754395
-0.6558227539
0.0000000000
-0.6831512451
0.0000000000
-0.1092987061
0.1092987061
-0.1366271973
-0.1912841797
0.0153656006
0.9755706787
-0.2073974609
0.0076751709
-0.0384063721
-0.0076751709
-0.0384063721
0.0076751709
-0.2498626709
0.0000000000
0.0000000000
-0.3748016357
0.0000000000
0.0000000000
-0.1249389648
-0.1249389648
-0.0927886963
0.4175415039
0.0463867188
0.0927886963
-0.0927886963
0.6031188965
0.5567321777
-0.2319641113
0.4298858643
0.4494171143
0.4884948730
0.2149353027
0.1758575439
0.4103393555
-0.1758575439
0.2931060791
0.8571166992
-0.0612182617
-0.1224517822
-0.1020355225
-0.0408172607
-0.4285583496
-0.0612182617
0.1836700439
0.0000000000
0.0686035156
-0.8919372559
0.0000000000
-0.1372222900
0.0686035156
0.0000000000
0.1372222900
0.7736358643
-0.0468902588
-0.1406555176
-0.2344360352
-0.5040283203
0.0234375000
-0.2461547852
0.0703277588
0.0269165039
-0.2153320312
0.5383453369
0.2960968018
-0.0269165039
-0.4306793213
-0.5114288330
-0.3230133057
-0.1000061035
0.1000061035
-0.1000061035
0.0000000000
0.1000061035
0.0000000000
0.0000000000
0.0000000000
0.0304870605
0.0508117676
-0.0101623535
-0.9960174561
0.0304870605
0.0000000000
0.0000000000
-0.0101623535
0.0437011719
0.9788818359
-0.0349578857
0.1748046875
0.0262145996
0.0611877441
-0.0349578857
0.0000000000
-0.5260314941
0.4782104492
0.3108367920
0.3586578369
0.1673736572
-0.2391052246
0.3108367920
0.2630157471
0.0273895264
0.1232299805
0.9036865234
0.0821533203
0.0000000000
-0.0684661865
0.0547637939
-0.3833770752
0.2622375488
0.0000000000
-0.2185211182
-0.5244598389
0.0437011719
-0.6992797852
0.0874176025
0.2185211182
-0.1133575439
0.1246948242
0.0566864014
0.9408721924
-0.0566864014
0.1133575439
-0.0793457031
-0.2380523682
-0.0341339111
0.9901123047
0.0455169678
-0.0569000244
-0.0455169678
-0.0569000244
0.0569000244
0.0227661133
0.1715545654
0.3167266846
0.7918090820
-0.0131988525
-0.1979522705
0.3563079834
-0.2507324219
-0.0923767090
-0.0511169434
-0.9711303711
0.0340728760
-0.1192626953
0.0681457520
-0.0170440674
0.1022186279
-0.1192626953
0.8731842041
0.0609130859
-0.1218414307
-0.0203094482
0.2842864990
-0.1827545166
-0.1015319824
0.2842864990
0.1064758301
-0.1064758301
0.1064758301
0.0000000000
0.0000000000
0.1064758301
-0.1064758301
0.0000000000
0.1990661621
-0.1990661621
0.1990661621
0.0000000000
0.0000000000
-0.6967315674
0.0000000000
-0.1990661621
0.0000000000
0.9872589111
-0.0325469971
0.0542449951
-0.0216979980
-0.1084899902
-0.0650939941
0.0325469971
0.0408172607
0.0408172607
-0.3774871826
0.8876190186
-0.0204010010
0.0408172607
0.1224365234
-0.2142486572
0.1081695557
-0.0540771484
-0.0180206299
0.0540771484
-0.9193878174
0.3244934082
0.1442108154
0.0180206299
0.1202087402
-0.1202087402
-0.0801391602
-0.0200347900
0.6211090088
0.7212829590
-0.1402435303
0.1602783203
-0.0533294678
-0.4000091553
-0.4800109863
-0.1600036621
0.4266815186
0.5866851807
-0.0800018311
0.1600036621
0.3149414062
0.4199066162
0.2099609375
0.1049804688
-0.2099609375
0.2099609375
0.0000000000
0.4199066162
0.9563598633
-0.1141967773
-0.0428161621
0.0570983887
-0.0713653564
0.0570983887
-0.2283782959
0.0142669678
0.0207977295
-0.1247863770
0.9254760742
0.1663818359
-0.0415954590
0.2807617188
0.0519866943
-0.1143798828
-0.7800292969
-0.0433349609
0.2166748047
0.0000000000
0.5200195312
0.0433349609
-0.0866699219
0.0433349609
-0.0123901367
0.0123901367
0.0123901367
0.0619354248
0.0867156982
0.0247802734
-0.9909820557
-0.0247802734
-0.4893035889
0.0917510986
-0.7645416260
0.0305786133
0.0000000000
0.3363952637
-0.0917510986
-0.1223297119
0.0272216797
0.9710388184
-0.2268829346
0.0272216797
0.0090789795
-0.0181427002
-0.0181427002
-0.0272216797
0.0000000000
-0.0911560059
0.0000000000
-0.0911560059
-0.0911560059
0.0000000000
0.0000000000
0.0000000000
-0.0756225586
0.3025054932
0.2646942139
0.1890716553
-0.1512451172
0.7562561035
0.3781280518
-0.1134338379
0.4459228516
0.4459228516
0.4624481201
0.2312164307
0.2477416992
0.4128875732
-0.1816711426
0.2477416992
0.7842864990
0.0000000000
0.0261383057
-0.0522918701
-0.0261383057
-0.5228576660
-0.2875671387
0.0522918701
0.0000000000
0.0000000000
-0.5983581543
0.1196746826
0.1196746826
0.0000000000
0.1196746826
-0.1196746826
0.6566467285
-0.0279388428
-0.2794189453
-0.1816253662
-0.6566467285
0.0838317871
-0.1117706299
0.0000000000
0.1018676758
-0.3056030273
0.4753875732
0.3395538330
0.1018676758
-0.4074707031
-0.4753875732
-0.3395538330
-0.1178436279
0.0000000000
-0.2357025146
0.1178436279
0.0000000000
0.0000000000
0.1178436279
0.1178436279
0.0228881836
0.0228881836
-0.0228881836
-0.9959259033
-0.0457916260
-0.0114440918
0.0000000000
-0.0114440918
0.0000000000
0.9926605225
-0.0209045410
0.0835876465
0.0209045410
0.0209045410
-0.0104522705
0.0522460938
-0.6073760986
0.3036804199
0.2429504395
0.2429504395
0.1214752197
-0.2429504395
0.3644256592
0.3036804199
0.0184478760
0.1845245361
0.8487854004
0.0184478760
0.0553588867
-0.1291656494
0.0369110107
-0.4613037109
0.1985473633
0.0000000000
-0.2647247314
-0.3970947266
0.1985473633
-0.7279968262
0.1323699951
0.0000000000
-0.0414733887
0.0414733887
0.0518493652
0.9747314453
-0.0518493652
0.0518493652
-0.0622100830
-0.1762847900
-0.0722961426
0.9687805176
0.0578308105
0.0289154053
-0.1445922852
0.0000000000
0.1301269531
0.0867614746
0.0513153076
0.3250274658
0.7527008057
-0.0513153076
-0.3079223633
0.3592529297
-0.2908172607
0.0684204102
-0.0637054443
-0.9556884766
-0.0637054443
-0.1486663818
0.0849456787
-0.0849456787
0.1061859131
-0.1274261475
0.8982238770
0.0673675537
-0.0673675537
-0.0449066162
0.2245483398
-0.1347351074
-0.1571960449
0.2694702148
0.0000000000
-0.1000061035
0.1000061035
0.0000000000
0.0000000000
0.1000061035
0.0000000000
-0.1000061035
0.0000000000
0.1238555908
-0.1238555908
-0.2477111816
-0.1238555908
-0.3715667725
0.1238555908
-0.2477111816
0.0412445068
0.9900207520
0.0274963379
0.0412445068
-0.0137481689
-0.0687561035
-0.0412445068
0.0550079346
0.0141754150
0.0283508301
-0.3259582520
0.9211730957
0.0283508301
0.0283508301
0.0850372314
-0.1700592041
0.0415344238
-0.0623016357
0.1661224365
0.0623016357
-0.8721466064
0.4153137207
0.1245880127
-0.0207672119
0.0562744141
-0.1406860352
-0.0844116211
0.0562744141
0.6752624512
0.6752624512
-0.1688232422
0.0281372070
0.0598907471
-0.3593292236
-0.4192199707
-0.0598907471
0.5689392090
0.5689392090
-0.0898284912
0.0598907471
0.2320098877
0.3480072021
0.0000000000
-0.1159973145
-0.2320098877
0.0000000000
0.1159973145
0.4640045166
0.9755096436
-0.0995483398
-0.0796356201
0.0000000000
0.0000000000
0.0398101807
-0.1194458008
-0.0597229004
0.0149383545
-0.1045532227
0.8811798096
0.0896148682
-0.0746765137
0.3733825684
0.0447998047
-0.2240295410
-0.6415557861
-0.0916442871
0.1833038330
-0.1833038330
0.4582519531
0.0000000000
-0.0916442871
0.0000000000
0.0000000000
0.0294952393
0.1032104492
0.0294952393
0.0294952393
-0.0442352295
-0.9878540039
-0.0442352295
-0.3711700439
0.2024536133
-0.6748504639
0.0674896240
0.1012268066
0.5398864746
-0.1349639893
-0.0674896240
-0.0149078369
0.9693908691
-0.2087860107
0.0298309326
0.0298309326
-0.0447387695
0.0596618652
-0.0447387695
-0.1000061035
-0.1000061035
0.0000000000
-0.1000061035
0.0000000000
-0.1000061035
0.0000000000
0.0000000000
-0.0685119629
0.1712646484
0.3767852783
0.1370086670
-0.1712646484
0.7535705566
0.4110412598
-0.0342559814
0.4628295898
0.4799804688
0.4114074707
0.3085632324
0.3085632324
0.3599853516
-0.1199951172
0.2057037354
0.7485046387
0.0277252197
0.1386108398
-0.1940612793
-0.0554504395
-0.5267181396
-0.2772216797
0.0000000000
0.0000000000
0.0000000000
-0.3748016357
0.2498626709
0.0000000000
0.0000000000
0.1249389648
-0.1249389648
0.5468902588
0.0000000000
-0.3463592529
-0.1276092529
-0.7291870117
0.1276092529
-0.0546875000
0.0546875000
0.2117614746
-0.2117614746
0.4235229492
0.3811798096
0.4658813477
-0.1694183350
-0.4658813477
-0.2541198730
0.0000000000
-0.1064758301
-0.1064758301
0.1064758301
0.0000000000
0.0000000000
0.1064758301
-0.1064758301
0.0127563477
0.0000000000
-0.0255279541
-0.9955139160
-0.0382843018
-0.0127563477
0.0255279541
0.0255279541
-0.0483856201
0.9837341309
0.0000000000
0.0645141602
-0.0161285400
-0.0645141602
0.0806274414
0.0806274414
-0.4199066162
0.0000000000
0.0000000000
0.2099609375
0.0000000000
-0.3149414062
0.3149414062
0.4199066162
-0.0743560791
0.2973937988
0.7682647705
0.0247802734
0.0991363525
-0.1982574463
0.0247802734
-0.4956512451
0.3230743408
0.3230743408
-0.1076965332
-0.4307708740
0.2153778076
-0.3230743408
0.0000000000
-0.1076965332
0.0098419189
-0.0098419189
0.0393829346
0.9945068359
-0.0295410156
-0.0098419189
-0.0196990967
-0.0689239502
-0.0362091064
0.9231414795
0.0362091064
0.1267089844
-0.2172088623
0.0724029541
0.1991119385
0.1629028320
0.0631408691
0.3999176025
0.6946105957
-0.0420989990
-0.2946777344
0.3999176025
-0.2946777344
0.0631408691
-0.0849456787
-0.9627380371
-0.1132659912
-0.1132659912
0.0283203125
-0.1132659912
0.0283203125
0.0000000000
0.9489898682
-0.0441436768
-0.0441436768
-0.1103515625
0.1103515625
-0.1544799805
-0.0882720947
0.1544799805
0.0000000000
0.5023651123
0.1004791260
0.2009429932
0.2009429932
-0.2009429932
-0.3014221191
-0.4018859863
0.2215118408
-0.6645202637
0.4873046875
0.0442962646
-0.0886077881
-0.3987121582
0.1772003174
-0.0886077881
-0.0731048584
0.7676544189
-0.2558898926
0.3655548096
-0.0731048584
0.1096649170
-0.1096649170
0.3655548096
0.1203765869
-0.0601959229
-0.6019134521
0.6219787598
0.1404418945
-0.0401306152
-0.0601959229
-0.4414062500
-0.4143676758
0.4387359619
0.0000000000
0.2437438965
0.6581115723
-0.0975036621
0.2924957275
0.1706237793
0.1519165039
-0.0303802490
-0.0607604980
0.2126770020
0.8811187744
0.3342132568
-0.0303802490
-0.0911560059
0.0948181152
0.3982086182
-0.0948181152
-0.1327362061
-0.8343353271
0.2465057373
-0.0379180908
0.1896209717
0.2819061279
0.1057128906
-0.4228515625
0.4933319092
-0.0704803467
0.0000000000
-0.3523864746
-0.5638122559
0.9682617188
-0.0502929688
-0.1006011963
-0.0377197266
0.0377197266
0.1383209229
-0.1508941650
0.0000000000
0.0224609375
-0.1908874512
0.9432220459
0.2358093262
0.0000000000
-0.0673675537
-0.0898284912
0.0336914062
-0.4868927002
-0.5680389404
0.0811462402
-0.1217193604
0.2434387207
0.3245849609
-0.4463195801
0.0405731201
0.0178375244
-0.0356750488
-0.0178375244
0.0267486572
-0.0802612305
-0.0267486572
-0.9898071289
0.0891723633
0.0357360840
-0.0357360840
0.8574981689
-0.3930206299
-0.1429138184
0.0714569092
0.1429138184
-0.1429138184
-0.0289306641
0.9183197021
-0.3687744141
-0.0650787354
-0.0289306641
-0.0939941406
0.0072326660
-0.0650787354
-0.2295379639
0.1147766113
-0.2295379639
-0.1147766113
0.1147766113
0.0000000000
-0.1147766113
-0.5738525391
0.0866699219
0.3033447266
0.0000000000
0.1300048828
0.0866699219
0.2166748047
0.8666992188
0.1300048828
-0.0321655273
0.4503784180
0.6755676270
-0.0965118408
-0.1930236816
0.4182128906
-0.2895355225
0.0321655273
0.6902770996
-0.0406036377
-0.3654479980
-0.2842254639
-0.1218109131
-0.3451385498
-0.2030181885
0.3451385498
0.0000000000
0.0000000000
-0.9415435791
0.0348663330
-0.1046142578
0.0348663330
0.0348663330
0.2441101074
0.6624603271
0.0197753906
0.0692138672
-0.5833587646
-0.3856048584
-0.0494384766
-0.2175292969
0.1186523438
0.0735473633
0.1471099854
0.9194183350
0.1471099854
-0.2206573486
0.0000000000
0.1103363037
0.0367736816
0.0000000000
0.0000000000
0.1245422363
0.2490844727
-0.2490844727
-0.1245422363
0.0000000000
-0.3736267090
-0.2178497314
-0.4356994629
0.1452331543
-0.6535491943
0.1452331543
-0.1452331543
-0.2178497314
0.2178497314
-0.0564270020
0.9367828369
0.1241455078
0.1241455078
0.2708740234
0.1015777588
-0.0112915039
0.0225677490
-0.4043731689
0.2813110352
0.3516235352
0.4922790527
0.2813110352
-0.3516235352
0.2988891602
0.2988891602
0.0000000000
-0.3792419434
0.5309295654
0.4550781250
-0.1516876221
-0.2275390625
0.0758514404
0.3033905029
0.3614654541
0.1445922852
-0.1807403564
-0.3253173828
0.3614654541
-0.6867828369
0.0361480713
-0.2530212402
-0.0282592773
0.1554565430
-0.0141296387
0.9609832764
-0.1837158203
-0.0282592773
-0.0847930908
0.0565338135
0.0000000000
0.7769317627
-0.0517883301
-0.4143676758
-0.2589721680
-0.1553802490
0.0000000000
0.2071838379
0.6106567383
0.3545684814
0.3348693848
-0.1181945801
-0.1181945801
0.4924621582
-0.2954711914
-0.1378936768
0.0201416016
-0.9665679932
0.1208190918
0.0201416016
0.0402679443
-0.1208190918
0.0805511475
0.1208190918
0.9781036377
0.0315551758
0.0631103516
0.0315551758
0.1577606201
0.0000000000
-0.0473327637
0.0473327637
0.2270965576
0.3406372070
0.1135406494
0.0000000000
0.0000000000
-0.4541778564
-0.3406372070
0.0000000000
0.3166961670
-0.4976654053
0.5429077148
0.0904846191
0.1357269287
-0.4976654053
0.0904846191
-0.0904846191
-0.1541442871
0.6165618896
-0.4881134033
0.3853607178
-0.1027679443
0.1284484863
-0.2568969727
0.3082885742
0.1749572754
-0.0538330078
-0.5517883301
0.6459960938
0.0807495117
-0.0672912598
0.1749572754
-0.4441223145
-0.5201263428
0.4226074219
0.0975189209
0.1950531006
0.5526428223
0.0975189209
0.3575897217
0.1625366211
0.0957946777
-0.0383148193
0.0957946777
0.0383148193
0.7089080811
0.6705932617
0.1149597168
-0.0383148193
-0.0252838135
0.4297027588
-0.1263885498
-0.1516571045
-0.7330169678
0.4044189453
-0.0505523682
0.2274932861
0.1583862305
0.1055908203
-0.3167572021
0.4223480225
-0.1583862305
0.1055908203
-0.5279388428
-0.5279388428
0.9678649902
-0.0558319092
-0.0093078613
0.0186157227
-0.0558319092
0.1023712158
-0.2047424316
0.0372314453
-0.0277404785
-0.1572113037
0.9525146484
0.2404479980
0.0184936523
-0.0369873047
-0.0647277832
0.0277404785
-0.7989959717
-0.3784790039
0.0000000000
0.0420532227
0.3364257812
0.0000000000
-0.2102661133
0.0420532227
0.0000000000
-0.0158843994
-0.0079498291
-0.0238342285
0.0158843994
-0.0238342285
-0.9927825928
0.1032562256
-0.4798278809
0.0342712402
0.6854705811
-0.4112854004
-0.2741851807
-0.0685424805
0.1028137207
-0.0342712402
-0.0292816162
0.9297790527
-0.3514099121
-0.0146484375
-0.0146484375
-0.0585632324
-0.0146484375
-0.0732116699
-0.2695465088
-0.2695465088
0.0000000000
-0.0898437500
0.0898437500
-0.0898437500
-0.1796875000
-0.7187805176
0.0924835205
0.4162139893
-0.0924835205
0.0924835205
-0.0462493896
0.4162139893
0.7399291992
0.0924835205
0.1012725830
0.5316619873
0.6076049805
0.0759582520
-0.1519012451
0.4810180664
-0.2025299072
0.1265869141
0.8500976562
-0.1101989746
-0.2203979492
-0.2361450195
-0.0629730225
-0.3305969238
-0.0629730225
0.1889038086
-0.0258178711
0.0000000000
-0.9810943604
0.0774536133
0.0000000000
-0.0516357422
0.0258178711
0.0774536133
0.5848083496
0.0575256348
0.0958709717
-0.6327514648
-0.3355407715
-0.1054534912
-0.3355407715
0.0766906738
-0.0909423828
0.0454711914
0.6821289062
0.3638000488
-0.0909423828
-0.3638000488
-0.3638000488
-0.2273712158
0.2068481445
0.2068481445
0.0000000000
0.0000000000
0.2068481445
-0.2068481445
-0.5171051025
-0.4136962891
-0.2034759521
-0.4069366455
0.1356506348
-0.6104125977
0.1356506348
0.0000000000
-0.4747619629
0.0678253174
0.0246429443
0.9364166260
0.0862426758
0.2217864990
0.1971435547
0.1355285645
-0.0492858887
0.0369567871
-0.4804687500
0.3775177002
0.4118347168
0.4461517334
0.2230834961
-0.2574005127
0.2574005127
0.2574005127
0.1237792969
0.2166137695
0.8045806885
0.2785034180
0.0618896484
-0.2166137695
0.1237792969
-0.3403930664
0.2339935303
0.0000000000
-0.0935974121
-0.3275909424
0.0935974121
-0.7955780029
0.0935974121
0.3275909424
-0.0886688232
0.3325042725
0.2216644287
0.8645019531
-0.2216644287
-0.0886688232
-0.0664978027
-0.0886688232
0.1237640381
0.8663787842
-0.1237640381
-0.1856536865
-0.0618896484
0.1856536865
-0.0618896484
0.1237640381
0.4363861084
0.3782043457
0.5818481445
-0.0290985107
-0.1018218994
0.4363861084
-0.3200225830
-0.1309204102
-0.0150604248
-0.9784545898
0.0903167725
-0.0150604248
0.0301055908
-0.1053771973
0.1204223633
0.0150604248
0.9661560059
0.0155792236
-0.0311737061
0.0467529297
0.2025756836
-0.0467529297
-0.0155792236
0.1090850830
0.3703002930
0.0000000000
0.1234283447
0.2468566895
-0.2468566895
-0.2468566895
0.0000000000
0.0000000000
0.3511352539
-0.4096527100
0.5267028809
0.1170501709
0.2340850830
-0.4681701660
0.0000000000
-0.1755676270
-0.2295227051
0.5279083252
-0.5049591064
0.4131469727
-0.1377105713
0.0229492188
-0.3213348389
0.3213348389
0.1541290283
-0.0355682373
-0.5098114014
0.6639404297
0.0355682373
-0.0592803955
0.3201141357
-0.4031066895
-0.5667266846
0.3606414795
0.1030426025
0.2060852051
0.0515136719
0.4121551514
0.4121551514
0.2575988770
0.1107940674
-0.0949554443
0.0633087158
-0.0316467285
0.6014251709
0.7755279541
0.0158233643
0.0474853516
-0.1339874268
0.3014678955
-0.3349609375
-0.1339874268
-0.4689331055
0.6699066162
-0.1674804688
0.1674804688
0.0000000000
0.3274383545
0.2455902100
0.4093017578
-0.3274383545
0.1637268066
-0.4911651611
-0.2455902100
0.9574737549
-0.0742797852
-0.0082550049
0.0577850342
-0.0742797852
0.1072998047
-0.2311096191
0.0412750244
-0.0341644287
-0.1366271973
0.9649658203
0.1964111328
0.0426940918
-0.0085449219
-0.0768585205
0.0170745850
-0.8578796387
-0.2573699951
0.0428924561
0.0857849121
0.3431549072
-0.0857849121
-0.0428924561
-0.0428924561
-0.0080413818
0.0402069092
0.0160827637
-0.0643310547
0.0643310547
-0.0080413818
-0.9891052246
0.0964965820
-0.7865447998
0.0715026855
0.4290313721
-0.2860107422
-0.1787567139
-0.1430053711
0.0715026855
-0.1072540283
-0.0082855225
0.9274902344
-0.3560943604
0.0165557861
0.0000000000
-0.0331268311
-0.0496826172
-0.0828094482
-0.3758239746
-0.2818603516
0.0000000000
-0.2818603516
0.0939483643
-0.2818603516
-0.2818603516
-0.4697723389
0.0988159180
0.4446563721
-0.1482238770
-0.0494079590
-0.0494079590
0.4446563721
0.6916809082
-0.0988159180
0.2323608398
0.4858398438
0.5492095947
0.1478576660
-0.0633697510
0.5492095947
-0.1478576660
0.2112426758
0.8650360107
-0.1153411865
-0.1009216309
-0.2162628174
-0.0288391113
-0.4036865234
-0.0288391113
0.1009216309
0.0000000000
0.0297241211
-0.9807281494
0.0297241211
0.0000000000
-0.0594329834
-0.0297241211
0.0594329834
0.5255126953
0.0909576416
0.0707397461
-0.6265869141
-0.3840332031
-0.1212768555
-0.3840332031
0.0707397461
-0.1231536865
-0.0820922852
-0.0410461426
0.3694458008
0.1641998291
-0.4925842285
-0.6157379150
-0.3694458008
0.2089080811
0.2089080811
0.0000000000
0.0000000000
0.3133544922
-0.2089080811
-0.5222625732
-0.3133544922
0.0000000000
-0.2247009277
0.1123504639
-0.7302703857
0.3370513916
0.1685180664
-0.3932189941
0.0561676025
0.0727386475
0.9164123535
0.0581817627
0.3054656982
0.1163635254
0.1600036621
-0.1018218994
0.0436401367
-0.5379486084
0.4226837158
0.4418945312
0.4034729004
0.1344909668
-0.1921234131
0.2497711182
0.2113342285
0.1371765137
0.2743530273
0.7642517090
0.2351531982
0.1175842285
-0.2155609131
0.1567687988
-0.4115142822
0.2810974121
-0.0937042236
-0.0937042236
-0.2810974121
0.0937042236
-0.6090393066
0.0468444824
0.6090393066
-0.2248382568
0.6102752686
0.2248382568
0.5460357666
-0.3211975098
-0.0642395020
0.0642395020
-0.2890777588
0.0783081055
0.9396209717
-0.0391540527
-0.1174468994
-0.1174468994
0.0783081055
0.0391540527
0.1566009521
0.2517700195
0.3842773438
0.7288055420
-0.0132446289
-0.1192626953
0.3577728271
-0.3180236816
-0.0927581787
-0.0459594727
-0.9803314209
0.0612640381
-0.0306396484
0.0612640381
-0.0765838623
0.1225433350
0.0000000000
0.9382934570
0.0000000000
-0.1042480469
0.0417022705
0.2293548584
-0.1042480469
0.0417022705
0.1668090820
0.1249389648
-0.1249389648
0.2498626709
0.2498626709
-0.2498626709
0.0000000000
-0.1249389648
0.0000000000
0.2142791748
-0.2142791748
0.4285430908
0.1071319580
0.2142791748
-0.4285430908
-0.2142791748
-0.1071319580
-0.2780456543
0.4802551270
-0.4549865723
0.4549865723
-0.1263885498
0.0252838135
-0.4044189453
0.2780456543
0.0982818604
0.0000000000
-0.4668273926
0.7493743896
-0.0122833252
0.0245666504
0.3439788818
-0.2948455811
-0.0994262695
0.0497131348
-0.1491241455
0.2982635498
-0.6462249756
0.3976745605
0.2485504150
0.3976745605
0.1411743164
-0.1882324219
-0.0313720703
-0.0156860352
0.5333404541
0.7843170166
-0.0784301758
0.1725463867
-0.1126403809
0.0000000000
-0.5256347656
-0.0375518799
-0.0750885010
0.7884674072
-0.1877288818
0.0375518799
0.0000000000
0.2281951904
0.6085052490
0.3042602539
-0.4563751221
0.0760650635
-0.2281951904
0.1521301270
0.9465026855
-0.1107635498
-0.0201416016
0.1006927490
-0.0604095459
0.1006927490
-0.2517242432
0.0302124023
-0.0468750000
-0.1499786377
0.9748535156
0.0843658447
0.0749816895
0.0468750000
-0.0843658447
-0.0093688965
-0.6911468506
-0.4784851074
0.1063232422
0.0531616211
0.3721466064
0.0000000000
-0.2126617432
-0.0531616211
-0.0516967773
0.1137237549
0.0620269775
-0.0310211182
0.0723724365
0.0310211182
-0.9822082520
0.0723724365
-0.9046325684
0.0393371582
-0.0393371582
-0.1966552734
0.0393371582
-0.0786590576
0.0786590576
-0.2753295898
0.0225982666
0.8927307129
-0.4294128418
0.0225982666
0.0339050293
-0.0677947998
-0.0565032959
-0.0677947998
-0.4762878418
-0.1190643311
0.0000000000
-0.2381439209
-0.1190643311
-0.2381439209
-0.2381439209
0.0000000000
0.0000000000
0.5017852783
-0.0912322998
0.0000000000
-0.0456237793
0.5930175781
0.5473937988
-0.1368560791
0.3171539307
0.4581146240
0.4933471680
0.1409606934
0.0000000000
0.5638275146
-0.1938171387
0.2466735840
0.8159179688
-0.1119842529
-0.0159912109
-0.1599884033
0.0479888916
-0.5279388428
-0.0799865723
0.0159912109
0.0000000000
0.1715087891
-0.9147491455
0.0571746826
0.0571746826
-0.1143493652
0.0571746826
-0.0571746826
0.5295257568
0.0675964355
-0.0450592041
-0.5633239746
-0.5407867432
-0.0675964355
-0.3041992188
0.0450592041
-0.0346069336
-0.0691986084
-0.4843902588
0.3459930420
0.1730041504
-0.3805999756
-0.5536041260
-0.3459930420
0.1250000000
0.2500000000
0.1250000000
0.0000000000
0.2500000000
-0.1250000000
-0.2500000000
-0.1250000000
0.1405487061
-0.1873931885
0.0000000000
-0.8432922363
0.3279418945
0.1405487061
0.0000000000
-0.1873931885
0.0830383301
0.9134979248
0.0498199463
0.2989654541
0.0498199463
0.1826934814
-0.1328735352
0.0664367676
-0.6011810303
0.4580383301
0.3435211182
0.3721618652
0.0286254883
-0.2003936768
0.2290191650
0.2290191650
0.1251220703
0.3038635254
0.7685852051
0.1966094971
0.1072387695
-0.2144927979
0.1608734131
-0.4111022949
0.4744873047
0.0000000000
-0.2108764648
-0.3690490723
0.0000000000
-0.5272064209
0.0000000000
0.4744873047
-0.3617706299
0.6029510498
0.0603027344
0.3617706299
-0.3014831543
0.1205902100
0.0603027344
-0.4823608398
-0.0856781006
0.9423828125
0.0571136475
-0.0856781006
-0.1999053955
0.0856781006
0.0856781006
0.1142272949
0.1066284180
0.4417266846
0.7768402100
-0.0304565430
-0.1675567627
0.2589416504
-0.2741699219
-0.1066284180
-0.0691223145
-0.9678039551
-0.0172882080
-0.0518493652
0.1555480957
-0.1036987305
0.1036987305
-0.0172882080
0.8844299316
0.0267944336
-0.1876068115
0.0536041260
0.2680053711
-0.1072082520
-0.0267944336
0.2680053711
0.1150360107
-0.1150360107
0.0000000000
-0.1150360107
-0.1150360107
-0.1150360107
-0.1150360107
0.1150360107
0.0000000000
0.1159973145
0.1159973145
0.3480072021
0.2320098877
-0.2320098877
-0.4640045166
0.0000000000
-0.1588745117
0.7716979980
-0.2496643066
0.2723693848
-0.1134796143
-0.0453948975
-0.3858489990
0.2496643066
0.0584716797
0.0146179199
-0.4239501953
0.8479003906
-0.0292358398
0.1315765381
0.2046661377
-0.1754302979
-0.0517883301
-0.1553802490
-0.2071838379
0.4143676758
-0.7251281738
0.1035919189
0.0517883301
0.3625640869
0.0610046387
-0.1626892090
-0.0610046387
-0.0203399658
0.5490722656
0.7727661133
-0.0610046387
0.2236938477
0.0000000000
-0.2223815918
-0.5337066650
-0.0444793701
0.1334228516
0.7560882568
-0.0889587402
0.0444793701
0.0000000000
0.0765075684
0.7650146484
0.0765075684
-0.2295074463
-0.0765075684
0.0000000000
0.3825073242
0.9380798340
-0.1593017578
-0.0708007812
0.1416015625
-0.0177001953
0.0708007812
-0.2300872803
-0.0354003906
-0.0754089355
-0.1508331299
0.9552307129
-0.0125732422
0.0754089355
0.1633911133
-0.0754089355
-0.1256866455
-0.4374084473
-0.6123657227
0.0874786377
-0.0874786377
0.2624511719
-0.0874786377
-0.2624511719
-0.0874786377
-0.0948181152
0.0379180908
0.1327362061
0.0758514404
0.0948181152
0.0948181152
-0.9670867920
0.0379180908
-0.6106262207
0.0000000000
-0.6513214111
-0.1221313477
0.1628265381
0.2442474365
0.0814208984
-0.2035369873
0.0592041016
0.8733215332
-0.4440612793
0.0296020508
0.0740051270
-0.1332244873
0.0000000000
-0.0740051270
-0.1113433838
-0.1113433838
0.0000000000
0.1113433838
-0.1113433838
-0.1113433838
0.0000000000
0.1113433838
0.0449218750
0.4042968750
0.1347656250
0.0449218750
-0.0449218750
0.7636718750
0.4042968750
0.0000000000
0.3952178955
0.4784240723
0.4576263428
0.1248016357
0.0000000000
0.5408325195
-0.1456146240
0.2496185303
0.7323913574
-0.0861663818
0.0430755615
-0.1077117920
0.0861663818
-0.6031494141
-0.2369537354
-0.0215454102
-0.1019134521
0.2038421631
-0.7134399414
0.1019134521
0.1019134521
0.0000000000
0.0000000000
-0.2038421631
0.5303497314
-0.0143280029
-0.2150115967
-0.4300231934
-0.6736907959
0.0429992676
-0.1576690674
0.0143280029
0.0000000000
-0.0732116699
-0.6222686768
0.3294372559
0.1464080811
-0.2928314209
-0.5124511719
-0.2928314209
0.0000000000
0.0000000000
0.0000000000
0.0000000000
0.0588226318
0.0000000000
0.0000000000
0.0000000000
0.0618591309
-0.0927886963
0.0309295654
-0.9588470459
0.0618591309
0.0000000000
0.1546478271
-0.0927886963
0.0587921143
0.9406127930
0.0000000000
0.2351531982
0.0979766846
0.1371765137
-0.0783843994
0.0979766846
-0.7114410400
0.2371520996
0.2371520996
0.2371520996
-0.1580963135
-0.0790557861
0.1580963135
0.2371520996
0.0981750488
0.3681488037
0.7362823486
0.1227111816
0.0981750488
-0.2699737549
0.1472625732
-0.4172363281
0.4422149658
-0.1105499268
-0.1105499268
-0.2211151123
-0.2211151123
-0.4422149658
-0.1105499268
0.1105499268
-0.4169616699
0.3891601562
0.1667785645
0.5281372070
-0.1945800781
0.1389923096
0.0833892822
-0.5281372070
-0.1931610107
0.9106445312
0.1379699707
-0.0551910400
-0.2207641602
0.1103820801
0.1379699707
0.0827789307
0.0433197021
0.5630798340
0.6930236816
-0.0649719238
-0.2382202148
0.1949157715
-0.2815399170
-0.0866241455
-0.0699310303
-0.9557800293
-0.0699310303
-0.0466308594
0.1631774902
-0.1398773193
0.0932464600
-0.0466308594
0.8656768799
0.0000000000
-0.1791076660
0.1194000244
0.2686614990
0.0000000000
-0.1194000244
0.2985076904
0.0000000000
0.0000000000
0.0000000000
0.0000000000
0.0000000000
-0.0785675049
0.0000000000
0.0785675049
0.0000000000
0.0000000000
-0.1150360107
0.2300720215
0.1150360107
0.0000000000
-0.1150360107
0.0000000000
-0.0191345215
0.9188232422
-0.1148529053
0.1531372070
-0.0382843018
0.0000000000
-0.2297058105
0.2297058105
0.0429992676
0.0000000000
-0.3439331055
0.9028320312
-0.0214996338
0.1504669189
0.1504669189
-0.0644836426
-0.3566436768
-0.1783294678
0.1783294678
0.4160919189
-0.6538543701
0.1783294678
0.0594482422
0.2377624512
-0.0276794434
-0.1660766602
-0.0830383301
0.0276794434
0.4705505371
0.8303833008
-0.0276794434
0.1660766602
0.1086578369
-0.2173004150
-0.4889373779
0.0000000000
0.1086578369
0.7605590820
-0.0543212891
0.1086578369
-0.0846862793
0.0846862793
0.5928039551
-0.0846862793
-0.1693725586
-0.1693725586
0.2540588379
0.5081176758
0.9157562256
-0.2035064697
-0.1695861816
0.1017456055
0.1017456055
0.0678405762
-0.1017456055
-0.1356658936
-0.0518188477
-0.1209259033
0.8982849121
-0.1036529541
0.0345458984
0.2591247559
-0.1036529541
-0.2763977051
-0.3247528076
-0.5412597656
0.1082458496
-0.2165069580
0.0000000000
-0.1082458496
-0.2165069580
-0.2165069580
-0.0512390137
-0.0256195068
0.2049865723
0.1537322998
0.0768737793
0.0512390137
-0.9480438232
-0.0512390137
-0.4734497070
0.0789031982
-0.7101745605
-0.0789031982
0.0789031982
0.4339904785
0.1183624268
0.0000000000
0.0708618164
0.8503875732
-0.4251861572
0.0472412109
0.0236206055
-0.2126007080
0.0708618164
-0.1417236328
0.0000000000
-0.1064758301
0.0000000000
0.1064758301
-0.1064758301
-0.1064758301
0.0000000000
0.1064758301
-0.0422821045
0.2536621094
0.2959442139
0.0845489502
-0.1268310547
0.7609863281
0.4227752686
0.0845489502
0.4891204834
0.5529327393
0.3827972412
0.2552032471
0.1275939941
0.3827972412
-0.1063385010
0.2339324951
0.6974029541
-0.0721435547
0.0961914062
-0.1683349609
0.0721435547
-0.5771636963
-0.3366699219
-0.0240478516
-0.1224670410
0.1224670410
-0.4898986816
0.1224670410
0.1224670410
0.0000000000
0.0000000000
-0.2449493408
0.4864196777
-0.0561218262
-0.2993316650
-0.3180389404
-0.7296295166
0.1309661865
-0.0561218262
0.0748291016
0.0668487549
-0.1002655029
-0.7352600098
0.2673645020
0.3007812500
-0.1336822510
-0.4344635010
-0.2005310059
0.1000061035
0.0000000000
-0.1000061035
0.0000000000
0.0000000000
0.0000000000
-0.1000061035
-0.1000061035
0.0268402100
-0.0805206299
0.0536804199
-0.9662170410
0.0805206299
0.0000000000
0.1610412598
-0.0268402100
-0.1092987061
0.9290924072
0.0273284912
0.2186126709
0.1639556885
0.0000000000
0.0819854736
0.1366271973
-0.2494506836
-0.2494506836
0.1247253418
0.0000000000
-0.1247253418
0.0000000000
0.0000000000
0.2494506836
0.0469055176
0.4690093994
0.6097106934
0.0937957764
0.1407012939
-0.4221038818
0.1407012939
-0.3283081055
0.1064758301
0.0000000000
-0.1064758301
0.0000000000
0.1064758301
-0.1064758301
-0.1064758301
0.0000000000
-0.2333068848
0.0933227539
0.0933227539
0.8865661621
-0.0466613770
0.0466613770
0.1166534424
-0.3266296387
-0.1017456055
0.8818359375
0.1356658936
-0.0339202881
-0.2374114990
0.1695861816
0.2035064697
0.1695861816
0.0000000000
0.6147308350
0.6794433594
-0.0647125244
-0.1941223145
0.1941223145
-0.1941223145
-0.0970611572
0.0000000000
-0.9579467773
-0.0832977295
-0.0832977295
0.0832977295
-0.0416564941
0.0416564941
0.0416564941
0.9235076904
-0.0923461914
-0.1231384277
0.0923461914
0.1847076416
0.0307769775
-0.1231384277
0.1847076416
0.0000000000
0.3572082520
0.2381439209
-0.2381439209
0.0000000000
-0.2381439209
0.0000000000
-0.3572082520
0.3798217773
-0.7121734619
0.3798217773
0.0000000000
-0.0474853516
-0.1899108887
0.1899108887
-0.2373962402
-0.2230072021
0.4460144043
-0.5097351074
0.3822937012
-0.0637207031
0.1274261475
-0.3822937012
0.3822937012
0.4365997314
-0.0311889648
-0.6548919678
0.1871185303
0.3118591309
-0.0623779297
0.2182922363
-0.4054107666
-0.4809570312
0.4466094971
0.1030578613
0.4122467041
0.4809570312
-0.1374206543
-0.2061309814
0.2404785156
0.2329559326
-0.4270782471
-0.2329559326
0.2329559326
0.3494262695
0.5435485840
-0.3882446289
-0.1941223145
0.0491027832
0.2946472168
0.0491027832
-0.1473236084
-0.8839416504
0.0491027832
-0.1473236084
0.0491027832
-0.2738494873
0.0912780762
0.2738494873
0.6389770508
-0.1825714111
-0.1825714111
-0.2738494873
0.0000000000
0.9939727783
-0.0228424072
-0.0114288330
-0.0342712402
0.0228424072
0.0114288330
-0.0571289062
0.0457000732
-0.0678558350
-0.1696319580
0.8990631104
0.3053436279
0.0000000000
0.1865997314
0.0508880615
0.1357116699
-0.1909942627
-0.6684570312
0.1909942627
0.2387390137
0.3342285156
0.2864837646
-0.3819732666
0.0954895020
0.1479797363
-0.1035766602
0.0000000000
0.0000000000
0.1035766602
-0.0591888428
-0.9470214844
0.2219543457
0.0774230957
0.0774230957
0.9290008545
-0.1935424805
-0.0774230957
-0.0774230957
0.1161193848
-0.1161193848
-0.0306701660
0.9405822754
-0.2964935303
-0.0613403320
0.0102233887
-0.1226806641
-0.0204467773
-0.0613403320
-0.1184692383
0.2369232178
-0.4738464355
-0.1184692383
0.2369232178
0.1184692383
0.2369232178
0.0000000000
0.0797882080
0.3191528320
-0.3191528320
0.0000000000
0.1595764160
-0.4787292480
0.5585174561
0.0797882080
0.0000000000
0.4409790039
0.6369628906
0.0979919434
-0.1224975586
0.5389709473
-0.2449798584
0.0735015869
0.5621337891
-0.1686401367
-0.2623291016
-0.2435913086
0.0562133789
-0.7120361328
0.0749511719
0.0187377930
-0.1610870361
0.1073913574
-0.9128570557
0.0000000000
-0.0536956787
0.0536956787
0.0536956787
0.1610870361
0.5197601318
0.0917205811
0.1834411621
-0.5503387451
-0.4739074707
-0.1987304688
-0.3363189697
0.0152893066
-0.0542297363
0.1898040771
0.9490051270
0.1355743408
0.0542297363
0.0271148682
-0.0542297363
0.1084594727
0.1105499268
-0.1105499268
0.0000000000
0.0000000000
-0.1105499268
-0.5527648926
0.0000000000
-0.4422149658
0.0000000000
-0.1998443604
-0.0666198730
0.5329437256
-0.0666198730
0.1332397461
-0.5329437256
-0.4663238525
-0.1925811768
0.6205291748
0.5135345459
-0.3423614502
0.2781677246
0.1925811768
-0.0428009033
0.2567749023
-0.5184478760
0.2930297852
0.2479553223
0.5860595703
0.0676269531
-0.2704925537
0.2704925537
0.2704925537
0.3679046631
0.2207489014
-0.2943267822
0.3679046631
0.0735778809
-0.0735778809
-0.3679046631
-0.5150756836
0.2138671875
-0.3208007812
-0.0534667969
-0.1604003906
0.5881347656
-0.3742675781
0.1069335938
-0.4812011719
0.0000000000
0.1114654541
0.0696716309
0.9613952637
-0.1672058105
-0.0557403564
-0.1393280029
0.0417938232
-0.0618896484
-0.4950714111
0.1237640381
0.0618896484
-0.7425994873
-0.0618896484
-0.1237640381
0.1856536865
0.5011749268
0.2396850586
0.4358062744
-0.0653686523
-0.1961059570
0.5883331299
-0.3050537109
0.0653686523
-0.0202026367
-0.9493255615
-0.0403900146
-0.1615905762
0.0807952881
-0.1615905762
0.1211853027
0.1009979248
0.9618682861
0.0726013184
0.0000000000
-0.0544433594
0.2177886963
-0.0181427002
-0.0544433594
0.0726013184
0.0000000000
0.1249389648
0.2498626709
-0.2498626709
0.0000000000
-0.2498626709
0.1249389648
0.1249389648
0.3741607666
-0.5612487793
0.4988861084
0.0623626709
0.1870880127
-0.2494506836
0.0623626709
-0.2494506836
-0.3453216553
0.2125091553
-0.5578308105
0.3984527588
-0.1593780518
0.2390747070
-0.3984527588
0.3187561035
0.4750518799
-0.0904846191
-0.5881652832
0.2714538574
0.2262115479
-0.1131134033
0.4071807861
-0.3166961670
-0.5018157959
0.3584442139
0.1433715820
0.3226013184
0.6451873779
-0.1075286865
-0.0716857910
0.1433715820
0.2094573975
-0.3491058350
-0.1629180908
0.1163635254
0.5585784912
0.6749420166
-0.0930938721
0.0232696533
0.0000000000
0.4365386963
0.0545654297
-0.1636962891
-0.7639465332
0.2728424072
-0.1091308594
0.1091308594
-0.4944305420
0.0823974609
0.4120178223
0.2472076416
-0.4120178223
-0.1648101807
-0.2472076416
0.1648101807
0.9905853271
-0.0515899658
0.0515899658
-0.0309600830
-0.0206298828
-0.0103149414
-0.0825500488
0.0412750244
-0.1837615967
-0.1413574219
0.8905029297
0.3533782959
0.0848083496
0.0989379883
0.0000000000
0.0706787109
-0.5432586670
-0.5432586670
0.1086578369
0.2716217041
0.4346008301
0.1086578369
-0.1629791260
0.0000000000
0.0377502441
-0.0251617432
0.0880737305
-0.0629119873
0.1509857178
-0.0629119873
-0.9687957764
0.1258239746
-0.1824645996
0.1824645996
0.8667144775
-0.2280883789
-0.1368560791
-0.1824645996
0.0912322998
-0.0456237793
-0.0339050293
0.9494018555
-0.2712554932
-0.0565185547
0.0225982666
-0.0678100586
-0.0339050293
-0.1017150879
-0.2405242920
-0.1202545166
-0.2405242920
-0.1202545166
0.0000000000
-0.1202545166
0.1202545166
-0.4810485840
0.0000000000
0.4582519531
-0.4582519531
-0.0916442871
0.0000000000
-0.1833038330
0.4582519531
0.1833038330
0.0619354248
0.4748535156
0.5574340820
0.1032257080
-0.2270965576
0.5780792236
-0.1858062744
0.1238708496
0.6760864258
-0.1886749268
-0.1729583740
-0.2830200195
0.0786132812
-0.6132049561
0.0786132812
-0.0314483643
-0.0830841064
0.0830841064
-0.9554595947
0.0000000000
-0.0415344238
0.0830841064
0.0830841064
0.0415344238
0.3221588135
0.1120605469
0.2381134033
-0.6163024902
-0.4342193604
-0.2521209717
-0.4342193604
-0.0140075684
-0.1869354248
0.1495513916
0.7851562500
0.2243347168
0.1495513916
-0.0373840332
-0.4486541748
0.0747833252
0.1019134521
0.2038421631
-0.1019134521
-0.2038421631
0.3057556152
-0.4076843262
-0.4076843262
-0.3057556152
-0.0533142090
-0.0533142090
-0.1599426270
0.7997283936
-0.2665710449
0.0000000000
-0.3731994629
-0.1599426270
-0.0771179199
0.7198028564
0.4370269775
-0.1285400391
0.2570800781
0.2827758789
-0.0771179199
0.3084869385
-0.6155395508
0.3551177979
0.2604217529
0.5445251465
0.0710296631
-0.1893920898
0.1893920898
0.1893920898
0.2144775391
0.3002624512
0.1715698242
0.4289398193
0.2144775391
-0.4289398193
0.0000000000
-0.6005249023
0.3307189941
-0.5787506104
0.0826873779
-0.1653594971
0.0826873779
-0.4960784912
-0.0826721191
-0.1653594971
-0.0813140869
0.2845916748
0.2236022949
0.8740844727
-0.2032775879
-0.0813140869
-0.1829528809
-0.0609893799
0.1277160645
-0.4470214844
0.0000000000
0.1915893555
-0.5108795166
0.5747528076
-0.0638580322
0.1277160645
0.4153747559
0.3792572021
0.5598449707
0.0180664062
-0.1264190674
0.4695434570
-0.3431243896
-0.0722351074
0.0000000000
-0.9625701904
0.0000000000
-0.1262359619
0.0315551758
-0.1735839844
0.1104583740
0.0789031982
0.9684448242
0.0000000000
-0.0558776855
0.0186309814
0.1862335205
0.0186309814
0.0000000000
0.1117401123
0.0000000000
0.0000000000
0.2357025146
0.0000000000
-0.1178436279
0.1178436279
0.1178436279
0.1178436279
0.3512420654
-0.4390411377
0.5268554688
0.2634277344
0.1756134033
-0.0878143311
0.0000000000
-0.1756134033
-0.3494873047
0.2562866211
-0.4892730713
0.4426879883
-0.2329864502
0.2096862793
-0.3727874756
0.3494873047
0.4253234863
-0.0850677490
-0.5954589844
0.2764587402
0.1063385010
-0.0637969971
0.5529327393
-0.2126617432
-0.5252990723
0.1616363525
0.2020416260
0.2424468994
0.6465301514
-0.2020416260
-0.2828521729
0.0808105469
0.1318817139
-0.3579711914
-0.1884155273
-0.0565185547
0.4898681641
0.7159576416
-0.0942077637
0.2072448730
0.0000000000
0.5400848389
-0.1080169678
-0.1620330811
-0.6481018066
0.3780670166
0.0000000000
0.1080169678
-0.5099029541
0.1699676514
0.3399353027
0.0849761963
-0.4249114990
-0.2549438477
-0.1699676514
0.2549438477
0.9791412354
-0.1036682129
0.0921478271
0.0000000000
-0.0345611572
0.0000000000
-0.1151885986
0.0576019287
-0.2405548096
-0.1202697754
0.8870391846
0.3157196045
0.1804199219
0.0300750732
-0.0150299072
0.0150299072
-0.5830841064
-0.5182952881
0.1295776367
0.1943664551
0.3887176514
-0.0647888184
0.0647888184
-0.1943664551
-0.0256652832
0.0769958496
0.1924743652
-0.1154937744
0.1668243408
-0.0641632080
-0.9495697021
0.0641632080
-0.3793334961
0.1896667480
0.6322326660
-0.3161163330
-0.3161163330
-0.1896667480
0.1896667480
0.1264495850
0.0000000000
0.9208984375
-0.2916107178
-0.0767364502
0.0460510254
-0.1074371338
-0.0767364502
-0.1841735840
-0.3334350586
-0.2222900391
0.0000000000
-0.1111450195
0.0000000000
0.0000000000
-0.2222900391
-0.5557098389
0.0868377686
0.1736755371
-0.4341888428
-0.0868377686
-0.0868377686
0.0868377686
0.6947021484
0.0868377686
0.0932159424
0.4661102295
0.5360260010
0.0699157715
-0.3029632568
0.5826416016
-0.1165313721
0.1398315430
0.6868896484
-0.2060699463
-0.0515136719
-0.3090972900
0.1202087402
-0.6010284424
0.0343475342
-0.0343475342
0.0000000000
0.1097869873
-0.9331970215
0.0000000000
0.0000000000
0.0549011230
0.1097869873
-0.0549011230
0.2420959473
0.1281585693
0.1993713379
-0.6408233643
-0.4557037354
-0.2278442383
-0.4557037354
-0.0284881592
-0.2641448975
0.0000000000
0.1981201172
0.1320800781
0.3962249756
-0.1981201172
-0.7264099121
-0.0660400391
0.3316650391
0.4422149658
0.0000000000
-0.1105499268
0.3316650391
-0.1105499268
-0.2211151123
-0.2211151123
-0.0412292480
-0.0412292480
-0.0824432373
0.9069061279
-0.1648864746
0.0000000000
-0.2885589600
-0.0412292480
-0.0917816162
0.7648925781
0.3671569824
-0.0611877441
0.1529846191
0.2753601074
-0.0611877441
0.3671569824
-0.6665496826
0.3666076660
0.2666168213
0.4999237061
0.0333251953
-0.1333160400
0.1666412354
0.1333160400
0.1484222412
0.2968292236
0.2597351074
0.5194549561
0.2226257324
-0.4081420898
0.1484222412
-0.5194549561
0.3296203613
-0.5768280029
0.1648101807
-0.0823974609
0.0000000000
-0.2472076416
-0.4120178223
0.2472076416
-0.1467895508
0.4990844727
0.0587158203
0.7633056641
-0.2935791016
-0.0880737305
-0.0880737305
-0.1174316406
0.2182617188
0.2728424072
0.0000000000
0.1091308594
-0.3819732666
0.7639465332
0.1636962891
0.1091308594
0.3264923096
0.4033203125
0.6529846191
0.0384063721
-0.1152343750
0.3841094971
-0.3264923096
-0.1536407471
-0.0182800293
-0.9689178467
-0.0182800293
-0.0914001465
0.0548400879
-0.1645355225
0.0914001465
0.0548400879
0.9415740967
-0.0254516602
-0.0509033203
0.1017913818
0.1781311035
0.0763397217
0.0000000000
0.2035827637
-0.2449493408
-0.1224670410
0.3674163818
0.1224670410
-0.2449493408
0.2449493408
-0.1224670410
0.0000000000
0.1224670410
-0.2449493408
0.2449493408
0.3674163818
0.1224670410
0.2449493408
-0.1224670410
0.0000000000
-0.3381500244
0.2898406982
-0.4347534180
0.4589080811
-0.1932220459
0.2173767090
-0.3864440918
0.3864593506
0.3250885010
-0.1000213623
-0.6501770020
0.2500610352
0.0250091553
0.1250305176
0.6001586914
-0.0500183105
-0.3437805176
-0.0859527588
0.1718902588
0.3008117676
0.4297332764
-0.3437805176
-0.6016235352
0.1718902588
0.0787506104
-0.3543701172
-0.2165527344
-0.1378021240
0.3740539551
0.7481079102
-0.1575012207
0.2559356689
-0.1121673584
0.3926086426
-0.1121673584
-0.0560913086
-0.6730346680
0.5047760010
-0.0560913086
0.0560913086
-0.3499298096
0.1749572754
0.1749572754
0.1749572754
-0.3499298096
-0.3499298096
0.0000000000
0.5248870850
0.9696807861
-0.1539154053
0.0923461914
0.0769653320
0.0000000000
0.0153961182
-0.1077423096
0.0461730957
-0.2345886230
-0.0721740723
0.9202880859
0.1082763672
0.2526245117
0.0180511475
-0.0360870361
-0.0721740723
-0.2892761230
-0.5785369873
0.1928405762
0.2892761230
0.2892761230
0.0000000000
-0.0964202881
-0.1928405762
-0.0502014160
0.1171264648
0.3011627197
-0.1840515137
0.1505889893
-0.0334625244
-0.9035034180
0.1003875732
-0.5030822754
0.0000000000
0.0718688965
-0.5749664307
-0.3593444824
-0.0718688965
0.2874755859
0.1437377930
-0.0226287842
0.8147888184
-0.4300231934
-0.1358032227
0.0905303955
-0.1810607910
-0.1131591797
-0.2489624023
-0.2484588623
0.0000000000
0.0000000000
-0.1242218018
-0.1242218018
0.1242218018
-0.3726806641
-0.2484588623
0.0650634766
0.1951751709
-0.1301116943
0.1301116943
-0.0650634766
0.3903503418
0.7807006836
0.1301116943
0.2310638428
0.4877929688
0.4877929688
0.0513458252
-0.2310638428
0.5648193359
-0.1797180176
0.2053833008
0.6528472900
-0.1978302002
0.0197906494
-0.2967529297
0.1582641602
-0.6330566406
-0.0395660400
-0.0791320801
0.0977325439
0.0977325439
-0.6840820312
0.0977325439
0.1954498291
0.0000000000
0.2931823730
-0.1954498291
0.3148956299
0.1259613037
0.0787200928
-0.6612701416
-0.5353088379
-0.1259613037
-0.3621215820
0.0000000000
0.0000000000
-0.0726165771
-0.5083160400
0.0000000000
0.3630828857
-0.2904663086
-0.5083160400
-0.2904663086
0.2438964844
0.3658599854
0.2438964844
0.0000000000
0.2438964844
0.0000000000
0.2438964844
0.0000000000
0.0000000000
-0.1189117432
-0.0396423340
0.9513397217
0.0000000000
0.0000000000
-0.1189117432
-0.1189117432
-0.0759582520
0.7595214844
0.3417816162
-0.0379791260
0.0379791260
0.2658386230
-0.0759582520
0.4177398682
-0.7133026123
0.2972106934
0.2377624512
0.3566436768
-0.1783294678
-0.1188812256
0.2377624512
0.0000000000
0.1351776123
0.4055175781
0.0450592041
0.5406951904
0.2252960205
-0.4505767822
0.2703552246
-0.3604583740
0.5866699219
-0.3352355957
-0.1676177979
-0.1676177979
0.0000000000
-0.0838012695
-0.4190368652
0.2514343262
-0.1314239502
0.4928588867
-0.1314239502
0.7885742188
-0.2299957275
-0.0657196045
0.0657196045
-0.0657196045
0.1407012939
0.6097106934
0.0469055176
-0.1407012939
-0.3752136230
0.5628051758
0.2345123291
0.0469055176
0.1883544922
0.3497924805
0.7534027100
-0.0269012451
-0.1345367432
0.2959899902
-0.2690734863
-0.2690734863
-0.0715026855
-0.9534149170
-0.0715026855
-0.0476684570
0.1668548584
-0.1668548584
0.0476684570
0.0476684570
0.8767852783
0.0000000000
-0.0974273682
0.0974273682
0.2273101807
0.1298980713
-0.0649414062
0.3247375488
0.0000000000
-0.0911560059
0.0000000000
0.0000000000
-0.0911560059
0.0000000000
0.0000000000
0.0911560059
0.0000000000
0.1229705811
0.0000000000
0.3689117432
0.2459411621
0.2459411621
-0.2459411621
0.1229705811
-0.2610931396
0.4641571045
-0.3481292725
0.3771362305
-0.1740570068
0.2030792236
-0.4061431885
0.4351501465
0.2244873047
-0.1870727539
-0.6360473633
0.3367309570
0.0000000000
0.4115600586
0.4115600586
0.1122436523
-0.0983276367
-0.1475067139
0.0491638184
0.2949981689
0.2458343506
-0.5408325195
-0.6391754150
0.1966705322
0.0592498779
-0.3258972168
-0.1777648926
-0.1777648926
0.3555297852
0.7703094482
-0.0888824463
0.2666473389
-0.0609588623
0.3657684326
0.1219177246
0.0000000000
-0.6705780029
0.4876861572
-0.0609588623
0.1828918457
-0.1736755371
0.0000000000
0.0868377686
0.0868377686
-0.0868377686
-0.2605133057
0.0868377686
0.7815399170
0.9424285889
-0.2094268799
0.0785369873
0.1570739746
0.1047210693
0.0261840820
-0.0261840820
0.0523529053
-0.2512512207
0.0251312256
0.8793640137
-0.1758728027
0.2512512207
0.0502471924
-0.0753784180
-0.2010040283
0.2369232178
-0.4738464355
0.0000000000
0.2369232178
-0.1184692383
-0.1184692383
-0.2369232178
-0.1184692383
-0.0654296875
-0.0327148438
0.3925933838
-0.1962890625
0.0327148438
0.0654296875
-0.8506164551
0.1962890625
-0.4836730957
-0.2072906494
-0.5527648926
-0.4145812988
-0.1381988525
0.1381988525
0.2072906494
0.0690917969
-0.0555572510
0.7777099609
-0.5277404785
-0.1388854980
0.0555572510
-0.1666564941
-0.0277709961
-0.1944274902
0.0000000000
0.0000000000
0.0000000000
0.1064758301
-0.1064758301
-0.1064758301
-0.1064758301
-0.1064758301
0.0700988770
0.2102966309
0.0700988770
0.0700988770
0.0000000000
0.4906921387
0.7009887695
0.2102966309
0.3223876953
0.5373077393
0.4298553467
0.0716400146
-0.2149200439
0.5014953613
-0.1791076660
0.2149200439
0.5913543701
-0.1231994629
0.0985565186
-0.2956695557
0.0985565186
-0.6652679443
-0.2463989258
-0.0739135742
0.0000000000
0.1178436279
-0.1178436279
0.1178436279
0.2357025146
0.0000000000
0.0000000000
-0.1178436279
0.4467010498
0.0212707520
-0.0850830078
-0.6168670654
-0.6168670654
-0.0212707520
-0.1276245117
0.0212707520
-0.0771789551
-0.0771789551
-0.6945495605
0.0771789551
0.0771789551
-0.1543426514
-0.2315216064
-0.4630279541
0.0000000000
0.1150360107
0.1150360107
0.0000000000
0.1150360107
0.0000000000
0.2300720215
0.0000000000
-0.0604095459
-0.1812133789
0.0604095459
0.9060821533
0.0000000000
0.0000000000
0.0604095459
-0.1208038330
-0.0495300293
0.8419494629
0.1981048584
0.0990600586
0.0990600586
0.1981048584
0.1485748291
0.2971649170
-0.4833679199
0.0000000000
0.2416839600
0.0000000000
-0.2416839600
0.1208343506
0.1208343506
-0.1208343506
0.1553802490
0.4661560059
-0.4143676758
0.3625640869
0.2071838379
-0.4661560059
0.3107757568
0.1035919189
0.3566131592
-0.2674560547
-0.0891571045
-0.1782989502
-0.6240692139
0.1782989502
-0.1782989502
-0.1782989502
-0.1752166748
0.3153839111
-0.0350494385
0.8760681152
-0.0700836182
0.0350494385
0.2102508545
-0.1051330566
0.0000000000
0.7707672119
0.1027679443
-0.3083038330
-0.2569274902
0.3083038330
0.2055358887
-0.1027679443
0.1500549316
0.4001464844
0.7002716064
-0.2000732422
-0.0500183105
0.0500183105
-0.2000732422
-0.4001464844
-0.0784149170
-0.9410552979
-0.0784149170
0.0392150879
0.1568450928
-0.1568450928
0.0000000000
0.0392150879
0.8757476807
0.0312805176
-0.1251068115
0.1251068115
0.2502136230
0.1876525879
-0.0938262939
0.2502136230
0.1000061035
0.0000000000
0.0000000000
0.1000061035
0.0000000000
0.0000000000
-0.1000061035
0.1000061035
0.2495727539
0.0000000000
0.2495727539
0.2495727539
0.1247863770
0.2495727539
-0.1247863770
0.0000000000
-0.0260162354
0.8586120605
-0.1300964355
0.1821289062
-0.0780487061
0.2081451416
-0.2081451416
0.3122253418
0.1743774414
-0.4068908691
-0.3487548828
0.4068908691
-0.1162567139
0.4650115967
0.2324981689
0.3487548828
-0.3357696533
-0.1439056396
0.0959320068
0.3837280273
0.3357696533
-0.5276336670
-0.4317016602
0.2398376465
-0.1041564941
-0.2082977295
-0.2603759766
-0.1562194824
0.2603759766
0.7290496826
0.2603759766
0.3124542236
-0.0576477051
0.4611511230
0.0576477051
0.0000000000
-0.6917266846
0.4035034180
0.0000000000
0.1729278564
-0.1557159424
0.0000000000
0.0778656006
0.0000000000
-0.0778656006
-0.3114471436
0.2335815430
0.7786102295
0.8509368896
-0.2239379883
0.0447845459
0.1343536377
0.3135070801
0.0895690918
0.1791381836
0.0447845459
-0.2086791992
0.0298156738
0.8049011230
-0.2981109619
0.2086791992
0.0298156738
-0.2384948730
-0.2981109619
0.2369232178
-0.4738464355
0.0000000000
0.1184692383
-0.2369232178
-0.1184692383
-0.2369232178
-0.1184692383
-0.0404815674
-0.2023773193
0.3642730713
-0.0404815674
-0.0809478760
0.1214294434
-0.8499603271
0.1618957520
-0.3953704834
-0.1976928711
-0.6589508057
-0.2635803223
-0.0659027100
0.3294830322
0.1976928711
0.0659027100
-0.0392761230
0.7068786621
-0.5105285645
-0.1178131104
-0.1178131104
-0.3141632080
0.0785369873
-0.2356262207
0.1113433838
-0.1113433838
0.0000000000
0.1113433838
-0.1113433838
-0.1113433838
0.0000000000
-0.1113433838
0.0731964111
0.2195739746
0.1463775635
0.0000000000
0.0000000000
0.5123443604
0.6587219238
0.2195739746
0.4131317139
0.6885528564
0.2754211426
0.1836090088
-0.0458984375
0.3213195801
-0.1377105713
0.2295227051
0.5180969238
-0.1036224365
0.1295318604
-0.3108520508
0.0518035889
-0.6217193604
-0.4403839111
-0.0518035889
0.0000000000
0.0000000000
-0.2456817627
0.0000000000
0.2456817627
-0.1228332520
-0.1228332520
-0.1228332520
0.4971008301
-0.0552368164
-0.1933135986
-0.4418640137
-0.6904144287
0.0552368164
0.0276184082
0.1104583740
-0.0670623779
-0.2011871338
-0.7376861572
0.0000000000
0.1341247559
-0.0670623779
-0.1341247559
-0.4694366455
0.1113433838
0.1113433838
0.1113433838
0.0000000000
0.1113433838
0.0000000000
0.1113433838
-0.1113433838
-0.0838012695
-0.3352355957
0.3352355957
0.5866699219
0.2514343262
0.1676177979
0.2514343262
-0.1676177979
-0.2041931152
0.8167877197
0.0510559082
0.1020965576
0.1531524658
0.0000000000
0.3573455811
0.2041931152
-0.1247253418
-0.2494506836
0.2494506836
-0.1247253418
0.0000000000
0.2494506836
0.0000000000
0.0000000000
0.1346282959
0.2692565918
-0.6731414795
0.2243804932
0.1795043945
-0.3141326904
0.0897521973
0.4487609863
0.1999969482
-0.3000030518
0.0000000000
-0.1000061035
-0.3000030518
0.6000061035
-0.1000061035
-0.1999969482
-0.2260131836
0.0968627930
-0.0322875977
0.9040374756
0.0322875977
0.0968627930
0.2260131836
-0.1614379883
0.0000000000
0.7650756836
0.1092987061
-0.2185974121
-0.2732391357
0.2732391357
0.3278961182
0.0000000000
0.0000000000
0.2225341797
0.3708953857
-0.1483612061
0.2967224121
-0.4450836182
0.2225341797
-0.5192565918
0.0901947021
-0.8117980957
0.0000000000
0.1804046631
0.0901947021
0.0901947021
0.0000000000
0.0000000000
0.9083557129
0.0313262939
-0.0626525879
0.1879425049
0.1879425049
0.2192535400
-0.0626525879
0.1252899170
0.0000000000
0.0000000000
0.0000000000
-0.0588226318
0.0000000000
0.0000000000
0.0000000000
0.0000000000
0.4451904297
-0.6925201416
0.1483917236
-0.0989379883
-0.1483917236
-0.1483917236
0.0989379883
-0.3957214355
-0.1042175293
0.9527740479
-0.1190948486
0.0744323730
-0.0893249512
0.1190948486
-0.1637573242
0.0744323730
0.1054382324
0.1581573486
-0.6589965820
0.5799102783
0.3426818848
0.1054382324
0.1318054199
-0.1581573486
0.0445709229
-0.0445709229
0.0000000000
0.0891265869
-0.6238861084
-0.1336975098
-0.7130126953
-0.0891265869
0.1440887451
-0.2593536377
-0.2017211914
0.1152648926
-0.7492370605
-0.4322509766
-0.1728973389
-0.2305297852
-0.2559661865
0.3199462891
0.6399078369
0.0000000000
-0.4479370117
-0.1279754639
-0.2559661865
0.0639953613
0.2048339844
-0.2048339844
-0.5120697021
0.0000000000
0.2048339844
0.3072509766
0.2048339844
0.3072509766
0.9802551270
-0.0138092041
0.1104583740
-0.1104583740
-0.0138092041
-0.0414123535
0.0414123535
0.0690307617
-0.2849884033
-0.0316619873
0.6649932861
0.5066528320
-0.1266632080
0.0316619873
0.1583251953
0.3799896240
-0.3176727295
-0.4991912842
0.2722930908
0.2269134521
0.4538116455
0.3176727295
-0.3630523682
0.1361389160
0.1360778809
0.0680389404
0.1360778809
-0.0453643799
0.2041168213
-0.0907135010
-0.9298706055
0.1587524414
0.2386169434
0.0000000000
0.7158508301
0.3976898193
-0.1590728760
-0.1590728760
0.0000000000
0.0795440674
0.0000000000
0.9748535156
-0.1299743652
-0.0649871826
0.0812377930
-0.0162506104
-0.0162506104
-0.1137390137
0.0000000000
0.1237182617
-0.2474365234
-0.1237182617
0.0000000000
-0.1237182617
0.2474365234
-0.1237182617
-0.1401977539
-0.2803955078
-0.2803955078
0.2102966309
-0.2803955078
-0.5607910156
0.4205932617
0.2102966309
0.0771331787
0.3470764160
0.7327270508
0.0000000000
0.0000000000
0.4242095947
-0.3085174561
-0.1156921387
0.0993194580
-0.1489715576
0.0000000000
-0.4717407227
-0.0496520996
-0.8441772461
-0.0248260498
-0.0993194580
-0.2494506836
0.1247253418
0.1247253418
-0.2494506836
-0.1247253418
0.1247253418
0.1247253418
0.1247253418
0.5382995605
0.1922454834
0.2691497803
-0.3076019287
-0.2691497803
-0.3076019287
-0.5382995605
-0.0384521484
-0.0452880859
0.0754852295
0.9812469482
-0.1207733154
-0.0603790283
-0.0301971436
0.0301971436
-0.0452880859
0.2226867676
0.0000000000
0.0000000000
-0.1113433838
0.0000000000
-0.1113433838
0.0000000000
0.0000000000
0.0783538818
-0.3134460449
-0.2350769043
-0.8619689941
0.0391845703
0.0783538818
0.0391845703
-0.1959075928
-0.1488800049
0.5210876465
0.5210876465
-0.5458984375
0.0496215820
0.0248107910
-0.0992584229
0.3225708008
-0.4757080078
0.3865203857
-0.1783905029
0.4459838867
0.1783905029
-0.2675933838
0.4162445068
0.2973175049
-0.3855133057
-0.5782775879
-0.0642547607
0.1927642822
-0.1285095215
0.4497680664
-0.1285095215
-0.3212585449
-0.1360015869
-0.4986877441
0.0453338623
0.0906677246
0.6800231934
0.1360015869
-0.0906677246
-0.4080047607
0.0000000000
0.0207366943
-0.0414733887
0.9952545166
0.0518341064
-0.0103607178
-0.0310974121
0.0103607178
-0.0322265625
0.9021606445
-0.0322265625
0.3222045898
-0.1933135986
-0.0322265625
0.0644378662
0.0644378662
0.4493713379
0.0528717041
0.5286712646
-0.0264282227
-0.2907714844
0.6343994141
-0.0528717041
-0.0528717041
0.0595703125
-0.9531097412
-0.1489257812
-0.1787109375
-0.0297851562
-0.0595703125
0.0000000000
0.0297851562
0.9626159668
-0.0641784668
0.0641784668
-0.0320892334
0.0320892334
0.0641784668
-0.1283416748
-0.0962677002
-0.1243286133
-0.1243286133
0.0000000000
-0.2486572266
-0.1243286133
0.1243286133
0.1243286133
0.2486572266
0.4859008789
-0.5466308594
0.2429504395
-0.1214752197
-0.1214752197
-0.2429504395
0.1214752197
-0.4251556396
-0.1440582275
0.9283752441
-0.1280517578
0.1120452881
-0.1280517578
0.1600646973
-0.1600646973
0.1120452881
0.2766876221
0.0553436279
-0.6363830566
0.5257110596
0.2766876221
0.0000000000
0.3320312500
-0.1660156250
-0.2425079346
0.1818847656
0.0606231689
0.3031311035
-0.1212463379
-0.3637542725
-0.7275085449
0.1212463379
0.2507171631
-0.5014495850
-0.4512939453
0.0501403809
-0.6017303467
-0.1504364014
-0.0501403809
-0.1002960205
-0.0773925781
0.6965942383
0.4644012451
0.1548004150
-0.2321929932
0.0773925781
0.0000000000
0.0773925781
-0.1029205322
-0.1029205322
-0.7204132080
-0.1029205322
-0.1029205322
0.1029205322
0.0000000000
0.2058258057
0.9582672119
-0.0309143066
0.2009277344
-0.1545562744
0.0154571533
-0.0618286133
0.0309143066
0.0618286133
-0.3389282227
-0.0260772705
0.7560729980
0.4953613281
0.1042938232
0.0260772705
0.1303558350
0.1303558350
-0.4552154541
-0.3641815186
0.2276153564
0.2731323242
0.5917816162
0.2731323242
-0.1820831299
0.0910491943
0.0599517822
0.0999145508
0.2398071289
-0.0999145508
0.2198181152
-0.0799407959
-0.9192504883
0.0799407959
0.0000000000
0.0000000000
0.6267242432
0.3133544922
-0.2089080811
-0.2089080811
-0.1044464111
0.1044464111
0.0383453369
0.9585113525
-0.1150207520
-0.0575103760
0.0575103760
0.0191650391
-0.0575103760
-0.2108764648
0.0000000000
-0.1237182617
-0.2474365234
-0.1237182617
0.0000000000
-0.2474365234
0.1237182617
-0.1237182617
-0.1580963135
-0.3952484131
-0.3161926270
0.0000000000
-0.3161926270
-0.4742889404
0.3952484131
0.1580963135
0.0789031982
0.3156280518
0.7101745605
0.0000000000
-0.1972656250
0.4734497070
-0.2761840820
0.0000000000
0.2465515137
-0.1725769043
-0.0246582031
-0.5177459717
0.0000000000
-0.7642822266
0.1232757568
-0.1479339600
-0.3748321533
0.0000000000
0.1249389648
-0.1249389648
-0.2498779297
0.1249389648
0.1249389648
0.0000000000
0.3680419922
0.1338348389
0.3345794678
-0.3680419922
-0.4349517822
-0.3345794678
-0.5018768311
-0.1003723145
-0.0623016357
-0.0415344238
0.9759674072
-0.1245880127
0.0000000000
-0.0415344238
-0.0623016357
-0.0830688477
0.1229705811
0.0000000000
0.1229705811
-0.2459411621
0.3689117432
0.0000000000
-0.2459411621
0.2459411621
0.0589294434
-0.2357025146
-0.4714050293
-0.7071075439
-0.0589294434
0.0000000000
0.1178436279
-0.2946319580
-0.0799102783
0.7991638184
0.3729400635
-0.3462982178
0.0532836914
0.0799102783
-0.0799102783
0.2397460938
-0.5516204834
0.4137115479
-0.1723785400
0.4826660156
0.1379089355
-0.2068634033
0.3447570801
0.2068634033
-0.5726470947
-0.4008636475
-0.2290649414
0.4008636475
0.1145324707
0.1145324707
-0.0572662354
-0.4008636475
-0.1214752197
-0.6073760986
-0.0607299805
0.0607299805
0.4251556396
0.1822052002
-0.3036804199
-0.4251556396
-0.0401458740
0.0802764893
0.0267639160
0.9900970459
0.0535125732
0.0000000000
-0.0401458740
-0.0267639160
0.0000000000
0.8972473145
0.0000000000
0.1435546875
-0.1076660156
0.3230133057
0.0717773438
0.1076660156
0.4451904297
0.2095031738
0.5761260986
0.1309356689
-0.1571197510
0.5237579346
-0.2095031738
-0.2095031738
0.0000000000
-0.9755859375
-0.0256805420
-0.1026916504
0.0513458252
-0.1026916504
0.0000000000
0.0513458252
0.9557342529
-0.1737670898
0.0289611816
0.1158447266
-0.0289611816
0.0868835449
-0.0579223633
-0.0579223633
-0.1243286133
-0.1243286133
0.1243286133
0.0000000000
-0.1243286133
0.2486572266
0.1243286133
0.2486572266
0.4423675537
-0.5308380127
0.3538970947
-0.0884704590
-0.0884704590
-0.1769409180
0.0884704590
-0.2654266357
-0.1748657227
0.8937377930
-0.1360015869
0.1748657227
-0.1748657227
0.1748657227
-0.1554260254
0.1554260254
0.3913421631
0.0000000000
-0.6522369385
0.3587341309
0.1304473877
0.0326080322
0.4891662598
-0.0326080322
-0.3002624512
0.1715698242
0.0857849121
0.2573699951
0.2144775391
-0.4289398193
-0.6863098145
0.2144775391
0.2569274902
-0.5138397217
-0.6166076660
-0.2055358887
-0.2055358887
0.2055358887
0.1027679443
0.2569274902
0.0000000000
0.7673645020
0.3488006592
0.1395263672
-0.2092742920
0.1395263672
0.2092742920
0.0000000000
-0.2165069580
0.0000000000
-0.6495208740
-0.1082458496
-0.1082458496
-0.1082458496
-0.2165069580
-0.1082458496
0.9393310547
-0.0229034424
0.2749328613
-0.1145477295
0.0687255859
-0.0687255859
0.0000000000
0.0458221436
-0.3224182129
-0.0268707275
0.7791900635
0.4299011230
0.1880798340
0.0537414551
0.1880798340
-0.0806121826
-0.4271240234
-0.3737335205
0.2135620117
0.3737335205
0.5872955322
0.1601715088
-0.1601715088
0.0533905029
0.0000000000
0.1726531982
0.3021392822
-0.1726531982
0.2158050537
-0.0647430420
-0.8848266602
0.0215759277
-0.1159973145
0.0000000000
0.2320098877
0.0000000000
-0.4640045166
-0.2320098877
-0.1159973145
0.3480072021
0.0559234619
0.8946990967
-0.1398010254
-0.1398010254
0.0000000000
-0.0838775635
-0.1118316650
-0.3355102539
0.0000000000
-0.1199951172
-0.1199951172
-0.1199951172
0.0000000000
-0.1199951172
-0.2400054932
-0.1199951172
0.0829620361
-0.2488708496
-0.3318328857
0.0000000000
-0.0829620361
-0.3318328857
0.6636657715
0.1659088135
0.1130676270
0.2261199951
0.6783752441
-0.0565338135
-0.3957214355
0.3957214355
-0.2261199951
0.0565338135
0.2280883789
-0.2280883789
-0.0570220947
-0.4846801758
0.1140441895
-0.7412872314
0.1710662842
-0.1995697021
-0.1216278076
-0.1216278076
0.1216278076
0.0000000000
-0.1216278076
0.1216278076
0.1216278076
-0.2432556152
0.2996215820
0.1664581299
0.2330322266
-0.3994903564
-0.4993591309
-0.2996215820
-0.5326538086
-0.0998687744
-0.0943450928
-0.2201232910
0.9119415283
-0.1572265625
0.0314483643
-0.0943450928
-0.0943450928
-0.1886749268
0.0000000000
0.0000000000
0.1229705811
-0.2459411621
0.3689117432
0.2459411621
-0.1229705811
0.2459411621
0.0000000000
-0.3000030518
-0.6000061035
-0.1999969482
-0.1999969482
-0.1000061035
0.1000061035
-0.3000030518
-0.1181945801
0.8569488525
0.2659454346
-0.2659454346
-0.0590972900
0.0886535645
0.0000000000
0.2659454346
-0.5986480713
0.3591918945
-0.1795959473
0.4789123535
0.1197357178
-0.1197204590
0.2993164062
0.1197357178
-0.5751647949
-0.3137207031
-0.4705810547
0.4183044434
0.1568603516
0.1568603516
-0.1045684814
-0.1568603516
-0.0916442871
-0.5499114990
-0.1833038330
0.1833038330
0.0916442871
0.1833038330
-0.4582519531
-0.2749481201
-0.0191650391
0.1533355713
-0.0574951172
0.9775085449
0.0574951172
-0.0191650391
-0.0191650391
-0.0383300781
0.1142578125
0.7998046875
-0.0761718750
-0.1142578125
-0.1523437500
0.4570312500
0.1904296875
0.1142578125
0.4156951904
0.1732025146
0.5888977051
0.1732025146
-0.0692901611
0.4503326416
-0.3117675781
-0.2771301270
-0.0308532715
-0.9565734863
-0.0308532715
-0.0308532715
0.1234283447
-0.1851348877
-0.0308532715
0.0308532715
0.9048461914
-0.2171630859
0.0361938477
0.2171630859
-0.0723876953
0.1809692383
-0.0723876953
0.0000000000
-0.1216278076
-0.1216278076
0.2432556152
0.0000000000
0.0000000000
0.2432556152
0.0000000000
0.0000000000
0.1237182617
-0.1237182617
0.2474365234
-0.1237182617
0.0000000000
0.2474365234
0.0000000000
0.1237182617
-0.1756439209
0.8531646729
-0.1505584717
0.2509307861
-0.1756439209
0.1756439209
-0.1505584717
0.2258300781
0.3224792480
-0.1209259033
-0.6449584961
0.2418518066
0.0000000000
0.2821655273
0.4837188721
0.2015533447
-0.2141723633
0.0305938721
0.0611877441
0.2141723633
0.1223907471
-0.4895324707
-0.7648925781
0.1835784912
0.0554809570
-0.4438476562
-0.5548095703
-0.4438476562
-0.2774047852
0.1664428711
0.1109619141
0.2774047852
-0.1521606445
0.6593627930
0.3550415039
0.1014404297
-0.5072021484
0.2028808594
0.1521606445
0.0000000000
-0.2320098877
0.0000000000
-0.4640045166
0.1159973145
0.0000000000
-0.2320098877
-0.1159973145
0.3480072021
0.9043731689
-0.0311889648
0.3118591309
-0.0311889648
0.1871185303
-0.0623779297
0.0935516357
0.0623779297
-0.2596740723
0.0288543701
0.8367309570
0.1731109619
0.2596740723
0.1154174805
0.2019653320
-0.2308197021
-0.2357025146
-0.3142700195
0.1571350098
0.5499725342
0.4714050293
0.1571350098
-0.2357025146
0.0785675049
-0.0322875977
0.1614379883
0.3874511719
-0.3228759766
0.1291503906
0.0000000000
-0.8071746826
0.1291503906
0.0912780762
-0.0912780762
-0.1825714111
-0.3651275635
-0.4564056396
-0.1825714111
0.2738494873
0.4564056396
-0.0383300781
0.7667388916
-0.2300262451
-0.2683563232
0.0383300781
-0.2300262451
-0.0766754150
-0.4217071533
0.1249389648
0.1249389648
-0.1249389648
0.0000000000
0.0000000000
0.2498779297
-0.1249389648
-0.3748321533
0.0821380615
-0.0821380615
-0.0821380615
0.1642608643
0.0000000000
-0.0821380615
0.7391815186
0.4106597900
0.2632446289
0.4211730957
0.6317749023
0.0526428223
-0.1053009033
0.3685302734
-0.2632446289
0.2105865479
0.2486877441
-0.2131500244
0.0000000000
-0.4263153076
0.1776275635
-0.7460479736
0.0355224609
-0.2842102051
0.1250000000
-0.1250000000
0.2500000000
0.0000000000
0.1250000000
0.0000000000
0.0000000000
-0.3750000000
0.5136566162
0.1605224609
0.0000000000
-0.4494476318
-0.5136566162
-0.0963134766
-0.4494476318
0.0000000000
-0.0906677246
-0.3626708984
0.7253570557
-0.2720031738
0.0000000000
-0.0906677246
0.1360015869
-0.4080047607
0.0000000000
0.2477111816
0.2477111816
-0.2477111816
0.1238555908
0.2477111816
0.0000000000
0.2477111816
-0.1863403320
-0.0931701660
-0.1863403320
0.6521911621
-0.0931701660
-0.0931701660
-0.1863403320
-0.3726806641
-0.0874938965
0.7874450684
0.3499755859
-0.2624816895
-0.1749877930
0.0437469482
0.1312408447
0.2624816895
-0.5677337646
0.2270965576
0.0000000000
0.2270965576
-0.1135406494
0.0000000000
0.2270965576
-0.1135406494
-0.2991638184
-0.1709442139
-0.7692718506
0.3419036865
0.1709442139
0.1282196045
0.0427398682
0.2564239502
0.2099609375
-0.4199066162
-0.2099609375
0.0000000000
-0.3149414062
0.2099609375
-0.4199066162
-0.1049804688
0.0619354248
0.1032257080
-0.1238708496
0.9703369141
0.0206451416
-0.0619354248
0.0825805664
0.0619354248
0.1440582275
0.7203216553
-0.1440582275
-0.3361511230
-0.2401123047
0.3841705322
0.1920928955
0.0960388184
0.2236480713
-0.3354644775
0.6709289551
-0.1677398682
0.0559082031
0.3913726807
-0.2236480713
-0.2236480713
-0.1045684814
-0.8888854980
-0.1045684814
0.1568603516
0.1568603516
-0.2091522217
0.0522918701
-0.0522918701
0.8767852783
-0.1384429932
-0.0461425781
0.0923004150
0.0461425781
0.2768859863
-0.1384429932
0.1845855713
0.1000061035
0.0000000000
0.0000000000
0.0000000000
0.1000061035
0.1000061035
0.0000000000
-0.1000061035
0.0000000000
0.1245422363
0.0000000000
0.1245422363
0.0000000000
0.4981536865
-0.1245422363
0.0000000000
-0.1092987061
0.8744354248
-0.1366271973
0.2186126709
-0.1366271973
0.1639556885
-0.1639556885
0.2459411621
0.1549682617
-0.4649200439
-0.4132537842
0.1549682617
-0.1549682617
0.4649200439
0.2582855225
0.4132537842
-0.1935272217
0.0967559814
0.0322570801
0.1935272217
0.2257690430
-0.5483093262
-0.7095794678
0.1612701416
-0.1362762451
-0.3406677246
-0.4769439697
-0.4088134766
-0.2725372314
0.0000000000
0.4088134766
0.2725372314
-0.1338195801
0.5799102783
0.4014739990
-0.0446014404
-0.5799102783
0.2676544189
0.0446014404
-0.0892181396
-0.1895141602
0.0000000000
-0.2842712402
0.2842712402
0.0947570801
-0.1895141602
0.0000000000
0.6633148193
0.7633819580
-0.0381622314
0.3435211182
-0.0381622314
0.3053588867
-0.0381622314
0.3435211182
0.1908416748
-0.2947235107
0.1768341064
0.8252410889
-0.1178894043
0.2063140869
0.0884246826
0.1473693848
-0.2947235107
0.0000000000
-0.2416839600
0.1208343506
0.4833679199
-0.1208343506
-0.1208343506
-0.2416839600
0.0000000000
-0.1464385986
-0.0488128662
0.5369567871
-0.3417053223
-0.1464385986
0.0976257324
-0.6345977783
0.2440795898
0.0964202881
-0.3856964111
-0.0964202881
-0.3856964111
-0.2892761230
-0.1928405762
0.3856964111
0.2892761230
-0.1533508301
0.8050842285
-0.1533508301
-0.3450317383
-0.0383300781
-0.1916809082
0.0766754150
-0.3067016602
0.1249389648
0.1249389648
0.0000000000
0.2498779297
0.0000000000
0.1249389648
-0.1249389648
-0.3748321533
0.0000000000
0.0000000000
0.0000000000
0.0000000000
0.1804046631
-0.1804046631
0.3607940674
0.7216033936
0.3668365479
0.5502624512
0.5044097900
0.1834259033
0.0000000000
0.3668365479
-0.2292785645
0.1375732422
0.2695465088
-0.1155242920
0.1540222168
-0.3850708008
0.1155242920
-0.7316436768
-0.2695465088
-0.2695465088
0.0000000000
0.0000000000
0.2486572266
0.0000000000
0.2486572266
0.0000000000
-0.1243286133
-0.2486572266
0.6405334473
0.1507110596
-0.1507110596
-0.4144592285
-0.5274963379
0.0000000000
-0.1884002686
0.1130371094
-0.3124084473
-0.4373779297
0.1249694824
-0.2499237061
-0.1874389648
0.1249694824
0.2499237061
-0.6248168945
0.0000000000
0.1199951172
0.1199951172
-0.1199951172
0.0000000000
0.2400054932
0.1199951172
0.1199951172
-0.4450836182
-0.0741729736
0.1483612061
0.6676177979
-0.1483612061
0.2225341797
-0.1483612061
-0.2225341797
0.0000000000
0.7985992432
0.2662048340
-0.1064758301
-0.1597137451
-0.1064758301
0.3726806641
0.1064758301
-0.3743438721
0.0000000000
0.1247863770
-0.1247863770
-0.2495727539
0.1247863770
0.1247863770
-0.1247863770
-0.0330505371
0.0000000000
-0.8593902588
0.1983184814
0.1983184814
-0.0661010742
0.0991668701
0.3635864258
0.0000000000
-0.5099029541
0.0000000000
0.0000000000
-0.5099029541
0.3399353027
0.0000000000
-0.3399353027
0.0785064697
0.0588836670
-0.0588836670
0.9813232422
-0.0196228027
-0.0392456055
0.0588836670
0.0785064697
0.0792236328
0.8713836670
-0.0792236328
-0.3168640137
-0.0792236328
0.2376556396
0.1188201904
0.0000000000
0.0502014160
-0.7028961182
0.4518585205
-0.3012390137
0.3012390137
0.0502014160
0.1506195068
-0.1004180908
-0.0972900391
-0.4864349365
-0.0972900391
0.5837097168
0.1945648193
-0.0972900391
0.0972900391
-0.0972900391
0.8878173828
0.0000000000
-0.0845489502
0.0422821045
0.0422821045
0.3382110596
0.0000000000
0.1691131592
0.2498626709
0.1249389648
0.0000000000
0.0000000000
0.2498626709
0.1249389648
0.1249389648
-0.2498626709
0.1234283447
0.1234283447
0.1234283447
0.1234283447
0.0000000000
0.4937286377
-0.1234283447
0.1234283447
0.0000000000
0.9540252686
-0.0681457520
0.1135711670
-0.0681457520
0.1589965820
-0.0227203369
0.1589965820
0.0000000000
-0.6094207764
0.0000000000
-0.0507812500
-0.2539215088
0.4062805176
0.0000000000
0.5586395264
-0.1897430420
0.0758972168
0.0758972168
0.1897430420
0.3415374756
-0.6451263428
-0.5692291260
0.1138458252
-0.3070831299
-0.0614166260
-0.2456665039
-0.2456665039
-0.1842498779
-0.4299163818
0.6141815186
0.2456665039
-0.1813354492
0.5440216064
0.3626708984
-0.0906677246
-0.5893554688
0.3173370361
0.0906677246
-0.0906677246
-0.1595764160
-0.0797882080
-0.1595764160
0.2393646240
0.0000000000
-0.1595764160
0.0797882080
0.7978820801
0.3828887939
-0.1701812744
0.2552642822
-0.0850830078
0.4679870605
0.0425415039
0.6381530762
0.2552642822
-0.2447662354
0.2447662354
0.8566894531
-0.1529846191
0.1529846191
-0.1529846191
0.0000000000
-0.2141723633
0.1245422363
-0.2490844727
0.0000000000
0.2490844727
-0.2490844727
-0.2490844727
-0.1245422363
-0.1245422363
-0.1648864746
-0.1236724854
0.4122314453
-0.1236724854
-0.2473449707
0.1236724854
-0.7832336426
0.1648864746
0.0000000000
-0.5248870850
-0.1749572754
-0.4374084473
-0.1749572754
0.0874786377
0.4374084473
0.0874786377
-0.2104492188
0.8417968750
-0.0420837402
-0.2946319580
-0.1683654785
-0.1262664795
0.1683654785
-0.1683654785
0.2477111816
0.1238555908
0.1238555908
0.2477111816
-0.1238555908
0.1238555908
0.0000000000
-0.3715667725
0.0000000000
0.0000000000
-0.0909118652
-0.2727508545
0.2727508545
-0.2727508545
0.2727508545
0.6364288330
0.1764678955
0.7058868408
0.4117584229
0.2941131592
0.0000000000
0.2352905273
-0.1764678955
0.1176452637
0.2812042236
-0.1054534912
0.2109069824
-0.3866577148
0.0351562500
-0.6678619385
-0.4569549561
-0.1406097412
-0.1199951172
0.0000000000
-0.1199951172
-0.1199951172
0.1199951172
-0.1199951172
-0.2400054932
0.0000000000
0.7170257568
0.0478057861
-0.2390136719
-0.2390136719
-0.4780120850
0.1434020996
0.0955963135
0.1912078857
-0.4153594971
-0.2373504639
-0.2373504639
-0.3560180664
-0.2373504639
0.1780090332
0.1780090332
-0.5933685303
0.0000000000
0.0911560059
0.0000000000
-0.0911560059
0.0000000000
0.0911560059
0.0000000000
0.0000000000
-0.4474945068
-0.0894927979
0.2684936523
0.0894927979
-0.0894927979
0.6264953613
0.0000000000
-0.1790008545
0.0000000000
0.7952270508
0.0000000000
-0.0530090332
-0.2120666504
-0.2120666504
0.4241180420
0.0530090332
-0.4833679199
0.0000000000
0.2416839600
-0.1208343506
-0.2416839600
0.1208343506
0.0000000000
-0.1208343506
0.0520782471
0.0260314941
-0.8852233887
0.1041412354
0.1562194824
-0.0520782471
0.0260314941
0.3905487061
0.0000000000
-0.5045928955
0.0000000000
-0.0840911865
-0.2522888184
0.5045928955
0.0000000000
-0.4204864502
0.0000000000
0.0194091797
-0.0582275391
0.9897613525
-0.0194091797
0.0194091797
0.0582275391
0.0194091797
0.0000000000
0.9717254639
0.0000000000
-0.0231323242
-0.0694122314
0.1388244629
0.1156768799
0.0231323242
0.0434112549
-0.7380676270
0.0868377686
-0.0868377686
0.4341583252
-0.2604980469
0.3473358154
0.0000000000
0.1990661621
0.4976654053
0.0000000000
0.4976654053
0.0995330811
0.2985992432
0.0995330811
0.0000000000
0.9167633057
0.0705261230
0.0352630615
0.1410369873
0.0352630615
0.2820739746
0.1057739258
0.0352630615
-0.1178436279
0.0000000000
0.0000000000
-0.1178436279
-0.1178436279
-0.2357025146
0.0000000000
0.1178436279
0.4620056152
-0.2772064209
0.0924072266
-0.2772064209
-0.2772064209
-0.2772064209
0.1847991943
-0.3696136475
-0.0264129639
0.9947509766
0.0352172852
-0.0440216064
-0.0264129639
0.0176086426
0.0176086426
-0.0528259277
-0.1330108643
0.1330108643
-0.3458099365
0.8778381348
0.1596069336
-0.0265960693
0.0000000000
-0.1596069336
0.1573028564
0.0943908691
-0.0314636230
-0.0629272461
-0.9123840332
-0.1258544922
-0.2831573486
-0.0314636230
-0.0342559814
0.0856475830
0.0171356201
-0.0685119629
-0.5652770996
-0.7879638672
0.0856475830
-0.1712951660
0.0000000000
0.3522186279
0.5635375977
0.2817687988
-0.3522186279
0.0704498291
0.0704498291
0.4226531982
0.2371520996
-0.2371520996
-0.5533447266
-0.0790557861
-0.3952484131
0.3161926270
-0.0790557861
-0.3161926270
0.9346923828
-0.0179748535
0.2696228027
-0.1258239746
-0.0718994141
-0.0718994141
0.0718994141
0.1078491211
-0.0222625732
0.0667724609
0.8681335449
0.4452056885
-0.1112976074
-0.1112976074
0.0222625732
0.0445251465
-0.2361145020
-0.2951354980
0.1770782471
0.2951354980
0.5312500000
0.4722137451
-0.1770782471
0.2951354980
-0.0112609863
0.0901336670
0.0225372314
0.0000000000
0.0337982178
0.0000000000
-0.9913940430
-0.0563354492
-0.2176361084
0.0000000000
0.5440979004
0.3264617920
-0.2176361084
0.1088256836
0.0000000000
0.2176361084
0.0446472168
0.9823303223
-0.0446472168
0.0446472168
0.0148773193
0.1041870117
0.0000000000
-0.1041870117
0.1216278076
0.0000000000
-0.1216278076
-0.2432556152
0.1216278076
-0.1216278076
0.1216278076
-0.1216278076
-0.0741729736
-0.3708953857
-0.1483612061
0.2225341797
-0.1483612061
-0.1483612061
0.7418060303
0.0741729736
0.2785644531
0.2387695312
0.6765289307
0.0000000000
0.2387695312
0.4377593994
-0.3183746338
-0.0795898438
-0.3634185791
-0.0454254150
0.2725677490
-0.5905609131
-0.3634185791
-0.4542846680
-0.1362762451
-0.1362762451
-0.1199951172
0.0000000000
0.0000000000
-0.1199951172
-0.2400054932
-0.1199951172
0.1199951172
0.1199951172
0.4730377197
0.4730377197
0.1182556152
0.1773834229
0.5912933350
-0.1182556152
-0.1182556152
-0.1182556152
-0.1029815674
-0.0514831543
0.9474029541
-0.2059478760
-0.0308990479
0.0000000000
0.1235809326
-0.1647644043
0.2357025146
-0.1178436279
0.1178436279
0.0000000000
-0.1178436279
0.0000000000
0.0000000000
0.1178436279
0.0000000000
-0.1329803467
-0.0797882080
-0.9840393066
0.0132904053
0.0132904053
0.0398864746
0.0000000000
-0.0180969238
0.9590301514
0.0904693604
-0.1990509033
-0.1266632080
0.0000000000
-0.0180969238
0.0723876953
-0.3744049072
0.4118499756
-0.1123199463
0.4118499756
0.3369598389
-0.2995300293
0.4118499756
0.2995300293
-0.2562408447
-0.3587493896
0.6149902344
-0.2562408447
-0.0512542725
0.3074951172
-0.1024932861
-0.4099884033
-0.3452911377
-0.4603881836
0.2301940918
0.2301940918
0.5179290771
0.2301940918
-0.1150970459
-0.3452911377
0.0344238281
0.0000000000
-0.0430297852
0.9896545410
0.1204833984
0.0172119141
-0.0172119141
0.0086059570
-0.0847320557
0.9926452637
-0.0363159180
0.0121002197
0.0242156982
-0.0121002197
0.0242156982
0.0000000000
0.4186401367
-0.3220367432
0.5796508789
0.0966033936
0.0321960449
0.5152587891
0.2576293945
-0.0966033936
0.1184692383
-0.8292694092
-0.1777038574
-0.2961730957
-0.1184692383
0.1184692383
0.0592346191
-0.1777038574
0.6830596924
-0.3415374756
0.1707611084
0.1024627686
-0.3756866455
0.0000000000
0.2390747070
-0.3756866455
-0.0911560059
-0.0911560059
0.0000000000
0.0000000000
0.0000000000
0.0000000000
0.0000000000
0.0911560059
0.3726806641
-0.1863403320
0.1863403320
-0.2795104980
-0.2795104980
-0.2795104980
0.1863403320
-0.4658508301
-0.0207214355
0.9942932129
0.0310668945
-0.0207214355
-0.0207214355
0.0414276123
0.0103607178
-0.0621490479
0.0000000000
0.0792236328
-0.3432769775
0.8977966309
0.0792236328
-0.0264129639
0.0792236328
-0.1848449707
0.1437377930
0.1437377930
-0.0359344482
-0.0359344482
-0.8984069824
-0.1796875000
-0.2515563965
0.1078033447
-0.0230865479
0.1615600586
0.0230865479
-0.1846466064
-0.4616241455
-0.8309173584
0.1154022217
-0.0692443848
0.0754241943
0.5279388428
0.4525146484
0.3771057129
0.1508331299
0.2262573242
0.2262573242
0.2262573242
0.0769500732
-0.1539001465
0.0000000000
0.0000000000
-0.5386199951
0.3077850342
-0.3077850342
-0.5386199951
0.9342346191
0.0000000000
0.2906494141
-0.1245727539
-0.0415191650
-0.1038055420
0.0207672119
0.0207672119
-0.0921325684
0.0690917969
0.8982391357
0.3915405273
0.0230255127
-0.0921325684
0.0230255127
0.0000000000
-0.1568603516
-0.1568603516
0.1568603516
0.4183044434
0.6797332764
0.4183044434
0.0000000000
0.1568603516
-0.0478515625
0.1076507568
0.0837249756
0.0239257812
0.0598144531
0.0358886719
-0.9808502197
-0.0837249756
-0.1242218018
0.1242218018
0.1242218018
0.3726806641
0.0000000000
0.0000000000
-0.2484588623
0.2484588623
0.1033172607
0.9505004883
-0.0619964600
0.1033172607
0.0206604004
0.1859741211
-0.0413208008
-0.1446380615
0.2500000000
0.1250000000
-0.1250000000
-0.2500000000
0.1250000000
-0.1250000000
0.2500000000
0.0000000000
0.0000000000
-0.4426727295
-0.1475524902
0.0737762451
-0.1475524902
-0.1475524902
0.7377929688
-0.0737762451
0.2539215088
0.2031402588
0.6602172852
-0.1523590088
0.1015777588
0.4062805176
-0.4062805176
-0.1015777588
-0.3634185791
0.0000000000
0.3179931641
-0.6814270020
-0.3634185791
-0.2271423340
0.0000000000
-0.2271423340
-0.2474365234
0.0000000000
-0.1237182617
0.1237182617
-0.2474365234
-0.1237182617
0.0000000000
-0.1237182617
0.6309814453
0.3785858154
0.1261901855
0.0000000000
0.5047760010
-0.1261901855
-0.0630950928
-0.1892852783
-0.1222534180
-0.1344757080
0.9413299561
-0.2078247070
0.0244445801
0.0244445801
0.0489044189
-0.1711578369
0.0000000000
-0.1243286133
0.2486572266
0.1243286133
-0.1243286133
0.1243286133
0.1243286133
0.2486572266
0.0000000000
-0.0985107422
-0.0985107422
-0.9850463867
0.0164184570
0.0000000000
0.0328369141
-0.0164184570
0.0156402588
0.9853363037
0.0469207764
-0.0938415527
-0.0938415527
0.0000000000
-0.0312805176
0.0156402588
-0.3715515137
0.4644470215
-0.0464477539
0.4179992676
0.3715515137
-0.2786712646
0.3251037598
0.2786712646
-0.4251556396
-0.3644256592
0.4251556396
-0.1822052002
0.1214752197
0.1822052002
-0.0607299805
-0.5466308594
-0.2447814941
-0.4079742432
0.1631927490
0.2447814941
0.4079742432
0.1631927490
-0.1631927490
-0.4895629883
0.0345611572
0.0000000000
-0.0460815430
0.9906616211
0.1036682129
0.0000000000
-0.0115203857
-0.0115203857
-0.0625610352
0.9884948730
-0.0625610352
-0.0750732422
0.0500488281
0.0250244141
-0.0250244141
0.0250244141
0.3114013672
-0.4843902588
0.6228027344
0.1730041504
0.1730041504
0.3459930420
0.2075958252
-0.1383972168
0.1372222900
-0.8233337402
-0.0686035156
-0.2058258057
0.0000000000
0.1372222900
0.0686035156
-0.2744445801
0.7865600586
-0.3651885986
0.0842742920
0.1123657227
-0.3090057373
0.0000000000
0.1685485840
-0.2809143066
-0.1000061035
0.0000000000
0.1000061035
0.1000061035
0.0000000000
0.1000061035
0.0000000000
0.0000000000
0.2945098877
-0.1963348389
0.2945098877
-0.2945098877
-0.3926696777
0.0981750488
0.1963348389
-0.3926696777
-0.0381774902
0.9925231934
0.0127258301
0.0127258301
-0.0509033203
0.0509033203
0.0127258301
-0.0509033203
0.1132659912
-0.0283203125
-0.3397979736
0.9061126709
0.0566253662
0.0283203125
0.1132659912
-0.0849456787
0.0371551514
0.1486206055
-0.0371551514
0.0000000000
-0.7802581787
-0.2972412109
-0.4458618164
0.1857757568
0.0000000000
0.1910705566
-0.0545959473
-0.2183685303
-0.3275451660
-0.8734588623
0.1364746094
0.0000000000
0.0000000000
0.5866699219
0.1676177979
0.2514343262
0.3352355957
0.1676177979
0.4190521240
0.0838165283
0.0901947021
-0.0901947021
0.1804046631
0.0901947021
-0.2705993652
0.1804046631
-0.1804046631
-0.7216033936
0.9116668701
0.0325622559
0.3255920410
-0.0976715088
0.0325622559
-0.1302337646
0.0000000000
0.0000000000
-0.0949707031
0.0237426758
0.9259185791
0.3086395264
0.0712280273
0.0237426758
0.0949707031
-0.0712280273
-0.1168518066
-0.1168518066
0.1752624512
0.5258026123
0.6426391602
0.3505401611
-0.0584259033
0.1168518066
-0.0738830566
0.1477813721
0.1477813721
0.0147705078
0.0591125488
0.0591125488
-0.9605560303
-0.1182250977
0.1196746826
0.1196746826
-0.3590087891
0.3590087891
0.0000000000
0.1196746826
-0.2393341064
0.2393341064
0.1100463867
0.9353942871
-0.0825347900
0.0825347900
-0.0275115967
0.1100463867
-0.0275115967
-0.2476043701
0.3750000000
0.2500000000
-0.1250000000
-0.1250000000
0.0000000000
0.0000000000
0.1250000000
0.0000000000
0.0858917236
-0.3435821533
-0.0858917236
0.0000000000
-0.0858917236
-0.0858917236
0.7730712891
0.0000000000
0.3008422852
0.2256317139
0.6016693115
-0.0752105713
0.0752105713
0.3008422852
-0.4512481689
0.0000000000
-0.3020019531
-0.0503387451
0.2516632080
-0.7550048828
-0.2516632080
-0.2516632080
0.0000000000
-0.2516632080
0.0000000000
0.0000000000
0.0000000000
0.2498626709
0.0000000000
-0.1249389648
0.1249389648
-0.3748016357
0.8056793213
0.2877349854
0.0000000000
0.0000000000
0.1150970459
-0.1150970459
-0.3452911377
-0.1150970459
-0.1076507568
-0.1691741943
0.9381256104
-0.2153015137
0.0307617188
0.0615234375
0.0768890381
-0.1230316162
-0.1250000000
-0.1250000000
0.2500000000
0.0000000000
0.1250000000
0.2500000000
0.1250000000
0.2500000000
-0.0630187988
-0.0420074463
-0.0630187988
-0.9873199463
0.0210113525
0.0000000000
-0.0210113525
-0.0210113525
0.0000000000
0.9792633057
0.0343627930
-0.0859069824
-0.1374359131
-0.0515441895
-0.0171813965
0.0343627930
-0.2975311279
0.4462890625
0.0000000000
0.4462890625
0.3719177246
-0.2975311279
0.2231445312
0.2231445312
-0.5264587402
-0.3008422852
0.0752105713
-0.1504211426
0.1504211426
0.3008422852
-0.1504211426
-0.5264587402
-0.2283172607
0.0000000000
0.0000000000
0.1141510010
0.2283172607
0.2283172607
-0.3424682617
-0.4566192627
0.0456542969
0.0304412842
-0.0760955811
0.9891662598
0.0456542969
-0.0456542969
0.0304412842
-0.0152130127
-0.0262603760
0.9847869873
-0.1050415039
-0.0919189453
0.0262603760
0.0393981934
-0.0262603760
0.0393981934
0.1190185547
-0.6347351074
0.6743927002
0.0793457031
0.1586761475
0.1983489990
0.0793457031
0.0000000000
0.0000000000
-0.7621765137
-0.0846862793
-0.0846862793
0.1693725586
0.0846862793
0.0846862793
-0.3387451172
0.8211059570
-0.3763427734
0.1026458740
0.1368560791
-0.2394866943
0.0342102051
0.1710662842
-0.1710662842
-0.1237182617
-0.1237182617
0.1237182617
0.0000000000
0.0000000000
0.2474365234
-0.1237182617
-0.2474365234
0.2038421631
-0.1019134521
0.2038421631
-0.1019134521
-0.3057556152
0.6115264893
0.2038421631
-0.1019134521
-0.0291137695
0.9898834229
-0.0145568848
0.0436706543
-0.0873413086
0.0436706543
0.0000000000
-0.0291137695
0.1261596680
-0.1261596680
-0.3469390869
0.8831176758
0.0315399170
0.1576995850
0.0946197510
0.0315399170
-0.0320892334
0.0641784668
-0.0962677002
0.0641784668
-0.5454864502
-0.4492187500
-0.6417388916
0.1925201416
-0.0953826904
0.1907653809
-0.0317993164
-0.2543487549
-0.3179321289
-0.8584289551
0.0953826904
0.0953826904
-0.1947631836
0.5843048096
0.3895263672
0.0000000000
-0.1947631836
0.4544525146
0.2596893311
0.1298370361
-0.1000061035
0.0000000000
0.1000061035
0.1000061035
0.1000061035
0.0000000000
0.0000000000
0.0000000000
0.8122711182
0.0773620605
0.4254760742
-0.1160430908
0.1547241211
-0.1547241211
0.1933898926
0.0773620605
-0.1003723145
0.0250854492
0.9284362793
0.2007446289
0.1003723145
0.1003723145
0.1756439209
-0.1254577637
-0.1471710205
0.0000000000
0.3679046631
0.5886535645
0.4414978027
0.2207489014
-0.2207489014
0.1471710205
-0.0615692139
0.1231384277
0.1641845703
-0.0410461426
0.0000000000
0.0410461426
-0.9645996094
-0.0820922852
0.6668548584
0.0000000000
-0.1111450195
0.1111450195
0.1111450195
0.0000000000
0.0000000000
0.2222900391
0.0000000000
0.9507598877
-0.1018676758
-0.0339508057
0.0000000000
0.0339508057
0.0679168701
-0.2037353516
0.3443145752
0.3443145752
-0.2295379639
0.1147766113
0.1147766113
0.3443145752
0.0000000000
-0.2295379639
0.0000000000
-0.1135406494
0.2270965576
0.2270965576
-0.1135406494
0.3406372070
0.4541778564
0.2270965576
0.3938140869
0.3445892334
0.5414886475
0.1968994141
0.2953643799
0.2953643799
-0.3445892334
0.1476745605
-0.2464294434
0.0492858887
0.2957153320
-0.6900024414
-0.1971435547
-0.3942871094
-0.2464294434
-0.1971435547
0.0000000000
0.2484588623
0.0000000000
0.0000000000
0.0000000000
0.0000000000
0.0000000000
-0.4969024658
0.8209075928
0.1172790527
-0.1954498291
-0.0390930176
-0.2345428467
0.1172790527
-0.3909149170
-0.0390930176
-0.1117401123
-0.2011413574
0.8939514160
-0.2458343506
-0.0223541260
0.1340942383
0.2011413574
-0.1117401123
0.0000000000
0.1245422363
0.2490844727
-0.2490844727
0.0000000000
0.3736267090
0.0000000000
0.1245422363
-0.1081848145
0.0540924072
-0.0270385742
-0.9736175537
0.0270385742
-0.0540924072
-0.0811309814
-0.0540924072
0.0479125977
0.9583282471
0.0718688965
-0.0718688965
-0.1916656494
-0.0958404541
0.0479125977
0.0479125977
-0.2449493408
0.3674163818
0.1224670410
0.2449493408
0.1224670410
-0.2449493408
0.1224670410
0.0000000000
-0.3273620605
-0.2618865967
-0.6547241211
-0.0654754639
0.1964111328
0.3928375244
-0.1309509277
0.1964111328
0.1219482422
-0.1219482422
-0.1219482422
-0.1219482422
0.2438964844
0.2438964844
-0.3658599854
-0.2438964844
0.0313568115
0.0470275879
-0.0156707764
0.9876251221
-0.0313568115
-0.0783843994
0.0627136230
0.0470275879
-0.0440673828
0.9840087891
-0.1174926758
-0.0293731689
-0.0440673828
0.0000000000
-0.0293731689
0.0734405518
-0.0369262695
-0.7385253906
0.5538940430
-0.1846313477
0.1477050781
0.1846313477
0.0000000000
0.1107788086
0.0000000000
-0.2153778076
-0.1076965332
0.1076965332
0.1076965332
-0.1076965332
0.4307708740
-0.5384674072
0.8950347900
-0.2557220459
0.0426177979
0.1278686523
-0.0852355957
0.2131042480
0.0426177979
0.0426177979
0.1250000000
0.0000000000
0.0000000000
0.0000000000
0.1250000000
0.2500000000
0.1250000000
-0.3750000000
0.1029205322
0.1029205322
0.1029205322
0.0000000000
-0.2058258057
0.7204132080
0.1029205322
-0.1029205322
-0.0147247314
0.9867858887
-0.0294494629
0.0589141846
-0.1178283691
0.0294494629
0.0000000000
0.0000000000
0.0000000000
-0.1904754639
-0.2539672852
0.8888854980
-0.0634918213
0.2539672852
0.0634918213
0.0634918213
0.0364990234
0.1095123291
-0.1825256348
-0.0730133057
-0.4015655518
-0.5475921631
-0.6571044922
0.1095123291
-0.1898956299
0.1582489014
0.0316467285
-0.2215576172
-0.3481597900
-0.8229064941
0.0949554443
0.2215576172
0.0378875732
0.4926300049
0.4547271729
-0.2273712158
-0.4926300049
0.4547271729
0.0000000000
0.0378875732
-0.1247863770
0.2495727539
0.0000000000
0.2495727539
0.0000000000
0.0000000000
0.0000000000
0.3743438721
0.6903991699
0.0363311768
0.4360504150
-0.1090087891
0.1453552246
-0.1816864014
0.4360504150
0.1816864014
-0.0933532715
0.0466766357
0.9334869385
0.1633605957
0.1166839600
0.1400299072
0.1166839600
-0.1633605957
-0.1088256836
0.2176361084
0.3264617920
0.5440979004
0.2176361084
0.0000000000
-0.2176361084
0.0000000000
-0.1274108887
0.0509643555
0.2293243408
0.0000000000
-0.0509643555
0.0764465332
-0.9427947998
-0.1019287109
0.6451873779
-0.2150573730
0.4301147461
-0.0716857910
0.3584289551
-0.0716857910
0.1433715820
-0.1433715820
-0.0587158203
0.9688110352
-0.1174316406
-0.0587158203
0.0293579102
0.0587158203
0.0880737305
-0.0293579102
0.3316650391
0.3316650391
-0.1105499268
0.2211151123
0.1105499268
0.4422149658
0.0000000000
-0.2211151123
-0.1247863770
0.1247863770
0.1247863770
0.1247863770
0.1247863770
0.2495727539
0.0000000000
0.3743438721
0.2936248779
0.3303222656
0.5138244629
0.2936248779
0.2936248779
0.4404296875
-0.3303222656
0.1468048096
-0.2142791748
0.1285705566
0.5142669678
-0.4285430908
-0.1714172363
-0.3856964111
-0.4714050293
-0.1714172363
0.1250000000
0.2500000000
0.2500000000
-0.1250000000
0.0000000000
0.1250000000
-0.1250000000
-0.2500000000
0.8216705322
0.1232452393
-0.2875823975
-0.0821685791
-0.2465057373
0.2054138184
-0.2465057373
-0.0410766602
-0.2126159668
-0.3189239502
0.6378631592
-0.2834930420
-0.1771850586
0.2834930420
0.3898010254
-0.2480621338
0.1238555908
0.2477111816
0.1238555908
-0.1238555908
-0.2477111816
0.3715667725
0.0000000000
0.1238555908
-0.1579284668
0.0947570801
0.0000000000
-0.9476165771
-0.0315856934
-0.0315856934
-0.1579284668
-0.0947570801
0.1337585449
0.9363555908
0.0267486572
0.0535125732
-0.2407836914
-0.0802612305
0.1070098877
-0.0535125732
-0.1199951172
0.2400054932
0.1199951172
0.0000000000
0.1199951172
-0.1199951172
0.1199951172
0.0000000000
-0.0746765137
-0.1493377686
-0.8587341309
-0.0373382568
0.1866760254
0.1120147705
-0.0373382568
0.3733520508
0.1099700928
-0.4398803711
0.1099700928
-0.2199401855
0.2199401855
0.3299102783
-0.1099700928
-0.3299102783
0.0295867920
0.0591888428
0.0295867920
0.9913024902
-0.0443878174
-0.0443878174
0.0148010254
0.0295867920
-0.0572662354
0.9879302979
-0.0859069824
0.0286407471
-0.0572662354
0.0000000000
-0.0286407471
0.0429534912
0.0000000000
-0.8149414062
0.3735198975
-0.2037353516
0.2716522217
0.1018676758
0.1697845459
0.0679168701
0.0000000000
0.5886840820
0.0840911865
0.3363952637
0.0000000000
0.0000000000
0.3363952637
-0.4204864502
0.9202880859
-0.0836639404
0.0000000000
0.1673278809
-0.0418243408
0.2091522217
0.0000000000
0.1254882812
0.2416839600
0.1208343506
0.0000000000
0.1208343506
0.2416839600
0.2416839600
0.2416839600
-0.3625183105
0.0000000000
0.1044464111
0.0000000000
0.0000000000
-0.2089080811
0.7311706543
0.1044464111
0.0000000000
0.0135498047
0.9888305664
-0.0541839600
0.0406341553
-0.0948181152
0.0406341553
0.0135498047
0.0270843506
-0.1356658936
-0.3052520752
-0.1017456055
0.8479156494
-0.1356658936
0.2713317871
-0.0339202881
0.1695861816
0.2612304688
0.1306152344
-0.0870819092
-0.2176971436
-0.4789276123
-0.4353942871
-0.6095428467
-0.0870819092
-0.2101745605
0.1801452637
0.0600433350
-0.2101745605
-0.2702331543
-0.8407135010
0.1501312256
0.2101745605
0.0648803711
0.4865875244
0.4541473389
-0.1946411133
-0.4541473389
0.5190277100
-0.0648803711
-0.0324401855
0.1954498291
0.0977325439
-0.1954498291
0.2931823730
0.0000000000
0.0977325439
0.0977325439
0.6840820312
0.5436096191
-0.1019287109
0.3737335205
-0.1698760986
0.1698760986
-0.1698760986
0.6115570068
0.2378234863
-0.0856170654
0.0342407227
0.9588317871
0.2225799561
0.0684814453
0.0342407227
0.0513610840
-0.0684814453
0.0000000000
0.2474365234
0.1237182617
0.1237182617
-0.1237182617
-0.2474365234
0.0000000000
-0.1237182617
-0.1813964844
0.0000000000
0.2494049072
0.0453491211
-0.0680236816
0.1133728027
-0.9296264648
-0.0680236816
0.4622650146
-0.3301849365
0.4622650146
-0.1320800781
0.3962249756
0.1320800781
0.1320800781
-0.3301849365
-0.0237884521
0.9750518799
-0.1426849365
-0.0475616455
0.0000000000
0.0237884521
0.0713500977
0.0475616455
0.3607788086
0.2405242920
0.0000000000
0.1202545166
-0.1202545166
0.3607788086
0.0000000000
-0.2405242920
0.0000000000
0.4517517090
0.1129455566
0.1129455566
0.3388214111
0.2258758545
0.0000000000
0.3388214111
0.2259063721
0.3388671875
0.4894714355
0.3765258789
0.2259063721
0.4141693115
-0.4141693115
0.1129608154
-0.1637878418
0.0409393311
0.6141967773
-0.3275604248
-0.1228332520
-0.3275604248
-0.5323028564
-0.1637878418
0.0000000000
0.2500000000
0.0000000000
-0.3750000000
-0.1250000000
0.1250000000
-0.1250000000
0.0000000000
0.8271331787
0.1378631592
-0.3216705322
-0.0919036865
-0.0919036865
0.3216705322
-0.0459442139
0.0459594727
-0.4654388428
-0.3723602295
0.1861724854
-0.2792663574
-0.2792663574
0.3723602295
0.3258056641
-0.3723602295
0.0000000000
0.1242218018
-0.1242218018
-0.1242218018
-0.2484588623
0.3726806641
0.0000000000
0.2484588623
-0.1454162598
0.0581665039
0.0290832520
-0.9597625732
-0.0872497559
0.0872497559
-0.0872497559
-0.0581665039
0.0815887451
0.9518127441
-0.0543823242
0.0543823242
-0.2175598145
-0.0271911621
0.0815887451
-0.0543823242
-0.2494506836
0.2494506836
0.2494506836
0.0000000000
0.0000000000
0.0000000000
-0.1247253418
0.1247253418
-0.0265960693
-0.1596069336
-0.8778381348
-0.0798034668
0.1330108643
0.1063995361
-0.0798034668
0.3724212646
0.0000000000
-0.3806762695
0.1903381348
-0.2855072021
0.0951690674
0.2855072021
0.0000000000
-0.5709991455
0.0000000000
0.0265197754
0.0397796631
0.9945220947
-0.0530395508
0.0000000000
-0.0132598877
0.0000000000
-0.0482788086
0.9898223877
-0.0482788086
0.0603485107
-0.0724182129
-0.0120697021
0.0241394043
0.0362091064
0.0000000000
-0.8227386475
0.1763000488
-0.1175384521
0.3526000977
-0.0881500244
0.3232116699
0.1175384521
0.0547332764
0.8209533691
0.0547332764
0.3283843994
0.0000000000
0.2736511230
0.1094665527
-0.1641845703
0.9485778809
0.0677490234
0.0677490234
0.1693878174
-0.0677490234
0.1355133057
-0.0338745117
0.0338745117
-0.2468566895
0.0000000000
0.0000000000
-0.2468566895
0.0000000000
-0.3703002930
-0.2468566895
0.1234283447
0.3014221191
-0.1004791260
-0.1004791260
-0.4018859863
-0.3014221191
-0.3014221191
0.3014221191
-0.3014221191
-0.0081481934
0.9943389893
0.0326080322
-0.0570526123
0.0162963867
0.0326080322
0.0326080322
-0.0489044189
-0.0675659180
0.0270233154
-0.3108367920
0.9189910889
-0.0270233154
-0.1081237793
0.0946044922
-0.1621704102
0.2139739990
0.0000000000
-0.2139739990
-0.2852935791
-0.8558654785
0.0356597900
0.1426391602
-0.1782989502
-0.0681762695
0.2215881348
0.1022644043
-0.1533966064
-0.2897644043
-0.9033660889
-0.0511322021
-0.0170440674
0.3318634033
0.3318634033
0.3318634033
0.3318634033
-0.4424896240
-0.0553131104
0.1106262207
0.4978027344
0.1650390625
-0.0825195312
0.2888031006
-0.1237792969
-0.5776214600
0.1237792969
-0.1650390625
-0.6601257324
0.9371948242
-0.0653839111
0.1961517334
0.0000000000
-0.2397460938
-0.0435943604
-0.0653839111
0.0000000000
0.0000000000
0.0108642578
0.9228210449
0.3691253662
-0.0108642578
-0.0760040283
-0.0217132568
0.0434265137
-0.1871185303
0.0000000000
0.0935668945
0.0935668945
0.5613555908
0.5613555908
0.0000000000
0.0935668945
-0.1010589600
0.0757904053
0.0336914062
0.0842132568
0.0084228516
0.0842132568
-0.9769287109
-0.1094818115
0.0000000000
-0.0964202881
0.4821166992
0.0964202881
0.5785369873
0.0000000000
0.0000000000
-0.2892761230
0.0807189941
0.9801177979
-0.0922393799
0.0807189941
-0.0115356445
0.0922393799
-0.0115356445
-0.0691833496
-0.0797882080
0.0000000000
0.0000000000
-0.0797882080
0.0000000000
0.0000000000
0.0000000000
-0.8776702881
-0.1129455566
-0.4517517090
-0.1129455566
0.2258758545
-0.2258758545
-0.1129455566
0.3388214111
-0.2258758545
0.2943725586
0.1261596680
0.5466766357
0.0420532227
0.2523193359
0.4205169678
-0.5466766357
0.0000000000
-0.4600372314
0.1533508301
0.5111541748
-0.4089202881
-0.4089202881
0.2044677734
-0.2044677734
0.0000000000
0.0000000000
0.0000000000
0.1113433838
0.0000000000
0.0000000000
0.0000000000
0.1113433838
-0.2226867676
0.6165161133
0.1422729492
0.0474243164
-0.1896972656
0.5216674805
0.1896972656
0.3793945312
-0.1896972656
-0.1438140869
-0.1150512695
0.9347839355
-0.2157135010
-0.0431365967
0.1150512695
0.1438140869
-0.0575256348
0.2357025146
0.1178436279
0.1178436279
0.0000000000
-0.1178436279
0.0000000000
0.1178436279
0.0000000000
0.0099639893
-0.0298767090
-0.0298767090
-0.9960174561
-0.0398406982
0.0000000000
0.0199279785
-0.0298767090
-0.0115661621
0.9949645996
-0.0462799072
-0.0115661621
-0.0231323242
-0.0115661621
-0.0231323242
-0.0462799072
-0.3189849854
0.4784851074
0.0531616211
0.4253234863
0.3721466064
-0.2658233643
0.3721466064
0.2126617432
-0.1051483154
-0.2102966309
0.8412017822
-0.2628784180
-0.0525817871
0.0525817871
0.0525817871
-0.2628784180
0.0852813721
-0.1705627441
0.3411407471
0.1705627441
0.3411407471
0.4264221191
-0.0852813721
-0.5117034912
0.0510101318
-0.0127563477
-0.1147766113
0.9819488525
0.0765075684
0.0382537842
-0.0765075684
-0.0382537842
-0.1118927002
0.9897613525
0.0086059570
0.0344238281
-0.0344238281
-0.0430297852
0.0000000000
0.0344238281
0.2401428223
-0.5042877197
0.6003417969
0.0480346680
0.1680908203
0.4082336426
0.3121795654
-0.1200714111
0.1920013428
0.0959930420
-0.2879943848
-0.5760040283
-0.1920013428
0.0959930420
0.2879943848
-0.2879943848
0.7461700439
-0.3052520752
0.1017456055
0.2713317871
-0.3391723633
0.1017456055
0.3052520752
-0.1017456055
-0.2357025146
-0.1178436279
0.0000000000
-0.1178436279
0.1178436279
0.0000000000
-0.1178436279
0.0000000000
0.3566131592
0.0000000000
0.0000000000
-0.3566131592
-0.2674560547
-0.3566131592
0.2674560547
-0.4457702637
0.0000000000
0.9950256348
0.0264129639
-0.0264129639
-0.0088043213
0.0352172852
0.0440216064
-0.0528259277
0.0133209229
0.0399475098
-0.3062286377
0.9186859131
-0.0532531738
-0.1331481934
0.0932006836
-0.1597747803
0.3315277100
-0.0828857422
-0.2762756348
-0.2210083008
-0.8288116455
0.0828857422
0.1657562256
-0.1105041504
-0.0870361328
0.2828674316
0.1305541992
-0.1740722656
-0.1523132324
-0.8921203613
-0.0870361328
0.1523132324
0.4176177979
0.3340911865
0.2505645752
0.4176177979
0.0835266113
0.1670379639
0.1670379639
0.4176177979
0.1254882812
-0.0418243408
0.4183197021
-0.0836639404
-0.5019683838
0.1254882812
-0.1673278809
-0.6692962646
0.9655609131
-0.0724182129
0.1448364258
0.0000000000
-0.1206970215
-0.0724182129
-0.0241394043
-0.0482788086
0.0000000000
0.0000000000
0.9200134277
0.3768768311
0.0332489014
-0.0665130615
0.0110778809
0.0443420410
0.0000000000
0.0000000000
0.1749572754
0.3499298096
0.5248870850
0.5248870850
0.0000000000
0.1749572754
-0.0848388672
0.0848388672
0.0593872070
0.0933227539
-0.0084838867
0.0933227539
-0.9756622314
-0.1018066406
0.1004791260
0.0000000000
0.2009429932
0.2009429932
0.6028289795
0.1004791260
-0.1004791260
-0.4018859863
0.1039886475
0.9618530273
-0.1819763184
0.0909881592
0.0130004883
0.0779876709
-0.0130004883
-0.1039886475
0.0000000000
0.0000000000
0.0000000000
-0.1135406494
0.1135406494
0.1135406494
0.0000000000
-0.6812744141
0.0000000000
-0.2428131104
0.1213989258
0.3642120361
-0.2428131104
0.0000000000
0.2428131104
-0.2428131104
0.2761383057
0.1104583740
0.4418182373
0.0000000000
0.2209014893
0.4418182373
-0.6074981689
0.0552215576
-0.3859558105
0.1447296143
0.5306854248
-0.4342041016
-0.3859558105
0.3377075195
-0.1447296143
0.0000000000
0.0000000000
0.0000000000
-0.2494506836
-0.1247253418
0.0000000000
0.0000000000
0.0000000000
-0.3741607666
0.7627868652
0.1605834961
0.0000000000
-0.2007293701
0.3211822510
0.2007293701
0.3613281250
-0.1605834961
-0.1266174316
-0.1447143555
0.9225463867
-0.2532501221
0.0180816650
0.1627960205
0.0723571777
0.0723571777
0.1243286133
0.1243286133
0.2486572266
-0.1243286133
-0.1243286133
0.0000000000
0.2486572266
0.1243286133
0.0000000000
-0.0299072266
-0.0099639893
-0.9967651367
-0.0299072266
0.0099639893
0.0199279785
-0.0299072266
0.0000000000
0.9921264648
-0.0436096191
0.0109100342
-0.0327148438
-0.0327148438
-0.0108947754
-0.0872192383
-0.3288726807
0.4933013916
0.1096191406
0.4384918213
0.3836822510
-0.2192535400
0.2740631104
0.2740631104
-0.1676177979
-0.5028533936
0.5866699219
-0.3352355957
0.0838165283
0.0000000000
0.0838165283
-0.0838012695
0.1065826416
-0.1065826416
0.2131805420
0.0000000000
0.5329437256
0.2131805420
0.0000000000
-0.4263610840
0.0484313965
-0.0322875977
-0.1291503906
0.9847564697
-0.0161437988
-0.0161437988
-0.0161437988
-0.0322875977
-0.0895080566
0.9926910400
0.0000000000
0.0244140625
-0.0162811279
-0.0406799316
-0.0162811279
0.0406799316
0.0586395264
-0.5864105225
0.6743621826
0.1172790527
0.1759185791
0.2638854980
0.2345581055
-0.0293273926
0.2120971680
0.1060485840
-0.1060485840
-0.4241790771
-0.2120971680
0.1060485840
0.4241790771
-0.3181304932
0.8965911865
-0.2241516113
0.0000000000
0.2241516113
-0.1921234131
0.0960693359
0.1280822754
0.0000000000
-0.1249389648
-0.1249389648
0.0000000000
0.1249389648
0.2498626709
0.0000000000
-0.2498626709
-0.2498626709
0.3247528076
0.1082458496
0.1082458496
-0.2165069580
-0.3247528076
0.2165069580
0.2165069580
-0.4330139160
0.0000000000
0.9931030273
0.0000000000
0.0000000000
-0.0647735596
0.0323791504
0.0539703369
-0.0431823730
0.0387878418
0.0000000000
-0.3102722168
0.9179077148
-0.0517120361
-0.1034240723
0.0904998779
-0.1809997559
0.3838806152
-0.0903320312
-0.2258148193
-0.2032318115
-0.8355102539
0.1580657959
0.0903320312
-0.0677490234
-0.1468505859
0.3230743408
0.1762237549
-0.1468505859
-0.1762237549
-0.8223876953
-0.1762237549
0.2349700928
0.4093017578
0.3274383545
0.0000000000
0.2455902100
0.3274383545
0.4911651611
0.1637268066
0.2455902100
0.0943603516
-0.0943603516
0.4717712402
-0.0943603516
-0.2830657959
0.1887054443
0.0000000000
-0.5661315918
0.9446105957
-0.0944671631
0.2125396729
-0.0472259521
0.0236206055
-0.1180725098
0.1180725098
0.0708465576
-0.0245361328
-0.0122680664
0.9321746826
0.3434295654
0.0367889404
0.0122680664
0.0735931396
0.0245361328
0.0778656006
0.1557159424
0.3114471436
0.4671630859
0.4671630859
0.4671630859
-0.0778656006
0.0778656006
-0.0833740234
0.1018981934
0.0833740234
0.0741119385
0.0000000000
0.0833740234
-0.9726409912
-0.1204223633
0.2658843994
-0.0664672852
0.1329345703
0.3323516846
0.5982360840
0.2658843994
-0.0664672852
-0.4653015137
0.0658416748
0.9711303711
-0.1810607910
0.0329132080
0.0329132080
0.0329132080
0.0329132080
-0.0823059082
0.2307739258
0.1153869629
-0.1153869629
0.0000000000
0.2307739258
0.1153869629
0.0000000000
-0.5769195557
0.0000000000
-0.1199951172
0.1199951172
0.1199951172
0.0000000000
-0.1199951172
0.2400054932
-0.1199951172
0.2295074463
0.0765075684
0.3825073242
0.2295074463
0.1529998779
0.3059997559
-0.6120147705
0.2295074463
-0.3016204834
0.0502777100
0.5529785156
-0.5027008057
-0.3016204834
0.4021606445
0.0502777100
-0.1005401611
-0.1196746826
0.1196746826
-0.3590087891
0.0000000000
0.0000000000
-0.1196746826
0.1196746826
-0.4786834717
0.8992004395
0.1123962402
-0.1498718262
-0.1123962402
0.1123962402
0.2247924805
0.1498718262
-0.1123962402
-0.0726013184
-0.1452178955
0.8712921143
-0.2662353516
0.0726013184
0.2420196533
0.0484008789
0.2420196533
0.0000000000
0.2474365234
0.2474365234
-0.1237182617
0.0000000000
0.1237182617
0.1237182617
0.1237182617
-0.0442352295
-0.0221252441
0.0331726074
-0.9954071045
-0.0331726074
0.0110626221
-0.0221252441
0.0000000000
0.0000000000
0.9905395508
-0.0362396240
-0.0241546631
-0.0845642090
-0.0362396240
0.0120849609
-0.0603942871
-0.2744445801
0.6174926758
0.2058258057
0.4116668701
0.3430480957
-0.1372222900
0.1372222900
0.1372222900
-0.0855865479
-0.0855865479
0.7702941895
-0.3423614502
0.0000000000
-0.0855865479
0.0855865479
-0.0855865479
0.1159973145
0.0000000000
0.1159973145
-0.2320098877
0.4640045166
0.3480072021
-0.2320098877
0.0000000000
0.0381774902
-0.0190887451
-0.1336212158
0.9735717773
-0.1145324707
-0.0763549805
0.0381774902
-0.0190887451
-0.0556945801
0.9946289062
-0.0238647461
0.0238647461
-0.0238647461
-0.0318298340
-0.0238647461
0.0477447510
-0.0644073486
-0.5474548340
0.7728729248
0.0321960449
0.0966033936
0.2254180908
0.0644073486
0.0000000000
0.1141510010
-0.1141510010
-0.1141510010
-0.1141510010
-0.1141510010
-0.1141510010
0.4566192627
-0.4566192627
0.8916320801
-0.1938323975
-0.0387725830
0.2326049805
-0.1550598145
0.1550598145
0.1163024902
0.0387725830
-0.1243286133
-0.2486572266
0.0000000000
0.1243286133
0.1243286133
0.1243286133
-0.1243286133
-0.2486572266
0.0943603516
0.0943603516
0.1887054443
-0.0943603516
-0.3774108887
0.6604766846
0.1887054443
-0.0943603516
-0.0346679688
0.9938354492
-0.0346679688
0.0231170654
-0.0577850342
0.0000000000
0.0346679688
-0.0231170654
0.0282287598
-0.0141143799
-0.3104400635
0.9313354492
-0.0282287598
0.0282287598
0.0564422607
-0.1552276611
0.3985137939
-0.1468200684
-0.2097473145
-0.1887664795
-0.8389739990
0.1048736572
-0.0629272461
-0.0838928223
-0.1798248291
0.2997131348
0.1498565674
-0.2397766113
-0.1198883057
-0.7792510986
-0.2397766113
0.2997131348
0.2403106689
0.3604736328
0.1802368164
0.0000000000
0.0600738525
0.7810211182
0.1201629639
0.1802368164
-0.1247253418
0.0000000000
0.1247253418
-0.2494506836
0.0000000000
0.0000000000
0.2494506836
0.2494506836
0.8739013672
-0.0609741211
0.2845306396
-0.1016235352
0.1016235352
-0.1625823975
0.2235565186
0.2032318115
-0.0531005859
0.0000000000
0.9424896240
0.2654876709
-0.0132751465
0.1194763184
0.1327514648
-0.0265502930
0.0818634033
0.2455902100
0.4093017578
0.5730285645
0.4093017578
0.1637268066
-0.0818634033
0.0818634033
-0.0946807861
0.0946807861
0.0946807861
0.0591735840
0.0355072021
0.0710144043
-0.9704895020
-0.1301879883
0.4143676758
-0.1035919189
0.2589721680
0.1553802490
0.5697479248
0.3107757568
0.0000000000
-0.4661560059
-0.0431518555
0.9709167480
-0.1726074219
-0.0215759277
0.0000000000
0.0431518555
0.0647277832
0.0647277832
0.2307739258
0.2307739258
-0.2307739258
0.0000000000
0.2307739258
0.2307739258
0.0000000000
-0.4615325928
-0.1219482422
0.0000000000
0.3658599854
0.1219482422
0.1219482422
0.3658599854
0.0000000000
-0.2438964844
0.3385009766
0.1934204102
0.4352111816
0.3385009766
0.2901458740
0.3868560791
-0.3868560791
0.2901458740
-0.2239379883
0.1343536377
0.5822296143
-0.5822296143
-0.3135070801
0.2687225342
-0.1343536377
0.0000000000
-0.2449493408
0.2449493408
-0.2449493408
0.1224670410
0.0000000000
0.1224670410
0.1224670410
-0.3674163818
0.8834075928
0.0294494629
-0.2944641113
-0.0294494629
-0.1472320557
0.2650299072
-0.0588989258
-0.0883483887
-0.1072540283
-0.2145080566
0.7507934570
-0.2502593994
0.0715026855
0.3932800293
0.1072540283
0.3217620850
0.0000000000
0.3625183105
0.3625183105
-0.2416839600
0.0000000000
0.2416839600
0.0000000000
0.1208343506
-0.0621032715
0.0248413086
0.0372619629
-0.9937286377
-0.0124206543
0.0000000000
-0.0372619629
-0.0124206543
0.0000000000
0.9925079346
0.0000000000
-0.0134124756
-0.0938873291
0.0000000000
0.0134124756
0.0000000000
-0.2139739990
0.7132415771
0.2139739990
0.2852935791
0.2852935791
-0.2139739990
0.1426544189
0.0000000000
0.0000000000
0.0000000000
0.6779632568
-0.3874053955
-0.0968475342
0.1937103271
0.0000000000
0.0968475342
0.3742370605
0.0000000000
0.0935668945
-0.4678039551
0.0935668945
0.3742370605
-0.3742370605
0.1871185303
-0.0352935791
0.0352935791
0.0176391602
0.9704437256
-0.1587982178
-0.1235046387
0.0705718994
0.0000000000
-0.0526123047
0.9908142090
-0.0350799561
0.0701446533
-0.0526123047
-0.0438385010
-0.0175323486
0.0438385010
-0.0307769775
-0.4925384521
0.7695922852
-0.0307769775
0.0307769775
0.3386230469
-0.0923461914
-0.0923461914
-0.0986175537
0.4930877686
-0.1972351074
0.0000000000
-0.0986175537
-0.1972351074
0.3944702148
-0.3944702148
0.9049835205
-0.1292877197
-0.0323181152
0.2262420654
-0.0969696045
0.2262420654
0.0323181152
0.1292877197
0.0000000000
-0.1159973145
-0.2320098877
0.1159973145
0.2320098877
0.3480072021
0.0000000000
-0.4640045166
0.0891571045
0.0000000000
0.0000000000
-0.0891571045
-0.3566131592
0.7132263184
0.2674560547
0.0000000000
-0.0228424072
0.9939117432
-0.0457000732
0.0000000000
-0.0685424805
0.0000000000
0.0114288330
-0.0228424072
-0.0465393066
-0.0465393066
-0.3103027344
0.9154052734
-0.0310363770
0.2017059326
0.0155181885
-0.1086120605
0.4057312012
-0.1577911377
-0.2254028320
-0.2704925537
-0.7889404297
0.0676269531
-0.1577911377
-0.1352386475
-0.1522979736
0.2284393311
0.0761413574
-0.2792053223
-0.0507659912
-0.8122253418
-0.1776733398
0.3553466797
0.1692657471
0.3808288574
0.3808288574
-0.1692657471
-0.2538909912
0.6770324707
-0.0846252441
0.2538909912
0.0000000000
0.2428131104
0.0000000000
-0.3642120361
-0.2428131104
0.2428131104
0.2428131104
0.1213989258
0.8302459717
-0.0230560303
0.3228759766
-0.1153106689
0.0922546387
-0.1844940186
0.2998046875
0.2075653076
-0.0534210205
0.0000000000
0.9480895996
0.2403564453
0.0400543213
0.1468811035
0.0934753418
-0.0534210205
0.1711730957
0.4279479980
0.2567596436
0.5991210938
0.2567596436
-0.1711730957
-0.0855865479
0.0855865479
-0.1302032471
0.0813751221
0.1464843750
0.0976562500
0.0488281250
0.1302032471
-0.9439849854
-0.1627502441
0.5428619385
-0.0835113525
0.5010986328
0.0417633057
0.5428619385
0.0835113525
-0.0417633057
-0.2923126221
-0.0740509033
0.9626159668
-0.1851196289
0.0000000000
0.0555419922
0.0370178223
0.0370178223
0.1295776367
0.2738494873
0.3651275635
-0.1825714111
0.0000000000
0.1825714111
0.3651275635
0.0000000000
-0.5476989746
0.0000000000
-0.1039276123
0.2078704834
0.2078704834
0.1039276123
0.6236114502
0.1039276123
-0.3117980957
0.3501892090
0.1750946045
0.4961090088
0.2918243408
0.3501892090
0.4085540771
-0.3793792725
0.2334594727
-0.2644958496
0.2267150879
0.5667877197
-0.4156494141
-0.4156494141
0.1511383057
-0.3778533936
0.0000000000
-0.1249389648
0.3748321533
0.0000000000
-0.1249389648
0.0000000000
0.2498779297
-0.1249389648
-0.1249389648
0.8484649658
0.0585174561
-0.3510894775
-0.0292510986
-0.2340545654
0.2340545654
-0.0877685547
-0.0877685547
-0.2052459717
-0.2873382568
0.6157379150
-0.3283996582
-0.0410461426
0.4104919434
0.3694458008
0.1641998291
0.0000000000
0.3443145752
0.3443145752
-0.1147766113
-0.2295379639
0.3443145752
0.1147766113
0.2295379639
-0.0127563477
0.0637817383
0.0000000000
-0.9950256348
-0.0127563477
0.0000000000
-0.0127563477
-0.0127563477
0.0417785645
0.9887847900
0.0000000000
0.0557098389
-0.0974884033
0.0417785645
0.0000000000
0.0000000000
-0.2207489014
0.6622314453
0.2943267822
0.2943267822
0.2207489014
-0.2943267822
0.1471710205
0.0000000000
0.0000000000
-0.3201599121
0.0000000000
-0.3201599121
-0.0800323486
0.5602722168
-0.1600799561
0.4802398682
0.3976898193
-0.0795440674
0.1590728760
-0.6363220215
0.1590728760
0.2386169434
-0.3181610107
-0.0795440674
-0.0301666260
0.0754089355
0.0904846191
0.9802398682
-0.1055603027
-0.0754089355
0.0000000000
-0.0150756836
-0.0601654053
0.9826507568
-0.0300750732
0.1203308105
-0.0802154541
-0.0401153564
-0.0401153564
0.0501403809
-0.0340576172
-0.6810760498
0.5789184570
-0.0681152344
0.1362152100
0.3405456543
0.0681152344
-0.1362152100
-0.0687713623
0.8252563477
-0.1375427246
0.2063140869
-0.0687713623
-0.0687713623
0.2063140869
-0.2063140869
0.9414520264
-0.0495452881
-0.0247802734
0.1981964111
-0.0495452881
0.1981964111
0.0000000000
0.0991058350
0.2283172607
0.0000000000
-0.1141510010
0.2283172607
0.3424682617
0.2283172607
0.0000000000
-0.4566192627
0.0843963623
0.0843963623
-0.0843963623
-0.1687774658
-0.4219512939
0.6751251221
0.2531738281
-0.0843963623
0.0000000000
0.9916381836
-0.0338134766
-0.0225372314
-0.1014251709
-0.0112762451
0.0000000000
-0.0225372314
-0.1148376465
-0.0656127930
-0.2624664307
0.9186401367
-0.1148376465
0.2132568359
0.0000000000
-0.0492095947
0.3973388672
-0.0794677734
-0.1324462891
-0.3178710938
-0.7681732178
0.0529785156
-0.2384033203
-0.2119140625
-0.1476135254
0.2214202881
0.0984039307
-0.2706298828
-0.0984039307
-0.8610839844
-0.0492095947
0.2706298828
0.2135620117
0.3203430176
0.4271240234
-0.2491455078
-0.3915252686
0.6050872803
-0.0355987549
0.2135620117
0.2142791748
0.2142791748
-0.4285430908
-0.2142791748
-0.1071319580
0.4285430908
0.1071319580
0.2142791748
0.8208312988
-0.0703582764
0.2814331055
-0.1407165527
0.0938110352
-0.1876220703
0.3752441406
0.1407165527
-0.0232696533
0.0000000000
0.9541931152
0.2676391602
0.0465393066
0.0930938721
0.0465393066
0.0000000000
0.4018859863
0.5023651123
0.1004791260
0.4018859863
0.1004791260
-0.2009429932
0.0000000000
0.0000000000
-0.1408233643
0.0625915527
0.1408233643
0.1095275879
0.0312957764
0.1564788818
-0.9388732910
-0.1721191406
0.5742034912
-0.0820312500
0.5742034912
-0.0820312500
0.4511566162
0.0410156250
-0.0820312500
-0.2460937500
-0.0430603027
0.9759216309
-0.1435241699
0.0000000000
0.0143585205
0.0287017822
0.0287017822
0.1291656494
0.1863403320
0.3726806641
0.0000000000
0.0000000000
0.1863403320
0.3726806641
-0.1863403320
-0.5590209961
0.0000000000
0.0643920898
0.1931610107
0.3863067627
-0.0643920898
0.7726135254
0.2575378418
-0.0643920898
0.2942199707
0.1765289307
0.4707489014
0.3236389160
0.3824768066
0.3824768066
-0.4707489014
0.1176910400
-0.2873077393
0.2154846191
0.6464385986
-0.2513885498
-0.3591308594
0.1795654297
-0.4309539795
-0.0359191895
0.0000000000
0.2456817627
0.1228332520
-0.2456817627
-0.1228332520
0.0000000000
-0.1228332520
0.0000000000
0.8956756592
0.0639801025
-0.2559051514
0.0000000000
-0.2239227295
0.1919250488
-0.0639801025
-0.0639801025
-0.2543640137
-0.2906951904
0.6177368164
-0.2906951904
-0.1453552246
0.3997039795
0.3997039795
-0.0363311768
-0.1247253418
0.2494506836
0.0000000000
0.0000000000
-0.2494506836
0.2494506836
0.0000000000
0.1247253418
0.0000000000
0.0479888916
-0.0240020752
-0.9958190918
-0.0240020752
0.0119934082
0.0000000000
-0.0119934082
0.0308990479
0.9889526367
0.0000000000
0.0463562012
-0.0927124023
0.0463562012
-0.0154571533
-0.0154571533
0.1071319580
0.4285430908
0.5356903076
0.1071319580
0.1071319580
-0.2142791748
0.1071319580
-0.1071319580
-0.0543212891
-0.3259582520
-0.3802795410
-0.3259582520
0.1086578369
0.4346008301
-0.2173004150
0.5432586670
0.3033905029
-0.1516876221
0.2275390625
-0.4550781250
0.3792419434
0.3033905029
-0.2275390625
-0.3792419434
-0.0120391846
0.0601806641
0.0962982178
0.9870147705
-0.0722198486
0.0000000000
-0.0481414795
-0.0240783691
-0.0796813965
0.9760589600
-0.0398406982
0.1294708252
-0.1195220947
-0.0398406982
0.0000000000
0.0597534180
0.0000000000
-0.7847595215
0.4250793457
-0.0653991699
0.2615814209
0.1634979248
0.2615814209
-0.0326995850
-0.0518646240
0.8816986084
-0.1037292480
0.3111877441
-0.0518646240
0.0000000000
0.1037292480
-0.1037292480
0.9624176025
0.0218658447
0.0000000000
0.1749877930
-0.0218658447
0.1312408447
-0.0437469482
0.0874938965
