0.0000000000
0.1000061035
-0.1000061035
-0.1000061035
0.0000000000
-0.1000061035
0.0000000000
0.0000000000
0.0000000000
-0.2494506836
0.2494506836
-0.1247253418
-0.1247253418
-0.2494506836
0.0000000000
0.0000000000
0.0122528076
0.9921569824
0.0612487793
-0.0734863281
-0.0244903564
0.0122528076
0.0122528076
-0.0244903564
-0.0962219238
0.1924438477
-0.5051574707
0.6254425049
0.2646026611
0.0240478516
-0.2646026611
-0.3848876953
0.1558532715
-0.0311737061
-0.2493591309
0.1246795654
-0.7792510986
-0.3740386963
-0.3428649902
0.0311737061
0.0451812744
0.0451812744
-0.0677795410
0.0000000000
-0.6325988770
-0.7455596924
-0.0225982666
-0.1355590820
0.0832977295
0.2915496826
0.2082519531
-0.1249542236
-0.8746490479
0.0000000000
-0.1665954590
0.0000000000
0.2279510498
-0.0569915771
-0.7408294678
0.2279510498
0.3989105225
0.1139678955
0.1139678955
-0.2279510498
0.8992004395
0.1613922119
0.1613922119
-0.1383361816
-0.1613922119
0.2766723633
-0.0230560303
0.0000000000
0.0393066406
0.0786285400
0.8845520020
0.3734741211
-0.1572570801
-0.1376037598
0.1179351807
0.0196533203
-0.3094177246
-0.0618896484
0.1856536865
0.2475280762
0.4950714111
0.6188354492
-0.1237640381
0.1856536865
0.1195983887
0.0398712158
-0.1195983887
-0.0398712158
0.0000000000
-0.0398712158
-0.9766693115
0.0000000000
0.5056762695
-0.0722351074
0.6501617432
0.2167205811
0.1444854736
-0.2167205811
-0.0722351074
0.1444854736
0.0000000000
0.9938049316
0.0160217285
-0.0160217285
-0.0160217285
0.0320587158
-0.0480804443
0.0000000000
0.1237182617
0.0000000000
-0.2474365234
0.0000000000
0.1237182617
-0.2474365234
0.1237182617
-0.1237182617
-0.0615386963
-0.2461395264
0.0000000000
0.1230621338
-0.1230621338
-0.0615386963
0.7999267578
0.3692016602
0.3138275146
0.3810729980
0.7173156738
0.1120758057
0.1793212891
0.3586578369
-0.2241668701
0.0448303223
-0.4816741943
-0.1751556396
0.2627258301
-0.3065185547
-0.1751556396
-0.2189483643
-0.6568298340
-0.0437927246
0.0000000000
0.0000000000
0.2226867676
0.1113433838
0.0000000000
0.0000000000
0.0000000000
0.1113433838
0.8483428955
0.1305084229
-0.2936553955
-0.0978851318
0.0652618408
0.2284088135
0.1957702637
0.1957702637
-0.0547332764
-0.0273742676
0.8621215820
-0.2463226318
-0.2052612305
0.0136871338
0.3421173096
-0.1642150879
0.0000000000
0.0000000000
0.0000000000
0.0000000000
0.0000000000
-0.0588226318
0.0000000000
0.0000000000
-0.1105499268
-0.2210998535
0.1105499268
-0.9396667480
-0.0276336670
0.1105499268
-0.0552673340
0.0552673340
-0.0271759033
0.9783477783
0.0951232910
-0.1494750977
0.0407714844
0.0135955811
-0.0543518066
0.0000000000
-0.2283172607
0.3196411133
-0.0913238525
0.2739868164
0.5479736328
-0.2283172607
0.4566345215
0.3653106689
-0.5476989746
-0.1825714111
0.4564056396
-0.3651275635
0.0000000000
0.1825714111
0.0000000000
0.0000000000
-0.1594543457
-0.5421447754
0.2551269531
-0.0956726074
0.3189086914
0.2551269531
0.0000000000
-0.6378173828
0.0765533447
-0.0510406494
-0.0595397949
0.9867706299
0.0850677490
-0.0084991455
0.0000000000
0.0680541992
-0.2470550537
0.9529418945
0.0529479980
0.0705871582
-0.0352935791
-0.1058807373
0.0176544189
0.0176544189
0.4053649902
-0.3040313721
0.4729309082
-0.3040313721
0.0000000000
0.4729309082
0.1688995361
0.3715972900
0.0000000000
-0.9192504883
-0.1723632812
-0.0574493408
0.0574493408
-0.0574493408
-0.0574493408
-0.0574493408
0.7700347900
0.4146270752
0.0000000000
0.0000000000
0.1184692383
0.2961730957
-0.0592346191
-0.1184692383
0.1234283447
0.1234283447
-0.2468566895
-0.1234283447
-0.3703002930
-0.1234283447
0.1234283447
0.2468566895
-0.1219482422
-0.1219482422
0.3658599854
-0.2438964844
-0.1219482422
-0.3658599854
0.0000000000
0.0000000000
0.0545043945
0.9809722900
0.0681304932
-0.1089935303
0.0136260986
0.0817413330
0.0272521973
-0.0681304932
-0.1028900146
0.1800689697
-0.4887542725
0.6431121826
0.2315216064
0.0771789551
-0.1800689697
-0.4373168945
-0.1187133789
0.1187133789
-0.0593566895
0.2077636719
-0.7716674805
-0.3264770508
-0.4155120850
0.1483917236
0.1626281738
-0.0542144775
-0.1084136963
0.0542144775
-0.6233978271
-0.7047119141
0.0000000000
-0.2168426514
0.0838775635
0.3355255127
0.1677703857
-0.1258239746
-0.8807678223
-0.0419464111
-0.0419464111
0.0000000000
0.1717987061
-0.0858917236
-0.7730712891
0.0858917236
0.0858917236
0.0000000000
-0.1717987061
-0.2576904297
0.8466644287
0.2309112549
0.2052459717
-0.2565612793
-0.2052459717
0.2052459717
-0.1026306152
-0.0769653320
0.0000000000
0.0567932129
0.9276580811
0.2650451660
-0.1893157959
0.0757293701
0.1135864258
0.0000000000
-0.2035369873
0.0000000000
0.2442474365
0.3663787842
0.6106262207
0.5699157715
-0.0814208984
0.0814208984
0.0563201904
0.0187683105
-0.0187683105
-0.1126403809
-0.0563201904
-0.1126403809
-0.9762573242
0.0563201904
0.5235443115
0.0000000000
0.6731262207
0.1495819092
0.0000000000
-0.2243804932
-0.0747985840
0.0747985840
0.0341186523
0.9894561768
0.0000000000
0.0000000000
0.0000000000
0.0341186523
-0.0682373047
-0.0682373047
-0.1249389648
-0.1249389648
-0.2498779297
-0.1249389648
0.1249389648
-0.1249389648
0.2498779297
0.2498779297
-0.1033172607
-0.3616027832
-0.1033172607
0.1033172607
-0.1549682617
0.0000000000
0.8265075684
0.2066345215
0.3287811279
0.3992462158
0.7280273438
0.0000000000
0.1174163818
0.3522644043
-0.2113647461
0.0469665527
-0.4659423828
-0.2795715332
0.1397857666
-0.3727569580
-0.1863861084
-0.2329711914
-0.6057281494
-0.1397857666
0.0000000000
0.0000000000
-0.1000061035
0.1000061035
-0.1000061035
-0.1000061035
0.0000000000
0.0000000000
0.9493713379
0.0452117920
-0.1582336426
-0.1582336426
-0.1130218506
0.1130218506
0.0000000000
0.0678100586
-0.0667572021
-0.0801086426
0.8946075439
-0.2403411865
-0.0934600830
-0.0267028809
0.2536926270
-0.2269897461
0.1228332520
0.0000000000
0.0000000000
0.0000000000
0.1228332520
-0.2456817627
-0.2456817627
-0.1228332520
-0.0656738281
-0.1313629150
0.1313629150
-0.9523315430
0.0328369141
0.0985107422
-0.0656738281
0.0656738281
-0.0463409424
0.9848480225
0.0695190430
-0.1274566650
0.0115814209
-0.0115814209
-0.0463409424
-0.0115814209
-0.2138671875
0.3742675781
0.0000000000
0.2673339844
0.4812011719
-0.1604003906
0.5881347656
0.2138671875
-0.2993164062
-0.1197204590
0.7183685303
-0.1197204590
0.1197357178
-0.2993164062
0.1197357178
-0.3591918945
-0.2050781250
-0.6152191162
0.3281250000
0.0000000000
0.1640625000
0.2460937500
0.0000000000
-0.5742034912
0.0428466797
-0.0342864990
-0.0085754395
0.9941864014
0.0428466797
-0.0257110596
-0.0085754395
0.0599975586
-0.1732330322
0.9624176025
0.0769958496
0.0384979248
-0.1154937744
0.0192413330
-0.0384979248
0.0962371826
0.4343261719
-0.2895507812
0.4343261719
-0.2171630859
-0.1085815430
0.5429077148
0.1085815430
0.3619384766
0.1029052734
-0.9261322021
-0.1029052734
-0.1543579102
0.0514526367
-0.0514526367
-0.0514526367
-0.0514526367
0.9611511230
0.1240234375
0.0310058594
0.0310058594
0.0000000000
0.0930175781
-0.0620117188
-0.1240234375
-0.1178436279
0.1178436279
0.0000000000
-0.1178436279
-0.2357025146
0.0000000000
0.1178436279
0.0000000000
-0.1237182617
0.1237182617
0.2474365234
-0.2474365234
0.0000000000
0.0000000000
-0.1237182617
0.1237182617
0.0123138428
0.9857025146
0.0246429443
-0.0615997314
0.0492858887
0.0985717773
0.0369567871
-0.0739288330
-0.1439971924
0.0959930420
-0.4799957275
0.7919921875
0.0720062256
0.0720062256
-0.0240020752
-0.2879943848
-0.1855468750
0.1325378418
0.0265045166
0.1060333252
-0.8217315674
-0.1325378418
-0.4506225586
0.1325378418
0.3191223145
-0.1418304443
-0.1063690186
0.1418304443
-0.4255065918
-0.7091827393
0.1418304443
-0.3191223145
-0.0574493408
0.1149139404
0.0000000000
-0.1149139404
-0.9192504883
0.1149139404
0.0574493408
0.0000000000
0.0000000000
-0.4157409668
-0.4157409668
0.0000000000
-0.2078704834
0.0000000000
-0.2078704834
-0.4157409668
0.8498229980
0.1699676514
0.2549438477
-0.1416320801
-0.2266235352
0.0566558838
-0.2832794189
-0.0566558838
0.0000000000
-0.0166625977
0.9494628906
0.2165374756
-0.0999450684
0.1665649414
0.0666351318
0.0166625977
-0.2921142578
-0.0324554443
0.3245697021
0.3894805908
0.6166687012
0.4543914795
-0.1622772217
0.0973663330
-0.0191497803
0.0382995605
0.0766143799
-0.0766143799
-0.0766143799
-0.1149139404
-0.9767913818
-0.0382995605
0.4220428467
-0.3165283203
0.0000000000
0.1055145264
-0.4220428467
-0.3165283203
-0.1055145264
0.1055145264
0.0598602295
0.9875946045
-0.0149688721
0.0149688721
0.0299224854
0.0299224854
-0.0598602295
-0.0897827148
-0.1224670410
0.0000000000
-0.2449493408
0.0000000000
0.0000000000
-0.1224670410
0.3674163818
0.3674163818
-0.1121673584
-0.4486846924
-0.0560913086
0.1682586670
-0.1682586670
0.0560913086
0.7852020264
0.0560913086
0.4231262207
0.3982391357
0.6471405029
0.0000000000
0.1493377686
0.3733520508
-0.1991271973
0.1493377686
-0.2141723633
-0.3748016357
0.0535430908
-0.5354309082
-0.2141723633
-0.3748016357
-0.4818878174
-0.1070861816
0.0000000000
0.1216278076
0.0000000000
0.0000000000
0.2432556152
-0.1216278076
0.0000000000
-0.2432556152
0.9084777832
0.0556182861
-0.0926971436
-0.1483306885
-0.2595672607
0.0370788574
-0.2410278320
-0.0556182861
-0.0602111816
-0.1204223633
0.9272308350
-0.1926727295
-0.0361328125
-0.0602111816
0.1685943604
-0.2167510986
0.0000000000
0.0000000000
0.0000000000
0.0000000000
0.1216278076
-0.2432556152
-0.1216278076
-0.2432556152
-0.0458831787
-0.0229339600
0.0458831787
-0.9864501953
0.0229339600
-0.0229339600
-0.0458831787
0.0458831787
-0.0341949463
0.9918365479
0.0113983154
-0.0912017822
-0.0113983154
-0.0113983154
-0.0456085205
-0.0113983154
-0.1378631592
0.3446655273
0.0689392090
0.2068023682
0.3446655273
-0.1378631592
0.6893310547
0.2068023682
-0.0414733887
0.0000000000
0.8294067383
-0.0414733887
0.1658782959
-0.2902984619
0.0414733887
-0.3732299805
-0.2313385010
-0.6940155029
0.2891693115
0.2313385010
0.0000000000
0.2891693115
-0.1156768799
-0.3470153809
0.0000000000
0.0279541016
-0.0093231201
0.9969482422
0.0093231201
-0.0279541016
-0.0279541016
0.0279541016
-0.0142974854
0.9862060547
0.0285797119
0.0285797119
-0.0285797119
0.1000518799
-0.0285797119
0.0857543945
0.3894195557
-0.2336578369
0.6230773926
-0.1947174072
-0.2725982666
0.4283599854
-0.0778808594
0.2336578369
0.1971435547
-0.8871459961
0.0000000000
-0.1971435547
-0.1478576660
-0.0985717773
0.0492858887
-0.1478576660
0.9461212158
-0.0497894287
0.1244964600
0.0995941162
-0.1493835449
0.0995941162
0.0497894287
-0.1493835449
0.0000000000
0.2226867676
0.1113433838
0.0000000000
0.0000000000
0.0000000000
0.1113433838
0.0000000000
-0.2477111816
0.3715667725
0.1238555908
0.0000000000
0.1238555908
0.1238555908
-0.2477111816
0.1238555908
0.0000000000
0.9931182861
0.0000000000
-0.0472869873
0.0354614258
0.0591125488
0.0000000000
-0.0472869873
-0.1696014404
0.0847930908
-0.3391876221
0.8903808594
0.0424041748
0.1483917236
0.0424041748
-0.1271972656
-0.1426544189
0.0950927734
0.0237731934
0.0713195801
-0.8321228027
-0.1188812256
-0.4754943848
0.1188812256
0.6829223633
-0.2731628418
-0.0682983398
-0.0682983398
0.3414611816
-0.3414611816
0.1365814209
-0.2048797607
-0.4089508057
-0.4673767090
-0.4673767090
-0.0584259033
-0.1752624512
0.4673767090
0.0000000000
-0.1752624512
0.2099609375
-0.4199066162
0.1049804688
0.3149414062
-0.2099609375
0.2099609375
0.0000000000
-0.4199066162
0.9145202637
0.1075897217
0.1613922119
0.0000000000
-0.1344909668
-0.1075897217
-0.2689819336
0.0269012451
0.0384521484
-0.0769042969
0.9421234131
0.1730346680
-0.0576782227
0.2115020752
0.0961303711
-0.0769042969
-0.3637695312
-0.0606231689
0.4243927002
0.3334503174
0.5759582520
0.4243927002
-0.1515655518
0.0909423828
-0.0498809814
0.1163787842
0.0664978027
-0.0332489014
-0.0498809814
-0.0498809814
-0.9808807373
-0.0498809814
-0.2669525146
-0.1067810059
-0.8008575439
-0.2135620117
-0.3203430176
0.1067810059
0.1067810059
0.1067810059
0.0759582520
0.9874572754
-0.0455780029
0.0303802490
0.0455780029
0.0000000000
-0.0759582520
-0.0303802490
-0.2498626709
0.1249389648
-0.1249389648
0.0000000000
0.0000000000
0.0000000000
0.3748016357
0.0000000000
-0.1447296143
-0.1447296143
0.1447296143
0.1929779053
-0.3377075195
0.4824371338
0.6271820068
-0.2894592285
0.4715423584
0.2881622314
0.5763244629
0.0000000000
0.2619628906
0.3667449951
-0.2619628906
0.2619628906
0.0672149658
-0.1344299316
0.2016296387
-0.5377044678
-0.2016296387
-0.5377044678
-0.4032745361
-0.0672149658
0.0000000000
0.1208343506
0.4833679199
-0.2416839600
0.2416839600
-0.1208343506
0.0000000000
-0.1208343506
0.8216247559
0.0782470703
-0.0782470703
-0.0195617676
-0.4303741455
-0.0391235352
-0.2738800049
-0.1956176758
0.0000000000
-0.1257934570
0.9685668945
-0.0628967285
0.0251617432
-0.1257934570
0.0377349854
-0.1383666992
0.0000000000
-0.1228332520
-0.1228332520
0.0000000000
0.2456817627
0.0000000000
-0.2456817627
-0.1228332520
-0.0167999268
0.0000000000
0.0167999268
-0.9907836914
0.0335845947
-0.0839691162
-0.0167999268
-0.0167999268
-0.0118255615
0.9929809570
-0.0472869873
-0.0591125488
-0.0472869873
0.0000000000
-0.0354614258
0.0118255615
-0.0959930420
0.0959930420
0.0959930420
-0.1920013428
-0.0959930420
0.0000000000
0.7680053711
0.0959930420
0.0610504150
0.0915679932
0.8852081299
-0.0305175781
0.1221008301
-0.1526184082
-0.0305175781
-0.3663024902
0.1811065674
-0.5433349609
0.0000000000
0.0000000000
0.1811065674
0.4527893066
-0.2716674805
-0.2716674805
-0.0422821045
0.0634155273
0.0422821045
0.9936065674
-0.0317077637
-0.0105743408
0.0000000000
-0.0211334229
0.0000000000
0.9921569824
0.0000000000
-0.0122528076
-0.0367431641
0.0857391357
0.0244903564
0.0367431641
0.2111816406
-0.2111816406
0.6335296631
-0.2111816406
-0.5279388428
0.2639617920
0.0000000000
0.1583862305
0.0835876465
-0.7940979004
0.0000000000
-0.3761596680
0.0000000000
-0.2507629395
0.1253814697
-0.2925567627
0.9303131104
-0.0689086914
0.1378173828
0.2067413330
-0.0689086914
0.1378173828
0.0344543457
0.0689086914
0.0000000000
0.1000061035
0.0000000000
0.0000000000
-0.1000061035
0.0000000000
0.1000061035
0.1000061035
-0.1247863770
0.3743438721
0.1247863770
0.1247863770
0.0000000000
0.2495727539
-0.1247863770
-0.1247863770
0.0118408203
0.9952087402
-0.0236968994
-0.0355377197
-0.0118408203
0.0473937988
-0.0236968994
0.0118408203
-0.1057281494
0.0352478027
-0.3348236084
0.9163665771
0.0000000000
0.0881195068
0.0528717041
-0.1233520508
-0.1839447021
0.0788269043
0.0525512695
0.0788269043
-0.8408813477
-0.1839447021
-0.4204406738
0.1051177979
0.2921905518
-0.1461029053
0.0000000000
-0.2434997559
0.8278808594
0.2434997559
0.0487060547
-0.0973968506
-0.2781372070
-0.5165252686
-0.4767913818
-0.0397338867
0.4370574951
0.3973236084
-0.1589355469
-0.0397338867
0.2449493408
-0.2449493408
0.1224670410
0.2449493408
-0.1224670410
0.0000000000
0.1224670410
-0.3674163818
0.9526824951
0.0697021484
0.0929412842
0.0697021484
-0.0232391357
-0.0464782715
-0.2323608398
0.0000000000
0.0208435059
-0.1042327881
0.9172363281
0.2084655762
-0.0208435059
0.2293090820
0.1459197998
-0.1250762939
-0.3584442139
0.0398254395
0.4380950928
0.3186187744
0.5974121094
0.3584442139
-0.1593170166
0.1194763184
-0.0562744141
0.0984802246
0.0844116211
0.0140686035
-0.0422058105
0.0000000000
-0.9848327637
-0.0422058105
-0.2301177979
0.0328674316
-0.8876190186
-0.1972503662
-0.0986175537
0.2630004883
0.0657501221
0.0328674316
0.0293731689
0.9837951660
-0.1027832031
-0.0146789551
0.1027832031
-0.0146789551
-0.0293731689
-0.0440521240
-0.1000061035
0.1000061035
-0.1000061035
0.0000000000
0.0000000000
0.0000000000
0.1000061035
0.0000000000
-0.1608428955
-0.0402069092
0.3217010498
0.1608428955
-0.3216857910
0.6433868408
0.4825439453
-0.2010650635
0.4970550537
0.3662414551
0.4970550537
0.0784759521
0.3662414551
0.3139343262
-0.2354431152
0.2354431152
0.3720092773
0.1860046387
0.2480010986
-0.4960174561
-0.2480010986
-0.4340209961
-0.3720092773
-0.0619964600
-0.1237182617
0.0000000000
0.2474365234
-0.1237182617
0.1237182617
0.0000000000
-0.2474365234
-0.1237182617
0.7839660645
0.0671997070
-0.2015991211
0.0000000000
-0.5151824951
0.0447998047
-0.1791992188
-0.1567993164
0.0309600830
-0.0774078369
0.9752502441
0.0774078369
0.0928802490
-0.1238403320
-0.0464477539
-0.0464477539
0.1000061035
-0.1000061035
0.0000000000
0.0000000000
0.1000061035
0.1000061035
0.0000000000
0.0000000000
-0.0146179199
0.0146179199
0.0584564209
-0.9936676025
-0.0292205811
-0.0292205811
0.0000000000
-0.0146179199
-0.0359649658
0.9950256348
-0.0479583740
-0.0239715576
-0.0239715576
-0.0239715576
0.0000000000
0.0000000000
-0.1123352051
0.0000000000
-0.1123352051
-0.2246704102
-0.3370056152
0.0000000000
0.5616760254
-0.1123352051
0.0000000000
0.1916351318
0.8760681152
-0.0273742676
0.1368865967
-0.1368865967
-0.0821380615
-0.3559112549
0.3142700195
-0.1571350098
-0.1571350098
-0.2357025146
0.3928375244
0.4714050293
-0.2357025146
-0.3928375244
-0.0310974121
0.0414581299
0.0518341064
0.9951019287
-0.0207366943
0.0000000000
0.0103607178
-0.0207366943
0.0119171143
0.9888000488
0.0119171143
-0.0238189697
-0.0714721680
0.0833892822
0.0595703125
0.0357360840
-0.0391845703
-0.0391845703
0.7052459717
-0.2350769043
-0.4701690674
0.3526306152
-0.1567230225
0.1567230225
0.0346221924
-0.8655090332
0.0346221924
-0.2423400879
0.0692443848
-0.2769622803
0.1038665771
-0.2423400879
0.8902130127
-0.1695556641
0.1271667480
0.1271667480
0.0847778320
0.1695709229
-0.0847778320
0.2119598389
0.0000000000
0.0000000000
0.0000000000
0.0000000000
0.0000000000
0.1064758301
0.0000000000
0.2129516602
-0.1150360107
0.2300720215
0.0000000000
0.1150360107
0.0000000000
0.1150360107
0.0000000000
0.0000000000
0.0236663818
0.9941711426
-0.0236663818
0.0118408203
-0.0355072021
0.0473480225
-0.0118408203
0.0473480225
-0.0444793701
0.0148315430
-0.2520446777
0.9488983154
0.0296478271
-0.0148315430
0.0889587402
-0.1334381104
-0.1414031982
0.0565643311
0.1979675293
0.0000000000
-0.9333038330
-0.0282745361
-0.1979675293
0.0282745361
0.0462036133
-0.0462036133
0.0000000000
-0.1385955811
0.8315277100
0.4157714844
-0.0923919678
-0.1847839355
-0.0339813232
-0.4416809082
-0.3737335205
0.0679473877
0.6455383301
0.4416809082
-0.1019287109
0.0000000000
0.0955810547
-0.0955810547
0.3823242188
0.1911621094
-0.3823242188
0.0000000000
0.0000000000
-0.5734863281
0.9819946289
0.0566558838
0.0188903809
0.0377655029
0.0377655029
-0.0188903809
-0.1321868896
0.0000000000
-0.0216369629
-0.0216369629
0.9305877686
0.1514892578
-0.0649261475
0.1947784424
0.1731262207
-0.1514892578
-0.3612060547
0.1444854736
0.3612060547
0.2167205811
0.6501617432
0.2167205811
-0.0722351074
0.1444854736
-0.0247192383
0.0741424561
0.0865020752
0.0370788574
-0.0123596191
0.0123596191
-0.9886322021
-0.0494384766
-0.2189331055
0.0547332764
-0.8210144043
-0.1641998291
0.0000000000
0.4652404785
0.0273742676
-0.0821075439
0.0200347900
0.9817504883
-0.0801391602
-0.0400695801
0.0801391602
-0.0801391602
0.0400695801
0.0200347900
0.0000000000
0.0000000000
0.0000000000
0.0000000000
-0.0911560059
-0.0911560059
0.0911560059
0.0000000000
-0.1581878662
0.0395507812
0.3954620361
0.1581878662
-0.2768249512
0.7118377686
0.3954620361
-0.0395507812
0.5308990479
0.5640716553
0.3981628418
0.0995483398
0.3649902344
0.1659088135
-0.1327209473
0.1327209473
0.5783538818
0.1156768799
0.3470153809
-0.5205230713
-0.1156768799
-0.3470153809
-0.0578308105
-0.1156768799
0.0000000000
0.0000000000
0.0000000000
-0.0785675049
0.0000000000
0.0000000000
-0.0785675049
0.0000000000
0.7297668457
0.0000000000
-0.2516479492
0.0251617432
-0.6039428711
0.0755004883
-0.1006622314
-0.0503234863
0.0704803467
-0.0939636230
0.8926696777
0.2114257812
0.2349090576
-0.0704803467
-0.2584075928
0.0000000000
0.1064758301
-0.1064758301
0.1064758301
0.1064758301
0.1064758301
0.0000000000
0.0000000000
0.0000000000
-0.0272216797
0.0000000000
0.0544586182
-0.9938659668
-0.0408477783
-0.0136108398
0.0000000000
0.0272216797
-0.1013488770
0.9845733643
-0.0144805908
0.0289611816
-0.0289611816
-0.0579223633
0.0868682861
0.0289611816
-0.3370056152
0.0000000000
-0.1123352051
-0.1123352051
-0.1123352051
-0.2246704102
0.5616760254
0.0000000000
-0.0638732910
0.2555084229
0.8623657227
0.0000000000
0.1916351318
-0.1596984863
-0.0958251953
-0.2874603271
0.3473510742
0.1736755371
-0.0868377686
-0.3473510742
0.3473510742
0.4341888428
-0.1736755371
-0.3473510742
-0.0428466797
0.0214233398
0.0321350098
0.9960327148
0.0000000000
0.0214233398
0.0000000000
-0.0214233398
0.0369720459
0.9857788086
-0.0246429443
0.0246429443
-0.0739288330
0.0739288330
0.0862579346
0.0492858887
0.0000000000
0.0561981201
0.7868804932
-0.1405181885
-0.2810211182
0.4496459961
-0.2248229980
-0.0281066895
0.0000000000
-0.9168090820
0.0000000000
-0.1358184814
0.0339508057
-0.2716522217
0.1358184814
-0.1018676758
0.8828735352
-0.2942962646
0.0000000000
0.0000000000
0.0490417480
0.0980987549
-0.1471405029
0.1471405029
0.1000061035
0.1000061035
0.0000000000
0.0000000000
-0.1000061035
0.0000000000
0.1000061035
0.0000000000
0.0000000000
-0.2494506836
0.0000000000
0.0000000000
0.0000000000
-0.3741607666
0.1247253418
0.0000000000
-0.0290222168
0.9869537354
0.0725708008
-0.1015930176
-0.0290222168
-0.0435485840
0.0000000000
0.0000000000
-0.1034698486
0.1034698486
-0.4138488770
0.7414855957
0.1207122803
-0.2069244385
-0.0689697266
-0.4310913086
-0.1246185303
0.0830841064
-0.4985046387
0.1246185303
-0.6646728516
-0.4569549561
0.0830841064
0.0000000000
0.0511322021
0.1022491455
0.0511322021
0.1278228760
-0.4601593018
-0.8180541992
0.0255584717
-0.2556457520
0.0814819336
0.4481658936
0.0814819336
-0.1629638672
-0.8148345947
-0.1222229004
-0.1629638672
0.0000000000
0.3070831299
0.0000000000
-0.6755981445
0.1228332520
0.4913330078
0.1842498779
0.0000000000
-0.1842498779
0.6051635742
0.3025817871
0.1210327148
-0.2723236084
-0.5143890381
0.3025817871
-0.1512908936
-0.2118072510
0.0839080811
0.0699157715
0.9229125977
0.2517089844
-0.1957702637
-0.1398315430
0.0419464111
-0.0839080811
-0.6304626465
0.2364196777
0.0000000000
-0.1576080322
0.4728393555
0.2364196777
-0.0788116455
0.1576080322
-0.0597229004
0.0298614502
-0.0746612549
-0.0149383545
-0.1045227051
-0.0149383545
-0.9855041504
-0.0149383545
0.4665832520
-0.0583190918
0.7581939697
0.1166534424
0.1749725342
-0.1749725342
-0.1166534424
0.0583190918
-0.0125427246
0.9908294678
0.0125427246
-0.0250854492
-0.0250854492
0.0877990723
-0.0501708984
-0.0376281738
0.0000000000
0.1228332520
-0.1228332520
0.0000000000
0.0000000000
-0.2456817627
0.1228332520
-0.2456817627
-0.2320098877
-0.2320098877
0.0000000000
-0.1159973145
0.0000000000
-0.4640045166
-0.1159973145
0.3480072021
0.4265289307
0.4265289307
0.6093139648
0.2640380859
0.2031097412
0.2843475342
-0.1828002930
0.1624908447
-0.5928039551
-0.0846862793
0.2540588379
-0.0846862793
-0.1693725586
0.0846862793
-0.5081176758
0.1693725586
0.2432556152
0.0000000000
0.2432556152
0.1216278076
0.0000000000
0.0000000000
0.1216278076
0.0000000000
0.7360076904
0.2324218750
-0.1936798096
-0.4261169434
0.0387420654
0.1936798096
0.2711639404
0.1549530029
-0.1490020752
-0.1490020752
0.8443756104
-0.2152404785
-0.1821289062
0.1158905029
0.2814636230
-0.2483520508
0.0000000000
0.1000061035
-0.1000061035
0.0000000000
0.1000061035
-0.1000061035
0.0000000000
0.0000000000
-0.0802001953
-0.0802001953
0.1069335938
-0.9624176025
-0.1336669922
0.0534667969
-0.0534667969
-0.0534667969
-0.0520019531
0.9881744385
-0.0390014648
-0.0780181885
0.0130004883
-0.0520019531
-0.0260009766
-0.0650177002
-0.3246154785
0.2596893311
0.1298370361
0.2596893311
0.5843048096
-0.1947631836
0.1298370361
0.4544525146
-0.2824707031
0.1412353516
0.5649261475
-0.2118530273
0.1412353516
-0.3530883789
0.2118530273
-0.4237060547
-0.1036682129
-0.5183715820
0.1727905273
-0.1036682129
0.1382293701
0.2073516846
0.0345611572
-0.7602844238
0.0872650146
-0.0698089600
-0.0698089600
0.9861145020
0.0523529053
0.0087280273
-0.0087280273
0.0698089600
-0.1541900635
0.9812469482
0.0700836182
0.0000000000
0.0140228271
-0.0420532227
0.0140228271
0.0000000000
0.4633483887
-0.3243408203
0.5096893311
-0.3243408203
0.0926666260
0.4401855469
0.0695037842
0.3011779785
0.0453796387
-0.8168640137
-0.2269134521
-0.1361389160
0.0907592773
-0.2269134521
-0.1815185547
0.3176727295
0.3903503418
0.6505889893
0.0000000000
-0.3252868652
-0.2602386475
0.0650634766
0.3252868652
0.0000000000
0.0000000000
0.2494506836
-0.1247253418
-0.2494506836
-0.2494506836
-0.1247253418
0.0000000000
0.0000000000
0.1213989258
-0.2428131104
0.2428131104
-0.1213989258
0.0000000000
-0.4856262207
0.0000000000
0.0000000000
0.0000000000
0.9866180420
0.0501708984
-0.1170501709
0.0000000000
0.0334472656
0.0000000000
-0.0167236328
-0.0220336914
0.1541900635
-0.4405364990
0.5947113037
0.1541900635
-0.3303985596
0.0000000000
-0.5286407471
-0.2475433350
0.0825195312
-0.4125823975
0.0825195312
-0.7839050293
-0.2888031006
0.0000000000
0.0412597656
0.0661773682
0.2316284180
0.0992736816
0.2316284180
-0.3970794678
-0.6948852539
0.1323547363
-0.4301757812
-0.1395263672
0.2092742920
-0.2092742920
0.0000000000
-0.6278381348
-0.5580749512
-0.0697631836
-0.1395263672
-0.1147766113
-0.3443145752
-0.2295379639
-0.1147766113
0.4590759277
-0.1147766113
0.1147766113
0.2295379639
0.3705291748
0.3705291748
0.0336914062
-0.3368530273
-0.5052795410
0.3031616211
-0.3368530273
-0.3368530273
0.0490264893
-0.0163421631
0.9314117432
0.2614440918
-0.2124328613
-0.0326843262
0.0490264893
-0.0653686523
-0.3696136475
0.2772064209
0.0924072266
0.0000000000
0.5544128418
0.3696136475
0.0000000000
0.1847991943
-0.0903778076
0.0602416992
-0.0301208496
-0.0301208496
-0.1355590820
-0.0451812744
-0.9790191650
-0.0150604248
0.3070831299
-0.2456665039
0.7370147705
0.0614166260
0.0000000000
-0.3684997559
-0.0614166260
0.1842498779
0.0301971436
0.9812469482
-0.0754852295
-0.0150909424
-0.0301971436
0.0754852295
-0.0905761719
-0.0905761719
0.0000000000
0.0000000000
-0.1178436279
0.0000000000
0.1178436279
-0.2357025146
0.1178436279
-0.1178436279
-0.0865173340
-0.7786865234
-0.0865173340
0.0000000000
0.0000000000
-0.3460845947
0.0000000000
0.0000000000
0.4063720703
0.4571685791
0.6349639893
0.2031860352
0.2031860352
0.2539825439
-0.1523895264
0.1777954102
-0.3572082520
-0.4762878418
0.1190643311
0.1190643311
-0.1190643311
0.0000000000
0.1190643311
-0.1190643311
0.2300720215
-0.1150360107
0.0000000000
0.0000000000
0.1150360107
-0.1150360107
0.0000000000
0.0000000000
0.8536529541
0.1867370605
-0.1867370605
-0.3734741211
-0.0800323486
0.1600646973
0.0800323486
-0.0266723633
-0.1762542725
-0.1982879639
0.8372192383
-0.2423553467
-0.0661010742
0.0440673828
0.1542205811
-0.3525085449
0.0000000000
0.2484588623
-0.1242218018
-0.2484588623
0.1242218018
-0.3726806641
-0.1242218018
0.0000000000
0.0000000000
-0.1057281494
0.0264282227
-0.9780273438
-0.0792999268
0.0000000000
-0.0528717041
0.0000000000
-0.0284576416
0.9818115234
-0.0853729248
-0.0142364502
0.0569152832
-0.0426940918
-0.0569152832
-0.1138305664
-0.2455902100
0.4911651611
0.2455902100
0.3274383545
0.4093017578
0.0000000000
0.1637268066
0.3274383545
-0.0520782471
0.2603759766
0.4165954590
0.1041564941
0.3124542236
-0.4686737061
0.2603759766
-0.5207519531
-0.0972900391
-0.6809844971
0.0972900391
-0.0972900391
0.0972900391
0.1459197998
0.0000000000
-0.6323394775
0.0205078125
-0.0410156250
-0.0307617188
0.9947204590
-0.0102539062
-0.0307617188
0.0205078125
0.0512695312
-0.1093444824
0.9840850830
0.0956726074
-0.0273284912
0.0410003662
0.0136718750
-0.0410003662
0.0136718750
0.4661254883
-0.2330627441
0.5826568604
-0.2913360596
-0.0582733154
0.3787231445
-0.0874023438
0.3495941162
0.1159515381
-0.8889617920
-0.0773010254
-0.2319030762
0.0000000000
-0.2705535889
-0.0386505127
0.1159515381
0.9283142090
0.1933898926
0.1160430908
0.0386810303
-0.0773620605
0.0773620605
0.1547241211
-0.0386810303
-0.1249389648
0.0000000000
0.2498626709
-0.2498626709
-0.2498626709
-0.1249389648
0.0000000000
-0.1249389648
-0.1250000000
0.0000000000
0.0000000000
-0.3750000000
-0.1250000000
-0.2500000000
0.0000000000
0.1250000000
-0.0623931885
0.9774475098
0.0000000000
-0.0831909180
0.0831909180
0.1039886475
-0.0207977295
-0.0415954590
-0.0452117920
0.1130218506
-0.3842773438
0.6781311035
0.1130218506
-0.2712554932
0.0678100586
-0.5198974609
-0.1639251709
0.0000000000
-0.3934326172
-0.0983581543
-0.8524475098
-0.0655670166
-0.1967163086
-0.0655670166
0.0453338623
0.3626708984
0.1360015869
0.2266693115
-0.3173370361
-0.5893554688
0.1813354492
-0.4986877441
-0.1004791260
0.2009429932
-0.2009429932
-0.1004791260
-0.6028289795
-0.4018859863
0.0000000000
0.1004791260
-0.2705993652
-0.4510040283
0.5411987305
-0.1804046631
0.0901947021
0.0000000000
0.1804046631
0.2705993652
0.4357604980
0.2905120850
0.0363159180
-0.2178802490
-0.5083770752
0.1815643311
-0.5083770752
-0.2905120850
0.0582733154
-0.1602478027
0.9177703857
0.3204956055
-0.1165466309
0.0582733154
-0.0145721436
-0.0437011719
-0.0767211914
0.2301635742
0.2301635742
0.3068847656
0.6137847900
0.4603424072
0.0000000000
0.0767211914
-0.1264038086
0.0902862549
0.0000000000
-0.0180511475
-0.0361175537
-0.0361175537
-0.9750518799
-0.1083374023
0.0943603516
-0.2830657959
0.2830657959
0.0943603516
-0.1887054443
-0.5661315918
-0.0943603516
0.3774108887
0.0339050293
0.9833221436
-0.1017303467
-0.0508575439
0.0000000000
0.0508575439
-0.0678100586
-0.0508575439
-0.1243286133
0.0000000000
-0.1243286133
0.1243286133
-0.1243286133
-0.2486572266
0.2486572266
0.1243286133
0.0000000000
-0.7600555420
-0.2072906494
-0.0690917969
0.1381988525
-0.4145812988
0.1381988525
0.0690917969
0.4173583984
0.4471740723
0.5664062500
0.2086791992
0.1788635254
0.2682952881
-0.2384948730
0.2682952881
-0.1749572754
-0.5248870850
0.2624511719
0.4374084473
0.0874786377
0.0874786377
0.1749572754
-0.3499298096
0.2438964844
-0.2438964844
0.1219482422
0.1219482422
0.1219482422
-0.2438964844
0.1219482422
-0.3658599854
0.7917480469
0.0904846191
-0.2262115479
-0.4298095703
-0.2488403320
0.1583557129
-0.1131134033
-0.1131134033
-0.2450256348
-0.2722473145
0.7895202637
-0.1633453369
-0.0272216797
-0.0272216797
-0.0272216797
-0.4355926514
0.1228332520
0.1228332520
-0.1228332520
-0.1228332520
0.1228332520
-0.2456817627
-0.1228332520
0.1228332520
0.0000000000
-0.0734558105
-0.0489654541
-0.9793548584
-0.0489654541
-0.0734558105
-0.0734558105
-0.0244903564
0.0180664062
0.9753723145
-0.1264343262
0.0180664062
0.0903167725
-0.0180664062
-0.0361175537
-0.1083679199
-0.1730346680
0.4326019287
0.5191192627
0.1730346680
0.0000000000
-0.0865173340
0.4326019287
0.1730346680
0.0000000000
0.4791107178
0.4311981201
0.1437377930
0.3353729248
-0.3832855225
0.2874755859
-0.3832855225
-0.0616455078
-0.7397918701
0.1849517822
0.0000000000
0.0616455078
0.4315490723
-0.0616455078
-0.3082427979
-0.0264282227
0.0000000000
-0.0924987793
0.9910430908
-0.0396423340
-0.0264282227
0.0264282227
0.0000000000
-0.0361633301
0.9885864258
0.0482177734
-0.0602874756
0.0843963623
0.0361633301
-0.0482177734
0.0000000000
0.4318237305
-0.1660919189
0.7307891846
-0.2657318115
-0.1328735352
0.1993103027
-0.1328735352
0.2657318115
0.1532287598
-0.8428039551
0.0766143799
-0.2298583984
-0.0766143799
-0.3064727783
0.1532287598
-0.1915435791
0.9381866455
0.0568542480
0.1421508789
0.1705780029
-0.0852966309
0.1421508789
0.1137237549
-0.0284271240
-0.1199951172
0.1199951172
0.1199951172
0.0000000000
0.1199951172
0.1199951172
0.0000000000
-0.2400054932
-0.2484588623
0.3726806641
0.0000000000
-0.2484588623
0.0000000000
-0.1242218018
-0.1242218018
0.1242218018
-0.0926513672
0.9727630615
0.0231628418
-0.0926513672
0.0694885254
0.0694885254
-0.0926513672
-0.0231628418
-0.0669555664
0.0446472168
-0.3125000000
0.8035583496
0.0223236084
-0.2008819580
0.1785736084
-0.4017791748
-0.0274658203
-0.0824127197
-0.2197570801
-0.0549468994
-0.9065093994
-0.0549468994
-0.3021697998
-0.0274658203
0.1954498291
0.2931823730
0.0977325439
-0.0977325439
0.5863494873
-0.0977325439
-0.0977325439
-0.3908996582
-0.1123352051
-0.2246704102
-0.5616760254
-0.2246704102
-0.1123352051
0.2246704102
-0.1123352051
-0.1123352051
0.2301635742
-0.2301635742
0.7672271729
0.0000000000
-0.0767211914
0.0767211914
0.3068847656
0.0000000000
0.7209014893
0.1602020264
-0.1201477051
0.1201477051
-0.3204040527
0.1201477051
-0.4806060791
-0.1602020264
0.0784454346
-0.1569061279
0.9257202148
0.2824249268
-0.0784454346
0.1098327637
0.0156860352
-0.0784454346
-0.2369384766
0.0592346191
0.4146270752
0.3553924561
0.5330963135
0.4738616943
-0.1184692383
0.0592346191
-0.1603546143
0.1603546143
0.0890808105
0.0534515381
0.0534515381
0.0356292725
-0.9443054199
-0.1781768799
-0.3989410400
-0.1595764160
-0.7180938721
-0.0797882080
-0.2393646240
0.0797882080
-0.0797882080
0.0797882080
0.0503997803
0.9577331543
-0.2520294189
-0.0167999268
0.0000000000
0.0000000000
-0.0840148926
-0.0167999268
-0.1247863770
0.3743438721
-0.1247863770
0.1247863770
-0.1247863770
0.0000000000
0.2495727539
0.1247863770
-0.1044464111
-0.3133544922
0.1044464111
-0.1044464111
-0.1044464111
0.5222625732
0.4178161621
-0.1044464111
0.3892822266
0.3593292236
0.4791107178
0.2395629883
0.2395629883
0.3293914795
-0.3593292236
0.3293914795
0.0881347656
-0.3525543213
0.6169738770
0.0881347656
0.0881347656
-0.0881347656
-0.2644195557
-0.3525543213
0.1071319580
-0.1071319580
0.6428222656
0.0000000000
0.1071319580
-0.1071319580
0.1071319580
-0.3214111328
0.7263488770
0.0000000000
-0.3204498291
-0.3418121338
-0.4272613525
0.1922760010
-0.0854492188
-0.1068115234
-0.2529907227
-0.3373107910
0.7167968750
0.0421600342
-0.0421600342
-0.1264953613
-0.2951507568
-0.3794860840
0.0000000000
-0.1199951172
-0.1199951172
0.2400054932
-0.1199951172
0.0000000000
-0.1199951172
0.1199951172
-0.0662689209
0.0000000000
-0.0662689209
-0.9720001221
-0.0441894531
-0.1546325684
-0.0662689209
-0.0220947266
0.0187683105
0.9757537842
-0.1125793457
0.0562896729
0.1313476562
0.0187683105
-0.0375213623
-0.0375213623
0.0000000000
0.1172332764
0.3517150879
-0.1172332764
-0.3517150879
-0.2344665527
0.3517150879
0.0000000000
0.0412902832
0.4542236328
0.6194000244
0.1238861084
0.2890472412
-0.2890472412
0.2477569580
-0.3303527832
0.3659515381
-0.5123443604
0.0731964111
-0.0731964111
0.2195739746
0.5855255127
0.0000000000
-0.1463775635
-0.1062774658
0.0531463623
-0.0708465576
0.9742431641
-0.0885620117
0.0354309082
0.0354309082
-0.1062774658
-0.0236358643
0.9924926758
0.0000000000
-0.0827026367
0.0472564697
0.0236358643
-0.0118103027
-0.0118103027
0.2122192383
-0.0707397461
0.8135070801
-0.2475891113
-0.3183288574
0.1414794922
-0.1414794922
0.2122192383
0.0650787354
-0.8135528564
0.0325469971
-0.2928771973
0.0000000000
-0.3579711914
0.1301727295
-0.2603454590
0.8623352051
0.1499786377
0.1499786377
0.2624511719
0.0749816895
0.2624511719
0.0000000000
0.1499786377
0.1113433838
0.1113433838
-0.1113433838
-0.1113433838
0.1113433838
0.0000000000
0.1113433838
0.0000000000
0.1178436279
0.0000000000
0.1178436279
0.1178436279
0.1178436279
0.0000000000
-0.2357025146
0.0000000000
-0.0910034180
0.9782562256
0.0000000000
-0.0227508545
0.0000000000
0.0000000000
-0.1137542725
0.0682525635
0.0445861816
0.0222930908
-0.3566894531
0.8471374512
0.0000000000
-0.1114654541
0.2006378174
-0.2898101807
-0.1349639893
-0.0674896240
-0.1687164307
0.0674896240
-0.8773040771
-0.2024536133
-0.3036804199
0.0674896240
0.0517883301
0.1035919189
0.0517883301
-0.2071838379
0.7251281738
0.5697479248
-0.0517883301
0.0000000000
0.0000000000
-0.3340911865
-0.6681823730
0.0000000000
0.2505645752
0.3340911865
-0.1670379639
0.0000000000
0.2142791748
0.1071319580
0.6428222656
0.0000000000
-0.2142791748
-0.1071319580
0.2142791748
0.0000000000
0.9270172119
0.0343322754
-0.1029968262
0.1373291016
0.0686645508
0.0686645508
-0.2403411865
-0.0686645508
0.0947723389
-0.1326904297
0.9288177490
0.2085113525
-0.0189514160
0.1705932617
0.0568695068
-0.1516418457
-0.3454742432
0.1381988525
0.4145812988
0.1381988525
0.5527648926
0.3454742432
-0.2072906494
0.2072906494
-0.1133422852
0.1133422852
0.1133422852
0.0755615234
0.0000000000
0.0566711426
-0.9634552002
-0.1133422852
-0.4034881592
0.0448303223
-0.8069610596
-0.0896606445
-0.0896606445
0.3138122559
0.0448303223
-0.0448303223
0.0169830322
0.9344787598
-0.3398132324
0.0169830322
0.0000000000
-0.0169830322
-0.0339813232
0.0000000000
-0.1216278076
0.2432556152
-0.1216278076
0.1216278076
0.0000000000
0.1216278076
0.1216278076
-0.1216278076
-0.1320800781
0.0000000000
0.3301849365
0.0000000000
-0.1981201172
0.7264099121
0.3962249756
-0.0660400391
0.4104309082
0.4420013428
0.4420013428
0.2209930420
0.1894226074
0.3788604736
-0.2841491699
0.3157196045
0.4630279541
0.0000000000
0.3086853027
-0.3086853027
0.0771789551
-0.4630279541
-0.3858642578
-0.1543426514
0.0000000000
0.0000000000
0.3750000000
-0.1250000000
0.0000000000
0.1250000000
-0.2500000000
-0.1250000000
0.6833190918
-0.0706939697
-0.3534393311
-0.1885070801
-0.5655059814
0.1649322510
0.0471191406
-0.0235595703
-0.1676177979
-0.4190368652
0.1676177979
0.4190521240
-0.1676177979
-0.0838012695
-0.5028533936
-0.2514190674
0.0785675049
0.0000000000
0.0000000000
0.0000000000
0.0785675049
0.0000000000
0.0000000000
0.0000000000
-0.0639648438
0.0213165283
0.0000000000
-0.9806976318
-0.0852813721
-0.1065979004
0.0000000000
0.0213165283
-0.0406494141
0.9757232666
-0.0406494141
0.1016387939
0.1422882080
0.0203247070
0.0203247070
0.0000000000
0.2495727539
-0.1247863770
0.0000000000
-0.2495727539
-0.2495727539
0.0000000000
0.2495727539
-0.1247863770
0.1034545898
0.4655303955
0.5689849854
0.1551818848
0.4138031006
-0.3620758057
0.1551818848
-0.1034545898
0.4440612793
-0.2664337158
-0.0888061523
-0.1776275635
0.0888061523
0.5328674316
0.0000000000
-0.3552398682
-0.1373291016
0.0784759521
-0.0196228027
0.9613189697
-0.0196228027
0.0980987549
0.0588531494
-0.1569519043
-0.0145874023
0.9921875000
0.0000000000
-0.0729522705
-0.0291748047
-0.0145874023
0.0437774658
0.0145874023
0.0000000000
0.0682678223
0.8533325195
-0.2048034668
-0.2730712891
0.2048034668
-0.2048034668
0.1706695557
-0.0373840332
-0.8973083496
0.0000000000
-0.1869354248
0.0000000000
-0.2991027832
0.0373840332
-0.1495513916
0.8517913818
0.0448303223
0.0448303223
0.1344909668
0.2241516113
0.2689819336
-0.1793212891
0.1793212891
0.0000000000
0.0911560059
-0.0911560059
0.0000000000
0.0000000000
0.0000000000
0.0000000000
0.0911560059
0.1178436279
0.0000000000
0.1178436279
0.2357025146
0.1178436279
0.0000000000
-0.1178436279
0.0000000000
-0.0423431396
0.9738616943
-0.0635070801
0.0846862793
-0.0635070801
0.0423431396
-0.0846862793
0.1058502197
0.0794525146
-0.0397338867
-0.2781066895
0.9137878418
0.0397338867
-0.0397338867
0.1787872314
-0.1787872314
-0.2997131348
-0.0428161621
0.0856323242
0.0856323242
-0.8991241455
-0.0428161621
-0.0856323242
0.1284484863
-0.1487579346
0.0495910645
0.0000000000
-0.1983489990
0.5454559326
0.7438049316
-0.0495910645
0.0495910645
0.1717987061
-0.2863311768
-0.5153808594
0.1145324707
0.4581298828
0.5153808594
-0.1145324707
-0.1145324707
0.0909118652
0.1818389893
0.5455017090
0.0000000000
-0.3636779785
-0.2727508545
0.1818389893
-0.3636779785
0.9773559570
0.0264129639
0.0000000000
0.0264129639
0.1320800781
0.0000000000
0.0264129639
0.0528259277
0.0703735352
-0.1172943115
0.9383544922
0.1407470703
-0.0234527588
0.1876678467
0.0234527588
-0.1642150879
-0.4541778564
0.1135406494
0.2270965576
0.0000000000
0.4541778564
0.1135406494
0.0000000000
0.1135406494
-0.0196533203
0.0196533203
0.1179351807
0.0589752197
-0.0196533203
0.0393066406
-0.9828338623
-0.0393066406
-0.3729553223
0.0621643066
-0.7459106445
-0.1553955078
0.0000000000
0.4662017822
0.0621643066
-0.1553955078
0.0000000000
0.8757476807
-0.4066009521
0.0000000000
-0.0625457764
-0.1563873291
0.0625457764
0.0625457764
-0.1000061035
0.0000000000
-0.1000061035
0.1000061035
0.0000000000
0.0000000000
0.0000000000
-0.1000061035
-0.1749725342
0.2332916260
0.4082641602
0.0583190918
-0.2332916260
0.6998748779
0.2916107178
0.0583190918
0.4100189209
0.5992584229
0.3469390869
0.2207794189
0.1261596680
0.3153991699
-0.1892395020
0.3469390869
0.6434478760
-0.1072387695
0.1608581543
-0.3217163086
0.1608581543
-0.5361938477
-0.1072387695
-0.1608581543
0.0911560059
0.0000000000
-0.0911560059
0.0000000000
0.0000000000
0.0000000000
-0.0911560059
0.0000000000
0.5924987793
-0.1410675049
-0.3385772705
0.0000000000
-0.6771392822
0.1692810059
0.0282135010
0.0282135010
0.0000000000
-0.1995849609
-0.6985168457
0.3492584229
0.0997924805
0.0000000000
-0.4989471436
-0.0997924805
0.0000000000
0.0000000000
0.0000000000
0.0000000000
0.0588226318
0.0000000000
0.0000000000
0.0000000000
-0.0657958984
0.0000000000
0.0219268799
-0.9868927002
-0.0438690186
-0.0438690186
0.0438690186
0.0000000000
-0.1966400146
0.9270172119
0.0280914307
0.1685485840
0.1123657227
-0.0561828613
0.1685485840
0.0561828613
0.1243286133
-0.1243286133
0.0000000000
-0.1243286133
-0.1243286133
0.0000000000
0.3729858398
0.0000000000
0.0874786377
0.4374084473
0.3499298096
0.2624511719
0.3499298096
-0.4374084473
0.0000000000
0.1749572754
0.3908996582
-0.0977325439
-0.0977325439
-0.1954498291
0.2931823730
0.5863494873
-0.0977325439
-0.0977325439
-0.2310485840
0.0693206787
0.0000000000
0.9242248535
0.0231018066
0.1617431641
0.0231018066
-0.2079467773
0.0000000000
0.9807891846
-0.0175170898
0.0350341797
-0.0875701904
0.0175170898
0.1050872803
0.0875701904
0.0723419189
0.1808471680
0.8319244385
-0.0723419189
-0.0723419189
0.3255310059
-0.3255310059
-0.0723419189
-0.0420227051
-0.9243316650
0.0000000000
-0.0840301514
-0.0420227051
-0.2520904541
0.0840301514
-0.0840301514
0.8566894531
-0.0535430908
-0.0535430908
0.1606292725
0.1070861816
0.2677154541
-0.2141723633
0.1070861816
0.0000000000
0.1113433838
0.1113433838
0.0000000000
0.0000000000
0.0000000000
0.2226867676
0.0000000000
0.1044464111
-0.2089080811
0.0000000000
0.0000000000
0.0000000000
-0.7311706543
0.0000000000
-0.1044464111
-0.0604248047
0.9667663574
0.0604248047
-0.1007080078
-0.0201416016
-0.1812744141
-0.0402832031
0.0000000000
-0.0160827637
0.0964660645
-0.3858947754
0.7878570557
0.0000000000
-0.2250976562
0.0160827637
-0.4019622803
0.0590209961
-0.1770782471
-0.5902709961
0.1180572510
-0.1770782471
-0.5312500000
0.4131927490
-0.0590209961
0.0000000000
0.3089752197
0.2703552246
0.2317352295
-0.3089752197
-0.6951904297
-0.0386199951
-0.3862152100
0.1612396240
0.5240173340
-0.0806121826
-0.2418518066
-0.7255706787
-0.1209259033
-0.2015533447
0.0000000000
-0.1362762451
-0.1362762451
-0.5450744629
-0.0681304932
0.6813507080
-0.0681304932
0.1362762451
0.1362762451
0.7336425781
0.1173858643
0.1467285156
-0.0293426514
-0.4988708496
0.0880432129
-0.2934570312
-0.2347564697
0.1173858643
-0.1341552734
0.9390869141
0.2347717285
-0.0503082275
0.0503082275
-0.0838470459
-0.1006164551
-0.6893310547
0.2757263184
-0.0689392090
0.0000000000
0.4136047363
-0.2757263184
0.1378631592
0.1378631592
-0.1888580322
0.0871734619
0.0290527344
0.0726318359
-0.0871734619
0.0581054688
-0.9588317871
-0.1162261963
0.1471710205
0.0000000000
0.8094024658
-0.0735778809
0.0735778809
-0.2943267822
-0.1471710205
0.1471710205
0.0291595459
0.9767761230
-0.1020507812
0.0437316895
0.0000000000
0.1312103271
-0.0728912354
-0.0583190918
-0.2369232178
0.0000000000
-0.1184692383
0.3553924561
0.0000000000
-0.3553924561
0.2369232178
-0.2369232178
0.0000000000
-0.1082458496
0.2165069580
-0.1082458496
-0.2165069580
-0.1082458496
-0.6495208740
-0.1082458496
0.3550567627
0.4438323975
0.5325927734
0.4142456055
0.1775360107
0.2071228027
-0.1775360107
0.2958831787
0.2120971680
-0.2120971680
0.2120971680
0.1060485840
0.1060485840
0.3181304932
0.5302276611
0.2120971680
0.3406372070
-0.2270965576
0.4541778564
0.2270965576
0.1135406494
-0.2270965576
0.1135406494
0.0000000000
0.6338348389
0.3412933350
-0.0487518311
-0.5850830078
-0.1950225830
-0.0975189209
0.0975189209
-0.0487518311
-0.1915435791
-0.1915435791
0.7278747559
-0.1532287598
-0.1149291992
0.2681579590
0.3830871582
-0.3064727783
0.0000000000
0.1064758301
-0.1064758301
-0.1064758301
0.0000000000
-0.1064758301
-0.1064758301
0.0000000000
0.0000000000
-0.0248718262
-0.0248718262
-0.9698181152
-0.1740722656
-0.0497283936
0.0000000000
0.0746002197
0.0000000000
0.9761810303
-0.1394500732
0.0232391357
0.0232391357
-0.0232391357
-0.0929718018
0.0000000000
-0.3877716064
0.3877716064
0.3877716064
0.3323669434
0.3323669434
-0.2215881348
-0.1661834717
0.3877716064
-0.1935577393
0.1290283203
0.7097015381
0.0000000000
0.2580718994
-0.2580718994
0.2580718994
-0.3225860596
-0.2126617432
-0.4784851074
0.1063232422
0.0000000000
0.1063232422
0.1063232422
0.2126617432
-0.7443084717
0.1225585938
-0.0459594727
-0.0612792969
0.9804382324
0.0459594727
-0.0153198242
-0.0459594727
0.0765991211
0.0405120850
0.9316711426
0.0810089111
-0.0810089111
0.2025299072
-0.1215209961
-0.0810089111
-0.0405120850
0.5962982178
0.0627746582
0.4393768311
-0.3138427734
0.0627746582
0.5335388184
-0.1569213867
0.0627746582
0.0858612061
-0.8586730957
-0.0429382324
-0.0858612061
0.0000000000
-0.2575988770
-0.1717376709
0.3005371094
0.7496948242
0.4581451416
-0.1249542236
-0.3331909180
0.0416564941
-0.1249542236
0.0000000000
0.1665954590
-0.1237182617
0.0000000000
0.2474365234
-0.1237182617
-0.1237182617
-0.1237182617
0.2474365234
0.0000000000
0.0959930420
-0.1920013428
0.0959930420
-0.0959930420
0.0959930420
-0.7680053711
-0.0959930420
0.0000000000
-0.0408782959
0.8993072510
0.0817565918
-0.2452697754
0.0000000000
-0.2452697754
-0.0817565918
0.0408782959
0.1631622314
0.1019744873
-0.3671112061
0.5914611816
-0.0611877441
-0.4486846924
0.1427612305
-0.4894866943
0.1076965332
-0.3230743408
-0.4307708740
0.1076965332
-0.2153778076
0.0000000000
0.3230743408
-0.3230743408
0.0000000000
0.4629821777
0.3787994385
0.2104492188
-0.2525329590
-0.4629821777
0.0841827393
-0.5050811768
0.1112976074
0.5008697510
-0.1669616699
-0.0556488037
-0.7234649658
-0.2782592773
0.0000000000
-0.0556488037
-0.2394561768
-0.3591918945
-0.2394561768
-0.2394561768
0.5387725830
-0.0598602295
0.2394561768
0.4789123535
0.3453826904
0.1295166016
-0.0431671143
0.0000000000
-0.6044158936
0.3022155762
-0.4748992920
-0.3453826904
0.0907440186
-0.1633300781
0.9255828857
0.2177886963
-0.0363006592
0.1270446777
-0.1088867188
-0.1451873779
-0.2120971680
0.4241790771
-0.1060485840
0.1060485840
0.2120971680
-0.3181304932
0.4241790771
0.1060485840
-0.3293457031
0.2470092773
0.1852569580
0.0823364258
-0.1029205322
0.1029205322
-0.8439483643
-0.2058410645
-0.1061859131
0.0000000000
0.7963409424
-0.1061859131
0.1061859131
-0.4778137207
0.0000000000
0.1061859131
0.1007080078
0.9063415527
-0.2618408203
0.1007080078
-0.0402832031
0.1208496094
-0.1409912109
-0.2014160156
0.0000000000
0.0000000000
0.1234283447
0.2468566895
0.0000000000
-0.3703002930
0.2468566895
0.2468566895
0.0000000000
-0.2674560547
0.0891571045
-0.0891571045
0.0000000000
-0.3566131592
-0.7132263184
0.0000000000
0.2322540283
0.4257965088
0.6193389893
0.3483734131
0.2322540283
0.0774230957
-0.0387115479
0.3870849609
0.2030029297
-0.3383483887
0.0000000000
0.3383483887
0.2706756592
0.3383483887
0.6090240479
-0.1353454590
0.1219482422
-0.2438964844
0.3658599854
0.1219482422
0.2438964844
-0.2438964844
0.1219482422
-0.1219482422
0.6635589600
0.1809692383
-0.2714538574
-0.5730743408
-0.2714538574
0.1206512451
0.0603179932
-0.0603179932
-0.2808685303
-0.3932189941
0.2247009277
-0.3932189941
0.1123504639
0.2808685303
0.2247009277
-0.5617370605
0.0000000000
0.2357025146
-0.1178436279
-0.1178436279
0.0000000000
-0.1178436279
-0.1178436279
0.0000000000
0.1154785156
-0.1732177734
-0.1732177734
-0.8083496094
-0.2309570312
-0.2309570312
0.0577392578
0.2309570312
0.0887298584
0.9168395996
-0.2661743164
0.0887298584
0.0887298584
0.0295715332
-0.1478729248
-0.1183013916
-0.2102966309
0.4906921387
0.4906921387
0.3504943848
0.2102966309
-0.1401977539
-0.2803955078
0.2102966309
-0.1743774414
0.3487548828
0.2324981689
0.2324981689
0.2906341553
-0.3487548828
0.2906341553
-0.5812683105
-0.1495819092
-0.6731262207
0.0000000000
-0.0747985840
0.0000000000
0.2243804932
0.0747985840
-0.5235443115
0.1225280762
-0.0612640381
-0.1225280762
0.9597625732
-0.0204162598
-0.1020965576
0.0204162598
0.1429443359
0.0000000000
0.8958740234
0.0995483398
-0.0995483398
0.2488555908
-0.0497741699
-0.0995483398
-0.1493072510
0.4315185547
0.2876739502
0.6472625732
-0.2876739502
-0.1078796387
0.2157592773
-0.2876739502
0.2157592773
0.0850067139
-0.8926086426
0.0000000000
-0.0850067139
-0.0850067139
-0.3400421143
0.0000000000
0.0850067139
0.9474945068
0.2030334473
0.0338439941
-0.1015167236
0.0338439941
0.0000000000
0.0338439941
0.1015167236
-0.2474365234
0.1237182617
0.2474365234
0.0000000000
0.0000000000
-0.1237182617
0.1237182617
-0.1237182617
-0.1034240723
-0.1034240723
0.0000000000
-0.1034240723
0.0000000000
-0.7239532471
-0.1034240723
0.2068481445
0.0000000000
0.3607940674
-0.0901947021
-0.0901947021
0.5411987305
-0.3607940674
-0.2705993652
0.2705993652
0.2460937500
-0.0246124268
-0.3199310303
0.3691406250
-0.0492248535
-0.4921875000
0.2953186035
-0.5906372070
0.2386016846
-0.2982635498
-0.5368652344
-0.2386016846
-0.5368652344
0.1789550781
-0.1193084717
-0.2386016846
0.0000000000
0.4755249023
0.5944061279
0.0594482422
-0.1188812256
0.0000000000
0.0000000000
-0.5349731445
0.0769500732
0.3077850342
-0.3847351074
0.1539001465
-0.6155700684
-0.3077850342
0.2308349609
0.0000000000
-0.2386169434
-0.3976898193
0.2386169434
-0.2386169434
0.3181610107
0.1590728760
0.3181610107
0.4772338867
0.3781280518
0.1512451172
-0.1134338379
0.0756225586
-0.5293884277
0.2268829346
-0.5671997070
-0.3403167725
0.1134948730
-0.2107696533
0.9079589844
0.2107696533
-0.0324249268
0.1621398926
-0.1459197998
-0.1297149658
0.2320098877
0.4640045166
-0.2320098877
0.0000000000
0.1159973145
-0.1159973145
0.3480072021
0.0000000000
-0.4809570312
0.4122467041
0.3091888428
0.1030578613
0.0687103271
0.1717681885
-0.5496673584
-0.3435363770
-0.1061859131
0.0000000000
0.6901702881
0.1061859131
0.2123565674
-0.5839843750
-0.1061859131
0.1061859131
0.0638122559
0.8295745850
-0.4467010498
0.0319061279
-0.0638122559
0.0638122559
-0.1276245117
-0.2233428955
0.0000000000
-0.1234283447
0.1234283447
0.2468566895
-0.2468566895
-0.2468566895
0.2468566895
0.2468566895
0.1182556152
-0.2956542969
-0.1182556152
-0.2365264893
0.3547821045
-0.5912933350
-0.4730377197
0.1182556152
0.2545318604
0.5090484619
0.6181335449
0.2545318604
0.1818084717
0.2181701660
-0.1454467773
0.2908935547
0.2068023682
-0.2757263184
-0.1378631592
0.4825286865
0.2757263184
0.2068023682
0.4825286865
-0.3446655273
0.0000000000
-0.1190643311
0.3572082520
0.0000000000
0.3572082520
-0.1190643311
0.1190643311
-0.3572082520
0.6048278809
0.0216064453
-0.3888244629
-0.5184326172
-0.3888244629
0.2160186768
0.0216064453
0.0216064453
-0.4564819336
-0.4057617188
-0.4057617188
-0.2536010742
0.0507202148
0.0000000000
0.0000000000
-0.5579223633
0.0000000000
0.1228332520
0.0000000000
-0.2456817627
0.1228332520
-0.1228332520
-0.2456817627
0.0000000000
0.3117980957
-0.1039276123
-0.5196685791
-0.1039276123
0.0000000000
-0.4157409668
0.0000000000
0.2078704834
0.1722717285
0.8613891602
-0.2756500244
0.1722717285
0.2067413330
0.1033630371
-0.1722717285
-0.0344543457
0.0000000000
0.4510040283
0.5411987305
0.3607940674
0.0000000000
-0.2705993652
-0.0901947021
0.0901947021
-0.0548095703
0.5481109619
0.0000000000
0.2740631104
0.2740631104
-0.3836822510
0.3288726807
-0.4384918213
0.0676727295
-0.7443542480
0.0000000000
-0.2030029297
-0.2030029297
0.3383483887
0.1353454590
-0.2706756592
0.1880187988
-0.1342926025
-0.2685852051
0.8863372803
-0.0268554688
-0.1074371338
0.1342926025
0.1880187988
0.0000000000
0.8029479980
0.0446014404
-0.3568572998
0.3568572998
-0.0892181396
-0.0892181396
-0.1338195801
0.1809692383
0.0904846191
0.8445281982
-0.3016204834
-0.0603179932
-0.0603179932
-0.2111358643
0.2714538574
-0.0422363281
-0.8447875977
0.1689605713
-0.0422363281
-0.1267242432
-0.3801574707
0.1689605713
-0.0844726562
0.9727020264
0.1023864746
0.1023864746
0.0000000000
0.0511932373
0.0767974854
-0.0256042480
0.0511932373
-0.1237182617
0.1237182617
0.2474365234
0.0000000000
0.1237182617
0.1237182617
0.0000000000
-0.2474365234
-0.1247863770
0.0000000000
0.1247863770
-0.1247863770
-0.1247863770
-0.3743438721
-0.1247863770
0.2495727539
-0.2716674805
0.1811065674
-0.0905609131
0.0000000000
0.6338958740
-0.1811065674
-0.3622283936
0.1811065674
0.0884552002
0.0000000000
-0.2653656006
0.5897064209
-0.1179351807
-0.3538208008
0.3538208008
-0.5307312012
0.2403869629
-0.1923065186
-0.5288391113
-0.1923065186
-0.6730804443
0.0480804443
-0.1923065186
-0.1442260742
0.0000000000
0.1998596191
0.4663238525
-0.1332397461
0.3997039795
0.5995483398
-0.1332397461
-0.1998443604
0.1879119873
0.3758239746
-0.1879119873
0.1879119873
-0.5637359619
-0.1879119873
0.2818603516
-0.0939483643
0.1105499268
-0.4422149658
0.2211151123
0.0000000000
0.2211151123
0.3316650391
0.3316650391
-0.1105499268
0.5591430664
0.0466003418
-0.0931854248
0.1863861084
-0.4193572998
0.2795715332
-0.5125427246
-0.2329711914
0.0622863770
-0.2024078369
0.9341888428
0.2024078369
-0.0155639648
0.1245574951
-0.1089935303
-0.0778503418
0.2468566895
0.2468566895
0.0000000000
0.0000000000
0.0000000000
0.3703002930
0.1234283447
-0.2468566895
-0.3792114258
0.3792114258
0.3033752441
0.1137695312
0.1516876221
0.2654571533
-0.5688171387
-0.3792114258
0.0964202881
0.0000000000
0.4821166992
0.1928405762
0.2892761230
-0.4821166992
-0.1928405762
-0.1928405762
0.0255584717
0.8688964844
-0.4600067139
0.0000000000
-0.0511169434
-0.0255584717
-0.0511169434
-0.0766601562
0.0000000000
0.0000000000
0.1229705811
0.1229705811
-0.3689117432
-0.2459411621
0.2459411621
0.2459411621
0.1571350098
-0.3142700195
-0.1571350098
-0.2357025146
0.2357025146
-0.4714050293
-0.3928375244
0.3928375244
0.2302398682
0.4933929443
0.5262756348
0.1644592285
0.1315765381
0.4604949951
-0.3289184570
0.1644592285
0.3847351074
-0.3847351074
0.1539001465
0.3077850342
0.3077850342
0.1539001465
0.2308349609
-0.4616851807
0.0000000000
0.0000000000
0.6428222656
0.0000000000
0.2142791748
0.0000000000
0.1071319580
-0.3214111328
0.5933837891
-0.0523529053
-0.3665008545
-0.4363098145
-0.5061187744
0.2268829346
0.0174560547
0.0523529053
-0.4299163818
-0.3070831299
-0.6141815186
-0.1228332520
-0.0614166260
-0.1228332520
0.0000000000
-0.4299163818
0.0000000000
0.0000000000
0.0000000000
0.0000000000
0.0000000000
-0.1064758301
-0.2129516602
0.0000000000
-0.1178436279
0.0000000000
-0.5892486572
-0.2357025146
0.0000000000
-0.1178436279
0.1178436279
0.0000000000
0.1076660156
0.8613586426
-0.1435546875
0.1435546875
0.3230133057
0.1076660156
-0.2153320312
0.0358886719
0.2486572266
0.1243286133
0.2486572266
-0.1243286133
-0.1243286133
-0.1243286133
0.1243286133
0.0000000000
0.0994262695
0.4971008301
-0.1491241455
0.3479614258
0.2982635498
-0.3479614258
0.5467987061
-0.0994262695
0.2824707031
-0.5649261475
0.0000000000
-0.2118530273
-0.2118530273
0.4943237305
0.1412353516
-0.2824707031
0.0393981934
0.0000000000
-0.2757415771
0.9060363770
-0.0787811279
0.0000000000
0.1969604492
0.0787811279
0.0000000000
0.9646759033
0.0000000000
-0.1169281006
0.1461639404
-0.0584716797
-0.0584716797
0.0000000000
0.0662841797
-0.0331420898
0.8617553711
-0.3314361572
-0.0662841797
-0.0662841797
-0.1657257080
0.2651519775
-0.0502777100
-0.8545989990
0.1005401611
-0.0502777100
-0.0502777100
-0.3518981934
0.1508178711
-0.1508178711
0.9011688232
0.1501922607
0.0600738525
0.0901184082
0.1501922607
0.3003845215
-0.0600738525
0.0901184082
0.0000000000
0.0588226318
0.0000000000
0.0000000000
0.0000000000
0.0000000000
0.0000000000
0.0000000000
0.0000000000
0.0000000000
0.1064758301
0.1064758301
0.1064758301
0.0000000000
-0.1064758301
0.1064758301
-0.1641845703
0.8756713867
0.0000000000
0.0547332764
0.1641845703
0.0547332764
-0.2189178467
0.1641845703
0.1724853516
-0.0345001221
-0.3104705811
0.7589263916
-0.1379852295
-0.1379852295
0.2759704590
-0.3794708252
0.0715026855
-0.2860260010
-0.4290313721
0.0715026855
-0.6435394287
-0.0715026855
-0.3575286865
-0.0715026855
-0.0661773682
0.0661773682
0.1323699951
-0.1985473633
0.4632720947
0.7279968262
0.0661773682
0.1985473633
0.1847991943
0.4620056152
-0.1847991943
0.0924072266
-0.5544128418
0.1847991943
0.1847991943
-0.1847991943
0.1245422363
-0.2490844727
0.1245422363
0.0000000000
0.0000000000
0.0000000000
0.2490844727
0.3736267090
0.8912811279
-0.0445709229
0.0000000000
0.1782531738
-0.0445709229
0.2673797607
-0.1782531738
-0.0445709229
-0.0224761963
-0.1123962402
0.9665679932
0.0224761963
0.0224761963
0.1348724365
-0.0674285889
-0.1123962402
0.2300720215
0.0000000000
0.0000000000
0.0000000000
-0.1150360107
0.1150360107
-0.1150360107
0.0000000000
-0.1607208252
0.1607208252
0.2812500000
0.0803527832
0.0000000000
0.2410736084
-0.8437652588
-0.2008972168
-0.4878082275
-0.1219482422
-0.1219482422
-0.2438964844
0.0000000000
-0.1219482422
0.1219482422
-0.1219482422
0.0257720947
0.8505859375
-0.4897308350
0.0257720947
-0.0257720947
-0.0515441895
0.0000000000
-0.1031036377
0.1113433838
0.1113433838
0.1113433838
0.1113433838
-0.1113433838
-0.1113433838
0.0000000000
0.0000000000
0.2498626709
-0.1249389648
-0.1249389648
-0.2498626709
0.1249389648
0.0000000000
0.0000000000
0.2498626709
0.3151397705
0.5514984131
0.4333190918
0.1575775146
-0.0393981934
0.5121002197
-0.2363586426
0.1181793213
0.4279479980
-0.2139739990
0.1426544189
-0.0713195801
0.2852935791
-0.4279479980
-0.4279479980
-0.3566284180
0.0000000000
-0.1250000000
0.3750000000
0.0000000000
0.2500000000
0.0000000000
-0.1250000000
-0.1250000000
0.6041107178
-0.0402679443
-0.2819213867
-0.3624725342
-0.6242523193
0.1208190918
0.0402679443
0.0604095459
-0.2386169434
-0.3181610107
-0.6363220215
-0.1590728760
-0.0795440674
-0.1590728760
0.0795440674
-0.3976898193
0.0000000000
0.0000000000
0.0000000000
0.0000000000
-0.1000061035
-0.1000061035
-0.1000061035
-0.1000061035
-0.2357025146
-0.2357025146
-0.2357025146
-0.4714050293
-0.1178436279
-0.1178436279
0.1178436279
0.1178436279
0.0000000000
0.9100036621
-0.0413665771
0.0827331543
0.2895507812
0.0827331543
-0.1240844727
0.0413665771
0.2498626709
-0.1249389648
0.0000000000
-0.2498626709
-0.1249389648
0.2498626709
0.0000000000
-0.1249389648
0.2000732422
0.3001098633
-0.4501647949
0.3501281738
0.3001098633
-0.3001098633
0.4001464844
0.3501281738
0.2540588379
-0.4234313965
-0.0846862793
-0.0846862793
-0.3387451172
0.5081176758
0.0846862793
-0.3387451172
-0.1741638184
0.1306152344
-0.1741638184
0.9143218994
0.0000000000
0.0870819092
0.1306152344
0.0000000000
0.0608215332
0.9731750488
0.0000000000
0.0608215332
0.0000000000
-0.0608215332
0.0608215332
0.0912322998
-0.0567169189
0.1134185791
0.8506774902
-0.2835540771
-0.0567169189
-0.1701354980
-0.1134185791
0.1701354980
-0.0771789551
-0.8488922119
0.0000000000
0.0771789551
-0.0771789551
-0.2315216064
0.0771789551
0.0000000000
0.8556671143
0.1316375732
0.0000000000
0.1974639893
0.1645507812
0.3620147705
-0.0329132080
0.1316375732
0.0000000000
0.1000061035
0.0000000000
0.0000000000
-0.1000061035
-0.1000061035
-0.1000061035
0.0000000000
0.1113433838
0.0000000000
0.1113433838
0.1113433838
0.1113433838
0.0000000000
-0.1113433838
0.1113433838
-0.0693206787
0.9358825684
-0.1039886475
0.1386413574
-0.0346679688
0.1386413574
-0.1039886475
0.1386413574
0.1216430664
-0.0912322998
-0.2736968994
0.8819274902
-0.0912322998
0.0608215332
0.2432861328
-0.1520538330
-0.2078704834
-0.5196685791
-0.1039276123
0.2078704834
-0.4157409668
0.1039276123
-0.1039276123
0.2078704834
-0.0718688965
-0.1437377930
-0.0718688965
-0.0718688965
0.5749664307
0.4312133789
0.1437377930
0.5030822754
0.2712860107
0.4069366455
0.0000000000
0.0678253174
-0.4747619629
0.6104125977
0.0000000000
-0.0678253174
0.1245422363
0.0000000000
0.0000000000
-0.1245422363
-0.2490844727
-0.2490844727
0.3736267090
0.0000000000
0.8765869141
-0.0973968506
0.0973968506
0.0973968506
0.0973968506
0.1461029053
0.2921905518
0.0973968506
-0.0634307861
0.0317077637
0.9514160156
-0.1268615723
0.0000000000
0.0951385498
-0.1268615723
-0.1268615723
0.0000000000
0.0000000000
0.0000000000
-0.0911560059
0.0000000000
0.0911560059
-0.0911560059
0.0000000000
-0.0355072021
0.0000000000
0.2485198975
0.0355072021
-0.1065063477
0.1775207520
-0.9230957031
0.0000000000
-0.4404754639
-0.0550537109
-0.6056518555
-0.3854217529
-0.1651763916
0.3303527832
0.2202453613
-0.0550537109
-0.0463409424
0.6488189697
-0.6488189697
0.0463409424
-0.0926818848
-0.2317199707
0.0463409424
-0.1390380859
0.0911560059
0.0000000000
0.0000000000
0.0000000000
-0.0911560059
0.0000000000
0.0911560059
0.0000000000
0.0000000000
0.1250000000
0.1250000000
-0.1250000000
0.0000000000
0.3750000000
0.0000000000
0.2500000000
0.2220153809
0.5920410156
0.3330230713
0.2220153809
-0.0740051270
0.5180358887
-0.1850128174
0.2960205078
0.4127044678
-0.2579498291
0.1031799316
-0.2063598633
0.2063598633
-0.6190643311
-0.3611145020
-0.2579498291
0.0000000000
-0.1000061035
0.1000061035
0.0000000000
0.1000061035
0.0000000000
-0.1000061035
0.0000000000
0.5291595459
-0.0556945801
-0.2785034180
-0.2506561279
-0.7241210938
0.1392517090
0.0278472900
0.0835571289
-0.1896667480
-0.1896667480
-0.8218994141
-0.1264495850
0.0000000000
-0.1896667480
-0.0632171631
-0.2528839111
0.0000000000
0.0000000000
0.0000000000
0.0000000000
0.0000000000
-0.0911560059
-0.0911560059
-0.0911560059
0.0000000000
-0.1937103271
0.0000000000
-0.7748107910
0.0968475342
0.0968475342
0.0968475342
0.0000000000
0.0000000000
0.9273681641
-0.0515136719
0.1545562744
0.1545562744
0.0000000000
0.0515136719
0.0000000000
0.2474365234
-0.2474365234
0.0000000000
-0.1237182617
-0.1237182617
0.1237182617
0.1237182617
0.0000000000
0.1819000244
0.0909423828
-0.7276000977
0.2273712158
0.1819000244
-0.0909423828
0.1364288330
0.5002288818
0.2806854248
-0.3742370605
-0.1871185303
-0.1871185303
-0.0935668945
0.5613555908
0.0000000000
-0.2806854248
-0.3176727295
0.0907592773
-0.1361389160
0.8622436523
-0.0453796387
0.1361389160
0.1815185547
-0.0907592773
0.1079406738
0.9445037842
0.0269927979
0.2158813477
-0.0809631348
0.0269927979
0.1079406738
0.0809631348
-0.1024169922
-0.1024169922
0.5120697021
-0.2048339844
0.3072509766
-0.3072509766
-0.3072509766
0.1024169922
0.0000000000
-0.6529235840
0.0000000000
0.0000000000
-0.3264617920
-0.1088256836
0.0000000000
0.1088256836
0.8569946289
0.0816192627
0.0408020020
0.2856597900
0.0816192627
0.3264770508
-0.0408020020
0.0816192627
0.0000000000
-0.1113433838
0.0000000000
-0.1113433838
-0.1113433838
0.1113433838
0.1113433838
0.1113433838
-0.1129455566
0.1129455566
-0.1129455566
0.1129455566
0.0000000000
-0.6776275635
0.0000000000
0.0000000000
0.0343933105
0.9286499023
0.0687866211
-0.0687866211
0.0343933105
-0.2751617432
-0.1031799316
0.0343933105
-0.0769348145
0.0384674072
-0.3269805908
0.8462982178
-0.0769348145
-0.0192413330
0.0577087402
-0.3846740723
0.6284942627
-0.2514038086
0.0628509521
-0.1885528564
-0.2514038086
0.1257019043
0.4399414062
-0.3142395020
-0.3296203613
0.4120178223
0.4944305420
0.2472076416
-0.2472076416
-0.0823974609
0.0823974609
-0.3296203613
-0.3443145752
0.1147766113
-0.3443145752
-0.2295379639
-0.2295379639
-0.1147766113
-0.3443145752
0.0000000000
-0.1512603760
-0.3025360107
-0.5294342041
-0.3025360107
0.4537963867
0.0000000000
0.1512603760
0.3025360107
0.9388885498
-0.0521545410
0.1043243408
-0.0260772705
-0.2086486816
-0.1043243408
-0.1043243408
-0.1304016113
0.0721435547
-0.0901794434
0.9559173584
0.1082153320
0.0360717773
0.1803588867
-0.0721435547
-0.1082153320
-0.3976898193
0.3976898193
-0.1590728760
0.0000000000
0.3181610107
-0.4772338867
0.2386169434
0.2386169434
-0.2940216064
0.0691833496
0.0691833496
0.2248382568
0.0864715576
0.2421264648
-0.8647613525
-0.1729583740
-0.2270965576
0.1135406494
0.2270965576
-0.1135406494
0.3406372070
-0.4541778564
0.0000000000
0.2270965576
0.0409698486
0.9832611084
-0.0614471436
0.0614471436
0.0204772949
0.0819396973
-0.0409698486
-0.0409698486
-0.3443145752
-0.2295379639
0.0000000000
0.4590759277
0.0000000000
-0.2295379639
0.0000000000
0.2295379639
0.0000000000
0.3750000000
0.1250000000
-0.1250000000
0.0000000000
0.0000000000
-0.2500000000
0.1250000000
0.3696136475
0.3696136475
0.1847991943
0.4620056152
0.1847991943
-0.0924072266
0.0000000000
0.3696136475
0.8008575439
-0.2135620117
0.0533905029
-0.2135620117
-0.0533905029
-0.1601715088
0.3737335205
0.0533905029
0.1237182617
-0.1237182617
-0.3711547852
0.0000000000
0.0000000000
-0.1237182617
0.0000000000
0.0000000000
0.5649261475
0.3530883789
0.2118530273
-0.3530883789
-0.1412353516
-0.4237060547
0.1412353516
0.0000000000
-0.0800323486
-0.2401123047
0.4802398682
-0.0800323486
0.3201599121
0.0800323486
0.2401123047
-0.5602722168
0.0000000000
0.1199951172
0.1199951172
-0.1199951172
0.0000000000
0.1199951172
-0.1199951172
0.2400054932
0.1084899902
-0.0813751221
-0.1084899902
-0.9493560791
-0.1084899902
0.1084899902
0.1356201172
0.0542449951
0.2343597412
0.8593444824
-0.2343597412
0.0781250000
-0.1952972412
0.0781250000
-0.1952972412
0.1171875000
-0.5331878662
0.5742034912
0.2050781250
0.3281250000
0.1230468750
-0.2871093750
-0.2050781250
0.2050781250
-0.1529541016
0.1529541016
0.8667144775
-0.1019592285
0.1529541016
0.0000000000
0.2039337158
-0.2039337158
-0.3221893311
-0.4027404785
0.0000000000
-0.0805511475
0.1611022949
-0.2416381836
0.3221893311
-0.5638275146
0.2304382324
-0.0576171875
0.1152191162
0.9217529297
0.0864105225
-0.1152191162
-0.0576171875
0.1728363037
0.6659088135
-0.3329620361
-0.1664733887
-0.0832366943
0.3329620361
-0.1664733887
-0.1664733887
0.0832366943
0.4756622314
0.5436096191
0.3057708740
-0.0339813232
0.0679473877
0.4756622314
-0.2718048096
-0.2038574219
0.0366210938
-0.9523315430
0.0366210938
0.0732574463
0.0366210938
-0.0366210938
-0.0732574463
0.1831359863
0.8993530273
0.1665496826
-0.1665496826
-0.1998596191
0.1332397461
-0.1665496826
-0.0999298096
0.0666198730
0.1229705811
-0.3689117432
0.0000000000
0.0000000000
-0.3689117432
0.0000000000
0.2459411621
0.0000000000
-0.1196746826
0.1196746826
0.0000000000
0.0000000000
0.1196746826
-0.5983581543
-0.1196746826
0.0000000000
-0.0802917480
0.0802917480
0.0000000000
-0.2408752441
0.0000000000
-0.7226257324
-0.4014587402
0.1605834961
0.1215362549
0.0303802490
-0.3646087646
0.7899627686
-0.1519165039
-0.1215362549
0.0607604980
-0.3949890137
0.4704895020
-0.3360595703
0.4032745361
-0.2688446045
-0.0672149658
0.2688446045
0.2016296387
-0.4032745361
-0.2595672607
0.3460845947
0.5191192627
0.0000000000
-0.2595672607
0.1730346680
0.0000000000
-0.4326019287
-0.1039276123
0.3117980957
0.1039276123
-0.1039276123
-0.6236114502
-0.2078704834
0.2078704834
0.0000000000
-0.2344818115
-0.2344818115
-0.1172485352
-0.2344818115
0.4103546143
0.0000000000
0.3517303467
0.6448364258
0.6288909912
-0.1143493652
-0.1715087891
0.0571746826
-0.4573822021
0.0571746826
-0.1715087891
-0.4573822021
0.0933990479
-0.0933990479
0.9106445312
0.0933990479
0.0467071533
0.2801971436
-0.1401062012
-0.1634521484
-0.1049804688
0.4199066162
-0.2099609375
0.0000000000
0.2099609375
-0.3149414062
0.4199066162
0.2099609375
-0.4977111816
0.2654418945
0.2322692871
0.3318023682
0.2322692871
0.3981628418
-0.2322692871
-0.4645385742
-0.0656127930
0.0656127930
0.7217407227
0.0656127930
0.2624511719
-0.4592895508
0.0656127930
0.1968383789
0.0589752197
0.9435272217
-0.0884552002
0.1179351807
-0.1179351807
0.0589752197
-0.0884552002
-0.1769104004
-0.3117980957
-0.1039276123
-0.1039276123
0.3117980957
0.1039276123
-0.3117980957
-0.1039276123
0.5196685791
0.0000000000
0.3715667725
0.1238555908
-0.1238555908
0.0000000000
-0.1238555908
-0.3715667725
0.0000000000
-0.2738494873
0.3651275635
0.1825714111
0.0912780762
-0.0912780762
-0.4564056396
0.4564056396
0.1825714111
0.7422180176
-0.3711090088
-0.0530090332
-0.0530090332
0.1590423584
-0.1590423584
0.3711090088
-0.1590423584
0.0000000000
0.0000000000
-0.1113433838
-0.1113433838
0.0000000000
0.0000000000
0.0000000000
-0.2226867676
0.3532257080
0.3027648926
-0.1513824463
-0.5550842285
-0.5550842285
-0.1009216309
0.1009216309
0.2018432617
-0.1860046387
-0.3100128174
-0.4340209961
-0.1860046387
0.4340209961
0.1240081787
0.0619964600
-0.5580139160
0.0000000000
0.0000000000
0.0000000000
-0.1178436279
-0.1178436279
0.2357025146
-0.1178436279
0.1178436279
0.3651275635
-0.0912780762
-0.3651275635
0.2738494873
0.0912780762
0.3651275635
0.4564056396
0.0912780762
0.1867218018
0.6846466064
-0.3112030029
-0.2489624023
-0.1244812012
0.1867218018
-0.2489624023
0.3112030029
-0.5969238281
0.5306091309
0.1326446533
0.2653045654
0.1989746094
-0.1326446533
-0.2653045654
0.0000000000
-0.3096008301
0.2321929932
0.4644012451
0.1548004150
0.3096008301
0.0000000000
0.4644012451
-0.3096008301
-0.0931701660
-0.4658508301
-0.1863403320
-0.0931701660
0.1863403320
0.0000000000
0.2795104980
-0.5590209961
0.3165893555
-0.1151275635
-0.0575561523
0.8634338379
0.0000000000
-0.2014617920
-0.0575561523
0.2590332031
0.2921905518
-0.8278808594
-0.1947937012
-0.1461029053
0.2434997559
-0.0487060547
-0.1461029053
-0.0973968506
0.3595886230
0.6792297363
0.4394989014
-0.0799102783
-0.0399475098
0.1997680664
-0.3196411133
-0.1198577881
0.0946350098
-0.9463653564
0.0000000000
-0.0473175049
-0.0473175049
-0.0946350098
0.0000000000
0.0946350098
0.9518890381
0.1586456299
-0.0317230225
-0.0951843262
0.0951843262
-0.0634613037
-0.0634613037
0.0951843262
0.0000000000
-0.1250000000
0.0000000000
-0.1250000000
-0.2500000000
0.0000000000
0.3750000000
-0.1250000000
-0.2416839600
0.0000000000
-0.1208343506
0.0000000000
-0.1208343506
-0.4833679199
-0.2416839600
0.1208343506
0.0550537109
-0.7708282471
0.0550537109
-0.0550537109
0.2202453613
-0.4404754639
-0.1651763916
0.1651763916
0.3579254150
-0.0894775391
-0.3579254150
0.4026794434
-0.2237091064
-0.2684478760
0.3131866455
-0.5368957520
0.3552398682
-0.3552398682
0.0000000000
-0.2664337158
0.0000000000
0.4440612793
0.0888061523
-0.4440612793
-0.2738494873
0.2738494873
0.6389770508
-0.0912780762
-0.1825714111
0.1825714111
0.0000000000
-0.2738494873
0.0000000000
0.4931945801
-0.0616455078
0.0616455078
-0.7397918701
0.0000000000
0.2465972900
0.1233062744
-0.3387451172
-0.1693725586
0.0846862793
-0.2540588379
0.2540588379
0.0846862793
0.3387451172
0.5928039551
-0.3684997559
-0.0614166260
-0.3684997559
0.1228332520
-0.4299163818
0.1842498779
-0.2456665039
-0.5527648926
0.1328582764
-0.1062927246
0.8503417969
0.0265655518
0.0531463623
0.3188781738
-0.1860046387
-0.2922973633
0.1249389648
0.2498626709
0.0000000000
-0.2498626709
-0.1249389648
0.0000000000
0.2498626709
-0.1249389648
-0.3190765381
0.2552490234
0.2552490234
0.1914367676
0.3828887939
0.3190765381
0.6062316895
-0.2871551514
0.1000366211
0.1000366211
0.6502532959
0.3001098633
0.3001098633
-0.5001831055
-0.1500549316
0.1500549316
0.0562591553
0.7876739502
-0.1125183105
0.0562591553
-0.3375701904
0.0000000000
-0.1687927246
-0.3375701904
-0.1216278076
-0.1216278076
0.0000000000
0.0000000000
0.0000000000
-0.2432556152
0.0000000000
0.2432556152
0.0756378174
0.0000000000
-0.0756378174
-0.1512603760
0.3781585693
-0.5294342041
-0.4537963867
0.3781585693
0.2442932129
0.6107482910
0.4886016846
0.1832275391
0.1221466064
0.3053741455
0.0610809326
0.2442932129
0.6751556396
-0.3938446045
-0.1687927246
0.1687927246
0.2250518799
-0.2250518799
0.1125183105
-0.3375701904
-0.2456817627
0.1228332520
-0.1228332520
0.0000000000
0.1228332520
0.0000000000
0.0000000000
-0.2456817627
0.3862457275
0.1287536621
-0.3540496826
-0.4828033447
-0.6115417480
0.1609344482
0.1287536621
0.1609344482
-0.1941070557
-0.3396911621
-0.7279052734
-0.0970611572
0.2426300049
0.0000000000
-0.1455841064
-0.3882141113
0.0000000000
0.0000000000
0.0000000000
-0.1199951172
0.0000000000
0.0000000000
-0.2400054932
0.2400054932
0.1682128906
0.0420532227
-0.2523193359
0.8831024170
0.2102661133
0.0420532227
0.0841064453
-0.1261596680
0.2480316162
0.4960784912
-0.3307189941
-0.4133911133
0.0000000000
0.2480316162
-0.0826721191
0.3307189941
-0.4018859863
0.5023651123
0.1004791260
0.2009429932
0.2009429932
-0.2009429932
-0.3014221191
0.0000000000
-0.0760650635
0.3042602539
-0.6085052490
0.1521301270
0.2281951904
-0.2281951904
0.4563751221
0.0000000000
0.1855621338
-0.6494903564
-0.0927886963
-0.2783508301
0.2783508301
0.0927886963
0.1855621338
-0.1855621338
0.3527832031
-0.1603546143
-0.1282806396
0.8338317871
-0.0962066650
-0.1603546143
0.0641479492
0.2565612793
0.1700286865
-0.8076019287
-0.0850067139
-0.2550354004
0.3400421143
0.0000000000
-0.0850067139
-0.2550354004
0.0596466064
0.6561737061
0.4772186279
-0.2386016846
0.0000000000
-0.3579101562
-0.1789550781
0.0596466064
0.0548095703
-0.9317932129
0.0548095703
0.0000000000
-0.1096191406
0.0000000000
0.1096191406
0.0548095703
0.9565277100
0.1449279785
0.0289916992
-0.0579681396
0.1449279785
0.0289916992
-0.0579681396
0.0869598389
0.0000000000
-0.1113433838
0.0000000000
0.0000000000
0.0000000000
0.0000000000
0.2226867676
-0.1113433838
-0.2498779297
0.0000000000
-0.1249389648
0.0000000000
-0.1249389648
-0.3748321533
-0.1249389648
0.1249389648
0.0000000000
-0.6877136230
0.1375427246
0.1375427246
0.2750854492
-0.3438568115
-0.1375427246
0.3438568115
0.1471710205
-0.1471710205
-0.1471710205
0.3679046631
-0.3679046631
-0.1471710205
0.4414978027
-0.5150756836
0.1648101807
-0.0823974609
-0.3296203613
-0.3296203613
-0.0823974609
0.5768280029
0.0823974609
-0.4120178223
-0.1730346680
0.0865173340
0.3460845947
-0.1730346680
0.2595672607
0.6921691895
0.0000000000
0.0865173340
0.0663299561
0.5969238281
0.1326446533
0.0663299561
-0.5969238281
0.0663299561
0.2653045654
0.1989746094
-0.2393341064
0.0000000000
-0.1196746826
-0.1196746826
0.3590087891
0.1196746826
0.3590087891
0.2393341064
-0.1585845947
-0.1585845947
-0.3171691895
0.0792999268
-0.3171691895
0.1585845947
-0.3171691895
-0.6343383789
0.1461181641
-0.0365295410
0.8401947021
-0.1095886230
-0.0365295410
0.3287811279
-0.1461181641
-0.2922363281
0.2405242920
0.0000000000
-0.1202545166
-0.3607788086
-0.3607788086
0.0000000000
0.1202545166
-0.2405242920
-0.2110137939
0.2110137939
0.2532043457
0.2110137939
0.5064239502
0.3798217773
0.5064239502
-0.2954101562
0.3136291504
0.0000000000
0.5645294189
0.3136291504
0.2509002686
-0.5018005371
-0.1881713867
0.0627288818
0.0000000000
0.8439941406
-0.1947631836
-0.1298370361
-0.1298370361
-0.0649261475
-0.0649261475
-0.2596893311
0.0000000000
-0.1237182617
0.1237182617
0.1237182617
-0.2474365234
-0.2474365234
0.0000000000
0.1237182617
0.0852813721
-0.1705627441
-0.1705627441
-0.1705627441
0.2558593750
-0.5970001221
-0.3411407471
0.3411407471
0.2369384766
0.5923309326
0.4146270752
0.2369384766
0.1777038574
0.4146270752
-0.1777038574
0.1184692383
0.5150756836
-0.4414978027
-0.1471710205
0.1471710205
0.2207489014
-0.2207489014
-0.1471710205
-0.4414978027
-0.1216278076
0.1216278076
0.1216278076
0.1216278076
0.1216278076
0.1216278076
0.0000000000
-0.2432556152
0.4871673584
0.0270690918
-0.3518371582
-0.4871673584
-0.5683593750
0.1894531250
0.1082611084
0.0811920166
-0.2461395264
-0.3692016602
-0.6768646240
0.0000000000
0.1230621338
-0.0615386963
-0.1230621338
-0.4307250977
0.0000000000
0.0000000000
0.0000000000
-0.1178436279
-0.1178436279
-0.1178436279
-0.2357025146
0.1178436279
0.0000000000
0.0000000000
-0.0942230225
0.9421691895
0.1413269043
0.0000000000
-0.0471038818
-0.0942230225
0.2505645752
0.5846557617
-0.0835266113
-0.5011291504
0.0000000000
0.0835266113
-0.1670379639
0.2505645752
0.1228332520
0.1228332520
0.2456817627
0.0000000000
0.2456817627
-0.1228332520
0.0000000000
0.0000000000
0.1006622314
0.3020019531
-0.7046813965
0.2013397217
0.2013397217
-0.3020019531
0.3523406982
0.1510009766
0.1818389893
-0.6364288330
-0.0909118652
-0.2727508545
0.0909118652
0.1818389893
0.2727508545
-0.2727508545
0.3256683350
-0.0814208984
-0.1221313477
0.8548736572
-0.1221313477
-0.0814208984
0.0814208984
0.2442474365
0.2641448975
-0.4622650146
0.0660400391
-0.3301849365
0.5283050537
-0.0660400391
-0.1320800781
-0.3962249756
-0.0776367188
-0.0776367188
0.3105163574
-0.2328948975
0.1552581787
-0.6986694336
0.3105163574
0.1552581787
-0.1419372559
-0.8516235352
0.0709686279
0.0709686279
-0.1419372559
-0.0709686279
0.2129058838
0.0709686279
0.9221191406
0.1536865234
0.0384216309
-0.0384216309
0.1536865234
0.1921081543
0.0384216309
0.1152648926
0.0000000000
0.0000000000
0.0000000000
0.0000000000
0.0000000000
0.0000000000
0.0000000000
0.0000000000
0.0000000000
-0.1150360107
-0.1150360107
0.0000000000
0.1150360107
0.0000000000
0.0000000000
0.2300720215
-0.0758514404
0.7584686279
0.1516876221
0.1516876221
0.1516876221
-0.0758514404
-0.0758514404
0.3792419434
0.1178436279
0.0000000000
-0.2357025146
0.8249511719
-0.1767730713
0.0589294434
0.1178436279
-0.2946319580
0.2009429932
-0.3014221191
-0.4018859863
-0.1004791260
-0.1004791260
0.4018859863
0.0000000000
-0.4018859863
0.0000000000
-0.1419372559
-0.0709686279
-0.2129058838
0.3548431396
0.7096862793
-0.0709686279
0.3548431396
0.0000000000
0.5720367432
0.2860260010
-0.0715026855
-0.5720367432
0.2145080566
0.1430053711
0.1430053711
0.0000000000
-0.1247253418
-0.1247253418
0.0000000000
0.1247253418
0.1247253418
0.3741607666
0.1247253418
0.6959228516
0.0000000000
-0.1391906738
0.1391906738
-0.1391906738
0.4175567627
-0.2087707520
-0.2783660889
0.0000000000
0.2982635498
0.6561737061
-0.4772186279
-0.1193084717
0.1789550781
0.0000000000
-0.2982635498
0.1000061035
-0.1000061035
0.0000000000
0.0000000000
-0.1000061035
0.1000061035
0.0000000000
0.0000000000
-0.1388549805
0.1388549805
0.2777099609
0.2777099609
0.4165496826
0.5554046631
-0.3471221924
-0.2082824707
0.2222900391
-0.3334350586
0.3334350586
0.0000000000
0.0000000000
-0.4445648193
-0.1111450195
0.2222900391
-0.1058807373
0.8999938965
-0.2647094727
-0.1058807373
-0.0529479980
0.0000000000
0.0000000000
-0.0529479980
0.1150360107
0.0000000000
0.1150360107
0.0000000000
-0.1150360107
-0.2300720215
0.0000000000
0.0000000000
0.1243286133
-0.1243286133
-0.1243286133
0.0000000000
0.0000000000
-0.1243286133
0.0000000000
0.3729858398
0.0000000000
0.6101074219
0.2614746094
0.2614746094
0.0871582031
0.4357910156
-0.1743164062
0.0000000000
0.3496398926
-0.2797088623
0.0000000000
0.0000000000
0.2797088623
-0.5594329834
-0.3496398926
-0.3496398926
0.0000000000
-0.0785675049
0.0000000000
0.0000000000
0.0785675049
0.0000000000
0.0000000000
0.0000000000
0.5746459961
0.0000000000
-0.3024444580
-0.4234161377
-0.5746459961
0.1512145996
0.0907287598
0.0907287598
-0.3790283203
-0.4738006592
-0.1895141602
-0.0947570801
0.0000000000
-0.1895141602
0.0947570801
-0.4738006592
-0.1064758301
-0.1064758301
0.0000000000
0.0000000000
-0.1064758301
-0.1064758301
0.0000000000
-0.1064758301
-0.0901947021
-0.1804046631
-0.0901947021
0.8117980957
0.0000000000
0.0000000000
-0.0901947021
0.0000000000
0.1398620605
0.8391418457
0.0000000000
-0.2797088623
0.0699310303
0.1398620605
-0.0699310303
0.0699310303
0.0000000000
0.0000000000
0.0000000000
0.0911560059
0.0000000000
0.0911560059
0.0000000000
0.0911560059
0.1402435303
0.1869964600
-0.7947082520
0.2804870605
0.1869964600
-0.2337341309
0.1402435303
0.2337341309
0.0000000000
-0.4953613281
-0.0990753174
-0.1981506348
-0.0990753174
0.2972259521
0.0990753174
-0.4953613281
0.1616058350
-0.0323181152
-0.1292877197
0.9373016357
-0.0323181152
-0.0323181152
0.0646362305
0.1939239502
0.1595001221
0.9037933350
0.1595001221
0.1063232422
0.1063232422
-0.1063232422
0.0531616211
-0.0531616211
-0.0865173340
-0.3460845947
0.1730346680
-0.3460845947
0.0865173340
-0.5191192627
0.2595672607
0.3460845947
0.0000000000
-0.4937286377
0.0000000000
0.0000000000
-0.2468566895
0.0000000000
0.1234283447
0.1234283447
0.8642578125
0.2160644531
0.0864257812
0.0864257812
0.1728515625
0.2592773438
0.1296386719
0.1296386719
0.0000000000
0.0000000000
0.0000000000
0.0000000000
-0.0785675049
-0.0785675049
0.0000000000
0.0000000000
0.1000061035
0.0000000000
0.0000000000
0.0000000000
0.1000061035
0.1000061035
0.0000000000
0.1000061035
-0.1026306152
0.9237060547
0.0000000000
0.1026306152
-0.0513153076
0.0513153076
-0.1026306152
0.1539459229
0.0903930664
0.0000000000
-0.2259826660
0.9039154053
-0.0903930664
0.1807861328
0.0903930664
-0.0903930664
0.0000000000
-0.5275421143
-0.1055145264
-0.1055145264
-0.1055145264
0.4220428467
0.0000000000
-0.3165283203
0.1483612061
-0.2225341797
-0.2225341797
-0.0741729736
0.6676177979
0.1483612061
-0.1483612061
0.4450836182
0.1160583496
0.4642333984
0.2321166992
-0.0580291748
-0.5222625732
0.5222625732
0.0580291748
0.2321166992
0.0000000000
-0.1242218018
-0.3726806641
0.0000000000
0.1242218018
-0.1242218018
0.2484588623
0.2484588623
0.7092590332
0.0788116455
0.0000000000
0.0000000000
-0.1576080322
0.3940429688
0.3152313232
0.0000000000
0.0649261475
0.3895263672
0.7141418457
-0.3246154785
-0.1298370361
0.0649261475
0.0000000000
-0.2596893311
0.2400054932
0.1199951172
0.0000000000
0.1199951172
0.0000000000
0.1199951172
-0.1199951172
0.1199951172
-0.1533508301
0.0511169434
0.2044677734
0.1533508301
0.1533508301
0.3578033447
-0.8178558350
-0.0511169434
-0.1670379639
-0.4176177979
-0.4176177979
-0.4176177979
-0.3340911865
0.0835266113
0.1670379639
0.2505645752
-0.1539001465
0.6925201416
-0.4616851807
-0.0769500732
-0.2308349609
-0.1539001465
0.0000000000
0.0000000000
0.2300720215
0.0000000000
0.1150360107
0.0000000000
-0.1150360107
-0.1150360107
0.0000000000
0.0000000000
0.1060485840
-0.4241790771
0.0000000000
0.1060485840
-0.1060485840
0.4241790771
0.4241790771
0.1060485840
0.0419006348
0.5447540283
0.2933349609
0.4190521240
0.0419006348
0.5028533936
-0.3352355957
0.1257171631
0.1610870361
-0.2684783936
0.2147827148
-0.1610870361
0.2684783936
-0.6980590820
-0.3221893311
-0.2684783936
0.1237182617
-0.3711547852
0.1237182617
0.0000000000
0.1237182617
0.0000000000
0.0000000000
0.0000000000
0.5240173340
-0.0403137207
-0.3224792480
-0.3627929688
-0.6046447754
0.2015533447
0.1209259033
0.1209259033
-0.4241790771
-0.2120971680
-0.4241790771
-0.1060485840
-0.1060485840
-0.1060485840
0.2120971680
-0.3181304932
0.0000000000
-0.1000061035
-0.1000061035
0.0000000000
0.0000000000
-0.1000061035
0.0000000000
-0.1000061035
-0.1242218018
-0.2484588623
-0.2484588623
-0.1242218018
-0.1242218018
-0.1242218018
-0.2484588623
0.2484588623
0.1132354736
0.9059448242
0.0000000000
-0.1698608398
0.0000000000
0.1698608398
-0.0566253662
0.0000000000
0.1216278076
0.0000000000
-0.1216278076
0.2432556152
0.0000000000
0.2432556152
0.0000000000
0.0000000000
0.0852355957
0.0852355957
-0.8524169922
0.1704864502
0.2131042480
-0.0852355957
0.0426177979
0.3409729004
0.0977325439
-0.3908996582
-0.0977325439
-0.2931823730
-0.0977325439
0.3908996582
0.0000000000
-0.4886322021
0.0268402100
-0.0536804199
-0.1342010498
0.9393920898
-0.1073608398
0.0000000000
0.1878814697
0.1610412598
0.1524047852
0.9144592285
0.1219329834
0.2743377686
-0.0609588623
-0.0914459229
0.0914459229
0.0000000000
-0.1577301025
-0.5257568359
-0.0525817871
-0.3680267334
0.0000000000
-0.3680267334
0.0000000000
0.5783233643
0.0000000000
0.1213989258
-0.1213989258
-0.3642120361
-0.3642120361
-0.1213989258
-0.1213989258
0.2428131104
0.8882293701
0.1973876953
0.0986938477
0.0986938477
0.0986938477
0.1973876953
0.0493469238
0.1480407715
0.1216278076
-0.1216278076
-0.1216278076
-0.1216278076
-0.1216278076
0.0000000000
0.1216278076
0.2432556152
0.1249389648
0.0000000000
-0.2498626709
0.0000000000
-0.1249389648
-0.2498626709
0.2498626709
-0.1249389648
0.0000000000
0.9421691895
0.0942230225
0.0471038818
0.0942230225
-0.0942230225
-0.0942230225
0.0471038818
-0.1035308838
-0.0207061768
-0.2691955566
0.8282928467
-0.1035308838
0.0828247070
0.1656646729
-0.4141540527
0.5794219971
-0.0724334717
0.3621368408
-0.2172851562
-0.0724334717
0.3621368408
0.2897033691
-0.2897033691
-0.5276031494
0.1758728027
0.5276031494
0.0586242676
-0.3517303467
0.2344818115
0.1758728027
-0.2931060791
-0.3636779785
-0.1818389893
0.0909118652
-0.1818389893
0.4545898438
0.3636779785
-0.1818389893
0.3636779785
-0.1190643311
-0.2381439209
-0.2381439209
0.0000000000
0.2381439209
0.2381439209
0.3572082520
0.2381439209
0.9695281982
-0.0510253906
-0.0255126953
0.0255126953
-0.1020507812
-0.0510253906
-0.0765380859
-0.1275634766
0.0158538818
-0.0317077637
0.9831237793
0.0951385498
0.0792846680
-0.0158538818
-0.0475769043
-0.0792846680
-0.1147766113
0.2295379639
-0.1147766113
0.0000000000
0.1147766113
-0.5738525391
0.1147766113
0.2295379639
-0.2549591064
0.0159301758
0.1274871826
0.1912231445
0.1274871826
0.2390289307
-0.8923797607
-0.0637359619
-0.2199401855
-0.2199401855
0.1099700928
0.3299102783
0.5498504639
-0.1099700928
0.0000000000
-0.1099700928
-0.0280303955
0.9812774658
-0.0560760498
-0.0280303955
0.0560760498
0.0560760498
0.0000000000
-0.0280303955
-0.3042907715
-0.3042907715
0.1014251709
0.4057312012
0.0000000000
-0.3042907715
-0.1014251709
0.4057312012
-0.1250000000
0.1250000000
0.0000000000
-0.3750000000
0.0000000000
0.2500000000
0.0000000000
0.1250000000
0.3703002930
0.2468566895
-0.2468566895
-0.1234283447
-0.1234283447
-0.1234283447
0.1234283447
-0.1234283447
0.8035888672
-0.2008972168
0.0803527832
-0.4017944336
-0.1607208252
-0.1607208252
0.2008972168
0.0401763916
0.1184692383
-0.1184692383
-0.5923156738
-0.1184692383
0.0000000000
-0.1184692383
0.1184692383
0.1184692383
0.6012725830
0.2576904297
0.0000000000
-0.3435821533
-0.0858917236
-0.0858917236
0.0000000000
0.4294891357
-0.1487579346
-0.1487579346
0.7438201904
-0.0743865967
0.0743865967
0.0743865967
0.0000000000
-0.4462890625
0.2486572266
0.1243286133
0.1243286133
-0.1243286133
0.0000000000
0.2486572266
-0.1243286133
0.1243286133
0.2422027588
-0.1038055420
-0.1383972168
-0.8995971680
0.0691986084
0.0691986084
0.2075958252
-0.1038055420
0.3452911377
0.8056793213
0.0000000000
0.1150970459
-0.2301940918
0.1150970459
-0.1150970459
0.1726379395
-0.6105041504
0.5765838623
0.1695861816
0.3052520752
0.1695861816
-0.2713317871
0.0678405762
0.1695861816
0.0000000000
0.3545379639
0.7878570557
-0.0393981934
0.1181793213
-0.0787811279
0.2363586426
-0.3545379639
-0.3299102783
-0.3299102783
-0.3299102783
0.0000000000
-0.2199401855
-0.3299102783
0.1099700928
-0.2199401855
0.3185424805
-0.0530853271
0.1061859131
0.8494415283
0.0530853271
-0.2123565674
-0.1061859131
0.1061859131
0.4821166992
0.1928405762
-0.3856964111
-0.1928405762
0.2892761230
-0.0964202881
-0.2892761230
-0.1928405762
0.3407287598
0.4336547852
0.4956054688
0.0309753418
0.2478027344
0.4956054688
-0.1239013672
-0.3097534180
0.0343170166
-0.9607849121
0.0686340332
-0.0343170166
0.0343170166
0.1372528076
0.0343170166
0.1029357910
0.8498382568
-0.0472106934
0.0000000000
-0.1888580322
-0.1416320801
-0.3304901123
-0.0472106934
-0.1888580322
0.1213989258
-0.3642120361
0.0000000000
-0.1213989258
-0.3642120361
-0.1213989258
0.1213989258
0.2428131104
-0.1216278076
0.1216278076
-0.1216278076
0.0000000000
-0.1216278076
-0.1216278076
0.1216278076
-0.2432556152
0.0000000000
0.8251800537
0.0000000000
0.0000000000
0.0634765625
-0.3173828125
-0.2539062500
0.1269531250
-0.1233673096
0.0308380127
-0.3084259033
0.8635864258
-0.1233673096
0.2158966064
0.0616912842
-0.2158966064
0.3640289307
-0.3640289307
0.3640289307
-0.3640289307
-0.2184143066
0.2184143066
-0.0727996826
-0.4368438721
-0.4960784912
0.2480316162
0.3307189941
-0.0826721191
-0.4960784912
0.0826873779
0.1653594971
-0.2480316162
-0.3498535156
-0.3498535156
0.3498535156
-0.1166229248
0.1166229248
0.1166229248
0.0000000000
0.2332305908
0.0000000000
-0.2009429932
0.2009429932
-0.2009429932
0.3014221191
0.1004791260
0.5023651123
0.4018859863
0.3016815186
-0.2262573242
-0.3771057129
0.0754241943
-0.2262573242
0.0000000000
0.0754241943
-0.6787872314
0.0887603760
-0.0295867920
0.9468383789
0.0591735840
0.1183471680
0.0591735840
-0.1183471680
-0.1775360107
0.3590087891
0.0000000000
-0.2393341064
-0.1196746826
-0.1196746826
-0.3590087891
0.2393341064
0.1196746826
-0.4266815186
0.0328216553
0.1641082764
0.4923248291
0.3610382080
0.4923248291
-0.0984649658
-0.3610382080
0.0955810547
0.0000000000
0.1911621094
0.4779052734
0.4779052734
-0.2867431641
0.0955810547
0.2867431641
0.0735015869
0.9555511475
0.0000000000
0.0367584229
0.0367584229
0.0000000000
-0.0367584229
-0.1837615967
-0.2009429932
-0.2009429932
0.0000000000
0.3014221191
0.0000000000
-0.3014221191
-0.1004791260
0.6028289795
0.0000000000
0.0000000000
0.0000000000
-0.2226867676
0.0000000000
0.0000000000
-0.1113433838
0.1113433838
0.0000000000
0.6362762451
0.1060485840
-0.1060485840
0.0000000000
-0.3181304932
0.2120971680
0.1060485840
0.7128295898
-0.4073333740
0.1527557373
-0.3564147949
0.0509185791
-0.2036743164
0.1527557373
-0.1527557373
-0.1216278076
0.1216278076
-0.2432556152
0.0000000000
0.0000000000
-0.2432556152
0.0000000000
0.0000000000
0.1776275635
0.3552398682
-0.1776275635
-0.4440612793
-0.3552398682
0.0888061523
0.0888061523
0.4440612793
-0.3201599121
-0.1600799561
0.0800323486
-0.3201599121
0.0800323486
0.1600799561
0.3201599121
-0.6403045654
0.1247253418
-0.1247253418
0.1247253418
0.0000000000
0.0000000000
0.3741607666
-0.1247253418
0.1247253418
0.4226531982
-0.1408843994
-0.2113342285
-0.1408843994
0.3522186279
0.3522186279
0.4931030273
-0.2817687988
0.2889556885
0.7223968506
0.0000000000
-0.2167205811
-0.1444854736
0.0000000000
-0.1444854736
0.3612060547
-0.5969238281
0.5306091309
0.0663299561
0.1989746094
0.3316345215
-0.1989746094
-0.1326446533
0.0663299561
-0.0604095459
0.3020324707
0.7248687744
0.0000000000
0.1812133789
-0.0604095459
0.3624267578
-0.3020324707
-0.1123352051
-0.4493408203
-0.2246704102
-0.1123352051
0.1123352051
-0.1123352051
0.1123352051
-0.4493408203
0.4027709961
-0.1611022949
-0.2013854980
0.8055419922
0.0402832031
-0.2013854980
-0.0402832031
0.1611022949
0.3579101562
-0.4175567627
-0.2982635498
-0.3579101562
0.3579101562
-0.0596466064
-0.4175567627
-0.2386016846
0.2467346191
0.5428009033
0.6414947510
-0.0493469238
0.1480407715
0.2960815430
-0.0493469238
-0.1973876953
0.2126617432
-0.9037933350
0.0531616211
-0.1063232422
0.0000000000
0.1595001221
0.0531616211
0.0531616211
0.8719024658
0.0581207275
-0.0581207275
-0.1162567139
0.0000000000
-0.2324981689
-0.2324981689
0.0000000000
0.1247253418
-0.2494506836
0.0000000000
0.0000000000
-0.2494506836
-0.1247253418
0.2494506836
0.0000000000
-0.1064758301
0.0000000000
-0.1064758301
0.0000000000
-0.1064758301
0.1064758301
0.0000000000
-0.1064758301
0.1172332764
-0.1172332764
0.0000000000
0.1172332764
0.0000000000
-0.5861816406
-0.2344665527
0.1172332764
-0.0584259033
0.0000000000
-0.3505401611
0.7594909668
-0.1752624512
0.3505401611
0.0000000000
-0.1752624512
0.3622283936
-0.3622283936
0.0000000000
-0.3622283936
-0.1811065674
0.2716674805
-0.0905609131
-0.4527893066
-0.5135345459
0.1711730957
0.3423614502
-0.1711730957
-0.5135345459
0.0855865479
0.1711730957
-0.0855865479
-0.1963348389
0.2945098877
0.2945098877
-0.1963348389
-0.5890197754
0.0981750488
0.0981750488
0.1963348389
-0.2120971680
-0.1060485840
0.2120971680
-0.3181304932
0.1060485840
0.1060485840
0.4241790771
0.4241790771
-0.8026275635
-0.1416320801
-0.2832794189
0.0472106934
-0.0944213867
0.1416320801
0.0944213867
-0.3777008057
0.1756591797
0.0000000000
0.7904663086
-0.0878295898
0.0000000000
0.2634887695
-0.2195739746
-0.3952331543
0.1247863770
0.0000000000
-0.1247863770
-0.3743438721
-0.2495727539
-0.1247863770
0.1247863770
-0.1247863770
-0.1925201416
0.0000000000
0.0641784668
0.2246093750
0.3850402832
0.2887878418
0.7700958252
-0.2246093750
0.1365814209
0.0682983398
0.4780426025
0.4780426025
0.2731628418
-0.4097595215
-0.0682983398
0.3414611816
0.0000000000
0.8852691650
0.0520782471
0.0520782471
-0.2082977295
0.0000000000
-0.1041564941
-0.2603759766
0.0000000000
0.0000000000
-0.1250000000
0.1250000000
0.0000000000
-0.2500000000
-0.1250000000
0.3750000000
-0.1237182617
-0.2474365234
0.0000000000
0.0000000000
0.1237182617
-0.1237182617
-0.1237182617
0.2474365234
0.2872619629
0.5745391846
0.4596252441
0.2298126221
0.2298126221
0.3447265625
-0.1149139404
0.1723632812
0.6388702393
-0.4791564941
0.1064758301
-0.0532379150
0.2129516602
-0.3726806641
-0.1597137451
-0.2129516602
-0.2474365234
0.2474365234
-0.1237182617
0.0000000000
-0.1237182617
-0.1237182617
0.0000000000
-0.1237182617
0.3025817871
0.2420654297
-0.3025817871
-0.3630981445
-0.6051483154
0.1210327148
0.1815490723
0.3025817871
-0.3557281494
-0.3557281494
-0.3557281494
-0.2845764160
0.0711517334
0.1422882080
0.1422882080
-0.5691680908
0.1199951172
-0.1199951172
0.0000000000
0.0000000000
0.1199951172
0.2400054932
-0.1199951172
0.1199951172
0.2387390137
0.0000000000
-0.1909942627
0.7162170410
0.4297332764
0.1432495117
0.2387390137
-0.2387390137
0.0783233643
0.6266326904
0.1566619873
-0.5483093262
-0.0783233643
-0.0783233643
0.0000000000
0.2349853516
-0.4714050293
0.3535461426
0.1178436279
0.0000000000
0.2357025146
-0.1178436279
-0.1178436279
0.0000000000
-0.1071319580
0.2142791748
0.0000000000
0.1071319580
0.2142791748
-0.2142791748
0.6428222656
0.0000000000
0.1099700928
-0.4398803711
-0.1099700928
0.0000000000
0.4398803711
-0.1099700928
-0.1099700928
-0.3299102783
0.3784027100
-0.1746520996
-0.2037658691
0.8441467285
0.0000000000
-0.1164398193
-0.0291137695
0.1746520996
0.2239990234
-0.5599822998
-0.1679992676
-0.3359832764
0.4479827881
0.0000000000
-0.3359832764
-0.2799987793
-0.1769409180
0.3538970947
0.4423675537
-0.2654266357
0.0884704590
-0.4423675537
0.2654266357
0.1769409180
0.2393646240
-0.7180938721
0.0000000000
-0.2393646240
-0.1595764160
0.3191528320
0.1595764160
0.0000000000
0.9048767090
0.1508178711
-0.0502777100
-0.1005401611
0.1005401611
-0.1005401611
-0.2010803223
0.0502777100
0.0000000000
-0.1150360107
0.0000000000
0.0000000000
-0.1150360107
0.0000000000
0.2300720215
-0.1150360107
-0.2494506836
-0.1247253418
-0.2494506836
0.1247253418
-0.1247253418
-0.1247253418
-0.1247253418
0.1247253418
0.2165069580
-0.4330139160
0.2165069580
0.3247528076
0.1082458496
-0.3247528076
0.1082458496
0.2165069580
-0.2586212158
0.0000000000
0.0000000000
0.5172424316
-0.2586212158
0.5172424316
-0.0862121582
-0.2586212158
0.0826873779
-0.1653594971
-0.1653594971
-0.3307189941
-0.0826721191
0.5787506104
0.0826873779
-0.4960784912
-0.5499114990
0.1833038330
0.1833038330
-0.1833038330
-0.3666076660
0.1833038330
0.3666076660
0.0000000000
0.1285095215
0.5782775879
0.1285095215
-0.1285095215
-0.5782775879
0.3212585449
0.0642547607
0.1927642822
-0.2495727539
0.1247863770
0.0000000000
-0.1247863770
0.1247863770
0.1247863770
0.3743438721
0.1247863770
-0.6706237793
-0.2011871338
-0.2682495117
0.0670623779
-0.1341247559
0.2011871338
-0.0670623779
-0.4694366455
0.4289550781
0.0000000000
0.5898132324
-0.2144775391
-0.1608581543
0.2680969238
-0.2144775391
-0.4289550781
0.0000000000
0.0000000000
0.0000000000
-0.3726806641
-0.1242218018
0.0000000000
0.1242218018
-0.3726806641
-0.0866699219
0.0000000000
0.0000000000
0.2166748047
0.4766845703
0.2600097656
0.7366943359
-0.2166748047
0.2540588379
0.1693725586
0.2540588379
0.5081176758
0.2540588379
-0.4234313965
-0.2540588379
0.1693725586
0.0000000000
0.7484741211
0.0000000000
0.0000000000
-0.2806854248
0.1871185303
-0.0935668945
-0.0935668945
0.0000000000
0.0000000000
-0.1228332520
0.0000000000
0.0000000000
-0.1228332520
0.0000000000
0.3685150146
0.0000000000
-0.1224670410
0.0000000000
0.0000000000
0.1224670410
-0.3674163818
-0.3674163818
0.2449493408
0.2765502930
0.4978027344
0.4424896240
0.2765502930
0.2765502930
0.3871765137
-0.1659393311
0.2212371826
0.5088195801
-0.3180084229
0.0635986328
-0.0635986328
0.1908111572
-0.4452209473
-0.4452209473
-0.2544097900
-0.1216278076
0.1216278076
0.1216278076
0.1216278076
0.0000000000
-0.1216278076
0.1216278076
-0.2432556152
0.4451904297
0.1483917236
-0.3957214355
-0.3462677002
-0.5935974121
0.1978607178
0.1483917236
0.0989379883
-0.3221893311
-0.3221893311
-0.2416381836
-0.2416381836
-0.0805511475
0.0805511475
0.1611022949
-0.6443786621
0.0000000000
-0.1000061035
-0.1000061035
0.0000000000
0.0000000000
0.0000000000
-0.1000061035
0.1000061035
0.1051483154
-0.0525817871
-0.1051483154
0.8937683105
0.2628784180
-0.0525817871
-0.0525817871
-0.1051483154
0.2131805420
0.2131805420
0.2131805420
-0.5329437256
-0.3197631836
0.0000000000
0.1065826416
0.2131805420
0.0000000000
0.0000000000
0.2486572266
0.0000000000
0.2486572266
-0.2486572266
0.0000000000
0.1243286133
0.0749969482
0.1499938965
-0.6750030518
0.1499938965
0.2250061035
-0.3000030518
0.3750000000
0.1499938965
0.1184692383
-0.3553924561
-0.1184692383
-0.1184692383
0.3553924561
0.0000000000
0.1184692383
-0.3553924561
0.3037719727
-0.1104583740
-0.1380767822
0.9113311768
-0.0276184082
-0.0276184082
-0.0276184082
0.1380767822
0.2967224121
-0.4450836182
0.0000000000
-0.3708953857
0.5192565918
-0.1483612061
-0.2225341797
-0.2225341797
-0.1637268066
-0.1637268066
-0.1637268066
-0.0818634033
0.1637268066
-0.6548919678
0.4093017578
0.2455902100
0.0000000000
-0.4908447266
0.1963348389
-0.0981750488
-0.2945098877
0.4908447266
0.1963348389
0.0000000000
0.9235382080
0.1629791260
0.0543212891
-0.0543212891
0.0543212891
0.1086578369
0.0000000000
0.0543212891
0.0000000000
-0.1000061035
0.0000000000
0.0000000000
-0.1000061035
0.0000000000
0.1000061035
-0.1000061035
0.0000000000
-0.0911560059
-0.0911560059
0.0000000000
0.0000000000
0.0000000000
0.0000000000
0.0911560059
0.0000000000
0.7132263184
0.1782989502
0.2674560547
0.1782989502
-0.2674560547
0.0891571045
0.0000000000
-0.1557159424
0.0000000000
-0.0778656006
0.7786102295
0.0000000000
0.3114471436
-0.0778656006
-0.2335815430
0.2549438477
-0.2549438477
-0.3399353027
-0.1699676514
-0.4249114990
0.4249114990
0.0000000000
-0.3399353027
-0.1105499268
0.0000000000
-0.2211151123
-0.5527648926
0.0000000000
0.2211151123
-0.1105499268
0.3316650391
0.2803955078
0.5607910156
0.1401977539
-0.2102966309
-0.3504943848
0.4205932617
0.0000000000
0.2803955078
0.0000000000
0.0000000000
0.0000000000
0.0000000000
0.1216278076
0.2432556152
0.2432556152
-0.1216278076
0.2176361084
-0.2176361084
0.0000000000
0.1088256836
-0.2176361084
0.3264617920
-0.3264617920
-0.4352722168
0.5966949463
0.0000000000
0.4475250244
-0.1491699219
-0.2983398438
0.2983398438
-0.0745849609
-0.2237548828
-0.1178436279
-0.1178436279
0.1178436279
0.0000000000
0.1178436279
0.2357025146
0.0000000000
0.0000000000
0.0000000000
0.1611022949
-0.1611022949
0.2416381836
0.5638275146
0.4027404785
0.4027404785
-0.1611022949
0.3480072021
-0.1159973145
-0.2320098877
0.2320098877
0.2320098877
0.0000000000
-0.3480072021
-0.2320098877
-0.0846862793
0.7621765137
-0.2540588379
-0.0846862793
-0.1693725586
0.1693725586
-0.0846862793
0.1693725586
0.0000000000
0.0000000000
0.0000000000
-0.1178436279
-0.1178436279
-0.1178436279
-0.1178436279
0.2357025146
-0.1238555908
0.1238555908
0.1238555908
0.3715667725
-0.2477111816
0.2477111816
0.1238555908
0.0000000000
0.2236480713
0.5591125488
0.3354644775
0.3913726807
0.2795562744
0.3354644775
-0.2236480713
0.1677398682
0.2011871338
-0.0670623779
0.0000000000
-0.2011871338
0.1341247559
-0.7376861572
-0.4023742676
-0.2011871338
0.0000000000
0.0000000000
0.0911560059
0.0000000000
0.0000000000
0.0000000000
0.0911560059
-0.0911560059
0.5408782959
0.1081695557
-0.4326934814
-0.2704315186
-0.4867858887
0.1622619629
0.2704315186
0.0540924072
-0.3123779297
-0.2342834473
0.3123779297
-0.3123779297
-0.1561889648
-0.1561889648
0.3123779297
-0.5466613770
-0.1000061035
-0.1000061035
0.0000000000
0.1000061035
0.0000000000
0.0000000000
0.0000000000
0.1000061035
-0.1237182617
-0.1237182617
-0.1237182617
0.2474365234
0.1237182617
0.0000000000
-0.2474365234
0.0000000000
0.0931701660
0.5590209961
0.2795104980
-0.3726806641
-0.1863403320
0.1863403320
-0.0931701660
0.2795104980
0.0000000000
0.1243286133
-0.1243286133
0.1243286133
0.2486572266
-0.1243286133
0.1243286133
0.2486572266
0.0000000000
0.0000000000
-0.8622283936
0.1326446533
0.1326446533
0.0000000000
0.0663299561
0.2653045654
0.1123352051
-0.1123352051
-0.2246704102
-0.3370056152
0.0000000000
0.0000000000
0.1123352051
-0.5616760254
0.1738281250
-0.1086425781
-0.1303710938
0.9560394287
0.0434570312
0.0434570312
0.0217285156
0.0869140625
0.2243804932
0.6731262207
0.0747985840
-0.0747985840
0.0000000000
-0.5235443115
0.1495819092
0.0000000000
0.0000000000
-0.4290313721
0.0000000000
-0.2860260010
-0.1430053711
-0.3575286865
0.0000000000
0.6435394287
0.0000000000
-0.2498626709
0.1249389648
-0.1249389648
-0.2498626709
0.2498626709
0.1249389648
0.0000000000
0.8763275146
0.2336883545
0.1752624512
0.0000000000
0.0584259033
0.1168518066
0.1168518066
0.0584259033
0.0000000000
-0.0911560059
0.0911560059
0.0000000000
-0.0911560059
0.0000000000
0.0000000000
0.0000000000
0.1150360107
-0.1150360107
0.0000000000
0.0000000000
-0.1150360107
0.2300720215
0.0000000000
0.0000000000
-0.0756378174
0.8319549561
0.1512603760
0.0000000000
0.0756378174
-0.2268981934
0.0756378174
-0.1512603760
-0.1923675537
0.0641174316
-0.0641174316
0.8335723877
0.0000000000
0.3206024170
-0.1282348633
-0.0641174316
0.3636779785
-0.3636779785
-0.2727508545
0.0000000000
-0.3636779785
0.3636779785
-0.1818389893
-0.2727508545
0.2783508301
-0.0927886963
-0.2783508301
-0.3711395264
0.4639129639
0.0927886963
-0.3711395264
0.1855621338
0.2434997559
0.4869842529
0.2434997559
-0.1947937012
-0.3408966064
0.5356903076
-0.0973968506
0.3408966064
0.1178436279
-0.1178436279
-0.4714050293
0.0000000000
0.3535461426
0.1178436279
0.0000000000
0.2357025146
0.7453613281
0.0000000000
0.0931701660
-0.0931701660
-0.2795104980
0.0931701660
0.0000000000
-0.1863403320
0.5879974365
0.0000000000
0.5226745605
0.0000000000
-0.2613372803
0.3919982910
0.0000000000
-0.1306610107
0.0000000000
0.1228332520
0.2456817627
0.0000000000
0.1228332520
0.2456817627
-0.1228332520
0.0000000000
-0.1705627441
0.1705627441
-0.2558593750
0.2558593750
0.5117034912
0.5117034912
0.1705627441
-0.0852813721
0.2222900391
-0.2222900391
-0.5557098389
-0.1111450195
0.0000000000
0.2222900391
-0.2222900391
-0.1111450195
-0.3057556152
0.4076843262
-0.5095977783
-0.1019134521
-0.2038421631
-0.1019134521
0.0000000000
0.2038421631
0.0000000000
0.0000000000
0.1178436279
0.0000000000
-0.1178436279
-0.1178436279
-0.1178436279
0.2357025146
-0.0687713623
0.0687713623
0.2063140869
0.4126281738
-0.3438568115
0.6189422607
0.3438568115
0.0000000000
0.2121887207
0.5153350830
0.3031311035
0.4546966553
0.2121887207
0.4243927002
-0.3637695312
0.0606231689
-0.1293029785
-0.1293029785
0.1939544678
-0.1939544678
0.2586059570
-0.7758178711
-0.1293029785
-0.2586059570
0.2490844727
-0.2490844727
0.3736267090
0.0000000000
0.0000000000
0.0000000000
0.1245422363
-0.1245422363
0.5018005371
0.0716857910
-0.4301147461
-0.2150573730
-0.4301147461
0.1433715820
0.3584289551
0.0716857910
-0.2234802246
0.0000000000
0.2234802246
0.0000000000
0.1117401123
-0.1117401123
0.4469451904
-0.4469451904
-0.1243286133
-0.3729858398
-0.1243286133
0.0000000000
-0.1243286133
0.0000000000
0.1243286133
0.0000000000
-0.3087463379
0.0000000000
0.0000000000
-0.6174926758
-0.2058258057
-0.1029205322
-0.2058258057
0.2058258057
0.0000000000
0.6768798828
0.1504211426
-0.3760528564
-0.1504211426
0.3008422852
-0.1504211426
0.2256317139
0.2500000000
0.1250000000
0.0000000000
0.2500000000
0.1250000000
-0.1250000000
0.1250000000
0.2500000000
-0.1535491943
-0.0511779785
-0.8189239502
0.0000000000
0.1535491943
0.1535491943
-0.0511779785
0.4094543457
0.1055145264
-0.1055145264
-0.2110137939
-0.3165283203
-0.1055145264
0.0000000000
-0.1055145264
-0.6330566406
0.1051483154
-0.1226806641
-0.0876312256
0.9638671875
0.0000000000
0.0000000000
0.0876312256
0.1401977539
0.2523040771
0.7064666748
0.1009216309
0.1513824463
-0.2018432617
-0.5046234131
0.1513824463
0.0504608154
-0.0418701172
-0.4605407715
0.0000000000
-0.3768157959
-0.1256103516
-0.2512054443
-0.0418701172
0.7117614746
-0.1178436279
0.1178436279
0.0000000000
-0.1178436279
0.0000000000
0.0000000000
-0.2357025146
0.1178436279
0.9317626953
0.1694183350
0.1694183350
-0.0847015381
0.0423583984
0.0000000000
0.0847015381
0.0000000000
0.1064758301
-0.1064758301
0.0000000000
0.0000000000
-0.1064758301
0.1064758301
0.1064758301
0.0000000000
0.2270965576
0.0000000000
-0.2270965576
-0.1135406494
-0.2270965576
0.1135406494
0.4541778564
-0.3406372070
-0.1710662842
0.9408569336
-0.0855255127
0.1710662842
0.0285034180
-0.0855255127
-0.0855255127
0.0855255127
-0.0207977295
-0.1039886475
-0.3119506836
0.7486877441
-0.0415954590
-0.0415954590
0.2911529541
-0.4783325195
-0.0891571045
0.0000000000
0.5349121094
0.1782989502
0.5349121094
-0.1782989502
-0.2674560547
0.0891571045
-0.5294189453
0.1176452637
0.3529357910
-0.1176452637
-0.4117584229
0.0588226318
0.0000000000
-0.5294189453
-0.2892761230
-0.0964202881
0.3856964111
0.0000000000
0.3856964111
0.1928405762
-0.0964202881
0.4821166992
0.1172332764
-0.1172332764
0.0000000000
0.3517150879
-0.1172332764
0.4689483643
0.1172332764
0.2344665527
0.9769897461
-0.0227203369
-0.0454406738
0.0681610107
-0.0908813477
0.0227203369
-0.0681610107
-0.0908813477
-0.0404357910
-0.0673828125
0.9703063965
0.1752014160
0.0943298340
-0.0673828125
-0.0269470215
-0.0404357910
0.1249389648
0.1249389648
0.0000000000
-0.1249389648
-0.1249389648
-0.3748016357
0.1249389648
0.1249389648
-0.1625976562
0.0135498047
0.1354980469
0.0677490234
0.0812988281
0.1083984375
-0.9620056152
0.0270996094
-0.4758453369
-0.2855072021
0.3806762695
0.0951690674
0.3806762695
0.1903381348
0.0000000000
-0.1903381348
-0.0509490967
0.9679565430
-0.1528320312
-0.0509490967
0.0509490967
0.0509490967
0.0509490967
-0.0764160156
-0.2498626709
-0.2498626709
0.1249389648
0.2498626709
0.0000000000
-0.1249389648
0.0000000000
-0.1249389648
0.0000000000
-0.3498535156
-0.2332305908
-0.3498535156
0.0000000000
-0.2332305908
-0.2332305908
0.2332305908
0.4259185791
0.4791564941
0.3194427490
0.0000000000
-0.2129516602
0.5856323242
-0.0532379150
-0.0532379150
0.7401428223
-0.2643432617
-0.0528717041
-0.4229431152
-0.1057281494
-0.2643432617
0.1585998535
0.0528717041
0.0000000000
0.1141510010
-0.5707855225
0.0000000000
-0.1141510010
-0.1141510010
0.1141510010
0.3424682617
0.5393066406
0.1078643799
-0.1617889404
-0.5932312012
-0.1617889404
0.2157135010
-0.2157135010
0.3235778809
-0.3088378906
-0.1853027344
0.6176605225
-0.3088378906
-0.2470703125
0.1853027344
0.1853027344
-0.3705902100
0.0000000000
0.0000000000
0.0000000000
0.0000000000
-0.0911560059
0.0911560059
0.0000000000
0.0911560059
0.1001434326
-0.1001434326
-0.1335296631
-0.9347381592
0.1669158936
0.0667724609
0.1001434326
-0.1001434326
0.1555938721
0.9335632324
0.0518646240
0.1037292480
0.0000000000
0.0000000000
-0.0518646240
0.0000000000
-0.6481018066
0.5040893555
0.2520446777
0.2880554199
0.1440277100
-0.2520446777
0.1800231934
0.1440277100
0.0000000000
0.3695526123
0.7919006348
0.0000000000
-0.0527954102
-0.0527954102
0.2639617920
-0.2639617920
-0.0931701660
-0.3726806641
-0.2795104980
0.0000000000
-0.6521911621
-0.0931701660
0.0000000000
-0.1863403320
0.3781280518
-0.0472717285
-0.0945281982
0.8507843018
-0.0472717285
-0.0945281982
-0.1890563965
0.0472717285
0.0868377686
0.9551544189
-0.0868377686
-0.0868377686
0.0000000000
-0.0434112549
-0.0434112549
0.0000000000
0.2322845459
0.1742095947
0.7258605957
-0.0580749512
0.2322845459
0.5226287842
0.0290374756
-0.1742095947
0.0000000000
-0.9681243896
0.0333862305
-0.1001434326
0.0333862305
0.0667724609
0.0000000000
0.1001434326
0.7663269043
-0.0638580322
0.0638580322
-0.1915893555
-0.3193054199
-0.2554473877
0.0000000000
-0.2554473877
0.0000000000
-0.1249389648
-0.1249389648
0.0000000000
-0.2498626709
-0.2498626709
-0.1249389648
0.2498626709
0.1238555908
-0.1238555908
0.0000000000
-0.1238555908
-0.2477111816
0.1238555908
0.2477111816
-0.3715667725
-0.0669403076
0.9818725586
-0.0223083496
0.0446319580
0.0000000000
-0.0892639160
-0.0669403076
0.0223083496
-0.0809326172
-0.0269775391
-0.3237152100
0.8632354736
-0.0809326172
0.1348724365
0.1888275146
-0.2427825928
0.2472076416
-0.2472076416
0.1648101807
-0.0823974609
-0.1648101807
-0.4944305420
-0.5768280029
-0.0823974609
-0.3417053223
0.2440795898
0.1952514648
-0.0976257324
-0.5857696533
-0.4393310547
0.0976257324
-0.3905181885
-0.2684936523
0.2684936523
0.4474945068
0.0894927979
-0.2684936523
0.0000000000
-0.0894927979
0.5369873047
0.1196746826
-0.2393341064
0.3590087891
0.1196746826
-0.1196746826
0.3590087891
0.2393341064
0.0000000000
0.9071655273
-0.0503997803
0.0000000000
0.0503997803
-0.1511993408
0.0503997803
0.1511993408
-0.2015838623
-0.0180664062
-0.0541839600
0.9573211670
0.2167510986
0.1083679199
-0.0541839600
-0.0541839600
-0.0722503662
0.2484588623
-0.1242218018
0.0000000000
-0.1242218018
-0.2484588623
-0.3726806641
0.1242218018
0.0000000000
-0.2171783447
-0.0217132568
0.1737365723
0.1954650879
0.1303100586
0.2388916016
-0.8904418945
-0.0434417725
-0.2068481445
-0.1034240723
0.3102722168
0.4136962891
0.5171051025
0.0000000000
0.1034240723
0.1034240723
0.0258941650
0.9581604004
-0.1812744141
0.0000000000
0.0000000000
-0.0517883301
0.0000000000
-0.1553802490
0.0000000000
-0.2484588623
0.1242218018
0.1242218018
0.0000000000
-0.2484588623
-0.1242218018
0.3726806641
-0.1247253418
-0.3741607666
0.0000000000
-0.1247253418
-0.1247253418
-0.1247253418
0.0000000000
0.1247253418
0.3642730713
0.5261688232
0.4856872559
0.1214294434
0.1214294434
0.4452209473
-0.2428436279
0.1214294434
0.6827392578
-0.3413696289
0.0569000244
-0.3982696533
-0.0569000244
-0.3413696289
0.0000000000
-0.1706848145
-0.1113433838
0.1113433838
-0.1113433838
0.0000000000
-0.1113433838
-0.1113433838
0.0000000000
0.1113433838
0.4120178223
0.2472076416
-0.3296203613
-0.4120178223
0.0000000000
0.2472076416
-0.1648101807
0.4120178223
-0.4551544189
-0.1706848145
0.3982696533
-0.3982696533
-0.1706848145
0.2275848389
0.2275848389
-0.4551544189
0.1199951172
0.0000000000
0.1199951172
-0.1199951172
0.0000000000
0.2400054932
-0.1199951172
0.1199951172
0.1623687744
-0.0974273682
-0.1298980713
-0.9092559814
0.1948394775
0.0324707031
0.1948394775
-0.0974273682
0.1300048828
0.9533691406
0.0000000000
0.0866699219
-0.0433349609
0.0433349609
0.0000000000
0.0433349609
-0.6505889893
0.4554138184
0.2602386475
0.1951751709
0.2602386475
-0.1951751709
0.0000000000
0.1301116943
-0.0943603516
0.4717712402
0.4717712402
-0.1887054443
0.0943603516
-0.1887054443
0.3774108887
-0.0943603516
0.0000000000
-0.4357910156
-0.0871582031
-0.2614746094
-0.6101074219
0.1743164062
0.0000000000
-0.2614746094
0.2707519531
-0.0386810303
-0.2320709229
0.8896331787
0.0773620605
0.0000000000
-0.1547241211
-0.0386810303
0.0000000000
0.9469451904
-0.1014556885
-0.1352844238
0.0676422119
-0.0676422119
-0.1352844238
-0.1014556885
0.1368560791
0.0456237793
0.8210906982
-0.1368560791
0.3193206787
0.2736968994
0.1824645996
-0.0912322998
0.0495910645
-0.9421539307
0.0495910645
-0.0991821289
0.0495910645
0.0495910645
0.0991821289
0.0495910645
0.6751251221
-0.0843963623
0.0000000000
-0.1687774658
-0.3375549316
-0.3375549316
-0.1687774658
-0.0843963623
0.0000000000
-0.1216278076
0.0000000000
0.0000000000
-0.2432556152
-0.2432556152
-0.1216278076
0.0000000000
0.0000000000
-0.1238555908
0.2477111816
-0.1238555908
-0.3715667725
0.1238555908
0.1238555908
-0.2477111816
0.0219116211
0.9857177734
0.0438079834
-0.0438079834
-0.0438079834
-0.0657196045
-0.0219116211
-0.0438079834
-0.1020965576
0.1020965576
-0.1531524658
0.8678283691
-0.2041931152
0.2041931152
0.1531524658
-0.1020965576
0.2958526611
-0.2958526611
0.0000000000
-0.1972351074
-0.2958526611
-0.1972351074
-0.3944702148
-0.3944702148
-0.2987823486
0.2390289307
0.0597534180
-0.1792755127
-0.5975799561
-0.4780578613
0.2390289307
-0.2390289307
-0.1580963135
0.2371520996
0.4742889404
-0.0790557861
-0.4742889404
0.1580963135
0.0000000000
0.4742889404
0.0000000000
-0.2270965576
0.4541778564
-0.1135406494
-0.3406372070
0.2270965576
0.2270965576
-0.1135406494
-0.6768798828
-0.0752105713
-0.2256317139
0.0752105713
-0.3008422852
0.0752105713
0.2256317139
-0.3760528564
0.0243682861
-0.0731048584
0.9503326416
0.2192993164
0.0000000000
0.0000000000
-0.0487365723
-0.1462097168
-0.1064758301
-0.1064758301
0.1064758301
0.0000000000
0.1064758301
0.0000000000
0.0000000000
0.1064758301
-0.3515472412
0.0000000000
0.1562500000
0.3124847412
0.2734222412
0.3124847412
-0.7030944824
-0.1952972412
0.0785675049
0.0000000000
0.5499725342
0.4714050293
0.2357025146
-0.3142700195
-0.0785675049
0.3142700195
0.0743560791
0.9417419434
-0.1982574463
0.0495605469
-0.0743560791
-0.0247802734
-0.0991363525
-0.1734771729
0.1150360107
-0.1150360107
0.0000000000
0.0000000000
0.0000000000
-0.1150360107
0.0000000000
0.2300720215
-0.2369232178
-0.2369232178
0.1184692383
0.1184692383
-0.2369232178
0.2369232178
0.3553924561
0.2369232178
0.3420257568
0.4560394287
0.4940490723
0.1520080566
0.2660217285
0.4180450439
-0.3040313721
0.1520080566
0.5283050537
-0.3962249756
0.1320800781
-0.1981201172
0.0000000000
-0.4622650146
-0.3301849365
-0.1981201172
-0.1113433838
0.1113433838
0.1113433838
-0.1113433838
-0.1113433838
-0.1113433838
0.0000000000
0.0000000000
0.4326019287
0.4326019287
-0.3460845947
-0.3460845947
-0.1730346680
0.1730346680
0.0000000000
0.2595672607
-0.4441070557
-0.2467346191
0.1480407715
-0.5428009033
-0.1480407715
0.2960815430
0.1973876953
-0.4441070557
0.0000000000
0.0000000000
0.0911560059
0.0000000000
0.0000000000
0.0911560059
0.0000000000
0.0911560059
0.1503906250
0.0000000000
-0.1503906250
-0.8647766113
0.2631988525
0.0751953125
0.2255859375
-0.1879882812
0.0000000000
0.9724578857
-0.0335388184
-0.0670623779
-0.1006011963
0.0000000000
0.0335388184
0.0335388184
-0.4445648193
0.4445648193
0.2222900391
0.2222900391
0.1111450195
-0.1111450195
0.0000000000
0.1111450195
-0.1202545166
0.1202545166
0.0000000000
-0.1202545166
0.1202545166
-0.2405242920
0.4810485840
-0.2405242920
0.0000000000
-0.4398803711
0.0000000000
-0.2199401855
-0.2199401855
0.1099700928
-0.2199401855
-0.4398803711
0.2217712402
-0.1267242432
-0.2217712402
0.9187774658
0.0633697510
0.0000000000
-0.0633697510
0.0316772461
-0.0744934082
0.9683227539
-0.0248260498
-0.1241455078
0.0744934082
0.0000000000
-0.0993194580
-0.0744934082
-0.1401977539
-0.2803955078
0.4205932617
-0.1401977539
0.2803955078
-0.2102966309
0.6308898926
0.1401977539
0.0995330811
-0.6967315674
-0.0995330811
-0.1990661621
-0.0995330811
0.0000000000
0.2985992432
0.0000000000
0.7621765137
-0.0846862793
0.0000000000
-0.0846862793
-0.2540588379
-0.1693725586
0.0000000000
-0.2540588379
0.0000000000
0.0000000000
-0.1000061035
-0.1000061035
-0.1000061035
-0.1000061035
0.0000000000
0.0000000000
-0.1064758301
0.0000000000
0.1064758301
0.0000000000
-0.1064758301
0.0000000000
-0.1064758301
-0.1064758301
0.0458374023
0.9854125977
0.0687561035
-0.0229187012
-0.0229187012
-0.0458374023
0.0000000000
-0.0458374023
-0.1552581787
0.3105163574
0.0776367188
0.6986694336
-0.3105163574
0.2328948975
0.0776367188
-0.1552581787
0.1840515137
-0.0920257568
-0.1840515137
-0.1840515137
-0.4601287842
0.3681030273
0.1840515137
-0.4601287842
-0.3611297607
0.3009338379
0.0000000000
-0.2407531738
-0.4213104248
-0.4814910889
0.4213104248
-0.1203765869
0.0678253174
0.4747619629
0.1356506348
-0.1356506348
-0.4069366455
0.5425872803
0.0678253174
0.3391113281
-0.1105499268
0.0000000000
0.4422149658
0.0000000000
-0.5527648926
0.1105499268
0.1105499268
0.0000000000
-0.6314086914
-0.0901947021
-0.1804046631
0.1804046631
-0.2705993652
0.0901947021
0.1804046631
-0.3607940674
0.1605224609
-0.0963134766
0.9309997559
0.1605224609
0.0000000000
0.0642089844
-0.0963134766
-0.1605224609
-0.2486572266
-0.1243286133
0.1243286133
-0.1243286133
0.1243286133
0.2486572266
0.0000000000
-0.1243286133
-0.1701812744
0.0425415039
0.1276245117
0.2552642822
0.2552642822
0.2127227783
-0.8083343506
-0.2552642822
0.1055145264
0.0000000000
0.2110137939
0.5275421143
0.3165283203
-0.1055145264
-0.3165283203
0.2110137939
0.1640167236
0.9020996094
-0.2733612061
0.1093444824
-0.0820159912
0.0546722412
-0.1093444824
-0.1640167236
0.1064758301
0.0000000000
0.0000000000
0.0000000000
0.0000000000
0.0000000000
0.0000000000
0.2129516602
-0.2058258057
-0.2058258057
0.2058258057
0.2058258057
-0.2058258057
0.3087463379
0.5145721436
0.2058258057
0.2887878418
0.3850555420
0.4813232422
0.1443939209
0.2887878418
0.4331970215
-0.3850555420
0.1443939209
0.3124084473
-0.3124084473
0.3124084473
-0.1874389648
0.0000000000
-0.4373779297
-0.5623321533
-0.1874389648
-0.1250000000
0.1250000000
0.1250000000
0.0000000000
-0.1250000000
-0.2500000000
0.2500000000
-0.2500000000
0.4918975830
0.3513488770
-0.3513488770
-0.2810821533
-0.4216156006
0.2108154297
0.2108154297
0.0000000000
-0.3408203125
-0.3408203125
0.1136016846
-0.5680236816
-0.1136016846
0.2272186279
0.0000000000
-0.5112304688
0.0785675049
0.0000000000
0.0000000000
0.0000000000
0.0000000000
0.0000000000
-0.0785675049
0.0000000000
0.2643432617
-0.0528717041
-0.3171997070
-0.7930145264
0.2643432617
0.0000000000
0.1585998535
-0.1057281494
0.0000000000
0.9497528076
0.0000000000
-0.1651763916
-0.1238861084
0.0000000000
0.0000000000
0.0000000000
-0.2438964844
0.1219482422
0.3658599854
0.1219482422
0.1219482422
-0.2438964844
0.2438964844
0.1219482422
-0.1024169922
0.0000000000
-0.6144866943
-0.1024169922
0.0000000000
-0.4096679688
0.2048339844
-0.1024169922
0.0000000000
-0.2332305908
0.0000000000
-0.1166229248
0.0000000000
0.2332305908
0.0000000000
-0.5830993652
0.1520996094
-0.0760498047
-0.1267547607
0.9632873535
-0.0507049561
-0.0253448486
-0.0253448486
0.0507049561
-0.0475616455
0.9750518799
0.0000000000
-0.1189117432
0.0713500977
-0.0237884521
-0.0951232910
0.0000000000
-0.1306610107
-0.3919982910
-0.1306610107
0.1959991455
0.1959991455
-0.4573364258
0.5879974365
0.1959991455
0.0000000000
-0.1113433838
0.0000000000
-0.1113433838
-0.1113433838
0.1113433838
0.1113433838
-0.1113433838
0.9579467773
0.0456237793
-0.0456237793
0.0000000000
-0.0456237793
0.0000000000
0.0000000000
-0.0912322998
0.1000061035
0.0000000000
-0.1000061035
0.0000000000
-0.1000061035
0.0000000000
0.1000061035
0.0000000000
0.0000000000
0.0000000000
0.0911560059
0.0000000000
0.0000000000
0.0000000000
-0.0911560059
-0.0911560059
0.0210266113
0.9881896973
0.0630798340
0.0210266113
0.0420532227
-0.0210266113
0.0210266113
-0.0420532227
-0.0829620361
0.0000000000
0.0829620361
0.8295745850
-0.1659088135
0.0000000000
0.0829620361
-0.1659088135
0.1923675537
-0.0641174316
-0.0641174316
-0.0641174316
-0.6412048340
0.5129699707
0.3206024170
-0.1923675537
-0.1867218018
0.3112030029
-0.1867218018
-0.3734436035
-0.1867218018
-0.6846466064
0.2489624023
0.0000000000
0.2528839111
0.4425659180
0.0000000000
-0.1264495850
-0.0632171631
0.6954498291
-0.0632171631
0.3161163330
0.0000000000
-0.1229705811
0.2459411621
0.1229705811
-0.4918823242
0.1229705811
0.0000000000
0.0000000000
0.2449493408
-0.2449493408
-0.1224670410
0.1224670410
-0.3674163818
0.1224670410
0.0000000000
-0.2449493408
0.2334747314
-0.1400909424
0.8872222900
0.1867828369
0.0466918945
0.1400909424
-0.0933990479
-0.0466918945
-0.1249389648
-0.1249389648
0.2498779297
0.1249389648
0.2498779297
0.2498779297
-0.1249389648
0.1249389648
-0.1012878418
0.1350402832
0.2025756836
0.1012878418
0.0337677002
0.1012878418
-0.9115753174
-0.2025756836
0.1699676514
-0.0849761963
-0.0849761963
0.3399353027
0.4249114990
0.3399353027
-0.4249114990
-0.3399353027
0.1199340820
0.8695526123
-0.3598175049
0.1499176025
-0.0899505615
0.1499176025
-0.1199340820
-0.0599670410
0.0000000000
0.0000000000
0.0000000000
0.0000000000
0.0000000000
0.0000000000
0.0000000000
0.0588226318
-0.2243804932
0.0000000000
0.2991638184
0.2243804932
-0.3739624023
0.5235443115
0.4487609863
0.0747985840
0.3584442139
0.4380950928
0.3186187744
0.3584442139
0.3584442139
0.3186187744
-0.3584442139
0.1991424561
0.1494903564
-0.0498352051
0.3488311768
-0.4484863281
-0.0996704102
-0.4484863281
-0.5979919434
-0.0498352051
-0.1247253418
0.1247253418
0.1247253418
0.0000000000
0.0000000000
-0.1247253418
0.3741607666
-0.1247253418
0.4883270264
0.2790374756
-0.3488006592
-0.1395263672
-0.4185638428
0.2790374756
0.3488006592
0.0697631836
-0.1783294678
-0.2972106934
0.5349731445
-0.5349731445
-0.1188812256
0.0594482422
0.0000000000
-0.4160919189
0.0000000000
-0.0588226318
0.0000000000
0.0000000000
0.0000000000
0.0000000000
0.0000000000
0.0000000000
0.0000000000
0.0000000000
-0.2169799805
-0.9221801758
0.0000000000
0.0542449951
0.0542449951
0.0000000000
0.0428161621
0.9419403076
-0.0856323242
-0.1712646484
-0.0856323242
0.0000000000
-0.0856323242
0.0000000000
-0.1229705811
0.1229705811
0.2459411621
0.1229705811
0.2459411621
-0.2459411621
0.2459411621
0.2459411621
-0.1024169922
-0.2048339844
-0.7169036865
0.0000000000
0.0000000000
-0.2048339844
-0.1024169922
0.0000000000
-0.1076965332
0.1076965332
0.1076965332
-0.1076965332
0.0000000000
0.3230743408
0.0000000000
-0.6461486816
0.0628051758
-0.0837249756
-0.0628051758
0.9838562012
-0.0209350586
0.0209350586
0.0209350586
0.0418701172
0.0206451416
0.9911956787
-0.0206451416
-0.0206451416
-0.0206451416
-0.0413055420
0.0000000000
0.0206451416
0.0000000000
-0.4603424072
-0.2301635742
0.1534423828
-0.0767211914
-0.3836212158
0.3836212158
0.4603424072
-0.1150360107
0.1150360107
0.0000000000
0.0000000000
-0.2300720215
0.1150360107
0.0000000000
0.0000000000
0.9734649658
0.0000000000
0.0000000000
-0.0347595215
-0.0347595215
-0.0347595215
0.0695343018
-0.0695343018
0.0785675049
0.0000000000
0.0000000000
0.0000000000
-0.0785675049
0.0000000000
0.0000000000
0.0000000000
0.1199951172
-0.1199951172
0.1199951172
0.0000000000
-0.1199951172
0.2400054932
0.0000000000
-0.1199951172
0.0000000000
0.9895019531
0.0631561279
0.0000000000
0.0420989990
-0.0210571289
0.0210571289
0.0000000000
0.0000000000
-0.2030029297
0.0676727295
0.8796997070
-0.1353454590
-0.0676727295
0.0676727295
0.0000000000
0.1842498779
-0.0614166260
0.1228332520
0.0000000000
-0.7370147705
0.4913330078
0.1842498779
-0.0614166260
0.0656127930
0.3280639648
-0.1312255859
-0.4592895508
0.2624511719
-0.6561279297
0.0000000000
0.1312255859
0.1799163818
0.2998504639
0.1199493408
-0.0599670410
0.1799163818
0.7196502686
-0.1199493408
0.4197998047
0.1237182617
-0.1237182617
-0.1237182617
0.0000000000
0.0000000000
0.2474365234
-0.1237182617
0.2474365234
0.7932586670
0.0000000000
-0.1762847900
0.0000000000
-0.1762847900
0.1762847900
0.0000000000
-0.0881347656
0.2360687256
-0.1416320801
0.8498382568
0.1888580322
0.0472106934
0.2832794189
-0.0944213867
-0.0472106934
0.0000000000
0.1150360107
0.2300720215
-0.1150360107
0.0000000000
0.1150360107
0.0000000000
0.0000000000
-0.1532592773
0.1839141846
0.2145690918
0.1226196289
-0.0613098145
0.1839141846
-0.8889465332
-0.1532592773
0.3033905029
-0.2275390625
-0.2275390625
0.1516876221
0.3033905029
0.4550781250
-0.3792419434
-0.3792419434
0.1156921387
0.8484191895
-0.3856506348
0.1542510986
-0.0771331787
0.1156921387
-0.1156921387
-0.1156921387
0.0000000000
0.0911560059
0.0000000000
0.0000000000
0.0000000000
0.0000000000
-0.0911560059
0.0911560059
-0.1380004883
0.2299957275
0.3679962158
0.2760009766
-0.3679962158
0.6900024414
0.1840057373
0.0460052490
0.3230133057
0.4845123291
0.2422485352
0.5114288330
0.2960968018
0.3499298096
-0.3230133057
0.0538330078
-0.1019592285
-0.0509796143
0.3058929443
-0.6117858887
-0.0509796143
-0.4588470459
-0.4588470459
-0.1019592285
0.0000000000
0.0000000000
0.2486572266
-0.1243286133
0.0000000000
0.0000000000
0.2486572266
-0.2486572266
0.4757537842
0.2378845215
-0.2378845215
-0.0792999268
-0.5550537109
0.1585845947
0.3171691895
0.0792999268
0.0663299561
-0.1989746094
0.7959136963
-0.3316345215
0.1326446533
0.0663299561
-0.0663299561
-0.1989746094
-0.1150360107
-0.2300720215
0.0000000000
0.0000000000
0.1150360107
0.1150360107
0.0000000000
0.0000000000
-0.0465393066
0.0465393066
-0.0465393066
-0.9308929443
-0.1861724854
0.0000000000
0.1396331787
0.0465393066
0.0768432617
0.9605407715
-0.0768432617
-0.0384216309
0.0384216309
0.0384216309
-0.1152648926
0.0000000000
0.0911560059
0.0000000000
0.0000000000
0.0000000000
0.0911560059
0.0000000000
0.0911560059
0.0000000000
-0.4953613281
-0.2972259521
-0.2972259521
-0.2972259521
0.0000000000
0.1981506348
-0.2972259521
0.0990753174
-0.1060485840
0.2120971680
-0.1060485840
0.0000000000
0.0000000000
0.3181304932
-0.1060485840
-0.6362762451
0.0337066650
-0.1179656982
-0.0168457031
0.9774475098
-0.0505523682
-0.0168457031
0.1011199951
0.0842590332
0.0984191895
0.9841613770
0.0000000000
0.0590515137
-0.0196838379
-0.0590515137
0.0196838379
-0.0393676758
0.0000000000
-0.4145812988
0.0690917969
-0.1381988525
-0.3454742432
-0.2072906494
0.0690917969
0.6909637451
-0.2474365234
0.1237182617
-0.1237182617
0.0000000000
0.0000000000
0.1237182617
-0.2474365234
0.1237182617
0.9749755859
0.0263519287
0.0790557861
-0.0790557861
-0.0263519287
-0.0263519287
0.0790557861
-0.0790557861
