-0.1249389648
0.2498779297
-0.2498779297
0.0000000000
-0.2498779297
0.0000000000
0.2498779297
0.0000000000
0.0000000000
-0.3281707764
-0.3281707764
0.1093902588
0.0000000000
-0.5469665527
0.1093902588
0.1093902588
-0.1013793945
0.9733123779
0.0405578613
-0.0608367920
0.1216583252
-0.0608367920
0.0608367920
0.0405578613
-0.0135650635
-0.0135650635
-0.3932495117
0.7187042236
0.2034149170
-0.0949249268
-0.0813598633
-0.5153045654
-0.4857025146
0.3362579346
-0.2988891602
0.1494445801
0.0373687744
-0.1868133545
0.6725158691
0.0747222900
0.1309509277
-0.2618865967
0.1964111328
0.2618865967
0.0654754639
-0.7856750488
-0.1964111328
0.0654754639
0.1301116943
0.3252868652
-0.1951751709
-0.1301116943
-0.7156372070
-0.3903503418
0.0000000000
0.1301116943
0.1321258545
0.0440368652
-0.3083038330
0.3523406982
0.1761779785
0.0880889893
-0.1761779785
-0.7927703857
0.8637695312
0.0719757080
0.0000000000
-0.0719757080
-0.3239135742
0.1079711914
-0.3239135742
-0.1079711914
0.0000000000
-0.0394439697
0.9467163086
0.2366790771
-0.1183319092
-0.1577911377
-0.0131530762
0.0394439697
-0.8673858643
0.0963745117
0.0481872559
-0.1445617676
0.2409362793
0.1445617676
-0.2409362793
-0.0481872559
0.0091247559
-0.0456237793
-0.0456237793
-0.0091247559
-0.0273742676
-0.0547485352
-0.9945678711
-0.0091247559
-0.2945098877
-0.2945098877
-0.1963348389
-0.0981750488
0.0981750488
0.5890197754
0.1963348389
-0.1963348389
0.0000000000
0.9968872070
0.0000000000
0.0214385986
-0.0321502686
0.0000000000
0.0000000000
0.0321502686
0.0000000000
0.0000000000
0.0000000000
-0.1687774658
0.0843963623
0.1687774658
-0.3375549316
-0.7595062256
0.1088256836
-0.4352722168
-0.1088256836
-0.1088256836
-0.1088256836
-0.5440979004
-0.1088256836
0.1088256836
0.4753112793
0.3327178955
0.5703735352
0.1901245117
0.0000000000
0.4277801514
-0.0950622559
0.1901245117
0.1356506348
-0.3391113281
-0.4069366455
-0.0678253174
-0.0678253174
0.0000000000
0.6104125977
0.4069366455
-0.0977325439
0.0977325439
-0.7817993164
0.0000000000
-0.0977325439
0.0000000000
0.0977325439
0.0977325439
0.8715209961
-0.0726318359
0.1815643311
-0.2541961670
0.0000000000
-0.0726318359
0.2905120850
0.0726318359
-0.0794525146
-0.0397338867
0.9733886719
0.0397338867
-0.1191864014
-0.0794525146
0.0794525146
-0.0596008301
0.0000000000
-0.1178436279
0.0000000000
0.0000000000
-0.1178436279
0.1178436279
-0.2357025146
0.1178436279
-0.2026062012
0.0000000000
0.0759735107
-0.9370269775
-0.2026062012
0.0253295898
-0.0506439209
0.1013031006
-0.0747985840
0.9873809814
-0.0747985840
-0.0149536133
0.0299224854
0.0448760986
-0.0598449707
0.0000000000
-0.4380340576
0.3285217285
0.1095123291
0.4380340576
0.3832855225
-0.3011474609
0.3559112549
0.3285217285
0.0498352051
0.0000000000
0.8471527100
-0.0498352051
-0.0996704102
-0.3488311768
0.2491607666
-0.0498352051
-0.1804199219
-0.1804199219
0.2255249023
0.1353149414
0.0902099609
-0.3608245850
0.0451049805
-0.8118743896
0.0207061768
-0.0207061768
0.1035156250
0.9523315430
0.1656188965
0.1449279785
-0.1242218018
-0.0621032715
-0.0485076904
0.9862976074
-0.0323333740
0.0000000000
0.0000000000
0.0161743164
0.1131896973
0.0485076904
0.5508117676
0.1271057129
0.3177795410
-0.1271057129
0.0423736572
0.6991119385
-0.1483001709
0.1906585693
0.0691528320
-0.8644714355
-0.0691528320
0.0000000000
0.0345764160
-0.3803710938
0.0000000000
0.2420501709
0.7268371582
0.3913726807
0.0000000000
0.0559082031
-0.3354644775
0.0000000000
0.2236480713
0.2236480713
-0.1245422363
0.2490844727
-0.2490844727
0.0000000000
-0.2490844727
0.1245422363
-0.1245422363
-0.2490844727
-0.1224670410
-0.3674163818
-0.1224670410
0.2449493408
0.0000000000
-0.2449493408
-0.1224670410
0.2449493408
-0.1579895020
0.9676666260
-0.0987396240
0.0000000000
0.0987396240
0.0197448730
0.0000000000
0.0789947510
0.0230712891
0.0230712891
-0.4036560059
0.7381286621
0.1845245361
-0.1268615723
0.0461273193
-0.4843902588
-0.6157379150
0.3694458008
-0.0820922852
0.0820922852
-0.1231536865
0.0820922852
0.6157379150
0.1231536865
0.4165496826
-0.2082824707
0.2777099609
0.1388549805
0.3471221924
0.5554046631
-0.2777099609
-0.1388549805
-0.3625183105
0.0000000000
-0.2416839600
-0.1208343506
-0.2416839600
-0.3625183105
0.0000000000
0.0000000000
0.0861816406
-0.1723785400
-0.2585601807
0.4309234619
0.2585601807
0.1292724609
-0.1723785400
-0.7325744629
0.8834991455
0.0373382568
0.0124511719
-0.0124511719
-0.2737579346
0.0871124268
-0.3608703613
0.0000000000
-0.0623626709
-0.0623626709
0.9666137695
0.1714935303
-0.0623626709
-0.1091308594
-0.0311737061
0.0623626709
-0.8796997070
0.2799072266
0.0799713135
-0.0799713135
0.2799072266
-0.0399932861
0.0399932861
-0.0399932861
-0.0261993408
0.0087280273
0.0174713135
-0.0174713135
-0.0436706543
-0.0436706543
-0.9958343506
-0.0261993408
-0.3854217529
-0.2752990723
-0.6056518555
-0.2202453613
-0.3303527832
0.3854217529
0.0000000000
-0.0550537109
0.0000000000
0.9927368164
-0.0152740479
0.0000000000
-0.0458221436
-0.0610961914
0.0000000000
-0.0305480957
0.0000000000
0.0829620361
0.0000000000
-0.1659088135
0.0829620361
0.1659088135
-0.0829620361
-0.8295745850
0.1178436279
-0.3535461426
0.0000000000
0.1178436279
-0.1178436279
-0.4714050293
-0.2357025146
0.0000000000
0.4458618164
0.4830169678
0.5201721191
0.2600860596
0.0000000000
0.4087066650
-0.0743103027
0.1114654541
0.3483734131
-0.3870849609
-0.2322540283
-0.0774230957
0.2709655762
-0.1935424805
0.6967468262
0.1548309326
0.0000000000
-0.0901947021
-0.8117980957
0.1804046631
-0.0901947021
0.0000000000
0.0901947021
0.0000000000
0.8464355469
0.0368041992
0.1472015381
-0.4048156738
-0.0368041992
-0.0736083984
-0.1840057373
0.1103973389
-0.1729431152
-0.1235351562
0.9141693115
0.0247039795
-0.0494079590
-0.1482391357
-0.0247039795
-0.2717742920
-0.1000061035
0.0000000000
0.0000000000
0.0000000000
-0.1000061035
-0.1000061035
-0.1000061035
0.0000000000
-0.1947326660
0.0000000000
0.1390991211
-0.9458312988
-0.1112670898
-0.0278167725
-0.0556335449
0.0834503174
-0.1353454590
0.9700012207
-0.1127929688
0.0225524902
0.0451202393
0.0000000000
-0.0676727295
0.0676727295
-0.4938964844
0.4390258789
0.1920776367
0.4115905762
0.3018341064
-0.2743835449
0.3018341064
0.2743835449
0.0896606445
0.2241668701
0.8742218018
0.0448303223
0.0000000000
-0.1344909668
0.1120758057
-0.3586578369
-0.1214752197
-0.2429504395
0.1214752197
0.2429504395
-0.4251556396
-0.4859008789
-0.1214752197
-0.5466308594
-0.0648498535
0.0324249268
0.0972747803
0.9078216553
0.2593841553
0.1296844482
-0.1296844482
-0.1621093750
0.1265411377
0.9761657715
0.0000000000
0.0180816650
0.0180816650
0.1084594727
0.0542297363
0.0723114014
0.4576721191
0.1893768311
0.5997009277
-0.0631256104
-0.0631256104
0.5681457520
-0.2367248535
-0.0157775879
0.0497436523
-0.9203643799
-0.0746307373
-0.1492462158
0.0746307373
-0.2984924316
-0.0497436523
0.0746307373
0.2738494873
0.3651275635
0.0912780762
0.0912780762
-0.3651275635
-0.0912780762
0.3651275635
0.4564056396
-0.2449493408
0.3674163818
0.0000000000
0.1224670410
-0.2449493408
0.1224670410
-0.2449493408
-0.1224670410
-0.1237182617
-0.1237182617
0.0000000000
0.0000000000
-0.1237182617
-0.3711547852
0.0000000000
0.0000000000
-0.1484985352
0.9546203613
-0.1697082520
0.0212097168
0.0636444092
0.1060638428
-0.0212097168
0.0848541260
0.0632019043
0.0126342773
-0.3918151855
0.7456970215
0.2022247314
-0.1011047363
0.1516723633
-0.4550018311
-0.3754577637
0.1877288818
0.0000000000
-0.0375518799
-0.7133636475
0.3754577637
0.3379058838
0.1126403809
0.2927246094
-0.1300964355
0.0325317383
-0.0975799561
0.4878845215
0.7155609131
-0.2927246094
0.1300964355
-0.2791137695
-0.6140594482
-0.3349456787
-0.0558166504
0.5582427979
0.0000000000
-0.0558166504
-0.1116485596
0.1793212891
-0.2241516113
0.4483184814
0.3138122559
-0.0448303223
0.1344909668
-0.1344909668
-0.7173004150
0.9010467529
0.0126953125
-0.0507659912
0.0634613037
-0.2284393311
0.0507659912
-0.3426513672
0.0634613037
-0.0208129883
-0.1248321533
0.9778747559
0.1040344238
-0.0416107178
0.0208129883
-0.0208129883
0.0208129883
-0.8403778076
0.2000885010
0.1600799561
0.0800323486
0.4001770020
0.0800323486
0.0400238037
0.0400238037
-0.0536804199
0.0966186523
0.0751495361
-0.0322113037
0.0000000000
-0.0429382324
-0.9876403809
0.0107421875
-0.5315551758
-0.1771850586
-0.7087249756
-0.2480621338
-0.1771850586
0.2126159668
0.0000000000
-0.0708770752
0.0630493164
0.9141998291
-0.2206726074
0.0945739746
-0.0945739746
-0.1576232910
-0.1891479492
-0.0315246582
-0.1099700928
0.1099700928
-0.1099700928
-0.2199401855
0.1099700928
0.1099700928
0.0000000000
-0.6598205566
-0.1147766113
-0.3443145752
-0.1147766113
0.0000000000
-0.2295379639
-0.2295379639
0.3443145752
-0.3443145752
0.4428253174
0.4428253174
0.4797210693
0.3321075439
0.1107025146
0.3321075439
-0.1845092773
0.2583160400
0.4290161133
-0.3510131836
-0.0780029297
-0.0390014648
0.3510131836
-0.1170043945
0.7020263672
0.0780029297
-0.1243286133
-0.2486572266
-0.1243286133
0.2486572266
-0.1243286133
-0.1243286133
0.1243286133
0.0000000000
0.8335571289
0.0000000000
-0.0362396240
-0.3261718750
-0.2174530029
-0.0362396240
-0.3261718750
0.0000000000
-0.0921020508
-0.0921020508
0.5986328125
0.2762908936
0.1381530762
-0.2762908936
-0.4604949951
-0.4144439697
-0.2474365234
-0.2474365234
-0.1237182617
0.1237182617
0.0000000000
-0.1237182617
-0.1237182617
0.0000000000
-0.1381835938
0.0276336670
0.0829162598
-0.9673156738
0.0829162598
-0.0552673340
-0.0552673340
0.0000000000
-0.1416931152
0.9351806641
-0.1983642578
0.1700286865
0.0000000000
0.0850219727
-0.0566711426
0.0283355713
-0.5021209717
0.5021209717
0.2658386230
0.3249053955
0.2067565918
-0.2953643799
0.3249053955
0.2362976074
0.0549316406
0.2929382324
0.8056030273
0.0549316406
0.0366210938
-0.0915527344
0.1098480225
-0.4760437012
0.4714050293
-0.2357025146
-0.1178436279
-0.1178436279
0.1178436279
-0.2357025146
-0.1178436279
-0.2357025146
-0.3030548096
0.1298828125
0.0000000000
0.8225860596
0.1731719971
0.1731719971
-0.0432891846
-0.3030548096
0.1069488525
0.9804077148
0.0178222656
0.0356445312
0.0000000000
0.1069488525
0.0356445312
0.0534820557
0.3965911865
0.2644042969
0.6775207520
0.0000000000
-0.1817779541
0.4626922607
-0.2313537598
-0.0661010742
0.0201110840
-0.9050598145
-0.0804443359
-0.2413482666
0.1005554199
-0.3016815186
0.0000000000
-0.0402221680
-0.1833038330
0.0916442871
-0.1833038330
-0.0916442871
0.1833038330
-0.5499114990
0.4582519531
0.2749481201
-0.1150360107
0.2300720215
0.0000000000
0.1150360107
0.0000000000
0.1150360107
0.0000000000
0.0000000000
0.0000000000
0.4833679199
0.1208343506
0.0000000000
0.0000000000
-0.3625183105
-0.1208343506
0.0000000000
-0.1335296631
0.9569396973
-0.1557769775
0.0222473145
0.0445098877
0.0890197754
-0.0890197754
0.0890197754
0.0571746826
0.0000000000
-0.3716583252
0.8290710449
0.1572418213
-0.0428771973
0.1429443359
-0.3430633545
-0.1330871582
0.0000000000
-0.0332794189
-0.0665435791
-0.9316253662
0.2661743164
0.0332794189
-0.0332794189
0.2854766846
-0.1427307129
0.0713653564
-0.1784210205
0.5709381104
0.6423034668
-0.2854766846
0.0000000000
-0.1067199707
-0.6758422852
-0.1067199707
-0.1067199707
0.6758422852
-0.0355682373
-0.0711364746
-0.0711364746
0.2662048340
-0.2129516602
0.6388702393
0.1597137451
-0.1064758301
0.0532379150
0.0000000000
-0.5856323242
0.9395141602
0.0170745850
-0.1537322998
0.0854034424
-0.0854034424
0.0341644287
-0.2562255859
0.0512390137
0.0000000000
-0.0742187500
0.9647521973
0.0742187500
-0.0494689941
0.1731567383
0.0742187500
-0.0247344971
-0.6165161133
0.2371215820
0.2371215820
0.2845458984
0.5216674805
0.1896972656
-0.0948486328
0.1896972656
-0.0461883545
0.0769653320
0.0923614502
0.0153961182
0.0615692139
-0.0153961182
-0.9851837158
0.0307922363
-0.4691314697
-0.1172790527
-0.7916412354
-0.0879669189
-0.1172790527
0.2931976318
-0.0586395264
-0.0293273926
0.0000000000
0.8770751953
-0.4234161377
0.0604858398
0.0000000000
-0.0604858398
-0.1209716797
0.0000000000
-0.1178436279
0.1178436279
-0.1178436279
-0.1178436279
0.0000000000
0.0000000000
0.2357025146
0.0000000000
-0.3406372070
-0.2270965576
0.0000000000
0.0000000000
-0.3406372070
0.2270965576
0.2270965576
-0.3406372070
0.4333343506
0.4875030518
0.3249969482
0.2708282471
0.0541687012
0.3249969482
-0.2166595459
0.3791656494
0.6074981689
-0.2761383057
0.0000000000
-0.1104583740
0.3313598633
-0.1656799316
0.5522613525
0.0000000000
-0.1245422363
0.0000000000
0.4981536865
0.1245422363
0.0000000000
0.1245422363
0.0000000000
0.0000000000
0.7453308105
-0.1944274902
-0.3240509033
-0.1296234131
-0.4536743164
0.1620330811
-0.0972137451
0.0972137451
-0.1499938965
-0.1499938965
0.0749969482
0.4499969482
0.0000000000
-0.2250061035
-0.6750030518
-0.2250061035
-0.1000061035
-0.1000061035
0.0000000000
0.1000061035
0.0000000000
0.0000000000
0.0000000000
-0.1000061035
-0.0197296143
0.0394592285
0.0000000000
-0.9866485596
-0.0197296143
-0.0986633301
0.0394592285
-0.0197296143
-0.0964965820
0.9650115967
-0.0482482910
0.1447448730
0.0964965820
0.0723724365
-0.0241241455
0.0482482910
-0.5159149170
0.5628051758
0.1876068115
0.2814025879
0.0937957764
-0.2814025879
0.3283081055
0.1876068115
0.0848388672
0.3676605225
0.7353363037
0.0848388672
0.1131286621
-0.1414031982
0.1414031982
-0.4807891846
0.3856964111
-0.0964202881
0.0000000000
-0.4821166992
0.2892761230
0.3856964111
0.1928405762
-0.0964202881
-0.2557830811
0.1278839111
0.0000000000
0.8632507324
0.1278839111
0.1918334961
-0.0639495850
-0.2877502441
0.0472106934
0.9915313721
0.0157318115
0.0472106934
0.0000000000
0.0314788818
0.0472106934
0.0314788818
0.2731475830
0.2276153564
0.7738952637
0.0682830811
-0.1820983887
0.4324798584
-0.1820983887
0.0000000000
-0.0227966309
-0.9116516113
-0.0455780029
-0.2051239014
0.0455780029
-0.2962799072
0.0683746338
-0.1139526367
0.3651275635
-0.2738494873
0.0912780762
-0.4564056396
0.2738494873
-0.4564056396
0.0000000000
0.0000000000
0.0000000000
0.2357025146
0.0000000000
0.0000000000
-0.1178436279
0.1178436279
0.1178436279
0.1178436279
0.1250000000
0.2500000000
0.1250000000
0.0000000000
0.0000000000
-0.3750000000
-0.1250000000
0.0000000000
-0.0446014404
0.9813842773
-0.0446014404
0.0000000000
-0.0223083496
0.0223083496
-0.0892181396
0.0892181396
0.0684204102
0.0342102051
-0.2908172607
0.9066619873
0.0855407715
-0.0513153076
0.1368560791
-0.2223968506
-0.0773620605
-0.0773620605
0.0773620605
-0.0773620605
-0.9283142090
0.2320709229
0.0773620605
-0.0773620605
0.0485839844
0.0485839844
0.1457519531
-0.1457519531
0.4372558594
0.7773437500
-0.1457519531
-0.2429199219
0.0000000000
-0.6209869385
-0.1241912842
0.0413970947
0.7037811279
0.0413970947
0.0413970947
-0.2070007324
0.2044067383
-0.0681304932
0.6132202148
0.0681304932
-0.3406677246
-0.0681304932
0.0000000000
-0.5450744629
0.9709320068
0.0473632812
-0.1420898438
0.0473632812
0.0947265625
0.0000000000
-0.0710449219
0.0236816406
-0.0275115967
-0.0825347900
0.9353942871
0.1100463867
-0.0825347900
0.2200927734
0.1375579834
-0.0825347900
-0.4879760742
0.1626586914
0.3253173828
0.0813293457
0.4879760742
0.1626586914
-0.1626586914
0.3253173828
-0.0348510742
0.0174255371
0.1045684814
0.1219940186
0.0697174072
0.0522918701
-0.9760131836
-0.0522918701
-0.3811645508
-0.0293273926
-0.7330017090
-0.0293273926
-0.0293273926
0.4984436035
-0.0879669189
-0.1759185791
0.0299072266
0.8971252441
-0.3887481689
0.0598144531
0.0897064209
-0.0299072266
0.0299072266
0.0299072266
-0.1064758301
0.1064758301
-0.1064758301
0.0000000000
0.0000000000
0.1064758301
0.1064758301
0.0000000000
-0.2424163818
0.0000000000
0.4040222168
0.0000000000
-0.3232269287
0.6464385986
0.0808105469
-0.1616058350
0.4430389404
0.5907135010
0.2461242676
0.1968994141
0.0000000000
0.3445892334
-0.1968994141
0.3445892334
0.6721191406
-0.2688446045
0.1344299316
-0.2016296387
0.3360595703
-0.2016296387
0.2688446045
-0.2016296387
0.0000000000
0.0000000000
0.0785675049
0.0000000000
0.0000000000
0.0000000000
-0.0785675049
0.0000000000
0.5892028809
-0.1963958740
-0.3600616455
0.0000000000
-0.6546783447
0.1309356689
0.0000000000
0.0654602051
-0.1221466064
-0.2442932129
-0.5496673584
0.2442932129
0.2442932129
0.0610809326
-0.6107482910
0.0610809326
0.0000000000
-0.0785675049
0.0000000000
0.0000000000
0.0000000000
0.0000000000
-0.0785675049
0.0000000000
-0.0179595947
0.0179595947
-0.0179595947
-0.9879760742
-0.0359191895
-0.0898132324
0.0538940430
0.0179595947
-0.1368408203
0.9304809570
0.0000000000
0.2189331055
0.1915740967
-0.0273742676
0.0547332764
0.0547332764
-0.4241790771
0.2120971680
-0.1060485840
0.1060485840
-0.1060485840
-0.2120971680
0.4241790771
0.3181304932
0.0959320068
0.4317016602
0.6715240479
0.1918640137
0.1918640137
-0.3357696533
0.0959320068
-0.2877960205
0.4821166992
0.0000000000
-0.1928405762
-0.3856964111
0.2892761230
0.3856964111
0.0964202881
-0.0964202881
-0.3437042236
0.1562347412
0.0312500000
0.8436431885
0.0312500000
0.1562347412
-0.0937347412
-0.2812194824
0.0000000000
0.9800262451
0.0000000000
0.1050109863
-0.0700073242
0.0350036621
0.0875091553
0.0700073242
0.1536254883
0.1229095459
0.8295898438
0.0614471436
-0.0614471436
0.4301605225
-0.2150726318
-0.0614471436
-0.0697021484
-0.9061279297
-0.0348510742
-0.1394042969
0.0000000000
-0.3136596680
0.1045532227
-0.0697021484
0.7692108154
-0.2097930908
0.0000000000
0.0000000000
0.1398620605
0.0000000000
-0.4195709229
-0.0699310303
0.0000000000
0.0911560059
0.0000000000
0.0000000000
0.0000000000
0.0911560059
0.0911560059
0.0000000000
0.1000061035
0.1000061035
0.0000000000
0.1000061035
0.0000000000
-0.1000061035
0.0000000000
0.0000000000
0.0000000000
0.9690399170
-0.1181793213
0.0709075928
-0.0709075928
0.0945434570
-0.0709075928
0.0709075928
0.0747222900
0.0560455322
-0.2802276611
0.9341125488
0.0560455322
0.0000000000
0.1307830811
-0.0934143066
0.0000000000
-0.1526947021
0.2137756348
-0.1832275391
-0.8245544434
0.3970031738
0.1221618652
-0.1221618652
-0.4307708740
-0.2153778076
0.0000000000
-0.1076965332
0.4307708740
0.2153778076
-0.2153778076
-0.2153778076
0.2138824463
-0.5133209229
-0.0427703857
0.0855560303
0.6844177246
0.3422088623
0.0855560303
-0.1711120605
0.1332397461
0.0666198730
0.2664642334
0.0000000000
-0.4663238525
0.0000000000
0.0666198730
-0.7327880859
0.8268585205
0.0306243896
0.0612487793
-0.1224975586
0.2756195068
-0.1531219482
0.3981170654
0.0918731689
0.0000000000
-0.1126403809
0.9386444092
0.1126403809
-0.0750885010
0.1877288818
0.0375518799
-0.0750885010
-0.2456817627
0.1228332520
0.1228332520
-0.1228332520
0.2456817627
0.0000000000
0.0000000000
0.0000000000
-0.0190734863
0.0000000000
0.1716461182
0.0953674316
0.0381469727
0.0381469727
-0.9726867676
-0.0190734863
-0.2521362305
0.0560302734
-0.7003631592
-0.1400756836
0.0280151367
0.5883026123
-0.0280151367
-0.2241210938
-0.0697631836
0.7673645020
-0.3488006592
0.1395263672
0.1395263672
-0.2092742920
0.1395263672
0.1395263672
0.0000000000
0.0000000000
0.0000000000
-0.0911560059
0.0000000000
0.0000000000
0.0911560059
-0.0911560059
-0.2783508301
0.0000000000
0.4639129639
-0.2783508301
-0.0927886963
0.5567016602
0.0000000000
0.0927886963
0.2967376709
0.5395202637
0.3237152100
0.3237152100
0.0539550781
0.4855651855
-0.1618499756
0.3506927490
0.6709289551
-0.2795562744
0.3354644775
-0.2795562744
0.2236480713
-0.2236480713
0.1677398682
-0.2236480713
0.0000000000
0.0785675049
0.0000000000
0.0000000000
0.0000000000
0.0000000000
0.0000000000
0.0785675049
0.3728332520
-0.2237091064
-0.2982788086
0.1491394043
-0.7829589844
0.1864166260
0.0372772217
0.0745697021
0.0000000000
-0.1238861084
-0.7845764160
0.1238861084
0.2477569580
0.1238861084
-0.4542236328
0.1238861084
-0.0785675049
0.0000000000
0.0000000000
0.0000000000
0.0000000000
0.0000000000
-0.0785675049
0.0000000000
0.0000000000
-0.0568695068
-0.0379180908
-0.9858703613
0.0000000000
-0.0758361816
0.0758361816
0.0189514160
-0.2170410156
0.8371276855
0.0000000000
0.3720550537
0.1860351562
-0.1240234375
0.1550292969
0.0930175781
-0.2416839600
0.1208343506
-0.1208343506
0.2416839600
0.0000000000
-0.1208343506
0.4833679199
0.0000000000
0.2307739258
0.4615325928
0.1153869629
0.1153869629
0.2307739258
-0.3461608887
-0.1153869629
0.0000000000
0.3981323242
-0.0995330811
-0.0995330811
-0.1990661621
0.3981323242
0.4976654053
0.0995330811
0.0995330811
-0.2295532227
0.0000000000
0.1020202637
0.9437103271
-0.0765228271
0.0255126953
-0.0510101318
-0.1275329590
0.0911560059
0.9661865234
0.0182342529
0.1640625000
0.0000000000
0.1093750000
0.0911560059
0.0000000000
0.1825256348
0.2190399170
0.5110931396
0.1460266113
0.1460266113
0.5110931396
-0.4745788574
-0.2920532227
-0.0453796387
-0.9076232910
-0.1361389160
-0.0453796387
-0.0453796387
-0.2722930908
0.0907592773
0.0453796387
0.8584747314
-0.2384643555
-0.0953826904
0.0000000000
-0.0953826904
0.0000000000
-0.2384643555
-0.2384643555
-0.1113433838
0.1113433838
-0.1113433838
0.0000000000
-0.1113433838
0.1113433838
-0.1113433838
0.0000000000
-0.1242218018
0.0000000000
0.0000000000
0.1242218018
0.0000000000
-0.4969024658
0.1242218018
-0.1242218018
-0.4434356689
0.6334838867
-0.1900482178
0.0633544922
0.2534027100
-0.3167419434
0.0000000000
0.2534027100
0.0195922852
-0.0783843994
-0.3331298828
0.6074829102
0.2351531982
-0.2155609131
0.0783843994
-0.6270751953
-0.4269104004
0.3612365723
-0.0985107422
0.1970367432
0.5911102295
-0.1970367432
0.4597473145
0.0656738281
0.0752105713
0.0000000000
0.2256317139
0.0752105713
0.8273010254
0.0752105713
-0.0752105713
0.2256317139
0.0000000000
0.3970947266
0.0000000000
0.0661773682
-0.5956268311
-0.5294494629
-0.1323699951
-0.1985473633
-0.1654357910
-0.2757110596
-0.0551452637
0.1654357910
0.3308563232
-0.1102905273
-0.2205657959
-0.7720031738
0.9181518555
0.0000000000
0.0000000000
-0.0163879395
-0.1639556885
0.0491790771
-0.3442993164
0.0163879395
-0.0206298828
-0.1649932861
0.9280548096
0.2062377930
-0.0824890137
-0.1856079102
-0.0824890137
0.0824890137
-0.8209533691
0.2736511230
-0.1094665527
-0.1641845703
0.2736511230
-0.1641845703
0.0000000000
-0.1094665527
-0.1035766602
-0.0230102539
0.0230102539
0.0460357666
-0.0115051270
-0.0460357666
-0.9896850586
-0.0115051270
-0.4697723389
-0.3758239746
0.0000000000
-0.3758239746
-0.1879119873
0.1879119873
0.2818603516
-0.1879119873
0.0000000000
0.9904327393
-0.0695037842
0.0000000000
-0.0521240234
-0.0173797607
0.0347595215
0.0173797607
0.0947570801
0.0000000000
0.0000000000
0.0000000000
0.0947570801
0.0947570801
-0.2842712402
-0.7580718994
-0.1099700928
-0.5498504639
0.1099700928
-0.1099700928
-0.2199401855
-0.3299102783
-0.2199401855
0.0000000000
0.1290283203
0.1935577393
0.5161437988
0.3225860596
-0.1290283203
0.3871002197
-0.0645141602
0.5161437988
0.4067535400
-0.3697662354
-0.3697662354
0.0369720459
0.2218627930
-0.1479034424
0.6655883789
0.0369720459
0.0000000000
0.1099548340
-0.8796234131
0.1099548340
-0.1099548340
-0.1099548340
0.0549774170
0.2748870850
0.6806335449
-0.0756225586
0.3025054932
-0.5293884277
-0.1890716553
-0.2646942139
-0.0756225586
0.0378112793
-0.1796875000
0.1347656250
0.8085937500
0.3593750000
-0.1347656250
-0.1347656250
-0.1796875000
-0.1796875000
0.0000000000
-0.1247253418
-0.1247253418
-0.1247253418
0.0000000000
0.1247253418
-0.3741607666
-0.1247253418
-0.4312133789
0.0718688965
0.2156066895
-0.6468353271
-0.2874755859
-0.0718688965
0.0000000000
0.2874755859
-0.2100830078
0.8823242188
-0.1260528564
0.0000000000
0.1260528564
0.2100830078
-0.1260528564
0.1680603027
-0.5488433838
0.3887634277
0.2286834717
0.4573669434
0.2515563965
-0.2744293213
0.2058105469
0.2972869873
0.1137847900
0.2275848389
0.7396240234
0.1706848145
0.0000000000
-0.3982696533
0.1137847900
-0.2844696045
-0.2281951904
0.0000000000
0.1521301270
0.3803100586
0.0760650635
-0.4563751221
0.0000000000
-0.6085052490
-0.0533905029
0.0533905029
0.5872955322
0.6940765381
0.1601715088
0.1601715088
-0.1067810059
-0.1067810059
0.6372528076
0.0579376221
-0.1158599854
-0.2317199707
0.0000000000
0.2896575928
0.4055175781
0.4055175781
0.5667419434
0.4073486328
0.2833709717
0.0000000000
-0.0177154541
0.5844573975
-0.2833709717
-0.0177154541
0.0423126221
-0.9520568848
0.0211639404
0.0000000000
0.0423126221
-0.2115631104
-0.0423126221
0.1692504883
0.7393341064
0.2688446045
-0.1344299316
-0.0672149658
0.0000000000
0.0672149658
0.2016296387
0.4032745361
0.0000000000
0.2498626709
-0.1249389648
0.0000000000
-0.2498626709
0.1249389648
-0.1249389648
-0.2498626709
-0.1250000000
-0.2500000000
0.1250000000
0.0000000000
0.0000000000
-0.3750000000
0.0000000000
0.1250000000
-0.4488525391
0.5770874023
-0.4488525391
0.1282348633
0.0000000000
-0.0641174316
-0.0641174316
0.3206024170
0.1640014648
-0.0984039307
-0.3443908691
0.6231994629
0.2295989990
-0.1967926025
0.2131958008
-0.5576019287
-0.4983825684
0.3833770752
0.1916809082
0.1150054932
0.5367126465
0.0766754150
0.4600524902
0.0383300781
0.1077423096
-0.1077423096
0.1077423096
-0.1795654297
0.6823425293
0.6105194092
-0.1436462402
0.1795654297
0.0000000000
0.4263610840
-0.2131805420
0.2131805420
-0.1065826416
-0.5329437256
-0.1065826416
0.0000000000
-0.1035919189
-0.3625640869
0.4661560059
0.2071838379
0.1035919189
0.0517883301
-0.2071838379
-0.6733398438
0.9235229492
-0.0256500244
0.0128326416
0.0256500244
-0.1923980713
0.0513000488
-0.3078460693
0.0769653320
0.0000000000
-0.1743316650
0.9215087891
0.2241516113
-0.0498046875
-0.1494293213
-0.1245269775
0.0996246338
-0.8287200928
0.3107757568
-0.1035919189
0.0517883301
0.2589721680
-0.1553802490
0.1553802490
0.0000000000
-0.0723419189
0.0241088867
0.0723419189
-0.0120544434
0.0361633301
-0.0723419189
-0.9886627197
0.0120544434
-0.7481231689
-0.1726379395
-0.2877349854
-0.3452911377
-0.1726379395
-0.0575408936
0.2301940918
-0.1150970459
0.0978393555
0.9457397461
-0.1304473877
0.1630554199
-0.1304473877
0.0000000000
0.0326080322
0.0000000000
0.0000000000
-0.1034240723
0.0000000000
-0.2068481445
-0.1034240723
0.1034240723
-0.1034240723
-0.7239532471
-0.1247253418
-0.2494506836
0.0000000000
0.0000000000
-0.2494506836
-0.2494506836
0.1247253418
0.0000000000
0.1116485596
0.4465942383
0.5582427979
0.3349456787
-0.1674652100
0.3907623291
0.0558166504
0.2791137695
0.4600219727
-0.3066711426
-0.2760162354
-0.0613403320
0.3066711426
-0.1840057373
0.6746978760
0.0306701660
-0.0675201416
0.0000000000
-0.8777008057
0.1350250244
0.0675201416
-0.0675201416
0.0675201416
0.2025451660
0.5379028320
-0.1152648926
0.2305297852
-0.6531677246
-0.1921081543
-0.1921081543
-0.3073730469
-0.0384216309
-0.3952484131
0.0000000000
0.1580963135
0.3161926270
0.0000000000
-0.0790557861
-0.3161926270
-0.6323852539
0.0000000000
-0.1237182617
0.0000000000
-0.1237182617
-0.2474365234
-0.1237182617
-0.2474365234
-0.1237182617
-0.4178161621
0.0000000000
0.2089080811
-0.2089080811
-0.1044464111
-0.2089080811
-0.1044464111
0.5222625732
-0.4014587402
0.4817504883
-0.4014587402
0.1605834961
-0.0802917480
0.1605834961
-0.0802917480
0.4014587402
-0.5853424072
0.4682769775
0.3043823242
0.3980407715
0.1873168945
-0.2107238770
0.1873168945
0.2341308594
0.0000000000
0.2577667236
0.7732849121
0.2255401611
-0.0644378662
-0.0966644287
0.0644378662
-0.4832916260
-0.2270965576
0.0000000000
0.2270965576
0.3406372070
0.3406372070
-0.3406372070
0.2270965576
0.0000000000
-0.2488708496
0.3318328857
0.6636657715
-0.2488708496
0.1659088135
0.0829620361
-0.1659088135
-0.1659088135
0.4941253662
-0.3088378906
0.0000000000
0.0617675781
-0.0617675781
0.4323577881
0.3088378906
0.4941253662
0.5089416504
0.4041595459
0.5089416504
0.0598754883
-0.0748443604
0.4790039062
-0.2544708252
-0.0898132324
0.0000000000
-0.9675140381
-0.0358276367
-0.0716705322
0.0537567139
-0.1970825195
-0.0179138184
0.0716705322
0.4178161621
-0.1044464111
-0.2089080811
0.0000000000
0.2089080811
-0.2089080811
0.1044464111
0.5222625732
0.1250000000
0.1250000000
-0.2500000000
0.0000000000
-0.2500000000
0.1250000000
-0.2500000000
-0.1250000000
-0.2438964844
0.1219482422
0.1219482422
-0.1219482422
0.1219482422
-0.3658599854
-0.2438964844
0.2438964844
-0.3699035645
0.3082427979
-0.6165008545
0.2465972900
0.0000000000
0.0616455078
-0.2465972900
0.3699035645
0.2208099365
-0.1358795166
-0.4076538086
0.6114807129
0.1698608398
-0.1698608398
0.3397064209
-0.4586181641
-0.5018005371
0.3584289551
0.3584289551
0.0000000000
0.2867431641
0.2150573730
0.4301147461
-0.0716857910
0.1869506836
-0.2103271484
0.0000000000
-0.2336883545
0.5842285156
0.6543273926
-0.1869506836
0.2103271484
-0.2063140869
-0.4813995361
-0.2063140869
0.1375427246
0.6189422607
-0.2750854492
0.0687713623
-0.2063140869
0.0852355957
-0.1704864502
0.6819305420
0.0852355957
-0.1278686523
0.0852355957
0.0000000000
-0.6393127441
0.9516601562
0.0000000000
-0.0402069092
0.0133972168
-0.1474456787
0.0402069092
-0.2278594971
0.1072235107
0.0000000000
-0.2243652344
0.9223632812
0.1994323730
0.0249328613
-0.0249328613
-0.1246490479
0.1495666504
-0.7168731689
0.3584289551
0.0000000000
0.2867431641
0.2867431641
0.0000000000
0.1433715820
0.0000000000
-0.0301666260
0.0905151367
0.1810302734
-0.0754241943
0.0603485107
-0.0754241943
-0.9654846191
0.0603485107
-0.7375030518
-0.0491638184
-0.4916687012
-0.2458343506
-0.0491638184
0.1475067139
0.1966705322
-0.0983276367
0.1904296875
0.5712738037
-0.5712738037
0.2539062500
-0.1904296875
-0.0634765625
-0.1904296875
-0.1904296875
-0.1238555908
0.1238555908
-0.1238555908
-0.1238555908
0.1238555908
0.0000000000
0.0000000000
-0.4954071045
0.0000000000
0.0000000000
0.0000000000
-0.2494506836
-0.1247253418
-0.3741607666
0.0000000000
0.0000000000
0.1664428711
0.5548095703
0.4438476562
0.1109619141
-0.1664428711
0.4993286133
0.0000000000
0.2774047852
0.5298919678
-0.3532562256
-0.1059722900
-0.2119598389
0.3532562256
-0.1059722900
0.6005401611
-0.0353240967
0.0000000000
0.0000000000
-0.4856262207
0.2428131104
0.0000000000
0.1213989258
0.2428131104
-0.1213989258
0.4515380859
-0.1231536865
-0.0820922852
-0.6567840576
-0.4515380859
0.0000000000
-0.2873382568
0.0410461426
-0.2480316162
0.0000000000
-0.4960784912
0.4133911133
0.1653594971
-0.1653594971
-0.4133911133
-0.2480316162
-0.1243286133
0.0000000000
0.1243286133
0.1243286133
-0.1243286133
-0.2486572266
0.1243286133
-0.2486572266
-0.1228332520
-0.1228332520
0.0000000000
-0.1228332520
0.0000000000
-0.2456817627
0.0000000000
0.2456817627
-0.3454742432
0.6909637451
-0.1381988525
0.1381988525
0.0000000000
0.2072906494
-0.2072906494
0.3454742432
-0.5988922119
0.5090484619
0.2994384766
0.3293914795
0.0898284912
-0.2395629883
0.2395629883
0.1796722412
0.0335083008
0.2346038818
0.6702880859
0.3016357422
-0.0335083008
-0.0335083008
0.2010803223
-0.5697479248
0.2664337158
0.0888061523
0.0000000000
-0.1776275635
0.7104949951
0.0888061523
0.1776275635
0.2664337158
-0.3473510742
0.4341888428
0.1736755371
-0.6078643799
0.0868377686
0.0868377686
-0.0868377686
-0.0868377686
0.1863555908
0.1863555908
-0.0621185303
0.3106079102
-0.1863555908
0.3727264404
0.2484893799
0.6833343506
0.4396820068
0.3341522217
0.6683044434
0.1582794189
-0.0351715088
0.4044952393
-0.1934509277
-0.1055145264
-0.0201873779
-0.9491424561
-0.0807800293
-0.1211700439
0.0605773926
-0.2423248291
0.0403900146
-0.0201873779
0.0894927979
-0.5369873047
0.0894927979
-0.4474945068
0.0894927979
-0.2684936523
0.3579864502
-0.0894927979
0.0000000000
0.1113433838
-0.1113433838
0.1113433838
-0.1113433838
0.1113433838
0.0000000000
0.1113433838
0.0000000000
0.1250000000
0.1250000000
0.0000000000
0.0000000000
-0.3750000000
-0.2500000000
0.1250000000
-0.3070831299
0.3070831299
-0.4913330078
0.2456665039
0.0000000000
0.1228332520
-0.4299163818
0.4299163818
0.1905517578
-0.0952758789
-0.3620452881
0.7431488037
0.1333923340
-0.1333923340
0.3048858643
-0.3620452881
-0.1475524902
0.0737762451
0.0737762451
-0.1475524902
-0.2213439941
0.5164642334
0.6640167236
-0.0737762451
0.1957092285
-0.2516326904
0.0000000000
-0.2796020508
0.5312347412
0.6710357666
-0.2236785889
0.1118316650
-0.2832794189
-0.5665588379
0.0944213867
0.0944213867
0.6137695312
-0.1416320801
0.0472106934
-0.3304901123
0.2080230713
-0.1040039062
0.5200500488
0.1040039062
-0.2080230713
0.0000000000
-0.0520019531
-0.7280578613
0.9794769287
0.0178070068
-0.0534210205
-0.0356140137
-0.0356140137
0.0356140137
-0.1246643066
0.0890502930
-0.0972747803
-0.1621093750
0.9402465820
0.0324249268
0.0324249268
0.1296844482
0.0324249268
0.1621093750
-0.3247528076
0.4330139160
0.1082458496
0.3247528076
0.2165069580
0.2165069580
-0.1082458496
0.2165069580
-0.0217590332
0.0652618408
0.2392883301
-0.0217590332
0.0652618408
0.0000000000
-0.9571685791
0.0435028076
-0.4991912842
-0.0453796387
-0.6807250977
0.0000000000
-0.0907592773
0.4538116455
-0.0453796387
-0.0453796387
0.0544891357
0.6538391113
-0.5993499756
0.1634521484
0.1634521484
0.0000000000
-0.1089782715
-0.2179412842
-0.1216278076
0.1216278076
0.0000000000
-0.1216278076
0.1216278076
-0.1216278076
0.2432556152
-0.1216278076
-0.1250000000
-0.2500000000
0.0000000000
-0.1250000000
-0.1250000000
0.0000000000
-0.3750000000
0.0000000000
0.2319641113
0.5103302002
0.2319641113
0.0000000000
-0.2783660889
0.6495208740
-0.0927886963
0.2319641113
0.5098266602
-0.3568725586
0.0509796143
-0.2039337158
0.3568725586
0.0000000000
0.5608062744
-0.2039337158
0.0000000000
0.0000000000
0.0000000000
0.0000000000
0.1113433838
0.2226867676
0.0000000000
-0.1113433838
0.5071716309
-0.0950927734
-0.2535858154
-0.4120788574
-0.6656494141
0.0634002686
-0.0634002686
0.1267852783
-0.0959930420
0.0000000000
-0.4799957275
0.4799957275
0.1920013428
-0.0959930420
-0.3840026855
0.0959930420
-0.1113433838
0.0000000000
0.1113433838
0.1113433838
0.0000000000
-0.1113433838
0.1113433838
-0.1113433838
0.0000000000
-0.0773925781
-0.0773925781
-0.8513946533
-0.0773925781
-0.1548004150
0.1548004150
0.0773925781
-0.2438507080
0.7924957275
0.0000000000
0.1828918457
0.3048095703
0.1219177246
-0.1219177246
0.1828918457
-0.6248321533
0.5112304688
0.1136016846
0.2840118408
0.0568084717
-0.2272186279
0.2840118408
0.1136016846
0.2264862061
0.3397216797
0.4529724121
0.4529724121
0.1698608398
-0.2264862061
0.3963470459
-0.2831115723
0.3424682617
0.0000000000
0.0000000000
-0.4566192627
0.1141510010
0.2283172607
0.2283172607
0.2283172607
-0.4492340088
0.4492340088
-0.1796875000
-0.4492340088
0.1796875000
0.1796875000
-0.0898437500
-0.0898437500
0.0000000000
0.6769866943
0.0483551025
0.4835662842
-0.1450653076
0.1934204102
0.1450653076
0.3868560791
0.3646087646
0.2126770020
0.6684417725
0.2430725098
0.0607604980
0.4861297607
-0.1519165039
-0.1519165039
-0.0636138916
-0.9224853516
-0.1272430420
-0.0954284668
0.0318145752
-0.2862854004
0.0636138916
0.0000000000
0.4994354248
-0.4161987305
0.1664733887
-0.4994354248
0.1664733887
0.0000000000
-0.0832366943
-0.1664733887
0.0000000000
0.0911560059
0.0000000000
0.0000000000
-0.0911560059
0.0911560059
0.0000000000
0.0000000000
0.1178436279
0.1178436279
0.0000000000
-0.1178436279
-0.1178436279
-0.2357025146
0.0000000000
0.0000000000
-0.1846008301
0.7384033203
-0.2461395264
0.2461395264
-0.1230621338
0.0615386963
-0.2461395264
0.3076629639
0.1492767334
-0.0213317871
-0.2772216797
0.8956146240
0.0852966309
-0.0426483154
0.1705932617
-0.2132415771
0.1407012939
-0.1876068115
0.1876068115
-0.2814025879
-0.3752136230
0.5628051758
0.5159149170
-0.1876068115
0.1019592285
-0.3058929443
0.0509796143
-0.1529541016
0.4588470459
0.7137603760
-0.1529541016
0.2039337158
-0.1132354736
-0.5095977783
0.2831115723
0.1132354736
0.6228332520
0.1132354736
0.1132354736
-0.3397216797
0.1687927246
-0.1125183105
0.3375701904
0.0000000000
-0.4501037598
0.0562591553
0.0000000000
-0.7314147949
0.9440765381
0.0000000000
0.0745391846
-0.0745391846
0.0993804932
-0.1242218018
0.1739044189
0.1490631104
-0.4236145020
0.0000000000
0.7261810303
-0.3630981445
0.0000000000
-0.0605163574
0.0605163574
0.1815490723
0.0000000000
0.1000061035
0.0000000000
0.1000061035
0.0000000000
0.0000000000
-0.1000061035
0.1000061035
-0.0233001709
-0.0233001709
0.2329864502
0.0932006836
0.0233001709
0.0699005127
-0.9552612305
-0.0233001709
-0.2341918945
-0.0780639648
-0.6635284424
-0.0780639648
-0.0390319824
0.6244964600
-0.1170959473
-0.1951599121
0.0849761963
0.2549438477
-0.5948791504
0.1699676514
0.5099029541
-0.0849761963
0.1699676514
0.0000000000
-0.1000061035
0.1000061035
0.0000000000
0.0000000000
0.0000000000
0.0000000000
0.1000061035
-0.1000061035
-0.1141510010
0.0000000000
0.2283172607
0.0000000000
-0.2283172607
0.2283172607
-0.4566192627
0.3424682617
0.0000000000
0.5140228271
0.0000000000
-0.2570037842
-0.5140228271
0.3855133057
0.1285095215
0.3212585449
0.3493499756
-0.3493499756
0.3493499756
-0.2328948975
0.4075775146
0.0000000000
0.4657897949
-0.2911224365
0.0000000000
0.0000000000
-0.0785675049
0.0000000000
0.0000000000
0.0000000000
-0.0785675049
0.0000000000
0.4784240723
-0.1472015381
-0.2208099365
-0.2208099365
-0.7728271484
0.0736083984
0.0000000000
0.0736083984
-0.0580291748
-0.0580291748
-0.6963500977
0.1740875244
0.3481750488
0.0000000000
-0.4642333984
0.1740875244
-0.0588226318
0.0000000000
0.0000000000
0.0000000000
0.0000000000
0.0000000000
0.0000000000
0.0000000000
-0.0603027344
-0.1808929443
0.0603027344
-0.9044342041
-0.1205902100
-0.0603027344
0.0000000000
0.0603027344
-0.2558593750
0.5117034912
-0.1705627441
0.5117034912
0.3411407471
0.0000000000
0.0852813721
0.0852813721
-0.4640045166
0.2320098877
-0.1159973145
0.2320098877
-0.1159973145
-0.1159973145
0.2320098877
0.2320098877
0.4234313965
0.4234313965
0.1693725586
0.4234313965
0.1693725586
-0.2540588379
0.2540588379
0.1693725586
0.2459411621
-0.1229705811
-0.2459411621
-0.1229705811
0.0000000000
0.3689117432
0.0000000000
0.2459411621
-0.6569824219
0.4379882812
0.0000000000
-0.2919921875
-0.1459960938
0.0000000000
-0.2919921875
-0.0729980469
0.0568847656
0.8816833496
0.0853271484
0.3697357178
-0.0568847656
0.1422119141
0.1137695312
0.1137695312
0.3153991699
0.0901184082
0.1351776123
0.3604583740
0.4055175781
0.4505767822
-0.1351776123
-0.5406951904
-0.1101226807
-0.8809509277
-0.1101226807
0.0000000000
0.0000000000
-0.2752990723
0.1101226807
0.1101226807
0.4953613281
-0.3963012695
-0.0990753174
0.0000000000
0.0000000000
0.1981506348
-0.3963012695
-0.1981506348
0.0000000000
0.0000000000
0.0000000000
0.0911560059
0.0000000000
0.0911560059
0.0911560059
0.0000000000
0.1000061035
0.1000061035
0.0000000000
0.0000000000
0.0000000000
-0.1000061035
0.1000061035
0.0000000000
0.0000000000
0.8714447021
-0.1936492920
0.1452331543
-0.1936492920
0.2420654297
0.0000000000
0.0968322754
0.1278686523
0.0767211914
-0.3324432373
0.8950347900
0.0511474609
0.1534271240
0.1278686523
-0.0511474609
0.1168212891
-0.2336578369
0.2725982666
-0.3504791260
-0.4283599854
0.5841369629
0.3504791260
-0.1947174072
-0.0675201416
-0.4050903320
0.0000000000
0.0000000000
0.4050903320
-0.5401306152
0.0000000000
0.4726104736
0.1394805908
-0.5114440918
0.4649353027
0.1859741211
0.3719482422
0.4649353027
0.1859741211
-0.0929870605
0.1401977539
-0.0700988770
0.1401977539
0.0000000000
-0.4205932617
0.1401977539
0.0000000000
-0.7710876465
0.3610382080
-0.0656433105
0.2953948975
-0.2297515869
0.1969299316
-0.3282165527
0.6892547607
0.2625732422
-0.4563751221
0.2281951904
-0.0760650635
-0.6085052490
0.0000000000
-0.3042602539
-0.1521301270
0.2281951904
0.0911560059
-0.0911560059
0.0000000000
0.0000000000
0.0000000000
-0.0911560059
0.0000000000
0.0000000000
0.0000000000
0.0000000000
0.2503051758
0.0750885010
0.0250244141
0.0750885010
-0.9511413574
-0.0250244141
-0.1000976562
-0.0333709717
-0.6672973633
-0.2669219971
-0.0667266846
0.6005706787
0.0000000000
-0.2669219971
0.0981750488
-0.5890197754
-0.0981750488
0.0981750488
0.4908447266
0.0000000000
0.1963348389
0.0000000000
0.0000000000
0.0911560059
0.0000000000
0.0000000000
0.0000000000
0.0000000000
0.0911560059
-0.0911560059
-0.1202545166
-0.2405242920
0.0000000000
-0.1202545166
0.1202545166
0.1202545166
-0.4810485840
0.2405242920
0.1889648438
0.3149261475
0.2834320068
0.3149261475
0.0000000000
0.6613464355
-0.2204437256
0.4094085693
0.2669525146
-0.4271240234
0.4805145264
-0.1601715088
0.4271240234
0.0533905029
0.2669525146
-0.3737335205
0.0000000000
0.0000000000
0.0000000000
0.0000000000
0.0000000000
0.0000000000
0.0000000000
0.0588226318
0.2614440918
-0.2091522217
-0.2091522217
-0.0522918701
-0.8365936279
0.1568603516
0.0522918701
0.1568603516
0.0000000000
0.0527954102
-0.8446960449
0.1055908203
0.2111816406
0.1055908203
-0.3167572021
0.1583862305
-0.0911560059
-0.0911560059
0.0000000000
0.0000000000
0.0000000000
0.0000000000
0.0911560059
0.0000000000
0.0355682373
-0.2489929199
-0.1067199707
-0.9248352051
-0.0355682373
-0.0711364746
0.1067199707
0.1067199707
-0.0879974365
0.6159973145
-0.2200012207
0.6600036621
0.2200012207
-0.0879974365
0.0879974365
-0.0440063477
-0.4714050293
0.3535461426
-0.1178436279
0.2357025146
0.0000000000
0.1178436279
0.1178436279
0.0000000000
0.3448333740
0.2586212158
-0.6896514893
0.0862121582
0.1724090576
-0.0862121582
-0.0862121582
0.1724090576
0.1249389648
-0.2498779297
0.0000000000
-0.1249389648
0.0000000000
0.3748321533
0.1249389648
0.1249389648
-0.5886535645
0.1471710205
0.2943267822
0.4414978027
-0.3679046631
-0.1471710205
-0.0735778809
-0.0735778809
0.1078033447
0.9055633545
0.1293640137
0.3018493652
0.0646820068
0.1724853516
0.0646820068
-0.0862426758
0.1226043701
-0.1226043701
-0.4904174805
0.3065185547
0.4904174805
0.1226043701
-0.1226043701
-0.4904174805
-0.2480316162
-0.5787506104
-0.3307189941
0.0826873779
0.0826873779
-0.3307189941
-0.1653594971
0.3307189941
0.7497863770
-0.3124084473
-0.1874389648
-0.0624847412
-0.1874389648
-0.0624847412
-0.1874389648
-0.3124084473
0.0000000000
0.1178436279
-0.1178436279
-0.1178436279
0.0000000000
0.2357025146
0.0000000000
-0.1178436279
0.1243286133
-0.1243286133
0.2486572266
0.0000000000
0.1243286133
-0.2486572266
0.1243286133
0.1243286133
-0.2749481201
0.3666076660
-0.3666076660
0.3666076660
0.0916442871
-0.0916442871
0.0000000000
0.4582519531
0.0672149658
-0.1680450439
-0.1680450439
0.5041351318
0.3024749756
-0.2016601562
0.1344299316
-0.7057800293
-0.4068145752
0.3559570312
0.2033996582
0.0000000000
0.6610565186
0.2033996582
0.3050994873
-0.1016998291
-0.2250061035
-0.1499938965
0.0749969482
-0.3000030518
0.6000061035
0.3750000000
-0.3000030518
0.2250061035
-0.1153869629
0.1153869629
0.0000000000
0.0000000000
0.2307739258
-0.5769195557
-0.2307739258
-0.1153869629
-0.2797088623
-0.2797088623
0.6992950439
-0.0699310303
-0.0699310303
0.0000000000
-0.0699310303
-0.4195709229
0.9602813721
-0.0165557861
-0.0331115723
0.0165557861
-0.1324462891
-0.0331115723
-0.2152404785
0.0496673584
0.0326538086
-0.1958770752
0.9140930176
0.1958770752
-0.0652923584
-0.1632385254
-0.1305847168
0.0652923584
-0.7100219727
0.1014251709
-0.2028656006
0.1014251709
0.1014251709
-0.2028656006
0.0000000000
-0.1014251709
-0.1090850830
0.0000000000
0.0623321533
0.0779113770
0.0779113770
0.0155792236
-0.9817352295
-0.0155792236
-0.4821166992
-0.0964202881
0.4821166992
-0.2892761230
-0.0964202881
-0.0964202881
0.0964202881
-0.2892761230
0.0657806396
0.9538879395
-0.1644592285
0.0657806396
-0.0986785889
0.0657806396
0.0328979492
0.0657806396
0.0000000000
-0.1247253418
0.0000000000
-0.1247253418
-0.1247253418
0.1247253418
-0.1247253418
-0.3741607666
-0.1249389648
-0.1249389648
0.1249389648
-0.1249389648
-0.2498779297
0.0000000000
0.3748321533
0.0000000000
-0.2874755859
0.0718688965
0.5030822754
0.1437377930
-0.2156066895
0.5030822754
0.2874755859
0.2874755859
0.4826812744
-0.3341674805
-0.2599029541
-0.1113891602
0.2227783203
-0.5198211670
0.4455566406
-0.1113891602
0.0894927979
0.0000000000
-0.8054809570
0.0894927979
0.0894927979
-0.0894927979
0.0894927979
0.1790008545
0.5836944580
-0.0486450195
0.2432098389
-0.5350494385
-0.3891296387
-0.2432098389
-0.1459197998
0.0486450195
-0.4403076172
0.2201538086
0.5870819092
0.3669281006
0.0733795166
-0.1467742920
-0.1467742920
-0.2201538086
0.0000000000
-0.1199951172
-0.1199951172
-0.1199951172
-0.1199951172
0.0000000000
-0.2400054932
-0.1199951172
-0.1249389648
0.1249389648
0.0000000000
0.0000000000
0.0000000000
0.2498626709
0.0000000000
0.3748016357
-0.4550781250
-0.3792419434
0.2275390625
-0.3792419434
-0.1516876221
0.3792419434
0.0000000000
0.3033905029
-0.6170043945
0.3896789551
0.2597961426
0.4221649170
0.1298980713
-0.2273101807
0.2273101807
0.2597961426
0.2951354980
0.4131927490
0.3541564941
0.1770782471
0.0590209961
-0.2951354980
0.1770782471
-0.5902709961
-0.4490509033
-0.1496887207
0.2494659424
0.4989471436
0.5987396240
0.0000000000
0.0498962402
-0.1496887207
0.0000000000
0.2295074463
0.6885070801
0.4590148926
0.0000000000
-0.0765075684
-0.2295074463
0.0765075684
0.5085144043
-0.7627716064
-0.0508575439
-0.0508575439
-0.0508575439
0.0508575439
0.1525573730
0.2033996582
0.4809722900
0.4569244385
0.4809722900
0.0480957031
-0.0721435547
0.5050201416
-0.2164306641
0.0240478516
0.0262908936
-0.9729461670
0.0000000000
-0.0262908936
0.0262908936
-0.1314849854
0.0262908936
0.1051788330
0.8922424316
-0.1274566650
0.0000000000
-0.0637359619
-0.0637359619
-0.0637359619
0.1911926270
0.0637359619
0.1228332520
0.1228332520
0.0000000000
0.0000000000
-0.1228332520
0.2456817627
0.0000000000
-0.2456817627
0.0000000000
-0.1237182617
0.1237182617
-0.1237182617
0.0000000000
-0.2474365234
-0.1237182617
0.2474365234
-0.4032745361
0.3360595703
-0.4032745361
0.3360595703
-0.1344299316
-0.0672149658
-0.3360595703
0.4032745361
0.3014678955
-0.2344665527
-0.3014678955
0.5694274902
0.2344665527
-0.0669860840
0.3014678955
-0.5024414062
-0.4414978027
0.2207489014
0.4414978027
0.0000000000
0.5886535645
0.0735778809
0.0735778809
-0.1471710205
0.1078033447
-0.2515563965
-0.0718688965
-0.3234252930
0.5390472412
0.6109161377
-0.2156219482
0.2515563965
0.0000000000
0.0000000000
-0.1229705811
0.2459411621
0.2459411621
-0.3689117432
0.2459411621
-0.1229705811
-0.0934906006
-0.1869964600
0.8414459229
0.0467529297
-0.1869964600
0.0000000000
0.0000000000
-0.3739776611
0.9624481201
-0.0315551758
-0.0788879395
0.0157775879
-0.1419982910
0.0000000000
-0.1893310547
0.0473327637
0.0000000000
-0.2106475830
0.8726959229
0.3310241699
0.0601806641
-0.1203765869
-0.1504669189
0.1203765869
-0.5498504639
0.0000000000
-0.1099700928
0.4398803711
0.1099700928
0.0000000000
0.1099700928
0.1099700928
-0.0697479248
0.0871887207
0.1918029785
0.0348663330
0.1394958496
0.0174407959
-0.9590148926
0.0174407959
-0.6395263672
0.1065826416
0.0000000000
0.0000000000
0.0000000000
-0.2131805420
0.3197631836
-0.1065826416
0.3760528564
0.6768798828
-0.2256317139
0.1504211426
-0.3008422852
-0.1504211426
0.0000000000
0.1504211426
0.0000000000
-0.1242218018
0.0000000000
-0.1242218018
-0.1242218018
0.1242218018
0.0000000000
-0.4969024658
0.0000000000
0.2484588623
0.1242218018
-0.2484588623
-0.1242218018
-0.1242218018
0.3726806641
0.0000000000
-0.1720733643
0.3441619873
0.4588775635
0.0573577881
-0.1720733643
0.5735931396
0.3441619873
0.2294311523
0.4867248535
-0.4492797852
-0.1123199463
-0.2620849609
0.4492797852
-0.3369598389
0.3369598389
-0.0748748779
0.1153869629
-0.1153869629
-0.4615325928
0.2307739258
0.3461608887
0.0000000000
0.2307739258
-0.1153869629
-0.0642547607
-0.0642547607
0.2570037842
-0.7067718506
-0.4497680664
-0.2570037842
-0.1285095215
0.0642547607
-0.5063476562
0.0000000000
0.0000000000
0.4219512939
0.3375549316
-0.1687774658
-0.3375549316
-0.2531738281
0.1113433838
-0.1113433838
-0.1113433838
0.0000000000
0.0000000000
-0.1113433838
-0.1113433838
-0.1113433838
-0.0901947021
0.0000000000
-0.0901947021
0.8117980957
-0.0901947021
0.0000000000
0.0000000000
0.1804046631
-0.4185638428
0.0697631836
0.2092742920
-0.2790374756
-0.0697631836
0.4185638428
-0.2092742920
0.5580749512
-0.7174682617
0.3985900879
0.1992950439
0.3587341309
0.0398559570
-0.1992950439
0.1594390869
0.1992950439
0.1279754639
0.3199462891
0.3199462891
0.3199462891
0.0639953613
-0.0639953613
0.1919708252
-0.7038879395
-0.2628784180
-0.1051483154
0.2102966309
0.2102966309
0.8412017822
0.1051483154
0.1051483154
-0.1051483154
-0.1000061035
0.3999938965
0.5000000000
0.1999969482
0.1000061035
0.0000000000
-0.3999938965
0.1000061035
0.2077789307
-0.6926116943
-0.1385192871
0.1385192871
-0.1385192871
0.2077789307
0.2077789307
0.4155578613
0.4849090576
0.4121704102
0.6303863525
0.1212310791
-0.0242462158
0.3636779785
-0.1697235107
-0.0484924316
0.0290374756
-0.9581451416
-0.0580749512
-0.1161346436
0.0580749512
-0.1742095947
0.0580749512
0.0000000000
0.6494903564
-0.2783508301
-0.1855621338
-0.0927886963
0.1855621338
-0.0927886963
0.2783508301
0.1855621338
0.1178436279
0.0000000000
-0.1178436279
0.1178436279
-0.1178436279
0.2357025146
0.0000000000
0.0000000000
-0.1199951172
0.1199951172
0.0000000000
-0.1199951172
0.0000000000
-0.2400054932
-0.1199951172
0.1199951172
-0.3923950195
0.1471405029
-0.3923950195
0.3433380127
-0.1961975098
0.0000000000
-0.4414367676
0.4904785156
0.3289947510
-0.2193298340
-0.4020996094
0.6945495605
0.1462249756
0.0365600586
0.2924346924
-0.2193298340
-0.3622283936
0.2716674805
0.1811065674
0.0000000000
0.6338958740
-0.1811065674
0.1811065674
0.0905609131
0.2080383301
-0.3269042969
-0.2080383301
-0.2971954346
0.4754943848
0.5646514893
-0.2971954346
0.2377471924
-0.1202545166
-0.1202545166
0.3607788086
0.0000000000
0.0000000000
-0.3607788086
0.2405242920
-0.2405242920
0.0467987061
-0.0467987061
0.6551818848
0.0000000000
-0.2339935303
-0.0935974121
0.0467987061
-0.6551818848
0.9790954590
0.0000000000
-0.1165618896
-0.0466308594
-0.0233154297
-0.0233154297
-0.0466308594
0.0699310303
-0.0862731934
-0.2156677246
0.8626556396
0.2156677246
0.1725311279
-0.1293945312
-0.0431365967
0.2156677246
-0.3607788086
0.0000000000
0.0000000000
0.3607788086
0.1202545166
0.2405242920
-0.1202545166
0.2405242920
-0.0710449219
0.1420898438
0.3552246094
0.0000000000
0.1420898438
0.0236816406
-0.8998870850
0.0000000000
-0.3499298096
0.0874786377
-0.6998596191
0.0874786377
-0.0874786377
0.0000000000
0.2624511719
0.1749572754
0.3525543213
0.3525543213
-0.4407043457
0.0000000000
-0.0881347656
-0.3525543213
-0.3525543213
-0.1762847900
0.0000000000
0.0000000000
0.0000000000
-0.2400054932
0.0000000000
0.0000000000
0.1199951172
-0.2400054932
0.0000000000
0.0000000000
0.1249389648
-0.1249389648
-0.1249389648
0.2498779297
0.3748321533
0.1249389648
0.0000000000
0.3680267334
0.2102966309
-0.0525817871
-0.2628784180
0.7886199951
0.1051483154
0.1577301025
0.4207305908
-0.5142211914
0.1402435303
-0.3739776611
0.4674682617
-0.1869964600
0.2337341309
-0.1402435303
0.0000000000
0.0000000000
0.1178436279
0.1178436279
0.2357025146
0.0000000000
0.1178436279
-0.1178436279
0.1661682129
-0.0830841064
-0.0830841064
-0.6646728516
-0.6646728516
0.0415344238
-0.0415344238
0.1246185303
-0.3072509766
0.0000000000
-0.4096679688
0.4096679688
0.4096679688
-0.1024169922
-0.1024169922
0.0000000000
-0.0911560059
0.0000000000
0.0911560059
0.0911560059
0.0000000000
0.0000000000
0.0000000000
0.0000000000
0.1928405762
0.0000000000
-0.0964202881
0.7713928223
-0.0964202881
0.0000000000
0.0964202881
0.0964202881
-0.3475952148
0.6372528076
0.1158599854
-0.1158599854
0.2896575928
0.2896575928
-0.2896575928
0.2896575928
-0.6751251221
0.3375549316
0.0000000000
0.2531738281
0.0000000000
-0.2531738281
0.1687774658
0.1687774658
0.0792999268
0.0792999268
-0.4757537842
0.5550537109
0.2378845215
0.0000000000
0.3964691162
-0.1585845947
0.0724334717
-0.0724334717
0.1448516846
-0.1448516846
0.8691253662
0.0724334717
0.0724334717
0.0724334717
-0.2019042969
0.6056976318
0.0000000000
-0.2019042969
0.1009521484
0.1009521484
-0.4037933350
0.0000000000
0.0000000000
-0.3296203613
-0.0823974609
0.4120178223
-0.2472076416
0.4120178223
0.0823974609
0.4944305420
0.5205078125
0.1735076904
0.5205078125
0.3903808594
0.1735076904
0.3903808594
0.0433807373
-0.1735076904
-0.0457153320
-0.9142303467
-0.1371307373
-0.1371307373
0.0457153320
-0.2285614014
0.0000000000
0.0457153320
0.3181304932
-0.3181304932
0.1060485840
-0.2120971680
0.4241790771
0.2120971680
0.0000000000
0.3181304932
0.0000000000
0.0000000000
0.0000000000
0.0588226318
0.0000000000
0.0000000000
0.0000000000
0.0000000000
0.1064758301
0.0000000000
0.0000000000
0.0000000000
0.0000000000
-0.2129516602
0.0000000000
0.0000000000
-0.2859039307
0.2859039307
-0.3267517090
0.2450561523
-0.2042236328
-0.0816802979
-0.4901275635
0.5718078613
0.3394317627
-0.1272888184
-0.2545776367
0.8485717773
0.0000000000
0.1272888184
0.0424346924
0.0848541260
-0.2760772705
0.1840515137
0.1840515137
-0.0920257568
0.5521545410
0.0000000000
0.4601287842
0.1840515137
0.2399139404
-0.3598785400
-0.1599426270
-0.2799072266
0.3598785400
0.6397857666
-0.2799072266
0.1999359131
-0.2772064209
0.0000000000
0.6468200684
0.0924072266
-0.0924072266
0.2772064209
0.1847991943
-0.2772064209
0.1767730713
0.0000000000
0.4124755859
-0.1178436279
-0.2357025146
-0.1178436279
0.1178436279
-0.7660217285
0.8955230713
0.0000000000
0.0000000000
-0.1791076660
0.2149200439
-0.1074676514
0.2149200439
0.1432800293
-0.3989410400
0.2393646240
-0.0797882080
-0.5585174561
0.2393646240
-0.3989410400
0.0797882080
0.1595764160
-0.2484588623
-0.2484588623
0.1242218018
0.2484588623
0.1242218018
0.2484588623
-0.1242218018
0.1242218018
0.0000000000
0.0283966064
0.2839508057
0.0283966064
0.0000000000
0.1135864258
-0.9370574951
0.0283966064
-0.3077850342
-0.1539001465
-0.6925201416
0.0000000000
-0.1539001465
0.3847351074
0.0769500732
0.1539001465
0.0990753174
0.1981506348
-0.4953613281
-0.0990753174
0.2972259521
-0.3963012695
-0.0990753174
-0.2972259521
0.0000000000
0.2300720215
-0.1150360107
0.0000000000
0.1150360107
0.0000000000
0.1150360107
0.0000000000
-0.1071319580
0.3214111328
0.2142791748
0.1071319580
0.0000000000
0.5356903076
0.3214111328
0.1071319580
0.0865173340
0.3460845947
0.0000000000
-0.2595672607
-0.5191192627
0.5191192627
0.0865173340
0.0000000000
0.2750854492
-0.4126281738
0.4126281738
-0.4813995361
0.4126281738
-0.0687713623
0.0000000000
-0.1375427246
-0.1237182617
0.0000000000
-0.2474365234
0.1237182617
0.2474365234
-0.1237182617
0.1237182617
0.0000000000
0.4175415039
-0.1491241455
-0.1491241455
-0.5368347168
-0.6561431885
0.0894775391
-0.0596466064
0.1491241455
-0.0884704590
-0.3538970947
-0.3538970947
0.4423675537
0.4423675537
0.0000000000
-0.2654266357
-0.0884704590
0.0000000000
0.0785675049
0.0000000000
0.0000000000
0.0000000000
0.0000000000
0.0785675049
0.0000000000
0.1019134521
-0.2038421631
0.0000000000
0.7134399414
-0.2038421631
-0.1019134521
0.0000000000
0.1019134521
-0.1282348633
0.7694549561
0.0000000000
0.0641174316
0.3847198486
0.1923675537
-0.2564849854
0.0000000000
-0.2500000000
0.0000000000
-0.1250000000
0.2500000000
-0.1250000000
-0.1250000000
0.2500000000
0.1250000000
0.2068023682
0.0000000000
-0.6204071045
0.3446655273
0.1378631592
0.0000000000
0.2068023682
0.4825286865
0.2307739258
0.0000000000
0.0000000000
-0.2307739258
0.4615325928
0.2307739258
0.2307739258
0.2307739258
-0.4264221191
0.5117034912
-0.1705627441
0.0000000000
-0.0852813721
0.0852813721
-0.5117034912
0.0000000000
0.1818389893
0.5455017090
0.1818389893
0.4545898438
-0.0909118652
0.3636779785
0.0000000000
0.0000000000
0.3216705322
-0.0919036865
-0.4135742188
0.4135742188
0.4595184326
0.1378631592
0.2757110596
-0.4135742188
-0.1441040039
-0.7926025391
-0.2882232666
0.0000000000
0.1441040039
-0.1441040039
-0.0720520020
0.2161560059
0.5145721436
-0.3087463379
0.0000000000
-0.1029205322
0.3087463379
0.2058258057
-0.3087463379
0.1029205322
0.1064758301
0.0000000000
-0.1064758301
0.1064758301
0.0000000000
0.1064758301
0.1064758301
0.0000000000
0.1216278076
-0.2432556152
0.0000000000
0.0000000000
0.0000000000
-0.2432556152
0.0000000000
0.1216278076
-0.1258239746
0.6710662842
-0.2097015381
0.1677703857
-0.2516479492
0.0419464111
-0.2935943604
0.5032958984
0.2501068115
0.0357360840
-0.2858276367
0.8217773438
-0.0357360840
0.3215637207
-0.0357360840
0.1786499023
-0.1004791260
-0.1004791260
0.4018859863
-0.3014221191
0.1004791260
0.3014221191
0.5023651123
0.1004791260
0.2381896973
-0.4763641357
-0.2381896973
-0.1786346436
0.4763641357
0.0000000000
-0.2381896973
0.4763641357
0.0000000000
-0.3036804199
0.5466308594
0.0607299805
-0.0607299805
0.6681060791
0.1822052002
0.0000000000
0.3375854492
-0.2025451660
0.0675201416
-0.0675201416
-0.3375854492
0.0000000000
0.1350250244
-0.7426757812
0.5739440918
-0.1350402832
0.2025756836
-0.1350402832
0.2700958252
-0.2025756836
0.6077117920
0.2700958252
-0.2322235107
0.3251037598
-0.6037750244
-0.4179992676
0.0464477539
-0.4179992676
-0.1393280029
0.1857757568
-0.1247253418
-0.3741607666
-0.1247253418
0.0000000000
-0.1247253418
0.0000000000
-0.1247253418
0.1247253418
0.0297241211
0.0000000000
0.1485900879
0.0297241211
-0.0891571045
0.1783142090
-0.9510040283
0.0594329834
-0.1277465820
-0.1703338623
-0.7239074707
-0.2129058838
-0.1277465820
0.5535736084
0.0425872803
-0.0425872803
-0.1887054443
-0.4717712402
-0.2830657959
-0.2830657959
0.0000000000
-0.4717712402
0.0943603516
-0.1887054443
0.1064758301
0.1064758301
0.0000000000
0.0000000000
0.0000000000
0.1064758301
0.1064758301
-0.1064758301
-0.1928405762
0.3856964111
0.2892761230
0.0964202881
0.0964202881
0.2892761230
0.3856964111
0.3856964111
-0.1758728027
0.3517303467
0.1758728027
-0.1172485352
-0.4689788818
0.5862121582
0.0000000000
0.3517303467
0.1252136230
-0.3756256104
0.4382324219
-0.5008239746
0.3756256104
-0.2504119873
-0.2504119873
-0.0626068115
0.1150360107
0.0000000000
-0.2300720215
-0.1150360107
0.1150360107
0.0000000000
0.0000000000
0.0000000000
0.4806213379
-0.1501922607
-0.2102661133
-0.3604736328
-0.6908874512
0.1802368164
-0.0300445557
0.1802368164
-0.2463989258
-0.2463989258
-0.6570434570
0.2463989258
0.2463989258
0.0821380615
-0.2463989258
-0.1642608643
-0.1150360107
0.1150360107
0.0000000000
0.0000000000
-0.1150360107
0.0000000000
0.2300720215
0.0000000000
0.2438964844
-0.4878082275
-0.1219482422
0.1219482422
-0.1219482422
0.1219482422
0.0000000000
0.1219482422
-0.0970611572
0.8249511719
-0.0970611572
0.3882141113
0.2426300049
0.0485229492
0.0485229492
-0.0970611572
-0.1250000000
0.1250000000
-0.1250000000
0.3750000000
0.0000000000
0.0000000000
0.2500000000
0.0000000000
0.0902099609
-0.1804199219
-0.8118743896
0.1353149414
0.0451049805
0.0902099609
0.0451049805
0.4510345459
0.3517150879
0.1172332764
-0.1172332764
-0.2344665527
0.3517150879
0.1172332764
0.2344665527
0.2344665527
-0.4626770020
0.4048461914
-0.1735076904
0.5783538818
-0.2891693115
0.1735076904
-0.1735076904
-0.0578308105
0.1186370850
0.9095611572
0.1977386475
0.1977386475
0.0000000000
0.1186370850
0.0395507812
-0.1186370850
0.0380096436
-0.3800354004
-0.6080627441
0.1140136719
0.4940490723
-0.1900177002
0.2280273438
-0.3040313721
0.0000000000
-0.3658599854
-0.2438964844
0.1219482422
0.0000000000
-0.1219482422
0.1219482422
0.3658599854
0.7613372803
-0.1903381348
-0.0951690674
0.0000000000
0.0951690674
0.0000000000
-0.1903381348
-0.0951690674
0.0785675049
0.0000000000
0.0000000000
0.0000000000
-0.0785675049
0.0000000000
0.0000000000
0.0000000000
0.1249389648
-0.3748016357
0.0000000000
0.0000000000
0.0000000000
-0.2498626709
0.0000000000
0.1249389648
-0.0447845459
0.8061523438
-0.1791381836
0.1343536377
-0.2239379883
0.0447845459
-0.1343536377
0.4030761719
0.1115417480
0.2230834961
-0.3346252441
0.5948944092
-0.0743560791
0.5205383301
-0.1115417480
0.3718109131
0.1557159424
-0.1557159424
0.4671630859
-0.3892974854
-0.4671630859
0.3892974854
0.0000000000
-0.0778656006
0.1040039062
-0.1560058594
-0.2080230713
-0.1560058594
0.4680328369
-0.6760559082
0.0000000000
0.3640289307
0.1183624268
-0.2367248535
0.5918121338
0.1578216553
-0.2367248535
0.6312561035
0.1578216553
0.1578216553
0.3748016357
-0.1249389648
-0.2498626709
0.0000000000
0.0000000000
-0.1249389648
0.0000000000
0.0000000000
0.0712738037
-0.1425476074
0.2494659424
-0.1781921387
0.2494659424
-0.2851104736
0.7840423584
0.2851104736
-0.2075347900
0.4980773926
-0.6225891113
-0.2490386963
0.0000000000
-0.3735504150
-0.0415039062
0.2490386963
0.0000000000
-0.5646972656
-0.1129455566
-0.1129455566
-0.2258758545
0.1129455566
-0.2258758545
0.2258758545
0.0000000000
0.0675659180
0.1688995361
0.0337829590
-0.0675659180
0.1688995361
-0.9458618164
0.0337829590
-0.1181793213
-0.1575775146
-0.6696777344
-0.3939208984
-0.2363586426
0.4727172852
0.1181793213
-0.1181793213
-0.1552581787
0.3105163574
-0.3105163574
-0.4657745361
-0.1552581787
-0.4657745361
0.1552581787
-0.3105163574
0.1178436279
0.1178436279
0.0000000000
0.0000000000
0.1178436279
0.1178436279
0.0000000000
-0.2357025146
-0.0720520020
0.4323272705
0.1441040039
0.2161560059
0.1441040039
0.5764312744
0.3602752686
0.2882232666
0.2378234863
0.2378234863
0.2642364502
0.2906646729
0.0264282227
0.6870269775
-0.3699340820
0.3170928955
0.1190948486
-0.4168243408
0.3572845459
-0.4168243408
0.3572845459
-0.2977294922
-0.4168243408
-0.0595397949
0.1178436279
-0.1178436279
-0.2357025146
0.0000000000
0.0000000000
0.1178436279
0.0000000000
0.1178436279
0.4702148438
-0.2170257568
-0.1446838379
-0.1808471680
-0.7234039307
0.2170257568
-0.0361633301
0.2531890869
0.0000000000
0.1004791260
-0.6028289795
0.4018859863
0.1004791260
0.2009429932
-0.1004791260
-0.2009429932
0.0000000000
-0.1249389648
0.0000000000
0.1249389648
-0.2498626709
-0.1249389648
0.2498626709
-0.2498626709
0.2600250244
-0.3120269775
-0.2080230713
-0.7800598145
-0.0520019531
-0.1560058594
0.1560058594
0.2080230713
-0.0367279053
0.7712707520
-0.1836395264
0.5141754150
0.2203674316
0.0000000000
0.0367279053
-0.1101837158
-0.2332305908
0.1166229248
-0.1166229248
0.4664764404
0.1166229248
-0.1166229248
0.3498535156
0.1166229248
0.1608581543
-0.1608581543
-0.7506866455
0.0536193848
0.1608581543
0.1608581543
-0.0536193848
0.4825744629
0.4493408203
0.0000000000
-0.1123352051
-0.3370056152
0.3370056152
-0.2246704102
0.1123352051
-0.1123352051
-0.2820281982
0.2350158691
-0.0940093994
0.7990722656
-0.2820281982
0.2350158691
-0.0940093994
0.0469970703
0.1276855469
0.9257659912
0.1596221924
0.1276855469
0.0319213867
0.0319213867
0.0000000000
-0.2234649658
-0.1174468994
-0.4698028564
-0.5481109619
-0.0391540527
0.3915100098
-0.4698028564
0.1957550049
-0.0391540527
-0.1743164062
0.6972656250
-0.3486328125
0.0000000000
0.0000000000
0.0000000000
-0.1743164062
0.2614746094
0.9375762939
0.0000000000
-0.1480407715
-0.0493469238
0.0493469238
0.0493469238
-0.0986938477
0.0493469238
0.1178436279
0.1178436279
0.0000000000
0.0000000000
-0.2357025146
0.1178436279
0.0000000000
-0.1178436279
0.1216278076
-0.2432556152
0.1216278076
0.1216278076
0.1216278076
-0.1216278076
0.0000000000
0.1216278076
-0.3329925537
0.8173370361
-0.1816253662
0.3329925537
-0.0302734375
0.0302734375
-0.1513519287
0.1513519287
0.0000000000
-0.0852813721
-0.1705627441
0.4264221191
0.3411407471
0.1705627441
-0.1705627441
-0.5970001221
-0.3398895264
0.0000000000
0.0679779053
0.1359558105
0.5438232422
-0.4078674316
-0.4758453369
0.1359558105
-0.1323699951
-0.2647247314
-0.2647247314
-0.5956268311
-0.3309020996
-0.2647247314
-0.3970947266
0.0661773682
0.2381439209
0.4762878418
0.1190643311
-0.1190643311
-0.2381439209
-0.2381439209
0.0000000000
0.0000000000
-0.1341247559
0.0000000000
0.8718109131
-0.0670623779
-0.2011871338
-0.0670623779
-0.0670623779
-0.1341247559
0.9619903564
-0.0229034424
-0.1374206543
0.0916137695
-0.0916137695
-0.0229034424
-0.1374206543
-0.0458068848
0.0000000000
-0.1804962158
0.7580871582
0.3609924316
0.2165985107
-0.3248901367
-0.1443939209
0.2165985107
-0.1243286133
-0.3729858398
0.0000000000
0.1243286133
0.0000000000
0.0000000000
-0.1243286133
-0.1243286133
0.0260314941
0.0520782471
0.1562194824
0.0781097412
0.1041412354
0.0520782471
-0.9633331299
-0.0520782471
-0.1250000000
0.0000000000
0.2500000000
-0.2500000000
-0.1250000000
-0.2500000000
0.1250000000
-0.1250000000
0.1035919189
0.9323120117
-0.1553802490
-0.0517883301
0.0000000000
0.0517883301
0.0000000000
0.0517883301
0.0000000000
0.0000000000
0.0000000000
-0.1113433838
0.0000000000
0.1113433838
-0.2226867676
0.0000000000
0.0000000000
0.1208343506
0.0000000000
-0.1208343506
0.1208343506
-0.2416839600
0.4833679199
0.2416839600
-0.1170501709
0.3511352539
0.4096527100
0.0585174561
-0.3511352539
0.5267028809
0.3511352539
0.2340850830
0.0841064453
-0.3364257812
0.0420532227
-0.2943725586
0.3784790039
-0.7569427490
-0.1261596680
0.0420532227
0.1243286133
-0.1243286133
-0.2486572266
0.1243286133
0.0000000000
-0.1243286133
0.2486572266
0.1243286133
0.4127044678
0.0000000000
-0.0515899658
-0.5674743652
-0.6190643311
0.1031799316
0.0000000000
0.1547698975
-0.3962249756
0.0000000000
0.7264099121
-0.0660400391
0.0000000000
-0.1981201172
0.1320800781
-0.3301849365
0.0000000000
-0.0911560059
-0.0911560059
0.0000000000
0.0000000000
0.0000000000
-0.0911560059
0.0000000000
-0.1242218018
-0.1242218018
-0.1242218018
0.2484588623
0.2484588623
0.2484588623
0.1242218018
-0.2484588623
-0.2534332275
0.4646301270
0.4646301270
-0.3379211426
0.2534332275
0.2111968994
-0.2111968994
0.4223937988
-0.5791168213
0.2632446289
0.0000000000
0.4738311768
0.1053009033
-0.2632446289
0.3158874512
0.3158874512
0.1141510010
0.0000000000
-0.5707855225
0.2283172607
0.0000000000
0.0000000000
0.2283172607
-0.2283172607
-0.3216857910
-0.2412719727
0.2412719727
0.4423217773
0.5629577637
0.2412719727
0.1608428955
-0.3619079590
0.0736541748
0.0736541748
-0.2209625244
0.9206542969
0.1104736328
0.0368194580
-0.1841278076
-0.0368194580
0.6115264893
0.0000000000
-0.2038421631
-0.3057556152
0.0000000000
-0.3057556152
0.1019134521
-0.1019134521
0.5423278809
0.3099060059
0.6197967529
-0.0387420654
0.0387420654
0.3873748779
0.1549530029
0.0000000000
0.0000000000
-0.9194793701
-0.1622619629
-0.1081695557
0.0540924072
-0.0540924072
0.0540924072
0.1081695557
0.7104949951
0.0888061523
-0.0888061523
0.1776275635
-0.0888061523
0.1776275635
0.0888061523
0.3552398682
0.0000000000
0.0000000000
0.1150360107
0.0000000000
-0.2300720215
0.1150360107
-0.1150360107
0.0000000000
0.0000000000
-0.2486572266
0.2486572266
0.0000000000
0.0000000000
-0.2486572266
-0.1243286133
0.0000000000
-0.3735351562
0.6896057129
-0.2298736572
0.3448028564
-0.0574645996
-0.0287322998
-0.3160705566
0.2873382568
0.1459960938
-0.2919921875
-0.5839843750
0.3649902344
0.0729980469
0.4379882812
-0.1459960938
0.1459960938
-0.1746673584
0.0000000000
-0.0582275391
0.1746673584
0.1746673584
-0.6986999512
-0.5240173340
0.1746673584
0.1132354736
-0.3397216797
-0.4529724121
-0.6228332520
-0.1698608398
-0.1132354736
-0.2831115723
0.2264862061
0.1764678955
0.4705810547
0.1176452637
-0.0588226318
-0.7647094727
-0.1176452637
0.0588226318
0.1176452637
0.0578308105
0.0000000000
0.7518615723
-0.0578308105
-0.1735076904
-0.1156768799
-0.0578308105
-0.5205230713
0.9337463379
0.0000000000
-0.2154846191
0.1795654297
0.0718231201
0.0359191895
0.0000000000
-0.0359191895
0.0000000000
-0.1477050781
0.6277465820
0.3323364258
0.3323364258
-0.4800415039
-0.2584838867
0.1477050781
0.0000000000
-0.4991302490
0.0000000000
0.1247863770
0.0000000000
0.1247863770
0.0000000000
0.0000000000
0.0326995850
0.2288970947
0.3923797607
0.0980987549
0.0653991699
0.1307983398
-0.8501586914
-0.0653991699
-0.1076965332
0.0000000000
-0.2153778076
-0.1076965332
-0.1076965332
-0.5384674072
0.4307708740
0.1076965332
0.1664428711
0.7767333984
-0.3883666992
-0.1109619141
-0.1109619141
-0.2774047852
-0.1109619141
-0.0554809570
-0.1228332520
-0.1228332520
0.2456817627
0.0000000000
-0.1228332520
0.0000000000
-0.2456817627
0.0000000000
0.1014251709
0.1014251709
0.0000000000
-0.2028656006
0.1014251709
-0.1014251709
0.7100219727
0.2028656006
0.0441284180
0.3971557617
0.3971557617
0.0441284180
-0.2647705078
0.7060546875
0.0000000000
0.2206420898
0.1486206055
-0.4087066650
0.1486206055
-0.4087066650
0.4087066650
-0.5201721191
-0.3715515137
0.0371551514
0.1199951172
0.0000000000
0.1199951172
0.0000000000
0.1199951172
-0.1199951172
0.2400054932
-0.1199951172
0.2919616699
-0.0324401855
-0.0973205566
-0.7461090088
-0.5190277100
0.1297607422
0.0324401855
0.1622009277
-0.4234313965
0.0000000000
0.0846862793
0.0000000000
-0.0846862793
-0.4234313965
0.1693725586
-0.5928039551
0.0000000000
-0.0588226318
0.0000000000
0.0000000000
0.0000000000
0.0000000000
0.0000000000
0.0000000000
0.0000000000
0.0000000000
-0.2918548584
0.6809997559
0.0972900391
0.0972900391
0.2918548584
-0.0972900391
-0.1741333008
0.8126220703
0.2031555176
-0.1160888672
0.2902221680
0.1451110840
-0.2321777344
0.2611999512
-0.5028533936
0.1676177979
-0.0838012695
0.4190521240
0.0838165283
-0.2514190674
0.3352355957
0.3352355957
0.0541687012
0.0541687012
-0.8666687012
0.2166595459
0.1083374023
0.0541687012
0.2708282471
0.1083374023
-0.1374206543
-0.2290344238
0.1832275391
0.1832275391
0.7787170410
0.2748413086
0.0916137695
-0.3206481934
0.0000000000
0.1622009277
-0.2595214844
0.9083099365
0.1297607422
0.0973205566
-0.1297607422
-0.0648803711
0.0000000000
0.3370056152
-0.1123352051
-0.5616760254
0.1123352051
0.1123352051
0.0000000000
-0.2246704102
0.6816406250
0.1704101562
0.5112304688
0.0568084717
0.2272186279
0.0000000000
0.2840118408
-0.0568084717
-0.0660400391
-0.8584899902
-0.1320800781
-0.1320800781
0.1320800781
-0.1981201172
-0.1320800781
0.0660400391
0.4516296387
0.1935577393
-0.1290283203
0.2580718994
0.3871002197
0.3225860596
-0.1290283203
0.5161437988
0.0000000000
0.0000000000
0.0000000000
0.0785675049
0.0000000000
0.0000000000
-0.0785675049
0.0000000000
0.0000000000
-0.2400054932
0.1199951172
0.1199951172
0.1199951172
-0.1199951172
0.0000000000
0.1199951172
-0.2903442383
0.4935913086
-0.2613067627
0.3484191895
-0.1451721191
-0.0290374756
-0.4355163574
0.4935913086
0.1595001221
-0.2126617432
-0.2126617432
-0.0531616211
-0.1595001221
0.5316467285
-0.3721466064
0.5848083496
-0.2452392578
0.1471405029
0.0490417480
0.1961975098
0.2942962646
-0.6866760254
-0.3923950195
0.2942962646
0.2357025146
-0.1767730713
-0.5892486572
-0.5892486572
-0.2357025146
0.0589294434
-0.1178436279
0.1767730713
0.0000000000
0.4764251709
0.1588134766
0.0397033691
-0.7940368652
0.1588134766
0.1588134766
0.1191101074
0.1743164062
0.0871582031
0.2614746094
-0.0871582031
0.0871582031
-0.3486328125
0.0871582031
-0.6972656250
0.4886016846
0.0000000000
0.0610809326
-0.1832275391
0.5496673584
0.0000000000
0.4886016846
0.2442932129
0.0601806641
0.0601806641
0.1805572510
-0.0601806641
0.3611297607
-0.7824249268
-0.3009338379
0.0601806641
-0.2258758545
-0.5646972656
0.1129455566
0.0000000000
0.1129455566
0.2258758545
-0.2258758545
-0.1129455566
0.0426177979
0.1704864502
0.2983398438
-0.0426177979
-0.2131042480
0.2131042480
-0.8524169922
0.0426177979
-0.1585845947
-0.1585845947
-0.3171691895
-0.2378845215
-0.1585845947
-0.4757537842
0.4757537842
0.3171691895
0.1199645996
0.7197570801
-0.4398498535
-0.1199645996
-0.1599426270
-0.3198852539
-0.1999359131
-0.1999359131
0.0000000000
0.1064758301
0.0000000000
0.1064758301
0.0000000000
-0.1064758301
-0.1064758301
0.1064758301
0.0681304932
0.2725372314
0.0000000000
-0.0681304932
0.1362762451
0.2725372314
0.8176269531
0.0000000000
0.1427612305
0.3806762695
0.3330993652
-0.0475921631
-0.3806762695
0.6661987305
-0.2379302979
0.0475921631
0.2161712646
-0.2882385254
0.2522125244
-0.3963165283
0.2522125244
-0.3963165283
-0.6125030518
0.1080932617
0.0000000000
0.0000000000
0.0000000000
0.1249389648
0.2498779297
-0.2498779297
0.2498779297
-0.2498779297
0.4564056396
-0.0652008057
-0.0869293213
-0.6737365723
-0.5216064453
0.0652008057
-0.0652008057
0.1738739014
-0.2336883545
-0.2921142578
0.1168518066
-0.1752624512
-0.1168518066
-0.1752624512
0.4089508057
-0.7010650635
0.0000000000
0.0911560059
0.0000000000
0.0000000000
0.0911560059
0.0000000000
0.0000000000
-0.0911560059
0.0553131104
-0.0553131104
0.0000000000
0.9402923584
0.0000000000
0.0553131104
0.0553131104
0.0553131104
-0.0821990967
0.9315185547
0.0821990967
0.0274047852
0.1643829346
0.1917877197
-0.1643829346
0.0547943115
-0.1238555908
-0.1238555908
0.0000000000
0.3715667725
0.1238555908
-0.1238555908
0.2477111816
0.2477111816
0.0290222168
0.0000000000
-0.8706665039
0.0870666504
0.0870666504
0.0580444336
0.1741333008
0.4063110352
0.0741729736
-0.1483612061
0.2225341797
0.0000000000
0.8159790039
0.2225341797
0.1483612061
0.0000000000
-0.0603179932
0.2412872314
-0.3619384766
0.8143615723
0.1809692383
0.2111358643
-0.1508026123
-0.1206512451
0.3790283203
-0.2842712402
-0.0947570801
-0.5685577393
0.0947570801
0.0000000000
-0.1895141602
-0.2842712402
0.2794647217
-0.2794494629
-0.4391479492
0.1596832275
0.3992309570
-0.3992309570
0.4790649414
-0.1596832275
-0.1184692383
-0.4738464355
-0.2369232178
0.1184692383
0.2369232178
0.0000000000
-0.2369232178
0.1184692383
0.6842193604
0.0488739014
0.0000000000
0.2932434082
0.2932434082
0.3909759521
-0.0977478027
0.3421173096
0.1150360107
0.0000000000
0.0000000000
0.0000000000
0.2300720215
-0.1150360107
-0.1150360107
0.0000000000
0.1243286133
-0.2486572266
0.2486572266
0.1243286133
0.0000000000
-0.1243286133
-0.1243286133
0.1243286133
-0.1363677979
0.6477813721
-0.2045593262
0.2727508545
-0.1704711914
0.0340881348
-0.3409423828
0.5113983154
0.1179046631
-0.2358093262
0.0785980225
-0.2358093262
-0.1965026855
0.3930206299
-0.3537139893
0.7074279785
-0.2911682129
0.1941070557
0.2426300049
0.2426300049
0.2911682129
-0.6308441162
-0.2911682129
0.3396911621
0.2184143066
0.1456146240
-0.5824584961
-0.3640289307
-0.2184143066
-0.4368438721
0.1456146240
0.1456146240
-0.0392761230
0.2749023438
0.1963500977
-0.0392761230
-0.7461547852
0.5105285645
0.1178131104
0.0392761230
0.3014221191
0.2009429932
0.0000000000
0.0000000000
0.0000000000
-0.3014221191
0.5023651123
-0.4018859863
0.1282196045
-0.1709442139
0.2991638184
-0.1709442139
0.5128479004
-0.0854797363
0.5983276367
0.3846435547
-0.0542449951
0.2169799805
-0.3797149658
-0.3254699707
0.0000000000
-0.7052001953
-0.3254699707
0.0000000000
-0.2695465088
-0.7187805176
0.1796875000
0.0000000000
0.0000000000
0.1796875000
-0.1796875000
-0.1796875000
0.0823059082
-0.0823059082
0.0000000000
-0.1646118164
-0.4526824951
0.1646118164
-0.7819061279
0.2469177246
-0.1981201172
-0.1981201172
-0.5943450928
-0.3962249756
-0.2641448975
0.0000000000
0.3962249756
0.1981201172
0.0000000000
0.4718322754
-0.5576324463
-0.2144775391
-0.2144775391
-0.4718322754
-0.0428924561
-0.3002624512
0.1237182617
0.2474365234
0.0000000000
0.1237182617
0.0000000000
0.1237182617
0.1237182617
0.2474365234
0.0507812500
0.5078582764
0.0000000000
-0.0507812500
0.2031402588
0.2031402588
0.7109985352
0.2539215088
-0.0583190918
0.4082641602
0.2332916260
-0.2332916260
-0.6415557861
0.4082641602
-0.1749725342
0.0000000000
0.2877502441
-0.1278839111
0.1918334961
-0.3836669922
0.1278839111
-0.4476013184
-0.6714172363
0.1278839111
0.0000000000
0.1224670410
-0.4898986816
0.0000000000
0.2449493408
-0.1224670410
0.1224670410
-0.1224670410
0.5401458740
-0.1174163818
-0.0939331055
-0.5636291504
-0.5401458740
0.0704498291
-0.0939331055
0.2113647461
-0.2264404297
-0.4075927734
0.1811523438
-0.2717285156
-0.0905761719
-0.0452880859
0.2717285156
-0.7246093750
0.0000000000
0.2474365234
0.0000000000
0.0000000000
0.0000000000
0.0000000000
0.2474365234
-0.2474365234
0.1553802490
-0.0517883301
0.0000000000
0.9323120117
0.0517883301
0.1035919189
0.0517883301
0.0000000000
-0.0668487549
0.9357757568
0.0668487549
0.1336822510
0.2005310059
0.1002655029
0.0334167480
-0.1002655029
0.3625183105
-0.2416839600
0.1208343506
0.2416839600
0.0000000000
0.0000000000
0.3625183105
0.0000000000
0.0277709961
-0.1388244629
-0.8607177734
0.0832977295
0.0000000000
0.0832977295
0.0555267334
0.4442443848
0.3874053955
0.0000000000
0.0968475342
-0.2905578613
0.5811157227
0.1937103271
0.0968475342
0.1937103271
-0.1590423584
0.2120666504
-0.3446044922
0.8482360840
0.0795288086
0.2120666504
-0.0795288086
-0.1060333252
0.5099029541
0.3399353027
-0.0849761963
-0.5099029541
-0.1699676514
-0.0849761963
0.0849761963
-0.2549438477
0.0521240234
-0.3388214111
-0.5733795166
0.0781860352
0.4170074463
-0.4691314697
0.3388214111
-0.1303100586
0.0000000000
0.4615325928
0.1153869629
0.4615325928
0.0000000000
0.1153869629
0.1153869629
-0.1153869629
0.8649139404
0.0000000000
0.0910491943
0.2731323242
0.0910491943
0.2731323242
0.0000000000
0.1365661621
0.2456817627
0.1228332520
0.0000000000
0.0000000000
-0.1228332520
0.0000000000
0.1228332520
-0.2456817627
-0.2459411621
-0.3689117432
0.0000000000
0.1229705811
-0.2459411621
0.0000000000
-0.2459411621
0.1229705811
0.0730590820
0.8401947021
-0.1095886230
0.1826477051
-0.0730590820
0.1095886230
-0.1461181641
0.4018402100
0.0000000000
-0.0963592529
-0.0321197510
-0.0321197510
-0.1605987549
0.4817962646
-0.3211975098
0.7708892822
-0.2261199951
0.1695861816
0.4522552490
0.0565338135
0.1695861816
-0.5087738037
-0.4522552490
0.3391876221
0.0417938232
0.2507629395
-0.3343505859
-0.2507629395
0.1671752930
-0.7940979004
0.2089691162
0.0417938232
0.0306396484
0.0919189453
0.1838378906
0.0000000000
-0.7046966553
0.6434173584
0.1225585938
0.0306396484
0.3498535156
-0.1166229248
-0.2332305908
0.1166229248
0.1166229248
-0.1166229248
0.1166229248
0.4664764404
-0.0596160889
-0.2682952881
0.2682952881
-0.0894317627
0.4173583984
-0.2086791992
0.6856536865
0.3577270508
-0.0431671143
0.3022155762
-0.5180816650
-0.3453826904
0.1295166016
-0.5612487793
-0.3453826904
0.0863494873
-0.2243804932
-0.7479248047
0.2243804932
-0.1495819092
-0.1495819092
0.2243804932
-0.2243804932
-0.0747985840
0.0948486328
-0.1422729492
0.0474243164
-0.0948486328
-0.4742431641
0.3319702148
-0.6639404297
0.3319702148
-0.2070007324
-0.0413970947
-0.7037811279
-0.4553985596
-0.2070007324
0.2070007324
0.3311920166
0.0413970947
-0.0406799316
0.4880981445
-0.5287628174
-0.2440490723
-0.2440490723
-0.4474182129
0.0406799316
-0.3253936768
0.2400054932
0.1199951172
0.1199951172
0.1199951172
0.0000000000
0.1199951172
0.0000000000
0.1199951172
0.0000000000
0.4492797852
0.0000000000
0.0816802979
0.1225280762
0.2450561523
0.7760314941
0.2450561523
0.1641998291
0.3612365723
0.3283996582
0.1313629150
-0.1641998291
0.6567840576
-0.3940734863
0.2627105713
0.3531341553
-0.1086578369
0.1629791260
-0.3259735107
0.0543212891
-0.5432891846
-0.6247863770
0.1358184814
0.1229705811
-0.1229705811
-0.4918823242
-0.1229705811
0.1229705811
0.1229705811
0.1229705811
0.1229705811
0.6317596436
-0.1052856445
-0.0789642334
-0.3948516846
-0.5791168213
0.1052856445
-0.1842651367
0.1579437256
-0.1686553955
-0.2951507568
0.0421600342
-0.2529907227
-0.2951507568
0.1264953613
0.3794860840
-0.7167968750
-0.1247863770
0.0000000000
0.1247863770
0.1247863770
-0.1247863770
0.1247863770
0.3743438721
-0.2495727539
0.1840515137
0.0920257568
0.0000000000
0.7361907959
0.1840515137
0.0920257568
0.2760772705
0.0000000000
0.0000000000
0.8700256348
0.0790863037
0.2768249512
0.1581878662
-0.0790863037
0.1977386475
-0.1977386475
0.3674163818
-0.2449493408
0.0000000000
0.1224670410
-0.1224670410
0.1224670410
0.2449493408
-0.2449493408
0.0477447510
-0.1909484863
-0.8354339600
0.0477447510
0.0000000000
0.1193542480
-0.0238647461
0.4773864746
0.4726104736
0.2025451660
-0.0675201416
-0.2700653076
0.6076354980
-0.3375854492
0.1350250244
0.0675201416
-0.1445007324
0.1445007324
-0.3371582031
0.8910675049
-0.0240783691
0.1685791016
0.0481719971
-0.0240783691
0.3414611816
0.6829223633
-0.0682983398
-0.3414611816
-0.0682983398
-0.1365814209
0.0000000000
-0.3414611816
-0.1261749268
-0.5047149658
-0.5047149658
-0.0630950928
0.2944183350
-0.5467834473
0.2523651123
0.0841217041
0.0554809570
0.8876953125
-0.0554809570
0.2219238281
0.0000000000
0.2219238281
0.0554809570
0.0554809570
0.9479064941
0.0000000000
0.0702209473
0.1755371094
-0.0351104736
0.1404266357
0.0000000000
0.0702209473
0.1249389648
0.1249389648
0.1249389648
0.0000000000
-0.1249389648
0.1249389648
-0.1249389648
-0.3748016357
-0.3424682617
-0.4566192627
-0.1141510010
0.0000000000
-0.2283172607
0.0000000000
-0.2283172607
0.2283172607
0.1458282471
0.9114379883
-0.1093750000
0.1458282471
0.0364532471
0.0729217529
0.0000000000
0.2552032471
-0.0893554688
0.0595703125
-0.0595703125
-0.1191406250
-0.2084960938
0.4765625000
-0.2680664062
0.7743988037
0.0000000000
0.0000000000
0.5446319580
-0.1815490723
-0.1815490723
-0.2420654297
-0.6656646729
0.1210327148
0.0381622314
0.3435211182
-0.3435211182
-0.2671813965
0.4198608398
-0.6107025146
0.3053588867
-0.0381622314
0.0541839600
0.2167510986
0.2167510986
0.0270996094
-0.7044525146
0.5960845947
0.0270996094
0.1625671387
0.2567596436
0.0000000000
0.0000000000
0.1711730957
0.1711730957
0.0000000000
-0.1711730957
0.7702941895
0.0000000000
-0.2538909912
0.1692657471
-0.0846252441
0.3808288574
-0.2538909912
0.7193603516
0.3385162354
-0.0949554443
0.5697326660
-0.3323516846
-0.1899108887
0.1899108887
-0.5222625732
-0.2848663330
0.2373962402
-0.3280639648
-0.5905151367
0.2624511719
-0.0656127930
-0.0656127930
0.4592895508
-0.3280639648
0.0656127930
0.0587158203
-0.1761627197
0.1174468994
0.0000000000
-0.2936096191
0.4110565186
-0.7046661377
0.2936096191
-0.1266021729
0.0422058105
-0.5486297607
-0.5908203125
-0.3376159668
0.2110137939
0.3376159668
0.0422058105
-0.0522003174
0.7829437256
-0.4697723389
-0.1565856934
-0.0522003174
-0.2609863281
0.0522003174
-0.2087860107
0.2357025146
0.0000000000
0.0000000000
-0.1178436279
0.1178436279
-0.1178436279
0.0000000000
-0.1178436279
0.0000000000
0.4126892090
0.0952301025
0.2539672852
-0.0634918213
0.5396728516
0.6349182129
0.1587219238
0.1715698242
0.2401885986
0.2745056152
0.2401885986
-0.0686340332
0.7205810547
-0.3774566650
0.2745056152
0.4910430908
-0.1292266846
0.1033782959
-0.2842864990
0.0258483887
-0.5685729980
-0.5427246094
0.1033782959
0.0000000000
-0.3316650391
-0.4422149658
0.0000000000
-0.1105499268
-0.1105499268
0.1105499268
0.4422149658
0.6161956787
-0.0342254639
0.0342407227
-0.2396240234
-0.6161956787
0.1369323730
-0.3080902100
0.1711578369
0.0000000000
-0.2077331543
0.2077331543
-0.2596740723
-0.4154815674
0.1558074951
0.4154815674
-0.6232147217
-0.1159973145
-0.3480072021
0.1159973145
0.2320098877
-0.3480072021
0.1159973145
0.3480072021
-0.1159973145
0.5071563721
0.0000000000
0.2028656006
0.1014251709
0.2028656006
-0.3042907715
0.3042907715
0.3042907715
0.0575408936
0.8056793213
-0.0575408936
0.3452911377
0.0000000000
-0.0575408936
0.2877349854
-0.1726379395
0.4786834717
-0.2393341064
0.0000000000
0.0000000000
-0.2393341064
0.0000000000
0.1196746826
-0.2393341064
0.0701293945
-0.2805175781
-0.6662292480
0.0701293945
0.0350646973
0.2454528809
-0.1051940918
0.5960998535
0.3785858154
0.2523956299
-0.2523956299
-0.3785858154
0.4416809082
-0.5047760010
0.0630950928
0.0000000000
-0.0527496338
0.1055145264
-0.2637786865
0.9232330322
-0.0791320801
0.1846466064
0.0263824463
0.0263824463
0.3522186279
0.6339874268
-0.0704498291
-0.0704498291
-0.0704498291
-0.2113342285
0.0704498291
-0.4931030273
-0.2956695557
-0.4927978516
-0.4188690186
-0.1478424072
0.1724700928
-0.6159820557
0.1478424072
0.1478424072
-0.0467529297
0.9349517822
-0.0467529297
0.1402435303
0.0000000000
0.1402435303
-0.0467529297
0.0934906006
0.9553375244
-0.0272979736
0.0545959473
0.1364746094
0.0818939209
0.1637725830
-0.0272979736
0.0818939209
0.0000000000
-0.1000061035
0.0000000000
0.0000000000
-0.1000061035
0.0000000000
0.1000061035
0.1000061035
0.2258758545
-0.4517517090
0.3388214111
-0.1129455566
-0.1129455566
-0.1129455566
0.2258758545
-0.2258758545
-0.1046600342
0.9868316650
-0.0149536133
0.0747528076
0.0000000000
0.0000000000
-0.0149536133
0.0448608398
0.0000000000
0.0805511475
-0.7249298096
0.0000000000
0.2416381836
0.2416381836
-0.1611022949
-0.3221893311
-0.1259460449
0.0000000000
0.1259460449
0.1259460449
-0.1259460449
-0.5667572021
-0.6927032471
-0.0629730225
-0.0795288086
0.0795288086
-0.1060333252
-0.2385711670
-0.5831604004
-0.7422180176
0.0530090332
-0.0530090332
0.0000000000
0.5193481445
0.3635406494
0.0519409180
-0.6751403809
-0.1558074951
0.0519409180
0.1558074951
0.0000000000
0.0000000000
0.5794677734
-0.0643920898
-0.3219299316
0.0643920898
0.0000000000
-0.6438446045
0.8797149658
0.0000000000
0.0000000000
0.1954956055
-0.0977478027
0.2443695068
0.1954956055
0.0488739014
0.0000000000
-0.2182769775
0.8003387451
0.3880462646
0.0727539062
-0.3637847900
-0.0485076904
0.0485076904
0.0000000000
-0.3748321533
0.0000000000
0.1249389648
-0.1249389648
-0.1249389648
-0.1249389648
-0.2498779297
0.0205230713
0.1026153564
0.1641845703
0.0820922852
-0.0410461426
0.0820922852
-0.9440765381
-0.2052307129
0.1234283447
0.0000000000
0.3703002930
0.0000000000
-0.2468566895
-0.2468566895
0.0000000000
0.2468566895
0.1095886230
0.9315185547
-0.2465820312
0.0000000000
-0.0821990967
-0.1369934082
-0.0547943115
-0.0821990967
-0.1250000000
0.0000000000
0.1250000000
0.1250000000
0.0000000000
0.2500000000
-0.3750000000
0.0000000000
0.0000000000
0.0000000000
-0.1135406494
0.0000000000
0.0000000000
-0.3406372070
0.5677337646
0.2270965576
0.0733795166
0.3669281006
0.6604766846
0.0000000000
0.1467742920
0.4403228760
-0.1467742920
0.0733795166
-0.3113250732
-0.3113250732
0.4002838135
-0.3113250732
0.1779022217
-0.5337066650
-0.4002838135
-0.0889587402
0.1150360107
0.0000000000
0.2300720215
0.0000000000
0.0000000000
0.1150360107
0.0000000000
-0.1150360107
0.2855072021
0.1903381348
-0.3806762695
-0.3806762695
-0.0951690674
0.4758453369
0.0000000000
0.1903381348
-0.2115631104
-0.1057739258
0.6346740723
-0.4583740234
-0.2468261719
0.0705261230
0.3526000977
-0.3173370361
0.0000000000
0.0000000000
0.0000000000
0.0000000000
-0.0911560059
0.0911560059
0.0000000000
0.0911560059
0.0000000000
-0.0540924072
-0.1622619629
-0.9194793701
0.1081695557
0.0540924072
0.1081695557
-0.0540924072
-0.0923461914
0.9542999268
0.1231384277
-0.1231384277
0.0307769775
0.0615692139
0.0000000000
0.1231384277
-0.4205932617
0.2102966309
-0.2102966309
0.2803955078
0.3504943848
-0.3504943848
0.3504943848
0.3504943848
-0.0537719727
0.0537719727
-0.8066101074
-0.1075439453
-0.1075439453
0.2688751221
-0.1075439453
0.3764190674
-0.3720703125
-0.2976531982
0.3348541260
0.2976531982
0.4464721680
0.3720703125
0.1488189697
-0.4092712402
0.0782165527
0.0391082764
-0.2346649170
0.9386291504
0.1564331055
0.0195617676
-0.1368865967
0.0195617676
-0.0773010254
0.9855041504
-0.0386505127
-0.0386505127
0.0773010254
0.0000000000
-0.0386505127
-0.0193176270
0.5810546875
-0.2681884766
0.0446929932
0.1340942383
0.3128814697
0.0894012451
0.6257629395
-0.0894012451
0.0000000000
-0.3741607666
0.1247253418
0.1247253418
0.1247253418
-0.1247253418
0.0000000000
-0.1247253418
0.2120971680
0.2120971680
0.1060485840
0.3181304932
-0.4241790771
0.4241790771
0.1060485840
0.1060485840
0.0000000000
0.0000000000
-0.1000061035
0.0000000000
0.0000000000
-0.1000061035
0.1000061035
0.1000061035
0.2468566895
-0.2468566895
0.3703002930
0.0000000000
0.0000000000
0.0000000000
0.1234283447
-0.2468566895
-0.0518493652
0.9850921631
0.0000000000
0.0691223145
-0.0172882080
0.0345611572
-0.0172882080
0.1036987305
0.0000000000
-0.1467742920
-0.6604766846
-0.3669281006
-0.0733795166
0.2935485840
0.0000000000
0.3669281006
-0.0669097900
0.2007446289
0.1338195801
0.1338195801
-0.2007446289
-0.6022186279
-0.6022186279
-0.0669097900
-0.0776672363
0.1035461426
-0.2588806152
-0.3106536865
-0.5695190430
-0.6471862793
0.2329864502
-0.0258941650
-0.0692443848
0.5539245605
0.2769622803
0.0692443848
-0.7270355225
-0.0346221924
0.1384887695
0.1384887695
0.0000000000
-0.0758514404
0.1516876221
0.0000000000
-0.2275390625
-0.1516876221
-0.0758514404
-0.8343200684
0.2575378418
-0.0643920898
0.1931610107
-0.0643920898
0.4506988525
0.2575378418
0.6438446045
0.2575378418
0.1137237549
-0.1990051270
0.7676086426
0.3127288818
0.1705780029
-0.4264526367
-0.1421508789
0.0568542480
0.0000000000
-0.3741607666
0.0000000000
0.0000000000
0.0000000000
-0.1247253418
0.0000000000
-0.2494506836
0.0211486816
0.1479949951
0.2114257812
0.0634307861
-0.0422821045
0.1057128906
-0.9302673340
-0.1902770996
0.4541778564
0.0000000000
-0.1135406494
0.1135406494
-0.3406372070
-0.2270965576
0.2270965576
0.2270965576
0.1264648438
0.9062957764
-0.3161468506
0.0421600342
-0.0421600342
-0.1475372314
-0.0843048096
-0.1264648438
0.0000000000
0.0000000000
0.1199951172
0.1199951172
-0.1199951172
0.1199951172
-0.2400054932
-0.1199951172
0.0790557861
-0.2371520996
-0.1580963135
-0.0790557861
0.0790557861
-0.2371520996
0.7904968262
0.0790557861
0.1385955811
0.2309875488
0.5543518066
-0.0462036133
0.1847839355
0.5543518066
-0.4157714844
0.1847839355
-0.0405426025
-0.2837829590
0.5675659180
-0.4054107666
0.0810852051
-0.3648681641
-0.4864807129
-0.0405426025
0.1238555908
-0.1238555908
0.3715667725
0.1238555908
0.1238555908
0.0000000000
0.2477111816
-0.2477111816
0.4323577881
0.3088378906
0.2470703125
-0.6794281006
-0.1853027344
-0.0617675781
-0.1235351562
0.1235351562
-0.1553192139
-0.1863861084
0.5281066895
-0.4659729004
-0.3106536865
0.0621337891
0.3106536865
-0.4659729004
0.0000000000
0.2300720215
0.0000000000
-0.1150360107
0.0000000000
0.1150360107
0.1150360107
0.0000000000
0.0990753174
-0.1981506348
-0.2972259521
-0.6935119629
0.0000000000
0.0990753174
0.0990753174
0.0990753174
-0.0810089111
0.9721984863
0.0540161133
-0.1080169678
-0.0540161133
0.0810089111
0.0000000000
0.0270080566
-0.2120971680
0.1060485840
-0.1060485840
0.2120971680
0.5302276611
-0.2120971680
0.2120971680
0.3181304932
0.0280303955
0.0280303955
-0.9248352051
-0.0280303955
0.0000000000
0.0560455322
0.0280303955
0.3363037109
-0.1925354004
-0.2887878418
0.3369293213
0.1443939209
0.5775909424
0.4813232422
0.1443939209
-0.2887878418
0.0549163818
0.0549163818
-0.2562866211
0.9336090088
0.1647491455
0.0732269287
-0.1098327637
0.0366058350
-0.0806884766
0.9683380127
-0.1008758545
-0.1008758545
0.1008758545
0.0403442383
-0.1008758545
-0.0201721191
0.2418365479
-0.4836883545
-0.3023071289
0.1813812256
0.3627624512
-0.3023071289
0.5743713379
-0.0302276611
-0.3553924561
0.3553924561
0.1184692383
0.2369232178
0.2369232178
0.0000000000
0.0000000000
-0.2369232178
0.7729797363
0.0000000000
0.0000000000
0.1405334473
-0.1405334473
0.4216156006
0.1405334473
0.0000000000
0.0000000000
0.0000000000
-0.0588226318
0.0000000000
0.0000000000
0.0000000000
0.0000000000
0.0000000000
0.3607788086
-0.1202545166
0.4810485840
0.0000000000
0.0000000000
0.1202545166
0.0000000000
-0.1202545166
0.0181274414
0.9792175293
-0.0181274414
0.0906677246
-0.0181274414
0.0906677246
0.0362701416
0.1087951660
-0.0793457031
-0.2380218506
0.1586761475
-0.6743927002
-0.1983489990
0.2380218506
-0.0396728516
0.5553894043
-0.1740875244
0.2321166992
0.2901458740
0.1740875244
0.0580291748
-0.5802917480
-0.5802917480
0.1160583496
-0.1201324463
0.1681976318
-0.2883300781
-0.2402801514
-0.5286102295
-0.6487426758
0.3123626709
0.0000000000
-0.0572509766
0.5725402832
0.2576446533
0.0286254883
-0.7156829834
0.1717681885
0.1431427002
0.1145019531
0.2488708496
0.0829620361
0.0000000000
0.3318328857
-0.3318328857
-0.1659088135
-0.0829620361
-0.6636657715
-0.2248382568
-0.1349029541
0.2698059082
-0.2248382568
0.4946289062
0.0449676514
0.6295318604
0.3147735596
0.2059478760
-0.1235656738
0.5766296387
0.1235656738
0.3294982910
-0.5766296387
-0.2883148193
0.1235656738
-0.2357025146
-0.4714050293
0.1178436279
0.2357025146
0.1178436279
-0.1178436279
-0.1178436279
-0.2357025146
0.0236511230
0.0473022461
0.2364807129
-0.0236511230
-0.1182403564
0.0709381104
-0.9459228516
-0.0945892334
0.3535461426
-0.1178436279
-0.2357025146
-0.1178436279
-0.3535461426
0.0000000000
0.2357025146
0.2357025146
0.1412200928
0.8473052979
-0.4236450195
0.0806884766
0.0201721191
-0.1613922119
-0.0605163574
-0.1815643311
0.0000000000
0.0000000000
0.1249389648
0.2498626709
-0.1249389648
0.2498626709
-0.2498626709
0.1249389648
0.1226043701
-0.1839141846
-0.1839141846
-0.1226043701
0.0613098145
-0.1839141846
0.8582305908
0.0613098145
0.0000000000
0.2044067383
0.5450744629
-0.2044067383
0.0000000000
0.4088134766
-0.5450744629
0.0000000000
0.0648040771
-0.1944274902
0.5832977295
-0.3888702393
-0.0324096680
-0.3564605713
-0.5508880615
-0.0324096680
-0.1243286133
-0.1243286133
0.2486572266
0.1243286133
0.1243286133
0.0000000000
0.1243286133
-0.2486572266
0.5104064941
0.2268524170
0.3969879150
-0.5104064941
-0.2835540771
-0.1701354980
-0.2268524170
0.0567169189
-0.1256561279
-0.2513275146
0.5026550293
-0.4272460938
-0.2010650635
0.1005249023
0.2261962891
-0.6031799316
0.0000000000
0.2432556152
0.1216278076
0.0000000000
0.0000000000
0.0000000000
0.2432556152
-0.1216278076
0.2763824463
-0.0690917969
-0.1381988525
0.8291625977
0.0690917969
0.2072906494
-0.0690917969
0.0000000000
-0.0894012451
0.9535369873
0.1489868164
-0.0894012451
-0.0894012451
0.1191864014
-0.0298004150
-0.0298004150
-0.1242218018
0.0000000000
0.1242218018
0.1242218018
0.3726806641
0.0000000000
0.2484588623
0.2484588623
0.0708312988
0.0236053467
-0.9207305908
0.0000000000
-0.0236053467
-0.0472106934
0.0236053467
0.3541259766
0.0773925781
-0.1548004150
0.3869934082
0.0000000000
0.1548004150
0.6965942383
0.2321929932
-0.2321929932
0.0161743164
0.0647125244
-0.2912292480
0.9384155273
0.1132507324
0.0485382080
-0.0647125244
0.0485382080
0.0903472900
0.9486541748
-0.1806945801
-0.1581115723
0.0677642822
0.0677642822
-0.0903472900
-0.0225830078
0.0826721191
-0.5166931152
-0.4340209961
0.2066802979
0.3720092773
-0.3926849365
0.4340209961
-0.0206604004
-0.1441040039
0.7205505371
0.1441040039
0.3602752686
0.2161560059
0.1441040039
0.1441040039
-0.2161560059
0.9337005615
0.0333404541
0.0000000000
-0.0333404541
-0.2000732422
0.1667327881
0.1333923340
-0.0666961670
0.0000000000
0.0000000000
0.0785675049
0.0000000000
-0.0785675049
0.0000000000
0.0000000000
0.0000000000
0.3281707764
-0.2187805176
0.5469665527
0.0000000000
-0.2187805176
0.0000000000
0.0000000000
-0.2187805176
0.0453491211
0.9824829102
0.0000000000
0.0453491211
-0.0151214600
0.1209259033
0.0906829834
0.0151214600
-0.0288085938
-0.2304382324
0.2592468262
-0.6049041748
-0.2016296387
0.2016296387
-0.0576171875
0.6337127686
-0.1242370605
0.2484893799
0.3727264404
0.0621185303
-0.0621185303
-0.4969635010
-0.6212158203
0.1242370605
-0.1041412354
0.2499389648
-0.2291107178
-0.1249694824
-0.2707672119
-0.8123016357
0.3332519531
0.0208282471
-0.0342102051
0.4105529785
0.1368560791
0.0342102051
-0.7526855469
0.4105529785
0.1368560791
0.1368560791
0.4326019287
0.0865173340
-0.3460845947
0.5191192627
-0.1730346680
0.0865173340
0.0000000000
-0.3460845947
-0.2708435059
-0.2708435059
0.3009338379
-0.1203765869
0.4514007568
-0.1504669189
0.6018676758
0.3611145020
0.0774688721
0.0000000000
0.4648437500
0.0774688721
0.4261169434
-0.5810546875
-0.3873748779
0.2324218750
-0.2307739258
-0.5769195557
0.1153869629
0.1153869629
-0.1153869629
0.0000000000
-0.2307739258
0.0000000000
0.0240325928
0.0000000000
0.2884063721
-0.0480651855
-0.2163085938
0.0961303711
-0.9132995605
-0.0720977783
0.0000000000
-0.0829620361
-0.5807037354
-0.3318328857
-0.3318328857
0.2488708496
0.3318328857
0.1659088135
0.1029815674
0.8239135742
-0.4806213379
0.1201477051
0.0686645508
-0.1029815674
-0.0686645508
-0.1888122559
0.0000000000
0.0000000000
0.0000000000
0.0000000000
0.0000000000
0.0785675049
-0.0785675049
0.0000000000
0.1123504639
-0.0561676025
-0.2247009277
-0.1685180664
0.1123504639
-0.2247009277
0.8426208496
0.1685180664
-0.2030029297
0.3383483887
0.4060211182
-0.1353454590
-0.0676727295
0.4736785889
-0.4060211182
0.3383483887
0.2113189697
-0.1056671143
0.4754638672
-0.4226379395
-0.1056671143
-0.4754638672
-0.5283050537
-0.0264129639
0.0000000000
-0.1150360107
0.1150360107
-0.2300720215
0.1150360107
0.0000000000
0.0000000000
0.0000000000
0.4596252441
0.1723632812
0.5170745850
-0.0574493408
-0.2872619629
-0.1723632812
-0.5170745850
0.0000000000
-0.0995635986
-0.2737884521
0.4231262207
-0.4729156494
-0.1991271973
0.1244506836
0.2240142822
-0.6222534180
-0.1234283447
0.2468566895
0.2468566895
-0.1234283447
0.2468566895
0.0000000000
0.2468566895
-0.2468566895
0.4911651611
0.0000000000
-0.2455902100
0.3274383545
0.0818634033
0.4911651611
0.3274383545
-0.0818634033
-0.0444335938
0.9330596924
0.1333007812
0.0444335938
0.0888671875
-0.0444335938
0.0444335938
-0.1777343750
-0.1219482422
0.0000000000
-0.1219482422
0.2438964844
0.3658599854
0.1219482422
0.3658599854
0.0000000000
0.0870361328
-0.1305541992
-0.9138793945
-0.0435180664
-0.0652770996
0.0217590332
-0.1087951660
0.3263854980
0.3211669922
0.0802917480
0.1605834961
-0.2408752441
-0.0802917480
0.7226257324
0.0000000000
-0.2408752441
-0.0316772461
0.0316772461
-0.2692565918
0.9503326416
0.0633544922
0.0000000000
0.0633544922
0.0791931152
0.0705718994
0.9702911377
-0.1411285400
-0.0882110596
0.0529174805
0.0882110596
-0.0705718994
-0.0176391602
-0.0570526123
-0.6275634766
-0.3613281250
0.0950927734
0.3423156738
-0.4564056396
0.3423156738
0.0950927734
0.0000000000
0.8249511719
0.1767730713
0.3535461426
0.1767730713
0.1178436279
0.0589294434
0.0000000000
0.9725036621
0.0694580078
0.0231475830
-0.0463104248
-0.1389312744
0.0231475830
0.0694580078
-0.0694580078
0.2474365234
-0.1237182617
0.1237182617
-0.1237182617
-0.2474365234
0.0000000000
0.0000000000
-0.1237182617
0.0000000000
-0.2270965576
0.4541778564
-0.2270965576
-0.3406372070
0.1135406494
-0.1135406494
-0.2270965576
0.0674896240
0.9853973389
-0.0269927979
0.0269927979
0.0269927979
0.0674896240
0.0944976807
-0.0540008545
-0.0482177734
-0.0723266602
0.2411041260
-0.5304412842
-0.2169952393
0.2893371582
-0.1205596924
0.6992187500
0.1581573486
0.0000000000
0.2108764648
-0.2108764648
-0.4217681885
-0.3690490723
-0.6853637695
-0.1054382324
-0.1047821045
0.2933807373
-0.1466979980
-0.1676483154
-0.0419158936
-0.8591918945
0.3143463135
0.0209503174
0.0000000000
0.3713684082
0.2122039795
0.0530548096
-0.7427368164
0.4509429932
0.1061096191
0.1591644287
0.0802917480
0.0802917480
-0.1605834961
0.4014587402
0.2408752441
0.0000000000
0.0000000000
0.7226257324
-0.1844482422
-0.3074035645
0.1537017822
-0.0922241211
0.4918365479
-0.3074035645
0.6148071289
0.3074035645
-0.0425109863
0.2125244141
0.3825531006
0.0425109863
0.5100708008
-0.5525665283
-0.3400421143
0.2550354004
0.0000000000
-0.4657745361
0.3105163574
-0.0776367188
-0.4657745361
0.3881530762
-0.2328948975
0.2328948975
0.1071319580
-0.1071319580
0.1874694824
-0.0535583496
-0.1606903076
0.1071319580
-0.9373626709
0.0000000000
-0.1585998535
0.1585998535
-0.3171997070
-0.4757995605
-0.3700714111
0.2114715576
0.5286712646
0.2643432617
0.0296936035
0.8612670898
-0.4603271484
0.1039428711
0.0890960693
-0.0445556641
-0.0594024658
-0.1187896729
0.1064758301
0.0000000000
0.0000000000
0.1064758301
0.0000000000
0.1064758301
0.1064758301
-0.1064758301
-0.0535430908
0.3748016357
-0.1070861816
0.2141723633
0.0000000000
0.2677154541
0.7496032715
0.2677154541
0.1399383545
0.2798767090
0.3731689453
0.1399383545
0.1865844727
0.5597534180
-0.3265228271
0.4664611816
0.2849731445
-0.0475006104
0.4037170410
-0.4037170410
-0.1187438965
-0.5937042236
-0.4512176514
-0.0475006104
0.0000000000
-0.1159973145
0.0000000000
-0.4640045166
0.0000000000
0.1159973145
-0.1159973145
0.4640045166
0.5091705322
0.0000000000
0.4073333740
0.2545776367
-0.4073333740
0.0000000000
-0.5091705322
0.0000000000
0.0000000000
-0.1997528076
0.3994903564
-0.3994903564
-0.3329162598
0.1997528076
0.2330322266
-0.6325225830
0.1172332764
0.0000000000
0.3517150879
-0.1172332764
0.3517150879
0.0000000000
0.2344665527
-0.3517150879
0.5249023438
0.1968383789
-0.1968383789
-0.5249023438
0.1312255859
0.1968383789
0.3936767578
0.1312255859
0.2634277344
0.5268554688
-0.1756134033
0.3512420654
0.0000000000
-0.1756134033
0.0878143311
-0.4390411377
0.0000000000
0.2428131104
0.0000000000
0.2428131104
0.2428131104
0.1213989258
0.3642120361
-0.2428131104
0.0904693604
-0.2713928223
-0.8367767334
-0.0904693604
-0.0678405762
0.0904693604
-0.1809234619
0.3844757080
0.5590209961
0.1863403320
-0.1863403320
-0.3726806641
-0.0931701660
0.2795104980
0.0931701660
-0.2795104980
-0.0341949463
-0.0170898438
-0.2222595215
0.9574279785
0.0170898438
0.0341949463
0.1196746826
0.0854797363
0.0170440674
0.9711303711
-0.1362915039
-0.0681457520
0.0851898193
0.0000000000
-0.1192626953
-0.0511169434
-0.2028045654
-0.6083984375
-0.3502807617
-0.0184326172
0.2212371826
-0.5162200928
0.3134155273
0.2028045654
0.0409088135
0.9409637451
0.0409088135
0.1636505127
0.0818176270
0.1227416992
-0.0409088135
0.0818176270
0.9897460938
0.0593872070
-0.0197906494
0.0000000000
0.0197906494
0.0593872070
0.0000000000
0.0000000000
0.2449493408
-0.1224670410
0.0000000000
0.0000000000
-0.1224670410
0.3674163818
0.0000000000
-0.3674163818
-0.1238555908
-0.3715667725
0.1238555908
-0.1238555908
-0.1238555908
0.2477111816
-0.2477111816
0.0000000000
0.1073303223
0.9793548584
-0.0536651611
0.0000000000
0.0134124756
0.0536651611
0.0939178467
-0.0939178467
-0.0485382080
0.0000000000
0.2183990479
-0.5095977783
-0.2183990479
0.3154602051
-0.1698608398
0.7037353516
0.1033172607
-0.1033172607
0.2066345215
-0.3099365234
-0.3616027832
-0.3099365234
-0.7232055664
-0.0516510010
-0.1828155518
0.3133850098
-0.2350463867
-0.1566925049
0.1828155518
-0.7573699951
0.3917388916
0.0783538818
0.0000000000
0.4849243164
0.1786499023
0.0000000000
-0.6635894775
0.5104522705
-0.0255279541
0.1020965576
0.1756134033
0.0878143311
0.2634277344
0.3512420654
0.0000000000
0.0000000000
0.0878143311
0.7024688721
-0.0848541260
-0.2545776367
0.0424346924
-0.1697082520
0.5515747070
-0.3394317627
0.5515747070
0.3394317627
-0.1382293701
0.2419128418
0.6566162109
0.1727905273
0.4147033691
-0.3801422119
-0.1727905273
0.2764739990
-0.0783233643
-0.3133239746
0.3916473389
-0.1566619873
-0.3133239746
0.5483093262
-0.2349853516
0.2349853516
0.1552276611
-0.1293487549
0.0258636475
-0.0776062012
-0.0517425537
0.0776062012
-0.9571990967
0.0776062012
-0.1830444336
0.2745513916
-0.2745513916
-0.6863861084
-0.3203125000
0.2287902832
0.3203125000
0.1372833252
-0.0272064209
0.8842926025
-0.4217376709
0.1088409424
0.1360473633
0.0000000000
-0.0544128418
-0.0136108398
0.2357025146
0.0000000000
0.0000000000
0.0000000000
0.1178436279
0.1178436279
0.1178436279
0.1178436279
-0.1598205566
0.3196411133
0.0799102783
0.3995361328
-0.2397308350
0.5593566895
0.5194091797
0.1198577881
0.1867218018
0.1244812012
0.2489624023
0.2489624023
0.3112030029
0.5601654053
-0.3112030029
0.4356842041
0.3513946533
-0.0234222412
0.3513946533
-0.3982543945
-0.1639862061
-0.6325225830
-0.3748321533
-0.0937042236
0.1208343506
-0.2416839600
0.1208343506
-0.2416839600
0.0000000000
0.0000000000
-0.1208343506
0.4833679199
0.4153594971
0.0000000000
0.4153594971
0.3560180664
-0.4153594971
0.1186676025
-0.4747009277
0.0000000000
0.1414794922
-0.1414794922
0.6130828857
-0.2358093262
-0.3772888184
0.0943145752
0.1886444092
-0.5187683105
-0.1245422363
-0.2490844727
0.2490844727
0.1245422363
0.0000000000
0.2490844727
0.2490844727
-0.1245422363
0.4736785889
0.1353454590
0.0676727295
-0.6090240479
0.0676727295
0.1353454590
0.4060211182
0.2030029297
0.1060485840
-0.1060485840
-0.5302276611
0.4241790771
-0.2120971680
0.0000000000
0.1060485840
-0.2120971680
0.1250000000
0.0000000000
0.0000000000
-0.1250000000
-0.1250000000
0.0000000000
0.2500000000
-0.3750000000
0.0307617188
-0.4923095703
-0.6769256592
-0.0615386963
-0.0923004150
0.1538391113
-0.2153778076
0.4307708740
0.3512420654
0.2634277344
-0.2634277344
-0.6146697998
0.1756134033
0.1756134033
0.0000000000
-0.1756134033
-0.0198364258
-0.0594940186
-0.1586456299
0.9716644287
0.0000000000
0.0396575928
0.0793151855
0.0793151855
0.0000000000
0.9698028564
-0.1357727051
-0.0581817627
0.0581817627
-0.0969848633
-0.0969848633
-0.0581817627
-0.3718719482
-0.5345764160
-0.3253936768
-0.0232391357
0.0929718018
-0.5578155518
0.3253936768
0.1626892090
0.0943145752
0.9432067871
0.0000000000
0.0943145752
0.0000000000
0.0943145752
-0.0471649170
0.0943145752
0.9908599854
0.0180206299
0.0000000000
0.0180206299
0.0720672607
0.0360260010
0.0180206299
-0.0180206299
0.0000000000
0.1000061035
0.0000000000
-0.1000061035
0.0000000000
-0.1000061035
0.0000000000
0.1000061035
0.2818603516
-0.2818603516
0.0939483643
-0.2818603516
-0.2818603516
0.0000000000
0.3758239746
-0.4697723389
-0.0347442627
0.9960937500
0.0000000000
0.0231628418
0.0000000000
-0.0347442627
0.0231628418
0.0000000000
0.0000000000
-0.0691986084
-0.5881958008
0.7265930176
0.0000000000
0.1383972168
0.2422027588
-0.0691986084
0.0523529053
0.2094421387
-0.4188690186
-0.1047210693
-0.5759429932
-0.4712219238
-0.3141479492
-0.1570739746
-0.0517120361
0.2413482666
0.0517120361
-0.0689544678
-0.3620147705
-0.8791656494
0.1034393311
-0.0861968994
-0.0681915283
0.4091186523
0.3750305176
0.1363677979
-0.7500610352
-0.1022796631
-0.0340881348
0.2386627197
-0.1329345703
0.0664672852
0.4653015137
-0.1994171143
-0.3988189697
-0.1994171143
0.1329345703
-0.5982360840
0.8605804443
0.0819549561
0.2458801270
0.0819549561
-0.1639251709
-0.0409851074
0.2458801270
0.2048950195
0.0000000000
-0.1152648926
0.9093627930
0.3842315674
0.0128021240
-0.0768432617
0.0128021240
-0.0256195068
-0.1064758301
-0.1064758301
0.0000000000
0.0000000000
0.1064758301
0.0000000000
-0.1064758301
-0.1064758301
0.0365447998
-0.0121765137
-0.0121765137
0.0609130859
-0.0243682861
0.0609130859
-0.9866943359
-0.1096343994
0.3000030518
0.0000000000
0.6999969482
0.0000000000
0.1999969482
-0.1000061035
-0.1000061035
0.0000000000
0.0468444824
0.9836425781
-0.1092987061
0.0624542236
-0.0624542236
-0.0156097412
-0.0156097412
0.0468444824
0.0000000000
0.0000000000
0.1247253418
0.1247253418
-0.1247253418
0.1247253418
-0.1247253418
-0.3741607666
0.1238555908
0.2477111816
0.0000000000
0.1238555908
0.2477111816
-0.1238555908
0.1238555908
0.3715667725
0.2280273438
0.2280273438
0.6460571289
0.0760040283
0.1900177002
0.5320434570
-0.2660217285
0.1900177002
-0.3895568848
-0.1669616699
0.6678161621
-0.2782592773
-0.0556488037
-0.1112976074
-0.3895568848
-0.1669616699
0.0000000000
0.2459411621
-0.1229705811
0.2459411621
0.2459411621
0.0000000000
0.3689117432
-0.1229705811
0.6012725830
0.0858917236
0.0000000000
0.0000000000
0.4294891357
0.3435821533
-0.0858917236
-0.2576904297
-0.2272033691
-0.1032714844
0.7642059326
-0.2891540527
-0.2891540527
0.2065429688
0.3304748535
-0.1445770264
0.1000061035
0.0000000000
0.0000000000
0.0000000000
-0.1000061035
0.0000000000
0.1000061035
-0.1000061035
-0.0186309814
-0.0558776855
-0.0931243896
-0.9870605469
-0.0372467041
0.0186309814
-0.0186309814
-0.0186309814
0.0402069092
0.9851074219
-0.0402069092
0.0804138184
-0.0402069092
0.0603179932
0.0000000000
-0.0402069092
-0.3471221924
0.2082824707
-0.0694274902
0.4165496826
0.3471221924
-0.3471221924
0.1388549805
0.4859771729
0.0783538818
-0.1175384521
-0.8619689941
-0.1959075928
-0.0783538818
0.0783538818
-0.1959075928
0.3134460449
-0.2428436279
-0.3642730713
0.3642730713
0.1214294434
0.3642730713
0.4856872559
0.2023773193
-0.4452209473
0.0612487793
0.0000000000
-0.1225128174
0.9647827148
0.0918884277
0.0765686035
-0.1684570312
0.0153198242
-0.1891632080
0.9680328369
0.0000000000
0.0222473145
0.0556335449
-0.1223907471
-0.0667572021
-0.0111236572
0.2191772461
-0.6849517822
0.1643829346
-0.0821990967
0.2191772461
0.1643829346
0.5753479004
0.1369934082
-0.1426544189
0.7132415771
0.0713195801
-0.0713195801
0.0713195801
-0.1426544189
0.2852935791
-0.4279479980
0.4728393555
-0.3152313232
0.1576080322
0.2364196777
-0.4728393555
0.3940429688
0.0788116455
0.0000000000
0.0000000000
0.1000061035
0.0000000000
0.0000000000
0.1000061035
-0.1000061035
-0.1000061035
0.0000000000
0.3264617920
0.0000000000
0.3264617920
-0.2176361084
-0.2176361084
0.1088256836
0.2176361084
-0.4352722168
0.0359497070
0.9945220947
0.0000000000
0.0359497070
-0.0119781494
0.0000000000
0.0599060059
0.0000000000
-0.0520019531
-0.2080230713
-0.4680328369
0.4160308838
-0.3120269775
0.1560058594
0.3640289307
0.4680328369
0.0455169678
0.3641815186
-0.2276153564
-0.2276153564
-0.6828308105
-0.3186492920
-0.2731323242
-0.2276153564
-0.0882263184
0.2117309570
-0.0176391602
-0.1411590576
-0.3528900146
-0.8645782471
0.2117309570
-0.0176391602
-0.1041717529
0.4514160156
0.3472442627
0.1389007568
-0.7292175293
0.0694427490
0.1041717529
0.2430725098
0.0000000000
0.0695953369
0.3479614258
0.0000000000
-0.2783660889
-0.2087707520
0.0695953369
-0.7655181885
0.2997131348
-0.0428161621
0.3425292969
-0.2568969727
0.2140808105
-0.3425292969
0.6422424316
0.2997131348
0.0402374268
-0.1072998047
0.9254455566
0.3487243652
0.0268249512
-0.0402374268
0.0268249512
0.0000000000
-0.2494506836
-0.2494506836
0.1247253418
0.0000000000
0.2494506836
0.1247253418
0.0000000000
0.0000000000
0.0215759277
-0.0323638916
-0.0323638916
0.0431518555
-0.0323638916
0.0431518555
-0.9923400879
-0.0647125244
0.3874053955
-0.0968475342
0.6779632568
0.0968475342
0.0000000000
0.0000000000
0.0000000000
-0.1937103271
0.0839843750
0.9742584229
-0.1343841553
0.0335998535
-0.0503997803
-0.1007843018
0.0167999268
0.0503997803
-0.1250000000
0.0000000000
0.1250000000
0.2500000000
-0.2500000000
0.1250000000
-0.1250000000
-0.2500000000
0.0000000000
0.0995330811
-0.0995330811
0.0000000000
0.1990661621
-0.0995330811
0.6967315674
0.2985992432
0.1809692383
0.1809692383
0.5881500244
0.0000000000
0.2262115479
0.4976654053
-0.4524230957
0.1357269287
-0.1703338623
-0.1277465820
0.7664794922
-0.2980804443
-0.1703338623
0.0425872803
-0.4258270264
-0.0851593018
0.1219482422
0.0000000000
0.0000000000
0.2438964844
0.3658599854
-0.1219482422
0.3658599854
-0.1219482422
0.5930633545
0.2635803223
0.3953704834
-0.1317901611
0.3294830322
-0.0659027100
-0.1976928711
-0.3294830322
-0.2495574951
-0.1039886475
0.7278900146
-0.3119506836
-0.2911529541
0.2079620361
0.2911529541
-0.2703552246
0.1237182617
0.0000000000
0.0000000000
0.0000000000
0.0000000000
-0.1237182617
0.1237182617
-0.3711547852
-0.0204620361
-0.1023101807
-0.0409240723
-0.9822387695
-0.0204620361
0.0818481445
-0.0409240723
-0.0204620361
0.0434112549
0.9766235352
0.0216979980
0.0434112549
-0.1302185059
0.0434112549
0.0216979980
-0.0868072510
-0.1653594971
0.1653594971
0.1653594971
0.3307189941
0.2480316162
-0.4133911133
0.0826873779
0.5787506104
0.0946197510
-0.0946197510
-0.9461975098
-0.0630798340
-0.0315399170
-0.0315399170
0.0000000000
0.2207794189
-0.0534667969
-0.3208007812
0.2673339844
-0.0534667969
0.4277343750
0.5346679688
0.1604003906
-0.4812011719
0.0395507812
0.0131835938
-0.1318511963
0.9757080078
0.0527343750
0.0791168213
-0.1186676025
0.0131835938
-0.1396484375
0.9775543213
-0.0399017334
0.0299224854
0.0199432373
-0.1197052002
-0.0598449707
0.0299224854
0.1123352051
-0.7638702393
0.0673980713
0.0898742676
0.2920684814
-0.0673980713
0.5167388916
0.1347961426
-0.1860046387
0.8680267334
0.0000000000
-0.0619964600
0.0619964600
0.0000000000
0.1240081787
-0.2480010986
0.8368530273
-0.1968994141
0.0000000000
0.0492248535
-0.2953643799
0.2461242676
0.1476745605
-0.0984497070
0.1113433838
0.1113433838
-0.1113433838
0.1113433838
0.0000000000
0.0000000000
-0.1113433838
-0.1113433838
0.3726806641
0.0931701660
0.4658508301
-0.1863403320
-0.1863403320
0.1863403320
0.0931701660
-0.4658508301
0.0735626221
0.9878234863
-0.0420379639
0.0525512695
-0.0210113525
0.0525512695
0.0840759277
-0.0210113525
-0.1048736572
-0.2447052002
0.2447052002
-0.3845367432
-0.3495788574
0.2447052002
0.1048736572
0.6991424561
0.1039276123
0.2078552246
-0.2078552246
-0.2424926758
-0.7274627686
-0.2078552246
-0.4503326416
-0.1732025146
-0.1441650391
0.2082519531
-0.0640716553
-0.1121368408
-0.3203735352
-0.8810424805
0.1762084961
0.0320434570
-0.1155242920
0.4620819092
0.2310485840
0.1155242920
-0.7316436768
0.2695465088
0.1155242920
0.1925354004
0.1104583740
0.1104583740
0.3865814209
0.2761383057
-0.4418182373
-0.0552215576
-0.1104583740
-0.6627197266
-0.0875091553
-0.1750183105
0.2917022705
-0.2625274658
0.3500366211
-0.4375457764
0.6417388916
0.2333679199
0.0998382568
-0.1164703369
0.8984985352
0.3494110107
0.1331176758
-0.0665588379
-0.0499114990
0.1164703369
0.0000000000
-0.6013031006
0.1202545166
0.1202545166
0.0000000000
0.0000000000
-0.1202545166
0.0000000000
0.0000000000
-0.0451507568
0.0225677490
0.0225677490
-0.0677185059
0.0225677490
-0.9932861328
-0.0338592529
0.4120178223
0.0000000000
0.4944305420
0.0000000000
0.0823974609
0.4120178223
0.0823974609
-0.4120178223
0.1126708984
0.9201049805
-0.2816619873
0.0938873291
0.0375518799
-0.1877746582
0.0563354492
0.0375518799
-0.2486572266
0.0000000000
0.0000000000
0.0000000000
0.0000000000
0.2486572266
-0.1243286133
-0.2486572266
0.0678253174
0.0000000000
0.0678253174
0.1356506348
0.0000000000
0.0000000000
0.8816986084
0.2034759521
-0.1347198486
0.1347198486
0.5389099121
-0.2020874023
0.1347198486
0.4715423584
-0.4715423584
0.1347198486
-0.0633697510
-0.0633697510
0.8237304688
-0.3168182373
-0.2217712402
-0.0316772461
-0.3484954834
-0.0950469971
0.0000000000
0.0000000000
-0.3715667725
0.1238555908
0.3715667725
0.1238555908
0.1238555908
0.0000000000
0.5179290771
0.2301940918
0.5179290771
0.1150970459
0.3452911377
-0.0575408936
-0.0575408936
-0.4028320312
-0.2800445557
-0.0233306885
0.7001190186
-0.3500518799
-0.2567138672
0.2333679199
0.2800445557
-0.3033752441
0.0000000000
0.1249389648
0.1249389648
0.1249389648
-0.1249389648
0.0000000000
0.3748321533
-0.2498779297
0.0674133301
-0.0898895264
-0.0898895264
-0.9663238525
0.0674133301
0.1573028564
0.0000000000
0.0000000000
0.0495452881
0.9662322998
0.0743255615
0.0000000000
-0.1486511230
0.0247802734
0.0247802734
-0.1238708496
0.0000000000
0.1111450195
0.0000000000
0.3334350586
0.2222900391
-0.2222900391
0.0000000000
0.5557098389
0.1265716553
-0.1476745605
-0.9281921387
-0.1054840088
-0.0632934570
0.0000000000
-0.0843811035
0.2531433105
0.2394561768
-0.1197204590
0.1795959473
-0.2394561768
0.3591918945
0.5986480713
0.0598602295
-0.4789123535
-0.0120239258
0.0480957031
-0.1202392578
0.9859466553
-0.0360717773
0.0360717773
-0.0601196289
-0.0120239258
-0.0915679932
0.9797515869
-0.0732574463
0.0274658203
-0.0091552734
-0.1098785400
-0.0732574463
0.0732574463
0.0192871094
-0.7904968262
-0.0192871094
0.1542358398
0.2891998291
-0.2120819092
0.4241638184
0.1735229492
-0.0672149658
0.8737640381
0.1344299316
0.0000000000
0.1344299316
0.0000000000
0.2016296387
-0.0672149658
0.9600067139
-0.0822906494
0.0548553467
-0.0548553467
-0.1645660400
-0.0274353027
0.0822906494
-0.0822906494
0.2432556152
0.0000000000
0.0000000000
0.1216278076
0.0000000000
0.1216278076
0.0000000000
-0.2432556152
0.2540588379
0.0846862793
0.4234313965
-0.2540588379
-0.2540588379
0.3387451172
0.0000000000
-0.5081176758
0.0734405518
0.9823150635
-0.0734405518
0.0275421143
-0.0091857910
0.1009826660
0.0918121338
-0.0458984375
-0.0301818848
-0.2415161133
0.2716979980
-0.4528350830
-0.3018951416
0.2415161133
0.0301818848
0.6943511963
0.2625427246
0.0000000000
-0.2187805176
-0.3500518799
-0.7438659668
-0.0218811035
-0.3500518799
-0.2625427246
-0.1298980713
0.2309417725
-0.0288696289
-0.0577392578
-0.1876373291
-0.9237518311
0.1587677002
0.0721740723
0.0000000000
0.4082031250
0.1884002686
0.1255950928
-0.7535858154
0.3768005371
0.1569976807
0.1255950928
0.2222900391
-0.1111450195
0.2222900391
0.5557098389
-0.2222900391
0.0000000000
-0.1111450195
0.2222900391
0.0514373779
-0.2571563721
0.2571563721
-0.1800079346
0.3343048096
-0.4371643066
0.6428985596
0.3085937500
0.0493316650
-0.0986480713
0.8549804688
0.3617248535
0.2466278076
-0.0328826904
-0.0986480713
0.2137451172
0.2772064209
-0.3696136475
0.0924072266
-0.0924072266
-0.6468200684
-0.1847991943
-0.0924072266
0.0924072266
-0.0251617432
-0.0377502441
0.1006622314
0.0125885010
-0.0880737305
0.0377502441
-0.9814605713
-0.1006622314
0.2647247314
-0.0661773682
0.5294494629
0.0661773682
0.1985473633
0.3970947266
0.1323699951
-0.5294494629
0.0668029785
0.9185791016
-0.3173217773
0.1169128418
0.1002044678
-0.1336059570
0.0167083740
0.0167083740
0.0000000000
0.0000000000
-0.1213989258
0.0000000000
-0.1213989258
0.2428131104
-0.2428131104
-0.4856262207
0.0000000000
0.0000000000
0.0681304932
0.3406677246
-0.0681304932
0.2044067383
0.7494812012
0.3406677246
-0.0641174316
0.1923675537
0.4488525391
0.0641174316
0.3206024170
0.3847198486
-0.5129699707
0.3206024170
0.0000000000
-0.0269470215
0.7814483643
-0.4042053223
-0.2694702148
-0.1347351074
-0.3233642578
-0.0808410645
0.0000000000
0.0000000000
-0.6395263672
0.0000000000
0.2131805420
0.1065826416
0.1065826416
0.3197631836
0.6388702393
0.0532379150
0.4791564941
0.2129516602
0.2129516602
0.0532379150
-0.3194427490
-0.2662048340
-0.1650695801
0.1100463867
0.7428131104
-0.2751159668
-0.3301391602
0.2751159668
0.2751159668
-0.2200927734
0.0000000000
0.0000000000
0.2449493408
0.0000000000
0.1224670410
0.1224670410
0.3674163818
-0.3674163818
0.1007537842
-0.0805969238
-0.1007385254
-0.9671630859
0.0604553223
0.1208953857
0.0000000000
0.0805969238
0.1292877197
0.9373016357
-0.0323181152
-0.0323181152
-0.1939239502
-0.0323181152
-0.0646362305
-0.1616058350
0.1111450195
0.3334350586
-0.2222900391
0.4445648193
0.2222900391
0.0000000000
0.0000000000
0.3334350586
0.1488952637
-0.2605590820
-0.8374938965
-0.1861114502
-0.0744476318
0.0558319092
-0.2047271729
0.3349914551
0.4418182373
0.1104583740
0.0552215576
-0.4418182373
0.2761383057
0.4418182373
-0.1656799316
-0.4418182373
-0.0562133789
0.0224914551
-0.0674591064
0.9893798828
-0.0787048340
0.0112457275
0.0449676514
-0.0224914551
-0.0327301025
0.9817352295
-0.0981750488
0.0409088135
0.0000000000
-0.0981750488
-0.0981750488
0.0490875244
-0.0923614502
-0.7757720947
0.0369415283
0.0738830566
0.2216491699
-0.3509521484
0.3878936768
0.2216491699
0.0623626709
0.8730468750
0.1247253418
0.1870880127
0.0623626709
0.1247253418
0.1870880127
0.0000000000
0.9860687256
-0.0358581543
0.0358581543
0.0179290771
-0.0896453857
0.0000000000
0.0358581543
-0.0717163086
0.2490844727
0.0000000000
0.1245422363
0.1245422363
0.0000000000
0.2490844727
0.0000000000
-0.3736267090
0.1833038330
0.0916442871
0.3666076660
-0.2749481201
-0.2749481201
0.4582519531
-0.1833038330
-0.3666076660
0.0929565430
0.9803009033
-0.0337982178
-0.0169067383
0.0169067383
0.0845031738
0.1098632812
-0.0845031738
-0.0277252197
-0.1386108398
0.2772216797
-0.4158325195
-0.2217712402
0.2772216797
-0.1386108398
0.7485046387
0.2465057373
-0.0758514404
-0.1517028809
-0.3602905273
-0.7395324707
-0.0189666748
-0.3602905273
-0.3033905029
-0.1547088623
0.2630004883
0.0000000000
-0.0773468018
-0.1082916260
-0.9127807617
0.1392364502
0.1701812744
0.1166534424
0.4899444580
0.2333068848
0.0466613770
-0.7232513428
0.3732910156
0.0699920654
0.0699920654
0.1487579346
0.0000000000
0.2231445312
0.1487579346
0.0000000000
0.0000000000
0.2231445312
0.8182067871
0.3444824219
-0.1854858398
0.1589965820
-0.1854858398
0.3709716797
-0.4239654541
0.5564575195
0.3709716797
-0.0149536133
-0.0747985840
0.8526458740
0.4038848877
0.2094268799
-0.0598297119
-0.0747985840
0.2094268799
0.2810821533
-0.0702667236
0.0702667236
-0.3513488770
-0.7729797363
-0.0702667236
0.0000000000
0.1405334473
-0.0304412842
-0.0304412842
0.0608825684
0.0152130127
-0.1217498779
0.0913238525
-0.9740600586
-0.1217498779
0.1388854980
0.1388854980
0.6018371582
-0.0462951660
0.2777709961
0.3703613281
0.2314758301
-0.5092468262
0.0288238525
0.9223175049
-0.3314514160
0.1152954102
0.1008758545
-0.0576477051
-0.0432281494
0.0576477051
0.1153869629
0.0000000000
-0.1153869629
0.2307739258
-0.1153869629
0.2307739258
0.0000000000
-0.5769195557
0.0000000000
0.1907653809
0.1430816650
0.4769287109
-0.2861633301
0.4769287109
0.5246276855
0.2384643555
0.0000000000
0.0000000000
0.3368225098
0.1347198486
0.4041748047
0.2694549561
-0.6062774658
0.3368225098
0.0238494873
0.0238494873
0.7154693604
-0.4292907715
-0.2861938477
-0.2861938477
-0.3338928223
-0.0953979492
-0.0981750488
0.0000000000
-0.4908447266
-0.1963348389
0.0981750488
0.0000000000
0.0981750488
0.5890197754
0.6883392334
-0.0983276367
0.4425048828
0.3441619873
-0.0491638184
0.1475067139
-0.2458343506
-0.1966705322
-0.0305633545
0.0917053223
0.8864593506
-0.0305633545
-0.3056793213
0.2139739990
0.1834106445
-0.0305633545
0.1196746826
-0.2393341064
0.3590087891
0.1196746826
0.0000000000
0.2393341064
0.3590087891
-0.1196746826
0.1241455078
-0.0413818359
0.0000000000
-0.9724121094
0.0620727539
0.0620727539
0.0206909180
0.1241455078
0.3008728027
0.8023071289
-0.2507171631
0.0501403809
-0.1504364014
0.1002960205
-0.2507171631
-0.1504364014
0.3388214111
0.3388214111
-0.4517517090
0.2258758545
0.0000000000
0.1129455566
0.0000000000
0.1129455566
0.0785522461
-0.3534851074
-0.7265930176
-0.2356567383
-0.1374664307
0.1374664307
-0.2552947998
0.4123840332
0.5356903076
0.0000000000
0.0000000000
-0.5356903076
0.3895874023
0.2434997559
-0.1461029053
-0.3408966064
-0.1041412354
0.0000000000
0.0231475830
0.9835968018
-0.0925750732
0.0115661621
0.0694274902
-0.0578613281
0.0000000000
0.9743957520
-0.1172943115
0.0360870361
0.0000000000
-0.1443481445
-0.1082611084
0.0180511475
-0.2489776611
-0.7086486816
0.0000000000
0.0574645996
0.1340637207
-0.4022064209
0.4596710205
0.1723785400
0.0900268555
0.9002532959
0.1350402832
0.2250671387
-0.0450134277
0.1350402832
0.1350402832
-0.0900268555
0.9785766602
-0.0451660156
0.0602264404
0.1053771973
-0.0602264404
0.0903320312
0.0301055908
-0.0752716064
0.1178436279
0.0000000000
0.0000000000
0.1178436279
0.2357025146
0.4714050293
0.1178436279
-0.3535461426
0.1911621094
0.0000000000
0.1911621094
-0.0955810547
0.0000000000
0.4779052734
-0.5734863281
-0.1911621094
0.0926513672
0.9806060791
-0.0308837891
-0.0308837891
0.0386047363
0.0849304199
0.0849304199
-0.1003723145
-0.0626525879
-0.0313262939
0.1879425049
-0.2505798340
-0.2192535400
0.3758697510
-0.2505798340
0.7830657959
0.2295227051
-0.0918121338
-0.1377105713
-0.3672485352
-0.7344970703
-0.0688629150
-0.3672485352
-0.2983856201
-0.2189788818
0.3284606934
0.0547485352
-0.1459808350
-0.0547485352
-0.8394165039
0.0729980469
0.3102111816
0.1582641602
0.5275573730
0.2110290527
-0.0527496338
-0.6330718994
0.4748077393
-0.0263824463
0.0000000000
0.0000000000
0.1320800781
0.3962249756
0.0660400391
-0.3301849365
0.0000000000
0.1981201172
0.7264099121
0.5755004883
-0.0959167480
0.1198883057
-0.1918334961
0.4076385498
-0.3836669922
0.3836669922
0.3596801758
-0.0674438477
-0.0562133789
0.8768463135
0.4046936035
0.1349029541
-0.0674438477
-0.0224761963
0.1798706055
0.1512603760
0.0000000000
0.1512603760
-0.3781585693
-0.7563323975
0.1512603760
0.0000000000
0.1512603760
0.0000000000
-0.0451965332
0.0451965332
0.0451965332
-0.1205139160
0.1054534912
-0.9792327881
-0.0451965332
0.0807495117
0.2422485352
0.3633728027
-0.3229980469
0.3633728027
0.3633728027
0.1211242676
-0.6056213379
-0.0117340088
0.9272308350
-0.3168945312
0.1173706055
0.0586853027
-0.0117340088
-0.0821533203
0.1056365967
0.1243286133
0.1243286133
-0.1243286133
0.1243286133
-0.1243286133
0.2486572266
0.0000000000
-0.2486572266
-0.0770721436
0.1541442871
0.1156005859
0.4624328613
-0.4238891602
0.5780334473
0.4238891602
-0.0385284424
0.1923675537
0.0641174316
0.3206024170
0.2564849854
0.4488525391
0.3206024170
-0.5770874023
0.1282348633
-0.0458831787
0.0229339600
0.6423339844
-0.4129333496
-0.2752838135
-0.4358673096
-0.3441162109
-0.1147003174
0.0990753174
-0.0990753174
-0.2972259521
-0.1981506348
0.0000000000
0.0990753174
-0.0990753174
0.6935119629
0.7239074707
-0.1703338623
0.3406524658
0.2554931641
-0.2554931641
0.2129058838
-0.0851593018
-0.2980804443
-0.0547790527
0.0547790527
0.9037933350
0.0273895264
-0.3560333252
0.0821685791
0.1369323730
0.0000000000
-0.1141510010
-0.4566192627
0.2283172607
0.2283172607
0.0000000000
0.3424682617
0.2283172607
0.0000000000
0.0218048096
0.0000000000
0.1090087891
-0.9810180664
0.0000000000
0.0218048096
0.0435943604
0.0872039795
0.2412261963
0.8201446533
-0.1929779053
0.0482482910
0.0000000000
0.1929779053
-0.3377075195
-0.0482482910
0.1099700928
0.0000000000
-0.5498504639
-0.1099700928
-0.2199401855
0.2199401855
0.1099700928
-0.3299102783
0.0242004395
-0.4597167969
-0.6290893555
-0.2419586182
-0.1209716797
0.1935577393
-0.1693725586
0.4839172363
0.4305267334
0.0000000000
-0.0430603027
-0.4735870361
0.5166320801
0.1722106934
-0.2152709961
-0.4305267334
-0.1381683350
0.0000000000
0.0460510254
0.9786834717
-0.0575714111
0.0230255127
0.0460510254
-0.1036224365
0.0563354492
0.9764862061
-0.0938873291
0.0657196045
-0.0187835693
-0.1408386230
-0.0845031738
0.0000000000
-0.3662719727
-0.6592864990
0.0000000000
0.1220855713
0.0488433838
-0.3418579102
0.5127868652
0.1220855713
0.1649322510
0.8246459961
0.2199096680
0.1099548340
-0.0549774170
0.2748870850
0.1649322510
-0.1649322510
0.9794311523
0.0000000000
0.0680084229
0.1224212646
-0.0408020020
0.0816192627
0.0135955811
-0.0816192627
