-0.1000061035
-0.1000061035
0.1000061035
0.0000000000
0.0000000000
0.0000000000
-0.1000061035
0.0000000000
0.3281707764
-0.3281707764
0.1093902588
-0.1093902588
-0.2187805176
-0.3281707764
0.2187805176
-0.3281707764
-0.0113983154
0.9922332764
0.0570220947
-0.0684356689
-0.0228118896
-0.0456237793
0.0113983154
-0.0228118896
-0.1055145264
0.0527648926
-0.4044952393
0.8090057373
0.0879364014
-0.1055145264
-0.0527648926
-0.3693237305
0.0405426025
-0.0405426025
-0.5270233154
0.0000000000
-0.6486511230
-0.4864807129
-0.0810852051
-0.0405426025
0.0729675293
0.0729675293
0.0000000000
0.1216278076
-0.5108032227
-0.8026885986
0.0486450195
-0.2189178467
0.0466003418
0.3727569580
0.2329711914
-0.0931854248
-0.7921142578
-0.1863861084
-0.2329711914
0.0931854248
0.3487548828
0.0581207275
-0.6393890381
0.2324981689
0.2324981689
0.1743774414
0.0000000000
-0.4650115967
0.8737640381
0.1180725098
0.1889190674
-0.0944671631
-0.3542327881
0.1653137207
-0.0472259521
-0.0708465576
0.0839843750
0.0699920654
0.9378204346
0.2799377441
-0.0979766846
-0.1119842529
0.0000000000
-0.0419921875
-0.6130218506
-0.0613098145
0.0000000000
0.0000000000
0.4904174805
0.3678131104
-0.2452087402
0.2452087402
-0.0254669189
0.0254669189
-0.0509490967
0.0254669189
-0.0254669189
0.0000000000
-0.9934844971
-0.0509490967
0.1238555908
-0.2477111816
0.0000000000
0.2477111816
-0.1238555908
0.1238555908
-0.1238555908
0.3715667725
-0.0354003906
0.9911193848
0.0471954346
-0.0236053467
0.0117950439
0.0943908691
0.0000000000
-0.0117950439
0.0000000000
0.1202545166
-0.2405242920
0.1202545166
0.1202545166
-0.2405242920
0.1202545166
-0.4810485840
0.0000000000
0.0000000000
-0.1082458496
-0.1082458496
0.1082458496
-0.4330139160
0.2165069580
0.5412597656
0.4646301270
0.2956695557
0.7180633545
0.2534332275
0.0844726562
0.2111968994
0.0000000000
0.0844726562
-0.4018859863
0.0000000000
0.4018859863
-0.3014221191
-0.3014221191
0.0000000000
-0.3014221191
0.2009429932
0.2494506836
0.0000000000
0.2494506836
0.2494506836
0.0000000000
-0.1247253418
0.1247253418
0.0000000000
0.4980163574
0.3557281494
-0.0711517334
0.0711517334
0.5691680908
0.1422882080
0.2845764160
0.1422882080
-0.0540313721
-0.0270080566
0.9049835205
-0.1485748291
-0.1755981445
0.0675354004
0.3241729736
-0.0945434570
-0.1150360107
-0.1150360107
0.1150360107
0.1150360107
0.0000000000
-0.1150360107
-0.1150360107
0.1150360107
-0.0555725098
-0.0926208496
0.0370483398
-0.9817962646
-0.0926208496
0.0555725098
0.0000000000
-0.0185241699
-0.0304260254
0.9887084961
-0.0152130127
-0.1064758301
-0.0152130127
-0.0456390381
0.0000000000
-0.0152130127
-0.3572235107
0.2679138184
-0.0446472168
0.3125610352
0.4911804199
-0.3125610352
0.3125610352
0.4465179443
-0.4190368652
-0.3352355957
0.5866699219
-0.3352355957
0.0000000000
-0.0838012695
0.0000000000
0.0838165283
-0.3058013916
-0.4204711914
0.2675781250
0.1528930664
0.3440246582
0.1528930664
0.1528930664
-0.6498260498
0.1152648926
-0.0480194092
-0.0672302246
0.9797210693
0.0960540771
0.0000000000
-0.0576324463
0.0672302246
-0.1646270752
0.9712524414
0.0329284668
0.0164642334
0.0329284668
-0.1316986084
0.0329284668
0.0000000000
0.4597015381
-0.2809295654
0.4852447510
-0.3064727783
0.1277008057
0.5363159180
0.1532287598
0.1787719727
0.0542449951
-0.8136901855
-0.2712249756
-0.1084899902
0.0000000000
0.0000000000
-0.2169799805
0.3254699707
0.4310302734
0.5172424316
0.0000000000
-0.4310302734
-0.2586212158
0.0000000000
0.1724090576
-0.0862121582
0.0000000000
0.1199951172
-0.1199951172
-0.1199951172
-0.1199951172
-0.2400054932
0.0000000000
0.1199951172
0.2438964844
-0.1219482422
0.0000000000
-0.1219482422
-0.1219482422
-0.4878082275
0.1219482422
-0.1219482422
0.0000000000
0.9869995117
0.0736541748
-0.1031188965
-0.0294647217
-0.0294647217
0.0147247314
-0.0294647217
-0.0539703369
0.0899505615
-0.4317474365
0.7735443115
0.1079406738
-0.1978759766
0.0179901123
-0.3777770996
-0.0443878174
0.0887756348
-0.3551025391
0.0887756348
-0.8433685303
-0.2663269043
0.0887756348
0.0443878174
0.1265411377
0.0949096680
0.0632629395
0.1265411377
-0.5061492920
-0.7592315674
0.0949096680
-0.2847137451
0.0000000000
0.3593444824
0.0000000000
-0.0718688965
-0.7905731201
-0.2156066895
-0.1437377930
0.0000000000
0.2982635498
-0.0596466064
-0.7158203125
0.0596466064
0.2982635498
0.2386016846
0.0000000000
-0.3579101562
0.8557281494
0.0777893066
0.1296539307
-0.1815185547
-0.3370971680
0.2074432373
-0.1296539307
-0.1296539307
0.0631103516
0.1262207031
0.9308929443
0.2208862305
-0.2051086426
-0.1104431152
0.0157775879
-0.0473327637
-0.5832366943
0.1749725342
0.0583190918
0.0000000000
0.6415557861
0.2916107178
0.0583190918
0.1166534424
-0.0375976562
0.0375976562
-0.0501251221
-0.0375976562
-0.0751800537
-0.0501251221
-0.9898986816
-0.0125274658
0.2153778076
-0.1076965332
0.5384674072
0.3230743408
-0.1076965332
-0.1076965332
-0.2153778076
0.2153778076
-0.0147094727
0.9860382080
0.0441436768
-0.0147094727
0.0294342041
0.1177368164
-0.0147094727
-0.0588684082
0.0000000000
0.0000000000
-0.2494506836
-0.1247253418
0.1247253418
-0.2494506836
0.0000000000
-0.2494506836
-0.1024169922
-0.2048339844
-0.2048339844
-0.2048339844
0.1024169922
-0.6144866943
0.0000000000
0.3072509766
0.4171752930
0.4469757080
0.6555480957
0.2383880615
0.1787872314
0.2383880615
-0.0894012451
0.1191864014
0.1172332764
-0.3517150879
0.0000000000
-0.3517150879
-0.1172332764
-0.3517150879
0.2344665527
0.0000000000
0.2474365234
-0.1237182617
0.2474365234
0.1237182617
0.0000000000
-0.1237182617
0.1237182617
0.0000000000
0.8035125732
0.3308563232
-0.0945281982
-0.3781280518
0.0945281982
0.0472717285
0.0945281982
0.0000000000
-0.1000061035
-0.0571441650
0.9285583496
-0.1857147217
-0.0857086182
0.0285644531
0.2142791748
-0.1714324951
0.0000000000
0.0000000000
0.0000000000
0.1000061035
0.1000061035
-0.1000061035
-0.1000061035
0.0000000000
-0.0420837402
-0.1472778320
0.0841522217
-0.9678039551
-0.1262359619
0.0420837402
-0.0210418701
0.0210418701
-0.0434265137
0.9844665527
-0.0434265137
-0.1158142090
-0.0289611816
-0.0579071045
-0.0289611816
-0.0434265137
-0.3217163086
0.3753356934
0.0000000000
0.2680969238
0.5361938477
-0.2144775391
0.2680969238
0.4289550781
-0.2536010742
-0.0507202148
0.7100830078
0.0000000000
0.1521606445
-0.3043212891
0.2536010742
-0.4057617188
-0.2246093750
-0.5390625000
0.1796875000
0.0898437500
0.1347656250
0.1347656250
0.0000000000
-0.7187500000
0.0852661133
-0.0663146973
-0.0379028320
0.9853515625
0.0852661133
0.0000000000
-0.0094757080
0.0757904053
-0.1460571289
0.9785461426
0.0730285645
0.0438079834
0.0000000000
-0.0730285645
0.0292053223
0.0292053223
0.4528808594
-0.1906890869
0.6673889160
-0.2145233154
0.0238342285
0.4767150879
0.0238342285
0.1430206299
0.0000000000
-0.8686370850
-0.2481842041
-0.1240844727
-0.0413665771
-0.0827331543
-0.2068176270
0.2481842041
0.4001922607
0.4001922607
0.0800323486
-0.4001922607
-0.2401123047
0.0000000000
0.4802398682
-0.0800323486
0.1216278076
0.2432556152
-0.1216278076
-0.1216278076
-0.1216278076
-0.1216278076
0.0000000000
0.1216278076
0.2295379639
0.0000000000
0.2295379639
-0.2295379639
-0.2295379639
-0.4590759277
0.1147766113
-0.2295379639
0.0364227295
0.9832611084
0.0728302002
-0.0910491943
0.0182037354
0.0546264648
0.0546264648
-0.0364227295
-0.0319519043
0.1917419434
-0.4154205322
0.7030334473
0.1278228760
-0.1917266846
0.0958709717
-0.4473724365
-0.1086578369
0.1086578369
-0.2535247803
0.0724334717
-0.9054412842
-0.1086578369
-0.1086578369
0.1448669434
0.3014831543
0.0603027344
0.0000000000
0.2411804199
-0.4823608398
-0.6029663086
0.0000000000
-0.3617706299
-0.2405242920
-0.1202545166
-0.3607788086
0.2405242920
-0.2405242920
-0.2405242920
0.1202545166
-0.1202545166
0.1247863770
-0.3743438721
0.0000000000
0.2495727539
0.2495727539
0.0000000000
0.0000000000
0.0000000000
0.7321319580
0.1220245361
0.0406799316
-0.1627044678
-0.4067382812
0.1627044678
-0.3660736084
-0.2033691406
0.0433807373
0.0216827393
0.9325561523
0.1951904297
-0.2385559082
0.1084442139
0.0650634766
-0.0433807373
-0.3839416504
0.0639953613
0.1919708252
0.1279754639
0.7038879395
0.3839416504
0.0000000000
0.1279754639
-0.0632171631
0.1106262207
0.0000000000
-0.0316009521
-0.1106262207
-0.0474090576
-0.9798126221
-0.0158081055
-0.1243286133
-0.2486572266
0.1243286133
0.1243286133
-0.2486572266
-0.1243286133
-0.1243286133
0.0000000000
0.0698547363
0.9780273438
-0.0465698242
0.0000000000
0.0232849121
0.0698547363
-0.0698547363
-0.0931396484
0.0000000000
0.1250000000
-0.3750000000
-0.1250000000
0.2500000000
0.0000000000
0.1250000000
0.0000000000
-0.2211151123
-0.4422149658
-0.1105499268
0.1105499268
-0.1105499268
-0.2211151123
0.4422149658
-0.1105499268
0.4054107666
0.4365997314
0.6237030029
0.1559295654
0.2494812012
0.2806701660
-0.1871185303
0.1559295654
0.1804046631
-0.3607940674
0.1804046631
0.0901947021
0.0901947021
-0.6314086914
0.2705993652
-0.1804046631
0.1113433838
0.1113433838
0.1113433838
-0.1113433838
-0.1113433838
-0.1113433838
0.0000000000
0.0000000000
0.8639678955
0.2073516846
-0.1727905273
-0.3110198975
-0.1727905273
0.0691223145
0.0000000000
-0.1036682129
-0.1141052246
-0.0950927734
0.9318389893
-0.1521301270
0.0380401611
-0.0570526123
0.0950927734
-0.2472229004
0.0000000000
0.1228332520
0.0000000000
-0.1228332520
0.2456817627
-0.2456817627
-0.1228332520
0.0000000000
-0.0249023438
-0.1493835449
0.0746917725
-0.9710083008
-0.0249023438
0.0000000000
-0.0497894287
0.0746917725
-0.0328521729
0.9854583740
-0.0657043457
-0.0657043457
-0.0328521729
-0.0164184570
-0.0492706299
-0.0821228027
-0.3621368408
0.4345703125
0.0724334717
0.2897033691
0.3621368408
-0.1448516846
0.3621368408
0.3621368408
-0.0482482910
0.2412261963
0.5789337158
0.0482482910
0.1929779053
-0.3859558105
0.2412261963
-0.5306854248
0.0000000000
-0.6656646729
0.0000000000
0.0000000000
0.1815490723
0.1815490723
0.0605163574
-0.6051483154
0.0342254639
-0.0456390381
-0.0342254639
0.9926147461
0.0342254639
-0.0228118896
0.0342254639
0.0570526123
-0.1162719727
0.9800567627
0.1162719727
0.0166168213
-0.0166168213
-0.0166168213
0.0166168213
0.0498352051
0.3449707031
-0.2414703369
0.6899414062
-0.2759704590
-0.2414703369
0.3104705811
-0.0345001221
0.2759704590
0.0473785400
-0.8526916504
-0.0947418213
-0.3316040039
-0.1421203613
-0.2368621826
0.0000000000
0.0473785400
0.8381042480
0.2394561768
0.0000000000
-0.1197204590
0.0000000000
-0.1197204590
0.2993164062
0.0598602295
0.0000000000
0.2300720215
0.0000000000
0.0000000000
0.0000000000
-0.1150360107
0.1150360107
-0.1150360107
0.0000000000
0.2320098877
0.3480072021
-0.2320098877
-0.2320098877
-0.3480072021
0.1159973145
-0.2320098877
0.0000000000
0.9834594727
0.0000000000
-0.1000061035
0.0666809082
0.0833435059
0.0000000000
-0.0500030518
-0.0935058594
0.1558532715
-0.3428649902
0.8415985107
0.0935058594
0.0000000000
0.0623474121
-0.3117065430
0.0000000000
0.0000000000
-0.2651367188
0.0294647217
-0.8837890625
-0.1178436279
-0.3240509033
0.0294647217
0.4457702637
0.1782989502
0.0891571045
0.2674560547
0.4457702637
0.0891571045
0.0891571045
-0.4457702637
-0.0951690674
-0.3806762695
-0.5709991455
-0.0951690674
0.0951690674
0.3806762695
-0.1903381348
0.0000000000
0.0000000000
-0.3989410400
0.6383056641
0.1595764160
0.2393646240
-0.1595764160
0.3191528320
0.0797882080
0.6885528564
0.1377105713
0.0000000000
0.0458984375
-0.4131317139
0.0918121338
-0.5049438477
-0.0458984375
0.0216064453
-0.1296386719
0.9074554443
0.2376708984
-0.1512451172
0.2376708984
0.0648193359
-0.0648193359
-0.4002075195
0.1143493652
0.3430328369
0.2858581543
0.6288909912
0.3430328369
-0.0571746826
0.0571746826
-0.1208190918
0.1611022949
0.0805511475
0.0201416016
-0.0402679443
0.0000000000
-0.9665679932
-0.0604095459
-0.2184143066
-0.0727996826
-0.8008728027
0.0000000000
-0.2912292480
0.0000000000
0.1456146240
0.1456146240
0.0879821777
0.9677581787
-0.1759643555
-0.0219879150
0.0439910889
-0.0219879150
-0.0659790039
-0.0439910889
0.0000000000
0.2432556152
-0.2432556152
0.0000000000
0.1216278076
0.0000000000
0.0000000000
0.1216278076
-0.1576080322
-0.2364196777
0.1576080322
0.1576080322
-0.3152313232
0.5516510010
0.3940429688
-0.3152313232
0.3986816406
0.3680114746
0.5520172119
0.2453460693
0.2453460693
0.3373413086
-0.2453460693
0.2760162354
0.2630157471
-0.3287658691
0.3287658691
0.1972656250
0.0657501221
-0.5917816162
-0.2630157471
-0.3287658691
0.1219482422
0.1219482422
0.3658599854
0.0000000000
0.0000000000
-0.1219482422
0.2438964844
-0.3658599854
0.7568206787
0.0873260498
-0.3201904297
-0.2619781494
-0.4366302490
0.1164398193
-0.0582122803
-0.1164398193
-0.1275329590
-0.1530303955
0.8927001953
0.0255126953
0.1530303955
-0.1530303955
-0.1275329590
-0.2805633545
-0.1064758301
0.0000000000
0.0000000000
0.0000000000
0.1064758301
-0.1064758301
-0.1064758301
0.1064758301
-0.0419616699
-0.0839385986
0.0000000000
-0.9862365723
-0.0419616699
-0.0209808350
-0.0419616699
0.0209808350
-0.0156555176
0.9865417480
-0.0939483643
-0.0313110352
0.0000000000
0.0313262939
-0.0626373291
-0.0626373291
-0.2048339844
0.4096679688
0.2048339844
0.2048339844
-0.1024169922
-0.1024169922
0.5120697021
0.2048339844
0.0726318359
0.4357604980
0.5810089111
0.0363159180
0.1815643311
-0.2905120850
0.2178802490
-0.5083770752
0.1467742920
-0.4403076172
0.0733795166
-0.2201538086
0.0733795166
0.5870819092
0.0733795166
-0.4403076172
-0.0254669189
-0.0127410889
0.0127410889
0.9934844971
-0.0127410889
-0.0254669189
0.0764160156
0.0127410889
-0.0412597656
0.9902954102
0.0962829590
0.0137481689
0.0000000000
0.0412597656
-0.0137481689
0.0137481689
0.0819549561
-0.0409851074
0.5737304688
-0.3278350830
-0.5327453613
0.0819549561
-0.2048950195
0.4098052979
0.0000000000
-0.7994232178
-0.0363311768
-0.3270416260
-0.0726776123
-0.3997039795
0.1090087891
-0.1816864014
0.9117889404
0.0000000000
0.0506591797
-0.1013031006
0.1013031006
-0.1013031006
0.1013031006
0.2026214600
0.0000000000
0.2226867676
0.0000000000
-0.1113433838
0.0000000000
0.0000000000
0.1113433838
0.0000000000
-0.1216278076
0.2432556152
0.0000000000
0.1216278076
0.1216278076
-0.1216278076
-0.1216278076
0.1216278076
0.0000000000
0.9909362793
0.0000000000
-0.0707855225
0.0424652100
0.0566253662
-0.0283050537
0.0283050537
-0.0915679932
0.1221008301
-0.2747192383
0.9157409668
0.0000000000
0.0305175781
0.0915679932
-0.1526184082
-0.0578918457
-0.0868530273
-0.0289459229
0.0000000000
-0.8974304199
-0.1157989502
-0.3763427734
-0.0289459229
0.1197357178
0.2394561768
0.0000000000
0.0000000000
0.8381042480
0.2993164062
0.0598602295
-0.1197204590
0.0633544922
-0.3167419434
-0.6334838867
0.0000000000
0.2534027100
0.5067901611
-0.0633544922
0.1900482178
-0.0849761963
0.0000000000
0.4249114990
0.0849761963
0.2549438477
-0.3399353027
0.3399353027
0.5099029541
0.8479614258
0.1130676270
-0.1130676270
0.1695861816
-0.0565338135
0.0000000000
-0.3391876221
-0.0565338135
-0.0502777100
-0.0754241943
0.9050598145
0.2011260986
-0.0251464844
0.3016815186
0.1005554199
-0.1005554199
-0.3904724121
0.0780944824
0.3904724121
0.3123779297
0.5466613770
0.2342834473
-0.1561889648
0.0780944824
-0.0982055664
0.1374969482
0.1374969482
0.0589294434
-0.0196380615
0.0196380615
-0.9624328613
-0.0982055664
-0.3691253662
0.0820312500
-0.8202972412
-0.1640625000
-0.1640625000
0.2050781250
0.1640625000
0.0820312500
0.0778350830
0.9534606934
-0.2529602051
0.0194549561
0.0389099121
0.0000000000
-0.0583801270
-0.0583801270
0.0000000000
0.1000061035
-0.1000061035
0.0000000000
0.1000061035
0.0000000000
0.0000000000
0.1000061035
-0.0921936035
-0.0460968018
0.2765808105
0.1382904053
-0.2304840088
0.7836608887
0.3226928711
-0.2304840088
0.4514007568
0.3912048340
0.4514007568
0.3310241699
0.2708435059
0.3310241699
-0.2106475830
0.2708435059
0.3615722656
0.0000000000
0.2711791992
-0.0903930664
-0.0903930664
-0.6327362061
-0.5423431396
-0.1355895996
0.1224670410
-0.1224670410
0.3674163818
0.1224670410
0.1224670410
0.1224670410
0.1224670410
-0.3674163818
0.6627960205
0.0576324463
-0.3458099365
-0.1728973389
-0.6051483154
0.1152648926
0.0288238525
-0.0288238525
-0.0401763916
-0.2410736084
0.7232208252
0.2410736084
0.3214263916
-0.1205444336
-0.3616180420
-0.2410736084
0.0000000000
0.0000000000
0.0000000000
0.0000000000
0.0000000000
0.0000000000
-0.0588226318
0.0000000000
-0.0340728760
-0.0511169434
0.0000000000
-0.9883117676
-0.0511169434
-0.0681610107
-0.0170440674
0.0511169434
-0.0328979492
0.9870452881
-0.0987091064
0.0328979492
0.0493469238
0.0164489746
-0.0493469238
0.0000000000
0.2477111816
-0.1238555908
0.1238555908
-0.1238555908
-0.2477111816
0.0000000000
0.3715667725
0.1238555908
0.1525573730
0.5593566895
0.4576568604
0.0000000000
0.3559570312
-0.3559570312
0.1525573730
-0.3050994873
0.2514343262
-0.3352355957
0.0000000000
-0.2514190674
0.0000000000
0.5866699219
0.0000000000
-0.4190368652
-0.0514678955
0.0128631592
0.0386047363
0.9906768799
0.0000000000
-0.0128631592
0.0900573730
-0.0257263184
0.0437316895
0.9913482666
0.0583190918
0.0291595459
-0.0145721436
0.0437316895
0.0437316895
0.0145721436
-0.2043914795
0.0408782959
0.6131591797
-0.3270263672
-0.5314025879
0.0000000000
-0.0408782959
0.3679046631
-0.0870819092
-0.8707885742
-0.0435333252
-0.1741638184
0.0435333252
-0.3483123779
0.0000000000
-0.1306152344
0.8963165283
-0.1222229004
0.0814819336
0.0814819336
0.2037048340
0.0814819336
-0.0814819336
0.2444458008
0.0000000000
0.1064758301
-0.1064758301
-0.1064758301
0.0000000000
0.0000000000
-0.1064758301
0.1064758301
0.1113433838
0.1113433838
0.0000000000
0.1113433838
0.1113433838
0.0000000000
-0.1113433838
0.1113433838
0.0137786865
0.9922790527
-0.0275573730
-0.0137786865
0.0000000000
0.0413513184
-0.0413513184
0.0689086914
-0.0517120361
0.0258483887
-0.2068176270
0.9565582275
0.0000000000
-0.0258483887
0.1034088135
-0.0775604248
-0.1445007324
-0.0867004395
0.2312011719
0.0578002930
-0.8959350586
-0.0289001465
-0.2890167236
0.0289001465
-0.1031799316
0.0515899658
-0.1031799316
-0.1031799316
0.8769989014
0.3095245361
-0.1031799316
0.0515899658
0.1473236084
-0.2946472168
-0.4910736084
0.0982208252
0.4419708252
0.5892944336
-0.0982208252
0.0982208252
-0.2644195557
0.0881347656
0.4407043457
0.0000000000
0.0000000000
-0.4407043457
0.2644195557
0.4407043457
0.9706420898
0.0647125244
0.0000000000
0.0000000000
0.1294250488
0.0323486328
0.0323486328
0.0323486328
-0.0265655518
-0.0265655518
0.9031677246
0.1062469482
-0.0796966553
0.3187561035
0.0796966553
-0.1859436035
-0.5268554688
0.1756134033
0.3512420654
0.0878143311
0.5268554688
0.0878143311
-0.0878143311
0.0000000000
-0.0320587158
0.0801391602
0.1442413330
0.0320587158
-0.0480804443
0.0160217285
-0.9776458740
-0.0641021729
-0.3341674805
0.1485137939
-0.7425994873
-0.2227783203
0.0000000000
0.4455566406
0.1485137939
0.0000000000
0.0313873291
0.9415283203
-0.2510681152
0.0313873291
0.0000000000
-0.1255340576
0.0313873291
0.0000000000
-0.0785675049
0.0785675049
0.0000000000
0.0000000000
0.0000000000
0.0000000000
0.0000000000
0.0000000000
-0.1109313965
0.1109313965
0.3697662354
0.0739593506
-0.1848907471
0.8134918213
0.2958221436
-0.0739593506
0.4613342285
0.5099029541
0.3399353027
0.3885040283
0.2670898438
0.2913665771
-0.1942443848
0.2185363770
0.3976440430
0.0795288086
0.2385864258
-0.3578796387
-0.1192932129
-0.5964660645
-0.4771728516
-0.0397644043
0.1216278076
0.0000000000
0.2432556152
0.0000000000
0.0000000000
0.0000000000
0.1216278076
-0.2432556152
0.5225830078
-0.0307464600
-0.3074035645
0.0307464600
-0.7685089111
0.0922241211
0.0307464600
0.0000000000
0.1072387695
-0.2680969238
0.1072387695
0.4289550781
0.4289550781
0.0536193848
-0.6434478760
-0.1608581543
-0.1150360107
-0.1150360107
-0.1150360107
0.0000000000
0.0000000000
0.0000000000
-0.2300720215
0.0000000000
-0.0162658691
-0.0162658691
0.0162658691
-0.9921569824
-0.0325317383
-0.0650634766
0.0000000000
0.0325317383
-0.1017150879
0.9765319824
-0.0406951904
0.1017150879
0.0000000000
-0.0610351562
0.0813751221
0.0203399658
0.3388214111
-0.4517517090
0.0000000000
-0.1129455566
-0.2258758545
0.0000000000
0.3388214111
-0.1129455566
0.0000000000
0.5294342041
0.4537963867
0.0756378174
0.4537963867
-0.2268981934
0.0756378174
-0.2268981934
0.4310302734
-0.2586212158
-0.0862121582
-0.3448333740
0.1724090576
0.5172424316
0.0000000000
-0.2586212158
-0.0642852783
-0.0128631592
0.0642852783
0.9900207520
-0.0128631592
0.0257110596
0.0514373779
-0.0514373779
0.0787048340
0.9759216309
-0.0157470703
0.1101837158
-0.0629577637
0.0629577637
0.1101837158
0.0314788818
-0.0972900391
0.1945648193
0.6809844971
-0.1945648193
-0.3891296387
0.3404846191
-0.2918548584
0.1459197998
-0.0494689941
-0.8903961182
0.0000000000
-0.1483917236
-0.0494689941
-0.2967987061
0.0494689941
-0.0989379883
0.9440612793
-0.0913543701
-0.0304565430
0.1218109131
0.1218109131
0.0913543701
-0.0913543701
0.1522674561
-0.1150360107
0.0000000000
0.1150360107
-0.1150360107
-0.1150360107
-0.1150360107
0.1150360107
-0.1150360107
0.1681976318
-0.3363952637
0.1681976318
0.0000000000
-0.0840911865
-0.7568817139
0.0000000000
-0.0840911865
-0.0395355225
0.9884643555
0.0527191162
-0.0659027100
0.0000000000
-0.0922546387
0.0000000000
-0.0131835938
-0.0165863037
0.0331726074
-0.4478302002
0.7795410156
0.0497589111
-0.0829315186
-0.0165863037
-0.4146575928
0.2032012939
-0.2438507080
-0.6096191406
0.1219177246
-0.2438507080
-0.5283355713
0.3251190186
0.1219177246
0.0405120850
0.2025299072
0.1620330811
0.2025299072
-0.3645629883
-0.8101501465
-0.0810089111
-0.2025299072
0.1052551270
0.5613708496
-0.1052551270
-0.1754302979
-0.7017211914
0.0350799561
-0.2806854248
0.1403503418
0.2072906494
-0.1381988525
-0.6909637451
0.0000000000
0.3454742432
0.0690917969
-0.0690917969
-0.4145812988
0.8766937256
0.0208740234
0.1252441406
-0.0417480469
-0.3339843750
0.0626220703
-0.2504882812
-0.1461181641
0.0590209961
-0.0885162354
0.9589996338
0.2213134766
-0.0590209961
0.0295104980
-0.0295104980
-0.0885162354
-0.8552398682
0.0450134277
0.0900268555
0.0000000000
0.4051055908
0.0450134277
-0.0900268555
0.1350402832
-0.1187591553
0.0118713379
-0.0356292725
0.0475006104
-0.0356292725
0.0356292725
-0.9857177734
-0.0593872070
0.0000000000
0.0000000000
-0.2416839600
0.2416839600
-0.1208343506
0.0000000000
-0.3625183105
0.3625183105
0.0000000000
0.9932403564
-0.0382080078
-0.0254669189
0.0127410889
0.0764007568
-0.0127410889
0.0000000000
-0.1676177979
0.0000000000
-0.2514190674
0.2514343262
0.1676177979
-0.0838012695
0.0000000000
-0.7542724609
-0.1147766113
-0.1147766113
0.2295379639
0.1147766113
-0.1147766113
-0.2295379639
-0.4590759277
0.3443145752
0.4694671631
0.4024047852
0.5365295410
0.3353271484
0.1341400146
0.2012023926
-0.1006011963
0.3353271484
0.5099029541
-0.0849761963
0.0000000000
-0.0849761963
-0.0849761963
-0.5099029541
0.1699676514
0.4249114990
0.1243286133
0.0000000000
-0.1243286133
0.3729858398
0.0000000000
-0.1243286133
0.1243286133
0.0000000000
0.8450622559
0.2485504150
-0.1491241455
-0.2982635498
-0.1491241455
0.0000000000
0.0994262695
0.0000000000
-0.0478668213
0.0000000000
0.9093780518
-0.0239257812
-0.1914520264
0.0239257812
0.3350372314
-0.0478668213
0.0000000000
0.0000000000
0.0000000000
-0.1216278076
0.1216278076
0.0000000000
-0.2432556152
0.2432556152
-0.0182037354
0.0000000000
0.0182037354
-0.9826202393
-0.1455688477
-0.0182037354
-0.0182037354
0.0363922119
0.0000000000
0.9816436768
-0.1321411133
0.0755157471
-0.0188751221
-0.0377502441
0.0000000000
0.0000000000
-0.4712524414
0.3927154541
0.0392761230
0.3534393311
0.3141632080
-0.3534393311
0.0392761230
0.4712524414
-0.2071838379
-0.0517883301
0.8805236816
-0.1035919189
0.1035919189
-0.2071838379
0.1553802490
-0.0517883301
-0.3400878906
-0.3886718750
0.1943359375
0.1943359375
0.2429199219
-0.1457519531
0.1943359375
-0.6801757812
0.1118164062
-0.0638885498
-0.0159759521
0.9743957520
0.1437683105
0.0479278564
-0.0479278564
0.0159759521
-0.1266632080
0.9499816895
0.0633392334
-0.0633392334
0.1266632080
-0.1583251953
0.0000000000
0.0000000000
0.5587768555
0.0762023926
0.4063720703
-0.3047790527
0.0507965088
0.6095733643
-0.1523895264
-0.0762023926
0.1688079834
-0.8862457275
-0.0422058105
-0.0422058105
-0.0843963623
-0.2110137939
-0.1688079834
0.2110137939
0.6846466064
0.3112030029
-0.0622406006
-0.3734436035
0.1244812012
-0.1244812012
-0.1867218018
0.3112030029
0.0000000000
0.0000000000
0.1113433838
0.1113433838
-0.1113433838
0.1113433838
0.1113433838
-0.1113433838
0.1653594971
-0.3307189941
0.2480316162
0.0000000000
-0.0826721191
-0.7441101074
0.0000000000
-0.0826721191
-0.0545501709
0.9817962646
0.0363616943
-0.0727233887
-0.0363616943
-0.1090850830
-0.0363616943
0.0363616943
0.0715484619
0.0572357178
-0.4435729980
0.7583770752
0.0572357178
-0.2146301270
0.0572357178
-0.4006500244
0.1568603516
-0.3137207031
-0.4705810547
0.1045684814
-0.3660125732
-0.1568603516
0.6274414062
0.0522918701
0.1240081787
0.2480010986
0.4340209961
0.3100128174
-0.1240081787
-0.6200256348
-0.1240081787
-0.3100128174
0.1768646240
0.6190032959
-0.2210693359
-0.2210693359
-0.6190032959
0.0442199707
-0.1768646240
0.0884246826
-0.0771789551
-0.2315216064
-0.5402069092
-0.0771789551
0.6173706055
0.0771789551
0.2315216064
0.0000000000
0.7869415283
-0.0224914551
0.1124267578
-0.0449676514
-0.4272003174
0.1573944092
-0.3597412109
-0.1124267578
0.0861968994
-0.1379089355
0.9308929443
0.2585754395
-0.0517120361
0.0517120361
-0.1206665039
-0.1034240723
-0.7926940918
0.1132354736
-0.0566253662
0.0000000000
0.3963470459
-0.1698608398
0.2264862061
0.1132354736
-0.1300964355
0.0780487061
0.0130157471
0.0130157471
-0.0910644531
-0.0130157471
-0.9756622314
-0.1040649414
-0.1076965332
-0.1076965332
0.4307708740
0.1076965332
-0.3230743408
-0.1076965332
-0.4307708740
0.2153778076
0.0296783447
0.9795227051
-0.1335754395
0.0148468018
0.0148468018
0.0890502930
-0.0296783447
-0.0742034912
-0.1245422363
0.1245422363
-0.2490844727
0.2490844727
0.1245422363
-0.2490844727
0.0000000000
-0.2490844727
0.0000000000
0.1024169922
0.2048339844
0.0000000000
-0.2048339844
0.0000000000
-0.7169036865
-0.1024169922
0.3478088379
0.4742736816
0.5375213623
0.3794250488
0.2213287354
0.1897125244
-0.0632324219
0.3161926270
0.6618194580
-0.2647247314
-0.1323699951
-0.0661773682
0.1323699951
-0.3309020996
0.3970947266
0.1985473633
0.2357025146
-0.1178436279
0.0000000000
0.1178436279
0.0000000000
-0.1178436279
0.0000000000
-0.1178436279
0.6885833740
0.2536926270
-0.1087188721
-0.5798645020
-0.2536926270
0.0000000000
-0.0724792480
-0.0362396240
-0.1020965576
-0.1020965576
0.9189300537
-0.1020965576
-0.0340270996
0.0000000000
0.2382354736
-0.1701660156
0.0000000000
0.1113433838
-0.1113433838
-0.1113433838
0.1113433838
-0.1113433838
0.0000000000
0.1113433838
0.0000000000
-0.0507354736
0.0253601074
-0.9385375977
-0.2282867432
-0.0760955811
-0.0760955811
0.1775665283
-0.0451202393
0.9702453613
-0.1805114746
0.0676879883
0.0000000000
-0.0451202393
-0.0225677490
0.0225677490
-0.4566345215
0.3995513916
0.1712341309
0.3424682617
0.3424682617
-0.2283172607
0.0000000000
0.4566345215
-0.2108154297
0.0421600342
0.8011169434
0.1264953613
0.1264953613
-0.2529907227
0.2108154297
-0.3373107910
-0.2670593262
-0.5341186523
0.0667572021
0.0667572021
0.1335296631
-0.1335296631
0.0667572021
-0.6676483154
0.0984191895
-0.0492095947
-0.0492095947
0.9841308594
0.0820159912
0.0164031982
-0.0328063965
0.0164031982
-0.1130371094
0.9419708252
0.1884002686
0.0000000000
0.1130371094
-0.0753631592
0.0000000000
0.0000000000
0.5048217773
0.2524108887
0.5736694336
-0.1835784912
-0.0458984375
0.4589385986
-0.2753601074
-0.1147308350
0.1315002441
-0.9204864502
0.0328674316
-0.0986175537
-0.0986175537
-0.2301177979
-0.0986175537
0.1315002441
0.6550140381
0.4168243408
0.0595397949
-0.1190948486
0.1786346436
0.0595397949
0.0000000000
0.4763641357
0.0000000000
0.0000000000
0.0000000000
0.1113433838
0.0000000000
0.1113433838
0.2226867676
0.0000000000
0.1937103271
-0.1937103271
0.1937103271
-0.1937103271
-0.1937103271
-0.6779632568
0.0968475342
-0.0968475342
0.0334167480
0.9692077637
0.0334167480
-0.1002655029
0.0000000000
-0.0334167480
-0.0334167480
0.1002655029
0.1719360352
0.0644683838
-0.4513092041
0.6447296143
0.0214843750
-0.3008728027
0.1934204102
-0.4513092041
0.2456665039
-0.3070831299
-0.3684997559
0.0614166260
-0.6755981445
0.2456665039
0.2456665039
0.0614166260
0.0912780762
0.4564056396
0.4564056396
0.1825714111
-0.0912780762
-0.2738494873
-0.1825714111
-0.3651275635
0.1491699219
0.5221099854
-0.3729400635
-0.0745849609
-0.5966949463
0.0745849609
-0.0745849609
0.0745849609
-0.2447814941
-0.3263702393
0.0815887451
-0.1631927490
0.4895629883
0.0000000000
0.4079742432
0.4079742432
0.5483703613
0.0000000000
-0.0685424805
0.0685424805
-0.5140991211
0.2399139404
-0.5483703613
-0.1713714600
0.1324768066
-0.2270965576
0.8894653320
0.2460174561
-0.0378570557
0.1892547607
-0.1135559082
-0.1324768066
-0.4469451904
0.1117401123
0.0000000000
-0.1117401123
0.2234802246
-0.2234802246
0.4469451904
0.0000000000
-0.2380218506
0.2856140137
0.1666107178
0.0714111328
-0.0476074219
0.0714111328
-0.8806610107
-0.1666107178
-0.2320098877
-0.1159973145
0.4640045166
0.0000000000
0.1159973145
-0.3480072021
-0.2320098877
0.0000000000
0.1337585449
0.8560943604
-0.4012908936
0.1070098877
0.0000000000
0.0267486572
-0.1337585449
-0.1872711182
0.0000000000
0.1216278076
-0.1216278076
0.1216278076
0.1216278076
-0.2432556152
0.1216278076
0.1216278076
0.0000000000
-0.2222900391
0.1111450195
0.0000000000
0.0000000000
-0.2222900391
-0.5557098389
-0.3334350586
0.3040313721
0.4180450439
0.5320434570
0.3420257568
0.3040313721
0.1900177002
-0.1140136719
0.3800354004
0.5554046631
-0.2777099609
-0.0694274902
0.2082824707
0.2082824707
-0.3471221924
0.4859771729
-0.0694274902
0.0000000000
0.0000000000
0.1064758301
0.0000000000
0.1064758301
-0.1064758301
-0.1064758301
-0.1064758301
0.6264495850
0.1879425049
-0.3132324219
-0.5638122559
-0.3132324219
0.1566162109
0.0313262939
-0.0313262939
-0.1499938965
-0.3000030518
0.5249938965
-0.0749969482
0.3000030518
-0.2250061035
0.0000000000
-0.5249938965
0.0000000000
0.1216278076
0.0000000000
0.0000000000
0.2432556152
-0.2432556152
0.0000000000
0.1216278076
0.0999145508
-0.1498718262
-0.0499572754
-0.8992156982
-0.0999145508
-0.1498718262
-0.0499572754
0.1998291016
-0.0693206787
0.9358825684
-0.2426300049
0.0693206787
0.0000000000
0.0346679688
-0.1039886475
-0.0693206787
-0.2472076416
0.4944305420
0.2472076416
0.4120178223
0.1648101807
-0.1648101807
-0.0823974609
0.4120178223
-0.0616455078
0.3699035645
0.3699035645
0.2465972900
0.2465972900
-0.3699035645
0.3082427979
-0.4931945801
0.0000000000
-0.7051239014
-0.0881347656
-0.1762847900
0.1762847900
0.1762847900
-0.0881347656
-0.3525543213
0.0883178711
-0.0883178711
-0.1103973389
0.9715270996
0.0441589355
-0.0441589355
0.0662384033
0.0662384033
-0.0481872559
0.9155731201
0.1927490234
-0.1445617676
0.0481872559
-0.1445617676
0.0000000000
-0.0481872559
0.2813568115
0.2813568115
0.7190093994
-0.2500915527
-0.2813568115
0.1563110352
-0.3438720703
0.0937805176
0.0852355957
-0.8524169922
0.0852355957
-0.1704864502
-0.2131042480
-0.3409729004
0.0852355957
-0.0426177979
0.8535156250
0.2695312500
0.0000000000
0.0000000000
0.1796875000
0.0000000000
0.0449218750
0.3144531250
0.0000000000
0.1199951172
0.1199951172
0.1199951172
0.1199951172
0.0000000000
0.2400054932
-0.1199951172
0.0000000000
0.1247253418
0.1247253418
-0.1247253418
-0.1247253418
-0.3741607666
0.0000000000
-0.1247253418
0.1063232422
0.8506317139
0.0531616211
-0.1595001221
0.2658233643
0.0531616211
-0.1595001221
0.2126617432
0.1397399902
0.0000000000
-0.3633270264
0.6428222656
0.0279541016
-0.2794799805
0.2794799805
-0.5030822754
0.1744842529
-0.2617340088
-0.3925933838
-0.0436248779
-0.7852020264
0.1308593750
-0.2181091309
-0.0436248779
0.2256317139
0.2256317139
0.3760528564
-0.0752105713
0.2256317139
0.5264587402
-0.3008422852
-0.3760528564
0.2416839600
0.1208343506
-0.3625183105
0.1208343506
-0.2416839600
0.2416839600
0.0000000000
0.2416839600
-0.1487579346
-0.2975311279
0.2975311279
-0.0743865967
0.3719177246
0.0000000000
0.5206756592
0.4462890625
0.6051330566
0.0403442383
-0.1613616943
0.1210327148
-0.4437713623
0.2017059326
-0.5244445801
-0.1613616943
0.1155090332
-0.2117767334
0.9048309326
0.1347656250
-0.0192565918
0.2310180664
-0.0962524414
-0.1732635498
0.0000000000
0.1150360107
0.1150360107
-0.1150360107
0.1150360107
0.1150360107
0.1150360107
-0.1150360107
-0.4593353271
0.4593353271
0.2923126221
0.1670379639
0.0835113525
0.2087860107
-0.5428619385
-0.2505493164
-0.3480072021
0.0000000000
-0.1159973145
0.1159973145
0.2320098877
-0.4640045166
-0.2320098877
0.0000000000
0.1226654053
0.7973632812
-0.5213470459
0.0613403320
-0.0306701660
-0.0613403320
-0.1226654053
-0.1533355713
0.0000000000
0.0000000000
0.0000000000
0.1250000000
-0.1250000000
-0.2500000000
0.1250000000
0.3750000000
-0.1247863770
-0.2495727539
0.0000000000
-0.1247863770
0.0000000000
-0.2495727539
-0.2495727539
-0.2495727539
0.2938232422
0.4407196045
0.5141754150
0.2938232422
0.2938232422
0.2938232422
-0.2570953369
0.2938232422
0.4673461914
-0.3338165283
0.0000000000
0.3338165283
0.2670593262
-0.4005889893
0.1335296631
-0.4005889893
0.0000000000
0.0000000000
0.6598205566
0.0000000000
0.2199401855
-0.1099700928
0.0000000000
-0.2199401855
0.6172790527
0.0000000000
-0.4273376465
-0.4036102295
-0.4273376465
0.2374114990
0.1187133789
0.0474853516
-0.3323516846
-0.3988189697
-0.4653015137
0.0000000000
0.1994171143
-0.2658843994
-0.1994171143
-0.4653015137
0.0000000000
0.0000000000
-0.0911560059
0.0000000000
0.0911560059
-0.0911560059
0.0000000000
0.0000000000
0.0589294434
-0.1178436279
-0.1767730713
-0.8838806152
-0.1178436279
-0.1178436279
0.1178436279
0.1178436279
0.0000000000
0.9502563477
-0.1532592773
0.0613098145
0.0919647217
0.1532745361
-0.0613098145
-0.0613098145
0.1076965332
0.4307708740
0.3230743408
0.3230743408
0.0000000000
-0.3230743408
0.2153778076
0.1076965332
0.0985717773
0.5914306641
0.0985717773
0.2464294434
0.2464294434
-0.3942871094
0.3942871094
-0.3450012207
0.1989746094
-0.5969238281
0.0663299561
-0.3316345215
-0.1989746094
0.4642791748
0.1326446533
-0.2653045654
0.0540924072
-0.1352233887
-0.1081848145
0.9465637207
0.0000000000
0.0000000000
0.2163543701
0.0270385742
0.0307617188
0.9226379395
0.0922698975
-0.2460327148
0.1537780762
-0.0922698975
-0.0307617188
-0.1230163574
-0.0917510986
0.0917510986
0.7645416260
-0.3363952637
-0.3058166504
-0.0917510986
-0.2446594238
0.3058166504
-0.0841064453
-0.7989959717
0.0841064453
-0.1682128906
-0.1682128906
-0.4205169678
0.1682128906
-0.1682128906
0.9313354492
0.1432800293
-0.0358276367
0.0000000000
0.1791076660
0.0716400146
0.0000000000
0.1791076660
-0.1000061035
0.1000061035
0.0000000000
0.0000000000
0.0000000000
0.0000000000
0.1000061035
-0.1000061035
0.0000000000
0.1064758301
0.1064758301
0.0000000000
0.0000000000
-0.1064758301
-0.1064758301
0.1064758301
0.0327148438
0.9487609863
0.0654296875
-0.0981445312
0.0981445312
0.0654296875
-0.0981445312
0.1635742188
0.1223297119
0.0305786133
-0.2752380371
0.8256988525
-0.0305786133
-0.1223297119
0.2140655518
-0.3669738770
0.0505218506
-0.2526245117
-0.3031616211
0.1010589600
-0.8084106445
-0.0505218506
-0.3031616211
0.0000000000
-0.0747985840
0.2243804932
0.0747985840
-0.1495819092
0.3739624023
0.7479248047
-0.0747985840
-0.1495819092
0.3316650391
0.2211151123
-0.5527648926
0.0000000000
-0.1105499268
0.2211151123
0.0000000000
0.1105499268
-0.0909118652
-0.1818389893
0.2727508545
-0.0909118652
0.2727508545
-0.0909118652
0.4545898438
0.5455017090
0.8359985352
0.0440063477
-0.1320037842
0.1759948730
-0.1759948730
0.2640075684
-0.2640075684
-0.1320037842
0.0000000000
-0.1262969971
0.9261322021
0.0420989990
-0.0420989990
0.2525787354
-0.0210418701
-0.2104797363
0.2498626709
0.2498626709
0.1249389648
0.0000000000
0.1249389648
0.2498626709
0.0000000000
0.1249389648
-0.2671203613
0.2671203613
0.2671203613
0.1780853271
0.1335601807
0.2225952148
-0.7568359375
-0.2225952148
-0.4821166992
0.0000000000
-0.5785369873
-0.0964202881
0.1928405762
0.0964202881
0.0964202881
-0.1928405762
0.0552062988
0.8833923340
-0.4140930176
0.0276031494
-0.0276031494
-0.1104278564
0.0000000000
-0.0828247070
0.0000000000
0.0000000000
0.0000000000
0.0000000000
-0.0785675049
0.0000000000
-0.0785675049
0.0000000000
-0.1129455566
0.0000000000
0.3388214111
0.0000000000
-0.3388214111
0.4517517090
0.1129455566
-0.2258758545
0.3480834961
0.5221252441
0.4177093506
0.3132781982
0.1740417480
0.4177093506
-0.2436676025
0.1740417480
0.4611511230
-0.1729278564
0.0000000000
0.1152801514
0.1729278564
-0.6340789795
-0.2882232666
-0.3458557129
0.0000000000
0.0000000000
0.4954071045
0.1238555908
0.1238555908
-0.1238555908
0.1238555908
-0.1238555908
0.5973968506
-0.0919036865
-0.4135894775
-0.2297668457
-0.5744323730
0.2067871094
0.1378631592
0.0459594727
-0.2429504395
-0.3644256592
-0.7288513184
0.0000000000
0.1822052002
-0.0607299805
-0.2429504395
-0.2429504395
-0.1064758301
-0.1064758301
-0.1064758301
0.1064758301
-0.1064758301
0.0000000000
0.0000000000
0.0000000000
-0.0462951660
-0.0925903320
-0.0925903320
-0.9259033203
-0.0925903320
-0.0925903320
0.1851806641
0.0462951660
-0.0897979736
0.9577941895
-0.0897979736
0.0897979736
0.1496582031
0.0598602295
0.0000000000
0.0598602295
0.2400054932
-0.1199951172
0.0000000000
-0.1199951172
-0.1199951172
0.0000000000
0.1199951172
0.1199951172
0.1677398682
0.5591125488
-0.1118164062
0.3913726807
0.3354644775
-0.4472961426
0.2795562744
0.0000000000
0.2349853516
-0.3916473389
0.0000000000
-0.3133239746
-0.1566619873
0.5483093262
0.0783233643
-0.3916473389
-0.1229095459
-0.0307312012
0.0000000000
0.9524993896
0.0000000000
0.0921783447
0.1843566895
-0.0614471436
0.0244598389
0.9784851074
0.0489196777
-0.0244598389
-0.0489196777
-0.0489196777
0.1223144531
0.0000000000
-0.1836395264
0.1101837158
0.8079986572
-0.2938232422
-0.2570953369
-0.0734558105
-0.1836395264
0.2570953369
-0.1152801514
-0.8070068359
0.1152801514
-0.0576477051
-0.0576477051
-0.4035034180
0.1152801514
-0.1729278564
0.8890228271
0.1367797852
-0.0341949463
0.1367797852
0.2051544189
0.2393493652
-0.0683898926
0.1709594727
0.0000000000
0.0588226318
0.0000000000
0.0000000000
0.0000000000
0.0000000000
0.0000000000
0.0000000000
0.1113433838
0.1113433838
0.1113433838
0.1113433838
0.0000000000
0.1113433838
-0.1113433838
0.0000000000
0.0000000000
0.9749603271
-0.0635833740
0.0000000000
-0.0211944580
0.0847778320
-0.0847778320
0.1271667480
0.0594635010
0.0000000000
-0.2378540039
0.9216918945
-0.0892028809
0.0000000000
0.1783905029
-0.1486663818
-0.1156768799
-0.3470153809
0.0000000000
0.1156768799
-0.8096923828
0.0578308105
-0.2891693115
0.0000000000
-0.2945098877
0.0000000000
-0.1963348389
-0.0981750488
0.5890197754
0.2945098877
0.0000000000
0.2945098877
0.4040222168
0.2424163818
-0.4040222168
0.0808105469
-0.2424163818
0.5656433105
0.0808105469
0.0000000000
0.0000000000
0.0000000000
0.2393341064
-0.1196746826
0.0000000000
-0.2393341064
0.4786834717
0.2393341064
0.8632202148
0.0575408936
-0.1150970459
0.1150970459
0.0000000000
0.2877349854
0.1726379395
-0.0575408936
0.0241394043
-0.0482788086
0.9172821045
-0.0241394043
-0.0724182129
0.2655334473
-0.0482788086
-0.2413940430
0.0000000000
0.1113433838
0.1113433838
-0.1113433838
0.1113433838
0.1113433838
-0.1113433838
0.0000000000
-0.0668487549
0.1002655029
0.2673645020
0.1336822510
0.0334167480
0.2005310059
-0.9023590088
-0.0668487549
-0.4008636475
0.0000000000
-0.6299133301
-0.3435974121
0.0572662354
0.3435974121
0.2863311768
-0.1145324707
0.0000000000
0.8009643555
-0.4958343506
0.0762786865
-0.0762786865
-0.2288513184
0.0000000000
-0.0381469727
0.0785675049
0.0000000000
0.0000000000
0.0000000000
0.0000000000
0.0000000000
0.0000000000
-0.0785675049
-0.1687774658
-0.0843963623
0.3375549316
-0.0843963623
-0.1687774658
0.6751251221
0.3375549316
0.0000000000
0.3365631104
0.5328979492
0.3365631104
0.3646087646
0.1121826172
0.4487609863
-0.1963348389
0.2804718018
0.4135742188
-0.1378631592
0.0459594727
-0.0919036865
0.0919036865
-0.6892852783
-0.4135742188
-0.2757110596
0.0000000000
-0.1243286133
0.3729858398
0.0000000000
0.1243286133
-0.1243286133
0.0000000000
0.1243286133
0.4827270508
-0.1135864258
-0.3975372314
-0.0567932129
-0.7098846436
0.1987762451
0.1419830322
0.0567932129
-0.0990600586
-0.1981048584
-0.8914794922
-0.0495300293
0.0990600586
-0.0495300293
-0.1981048584
-0.1485748291
0.0000000000
0.0000000000
0.0000000000
0.0588226318
0.0000000000
0.0000000000
0.0000000000
0.0000000000
0.0371246338
-0.0742645264
-0.0371246338
-0.9653625488
0.0000000000
-0.0371246338
0.1113891602
0.0371246338
-0.1235504150
0.9574737549
-0.0926666260
0.1235504150
0.0926666260
0.0308837891
0.0617675781
0.0000000000
0.2474365234
-0.2474365234
-0.1237182617
-0.1237182617
-0.1237182617
0.0000000000
0.1237182617
0.0000000000
0.1180572510
0.1770782471
-0.7083282471
0.2951354980
0.2361145020
-0.2361145020
0.1180572510
0.3541564941
0.3387451172
-0.2540588379
-0.1693725586
-0.2540588379
0.0846862793
0.5928039551
0.0846862793
-0.3387451172
-0.2311096191
-0.0288848877
0.0577850342
0.9244537354
-0.0577850342
0.0577850342
0.2022247314
-0.1155548096
0.0855712891
0.9626617432
0.0213928223
0.1283569336
-0.0855712891
0.0213928223
0.1497497559
0.0641784668
-0.2072906494
0.1381988525
0.6909637451
-0.2072906494
-0.2072906494
0.0000000000
-0.4145812988
0.2072906494
-0.1000061035
-0.6999969482
0.0000000000
-0.1000061035
-0.1999969482
-0.3000030518
0.0000000000
0.0000000000
0.8608856201
0.0688781738
-0.0344390869
0.3099212646
0.1377410889
0.2754821777
-0.0688781738
0.1377410889
0.0000000000
0.0000000000
0.2400054932
0.0000000000
0.0000000000
0.0000000000
-0.1199951172
-0.2400054932
0.1034240723
-0.2068481445
0.2068481445
0.0000000000
-0.2068481445
-0.6205291748
0.2068481445
-0.2068481445
0.0319671631
0.9591674805
0.0639495850
-0.0639495850
0.0319671631
-0.1918334961
0.0000000000
0.0000000000
0.0814514160
0.0162963867
-0.4235534668
0.7493743896
0.0488739014
-0.0325775146
0.1303253174
-0.4724273682
0.5070800781
-0.2304840088
-0.4148864746
0.0460968018
-0.2765808105
-0.0921936035
0.5992736816
0.0460968018
-0.2011871338
0.4694366455
0.6706237793
0.2682495117
-0.1341247559
-0.0670623779
-0.2011871338
0.0670623779
-0.1419525146
0.6151428223
-0.3312225342
-0.0473175049
-0.5205078125
0.2365875244
-0.2839050293
0.0946350098
-0.1590728760
-0.3976898193
-0.6363220215
-0.1590728760
0.2386169434
-0.0795440674
-0.0795440674
-0.3181610107
0.9431152344
-0.0533905029
0.0889739990
-0.0533905029
-0.1779479980
0.0177917480
-0.2313232422
-0.0355834961
0.0000000000
-0.0910491943
0.9712524414
0.1213989258
-0.0303497314
0.1365814209
-0.0303497314
-0.0758819580
-0.7109985352
0.3554992676
0.0507812500
0.0507812500
0.4570770264
-0.1523590088
0.1523590088
0.1523590088
-0.1573028564
0.0262145996
0.0000000000
0.1179656982
0.0655364990
0.0917510986
-0.9699859619
-0.0393218994
-0.3388214111
0.1129455566
0.0000000000
0.0000000000
-0.2258758545
-0.4517517090
-0.3388214111
0.1129455566
-0.0169372559
0.9821929932
-0.1524047852
0.0000000000
0.0169372559
0.0338745117
0.0000000000
0.0338745117
-0.1166229248
-0.3498535156
0.0000000000
0.3498535156
-0.1166229248
-0.2332305908
-0.1166229248
-0.3498535156
-0.1178436279
0.2357025146
0.3535461426
0.1178436279
-0.2357025146
0.2357025146
-0.3535461426
0.0000000000
0.4551544189
0.2844696045
0.3982696533
0.5120544434
0.2275848389
0.1137847900
-0.0569000244
0.3413696289
0.7765045166
-0.2329559326
0.0000000000
-0.1164703369
-0.0388183594
-0.3882446289
0.3494262695
0.0776519775
0.0874786377
0.1749572754
-0.7873382568
0.0000000000
-0.1749572754
-0.0874786377
0.1749572754
0.0874786377
0.8221588135
0.0783081055
0.0000000000
-0.4306640625
-0.1174468994
-0.1957550049
-0.1566009521
-0.0783081055
-0.1154785156
0.0000000000
0.8660888672
0.2309570312
0.1732177734
0.0000000000
0.1732177734
-0.1154785156
0.0000000000
0.0000000000
0.0000000000
-0.1216278076
0.1216278076
0.0000000000
-0.2432556152
0.2432556152
0.0249023438
-0.0996246338
-0.0747222900
-0.9713134766
-0.0747222900
-0.0498046875
0.0498046875
0.0996246338
0.1128997803
0.9032135010
-0.2257995605
0.2822570801
-0.0846710205
0.0846710205
-0.0282287598
0.0000000000
-0.5317077637
0.5629730225
0.1251068115
0.4378662109
0.1251068115
-0.2814941406
-0.0625457764
0.2502136230
-0.0690765381
0.2072296143
0.8634490967
0.0345306396
0.0690765381
-0.2072296143
0.2072296143
-0.2763061523
-0.3273620605
-0.4583129883
0.1309509277
0.1964111328
0.1964111328
-0.5237884521
0.1309509277
-0.3928375244
0.1082305908
-0.0721588135
0.2525329590
0.9019012451
0.0360717773
-0.1443023682
0.1443023682
0.1443023682
0.0000000000
0.1242218018
0.2484588623
0.0000000000
0.1242218018
-0.3726806641
-0.1242218018
0.2484588623
0.4342041016
0.4755554199
0.3721771240
-0.0827026367
-0.0827026367
0.4962310791
-0.3721771240
-0.1860809326
0.0569000244
-0.9674072266
0.0853576660
0.0569000244
0.0284576416
-0.0569000244
-0.0853576660
0.1138153076
0.8649139404
0.0000000000
-0.0455169678
-0.0910491943
0.2276153564
-0.0455169678
-0.3186492920
0.1365661621
-0.1237182617
-0.1237182617
0.2474365234
0.0000000000
0.0000000000
0.1237182617
0.1237182617
-0.2474365234
-0.0972900391
-0.1945648193
0.2918548584
0.0972900391
-0.1945648193
-0.6809997559
-0.0972900391
-0.0972900391
0.1055908203
0.8446960449
0.0000000000
0.0000000000
-0.1055908203
-0.3695526123
-0.1055908203
0.1583862305
0.1333312988
0.0166625977
-0.4666595459
0.7666625977
0.0166625977
-0.0500030518
0.1333312988
-0.3833312988
0.5303192139
-0.3535461426
-0.1178436279
-0.0589294434
-0.2946319580
0.1178436279
0.5892486572
-0.1178436279
-0.0608520508
0.2433929443
0.5476379395
0.1217041016
0.4259490967
0.5476379395
0.0608520508
0.1217041016
0.0000000000
0.4155578613
-0.6233367920
-0.1385192871
-0.3462982178
0.2770385742
-0.1385192871
0.2077789307
-0.2931823730
-0.3908996582
-0.2931823730
-0.0977325439
0.3908996582
0.0000000000
0.2931823730
0.2931823730
0.9221954346
-0.0401000977
0.0601501465
-0.0200500488
-0.2405700684
0.0601501465
-0.2606201172
-0.0401000977
0.0519409180
-0.1904449463
0.9002990723
0.2077636719
0.0692596436
0.2597045898
-0.1212005615
-0.1038818359
-0.5567321777
0.3479614258
-0.0695953369
0.0695953369
0.4871520996
-0.1391906738
0.3479614258
0.1391906738
-0.2496643066
0.1248321533
0.0832214355
0.2496643066
0.1248321533
0.2288665771
-0.8530426025
-0.2080535889
-0.3480072021
0.0000000000
0.1159973145
0.0000000000
-0.1159973145
-0.4640045166
-0.2320098877
0.2320098877
0.0621337891
0.9527435303
-0.2485351562
0.0828399658
0.0414276123
-0.0207061768
0.0000000000
-0.0621337891
-0.1202545166
-0.2405242920
0.0000000000
0.3607788086
0.0000000000
-0.2405242920
-0.1202545166
0.3607788086
0.0000000000
0.4076843262
0.3057556152
0.1019134521
-0.1019134521
0.2038421631
-0.5095977783
-0.2038421631
0.2082824707
0.4859771729
0.4165496826
0.3471221924
0.2082824707
0.0694274902
0.2082824707
0.4165496826
0.7697143555
-0.2199249268
-0.0366516113
-0.1099548340
0.0733032227
-0.3665313721
0.4031829834
0.0000000000
0.1190643311
0.1190643311
-0.5953521729
0.0000000000
-0.1190643311
0.0000000000
0.1190643311
-0.1190643311
0.5024108887
0.1674652100
0.0000000000
-0.6698913574
-0.3768157959
-0.2093353271
-0.1674652100
0.0000000000
-0.1543426514
-0.0771789551
0.5402069092
0.2315216064
0.4630279541
-0.0771789551
0.2315216064
-0.3858642578
-0.1216278076
0.0000000000
-0.1216278076
-0.1216278076
0.1216278076
0.1216278076
-0.1216278076
0.2432556152
0.0996704102
-0.1993255615
-0.0996704102
-0.8471527100
-0.1993255615
-0.0498352051
0.0996704102
0.2989959717
0.0776519775
0.8541412354
-0.2717742920
0.2717742920
-0.0776519775
0.1553039551
-0.1164703369
0.1553039551
-0.5199279785
0.5671844482
0.2363281250
0.3781280518
0.0945281982
-0.2363281250
-0.1890563965
0.1890563965
-0.1981048584
0.1485748291
0.8419494629
0.0495300293
0.0990600586
-0.0990600586
0.1981048584
-0.2971649170
-0.2595672607
-0.5191192627
0.0000000000
0.0000000000
0.0865173340
-0.3460845947
0.0865173340
-0.5191192627
0.1616363525
-0.0808105469
0.1616363525
0.8889770508
0.0404052734
-0.2020416260
0.1212310791
0.2020416260
0.1790008545
-0.7159881592
0.2684936523
0.0000000000
0.1790008545
-0.1790008545
-0.1790008545
0.0894927979
0.3723297119
0.5791931152
0.4343872070
-0.0206909180
-0.1447906494
0.3102722168
-0.4137115479
-0.1861724854
0.0962677002
-0.9626159668
0.0962677002
0.0000000000
0.0000000000
-0.1283416748
0.0320892334
0.0641784668
0.8555755615
0.1629638672
-0.0814819336
0.0000000000
0.2444458008
-0.0407409668
-0.2444458008
0.2444458008
-0.1245422363
-0.2490844727
0.1245422363
0.1245422363
0.0000000000
0.2490844727
0.2490844727
-0.2490844727
-0.2393341064
-0.1196746826
0.1196746826
0.1196746826
-0.1196746826
-0.4786834717
-0.2393341064
-0.1196746826
0.3117980957
0.0000000000
-0.2078704834
0.0000000000
0.0000000000
-0.3117980957
-0.3117980957
0.5196685791
0.2397918701
-0.0239715576
-0.5035552979
0.6714172363
-0.0719299316
-0.0959167480
0.2397918701
-0.3836669922
0.5970001221
-0.5117034912
-0.0852813721
-0.0852813721
-0.1705627441
0.1705627441
0.1705627441
-0.1705627441
-0.0739746094
0.1479644775
0.3698883057
-0.0739746094
0.4438781738
0.6658172607
0.0000000000
0.0739746094
0.0663299561
0.4642791748
-0.3979492188
0.0000000000
-0.5306091309
0.3979492188
0.1326446533
0.1326446533
-0.3630828857
-0.2178497314
0.0726165771
-0.1452331543
0.2904663086
-0.0726165771
0.4356994629
0.5809326172
0.7252197266
0.0000000000
-0.0853118896
0.1279754639
-0.3839416504
0.2133026123
-0.4265899658
-0.1279754639
0.1004943848
-0.2010040283
0.8643188477
0.1607971191
0.0803985596
0.3417053223
-0.1206054688
-0.1607971191
-0.2477111816
0.2477111816
0.0000000000
0.0000000000
0.2477111816
0.0000000000
0.3715667725
0.0000000000
-0.4104156494
0.4104156494
0.3357849121
0.3357849121
0.2238616943
0.4104156494
-0.1865539551
-0.3730926514
0.0000000000
0.0000000000
0.5917053223
0.0986175537
0.2958526611
-0.3944702148
-0.1972351074
0.0986175537
0.0722045898
0.8663940430
-0.3248901367
0.1443939209
-0.1082916260
-0.1082916260
-0.0722045898
-0.2165985107
0.0000000000
-0.1228332520
0.0000000000
0.2456817627
0.0000000000
-0.1228332520
-0.1228332520
0.2456817627
0.0000000000
0.4640045166
0.3480072021
0.0000000000
0.1159973145
0.2320098877
-0.2320098877
-0.1159973145
0.1456146240
0.5096435547
0.5096435547
0.1456146240
0.1456146240
0.1456146240
0.2912292480
0.3640289307
0.7479553223
-0.2804870605
-0.0467529297
0.0000000000
0.1869964600
-0.3739776611
0.2804870605
-0.1869964600
0.1150360107
0.0000000000
0.0000000000
-0.1150360107
0.0000000000
0.1150360107
0.0000000000
-0.2300720215
0.4606781006
0.2126159668
-0.2834930420
-0.4961090088
-0.6024169922
0.0354309082
0.0000000000
0.1063079834
-0.0802917480
-0.2408752441
-0.3211669922
0.1605834961
0.6423339844
-0.0802917480
0.0802917480
-0.4014587402
-0.1113433838
0.0000000000
-0.1113433838
0.0000000000
0.1113433838
0.1113433838
-0.1113433838
0.1113433838
0.2945098877
-0.2945098877
-0.3926696777
0.3926696777
0.0000000000
0.0000000000
0.2945098877
0.2945098877
-0.0637359619
0.8285064697
-0.2549285889
0.0637359619
-0.1274566650
0.1911926270
-0.1274566650
0.1911926270
-0.3636779785
0.5455017090
0.1818389893
0.3636779785
0.0000000000
-0.2727508545
-0.1818389893
0.0909118652
-0.1863403320
0.3726806641
0.3726806641
0.2795104980
0.2795104980
-0.0931701660
0.3726806641
-0.2795104980
0.1049804688
-0.6298675537
0.0000000000
-0.2099609375
0.0000000000
0.2099609375
0.0000000000
-0.3149414062
0.2637481689
-0.2197875977
-0.0439605713
0.7912292480
0.0000000000
-0.2197875977
0.2197875977
0.3077087402
0.0670623779
-0.8718109131
0.0670623779
-0.1341247559
0.0000000000
-0.1341247559
-0.2011871338
0.0670623779
0.1925201416
0.6096496582
0.5133972168
-0.1283416748
-0.2566986084
0.0962677002
-0.4492187500
-0.0320892334
0.1097869873
-0.8783111572
0.1646881104
0.0000000000
-0.1097869873
-0.2195739746
0.1646881104
-0.0549011230
0.9243316650
0.0840301514
0.0000000000
-0.0840301514
0.1680603027
0.0000000000
-0.0420227051
0.2100830078
0.0000000000
-0.1150360107
0.0000000000
0.0000000000
0.1150360107
0.0000000000
0.2300720215
-0.1150360107
-0.1199951172
0.0000000000
-0.1199951172
0.1199951172
-0.1199951172
-0.2400054932
-0.1199951172
0.0000000000
0.3856964111
-0.4821166992
-0.0964202881
0.0000000000
0.2892761230
-0.0964202881
-0.1928405762
0.3856964111
0.2821655273
-0.1612396240
-0.3627929688
0.5643310547
-0.2015533447
-0.1612396240
0.4030914307
-0.4030914307
0.3214111328
-0.4285430908
-0.2142791748
-0.2142791748
0.0000000000
0.2142791748
-0.2142791748
-0.3214111328
-0.2514190674
0.1676177979
0.3352355957
-0.1676177979
0.4190521240
0.5866699219
0.0000000000
0.0838165283
0.0689392090
0.5514678955
-0.0689392090
0.0689392090
-0.6204071045
0.2757263184
0.2068023682
0.1378631592
-0.3711395264
-0.1855621338
0.0927886963
-0.0927886963
0.2783508301
0.0000000000
0.4639129639
0.4639129639
0.4525146484
0.0754241943
-0.1508331299
0.1508331299
-0.4525146484
0.3016815186
-0.4525146484
-0.2262573242
0.0891571045
-0.0891571045
0.8321228027
-0.0891571045
0.0594329834
0.3863525391
-0.1188812256
-0.2971954346
0.1238555908
0.0000000000
0.1238555908
-0.2477111816
-0.3715667725
0.1238555908
0.1238555908
-0.2477111816
-0.4194183350
0.3774719238
0.3774719238
0.2097015381
0.2935943604
0.4194183350
0.3355255127
-0.2516479492
0.1687774658
0.0000000000
0.5063476562
0.1687774658
0.3375549316
-0.5063476562
-0.2531738281
0.0843963623
0.0617675781
0.7411956787
-0.3088378906
0.0617675781
-0.1853027344
-0.1235351562
-0.1853027344
-0.3705902100
0.0000000000
0.0000000000
0.1249389648
0.1249389648
-0.2498626709
-0.2498626709
0.1249389648
0.2498626709
-0.1159973145
0.2320098877
0.1159973145
-0.1159973145
0.2320098877
-0.2320098877
-0.2320098877
0.4640045166
0.3154449463
0.5783233643
0.4731750488
0.2102966309
0.2102966309
0.3680267334
-0.0525817871
0.1577301025
0.6647491455
-0.2769775391
0.0000000000
0.0553894043
0.1661834717
-0.4431610107
0.0553894043
-0.3877716064
-0.1237182617
0.0000000000
0.2474365234
0.0000000000
0.1237182617
0.1237182617
-0.1237182617
-0.2474365234
0.4898986816
0.0773468018
-0.3867645264
-0.3867645264
-0.5930328369
0.1804809570
0.1804809570
0.1289215088
-0.1620330811
-0.3240509033
-0.7561187744
0.1080169678
0.2160339355
0.1080169678
-0.1620330811
-0.3240509033
-0.1178436279
0.0000000000
-0.1178436279
0.0000000000
-0.1178436279
0.0000000000
-0.1178436279
0.2357025146
0.0000000000
0.0000000000
-0.1566619873
0.8616333008
0.0783233643
0.0783233643
0.0783233643
0.0783233643
0.0000000000
0.8296203613
-0.2262573242
-0.2262573242
-0.0754241943
0.0754241943
0.0754241943
0.0000000000
-0.1249389648
0.3748321533
0.1249389648
0.1249389648
0.1249389648
-0.2498779297
0.0000000000
0.0000000000
0.1572875977
0.3670196533
-0.5243072510
0.3145904541
0.3145904541
-0.3145904541
0.4194488525
0.0524291992
0.1653594971
-0.6614379883
0.0826873779
-0.1653594971
-0.0826721191
0.4133911133
0.1653594971
-0.2480316162
0.2573699951
-0.2573699951
-0.1286773682
0.8149871826
-0.0857849121
-0.0857849121
0.2573699951
0.2144775391
0.2386169434
-0.4772338867
0.0000000000
-0.3976898193
0.4772338867
0.0000000000
-0.2386169434
-0.2386169434
-0.1290283203
0.4516296387
0.5161437988
-0.3225860596
-0.1935577393
-0.3871002197
-0.2580718994
0.1290283203
0.0756378174
-0.8319549561
0.0756378174
0.0756378174
-0.1512603760
-0.1512603760
0.2268981934
0.0000000000
0.9378356934
0.0407714844
0.0000000000
-0.1223297119
0.1631011963
0.1223297119
0.0407714844
0.0815582275
0.0000000000
0.0000000000
0.0000000000
0.0000000000
0.0000000000
0.0000000000
0.2129516602
-0.1064758301
0.0000000000
0.0000000000
-0.1000061035
0.1000061035
0.0000000000
0.0000000000
-0.1000061035
0.1000061035
0.1487579346
0.8182067871
0.0000000000
0.0743865967
0.0743865967
0.0000000000
-0.1487579346
0.2975311279
0.0921020508
-0.0921020508
-0.2302398682
0.8288879395
-0.1841888428
0.0460510254
0.1841888428
-0.3223419189
0.2048339844
-0.4096679688
-0.3072509766
0.0000000000
-0.2048339844
0.3072509766
-0.1024169922
-0.4096679688
-0.1471710205
-0.1471710205
0.0000000000
-0.0735778809
0.4414978027
0.6622314453
0.0000000000
0.3679046631
0.0790557861
0.6323852539
0.0790557861
0.0000000000
-0.3952484131
0.3952484131
0.0790557861
0.2371520996
-0.1172332764
-0.1172332764
0.2344665527
0.1172332764
0.1172332764
0.0000000000
0.3517150879
0.4689483643
0.7443542480
0.0000000000
-0.0676727295
0.2030029297
-0.2706756592
0.3383483887
-0.1353454590
-0.2030029297
-0.0880889893
0.0880889893
0.7487182617
-0.4404296875
-0.0440368652
0.2642517090
0.0000000000
-0.3083038330
0.3674163818
0.0000000000
-0.1224670410
-0.2449493408
-0.3674163818
0.0000000000
0.0000000000
-0.1224670410
-0.3541564941
0.2951354980
0.4131927490
0.2951354980
0.2951354980
0.5312500000
-0.1180572510
-0.1770782471
0.0000000000
-0.3553924561
0.1184692383
0.0000000000
0.3553924561
-0.2369232178
-0.2369232178
-0.2369232178
-0.0555725098
0.8890533447
-0.2222595215
-0.0555725098
-0.1111297607
-0.1667022705
0.0000000000
-0.1111297607
0.0911560059
0.0911560059
0.0000000000
0.0000000000
-0.0911560059
0.0000000000
0.0000000000
0.0000000000
-0.1247863770
0.0000000000
0.2495727539
0.1247863770
-0.1247863770
0.1247863770
-0.1247863770
0.3743438721
0.2286834717
0.6288909912
0.4002075195
0.1715087891
0.1715087891
0.4573822021
-0.0571746826
0.1143493652
0.4075775146
-0.2328948975
-0.0582275391
-0.0582275391
0.1746673584
-0.6404724121
-0.2328948975
-0.4075775146
0.0000000000
-0.1000061035
0.1000061035
0.0000000000
0.1000061035
0.1000061035
0.0000000000
0.0000000000
0.5489807129
-0.0274505615
-0.3842926025
-0.2744903564
-0.6038818359
0.1921386719
0.1921386719
0.1098022461
-0.1767730713
-0.2357025146
-0.8249511719
0.0589294434
0.0589294434
0.0000000000
-0.2357025146
-0.2357025146
-0.1064758301
-0.1064758301
0.0000000000
0.1064758301
-0.1064758301
0.0000000000
0.0000000000
0.1064758301
-0.2307739258
-0.1153869629
-0.1153869629
0.5769195557
0.1153869629
0.2307739258
0.0000000000
0.0000000000
-0.0577392578
0.9238281250
-0.1154785156
-0.0577392578
0.0000000000
0.0000000000
0.1154785156
0.0577392578
0.0000000000
0.0000000000
0.0588226318
0.0000000000
0.0000000000
0.0000000000
0.0000000000
0.0000000000
0.2292785645
0.3209838867
-0.6419677734
0.2751312256
0.2751312256
-0.3209838867
0.2751312256
0.1834259033
0.0964202881
-0.5785369873
-0.0964202881
-0.1928405762
-0.1928405762
0.2892761230
0.0964202881
-0.3856964111
0.0751953125
-0.0751953125
-0.0751953125
0.9399719238
-0.0751953125
0.0000000000
0.1879882812
0.1127929688
0.1358642578
0.9057617188
0.1811523438
0.0452880859
0.1811523438
0.0000000000
0.0905761719
-0.1358642578
-0.2795104980
0.0000000000
0.3726806641
-0.3726806641
-0.1863403320
-0.4658508301
-0.0931701660
0.2795104980
0.0000000000
-0.6529235840
0.0000000000
0.1088256836
-0.2176361084
-0.1088256836
0.2176361084
0.1088256836
0.8823242188
0.1680603027
0.0000000000
0.0840301514
0.1680603027
0.2941131592
0.0840301514
0.0840301514
0.0000000000
0.0785675049
0.0000000000
-0.0785675049
0.0000000000
0.0000000000
0.0000000000
0.0000000000
0.1216278076
0.1216278076
-0.1216278076
-0.1216278076
0.1216278076
0.2432556152
0.0000000000
0.1216278076
0.0000000000
0.9528503418
-0.0762329102
0.0381164551
-0.0762329102
0.1143341064
-0.0762329102
0.1143341064
-0.0789642334
0.0000000000
-0.1579437256
0.9081420898
-0.2369079590
0.1579437256
0.0789642334
-0.0789642334
0.0000000000
-0.5302276611
0.0000000000
0.0000000000
-0.3181304932
0.3181304932
0.0000000000
-0.3181304932
-0.0815887451
-0.2447814941
-0.1631927490
0.0000000000
0.4895629883
0.0815887451
-0.0815887451
0.6527404785
0.2034759521
0.4747619629
0.2712860107
0.0000000000
-0.4069366455
0.5425872803
0.0678253174
0.2034759521
0.0000000000
-0.1178436279
-0.1178436279
0.1178436279
0.0000000000
0.0000000000
0.1178436279
0.2357025146
0.5095977783
0.2038421631
0.0000000000
0.1019134521
-0.2038421631
0.3057556152
0.4076843262
0.1019134521
-0.0456237793
0.2280883789
0.8667144775
-0.2736968994
-0.0456237793
0.0912322998
-0.0912322998
-0.1824645996
0.3743438721
0.1247863770
-0.1247863770
0.0000000000
-0.2495727539
0.1247863770
-0.1247863770
0.1247863770
-0.2360687256
0.0944213867
0.3304901123
0.1888580322
0.0472106934
0.3777008057
-0.7554168701
-0.0472106934
-0.1928405762
-0.4821166992
-0.3856964111
-0.3856964111
0.0000000000
0.2892761230
0.0964202881
-0.0964202881
-0.1097869873
0.8234100342
-0.3842620850
0.0000000000
-0.1097869873
-0.2195739746
0.0549011230
0.0000000000
0.2226867676
0.1113433838
0.0000000000
0.0000000000
0.0000000000
0.0000000000
0.0000000000
-0.1113433838
0.0000000000
-0.4717712402
0.1887054443
0.0943603516
-0.1887054443
0.4717712402
0.2830657959
0.2830657959
0.1554107666
0.4662475586
0.3108367920
0.3885345459
0.0777130127
0.5439605713
-0.3496856689
0.1942749023
0.0000000000
-0.2712249756
0.2169799805
-0.1627349854
0.2169799805
-0.7052001953
-0.3254699707
-0.3254699707
0.0000000000
-0.2495727539
0.3743438721
-0.1247863770
0.1247863770
0.1247863770
-0.1247863770
0.1247863770
0.5450592041
-0.0726776123
-0.3997039795
-0.1816864014
-0.5813903809
0.2180175781
0.2543640137
0.1090087891
-0.1561889648
0.0000000000
-0.8590393066
0.0780944824
-0.0780944824
0.0780944824
-0.0780944824
-0.0780944824
-0.1064758301
-0.1064758301
0.0000000000
0.1064758301
0.0000000000
-0.1064758301
0.1064758301
0.0000000000
-0.0939483643
-0.1879119873
-0.0939483643
-0.7516326904
-0.1879119873
0.0000000000
0.0000000000
0.1879119873
0.0000000000
0.9569549561
-0.0869903564
0.0435028076
0.0435028076
0.0869903564
-0.0435028076
-0.0435028076
0.0785675049
0.0000000000
0.0000000000
0.0000000000
0.0000000000
0.0785675049
0.0000000000
0.0000000000
0.1712646484
0.1284484863
-0.8134918213
0.1284484863
0.2568969727
-0.1284484863
0.1284484863
0.3425292969
0.0000000000
-0.4717712402
-0.0943603516
-0.1887054443
-0.0943603516
0.2830657959
-0.0943603516
-0.5661315918
-0.0924377441
-0.0308074951
-0.0924377441
0.9552001953
-0.1232452393
0.0000000000
0.1232452393
0.0924377441
0.0957183838
0.9572296143
0.0957183838
0.1914520264
-0.0239257812
-0.0239257812
0.0957183838
0.0000000000
-0.1935577393
-0.4516296387
-0.1935577393
-0.3225860596
0.0645141602
-0.4516296387
0.0645141602
0.5161437988
0.0000000000
0.2474365234
-0.1237182617
-0.1237182617
-0.2474365234
0.0000000000
-0.1237182617
0.1237182617
0.9106292725
0.1011810303
0.0505981445
0.1011810303
0.1011810303
0.2023620605
0.1011810303
0.0505981445
-0.1219482422
0.1219482422
0.2438964844
-0.2438964844
-0.2438964844
0.1219482422
-0.1219482422
-0.3658599854
0.2307739258
-0.3461608887
0.1153869629
0.0000000000
-0.2307739258
-0.4615325928
0.1153869629
-0.1153869629
-0.2047271729
0.8189239502
-0.2047271729
0.2047271729
0.0000000000
-0.2559051514
-0.2047271729
0.1023712158
0.1330261230
0.0380096436
-0.4370727539
0.7031250000
0.0950164795
0.0380096436
0.1710357666
-0.4940948486
0.4079742432
-0.1631927490
0.2447814941
0.0000000000
0.0815887451
0.2447814941
0.6527404785
0.1631927490
-0.2105865479
0.0526428223
0.6317749023
0.0526428223
-0.2105865479
0.5791168213
-0.2632446289
-0.1053009033
-0.0884704590
0.3538970947
-0.0884704590
-0.0884704590
0.0884704590
0.7077941895
-0.2654266357
0.0000000000
-0.2428131104
-0.3642120361
-0.2428131104
0.1213989258
0.2428131104
0.0000000000
0.0000000000
0.2428131104
0.9631958008
-0.0653076172
-0.0489807129
0.0653076172
-0.1305999756
0.0489807129
-0.1795806885
-0.0326538086
-0.1229705811
-0.1076049805
0.9684143066
0.1537170410
0.0461120605
0.0153656006
-0.0307464600
-0.0307464600
-0.4398803711
0.2199401855
0.0000000000
0.2199401855
0.4398803711
-0.1099700928
0.0000000000
0.2199401855
-0.1134338379
0.0324096680
0.0648193359
0.0810241699
0.1782531738
0.1296386719
-0.9560852051
0.0648193359
-0.4787292480
-0.1595764160
0.6383056641
-0.0797882080
-0.0797882080
-0.2393646240
-0.1595764160
-0.1595764160
-0.0427398682
0.9617919922
-0.2351074219
-0.0427398682
0.0213775635
-0.0213775635
0.0000000000
0.0213775635
-0.2449493408
-0.2449493408
0.0000000000
0.2449493408
-0.1224670410
-0.3674163818
-0.1224670410
0.1224670410
0.0000000000
0.3748321533
0.1249389648
-0.1249389648
0.0000000000
0.2498779297
-0.1249389648
-0.1249389648
0.3254699707
0.5424652100
0.4882202148
0.1627349854
0.0000000000
0.4339599609
-0.0542449951
0.2169799805
0.7291564941
-0.2552032471
-0.0729217529
-0.2552032471
0.0000000000
-0.4739532471
0.2552032471
0.0000000000
0.0826873779
0.0000000000
-0.8267974854
0.0826873779
0.0826873779
-0.0826721191
0.1653594971
0.1653594971
0.6005096436
0.0818939209
-0.0545959473
-0.6550903320
-0.3002471924
-0.1091766357
-0.2183685303
0.1637725830
-0.2635955811
-0.1581573486
0.7380828857
0.2108764648
0.3163299561
-0.1054382324
-0.2108764648
-0.2635955811
-0.1178436279
-0.2357025146
0.0000000000
0.0000000000
-0.1178436279
0.0000000000
-0.1178436279
0.1178436279
0.2100067139
-0.2100067139
-0.2100067139
-0.8400421143
0.1575012207
0.1050109863
0.1575012207
0.1050109863
0.0362701416
0.8703765869
0.1813201904
0.1087951660
0.1450653076
0.2538604736
-0.2175903320
0.1450653076
-0.6249542236
0.5397338867
0.1420288086
0.3977050781
0.1136322021
-0.2272644043
0.1420288086
0.1704406738
0.0351715088
0.3165588379
0.7738037109
0.0351715088
0.0000000000
-0.1406860352
0.2462158203
-0.4220733643
-0.1621246338
-0.4053344727
-0.1621246338
0.1621246338
0.2431945801
-0.6485290527
0.1621246338
-0.1621246338
0.1068420410
-0.1780853271
0.1068420410
0.8903961182
-0.0712280273
-0.2849273682
0.0712280273
0.1424560547
-0.1790008545
0.0000000000
0.0000000000
-0.3579864502
0.0000000000
-0.5369873047
-0.2684936523
-0.4474945068
0.2972106934
0.5029754639
0.5487060547
-0.0914459229
-0.1143188477
0.4343872070
-0.3429412842
-0.1143188477
0.0000000000
-0.9790039062
-0.0271911621
-0.0543823242
0.0815887451
-0.0271911621
0.0815887451
0.0000000000
0.9410095215
0.0000000000
0.0495300293
0.0000000000
0.0000000000
-0.0990600586
-0.1485748291
0.0000000000
-0.1216278076
-0.1216278076
0.1216278076
-0.1216278076
-0.1216278076
0.1216278076
0.0000000000
-0.2432556152
0.0000000000
-0.2211151123
0.2211151123
0.1105499268
-0.3316650391
-0.5527648926
0.0000000000
-0.1105499268
-0.1414794922
0.7545776367
-0.1886444092
0.2829589844
-0.0471649170
-0.2358093262
-0.3301239014
0.2358093262
0.1211700439
0.0201873779
-0.5048522949
0.7673797607
0.0201873779
0.1211700439
0.1817474365
-0.2827148438
0.7026977539
-0.4216156006
-0.0702667236
-0.1405334473
-0.3513488770
-0.0702667236
0.0702667236
-0.0702667236
0.0000000000
-0.0706176758
0.4237060547
0.1412353516
0.0706176758
0.7767791748
0.0000000000
0.1412353516
0.1879119873
0.1879119873
-0.2818603516
-0.1879119873
-0.1879119873
0.5637359619
-0.0939483643
0.3758239746
-0.1202545166
-0.2405242920
0.2405242920
0.1202545166
0.2405242920
-0.1202545166
0.2405242920
0.3607788086
0.9220275879
-0.0709228516
-0.1182098389
0.1182098389
-0.1418457031
0.0945739746
-0.2364196777
-0.1182098389
-0.0521545410
-0.1216888428
0.9387359619
0.1912231445
0.1564483643
0.1043090820
-0.1216888428
-0.0695343018
0.0000000000
-0.1178436279
-0.1178436279
0.0000000000
0.1178436279
-0.1178436279
0.0000000000
0.2357025146
-0.3121490479
0.0936431885
0.2497253418
0.4370117188
0.4058074951
0.4994506836
-0.4370117188
-0.0624237061
-0.2078704834
-0.3117980957
0.2078704834
0.3117980957
0.2078704834
-0.5196685791
-0.1039276123
0.0000000000
0.0000000000
0.9373321533
-0.2643737793
-0.0720977783
0.0480651855
-0.1442108154
0.0480651855
-0.0480651855
-0.2283172607
-0.1141510010
0.1141510010
0.3424682617
-0.2283172607
-0.3424682617
-0.1141510010
0.3424682617
0.1219482422
0.3658599854
0.1219482422
-0.1219482422
0.2438964844
0.3658599854
0.0000000000
0.0000000000
0.2575988770
0.6697540283
0.4636840820
0.0000000000
0.0000000000
0.3606414795
0.1030426025
0.2060852051
0.7315979004
-0.2992858887
0.0332489014
-0.2660369873
0.0665130615
-0.4988098145
0.0665130615
-0.0997619629
0.1245422363
0.0000000000
-0.4981536865
0.0000000000
0.0000000000
0.0000000000
0.1245422363
-0.1245422363
0.5056457520
0.0632019043
-0.1580200195
-0.6636657715
-0.4108428955
-0.0316009521
-0.0948028564
0.2528228760
-0.4079742432
-0.1631927490
0.3263702393
0.2447814941
0.4079742432
0.0000000000
-0.0815887451
-0.4895629883
0.0000000000
-0.2474365234
0.1237182617
0.0000000000
0.1237182617
0.1237182617
-0.1237182617
0.2474365234
0.3636779785
-0.1818389893
-0.3636779785
0.0909118652
0.2727508545
0.1818389893
0.5455017090
0.0000000000
0.0000000000
0.8943023682
0.1596984863
0.0638732910
0.1916351318
0.1596984863
-0.1596984863
0.2235717773
-0.6475982666
0.5612487793
0.1295166016
0.3885498047
0.0000000000
-0.1726989746
0.0000000000
0.0863494873
-0.0600738525
0.3604736328
0.6007843018
0.1201629639
0.0600738525
-0.1201629639
0.4205474854
-0.4205474854
-0.3014221191
-0.6028289795
0.0000000000
0.0000000000
0.1004791260
-0.2009429932
0.2009429932
-0.3014221191
0.1666412354
-0.1333160400
0.0333251953
0.9331817627
0.0333251953
-0.1333160400
0.0999908447
0.1333160400
-0.0611877441
-0.6730651855
-0.0611877441
-0.3671264648
0.1835632324
-0.2447509766
-0.3059387207
-0.3059387207
0.2499847412
0.5499725342
0.6749725342
-0.1250000000
-0.0749969482
0.1499938965
-0.3249816895
-0.0999908447
0.0000000000
-0.9742126465
0.0324707031
-0.0324707031
0.0649414062
0.0324707031
0.0974273682
0.0000000000
0.9160308838
0.0796508789
0.0000000000
0.0796508789
0.1593170166
-0.0796508789
-0.1991424561
0.1593170166
-0.1247253418
-0.3741607666
0.1247253418
0.0000000000
0.0000000000
0.1247253418
0.1247253418
-0.1247253418
-0.2498779297
0.0000000000
0.1249389648
0.1249389648
-0.1249389648
-0.3748321533
-0.1249389648
0.0000000000
-0.0865020752
0.6055450439
-0.3027801514
0.3460235596
-0.0865020752
-0.0865020752
-0.3892822266
0.4325408936
0.1505279541
0.0000000000
-0.5118103027
0.7526702881
-0.1204223633
0.1806335449
0.2408599854
-0.1204223633
0.5164642334
-0.5164642334
-0.2213439941
-0.0737762451
-0.0737762451
-0.2951202393
-0.3688964844
0.0000000000
0.1301116943
-0.1951751709
-0.1301116943
0.0650634766
0.2602386475
0.7807006836
0.0000000000
0.3252868652
0.1109619141
0.3328857422
-0.1664428711
-0.1109619141
-0.6102905273
0.4993286133
0.0554809570
0.3328857422
-0.1172332764
0.0000000000
0.1172332764
-0.1172332764
0.1172332764
-0.2344665527
0.3517150879
0.4689483643
0.2063140869
-0.2063140869
-0.4126281738
0.3438568115
-0.2063140869
0.3438568115
-0.2750854492
-0.4813995361
0.0221710205
-0.1330718994
0.8871154785
0.1330718994
0.1774291992
0.2217712402
-0.1774291992
-0.2217712402
-0.1242218018
-0.4969024658
0.0000000000
-0.1242218018
0.0000000000
0.1242218018
-0.1242218018
0.0000000000
-0.3743743896
0.1361389160
0.2382354736
0.4084167480
0.3403472900
0.4764862061
0.4424438477
-0.2042083740
-0.1769409180
-0.2654266357
0.2654266357
0.1769409180
0.0884704590
-0.6193237305
0.0884704590
0.3538970947
0.0000000000
0.9208679199
-0.2232360840
-0.0558166504
-0.0837097168
-0.1953277588
-0.0279083252
-0.1674346924
0.0000000000
-0.1243286133
0.0000000000
0.1243286133
-0.1243286133
-0.1243286133
0.0000000000
0.3729858398
0.1034240723
0.4136962891
0.1034240723
0.0000000000
0.2068481445
0.3102722168
0.5171051025
0.1034240723
0.2751312256
0.6419677734
0.5044097900
0.1375732422
0.0000000000
0.3668365479
-0.0458526611
0.1834259033
0.5921020508
-0.3482971191
0.0348358154
-0.1393127441
0.2089843750
-0.5921020508
-0.2089843750
-0.1741485596
0.0000000000
0.1064758301
-0.1064758301
0.1064758301
0.0000000000
-0.1064758301
0.0000000000
-0.1064758301
0.5024108887
0.0528869629
-0.2379760742
-0.5288543701
-0.5817413330
0.0528869629
0.0000000000
0.2115478516
-0.1595764160
-0.3989410400
-0.4787292480
0.0000000000
0.3989410400
0.1595764160
0.1595764160
-0.3989410400
0.1178436279
-0.1178436279
0.0000000000
0.0000000000
0.0000000000
0.1178436279
-0.2357025146
0.1178436279
0.0966033936
0.0000000000
-0.1448974609
0.8694000244
0.2415008545
0.1448974609
0.1932067871
-0.1448974609
-0.0635833740
0.9538116455
0.0953826904
0.0000000000
0.0953826904
0.0953826904
-0.0317993164
0.1589660645
-0.4352722168
0.4352722168
0.0000000000
0.3264617920
0.1088256836
-0.1088256836
-0.2176361084
0.0000000000
-0.0888061523
0.0888061523
-0.3552398682
0.2664337158
0.2664337158
-0.3552398682
0.5328674316
0.1776275635
0.0000000000
-0.5738525391
0.1147766113
0.0000000000
0.0000000000
-0.1147766113
0.1147766113
-0.3443145752
0.2279205322
-0.1953582764
-0.1302337646
0.9116668701
0.0976715088
0.0000000000
0.1302337646
0.0325622559
0.0824432373
-0.8244628906
-0.0412292480
-0.3710021973
0.2061157227
-0.0824432373
-0.2061157227
-0.1648864746
0.0000000000
0.5345458984
0.6167755127
-0.3289489746
-0.2055969238
-0.2467041016
-0.2467041016
0.0822296143
0.1401977539
-0.8411865234
0.0000000000
0.0000000000
-0.0700988770
0.2803955078
0.1401977539
-0.0700988770
0.8575286865
0.0745697021
0.0000000000
0.0745697021
0.2982788086
0.0372772217
-0.2237091064
0.2609863281
0.0000000000
-0.2300720215
-0.1150360107
0.0000000000
0.0000000000
-0.1150360107
0.1150360107
0.0000000000
-0.1178436279
0.0000000000
-0.1178436279
0.1178436279
0.0000000000
-0.2357025146
-0.1178436279
0.0000000000
0.0535430908
0.5889739990
-0.3212585449
0.4283447266
0.0535430908
-0.1070861816
-0.2677154541
0.4283447266
0.1050109863
0.0000000000
-0.3675231934
0.6300354004
-0.4725189209
0.2100067139
0.3150177002
0.0000000000
0.4457702637
-0.5349121094
-0.3566131592
-0.1782989502
0.0891571045
0.0891571045
-0.1782989502
-0.1782989502
-0.1998443604
-0.1998443604
-0.2664642334
-0.1332397461
0.3997039795
0.5995483398
0.0666198730
0.3997039795
0.1057128906
0.5285644531
-0.0352325439
-0.1057128906
-0.6342926025
0.4580993652
0.0000000000
0.2114257812
-0.2595672607
0.2595672607
0.0865173340
-0.2595672607
0.0865173340
-0.2595672607
0.4326019287
0.5191192627
-0.6951751709
-0.1158599854
-0.2317199707
0.2317199707
-0.0579376221
0.2317199707
-0.1158599854
-0.4634552002
0.1296844482
-0.0972747803
0.7781372070
-0.0972747803
0.1296844482
0.3242187500
-0.2269592285
-0.3890686035
-0.5440979004
-0.3264617920
0.1088256836
-0.3264617920
0.0000000000
0.1088256836
-0.1088256836
-0.1088256836
-0.3489685059
0.1308593750
0.2617340088
0.3053588867
0.3053588867
0.3925933838
0.5670928955
-0.2617340088
-0.1475524902
-0.0737762451
0.3688964844
0.2213439941
0.1475524902
-0.6640167236
-0.0737762451
0.3688964844
0.0460052490
0.8280029297
-0.2299957275
0.0000000000
-0.1840057373
-0.1840057373
-0.1380004883
-0.3220062256
0.0000000000
0.0000000000
0.0000000000
0.1113433838
-0.1113433838
0.0000000000
0.0000000000
0.2226867676
0.0000000000
0.4352722168
0.0000000000
0.0000000000
0.2176361084
0.3264617920
0.3264617920
0.3264617920
0.3253936768
0.5287628174
0.4880981445
0.2033691406
0.1220245361
0.4474182129
-0.0813446045
0.2440490723
0.5359344482
-0.2858276367
-0.0357360840
-0.1071929932
0.2143707275
-0.5716705322
-0.4287567139
-0.1429138184
0.0000000000
0.0000000000
0.0000000000
0.1150360107
0.1150360107
0.0000000000
-0.1150360107
-0.2300720215
0.4957885742
0.0472106934
-0.2833099365
-0.4249572754
-0.6610412598
0.1416473389
0.0472106934
0.1180419922
0.0000000000
-0.4382324219
-0.7512359619
0.0626068115
0.0626068115
0.0626068115
0.0626068115
-0.3130187988
0.1000061035
0.0000000000
0.0000000000
-0.1000061035
0.0000000000
0.0000000000
-0.1000061035
0.1000061035
0.0406341553
-0.0812835693
-0.1219177246
0.9347381592
0.2032012939
-0.0406341553
0.0000000000
-0.0812835693
-0.0475921631
0.9517059326
0.0951690674
-0.0475921631
-0.0475921631
0.0475921631
0.0475921631
0.0000000000
0.1237182617
0.0000000000
0.1237182617
0.0000000000
0.3711547852
-0.1237182617
0.0000000000
0.0000000000
0.1084899902
-0.0542449951
-0.7594451904
0.2169799805
0.1627349854
-0.2169799805
0.2169799805
0.3797149658
0.2428131104
-0.4856262207
0.0000000000
0.0000000000
0.1213989258
0.0000000000
0.1213989258
-0.2428131104
0.2935791016
-0.1761474609
-0.1467895508
0.9100952148
-0.0293579102
0.0293579102
0.0587158203
0.0000000000
0.1918640137
-0.6715240479
0.0000000000
-0.3837280273
0.3837280273
-0.0479736328
-0.2877960205
-0.2398376465
-0.3298645020
0.2199096680
-0.0549774170
-0.2199096680
-0.1099548340
-0.7696685791
0.1099548340
0.2748870850
0.2806854248
-0.3742370605
0.0000000000
0.0000000000
-0.1871185303
0.6549224854
0.0000000000
-0.0935668945
0.8707427979
0.0696563721
0.0000000000
0.1044921875
0.2786407471
0.1741485596
-0.1393127441
0.2438049316
0.0000000000
-0.1000061035
0.0000000000
-0.1000061035
-0.1000061035
0.0000000000
0.1000061035
0.0000000000
-0.1178436279
0.0000000000
-0.2357025146
0.0000000000
0.1178436279
-0.1178436279
-0.1178436279
0.0000000000
0.0929870605
0.8833923340
-0.0464935303
0.2324676514
0.0464935303
-0.1394805908
-0.0929870605
0.2324676514
-0.0664672852
0.0000000000
-0.1994171143
0.7311859131
-0.3323516846
0.3988189697
0.0664672852
0.0000000000
0.2531738281
-0.5063476562
-0.2531738281
-0.0843963623
-0.2531738281
0.4219512939
0.0843963623
-0.3375549316
-0.0624847412
-0.2499237061
-0.1874389648
-0.2499237061
0.4998626709
0.4998626709
-0.1249694824
0.4373779297
0.1637878418
0.5323028564
0.0818939209
-0.1228332520
-0.4913482666
0.5732421875
-0.0409393311
0.2047271729
-0.1945648193
0.0972900391
0.1945648193
-0.0972900391
0.1945648193
-0.1945648193
0.3891448975
0.5837097168
-0.1616058350
-0.0808105469
-0.1616058350
0.3232269287
-0.1616058350
0.4040222168
-0.3232269287
-0.5656433105
0.2513580322
-0.1005401611
0.7037811279
-0.3016204834
0.0502777100
0.3016204834
-0.2010803223
-0.3518981934
-0.3572082520
-0.3572082520
0.1190643311
-0.3572082520
-0.1190643311
0.0000000000
0.0000000000
-0.1190643311
-0.1998443604
0.1998596191
0.1332397461
0.3997039795
0.3997039795
0.5329437256
0.3330841064
-0.1998443604
-0.2187805176
-0.3281707764
0.2187805176
0.0000000000
0.3281707764
-0.4375762939
0.0000000000
0.2187805176
0.0000000000
0.8713684082
-0.2489624023
0.0000000000
-0.1244812012
-0.0622406006
-0.1244812012
-0.1244812012
0.1064758301
0.1064758301
0.0000000000
0.0000000000
-0.1064758301
0.0000000000
-0.1064758301
0.1064758301
-0.0951690674
0.3806762695
0.1903381348
0.1903381348
-0.1903381348
0.5709991455
0.2855072021
0.0951690674
0.3723297119
0.4467926025
0.4095611572
0.2978515625
0.2233886719
0.4467926025
-0.1489257812
0.2978515625
0.3452911377
-0.1150970459
-0.0767364502
-0.1918334961
0.0767364502
-0.6905822754
-0.5371093750
-0.0767364502
0.1113433838
0.0000000000
-0.2226867676
0.0000000000
0.0000000000
0.0000000000
0.0000000000
-0.1113433838
0.5608062744
0.0801086426
-0.3204650879
-0.3471679688
-0.6142272949
0.1869354248
0.1335296631
0.0534057617
-0.0805511475
-0.4027404785
-0.6443786621
0.0000000000
-0.2416381836
-0.0805511475
0.1611022949
-0.3221893311
0.0000000000
-0.0911560059
0.0000000000
0.0911560059
-0.0911560059
0.0000000000
0.0000000000
0.0000000000
-0.1088256836
-0.1088256836
-0.2176361084
0.6529235840
0.1088256836
0.0000000000
-0.2176361084
0.0000000000
0.1315002441
0.8547973633
0.0000000000
-0.1315002441
-0.2630157471
0.1315002441
0.0657501221
0.0000000000
0.2300720215
-0.1150360107
0.0000000000
-0.1150360107
0.1150360107
0.0000000000
0.0000000000
0.0000000000
0.0927886963
-0.1391754150
-0.8350982666
0.1391754150
0.0927886963
-0.0463867188
0.0000000000
0.4175415039
0.1147766113
-0.2295379639
-0.1147766113
-0.2295379639
0.3443145752
-0.1147766113
0.1147766113
-0.4590759277
0.1756439209
-0.1254577637
-0.1003723145
0.9535369873
-0.0501861572
0.0752716064
0.0752716064
0.0000000000
0.2275390625
0.6067810059
0.3033905029
-0.0758514404
0.2275390625
-0.3792419434
0.0000000000
-0.3033905029
-0.3240509033
-0.1080169678
-0.3240509033
-0.2160339355
-0.1620330811
-0.6481018066
0.0540161133
0.4320678711
0.2120971680
0.1060485840
0.2120971680
0.1060485840
-0.2120971680
0.6362762451
0.1060485840
-0.1060485840
0.8516540527
0.1703338623
0.0425872803
0.1703338623
0.2129058838
0.2554931641
0.0000000000
0.2129058838
0.0000000000
-0.0785675049
0.0000000000
0.0000000000
-0.0785675049
0.0000000000
0.0000000000
0.0000000000
0.0000000000
0.0000000000
-0.1150360107
0.0000000000
0.1150360107
0.2300720215
0.0000000000
0.1150360107
0.0428924561
0.9436798096
0.0000000000
0.0857849121
0.0000000000
-0.1286773682
-0.0857849121
0.1286773682
-0.2100067139
0.1575012207
-0.0525054932
0.7875366211
-0.2625122070
0.3675231934
-0.1050109863
0.0525054932
0.3201599121
-0.4802398682
-0.2401123047
0.0800323486
-0.4001922607
0.4001922607
-0.0800323486
-0.2401123047
0.1812133789
-0.2416229248
-0.1812133789
-0.2416229248
0.5436553955
0.4228363037
-0.3624267578
0.3020324707
0.1661682129
0.4154205322
0.2492523193
-0.1661682129
-0.3738708496
0.6231231689
-0.1246185303
0.3323364258
-0.2019042969
-0.1009521484
0.0000000000
0.0000000000
0.4037933350
-0.1009521484
0.2019042969
0.6056976318
0.6210327148
0.2328948975
-0.0776367188
0.1552581787
-0.2328948975
0.3881530762
-0.1552581787
-0.3105163574
0.3264312744
-0.0544128418
0.8160858154
-0.1632232666
-0.1088104248
0.2720336914
-0.0544128418
-0.1088104248
0.0000000000
0.0000000000
0.0000000000
-0.2400054932
-0.2400054932
-0.1199951172
0.0000000000
0.0000000000
-0.3068847656
0.1534423828
-0.0767211914
0.3068847656
0.2301635742
0.6137847900
-0.3836212158
0.0767211914
-0.2153778076
-0.5384674072
-0.3230743408
-0.3230743408
0.1076965332
0.1076965332
0.0000000000
0.0000000000
-0.1615600586
0.8077850342
-0.4308166504
-0.0538482666
-0.1077117920
0.0000000000
0.0000000000
0.1615600586
0.1243286133
0.0000000000
0.1243286133
0.1243286133
-0.1243286133
-0.1243286133
-0.2486572266
0.2486572266
-0.0535430908
0.1606292725
0.2141723633
0.3748016357
-0.3212585449
0.6960601807
0.3212585449
0.0000000000
0.2951354980
0.4561157227
0.3487854004
0.4292755127
0.2146453857
0.4561157227
-0.3219604492
0.1341552734
0.0000000000
-0.1457519531
0.1457519531
-0.1943359375
0.1943359375
-0.7773437500
-0.4372558594
-0.0971679688
0.1064758301
-0.1064758301
0.1064758301
0.0000000000
0.1064758301
0.0000000000
0.0000000000
-0.1064758301
0.5663909912
0.0755157471
-0.3398284912
-0.3398284912
-0.5663909912
0.1510314941
0.2265625000
0.0377655029
-0.1099700928
0.0000000000
-0.5498504639
0.3299102783
-0.1099700928
-0.2199401855
0.2199401855
-0.1099700928
-0.2468566895
-0.3703002930
0.0000000000
0.1234283447
-0.2468566895
0.0000000000
0.2468566895
0.0000000000
-0.1705627441
0.0000000000
0.0000000000
-0.7675628662
-0.2558593750
-0.1705627441
-0.0852813721
0.1705627441
0.1210327148
0.8472137451
0.0605163574
-0.1815490723
-0.1815490723
0.2420654297
-0.1210327148
0.0605163574
0.2226867676
0.0000000000
0.0000000000
0.0000000000
-0.1113433838
0.0000000000
-0.1113433838
0.0000000000
-0.0471649170
-0.1414794922
-0.8017272949
0.0000000000
0.0471649170
0.1886444092
-0.0471649170
0.4716033936
0.0000000000
-0.2695465088
-0.0898437500
-0.2695465088
0.3593902588
-0.0898437500
-0.1796875000
-0.6289367676
0.0764160156
-0.0955200195
-0.0764160156
0.9742889404
-0.0764160156
0.0573120117
0.0573120117
0.0764160156
0.1395721436
0.8723297119
0.1744689941
0.1046752930
-0.1395721436
-0.3140411377
0.1395721436
-0.0348968506
-0.2136840820
-0.3419036865
-0.1282196045
-0.3419036865
-0.1709442139
-0.3846435547
0.0000000000
0.6838073730
0.0000000000
0.6999969482
0.1000061035
0.1999969482
0.0000000000
0.3000030518
0.0000000000
-0.1000061035
0.9426422119
0.1508178711
0.0754089355
0.0000000000
0.1131134033
0.1131134033
0.0754089355
0.0754089355
-0.1178436279
-0.1178436279
0.2357025146
0.0000000000
-0.1178436279
0.0000000000
0.0000000000
-0.1178436279
0.2945098877
-0.3926696777
0.1963348389
-0.0981750488
-0.2945098877
-0.3926696777
0.2945098877
-0.1963348389
-0.1639404297
0.9367980957
-0.1639404297
0.1639404297
0.0234222412
-0.0702667236
-0.1170959473
0.0702667236
0.2520904541
-0.0458374023
-0.5958251953
0.5041656494
0.1604156494
-0.0916595459
0.2062530518
-0.4812469482
-0.0592346191
-0.1777038574
0.2961730957
0.3553924561
0.3553924561
-0.5923309326
-0.3553924561
0.1777038574
-0.1576080322
-0.1576080322
0.2364196777
-0.2364196777
-0.4728393555
0.0000000000
-0.5516510010
-0.3152313232
-0.0792999268
0.5550537109
0.0792999268
0.2378845215
-0.6343383789
0.0792999268
0.0000000000
0.0000000000
0.1159973145
-0.3480072021
0.0000000000
0.1159973145
0.2320098877
0.4640045166
0.0000000000
0.2320098877
0.9492187500
-0.1095275879
0.0182495117
0.1277770996
-0.1277770996
0.1642913818
-0.1277770996
0.0000000000
-0.1411437988
-0.1097717285
0.9252624512
0.2822875977
0.0784149170
-0.1254577637
-0.0156860352
0.0470428467
-0.2474365234
-0.1237182617
0.1237182617
-0.1237182617
0.1237182617
-0.2474365234
0.0000000000
0.0000000000
-0.0808563232
0.0808563232
0.2021484375
0.0000000000
0.1415100098
0.0808563232
-0.9501037598
0.0606384277
-0.2308349609
-0.1539001465
0.7694702148
0.0769500732
-0.2308349609
-0.1539001465
0.1539001465
0.1539001465
-0.0172882080
0.9509582520
-0.2420654297
-0.0518646240
0.0172882080
-0.0691528320
-0.0172882080
-0.1383209229
-0.2459411621
0.0000000000
-0.1229705811
0.1229705811
0.0000000000
-0.1229705811
0.0000000000
-0.4918823242
0.2490844727
0.0000000000
0.0000000000
-0.1245422363
0.0000000000
-0.1245422363
-0.2490844727
0.3736267090
0.2801666260
0.5253143311
0.5603485107
0.0350189209
0.0000000000
0.4902954102
-0.1751098633
0.1400909424
0.5185546875
-0.3889160156
-0.2160644531
-0.2592773438
0.0864257812
-0.6049804688
-0.0432128906
-0.1728515625
0.1190643311
0.0000000000
-0.5953521729
0.1190643311
0.0000000000
-0.1190643311
0.1190643311
0.1190643311
0.5493164062
0.0955352783
-0.1910705566
-0.6209564209
-0.3582458496
0.0716552734
-0.2149505615
0.2627105713
-0.3957214355
-0.1130676270
0.6783752441
-0.3391876221
-0.1130676270
0.1695861816
0.1695861816
-0.2826538086
0.0000000000
-0.1000061035
0.1000061035
0.0000000000
0.0000000000
0.0000000000
0.1000061035
0.1000061035
-0.0656127930
-0.3936767578
-0.2624511719
-0.7217407227
0.1312255859
0.2624511719
0.1312255859
0.0656127930
-0.0482177734
0.9162139893
0.1928863525
-0.0241088867
0.2411041260
0.1205596924
-0.1205596924
0.1205596924
-0.6806030273
0.4656677246
0.0716400146
0.3582153320
0.1432800293
-0.2149200439
0.2149200439
0.1791076660
-0.0700988770
0.2803955078
0.6308898926
0.2102966309
-0.0700988770
-0.0700988770
0.4205932617
-0.3504943848
-0.2113342285
-0.7044219971
0.0704498291
0.1408843994
-0.0704498291
-0.0704498291
0.2817687988
-0.4226531982
0.1329650879
-0.1108093262
-0.1108093262
0.9529418945
0.0443267822
-0.1329650879
-0.1108093262
0.0443267822
-0.0972900391
0.9241943359
-0.0972900391
-0.1459197998
0.0486450195
-0.0486450195
-0.0486450195
-0.1459197998
0.4368133545
0.3203277588
0.6406555176
-0.0873565674
0.0000000000
0.4659271240
-0.1747283936
-0.1164855957
-0.0305175781
-0.9763336182
-0.0610198975
0.0000000000
0.0610198975
-0.0610198975
0.0610198975
0.0305175781
0.8071289062
0.4273071289
-0.0474853516
-0.0474853516
0.0949554443
0.0474853516
-0.2373962402
0.1424407959
-0.1243286133
-0.2486572266
0.1243286133
0.1243286133
-0.2486572266
0.1243286133
0.1243286133
0.0000000000
0.1060485840
-0.2120971680
0.3181304932
0.0000000000
-0.4241790771
-0.3181304932
0.2120971680
-0.3181304932
-0.0770263672
0.9499206543
-0.1026916504
0.2053833008
-0.0256805420
0.0256805420
-0.1026916504
0.0770263672
0.2148742676
-0.0805816650
-0.6714782715
0.5640411377
0.1611480713
0.0805816650
0.1880187988
-0.2954406738
0.2514038086
-0.1885528564
0.0000000000
0.2514038086
0.0000000000
-0.6913452148
-0.4399414062
0.1885528564
0.0891571045
-0.1782989502
-0.2674560547
-0.0891571045
-0.6240692139
0.4457702637
0.0891571045
-0.0891571045
-0.1317901611
0.4612731934
-0.0659027100
0.1976928711
-0.7248535156
0.1317901611
0.0000000000
0.1976928711
-0.2258758545
-0.4517517090
-0.3388214111
0.1129455566
0.1129455566
0.0000000000
0.0000000000
0.3388214111
0.9407501221
-0.1383514404
0.0000000000
0.1383514404
-0.0830078125
0.1936798096
-0.0830078125
-0.0276641846
-0.0721740723
-0.0721740723
0.9562225342
0.1984558105
0.1082458496
-0.0902099609
-0.0721740723
-0.0180358887
-0.1228332520
-0.1228332520
0.2456817627
0.0000000000
0.2456817627
0.0000000000
0.0000000000
-0.1228332520
-0.1275024414
0.0956268311
0.2868652344
0.0956268311
0.2549896240
0.2868652344
-0.8287353516
0.1275024414
-0.2842712402
-0.2842712402
0.3790283203
0.3790283203
-0.2842712402
-0.2842712402
0.1895141602
0.1895141602
-0.0368041992
0.9384918213
-0.2760314941
-0.0736083984
0.0000000000
-0.0920104980
0.0184020996
-0.1288146973
0.0000000000
0.1228332520
-0.1228332520
0.1228332520
0.0000000000
-0.2456817627
0.0000000000
-0.2456817627
0.1153869629
-0.3461608887
0.0000000000
-0.1153869629
0.1153869629
-0.2307739258
0.2307739258
0.4615325928
0.3326721191
0.5267181396
0.5267181396
0.1108856201
0.0831604004
0.4712829590
-0.2217712402
0.1386108398
0.6229400635
-0.3606414795
-0.0327911377
-0.2295074463
0.0327911377
-0.5901489258
-0.1311492920
-0.1639251709
0.0000000000
0.0000000000
0.0000000000
0.0911560059
0.0000000000
-0.0911560059
0.0911560059
0.0000000000
0.6105346680
0.1061859131
-0.1858215332
-0.6105346680
-0.3185424805
0.0530853271
-0.1061859131
0.2654418945
-0.2824707031
-0.1412353516
0.5649261475
-0.4237060547
-0.2118530273
0.2118530273
0.1412353516
-0.3530883789
0.1199951172
0.0000000000
0.1199951172
-0.1199951172
0.1199951172
0.1199951172
0.0000000000
0.2400054932
0.0000000000
-0.4848327637
-0.2424163818
-0.4040222168
0.1616058350
0.3232269287
0.4040222168
0.1616058350
-0.0969848633
0.9455718994
0.1697235107
-0.0484924316
0.1697235107
0.0484924316
-0.0242462158
0.1212310791
-0.6543426514
0.5536804199
0.0503387451
0.3020019531
0.1510009766
-0.1510009766
0.2013397217
0.0503387451
-0.1566619873
0.3133239746
-0.1566619873
0.3133239746
0.0000000000
-0.4699859619
0.5483093262
-0.1566619873
-0.2386169434
-0.7158508301
0.1590728760
0.0000000000
-0.2386169434
0.0795440674
0.1590728760
-0.3181610107
0.1429138184
-0.1224975586
-0.0816650391
0.9595642090
0.1020812988
-0.0816650391
0.0000000000
0.0816650391
-0.2147827148
0.8591461182
-0.1073913574
-0.3221893311
0.0000000000
-0.0536956787
-0.0536956787
0.0000000000
0.2919616699
0.3568420410
0.8434295654
-0.0973205566
0.0324401855
0.0324401855
-0.1622009277
-0.0648803711
-0.0674133301
-0.9774169922
0.0000000000
0.0000000000
0.0337066650
0.0000000000
0.0337066650
0.0337066650
0.9132843018
0.1369934082
0.0456695557
0.0000000000
0.1826629639
0.0456695557
-0.1826629639
0.0913238525
-0.1249389648
-0.3748321533
0.0000000000
0.1249389648
-0.1249389648
0.2498779297
0.0000000000
0.1249389648
0.0000000000
0.0000000000
0.3743438721
0.0000000000
-0.2495727539
-0.2495727539
0.0000000000
-0.1247863770
0.0493774414
0.9629821777
-0.0246887207
0.1481475830
-0.0246887207
0.1481475830
0.0000000000
0.0740814209
0.1089782715
-0.1089782715
-0.5993499756
0.4903717041
-0.0544891357
0.4358825684
0.2724304199
-0.1089782715
0.2912292480
-0.3640289307
-0.1456146240
0.2184143066
0.0000000000
-0.4368438721
-0.5824584961
0.0727996826
-0.0700988770
0.0000000000
-0.6308898926
-0.1401977539
-0.4906921387
0.0700988770
0.3504943848
0.2102966309
0.0000000000
0.5561828613
-0.0370788574
0.0370788574
-0.7044982910
0.2595520020
0.1112365723
0.2595520020
-0.3388214111
-0.2258758545
-0.1129455566
0.1129455566
-0.2258758545
-0.2258758545
-0.1129455566
0.4517517090
0.4492340088
-0.2695465088
-0.1796875000
0.3593902588
-0.0898437500
0.3593902588
-0.2695465088
-0.2695465088
0.0693054199
-0.1154937744
0.9470672607
0.0693054199
0.1616973877
0.0462036133
-0.1616973877
-0.0923919678
-0.3498535156
-0.3498535156
0.2332305908
0.1166229248
0.3498535156
0.1166229248
-0.1166229248
0.0000000000
-0.2932434082
0.0977478027
0.4887237549
0.1954956055
0.2932434082
0.3421173096
-0.5864715576
0.0488739014
-0.1911621094
-0.1911621094
0.2867431641
0.3823242188
-0.0955810547
-0.5734863281
0.0000000000
0.1911621094
0.0196228027
0.9028167725
-0.3532714844
-0.0196228027
-0.0196228027
-0.1177520752
-0.0392456055
-0.1766357422
0.0000000000
-0.0785675049
0.0000000000
0.0000000000
-0.0785675049
0.0000000000
0.0000000000
0.0000000000
0.0947570801
-0.2842712402
0.0000000000
0.0947570801
0.0000000000
0.0947570801
0.7580718994
0.0000000000
0.3250732422
0.4876251221
0.5526428223
0.1625366211
0.0975189209
0.4226074219
-0.2925720215
0.1300354004
0.4746704102
-0.3263244629
0.0593261719
-0.1483306885
0.0890045166
-0.6526641846
-0.3856658936
-0.1779937744
-0.1178436279
0.0000000000
0.1178436279
0.0000000000
0.0000000000
-0.1178436279
-0.1178436279
-0.2357025146
0.6178588867
0.1176910400
-0.1176910400
-0.5884246826
-0.4413299561
0.0000000000
-0.0882720947
0.1176910400
-0.1381988525
-0.4145812988
0.2763824463
-0.4145812988
-0.0690917969
0.0690917969
0.0690917969
-0.6218719482
0.0000000000
0.1113433838
0.1113433838
0.0000000000
0.0000000000
0.0000000000
0.0000000000
0.2226867676
0.1590728760
-0.1590728760
-0.2386169434
0.4772338867
0.3976898193
0.2386169434
0.4772338867
-0.0795440674
-0.1205139160
0.9641571045
0.1205139160
-0.0723114014
-0.0241088867
0.0723114014
0.0482025146
0.0964202881
-0.5145721436
0.4116668701
-0.1029205322
0.2058258057
0.3087463379
-0.1029205322
0.1029205322
0.1029205322
0.0000000000
0.1502380371
-0.7011413574
0.2003326416
0.1001586914
-0.5008087158
0.2504119873
0.2003326416
-0.1999969482
-0.5000000000
0.1999969482
0.1000061035
-0.3999938965
0.1999969482
0.1000061035
-0.3000030518
0.1116333008
-0.1116333008
-0.1339569092
0.9600372314
0.1116333008
-0.0446472168
0.0669860840
0.0223236084
0.0000000000
0.2705993652
-0.1804046631
-0.7216033936
-0.0901947021
0.2705993652
-0.0901947021
0.0000000000
0.0563507080
0.2254028320
0.5071716309
-0.0563507080
0.0563507080
-0.7325744629
0.1690521240
0.1127014160
-0.0767211914
-0.8439483643
0.0767211914
0.1534423828
0.0000000000
0.1534423828
0.0767211914
-0.1534423828
0.9461517334
0.0350494385
0.0350494385
0.0000000000
0.1752166748
0.0350494385
-0.1401672363
0.1051330566
0.0000000000
-0.2456817627
0.0000000000
-0.1228332520
-0.1228332520
0.0000000000
0.1228332520
0.2456817627
0.1250000000
0.1250000000
0.2500000000
0.1250000000
0.0000000000
-0.2500000000
-0.2500000000
-0.1250000000
0.0665588379
0.9763031006
0.0000000000
0.0887603760
0.0000000000
0.1331329346
0.0221862793
0.0221862793
-0.0813293457
-0.0813293457
-0.1626586914
0.0813293457
-0.4879760742
0.5692901611
0.3253173828
0.2439880371
0.4220428467
-0.4220428467
-0.3165283203
0.0000000000
-0.1055145264
0.3165283203
-0.1055145264
-0.1055145264
-0.2336883545
0.1752624512
-0.5258026123
-0.1752624512
-0.1752624512
-0.3505401611
0.4673767090
0.3505401611
0.1176300049
0.4999542236
-0.0882263184
-0.0588226318
-0.6469879150
0.4411315918
0.1176300049
0.2646789551
-0.2110137939
0.1055145264
0.0000000000
-0.1055145264
-0.1055145264
-0.1055145264
0.3165283203
0.6330566406
-0.6423339844
-0.4014587402
-0.0802917480
0.2408752441
0.1605834961
0.0802917480
-0.0802917480
-0.3211669922
0.2063140869
-0.1768341064
0.8252410889
-0.0589447021
0.2357788086
0.1768341064
-0.3242034912
-0.1473693848
-0.6403045654
-0.3201599121
0.1600799561
0.1600799561
0.4001922607
0.1600799561
-0.1600799561
0.0800323486
-0.2647247314
0.1323699951
0.5956268311
0.1985473633
0.1323699951
0.2647247314
-0.4632720947
-0.2647247314
-0.1963348389
0.0000000000
0.0981750488
0.2945098877
0.0981750488
-0.5890197754
-0.0981750488
0.3926696777
0.0842742920
0.8426971436
-0.4424133301
0.0842742920
0.0632019043
-0.0632019043
-0.0632019043
-0.2317352295
0.0000000000
-0.1113433838
-0.1113433838
0.1113433838
-0.1113433838
0.1113433838
-0.1113433838
0.0000000000
0.1717987061
0.0858917236
0.0000000000
0.0858917236
-0.0858917236
0.5153808594
0.6012725830
-0.2576904297
0.3706970215
0.3706970215
0.4942626953
0.2059478760
0.1647491455
0.4530639648
-0.2059478760
0.3294982910
0.4229278564
-0.2114715576
0.1057281494
-0.1585998535
0.0264282227
-0.6343994141
-0.5550994873
-0.0792999268
0.1245422363
-0.1245422363
0.3736267090
-0.1245422363
0.1245422363
0.1245422363
-0.1245422363
-0.2490844727
0.4789886475
0.2736968994
-0.0684204102
-0.4789886475
-0.6158294678
-0.0684204102
-0.1710662842
-0.1026458740
0.0586242676
-0.4689788818
0.1758728027
-0.4103546143
-0.1758728027
-0.0586242676
0.1172485352
-0.6448364258
0.0000000000
0.1113433838
0.0000000000
-0.1113433838
0.0000000000
-0.2226867676
0.0000000000
0.0000000000
0.4120178223
-0.2472076416
-0.3296203613
0.4120178223
0.2472076416
-0.1648101807
0.4120178223
0.0000000000
-0.0313110352
0.9705200195
0.0626220703
-0.0626068115
-0.1252288818
0.0313110352
0.0000000000
0.0313110352
0.1249389648
-0.1249389648
0.1249389648
-0.1249389648
0.3748016357
-0.1249389648
0.1249389648
0.0000000000
0.1562194824
0.0000000000
-0.7811279297
0.1562194824
0.1041564941
-0.4165954590
0.0000000000
0.2603759766
-0.1184692383
-0.2369232178
0.2369232178
0.1184692383
-0.1184692383
0.2369232178
0.0000000000
-0.4738464355
0.0707244873
-0.0942993164
-0.1414489746
0.9666137695
0.0471496582
-0.0471496582
0.0942993164
-0.0235748291
0.2504119873
0.8138427734
0.0000000000
-0.1878051758
0.1252136230
0.2504119873
-0.1252136230
-0.1252136230
-0.1957244873
0.0489349365
-0.1957244873
0.0978698730
-0.1467895508
-0.8318328857
0.2446594238
0.2446594238
-0.1093902588
-0.1093902588
0.1093902588
0.4375762939
-0.1093902588
0.4375762939
0.1093902588
-0.3281707764
0.9633026123
0.0664367676
0.0000000000
0.0332183838
0.0996551514
0.0332183838
-0.0996551514
0.0996551514
0.1216278076
-0.1216278076
-0.1216278076
-0.1216278076
-0.2432556152
0.0000000000
0.1216278076
0.1216278076
0.0000000000
0.2432556152
0.0000000000
0.1216278076
0.1216278076
0.0000000000
-0.2432556152
0.0000000000
0.0702819824
0.9839172363
0.0468597412
0.0468597412
0.0234222412
0.0468597412
0.0000000000
0.0468597412
-0.1887054443
-0.0943603516
0.0943603516
0.2830657959
-0.3774108887
0.5661315918
0.0943603516
0.2830657959
0.1642608643
-0.2463989258
-0.0821380615
0.0000000000
-0.3285217285
0.6570434570
0.3285217285
-0.1642608643
-0.1892852783
0.1892852783
-0.4416809082
-0.3154907227
0.3154907227
-0.2523956299
0.3785858154
0.4416809082
0.1896209717
0.5056457520
0.0000000000
-0.0948028564
-0.4740447998
0.6004486084
0.0316009521
0.2844238281
-0.0783233643
0.0783233643
-0.1566619873
-0.1566619873
0.2349853516
-0.0783233643
0.2349853516
0.7832946777
-0.2549438477
-0.2549438477
-0.3399353027
0.2549438477
0.1699676514
0.1699676514
-0.1699676514
-0.5948791504
0.2980651855
-0.1862945557
0.7824249268
-0.0745086670
0.1862945557
0.2608032227
-0.2980651855
-0.1490325928
-0.5863494873
-0.2931823730
0.2931823730
0.0000000000
0.2931823730
0.1954498291
-0.0977325439
0.0977325439
-0.1479644775
0.2959136963
0.4438781738
0.1479644775
0.0000000000
0.2219390869
-0.5918273926
-0.2959136963
-0.1172332764
0.1172332764
-0.2344665527
-0.1172332764
0.1172332764
-0.4689483643
0.0000000000
0.3517150879
0.0526580811
0.8162994385
-0.4739837646
0.1579895020
0.1053314209
0.0526580811
-0.1053314209
-0.1843261719
0.0000000000
0.0000000000
-0.1178436279
-0.1178436279
-0.1178436279
0.1178436279
-0.2357025146
0.0000000000
-0.1096191406
0.3288726807
0.2192535400
0.2192535400
-0.2740631104
0.7125549316
0.2740631104
-0.1644287109
0.4795837402
0.3516998291
0.3197174072
0.3516998291
0.3516998291
0.3516998291
-0.1278839111
0.3516998291
0.3683929443
-0.0263214111
0.1052551270
-0.2368316650
-0.0789489746
-0.6578521729
-0.5789031982
0.0000000000
0.2486572266
-0.1243286133
0.2486572266
-0.1243286133
0.1243286133
0.1243286133
0.0000000000
-0.1243286133
0.4843902588
0.3114013672
-0.1730041504
-0.3114013672
-0.6920013428
0.0000000000
-0.0691986084
-0.1383972168
0.2092742920
-0.3488006592
0.0000000000
-0.2790374756
-0.2790374756
-0.2790374756
0.2092742920
-0.6278381348
0.0000000000
0.0000000000
0.1000061035
-0.1000061035
0.1000061035
0.0000000000
0.0000000000
-0.1000061035
0.2134399414
-0.2134399414
-0.2845764160
-0.7114562988
-0.1422882080
-0.2134399414
0.2845764160
0.0711517334
0.0976257324
0.9274749756
-0.0976257324
-0.0488128662
-0.1952514648
0.0000000000
-0.0488128662
0.0000000000
0.2428131104
-0.3642120361
0.0000000000
-0.3642120361
0.1213989258
0.1213989258
-0.1213989258
-0.1213989258
0.0647888184
-0.1295776367
-0.7774353027
0.0647888184
0.0647888184
-0.1943664551
-0.1943664551
0.3887176514
-0.1196746826
0.0000000000
0.1196746826
0.1196746826
0.1196746826
0.3590087891
0.0000000000
-0.4786834717
0.0961608887
-0.1442413330
-0.0721282959
0.9616546631
0.0240478516
0.0000000000
0.1442413330
0.0000000000
0.1640625000
0.9433441162
0.0820312500
0.0820312500
-0.0820312500
0.0410156250
0.0820312500
0.0000000000
-0.3008117676
0.0000000000
-0.3867645264
-0.0429687500
-0.2148742676
-0.6875762939
0.1718902588
0.3867645264
0.0000000000
0.4096679688
0.1024169922
0.4096679688
-0.1024169922
0.4096679688
0.0000000000
-0.3072509766
0.9455718994
0.1050567627
0.0000000000
0.0700378418
0.1050567627
0.1400909424
0.0000000000
0.1400909424
0.1199951172
-0.1199951172
-0.1199951172
-0.1199951172
-0.2400054932
0.0000000000
0.1199951172
0.0000000000
0.1199951172
0.1199951172
-0.1199951172
0.0000000000
0.1199951172
0.2400054932
-0.1199951172
0.0000000000
0.0469970703
0.9868927002
0.0704956055
0.0000000000
0.0000000000
-0.0234985352
0.0000000000
0.0234985352
-0.2262573242
-0.1508331299
0.3016815186
0.6033630371
-0.3016815186
0.3016815186
-0.0754241943
0.3016815186
0.1776275635
-0.2664337158
0.1776275635
0.2664337158
-0.4440612793
0.5328674316
0.1776275635
0.0888061523
0.0686035156
0.0000000000
-0.3430480957
-0.2744445801
0.6861114502
0.0000000000
-0.0686035156
0.4116668701
0.1793365479
0.4662628174
0.2151947021
-0.1434631348
-0.2869415283
0.6097412109
-0.1793365479
0.3945312500
-0.0881347656
-0.0881347656
-0.1762847900
-0.1762847900
0.3525543213
0.0000000000
0.1762847900
0.7051239014
0.6412048340
0.1923675537
-0.2564849854
0.1282348633
0.0000000000
0.2564849854
-0.2564849854
-0.4488525391
0.2647705078
-0.1765136719
0.8384399414
-0.0441284180
0.0000000000
0.3088989258
-0.1323852539
-0.1323852539
-0.1243286133
-0.1243286133
0.3729858398
-0.1243286133
0.0000000000
0.0000000000
0.0000000000
0.1243286133
-0.1011810303
0.2529602051
0.1517791748
0.0505981445
-0.1011810303
0.2529602051
-0.8600463867
-0.0505981445
0.1141510010
0.0000000000
-0.4566192627
-0.3424682617
0.3424682617
0.1141510010
-0.1141510010
0.1141510010
0.0295715332
0.8281097412
-0.4732055664
0.1478729248
0.1183013916
0.1183013916
-0.0887298584
-0.0591583252
0.1113433838
0.0000000000
0.0000000000
0.0000000000
-0.1113433838
0.0000000000
-0.2226867676
0.0000000000
-0.1299591064
0.3249053955
0.2924194336
0.2924194336
-0.3249053955
0.7147979736
0.2274322510
-0.0649871826
0.4349517822
0.4349517822
0.2718505859
0.4893188477
0.3533935547
0.3262176514
-0.1631011963
0.1631011963
0.1718750000
0.0687561035
0.1718750000
-0.3437500000
-0.0687561035
-0.6874847412
-0.5499877930
0.0000000000
0.3750000000
-0.1250000000
0.2500000000
-0.1250000000
0.0000000000
0.0000000000
0.0000000000
-0.1250000000
0.4474182129
0.3253936768
-0.2033691406
-0.3253936768
-0.6914672852
0.0000000000
0.0000000000
-0.1220245361
0.4976654053
-0.0995330811
0.1990661621
0.0995330811
0.0995330811
-0.3981323242
0.0995330811
-0.3981323242
-0.1178436279
-0.2357025146
0.1178436279
0.0000000000
0.0000000000
0.1178436279
0.1178436279
0.0000000000
-0.0440368652
0.0440368652
0.0440368652
-0.9248962402
-0.2202148438
-0.0440368652
0.1321258545
0.0880889893
0.1634521484
0.8717803955
-0.2179412842
-0.0544891357
-0.2179412842
0.0544891357
-0.1089782715
-0.0544891357
0.3625183105
-0.2416839600
-0.1208343506
-0.2416839600
0.0000000000
0.2416839600
-0.2416839600
-0.1208343506
-0.2738494873
-0.2738494873
-0.5476989746
-0.0912780762
-0.0912780762
0.1825714111
-0.3651275635
0.2738494873
-0.1123352051
0.1123352051
0.0000000000
0.0000000000
0.2246704102
0.3370056152
-0.1123352051
-0.5616760254
0.0543365479
-0.1267700195
-0.0362243652
0.9779357910
-0.0181121826
0.0362243652
0.0905456543
0.0543365479
0.0630187988
0.9452514648
0.0630187988
0.0945281982
-0.1575469971
-0.0630187988
0.1575469971
-0.0630187988
-0.2732391357
0.0546417236
-0.3278961182
-0.1639404297
-0.3825378418
-0.4918365479
-0.0546417236
0.5464782715
-0.1928405762
0.4821166992
0.1928405762
0.4821166992
0.0000000000
0.1928405762
0.0964202881
-0.2892761230
0.9700317383
0.1212615967
0.0303192139
-0.0606231689
0.0909423828
0.0000000000
0.0303192139
0.0303192139
0.0000000000
-0.2357025146
0.0000000000
-0.1178436279
-0.1178436279
0.0000000000
-0.1178436279
0.1178436279
0.3042907715
-0.3042907715
0.1014251709
-0.2028656006
-0.3042907715
-0.2028656006
0.4057312012
-0.3042907715
-0.0779876709
0.9878387451
-0.0389862061
0.0260009766
-0.0130004883
-0.0779876709
-0.0519866943
0.0389862061
0.1826629639
-0.0456695557
-0.5023193359
0.6849822998
0.0684967041
-0.1141662598
0.2739868164
-0.3653259277
-0.2134399414
0.0711517334
-0.1422882080
0.1422882080
0.2134399414
-0.7114562988
-0.4268798828
-0.0711517334
0.0371551514
0.1114654541
0.0000000000
0.0000000000
-0.4830169678
-0.8174133301
-0.0743103027
-0.1857757568
-0.0766754150
0.4600524902
0.3067016602
0.2683563232
-0.7284088135
-0.1150054932
0.0383300781
0.1533508301
0.0000000000
-0.2459411621
-0.1229705811
0.0000000000
-0.3689117432
0.0000000000
0.0000000000
-0.3689117432
0.9099273682
0.0535278320
0.1605682373
0.0535278320
-0.3211517334
0.1070556641
0.0000000000
0.0535278320
-0.0438690186
-0.1096649170
0.9212341309
0.3619232178
0.0219268799
-0.0219268799
0.0219268799
-0.0328979492
-0.4937286377
0.0000000000
0.1234283447
-0.1234283447
0.1234283447
-0.1234283447
-0.1234283447
0.1234283447
-0.0680694580
0.0272216797
0.0952911377
0.0680694580
0.0544586182
0.0680694580
-0.9801483154
-0.0816802979
0.0000000000
-0.1441040039
0.8646545410
0.0720520020
0.0720520020
-0.0720520020
0.1441040039
0.1441040039
0.0504150391
0.9830932617
-0.0882263184
0.0504150391
-0.0378112793
-0.0504150391
-0.0378112793
-0.1008300781
0.0000000000
0.0000000000
0.0000000000
0.1213989258
0.0000000000
0.0000000000
0.0000000000
-0.6070251465
0.1060485840
0.0000000000
0.0000000000
0.1060485840
0.1060485840
-0.2120971680
-0.3181304932
0.6362762451
0.3040008545
0.4053344727
0.6080017090
0.1266632080
0.1266632080
0.5066680908
-0.2026672363
0.1519927979
0.0706176758
-0.5649261475
0.0000000000
-0.1412353516
0.0000000000
-0.5649261475
-0.2118530273
-0.3530883789
0.1199951172
0.1199951172
-0.1199951172
0.1199951172
-0.1199951172
0.0000000000
0.2400054932
0.0000000000
0.5866699219
0.2095184326
-0.2933349609
-0.5028533936
-0.3352355957
0.2095184326
-0.2095184326
0.1257171631
-0.3259429932
-0.2281646729
0.6192932129
-0.4237213135
-0.2281646729
0.2933502197
0.2607574463
-0.1955718994
0.0000000000
0.0000000000
0.2432556152
-0.1216278076
0.0000000000
0.0000000000
-0.2432556152
0.1216278076
-0.0263824463
-0.1318969727
-0.1846466064
-0.9496154785
0.0000000000
0.0791320801
0.0791320801
-0.1055145264
-0.0379638672
0.9871063232
0.0000000000
0.0000000000
0.0759277344
0.0569458008
-0.0569458008
0.0189819336
-0.6020202637
0.3831024170
0.0000000000
0.3831024170
0.2189178467
-0.2736511230
0.2189178467
0.2736511230
-0.0846862793
-0.1693725586
-0.7621765137
-0.1693725586
-0.0846862793
-0.1693725586
-0.0846862793
0.2540588379
-0.2562408447
-0.6149902344
0.2562408447
0.0512542725
-0.0512542725
0.2050018311
0.3074951172
-0.5124969482
0.1036987305
-0.0518493652
-0.0345611572
0.9678039551
0.0518493652
-0.0172882080
-0.1901092529
0.0000000000
-0.1847991943
0.9743957520
0.0167999268
0.0000000000
0.0671997070
-0.0167999268
-0.0335998535
-0.0335998535
0.4699096680
-0.3253173828
0.5060577393
-0.1807403564
0.1807403564
0.4699096680
0.2891693115
0.0722961426
-0.1058807373
-0.7941131592
-0.1588287354
-0.0529479980
0.1058807373
-0.4235229492
0.2117614746
-0.0529479980
0.7156372070
0.3252868652
-0.0650634766
0.0650634766
0.0650634766
0.3252868652
-0.3252868652
0.1301116943
0.0000000000
0.0000000000
0.0000000000
0.0000000000
0.0000000000
0.0000000000
-0.0588226318
0.0000000000
0.1219482422
-0.1219482422
0.2438964844
-0.1219482422
-0.2438964844
-0.3658599854
0.1219482422
-0.2438964844
-0.0280151367
0.9946746826
-0.0280151367
0.0280151367
-0.0280151367
-0.0140075684
-0.0280151367
0.0140075684
0.1679992676
0.0000000000
-0.5279998779
0.6959991455
-0.0240020752
-0.0959930420
0.2879943848
-0.3119964600
0.0000000000
0.1049804688
-0.2099609375
0.0000000000
0.0000000000
-0.6298675537
-0.2099609375
-0.3149414062
0.0455627441
0.0911407471
-0.1367034912
-0.0455627441
-0.5468292236
-0.7291107178
0.2278442383
-0.1367034912
-0.1929779053
0.4824371338
0.2894592285
0.2894592285
-0.6754150391
0.0000000000
0.1447296143
0.0964813232
0.0000000000
-0.5171051025
-0.1034240723
-0.1034240723
-0.5171051025
-0.1034240723
-0.2068481445
0.0000000000
0.8973693848
0.0332336426
0.1329498291
0.0000000000
-0.3656005859
0.0664672852
0.0332336426
-0.0332336426
-0.0584106445
-0.0233612061
0.9579620361
0.2686920166
0.0000000000
0.0000000000
0.0350494385
-0.0233612061
-0.4664764404
-0.2332305908
0.0000000000
0.0000000000
0.3498535156
0.1166229248
0.0000000000
0.2332305908
-0.0836486816
0.0477905273
0.1075439453
0.0477905273
0.0597381592
0.0716857910
-0.9797973633
-0.0597381592
-0.1456146240
-0.0727996826
0.7280578613
0.0727996826
-0.3640289307
-0.1456146240
0.1456146240
0.2912292480
0.0133056641
0.9844818115
-0.1064300537
0.0266113281
-0.0266113281
-0.0266113281
-0.0133056641
-0.1064300537
0.0000000000
0.0000000000
0.1228332520
0.0000000000
-0.1228332520
0.0000000000
0.0000000000
-0.3685150146
0.0995330811
-0.2985992432
0.0000000000
0.0000000000
0.0995330811
-0.0995330811
0.1990661621
0.6967315674
0.3500518799
0.4200744629
0.5600891113
0.1400299072
0.1633605957
0.4667358398
-0.3033752441
0.1166839600
0.3780670166
-0.5400848389
0.1080169678
-0.2160339355
-0.0540161133
-0.5400848389
-0.1080169678
-0.3240509033
0.1228332520
-0.1228332520
0.0000000000
0.0000000000
0.0000000000
-0.1228332520
0.2456817627
-0.2456817627
0.6596374512
0.2308654785
-0.1978912354
-0.5936737061
-0.2308654785
0.0989379883
-0.0659637451
0.1319274902
-0.3516998291
-0.2557830811
0.6394348145
-0.4476013184
-0.1598663330
0.1918334961
0.0639495850
-0.3197174072
0.0000000000
0.0000000000
0.0000000000
0.0000000000
0.0000000000
0.0000000000
-0.0588226318
0.0000000000
-0.0282440186
-0.2258911133
-0.1411895752
-0.9318084717
-0.0282440186
0.1411895752
0.1129455566
-0.0282440186
-0.0808868408
0.9868164062
0.0323486328
-0.0970611572
0.0161743164
0.0000000000
-0.0161743164
0.0161743164
-0.6076354980
0.4726104736
0.0000000000
0.3375854492
0.2025451660
-0.2025451660
0.1350250244
0.2025451660
-0.0682983398
0.0682983398
-0.4097595215
0.2048797607
0.0682983398
-0.6146392822
0.4097595215
-0.2731628418
-0.2433929443
-0.5476379395
0.1825408936
-0.0608520508
-0.3650970459
0.1217041016
0.1825408936
-0.5476379395
0.1137390137
-0.0812377930
-0.0812377930
0.9748535156
0.0649871826
-0.0487365723
-0.0649871826
0.0649871826
-0.1427307129
0.9860992432
0.0000000000
-0.0259552002
0.0129699707
-0.0259552002
-0.0129699707
0.0129699707
0.3089752197
-0.4248352051
0.6951904297
-0.0772399902
0.1544799805
0.2317352295
0.3089752197
0.1158599854
-0.2653045654
-0.7295837402
-0.3979492188
-0.1326446533
0.0663299561
-0.2653045654
0.0000000000
0.0000000000
0.9141387939
0.0507812500
-0.0507812500
0.0507812500
0.1015777588
0.2031402588
-0.1015777588
0.1015777588
0.1064758301
0.1064758301
-0.1064758301
0.0000000000
0.0000000000
0.1064758301
-0.1064758301
0.0000000000
0.0000000000
-0.1117401123
0.4469451904
-0.1117401123
-0.2234802246
-0.4469451904
0.0000000000
-0.2234802246
0.0258789062
0.9960632324
-0.0129394531
0.0258789062
-0.0258789062
0.0129394531
0.0000000000
-0.0129394531
0.2507171631
0.0000000000
-0.4011535645
0.6518707275
-0.2507171631
0.1504364014
0.4011535645
-0.1504364014
0.2262573242
-0.3016815186
-0.4525146484
0.0000000000
-0.6033630371
-0.1508331299
-0.2262573242
-0.1508331299
-0.1490325928
0.2235565186
-0.1117706299
-0.0372619629
-0.4470977783
-0.7451629639
0.3353271484
-0.0372619629
-0.1689605713
0.5913543701
0.1267242432
0.2111968994
-0.5913543701
0.2534332275
0.2111968994
0.2111968994
-0.2077789307
-0.2770385742
0.4155578613
0.0000000000
-0.6233367920
-0.2770385742
-0.2770385742
-0.0692596436
0.5268554688
-0.0878143311
0.0000000000
0.2634277344
-0.4390411377
-0.1756134033
0.1756134033
-0.3512420654
-0.0462799072
-0.0617065430
0.9719848633
0.1697082520
0.0925750732
0.0617065430
-0.0154266357
-0.0154266357
-0.3908996582
-0.2931823730
0.0977325439
0.1954498291
0.4886322021
0.1954498291
-0.0977325439
0.2931823730
-0.1043090820
0.0579528809
0.1506805420
0.0463562012
0.0000000000
0.0463562012
-0.9735870361
-0.0811309814
-0.2634277344
0.0000000000
0.5268554688
0.1756134033
-0.4390411377
-0.1756134033
-0.0878143311
0.3512420654
0.0616149902
0.9549713135
-0.2464447021
0.0462036133
-0.0153961182
-0.0308074951
-0.0308074951
-0.1078186035
-0.1228332520
-0.2456817627
0.0000000000
-0.1228332520
0.0000000000
0.2456817627
0.0000000000
-0.1228332520
0.0000000000
-0.2488708496
0.0000000000
0.2488708496
-0.1659088135
0.1659088135
0.7466278076
0.1659088135
0.2893066406
0.4132843018
0.6199340820
0.1239929199
0.2066497803
0.4132843018
-0.2479705811
0.1239929199
0.3053588867
-0.4362182617
0.4798431396
-0.1744842529
-0.1308593750
-0.4362182617
-0.3053588867
-0.3053588867
0.0000000000
0.0000000000
0.0000000000
0.1178436279
0.1178436279
-0.1178436279
0.1178436279
-0.2357025146
0.7096252441
0.2483673096
-0.1064453125
-0.5677032471
-0.2128906250
0.0709686279
0.0709686279
-0.0709686279
-0.3276824951
-0.2621459961
0.6226043701
-0.4587554932
0.0000000000
0.1638488770
-0.0983123779
-0.3932189941
0.0000000000
0.0588226318
0.0000000000
0.0000000000
0.0000000000
0.0000000000
0.0000000000
0.0000000000
0.0919647217
-0.1532592773
-0.2145690918
-0.9196014404
0.0613098145
0.0919647217
0.1839141846
0.0000000000
-0.0329589844
0.9889221191
-0.0164794922
-0.0659332275
-0.0824127197
0.0164794922
-0.0164794922
-0.0164794922
-0.5329437256
0.4263610840
0.0000000000
0.2131805420
0.2131805420
-0.1065826416
0.0000000000
0.1065826416
0.2225952148
0.1780853271
-0.7123107910
0.1335601807
0.0000000000
-0.4897155762
0.2671203613
-0.1335601807
-0.0792999268
-0.3171691895
0.2378845215
-0.0792999268
-0.4757537842
0.2378845215
0.1585845947
-0.5550537109
0.0555114746
-0.0370025635
-0.0925140381
0.9806213379
-0.0370025635
-0.0925140381
0.0370025635
0.0555114746
-0.1001129150
0.9900512695
0.0111236572
-0.0222473145
0.0111236572
-0.0111236572
-0.0667419434
0.0222473145
0.0462036133
-0.6467437744
0.2309875488
0.1847839355
0.1385955811
-0.3695678711
0.5081634521
0.0923919678
-0.4178161621
-0.3133544922
-0.4178161621
-0.3133544922
0.0000000000
-0.2089080811
0.0000000000
-0.1044464111
0.9789581299
-0.0287933350
-0.0287933350
-0.0287933350
0.0575866699
-0.0287933350
-0.0287933350
0.0863800049
0.0000000000
0.0000000000
0.0000000000
0.0000000000
-0.0911560059
-0.0911560059
-0.0911560059
0.0000000000
-0.1178436279
0.1178436279
0.4714050293
0.0000000000
0.0000000000
-0.3535461426
-0.1178436279
-0.2357025146
0.0359802246
0.9953155518
-0.0119934082
0.0000000000
-0.0119934082
0.0239868164
0.0359802246
-0.0359802246
0.1927642822
-0.0642547607
-0.1927642822
0.5782775879
-0.3855133057
0.1927642822
0.5140228271
0.0000000000
0.3119506836
-0.1782531738
-0.3565063477
-0.2673797607
-0.7130126953
0.2228240967
0.0000000000
-0.2228240967
-0.1563110352
0.3438720703
-0.0937805176
-0.0312652588
-0.1250457764
-0.7815399170
0.4064025879
0.1563110352
-0.0408477783
0.4492797852
-0.1633758545
0.0816802979
-0.4084320068
0.6126556396
0.2450561523
0.3267517090
-0.2321929932
-0.1548004150
0.6192016602
0.0773925781
-0.3869934082
-0.3869934082
0.0773925781
0.1548004150
-0.0977325439
-0.6840820312
-0.0977325439
0.2931823730
-0.1954498291
-0.1954498291
0.0000000000
-0.0977325439
-0.0519866943
-0.1213073730
0.9357604980
0.1732940674
0.2079467773
0.0693206787
-0.1386260986
0.0000000000
-0.3658599854
0.1219482422
0.0000000000
0.2438964844
0.3658599854
0.0000000000
-0.1219482422
0.1219482422
-0.1154174805
0.0641174316
0.1667175293
0.0384674072
-0.0384674072
0.0384674072
-0.9618530273
-0.1410675049
-0.2381439209
-0.2381439209
0.0000000000
0.2381439209
-0.1190643311
-0.2381439209
-0.3572082520
0.2381439209
0.0911560059
0.9266815186
-0.3190155029
0.0911560059
0.0607604980
-0.0151977539
-0.0151977539
-0.1063385010
-0.1228332520
-0.1228332520
0.0000000000
0.0000000000
0.0000000000
0.2456817627
-0.2456817627
-0.1228332520
0.0840911865
0.0000000000
0.1681976318
0.2522888184
-0.1681976318
0.5886840820
0.5045928955
-0.1681976318
0.3287658691
0.1972656250
0.5260314941
0.3287658691
0.3287658691
0.2630157471
-0.1972656250
0.3287658691
0.2535858154
-0.1901855469
0.6339569092
-0.2218780518
-0.2218780518
-0.3803710938
-0.4437713623
-0.1584930420
0.1190643311
-0.1190643311
0.1190643311
0.2381439209
0.2381439209
-0.1190643311
0.3572082520
-0.3572082520
0.6029357910
0.3836822510
0.0000000000
-0.4384918213
-0.3288726807
-0.0548095703
0.1096191406
-0.2740631104
-0.1923980713
-0.2693481445
0.6926116943
-0.3847808838
-0.0769500732
0.1539154053
-0.1923980713
-0.3847808838
0.0000000000
0.2400054932
0.0000000000
-0.2400054932
0.0000000000
0.0000000000
0.0000000000
-0.1199951172
0.1063232422
-0.1595001221
-0.2126617432
-0.9303894043
-0.0265808105
0.0265808105
0.1595001221
0.0531616211
0.0534210205
0.9793243408
-0.1246337891
0.0178070068
-0.0712280273
0.0356140137
-0.0534210205
-0.0534210205
-0.2498626709
0.2498626709
0.0000000000
0.2498626709
0.1249389648
-0.1249389648
-0.1249389648
0.0000000000
0.4194488525
0.0524291992
-0.7340240479
-0.0524291992
-0.1048583984
-0.4194488525
0.0000000000
0.0524291992
-0.0823974609
0.0000000000
0.3296203613
-0.0823974609
-0.2472076416
0.5768280029
-0.0823974609
-0.4944305420
-0.0231475830
-0.0462799072
-0.0462799072
0.9719848633
-0.0925750732
-0.0694274902
0.1388549805
0.0231475830
-0.0763702393
0.9929046631
0.0095520020
0.0190887451
0.0190887451
0.0000000000
-0.0668334961
0.0095520020
-0.1870727539
-0.4115600586
-0.1870727539
0.2244873047
-0.0374145508
-0.6360473633
0.4863891602
0.1496582031
-0.4615325928
0.0000000000
-0.2307739258
0.2307739258
0.1153869629
-0.1153869629
0.1153869629
-0.3461608887
0.9799499512
-0.0489959717
0.0000000000
-0.0489959717
-0.0489959717
-0.0735015869
0.0735015869
-0.0489959717
0.0000000000
0.1150360107
0.1150360107
-0.1150360107
-0.1150360107
-0.1150360107
0.1150360107
0.1150360107
-0.2357025146
0.2357025146
0.2357025146
0.1178436279
0.3535461426
-0.1178436279
-0.3535461426
0.0000000000
0.0509796143
0.9940490723
0.0127410889
-0.0127410889
0.0382385254
0.0127410889
0.0254821777
-0.0382385254
0.1335296631
-0.1335296631
-0.1335296631
0.7344055176
-0.3338165283
0.1335296631
0.3338165283
0.1335296631
0.1938781738
-0.0969390869
-0.0969390869
-0.2908172607
-0.7270507812
0.2908172607
0.2908172607
-0.2908172607
-0.1773986816
0.3902893066
-0.0709686279
-0.1064453125
0.2483673096
-0.6741485596
0.2483673096
0.4257812500
0.0883483887
0.3533630371
-0.2208557129
-0.0441741943
-0.1325073242
0.7950744629
0.0883483887
0.3092041016
-0.1365814209
0.0682983398
0.4097595215
-0.0682983398
0.0000000000
-0.2048797607
0.2048797607
0.7512207031
0.3607940674
-0.6314086914
-0.3607940674
0.1804046631
0.0000000000
-0.0901947021
0.0901947021
-0.0901947021
-0.0365753174
-0.1097412109
0.9328308105
0.2012023926
0.2012023926
0.0548706055
-0.1463317871
0.0182952881
0.0000000000
0.1064758301
0.0000000000
-0.1064758301
-0.1064758301
-0.1064758301
0.1064758301
0.0000000000
-0.0866088867
0.0577392578
0.1443328857
0.0433044434
-0.0433044434
0.0433044434
-0.9670562744
-0.1443328857
-0.4898986816
0.0000000000
-0.1224670410
0.1224670410
0.2449493408
0.1224670410
0.0000000000
-0.1224670410
0.0680541992
0.9188079834
-0.3403015137
0.1361236572
0.0510406494
0.0340270996
-0.0340270996
-0.0510406494
0.0000000000
-0.1199951172
0.1199951172
0.0000000000
-0.1199951172
0.1199951172
-0.2400054932
0.1199951172
-0.0533142090
0.2132568359
0.2665710449
0.1599426270
-0.2665710449
0.7997283936
0.1599426270
-0.1599426270
0.4644470215
0.2322235107
0.2786712646
0.4179992676
0.5108795166
0.1857757568
-0.1857757568
0.2786712646
0.2159576416
0.0000000000
0.5399169922
-0.3509368896
-0.2429656982
-0.4049377441
-0.5399169922
-0.0269927979
0.2498626709
-0.1249389648
-0.1249389648
0.2498626709
0.1249389648
0.0000000000
0.2498626709
0.0000000000
0.4089508057
0.4089508057
-0.1752624512
-0.0584259033
-0.5842285156
0.0000000000
0.3505401611
-0.2336883545
0.0000000000
-0.3191528320
0.5585174561
-0.0797882080
-0.1595764160
0.0797882080
-0.4787292480
-0.3191528320
0.0000000000
0.0000000000
0.0000000000
-0.1150360107
0.0000000000
0.1150360107
0.1150360107
-0.2300720215
0.0257720947
-0.1288299561
-0.1288299561
-0.9533691406
-0.0773010254
0.0000000000
0.1546020508
0.0773010254
0.1005249023
0.9550323486
-0.1759338379
0.0753936768
0.0000000000
0.0502624512
-0.1256561279
-0.0502624512
0.1224670410
-0.2449493408
-0.2449493408
-0.1224670410
0.1224670410
0.2449493408
-0.3674163818
0.0000000000
0.5028533936
-0.1676177979
-0.5028533936
-0.0838012695
-0.0838012695
-0.4190368652
-0.1676177979
0.0838165283
-0.0894927979
0.0000000000
0.2684936523
0.0000000000
0.0000000000
0.7159881592
0.0000000000
-0.3579864502
-0.0491943359
-0.1229705811
0.0737915039
0.9591979980
-0.0737915039
0.0000000000
0.1721649170
-0.0491943359
-0.0321044922
0.9954681396
-0.0106964111
0.0428161621
-0.0214080811
-0.0214080811
-0.0321044922
0.0214080811
-0.3776702881
-0.2403411865
-0.2746734619
0.0686645508
-0.2060089111
-0.6180114746
0.4463348389
0.2403411865
-0.0901947021
0.6314086914
0.0901947021
0.3607940674
0.0000000000
0.1804046631
0.0901947021
-0.3607940674
0.9801177979
-0.0279998779
0.0279998779
0.0279998779
-0.0279998779
0.0279998779
0.0840148926
-0.0559997559
-0.1150360107
0.0000000000
0.2300720215
0.0000000000
0.0000000000
-0.1150360107
0.1150360107
0.0000000000
-0.1229705811
0.1229705811
0.0000000000
0.1229705811
0.3689117432
0.1229705811
-0.3689117432
0.1229705811
0.0497894287
0.9956512451
-0.0124511719
0.0000000000
0.0248870850
0.0124511719
0.0124511719
-0.0124511719
0.1904296875
-0.2539062500
-0.0634765625
0.7617034912
-0.3173828125
0.0000000000
0.1269531250
0.2539062500
-0.0559997559
-0.0559997559
0.2799987793
-0.0559997559
-0.8399810791
0.1119995117
0.2799987793
-0.1119995117
-0.1633758545
0.2859039307
-0.0408477783
-0.1633758545
0.4901275635
-0.4901275635
0.0408477783
0.5718078613
0.0999145508
0.3497009277
0.0000000000
-0.0499572754
0.0000000000
0.7993011475
-0.1498718262
0.3497009277
-0.2744445801
0.0000000000
0.3430480957
-0.2058258057
0.0000000000
-0.1372222900
0.1372222900
0.7547149658
0.8628845215
-0.2157135010
-0.2157135010
0.0539245605
0.2157135010
0.0539245605
0.1078643799
0.0539245605
-0.0187530518
-0.0749969482
0.9561462402
0.2249755859
0.0937347412
0.0562438965
-0.0749969482
0.0187530518
0.0000000000
0.1242218018
0.1242218018
-0.1242218018
-0.2484588623
-0.2484588623
0.3726806641
0.0000000000
-0.0566406250
0.0566406250
0.1274414062
0.0283203125
-0.0849609375
0.0566406250
-0.9770660400
-0.0708007812
0.0000000000
0.2760772705
-0.1840515137
0.0000000000
0.4601287842
0.5521545410
0.0000000000
-0.2760772705
0.0000000000
0.9149627686
-0.3267669678
0.1742858887
0.0871429443
0.0435638428
-0.0217895508
0.0217895508
0.0000000000
0.0000000000
0.1064758301
0.1064758301
-0.1064758301
0.0000000000
-0.1064758301
0.1064758301
-0.1034851074
0.2759704590
0.3449707031
0.1724853516
-0.2759704590
0.7934265137
0.1379852295
-0.0345001221
0.4461364746
0.3903656006
0.2230682373
0.5297851562
0.4461364746
0.1951904297
-0.1672973633
0.1672973633
0.1114959717
0.0836181641
0.4180908203
-0.5017089844
-0.2229766846
-0.4459533691
-0.5295715332
0.0000000000
0.2432556152
0.0000000000
-0.1216278076
0.0000000000
0.1216278076
0.0000000000
0.2432556152
0.0000000000
0.2736511230
0.2736511230
-0.1641845703
0.1641845703
-0.7662200928
0.0000000000
0.3283843994
-0.0547332764
0.4176177979
0.0000000000
0.4176177979
0.2505645752
0.0000000000
0.0835266113
-0.5846557617
0.0000000000
-0.1228332520
-0.2456817627
0.0000000000
0.0000000000
0.0000000000
0.1228332520
0.2456817627
-0.1228332520
-0.0749053955
-0.0249633789
0.0499420166
-0.9737396240
-0.0998687744
0.0249633789
0.0998687744
0.0499420166
0.0949554443
0.9495086670
-0.1266021729
0.1266021729
0.0000000000
0.0000000000
-0.0949554443
-0.1266021729
0.2795104980
-0.3726806641
-0.2795104980
-0.2795104980
0.0931701660
0.3726806641
-0.3726806641
-0.1863403320
0.1172332764
-0.3517150879
0.1172332764
-0.2344665527
0.0000000000
-0.1172332764
-0.4689483643
-0.1172332764
-0.1034240723
0.2068481445
0.1034240723
0.0000000000
0.3102722168
0.5171051025
-0.1034240723
-0.4136962891
-0.0696563721
-0.1044769287
0.1044769287
0.9751129150
-0.0522308350
0.0348205566
0.0870666504
-0.0348205566
0.0000000000
0.9917602539
-0.0477905273
0.0716857910
-0.0597381592
-0.0238952637
0.0119476318
0.0119476318
-0.4205474854
0.0600738525
-0.3003997803
0.1201629639
-0.4806365967
-0.4205474854
0.2403106689
0.3604736328
0.1004791260
0.6028289795
0.2009429932
0.2009429932
0.0000000000
0.1004791260
0.1004791260
-0.4018859863
0.9790649414
0.0000000000
0.0264587402
0.0000000000
0.0264587402
0.0000000000
0.0793762207
-0.1058502197
