-0.0911560059
-0.0911560059
0.0000000000
0.0000000000
0.0000000000
-0.0911560059
0.0000000000
0.0000000000
0.2234802246
0.0000000000
0.1117401123
-0.2234802246
-0.2234802246
-0.5586853027
0.0000000000
-0.2234802246
0.0100555420
0.9962005615
0.0201263428
-0.0503082275
0.0000000000
0.0000000000
0.0201263428
-0.0301818848
-0.1165618896
0.0466308594
-0.4662322998
0.7926025391
0.0233154297
-0.1165618896
-0.0233154297
-0.3263702393
0.2593994141
-0.0235748291
-0.2593994141
0.0471649170
-0.8725433350
-0.1650695801
-0.2358245850
0.0235748291
0.0999298096
0.0000000000
0.0333099365
0.0333099365
-0.4663238525
-0.8327331543
0.0333099365
-0.1998596191
0.1813354492
0.3626708984
0.2266693115
-0.1813354492
-0.8160247803
0.0906677246
-0.0906677246
-0.0453338623
0.2739868164
-0.0913238525
-0.7762908936
0.2739868164
0.3196411133
0.1826629639
0.1826629639
-0.0456695557
0.9735107422
0.0405578613
0.1419677734
-0.0811309814
-0.0202789307
0.1014099121
0.0000000000
0.0000000000
0.0113830566
-0.0341644287
0.9565887451
0.2733154297
-0.0227813721
0.0455474854
0.0455474854
-0.0113830566
-0.1983489990
-0.1983489990
0.1487579346
0.2975311279
0.5454559326
0.5950469971
-0.1983489990
0.1983489990
-0.0948333740
0.0790252686
0.0000000000
0.0474090576
-0.0316162109
0.0316162109
-0.9799346924
-0.1106414795
0.3193054199
-0.0638580322
0.6386108398
0.2554473877
0.2554473877
-0.4470214844
-0.0638580322
0.1277160645
0.0275115967
0.9902038574
-0.0412597656
-0.0137481689
0.0550079346
0.0137481689
0.0275115967
-0.0825195312
0.1199951172
0.0000000000
-0.2400054932
0.1199951172
0.1199951172
-0.1199951172
-0.1199951172
0.0000000000
0.0000000000
-0.2919921875
-0.2919921875
0.0000000000
0.0729980469
-0.4379882812
0.5109863281
0.4379882812
0.3613586426
0.3891601562
0.7505187988
0.0833892822
0.1945800781
0.1945800781
-0.1389923096
0.1667785645
-0.4544525146
0.0649261475
0.1298370361
-0.5193786621
-0.4544525146
-0.0649261475
-0.3895263672
0.0000000000
0.2486572266
0.0000000000
0.1243286133
0.1243286133
-0.2486572266
-0.1243286133
0.1243286133
0.1243286133
0.9031829834
0.0950775146
-0.3089904785
-0.0237731934
-0.0475311279
0.2376861572
0.0000000000
-0.0475311279
-0.0275878906
0.0000000000
0.9379425049
-0.1930999756
-0.1103515625
0.0551757812
0.2206878662
-0.1103515625
0.0000000000
-0.1064758301
0.1064758301
0.0000000000
0.1064758301
0.0000000000
-0.1064758301
0.1064758301
-0.0339660645
-0.1018981934
0.0679321289
-0.9850158691
0.0169830322
0.0509490967
-0.0169830322
-0.0339660645
0.0000000000
0.9885559082
0.0395355225
-0.1186218262
0.0000000000
-0.0263671875
-0.0263671875
0.0131835938
-0.2075347900
0.3320465088
0.0000000000
0.2905426025
0.4980773926
-0.3320465088
0.4565734863
0.3735504150
-0.4895019531
-0.2447509766
0.7342529297
-0.1223754883
0.0611877441
0.0611877441
0.0000000000
-0.1223754883
0.0000000000
-0.4958801270
0.1487579346
-0.2975311279
0.0000000000
0.0991821289
0.0000000000
-0.7438049316
0.0547485352
0.0000000000
-0.0625610352
0.9932708740
-0.0234680176
-0.0312805176
0.0000000000
0.0547485352
-0.1679229736
0.9817199707
0.0129241943
0.0129241943
0.0000000000
-0.0387573242
-0.0129241943
0.0258331299
0.2302246094
-0.3069763184
0.7674255371
-0.1790618896
-0.0255737305
0.4092864990
0.0255737305
0.2046508789
0.1197357178
-0.8979644775
-0.1197204590
0.1197357178
-0.1197204590
0.1197357178
0.0000000000
-0.0598602295
0.9676055908
0.0645141602
0.0645141602
0.0645141602
0.0000000000
0.1290130615
-0.0322570801
0.0000000000
0.0000000000
-0.1249389648
-0.1249389648
0.0000000000
-0.2498626709
-0.2498626709
0.1249389648
0.2498626709
0.0000000000
0.1242218018
0.2484588623
-0.2484588623
-0.1242218018
-0.3726806641
0.0000000000
0.1242218018
0.0405120850
0.9923858643
0.0303802490
-0.0708770752
-0.0202484131
0.0303802490
0.0202484131
-0.0506286621
-0.1010131836
0.0202026367
-0.4646606445
0.8081054688
0.1010131836
0.0404052734
-0.0606079102
-0.3030395508
0.1510009766
0.0188751221
-0.1132507324
0.0566253662
-0.9059753418
-0.1132507324
-0.3397369385
0.0188751221
0.1096649170
-0.1827697754
0.0365600586
0.0731048584
-0.4386596680
-0.8042144775
0.0000000000
-0.2558898926
0.0894775391
0.3579254150
0.1342315674
-0.2237091064
-0.8500823975
0.0894775391
0.0000000000
0.0000000000
0.2026214600
-0.1013031006
-0.8611450195
0.1519622803
0.2532806396
0.1519622803
0.0506591797
-0.1013031006
0.9583587646
0.0815582275
0.1835174561
-0.1427307129
-0.0407867432
0.0611724854
-0.0203857422
0.0407867432
-0.0244140625
-0.0488128662
0.9518585205
0.2684783936
-0.0366058350
0.0732269287
0.0854187012
0.0122070312
-0.1146697998
-0.0764465332
0.1911315918
0.4586944580
0.5733795166
0.5733795166
-0.0764465332
0.1528930664
-0.0908203125
0.0908203125
0.0151367188
-0.0302734375
-0.0151367188
-0.0302734375
-0.9839324951
-0.0756835938
0.4291229248
0.0000000000
0.7356262207
0.1226043701
0.1839141846
-0.3065185547
0.0613098145
0.0613098145
0.0000000000
0.9932098389
0.0000000000
-0.0544281006
0.0272064209
-0.0136108398
0.0272064209
-0.0544281006
0.0000000000
0.0000000000
-0.1237182617
0.1237182617
0.1237182617
-0.1237182617
-0.2474365234
0.2474365234
0.0000000000
-0.5313110352
-0.1932067871
0.0000000000
0.0000000000
-0.1448974609
0.7245025635
0.2415008545
0.3612213135
0.4128265381
0.7224273682
0.0000000000
0.2322082520
0.2322082520
-0.1548004150
0.1548004150
-0.3879089355
-0.1939544678
0.1939544678
-0.5818634033
-0.3879089355
0.0646514893
-0.3232574463
-0.1939544678
0.2498626709
0.0000000000
0.2498626709
0.1249389648
-0.1249389648
-0.1249389648
0.2498626709
0.0000000000
0.9178009033
0.0644073486
-0.2576293945
-0.0321960449
-0.1771240234
0.1771240234
-0.1127166748
-0.0483093262
-0.0251007080
-0.0125579834
0.9540252686
-0.1757354736
-0.0502166748
0.0125579834
0.2008514404
-0.1004180908
0.0000000000
0.0000000000
-0.1216278076
0.0000000000
0.2432556152
0.1216278076
-0.2432556152
0.0000000000
-0.0169982910
-0.0339813232
0.0679779053
-0.9855957031
0.0679779053
0.0339813232
-0.0849609375
-0.0169982910
-0.0118713379
0.9847412109
0.0474548340
-0.1423797607
-0.0237274170
-0.0474548340
0.0118713379
0.0118713379
-0.2337341309
0.4207305908
0.0467529297
0.2804870605
0.4674682617
-0.2804870605
0.5142211914
0.2337341309
-0.2840118408
-0.2840118408
0.7952423096
-0.1136016846
0.0568084717
0.0568084717
-0.1704101562
-0.2272186279
-0.1139678955
-0.5128784180
0.2849273682
-0.2849273682
0.0569915771
0.1709594727
-0.1709594727
-0.6268463135
0.0234527588
0.0312652588
-0.0156250000
0.9925537109
-0.0703430176
-0.0468902588
-0.0078125000
0.0625152588
-0.1486663818
0.9835052490
0.0114288330
0.0114288330
-0.0343017578
0.0228729248
-0.0343017578
0.0571746826
0.2147216797
-0.2415618896
0.7783508301
-0.1342010498
-0.1073608398
0.4562683105
-0.0536804199
0.1610412598
0.1483917236
-0.9398498535
-0.0494689941
0.0494689941
-0.0494689941
-0.0494689941
0.0494689941
-0.0494689941
0.9725189209
0.0000000000
0.0997467041
0.0748138428
0.0000000000
0.1246795654
-0.0249328613
-0.0498657227
0.0000000000
0.1196746826
-0.1196746826
-0.1196746826
-0.3590087891
-0.2393341064
0.2393341064
0.3590087891
-0.2468566895
0.2468566895
0.2468566895
-0.2468566895
0.0000000000
0.1234283447
-0.1234283447
0.2468566895
0.0373077393
0.9885864258
0.0466308594
-0.0839385986
-0.0093231201
0.0373077393
0.0279846191
-0.0839385986
-0.0987548828
0.0493774414
-0.4444122314
0.8229827881
0.1316833496
0.1152191162
-0.0658416748
-0.2633514404
0.0660095215
0.0494995117
-0.0494995117
0.0494995117
-0.9241333008
-0.0660095215
-0.3465423584
0.0330047607
0.2868652344
-0.2868652344
0.1229400635
0.1229400635
-0.2868652344
-0.7786254883
0.0409851074
-0.2458801270
0.0000000000
0.2946319580
0.0589294434
-0.2357025146
-0.8249511719
0.2357025146
0.0000000000
-0.0589294434
0.0000000000
-0.1240081787
-0.8680267334
-0.0619964600
0.0000000000
0.0619964600
-0.2480010986
-0.1860046387
0.9536895752
0.0635833740
0.2066345215
-0.0794677734
-0.0635833740
0.0000000000
-0.1271667480
0.0953674316
-0.0374450684
-0.0748901367
0.9485931396
0.2496337891
-0.0499267578
0.1248168945
0.0873718262
0.0124816895
-0.1987609863
-0.0662536621
0.2650146484
0.4968872070
0.6293945312
0.4306335449
-0.0662536621
0.1325073242
-0.0278167725
0.0556182861
-0.0139007568
-0.0834350586
-0.0139007568
-0.0834350586
-0.9873504639
-0.0278167725
0.3999938965
0.0000000000
0.5000000000
0.0000000000
-0.3000030518
-0.1999969482
0.3000030518
0.1000061035
0.0234069824
0.9945678711
-0.0234069824
-0.0234069824
0.0350952148
0.0350952148
-0.0117034912
-0.0467987061
-0.2477111816
0.0000000000
0.0000000000
0.0000000000
0.0000000000
-0.1238555908
0.0000000000
0.4954071045
0.0000000000
-0.6214294434
-0.0955963135
0.0478057861
-0.0955963135
0.0478057861
0.7170257568
0.0478057861
0.4166717529
0.3703765869
0.6713104248
-0.0231475830
0.3009338379
0.3009338379
-0.1620483398
0.1157379150
-0.2716217041
-0.1086578369
0.2716217041
-0.6519012451
-0.4346008301
-0.1086578369
-0.3259582520
-0.1086578369
0.1178436279
0.1178436279
0.0000000000
0.1178436279
0.0000000000
0.0000000000
0.1178436279
-0.2357025146
0.9050598145
0.0665435791
-0.1730194092
-0.0665435791
-0.2528839111
0.0931701660
-0.2395782471
-0.0798645020
-0.0207824707
-0.0207824707
0.9764709473
-0.1142730713
0.0103912354
-0.0311584473
0.1454315186
-0.0830993652
0.1247863770
0.1247863770
-0.1247863770
0.0000000000
0.2495727539
-0.1247863770
-0.1247863770
-0.3743438721
-0.0135803223
0.0135803223
0.0407257080
-0.9910125732
0.0543060303
0.0135803223
-0.0814514160
0.0135803223
-0.0115051270
0.9896087646
0.0345153809
-0.1150665283
-0.0115051270
-0.0345153809
0.0000000000
0.0230102539
-0.2507171631
0.5014495850
0.1002960205
0.2507171631
0.3510131836
-0.1504364014
0.6017303467
0.1504364014
-0.0741119385
-0.1482086182
0.8892669678
-0.1111602783
0.0370483398
0.0000000000
-0.1111602783
-0.3334808350
-0.3383483887
-0.6766967773
0.2706756592
0.0676727295
0.0676727295
0.0676727295
-0.2706756592
-0.3383483887
-0.0155792236
0.0545196533
0.0467224121
0.9890441895
-0.0856628418
-0.0623016357
-0.0155792236
0.0545196533
-0.0997772217
0.9866333008
0.0000000000
0.0332641602
-0.0554351807
0.0443420410
-0.0221710205
0.0776062012
0.1813354492
-0.1813354492
0.7512359619
-0.1554260254
-0.2331390381
0.4921875000
-0.1295166016
0.1036224365
0.2146759033
-0.9016113281
0.0000000000
-0.0858612061
-0.0858612061
-0.0858612061
0.1717376709
-0.1717376709
0.9700469971
-0.0380401611
0.0951080322
0.1141204834
-0.0380401611
0.1331481934
-0.0570678711
-0.0380401611
0.0000000000
0.1199951172
0.1199951172
0.0000000000
-0.1199951172
-0.1199951172
0.2400054932
0.1199951172
-0.3370056152
0.4493408203
0.1123352051
-0.1123352051
0.0000000000
0.2246704102
-0.1123352051
0.3370056152
0.0359497070
0.9887084961
0.0359497070
-0.0718994141
0.0000000000
0.0449371338
0.0449371338
-0.0898895264
-0.0725402832
0.0580291748
-0.4062194824
0.8704681396
0.1015625000
0.1450805664
-0.0145111084
-0.1740875244
0.0644836426
0.0161132812
-0.0322418213
0.0483551025
-0.9188690186
-0.0322418213
-0.3707733154
0.0322418213
0.5272064209
-0.3163299561
0.2635955811
0.1054382324
0.0527191162
-0.6326446533
-0.0527191162
-0.2108764648
-0.3406677246
0.1362762451
-0.2044067383
-0.2044067383
-0.4769439697
0.6132202148
-0.0681304932
-0.1362762451
0.0000000000
-0.1840515137
-0.6441650391
0.0000000000
-0.1840515137
-0.0920257568
-0.3681030273
-0.2760772705
0.9535522461
0.0605468750
0.1513519287
-0.0151367188
-0.0756835938
-0.0302734375
-0.1967620850
0.1059570312
-0.0117034912
-0.1287231445
0.9362030029
0.2457580566
-0.0117034912
0.1872406006
0.0819244385
0.0117034912
-0.2817993164
-0.0563659668
0.3381652832
0.4508972168
0.6481475830
0.3663482666
-0.0845489502
0.1127166748
-0.0270538330
0.0946655273
0.0270538330
-0.0540924072
0.0000000000
-0.0676116943
-0.9871978760
-0.0405731201
-0.0888061523
0.0888061523
-0.5328674316
-0.0888061523
-0.5328674316
0.1776275635
0.2664337158
0.1776275635
0.0400543213
0.9913330078
-0.0801086426
0.0100097656
0.0500640869
0.0300445557
-0.0300445557
-0.0400543213
-0.1249389648
0.2498626709
-0.1249389648
0.0000000000
0.1249389648
0.0000000000
0.2498626709
0.2498626709
-0.0871582031
-0.3922271729
0.1307373047
0.3050689697
-0.3050689697
0.3922271729
0.6101226807
-0.2178955078
0.4305419922
0.3326873779
0.6066589355
0.0391387939
0.3522644043
0.3522644043
-0.2348327637
0.1369934082
-0.0886077881
-0.0442962646
0.2658081055
-0.5759124756
-0.3544006348
-0.3987121582
-0.4873046875
-0.0442962646
0.0000000000
0.2428131104
0.2428131104
-0.1213989258
0.2428131104
0.0000000000
0.2428131104
-0.3642120361
0.8505706787
0.0675048828
-0.1620178223
-0.0675048828
-0.3375244141
0.0404968262
-0.3240203857
-0.1215057373
-0.0184783936
-0.0369415283
0.9882049561
-0.0461730957
0.0554199219
-0.0646514893
0.0738830566
-0.0646514893
0.0000000000
0.1250000000
0.0000000000
-0.1250000000
0.3750000000
0.0000000000
-0.1250000000
-0.2500000000
-0.0114593506
0.0000000000
0.0114593506
-0.9963226318
0.0343627930
-0.0229034424
-0.0343627930
0.0000000000
-0.0104675293
0.9944000244
0.0000000000
-0.0732727051
-0.0104675293
-0.0104675293
-0.0314025879
0.0314025879
-0.3136291504
0.5018157959
0.1254577637
0.2509002686
0.1254577637
-0.1254577637
0.6272583008
0.1254577637
0.0493316650
0.0246734619
0.9127655029
-0.0493316650
0.0493316650
0.0000000000
-0.0493316650
-0.3700408936
-0.3191528320
-0.7180938721
0.1595764160
0.0000000000
0.0797882080
0.0797882080
-0.3191528320
-0.1595764160
-0.0077972412
0.0390167236
0.0546112061
0.9909210205
-0.0780181885
-0.0702209473
0.0000000000
0.0234069824
-0.0697631836
0.9882354736
0.0116271973
0.0232543945
-0.0813903809
0.0581359863
0.0116271973
0.0581359863
0.0543518066
-0.1630401611
0.7337036133
-0.1902160645
-0.4347839355
0.3804473877
-0.1087036133
0.1630401611
0.1041717529
-0.8333892822
0.0347290039
-0.2430725098
-0.0347290039
-0.1389007568
0.2778015137
-0.3125152588
0.9736328125
-0.0885162354
0.1062164307
0.1239166260
-0.0354003906
0.0708160400
-0.0354003906
0.0000000000
0.0000000000
0.0000000000
0.0911560059
0.0000000000
0.0911560059
0.0000000000
0.0911560059
0.0000000000
-0.2307739258
0.4615325928
0.1153869629
0.1153869629
0.0000000000
0.3461608887
-0.1153869629
0.2307739258
0.0346221924
0.9954223633
0.0173187256
-0.0432739258
-0.0173187256
0.0346221924
0.0259704590
-0.0346221924
-0.0630950928
0.0504760742
-0.3533477783
0.9086303711
0.0504760742
0.1388244629
0.0126190186
-0.1262054443
0.0683135986
0.0000000000
-0.0170745850
0.0683135986
-0.9052124023
-0.0683135986
-0.3928222656
0.0512390137
0.4731750488
-0.2102966309
0.2628784180
0.0000000000
0.6834716797
-0.2628784180
-0.1051483154
-0.1577301025
-0.3178710938
-0.2781372070
-0.3973236084
-0.1192016602
0.3576049805
0.6754608154
-0.1192016602
0.0000000000
0.2222900391
0.1111450195
-0.4445648193
0.4445648193
0.0000000000
-0.1111450195
-0.1111450195
-0.2222900391
0.9731445312
0.0405426025
0.0946044922
0.0135192871
-0.0270385742
-0.0135192871
-0.1757049561
0.0675811768
-0.0226745605
-0.1020050049
0.9294128418
0.2606964111
0.0000000000
0.2040252686
0.1020050049
-0.0339965820
-0.3084259033
0.0616912842
0.3701019287
0.4009552002
0.6785278320
0.3084259033
-0.0925292969
0.0925292969
-0.0474548340
0.1186523438
0.0830535889
0.0000000000
0.0237274170
-0.0237274170
-0.9848175049
-0.0355987549
-0.2283172607
0.0913238525
-0.8219451904
-0.2283172607
-0.1826629639
0.3196411133
0.0913238525
0.0000000000
0.0092315674
0.9885406494
-0.1293487549
-0.0184783936
0.0461883545
-0.0184783936
-0.0092315674
-0.0184783936
-0.1249389648
0.3748016357
-0.1249389648
0.0000000000
0.1249389648
0.1249389648
0.1249389648
-0.1249389648
-0.0916137695
-0.1832275391
0.2443084717
0.2748565674
-0.3359222412
0.5496978760
0.5496978760
-0.2748565674
0.4174957275
0.3379669189
0.5566558838
0.0993957520
0.4174957275
0.3578491211
-0.2584533691
0.0993957520
0.0418243408
0.0418243408
0.2091522217
-0.4601440430
-0.2928161621
-0.5438079834
-0.5438079834
-0.0836639404
0.1242218018
0.1242218018
0.2484588623
-0.2484588623
0.2484588623
0.1242218018
0.1242218018
-0.2484588623
0.7914733887
0.0447998047
-0.2090759277
-0.0298614502
-0.4629364014
0.0447998047
-0.2986755371
-0.1194610596
0.0000000000
-0.0391998291
0.9897613525
0.0294036865
0.0881958008
-0.0783996582
0.0097961426
-0.0294036865
0.0000000000
0.2486572266
-0.1243286133
-0.1243286133
0.2486572266
0.1243286133
-0.1243286133
-0.1243286133
-0.0212249756
0.0106201172
0.0106201172
-0.9978027344
0.0000000000
-0.0106201172
0.0000000000
0.0000000000
-0.0290069580
0.9957427979
-0.0386657715
-0.0386657715
-0.0096740723
-0.0193328857
-0.0193328857
0.0290069580
-0.3000030518
0.3000030518
0.2250061035
0.2250061035
-0.1499938965
-0.2250061035
0.6750030518
0.0000000000
0.0000000000
0.0644836426
0.9028320312
-0.0644836426
0.0859832764
0.0214996338
-0.0644836426
-0.3869323730
0.0871582031
-0.3486328125
-0.0871582031
-0.3486328125
0.2614746094
0.1743164062
-0.4357910156
-0.4357910156
0.0000000000
0.0234680176
0.0547637939
0.9936065674
-0.0625915527
-0.0547637939
0.0078277588
0.0156402588
-0.0219116211
0.9860992432
0.0000000000
0.0000000000
-0.1095733643
0.0766906738
0.0657348633
0.0328674316
-0.0705871582
-0.0941162109
0.7059020996
-0.2353057861
-0.4941253662
0.2823638916
-0.1882476807
0.2353057861
0.0000000000
-0.8616638184
0.0538482666
-0.2154083252
0.0538482666
-0.1884918213
0.2423400879
-0.2962036133
0.9719848633
-0.0747680664
0.1121520996
0.1121520996
0.0373840332
0.0560760498
-0.0560760498
0.0747680664
0.0000000000
0.0000000000
0.0000000000
-0.0785675049
0.0000000000
0.0000000000
0.0785675049
0.0000000000
-0.1190643311
0.1190643311
0.0000000000
0.1190643311
-0.1190643311
0.5953521729
0.0000000000
0.1190643311
0.0465393066
0.9958343506
0.0000000000
-0.0186157227
-0.0279235840
0.0465393066
0.0000000000
0.0093078613
-0.0492553711
0.0123138428
-0.2955474854
0.9359130859
0.0246276855
0.1354675293
0.0246276855
-0.0985107422
0.0210571289
0.0210571289
0.1263122559
0.0631561279
-0.8842315674
-0.1263122559
-0.4000091553
0.0842132568
0.2728424072
-0.0909423828
0.1819000244
0.0000000000
0.8640289307
-0.1819000244
-0.1364288330
-0.1364288330
-0.1122283936
-0.2805786133
-0.3086395264
-0.0561218262
0.6172790527
0.6172790527
-0.1402893066
0.0561218262
0.1166229248
0.2332305908
-0.2332305908
0.4664764404
-0.2332305908
0.0000000000
-0.1166229248
-0.2332305908
0.9882812500
0.0253448486
0.0633544922
-0.0126647949
0.0380096436
-0.0126647949
-0.1013641357
0.0380096436
-0.0386657715
-0.0773162842
0.9407043457
0.2190704346
-0.0128936768
0.1804046631
0.1159820557
-0.0902099609
-0.3035888672
0.1517944336
0.3794860840
0.3035888672
0.7210235596
0.2656402588
-0.0758972168
0.0758972168
-0.0513458252
0.1026763916
0.1026763916
-0.0102691650
-0.0102691650
-0.0102691650
-0.9857177734
-0.0308074951
-0.2181701660
0.1454467773
-0.7635803223
-0.2181701660
0.0000000000
0.4727020264
0.1818084717
-0.0363616943
-0.0324707031
0.9850006104
-0.1298980713
-0.0649414062
0.0216522217
-0.0433044434
0.0324707031
0.0216522217
-0.1064758301
0.0000000000
0.0000000000
0.0000000000
0.0000000000
0.0000000000
0.2129516602
0.0000000000
-0.1040344238
-0.1040344238
0.2861022949
0.2601013184
-0.3121185303
0.5982208252
0.5722198486
-0.1560516357
0.4272003174
0.3822326660
0.5171356201
0.1573944092
0.4946441650
0.2922973633
-0.1798706055
0.0224914551
0.2075347900
0.1245117188
0.1660308838
-0.4980773926
-0.2905426025
-0.5810852051
-0.4150543213
-0.1245117188
0.0911560059
0.0000000000
0.0911560059
-0.0911560059
0.0000000000
0.0000000000
0.0000000000
0.0000000000
0.7441558838
0.0169067383
-0.2536926270
0.0000000000
-0.5581207275
0.0676574707
-0.2367706299
-0.0169067383
-0.0131683350
-0.0395202637
0.9748687744
0.1053924561
0.1580810547
-0.0526885986
-0.0526885986
-0.0263519287
0.1064758301
0.0000000000
0.0000000000
-0.1064758301
0.1064758301
0.0000000000
-0.1064758301
-0.1064758301
-0.0218811035
0.0218811035
0.0218811035
-0.9959106445
-0.0437774658
0.0218811035
0.0000000000
0.0218811035
-0.0456390381
0.9924926758
-0.0456390381
-0.0114135742
-0.0456390381
-0.0342254639
0.0456390381
0.0342254639
-0.3307189941
0.1653594971
0.0826873779
0.2480316162
-0.0826721191
-0.3307189941
0.6614379883
0.0826873779
-0.1136627197
0.1363983154
0.8865661621
-0.0909271240
0.1363983154
0.0454711914
-0.0681915283
-0.3637237549
0.2408752441
0.0000000000
-0.0802917480
-0.4014587402
0.2408752441
0.3211669922
-0.4014587402
-0.4817504883
0.0000000000
0.0313568115
0.0627288818
0.9957427979
-0.0313568115
-0.0235290527
-0.0078430176
0.0000000000
0.0331573486
0.9835510254
-0.0442047119
0.0000000000
-0.1105194092
0.0663146973
0.0773620605
0.0552520752
-0.0675811768
0.0450592041
0.7209472656
-0.2027587891
-0.4280548096
0.3829956055
-0.2478179932
0.1576995850
-0.0253753662
-0.9134674072
0.0761260986
-0.1015014648
0.0253753662
-0.1522369385
0.2283630371
-0.2283630371
0.9821472168
-0.1002197266
0.0400848389
0.0601348877
0.0200500488
0.0400848389
-0.0601348877
0.0400848389
-0.1234283447
-0.2468566895
0.2468566895
0.1234283447
-0.1234283447
-0.1234283447
0.3703002930
0.1234283447
0.0000000000
-0.3370056152
-0.1123352051
0.0000000000
-0.1123352051
-0.5616760254
0.1123352051
-0.2246704102
0.0147552490
0.9883880615
0.0590057373
-0.0885162354
-0.0442504883
-0.0295104980
0.0295104980
-0.0295104980
-0.0532836914
0.0133209229
-0.3730316162
0.8260040283
-0.0266418457
-0.1598663330
0.0666198730
-0.3730316162
0.2243347168
-0.0747833252
-0.4486541748
0.0373840332
-0.8225402832
-0.0373840332
0.1121673584
-0.0747833252
0.0430603027
0.1722106934
0.3013763428
0.2583160400
-0.4305267334
-0.6888427734
0.0000000000
-0.3013763428
0.1793212891
0.4483184814
0.0000000000
-0.1793212891
-0.8069610596
-0.0896606445
-0.0896606445
-0.0448303223
0.1610870361
-0.1073913574
-0.7517547607
0.2147827148
0.4295806885
0.1610870361
0.0000000000
-0.2147827148
0.8651733398
0.1138458252
0.0227661133
-0.0682983398
-0.3642883301
0.1593780518
-0.1821441650
-0.1593780518
0.0852661133
-0.0426330566
0.9591827393
0.2344665527
-0.0319671631
0.0319671631
0.0319671631
-0.0959167480
-0.5308380127
0.1769409180
0.0000000000
0.0000000000
0.5308380127
0.3538970947
0.0000000000
0.0884704590
-0.1178894043
0.0442047119
-0.0147399902
0.0884094238
-0.0147399902
0.0736846924
-0.9725799561
-0.1326293945
0.3684997559
-0.1228332520
0.6755981445
0.1842498779
0.2456665039
-0.3684997559
-0.1842498779
0.0614166260
0.0427093506
0.9930725098
-0.0640716553
0.0000000000
0.0106811523
0.0640716553
0.0000000000
0.0000000000
-0.1150360107
0.0000000000
0.0000000000
0.0000000000
0.1150360107
-0.2300720215
-0.1150360107
0.0000000000
-0.0881347656
-0.0881347656
-0.0881347656
0.0000000000
0.0881347656
-0.6169738770
-0.4407043457
0.3525543213
0.3856353760
0.4499206543
0.6427307129
0.2249603271
0.1606903076
0.1606903076
-0.1285400391
0.2892303467
0.1249389648
0.0000000000
-0.1249389648
0.0000000000
-0.3748321533
0.1249389648
0.1249389648
0.2498779297
0.2416839600
0.0000000000
0.2416839600
0.1208343506
-0.2416839600
-0.2416839600
0.3625183105
0.1208343506
0.8791961670
0.1417999268
-0.2552490234
-0.1985321045
-0.1701660156
0.1985321045
0.0850830078
-0.0283660889
-0.0758361816
-0.1263885498
0.9099578857
-0.1011047363
-0.1011047363
0.2780456543
0.1769409180
-0.0252838135
-0.1202545166
-0.3607788086
-0.3607788086
0.0000000000
0.0000000000
0.1202545166
-0.2405242920
0.2405242920
-0.0539703369
-0.0179901123
0.0179901123
-0.9895782471
-0.0179901123
0.0000000000
-0.0359802246
-0.0719757080
-0.0145263672
0.9874725342
-0.0726013184
-0.0435638428
-0.0145263672
-0.0145263672
0.0000000000
-0.1016540527
-0.2831115723
0.3397216797
0.1698608398
0.2264862061
0.5662078857
-0.2831115723
0.1132354736
0.4529724121
-0.5355072021
0.0000000000
0.5355072021
0.0000000000
0.2295074463
-0.3825073242
0.1529998779
-0.0765075684
-0.0510559082
-0.5615386963
0.1020965576
-0.2041931152
0.0000000000
0.1531524658
0.1020965576
-0.7146911621
0.0577545166
-0.0096282959
-0.0481414795
0.9915771484
-0.0481414795
-0.0288848877
-0.0192565918
0.0673828125
-0.1407318115
0.9851531982
0.0000000000
-0.0383758545
0.0000000000
-0.0511779785
-0.0127868652
0.0127868652
0.3427581787
-0.0228576660
0.7997741699
-0.1599578857
-0.0228576660
0.4113159180
-0.1599578857
0.0685577393
0.0923919678
-0.9239196777
-0.0462036133
0.0000000000
-0.1385955811
-0.1385955811
-0.0923919678
0.1385955811
0.9399871826
0.2350006104
0.0335693359
0.0000000000
0.0335693359
0.0000000000
-0.0671386719
0.1342773438
0.0000000000
-0.1237182617
0.1237182617
0.0000000000
-0.2474365234
-0.1237182617
0.2474365234
0.1237182617
0.0000000000
-0.1150360107
-0.1150360107
0.0000000000
0.0000000000
-0.2300720215
0.0000000000
0.1150360107
0.0319061279
0.9888610840
0.0637969971
-0.0797424316
-0.0478515625
0.0000000000
0.0159454346
0.0000000000
-0.0585632324
-0.0146484375
-0.3807067871
0.7760620117
0.0000000000
-0.2196350098
0.1171417236
-0.4246368408
0.1287536621
0.0257568359
-0.2059936523
-0.0257568359
-0.9269866943
0.2059936523
0.0772552490
-0.1029968262
0.0560913086
0.1121673584
0.4486846924
0.3365173340
-0.3926086426
-0.3926086426
-0.0560913086
-0.5047760010
0.1968383789
0.3936767578
-0.1968383789
-0.2624511719
-0.7217407227
0.0000000000
-0.1312255859
-0.1312255859
0.0000000000
-0.0729980469
-0.7299804688
0.0000000000
0.4379882812
0.2189941406
0.1459960938
0.1459960938
0.8065338135
0.1764373779
0.0252075195
-0.1764373779
-0.3780670166
0.2016296387
-0.2268371582
-0.1764373779
0.0319213867
-0.0744781494
0.9469146729
0.2659912109
-0.0638427734
0.0744781494
0.0851135254
-0.0744781494
0.0000000000
0.3214111328
-0.1071319580
-0.1071319580
0.5356903076
0.3214111328
0.2142791748
0.1071319580
-0.1352233887
0.1014099121
0.0169067383
0.0507049561
0.0000000000
0.0507049561
-0.9634704590
-0.1690216064
0.4275207520
-0.1221466064
0.7328948975
0.1221466064
0.2442932129
-0.2442932129
-0.0610809326
-0.0610809326
0.0456237793
0.9923553467
-0.0798492432
-0.0342254639
0.0000000000
0.0114135742
-0.0114135742
-0.0342254639
-0.1250000000
-0.1250000000
0.1250000000
0.1250000000
0.0000000000
-0.2500000000
-0.2500000000
0.2500000000
0.0741729736
-0.4450836182
-0.2225341797
-0.2225341797
0.2967224121
-0.5934448242
-0.2225341797
0.1483612061
0.3829650879
0.4340209961
0.6127319336
0.1787109375
0.2042388916
0.2297821045
-0.1787109375
0.3318939209
0.0000000000
-0.3264617920
-0.1088256836
0.4352722168
-0.2176361084
0.3264617920
0.2176361084
-0.2176361084
0.2498779297
0.0000000000
0.1249389648
0.0000000000
-0.1249389648
-0.1249389648
0.3748321533
-0.1249389648
0.8650360107
0.0920257568
-0.2760772705
-0.2208557129
-0.2392578125
0.2208557129
-0.0368041992
0.0000000000
-0.0648040771
-0.2268371582
0.9397583008
-0.0324096680
0.0000000000
0.1296234131
0.0000000000
-0.0972137451
-0.2428131104
-0.1213989258
-0.3642120361
0.0000000000
0.3642120361
0.1213989258
-0.1213989258
0.1213989258
-0.0420379639
-0.0210113525
0.0630493164
-0.9877471924
0.0000000000
-0.0210113525
-0.0420379639
-0.0420379639
-0.0285339355
0.9846038818
-0.0713500977
-0.0142669678
0.0570831299
-0.0285339355
-0.0285339355
-0.1141510010
-0.2294311523
0.4588775635
0.3441619873
0.2867889404
0.4588775635
-0.2867889404
0.2294311523
0.2867889404
-0.2201538086
0.2201538086
0.5137023926
0.0000000000
0.2201538086
-0.4403076172
0.1467742920
-0.4403076172
0.0000000000
-0.6662445068
0.0512542725
-0.2050018311
-0.0512542725
0.2050018311
-0.0512542725
-0.6149902344
0.0263214111
0.0000000000
-0.0350952148
0.9912719727
-0.0877227783
-0.0350952148
-0.0175476074
0.0614013672
-0.1100769043
0.9906921387
0.0110015869
-0.0440368652
0.0110015869
-0.0110015869
-0.0110015869
0.0110015869
0.2451629639
-0.0222930908
0.8246459961
-0.1560058594
-0.1560058594
0.3565979004
-0.2228698730
0.1337280273
0.1317443848
-0.9222106934
0.0000000000
-0.0439147949
-0.1317443848
-0.2195739746
0.0439147949
0.0000000000
0.9462585449
0.1831512451
0.1221008301
0.0915679932
0.0305175781
0.1221008301
0.0305175781
0.0305175781
0.0000000000
0.0000000000
0.0000000000
-0.3703002930
-0.2468566895
-0.2468566895
0.2468566895
0.1234283447
-0.2498626709
0.0000000000
0.0000000000
0.0000000000
0.0000000000
-0.1249389648
-0.1249389648
0.3748016357
0.0000000000
0.9947967529
0.0445404053
-0.0296936035
0.0148468018
0.0000000000
0.0000000000
-0.0148468018
-0.0606384277
0.0000000000
-0.4093170166
0.7731628418
0.0303192139
-0.1667633057
0.1212768555
-0.4244842529
0.1001586914
0.0000000000
-0.1802825928
-0.0801239014
-0.9414825439
0.2003173828
-0.0400695801
-0.1001586914
0.0565338135
0.2261199951
0.4522552490
0.2261199951
-0.2826538086
-0.3391876221
-0.0565338135
-0.6218414307
0.1093902588
0.2187805176
-0.4375762939
-0.1093902588
-0.4375762939
0.2187805176
0.0000000000
0.2187805176
-0.1219482422
-0.1219482422
-0.2438964844
-0.2438964844
-0.2438964844
0.3658599854
-0.1219482422
0.1219482422
0.8227996826
0.1556701660
0.0444793701
-0.0667114258
-0.3113250732
0.1556701660
-0.3780517578
-0.1111907959
0.0102691650
-0.1233215332
0.9351654053
0.2980194092
-0.0411071777
0.0924835205
0.0822143555
-0.0308227539
0.3072509766
0.3072509766
-0.1024169922
-0.1024169922
0.5120697021
0.2048339844
0.3072509766
-0.1024169922
-0.1286163330
0.1286163330
0.0183715820
0.0551147461
0.0551147461
0.0551147461
-0.9554443359
-0.1837463379
0.3566131592
-0.0891571045
0.7132263184
0.0000000000
0.0000000000
-0.2674560547
0.0891571045
0.0000000000
0.0228118896
0.9922332764
-0.0912322998
-0.0342102051
0.0113983154
0.0113983154
-0.0228118896
-0.0228118896
-0.1247863770
0.0000000000
0.2495727539
0.2495727539
-0.1247863770
-0.2495727539
0.0000000000
0.2495727539
0.0739746094
-0.6658172607
-0.2219390869
-0.2959136963
0.2959136963
-0.3698883057
0.0739746094
0.0000000000
0.3926849365
0.4157867432
0.6236877441
0.1154937744
0.2540893555
0.3002929688
-0.1847991943
0.2540893555
-0.0888061523
-0.3552398682
0.2664337158
0.4440612793
0.0000000000
0.2664337158
0.3552398682
-0.3552398682
0.2484588623
-0.1242218018
0.1242218018
-0.1242218018
0.2484588623
0.0000000000
0.0000000000
-0.3726806641
0.8499450684
0.0455322266
-0.2731933594
-0.2428436279
-0.3035583496
0.1821289062
-0.0910644531
-0.0303497314
-0.1193542480
-0.2685394287
0.8951263428
0.0000000000
0.1193542480
-0.0596771240
-0.1491851807
-0.2088623047
0.0000000000
0.1242218018
-0.2484588623
0.1242218018
0.3726806641
-0.2484588623
0.0000000000
-0.1242218018
0.0000000000
0.0000000000
0.0000000000
-0.9921112061
0.0354309082
-0.0177154541
-0.0354309082
-0.0531463623
0.0000000000
0.9832763672
-0.0421447754
0.0140533447
0.1123809814
-0.0140533447
-0.0702362061
-0.0842742920
-0.2016296387
0.5377044678
0.4032745361
0.2688446045
0.2016296387
-0.2016296387
0.4032745361
0.2016296387
0.0552215576
0.3865814209
0.5522613525
0.0000000000
0.2209014893
-0.3865814209
0.2209014893
-0.4418182373
0.0000000000
-0.8285064697
0.0637359619
-0.0637359619
0.0000000000
0.2549285889
-0.0637359619
-0.3186645508
0.0091857910
0.0091857910
-0.0091857910
0.9922485352
-0.1010589600
-0.0275573730
-0.0275573730
0.0275573730
-0.0696105957
0.9944458008
0.0298309326
-0.0397796631
0.0198822021
0.0000000000
-0.0099487305
-0.0099487305
0.2022094727
0.0224609375
0.8088073730
-0.1123352051
-0.2471313477
0.3594665527
-0.2696075439
0.1123352051
0.2246093750
-0.8535156250
0.0898437500
-0.1796875000
-0.1347656250
-0.1796875000
0.1796875000
-0.1796875000
0.9381561279
0.1202697754
0.0962219238
0.1924438477
-0.0240478516
0.1924438477
0.0481109619
0.0240478516
-0.1199951172
-0.1199951172
0.1199951172
-0.2400054932
0.1199951172
-0.1199951172
0.0000000000
0.0000000000
-0.1247253418
0.0000000000
0.1247253418
-0.1247253418
0.0000000000
-0.1247253418
-0.1247253418
0.3741607666
-0.0272216797
0.9938659668
0.0136108398
-0.0272216797
0.0544586182
0.0136108398
-0.0272216797
-0.0272216797
-0.0631561279
0.0315856934
-0.3947448730
0.8210601807
-0.0157928467
-0.0947418213
0.1263122559
-0.3631591797
0.1603240967
-0.0712585449
-0.2137756348
-0.0890655518
-0.9263458252
0.1246948242
-0.1425170898
-0.1068878174
0.2231445312
0.2975311279
0.4462890625
0.1487579346
-0.0743865967
-0.2975311279
-0.2975311279
-0.5206756592
0.0000000000
-0.1928405762
-0.4821166992
-0.0964202881
-0.0964202881
0.3856964111
-0.2892761230
0.3856964111
0.0000000000
-0.2222900391
0.5557098389
0.0000000000
-0.3334350586
0.2222900391
0.0000000000
0.1111450195
0.8153228760
0.1045227051
-0.0209045410
0.0836181641
-0.2717742920
0.1254272461
-0.4599151611
-0.0418090820
0.0378570557
-0.1703491211
0.9274597168
0.3028411865
0.0094604492
0.1135711670
0.0378570557
-0.0189208984
0.0000000000
0.2522888184
0.1681976318
0.1681976318
0.6727905273
0.4204864502
0.0840911865
0.0000000000
-0.1679687500
0.2052917480
0.1119842529
0.1493072510
0.0933074951
0.1493072510
-0.8958129883
-0.2239532471
-0.1245422363
0.0000000000
-0.1245422363
0.0000000000
-0.3736267090
-0.2490844727
0.2490844727
0.0000000000
0.0314178467
0.9842529297
-0.1570587158
-0.0314178467
0.0104675293
-0.0209350586
-0.0209350586
-0.0104675293
0.0000000000
0.2400054932
0.1199951172
0.1199951172
-0.1199951172
-0.1199951172
0.0000000000
0.1199951172
0.0000000000
-0.6415557861
-0.0916442871
-0.2749481201
0.0916442871
0.1833038330
0.3666076660
-0.1833038330
0.3978424072
0.3978424072
0.5768737793
0.1591339111
0.2784881592
0.3182830811
-0.2586059570
0.2586059570
-0.1491699219
-0.2983398438
0.5221099854
0.4475250244
0.0000000000
-0.0745849609
-0.1491699219
-0.4475250244
0.2270965576
-0.1135406494
0.4541778564
-0.2270965576
0.2270965576
-0.1135406494
0.0000000000
-0.3406372070
0.8008880615
-0.0142974854
-0.3146362305
-0.2574310303
-0.3718414307
0.2002258301
-0.0858154297
-0.0286102295
-0.1524047852
-0.2438507080
0.8535003662
0.0000000000
0.1219329834
-0.1524047852
-0.2743377686
-0.2133789062
0.1064758301
0.1064758301
0.0000000000
0.1064758301
0.1064758301
0.0000000000
0.0000000000
0.1064758301
0.0000000000
0.0000000000
-0.0590972900
-0.9898986816
0.0443267822
-0.0443267822
0.0147705078
-0.0738677979
0.0124206543
0.9813842773
-0.0124206543
0.0124206543
0.1366424561
0.0372619629
-0.0869598389
-0.0621185303
-0.0855865479
0.4279479980
0.4279479980
0.1711730957
-0.2567596436
-0.0855865479
0.5135345459
0.0855865479
0.1469116211
0.4407196045
0.6243591309
0.0367279053
0.1836395264
-0.2938232422
0.2570953369
-0.4039916992
0.2632446289
-0.7370605469
0.0526428223
-0.1579437256
0.0000000000
0.4738311768
0.0000000000
-0.2105865479
-0.0094451904
0.0094451904
-0.0189056396
0.9923706055
-0.1039581299
-0.0283508301
-0.0094451904
-0.0094451904
-0.0688934326
0.9939727783
0.0393676758
-0.0492095947
0.0098419189
0.0000000000
0.0000000000
-0.0098419189
0.0712280273
-0.0237426758
0.8309478760
-0.2136688232
-0.3323822021
0.2136688232
-0.2374114990
0.1661834717
0.1142578125
-0.7998046875
0.1142578125
-0.3046875000
-0.1142578125
-0.1904296875
0.2285156250
-0.3046875000
0.9241790771
0.1577911377
0.0450744629
0.2028656006
0.0450744629
0.2028656006
0.0000000000
0.1352386475
0.0000000000
-0.1178436279
-0.1178436279
-0.2357025146
0.1178436279
0.0000000000
0.0000000000
-0.1178436279
-0.1243286133
0.1243286133
0.0000000000
0.1243286133
0.1243286133
-0.1243286133
-0.2486572266
0.2486572266
-0.0364074707
0.9951934814
-0.0121307373
-0.0121307373
0.0242767334
0.0121307373
-0.0485534668
-0.0121307373
-0.0139923096
0.0419921875
-0.3638916016
0.8817443848
-0.0419921875
-0.0279846191
0.1259613037
-0.2519226074
0.1464691162
-0.0836944580
-0.1883087158
-0.0627746582
-0.9206542969
0.0418548584
-0.2301635742
-0.1255493164
0.1247253418
0.3117980957
0.2494506836
-0.1247253418
0.6859741211
0.1247253418
-0.4365234375
-0.0623626709
0.0533142090
-0.4265136719
-0.6397857666
0.0533142090
0.2132568359
0.4265136719
-0.1066284180
0.2665710449
0.2438964844
0.1219482422
0.3658599854
0.2438964844
-0.1219482422
0.2438964844
0.1219482422
0.1219482422
0.8742980957
0.0437164307
-0.0655670166
0.1529998779
-0.1092834473
0.1529998779
-0.3934326172
0.0218505859
0.0187683105
-0.1407775879
0.9291687012
0.3003387451
0.0281524658
0.1313934326
0.0563201904
-0.0469207764
-0.3557281494
0.2845764160
0.3557281494
0.0711517334
0.6403198242
0.2845764160
0.0000000000
0.0000000000
-0.1480255127
0.1480255127
0.1850280762
0.1850280762
0.1110076904
0.1850280762
-0.8881072998
-0.2035217285
-0.3454742432
0.1381988525
-0.7600555420
0.0000000000
0.0000000000
0.0690917969
0.2072906494
-0.2763824463
0.0096435547
0.9742126465
-0.2122039795
-0.0289306641
0.0000000000
-0.0385894775
-0.0096435547
0.0192871094
0.1178436279
0.2357025146
0.1178436279
0.1178436279
0.0000000000
0.0000000000
-0.1178436279
0.0000000000
0.0000000000
-0.1654357910
0.2205657959
-0.0551452637
-0.1102905273
0.7168579102
0.4962921143
-0.2205657959
0.3603057861
0.4143524170
0.5404663086
0.2161865234
0.2702331543
0.3783264160
-0.3062591553
0.1981658936
0.0000000000
-0.1266937256
0.3800964355
0.1900482178
-0.0633544922
-0.4434356689
-0.5701446533
-0.3800964355
0.1178436279
0.0000000000
0.5892486572
-0.1178436279
0.1178436279
0.0000000000
0.0000000000
-0.2357025146
0.7439117432
-0.1001434326
-0.3433532715
-0.1859741211
-0.4864044189
0.2002868652
0.0000000000
0.0286102295
-0.1570892334
-0.3141632080
0.7068786621
0.1963500977
0.0392761230
-0.0392761230
-0.5105285645
-0.1570892334
0.0000000000
0.0588226318
0.0000000000
0.0000000000
0.0000000000
0.0000000000
0.0000000000
0.0000000000
-0.0418701172
0.0279083252
-0.0558166504
-0.9907989502
-0.0279083252
-0.0697784424
0.0279083252
0.0000000000
-0.0335540771
0.9842987061
0.0000000000
0.0111846924
0.1454010010
0.0335540771
-0.0559234619
-0.0223693848
0.3165283203
0.1055145264
0.3165283203
0.0000000000
-0.3165283203
0.0000000000
0.5275421143
0.0000000000
0.2028045654
0.4394073486
0.6083984375
0.0337982178
0.2704010010
-0.3718109131
0.2704010010
-0.2704010010
0.2975311279
-0.5454559326
-0.0495910645
-0.2479400635
-0.1487579346
0.4462890625
-0.0495910645
-0.4958801270
-0.0181121826
0.0090484619
0.0000000000
0.9959259033
-0.0452728271
0.0090484619
0.0000000000
-0.0543212891
-0.0563659668
0.9919586182
0.0225372314
-0.0450897217
-0.0450897217
-0.0112762451
0.0450897217
0.0450897217
-0.1179809570
-0.0235900879
0.7786560059
-0.2831420898
-0.3539276123
0.1415710449
-0.2359619141
0.2831420898
0.0000000000
-0.8652343750
0.0617980957
-0.2781066895
0.0000000000
-0.2163085938
0.1236114502
-0.2781066895
0.9127960205
0.0869293213
0.0434722900
0.1956024170
0.1521301270
0.1956024170
-0.0652008057
0.1956024170
0.1199951172
0.0000000000
-0.2400054932
-0.2400054932
0.0000000000
0.0000000000
0.0000000000
0.0000000000
0.1249389648
0.0000000000
-0.2498626709
0.2498626709
0.1249389648
0.0000000000
-0.2498626709
0.1249389648
-0.0116882324
0.9934844971
-0.0467529297
0.0233764648
-0.0116882324
0.0116882324
-0.0701293945
0.0233764648
0.0139160156
0.0000000000
-0.3477172852
0.9040832520
-0.0556335449
-0.0139160156
0.1390838623
-0.1808166504
0.0267181396
-0.0801696777
0.0000000000
-0.0534515381
-0.9353485107
0.0534515381
-0.2672424316
-0.1336212158
-0.0463867188
0.2319641113
-0.0463867188
-0.0927886963
0.8350982666
0.1855773926
-0.2783660889
0.2319641113
0.1950073242
-0.3900146484
-0.6630249023
0.1560058594
0.3120117188
0.4290161133
-0.0390014648
0.1170043945
0.1937103271
0.5811157227
0.0000000000
0.2905578613
-0.2905578613
0.0000000000
0.1937103271
0.2905578613
0.9565582275
-0.0258483887
0.0258483887
0.0775604248
0.1034088135
0.1034088135
-0.1551208496
0.1034088135
-0.0118103027
-0.0590209961
0.9444427490
0.2243041992
0.0118103027
0.1770782471
0.0826416016
-0.1062469482
-0.3666076660
0.2749481201
0.2749481201
-0.2749481201
0.5499114990
0.0916442871
0.0000000000
-0.1833038330
-0.0665740967
0.0332794189
0.1664276123
0.0832214355
0.0332794189
0.0665740967
-0.9653167725
-0.1165008545
-0.4456329346
0.1782531738
-0.7130126953
-0.1336975098
0.0891265869
0.2228240967
0.2673797607
-0.2228240967
-0.0225830078
0.9712066650
-0.2032775879
-0.0451660156
-0.0564727783
-0.0677642822
0.0225830078
0.0225830078
-0.2432556152
0.0000000000
0.2432556152
0.1216278076
0.0000000000
0.0000000000
0.0000000000
0.1216278076
-0.0375976562
0.0000000000
0.3007965088
0.0751953125
-0.1503906250
0.7143707275
0.5639801025
-0.0751953125
0.3986663818
0.4318847656
0.4817199707
0.2491607666
0.2491607666
0.4152832031
-0.2989959717
0.1661071777
0.2580718994
0.0000000000
0.1720581055
-0.1290435791
-0.0430145264
-0.6452026367
-0.6021881104
-0.2150726318
0.1213989258
-0.2428131104
0.4856262207
-0.1213989258
0.0000000000
0.0000000000
0.0000000000
-0.2428131104
0.6853027344
-0.1305389404
-0.3426513672
-0.0815887451
-0.5874023438
0.1631622314
0.0489501953
0.0815887451
-0.0466003418
-0.5125427246
0.0931854248
0.3261718750
0.0931854248
0.0931854248
-0.6523284912
-0.3261718750
0.1000061035
0.0000000000
0.0000000000
-0.1000061035
0.1000061035
-0.1000061035
0.0000000000
0.0000000000
-0.0314178467
0.0314178467
-0.0314178467
-0.9897003174
-0.0785522461
-0.0471343994
0.0314178467
0.0157165527
-0.0797271729
0.9908142090
0.0341644287
-0.0113830566
0.0797271729
-0.0113830566
0.0000000000
0.0000000000
0.4018859863
-0.1004791260
0.2009429932
0.1004791260
0.0000000000
-0.1004791260
0.6028289795
0.2009429932
0.1800537109
0.4501190186
0.4051055908
0.1350402832
0.4501190186
-0.4951324463
0.2250671387
-0.1350402832
0.4075775146
-0.4075775146
-0.2328948975
-0.2911224365
-0.0582275391
0.4075775146
-0.1746673584
-0.4657897949
0.0000000000
0.0000000000
0.0093078613
0.9962158203
-0.0093078613
0.0372467041
-0.0093078613
-0.0558624268
0.0000000000
0.9851074219
-0.0285491943
0.0000000000
-0.0856628418
0.0142822266
0.0856628418
0.0856628418
-0.1771697998
0.0253143311
0.7845764160
-0.2530975342
-0.2783966064
0.2024688721
-0.2024688721
0.3290100098
-0.0626068115
-0.9392242432
0.0000000000
-0.1565399170
0.0000000000
-0.1565399170
0.0939178467
-0.1565399170
0.9254608154
0.0000000000
0.0192871094
0.2313690186
0.1156768799
0.1928100586
-0.0578460693
0.1542358398
0.0000000000
-0.1064758301
0.1064758301
0.1064758301
0.0000000000
0.0000000000
0.1064758301
-0.1064758301
-0.1082458496
-0.2165069580
-0.1082458496
0.2165069580
-0.1082458496
-0.6495208740
0.0000000000
-0.1082458496
0.0294952393
0.9439392090
0.1474914551
-0.0589904785
-0.0294952393
-0.1769866943
0.0294952393
-0.1474914551
0.0000000000
0.0137634277
-0.3992156982
0.8121948242
-0.0137634277
-0.0550689697
0.1101226807
-0.3992156982
0.2967224121
-0.0741729736
-0.5934448242
-0.0741729736
-0.1483612061
0.2225341797
0.5192565918
-0.1483612061
-0.1259460449
0.5037841797
0.5667572021
0.1259460449
0.1259460449
-0.3778381348
-0.0629730225
-0.3148651123
-0.0553894043
0.4985656738
-0.1107940674
-0.2769775391
-0.7201385498
0.0000000000
-0.1661834717
0.1107940674
-0.1350250244
-0.0675201416
-0.7426757812
0.0000000000
0.4726104736
0.0675201416
0.0675201416
-0.2025451660
0.9234771729
0.0419769287
0.0000000000
-0.0209808350
-0.2098846436
0.0419769287
-0.2518615723
-0.1469116211
0.0664215088
-0.1660614014
0.9410247803
0.2435607910
0.0553588867
0.0885620117
-0.0221405029
-0.0885620117
-0.4326019287
0.4326019287
-0.1730346680
0.0865173340
0.4326019287
-0.2595672607
0.2595672607
0.0865173340
-0.1818389893
-0.0181884766
0.0000000000
0.1636657715
0.0181884766
0.1454772949
-0.9274139404
-0.2182159424
0.0862121582
0.0862121582
0.6896514893
0.0000000000
0.0862121582
-0.4310302734
-0.1724090576
0.1724090576
0.0680084229
0.9747009277
-0.1926727295
0.0226745605
0.0113372803
0.0566711426
-0.0113372803
-0.0113372803
0.0000000000
-0.1243286133
0.1243286133
0.2486572266
-0.1243286133
-0.2486572266
-0.1243286133
0.1243286133
-0.1014251709
-0.1014251709
0.1014251709
0.1014251709
-0.1014251709
-0.4057312012
-0.6085968018
0.2028656006
0.2500915527
0.4501647949
0.5001831055
0.4001464844
0.2000732422
0.2000732422
-0.2000732422
0.3501281738
0.6363220215
-0.2386169434
-0.2386169434
0.0000000000
-0.0795440674
-0.3181610107
0.3976898193
0.0000000000
-0.1237182617
0.0000000000
-0.2474365234
0.0000000000
-0.1237182617
-0.2474365234
0.1237182617
0.1237182617
0.8347015381
0.0736541748
-0.1963958740
-0.3191528320
-0.3437042236
0.0982055664
-0.0982055664
0.0245513916
-0.2882232666
-0.1152801514
0.5764312744
-0.1729278564
0.0576477051
0.4611511230
0.4611511230
-0.0576477051
-0.1216278076
0.0000000000
-0.1216278076
-0.1216278076
0.1216278076
0.1216278076
-0.2432556152
0.1216278076
0.0000000000
-0.0588684082
-0.0981140137
-0.9811248779
-0.0196228027
-0.0196228027
0.0981140137
0.0392456055
0.1028137207
0.9458770752
-0.1233673096
0.2056274414
0.0822448730
0.0000000000
-0.0411224365
-0.1233673096
-0.3856964111
0.4714050293
0.3428344727
0.3856964111
0.3428344727
-0.3428344727
-0.0428619385
0.2571258545
-0.1251678467
0.2503356934
0.8761596680
0.0834503174
0.1668853760
-0.0834503174
0.1668853760
-0.1668853760
-0.0657501221
-0.5917816162
0.0657501221
-0.1972656250
-0.1315002441
0.0657501221
0.0657501221
-0.6575317383
0.1467437744
-0.0183410645
-0.0550231934
0.9538269043
-0.0917205811
-0.1467437744
-0.0550231934
0.1467437744
-0.1107788086
0.9231719971
0.0000000000
-0.0738525391
0.1846313477
-0.0738525391
-0.1846313477
0.1107788086
0.3058929443
0.3058929443
0.6823730469
-0.0235290527
-0.0705871582
0.4705963135
-0.3058929443
-0.0941162109
0.0428924561
-0.9436798096
0.1715698242
0.0000000000
-0.0428924561
-0.0857849121
-0.0428924561
0.0857849121
0.9452972412
0.1454315186
-0.0242309570
0.0242309570
0.1211853027
0.0242309570
-0.1696624756
0.1454315186
-0.1237182617
0.0000000000
0.2474365234
0.1237182617
0.1237182617
0.0000000000
0.1237182617
-0.2474365234
-0.2295379639
-0.2295379639
0.0000000000
0.1147766113
-0.1147766113
-0.5738525391
-0.1147766113
0.1147766113
0.0387115479
0.9290008545
0.0774230957
-0.0774230957
-0.0774230957
-0.2322540283
-0.0387115479
-0.1161193848
0.1109008789
0.0138549805
-0.4158630371
0.7346954346
-0.0415802002
-0.1940765381
0.1802062988
-0.4435882568
0.1252136230
0.0000000000
-0.1878051758
-0.1252136230
-0.3130187988
0.6260375977
0.5008239746
-0.2504119873
-0.0637359619
0.4461212158
0.6373138428
0.0637359619
0.2549285889
-0.1911926270
0.0637359619
-0.3823852539
0.0641174316
0.4488525391
-0.1923675537
-0.3206024170
-0.7053375244
0.0641174316
0.1282348633
0.0000000000
-0.1534423828
-0.2301635742
-0.5370635986
0.0000000000
0.5370635986
0.0000000000
0.2301635742
0.3068847656
0.8468017578
0.0686645508
-0.0457763672
0.0000000000
-0.2975311279
0.2059783936
-0.3204193115
-0.1602020264
0.0560302734
-0.2129058838
0.9188537598
0.2689361572
0.0784454346
0.1344604492
-0.0224151611
-0.0784454346
0.0000000000
0.3388214111
-0.2258758545
0.1129455566
0.3388214111
-0.1129455566
0.4517517090
0.0000000000
-0.2267913818
0.1587524414
0.1587524414
0.1814422607
0.0453643799
0.2041168213
-0.8391418457
-0.3175201416
0.1773834229
0.0000000000
0.8278198242
-0.0591278076
0.0591278076
-0.3547821045
-0.1773834229
0.0591278076
0.0869750977
0.9442596436
-0.2981872559
0.0248565674
0.0000000000
0.0124206543
-0.0248413086
-0.0745391846
0.1088256836
0.0000000000
0.1088256836
0.4352722168
0.0000000000
-0.2176361084
0.0000000000
0.5440979004
-0.0959930420
0.0000000000
0.0959930420
0.0959930420
-0.0959930420
-0.3840026855
-0.6719970703
0.1920013428
0.2270355225
0.4919281006
0.5675964355
0.2648773193
0.1891937256
0.1891937256
-0.1513671875
0.4162445068
0.5069885254
-0.2172851562
-0.2897033691
0.3621368408
0.1448516846
-0.0724334717
0.5069885254
-0.1448516846
0.0000000000
-0.1199951172
0.0000000000
-0.1199951172
0.1199951172
-0.1199951172
0.2400054932
-0.1199951172
0.7283477783
0.0546264648
-0.2731323242
-0.3823852539
-0.4370117188
0.1638793945
-0.1092529297
0.0728302002
-0.3640289307
-0.2912292480
0.1456146240
-0.2912292480
0.1456146240
0.5096435547
0.3640289307
-0.2912292480
-0.1178436279
0.0000000000
-0.2357025146
-0.1178436279
0.1178436279
0.0000000000
-0.1178436279
0.0000000000
0.0319671631
-0.1278839111
-0.0959167480
-0.9591674805
0.0319671631
-0.0319671631
0.0959167480
0.0959167480
0.0765380859
0.9185028076
-0.1275634766
0.2296295166
0.2041168213
0.0000000000
-0.0510253906
-0.1275634766
-0.2757110596
0.4411468506
0.5514373779
0.3308563232
0.2757110596
-0.3308563232
-0.0551452637
0.1654357910
-0.1057281494
0.3700714111
0.5815429688
0.2643432617
0.2643432617
-0.2114715576
0.3171997070
-0.3700714111
0.0000000000
-0.6676483154
0.0667572021
-0.2002868652
-0.1335296631
0.2002868652
0.1335296631
-0.5341186523
0.1122741699
0.0187072754
-0.0935516357
0.9542999268
-0.1496887207
-0.1122741699
-0.0935516357
0.1122741699
-0.0992126465
0.9590759277
-0.0330657959
-0.0661468506
0.0992126465
-0.0330657959
-0.1322937012
0.0330657959
0.2479553223
0.3831939697
0.6762237549
-0.0225372314
-0.1803283691
0.3155670166
-0.4282836914
-0.0450744629
0.0800933838
-0.9211578369
0.1602020264
0.0400543213
-0.0800933838
-0.2402954102
0.0400543213
0.0000000000
0.9392089844
0.1826324463
0.0260925293
0.1043548584
0.0782623291
0.1043548584
-0.1304473877
0.1304473877
-0.2484588623
0.0000000000
0.3726806641
0.1242218018
0.1242218018
0.0000000000
0.1242218018
-0.2484588623
-0.1147766113
-0.2295379639
0.1147766113
-0.1147766113
-0.1147766113
-0.5738525391
0.0000000000
0.2295379639
-0.0389709473
0.9353332520
-0.0389709473
0.0779418945
0.1169128418
-0.1948547363
-0.1169128418
-0.0389709473
0.1351928711
-0.0150146484
-0.4205932617
0.6909637451
-0.0901184082
-0.2253112793
0.2102966309
-0.4656524658
0.2628784180
-0.1577301025
-0.3154449463
-0.1577301025
-0.5783233643
0.5257568359
0.1051483154
-0.2628784180
-0.1479644775
0.4438781738
0.6658172607
-0.0739746094
0.2219390869
0.0739746094
0.0739746094
-0.2959136963
0.0735778809
0.4414978027
-0.2943267822
-0.1471710205
-0.6622314453
0.1471710205
0.2207489014
0.0000000000
-0.2246704102
-0.3370056152
-0.2246704102
-0.1123352051
0.1123352051
0.3370056152
0.2246704102
0.3370056152
0.7119598389
0.0791015625
-0.1318511963
0.1318511963
-0.2900543213
0.3164215088
-0.4482727051
-0.2109527588
0.0450439453
-0.1914520264
0.9347686768
0.2477722168
0.0450439453
0.1238861084
-0.0112609863
-0.0675659180
0.2381439209
0.3572082520
-0.2381439209
-0.1190643311
0.1190643311
-0.1190643311
0.3572082520
-0.1190643311
-0.3071136475
0.3685302734
0.2763977051
0.2456817627
0.2763977051
0.3071136475
-0.5220947266
-0.3992462158
0.1160583496
0.0580291748
0.8124084473
0.0000000000
0.1740875244
-0.4062042236
-0.1160583496
-0.0580291748
0.0552825928
0.9260101318
-0.3455200195
0.0276489258
0.0000000000
-0.0138244629
-0.0276489258
-0.1105651855
0.1245422363
0.1245422363
0.1245422363
0.1245422363
-0.1245422363
-0.2490844727
0.1245422363
0.3736267090
0.0868377686
-0.2605133057
0.0868377686
-0.0868377686
0.2605133057
-0.4341888428
-0.5210266113
0.3473510742
0.3086853027
0.5144805908
0.5659332275
0.1800689697
0.2057952881
0.3344116211
-0.1286163330
0.3086853027
0.3309020996
-0.2647247314
-0.3309020996
0.5294494629
0.1985473633
0.1323699951
0.3970947266
-0.2647247314
0.1249389648
-0.1249389648
0.1249389648
-0.2498779297
0.2498779297
0.1249389648
0.1249389648
-0.2498779297
0.6851959229
0.0148925781
-0.3574829102
-0.3723907471
-0.4468688965
0.2234344482
-0.0595855713
0.0595855713
-0.3541564941
-0.4131927490
-0.5312500000
-0.2951354980
0.1180572510
0.1770782471
-0.0590209961
-0.4131927490
-0.2494506836
0.0000000000
-0.1247253418
0.0000000000
0.2494506836
0.0000000000
-0.2494506836
0.1247253418
0.1116485596
-0.0558166504
-0.2232971191
-0.8931884766
0.1674652100
-0.0558166504
0.0558166504
0.0000000000
0.0791625977
0.9235534668
-0.0527801514
0.1583251953
0.2638702393
-0.0263824463
-0.1319427490
-0.0527801514
-0.1595764160
0.4787292480
0.5585174561
0.3191528320
0.1595764160
-0.2393646240
-0.0797882080
0.1595764160
0.0549011230
0.4940490723
0.1646881104
0.2744750977
0.3293609619
-0.3842620850
0.3842620850
-0.3842620850
0.1252136230
-0.6886444092
0.0000000000
-0.2504119873
-0.3130187988
0.2504119873
0.1252136230
-0.3756256104
0.1022491455
0.0204467773
-0.1022491455
0.9611663818
-0.1431579590
-0.0613555908
-0.1022491455
0.0818023682
-0.0525360107
0.9719390869
-0.0525360107
-0.0788116455
0.1313476562
-0.0262756348
-0.0262756348
-0.0525360107
0.1467742920
0.2935485840
0.7827758789
-0.0733795166
-0.1956939697
0.1956939697
-0.4158477783
0.0733795166
0.0923919678
-0.8777313232
0.2309875488
0.0923919678
-0.1385955811
-0.2309875488
0.0923919678
-0.0923919678
0.9216003418
0.1940155029
0.0242462158
0.1455078125
0.0727539062
0.1940155029
-0.1212615967
0.1212615967
-0.2432556152
0.0000000000
0.2432556152
0.0000000000
0.1216278076
0.0000000000
0.0000000000
-0.1216278076
-0.1247863770
-0.1247863770
0.0000000000
-0.1247863770
-0.2495727539
-0.3743438721
0.1247863770
0.1247863770
0.0000000000
0.9053344727
-0.0787200928
0.0787200928
0.3148956299
-0.0787200928
-0.0787200928
-0.0787200928
0.0695495605
-0.0173950195
-0.4173431396
0.6955718994
-0.1043395996
-0.1912841797
0.2434539795
-0.4695129395
0.2958221436
-0.2218627930
-0.4067535400
-0.1848907471
-0.6655883789
0.2958221436
-0.1479034424
-0.2588348389
-0.0706176758
0.2824707031
0.5649261475
-0.1412353516
0.2824707031
0.4943237305
-0.2824707031
-0.0706176758
0.0920257568
0.4601287842
-0.2760772705
0.0920257568
-0.5521545410
0.0920257568
0.2760772705
-0.0920257568
-0.1060485840
-0.2120971680
0.1060485840
-0.1060485840
-0.2120971680
0.6362762451
0.2120971680
0.1060485840
0.6247100830
0.0567932129
-0.1987762451
0.2271728516
-0.2555541992
0.3123474121
-0.5111236572
-0.2555541992
0.0325012207
-0.1625213623
0.9534759521
0.2058715820
0.0433349609
0.0975189209
-0.0108337402
-0.0758514404
0.2500000000
0.1250000000
-0.1250000000
-0.2500000000
-0.1250000000
0.0000000000
0.2500000000
-0.1250000000
-0.3310852051
0.4304046631
0.2317504883
0.2979736328
0.4635162354
0.4304046631
-0.1324310303
-0.3310852051
0.1162567139
0.0581207275
0.7556457520
0.1162567139
0.2324981689
-0.4068908691
-0.2324981689
-0.1162567139
0.0294799805
0.9285736084
-0.3537445068
0.0294799805
-0.0147399902
-0.0294799805
-0.0294799805
-0.0442199707
0.1247253418
0.1247253418
0.2494506836
0.1247253418
-0.2494506836
-0.1247253418
0.1247253418
0.1247253418
0.0868377686
-0.4341888428
0.0000000000
-0.1736755371
0.2605133057
-0.4341888428
-0.2605133057
0.4341888428
0.3125305176
0.4808197021
0.5769958496
0.1442413330
0.1923370361
0.4087066650
-0.2404174805
0.1923370361
0.2750854492
-0.2750854492
-0.1375427246
0.5501708984
0.2063140869
-0.1375427246
0.0687713623
-0.5501708984
0.1034240723
-0.1034240723
0.6205291748
-0.3102722168
0.2068481445
0.1034240723
-0.1034240723
-0.2068481445
0.6589813232
-0.0269012451
-0.4034576416
-0.3362121582
-0.4572448730
0.2555236816
0.0134429932
0.0941467285
-0.2969970703
-0.3818664551
-0.7637176514
-0.1697082520
-0.0848541260
0.0848541260
-0.1272888184
-0.2545776367
0.0000000000
0.0000000000
0.1150360107
0.0000000000
0.1150360107
0.0000000000
-0.2300720215
0.1150360107
-0.0681304932
0.0000000000
-0.3406677246
-0.7494812012
0.2725372314
0.0681304932
0.2044067383
-0.2044067383
0.0682373047
0.9325103760
0.0227508545
0.0682373047
0.2729339600
0.0454864502
-0.1592102051
-0.0454864502
0.1153869629
0.4615325928
0.3461608887
0.1153869629
0.0000000000
-0.2307739258
0.2307739258
0.1153869629
0.1759948730
0.5279998779
-0.2200012207
0.2200012207
0.3079986572
-0.4400024414
0.4839935303
-0.0879974365
0.2050018311
-0.6149902344
0.0000000000
-0.2562408447
-0.3587493896
0.3587493896
0.0512542725
-0.4099884033
0.0879821777
0.0000000000
-0.1099700928
0.9677581787
-0.1539611816
-0.0219879150
-0.0439910889
0.0439910889
-0.0630645752
0.9669494629
0.0000000000
-0.1471405029
0.1261291504
-0.0840759277
-0.0210266113
-0.0420379639
-0.0742797852
0.0495147705
0.8418426514
-0.2476043701
-0.1980743408
0.0247650146
-0.2723541260
0.2971191406
-0.0484771729
-0.8724670410
0.2423553467
0.0000000000
-0.1938781738
-0.1454162598
0.1454162598
-0.1454162598
0.9165344238
0.2011871338
0.0223541260
0.1341247559
0.1117706299
0.2235412598
-0.0670623779
0.1341247559
-0.1150360107
0.0000000000
0.0000000000
-0.2300720215
0.1150360107
0.0000000000
0.0000000000
-0.1150360107
0.0000000000
-0.1113433838
0.0000000000
-0.1113433838
-0.1113433838
-0.1113433838
-0.1113433838
0.1113433838
0.0710449219
0.9236755371
0.0710449219
-0.0355224609
0.2486877441
0.0355224609
0.0000000000
-0.1776275635
0.0196075439
0.0196075439
-0.3922271729
0.7844543457
-0.1176605225
-0.0588378906
0.2157287598
-0.3922271729
0.1948547363
-0.2727966309
-0.5456085205
-0.0389709473
-0.6625213623
0.1558837891
-0.1948547363
-0.1948547363
0.0670623779
0.1341247559
0.1341247559
0.0000000000
0.4694366455
0.6035614014
-0.3353118896
0.3353118896
0.3057556152
0.1019134521
-0.5095977783
0.2038421631
-0.3057556152
0.2038421631
0.2038421631
-0.2038421631
0.2438964844
-0.1219482422
0.1219482422
0.1219482422
-0.1219482422
0.4878082275
0.1219482422
0.0000000000
0.7132873535
-0.0324249268
-0.2269592285
0.2593841553
-0.1296844482
0.3242187500
-0.4214935303
-0.1945343018
0.0000000000
-0.1205291748
0.9762573242
0.0964202881
0.0361633301
0.1084747314
0.0120544434
-0.0723114014
0.2490844727
-0.1245422363
0.0000000000
-0.3736267090
-0.2490844727
0.0000000000
0.0000000000
-0.1245422363
-0.2480621338
0.3189239502
0.2834930420
0.2834930420
0.4252319336
0.4606781006
-0.4252319336
-0.2480621338
-0.2634277344
0.0000000000
0.4390411377
0.0878143311
0.4390411377
-0.2634277344
-0.0878143311
-0.4390411377
0.0000000000
0.9433288574
-0.3144378662
0.0142974854
-0.0285797119
-0.0428771973
0.0000000000
0.0428771973
0.1242218018
0.1242218018
0.2484588623
0.1242218018
-0.2484588623
-0.2484588623
-0.1242218018
0.2484588623
0.0000000000
-0.4898986816
0.0000000000
-0.1224670410
-0.1224670410
-0.2449493408
0.1224670410
0.1224670410
0.2762298584
0.4373779297
0.5524749756
0.1841583252
0.1841583252
0.4834136963
-0.2992553711
0.1381225586
0.1226043701
-0.2452087402
0.0000000000
0.3678131104
0.2452087402
-0.4904174805
-0.2452087402
-0.5517272949
0.0972900391
0.0000000000
0.7782897949
-0.0972900391
0.0972900391
-0.0972900391
-0.0972900391
-0.0972900391
0.6684265137
-0.1137695312
-0.3839874268
-0.2417755127
-0.5119934082
0.2133331299
0.1137695312
0.0853271484
-0.2739868164
-0.3196411133
-0.8219451904
-0.0456695557
-0.1826629639
0.0456695557
-0.0913238525
-0.1826629639
0.0000000000
-0.1064758301
0.0000000000
0.0000000000
-0.1064758301
-0.1064758301
-0.1064758301
0.1064758301
-0.1455841064
-0.0485229492
-0.2426300049
-0.8734893799
0.0000000000
0.0970611572
0.2426300049
-0.0970611572
-0.0217437744
0.9569396973
0.1087493896
-0.0652465820
0.1957397461
0.0435028076
-0.1087493896
0.0217437744
0.2500000000
0.0000000000
0.1250000000
-0.1250000000
0.0000000000
0.1250000000
0.3750000000
0.0000000000
0.2561950684
0.4269866943
-0.3842926025
0.2134857178
0.2988891602
-0.4696807861
0.4269866943
0.0854034424
0.2026214600
-0.5572052002
0.0000000000
-0.2532806396
-0.2532806396
0.3545837402
0.0000000000
-0.5572052002
0.0000000000
-0.0196990967
-0.0196990967
0.9853057861
-0.1182403564
0.0394134521
0.0000000000
-0.0196990967
-0.0739898682
0.9804534912
0.0370025635
-0.0370025635
0.0000000000
-0.1295013428
0.0370025635
0.0370025635
-0.2189331055
0.0000000000
0.7662811279
-0.3283996582
-0.1915740967
-0.0273742676
-0.1641998291
0.4105072021
-0.1119995117
-0.8959808350
0.1119995117
-0.1119995117
-0.0559997559
-0.1119995117
0.1679992676
-0.1119995117
0.9007568359
0.2047119141
-0.0204772949
0.1432952881
0.1432952881
0.2661285400
-0.0204772949
0.1432952881
0.0000000000
0.1178436279
-0.1178436279
-0.2357025146
-0.1178436279
0.0000000000
-0.1178436279
0.0000000000
0.1237182617
-0.1237182617
0.1237182617
0.0000000000
0.0000000000
0.2474365234
-0.1237182617
0.2474365234
0.0217590332
0.9791564941
-0.0435180664
0.0000000000
0.0217590332
0.1305541992
-0.0435180664
-0.0652770996
0.0202789307
-0.0405578613
-0.3244323730
0.8719177246
-0.1824951172
0.0811157227
0.1419372559
-0.2433319092
-0.0575408936
-0.4028320312
-0.5179290771
0.1726379395
-0.4028320312
0.0000000000
-0.4603881836
-0.2301940918
-0.0611877441
0.0000000000
-0.1835632324
0.1835632324
0.5506896973
0.3059387207
-0.1835632324
0.6118774414
0.6204071045
0.2757263184
-0.3446655273
0.0689392090
-0.2757263184
0.3446655273
0.1378631592
-0.2068023682
0.1202545166
0.2405242920
0.3607788086
0.1202545166
-0.2405242920
0.2405242920
0.2405242920
-0.1202545166
0.7536163330
-0.0418701172
-0.2512054443
0.2512054443
0.0000000000
0.4186859131
-0.2093353271
-0.1674652100
0.0000000000
-0.0289001465
0.9824066162
-0.0144500732
-0.0144500732
0.1155853271
-0.0144500732
-0.1155700684
0.2494506836
-0.2494506836
0.0000000000
-0.1247253418
-0.2494506836
0.0000000000
-0.1247253418
0.0000000000
-0.2226257324
0.0000000000
0.3710479736
0.2597351074
0.2226257324
0.2968292236
-0.7420806885
-0.1113128662
-0.5656433105
-0.0808105469
-0.2424163818
-0.2424163818
0.2424163818
0.0808105469
0.4040222168
-0.3232269287
-0.0143127441
0.9300842285
-0.3434143066
0.0143127441
-0.0286254883
-0.0715484619
0.0286254883
0.0572357178
0.1178436279
0.0000000000
0.1178436279
0.1178436279
-0.2357025146
0.0000000000
0.0000000000
0.1178436279
0.0000000000
-0.3976898193
0.1590728760
0.0000000000
-0.2386169434
0.4772338867
0.5567779541
-0.0795440674
0.2697753906
0.3942871094
0.5187988281
0.2282714844
0.1452636719
0.5395507812
-0.3112792969
0.1660156250
0.1313629150
-0.1751556396
0.0000000000
0.0875701904
0.1313629150
-0.7444152832
-0.3941040039
-0.3941040039
-0.1088256836
-0.2176361084
0.6529235840
-0.1088256836
0.0000000000
-0.1088256836
-0.2176361084
0.0000000000
0.6261291504
-0.1692199707
-0.3722839355
-0.1522979736
-0.5753631592
0.1861419678
0.1692199707
0.1184539795
-0.1763458252
-0.2645111084
-0.8817138672
0.0000000000
-0.1322631836
-0.0440826416
-0.0881652832
-0.1763458252
0.0000000000
0.0000000000
0.1000061035
0.0000000000
-0.1000061035
-0.1000061035
0.1000061035
0.0000000000
-0.0346832275
-0.0693664551
-0.1387329102
-0.9364318848
-0.0693664551
0.1040496826
0.2080993652
0.0000000000
-0.0698699951
0.9782409668
0.0873413086
-0.0698699951
0.1222839355
0.0174713135
-0.0174713135
0.0174713135
0.2449493408
-0.2449493408
0.2449493408
-0.1224670410
-0.1224670410
0.0000000000
0.3674163818
0.1224670410
0.2283172607
0.3196411133
-0.6392974854
0.2739868164
0.2739868164
-0.3653106689
0.2283172607
0.1826629639
0.2614440918
-0.4183044434
-0.1568603516
-0.2614440918
0.0000000000
0.4183044434
-0.2614440918
-0.5751647949
-0.0728912354
0.0364532471
-0.0182189941
0.9840850830
-0.0911254883
0.0546722412
0.0364532471
-0.0364532471
0.0000000000
0.9724426270
0.0164794922
0.0494537354
-0.0988922119
-0.0494537354
0.1153717041
0.1318511963
-0.2527008057
0.0000000000
0.7220001221
-0.2888031006
-0.1443939209
-0.0361022949
-0.1082916260
0.5054016113
-0.1653594971
-0.8267974854
-0.0826721191
-0.0826721191
-0.1653594971
-0.0826721191
0.0826873779
0.0000000000
0.9198455811
0.1045227051
0.0209045410
0.2090606689
0.1045227051
0.2508697510
0.0000000000
0.1045227051
-0.1243286133
0.0000000000
0.2486572266
-0.1243286133
0.1243286133
0.1243286133
0.1243286133
-0.2486572266
-0.2295379639
-0.1147766113
-0.1147766113
0.1147766113
-0.4590759277
-0.3443145752
0.2295379639
-0.1147766113
0.1853790283
0.7415161133
0.3244171143
-0.0926818848
0.2317199707
-0.3244171143
0.1390380859
-0.2317199707
0.0319671631
0.0159759521
-0.3516082764
0.8310699463
-0.0159759521
0.0639343262
0.1917877197
-0.3675842285
0.4084320068
-0.0816802979
-0.1225280762
-0.2042236328
-0.1633758545
0.6535034180
0.4492797852
-0.2450561523
-0.1433715820
0.0716857910
0.4301147461
0.2150573730
0.3584289551
0.6451873779
-0.0716857910
0.1433715820
-0.1699676514
-0.0849761963
-0.0849761963
-0.1699676514
0.4249114990
0.5948791504
-0.1699676514
0.3399353027
-0.4445648193
-0.2222900391
-0.1111450195
-0.2222900391
0.2222900391
-0.2222900391
0.3334350586
-0.1111450195
0.9550476074
-0.0424499512
-0.0848999023
0.0212249756
-0.0848999023
-0.0212249756
-0.2122344971
-0.1061096191
0.0265808105
-0.1195831299
0.9699707031
0.1594543457
0.0531463623
0.0930175781
0.0000000000
-0.0398559570
-0.2165069580
0.4330139160
-0.2165069580
0.1082458496
0.2165069580
-0.3247528076
0.3247528076
0.1082458496
-0.2430267334
-0.0202484131
0.0607604980
0.3240356445
0.2835388184
0.3240356445
-0.7695922852
-0.2025299072
-0.1659088135
0.0829620361
0.6636657715
0.0829620361
0.0829620361
-0.4977416992
0.0000000000
0.1659088135
0.0910186768
0.9708099365
-0.1971893311
0.0303344727
0.0303344727
0.0000000000
-0.0151672363
-0.0303344727
0.0000000000
-0.2187805176
0.2187805176
0.2187805176
-0.2187805176
-0.2187805176
-0.1093902588
0.5469665527
0.1247863770
0.3743438721
0.1247863770
-0.1247863770
0.0000000000
0.1247863770
-0.2495727539
-0.1247863770
0.0995330811
0.4976654053
0.3981323242
0.0995330811
0.0000000000
0.2985992432
0.1990661621
0.2985992432
0.8094024658
-0.2698059082
-0.0899353027
-0.2248382568
-0.1349029541
0.0000000000
0.3597412109
0.0000000000
0.2019042969
-0.1009521484
-0.7066345215
-0.2019042969
0.1009521484
0.1009521484
0.1009521484
0.1009521484
0.7789154053
0.0268554688
-0.1880187988
-0.3223114014
-0.4566040039
0.0537109375
-0.1342926025
0.0268554688
-0.3435821533
-0.0858917236
0.4294891357
-0.0858917236
0.6012725830
0.1717987061
0.0858917236
-0.1717987061
0.0000000000
0.0000000000
0.1228332520
-0.2456817627
0.0000000000
0.1228332520
-0.2456817627
0.1228332520
0.1656951904
-0.0552368164
-0.1380767822
-0.9389495850
0.0552368164
0.0276184082
0.1933135986
-0.0552368164
0.2075805664
0.9192504883
0.0296478271
0.2075805664
0.1186065674
0.0593109131
-0.1186065674
-0.0889587402
-0.5353851318
0.5983581543
0.2834320068
0.3779144287
0.1889648438
-0.2204437256
0.0000000000
0.1259765625
0.0564270020
0.2821502686
0.8182067871
0.0846405029
0.0846405029
-0.1128540039
0.1974945068
-0.3950042725
-0.1029205322
-0.5145721436
0.1029205322
-0.3087463379
-0.2058258057
-0.1029205322
0.1029205322
-0.4116668701
0.1697692871
-0.0242462158
0.1940155029
0.8488311768
-0.2182769775
-0.2910308838
-0.0485076904
0.2425231934
-0.1135406494
0.2270965576
0.0000000000
0.1135406494
0.2270965576
-0.2270965576
-0.4541778564
0.3406372070
0.2334289551
0.5135498047
0.5835876465
0.0700378418
-0.0933685303
0.4668731689
-0.2801208496
-0.1167144775
-0.0287170410
-0.9761352539
0.0574188232
0.0000000000
0.0287170410
0.0861358643
0.0287170410
0.0861358643
0.9542694092
0.0265045166
-0.0265045166
0.1060333252
0.1325378418
0.0000000000
-0.1590423584
0.1060333252
-0.1249389648
-0.1249389648
0.2498626709
0.0000000000
0.0000000000
0.1249389648
0.2498626709
-0.2498626709
-0.3658599854
-0.1219482422
-0.1219482422
0.1219482422
-0.2438964844
-0.3658599854
0.0000000000
0.0000000000
0.1274566650
0.7010498047
0.1911926270
-0.0637359619
0.1274566650
-0.5098571777
-0.0637359619
-0.1911926270
0.0914459229
0.0365753174
-0.4023284912
0.8046569824
-0.0365753174
0.0000000000
0.2194519043
-0.3474578857
0.3900604248
-0.1462707520
-0.0487518311
-0.3412933350
-0.2925415039
0.5850830078
0.3412933350
-0.2925415039
0.0815887451
0.0815887451
0.2447814941
0.1631927490
0.6527404785
0.4895629883
0.0000000000
0.0815887451
-0.3281707764
-0.5469665527
-0.1093902588
-0.1093902588
0.2187805176
0.1093902588
0.1093902588
0.2187805176
-0.1937103271
-0.1937103271
-0.0968475342
-0.1937103271
0.3874053955
-0.0968475342
0.4842681885
0.3874053955
0.8975219727
0.0299224854
-0.1495819092
0.0299224854
-0.2094268799
0.0897521973
-0.2393341064
-0.1795043945
0.0000000000
-0.1643218994
0.9261932373
0.2240753174
0.1344451904
0.1941986084
0.0000000000
-0.0448150635
0.3572082520
0.1190643311
-0.3572082520
0.0000000000
0.0000000000
-0.1190643311
0.3572082520
-0.1190643311
-0.2974548340
0.0594940186
0.2082214355
0.4759216309
0.3569488525
0.4759216309
-0.2379608154
-0.4461822510
0.1499938965
0.0000000000
0.6750030518
0.0749969482
0.1499938965
-0.5249938965
-0.0749969482
0.1499938965
0.1254882812
0.9568634033
-0.2196044922
0.0313720703
0.0156860352
-0.0470581055
-0.0156860352
-0.0941162109
0.0000000000
-0.1024169922
0.2048339844
0.2048339844
-0.2048339844
-0.3072509766
-0.1024169922
0.6144866943
0.0000000000
0.3590087891
0.1196746826
0.0000000000
0.1196746826
-0.1196746826
-0.4786834717
0.1196746826
0.0000000000
0.5787506104
0.4133911133
-0.0826721191
-0.0826721191
0.1653594971
0.3307189941
0.3307189941
0.7569122314
-0.4075775146
-0.0582275391
-0.1164550781
0.0582275391
-0.1164550781
0.2911224365
-0.1746673584
0.0000000000
0.0000000000
-0.2300720215
-0.1150360107
0.1150360107
0.0000000000
0.1150360107
0.0000000000
0.6461029053
0.0516815186
-0.2584381104
-0.3876647949
-0.5427246094
0.1550598145
-0.0775299072
0.1292266846
-0.3479614258
-0.1391906738
-0.2087707520
-0.2783660889
0.4871520996
0.2087707520
0.4175567627
-0.3479614258
-0.1150360107
-0.1150360107
0.0000000000
-0.1150360107
0.1150360107
0.1150360107
-0.1150360107
0.1150360107
0.2734069824
-0.0911407471
-0.2734069824
-0.7291107178
0.1822814941
0.1822814941
0.4101257324
-0.0911407471
0.1538391113
0.9230804443
0.0307617188
0.1230773926
0.2461547852
0.0307617188
-0.1230773926
-0.0307617188
-0.5674743652
0.5674743652
0.3095245361
0.3095245361
0.1031799316
-0.2063598633
-0.1547698975
0.0000000000
0.0433349609
0.2600097656
0.8233642578
0.1300048828
0.0866699219
0.0000000000
0.2166748047
-0.3466796875
0.0765075684
-0.5355072021
-0.0765075684
-0.3059997559
-0.0765075684
0.0765075684
0.1529998779
-0.6120147705
0.1922302246
-0.0427093506
0.0854339600
0.8756866455
-0.1922302246
-0.2563018799
-0.0640716553
0.2563018799
-0.0823974609
-0.4944305420
0.0000000000
0.0823974609
0.4120178223
0.0823974609
-0.5768280029
0.0000000000
0.1922912598
0.5219268799
0.6318054199
0.0274658203
-0.1648254395
0.3296356201
-0.3571166992
-0.0549468994
0.0370788574
-0.9640350342
0.0370788574
-0.0370788574
0.0741577148
-0.0741577148
0.0741577148
0.0741577148
0.9226837158
0.1456909180
-0.0242767334
0.1213989258
0.1942443848
0.0728454590
-0.1699676514
0.1456909180
0.0000000000
-0.2456817627
0.1228332520
-0.1228332520
0.0000000000
0.0000000000
0.2456817627
-0.1228332520
-0.2494506836
-0.1247253418
0.1247253418
0.0000000000
-0.2494506836
-0.2494506836
0.0000000000
0.0000000000
-0.0802917480
0.3211669922
-0.0802917480
0.2408752441
0.1605834961
-0.7226257324
-0.2408752441
0.0000000000
0.1829071045
0.0000000000
-0.4267883301
0.7316436768
-0.1016235352
-0.1016235352
0.2235565186
-0.4064636230
0.3438568115
-0.2063140869
-0.2063140869
-0.3438568115
-0.2750854492
0.4813995361
0.2063140869
-0.4126281738
-0.0783233643
0.0783233643
0.2349853516
0.0783233643
0.5483093262
0.6266326904
0.0000000000
0.1566619873
-0.0951690674
0.1903381348
-0.1903381348
0.0000000000
-0.6661682129
0.0000000000
0.3806762695
0.0951690674
-0.2234802246
-0.2234802246
-0.1117401123
-0.2234802246
0.2234802246
0.0000000000
0.3352050781
0.4469451904
0.5104827881
0.1020965576
-0.4083862305
0.1531524658
-0.3062896729
0.3573455811
-0.2552490234
-0.4083862305
0.0000000000
-0.1421203613
0.9317016602
0.2052917480
0.0789642334
0.2210845947
0.0157928467
-0.0789642334
0.1199951172
0.1199951172
-0.1199951172
-0.2400054932
0.0000000000
0.0000000000
0.1199951172
-0.1199951172
-0.2793121338
0.1396636963
0.2444000244
0.3840637207
0.4538879395
0.4538879395
0.3491516113
-0.3491516113
0.1597137451
-0.0532379150
0.7453613281
0.1597137451
0.2129516602
-0.4791564941
-0.1064758301
0.1064758301
0.0732421875
0.9703826904
-0.1647796631
0.0549316406
-0.0549316406
-0.0183105469
-0.0183105469
-0.0915527344
0.0000000000
0.0000000000
0.1228332520
0.1228332520
-0.1228332520
-0.2456817627
0.0000000000
0.2456817627
0.0000000000
0.2089080811
0.1044464111
0.1044464111
0.2089080811
-0.2089080811
-0.4178161621
0.5222625732
0.2689819336
0.5828094482
0.4931488037
0.0896606445
-0.0448303223
0.4034881592
0.0896606445
0.3138122559
0.6040496826
-0.4228363037
-0.3020324707
0.2416229248
0.2416229248
-0.1812133789
0.0604095459
-0.3020324707
0.0000000000
0.1199951172
-0.1199951172
-0.2400054932
0.1199951172
0.1199951172
0.0000000000
-0.1199951172
0.5649414062
0.0418548584
-0.2929382324
-0.3766326904
-0.6277160645
0.1464691162
-0.0209197998
0.1464691162
-0.2141723633
-0.3212585449
-0.6960601807
-0.1606292725
0.2677154541
0.2141723633
0.1606292725
-0.3212585449
-0.1228332520
-0.1228332520
0.0000000000
-0.1228332520
0.0000000000
0.0000000000
-0.2456817627
0.2456817627
0.2077789307
0.0000000000
-0.4848175049
0.3462982178
0.3462982178
0.2077789307
0.4848175049
-0.2077789307
0.0339508057
0.9168090820
0.0679168701
0.0000000000
0.3056030273
-0.0679168701
-0.1358184814
0.0000000000
-0.5308380127
0.4423675537
0.2654266357
0.2654266357
0.0884704590
-0.2654266357
-0.1769409180
0.0000000000
0.1637268066
0.3274383545
0.0818634033
0.3274383545
0.3274383545
-0.2455902100
0.5730285645
-0.1637268066
0.2447814941
-0.4895629883
-0.0815887451
-0.3263702393
-0.0815887451
0.0000000000
0.1631927490
-0.5711517334
0.2607116699
-0.0260772705
0.0521392822
0.8864288330
-0.1564331055
-0.1564331055
-0.1303558350
0.2346496582
-0.1483612061
-0.7418060303
-0.0741729736
0.0000000000
0.3708953857
0.0741729736
-0.2967224121
-0.0741729736
0.0884246826
0.5305786133
0.6190032959
-0.1326446533
-0.2210693359
0.0884246826
-0.3979339600
0.1768646240
0.0490417480
-0.9319152832
0.0490417480
0.0000000000
-0.0490417480
-0.1471405029
0.1471405029
0.0490417480
0.8618927002
0.2281494141
-0.0253448486
0.1013946533
0.2534942627
0.1267547607
-0.2281494141
0.2028045654
0.0000000000
-0.1228332520
0.0000000000
-0.2456817627
0.1228332520
0.0000000000
0.2456817627
-0.1228332520
0.0000000000
-0.1178436279
-0.1178436279
0.0000000000
-0.1178436279
-0.2357025146
0.0000000000
-0.1178436279
0.0000000000
0.4368438721
-0.1456146240
0.4368438721
0.3640289307
-0.5096435547
-0.1456146240
-0.0727996826
0.1414184570
-0.0235748291
-0.3771057129
0.7306518555
-0.1414184570
-0.1414184570
0.2121276855
-0.4478149414
0.1955871582
-0.1303863525
-0.3259735107
-0.3259735107
0.0000000000
0.5867614746
0.1955871582
-0.4563751221
-0.2386169434
0.0795440674
0.1590728760
0.0000000000
0.5567779541
0.4772338867
0.0000000000
0.3976898193
0.1091308594
0.6002349854
0.0000000000
-0.0545654297
-0.6548004150
0.2182617188
0.2182617188
0.0545654297
-0.3715667725
0.0000000000
0.0000000000
-0.1238555908
0.0000000000
0.1238555908
0.1238555908
0.3715667725
0.1072387695
0.1608581543
-0.4289550781
0.2144775391
-0.2144775391
0.3753356934
-0.3217163086
-0.5898132324
0.0184631348
-0.0738525391
0.9415283203
0.0923004150
0.0000000000
0.2399902344
0.0553894043
-0.1661529541
-0.4664764404
0.0000000000
0.2332305908
-0.2332305908
0.1166229248
0.2332305908
-0.2332305908
-0.1166229248
-0.2334747314
0.1556549072
0.2334747314
0.3113098145
0.5447845459
0.4669494629
0.3891296387
-0.2334747314
0.1822814941
-0.0455627441
0.7291107178
0.2278442383
0.2278442383
-0.4556884766
-0.2278442383
0.0455627441
0.0432891846
0.9741058350
-0.1082305908
0.0432891846
-0.1082305908
0.0216522217
-0.0649414062
-0.0649414062
0.0000000000
0.1237182617
0.1237182617
0.1237182617
-0.2474365234
-0.1237182617
0.2474365234
0.0000000000
0.0000000000
0.0888061523
0.0888061523
0.0000000000
0.2664337158
-0.3552398682
-0.3552398682
0.6216888428
0.3520507812
0.5440826416
0.5120697021
0.1600189209
0.0640106201
0.4480743408
-0.0640106201
0.2240295410
0.4622650146
-0.3301849365
-0.3301849365
0.3301849365
0.2641448975
-0.2641448975
-0.1320800781
-0.3962249756
0.1172332764
0.0000000000
0.1172332764
-0.2344665527
0.1172332764
0.4689483643
-0.1172332764
-0.3517150879
0.5560302734
0.0000000000
-0.3301391602
-0.3822784424
-0.6081542969
0.1911315918
0.0695037842
0.1216278076
-0.1405487061
-0.4684906006
-0.7495880127
-0.0937042236
0.0468444824
0.2810974121
0.0468444824
-0.1873931885
-0.1249389648
0.0000000000
0.1249389648
-0.2498626709
0.0000000000
-0.1249389648
-0.2498626709
0.2498626709
-0.0947418213
0.0473785400
-0.1421203613
0.9000549316
0.2368621826
0.0947418213
0.0000000000
-0.1421203613
0.0000000000
0.9230957031
0.0710144043
-0.1420135498
0.2130279541
-0.0710144043
-0.1775207520
0.0000000000
-0.4375762939
0.3281707764
0.2187805176
0.2187805176
0.3281707764
-0.2187805176
0.0000000000
0.0000000000
0.1995849609
0.2494659424
-0.5488433838
0.2993621826
0.2494659424
-0.3991546631
0.4490509033
-0.0498962402
0.2817687988
-0.5635375977
-0.1408843994
-0.3522186279
-0.2113342285
0.0000000000
0.0704498291
-0.4931030273
0.3052978516
-0.0704498291
-0.0234832764
0.8924102783
-0.1643981934
-0.0704498291
-0.1409149170
0.1878814697
-0.0749969482
-0.2250061035
-0.0749969482
-0.3000030518
0.6750030518
-0.1499938965
-0.3000030518
-0.3000030518
-0.0741729736
0.1483612061
0.5934448242
-0.2967224121
-0.0741729736
-0.2225341797
-0.1483612061
0.5192565918
-0.0545654297
-0.9276428223
0.0000000000
0.1091308594
-0.0545654297
0.0000000000
0.1091308594
0.1091308594
0.8614654541
0.2673492432
0.0000000000
-0.0297088623
0.2673492432
0.1782379150
-0.1485290527
0.1782379150
0.1238555908
-0.1238555908
-0.2477111816
-0.3715667725
0.0000000000
0.1238555908
0.2477111816
-0.1238555908
0.1178436279
-0.1178436279
-0.1178436279
0.0000000000
-0.1178436279
-0.2357025146
0.0000000000
0.0000000000
0.0000000000
0.8824462891
0.0000000000
0.2786712646
0.1393280029
-0.2322235107
0.0000000000
0.0000000000
-0.0289001465
0.0289001465
-0.2890167236
0.8381347656
-0.1156005859
-0.0289001465
0.0867004395
-0.4046173096
0.2102966309
-0.3154449463
-0.4731750488
-0.2628784180
0.0000000000
0.4731750488
0.1577301025
-0.4731750488
0.0000000000
-0.1752624512
0.0000000000
0.1168518066
0.6426391602
0.3505401611
-0.1752624512
0.5258026123
0.2840118408
0.6248321533
0.3408203125
-0.1136016846
-0.4544219971
0.2840118408
0.0568084717
0.0568084717
-0.3674163818
0.0000000000
0.2449493408
0.2449493408
-0.1224670410
0.1224670410
-0.1224670410
0.2449493408
0.3771362305
0.1676177979
-0.3352355957
0.1676177979
-0.1676177979
0.4190521240
-0.4190521240
-0.5028533936
0.0000000000
0.0000000000
0.9388885498
-0.1564788818
-0.1043243408
0.1304016113
0.1043243408
-0.1825561523
-0.3480072021
-0.3480072021
0.1159973145
-0.3480072021
-0.2320098877
-0.1159973145
-0.1159973145
-0.1159973145
-0.2080230713
0.2080230713
0.2600250244
0.3640289307
0.5720520020
0.5200500488
-0.0520019531
-0.1560058594
0.1266937256
-0.2534027100
0.7601928711
0.0633544922
0.1900482178
-0.3167419434
-0.2534027100
-0.0633544922
-0.0237274170
0.9728393555
-0.1186370850
-0.0237274170
-0.0711822510
0.0711822510
-0.0711822510
0.0711822510
0.0000000000
0.1249389648
0.2498779297
0.1249389648
-0.3748321533
-0.1249389648
0.1249389648
0.0000000000
0.0000000000
0.0000000000
0.1129455566
0.2258758545
0.0000000000
-0.1129455566
-0.3388214111
0.5646972656
0.3069610596
0.4911499023
0.5525360107
0.2148742676
0.1534881592
0.4604492188
-0.1534881592
0.1534881592
0.1391906738
-0.2783660889
-0.2783660889
0.0000000000
0.2783660889
-0.6263275146
-0.1391906738
-0.4175567627
0.2381439209
-0.1190643311
0.1190643311
-0.2381439209
0.1190643311
0.3572082520
-0.1190643311
-0.3572082520
0.5922088623
-0.0174255371
-0.3483581543
-0.3483581543
-0.5747985840
0.2090148926
0.1219329834
0.0870971680
-0.2480010986
-0.4960174561
-0.6200256348
-0.1240081787
-0.2480010986
0.1860046387
0.1860046387
-0.1860046387
-0.1199951172
-0.1199951172
0.1199951172
0.0000000000
-0.1199951172
-0.2400054932
0.0000000000
0.1199951172
-0.2931823730
0.0000000000
-0.1954498291
0.6840820312
-0.0977325439
0.0977325439
-0.1954498291
0.0977325439
0.0000000000
0.9489135742
0.0612182617
-0.1836547852
0.1224365234
-0.0306091309
-0.1224365234
0.0306091309
-0.2438964844
0.2438964844
0.3658599854
0.1219482422
0.2438964844
-0.1219482422
0.1219482422
0.1219482422
0.1326446533
0.1768646240
-0.7958526611
0.1768646240
0.1768646240
-0.3094940186
0.3094940186
0.0000000000
0.1272125244
-0.5724334717
-0.1908111572
-0.2544097900
-0.1272125244
0.0000000000
0.0000000000
-0.6360321045
0.2229919434
-0.1114959717
-0.0557403564
0.9476776123
-0.1114959717
-0.0185852051
-0.0185852051
0.1114959717
0.0000000000
0.9219360352
0.1418304443
-0.0354614258
0.1772918701
-0.2127532959
0.0000000000
-0.1063690186
-0.1228332520
-0.1842498779
0.3684997559
-0.4299163818
-0.1228332520
-0.1842498779
0.0000000000
0.6755981445
-0.1182556152
-0.8869476318
-0.0591278076
0.0591278076
-0.1773834229
0.0000000000
0.1182556152
0.1773834229
0.9000091553
0.1862030029
0.0620727539
0.0000000000
0.1862030029
0.2482757568
0.0931091309
0.1241455078
0.1199951172
0.0000000000
-0.1199951172
-0.2400054932
-0.1199951172
0.1199951172
0.1199951172
0.0000000000
0.2449493408
-0.1224670410
0.0000000000
-0.1224670410
0.0000000000
0.4898986816
0.1224670410
0.1224670410
-0.0696105957
0.9746398926
0.0000000000
0.0696105957
0.0000000000
-0.0348052979
0.0000000000
0.0000000000
-0.1705780029
0.0852966309
-0.1705780029
0.8813323975
-0.1421508789
0.1137237549
0.0284271240
-0.3127288818
0.2108764648
-0.4217681885
-0.6326446533
-0.1581573486
0.1054382324
0.2635955811
-0.0527191162
-0.4217681885
0.1954956055
-0.2443695068
-0.0488739014
0.1466217041
0.6353454590
0.3421173096
-0.2932434082
0.4398498535
0.3523406982
0.5285186768
0.4404296875
-0.2202148438
-0.3963775635
0.3083038330
-0.0880889893
0.1761779785
-0.1237182617
0.0000000000
0.2474365234
0.2474365234
0.1237182617
0.0000000000
0.1237182617
0.1237182617
0.6274719238
0.2509918213
-0.2509918213
0.0836639404
-0.2091522217
0.4183197021
-0.3346557617
-0.2928161621
0.0528106689
0.0264129639
0.9506072998
-0.1848449707
-0.1320343018
0.0792236328
0.0792236328
-0.0792236328
0.1242218018
-0.1242218018
0.1242218018
-0.2484588623
-0.3726806641
0.0000000000
-0.2484588623
0.0000000000
-0.1871948242
0.0467987061
0.2339935303
0.2807922363
0.2339935303
0.3743896484
-0.7487792969
-0.0467987061
-0.0818634033
-0.6548919678
0.4093017578
-0.1637268066
0.2455902100
0.1637268066
-0.1637268066
-0.1637268066
-0.0198364258
0.9320068359
-0.3172760010
0.0000000000
-0.0198364258
0.0396575928
-0.0396575928
0.1189727783
0.1243286133
0.0000000000
0.1243286133
0.0000000000
-0.3729858398
-0.1243286133
0.0000000000
0.1243286133
0.0000000000
-0.3181610107
0.1590728760
0.3976898193
-0.3976898193
0.5567779541
0.1590728760
0.0795440674
0.1736907959
0.4342346191
0.5500335693
0.2894897461
0.1447448730
0.4921417236
-0.3184509277
0.0578918457
-0.2365264893
-0.1773834229
0.0591278076
-0.1182556152
0.2956542969
-0.7686920166
-0.1182556152
-0.2956542969
0.1224670410
-0.2449493408
0.3674163818
-0.2449493408
0.0000000000
0.2449493408
-0.1224670410
-0.1224670410
0.6366882324
-0.0596923828
-0.3382415771
-0.3183441162
-0.5372009277
0.1790618896
0.1790618896
0.0994873047
-0.3856964111
-0.3856964111
-0.2892761230
-0.0964202881
-0.2892761230
0.0964202881
0.3856964111
-0.1928405762
-0.2490844727
-0.1245422363
0.1245422363
0.1245422363
-0.2490844727
-0.2490844727
0.2490844727
0.0000000000
-0.0580291748
-0.1740875244
-0.1740875244
-0.8124084473
-0.3481750488
0.0000000000
0.1160583496
0.1740875244
0.0259399414
0.9597625732
0.0518798828
-0.1556396484
0.0778198242
0.0778198242
-0.1296997070
0.0259399414
-0.1202545166
0.2405242920
0.3607788086
0.2405242920
0.1202545166
-0.1202545166
0.2405242920
0.2405242920
0.0853118896
0.1706390381
-0.8958587646
0.0853118896
0.1706390381
-0.1706390381
0.1706390381
0.0853118896
0.0552215576
-0.3865814209
-0.2209014893
-0.3313598633
0.1104583740
0.1104583740
-0.2209014893
-0.7179565430
0.1172485352
-0.0879364014
-0.0732727051
0.9672393799
-0.1025848389
-0.0439605713
0.0293121338
0.1318969727
0.0185394287
0.9644317627
0.1483764648
0.0927276611
-0.0556335449
-0.1483764648
0.0370941162
0.0370941162
-0.1897430420
-0.3035888672
0.1517944336
-0.4174346924
-0.1517944336
-0.1517944336
0.0758972168
0.7589721680
-0.1117401123
-0.5586853027
-0.2234802246
0.0000000000
-0.2234802246
0.2234802246
0.0000000000
0.2234802246
0.9571533203
0.1259460449
0.1007537842
0.0251922607
0.1007537842
0.1259460449
0.1007537842
0.0251922607
-0.1150360107
0.0000000000
0.1150360107
-0.1150360107
0.0000000000
0.0000000000
0.0000000000
-0.2300720215
0.1224670410
-0.2449493408
0.0000000000
0.1224670410
-0.3674163818
-0.2449493408
0.2449493408
-0.1224670410
-0.1833801270
0.8802642822
-0.0733489990
0.2934265137
0.0366821289
-0.1467132568
-0.1467132568
0.1100311279
0.0186309814
-0.0186309814
-0.4099426270
0.7826080322
0.0000000000
0.1118011475
0.2049713135
-0.3913116455
0.3557281494
-0.2845764160
0.2134399414
-0.1422882080
0.1422882080
0.6403198242
0.2845764160
-0.2134399414
-0.3076629639
-0.2461395264
0.3076629639
0.0000000000
0.1230621338
0.7384033203
-0.2461395264
-0.0615386963
-0.0972900391
-0.1945648193
0.2918548584
-0.0972900391
0.4864349365
0.4864349365
0.0972900391
0.1945648193
-0.1224670410
0.0000000000
0.3674163818
0.1224670410
-0.2449493408
0.2449493408
0.2449493408
0.1224670410
0.9513244629
-0.0880889893
-0.1585540771
0.1233215332
-0.0352325439
0.0528564453
-0.1585540771
-0.0880889893
-0.0561218262
-0.0841827393
0.9681854248
0.1683807373
0.0982208252
-0.0841827393
-0.0280609131
0.0140380859
0.0000000000
0.0000000000
0.0000000000
0.0000000000
-0.1113433838
-0.2226867676
0.1113433838
0.0000000000
-0.1389923096
-0.0173797607
0.1216125488
0.1389923096
0.2258605957
0.1911010742
-0.9207916260
0.0347442627
-0.3836212158
0.0000000000
0.7672271729
0.0767211914
-0.0767211914
-0.1534423828
0.1534423828
0.0767211914
0.0201263428
0.9657897949
-0.2213287354
0.0000000000
0.0402374268
-0.0402374268
0.0000000000
-0.0402374268
-0.1219482422
-0.2438964844
0.1219482422
0.1219482422
-0.1219482422
-0.2438964844
-0.2438964844
0.3658599854
0.0000000000
-0.1113433838
0.0000000000
-0.2226867676
0.0000000000
0.1113433838
0.0000000000
0.0000000000
0.2038726807
0.5300750732
0.4485321045
0.0000000000
-0.1223297119
0.6116333008
0.0815582275
0.1631011963
0.7471466064
-0.3268737793
-0.1867828369
-0.3735656738
0.0000000000
-0.2801818848
0.0466918945
0.0933990479
0.2009429932
-0.2009429932
-0.7033081055
0.0000000000
0.2009429932
0.1004791260
0.1004791260
0.0000000000
0.6518707275
-0.0224761963
-0.2023010254
-0.4720458984
-0.4945220947
0.1123962402
-0.1573486328
0.1123962402
-0.3263702393
-0.0815887451
0.5711517334
-0.3263702393
0.2447814941
0.0000000000
0.0000000000
-0.4079742432
0.0000000000
0.0000000000
0.1113433838
-0.1113433838
0.0000000000
0.0000000000
0.0000000000
0.2226867676
0.2306976318
-0.0384521484
-0.1537933350
-0.8459014893
0.3076019287
0.1153564453
0.1922454834
-0.1153564453
0.1260986328
0.8196258545
0.3152465820
0.1260986328
0.3467712402
0.0945739746
-0.1891479492
0.0000000000
-0.5885314941
0.4956054688
0.2478027344
0.3407287598
0.2478027344
-0.2478027344
0.2478027344
0.1239013672
0.0970153809
0.3233795166
0.7114257812
0.0970153809
0.0323333740
-0.1616821289
0.3233795166
-0.4527282715
0.0000000000
-0.3658599854
0.0000000000
-0.1219482422
-0.1219482422
-0.1219482422
0.2438964844
-0.3658599854
0.1148834229
0.0000000000
0.0574493408
0.8903656006
-0.3159332275
-0.2010498047
-0.1436157227
0.0574493408
0.0000000000
0.9076385498
-0.0533905029
-0.0533905029
0.0533905029
-0.0533905029
-0.2135620117
-0.1601715088
0.1426849365
0.4280700684
0.7372283936
-0.0237884521
-0.0713500977
0.4280700684
-0.2140350342
0.0000000000
-0.0244903564
-0.9796447754
-0.0244903564
-0.0489807129
0.0000000000
0.0979614258
0.0489807129
0.0734710693
0.9163208008
0.1466064453
-0.0733032227
0.0733032227
0.1099548340
-0.0733032227
-0.1832580566
0.1832580566
-0.2474365234
-0.1237182617
0.1237182617
-0.1237182617
0.0000000000
0.0000000000
0.1237182617
-0.2474365234
-0.1242218018
-0.2484588623
-0.1242218018
0.3726806641
-0.2484588623
-0.1242218018
0.0000000000
0.0000000000
-0.1261596680
0.9146575928
-0.0630798340
0.1576995850
-0.0315399170
-0.2207794189
-0.1892395020
0.0315399170
0.0853729248
0.0426940918
-0.4482116699
0.8110656738
-0.0213470459
0.2347869873
0.1280670166
-0.2134399414
0.4922637939
-0.4922637939
-0.1846008301
-0.2461395264
-0.4922637939
0.1230621338
-0.0615386963
-0.1846008301
-0.1065826416
-0.1065826416
0.1065826416
0.3197631836
-0.5329437256
0.2131805420
-0.3197631836
-0.1065826416
0.0000000000
-0.2270965576
0.1135406494
0.0000000000
0.0000000000
0.5677337646
0.0000000000
0.3406372070
-0.1190643311
0.1190643311
0.2381439209
0.0000000000
0.2381439209
0.0000000000
0.4762878418
0.2381439209
0.8646087646
-0.0997619629
-0.2992858887
0.1995239258
-0.0332489014
0.0665130615
-0.1330108643
-0.2327728271
-0.0676269531
-0.1014251709
0.9636077881
0.1690521240
0.1352386475
0.0169067383
0.0000000000
-0.0169067383
0.3658599854
-0.2438964844
-0.1219482422
-0.2438964844
-0.2438964844
-0.1219482422
0.1219482422
-0.1219482422
-0.2111663818
0.0000000000
0.2111663818
0.4575347900
0.5279235840
0.5631103516
-0.2463684082
-0.0703887939
-0.1585845947
-0.0792999268
0.5550537109
0.3171691895
0.0792999268
-0.5550537109
0.0792999268
0.1585845947
0.0393981934
0.9652252197
-0.1969909668
-0.0590972900
0.0196990967
-0.0984954834
0.0196990967
-0.0393981934
-0.1147766113
-0.1147766113
0.1147766113
0.1147766113
-0.2295379639
-0.3443145752
-0.2295379639
0.4590759277
0.1216278076
-0.1216278076
0.0000000000
-0.2432556152
0.1216278076
0.1216278076
0.1216278076
-0.1216278076
0.2830810547
0.6066131592
0.4852905273
0.0000000000
-0.0404357910
0.4852905273
0.0000000000
0.1617584229
0.6560058594
-0.4541625977
-0.0504608154
-0.3027648926
0.1009216309
-0.3532257080
-0.2018432617
-0.1009216309
0.1216278076
-0.2432556152
0.1216278076
-0.1216278076
0.1216278076
0.1216278076
0.0000000000
-0.1216278076
0.6665039062
-0.0459594727
-0.3217620850
-0.3907165527
-0.4596557617
0.2068481445
-0.0229797363
0.1608886719
-0.5210266113
-0.1736755371
-0.1736755371
-0.3473510742
0.2605133057
0.1736755371
0.2605133057
-0.3473510742
0.1199951172
0.0000000000
0.1199951172
-0.1199951172
0.1199951172
0.1199951172
0.0000000000
0.2400054932
0.2280883789
0.0456237793
-0.2280883789
-0.7298583984
0.2736968994
0.1824645996
0.3649291992
-0.2280883789
0.0252380371
0.9085083008
0.2018890381
0.0504760742
0.3028411865
0.0000000000
-0.1261749268
0.0504760742
-0.6519012451
0.4889373779
0.2173004150
0.2716217041
0.2173004150
-0.2173004150
0.1086578369
0.1086578369
0.1040039062
0.2600250244
0.6760559082
0.0520019531
0.0520019531
-0.1560058594
0.4160308838
-0.4160308838
0.0000000000
-0.5476989746
0.0000000000
-0.1825714111
0.0912780762
0.1825714111
0.1825714111
-0.5476989746
0.1144561768
-0.0457916260
0.0686798096
0.9614868164
-0.1373596191
-0.1144561768
-0.0686798096
0.0457916260
-0.2321929932
0.4644012451
-0.0773925781
-0.2321929932
0.3096008301
-0.0773925781
-0.4644012451
-0.3869934082
0.0629882812
0.4094085693
0.8188171387
-0.1259765625
-0.0944824219
0.2204437256
-0.2204437256
0.0629882812
0.0000000000
-0.9638366699
0.0332336426
-0.0664672852
0.0332336426
0.1329498291
0.0997009277
0.0332336426
0.8260955811
0.2141723633
-0.0917816162
0.1835784912
0.2447662354
0.0611877441
-0.2753601074
0.2447662354
-0.1064758301
-0.1064758301
0.1064758301
0.0000000000
0.0000000000
0.0000000000
0.1064758301
-0.1064758301
-0.2474365234
-0.1237182617
0.0000000000
0.2474365234
-0.1237182617
-0.1237182617
-0.1237182617
0.0000000000
-0.1173553467
0.8606567383
-0.1173553467
0.1564788818
-0.0391235352
-0.2738494873
-0.2738494873
0.0782470703
0.1129455566
0.1129455566
-0.4235534668
0.7906341553
-0.1129455566
0.2823638916
0.1129455566
-0.1976623535
0.4190521240
-0.5028533936
-0.4190368652
-0.1676177979
-0.1676177979
-0.0838012695
-0.2514190674
-0.1676177979
0.1659088135
-0.2488708496
-0.3318328857
0.1659088135
-0.0829620361
0.6636657715
-0.1659088135
0.2488708496
-0.0704498291
0.2113342285
-0.1408843994
-0.0704498291
-0.7044219971
0.4226531982
0.0704498291
0.2817687988
-0.1009521484
0.1009521484
0.1009521484
-0.2019042969
0.2019042969
0.1009521484
0.5047454834
0.5047454834
-0.1805572510
-0.0601806641
-0.5416870117
0.3009338379
-0.1805572510
0.1805572510
-0.1805572510
-0.6018676758
-0.0197906494
-0.0989685059
0.9501495361
0.1583557129
0.0593872070
0.1583557129
0.0395965576
-0.1385650635
0.0000000000
-0.4786834717
0.1196746826
-0.3590087891
-0.1196746826
0.0000000000
-0.1196746826
-0.1196746826
-0.2286529541
0.0000000000
0.1306610107
0.4246215820
0.4899597168
0.4572906494
0.4899597168
-0.1633148193
-0.0604095459
-0.1208038330
0.4832458496
0.3020324707
0.1812133789
-0.6644592285
0.0604095459
0.2416229248
0.0583801270
0.9729156494
-0.1556701660
-0.0194549561
-0.0583801270
-0.0778350830
-0.0194549561
-0.0583801270
0.0000000000
-0.1250000000
0.0000000000
0.0000000000
-0.1250000000
-0.2500000000
-0.1250000000
0.3750000000
0.0000000000
0.0000000000
0.1247253418
0.0000000000
0.1247253418
0.2494506836
0.2494506836
0.2494506836
0.3582153320
0.5373077393
0.5014953613
0.1432800293
0.0000000000
0.4656677246
-0.1791076660
0.1432800293
0.3842926025
-0.4696807861
-0.0854034424
0.0000000000
0.2134857178
-0.5550842285
-0.4269866943
-0.1707916260
-0.1000061035
0.0000000000
0.1000061035
0.0000000000
0.1000061035
-0.1000061035
0.0000000000
0.0000000000
0.6075286865
-0.0433959961
-0.3037719727
-0.4122467041
-0.5424346924
0.1735839844
0.0650939941
0.1518859863
-0.2586059570
-0.3879089355
-0.6465148926
-0.1293029785
0.1293029785
0.0646514893
0.1939544678
-0.3879089355
0.0000000000
0.0000000000
0.0000000000
-0.1216278076
0.0000000000
0.1216278076
-0.2432556152
0.2432556152
0.1344299316
0.2016296387
-0.3360595703
0.0000000000
0.4032745361
0.3360595703
0.5377044678
-0.3360595703
-0.0478668213
0.9572296143
0.1196594238
-0.0239257812
0.1914520264
0.0000000000
-0.0957183838
0.0478668213
-0.5390777588
0.4492340088
0.1796875000
0.2695465088
0.1796875000
-0.2695465088
0.0898437500
0.0898437500
0.0935668945
0.1871185303
0.0000000000
0.1871185303
0.1871185303
-0.3742370605
0.6549224854
-0.0935668945
0.0858917236
-0.6012725830
0.0000000000
-0.2576904297
0.1717987061
-0.0858917236
0.0858917236
-0.5153808594
0.1975402832
-0.0740814209
0.0000000000
0.9629821777
0.0000000000
-0.0246887207
-0.0740814209
0.0493774414
-0.0544891357
-0.7628021240
0.0544891357
-0.3814086914
0.2724304199
0.0000000000
-0.2179412842
-0.2179412842
-0.2071838379
0.4143676758
0.5697479248
-0.3625640869
-0.2589721680
-0.2589721680
-0.1035919189
0.3107757568
0.0597534180
-0.8963623047
0.0597534180
-0.0597534180
-0.0597534180
0.1792755127
0.1792755127
0.0000000000
0.7745208740
0.2008056641
-0.0860595703
0.1721191406
0.3442382812
0.1147460938
-0.2868652344
0.2868652344
-0.1178436279
-0.1178436279
0.0000000000
-0.1178436279
-0.1178436279
0.0000000000
0.2357025146
0.0000000000
-0.2498779297
-0.1249389648
0.0000000000
0.1249389648
-0.1249389648
-0.3748321533
-0.1249389648
0.0000000000
-0.0351104736
0.8776855469
-0.0702209473
0.2106475830
0.0000000000
-0.3159637451
-0.1404266357
0.1404266357
0.0964050293
0.1285400391
-0.3856353760
0.7712860107
-0.1928253174
0.2249603271
0.1606903076
-0.2892303467
0.3259735107
-0.3911743164
-0.5867614746
-0.1955871582
-0.1955871582
0.3259735107
0.0652008057
-0.2607879639
0.0000000000
-0.1508331299
-0.3771057129
0.0000000000
0.3016815186
0.4525146484
-0.3771057129
0.4525146484
0.1068420410
0.4273834229
-0.1068420410
-0.2136993408
-0.6410827637
0.4630126953
0.0356140137
0.2849273682
-0.2058258057
0.3087463379
0.1029205322
-0.1029205322
0.1029205322
-0.1029205322
0.4116668701
0.5145721436
-0.4051055908
0.0000000000
-0.4501190186
0.2250671387
-0.2250671387
0.2250671387
-0.2700805664
-0.5851593018
0.1070861816
-0.1285095215
0.8995208740
0.0428314209
0.0214233398
0.2998352051
-0.0214233398
-0.2355804443
-0.6323852539
-0.3952484131
0.2371520996
-0.1580963135
0.3161926270
0.1580963135
-0.1580963135
0.0000000000
-0.2127227783
0.0425415039
0.0850830078
0.4254455566
0.5105285645
0.4254455566
0.4679870605
-0.2127227783
0.0000000000
-0.0513153076
0.5644836426
0.3079071045
0.2565765381
-0.6157989502
-0.1026306152
0.2052612305
0.0623321533
0.9558258057
-0.2077941895
0.0207824707
-0.1246795654
-0.0415649414
-0.0623321533
-0.0623321533
0.0000000000
0.0000000000
0.0000000000
0.0000000000
-0.1000061035
-0.1000061035
0.1000061035
0.1000061035
-0.0977325439
0.1954498291
0.2931823730
0.3908996582
-0.1954498291
0.4886322021
0.2931823730
0.0977325439
0.3371887207
0.4291534424
0.4904479980
0.2145690918
0.0919647217
0.4904479980
-0.2452239990
0.2758789062
0.3449707031
-0.3104705811
-0.1379852295
0.0690002441
0.2414703369
-0.6209411621
-0.5174560547
-0.1034851074
0.0000000000
0.0000000000
0.2432556152
0.1216278076
0.0000000000
0.0000000000
-0.1216278076
-0.2432556152
0.5750122070
-0.0179748535
-0.3054656982
-0.3593750000
-0.6289215088
0.1617279053
0.0539093018
0.1078186035
-0.0596466064
-0.5368652344
-0.5965118408
0.0000000000
-0.0596466064
0.1193084717
0.2982635498
-0.3579101562
0.1000061035
0.0000000000
0.0000000000
0.0000000000
0.0000000000
-0.1000061035
-0.1000061035
0.1000061035
0.1162567139
0.1162567139
-0.3487548828
0.6975097656
0.4068908691
-0.0581207275
0.1743774414
-0.2324981689
-0.0766601562
0.9711151123
0.1022186279
-0.0511169434
0.0766601562
0.0000000000
-0.1022186279
0.0255584717
-0.2449493408
0.0000000000
0.2449493408
0.1224670410
0.3674163818
-0.2449493408
0.1224670410
0.1224670410
0.1653594971
-0.0826721191
-0.4960784912
0.2480316162
0.2480316162
-0.4960784912
0.3307189941
0.0826873779
0.2424163818
-0.3232269287
0.0000000000
-0.2424163818
0.1616058350
-0.3232269287
0.0808105469
-0.6464385986
0.2339019775
-0.0974578857
-0.0389862061
0.9550933838
-0.0584716797
0.0000000000
-0.0779724121
0.0194854736
0.0000000000
-0.6146392822
0.2731628418
-0.3414611816
0.3414611816
-0.2048797607
-0.2731628418
-0.2048797607
-0.3240509033
0.3240509033
0.0540161133
-0.2700500488
-0.3780670166
-0.4860839844
0.0540161133
0.4860839844
-0.0884704590
-0.7077941895
0.0000000000
0.0000000000
-0.0884704590
0.4423675537
0.0884704590
-0.0884704590
0.8143463135
0.2035827637
-0.0581665039
0.0290832520
0.3489990234
0.0581665039
-0.2326660156
0.2908325195
0.1243286133
-0.1243286133
-0.2486572266
-0.2486572266
-0.1243286133
0.1243286133
0.1243286133
0.0000000000
-0.1247253418
-0.1247253418
-0.1247253418
0.1247253418
0.0000000000
-0.3741607666
-0.1247253418
0.0000000000
0.1018066406
0.9162750244
0.0678710938
0.1357421875
0.0678710938
-0.2714843750
-0.0339355469
0.1018066406
0.0000000000
0.1283264160
-0.2994384766
0.8127593994
-0.1283264160
0.2566528320
0.0427703857
-0.2994384766
0.3230285645
-0.3230285645
-0.4153289795
-0.0923004150
-0.2307281494
0.5537567139
0.3230285645
-0.2768859863
0.1489410400
-0.1985931396
-0.2978973389
-0.0496520996
0.6454315186
0.2482452393
-0.2978973389
0.4468383789
0.2397766113
0.4495697021
0.0299682617
-0.2697448730
-0.4495697021
0.5994262695
-0.0599365234
0.2697448730
-0.1911621094
0.2867431641
0.1911621094
-0.1911621094
0.0955810547
0.0000000000
0.3823242188
0.5734863281
0.1993255615
-0.0996704102
-0.3488311768
0.1993255615
-0.1993255615
0.2491607666
-0.4983215332
-0.5979919434
0.2756805420
-0.2004852295
0.8270263672
0.0000000000
0.0000000000
0.3508605957
-0.0751800537
-0.2255554199
-0.6992950439
-0.2797088623
0.3496398926
-0.0699310303
0.2797088623
0.2097930908
-0.1398620605
0.0000000000
-0.1306610107
0.1306610107
0.0000000000
0.5226745605
0.5226745605
0.4573364258
0.0000000000
-0.2613372803
0.0699310303
-0.0699310303
0.6293640137
0.1398620605
0.3496398926
-0.4895019531
-0.2097930908
0.0699310303
0.0720825195
0.9370727539
-0.2642974854
0.0480499268
-0.0961151123
0.0480499268
-0.1201324463
0.0000000000
0.0000000000
0.0000000000
0.1216278076
0.0000000000
-0.2432556152
0.1216278076
0.0000000000
0.2432556152
-0.0605163574
0.3025817871
0.2420654297
0.3630981445
-0.3025817871
0.6656646729
0.2420654297
0.0000000000
0.3725433350
0.3459320068
0.4789886475
0.3193206787
0.2927093506
0.4257659912
-0.1862792969
0.2927093506
0.2646942139
-0.0756225586
-0.0756225586
-0.1890716553
0.0756225586
-0.6806335449
-0.6050109863
0.0378112793
0.2459411621
-0.1229705811
0.2459411621
0.0000000000
0.1229705811
0.2459411621
0.0000000000
-0.3689117432
0.5692749023
0.0379486084
-0.3225860596
-0.3225860596
-0.6451873779
0.1707916260
0.0948791504
0.0189819336
0.0704498291
-0.4226531982
-0.0704498291
0.0000000000
-0.4226531982
0.1408843994
0.6339874268
-0.2113342285
0.0000000000
0.0000000000
0.0000000000
0.0000000000
0.0000000000
-0.2226867676
0.1113433838
0.1113433838
0.1049804688
0.0000000000
-0.4199066162
-0.4199066162
-0.1049804688
-0.4199066162
-0.2099609375
0.0000000000
0.0000000000
0.9672088623
0.0624084473
-0.1248016357
0.0000000000
0.0624084473
-0.0935974121
0.0312042236
0.2477111816
-0.2477111816
0.2477111816
0.0000000000
0.2477111816
-0.2477111816
0.0000000000
0.1238555908
-0.0924072266
-0.1847991943
-0.7392120361
0.0000000000
0.1847991943
-0.0924072266
-0.1847991943
0.1847991943
0.2522888184
-0.1681976318
-0.0840911865
-0.3363952637
0.2522888184
-0.1681976318
0.0000000000
-0.6727905273
0.2269897461
-0.1297149658
-0.0324249268
0.9565887451
-0.0648498535
0.0162200928
-0.0162200928
0.0486450195
0.0590209961
0.6493072510
0.4131927490
0.0000000000
-0.0590209961
-0.5312500000
0.0590209961
0.0000000000
-0.2510375977
0.1506195068
-0.2008361816
-0.2008361816
-0.4016571045
-0.4016571045
0.0502014160
0.6526947021
-0.0959930420
-0.6719970703
0.0959930420
0.0000000000
-0.1920013428
0.3840026855
-0.0959930420
-0.0959930420
0.8889007568
0.1720428467
0.0000000000
0.0000000000
0.2580718994
0.0860290527
-0.1147003174
0.2580718994
0.1216278076
-0.1216278076
-0.1216278076
-0.1216278076
-0.2432556152
0.1216278076
0.1216278076
0.0000000000
0.1113433838
0.0000000000
-0.2226867676
0.1113433838
0.0000000000
0.0000000000
0.0000000000
0.0000000000
0.0961151123
0.9290924072
0.1601867676
0.0320434570
0.0320434570
-0.2242584229
0.0000000000
0.1281433105
-0.0972900391
0.0486450195
-0.0972900391
0.8755493164
-0.0972900391
0.2918548584
-0.0486450195
-0.1945648193
0.3753356934
-0.3753356934
-0.3217163086
0.1072387695
-0.3217163086
0.5898132324
0.1072387695
-0.2144775391
0.3163757324
-0.2372741699
-0.1581878662
-0.1186370850
0.5932006836
0.3954620361
-0.4350128174
0.2372741699
0.3283996582
0.3940734863
0.2298736572
-0.3283996582
-0.2627105713
0.5582733154
-0.2298736572
0.3283996582
-0.1082458496
0.1082458496
0.2165069580
-0.2165069580
0.2165069580
0.0000000000
0.3247528076
0.5412597656
0.7865447998
0.1258544922
-0.1887664795
0.0629272461
-0.1887664795
0.1887664795
-0.3775482178
-0.2831573486
0.3180847168
-0.1590423584
0.7952270508
0.0000000000
-0.1855468750
0.3976135254
0.0265045166
-0.1590423584
-0.4157409668
-0.3117980957
0.5196685791
-0.2078704834
0.0000000000
0.1039276123
0.0000000000
-0.1039276123
-0.0726165771
0.0726165771
-0.2178497314
0.2904663086
0.1452331543
0.3630828857
-0.7261657715
0.0000000000
0.1804046631
-0.2705993652
0.4510040283
0.0000000000
0.5411987305
-0.0901947021
-0.2705993652
-0.1804046631
0.0234375000
0.9138946533
-0.3515014648
0.0000000000
-0.0468597412
0.0702972412
-0.1171722412
0.0468597412
0.0000000000
-0.1247253418
0.1247253418
0.0000000000
-0.2494506836
0.0000000000
-0.2494506836
0.2494506836
-0.0767822266
0.2303619385
0.3071441650
0.3839416504
-0.3839416504
0.6526947021
0.2687530518
-0.0767822266
0.3469238281
0.4269866943
0.4803466797
0.3469238281
0.3469238281
0.3736114502
-0.2134857178
0.1334381104
-0.0824432373
0.1236724854
0.0412292480
-0.3297882080
-0.0412292480
-0.7420196533
-0.4946746826
0.1236724854
0.3553924561
-0.1184692383
0.3553924561
-0.1184692383
0.1184692383
0.1184692383
0.0000000000
-0.3553924561
0.5947113037
0.0660858154
-0.3083648682
-0.2863464355
-0.6387786865
0.1321563721
0.1541900635
0.0000000000
0.0000000000
-0.1534423828
0.4603424072
0.0767211914
-0.2301635742
-0.0767211914
0.6905059814
-0.1534423828
-0.1237182617
-0.2474365234
0.0000000000
0.1237182617
-0.1237182617
0.0000000000
0.2474365234
0.1237182617
-0.0952758789
0.0476379395
-0.0476379395
-0.9051513672
-0.2858276367
0.0000000000
-0.0476379395
0.0952758789
0.0634307861
0.9514160156
0.0634307861
-0.1902770996
-0.0951385498
0.0634307861
-0.0634307861
0.0317077637
0.5892486572
-0.1178436279
0.1178436279
-0.1178436279
-0.1178436279
-0.1178436279
-0.1178436279
-0.1178436279
-0.4527893066
-0.1811065674
-0.4527893066
-0.1811065674
0.0000000000
0.4527893066
-0.1811065674
0.0000000000
0.1257019043
-0.0628509521
-0.1257019043
-0.3770904541
0.4399414062
-0.0628509521
-0.1257019043
-0.6913452148
0.1529541016
-0.1251373291
0.0000000000
0.9733428955
-0.0417175293
0.0278167725
0.0000000000
0.0695190430
0.0669097900
0.8699188232
0.2007446289
0.0669097900
-0.1672973633
-0.3345794678
0.1338348389
0.0000000000
-0.1295166016
0.0000000000
0.0431671143
-0.3453826904
-0.4748992920
-0.1726989746
-0.0863494873
0.7339477539
-0.3087463379
-0.5145721436
0.3087463379
0.3087463379
-0.1029205322
0.2058258057
0.0000000000
-0.1029205322
0.9643707275
0.1345672607
0.0448608398
-0.0448608398
0.1345672607
0.0224304199
0.0224304199
0.1121368408
0.0000000000
-0.0911560059
0.0000000000
0.0000000000
0.0000000000
0.0911560059
0.0000000000
-0.0911560059
0.2405242920
-0.3607788086
0.1202545166
0.0000000000
-0.2405242920
0.0000000000
0.3607788086
-0.1202545166
-0.2355041504
0.8713378906
-0.1884002686
0.2825927734
0.0000000000
-0.0706481934
-0.1648406982
0.1412963867
0.1971130371
-0.0985565186
-0.5174255371
0.5913543701
0.0739135742
-0.0739135742
0.2463989258
-0.4927978516
-0.3065185547
-0.1839141846
0.1226043701
0.1839141846
0.6130218506
-0.4291229248
-0.3678131104
-0.0613098145
-0.2295074463
-0.3825073242
-0.1529998779
-0.3825073242
-0.1529998779
0.2295074463
-0.4590148926
-0.3825073242
-0.2378845215
0.3171691895
0.4757537842
0.2378845215
-0.5550537109
-0.0792999268
0.1585845947
-0.0792999268
0.2459411621
0.0000000000
0.1229705811
0.2459411621
-0.2459411621
0.3689117432
-0.1229705811
0.0000000000
0.9402923584
-0.0447692871
-0.1343231201
0.1567230225
-0.0671691895
0.1567230225
-0.1343231201
-0.0895538330
-0.0626373291
-0.0782928467
0.9395599365
0.2662048340
0.0782928467
-0.1409301758
0.0156555176
0.0469818115
0.0000000000
-0.1249389648
0.0000000000
-0.1249389648
-0.2498779297
-0.3748321533
0.1249389648
-0.1249389648
-0.0765991211
-0.0191497803
0.1914978027
0.0382995605
0.1340484619
0.0574493408
-0.9574584961
0.0765991211
-0.2315216064
0.0771789551
0.7717285156
-0.0771789551
-0.1543426514
0.0771789551
0.2315216064
0.2315216064
0.0407257080
0.9569702148
-0.2036132812
0.0203552246
0.0407257080
-0.0610809326
-0.0407257080
-0.1425323486
-0.1178436279
-0.1178436279
0.1178436279
0.0000000000
0.0000000000
0.0000000000
-0.1178436279
-0.2357025146
0.1076965332
-0.1076965332
0.0000000000
-0.1076965332
0.1076965332
-0.2153778076
-0.5384674072
0.4307708740
0.2893829346
0.5144500732
0.4822998047
0.0643005371
-0.1286163330
0.5787658691
-0.0643005371
0.1607666016
0.4506988525
-0.4506988525
-0.3219299316
-0.3219299316
0.1287689209
-0.3863067627
-0.2575378418
0.1287689209
0.1245422363
0.0000000000
-0.4981536865
-0.1245422363
0.0000000000
0.1245422363
0.0000000000
0.0000000000
0.5223083496
0.0227050781
-0.2498016357
-0.5223083496
-0.5223083496
0.2043762207
-0.2043762207
0.1362609863
-0.3414611816
-0.0682983398
0.3414611816
-0.5463409424
-0.2731628418
0.2048797607
0.3414611816
-0.2731628418
0.0000000000
0.0000000000
0.0911560059
0.0000000000
-0.0911560059
0.0000000000
0.0000000000
0.0911560059
0.1154785156
-0.1732177734
-0.3464355469
-0.6928710938
0.2886962891
0.1154785156
0.1732177734
-0.3464355469
-0.0263519287
0.8695678711
0.2371520996
0.0000000000
0.3689117432
0.0263519287
-0.1580963135
0.0527038574
-0.6136322021
0.3506469727
0.2191467285
0.3506469727
0.2191467285
-0.3068084717
0.3068084717
0.1753234863
0.0000000000
0.2838745117
0.4258117676
0.2838745117
-0.0709686279
-0.2838745117
0.5677490234
-0.2838745117
-0.0765075684
-0.5355072021
0.1529998779
0.0765075684
-0.3059997559
0.0765075684
0.3059997559
-0.5355072021
0.1820068359
-0.0260009766
-0.1040039062
0.9100341797
-0.1820068359
-0.1300048828
-0.2340087891
0.0260009766
-0.0451507568
0.9481353760
-0.0451507568
0.0000000000
0.0451507568
0.1354522705
-0.0451507568
-0.0903015137
0.3279266357
0.1192474365
0.6856536865
-0.1192474365
0.0894317627
0.5962219238
-0.0298156738
0.0298156738
-0.0312347412
-0.9681549072
0.0000000000
-0.0624542236
0.0000000000
-0.0936889648
0.0936889648
0.0936889648
0.7401733398
0.3918609619
-0.1306152344
-0.0435333252
0.1741638184
0.0435333252
-0.3047790527
0.3047790527
-0.1178436279
-0.2357025146
0.1178436279
0.1178436279
-0.1178436279
0.0000000000
0.0000000000
0.0000000000
0.0000000000
-0.2438964844
0.1219482422
0.1219482422
-0.3658599854
0.0000000000
0.3658599854
-0.1219482422
-0.1721954346
0.8896331787
-0.1721954346
0.2295837402
-0.0574035645
-0.1147918701
-0.2008819580
0.1147918701
0.1069335938
-0.0534667969
-0.5614166260
0.6950836182
0.0802001953
0.0802001953
0.1069335938
-0.3742675781
0.1378631592
-0.4136047363
-0.0689392090
0.0689392090
0.1378631592
-0.6204071045
-0.4825286865
-0.0689392090
-0.1504211426
0.0000000000
-0.1504211426
0.0000000000
-0.7520904541
-0.0752105713
-0.2256317139
-0.3760528564
-0.2456665039
0.3684997559
0.3070831299
0.1842498779
-0.7370147705
0.0000000000
0.0614166260
-0.0614166260
0.0000000000
-0.1250000000
-0.2500000000
0.1250000000
0.0000000000
0.1250000000
0.0000000000
0.3750000000
0.9107055664
-0.0975799561
-0.1300964355
0.1626281738
-0.0325317383
0.2276763916
-0.0650482178
-0.1626281738
-0.1085205078
-0.0180816650
0.9585723877
0.1627807617
0.0361785889
-0.1627807617
0.0542602539
0.0361785889
0.0000000000
-0.1234283447
0.1234283447
-0.2468566895
-0.2468566895
-0.2468566895
0.2468566895
-0.2468566895
-0.0626068115
0.0000000000
0.1565399170
0.0939178467
0.2504577637
0.1878509521
-0.9079132080
0.0939178467
-0.2602386475
-0.1301116943
0.7807006836
0.0650634766
-0.1301116943
-0.2602386475
0.1951751709
0.1951751709
-0.0173187256
0.9702758789
-0.1905975342
-0.0346527100
-0.0173187256
-0.0693054199
-0.0346527100
-0.0693054199
-0.1178436279
-0.1178436279
0.1178436279
0.0000000000
0.0000000000
-0.2357025146
-0.1178436279
0.0000000000
0.1237182617
-0.2474365234
0.0000000000
-0.1237182617
0.0000000000
-0.1237182617
-0.1237182617
0.2474365234
0.3418579102
0.5127868652
0.5127868652
0.1465148926
0.0244140625
0.4883575439
-0.2197570801
0.1709289551
0.5012664795
-0.4556884766
0.0455627441
-0.2278442383
-0.0455627441
-0.4556884766
-0.4556884766
-0.0455627441
0.0911560059
-0.0911560059
0.0000000000
0.0000000000
0.0000000000
0.0911560059
0.0000000000
0.0000000000
0.6537017822
0.0217895508
-0.2614746094
-0.5229644775
-0.3922271729
0.1743164062
-0.0871582031
0.1525268555
-0.4243774414
-0.1818847656
0.2425079346
-0.4850006104
-0.3031311035
0.1212463379
0.3637542725
-0.3637542725
0.0000000000
0.1150360107
0.1150360107
0.0000000000
0.0000000000
0.1150360107
0.0000000000
0.2300720215
0.0505218506
-0.2021026611
-0.2526245117
-0.8084106445
0.2526245117
0.2021026611
0.2021026611
-0.1010589600
-0.0206146240
0.9484863281
0.1443328857
0.0000000000
0.2474365234
0.0000000000
-0.0618591309
0.0206146240
-0.6150207520
0.4472961426
0.2236480713
0.2236480713
0.2795562744
-0.2236480713
0.2795562744
0.1118164062
0.0000000000
0.3895263672
0.4544525146
0.1298370361
0.0649261475
-0.3246154785
0.5193786621
-0.3246154785
-0.0716857910
-0.6451873779
0.2150573730
-0.1433715820
-0.1433715820
0.2150573730
0.1433715820
-0.5018005371
0.1317443848
-0.0439147949
-0.0878295898
0.9661254883
-0.0658721924
-0.0878295898
-0.1097869873
0.0000000000
-0.1841735840
0.9515991211
0.0000000000
-0.0613861084
0.0920867920
0.0307006836
-0.0920867920
-0.0920867920
0.1161193848
0.1161193848
0.8515930176
-0.2709655762
0.0000000000
0.3096618652
-0.0774230957
0.1548309326
-0.0745697021
-0.9693908691
0.0000000000
-0.0372772217
0.0372772217
0.0000000000
0.0745697021
0.0372772217
0.7585296631
0.3193817139
-0.0798492432
0.1596832275
0.2395324707
0.1596832275
-0.2794494629
0.2794647217
-0.1150360107
-0.2300720215
0.0000000000
0.1150360107
0.0000000000
0.0000000000
0.1150360107
0.0000000000
-0.1219482422
-0.2438964844
0.2438964844
0.1219482422
-0.3658599854
-0.2438964844
0.1219482422
-0.1219482422
0.0000000000
0.9782257080
0.0315551758
0.0631103516
-0.0315551758
-0.0315551758
-0.0631103516
0.0000000000
0.0718231201
0.1436462402
-0.4668731689
0.7182617188
0.0000000000
0.2873077393
0.1077423096
-0.3232116699
0.3161926270
-0.4742889404
-0.3161926270
0.0790557861
-0.0790557861
-0.3161926270
-0.4742889404
-0.1580963135
-0.0678253174
0.2034759521
-0.2034759521
0.0678253174
-0.8138732910
-0.2712860107
0.0000000000
-0.1356506348
-0.0949554443
0.4747772217
0.1424407959
0.0949554443
-0.7596435547
0.2373962402
0.0949554443
0.1424407959
-0.3874053955
-0.2905578613
0.0000000000
-0.0968475342
-0.0968475342
-0.1937103271
0.1937103271
0.5811157227
0.4390869141
0.0000000000
-0.3136291504
0.3136291504
-0.3136291504
0.3763580322
-0.3136291504
-0.3763580322
-0.0188751221
-0.0944061279
0.9818115234
0.0944061279
-0.0377655029
-0.0188751221
0.0377655029
-0.0566406250
-0.2500000000
-0.1250000000
0.2500000000
-0.1250000000
0.2500000000
0.1250000000
0.0000000000
-0.1250000000
-0.2243804932
0.0897521973
0.1346282959
0.3141326904
0.4487609863
0.4038848877
-0.6282653809
0.0000000000
-0.1947631836
-0.1298370361
0.7141418457
0.2596893311
0.0000000000
-0.4544525146
0.0649261475
0.1298370361
0.0673217773
0.9423980713
-0.2860870361
0.0168304443
-0.0504913330
-0.0673065186
-0.0673065186
-0.0673065186
0.1237182617
-0.1237182617
0.0000000000
0.0000000000
-0.1237182617
-0.2474365234
-0.1237182617
0.2474365234
-0.1196746826
-0.2393341064
0.1196746826
0.2393341064
-0.1196746826
0.1196746826
0.4786834717
0.1196746826
0.3844604492
0.4357299805
0.5126190186
0.2306823730
0.1281585693
0.4613647461
-0.2819366455
0.1281585693
0.4412536621
-0.4011383057
0.1203460693
-0.1203460693
-0.0401153564
-0.5615997314
-0.4813690186
-0.1203460693
0.0000000000
0.0000000000
0.0911560059
0.0000000000
-0.0911560059
0.0000000000
0.0000000000
-0.0911560059
0.6738891602
0.0434722900
-0.2391204834
-0.5217285156
-0.4130249023
0.1304321289
0.0000000000
0.1086883545
-0.4404754639
-0.3854217529
0.1651763916
-0.3854217529
-0.1651763916
0.0550537109
0.2202453613
-0.5505981445
0.0000000000
0.1150360107
0.0000000000
0.1150360107
0.0000000000
0.1150360107
0.0000000000
0.2300720215
0.1780090332
-0.1186676025
-0.2966918945
-0.7120513916
0.2966918945
0.1186676025
0.3560180664
-0.1186676025
-0.0201721191
0.9887237549
0.0403594971
-0.0403594971
0.0605316162
0.0403594971
0.0000000000
0.0201721191
-0.4440612793
0.4440612793
0.2664337158
0.2664337158
0.3552398682
-0.1776275635
0.1776275635
0.0000000000
0.1828918457
0.4876861572
0.1828918457
0.1219177246
0.0609588623
-0.4876861572
0.4267272949
-0.3657684326
-0.0792999268
-0.6343383789
0.2378845215
-0.2378845215
-0.1585845947
0.0792999268
0.0792999268
-0.4757537842
0.0954742432
-0.0716094971
-0.0238647461
0.9786529541
0.0000000000
-0.0954742432
0.0000000000
0.0000000000
-0.2516479492
0.8807678223
0.1258239746
-0.2097015381
0.0838775635
0.0419464111
-0.1677703857
-0.0838775635
-0.1176452637
0.1764678955
0.7058868408
-0.2941131592
-0.1764678955
-0.2941131592
0.1176452637
0.3529357910
-0.1335296631
-0.8679351807
0.1335296631
0.0000000000
0.0000000000
0.1335296631
0.2002868652
-0.0667572021
0.8744812012
0.1943359375
-0.0323944092
0.1619415283
0.2267150879
0.0971679688
-0.1943359375
0.1943359375
-0.1216278076
-0.2432556152
-0.1216278076
-0.1216278076
-0.1216278076
0.1216278076
0.1216278076
0.0000000000
-0.1172332764
-0.1172332764
0.3517150879
0.1172332764
-0.2344665527
-0.4689483643
0.0000000000
-0.1172332764
0.0834655762
0.9806365967
0.1043243408
-0.0208587646
0.0000000000
-0.0417327881
0.0208587646
-0.0625915527
0.0722961426
0.1084442139
-0.3614654541
0.7229309082
-0.1084442139
0.3253173828
0.2530212402
-0.3253173828
0.3353118896
-0.3353118896
-0.5364990234
0.0670623779
-0.3353118896
0.4023742676
0.2011871338
-0.1341247559
0.1730346680
0.1730346680
-0.6056518555
-0.0865173340
0.0865173340
-0.1730346680
0.0000000000
0.5191192627
-0.0357971191
0.4295806885
-0.1431884766
-0.0715942383
-0.6443634033
0.4653778076
0.1073913574
0.3221740723
-0.4018859863
-0.2009429932
0.2009429932
-0.2009429932
-0.3014221191
-0.1004791260
0.3014221191
0.4018859863
0.0582275391
-0.1746673584
-0.2911224365
0.3493499756
-0.4075775146
0.2911224365
-0.5240173340
-0.3493499756
0.0533447266
-0.1600189209
0.9423675537
0.0533447266
-0.0177764893
0.2311401367
-0.0355682373
-0.1244659424
-0.5991210938
-0.0855865479
0.3423614502
0.0000000000
0.4279479980
0.2567596436
-0.0855865479
0.0855865479
-0.1824645996
0.0456237793
0.1368560791
0.3649291992
0.4105529785
0.2736968994
-0.6842498779
-0.1824645996
-0.0702667236
0.1405334473
0.4216156006
0.3513488770
0.2108154297
-0.6324310303
-0.1405334473
0.2108154297
0.1320343018
0.9095916748
-0.3520965576
0.0880279541
-0.0146636963
-0.0293426514
-0.0880279541
-0.0880279541
0.0000000000
-0.2456817627
0.0000000000
-0.1228332520
-0.2456817627
-0.1228332520
-0.1228332520
0.0000000000
0.0000000000
0.1878051758
0.1878051758
0.3756256104
-0.2504119873
0.6260375977
0.3756256104
-0.2504119873
0.3662414551
0.3400878906
0.4970550537
0.2877655029
0.1569671631
0.4970550537
-0.2877655029
0.2092895508
0.3933563232
-0.2420654297
0.2118072510
-0.0605163574
-0.0605163574
-0.6051635742
-0.5749053955
-0.0907745361
-0.2428131104
0.0000000000
0.3642120361
0.1213989258
0.1213989258
0.1213989258
0.1213989258
-0.3642120361
0.6497344971
0.0896148682
-0.2240447998
-0.4256896973
-0.5601196289
0.0672149658
-0.0448150635
-0.0448150635
-0.1568603516
-0.5228729248
0.4183044434
-0.3137207031
-0.0522918701
-0.0522918701
0.0522918701
-0.5751647949
0.0000000000
0.1237182617
0.1237182617
0.0000000000
-0.2474365234
-0.1237182617
0.1237182617
0.2474365234
0.1480407715
-0.0493469238
-0.2960815430
-0.8388824463
0.1973876953
-0.0493469238
0.2467346191
-0.0493469238
0.0000000000
0.9916839600
-0.0550994873
0.0000000000
-0.0367279053
0.0367279053
0.0000000000
0.0000000000
-0.2295379639
0.3443145752
0.3443145752
0.1147766113
0.3443145752
-0.2295379639
0.1147766113
0.0000000000
0.2161560059
0.2882232666
0.2882232666
0.0720520020
0.0720520020
-0.5764312744
0.2882232666
-0.4323272705
-0.0972900391
-0.2918548584
0.2918548584
-0.1945648193
0.0972900391
-0.2918548584
0.0972900391
-0.5837097168
0.0249481201
-0.0997772217
0.0498809814
0.9728240967
-0.0997772217
-0.0748291016
0.0498809814
-0.0498809814
-0.2842102051
0.8881530762
0.2842102051
-0.0355224609
-0.0355224609
0.0710449219
-0.0355224609
0.0000000000
-0.2151031494
0.2688751221
-0.1075439453
0.0537719727
-0.4839630127
-0.5915222168
0.2151031494
0.3764190674
-0.2558593750
-0.6822814941
0.1705627441
0.0852813721
0.0852813721
0.1705627441
0.1705627441
-0.3411407471
0.9329223633
0.0823211670
-0.0548706055
0.0000000000
0.1920776367
-0.0548706055
-0.1920776367
0.1371917725
0.0000000000
-0.1237182617
-0.2474365234
-0.2474365234
-0.1237182617
0.1237182617
-0.1237182617
0.0000000000
-0.1247863770
0.0000000000
0.1247863770
0.1247863770
-0.1247863770
-0.3743438721
-0.2495727539
-0.1247863770
0.0962524414
0.9818420410
0.0962524414
-0.0192565918
0.0384979248
-0.0577545166
0.0000000000
0.0192565918
0.0408477783
0.0816802979
-0.2450561523
0.8168640137
-0.1633758545
0.2042236328
0.2450561523
-0.2859039307
0.2516479492
-0.2097015381
-0.2097015381
0.0000000000
-0.5452423096
0.5871734619
0.3774719238
-0.0838775635
0.1040039062
0.1040039062
-0.3640289307
-0.1560058594
0.6760559082
-0.0520019531
0.0520019531
0.5200500488
0.1410369873
0.2820739746
-0.2468261719
-0.2115631104
-0.3173370361
0.7404632568
0.0705261230
0.3173370361
0.0758514404
0.1516876221
-0.0758514404
-0.1516876221
0.1516876221
0.0758514404
0.3792419434
0.7584686279
0.4634552002
-0.3475952148
-0.3475952148
0.2317199707
-0.1737976074
0.1158599854
-0.4634552002
-0.3475952148
0.1283569336
-0.1833648682
0.8801727295
0.0550079346
0.0000000000
0.3667297363
-0.0733489990
-0.1466979980
-0.6266326904
-0.1566619873
0.3133239746
0.0000000000
0.3916473389
0.3133239746
-0.1566619873
0.0000000000
-0.1377105713
0.1377105713
0.1836090088
0.2295227051
0.2295227051
0.1377105713
-0.8262634277
-0.2295227051
0.2540588379
0.1693725586
0.3387451172
0.2540588379
0.4234313965
-0.3387451172
-0.4234313965
0.0846862793
0.1253814697
0.8933410645
-0.3761444092
0.1097106934
0.0156707764
0.0000000000
-0.0940399170
-0.1253814697
0.0000000000
-0.1064758301
0.0000000000
-0.1064758301
-0.1064758301
0.1064758301
0.0000000000
0.1064758301
-0.0402069092
0.3217010498
0.2814788818
0.2814788818
-0.2814788818
0.7238159180
0.2010650635
-0.2010650635
0.4457855225
0.2971954346
0.4160614014
0.3566284180
0.3269042969
0.3863525391
-0.2377471924
0.2674713135
0.3580627441
-0.0275421143
0.2203369141
-0.2203369141
-0.1101684570
-0.6059417725
-0.6059417725
0.0550842285
0.1153869629
-0.2307739258
0.4615325928
0.0000000000
0.1153869629
0.2307739258
0.1153869629
-0.3461608887
0.5518341064
0.1439514160
-0.2159423828
-0.2639160156
-0.7197875977
0.0239868164
-0.0239868164
-0.1439514160
0.2336883545
-0.5258026123
0.5258026123
-0.0584259033
0.0000000000
-0.2336883545
0.0584259033
-0.4673767090
-0.0911560059
0.0000000000
0.0000000000
0.0000000000
-0.0911560059
-0.0911560059
0.0000000000
0.0000000000
0.1415710449
-0.1061706543
-0.2123565674
-0.9201965332
-0.0707855225
-0.1061706543
0.1415710449
0.0000000000
0.0000000000
0.9899291992
-0.0594024658
-0.0198059082
-0.0198059082
0.0395965576
-0.0395965576
0.0000000000
0.3334350586
-0.3334350586
0.3334350586
-0.2222900391
0.2222900391
-0.2222900391
0.0000000000
-0.2222900391
0.0815887451
0.0815887451
0.6527404785
-0.2447814941
0.0000000000
-0.3263702393
-0.2447814941
-0.3263702393
0.0000000000
0.0000000000
0.3370056152
-0.1123352051
0.1123352051
0.1123352051
0.2246704102
-0.5616760254
0.0971527100
-0.1360015869
0.0194244385
0.9714508057
-0.0777130127
-0.0582885742
0.0777130127
0.0194244385
-0.0904083252
0.9341583252
0.1808013916
0.0904083252
-0.1808013916
0.0000000000
0.0904083252
0.0904083252
-0.3189849854
0.2734069824
-0.0911407471
-0.0455627441
-0.5923919678
-0.4101257324
0.1367034912
0.4556884766
-0.4057312012
-0.6085968018
0.0000000000
0.2028656006
0.0000000000
0.1014251709
0.0000000000
-0.2028656006
0.9608154297
0.0720672607
-0.0240173340
0.0000000000
0.1681365967
-0.0240173340
-0.0960845947
0.1201019287
0.1113433838
-0.1113433838
-0.1113433838
-0.1113433838
-0.1113433838
0.1113433838
0.0000000000
0.0000000000
0.0000000000
0.1113433838
0.0000000000
0.1113433838
0.0000000000
0.0000000000
-0.2226867676
0.0000000000
0.0610656738
0.9769287109
0.1017608643
-0.0203552246
0.0203552246
-0.1017608643
-0.0203552246
0.0814056396
0.0422363281
-0.0422363281
-0.1267242432
0.9292602539
-0.0844726562
0.0844726562
0.1267242432
-0.1689605713
0.1689605713
-0.1267242432
0.1267242432
0.1267242432
-0.5913543701
0.6335906982
0.3379211426
0.0000000000
0.1715698242
-0.0428924561
-0.2573699951
-0.0428924561
0.8149871826
0.1715698242
-0.1715698242
0.3431549072
0.2115631104
0.2115631104
-0.0352630615
-0.2468261719
-0.1057739258
0.7757263184
-0.2115631104
0.3878631592
0.0000000000
0.1539001465
-0.0769500732
-0.1539001465
0.2308349609
-0.0769500732
0.3077850342
0.7694702148
0.8619232178
0.0000000000
-0.2873077393
0.0957641602
-0.0319213867
0.1276855469
-0.2553863525
-0.2234649658
0.1220703125
-0.1627502441
0.8748016357
0.0813751221
-0.0610351562
0.3865356445
0.0000000000
-0.1424102783
-0.3181304932
-0.2120971680
0.5302276611
0.0000000000
0.2120971680
0.3181304932
-0.1060485840
0.0000000000
0.0000000000
0.0931549072
0.1552429199
0.0621032715
-0.0310516357
0.0310516357
-0.9625396729
-0.0621032715
0.4462890625
0.2975311279
0.0743865967
0.0000000000
0.5950622559
0.0743865967
-0.3719177246
-0.1487579346
0.0789184570
0.9075469971
-0.3551330566
0.1183776855
0.0591888428
0.0394592285
-0.0789184570
-0.0789184570
0.0000000000
-0.1000061035
0.0000000000
0.0000000000
0.0000000000
0.1000061035
-0.1000061035
0.1000061035
-0.0890045166
0.2966613770
0.3263244629
0.2669982910
-0.2966613770
0.7416687012
0.2373352051
-0.0593261719
0.4831085205
0.3757476807
0.2952423096
0.4562683105
0.4025878906
0.2952423096
-0.1073608398
0.2147216797
0.2943420410
0.1177368164
0.1766052246
-0.3237762451
-0.1471710205
-0.6475524902
-0.5298156738
0.1177368164
0.3689117432
-0.2459411621
0.2459411621
-0.1229705811
0.0000000000
0.2459411621
0.0000000000
-0.1229705811
0.5193939209
0.1416473389
-0.2360839844
-0.1416473389
-0.7790832520
0.0472106934
0.0472106934
-0.0708312988
0.5567321777
-0.2087707520
0.4871520996
0.2783660889
0.2783660889
-0.2087707520
-0.0695953369
-0.2087707520
-0.0911560059
-0.0911560059
0.0000000000
0.0000000000
0.0000000000
0.0000000000
0.0000000000
-0.0911560059
0.0000000000
-0.0270996094
-0.0542144775
-0.9757537842
-0.1355285645
-0.0270996094
0.0270996094
0.0270996094
0.0000000000
0.9790649414
-0.0611877441
-0.0305938721
-0.0305938721
-0.0611877441
0.0305938721
-0.0305938721
0.4615325928
-0.3461608887
0.1153869629
-0.2307739258
0.0000000000
-0.1153869629
-0.2307739258
-0.1153869629
-0.1190948486
0.1786346436
0.7740936279
-0.1190948486
0.0595397949
-0.1190948486
-0.1786346436
-0.4168243408
0.1863403320
0.1863403320
0.0000000000
-0.1863403320
0.2795104980
0.2795104980
-0.0931701660
-0.6521911621
0.0801849365
-0.1282958984
0.0641479492
0.9782714844
-0.0320739746
0.0160369873
0.0641479492
0.0481109619
-0.0514068604
0.9254608154
0.0771179199
0.1799468994
-0.2056579590
-0.0257110596
0.1799468994
0.0771179199
-0.1478576660
0.4435729980
0.0492858887
-0.1478576660
-0.6407165527
-0.0492858887
-0.1478576660
0.4928588867
-0.3406372070
-0.4541778564
0.2270965576
0.2270965576
-0.1135406494
0.0000000000
0.1135406494
-0.2270965576
0.9712371826
0.0225830078
0.0225830078
-0.0451812744
0.1581115723
-0.0451812744
-0.0451812744
0.0903472900
