0.0000000000
0.0000000000
0.0000000000
0.0000000000
-0.0911560059
-0.0911560059
-0.0911560059
0.0000000000
0.0000000000
0.0000000000
0.0000000000
0.0000000000
0.0000000000
-0.1113433838
0.2226867676
-0.1113433838
-0.0598602295
0.9577941895
0.1496582031
-0.1197204590
-0.0299377441
0.0598602295
0.0897979736
-0.0299377441
0.0000000000
0.1318359375
-0.3295898438
0.7910308838
0.2307128906
-0.0823974609
-0.0988769531
-0.4120025635
0.1269989014
-0.0254058838
-0.0762023926
-0.1777954102
-0.8889465332
0.2539825439
0.2539825439
-0.0762023926
0.1100921631
-0.0550384521
-0.0275268555
-0.0825653076
-0.6054840088
-0.7155761719
-0.1926574707
-0.1926574707
0.2082824707
0.0694274902
0.5554046631
-0.4859771729
-0.4859771729
-0.0694274902
-0.0694274902
0.0000000000
0.2507171631
0.1504364014
0.1002960205
0.0000000000
-0.2507171631
0.1504364014
-0.1002960205
-0.8524475098
0.6975708008
0.4650421143
0.0000000000
-0.3653869629
-0.2989501953
0.0332183838
-0.0996551514
-0.1660919189
0.0846252441
0.2115783691
0.5500946045
0.4654693604
-0.2538909912
-0.3808288574
0.3808288574
0.1269378662
-0.1999969482
0.1000061035
0.3000030518
-0.1000061035
0.3000030518
0.6000061035
-0.1999969482
0.0000000000
0.2203369141
0.0314788818
-0.0314788818
0.0944366455
0.0629577637
0.0944366455
-0.9443206787
-0.0629577637
0.6288909912
0.0000000000
0.1715087891
0.2286834717
0.4002075195
0.1143493652
-0.4002075195
-0.2858581543
0.0358276367
0.9671630859
0.1074676514
0.0358276367
0.0358276367
0.0358276367
-0.0358276367
-0.0716400146
-0.1113433838
0.1113433838
-0.1113433838
-0.1113433838
0.1113433838
0.0000000000
-0.1113433838
0.0000000000
0.0000000000
-0.3191528320
-0.0797882080
0.0797882080
-0.1595764160
0.0000000000
0.7978820801
0.0797882080
0.3370208740
0.3370208740
0.6318969727
-0.2527618408
-0.1685028076
0.4633941650
-0.0842590332
0.0421295166
-0.7046966553
-0.2757568359
0.3676605225
-0.0919189453
0.1531982422
0.4595794678
-0.1225585938
-0.0612792969
0.0000000000
0.0000000000
0.0588226318
0.0000000000
0.0000000000
0.0000000000
0.0000000000
0.0000000000
0.7797241211
-0.1485137939
-0.2227783203
-0.2599029541
-0.1856536865
0.3341674805
0.2227783203
0.1113891602
-0.0407104492
-0.2849426270
0.8141021729
-0.2645874023
-0.0407104492
-0.0610504150
0.3256378174
-0.2442321777
0.1237182617
0.0000000000
0.1237182617
0.1237182617
0.0000000000
-0.1237182617
0.2474365234
-0.2474365234
-0.1786346436
0.1786346436
0.2977294922
-0.8336486816
-0.0595397949
0.0000000000
-0.1786346436
0.0000000000
-0.0413665771
0.9721984863
0.0413665771
-0.1034240723
0.0413665771
-0.0206909180
-0.1447906494
-0.0620574951
-0.0745849609
0.2983398438
0.2237548828
0.3729400635
0.5221099854
-0.2237548828
0.4475250244
0.0745849609
-0.1105499268
0.1105499268
0.4422149658
-0.4422149658
-0.2211151123
0.2211151123
0.1105499268
-0.1105499268
0.0000000000
-0.4421386719
0.1326446533
-0.1768646240
0.4421386719
0.3979339600
-0.0884246826
-0.5747833252
0.1666259766
-0.0454406738
-0.1211853027
0.9543151855
0.1060333252
0.0151519775
-0.1060333252
0.1211853027
-0.1544036865
0.9521179199
0.1286621094
0.1286621094
-0.0514678955
0.0771942139
-0.0257263184
0.0771942139
0.5253143311
-0.3502197266
0.1050567627
0.0000000000
0.1751098633
0.6303863525
0.0000000000
0.3502197266
0.0788116455
-0.7880706787
0.0000000000
-0.0788116455
0.2364196777
-0.3152313232
0.0000000000
0.0000000000
0.4550781250
0.1516876221
0.2275390625
0.1516876221
-0.5309295654
0.0758514404
0.0758514404
-0.4550781250
0.0000000000
0.1237182617
0.0000000000
-0.2474365234
-0.1237182617
-0.1237182617
-0.2474365234
-0.1237182617
0.2400054932
0.0000000000
-0.1199951172
0.0000000000
-0.1199951172
0.1199951172
0.1199951172
-0.1199951172
-0.1151428223
0.9869232178
-0.0164489746
-0.0328979492
0.0164489746
0.0493469238
0.0000000000
0.0000000000
0.0248565674
0.0869903564
-0.4225006104
0.8077087402
0.1242675781
-0.0372772217
-0.0124206543
-0.3727874756
0.0653381348
-0.0435638428
0.0217742920
-0.0653381348
-0.9583129883
0.2178039551
0.0871124268
0.0217742920
0.2226409912
-0.0494689941
0.0000000000
0.0247344971
-0.3710632324
-0.8163299561
-0.2721099854
-0.2226409912
-0.0623626709
-0.5612487793
0.6236114502
-0.3117980957
-0.1247253418
0.1870880127
0.1247253418
0.0000000000
0.3764190674
0.1613159180
-0.1075439453
0.0537719727
-0.2688751221
0.2688751221
-0.1075439453
-0.7528381348
0.8744659424
0.2498474121
0.1561584473
-0.3123016357
-0.1249237061
0.0000000000
0.0000000000
-0.0624542236
-0.1857452393
0.0464324951
0.8358154297
0.3482666016
-0.1160888672
-0.0464324951
0.3018188477
0.1392974854
-0.2002868652
0.0667572021
0.4673461914
0.2002868652
0.4673461914
0.5341186523
-0.2002868652
-0.0667572021
0.0453186035
0.0906219482
0.0679626465
0.0679626465
0.0679626465
0.0906219482
-0.9742279053
-0.0453186035
0.6930999756
-0.0533142090
0.2132568359
0.0533142090
0.3731994629
0.1599426270
-0.3731994629
-0.2665710449
0.0000000000
0.9790954590
0.1398773193
-0.0233154297
-0.0233154297
0.0233154297
-0.0233154297
-0.0466308594
-0.3424682617
0.1141510010
-0.3424682617
-0.2283172607
0.2283172607
0.1141510010
0.1141510010
-0.3424682617
0.0000000000
-0.3808593750
-0.1269531250
0.0634765625
0.0000000000
-0.1269531250
0.8251800537
-0.0634765625
0.4639129639
0.4418182373
0.5522766113
0.0220947266
0.0220947266
0.4418182373
-0.1546325684
0.2209167480
-0.6414031982
-0.3207092285
0.3207092285
-0.0962066650
0.1603546143
0.5451965332
-0.1282806396
-0.0320739746
0.2494506836
0.1247253418
0.1247253418
-0.2494506836
-0.1247253418
0.1247253418
-0.1247253418
-0.1247253418
0.8999176025
-0.1153717041
-0.2076721191
-0.1615295410
-0.1384429932
0.2538146973
-0.0692291260
0.0461425781
-0.0554962158
-0.3699798584
0.7954711914
-0.3144836426
0.0370025635
-0.0184936523
0.2404937744
-0.2404937744
0.1219482422
-0.1219482422
0.1219482422
0.0000000000
-0.1219482422
-0.4878082275
0.1219482422
-0.2438964844
0.0217742920
0.0653076172
0.0217742920
-0.9796142578
0.0435333252
0.0217742920
-0.0217742920
-0.1306152344
-0.0532684326
0.9853515625
0.0133209229
-0.0266265869
0.0665740967
-0.0133209229
-0.1198425293
-0.0266265869
-0.0990600586
0.3962097168
0.4457397461
0.2971649170
0.3466796875
-0.1981048584
0.5447998047
0.0990600586
0.0000000000
0.2050781250
0.8613128662
-0.1230468750
-0.0410156250
-0.0410156250
0.0820312500
-0.3691253662
0.2822113037
-0.5644073486
0.0564422607
-0.2822113037
0.0564422607
0.4515228271
-0.0564422607
-0.4515228271
0.1007385254
0.0223846436
0.0111999512
0.9850311279
-0.0335845947
-0.0223846436
-0.1007385254
0.0559692383
-0.0636749268
0.9806671143
0.1146240234
0.0636749268
0.0000000000
0.1018829346
-0.0382080078
0.0000000000
0.2718505859
-0.4349517822
0.4077606201
-0.0815582275
0.0815582275
0.6796112061
-0.1087341309
0.2446594238
0.1972656250
-0.8547973633
-0.1315002441
-0.0657501221
0.0657501221
-0.1972656250
-0.0657501221
-0.1315002441
0.8576965332
0.0000000000
0.1478729248
0.1774597168
-0.3549041748
0.0591583252
0.1478729248
-0.1774597168
-0.1247253418
0.0000000000
0.0000000000
-0.1247253418
-0.2494506836
0.0000000000
-0.2494506836
-0.2494506836
0.1111450195
0.0000000000
-0.4445648193
0.0000000000
-0.2222900391
0.3334350586
0.3334350586
-0.2222900391
-0.1037597656
0.9904785156
-0.0377349854
-0.0377349854
0.0283050537
-0.0094299316
-0.0283050537
-0.0283050537
0.0000000000
0.0689544678
-0.4252319336
0.8504638672
0.0574645996
0.1149291992
-0.0229797363
-0.2643280029
0.0730743408
-0.0548095703
-0.0182647705
0.0000000000
-0.9682769775
0.0365447998
-0.1826934814
0.0913391113
0.2378692627
0.0991058350
0.0198211670
0.0396423340
-0.1387481689
-0.8919830322
-0.2378692627
-0.2180480957
-0.2681579590
-0.6895599365
0.3447875977
0.0000000000
0.3064727783
0.4214019775
-0.1149291992
0.0383148193
0.1242218018
0.2484588623
-0.2484588623
0.0000000000
0.0000000000
0.1242218018
0.1242218018
-0.3726806641
0.8931427002
0.0893096924
0.2679443359
-0.1488647461
0.0595397949
-0.1786346436
0.1488647461
0.1190795898
-0.1754150391
0.0134887695
0.9175720215
0.2158966064
-0.0809631348
0.0944519043
0.2428894043
0.0134887695
-0.1798706055
0.0000000000
0.5395965576
0.3597412109
0.5395965576
0.4047088623
-0.1349029541
-0.0899353027
-0.0180511475
0.1083221436
0.0541687012
0.0541687012
0.0902709961
0.1083221436
-0.9748992920
-0.0361022949
0.5516510010
0.0000000000
0.0000000000
-0.4728393555
0.0788116455
0.0788116455
-0.4728393555
-0.1576080322
-0.0128784180
0.9916687012
0.0386352539
-0.0128784180
-0.0257568359
0.0772705078
-0.0515136719
0.0128784180
-0.2028656006
0.2028656006
-0.4057312012
-0.4057312012
0.4057312012
0.1014251709
0.0000000000
-0.2028656006
0.0515136719
-0.4121551514
-0.2060852051
0.0515136719
0.0515136719
0.2060852051
0.7212829590
-0.3606414795
0.5341186523
0.3662567139
0.4730682373
0.1373443604
0.1220855713
0.4425506592
-0.2289123535
0.2594299316
-0.4858856201
-0.2208557129
0.3533630371
-0.1766815186
0.0000000000
0.6183929443
-0.3092041016
0.1325073242
0.4445648193
-0.1111450195
0.5557098389
0.0000000000
-0.1111450195
0.0000000000
0.0000000000
0.0000000000
0.9106750488
-0.0687255859
-0.2233734131
-0.0687255859
-0.1718292236
0.1718292236
-0.2061920166
-0.0171813965
-0.0703430176
-0.3517456055
0.8441772461
-0.2286376953
0.0703430176
-0.0351715088
0.1055145264
-0.2813873291
-0.1245422363
-0.2490844727
-0.1245422363
0.0000000000
-0.1245422363
-0.2490844727
-0.2490844727
-0.2490844727
0.0276336670
0.0736999512
-0.0644836426
-0.9856414795
0.0276336670
-0.0184173584
0.0460510254
-0.1105346680
0.0000000000
0.9917449951
-0.0595092773
0.0495910645
0.0297546387
0.0000000000
-0.0694274902
-0.0396728516
-0.1494903564
0.2989959717
0.5481567383
0.0996704102
0.0996704102
-0.2989959717
0.5979919434
0.1993255615
0.0700378418
0.2334289551
0.8637084961
-0.1167144775
0.0233459473
-0.0233459473
0.0700378418
-0.3968353271
0.2625122070
-0.5775299072
-0.0525054932
-0.4200134277
-0.1575012207
0.5250244141
-0.0525054932
-0.1575012207
0.0275115967
0.0641937256
0.1284027100
0.9813232422
-0.0458526611
-0.0183410645
-0.1008758545
-0.0183410645
-0.0517883301
0.9926757812
0.0690612793
0.0258941650
0.0086364746
0.0517883301
-0.0258941650
-0.0258941650
0.0532531738
-0.6124725342
0.4260711670
-0.1864013672
0.0532531738
0.5858459473
0.1065216064
0.1597747803
-0.0947570801
-0.4738006592
-0.1895141602
-0.3790283203
0.2842712402
0.0947570801
-0.1895141602
-0.3790283203
0.9459075928
0.0000000000
0.0181884766
0.1455230713
-0.1637115479
0.1091461182
0.1819000244
-0.0363769531
0.0000000000
0.2495727539
0.1247863770
0.0000000000
-0.2495727539
0.2495727539
-0.1247863770
-0.2495727539
0.0000000000
-0.1250000000
-0.3750000000
0.0000000000
-0.1250000000
0.1250000000
0.2500000000
0.0000000000
-0.0702209473
0.9909210205
-0.0077972412
-0.0624237061
-0.0156097412
-0.0702209473
-0.0390167236
-0.0234069824
-0.0771789551
0.0661468506
-0.3417816162
0.9040527344
-0.0220489502
0.1543426514
0.0000000000
-0.1653747559
0.0533294678
-0.0177764893
-0.0355529785
0.0711059570
-0.9244384766
-0.1244506836
-0.3199920654
0.0888824463
0.2999877930
0.2099914551
0.0000000000
0.0299987793
0.0899963379
-0.8399505615
-0.1799926758
-0.2999877930
-0.3307647705
-0.5145263672
0.1102600098
-0.1470031738
0.4777679443
0.4042663574
-0.3675231934
0.1470031738
-0.2246704102
0.1123352051
-0.3370056152
-0.2246704102
0.3370056152
0.1123352051
0.2246704102
0.3370056152
0.9645233154
0.1522979736
0.1015319824
0.0000000000
-0.0507659912
-0.1015319824
0.0000000000
0.0507659912
-0.1046142578
-0.0475463867
0.9320220947
0.2092285156
-0.0285339355
0.1997222900
0.1711883545
-0.0380401611
-0.2933349609
0.1676177979
0.4190521240
0.3771362305
0.6704711914
0.2095184326
-0.1257171631
0.0419006348
-0.0771484375
0.0900115967
0.0514373779
0.0642852783
0.0642852783
0.1028747559
-0.9772491455
-0.0642852783
-0.0752105713
0.2256317139
-0.6016693115
-0.4512481689
-0.1504211426
0.1504211426
-0.3008422852
0.2256317139
-0.0164337158
0.9939727783
-0.0657196045
0.0082092285
0.0082092285
0.0492858887
-0.0492858887
0.0164337158
-0.3689117432
0.2459411621
0.0000000000
-0.2459411621
0.2459411621
0.0000000000
-0.1229705811
-0.1229705811
0.0433349609
-0.3033447266
0.0000000000
0.1300048828
0.0000000000
0.6066894531
0.6066894531
-0.3033447266
0.5453491211
0.3739471436
0.4518585205
0.1713867188
0.2181396484
0.4051055908
-0.2492980957
0.2181396484
0.0000000000
0.1445617676
0.2409362793
-0.1445617676
-0.4337005615
0.1445617676
-0.7710113525
0.1445617676
0.2879943848
-0.2879943848
0.6719970703
0.1920013428
0.0000000000
0.0000000000
0.0959930420
-0.0959930420
0.8864440918
0.0554046631
-0.2585449219
0.0554046631
-0.2770080566
0.1108093262
-0.2031402588
0.0000000000
-0.1052398682
-0.3332824707
0.8770446777
-0.1403198242
0.1052398682
-0.0877075195
0.0000000000
-0.2455749512
0.0000000000
0.0000000000
-0.1247253418
-0.1247253418
0.1247253418
-0.3741607666
-0.1247253418
-0.1247253418
0.0154571533
0.0695495605
-0.0772705078
-0.9890747070
0.0000000000
-0.0077209473
0.0386352539
-0.0849914551
0.0158691406
0.9918365479
-0.0793457031
0.0555419922
-0.0079345703
0.0158691406
-0.0634765625
-0.0158691406
-0.2951354980
0.3541564941
0.4722137451
0.1180572510
0.0000000000
-0.3541564941
0.4722137451
0.2951354980
0.0437622070
0.1531524658
0.8970184326
-0.1531524658
0.0218811035
0.0875091553
-0.0218811035
-0.3500518799
0.0000000000
-0.7058868408
0.0000000000
-0.4705810547
-0.1176452637
0.3529357910
0.1176452637
-0.1176452637
0.0155029297
0.0464935303
0.1239929199
0.9841766357
-0.0077514648
0.0077514648
-0.0929870605
-0.0542449951
-0.0326690674
0.9963531494
0.0489959717
0.0000000000
0.0000000000
0.0245056152
0.0000000000
-0.0326690674
-0.0584106445
-0.5841522217
0.4381103516
-0.3212890625
-0.0584106445
0.4673156738
0.2628631592
0.2044525146
-0.2600250244
-0.7800598145
0.0000000000
-0.3120269775
0.2600250244
-0.1560058594
0.0520019531
-0.2080230713
0.9884185791
0.0335083008
-0.0335083008
0.0502624512
0.0335083008
0.0335083008
0.0502624512
0.0670166016
0.0000000000
0.1249389648
0.2498626709
0.2498626709
-0.1249389648
0.2498626709
0.0000000000
-0.1249389648
0.2474365234
-0.2474365234
-0.1237182617
0.0000000000
-0.1237182617
0.1237182617
0.0000000000
-0.1237182617
-0.0467834473
0.9903717041
0.0000000000
-0.0389862061
-0.0467834473
-0.1013793945
-0.0311889648
-0.0077972412
-0.0942382812
0.0377044678
-0.3204193115
0.9141540527
-0.0753936768
0.0471191406
0.0377044678
-0.1979064941
0.0873260498
0.0523986816
0.0174713135
0.0698699951
-0.9606170654
-0.0174713135
-0.2270507812
0.0000000000
0.4479827881
0.0559997559
0.0559997559
0.2799987793
0.6159820557
-0.0559997559
-0.1679992676
-0.4479827881
-0.2180175781
-0.5087127686
-0.1090087891
-0.2543640137
0.6177368164
0.3270416260
-0.2906951904
0.0363311768
0.0000000000
0.3538970947
-0.6193237305
0.0884704590
0.3538970947
0.2654266357
-0.0884704590
0.0884704590
0.9838714600
0.0666961670
0.0333557129
0.0166778564
-0.1000518799
0.0666961670
-0.0500335693
-0.0166778564
-0.0663452148
-0.0580444336
0.9453887939
0.1990203857
-0.0331726074
0.1990203857
0.1161041260
-0.0497589111
-0.4350128174
0.2768249512
0.3163757324
0.2372741699
0.7118377686
0.0000000000
-0.0790863037
0.1186370850
-0.0900878906
0.0700683594
0.0700683594
0.0500488281
0.0300292969
0.0700683594
-0.9810333252
-0.0900878906
-0.3076629639
0.2461395264
-0.6768646240
-0.0615386963
-0.0615386963
0.4307250977
-0.1846008301
0.1846008301
-0.0312042236
0.9907073975
-0.1014099121
-0.0234069824
-0.0155944824
0.0390014648
-0.0546112061
0.0000000000
-0.2484588623
0.3726806641
0.0000000000
-0.1242218018
0.0000000000
-0.1242218018
0.1242218018
-0.2484588623
-0.0490417480
-0.1471405029
0.2452392578
0.2452392578
-0.0490417480
0.6376342773
0.5885772705
-0.1471405029
0.4992370605
0.4160308838
0.4659576416
0.2496185303
0.2662506104
0.3661041260
-0.2662506104
0.1164855957
0.3565063477
0.2673797607
0.2228240967
-0.0445709229
-0.4010772705
-0.0891265869
-0.7130126953
0.0891265869
0.1219482422
0.0000000000
0.3658599854
0.2438964844
0.0000000000
-0.3658599854
0.1219482422
-0.1219482422
0.7938995361
0.0933990479
-0.2801971436
0.0933990479
-0.4436492920
0.0700531006
-0.1867980957
0.1401062012
-0.1151733398
-0.3455047607
0.8829650879
-0.0959777832
0.1151733398
0.0191955566
0.0000000000
-0.2303466797
0.0000000000
-0.1234283447
-0.3703002930
0.1234283447
0.1234283447
-0.3703002930
0.0000000000
-0.1234283447
0.0155181885
0.0465545654
-0.0775909424
-0.9931945801
-0.0155181885
0.0232849121
0.0155181885
-0.0465545654
0.0078277588
0.9946746826
-0.0548248291
0.0469970703
0.0156707764
-0.0078277588
-0.0548248291
0.0078277588
-0.5207519531
0.3645172119
0.2603759766
0.2082977295
0.2603759766
-0.3124542236
0.3645172119
0.3124542236
-0.0237274170
0.0711975098
0.8781890869
-0.0949401855
0.0949401855
0.0474700928
-0.0474700928
-0.4272308350
0.0000000000
-0.5852203369
-0.1170501709
-0.4096527100
0.1755676270
-0.2926025391
0.3511352539
-0.3511352539
0.0544586182
0.0233459473
0.0389099121
0.9881591797
0.0077819824
-0.0077819824
-0.1244964600
-0.0311279297
0.0000000000
0.9972076416
0.0000000000
0.0000000000
-0.0179748535
0.0179748535
0.0449218750
-0.0179748535
0.0749206543
-0.2497558594
0.6993103027
-0.2497558594
-0.0749206543
0.5494537354
0.0499572754
0.2247772217
-0.1495208740
-0.9270324707
-0.0897064209
-0.1495208740
0.1196136475
-0.1196136475
0.1495208740
-0.0897064209
0.9707336426
0.1316223145
-0.0329132080
-0.0987243652
0.0493621826
-0.0987243652
-0.0658111572
0.0658111572
0.0000000000
0.0000000000
0.2486572266
0.2486572266
-0.1243286133
0.2486572266
0.0000000000
0.0000000000
0.0000000000
-0.3743438721
-0.2495727539
0.0000000000
0.0000000000
-0.1247863770
0.0000000000
-0.2495727539
-0.0082702637
0.9929504395
0.0082702637
-0.0082702637
-0.0248260498
-0.0992889404
0.0082702637
-0.0330963135
-0.1255187988
0.0313720703
-0.2928771973
0.9204711914
-0.0522918701
-0.0104522705
-0.0104522705
-0.2091979980
0.1569366455
0.0174407959
0.1569366455
0.0000000000
-0.9241485596
0.2441101074
-0.0871887207
-0.1394958496
0.1777038574
0.0592346191
0.1777038574
0.3553924561
0.5923309326
0.2369384766
0.0000000000
-0.5330963135
0.0000000000
-0.2293548584
-0.1911315918
-0.2675781250
0.7262725830
0.4586944580
-0.2293548584
-0.0382232666
-0.0939483643
0.0939483643
-0.3758239746
0.0000000000
0.4697723389
0.0939483643
-0.2818603516
0.4697723389
0.9672546387
0.0000000000
-0.0569000244
0.0000000000
-0.0758666992
0.1706848145
-0.0948333740
-0.0758666992
0.0000000000
-0.0192565918
0.9626007080
0.1636352539
-0.0866394043
0.1540222168
0.0673828125
-0.0866394043
-0.6091156006
0.2030334473
0.2842559814
0.1218261719
0.6497192383
0.0406036377
0.0000000000
0.1218261719
-0.1025085449
0.0683441162
0.0797271729
0.0455627441
0.0341644287
0.0569458008
-0.9795532227
-0.0911254883
-0.4127044678
0.2063598633
-0.4642944336
0.3095245361
0.0000000000
0.5674743652
-0.2063598633
0.1547698975
-0.0413360596
0.9919433594
-0.0495910645
-0.0165252686
-0.0578613281
0.0661315918
-0.0330657959
0.0247955322
-0.1190643311
0.3572082520
-0.1190643311
0.0000000000
0.1190643311
-0.3572082520
0.3572082520
0.0000000000
0.0000000000
0.0575408936
0.4028320312
0.1726379395
-0.1150970459
0.6330261230
0.5179290771
-0.1150970459
0.4425811768
0.4255676270
0.4936523438
0.3234252930
0.3234252930
0.3234252930
-0.2212982178
0.0851135254
0.6017150879
0.2005767822
0.2406921387
-0.2005767822
-0.2406921387
-0.3209228516
-0.5214843750
0.1203460693
0.1219482422
0.0000000000
0.3658599854
0.1219482422
0.0000000000
-0.1219482422
0.2438964844
-0.3658599854
0.6669616699
0.0000000000
-0.3769683838
0.0869903564
-0.5219573975
0.1739807129
-0.0869903564
0.2609863281
-0.1436614990
-0.3112792969
0.8141174316
-0.0957794189
0.0718383789
0.3591766357
0.0239410400
-0.2394409180
0.0000000000
-0.1238555908
-0.3715667725
0.3715667725
0.0000000000
-0.1238555908
0.1238555908
0.0000000000
-0.0102539062
0.0410461426
-0.0410461426
-0.9953613281
-0.0205230713
0.0307769775
-0.0102539062
-0.0307769775
-0.0100555420
0.9957427979
-0.0201110840
0.0100555420
0.0100555420
-0.0402374268
-0.0502929688
0.0201110840
-0.5799255371
0.3163299561
0.1054382324
0.2108764648
0.3690490723
-0.2108764648
0.3163299561
0.3690490723
-0.1398468018
0.1118774414
0.7552032471
-0.0839080811
0.1398468018
0.0279693604
0.0000000000
-0.5873870850
0.0692596436
-0.2770385742
-0.1385192871
-0.4848175049
0.1385192871
-0.4155578613
0.2770385742
-0.4848175049
0.0931549072
0.0000000000
-0.0232849121
0.9859466553
-0.0232849121
-0.0232849121
-0.1242065430
0.0155334473
0.0217590332
0.9901885986
-0.0326385498
0.0326385498
-0.0544128418
-0.0108795166
0.0979309082
0.0217590332
0.2051849365
-0.0769500732
0.7437896729
-0.1282348633
0.0000000000
0.5642547607
0.0256500244
0.2051849365
-0.1340942383
-0.9387054443
-0.1877441406
-0.1609191895
0.0804595947
0.0804595947
0.0268249512
0.0536346436
0.9456634521
0.1161346436
0.0165863037
-0.2322692871
-0.0331878662
-0.1659088135
-0.0165863037
-0.0165863037
0.0000000000
-0.1113433838
0.0000000000
0.0000000000
-0.1113433838
0.0000000000
-0.2226867676
0.0000000000
0.1150360107
0.0000000000
0.1150360107
0.0000000000
0.0000000000
0.0000000000
0.2300720215
-0.1150360107
-0.2595672607
0.1730346680
0.4326019287
-0.4326019287
0.0865173340
-0.0865173340
0.2595672607
-0.4326019287
0.0785980225
0.1768341064
-0.2554321289
0.7270202637
0.2554321289
-0.2357940674
-0.1768341064
-0.4519348145
-0.2452392578
0.1471405029
-0.0980987549
-0.0980987549
-0.5885772705
0.3433380127
0.5885772705
-0.0980987549
0.1600799561
0.2000885010
0.1200561523
0.0000000000
-0.3201446533
-0.7603454590
-0.2401123047
-0.3601684570
0.2901458740
0.1740875244
0.4642333984
-0.4642333984
-0.5802917480
0.0580291748
-0.0580291748
0.0000000000
0.3225860596
0.1290283203
0.1935577393
0.2580718994
-0.1290283203
0.1290283203
0.0645141602
-0.7742156982
0.3160400391
0.5869445801
-0.1354522705
-0.4063415527
-0.3160400391
0.1806030273
-0.2709045410
-0.3160400391
0.1867828369
-0.2334747314
0.0933990479
0.5603485107
-0.3735656738
-0.5603485107
0.2334747314
0.0933990479
-0.1249389648
0.1249389648
0.1249389648
-0.2498779297
0.1249389648
0.2498779297
-0.2498779297
-0.1249389648
0.1901550293
0.0000000000
-0.2281799316
0.1140899658
-0.0760650635
0.1140899658
-0.9127502441
0.0000000000
0.5294189453
-0.0529479980
0.2117614746
0.2647094727
0.3176422119
0.0000000000
-0.5823516846
-0.2647094727
0.1053924561
0.8782348633
-0.2810363770
0.0351257324
-0.2459106445
0.0351257324
-0.1756439209
-0.0702514648
0.0000000000
0.1064758301
-0.1064758301
-0.1064758301
0.1064758301
0.0000000000
0.0000000000
-0.1064758301
0.0000000000
-0.4330139160
0.2165069580
0.1082458496
-0.1082458496
-0.1082458496
0.5412597656
0.0000000000
0.3230133057
0.5024566650
0.4306793213
0.0358886719
-0.1435546875
0.4665679932
-0.3947906494
0.1435546875
-0.5960083008
-0.2509460449
0.3136901855
-0.0627441406
0.2823181152
0.5960083008
0.0941009521
-0.0627441406
0.1237182617
-0.2474365234
0.2474365234
-0.1237182617
0.0000000000
0.0000000000
-0.1237182617
0.1237182617
0.6244964600
-0.0780639648
-0.1561279297
-0.6244964600
-0.2341918945
0.2341918945
0.0780639648
0.1561279297
-0.0978546143
-0.3669281006
0.6604766846
-0.3424682617
-0.1467742920
0.0489196777
0.4158477783
-0.2935485840
0.0000000000
0.0000000000
0.0911560059
0.0000000000
0.0000000000
-0.0911560059
0.0911560059
0.0000000000
-0.3165283203
0.4220428467
0.3165283203
0.1055145264
-0.2110137939
-0.2110137939
-0.3165283203
0.1055145264
0.0242156982
0.9444580078
0.0484313965
-0.0484313965
0.2179565430
0.0484313965
-0.1695251465
-0.0726470947
0.0000000000
0.2455902100
0.4093017578
0.4093017578
0.4911651611
-0.1637268066
0.3274383545
0.0000000000
-0.3981323242
0.0995330811
0.1990661621
-0.2985992432
-0.2985992432
0.4976654053
0.0000000000
0.0995330811
0.1746673584
-0.3493499756
-0.0582275391
-0.3493499756
0.2328948975
0.2328948975
-0.1164550781
-0.6986999512
0.2938995361
-0.0979614258
-0.2204284668
0.8816833496
0.1224517822
0.0244903564
-0.1469421387
0.1469421387
-0.1896972656
0.8062133789
0.3793945312
-0.0474243164
0.1896972656
0.1422729492
-0.1896972656
-0.0474243164
0.5205383301
-0.5205383301
-0.0371856689
-0.1115417480
0.3346252441
0.2974395752
0.0000000000
0.4461669922
0.1576080322
-0.6304626465
0.3152313232
-0.1576080322
0.0788116455
-0.4728393555
-0.0788116455
0.0788116455
0.5037841797
0.2518920898
0.3148651123
0.1889190674
-0.5037841797
0.1259460449
0.0629730225
-0.3778381348
-0.1243286133
0.0000000000
-0.1243286133
-0.1243286133
-0.1243286133
-0.1243286133
-0.2486572266
-0.2486572266
0.2357025146
-0.1178436279
0.0000000000
0.0000000000
0.0000000000
0.1178436279
0.1178436279
-0.1178436279
-0.5328674316
0.4440612793
0.0888061523
-0.3552398682
0.1776275635
0.0888061523
0.0000000000
-0.2664337158
0.1488952637
0.0893402100
-0.3871154785
0.7444458008
0.1637725830
-0.1637725830
-0.0744476318
-0.4466705322
-0.5301513672
0.1590423584
0.0000000000
0.0530090332
-0.4241180420
0.4771423340
0.4241180420
0.1060333252
0.2135772705
0.2135772705
0.1525573730
0.0000000000
0.0915374756
-0.8237762451
-0.2745971680
-0.3050994873
0.0592346191
-0.2369384766
0.5923309326
-0.3553924561
-0.5330963135
0.2369384766
0.0592346191
0.0592346191
0.4408111572
0.1259460449
0.0000000000
0.3148651123
-0.1259460449
0.3778381348
-0.0629730225
-0.6297302246
0.3100128174
0.3720092773
-0.0619964600
-0.4340209961
-0.2480010986
0.3720092773
0.0000000000
-0.4960174561
-0.0974731445
-0.2680358887
0.7797546387
0.4629821777
-0.1218414307
-0.1218414307
0.1949462891
0.0974731445
0.0000000000
0.0000000000
0.3424682617
0.1141510010
0.3424682617
0.3424682617
-0.3424682617
0.1141510010
0.0556945801
0.0835571289
-0.0556945801
-0.0278472900
-0.0278472900
-0.0835571289
-0.9747772217
0.0556945801
0.5923767090
0.0000000000
0.4308166504
0.0538482666
0.3231201172
0.0538482666
-0.4308166504
-0.2692565918
0.0475006104
0.9499206543
-0.1662292480
0.0237426758
-0.1424865723
0.0237426758
-0.1187438965
-0.1187438965
-0.2405242920
0.1202545166
-0.1202545166
-0.2405242920
0.1202545166
0.1202545166
0.0000000000
-0.4810485840
0.0943603516
-0.3774108887
-0.0943603516
-0.0943603516
0.1887054443
-0.0943603516
0.6604766846
-0.1887054443
0.4104461670
0.4617462158
0.4104461670
0.2223205566
0.0513000488
0.4788513184
-0.3420410156
0.2052307129
-0.5760803223
-0.2240295410
0.1920318604
0.0000000000
0.2240295410
0.7041015625
-0.0319976807
-0.0319976807
0.2495727539
-0.2495727539
0.1247863770
0.0000000000
0.2495727539
0.0000000000
-0.2495727539
-0.1247863770
0.7064971924
-0.0941925049
-0.2119445801
-0.5416412354
-0.2355041504
0.2355041504
-0.1412963867
0.0706481934
-0.1781921387
-0.5091247559
0.5345764160
-0.3563842773
-0.1018218994
0.0763702393
0.3054809570
-0.4073028564
0.1178436279
-0.1178436279
0.1178436279
0.0000000000
-0.1178436279
-0.2357025146
0.0000000000
0.0000000000
-0.0814208984
0.0407104492
-0.1628265381
-0.9362792969
0.0000000000
-0.0407104492
0.0814208984
-0.1628265381
0.0470886230
0.9573364258
0.0000000000
0.0784759521
0.2197113037
0.0313873291
-0.1255493164
-0.0470886230
0.0994262695
0.0994262695
0.6462249756
0.2485504150
0.3479614258
-0.2982635498
0.4473876953
0.0994262695
-0.2967224121
0.1483612061
0.7418060303
-0.0741729736
-0.0741729736
0.2967224121
0.2225341797
-0.0741729736
0.4153594971
-0.3560180664
-0.1186676025
-0.5340270996
0.0000000000
0.2373504639
-0.0593414307
-0.4747009277
0.4079132080
-0.0543823242
-0.0543823242
0.8702239990
-0.0815887451
0.0271911621
-0.1903686523
0.0543823242
-0.1020812988
0.9391479492
0.2041625977
0.0000000000
0.1224975586
0.1429138184
-0.1020812988
-0.0816650391
0.1790313721
-0.5669097900
0.2387084961
-0.2983703613
0.0895080566
0.3580474854
-0.1193542480
0.5669097900
0.1408843994
-0.7748718262
0.2113342285
0.0704498291
0.0704498291
-0.2817687988
0.0000000000
-0.2817687988
0.9209289551
0.0746765137
0.1742248535
0.1742248535
-0.1991271973
0.0995635986
0.0248870850
-0.1244506836
-0.2344665527
0.0000000000
0.0000000000
-0.3517150879
0.0000000000
0.0000000000
0.2344665527
-0.4689483643
0.0000000000
-0.2468566895
-0.2468566895
0.2468566895
-0.1234283447
0.1234283447
0.2468566895
-0.2468566895
-0.3180999756
0.8588714600
-0.0954284668
-0.1272430420
0.1272430420
-0.1908569336
-0.2226715088
-0.0318145752
0.0879364014
0.0376892090
-0.4145812988
0.7789001465
0.0251312256
-0.0376892090
0.0251312256
-0.4522705078
-0.1330261230
-0.0886840820
0.0443420410
0.2217254639
-0.8425445557
0.2660675049
-0.0886840820
0.2660675049
0.2458496094
0.1638946533
0.1638946533
0.0273132324
0.2458496094
-0.7648468018
-0.4097442627
-0.2185211182
-0.1765136719
-0.3088989258
0.6619262695
-0.0441284180
-0.1765136719
0.5736694336
-0.0441284180
0.0882568359
0.4658508301
0.0931701660
0.0000000000
0.0931701660
0.2795104980
0.5590209961
0.1863403320
-0.1863403320
0.8961029053
-0.0358428955
-0.0358428955
-0.0358428955
-0.0716857910
0.2867431641
-0.0358428955
-0.2509002686
-0.1338653564
-0.0243377686
0.9492340088
0.1947174072
-0.1095275879
-0.0121765137
0.1582031250
0.0243377686
0.0000000000
0.0894927979
0.6264953613
0.0894927979
0.4474945068
0.1790008545
-0.0894927979
-0.2684936523
-0.0543365479
0.0905609131
-0.0362243652
-0.0724487305
0.1086730957
-0.0181121826
-0.9780883789
0.0543365479
0.2655487061
0.0885162354
0.7966308594
-0.1770324707
0.2212829590
0.0000000000
-0.3540649414
-0.1327667236
-0.0135345459
0.9746551514
-0.1759796143
0.0270690918
-0.0541534424
0.0676879883
-0.0676879883
-0.0135345459
-0.1818389893
0.1818389893
-0.3636779785
-0.2727508545
0.3636779785
0.0909118652
0.0000000000
-0.5455017090
0.1471710205
0.1471710205
-0.1471710205
0.0735778809
0.2207489014
0.5150756836
0.5886535645
-0.2943267822
0.4872283936
0.4086456299
0.3614959717
0.2200469971
0.0942993164
0.4872283936
-0.3772125244
0.1414489746
-0.3648681641
-0.1216278076
0.3243255615
-0.0405426025
0.0000000000
0.7297363281
-0.3648681641
0.1621551514
0.3498535156
-0.4664764404
0.2332305908
0.0000000000
0.0000000000
0.0000000000
-0.2332305908
-0.1166229248
0.7855377197
-0.1208496094
-0.2719116211
-0.3625488281
-0.2870178223
0.2114868164
-0.1510620117
0.0755310059
-0.3331451416
-0.6360015869
0.3331451416
-0.3331451416
-0.0908508301
0.0605773926
0.1211395264
-0.4542846680
0.1082458496
-0.2165069580
0.0000000000
-0.1082458496
-0.1082458496
-0.6495208740
-0.1082458496
-0.2165069580
0.0000000000
0.0431213379
-0.1437377930
-0.9774322510
0.0000000000
0.0143737793
0.0718688965
-0.1006164551
0.0471649170
0.9549865723
-0.0353698730
0.1768493652
0.1768493652
0.0353698730
-0.1061096191
-0.0707397461
0.1298828125
0.0865936279
0.6927032471
0.0432891846
0.2164764404
-0.3896484375
0.4329376221
0.2164764404
-0.0268554688
0.2953491211
0.8591766357
-0.0536956787
0.0536956787
0.0268554688
0.2684936523
-0.2684936523
0.4041748047
-0.4619140625
-0.1154785156
-0.5773925781
0.0577392578
0.4041748047
0.0000000000
0.0000000000
0.3662414551
0.0523223877
0.2354431152
0.8109741211
-0.1831207275
0.0261535645
-0.2877655029
-0.1046447754
-0.0986328125
0.9863281250
0.0767211914
-0.0109558105
0.0328826904
0.0219116211
-0.0547943115
-0.0547943115
-0.0499572754
-0.4745330811
0.4995117188
-0.3246765137
0.0499572754
0.4745330811
-0.0998992920
0.3996124268
-0.1631927490
-0.4895629883
0.2447814941
0.0815887451
0.1631927490
0.2447814941
0.1631927490
-0.5711517334
0.9608917236
0.1102600098
0.0472564697
0.1890258789
-0.0787658691
0.1102600098
0.0157470703
0.0000000000
-0.2449493408
0.2449493408
0.1224670410
-0.2449493408
0.0000000000
0.1224670410
-0.1224670410
-0.3674163818
0.2320098877
-0.3480072021
-0.3480072021
0.2320098877
-0.1159973145
0.2320098877
0.2320098877
0.0000000000
-0.1700744629
0.9431610107
-0.0154571533
-0.0618438721
0.0154571533
-0.2010040283
-0.1700744629
-0.0154571533
0.0000000000
0.0344238281
-0.3442535400
0.8491668701
-0.0458984375
0.0688476562
0.0688476562
-0.3786773682
0.0821075439
-0.0547332764
-0.0547332764
0.2463073730
-0.8757476807
0.0000000000
-0.2463073730
0.2736663818
0.3031616211
0.2273712158
0.1136779785
0.1894683838
0.2273712158
-0.6820983887
-0.4168395996
-0.2652587891
-0.2779083252
-0.3970184326
0.1985015869
-0.0397033691
0.4764251709
0.5955200195
-0.2779083252
0.1191101074
0.0000000000
0.1065826416
-0.2131805420
-0.3197631836
0.4263610840
0.4263610840
0.2131805420
-0.1065826416
0.9813690186
-0.0213317871
0.0000000000
0.0426635742
0.0213317871
0.0639953613
-0.0639953613
-0.1066741943
-0.0849151611
-0.0308837891
0.9803466797
0.1157836914
-0.0694732666
0.0385894775
0.0926361084
-0.0231628418
-0.0802917480
0.4817504883
0.4014587402
-0.0802917480
0.5620422363
0.0000000000
0.0000000000
-0.2408752441
-0.1056976318
0.0660705566
-0.0132141113
0.0528564453
0.0924835205
0.1056976318
-0.9777526855
0.0132141113
-0.2055358887
0.1027679443
0.7707672119
-0.2569274902
0.1027679443
0.1027679443
-0.4110717773
-0.1027679443
-0.0483856201
0.9774475098
-0.1741943359
0.0000000000
-0.0096740723
0.0677490234
-0.0290374756
0.0580596924
-0.2211151123
0.1105499268
-0.1105499268
-0.1105499268
0.2211151123
-0.2211151123
-0.2211151123
-0.5527648926
0.0607299805
0.0607299805
-0.0607299805
-0.0607299805
0.1214752197
0.6681060791
0.6073760986
-0.1822052002
0.5641021729
0.4185180664
0.3639373779
0.1637725830
0.1091766357
0.4731140137
-0.3093414307
0.0727844238
0.2808685303
0.0000000000
0.1685180664
0.0000000000
-0.2808685303
0.5617370605
-0.5617370605
0.2808685303
0.2199401855
-0.5498504639
0.1099700928
0.0000000000
-0.1099700928
-0.3299102783
0.1099700928
0.2199401855
0.8248748779
-0.0426635742
-0.2844390869
-0.2417755127
-0.3697662354
0.1564483643
-0.0995483398
0.0284423828
-0.3033752441
-0.6067504883
0.1896057129
-0.3033752441
0.0000000000
-0.1896057129
-0.0758361816
-0.5688171387
0.0972900391
-0.1945648193
-0.0972900391
-0.1945648193
0.0972900391
-0.6809997559
-0.0972900391
-0.2918548584
0.0185394287
0.0834503174
-0.0834503174
-0.9827880859
-0.0185394287
0.0463562012
0.0648956299
-0.1019897461
0.0639648438
0.9701232910
-0.0639648438
0.1812286377
0.0639648438
0.0213165283
-0.0639648438
-0.0746307373
-0.2324981689
0.2906341553
0.5812683105
0.0000000000
0.0581207275
-0.3487548828
0.3487548828
0.4068908691
0.0166015625
0.2655639648
0.8796691895
-0.0497894287
0.0166015625
0.0000000000
0.1493835449
-0.3485412598
0.1244812012
-0.6224060059
-0.1244812012
-0.4979248047
-0.1244812012
0.3734436035
0.1867218018
0.1244812012
0.0834045410
0.1251068115
0.3753204346
0.8131866455
-0.0834045410
0.0625457764
-0.3127593994
-0.2293548584
-0.0953216553
0.9914245605
0.0476684570
-0.0285949707
0.0000000000
-0.0285949707
-0.0190582275
-0.0285949707
-0.0428924561
-0.1501312256
0.7291870117
-0.2359161377
0.0643463135
0.5790557861
-0.1072387695
0.1501312256
-0.3559570312
-0.7627716064
0.1525573730
-0.1525573730
0.2033996582
0.3050994873
0.0508575439
-0.1525573730
0.9780426025
0.0994567871
-0.0165710449
0.1326141357
-0.0331573486
0.0663146973
0.0331573486
-0.0165710449
-0.1064758301
0.1064758301
0.1064758301
-0.1064758301
-0.1064758301
0.0000000000
0.0000000000
0.0000000000
0.1247863770
-0.1247863770
-0.3743438721
0.2495727539
0.0000000000
-0.1247863770
-0.1247863770
0.1247863770
-0.0804138184
0.9764862061
0.0114898682
0.0000000000
-0.0229797363
-0.1493530273
-0.1033935547
-0.0459594727
-0.0495452881
0.0396270752
-0.2972412109
0.8917388916
-0.0693511963
0.0792694092
0.0990753174
-0.2972412109
0.1153106689
0.0576629639
-0.1153106689
0.2017974854
-0.9225311279
0.1729736328
-0.0288238525
0.1441497803
0.2817687988
0.2113342285
-0.0704498291
0.3522186279
0.7044219971
0.2113342285
-0.1408843994
-0.1408843994
-0.2084808350
-0.4516906738
-0.1737213135
-0.1389770508
0.6949157715
0.3474578857
-0.2432250977
0.0347442627
-0.1972351074
0.0000000000
-0.1972351074
-0.3944702148
0.0986175537
0.3944702148
-0.0986175537
-0.4930877686
0.9810028076
-0.0166320801
-0.0332489014
0.0498809814
-0.0665130615
0.0000000000
-0.1163940430
-0.0831298828
-0.0460357666
-0.0997314453
0.9743347168
0.1380920410
-0.0153503418
0.1074066162
0.0613708496
-0.0460357666
-0.4612731934
0.4612731934
0.1976928711
-0.1976928711
0.5271606445
-0.2635803223
0.0000000000
-0.0659027100
-0.1308288574
0.0109100342
0.0436096191
0.1308288574
0.1090240479
0.1526336670
-0.9594116211
-0.0654144287
-0.6403198242
0.2134399414
-0.1422882080
0.1422882080
0.2845764160
0.2134399414
-0.3557281494
-0.2845764160
0.0000000000
0.9802246094
-0.1759338379
0.0167541504
0.0000000000
0.0502624512
-0.0251312256
0.0502624512
-0.2270965576
0.1135406494
0.0000000000
0.2270965576
0.1135406494
-0.3406372070
-0.2270965576
-0.4541778564
0.1693725586
-0.1693725586
-0.0846862793
-0.3387451172
0.1693725586
0.5081176758
0.5081176758
0.1693725586
0.5408477783
0.4406890869
0.4006347656
0.1602478027
0.1402282715
0.4607238770
-0.2604064941
0.1201934814
0.8388824463
0.0493469238
0.0493469238
0.1480407715
-0.1973876953
0.1480407715
-0.3454132080
0.0986938477
0.1245422363
-0.1245422363
0.0000000000
0.0000000000
0.0000000000
-0.3736267090
0.2490844727
0.2490844727
0.7947082520
0.0000000000
-0.3027496338
-0.0756835938
-0.4919586182
0.1135253906
-0.0378417969
0.0567626953
-0.2164764404
-0.5195312500
-0.2164764404
-0.1298828125
0.0432891846
-0.2597656250
-0.2597656250
-0.6494140625
0.1219482422
0.1219482422
-0.2438964844
-0.1219482422
0.1219482422
-0.4878082275
0.0000000000
-0.1219482422
0.0168762207
0.0421905518
-0.0675048828
-0.9871673584
-0.0337524414
0.0506286621
0.0843811035
-0.0759429932
0.0906372070
0.9743804932
-0.0566558838
0.1586151123
0.0339965820
0.0000000000
-0.0906372070
-0.0226593018
-0.5451354980
0.4542846680
0.3179931641
0.1817169189
0.2725677490
-0.3179931641
0.1362915039
0.3179931641
0.0000000000
0.2205963135
0.8823547363
-0.0339355469
0.0509033203
-0.0169677734
0.0848388672
-0.3902740479
-0.3152313232
-0.6304626465
-0.0788116455
-0.3152313232
-0.1576080322
-0.2364196777
0.3152313232
-0.0788116455
-0.0175781250
0.1582336426
0.2637176514
0.8614959717
0.0175781250
0.0527496338
-0.2988891602
-0.2461395264
-0.0867767334
0.9917449951
0.0247955322
0.0000000000
-0.0247955322
0.0000000000
0.0371856689
0.0371856689
0.1141967773
0.1141967773
0.7765197754
-0.0913543701
0.1370391846
0.5709686279
-0.0228424072
0.0228424072
-0.2041931152
-0.9334411621
0.0583343506
-0.1166839600
0.1750183105
0.0875091553
0.0291748047
0.0583343506
0.9841003418
0.0946197510
-0.0756988525
0.0000000000
0.0189208984
-0.0567779541
0.0189208984
-0.0378570557
-0.1238555908
0.0000000000
0.1238555908
0.0000000000
-0.3715667725
0.0000000000
-0.1238555908
0.3715667725
0.2320098877
-0.3480072021
0.0000000000
0.0000000000
-0.1159973145
-0.4640045166
-0.1159973145
-0.2320098877
-0.0305480957
0.9874877930
0.0203552246
0.0101776123
-0.0305480957
-0.1221618652
-0.0407257080
-0.0509033203
-0.0811920166
0.0507354736
-0.3044433594
0.8930358887
-0.0811920166
0.0405883789
0.0913391113
-0.2841491699
0.1561279297
0.0223083496
0.0223083496
-0.0446014404
-0.8252563477
0.4683837891
0.1784362793
-0.1561279297
0.0953826904
-0.1430816650
-0.0953826904
0.2384643555
0.5723114014
0.6677093506
-0.1907653809
0.1430816650
-0.1115417480
-0.5205383301
-0.2602691650
-0.2974395752
0.6320800781
0.2974395752
-0.1487274170
0.0743560791
-0.2222900391
0.1111450195
0.3334350586
-0.4445648193
0.2222900391
0.2222900391
-0.2222900391
0.1111450195
0.9140625000
-0.0623168945
-0.1661987305
0.0623168945
-0.2285156250
0.0830993652
-0.1869659424
-0.1454162598
-0.0250854492
-0.0752716064
0.9701690674
0.1087341309
-0.0167236328
0.1756286621
0.0167236328
-0.0836334229
-0.7133026123
0.2377624512
0.1188812256
-0.1188812256
0.4755249023
-0.2377624512
0.0594482422
0.0594482422
-0.1503448486
0.0231323242
0.0809631348
0.1503448486
0.0925292969
0.1272277832
-0.9483642578
-0.1387786865
-0.3655090332
0.2610778809
-0.4699401855
0.4699401855
0.3132934570
0.3132934570
-0.2610778809
-0.0522155762
0.0271606445
0.9869232178
-0.1358184814
0.0271606445
-0.0181121826
0.0452728271
-0.0271606445
-0.0181121826
-0.1249389648
0.1249389648
-0.1249389648
0.1249389648
0.1249389648
-0.2498779297
0.2498779297
-0.2498779297
0.0947570801
0.0000000000
0.2842712402
-0.0947570801
0.0000000000
0.4738006592
0.5685577393
0.1895141602
0.5052337646
0.4593048096
0.4363403320
0.2296447754
0.1607513428
0.4133758545
-0.2526092529
0.1148223877
0.8804016113
-0.0800323486
0.2801208496
0.0800323486
0.0400238037
-0.1600799561
-0.2000885010
0.1200561523
-0.1208343506
0.0000000000
0.2416839600
0.2416839600
0.0000000000
-0.4833679199
0.1208343506
-0.1208343506
0.6372985840
-0.0531158447
-0.3186492920
0.0265502930
-0.6372985840
0.1593322754
0.0000000000
0.1858825684
-0.0529479980
-0.4235229492
-0.4764709473
0.0000000000
0.0529479980
0.1058807373
-0.1058807373
-0.6882324219
0.0000000000
0.0000000000
-0.1216278076
0.2432556152
0.0000000000
-0.2432556152
0.1216278076
0.0000000000
0.0212554932
0.0425262451
-0.0318908691
-0.9886932373
-0.0318908691
0.0744171143
0.0850524902
-0.0425262451
0.0135955811
0.9784393311
-0.0135955811
0.0815429688
0.0815429688
-0.0679473877
-0.1358947754
0.0000000000
-0.6141815186
0.3582763672
0.2047271729
0.0511779785
0.4094543457
-0.2559051514
0.0511779785
0.3582763672
-0.0458374023
0.1604156494
0.8249969482
-0.0229187012
0.0687561035
-0.0458374023
0.1145782471
-0.5041656494
-0.1773834229
-0.1773834229
-0.0591278076
0.0000000000
0.2365264893
-0.6504364014
0.2365264893
-0.5321655273
0.0734405518
0.0612030029
0.0367126465
0.9669342041
-0.0367126465
-0.0367126465
-0.2080688477
-0.0612030029
-0.0157623291
0.9770050049
0.0157623291
0.0472717285
-0.0945434570
0.0315093994
0.0945434570
0.1260681152
0.2089996338
0.2612457275
0.6792449951
0.0000000000
0.0522460938
0.6269989014
0.0783691406
0.0522460938
-0.1576232910
-0.9141998291
-0.1260986328
-0.1576232910
0.1576232910
0.1576232910
-0.0315246582
0.1260986328
0.9004974365
0.0675354004
-0.0675354004
-0.2926635742
-0.0900421143
-0.2476348877
0.0225067139
-0.0900421143
-0.1178436279
-0.1178436279
-0.1178436279
0.0000000000
0.0000000000
0.0000000000
-0.1178436279
-0.2357025146
0.0000000000
-0.2456817627
0.1228332520
0.0000000000
-0.2456817627
-0.1228332520
0.0000000000
-0.1228332520
-0.2212371826
-0.7190399170
0.2765502930
-0.2765502930
0.0553131104
-0.3871765137
0.0000000000
-0.1659393311
0.2482452393
0.2482452393
0.0000000000
0.4468383789
0.2978973389
-0.4468383789
-0.4964904785
-0.2482452393
-0.4356994629
0.2178497314
0.0000000000
0.4356994629
0.2178497314
-0.0726165771
0.5809326172
0.0726165771
0.3047180176
0.2539215088
0.0507812500
0.0507812500
-0.2539215088
-0.5586395264
-0.2539215088
-0.5586395264
0.4522552490
0.1695861816
0.3391876221
-0.3957214355
-0.5087738037
0.3391876221
-0.0565338135
0.1130676270
0.1014251709
-0.1014251709
0.5071563721
0.2028656006
0.0000000000
-0.1014251709
0.2028656006
-0.5071563721
0.3651275635
0.4564056396
-0.0912780762
-0.4564056396
-0.0912780762
0.1825714111
0.1825714111
-0.2738494873
0.3635406494
-0.1558074951
-0.2077331543
0.3635406494
-0.4674072266
-0.5712738037
-0.1038665771
0.1558074951
-0.2500000000
0.0000000000
0.1250000000
-0.2500000000
0.2500000000
0.1250000000
-0.1250000000
-0.1250000000
-0.0476989746
-0.0953826904
-0.4292449951
0.0953826904
-0.2384643555
0.0000000000
-0.7630920410
0.2861633301
0.4079742432
-0.1631927490
0.2447814941
0.2447814941
0.3263702393
-0.0815887451
-0.4895629883
-0.3263702393
0.0461425781
0.6460571289
-0.3230285645
-0.0461425781
-0.5076141357
0.0923004150
-0.3691711426
0.0461425781
0.0000000000
0.1064758301
-0.1064758301
0.0000000000
0.1064758301
-0.1064758301
0.1064758301
0.0000000000
0.1029205322
-0.1029205322
0.1029205322
0.0000000000
0.1029205322
-0.1029205322
0.7204132080
-0.2058258057
0.2023010254
0.5491180420
0.3179168701
0.2312011719
-0.0867004395
0.4046173096
-0.5491180420
0.0578002930
-0.4377746582
-0.2432098389
0.3404846191
-0.2432098389
0.3891296387
0.5836944580
0.0486450195
0.0486450195
0.1113433838
-0.2226867676
0.0000000000
0.0000000000
0.1113433838
0.0000000000
0.0000000000
0.0000000000
0.4321899414
0.0000000000
0.0480194092
-0.8163604736
-0.2401123047
-0.0480194092
0.0000000000
0.0960388184
-0.1626281738
-0.2927246094
0.5204010010
-0.3252563477
-0.2276763916
0.1626281738
0.5204010010
-0.3577728271
-0.1000061035
0.0000000000
0.1000061035
0.0000000000
-0.1000061035
0.0000000000
0.0000000000
0.1000061035
-0.2110137939
0.4220428467
0.1055145264
0.5275421143
-0.2110137939
-0.1055145264
-0.1055145264
-0.1055145264
0.0891571045
0.8915710449
0.0891571045
-0.1188812256
0.3269042969
0.1485900879
-0.1188812256
-0.0594329834
0.1044464111
0.2089080811
0.5222625732
0.4178161621
0.2089080811
-0.1044464111
0.2089080811
0.0000000000
-0.4616851807
-0.0769500732
-0.6155700684
-0.0769500732
-0.1539001465
0.3077850342
-0.1539001465
0.2308349609
0.0762786865
-0.3051300049
0.0000000000
-0.4576873779
0.3051300049
0.1525573730
-0.0762786865
-0.6102447510
0.1856384277
-0.0928192139
-0.1856384277
0.9281921387
0.0464172363
0.0928192139
-0.1160278320
0.1392211914
-0.2315216064
0.0771789551
0.6945495605
-0.3086853027
0.0771789551
-0.3086853027
-0.2315216064
-0.0771789551
0.3353271484
-0.5700683594
-0.2682647705
-0.1676635742
0.4359283447
-0.1341400146
0.1676635742
0.4359283447
0.0000000000
-0.3689117432
0.1229705811
-0.1229705811
0.1229705811
-0.3689117432
-0.1229705811
0.1229705811
0.7677307129
0.3582763672
0.1535491943
-0.1023712158
-0.2047271729
-0.0511779785
0.1535491943
-0.3070983887
-0.2416839600
0.1208343506
-0.1208343506
-0.1208343506
0.0000000000
0.0000000000
0.2416839600
-0.4833679199
-0.2459411621
-0.3689117432
-0.2459411621
-0.1229705811
-0.1229705811
0.0000000000
0.0000000000
0.2459411621
-0.1968078613
-0.8659667969
0.1180877686
-0.1968078613
0.0787200928
-0.2755279541
-0.1574554443
-0.0393676758
0.6407165527
0.0985717773
-0.0492858887
0.2957153320
0.0985717773
-0.3942871094
-0.4928588867
-0.0492858887
-0.4761657715
0.2930297852
0.1098785400
0.4029083252
0.5494232178
-0.2197723389
0.1831359863
0.2930297852
0.4039916992
0.2019958496
0.0673370361
0.0336608887
0.5049896240
-0.6059875488
-0.1346588135
-0.3366546631
0.3132019043
0.2349090576
0.3132019043
-0.1566009521
-0.7047119141
0.3915100098
0.0000000000
0.1566009521
0.2494506836
-0.2494506836
0.2494506836
0.1247253418
0.1247253418
0.0000000000
0.0000000000
0.0000000000
-0.4028320312
0.0575408936
0.1150970459
-0.4028320312
0.1726379395
-0.1150970459
0.6905822754
-0.1726379395
0.0986938477
-0.2960815430
0.5921478271
0.5921478271
-0.1973876953
-0.1480407715
-0.1480407715
0.1973876953
-0.1247863770
-0.1247863770
0.2495727539
0.0000000000
0.2495727539
0.2495727539
-0.2495727539
0.0000000000
-0.0731048584
-0.1096649170
-0.1462249756
-0.1096649170
-0.2193298340
-0.2558898926
-0.8407592773
0.2924346924
0.4950714111
-0.1237640381
0.6188354492
0.0618896484
0.3094177246
-0.1856536865
-0.1856536865
-0.2475280762
0.0327911377
0.7540893555
-0.2950744629
-0.0655670166
-0.4917907715
0.0000000000
-0.2295074463
-0.0983581543
-0.2495727539
0.2495727539
-0.1247863770
-0.1247863770
0.2495727539
0.0000000000
0.0000000000
-0.2495727539
0.0614166260
0.4913330078
0.1228332520
0.3070831299
0.0614166260
0.3684997559
0.6141815186
-0.0614166260
0.3120422363
0.5052185059
0.3120422363
0.2971801758
0.0148620605
0.5200653076
-0.4160614014
0.1040191650
-0.4881439209
-0.1464385986
-0.0488128662
-0.2928924561
0.2440795898
0.4881439209
-0.4881439209
0.1952514648
0.1166229248
-0.2332305908
-0.4664764404
0.2332305908
0.3498535156
0.0000000000
0.0000000000
0.0000000000
0.5179290771
-0.0776824951
-0.1035919189
-0.6732940674
-0.4661254883
0.0776824951
-0.1035919189
0.0776824951
-0.2678222656
-0.4686737061
0.3347625732
-0.3012847900
-0.1673889160
0.1673889160
0.4017181396
-0.5021514893
0.0000000000
-0.1249389648
0.0000000000
0.0000000000
-0.3748016357
-0.2498626709
0.1249389648
0.0000000000
-0.3028411865
0.3028411865
-0.4037933350
0.3028411865
-0.3028411865
-0.3028411865
0.0000000000
-0.1009521484
0.0796356201
0.9157714844
0.0000000000
0.0199127197
0.3185272217
0.1393585205
-0.1393585205
-0.0398101807
0.2298126221
-0.1149139404
0.6894378662
0.4021759033
0.2298126221
-0.2298126221
0.2298126221
0.1723632812
-0.3753356934
-0.3217163086
-0.4289550781
0.0000000000
-0.0536193848
0.3753356934
-0.2144775391
0.5361938477
0.4426727295
-0.0737762451
-0.1475524902
-0.5902404785
0.1475524902
-0.1475524902
0.0737762451
-0.4426727295
0.2495269775
-0.0998077393
0.0000000000
0.8982696533
-0.1497192383
0.2245635986
-0.1497192383
0.0748596191
-0.2664337158
0.2664337158
0.7104949951
-0.1776275635
-0.0888061523
0.0888061523
-0.1776275635
0.0000000000
0.1488647461
-0.5656585693
-0.2977142334
-0.2977142334
0.3274841309
-0.2084045410
0.1190795898
0.5358886719
0.0000000000
-0.7416381836
-0.1648101807
0.0823974609
0.0823974609
-0.4120178223
0.0823974609
0.0000000000
0.9681243896
0.1138916016
0.1328735352
0.0379638672
-0.0379638672
0.0569458008
0.0379638672
-0.1138916016
-0.2110137939
0.2110137939
-0.1055145264
-0.3165283203
-0.1055145264
0.0000000000
0.5275421143
-0.3165283203
0.0000000000
-0.6144866943
-0.3072509766
0.2048339844
-0.2048339844
0.1024169922
0.2048339844
0.1024169922
-0.1959533691
-0.6368713379
0.0000000000
-0.2449493408
0.0000000000
-0.5388946533
-0.3429260254
0.0979766846
0.5039672852
0.0387725830
-0.2713623047
0.4651947021
-0.1550598145
-0.2713623047
-0.1163024902
-0.5427246094
-0.3581542969
0.1627960205
0.2279205322
0.4232788086
0.6186370850
-0.2604827881
0.0325622559
0.3581542969
0.2635498047
0.0585632324
0.0878448486
0.0878448486
0.8784790039
-0.2635498047
-0.1464080811
-0.1464080811
0.1143188477
0.2858123779
0.3715515137
-0.0571594238
-0.7145080566
0.4287109375
-0.0571594238
0.2000579834
0.5944366455
-0.1981506348
-0.1981506348
-0.1981506348
0.0990753174
0.3963012695
0.0000000000
-0.0990753174
0.3585510254
-0.0597534180
-0.1195220947
-0.0597534180
0.1195220947
0.4780578613
0.2390289307
-0.6573333740
-0.0814666748
0.0203704834
0.9367980957
0.2443847656
-0.1629180908
-0.0610961914
0.0407257080
0.1018218994
0.0000000000
0.0000000000
0.3553924561
-0.3553924561
0.2369232178
0.1184692383
-0.2369232178
-0.2369232178
-0.0544891357
-0.0544891357
-0.1634674072
-0.1634674072
0.0272521973
-0.2179565430
-0.8990783691
0.2452087402
0.3117828369
0.0779418945
0.8963623047
-0.0779418945
0.1558837891
-0.0779418945
-0.0779418945
-0.0389709473
0.0000000000
0.9498291016
-0.2374572754
-0.0169677734
-0.1526489258
-0.0169677734
-0.0848083496
-0.0339202881
-0.3926696777
0.1963348389
-0.0981750488
-0.0981750488
0.2945098877
0.0000000000
-0.0981750488
-0.5890197754
0.0781250000
0.6640319824
0.1562500000
0.2734222412
0.0390625000
0.5468597412
0.3124847412
0.0781250000
0.3938293457
0.4813537598
0.2479705811
0.2333831787
-0.0291748047
0.5834503174
-0.3792419434
0.0729370117
0.0000000000
0.0000000000
-0.1939849854
-0.2715759277
-0.1551818848
0.3491668701
-0.7371215820
0.3879547119
0.0000000000
-0.0783233643
-0.8616333008
0.0783233643
0.1566619873
0.0783233643
0.0000000000
-0.0783233643
0.5756835938
-0.0605926514
-0.1817932129
-0.5453948975
-0.5302429199
0.1212005615
-0.1514892578
0.0908966064
-0.3642730713
-0.6475830078
0.1214294434
-0.2428436279
-0.0404815674
0.0404815674
0.2023773193
-0.5261688232
-0.1065826416
-0.4263610840
0.0000000000
0.1065826416
-0.4263610840
-0.4263610840
0.1065826416
0.0000000000
0.0600738525
0.0000000000
-0.4205474854
-0.7209472656
-0.3604736328
-0.1201629639
-0.1802368164
0.0600738525
0.0642852783
0.9322052002
0.0000000000
0.1125030518
0.2893066406
0.0964355469
-0.1125030518
-0.0160675049
0.1832275391
-0.0916137695
0.6871032715
0.2290344238
0.3206481934
-0.3664550781
0.2290344238
0.2748413086
-0.2283172607
-0.2283172607
0.5707855225
-0.0570831299
-0.0570831299
0.3424682617
0.1141510010
0.5707855225
0.4390869141
-0.0627288818
-0.3136291504
-0.6272583008
0.2509002686
-0.3136291504
0.0627288818
-0.1254577637
0.4440002441
-0.0951385498
0.2537078857
0.6342773438
-0.2854309082
0.2537078857
-0.3805694580
0.0634307861
-0.3157196045
0.8569641113
0.1804199219
0.0902099609
-0.1353149414
0.0000000000
-0.1804199219
-0.0902099609
0.0805511475
-0.4430389404
-0.3222198486
-0.4430389404
0.4027709961
0.0805511475
-0.0402832031
0.5236053467
-0.0619964600
-0.8680267334
-0.0619964600
0.1860046387
0.0000000000
-0.1240081787
0.2480010986
0.0000000000
0.9675140381
0.0806274414
0.1209411621
0.1343688965
0.0268707275
0.1209411621
-0.0537567139
-0.0268707275
-0.1178436279
0.2357025146
-0.1178436279
-0.4714050293
-0.1178436279
0.1178436279
0.2357025146
-0.2357025146
0.3538970947
-0.6193237305
-0.0884704590
0.3538970947
0.0884704590
0.2654266357
0.0000000000
0.0884704590
-0.3298797607
0.5131378174
-0.1466064453
0.0000000000
-0.0366516113
-0.5497894287
-0.4398345947
0.2565765381
0.1402130127
-0.0233764648
-0.3271636963
0.6777038574
-0.1869506836
0.0000000000
0.1402130127
-0.5842285156
-0.2017059326
0.0000000000
0.4841003418
0.4437713623
0.3630828857
-0.3630828857
-0.1210327148
0.4437713623
0.1668243408
-0.1000976562
0.1334533691
0.2001953125
0.8674926758
0.2669219971
-0.2001953125
-0.0667266846
-0.0616607666
0.1849670410
0.3082733154
-0.1541442871
-0.4315795898
0.7090301514
-0.2774505615
0.2157897949
0.3711395264
0.1855621338
-0.4639129639
-0.2783508301
0.0927886963
0.4639129639
-0.0927886963
0.0000000000
0.9191589355
-0.1209411621
0.0241851807
0.0967559814
0.1209411621
0.2176971436
0.0483703613
-0.2176971436
-0.1299285889
0.0433044434
0.9744720459
0.0866241455
-0.0974426270
-0.0866241455
0.0541381836
0.0216522217
-0.0924072266
0.3696136475
0.2772064209
-0.5544128418
0.0000000000
-0.1847991943
0.0000000000
-0.3696136475
-0.0827789307
-0.0165557861
-0.0496673584
-0.0993347168
0.0993347168
-0.0165557861
-0.9602813721
0.1986846924
-0.0665435791
-0.0665435791
0.9316253662
-0.2661743164
-0.0332794189
-0.0332794189
-0.0665435791
0.0998229980
-0.0476226807
0.9762573242
-0.1785888672
0.0000000000
-0.0357208252
0.0714263916
-0.0357208252
0.0238037109
-0.3622283936
0.0905609131
-0.1811065674
0.1811065674
0.2716674805
-0.1811065674
0.0000000000
-0.6338958740
0.0719604492
0.6117095947
0.1079406738
0.1079406738
0.0719604492
0.6476898193
0.3598327637
0.0359802246
0.5363922119
0.5178833008
0.2219543457
0.1479644775
-0.1109771729
0.5548858643
-0.2034606934
-0.0184936523
0.4726715088
0.0337677002
-0.0675201416
-0.2363281250
-0.2363281250
0.1350402832
-0.6414794922
0.4389038086
0.0458984375
-0.1377105713
-0.9180755615
0.0458984375
-0.0918121338
-0.1377105713
0.1377105713
0.1377105713
0.6448516846
0.0000000000
-0.1264343262
-0.5310516357
-0.4931182861
0.0505828857
-0.1770172119
0.0632171631
-0.3572235107
-0.4465179443
-0.0893096924
-0.2679138184
0.0893096924
-0.2679138184
0.0000000000
-0.6697845459
-0.2985992432
-0.3981323242
0.0995330811
0.0995330811
-0.1990661621
-0.4976654053
0.2985992432
0.0000000000
0.0560302734
0.0840454102
-0.0560302734
-0.9524841309
-0.1680908203
0.1120605469
-0.1120605469
-0.0280151367
0.1157989502
0.9594879150
-0.0496215820
0.1819763184
0.1157989502
0.0330810547
-0.0165405273
-0.0827178955
-0.2660675049
0.3104095459
0.5764770508
0.2660675049
0.2217254639
-0.3547515869
0.1773834229
0.3990936279
0.0494995117
0.1732635498
0.9158477783
0.0000000000
0.0494995117
0.0247497559
0.3217773438
-0.0494995117
0.0000000000
-0.1998443604
-0.1998443604
-0.3997039795
0.5329437256
-0.4663238525
0.0000000000
0.3330841064
0.2987976074
0.0663909912
0.5975799561
0.3319854736
-0.2987976074
0.1660003662
-0.5311889648
-0.0663909912
-0.1782531738
0.9581298828
0.0445709229
0.0445709229
-0.0891265869
-0.0445709229
-0.0891265869
-0.1114044189
0.1238861084
0.1651763916
0.2064666748
-0.3303527832
0.4129333496
0.7432861328
-0.1651763916
0.0000000000
-0.2086029053
-0.8344421387
0.0417175293
0.0000000000
0.0417175293
0.3755035400
-0.1251678467
0.2086029053
0.9586181641
0.0974884033
0.1137390137
0.1787261963
0.0000000000
0.1137390137
-0.0649871826
-0.0325012207
0.0000000000
0.0000000000
0.0000000000
-0.3736267090
-0.3736267090
0.0000000000
0.1245422363
0.0000000000
0.4263610840
-0.4263610840
-0.2131805420
0.3197631836
0.2131805420
-0.1065826416
0.0000000000
-0.1065826416
-0.2560729980
0.7966918945
-0.1138153076
0.2276306152
0.0000000000
-0.3129882812
-0.3129882812
0.1138153076
0.0167999268
-0.0167999268
-0.3023223877
0.7893829346
-0.1343688965
0.1343688965
0.1847534180
-0.4534759521
0.1828918457
0.0609588623
0.4876861572
0.4267272949
-0.1828918457
0.0000000000
0.1219177246
0.6096191406
0.1602630615
-0.1282196045
0.1282196045
0.1602630615
0.6731414795
0.6410827637
-0.0961608887
0.0961608887
-0.1622009277
-0.0648803711
0.0324401855
-0.2919616699
0.0973205566
0.7461090088
-0.4217071533
0.3244018555
0.0000000000
0.3443145752
-0.3443145752
-0.1147766113
0.1147766113
0.3443145752
-0.2295379639
-0.2295379639
0.9790039062
-0.1305389404
0.0163116455
0.0979003906
0.0489501953
0.0326385498
-0.0163116455
-0.0489501953
-0.1234893799
-0.0095062256
0.9879760742
0.0095062256
-0.0285034180
-0.0664978027
0.0189971924
0.0000000000
-0.5264587402
0.2256317139
0.3008422852
-0.4512481689
0.0000000000
-0.3008422852
-0.0752105713
-0.3008422852
-0.1153259277
-0.0230712891
0.0230712891
0.0230712891
0.0691986084
0.0922698975
-0.9803161621
0.0807342529
-0.6383972168
-0.2455444336
0.6383972168
-0.1473236084
0.0982208252
0.0491027832
-0.0982208252
-0.0491027832
0.0000000000
0.9750061035
-0.1690063477
0.0260009766
-0.0130004883
0.0910034180
-0.0130004883
0.0780029297
-0.2165069580
-0.2165069580
-0.1082458496
0.4330139160
0.3247528076
-0.3247528076
-0.2165069580
-0.1082458496
-0.0603027344
0.5426635742
0.0603027344
-0.0603027344
0.0000000000
0.6632537842
0.3617706299
0.0603027344
0.6013793945
0.5088653564
0.2544250488
0.1387786865
-0.0462646484
0.5088653564
-0.0925140381
0.0925140381
0.8339080811
-0.0278015137
-0.0278015137
-0.2501678467
-0.1389923096
-0.0555877686
-0.2501678467
0.3613586426
0.0490417480
-0.0490417480
-0.8338317871
0.0490417480
-0.2452392578
-0.2452392578
0.1961975098
0.2452392578
0.6880035400
0.0000000000
-0.1223144531
-0.4586639404
-0.5198211670
0.0305786133
-0.1376037598
0.0611572266
-0.2117614746
-0.2117614746
-0.3176422119
-0.0529479980
-0.0529479980
-0.3705902100
-0.1588287354
-0.7411804199
0.1199951172
-0.1199951172
-0.1199951172
-0.2400054932
0.1199951172
0.0000000000
-0.1199951172
0.0000000000
0.0649261475
0.0000000000
0.0216369629
-0.9738769531
-0.0216369629
0.1514892578
0.0649261475
-0.0649261475
0.2644805908
0.9154968262
-0.0610351562
0.2441253662
-0.0813751221
-0.0203399658
-0.0406951904
-0.0813751221
-0.6189575195
0.4733276367
0.3276824951
0.2548675537
0.1820526123
-0.2912750244
0.1092224121
0.2184600830
0.0736846924
0.2763061523
0.8841857910
-0.0184173584
0.0552673340
-0.0368347168
0.1842041016
-0.2947235107
-0.2002868652
-0.1335296631
-0.4673461914
-0.2002868652
0.2670593262
-0.6676483154
0.0000000000
0.1335296631
0.0000000000
0.2858581543
0.6034698486
0.0635223389
-0.1588134766
0.2540893555
-0.5717163086
-0.3176116943
-0.1929473877
0.9647216797
0.0241241455
0.0723571777
-0.0482330322
-0.0241241455
-0.0482330322
-0.0482330322
0.1762695312
0.4280700684
0.5287933350
0.0000000000
0.2518005371
0.6043243408
-0.0755462646
-0.2266235352
-0.1125030518
-0.8718719482
0.1125030518
-0.0843811035
0.0843811035
0.3093719482
-0.1687469482
0.2250061035
0.9753875732
0.0928955078
0.0464477539
0.0928955078
0.0232238770
-0.0232238770
-0.0464477539
-0.0928955078
0.1234283447
0.0000000000
0.0000000000
-0.3703002930
-0.2468566895
-0.2468566895
0.0000000000
0.2468566895
0.3117980957
-0.3117980957
0.2078704834
0.1039276123
-0.1039276123
-0.4157409668
0.0000000000
-0.4157409668
-0.0540008545
0.9718933105
0.0359954834
0.0899963379
-0.0180053711
-0.1439819336
-0.1079864502
0.0000000000
0.0000000000
0.0414581299
-0.2901611328
0.8428344727
-0.1105346680
0.1519927979
0.2072601318
-0.3454284668
0.3337707520
0.1251678467
0.1251678467
0.0417175293
-0.4589385986
0.5423889160
0.5423889160
0.0000000000
0.1518554688
-0.2024688721
-0.0253143311
0.0253143311
0.5821075439
0.6833496094
-0.1265411377
0.3037109375
-0.2288513184
-0.2288513184
-0.2288513184
-0.3051300049
0.3432769775
0.6102600098
-0.1907043457
0.4195556641
-0.2416839600
0.0000000000
0.4833679199
-0.1208343506
-0.1208343506
0.2416839600
-0.1208343506
0.0000000000
0.9281158447
-0.1427917480
-0.1606292725
0.1427917480
-0.1249389648
0.0535430908
-0.1784820557
-0.1070861816
-0.0829010010
-0.0621795654
0.9845275879
-0.0207214355
0.0207214355
0.0932769775
-0.0103607178
-0.0829010010
-0.7061614990
0.0000000000
0.2824707031
-0.2824707031
0.2118530273
-0.3530883789
-0.0706176758
0.0000000000
-0.1818084717
0.0113677979
0.0795440674
0.1590728760
0.1022644043
0.1704406738
-0.9431152344
-0.0454559326
-0.5067901611
-0.0633544922
-0.3167419434
0.3800964355
0.5067901611
0.0000000000
-0.3167419434
-0.0633544922
0.0850524902
0.9781494141
-0.1559448242
0.0567016602
0.0141754150
0.0283508301
-0.0141754150
0.0283508301
-0.1245422363
-0.2490844727
-0.2490844727
0.2490844727
0.1245422363
-0.2490844727
0.0000000000
-0.1245422363
0.1463775635
0.3659515381
0.0731964111
-0.1463775635
-0.0731964111
0.6587219238
0.4391479492
0.0731964111
0.6332397461
0.4353485107
0.3166198730
0.0395812988
0.0000000000
0.4749298096
-0.0791473389
0.1583099365
0.9078826904
-0.1375579834
0.1650695801
-0.1925811768
-0.0275115967
-0.1925811768
-0.0550231934
0.1650695801
0.0000000000
0.0000000000
-0.6362762451
0.1060485840
-0.1060485840
-0.3181304932
0.2120971680
0.1060485840
0.6486816406
-0.0695037842
-0.2316741943
-0.2316741943
-0.6486816406
0.1158294678
-0.0463409424
0.1158294678
0.0634765625
-0.1269531250
-0.5712738037
0.2539062500
0.0000000000
-0.1904296875
-0.1269531250
-0.6347503662
0.0000000000
-0.1064758301
0.0000000000
0.0000000000
0.2129516602
0.0000000000
0.0000000000
0.0000000000
0.0786590576
0.0196685791
0.0589904785
-0.9635467529
-0.0196685791
0.1179809570
0.1769714355
-0.0589904785
0.1972351074
0.9204406738
-0.0876617432
0.2410736084
-0.0438232422
0.0000000000
-0.1753234863
0.0000000000
-0.6546173096
0.5005950928
0.1925354004
0.2310485840
0.1925354004
-0.2695465088
0.0000000000
0.2695465088
0.0619354248
0.2477416992
0.8258209229
0.0000000000
0.0619354248
-0.0412902832
0.1651611328
-0.4542083740
-0.1943664551
0.0000000000
-0.2591400146
-0.1295776367
0.2591400146
-0.7774353027
0.0000000000
-0.2591400146
-0.0397338867
0.3178710938
0.5959930420
0.0397338867
-0.1589355469
0.1986694336
-0.5165252686
-0.3973236084
-0.2191467285
0.8766021729
0.1252288818
0.1565399170
-0.2504577637
0.0939178467
0.1252288818
0.1565399170
0.2602691650
0.5726013184
0.4945220947
0.0780792236
0.1301422119
0.4945220947
0.0520477295
-0.2602691650
-0.0881195068
-0.9104919434
0.1174774170
-0.0881195068
0.1174774170
0.2349700928
-0.1174774170
0.1762237549
0.8181304932
0.0000000000
-0.0711364746
-0.2845611572
0.0000000000
-0.4268493652
-0.0355682373
-0.1422882080
-0.1228332520
0.0000000000
0.0000000000
0.0000000000
0.0000000000
0.0000000000
0.1228332520
-0.3685150146
0.0000000000
-0.3748016357
0.1249389648
0.1249389648
-0.1249389648
-0.1249389648
-0.1249389648
0.1249389648
-0.0874786377
0.5248870850
0.1749572754
0.0000000000
0.0874786377
-0.6123657227
-0.1749572754
0.0874786377
0.1701354980
0.0000000000
0.1701354980
-0.6238250732
0.0567169189
-0.3969879150
-0.4536895752
0.2835540771
-0.0735778809
0.1471710205
0.0000000000
0.3679046631
0.2943267822
-0.7358245850
0.0735778809
0.1471710205
0.1746520996
0.2619781494
0.0000000000
-0.0436706543
-0.4366302490
-0.5676269531
0.0436706543
-0.5676269531
0.2603759766
0.3124542236
0.2082977295
-0.3124542236
-0.6769714355
0.3645172119
-0.0520782471
0.1041564941
0.0000000000
-0.2222900391
0.2222900391
0.2222900391
0.2222900391
0.1111450195
0.1111450195
0.5557098389
0.6233520508
0.1385192871
0.1385192871
-0.2077789307
0.1385192871
0.2077789307
0.5540771484
0.0000000000
0.3312225342
0.0946350098
0.5205078125
0.2365875244
-0.4258728027
-0.5205078125
-0.1419525146
0.0946350098
0.0000000000
0.0000000000
0.2490844727
0.0000000000
0.1245422363
0.3736267090
-0.1245422363
-0.2490844727
-0.2645111084
-0.1322631836
-0.3085937500
0.0000000000
-0.3085937500
0.0440826416
-0.7494506836
0.3085937500
0.3607940674
-0.1804046631
0.2705993652
0.0901947021
0.3607940674
0.0901947021
-0.4510040283
-0.3607940674
0.0438690186
0.6142272949
-0.3071136475
-0.1754913330
-0.5264739990
0.0000000000
-0.3948516846
0.0000000000
0.0000000000
0.1199951172
-0.1199951172
0.0000000000
0.1199951172
-0.2400054932
0.1199951172
0.1199951172
0.0000000000
-0.0955810547
-0.0955810547
-0.0955810547
0.1911621094
-0.2867431641
0.6690673828
-0.2867431641
0.2140960693
0.5887756348
0.3479156494
0.3479156494
0.1070556641
0.2676239014
-0.5084838867
0.0267639160
-0.0571746826
0.0571746826
0.4573822021
-0.5717163086
0.0571746826
0.0000000000
-0.5145416260
0.2858581543
0.0000000000
-0.1178436279
0.1178436279
0.0000000000
0.2357025146
-0.1178436279
0.1178436279
0.0000000000
0.5881347656
0.0000000000
-0.0534667969
-0.6950683594
-0.2138671875
0.0534667969
0.0000000000
0.1604003906
-0.2363586426
-0.2363586426
0.4727172852
-0.3545379639
-0.3151397705
0.2757415771
0.3545379639
-0.4333190918
0.0000000000
0.0911560059
0.0000000000
0.0000000000
0.0000000000
0.0000000000
0.0911560059
0.0911560059
-0.4133911133
0.1653594971
0.1653594971
0.5787506104
0.0826873779
0.2480316162
-0.3307189941
-0.1653594971
0.0000000000
0.9257659912
0.0957641602
-0.1915435791
0.1915435791
0.1596221924
-0.0319213867
0.0319213867
-0.1224670410
0.2449493408
0.3674163818
0.2449493408
-0.1224670410
0.0000000000
0.2449493408
-0.1224670410
-0.2872619629
-0.1149139404
-0.7468872070
-0.1723632812
0.0574493408
0.1723632812
-0.1149139404
0.4021759033
0.0855865479
-0.2567596436
0.0855865479
-0.5135345459
0.0855865479
0.1711730957
-0.0855865479
-0.5991210938
0.0150909424
-0.0754241943
-0.1357727051
0.9805755615
-0.0301666260
0.0452575684
0.0150909424
0.0603485107
-0.1399383545
0.8396148682
0.1865844727
-0.3265228271
-0.0932922363
-0.1865844727
0.0000000000
-0.1399383545
0.2696228027
-0.6291198730
-0.2097015381
-0.1497955322
0.4793243408
-0.2097015381
0.2995758057
0.2696228027
0.0000000000
0.2357025146
-0.2357025146
0.0000000000
0.0000000000
0.0000000000
0.0000000000
0.0000000000
0.8857116699
0.2624359131
0.0328063965
-0.1968231201
-0.0328063965
-0.1640167236
0.1312103271
-0.1640167236
-0.2484588623
0.1242218018
-0.1242218018
0.0000000000
-0.2484588623
0.0000000000
0.1242218018
-0.3726806641
-0.1863403320
-0.6521911621
0.1863403320
0.0000000000
-0.2795104980
-0.0931701660
-0.1863403320
0.2795104980
-0.2591400146
-0.3239288330
0.0647888184
0.0000000000
0.0647888184
-0.5182952881
-0.4535064697
0.4535064697
0.2016601562
-0.1008300781
0.2352600098
-0.6385650635
-0.1344299316
-0.2016601562
-0.3697052002
0.5041351318
-0.2743530273
0.2743530273
0.0342864990
0.4115142822
0.4115142822
-0.5486907959
-0.0342864990
0.4115142822
0.4631195068
0.1157836914
-0.3087463379
0.0771789551
0.1929626465
-0.6560821533
0.0771789551
-0.3859252930
0.2343292236
0.4165802002
0.0781097412
-0.1822509766
-0.7290191650
0.3645019531
-0.0520782471
0.2082824707
0.0959930420
-0.2879943848
-0.1920013428
0.1920013428
0.1920013428
-0.0959930420
-0.0959930420
0.6719970703
-0.1990814209
0.0000000000
0.1493072510
-0.2488555908
0.3981628418
-0.0497741699
0.7963409424
0.0000000000
0.2427368164
0.0000000000
0.7888793945
0.3640899658
-0.0910186768
-0.1820526123
-0.3034210205
0.1517028809
0.1825714111
-0.4564056396
0.1825714111
0.0000000000
-0.0912780762
0.4564056396
-0.4564056396
-0.0912780762
-0.1945648193
-0.4377746582
-0.1945648193
-0.0972900391
-0.2432098389
-0.0972900391
-0.4864196777
0.5836944580
0.5294494629
-0.1323699951
0.4632720947
-0.1323699951
0.3970947266
-0.1985473633
-0.1323699951
-0.3309020996
0.0000000000
0.7460021973
-0.3978729248
-0.2486724854
-0.3730010986
-0.1989288330
-0.1492004395
-0.0497283936
-0.1243286133
0.1243286133
0.0000000000
-0.1243286133
0.2486572266
-0.1243286133
0.2486572266
0.1243286133
0.0000000000
0.4404754639
0.1101226807
0.2202453613
0.1101226807
0.1101226807
0.7157745361
0.3303527832
0.2059783936
0.5492706299
0.3089599609
0.3432922363
0.0000000000
0.4977722168
-0.4291229248
0.0343322754
0.0682678223
0.0341339111
-0.1365356445
-0.4437255859
-0.0341339111
-0.1706695557
-0.7850646973
0.3072052002
-0.2295379639
0.0000000000
-0.4590759277
0.0000000000
0.0000000000
0.1147766113
0.0000000000
0.4590759277
0.6046905518
-0.1295776367
-0.1295776367
-0.4967041016
-0.5614929199
0.1079864502
-0.0215911865
0.1079864502
-0.3103637695
-0.2327728271
0.3103637695
-0.4267578125
-0.2715759277
0.1163940430
0.3103637695
-0.5819396973
0.0000000000
-0.1184692383
0.0000000000
0.1184692383
-0.4738464355
0.0000000000
0.3553924561
0.2369232178
-0.3391113281
0.2034759521
0.0000000000
0.6782379150
-0.0678253174
0.1356506348
-0.4069366455
-0.2034759521
-0.1161804199
0.8829650879
0.0929412842
-0.1626586914
0.3485412598
0.1394195557
0.0000000000
0.1161804199
-0.3211669922
0.0000000000
0.5620422363
0.4014587402
-0.0802917480
-0.1605834961
0.4014587402
0.0802917480
-0.2252807617
-0.2252807617
-0.6007385254
-0.0750885010
0.0750885010
0.1501770020
-0.2252807617
0.6382751465
0.3621368408
0.0724334717
-0.0724334717
-0.6518402100
0.0000000000
-0.1448516846
0.2172851562
-0.4345703125
-0.0380249023
-0.0253448486
-0.0633697510
0.9760131836
-0.1520996094
0.1014099121
-0.0126800537
0.0507049561
-0.1053009033
0.7370605469
0.1579437256
-0.4738311768
-0.1579437256
-0.2105865479
0.1053009033
-0.1579437256
0.1625671387
-0.5960845947
-0.1896667480
-0.2167510986
0.4335174561
-0.4335174561
0.2167510986
0.2980346680
0.0000000000
-0.2211151123
-0.5527648926
0.1105499268
0.0000000000
-0.2211151123
0.1105499268
0.3316650391
0.9773254395
0.1580963135
0.0718688965
-0.0431213379
0.0718688965
-0.0143737793
0.0000000000
-0.0287475586
-0.1196746826
0.1196746826
0.1196746826
-0.1196746826
-0.4786834717
0.0000000000
0.3590087891
0.0000000000
0.0000000000
-0.7762908936
0.2328948975
0.0776367188
-0.2328948975
0.0000000000
-0.1552581787
0.2328948975
-0.2855072021
0.4282684326
-0.0475921631
-0.0475921631
-0.0475921631
-0.3806762695
-0.5710296631
0.4282684326
0.3631286621
-0.0726318359
0.2178802490
-0.4720764160
-0.2178802490
-0.1452484131
-0.4720764160
0.5083770752
-0.2987823486
0.2987823486
0.2068481445
0.3447418213
0.5056304932
-0.4596557617
-0.0689544678
0.4136962891
0.3563079834
0.0274047852
-0.3014831543
0.1918640137
0.7400207520
-0.3837127686
0.1370391846
-0.0822296143
0.1436767578
0.4130859375
0.0897979736
-0.0718383789
-0.7722930908
0.3592071533
-0.0718383789
0.2334899902
0.2831726074
-0.2831726074
-0.5663299561
-0.1415863037
-0.0707855225
-0.2831726074
0.0000000000
0.4955444336
-0.2044677734
0.0000000000
-0.2044677734
0.1022338867
0.5622711182
0.0000000000
0.6133880615
-0.3578033447
0.0173187256
0.0519409180
0.9002990723
0.3116455078
-0.0519409180
-0.1038818359
-0.1731262207
0.1904449463
-0.1116485596
-0.6698913574
0.1674652100
-0.0558166504
0.0558166504
0.4465942383
-0.4465942383
0.0558166504
-0.0687561035
-0.4124908447
-0.1718750000
-0.0687561035
-0.1718750000
-0.1374969482
-0.6874847412
0.4812469482
0.2891235352
-0.1927490234
0.7710113525
-0.2891235352
0.1927490234
-0.2409362793
0.0963745117
-0.1445617676
0.0245666504
0.8969421387
-0.3440246582
-0.0860137939
-0.1597290039
-0.1720123291
-0.0614318848
-0.0737152100
-0.3642120361
0.1213989258
0.0000000000
0.1213989258
0.1213989258
-0.1213989258
0.2428131104
-0.3642120361
0.0610504150
0.5799713135
0.1221008301
0.2136688232
0.0915679932
0.3663024902
0.5189208984
0.3968200684
0.2622222900
0.5419311523
0.2447509766
0.2447509766
-0.1573333740
0.5943908691
-0.3496398926
0.0874023438
0.2317962646
0.0193176270
-0.3476867676
-0.2897491455
-0.0965881348
-0.2704315186
-0.7340240479
0.3283843994
-0.1802368164
0.0600738525
-0.8411102295
0.0600738525
0.0000000000
0.0600738525
0.0000000000
0.3604736328
0.5757446289
-0.1057434082
-0.1292572021
-0.4934997559
-0.5992584229
0.1057434082
-0.1057434082
0.1057434082
-0.3445281982
-0.2679595947
0.1148376465
-0.4210968018
-0.2296905518
-0.0382843018
0.3062438965
-0.6507720947
0.0000000000
-0.2855072021
0.1903381348
0.3806762695
-0.4758453369
0.0951690674
0.3806762695
0.1903381348
0.0000000000
-0.2182617188
-0.4365386963
0.3274078369
-0.6002349854
-0.2182617188
-0.3819732666
0.0545654297
-0.0833892822
0.9006195068
0.0667114258
-0.0166778564
0.3835906982
0.1000671387
-0.0333557129
0.1000671387
-0.3626708984
-0.0453338623
0.4080047607
0.4986877441
0.2266693115
-0.3626708984
0.3173370361
0.3173370361
-0.2017669678
-0.3699035645
-0.4035339355
-0.0336303711
0.0336303711
0.1345062256
-0.2353973389
0.7398071289
0.4105377197
0.2052612305
-0.2565765381
-0.5131683350
0.0000000000
-0.4618530273
0.2565765381
-0.3079071045
-0.0647583008
0.0485687256
0.0000000000
0.9389038086
-0.1780700684
0.1942596436
-0.1780700684
-0.0485687256
-0.0527191162
0.7380828857
-0.1581573486
-0.3163299561
-0.3163299561
0.0000000000
0.0000000000
-0.3690490723
0.2262420654
-0.3232116699
-0.4848175049
-0.2262420654
0.4848175049
-0.4848175049
0.1939239502
0.1292877197
-0.0423583984
-0.7623443604
-0.2964630127
0.0847015381
0.0423583984
-0.3811798096
0.1694183350
0.2964630127
0.9729614258
0.0915679932
0.0915679932
0.1030273438
0.1259155273
0.0572357178
-0.0457916260
0.0228881836
0.0000000000
0.3299102783
0.1099700928
-0.3299102783
0.0000000000
-0.4398803711
0.3299102783
0.1099700928
0.1911926270
-0.7010498047
0.3186645508
0.2549285889
0.1274566650
0.1911926270
-0.3186645508
0.1274566650
-0.1861419678
0.8376312256
-0.1628723145
0.0930633545
-0.0232696533
-0.1628723145
-0.3257446289
0.2792053223
0.7021179199
-0.1620330811
-0.3780670166
0.2160339355
-0.3780670166
-0.1620330811
-0.1620330811
0.0000000000
-0.2664642334
0.1453399658
0.3633575439
0.2906951904
0.5813751221
-0.4844818115
-0.0242309570
0.3149108887
0.2328338623
-0.1034851074
-0.1293487549
0.2069549561
0.9054565430
0.1293487549
0.1293487549
-0.0258636475
0.0000000000
0.3396759033
0.1509704590
-0.1132202148
-0.7171020508
0.4906463623
-0.1132202148
0.2641906738
0.0586242676
0.0000000000
-0.4689788818
-0.4689788818
-0.1758728027
-0.2344818115
-0.1172485352
0.5862121582
0.7296600342
-0.2084808350
-0.1042327881
0.2779693604
0.3127136230
0.2432250977
0.1389770508
-0.3474578857
-0.1397552490
0.0635223389
0.9401702881
0.2413940430
-0.0635223389
-0.1397552490
-0.0381164551
0.0635223389
-0.4358825684
-0.5993499756
0.2179412842
-0.1634521484
0.0544891357
0.2724304199
-0.4358825684
0.1089782715
-0.0719299316
-0.0863189697
0.0000000000
-0.0863189697
-0.0143890381
-0.0575561523
-0.9639434814
0.2014160156
-0.0685119629
-0.0342559814
0.7878265381
-0.4452972412
-0.1027526855
-0.2055206299
0.2055206299
0.2055206299
0.0000000000
0.9607696533
-0.2490844727
-0.0266876221
-0.0622711182
-0.0266876221
-0.0444793701
-0.0711669922
-0.4390411377
-0.1756134033
-0.0878143311
0.4390411377
0.0000000000
-0.1756134033
0.0000000000
-0.5268554688
0.0487518311
0.6337432861
0.0975036621
0.1218719482
0.0731201172
0.4874877930
0.4874877930
0.2681274414
0.4022521973
0.5530853271
0.1759796143
0.1508483887
-0.3771057129
0.5530853271
-0.1005554199
0.0000000000
0.4286804199
-0.0343017578
-0.2400665283
-0.2400665283
-0.0857391357
-0.3600921631
-0.6687316895
0.3257904053
0.0000000000
0.0631408691
-0.9471435547
0.0947113037
-0.0947113037
-0.0947113037
0.0631408691
0.1894226074
0.5663909912
-0.0099334717
-0.0496826172
-0.5564422607
-0.5564422607
0.0099334717
-0.2185974121
0.0794982910
-0.2969970703
-0.2969970703
0.0424346924
-0.4242858887
-0.0424346924
-0.2121429443
0.1272888184
-0.7212982178
0.1111450195
-0.4445648193
0.3334350586
0.3334350586
-0.2222900391
0.0000000000
0.2222900391
0.0000000000
0.0587158203
-0.1761627197
-0.2348937988
-0.1761627197
-0.7046661377
-0.2936096191
-0.4110565186
0.1174468994
0.0768127441
0.9524841309
0.0307312012
0.1075439453
0.2458038330
0.0768127441
0.0153656006
-0.0153656006
-0.5173492432
0.1591796875
0.3979644775
0.4775543213
0.2387695312
-0.2387695312
0.2785644531
0.2785644531
-0.0527954102
-0.4223480225
0.4751434326
0.0527954102
0.0527954102
0.0000000000
0.1583862305
0.6863250732
0.0549011230
-0.0549011230
-0.1646881104
-0.1646881104
0.4940490723
-0.7136230469
0.2744750977
0.1097869873
-0.0239105225
0.1435089111
0.2630920410
0.8131866455
-0.2391662598
0.2152557373
-0.3348388672
-0.1195831299
0.0322723389
0.8712921143
-0.0968170166
0.0322723389
-0.0968170166
0.0968170166
-0.0322723389
-0.4195098877
0.6136322021
0.3506469727
-0.3068084717
-0.0876617432
0.4383087158
0.2191467285
-0.0438232422
-0.3068084717
-0.0326995850
-0.9155578613
-0.1307983398
0.0326995850
-0.0653991699
-0.1307983398
0.0000000000
0.2942810059
0.9534606934
0.0414581299
0.1520080566
0.1658172607
0.1243591309
0.1105499268
-0.0690917969
0.0000000000
0.2176361084
0.2176361084
0.1088256836
-0.1088256836
-0.2176361084
-0.4352722168
0.4352722168
-0.1088256836
0.3003997803
-0.6608734131
0.4205474854
0.1802368164
0.2403106689
-0.2403106689
-0.1201629639
-0.1201629639
-0.1812286377
0.8457489014
-0.2215118408
0.2617797852
0.0000000000
-0.1409606934
-0.1812286377
0.2617797852
0.3406066895
-0.1135406494
-0.5393066406
0.5109100342
-0.2270812988
0.0567626953
0.3973846436
-0.2838439941
-0.0863494873
0.0000000000
0.4748992920
0.3022155762
0.4748992920
-0.4317321777
0.1295166016
0.4317321777
0.0915679932
-0.1373596191
-0.0457916260
-0.0228881836
0.7554626465
0.6181030273
0.0228881836
0.0000000000
-0.0562591553
0.2625122070
0.0750122070
-0.2437591553
-0.5062866211
0.6562957764
-0.2250213623
0.3375244141
-0.1285095215
0.1285095215
-0.1285095215
-0.3855133057
-0.1285095215
-0.1285095215
-0.1927642822
0.7710266113
0.9336547852
-0.2575531006
0.0160980225
0.1770782471
0.0643920898
0.1126861572
-0.0321960449
-0.0643920898
-0.1413574219
0.0471191406
0.9659118652
0.1060180664
-0.0353393555
-0.1649169922
-0.0117797852
-0.0235595703
-0.7145843506
-0.4287567139
0.2858276367
-0.2381896973
0.0952758789
0.0476379395
-0.2858276367
0.0000000000
-0.0626220703
0.0000000000
0.0536804199
-0.0805206299
0.0000000000
0.0000000000
-0.9841003418
0.1252441406
-0.6121063232
-0.1440277100
0.5760955811
-0.4320678711
-0.1080169678
0.0000000000
0.1440277100
0.1080169678
-0.0102081299
0.9696960449
-0.2245635986
-0.0204162598
-0.0306243896
0.0306243896
-0.0306243896
-0.0510406494
-0.2477111816
-0.3715667725
-0.2477111816
0.1238555908
0.1238555908
0.0000000000
-0.1238555908
-0.1238555908
-0.0268707275
0.6179809570
0.0537414551
0.0806121826
-0.0268707275
0.5911102295
0.4567718506
0.1612091064
0.5324859619
0.4698333740
0.1879425049
0.0939636230
-0.3445434570
0.5324859619
0.0939636230
0.0939636230
0.6900939941
-0.0766754150
-0.0613403320
-0.2760467529
-0.0766754150
-0.4140625000
-0.3987274170
0.3067169189
0.0260009766
0.0520019531
-0.9360351562
0.1040039062
-0.1560058594
-0.1560058594
0.0780029297
0.1820068359
0.5292205811
0.0211639404
0.0105895996
-0.6139068604
-0.4868927002
-0.0211639404
-0.3069458008
0.0846710205
-0.1178436279
-0.3535461426
0.1767730713
-0.1767730713
0.0589294434
-0.3535461426
-0.2357025146
-0.7071075439
0.3498535156
-0.3498535156
0.0000000000
-0.1166229248
0.1166229248
0.3498535156
-0.1166229248
-0.2332305908
0.1525573730
-0.1525573730
0.1525573730
-0.6865386963
-0.3051300049
0.1525573730
-0.3051300049
0.2288513184
0.2183380127
0.9237365723
0.0167999268
0.2687225342
0.0167999268
0.0671844482
0.0503845215
-0.1007690430
-0.6464080811
0.3878479004
0.3232116699
0.3878479004
0.1292877197
-0.1939239502
0.2262420654
0.1939239502
0.1687164307
0.0337371826
0.9110412598
0.1349639893
0.0337371826
-0.1349639893
0.2361907959
-0.1012268066
-0.0786590576
-0.1179962158
-0.1966552734
0.0000000000
0.6293029785
-0.6293029785
0.0000000000
0.3146514893
-0.0715942383
0.3937835693
0.3937835693
0.3579864502
-0.3579711914
0.3221740723
-0.3937835693
-0.3579711914
-0.1489257812
0.8935394287
0.0595703125
0.0893554688
-0.0893554688
0.0595703125
0.0000000000
-0.3574218750
0.3458099365
0.5852203369
0.2926177979
0.0265960693
0.1330108643
0.4256134033
-0.1596069336
-0.4522247314
-0.0289306641
-0.9545288086
0.0289306641
-0.0578460693
-0.0289306641
0.0867767334
-0.0867767334
0.2024688721
0.9437103271
0.0000000000
0.1755676270
0.1755676270
0.1536254883
0.0219421387
-0.0877838135
0.0219421387
0.3674163818
0.1224670410
0.2449493408
0.0000000000
-0.2449493408
-0.2449493408
0.1224670410
0.1224670410
0.2480010986
-0.4960174561
0.4340209961
-0.0619964600
0.1240081787
-0.4960174561
0.1240081787
-0.3100128174
-0.1069641113
0.8770904541
-0.1711425781
0.3208923340
0.0000000000
-0.0641784668
-0.1497497559
0.2139282227
0.1975555420
-0.0395050049
-0.3951263428
0.7309722900
-0.1185302734
0.1580505371
0.3753662109
-0.2765808105
0.5240325928
-0.0952758789
0.1429138184
0.1429138184
-0.1905517578
0.0952758789
0.6669464111
0.3334808350
0.1069488525
-0.1426086426
0.0000000000
-0.0534820557
0.6060791016
0.7308502197
-0.0891265869
0.2139129639
-0.0871734619
0.1307678223
-0.1525726318
-0.2397460938
-0.2397460938
0.7628326416
-0.1743621826
0.4577026367
-0.1475524902
-0.0737762451
0.3688964844
-0.0737762451
-0.2213439941
0.2213439941
-0.0737762451
0.7377929688
0.9390258789
-0.2280426025
-0.0402374268
0.1609802246
-0.0670776367
0.0804901123
-0.1475677490
-0.0134124756
-0.0721893311
-0.0240631104
0.9865112305
0.0000000000
0.0000000000
-0.0360870361
-0.0240631104
-0.1203002930
-0.7423095703
-0.4175415039
0.3247528076
-0.1855773926
0.0927886963
-0.0463867188
-0.2319641113
0.0000000000
-0.1029815674
0.0343322754
0.0600738525
0.0000000000
0.0000000000
0.0600738525
-0.9868774414
0.0686492920
-0.8774566650
-0.1754913330
0.0438690186
-0.1754913330
0.2632446289
0.0438690186
-0.0438690186
-0.1754913330
0.0146026611
0.9634246826
-0.2481536865
0.0146026611
0.0146026611
0.0437927246
-0.0291900635
0.0000000000
-0.2438964844
-0.4878082275
0.0000000000
0.0000000000
-0.2438964844
-0.1219482422
0.0000000000
0.0000000000
-0.0613403320
0.5520172119
0.0613403320
0.0920104980
-0.1226654053
0.7053527832
0.3680114746
0.0306701660
0.5538024902
0.3909301758
0.3583526611
0.0325775146
-0.0325775146
0.5538024902
0.0325775146
0.2606201172
0.7949371338
-0.0917205811
0.0764312744
-0.2751617432
-0.0458679199
-0.4280395508
-0.1987304688
0.2140197754
-0.0384521484
0.0769042969
-0.9228057861
0.0769042969
-0.1537933350
-0.1922454834
0.1153564453
0.1153564453
0.5214691162
0.0434570312
-0.0144805908
-0.5938873291
-0.5359497070
-0.0144805908
-0.2752227783
0.0579376221
0.1086578369
-0.3259582520
0.2173004150
0.3259582520
0.0543212891
-0.4346008301
-0.3802795410
-0.5432586670
0.4199066162
-0.2099609375
-0.2099609375
-0.2099609375
0.3149414062
0.2099609375
-0.2099609375
-0.3149414062
0.2239990234
-0.1119995117
0.2239990234
-0.8399810791
0.1119995117
0.2239990234
0.0559997559
0.1119995117
0.2488861084
0.8533325195
-0.1066589355
0.3733367920
-0.1600036621
0.1244506836
0.0000000000
-0.0888824463
-0.6949157715
0.5211791992
0.1737213135
0.3474578857
0.0347442627
-0.1737213135
0.0694885254
0.1389770508
0.1189727783
0.2379455566
0.8566284180
0.0951843262
0.0000000000
-0.0951843262
0.1189727783
-0.3807220459
0.0422058105
0.0843963623
-0.3376159668
-0.1688079834
0.4220123291
-0.7596282959
-0.0843963623
0.1688079834
-0.1841278076
0.4050903320
0.3314361572
-0.2946166992
-0.3314361572
0.4050903320
-0.1473083496
-0.5155639648
-0.4668426514
0.7336273193
0.2000732422
0.1667327881
-0.3334655762
0.0333404541
0.1000366211
-0.1333923340
0.2360229492
0.6136474609
0.4956359863
0.0000000000
0.0000000000
0.3068237305
-0.0944061279
-0.4484405518
0.0000000000
-0.9625396729
0.1375122070
-0.0825042725
0.0550079346
0.0825042725
-0.0825042725
0.0825042725
0.8107299805
-0.1105499268
0.0736999512
-0.0368499756
0.2579650879
-0.4422149658
-0.0736999512
0.1105499268
0.1178436279
0.0000000000
0.0000000000
0.1178436279
0.1178436279
0.2357025146
0.0000000000
-0.1178436279
-0.1228332520
-0.2456817627
0.1228332520
0.0000000000
-0.2456817627
0.0000000000
0.0000000000
-0.1228332520
0.0757751465
0.9849853516
-0.0378875732
0.0757751465
-0.0189361572
-0.0568237305
0.0189361572
0.0378875732
-0.1365814209
-0.2731628418
0.0000000000
0.0000000000
-0.4097595215
-0.5463409424
-0.3414611816
0.4097595215
0.3741607666
0.0000000000
0.0000000000
0.0000000000
-0.1247253418
-0.7483367920
-0.3741607666
-0.1247253418
-0.1279907227
0.2559814453
0.1023864746
-0.0256042480
-0.4607543945
-0.7167358398
0.2559814453
-0.3071746826
0.0000000000
0.3976745605
0.3479614258
-0.2982635498
-0.6462249756
0.3479614258
-0.0994262695
0.0497131348
0.3201599121
0.0000000000
-0.3201599121
0.2401123047
0.2401123047
0.1600799561
-0.1600799561
0.6403045654
0.3699645996
-0.0924835205
0.2774658203
-0.1849822998
0.3237152100
0.0462493896
0.7399291992
0.1387329102
0.0542907715
0.1085662842
0.9590301514
0.1628570557
-0.0904693604
-0.1085662842
-0.0180969238
-0.0904693604
0.0000000000
0.0000000000
0.2498626709
0.1249389648
-0.1249389648
0.3748016357
0.0000000000
0.0000000000
-0.3257751465
-0.0217132568
0.0434417725
0.0651550293
-0.1520233154
0.1303100586
-0.9121551514
0.0000000000
0.1903381348
-0.0951690674
0.1903381348
-0.0951690674
0.2855072021
0.5709991455
-0.3806762695
-0.1903381348
-0.0314788818
0.9128417969
-0.1259155273
-0.1259155273
-0.2203369141
-0.1573791504
-0.1573791504
-0.0629577637
0.1216278076
0.2432556152
-0.1216278076
0.0000000000
0.0000000000
0.0000000000
0.2432556152
0.0000000000
0.0000000000
0.1009521484
0.0000000000
-0.3028411865
0.4037933350
-0.4037933350
0.2019042969
0.4037933350
0.2627868652
0.5733642578
0.4300231934
0.3583526611
0.2388916016
0.2150115967
-0.4061279297
0.0477752686
0.0418243408
0.0836639404
0.6274719238
-0.4601440430
-0.1254882812
-0.0418243408
-0.5438079834
0.1254882812
-0.1228332520
0.0000000000
0.2456817627
0.0000000000
0.1228332520
-0.2456817627
0.1228332520
0.0000000000
0.5749664307
0.1437377930
-0.2156066895
-0.3593444824
0.4312133789
0.2156066895
0.1437377930
0.2156066895
-0.3205413818
-0.1923217773
0.4167022705
-0.3526000977
-0.3526000977
0.3846435547
0.2884826660
-0.4167022705
0.1064758301
0.0000000000
-0.1064758301
0.1064758301
0.0000000000
0.1064758301
0.1064758301
0.0000000000
-0.3692016602
0.0615386963
0.2461395264
-0.6153259277
0.0615386963
0.3692016602
-0.2461395264
-0.3076629639
0.0000000000
0.9764709473
0.0500793457
-0.1001586914
-0.1001586914
0.0500793457
0.0250396729
0.0250396729
-0.3424682617
0.4566192627
0.3424682617
0.1141510010
0.1141510010
-0.1141510010
0.1141510010
0.0000000000
-0.1553039551
-0.2329559326
-0.7376708984
-0.2329559326
0.1164703369
0.1941223145
-0.0776519775
0.4658966064
0.0000000000
-0.3989410400
0.0000000000
-0.3191528320
0.0000000000
0.0797882080
0.0000000000
-0.7180938721
0.0000000000
-0.0336608887
-0.1009674072
0.9872589111
-0.0785369873
-0.0112152100
0.0224304199
0.0560913086
-0.0860595703
0.9811401367
-0.0688476562
-0.0688476562
-0.0688476562
-0.0688476562
0.0344238281
-0.0172119141
0.1994323730
-0.6730804443
-0.1246490479
-0.0997161865
0.5484313965
-0.1246490479
0.3739318848
0.0747833252
-0.0704498291
0.8453063965
-0.2113342285
0.1408843994
0.0000000000
0.2113342285
0.0000000000
0.0704498291
0.8367309570
0.1239624023
0.0619812012
-0.3408966064
-0.1549530029
-0.2169342041
0.1239624023
-0.2169342041
0.2300720215
-0.1150360107
0.0000000000
0.0000000000
0.0000000000
0.1150360107
0.0000000000
-0.1150360107
-0.0912780762
-0.6389770508
0.2738494873
0.0000000000
-0.4564056396
0.0000000000
-0.0912780762
0.0000000000
0.1320648193
0.9684600830
-0.0660247803
0.0660247803
-0.0220031738
0.0220031738
-0.0440216064
0.1320648193
-0.1259155273
-0.2203369141
0.1888580322
-0.7239837646
-0.2203369141
-0.0944366455
-0.2518157959
0.4721527100
0.3579254150
0.0000000000
-0.0894775391
-0.1342315674
-0.4474182129
-0.5816345215
-0.4921569824
0.0000000000
-0.0759735107
0.2279205322
0.0000000000
0.0506439209
-0.3798828125
-0.7091064453
0.4558563232
-0.2532501221
0.0588684082
0.5003814697
0.1766052246
-0.2060394287
-0.7064208984
0.2943420410
-0.0588684082
0.2354736328
0.3438568115
-0.0687713623
-0.4813995361
0.3438568115
0.2063140869
0.2750854492
-0.1375427246
0.4813995361
-0.1914367676
-0.1276245117
0.2552490234
-0.2552490234
0.4147949219
-0.0957183838
0.7657623291
0.1276245117
0.0956573486
0.0956573486
0.9566040039
0.1594390869
-0.0956573486
-0.1116027832
-0.0956573486
-0.0478363037
0.4294891357
-0.3435821533
0.1717987061
0.1717987061
-0.4294891357
0.4294891357
-0.0858917236
-0.0858917236
-0.2922973633
-0.1594390869
0.0797119141
0.0265655518
-0.1594390869
0.0797119141
-0.9034729004
0.1062927246
0.3281707764
-0.3281707764
0.4375762939
-0.1093902588
0.3281707764
0.1093902588
-0.1093902588
0.0000000000
-0.1125030518
0.8550415039
-0.3150177002
-0.2475128174
-0.1350097656
-0.2475128174
0.0000000000
0.0000000000
-0.1219482422
0.1219482422
-0.1219482422
0.0000000000
0.2438964844
0.1219482422
0.4878082275
-0.1219482422
0.0000000000
0.0616455078
0.0000000000
0.0616455078
0.1849517822
-0.3082427979
0.3082427979
0.8014373779
0.1192169189
0.5722198486
0.5006866455
0.3099517822
0.1669006348
0.3099517822
-0.4053192139
-0.0715332031
0.1120910645
0.0747222900
0.2241668701
-0.4857025146
-0.1868133545
-0.1868133545
-0.7472381592
0.1494445801
-0.1178436279
0.0000000000
0.1178436279
-0.1178436279
-0.2357025146
-0.3535461426
0.0000000000
0.4714050293
0.8094787598
-0.0809478760
-0.2428436279
-0.2833251953
-0.2428436279
0.2833251953
0.0000000000
0.0809478760
-0.3083953857
-0.1401824951
0.4205474854
-0.4485778809
-0.3364410400
0.2242889404
0.2523345947
-0.5046539307
0.0000000000
0.0000000000
-0.1242218018
0.1242218018
-0.2484588623
0.2484588623
0.1242218018
0.3726806641
-0.1301116943
0.1951751709
0.3252868652
-0.5204620361
0.0000000000
0.3903503418
-0.4554138184
-0.2602386475
-0.0953826904
0.9220275879
0.0635833740
-0.2543487549
-0.0635833740
-0.0317993164
0.1589660645
0.0953826904
-0.5248870850
0.4374084473
0.2624511719
0.0874786377
-0.1749572754
-0.1749572754
0.3499298096
-0.0874786377
-0.1566925049
-0.2507019043
-0.6894378662
-0.1566925049
0.0940093994
0.0940093994
-0.0940093994
0.5954284668
0.0765075684
-0.1529998779
-0.0765075684
-0.6120147705
-0.0765075684
-0.0765075684
0.0765075684
-0.6120147705
-0.0327148438
-0.0081787109
-0.0899505615
0.9813385010
-0.1226654053
-0.0245361328
0.0572509766
0.0817718506
-0.0598297119
0.9871520996
-0.0598297119
-0.0747833252
0.0000000000
-0.0448760986
0.0000000000
-0.0598297119
0.1369323730
-0.7074432373
-0.1141052246
-0.0684661865
0.5020599365
-0.2738494873
0.3423156738
0.0456390381
0.0000000000
0.7762908936
-0.2328948975
0.1552581787
0.0776367188
0.3105163574
-0.0776367188
0.0776367188
0.9845886230
0.0944061279
0.0539550781
-0.0944061279
0.0134887695
-0.0269775391
-0.0134887695
-0.0539550781
0.1247863770
-0.2495727539
0.1247863770
-0.1247863770
-0.3743438721
0.0000000000
0.1247863770
0.1247863770
0.0000000000
-0.6204071045
0.4825286865
-0.0689392090
-0.4136047363
0.0000000000
-0.2068023682
-0.0689392090
0.0545196533
0.9814758301
-0.0545196533
-0.0181732178
0.0727081299
0.0363464355
-0.0363464355
0.1090545654
-0.0285644531
-0.1714172363
0.1999816895
-0.7713623047
-0.1714172363
0.0571441650
-0.1999816895
0.4856719971
0.0734558105
0.3305358887
0.1836395264
0.0734558105
-0.2938232422
-0.6978149414
-0.4039916992
0.2570953369
-0.0550384521
0.2201690674
-0.0550384521
0.1926574707
-0.0275268555
-0.7155761719
0.5779571533
-0.1926574707
0.0743408203
0.5203857422
0.1300964355
-0.1115112305
-0.7434082031
0.2973632812
-0.0185852051
0.2044372559
0.3713073730
-0.1856536865
-0.6807250977
0.3094177246
0.1237640381
0.1237640381
0.1237640381
0.3094177246
-0.0900268555
-0.1350402832
0.1350402832
-0.0900268555
0.5401458740
-0.0450134277
0.7652130127
0.0450134277
0.0480346680
-0.0120086670
0.9487762451
0.2762298584
-0.0720520020
-0.0240173340
-0.0840759277
0.0600433350
0.1504211426
-0.6016693115
0.2256317139
0.0752105713
-0.3760528564
0.4512481689
-0.1504211426
0.0000000000
-0.1180114746
-0.3540344238
0.0944061279
0.0000000000
-0.0944061279
0.0236053467
-0.8968811035
0.1416168213
0.0606231689
-0.2425079346
0.7275085449
-0.3637542725
0.2425079346
-0.0606231689
0.3031311035
0.0000000000
-0.0101928711
0.9167022705
-0.3463134766
-0.0713043213
-0.0611114502
-0.1629638672
0.0000000000
-0.0305633545
-0.1044464111
0.1044464111
-0.2089080811
0.0000000000
0.3133544922
0.0000000000
0.6267242432
-0.2089080811
0.0000000000
0.1001586914
-0.0500793457
0.0500793457
0.1001586914
-0.2003326416
0.2003326416
0.9014739990
0.1661987305
0.5540161133
0.4155120850
0.2770080566
0.1108093262
0.3878173828
-0.4709167480
0.0830993652
0.3076782227
0.0000000000
-0.1398468018
-0.4195556641
-0.1958007812
-0.4195556641
-0.6712951660
0.1398468018
0.0000000000
0.0849761963
-0.3399353027
0.0849761963
-0.2549438477
-0.2549438477
0.1699676514
0.6798706055
0.7220153809
-0.1203308105
-0.1203308105
-0.3208923340
-0.5415039062
0.1604461670
-0.1203308105
0.0200500488
-0.2533264160
-0.0950012207
0.4116668701
-0.4749908447
-0.3799896240
0.1266632080
0.2216644287
-0.5383300781
-0.1014251709
-0.3042907715
0.0000000000
0.3042907715
-0.4057312012
0.3042907715
0.1014251709
0.4057312012
0.1777038574
0.0592346191
-0.2369384766
-0.6515655518
-0.4738616943
0.1184692383
-0.3553924561
-0.0592346191
-0.1965026855
0.7860260010
0.0393066406
-0.2751159668
0.2358093262
-0.0785980225
0.3144073486
0.2358093262
-0.7216644287
0.2255249023
0.2255249023
0.3157196045
0.0000000000
-0.2706298828
0.3608245850
0.0902099609
-0.1654510498
-0.2316284180
-0.6948852539
-0.1323547363
0.0330963135
0.0000000000
-0.1654510498
0.5956115723
0.0000000000
0.0000000000
-0.0735778809
-0.5886535645
-0.1471710205
-0.2207489014
0.2207489014
-0.5886535645
-0.0992126465
0.0451049805
-0.0631408691
0.9831848145
-0.1172637939
0.0180358887
-0.0090179443
0.0270538330
-0.0266418457
0.9856109619
-0.1198730469
0.0133209229
0.0133209229
0.0532836914
-0.0133209229
-0.0665893555
0.2001953125
-0.5671997070
-0.2669219971
-0.1000976562
0.5338439941
-0.4003753662
0.2669219971
-0.0667266846
0.0000000000
-0.5811157227
-0.1937103271
0.1937103271
0.0968475342
-0.2905578613
0.0968475342
0.3874053955
0.9844818115
0.0973663330
0.0540924072
0.0649108887
0.0757293701
0.0649108887
-0.0216369629
0.0000000000
0.1088256836
-0.2176361084
0.2176361084
-0.3264617920
0.0000000000
-0.2176361084
0.3264617920
0.4352722168
0.2790374756
-0.4185638428
0.6278381348
-0.0697631836
-0.2092742920
0.2092742920
-0.2790374756
-0.1395263672
-0.0137329102
0.9885253906
-0.0137329102
-0.0823822021
0.0960998535
0.0000000000
0.0137329102
-0.0137329102
0.4767913818
-0.1192016602
-0.0794677734
-0.7549285889
-0.1589355469
-0.1192016602
0.1192016602
0.2781372070
-0.2028045654
0.3379974365
0.3718109131
0.2704010010
0.1352081299
-0.7098083496
-0.1352081299
0.2366027832
0.0000000000
0.1361694336
0.0817108154
0.3812866211
0.3812866211
-0.4357604980
0.6808624268
-0.0817108154
0.0189056396
0.4916992188
0.1512908936
-0.0756530762
-0.7375488281
0.3593139648
-0.0378265381
0.2080230713
-0.0675201416
-0.2025451660
-0.6751556396
-0.2025451660
-0.2700653076
-0.0675201416
0.0675201416
0.4726104736
0.8836975098
-0.1536865234
-0.0384216309
0.1152648926
0.2689514160
0.1536865234
0.1152648926
-0.1536865234
-0.1085815430
-0.0760040283
0.9229888916
0.3474731445
-0.0542907715
-0.0542907715
0.0000000000
0.0108642578
-0.5135345459
-0.5135345459
0.2567596436
0.0000000000
-0.1711730957
0.1711730957
-0.1711730957
0.2567596436
-0.0578002930
-0.1271667480
0.0578002930
-0.0578002930
-0.0346832275
-0.0462493896
-0.9826660156
0.0231170654
-0.1498718262
-0.0374603271
0.7868041992
-0.4496002197
-0.0374603271
-0.0749359131
0.2997283936
0.1123962402
0.0296630859
0.9418182373
-0.3114624023
0.0370788574
-0.0296630859
-0.0296630859
-0.0593261719
-0.0815734863
0.0000000000
-0.1825714111
0.0000000000
0.3651275635
0.0000000000
-0.1825714111
0.4564056396
-0.5476989746
-0.0617675781
0.5558929443
-0.1235351562
-0.1235351562
0.0000000000
0.1853027344
0.1853027344
0.6794281006
0.4105529785
0.4561614990
0.3193206787
0.2736968994
0.0000000000
0.5017852783
-0.2736968994
0.2280883789
0.4961242676
-0.0206756592
-0.1446990967
-0.3721008301
-0.1446990967
-0.6201629639
-0.4134368896
0.0620117188
-0.0487060547
0.0000000000
-0.8765869141
0.1461029053
-0.0487060547
-0.0487060547
0.0973968506
0.3408966064
0.5282897949
0.0466156006
0.1087646484
-0.4505920410
-0.5749053955
-0.0932312012
-0.3884429932
-0.0776824951
-0.2492523193
-0.2077026367
0.5400390625
-0.3738708496
-0.1246185303
0.0415344238
-0.0415344238
-0.6231231689
-0.1208343506
-0.2416839600
0.2416839600
0.2416839600
0.0000000000
0.1208343506
-0.2416839600
0.3625183105
-0.1257019043
0.1257019043
-0.2514038086
-0.4399414062
-0.6913452148
0.0000000000
-0.3142395020
0.0628509521
0.0642089844
0.8988952637
-0.1284179688
0.0000000000
0.2889251709
0.0000000000
0.2247314453
0.0642089844
-0.8244018555
0.2509002686
0.1433715820
0.3226013184
0.1075286865
-0.1075286865
0.2509002686
0.0716857910
-0.1525573730
-0.2542572021
-0.6610565186
-0.1525573730
0.1016998291
-0.0508575439
-0.2033996582
0.5593566895
-0.2818603516
-0.0939483643
-0.2818603516
-0.0939483643
-0.2818603516
-0.5637359619
0.2818603516
-0.1879119873
-0.1661071777
0.0692138672
0.0968933105
0.9689483643
-0.1107330322
0.0000000000
-0.0138397217
-0.0276794434
0.0135040283
0.9322509766
-0.1486206055
0.0675506592
0.1080932617
0.2296905518
-0.0540466309
-0.1756439209
0.7113647461
0.0948486328
-0.3319702148
0.0474243164
0.3793945312
0.0948486328
-0.1896972656
-0.3319702148
0.0747833252
-0.8973083496
0.0000000000
0.0747833252
-0.0373840332
-0.2991027832
0.1121673584
0.1869354248
0.9653015137
0.0823974609
0.0470886230
0.1648101807
0.1059417725
0.1177215576
-0.0353088379
-0.0353088379
0.1196746826
-0.2393341064
0.0000000000
-0.1196746826
-0.2393341064
-0.1196746826
0.3590087891
0.3590087891
0.4088134766
-0.2725372314
0.6813507080
0.0000000000
0.0681304932
-0.2044067383
-0.1362762451
-0.2725372314
-0.0264587402
0.9923553467
-0.0396881104
-0.0132293701
0.0264587402
-0.0132293701
0.0793914795
0.0000000000
0.5017089844
-0.0557403564
-0.4738311768
-0.2229766846
-0.1114959717
-0.1951141357
0.6131896973
-0.1393585205
-0.3353118896
0.1341247559
0.4694366455
0.2011871338
0.4694366455
-0.4023742676
0.2682495117
0.0670623779
0.0000000000
0.0364990234
0.1825256348
0.2555389404
0.7301177979
0.1095123291
0.5475921631
0.1095123291
-0.0233764648
0.5144042969
0.1636657715
-0.1402893066
-0.6313018799
0.4442596436
-0.0935211182
0.2572021484
-0.3797149658
-0.1627349854
-0.3254699707
-0.3797149658
-0.2169799805
0.0000000000
0.1084899902
0.6509552002
0.9309844971
-0.2200469971
0.0338592529
0.1184844971
0.0000000000
0.1523437500
-0.1862030029
-0.0507812500
-0.1344451904
-0.1344451904
0.9204101562
0.3205871582
-0.0206909180
-0.0310211182
0.0206909180
-0.0930786133
-0.7636871338
-0.3471221924
0.2082824707
-0.1388549805
0.1388549805
-0.2082824707
-0.0694274902
0.0694274902
-0.0465087891
0.0232543945
0.0620117188
-0.0775146484
0.0232543945
-0.0232543945
-0.9921569824
-0.0077514648
-0.2667999268
0.0762329102
0.8385009766
-0.3430175781
-0.0762329102
-0.1143341064
0.1143341064
0.1524505615
0.0319671631
0.9270172119
-0.3276519775
0.0639343262
0.0079956055
0.0319671631
-0.1118774414
-0.1118774414
-0.1076965332
-0.2153778076
0.1076965332
0.1076965332
-0.1076965332
-0.2153778076
0.1076965332
-0.6461486816
0.0000000000
0.7697448730
-0.2052612305
-0.1026306152
0.0000000000
0.5131683350
0.0513153076
0.0513153076
0.5486602783
0.2438507080
0.2438507080
0.2438507080
-0.0609588623
0.5486602783
0.0000000000
0.3048095703
0.5539245605
-0.0503540039
0.0000000000
-0.3860778809
-0.1678619385
-0.6882171631
-0.1678619385
0.0503540039
0.0000000000
0.0398864746
-0.9573822021
0.0797882080
-0.0797882080
-0.0398864746
0.0398864746
0.1196746826
0.3347625732
0.1673736572
0.2092285156
-0.5439758301
-0.4184417725
-0.1952667236
-0.5439758301
-0.0697479248
-0.0409393311
-0.3685150146
0.6551361084
-0.1637878418
0.2047271729
-0.0818939209
-0.4094543457
-0.3685150146
0.3553924561
0.0000000000
0.0000000000
0.0000000000
0.1184692383
0.2369232178
-0.4738464355
-0.1184692383
-0.2386169434
0.0000000000
-0.0795440674
-0.4772338867
-0.5567779541
0.1590728760
-0.3181610107
0.2386169434
0.1139831543
0.9346923828
-0.1367797852
0.2051696777
0.0911865234
0.0911865234
0.1367797852
-0.0227966309
-0.7176971436
0.4186553955
0.1196136475
0.3588562012
0.2093353271
-0.1196136475
0.2392272949
0.1495208740
0.0000000000
-0.2931823730
0.3908996582
0.2931823730
0.2931823730
-0.4886322021
-0.0977325439
0.0000000000
-0.3493499756
-0.2911224365
-0.1164550781
0.2328948975
0.0000000000
-0.5822448730
0.0000000000
0.5240173340
-0.2200164795
0.1257171631
0.2200164795
0.8800659180
-0.2200164795
-0.0628662109
0.1571502686
-0.0628662109
-0.0149993896
0.9445037842
-0.0749664307
0.0149993896
0.0749664307
0.2098846436
-0.0299835205
-0.2098846436
0.4889526367
0.4346313477
0.1358184814
0.1358184814
-0.0543212891
0.4346313477
-0.3259735107
-0.4617919922
0.0998229980
-0.9316253662
0.0000000000
0.0665435791
-0.0998229980
-0.2329101562
0.1330871582
0.0000000000
0.9605102539
0.0488433838
0.0651245117
0.1790771484
0.0976867676
0.1139526367
-0.0325622559
-0.0814056396
0.0000000000
-0.1249389648
0.1249389648
0.1249389648
-0.3748016357
0.1249389648
0.1249389648
0.1249389648
0.3462982178
-0.1385192871
0.5540771484
-0.1385192871
0.1385192871
-0.4848175049
0.0000000000
-0.3462982178
-0.0814819336
0.9778289795
-0.0977783203
0.0977783203
-0.0162963867
-0.0162963867
0.0488891602
0.0814819336
0.4501342773
-0.1125335693
-0.4501342773
0.2250671387
-0.0225067139
-0.0900268555
0.6752014160
-0.2250671387
0.0000000000
-0.0615386963
0.3076629639
0.2461395264
0.2461395264
0.3692016602
0.6768646240
0.2461395264
0.0000000000
-0.1055908203
0.0791931152
-0.0527954102
0.6335144043
0.6599121094
0.0527954102
0.3431549072
-0.0598602295
0.4190368652
-0.0299377441
-0.1197204590
-0.3890991211
0.7482757568
-0.0897979736
0.2394409180
-0.2063598633
-0.2063598633
0.1547698975
-0.0515899658
-0.2579498291
0.1031799316
0.2063598633
0.8254089355
0.9235534668
-0.2121734619
-0.0249633789
0.1497650146
-0.0998382568
0.0873565674
-0.2371215820
-0.0124816895
-0.1257324219
-0.1466827393
0.9429931641
0.1990814209
0.0209503174
0.0419158936
0.0000000000
-0.1676483154
-0.6750030518
-0.5249938965
0.1499938965
-0.0749969482
0.1499938965
-0.0749969482
-0.1499938965
0.0000000000
-0.0691833496
0.0922393799
0.1076049805
-0.0614929199
0.0384368896
0.0000000000
-0.9838562012
0.0000000000
-0.6248931885
0.0000000000
0.5728149414
-0.3124542236
0.2082977295
-0.0520782471
-0.1562194824
-0.1562194824
0.0120391846
0.8791961670
-0.4215393066
0.0602264404
0.0481719971
0.0481719971
-0.1565704346
-0.1083984375
-0.2468566895
-0.2468566895
0.1234283447
-0.2468566895
-0.2468566895
0.0000000000
0.1234283447
-0.2468566895
0.0379486084
0.7589721680
-0.1517944336
-0.0379486084
0.0379486084
0.5692291260
0.1138458252
-0.1138458252
0.5332031250
0.2666015625
0.3046875000
0.1142578125
0.1142578125
0.6093750000
-0.1904296875
0.2666015625
0.6058959961
-0.0491333008
0.1473846436
-0.3930206299
-0.1146240234
-0.6550292969
-0.0491333008
0.0327453613
-0.0492248535
0.1476745605
-0.9353027344
0.0000000000
0.0000000000
-0.0984497070
0.0984497070
0.0492248535
0.1957244873
0.2120361328
0.2609710693
-0.6034851074
-0.3588256836
-0.2609558105
-0.5219268799
-0.0815582275
0.1633148193
-0.2939758301
0.5552825928
0.1633148193
0.3266296387
-0.1959838867
-0.5879516602
-0.1633148193
0.5677337646
0.0000000000
-0.1135406494
0.0000000000
0.1135406494
0.2270965576
-0.2270965576
-0.2270965576
0.0000000000
-0.2283172607
0.0000000000
-0.4566192627
0.1141510010
0.3424682617
-0.2283172607
0.2283172607
0.1223449707
0.8971862793
-0.1631317139
0.2854766846
-0.1019592285
0.2039031982
0.0815582275
0.0000000000
-0.6791839600
0.4939422607
0.1234893799
0.3704528809
0.1234893799
-0.1852264404
0.2160949707
0.1234893799
0.0685119629
0.1370086670
0.7878265381
0.2055206299
0.0342559814
-0.2740325928
0.0342559814
-0.4452972412
0.0000000000
0.0000000000
-0.2791137695
0.0558166504
0.2791137695
-0.6140594482
-0.2232971191
0.5582427979
-0.3212585449
0.1927642822
0.2570037842
0.1927642822
-0.4497680664
0.0000000000
0.6425323486
-0.0642547607
-0.1666870117
0.9445953369
-0.0185241699
-0.0926055908
-0.0926055908
0.1296539307
0.0185241699
-0.1852111816
0.2970275879
0.4702911377
0.4702911377
0.0742645264
-0.1485137939
0.3712921143
-0.1980133057
-0.4950561523
0.0302734375
-0.9384307861
-0.0605468750
0.0000000000
0.0605468750
-0.2421722412
0.1210937500
-0.0908203125
0.9560852051
-0.0298767090
0.0000000000
0.0000000000
0.1493835449
-0.1493835449
0.0896301270
-0.0597534180
0.0000000000
0.0000000000
0.0000000000
0.2494506836
0.1247253418
0.3741607666
0.0000000000
0.0000000000
0.0986175537
-0.1972351074
-0.0986175537
-0.2958526611
-0.3944702148
0.1972351074
0.3944702148
-0.3944702148
0.0417480469
0.9913635254
-0.0521697998
0.0417480469
-0.0834808350
-0.0104370117
0.0000000000
0.0208740234
-0.1674957275
-0.0628051758
-0.2512512207
0.9003143311
-0.2721862793
0.0418701172
0.0209350586
0.0628051758
0.3798217773
-0.0949554443
-0.0949554443
-0.1899108887
-0.6172180176
-0.4273071289
-0.3798217773
-0.1424407959
-0.1525268555
0.2396850586
0.1525268555
-0.0435791016
-0.3486480713
-0.8498077393
0.1525268555
-0.1089477539
-0.0451965332
0.3163757324
0.4067535400
-0.2711791992
-0.6779327393
0.2711791992
-0.0903930664
0.2259826660
0.4537963867
0.0000000000
-0.5294342041
0.0756378174
0.2268981934
0.2268981934
-0.0756378174
0.4537963867
0.7713623047
-0.1714172363
0.2571258545
-0.0857086182
0.0571441650
-0.1714172363
0.4856719971
0.0857086182
0.0309143066
0.0102996826
0.9684600830
0.2060546875
0.0205993652
0.0721130371
-0.0309143066
-0.0927276611
0.0000000000
0.3715667725
0.2477111816
0.2477111816
-0.1238555908
0.1238555908
0.1238555908
0.1238555908
-0.1844940186
-0.0245971680
0.0737915039
0.0861053467
-0.0491943359
0.1230010986
-0.9593811035
-0.0984039307
0.2097930908
0.0699310303
0.4895019531
-0.1398620605
0.4195709229
0.5594329834
-0.1398620605
-0.1398620605
-0.0147857666
0.9903411865
-0.1034698486
0.0147857666
0.0000000000
-0.0295562744
0.0000000000
0.0147857666
-0.1245422363
0.2490844727
0.0000000000
0.1245422363
0.0000000000
0.0000000000
0.3736267090
-0.2490844727
0.0000000000
0.3642120361
0.0000000000
0.0000000000
0.0000000000
0.0000000000
0.1213989258
0.4856262207
0.2705535889
0.4328765869
0.4869842529
0.3517150879
0.3246612549
0.2434997559
-0.4328765869
0.0541076660
0.2175903320
0.0362701416
0.7978363037
-0.3263854980
-0.1813201904
0.0362701416
-0.3626556396
0.0000000000
0.0000000000
0.0000000000
0.1000061035
0.0000000000
-0.1000061035
-0.1000061035
0.0000000000
0.1000061035
0.7411956787
0.1235351562
0.1235351562
-0.1853027344
0.4323577881
0.1853027344
-0.1853027344
-0.0617675781
-0.2821502686
-0.1410675049
0.5924987793
-0.1974945068
-0.2821502686
0.5078582764
0.3103637695
-0.2257080078
0.1243286133
0.0000000000
-0.1243286133
0.2486572266
-0.2486572266
0.1243286133
0.1243286133
-0.1243286133
-0.0921936035
0.0000000000
0.0737609863
-0.9772796631
-0.0553131104
0.0921936035
-0.0553131104
-0.0737609863
0.0383911133
0.9791259766
0.0191955566
-0.0191955566
-0.1535949707
0.0000000000
0.0576019287
0.0191955566
-0.5288391113
0.5288391113
0.1762847900
0.2644195557
0.0881347656
-0.1762847900
0.0000000000
0.1762847900
-0.1323852539
-0.2647705078
-0.6619262695
-0.3088989258
0.1765136719
0.1765136719
-0.1323852539
0.4854125977
0.0000000000
-0.1024169922
0.0000000000
-0.2048339844
0.2048339844
0.0000000000
0.1024169922
-0.7169036865
0.0099487305
0.0099487305
-0.0099487305
0.9942474365
-0.0795440674
-0.0198822021
-0.0298309326
0.0198822021
-0.1228485107
0.9705047607
-0.0859985352
0.0491333008
-0.1351318359
-0.0859985352
0.0368499756
0.0368499756
0.1924438477
-0.6494903564
0.0962219238
-0.1202697754
0.5532684326
0.0721588135
0.4329986572
0.0000000000
-0.0591278076
0.8869476318
-0.0591278076
0.1182556152
0.0591278076
0.2365264893
0.1182556152
-0.0591278076
0.9298400879
-0.0489349365
0.0489349365
-0.1957550049
-0.0978698730
-0.2202301025
0.0000000000
-0.1223449707
0.1216278076
0.0000000000
0.1216278076
0.1216278076
-0.1216278076
0.2432556152
-0.1216278076
0.1216278076
0.0935668945
-0.3742370605
-0.1871185303
-0.2806854248
-0.4678039551
0.1871185303
0.1871185303
-0.3742370605
0.0854644775
0.9875640869
-0.0569763184
0.0284881592
-0.0854644775
0.0284881592
-0.0094909668
0.0474853516
-0.3323516846
-0.2991180420
-0.0332336426
0.5650024414
-0.4653015137
0.0997009277
-0.0332336426
0.4653015137
0.3933258057
-0.0462799072
-0.0462799072
-0.2082214355
-0.8097686768
0.0231323242
-0.3239135742
-0.1388244629
-0.1669769287
0.2226409912
0.1855316162
0.0185546875
-0.3525085449
-0.8163452148
0.2783050537
-0.0927734375
-0.0347442627
0.4516906738
0.4864349365
-0.1042327881
-0.6254272461
0.3127136230
0.0000000000
0.1389770508
0.4002075195
-0.2286834717
-0.5145416260
0.1143493652
0.2858581543
0.2286834717
0.0571746826
0.5145416260
0.5672454834
-0.1418151855
0.2127075195
-0.2363433838
0.2363433838
-0.2363433838
0.6381378174
0.1418151855
0.0394134521
0.0492706299
0.9656677246
0.2069244385
-0.0591278076
0.0788269043
0.0000000000
-0.0886840820
0.3149414062
-0.1049804688
0.3149414062
0.2099609375
-0.5248870850
0.2099609375
0.1049804688
0.1049804688
-0.1682281494
-0.0646972656
0.0776367188
0.0258789062
-0.1035156250
0.0517578125
-0.9705047607
-0.0129394531
0.0000000000
-0.0700988770
0.7710876465
0.1401977539
0.4205932617
0.1401977539
-0.1401977539
0.0000000000
-0.0505981445
0.9782714844
-0.1011962891
-0.0337371826
0.0168609619
-0.1180725098
0.0674743652
0.0337371826
-0.1219482422
0.2438964844
-0.1219482422
-0.1219482422
0.1219482422
0.2438964844
0.2438964844
-0.3658599854
0.1908111572
0.2544097900
0.0635986328
0.0000000000
0.1908111572
-0.1908111572
-0.0635986328
0.8268432617
0.1930541992
0.4585113525
0.6033020020
0.2654571533
0.2654571533
0.3378448486
-0.3378448486
0.0241394043
0.1036682129
0.0000000000
0.6220550537
-0.4147033691
-0.2073516846
-0.2073516846
-0.5529327393
0.0000000000
-0.1147766113
0.2295379639
-0.3443145752
-0.1147766113
-0.1147766113
-0.4590759277
-0.1147766113
0.2295379639
0.8470611572
0.0423583984
-0.0847015381
-0.0847015381
0.0000000000
0.3388214111
-0.2541198730
-0.1694183350
-0.2969818115
-0.1142272949
0.6853485107
-0.2969818115
-0.2512969971
0.3655090332
0.2284545898
-0.2741394043
0.3517150879
0.0000000000
-0.2344665527
0.0000000000
-0.3517150879
0.3517150879
-0.1172332764
0.1172332764
-0.0331878662
0.0331878662
0.0829772949
-0.9791107178
-0.0331878662
0.0663757324
-0.1161651611
-0.0663757324
0.0918579102
0.9415588379
-0.0229644775
-0.0918579102
-0.2526092529
-0.0459289551
0.1148223877
0.0000000000
-0.4323272705
0.6484832764
0.0000000000
0.2882232666
0.0000000000
-0.2882232666
0.2161560059
0.0720520020
-0.2136688232
-0.4273376465
-0.6104888916
-0.2747192383
0.0915679932
0.1526184082
-0.1526184082
0.4883880615
0.0741729736
-0.2967224121
0.0741729736
-0.5934448242
0.3708953857
0.1483612061
-0.0741729736
-0.4450836182
-0.0155029297
0.0077514648
-0.0077514648
0.9848480225
-0.1473388672
-0.0465240479
0.0310211182
0.0542755127
-0.1061248779
0.9840087891
-0.0868225098
0.0385894775
-0.0482330322
-0.0771789551
0.0096435547
-0.0096435547
0.1374969482
-0.7267303467
0.1964111328
-0.0589294434
0.4321136475
-0.0785675049
0.4517517090
0.0392761230
-0.0654754639
0.7201995850
0.0000000000
0.1309509277
0.0000000000
0.4583129883
0.2618865967
-0.1964111328
0.9893035889
0.0000000000
0.0668487549
-0.0267333984
0.0267333984
-0.0668487549
-0.0668487549
-0.0267333984
0.3715667725
-0.1238555908
0.0000000000
0.1238555908
-0.2477111816
0.1238555908
0.2477111816
0.1238555908
0.2335815430
-0.3892974854
0.0778656006
-0.2335815430
-0.5450286865
0.2335815430
-0.1557159424
-0.3892974854
0.0736846924
0.9907379150
-0.0655059814
0.0000000000
-0.0409393311
0.0491333008
-0.0081939697
0.0491333008
-0.3403930664
-0.3094482422
0.0309448242
0.1856689453
-0.4022979736
0.3094482422
-0.0309448242
0.6808013916
0.4085388184
0.0340423584
-0.0851135254
-0.2553405762
-0.8170776367
0.0851135254
-0.2383117676
-0.1361846924
-0.1677093506
0.2236022949
0.2236022949
0.1118011475
-0.3167724609
-0.8012390137
0.3167724609
-0.0745391846
0.0000000000
0.5079650879
0.4112091064
0.0000000000
-0.6047058105
0.3628234863
0.0967559814
0.2176971436
0.2055358887
-0.2055358887
-0.5138397217
0.2055358887
0.2569274902
0.3083038330
0.2055358887
0.5652313232
0.5979156494
-0.0747375488
0.1743927002
-0.2491302490
0.2491302490
-0.2989654541
0.5979156494
0.1245727539
-0.0086364746
-0.0172729492
0.9413757324
0.3022766113
-0.0863647461
0.1036376953
0.0345458984
-0.0172729492
0.3318328857
-0.4977416992
0.2488708496
0.1659088135
-0.4147949219
0.3318328857
-0.0829620361
0.1659088135
-0.1279449463
-0.1151580811
0.0895690918
0.0128021240
-0.1023559570
0.0255889893
-0.9724426270
-0.0128021240
0.0399169922
-0.1996154785
0.8782958984
0.1197662354
0.3193817139
-0.0798492432
0.0798492432
-0.0798492432
-0.0585021973
0.9595336914
-0.1638183594
-0.0351104736
0.0234069824
-0.1638183594
0.1053161621
0.0702056885
-0.1147766113
0.2295379639
-0.3443145752
0.0000000000
0.3443145752
0.3443145752
0.2295379639
-0.1147766113
0.2048797607
0.2048797607
0.0682983398
0.0682983398
0.0682983398
-0.2731628418
0.0000000000
0.8195037842
0.2262573242
0.4525299072
0.5530853271
0.2011260986
0.2514038086
0.3771057129
-0.4022521973
0.1005554199
0.0321044922
0.0000000000
0.4494476318
-0.4815521240
-0.2568206787
-0.5136566162
-0.4494476318
0.0000000000
-0.2684936523
0.2684936523
-0.5369873047
0.0000000000
-0.1790008545
-0.3579864502
0.0000000000
0.3579864502
0.8272857666
-0.1002807617
-0.1504211426
-0.0501403809
-0.3008270264
0.2757568359
-0.2506866455
-0.1754913330
-0.3421325684
-0.0912322998
0.7983245850
-0.2965240479
-0.1596679688
0.2052764893
0.0456237793
-0.2509002686
0.2078704834
-0.5196685791
-0.1039276123
0.2078704834
-0.4157409668
0.2078704834
-0.1039276123
0.1039276123
0.0606842041
0.0606842041
-0.0455169678
-0.9862060547
-0.0606842041
-0.0151672363
-0.0758666992
-0.0303497314
0.1067504883
0.9340209961
-0.1067504883
-0.0800628662
-0.2134857178
-0.1067504883
0.1334381104
0.0266876221
-0.5228424072
0.5228424072
0.0000000000
0.2851867676
0.0000000000
-0.3802490234
0.3802490234
0.0950622559
-0.2458496094
-0.4643707275
-0.6009521484
-0.2731628418
-0.0546264648
0.1365814209
-0.1638946533
0.4643707275
0.1186676025
-0.2966918945
-0.0593414307
-0.6527099609
0.2966918945
0.2966918945
-0.0593414307
-0.4153594971
-0.0619659424
0.0309753418
-0.0232391357
0.9837036133
-0.1471710205
-0.0309753418
0.0387268066
0.0309753418
-0.0779113770
0.9895324707
-0.0779113770
0.0389556885
0.0000000000
-0.0467529297
-0.0389556885
-0.0389556885
0.1003417969
-0.7425079346
0.2809448242
0.0000000000
0.3210906982
-0.1003417969
0.4816284180
0.0401306152
0.0000000000
0.2842712402
0.0000000000
0.1895141602
-0.0947570801
0.1895141602
0.6633148193
-0.2842712402
0.9866943359
-0.0104980469
0.0734710693
0.0839691162
0.0524902344
0.0419921875
-0.0734710693
-0.0209960938
0.2234802246
-0.2234802246
0.0000000000
-0.2234802246
-0.2234802246
-0.1117401123
0.4469451904
0.3352050781
0.5119171143
-0.1279754639
0.3839416504
-0.2559661865
-0.3199462891
0.0639953613
-0.2559661865
-0.4479370117
0.0547637939
0.9935150146
-0.0312957764
-0.0625915527
0.0156402588
0.0469360352
0.0234680176
0.0078277588
0.2083435059
-0.2083435059
-0.3472442627
0.4167022705
-0.3472442627
0.1736297607
0.3472442627
0.5555877686
0.3469238281
0.1867980957
-0.0266876221
-0.2134857178
-0.8539581299
-0.0533752441
-0.1601104736
-0.1334381104
-0.1325683594
0.2462005615
0.2840728760
0.1893920898
-0.1136322021
-0.8143615723
0.3408966064
-0.0378723145
0.0226745605
0.5668487549
0.3174285889
0.0226745605
-0.5668487549
0.4534759521
0.0906982422
0.1587219238
-0.1164550781
-0.2328948975
-0.3493499756
-0.0582275391
-0.2328948975
0.3493499756
0.1746673584
0.6986999512
0.9133300781
-0.0493621826
0.0740509033
-0.0987396240
0.1234283447
-0.1974792480
0.2715301514
0.0246887207
-0.1402282715
-0.1012725830
0.8959197998
0.3895263672
-0.0155792236
0.0856933594
0.0779113770
0.0077972412
0.1117401123
-0.5586853027
0.2234802246
0.1117401123
-0.3352050781
0.0000000000
-0.1117401123
0.1117401123
-0.1003723145
-0.0547485352
0.0729980469
0.0091247559
-0.0456237793
0.0182495117
-0.9854431152
-0.0729980469
-0.1643676758
-0.1315002441
0.8876190186
-0.0986175537
0.2301177979
0.0000000000
0.2301177979
-0.1315002441
-0.0084381104
0.9790802002
-0.1856842041
0.0168762207
0.0084381104
-0.0590820312
0.0253143311
0.0084381104
-0.1249389648
0.0000000000
-0.1249389648
0.0000000000
0.1249389648
0.2498779297
0.3748321533
-0.1249389648
0.0947570801
0.1895141602
-0.0947570801
-0.1895141602
-0.0947570801
-0.1895141602
-0.4738006592
0.5685577393
0.3905029297
0.2928771973
0.4230499268
0.1301727295
0.3254241943
0.4230499268
-0.4230499268
0.2603454590
0.2216949463
0.0000000000
0.3325347900
-0.5265197754
-0.2771148682
-0.6650695801
-0.0831298828
-0.1108398438
-0.1818847656
0.1212463379
-0.8487701416
0.0606231689
-0.1212463379
0.0000000000
0.0000000000
0.3031311035
0.7518920898
-0.0187988281
0.0000000000
-0.1691741943
-0.4887390137
0.0751953125
-0.3383483887
-0.1879730225
-0.2842864990
-0.1093444824
0.8965911865
-0.0874786377
0.0874786377
0.1312103271
-0.2186737061
-0.0874786377
0.0000000000
-0.5892486572
0.0000000000
0.1178436279
-0.2357025146
0.0000000000
-0.1178436279
0.1178436279
0.0168304443
0.1345977783
-0.1009368896
-0.9757843018
-0.0841217041
-0.0168304443
-0.0504760742
-0.0168304443
0.1761627197
0.9469146729
-0.2202148438
0.0000000000
-0.0440368652
-0.0440368652
0.0660705566
0.0000000000
-0.7218627930
0.4124908447
-0.0343780518
0.3093719482
0.0343780518
-0.2406158447
0.3093719482
0.1374969482
-0.3071136475
-0.3685302734
-0.7677764893
-0.2149810791
-0.0614166260
0.0921325684
-0.1228485107
0.2763977051
-0.0977325439
-0.1954498291
-0.2931823730
-0.5863494873
0.0977325439
0.0977325439
-0.0977325439
-0.3908996582
-0.1362152100
0.0560913086
0.0480804443
0.9775085449
-0.1201782227
-0.0080108643
0.0400543213
-0.0480804443
-0.0389251709
0.9885406494
-0.0933990479
0.0544891357
0.0311279297
0.0389251709
-0.0544891357
-0.0467071533
0.3707885742
-0.5932617188
0.4078674316
0.2224731445
0.2595520020
0.1483154297
0.3337097168
-0.2224731445
0.2123718262
-0.6371307373
0.1415863037
0.0707855225
-0.1415863037
-0.2123718262
0.4955444336
-0.2123718262
0.9696960449
-0.0309448242
0.0412597656
0.1856842041
0.0515747070
0.1134796143
-0.0515747070
-0.0309448242
0.1184692383
-0.1184692383
-0.1184692383
-0.3553924561
-0.1184692383
0.0000000000
0.3553924561
0.3553924561
0.4867858887
-0.0608520508
0.5476379395
-0.3042449951
-0.0608520508
-0.3650970459
-0.1217041016
-0.3042449951
0.0312652588
0.9927673340
-0.0078125000
-0.0547180176
0.0234527588
0.0390777588
0.0781707764
-0.0156402588
0.5305786133
-0.0663146973
-0.5084686279
0.1547546387
-0.1989593506
-0.0884246826
0.5968933105
0.1105346680
-0.0735778809
0.4414978027
0.0000000000
-0.1471710205
-0.6622314453
-0.1471710205
0.2207489014
-0.2943267822
-0.0897979736
0.3591918945
0.4040985107
0.1795959473
0.0673522949
-0.7408447266
0.2918548584
0.1122436523
0.1125488281
0.6471252441
0.1688232422
0.0562744141
-0.4501800537
0.5345764160
0.0562744141
0.1406860352
-0.3675231934
-0.2100067139
0.1575012207
-0.2625122070
-0.4725189209
0.2625122070
0.1050109863
0.5775299072
0.9713897705
-0.1811065674
0.0823211670
0.0493927002
0.0000000000
-0.0164642334
-0.0658569336
0.0329284668
-0.1848144531
-0.1626281738
0.8796997070
0.3917999268
0.0517425537
0.0517425537
0.0665283203
-0.0221710205
-0.4953613281
-0.3963012695
0.0990753174
0.0000000000
0.1981506348
-0.3963012695
0.1981506348
0.0000000000
-0.1068115234
0.0610351562
0.1068115234
0.0152587891
0.0000000000
0.0305175781
-0.9765319824
-0.1296997070
-0.2633819580
0.0376281738
0.8653869629
-0.2257537842
0.1128692627
0.1504974365
0.1881256104
-0.1128692627
0.0258941650
0.9666290283
-0.2330322266
0.0431518555
0.0000000000
-0.0086364746
-0.0517883301
-0.0604095459
-0.1249389648
-0.1249389648
0.1249389648
-0.1249389648
-0.1249389648
0.1249389648
0.0000000000
-0.3748016357
0.2806854248
0.0935668945
-0.3742370605
-0.3742370605
-0.0935668945
0.0000000000
-0.5613555908
0.0000000000
0.4507293701
0.1502380371
0.3004913330
0.0500793457
0.5008087158
0.3505706787
-0.4507293701
0.1502380371
0.2331848145
0.0000000000
0.3497772217
-0.5596313477
-0.3031311035
-0.6062622070
0.1399078369
-0.1165924072
-0.1035919189
0.0000000000
-0.9323120117
-0.0517883301
0.0517883301
0.1553802490
0.0517883301
0.0000000000
0.5645141602
0.0973358154
0.1946563721
-0.3893127441
-0.4477081299
-0.1167907715
-0.4671783447
-0.1946563721
-0.1785736084
-0.2232055664
0.8928375244
-0.0223236084
0.1562500000
0.0892791748
-0.2678527832
0.0223236084
0.1247863770
-0.1247863770
-0.1247863770
0.0000000000
0.1247863770
-0.1247863770
-0.3743438721
-0.2495727539
-0.0484008789
0.1210174561
-0.0968170166
-0.9681091309
-0.0968170166
-0.0242004395
-0.0484008789
0.0726013184
0.1109008789
0.9611358643
-0.2218017578
0.0184783936
0.0000000000
0.0554504395
0.0000000000
0.0184783936
-0.6814727783
0.4088897705
0.0340728760
0.3748168945
0.1703643799
-0.2385101318
0.2725830078
0.1703643799
-0.3707580566
-0.3707580566
-0.7878570557
0.0463409424
-0.0463409424
0.1390380859
-0.0463409424
0.0926818848
-0.2176361084
-0.2176361084
-0.2176361084
0.0000000000
-0.3264617920
-0.4352722168
-0.1088256836
0.3264617920
-0.2788391113
0.1239318848
0.0929412842
0.9139862061
-0.1704101562
-0.0464782715
0.0929412842
-0.1239318848
0.0077972412
0.9909210205
-0.0624237061
0.0234069824
0.0390167236
0.0702209473
-0.0468139648
-0.0546112061
0.4416198730
0.0401458740
0.3211822510
0.3613281250
0.0000000000
0.4416198730
-0.0802917480
-0.5620574951
0.1832275391
-0.6718139648
0.2442932129
0.0000000000
-0.0610809326
-0.2442932129
0.3664398193
-0.3664398193
0.9461822510
-0.0359344482
0.0598907471
0.2515258789
-0.0119781494
0.1676788330
-0.0119781494
-0.0598907471
0.0000000000
-0.1150360107
0.0000000000
0.0000000000
-0.1150360107
0.2300720215
0.0000000000
0.1150360107
0.3855133057
0.0642547607
0.4497680664
-0.3212585449
0.0000000000
-0.5782775879
-0.0642547607
-0.2570037842
-0.0085754395
0.9950256348
-0.0171508789
0.0000000000
0.0085754395
0.0343170166
0.0771942139
0.0000000000
0.5050048828
-0.0360717773
-0.5410766602
0.2164306641
-0.0541076660
-0.1082153320
0.6132202148
-0.0541076660
-0.3486328125
0.0000000000
0.0000000000
0.0000000000
-0.1743164062
0.1743164062
0.6972656250
-0.2614746094
-0.0649108887
0.3894805908
0.4868469238
0.0324554443
0.3570251465
-0.4543914795
0.0324554443
0.4868469238
0.2170867920
0.4775848389
-0.0434112549
0.0434112549
-0.2170867920
0.7814941406
0.0000000000
0.0434112549
-0.2332305908
-0.0932922363
0.6996765137
-0.0932922363
-0.4664611816
0.0932922363
0.1865844727
0.3265228271
0.9409332275
-0.2288818359
0.0127105713
0.1144409180
-0.0635833740
0.0127105713
-0.1780090332
0.0890045166
-0.1651611328
-0.1651611328
0.9047698975
0.3374938965
0.0646209717
0.0502624512
0.0359039307
-0.0574493408
-0.4714050293
-0.2357025146
0.1178436279
0.0000000000
0.1178436279
-0.3535461426
0.1178436279
0.0000000000
-0.1205139160
0.1129760742
0.1506500244
0.0225982666
0.0000000000
0.0602569580
-0.9641265869
-0.1205139160
-0.3587493896
0.0512542725
0.6149902344
-0.2050018311
0.2562408447
0.3587493896
0.0000000000
-0.4099884033
0.0436859131
0.9281921387
-0.3385162354
0.0436859131
0.0000000000
0.0000000000
-0.1092071533
-0.0655212402
-0.1196746826
0.0000000000
0.1196746826
-0.3590087891
0.0000000000
0.3590087891
0.0000000000
-0.3590087891
0.1705627441
0.4264221191
-0.2558593750
-0.1705627441
0.0000000000
0.5117034912
-0.3411407471
-0.2558593750
0.4021148682
0.2412719727
0.2814788818
0.0804290771
0.4825439453
0.4021148682
-0.4825439453
0.1206359863
0.1865386963
0.0000000000
0.4197235107
-0.5829467773
-0.2798156738
-0.5596313477
0.1165924072
-0.1632232666
-0.1626586914
0.0000000000
-0.8132781982
-0.1626586914
0.1626586914
0.1626586914
0.0000000000
0.0813293457
0.3722076416
0.0992584229
0.2729492188
-0.5458984375
-0.3722076416
-0.1985015869
-0.5210876465
-0.0992584229
-0.0568084717
-0.1988525391
0.8806152344
0.0568084717
0.1136322021
0.0568084717
-0.3408813477
0.1420288086
0.3715667725
0.1238555908
-0.1238555908
0.0000000000
0.1238555908
0.1238555908
-0.2477111816
-0.2477111816
-0.0745697021
-0.0372772217
0.0000000000
-0.9693908691
0.0745697021
0.0372772217
-0.0372772217
0.0000000000
0.0904388428
0.9587249756
-0.1447143555
0.0723571777
0.0000000000
0.1808929443
-0.0542602539
0.0180816650
-0.6026916504
0.4821472168
0.0401763916
0.4017944336
0.1607208252
-0.2812500000
0.2410736084
0.1607208252
-0.3214111328
-0.5356903076
-0.1071319580
0.3214111328
-0.1071319580
0.2142791748
0.0000000000
-0.1071319580
0.1776275635
-0.0888061523
-0.3552398682
0.0000000000
0.0888061523
-0.5328674316
-0.2664337158
0.4440612793
-0.5404968262
0.1013488770
0.1351165771
0.6418457031
-0.3040313721
-0.0675659180
0.3040313721
-0.2026824951
-0.0081634521
0.9960174561
-0.0326538086
0.0000000000
0.0000000000
0.0408172607
-0.0244903564
-0.0489807129
0.1933898926
0.1547241211
0.5028381348
0.1547241211
-0.1933898926
0.4641571045
-0.1547241211
-0.5801849365
0.1808929443
-0.6029663086
0.1205902100
0.0000000000
0.1205902100
-0.3617706299
0.3014831543
-0.4823608398
0.9522399902
-0.0366210938
0.0732421875
0.1831207275
-0.0732421875
0.1098785400
0.1281890869
-0.0915679932
