0.0000000000
0.1178436279
0.0000000000
0.0000000000
0.1178436279
0.1178436279
0.1178436279
-0.2357025146
0.2237548828
-0.7458648682
0.0000000000
0.0000000000
-0.2983398438
0.1491699219
0.0745849609
-0.2983398438
0.0921478271
0.9675903320
-0.1151885986
0.0000000000
-0.0691070557
0.0230407715
-0.1382293701
0.0230407715
-0.0743103027
0.2972412109
-0.4830169678
0.5573272705
0.2229309082
0.4830169678
-0.1857757568
0.0000000000
0.1683654785
-0.1262664795
-0.0841827393
-0.1262664795
-0.6734313965
-0.0841827393
-0.6313476562
-0.1262664795
0.0901947021
-0.0300598145
0.0300598145
-0.0300598145
-0.5712585449
-0.7215881348
-0.3307189941
-0.0601348877
-0.2447814941
0.0815887451
0.4079742432
-0.1631927490
-0.6527404785
-0.1631927490
0.0000000000
-0.2447814941
-0.0927886963
-0.0927886963
0.6494903564
0.4639129639
0.0927886963
0.0000000000
0.0000000000
-0.1855621338
0.9793548584
0.0638732910
-0.0638732910
-0.0425872803
0.0212860107
-0.0212860107
0.0638732910
0.1064453125
-0.2602386475
-0.0650634766
0.1951751709
0.3903503418
-0.3252868652
0.2602386475
0.3903503418
0.5204620361
0.1516876221
-0.5309295654
0.3033905029
0.2275390625
0.0000000000
0.4550781250
-0.3792419434
0.0758514404
0.4860839844
0.0000000000
-0.1080169678
0.1620330811
0.4320678711
0.2160339355
-0.5400848389
0.3240509033
0.4076843262
-0.1019134521
0.4076843262
0.4076843262
0.1019134521
0.0000000000
-0.3057556152
0.1019134521
0.0000000000
0.9207611084
-0.0767364502
0.0383605957
-0.0383605957
-0.1918334961
-0.0767364502
0.2301940918
0.2494506836
0.0000000000
0.0000000000
-0.1247253418
-0.1247253418
-0.2494506836
0.0000000000
-0.2494506836
0.0000000000
-0.0726165771
0.0000000000
0.4356994629
-0.2178497314
-0.2178497314
0.7261657715
-0.0726165771
-0.0580291748
0.3481750488
0.7543792725
0.1160583496
0.1160583496
0.2901458740
-0.2321166992
-0.1740875244
-0.1534118652
-0.1227264404
0.3681793213
-0.3068237305
0.0306854248
-0.7977447510
-0.2454528809
-0.0613708496
-0.1150360107
0.0000000000
0.2300720215
0.1150360107
0.0000000000
0.0000000000
0.0000000000
0.1150360107
0.7692108154
-0.0699310303
0.0699310303
0.1398620605
-0.1398620605
0.0000000000
-0.4195709229
0.1398620605
-0.1049346924
0.0787048340
0.9443664551
-0.0262298584
-0.0787048340
0.0000000000
0.2360992432
0.0787048340
-0.1199951172
-0.2400054932
-0.1199951172
0.1199951172
-0.1199951172
0.0000000000
0.0000000000
-0.1199951172
0.1033172607
-0.0516510010
-0.1033172607
-0.9298248291
0.1033172607
0.0516510010
-0.1033172607
0.0000000000
-0.2529449463
0.1580963135
0.6007537842
-0.5691375732
0.0000000000
0.1580963135
-0.1580963135
0.3794250488
-0.3323516846
0.2848663330
-0.2373962402
0.3323516846
0.1424407959
-0.4273071289
0.4273071289
0.4273071289
-0.0544891357
-0.5448608398
-0.2179412842
-0.2724304199
-0.3269195557
0.5448608398
-0.2724304199
0.0544891357
-0.2701568604
-0.4631195068
0.2701568604
0.0385894775
0.6560821533
0.2701568604
0.1157836914
-0.2701568604
0.0478820801
-0.0159606934
-0.0638427734
0.9894866943
0.0000000000
-0.0319213867
-0.0319213867
0.0638427734
-0.2309875488
0.4157714844
-0.0923919678
0.2309875488
-0.1847839355
-0.7391357422
-0.2309875488
-0.0923919678
0.0473175049
-0.4258728027
0.2365875244
-0.0473175049
-0.3785552979
0.5678253174
0.3312225342
0.3312225342
0.1847991943
-0.4620056152
-0.1847991943
-0.5544128418
0.0000000000
0.0000000000
0.2772064209
-0.1847991943
0.8202667236
0.0000000000
0.2523956299
-0.1261901855
0.0000000000
0.0000000000
-0.3154907227
-0.1261901855
0.0000000000
0.0000000000
-0.1247253418
0.0000000000
0.0000000000
0.2494506836
0.3741607666
0.0000000000
0.2607879639
-0.7171478271
0.0000000000
-0.1303863525
-0.2607879639
0.2607879639
0.1303863525
-0.3259735107
0.0996704102
0.9634552002
-0.1495056152
0.0000000000
-0.0498352051
0.1162719727
-0.1162719727
0.0332183838
-0.0289764404
0.2317962646
-0.4635772705
0.6374206543
0.2317962646
0.4635772705
-0.1448669434
0.0869140625
0.2035064697
-0.1162872314
-0.1162872314
-0.1453552246
-0.7267913818
-0.0581359863
-0.5814361572
-0.1162872314
0.1078186035
-0.0539093018
-0.0269622803
0.0000000000
-0.5391235352
-0.7817382812
-0.2425994873
-0.0269622803
-0.0487518311
0.3412933350
0.5850830078
-0.1950225830
-0.6338348389
0.0975189209
-0.0487518311
-0.0975189209
0.0000000000
0.0000000000
-0.2332305908
0.4664764404
0.0000000000
0.1166229248
0.2332305908
-0.3498535156
0.9216613770
0.1047363281
0.0000000000
-0.1675720215
0.1256866455
-0.0837860107
0.2304077148
0.1466217041
-0.3926086426
0.1121673584
0.5047760010
0.3365173340
-0.2804260254
0.2243499756
0.3926086426
0.2804260254
-0.0724334717
-0.4345703125
0.4345703125
0.2172851562
0.2172851562
0.5069885254
-0.2897033691
0.0724334717
0.1011810303
0.2023620605
0.2529602051
0.2023620605
0.2023620605
0.2023620605
-0.8094482422
0.1517791748
0.5294342041
0.0756378174
0.5294342041
0.3025360107
0.3025360107
0.0000000000
-0.2268981934
-0.0756378174
-0.0513305664
0.9496002197
-0.0513305664
0.0769958496
-0.0256652832
-0.0769958496
-0.0769958496
0.2309875488
0.2498626709
0.0000000000
-0.1249389648
-0.1249389648
0.0000000000
0.0000000000
0.0000000000
-0.3748016357
-0.0513153076
0.0000000000
0.0000000000
0.4618530273
-0.3592224121
0.1026306152
0.7184295654
-0.2052612305
-0.0440368652
0.2202148438
0.7487182617
0.0000000000
0.0880889893
0.3523406982
-0.3523406982
-0.2642517090
-0.1054382324
-0.1054382324
0.3954010010
-0.3954010010
-0.0527191162
-0.7644348145
-0.2108764648
-0.1054382324
-0.1249389648
0.1249389648
0.3748321533
0.2498779297
0.0000000000
0.1249389648
0.0000000000
0.1249389648
0.8003082275
-0.0500183105
0.1000366211
-0.0500183105
-0.3001098633
-0.1000366211
-0.4001464844
0.0500183105
-0.0451812744
0.0677642822
0.9486541748
0.0000000000
-0.1129302979
0.0225830078
0.2258758545
0.1129302979
0.0000000000
0.0000000000
-0.1243286133
0.1243286133
-0.3729858398
0.1243286133
0.0000000000
-0.1243286133
0.0406036377
0.0406036377
-0.1218261719
-0.9339599609
0.0000000000
0.0000000000
-0.2030334473
0.1218261719
-0.1630554199
0.5217895508
0.5543975830
-0.4565582275
-0.0978393555
0.1956634521
-0.1304473877
0.2935028076
-0.3088989258
0.3530273438
-0.2206420898
0.4412841797
0.1323852539
-0.3530273438
0.4854125977
0.3088989258
-0.0890350342
-0.6232757568
-0.4006805420
-0.1335601807
-0.1780853271
0.4897155762
-0.2671203613
0.1335601807
-0.1087951660
-0.5077209473
0.2538604736
-0.1450653076
0.6527709961
0.3263854980
-0.0725250244
-0.2538604736
-0.0124359131
0.0248718262
-0.0124359131
0.9949493408
0.0124359131
-0.0124359131
-0.0621795654
0.0000000000
-0.1925354004
0.6546173096
-0.1155242920
0.3465576172
-0.1155242920
-0.4620819092
-0.3465576172
-0.0770111084
-0.0412902832
-0.4955139160
0.3303527832
-0.0412902832
-0.4129333496
0.4955139160
0.2477569580
0.3303527832
0.1693725586
-0.5928039551
0.0846862793
-0.4234313965
-0.1693725586
-0.1693725586
0.2540588379
-0.2540588379
0.9100036621
-0.1049957275
0.2100067139
0.0000000000
-0.0350036621
0.0350036621
-0.2100067139
-0.1750030518
0.0000000000
-0.1196746826
-0.1196746826
0.0000000000
-0.1196746826
0.0000000000
0.5983581543
0.1196746826
0.4267272949
-0.5486602783
0.0000000000
-0.3048095703
-0.2438507080
0.3048095703
0.1219177246
-0.3657684326
0.1255950928
0.9704895020
-0.1027526855
-0.0114135742
-0.0570831299
0.1484222412
-0.0456695557
0.0114135742
-0.0527801514
0.1583251953
-0.4485778809
0.6596832275
0.1583251953
0.4485778809
-0.0527801514
0.2902679443
0.1890563965
-0.0630187988
-0.0630187988
-0.2520751953
-0.6616821289
-0.0315093994
-0.6301727295
-0.1575469971
0.0000000000
0.0489807129
0.0000000000
-0.0244903564
-0.4408416748
-0.8816833496
-0.0734710693
0.0244903564
0.0989990234
0.4949951172
0.5609893799
-0.1649932861
-0.5279998779
0.2969970703
-0.0330047607
0.0000000000
-0.1863403320
0.1863403320
-0.5590209961
0.2795104980
0.0000000000
-0.0931701660
0.4658508301
-0.0931701660
0.8385772705
0.0729217529
0.0729217529
-0.2187652588
0.2552185059
-0.1822967529
0.3099060059
0.1822967529
-0.3769989014
0.0000000000
0.7540130615
0.3769989014
0.0000000000
0.1713714600
0.2741851807
0.0685424805
-0.2377624512
-0.4160919189
0.4160919189
0.2377624512
0.3566436768
0.4755249023
-0.2377624512
0.1188812256
-0.0830078125
0.1383514404
0.2213592529
0.0830078125
-0.0276641846
0.0830078125
-0.9407501221
0.0276641846
0.3900604248
0.0000000000
0.7313537598
0.1462707520
0.3900604248
-0.0487518311
-0.1462707520
-0.1950225830
-0.0709381104
0.9459228516
-0.0473022461
0.0709381104
0.0000000000
-0.1182403564
-0.0709381104
0.2364807129
0.0000000000
-0.1196746826
-0.1196746826
0.1196746826
0.0000000000
0.0000000000
-0.1196746826
-0.5983581543
0.0000000000
0.0000000000
0.0000000000
0.4165039062
-0.3748474121
0.2082519531
0.7080383301
-0.2915496826
0.0401763916
0.2410736084
0.8035888672
-0.1205444336
0.1607208252
0.2410736084
-0.3214263916
-0.2008972168
-0.0449829102
-0.0449829102
0.4273071289
-0.5172576904
-0.1349334717
-0.6971740723
-0.1124420166
-0.1124420166
0.1213989258
0.0000000000
0.4856262207
0.2428131104
0.1213989258
0.2428131104
0.0000000000
0.0000000000
0.7229003906
-0.0628662109
0.1885833740
0.0000000000
-0.3457336426
-0.1571502686
-0.5028839111
-0.0942993164
-0.0865936279
-0.0649414062
0.9524536133
-0.0216522217
-0.1082305908
0.1082305908
0.1948242188
0.0649414062
0.0000000000
0.1247253418
-0.1247253418
0.0000000000
-0.3741607666
0.1247253418
-0.1247253418
-0.1247253418
0.0550994873
0.0275573730
-0.0826568604
-0.9643707275
-0.0275573730
-0.0550994873
-0.1102142334
0.1377716064
-0.0357055664
0.7141265869
0.3927764893
-0.2499389648
-0.3213653564
0.2856597900
0.0000000000
0.2142333984
-0.2458801270
0.4098052979
-0.1639251709
0.4917602539
0.1229400635
-0.3278350830
0.5327453613
0.2048950195
-0.2430725098
-0.6250457764
-0.4514160156
-0.0694427490
-0.1041717529
0.4167022705
-0.2430725098
0.2430725098
0.0000000000
-0.4771270752
0.2202148438
-0.2936248779
0.5872344971
0.3670196533
-0.2569122314
-0.2202148438
-0.0591125488
0.0295562744
0.0098571777
0.9949951172
-0.0196990967
-0.0098571777
-0.0196990967
-0.0393981934
-0.1261444092
0.8577575684
-0.0756835938
0.2522888184
-0.0504608154
-0.2522888184
-0.3027343750
-0.0252227783
-0.0766754150
-0.6133880615
0.4217071533
0.0383300781
-0.3067016602
0.4600524902
0.2683563232
0.1150054932
0.0638580322
-0.6386108398
0.1915893555
-0.1277160645
-0.1277160645
-0.1915893555
0.3831634521
-0.4470214844
0.9336547852
-0.1954193115
0.1302795410
0.0651397705
-0.1085662842
0.0868530273
-0.0651397705
-0.1737060547
0.2165069580
-0.1082458496
-0.1082458496
0.1082458496
-0.1082458496
0.2165069580
0.6495208740
0.0000000000
0.5294494629
-0.3970947266
0.1323699951
-0.3970947266
-0.1985473633
0.1985473633
0.0661773682
-0.3970947266
0.1081237793
0.9821777344
-0.0720825195
-0.0270385742
-0.0360412598
0.1171417236
-0.0090179443
0.0000000000
-0.1140441895
0.1368560791
-0.4333801270
0.5474243164
-0.0228118896
0.4789886475
0.0684204102
0.4789886475
0.1735229492
0.0346984863
0.0346984863
-0.3123321533
-0.5899658203
0.0694122314
-0.6593780518
-0.2082214355
-0.0700531006
0.1167449951
0.0700531006
-0.1167449951
-0.3269042969
-0.9106445312
-0.0233459473
0.0933990479
0.2100067139
0.4725036621
0.5250091553
-0.1837615967
-0.4725036621
0.4200134277
-0.0262451172
0.0262451172
-0.1687774658
0.0843963623
-0.5063476562
0.4219512939
0.0000000000
0.0000000000
0.5063476562
0.1687774658
0.8340454102
0.0654144287
0.0654144287
-0.1635437012
0.3270721436
-0.2126007080
0.2943725586
0.1471862793
-0.2605590820
-0.0651397705
0.8468017578
0.3691253662
0.0434265137
0.1519927979
0.1737060547
0.0651397705
-0.2416229248
-0.5436553955
0.3020324707
0.3020324707
0.3020324707
0.4228363037
-0.2416229248
0.1208038330
-0.0213012695
0.0639038086
0.1278076172
0.0213012695
-0.0426025391
0.0426025391
-0.9798126221
0.0213012695
0.2804870605
-0.0467529297
0.7479553223
0.0467529297
0.4207305908
0.0000000000
-0.0467529297
-0.3272247314
-0.0892181396
0.9367828369
-0.0446014404
0.0446014404
0.0000000000
-0.2230377197
-0.0669097900
0.2007446289
0.0000000000
0.0000000000
-0.1153869629
0.0000000000
0.0000000000
0.1153869629
-0.3461608887
-0.5769195557
-0.0388183594
0.0776519775
0.0776519775
0.4270782471
-0.3882446289
0.3105926514
0.6212005615
-0.3494262695
0.2130279541
0.2485198975
0.7100677490
-0.1065063477
0.2840270996
0.3195343018
-0.3905334473
0.0355072021
-0.0820617676
0.0205078125
0.4102935791
-0.5949249268
-0.2051544189
-0.6359558105
-0.0615386963
-0.0820617676
0.2484588623
0.1242218018
0.1242218018
0.1242218018
0.2484588623
0.3726806641
0.0000000000
0.0000000000
0.6784667969
-0.0484619141
0.2180786133
0.0969238281
-0.3392333984
-0.1211547852
-0.5573120117
-0.1453857422
-0.1254882812
-0.1464080811
0.9411621094
-0.0418243408
-0.1254882812
0.1254882812
0.1673126221
0.0418243408
-0.1250000000
0.0000000000
-0.1250000000
0.0000000000
-0.3750000000
0.2500000000
0.0000000000
-0.1250000000
0.0835113525
0.0835113525
-0.0417633057
-0.9812774658
0.0000000000
-0.0417633057
-0.0417633057
0.0626373291
0.0708770752
0.7796020508
0.2480621338
-0.1417388916
-0.3898010254
0.2480621338
0.1417388916
0.1771850586
-0.3181152344
0.4374084473
-0.0795288086
0.3976440430
0.1192932129
-0.3578796387
0.5567016602
0.1988220215
-0.3738708496
-0.5608062744
-0.4806976318
-0.0534057617
-0.1068267822
0.4005737305
-0.2136383057
0.2670593262
0.1793212891
-0.3586578369
0.1344909668
-0.4483184814
0.4931488037
0.4034881592
-0.3138122559
-0.2241516113
-0.0818634033
0.0363922119
-0.0090942383
0.9914855957
-0.0272827148
0.0090942383
0.0090942383
-0.0727691650
-0.0523986816
0.9432983398
-0.0523986816
0.1921539307
-0.0349426270
-0.1397552490
-0.1921539307
-0.0174713135
-0.1702728271
-0.6810760498
0.3745880127
0.1362152100
-0.1702728271
0.3745880127
0.3745880127
0.0340576172
0.1976928711
-0.3953704834
0.2635803223
0.0659027100
-0.1317901611
-0.0659027100
0.4612731934
-0.5930633545
0.9372406006
-0.1673583984
0.1004180908
0.1506347656
-0.1004180908
0.1338958740
-0.0334777832
-0.1506347656
0.4116668701
-0.1029205322
-0.2058258057
0.1029205322
-0.1029205322
0.3087463379
0.5145721436
-0.1029205322
0.5824584961
-0.2184143066
0.1456146240
-0.5096435547
-0.1456146240
0.0000000000
0.0000000000
-0.3640289307
0.0934143066
0.9886932373
-0.0467071533
-0.0389251709
-0.0155639648
0.0856323242
0.0233612061
0.0000000000
-0.0840301514
0.1680603027
-0.4411468506
0.4831542969
-0.0840301514
0.5041656494
0.0840301514
0.5041656494
0.1507415771
-0.0301513672
0.0000000000
-0.2110290527
-0.6632537842
0.0603027344
-0.6331024170
-0.2411804199
-0.0629577637
0.1888580322
0.1888580322
-0.1049194336
-0.2727813721
-0.9022979736
-0.0629577637
0.0839385986
0.1914978027
0.4548187256
0.5026855469
-0.1914978027
-0.5266265869
0.4069366455
-0.0718078613
0.0239410400
-0.0874786377
0.0000000000
-0.2624511719
0.4374084473
0.0000000000
0.3499298096
0.5248870850
0.2624511719
0.8988952637
0.0457000732
0.0304718018
-0.0761718750
0.2742462158
-0.1828308105
0.2285308838
0.1218872070
-0.1524810791
-0.1109008789
0.8733062744
0.3881378174
0.0415802002
0.1386260986
0.1386260986
0.0693054199
0.0000000000
-0.6323852539
0.1580963135
0.3952484131
0.1580963135
0.2371520996
-0.3161926270
0.1580963135
0.0157318115
0.0471954346
0.0629272461
0.0000000000
-0.0314636230
0.0471954346
-0.9910430908
0.0157318115
0.2168731689
-0.0433807373
0.6940002441
0.0000000000
0.4337463379
0.2602539062
0.0000000000
-0.3903808594
-0.0641479492
0.9622344971
-0.1282958984
0.0160369873
0.0160369873
-0.1603698730
-0.0801849365
0.1122589111
0.0000000000
0.1202545166
0.0000000000
0.0000000000
-0.1202545166
0.1202545166
-0.3607788086
-0.4810485840
-0.0780639648
0.1170959473
0.1170959473
0.4683685303
-0.3903198242
0.3512878418
0.5464324951
-0.3512878418
0.2827301025
0.2199096680
0.5968933105
0.0000000000
0.4084014893
0.3141479492
-0.4398193359
0.1570739746
-0.1830596924
0.0406799316
0.4271392822
-0.6101989746
-0.2847595215
-0.5491790771
-0.1016998291
-0.0610198975
0.0000000000
0.2393341064
-0.4786834717
0.0000000000
0.2393341064
0.2393341064
0.0000000000
0.1196746826
0.6868286133
-0.0221557617
0.1994018555
0.1107788086
-0.3101806641
-0.0886230469
-0.5760498047
-0.1550903320
-0.0935058594
-0.1309204102
0.9537963867
-0.0373992920
-0.1309204102
0.0935058594
0.1309204102
0.0935058594
-0.2468566895
0.0000000000
0.1234283447
0.0000000000
-0.3703002930
0.2468566895
0.0000000000
-0.2468566895
0.0728302002
0.0910491943
-0.0182037354
-0.9832611084
0.0546264648
0.0000000000
-0.0728302002
0.0182037354
0.0821990967
0.8767242432
0.0821990967
-0.1643829346
-0.3013763428
0.1643829346
0.1095886230
0.1917877197
-0.4161376953
0.4577484131
-0.0416107178
0.3329162598
0.1248474121
-0.3745269775
0.4993591309
0.2080688477
-0.3591766357
-0.5028381348
-0.4788970947
-0.0718383789
-0.1436614990
0.4309997559
-0.2154998779
0.3352203369
0.2010803223
-0.2513580322
0.0502777100
-0.6535186768
0.4021606445
0.3016204834
-0.3016204834
-0.2010803223
-0.1102600098
0.0459442139
-0.0459442139
0.9831390381
-0.0551300049
0.0183715820
0.0275573730
-0.1010742188
-0.0127716064
0.9705352783
-0.0383148193
0.1404724121
-0.0255432129
-0.1021575928
-0.1404724121
-0.0255432129
-0.2331695557
-0.6703491211
0.4080352783
0.1165771484
-0.1748657227
0.3497467041
0.3497467041
0.1165771484
0.2456665039
0.1842498779
0.2456665039
0.1228332520
-0.0614166260
0.0614166260
0.4913330078
-0.6755981445
0.9422149658
-0.0785217285
0.1256256104
0.1884460449
-0.0628204346
0.1570434570
-0.0785217285
-0.1099243164
0.3790283203
-0.1895141602
-0.2842712402
0.0947570801
-0.0947570801
0.3790283203
0.4738006592
-0.1895141602
0.4802398682
-0.2401123047
0.1600799561
-0.5602722168
-0.1600799561
-0.1600799561
0.0000000000
-0.3201599121
0.0778961182
0.9892578125
-0.0155792236
-0.0700988770
0.0077819824
0.0700988770
0.0545196533
-0.0155792236
0.0000000000
0.1970062256
-0.5253295898
0.6347808838
-0.0656738281
0.3502197266
0.1313323975
0.3502197266
0.1674957275
-0.1116638184
-0.0837402344
-0.1954040527
-0.7258148193
0.0558319092
-0.5303955078
-0.2791595459
-0.0410308838
0.2461700439
0.2256622314
-0.0205078125
-0.2256622314
-0.9026489258
-0.0205078125
0.0820617676
0.2082214355
0.4461822510
0.4759216309
-0.1784667969
-0.5651550293
0.3866882324
-0.0297393799
-0.0297393799
0.0000000000
-0.1306610107
-0.3919982910
0.2613372803
0.1959991455
0.3919982910
0.5226745605
0.3919982910
0.9439849854
0.0000000000
0.0138854980
-0.0138854980
0.2082366943
-0.1249389648
0.1665802002
0.1249389648
-0.1234741211
-0.1234741211
0.8849029541
0.3910064697
0.0205841064
0.1131896973
0.1234741211
0.0411529541
0.1626586914
-0.6506195068
0.0813293457
0.2439880371
0.0813293457
0.2439880371
-0.4066467285
0.1626586914
-0.0235290527
0.0588378906
0.0706024170
0.0352935791
-0.0352935791
0.0706024170
-0.9883728027
-0.0470581055
0.2492523193
-0.0415344238
0.6231231689
0.0830841064
0.4154205322
0.3738708496
0.0000000000
-0.4154205322
-0.0380096436
0.9757690430
-0.1520690918
0.0253448486
0.0126800537
-0.0760345459
-0.0760345459
0.0760345459
0.1129455566
0.2258758545
0.1129455566
0.1129455566
-0.2258758545
0.0000000000
-0.2258758545
-0.5646972656
0.0000000000
0.0578308105
0.0000000000
0.4626770020
-0.3470153809
0.2313385010
0.5783538818
-0.4048461914
0.2197875977
0.1758270264
0.5274963379
-0.0439605713
0.5714416504
0.1318664551
-0.4835357666
0.0000000000
-0.2571258545
0.0428466797
0.4928131104
-0.6213836670
-0.2999725342
-0.4285430908
-0.0857086182
-0.0857086182
0.0000000000
0.2176361084
-0.5440979004
0.0000000000
0.3264617920
0.2176361084
0.1088256836
0.2176361084
0.7010955811
-0.0226135254
0.2487792969
0.1130828857
-0.2035369873
-0.0678405762
-0.5880126953
-0.1583099365
-0.0155334473
-0.0621185303
0.9628906250
-0.0310668945
-0.1087188721
0.0931854248
0.1242370605
0.1553039551
-0.1237182617
0.1237182617
0.1237182617
0.0000000000
-0.2474365234
0.1237182617
0.0000000000
-0.2474365234
0.0486297607
0.0324249268
0.0324249268
-0.9888916016
0.0648498535
0.0162048340
-0.0486297607
0.0486297607
0.0486907959
0.9007873535
0.0486907959
-0.2434539795
-0.1947631836
0.1704254150
0.0243530273
0.1947631836
-0.3874816895
0.4735870361
-0.0861053467
0.3013763428
0.2152709961
-0.3874816895
0.4735870361
0.2152709961
-0.3544464111
-0.5316619873
-0.3544464111
-0.1012725830
-0.1772155762
0.4557037354
-0.2278594971
0.3797607422
0.1674652100
-0.1674652100
0.0558166504
-0.7257080078
0.2791137695
0.2791137695
-0.2791137695
-0.2791137695
-0.1332244873
0.0380706787
-0.0285491943
0.9801940918
-0.0856475830
-0.0095214844
0.0666198730
-0.0666198730
-0.0192108154
0.9798583984
-0.0288238525
0.1248779297
-0.0096130371
-0.0768585205
-0.1152801514
-0.0288238525
-0.2140197754
-0.5618133545
0.6153259277
0.0267486572
-0.1872711182
0.3745422363
0.1872711182
0.1605224609
0.1972656250
0.3287658691
0.1972656250
0.1315002441
-0.0657501221
0.0657501221
0.4602813721
-0.6575317383
0.9329376221
-0.0160827637
0.1286773682
0.2091064453
-0.0643463135
0.1769409180
-0.1125946045
-0.1125946045
0.0000000000
0.2400054932
-0.1199951172
-0.1199951172
0.1199951172
0.0000000000
0.1199951172
0.1199951172
0.1245422363
-0.4981536865
0.0000000000
0.0000000000
0.0000000000
-0.1245422363
0.0000000000
-0.1245422363
-0.0221252441
0.9957580566
-0.0221252441
-0.0110626221
0.0221252441
-0.0221252441
-0.0221252441
-0.0442504883
-0.1019897461
0.2294769287
-0.4844512939
0.6374359131
0.2804718018
0.2294769287
-0.2804718018
-0.2549743652
0.3260498047
-0.1482086182
-0.2667694092
0.0000000000
-0.8002929688
-0.1482086182
-0.3260498047
-0.0592803955
0.0664672852
0.0000000000
0.0664672852
0.0221557617
-0.4652709961
-0.8419342041
-0.2215576172
-0.0221557617
0.2189178467
0.2736511230
0.2189178467
-0.1641845703
-0.8209533691
0.0547332764
-0.1641845703
0.0000000000
0.1681976318
-0.1681976318
-0.5886840820
0.3363952637
0.3363952637
-0.0840911865
0.0840911865
-0.3363952637
0.9799499512
0.0844726562
0.0000000000
0.0168914795
-0.0337982178
0.1013793945
-0.0675811768
0.0844726562
-0.1830596924
-0.1220397949
0.7627563477
0.4576568604
-0.0915374756
-0.0305175781
0.2135772705
0.2745971680
-0.1653594971
-0.4133911133
0.1653594971
0.2480316162
0.0826873779
0.5787506104
-0.3307189941
0.1653594971
0.2801666260
0.0350189209
-0.1400909424
0.1050567627
0.1400909424
0.0000000000
-0.9105529785
0.0350189209
0.3792419434
-0.1516876221
0.6826171875
0.1516876221
0.2275390625
-0.3033905029
-0.0758514404
0.0000000000
0.0000000000
0.9875488281
-0.0224456787
0.0224456787
-0.0224456787
0.0224456787
-0.0673370361
0.0448913574
0.1243286133
0.0000000000
-0.1243286133
-0.2486572266
0.1243286133
-0.1243286133
0.1243286133
-0.2486572266
-0.0664672852
-0.3323516846
0.0000000000
0.1994171143
-0.1994171143
-0.0664672852
0.7976531982
0.1329345703
0.2590179443
0.2960205078
0.7770538330
0.1110076904
0.1110076904
0.3700256348
-0.1850128174
0.0370025635
-0.4783630371
-0.1275634766
0.2551269531
-0.3507995605
-0.1913452148
-0.4464721680
-0.5421447754
-0.0637817383
0.0000000000
0.0000000000
0.4878082275
0.2438964844
0.0000000000
0.0000000000
-0.1219482422
0.2438964844
0.7830657959
-0.0626525879
-0.3758697510
0.1252899170
0.0626525879
0.4071960449
0.0939636230
0.1252899170
-0.0336914062
0.1010894775
0.8929290771
-0.1516265869
-0.2358703613
0.0336914062
0.3200988770
0.0000000000
0.0000000000
-0.2484588623
0.0000000000
0.3726806641
-0.2484588623
-0.1242218018
0.1242218018
-0.1242218018
-0.0670928955
-0.0447235107
0.0000000000
-0.9840850830
0.0223693848
0.0894622803
0.0000000000
-0.0223693848
-0.0726470947
0.8475952148
0.3390350342
-0.2421722412
0.1695251465
0.0726470947
-0.1695251465
0.1452941895
-0.1843872070
0.3318939209
-0.1475067139
0.2950134277
0.4056396484
-0.3687591553
0.5162658691
0.3687591553
0.1247253418
-0.3117980957
0.4988861084
-0.4365234375
-0.2494506836
0.4988861084
-0.0623626709
0.0623626709
-0.2102661133
-0.5406951904
0.2403106689
0.0000000000
0.3905029297
0.3003845215
0.0901184082
-0.5707397461
0.0590515137
-0.0393676758
-0.0295257568
0.9941253662
0.0393676758
-0.0196838379
-0.0196838379
0.0196838379
-0.2934570312
0.9048156738
0.0000000000
0.1956329346
0.0244598389
-0.1711883545
-0.0733642578
-0.0489044189
0.1141815186
-0.4186401367
0.4186401367
-0.2664031982
-0.1522369385
0.5328216553
0.1902923584
0.4186401367
0.2716674805
-0.5433349609
0.0905609131
-0.3622283936
0.0000000000
0.3622283936
0.0000000000
-0.2716674805
0.8482513428
0.3180847168
0.0530090332
0.0000000000
0.0530090332
0.1060333252
-0.2120666504
-0.1590423584
0.0000000000
0.0000000000
-0.2400054932
0.0000000000
0.0000000000
0.0000000000
0.2400054932
0.1199951172
0.2456817627
-0.2456817627
0.0000000000
-0.1228332520
0.0000000000
0.1228332520
0.1228332520
0.0000000000
0.0377960205
0.9921569824
0.0000000000
-0.0472412109
0.0094451904
0.0567016602
0.0094451904
-0.0755920410
-0.1071624756
0.1714477539
-0.4286346436
0.7501068115
0.1928863525
0.2143249512
-0.1928863525
-0.2786102295
0.2710418701
-0.1355285645
-0.1806945801
-0.0225830078
-0.8357238770
-0.1581115723
-0.3613891602
-0.0677642822
0.0682983398
-0.1138458252
0.0000000000
-0.0455322266
-0.4781188965
-0.8196411133
-0.2504425049
0.0227661133
0.3797607422
0.3417816162
0.3038024902
-0.2278594971
-0.7215423584
0.1139221191
-0.1139221191
0.0379791260
0.1625061035
0.0000000000
-0.8666687012
0.1083374023
0.1625061035
0.0541687012
0.1083374023
-0.2708282471
0.9665374756
0.0950622559
0.1109161377
-0.1267547607
0.0000000000
0.0633850098
0.0158386230
0.1267547607
-0.1104583740
-0.1325531006
0.8394622803
0.4639129639
-0.0220947266
0.0662689209
0.1325531006
0.1104583740
-0.2575378418
-0.2575378418
0.3219299316
0.2575378418
0.3219299316
0.6438446045
-0.1931610107
0.0643920898
0.0629119873
0.0419464111
0.0209655762
0.0629119873
0.0629119873
-0.0209655762
-0.9855804443
0.0000000000
0.4522552490
-0.0565338135
0.6783752441
0.1130676270
0.3957214355
-0.1695861816
0.0000000000
-0.1695861816
0.0324554443
0.9900665283
0.0000000000
0.0486907959
-0.0162353516
0.0324554443
-0.0649261475
0.0486907959
0.1184692383
0.1184692383
-0.3553924561
-0.3553924561
0.3553924561
0.0000000000
0.1184692383
-0.1184692383
-0.0962677002
-0.3369293213
0.0000000000
0.2887878418
-0.2887878418
0.1443939209
0.7701263428
-0.1443939209
0.2737731934
0.2190246582
0.7391815186
0.0547485352
0.1642608643
0.4106597900
-0.3285217285
0.0000000000
-0.5479736328
-0.0865173340
0.3172454834
-0.4326171875
-0.2307281494
-0.2884063721
-0.4902954102
-0.0288391113
-0.1172332764
0.2344665527
0.3517150879
0.3517150879
-0.2344665527
-0.1172332764
-0.1172332764
0.2344665527
0.9012603760
-0.0795288086
-0.2650756836
-0.0265045166
0.0000000000
0.2915802002
0.0000000000
0.0530090332
-0.0278472900
0.0139312744
0.9470062256
-0.0974884033
-0.1671142578
0.0278472900
0.2367553711
-0.0417785645
-0.2498626709
-0.1249389648
0.0000000000
0.2498626709
-0.2498626709
0.1249389648
0.0000000000
-0.1249389648
-0.0788421631
-0.0197143555
0.0394134521
-0.9855041504
-0.0394134521
0.0591278076
-0.0394134521
0.0394134521
-0.0376281738
0.9407043457
0.2257690430
-0.1505126953
0.0752563477
0.0940704346
-0.1128845215
0.0376281738
-0.1640167236
0.3936462402
-0.0656127930
0.3608398438
0.4264526367
-0.2952423096
0.5576629639
0.2624359131
0.1393280029
-0.3251037598
0.7431030273
-0.3715515137
-0.1857757568
0.2786712646
-0.0464477539
0.0000000000
-0.0926666260
-0.5250701904
0.2470855713
-0.1544342041
0.3706359863
0.2779846191
-0.0617675781
-0.6177215576
0.0392456055
-0.0157012939
0.0078430176
0.9969482422
0.0314025879
-0.0157012939
-0.0314025879
-0.0078430176
-0.2823638916
0.8941497803
0.0470581055
0.2588348389
-0.0941162109
-0.0705871582
-0.1411743164
0.0000000000
0.0615386963
-0.3692321777
0.5538482666
-0.2153778076
-0.1846160889
0.5230712891
0.0923004150
0.3999938965
0.2231445312
-0.5950622559
0.1487579346
-0.3719177246
0.0000000000
0.2231445312
0.0000000000
-0.4462890625
0.9449462891
0.0000000000
0.1021575928
0.0766143799
-0.1277008057
0.0766143799
-0.0766143799
-0.2043151855
0.1243286133
-0.1243286133
-0.1243286133
0.2486572266
0.1243286133
0.1243286133
0.2486572266
0.0000000000
0.3461608887
0.0000000000
-0.1153869629
-0.4615325928
-0.2307739258
0.1153869629
0.2307739258
-0.1153869629
0.0705871582
0.9881134033
-0.0078430176
-0.0470581055
0.0156860352
0.0862579346
0.0235290527
-0.0784149170
-0.1506652832
0.1171875000
-0.4017791748
0.8370513916
0.0669708252
0.2008972168
-0.1171875000
-0.1841583252
0.3014526367
-0.1595916748
-0.1063995361
-0.1063995361
-0.8511810303
-0.0709381104
-0.3369293213
-0.0886688232
0.0193176270
-0.0772705078
0.0000000000
-0.1158905029
-0.3283843994
-0.9078674316
-0.1738433838
0.0772705078
0.4226531982
0.3924560547
0.3320770264
-0.2415161133
-0.6339721680
0.2113189697
-0.1207580566
0.0905609131
0.2543487549
0.1271667480
-0.7206420898
0.2119598389
0.0423889160
0.0847778320
0.1695709229
-0.5086822510
0.9577026367
0.0944213867
0.1348876953
-0.1348876953
0.0944213867
-0.0674438477
0.0809326172
0.1079101562
-0.0921325684
-0.1074829102
0.8906097412
0.3992462158
0.0614166260
0.0921325684
0.0614166260
0.0614166260
-0.2105865479
-0.2632446289
0.3158874512
0.3685302734
0.4211730957
0.5791168213
-0.2105865479
0.0526428223
-0.0456085205
0.0456085205
0.1064147949
0.0151977539
0.0000000000
-0.0151977539
-0.9881286621
-0.0151977539
0.3973236084
-0.1192016602
0.6754608154
0.1192016602
0.4370574951
-0.2384033203
-0.0397338867
-0.2384033203
0.0154418945
0.9883575439
-0.0154418945
0.0617675781
-0.0154418945
-0.0154418945
-0.0926513672
0.0463256836
0.1076965332
0.2153778076
-0.3230743408
-0.2153778076
0.1076965332
0.1076965332
0.2153778076
-0.5384674072
-0.0759582520
-0.2658386230
0.0759582520
0.2658386230
-0.3417816162
0.3038024902
0.7215423584
-0.2658386230
0.2704162598
0.2028198242
0.6985931396
0.0450744629
0.2478942871
0.4281768799
-0.3605651855
0.0676116943
-0.5438232422
-0.0776824951
0.3107604980
-0.5956115723
-0.2589569092
-0.1553802490
-0.3625488281
-0.0517883301
-0.1234283447
0.3703002930
0.2468566895
0.2468566895
0.1234283447
0.1234283447
-0.1234283447
-0.1234283447
0.9251861572
-0.0860595703
-0.1506042480
0.0000000000
-0.1075744629
0.1721343994
-0.2366790771
-0.0430297852
-0.0578613281
-0.1041564941
0.9605865479
-0.0578613281
-0.0925903320
0.0578613281
0.1967468262
-0.0694427490
-0.2490844727
0.1245422363
0.0000000000
0.1245422363
-0.2490844727
0.2490844727
0.1245422363
-0.2490844727
-0.0304718018
0.0152282715
0.0152282715
-0.9902038574
-0.0152282715
-0.0304718018
-0.0609283447
0.0761718750
0.0286560059
0.9743041992
0.1289520264
-0.0859680176
-0.0286560059
0.1146240234
-0.0716400146
0.0143280029
-0.0640716553
0.3844451904
0.0640716553
0.3844451904
0.3524169922
-0.3203735352
0.6087188721
0.2563018799
-0.0329284668
-0.2963562012
0.8890533447
-0.1646423340
-0.0329284668
0.1975708008
-0.1317138672
-0.0329284668
0.0710906982
-0.3554840088
0.2843933105
-0.3199310303
0.2488403320
0.2843933105
-0.2132873535
-0.6754150391
0.0078582764
0.0078582764
-0.0078582764
0.9981079102
0.0000000000
-0.0235748291
-0.0078582764
-0.0314331055
-0.1356811523
0.9497528076
0.0000000000
0.1959838867
-0.0904541016
0.0452270508
-0.1507568359
0.0301513672
-0.0233306885
-0.3733978271
0.6767730713
-0.1866912842
-0.0933532715
0.4667358398
0.0233306885
0.3500518799
0.1290283203
-0.6451721191
0.2580718994
-0.1935577393
-0.0645141602
0.1935577393
0.1290283203
-0.5161437988
0.9208526611
-0.1248626709
0.1404724121
0.1404724121
-0.2185058594
0.0780334473
0.0156097412
-0.1872863770
0.1234283447
-0.1234283447
0.0000000000
0.3703002930
-0.1234283447
0.0000000000
0.3703002930
0.1234283447
0.2705993652
0.1804046631
-0.0901947021
-0.6314086914
-0.1804046631
0.1804046631
0.3607940674
-0.0901947021
0.0778350830
0.9885101318
-0.0155639648
-0.0467071533
0.0311279297
0.0856170654
0.0155639648
-0.0622711182
-0.1821289062
0.0910644531
-0.3642425537
0.8715972900
-0.0130157471
0.2341613770
-0.0650482178
-0.0390319824
0.2679290771
-0.1418457031
-0.0630340576
-0.1103210449
-0.8668060303
-0.0157623291
-0.3467254639
-0.1103210449
-0.0184936523
-0.0184936523
0.0924987793
-0.1849975586
-0.1479949951
-0.9434661865
-0.1295013428
0.1295013428
0.3966522217
0.2974853516
0.3966522217
-0.2313690186
-0.5619201660
0.3966522217
-0.1322174072
0.1322174072
0.2098846436
0.0839538574
-0.5876922607
0.3778076172
0.0839538574
0.0839538574
0.2098846436
-0.5876922607
0.9670867920
0.0666961670
0.1000366211
-0.0889282227
0.1445007324
-0.1000366211
0.0666961670
0.0555725098
-0.0724029541
-0.0844726562
0.9171905518
0.3499755859
0.0844726562
0.0844726562
0.0603485107
0.0362091064
-0.1466217041
-0.1954956055
0.2932434082
0.5375976562
0.3909759521
0.4887237549
-0.2932434082
0.0977478027
-0.0714263916
0.0571441650
0.0999908447
0.0428466797
0.0142822266
0.0285644531
-0.9856109619
-0.0285644531
0.3531646729
-0.1569671631
0.5886077881
-0.0392456055
0.5493774414
-0.2746887207
0.0000000000
-0.2746887207
0.0147552490
0.9890441895
0.0000000000
0.0442810059
0.0442810059
-0.0442810059
-0.0885772705
0.0295257568
0.2110137939
0.3165283203
-0.2110137939
-0.3165283203
0.1055145264
0.0000000000
0.1055145264
-0.5275421143
-0.0851593018
-0.1703338623
0.2129058838
0.2980804443
-0.3406524658
0.4258270264
0.6387329102
-0.2554931641
0.3234405518
0.2021484375
0.5862274170
0.0404357910
0.3638763428
0.4245147705
-0.4042968750
0.1415100098
-0.5035552979
0.0239715576
0.2637634277
-0.6714172363
-0.3836669922
-0.0479583740
-0.2397918701
0.0000000000
0.1249389648
0.3748321533
0.0000000000
0.1249389648
0.2498779297
0.1249389648
0.0000000000
-0.1249389648
0.8898620605
-0.0544891357
-0.0908050537
0.1452789307
-0.1452789307
0.1271209717
-0.3268890381
-0.1452789307
-0.0653076172
-0.1306152344
0.9687652588
-0.0326538086
-0.0762023926
0.0762023926
0.1523895264
-0.0217742920
-0.2234802246
0.0000000000
-0.2234802246
0.0000000000
-0.2234802246
0.5586853027
0.2234802246
-0.1117401123
0.0314025879
0.0314025879
-0.0104675293
-0.9942321777
0.0000000000
-0.0523223877
-0.0523223877
0.0209350586
0.0926513672
0.9794616699
0.0794219971
-0.0397033691
-0.0661773682
0.1058807373
-0.0529479980
0.0132293701
-0.0622558594
0.3735046387
0.1244964600
0.3423767090
0.2801208496
-0.3735046387
0.6536254883
0.2178802490
-0.1421508789
-0.3127288818
0.8244781494
-0.1705780029
-0.0284271240
0.2843017578
-0.2558746338
0.0000000000
0.1584320068
-0.2376556396
0.2772521973
-0.4752960205
0.0792236328
0.2376556396
-0.3168640137
-0.6337280273
0.0078430176
0.0157012939
-0.0313873291
0.9967041016
-0.0313873291
-0.0078430176
0.0078430176
-0.0470886230
-0.0515747070
0.9799499512
-0.0309448242
0.1134643555
-0.0412597656
0.0722045898
-0.1134643555
0.0000000000
-0.1103057861
-0.3676605225
0.7720947266
-0.1286773682
-0.0367736816
0.4228057861
-0.0183868408
0.2205963135
0.1287689209
-0.3219299316
0.3863067627
0.0643920898
-0.0643920898
0.3219299316
0.2575378418
-0.6438446045
0.9116058350
-0.1155548096
0.1283874512
0.2182769775
-0.2182769775
0.1155548096
0.0385131836
-0.1540679932
0.1196746826
-0.2393341064
0.0000000000
0.3590087891
-0.2393341064
0.1196746826
0.3590087891
-0.1196746826
0.1730346680
0.2595672607
-0.1730346680
-0.6921691895
-0.1730346680
0.1730346680
0.2595672607
-0.0865173340
0.0852966309
0.9848480225
0.0155029297
-0.0852966309
0.0310211182
0.0697937012
0.0387725830
-0.0775451660
-0.1618652344
0.0647430420
-0.3237457275
0.8956909180
-0.0107879639
0.2374114990
-0.0431671143
-0.0215759277
0.2450103760
-0.1297149658
-0.0720672607
-0.0720672607
-0.8791656494
0.0144195557
-0.3459014893
-0.1152954102
-0.0213470459
0.0426940918
0.1921386719
-0.1921386719
-0.0853881836
-0.9179840088
-0.1921386719
0.1494445801
0.3680419922
0.3011169434
0.4015045166
-0.2342071533
-0.5018768311
0.4684143066
-0.2007446289
0.1003723145
0.1362915039
0.0000000000
-0.5905609131
0.4088592529
0.0908508301
0.1362915039
0.2725677490
-0.5451354980
0.9826202393
0.0648956299
0.0648956299
-0.0463562012
0.1205139160
-0.0741577148
0.0278167725
0.0185394287
-0.0537872314
-0.0986022949
0.9232940674
0.3406372070
0.0806732178
0.0717163086
0.0627441406
0.0268859863
-0.0468444824
-0.1405487061
0.2810974121
0.5621948242
0.4216461182
0.4684906006
-0.2810974121
0.1873931885
-0.0568695068
0.0568695068
0.0454864502
0.0454864502
0.0454864502
0.0454864502
-0.9894561768
-0.0454864502
0.3846435547
-0.0854797363
0.5128479004
-0.0854797363
0.5983276367
-0.0854797363
0.0427398682
-0.3846435547
0.0000000000
0.9925842285
-0.0115356445
0.0230865479
0.0692443848
-0.0346221924
-0.0577087402
0.0230865479
0.2028656006
0.2028656006
-0.2028656006
-0.3042907715
0.0000000000
0.0000000000
0.2028656006
-0.6085968018
-0.1613616943
-0.0806884766
0.2823944092
0.3227386475
-0.3227386475
0.4841003418
0.6051330566
-0.1613616943
0.3470001221
0.2041168213
0.5307159424
0.0612335205
0.4490661621
0.3878326416
-0.4082336426
0.1428833008
-0.4881439209
0.1109466553
0.3106384277
-0.6212768555
-0.4659576416
0.0443725586
-0.1775054932
0.0221862793
0.1082458496
0.4330139160
-0.5412597656
0.0000000000
0.1082458496
0.2165069580
0.1082458496
0.0000000000
0.8792266846
-0.0479583740
-0.0959167480
0.2078247070
-0.1598663330
0.1598663330
-0.3037414551
-0.1438751221
-0.0420684814
-0.0946655273
0.9781799316
-0.0210418701
-0.0631103516
0.0841522217
0.1156921387
0.0631103516
-0.3370056152
-0.1123352051
-0.1123352051
0.0000000000
-0.2246704102
0.5616760254
0.1123352051
0.0000000000
0.0361633301
0.0451965332
0.0000000000
-0.9944305420
0.0271148682
-0.0271148682
-0.0542449951
-0.0271148682
0.1119995117
0.9830474854
0.0000000000
0.0000000000
-0.0746612549
0.0995483398
-0.0248870850
0.0000000000
-0.1651763916
0.4294586182
0.1321411133
0.2973175049
0.2642822266
-0.4294586182
0.5946350098
0.1982116699
-0.2050476074
-0.2563171387
0.7945709229
-0.2050476074
-0.0512695312
0.3075714111
-0.3075714111
0.0768890381
0.2017059326
-0.2017059326
0.2420501709
-0.5647888184
0.0403442383
0.2017059326
-0.2823944092
-0.6051330566
0.0000000000
0.0234680176
-0.0469207764
0.9931640625
-0.0703735352
0.0000000000
0.0078277588
-0.0625610352
-0.0486297607
0.9887695312
-0.0405273438
0.0810394287
-0.0324249268
0.0567321777
-0.0729370117
-0.0081024170
-0.1556549072
-0.3268890381
0.8249969482
-0.1245269775
-0.0311279297
0.3735809326
-0.0155639648
0.1556549072
0.1737976074
0.0579376221
0.4055175781
0.1737976074
-0.0579376221
0.2317199707
0.3475952148
-0.6951751709
0.9201354980
-0.0686645508
0.0823974609
0.2472076416
-0.1922607422
0.1373291016
0.0000000000
-0.1373291016
0.0000000000
-0.3553924561
0.0000000000
0.2369232178
-0.1184692383
0.2369232178
0.3553924561
-0.2369232178
0.1093902588
0.1093902588
-0.2187805176
-0.6563568115
-0.1093902588
0.1093902588
0.1093902588
-0.1093902588
0.0924987793
0.9788970947
0.0385437012
-0.1002044678
0.0385437012
0.0616607666
0.0770721436
-0.0924987793
-0.1244201660
0.0533294678
-0.3288269043
0.9153747559
0.0000000000
0.1510772705
-0.0266571045
-0.0977630615
0.2890777588
-0.1182556152
-0.0919799805
-0.0788421631
-0.8934936523
0.0657043457
-0.2496490479
-0.1313934326
-0.0518798828
0.1037597656
0.2593994141
-0.1037597656
-0.0518798828
-0.9078826904
-0.2075195312
0.1296997070
0.5074005127
0.3122558594
0.3122558594
-0.2732238770
-0.4293365479
0.4683685303
-0.1170959473
0.0780639648
0.1667480469
0.0000000000
-0.6252899170
0.3334808350
0.0833740234
0.1667480469
0.2917938232
-0.5419158936
0.9919738770
0.0468597412
0.0624847412
-0.0156250000
0.0702972412
-0.0468597412
0.0000000000
0.0234375000
-0.0521545410
-0.0745086670
0.9314270020
0.3353118896
0.0596160889
0.0372619629
0.0670623779
0.0223541260
0.0493469238
-0.1480407715
0.1973876953
0.5428009033
0.4441070557
0.4934539795
-0.2467346191
0.2467346191
-0.0591278076
0.0506744385
0.0253448486
0.0591278076
0.0506744385
0.0506744385
-0.9882354736
-0.0760192871
0.3987121582
-0.0442962646
0.3987121582
-0.0442962646
0.5759124756
0.0000000000
0.0000000000
-0.5316162109
-0.0200805664
0.9941253662
0.0401611328
-0.0100402832
0.0502014160
-0.0200805664
-0.0301208496
0.0502014160
0.2842712402
0.1895141602
-0.1895141602
-0.1895141602
-0.0947570801
-0.0947570801
0.1895141602
-0.6633148193
-0.1214752197
-0.1214752197
0.1822052002
0.2429504395
-0.2429504395
0.3644256592
0.7288513184
-0.1822052002
0.3049468994
0.1663360596
0.5544433594
0.0277252197
0.5267181396
0.3049468994
-0.4158325195
0.0554504395
-0.5052642822
0.1318054199
0.3514862061
-0.5491943359
-0.4613342285
0.2636108398
-0.0659027100
0.0000000000
0.0000000000
0.3840026855
-0.6719970703
-0.0959930420
0.0959930420
0.1920013428
0.0959930420
0.0959930420
0.8751068115
-0.0468750000
-0.1093902588
0.2500305176
-0.1250152588
0.1562652588
-0.3125305176
-0.1093902588
-0.0099639893
-0.0697937012
0.9772186279
0.0000000000
-0.0498504639
0.1096801758
0.0897369385
0.1196594238
-0.2357025146
0.0000000000
-0.1178436279
0.0000000000
-0.3535461426
0.4714050293
0.1178436279
0.1178436279
0.0000000000
0.0171813965
0.0257720947
-0.9962310791
0.0343475342
-0.0085906982
-0.0515289307
-0.0171813965
0.1105346680
0.9837951660
-0.0331573486
0.0000000000
-0.0663299561
0.0994873047
-0.0221099854
-0.0110473633
-0.2255401611
0.4188537598
0.1611022949
0.2899780273
0.3222045898
-0.4188537598
0.5477447510
0.2255401611
-0.2188415527
-0.1969604492
0.8315887451
-0.1969604492
-0.0875396729
0.2188415527
-0.3282623291
0.0656585693
0.2178955078
-0.1307373047
0.3050689697
-0.6101226807
0.0435791016
0.1307373047
-0.2614898682
-0.5665435791
-0.0156250000
0.0234375000
-0.0468902588
0.9924621582
-0.0859680176
-0.0156250000
0.0156250000
-0.0468902588
-0.0545196533
0.9892272949
-0.0467376709
0.0856781006
-0.0311584473
0.0545196533
-0.0545196533
-0.0077819824
-0.0637969971
-0.2424163818
0.8675994873
-0.1020660400
-0.0255126953
0.3955230713
-0.0765533447
0.0765533447
0.2534027100
-0.1266937256
0.3800964355
0.1900482178
-0.0633544922
0.0633544922
0.4434356689
-0.6334838867
0.9119567871
-0.0441284180
0.0735473633
0.2353363037
-0.2353363037
0.1470947266
0.0000000000
-0.1470947266
0.0000000000
0.1000061035
-0.1000061035
0.0000000000
0.1000061035
0.0000000000
0.1000061035
0.0000000000
0.1178436279
-0.4714050293
0.1178436279
-0.1178436279
-0.2357025146
-0.2357025146
0.2357025146
-0.1178436279
0.0145721436
0.9906158447
0.0582733154
-0.0437011719
0.0145721436
-0.0291290283
0.0582733154
-0.0437011719
-0.0937500000
0.0750122070
-0.4875335693
0.6937866211
0.1875152588
-0.0187530518
-0.1312561035
-0.4500274658
0.1614990234
-0.0403747559
-0.4844970703
0.0403747559
-0.8074951172
-0.0403747559
0.1211242676
-0.1211242676
0.0824127197
0.0824127197
0.0274658203
0.1098785400
-0.4944610596
-0.8240966797
-0.1373443604
-0.0824127197
0.1241912842
0.3311920166
0.2483978271
-0.2070007324
-0.8279876709
-0.0413970947
-0.1656036377
0.0000000000
0.2480010986
0.0000000000
-0.6820220947
0.1860046387
0.2480010986
0.0619964600
0.0000000000
-0.4960174561
0.7994537354
0.2248535156
0.0000000000
-0.0499725342
-0.3247833252
0.2998046875
-0.2998046875
-0.0499725342
0.0482177734
-0.0160675049
0.9160156250
0.3374786377
-0.1285705566
-0.0964202881
0.0964202881
0.0321350098
-0.5123443604
-0.0731964111
0.2927703857
-0.1463775635
0.3659515381
0.5123443604
-0.2195739746
0.0000000000
0.1055297852
-0.0422058105
-0.1477355957
0.0633087158
0.0000000000
-0.0211029053
-0.9708251953
-0.0633087158
0.5008697510
-0.0556488037
0.6678161621
0.1669616699
0.2782592773
-0.1112976074
-0.2782592773
-0.0556488037
0.0153045654
0.9796295166
0.0765380859
0.0459136963
-0.0306091309
0.0918426514
-0.0612335205
0.1071472168
0.0000000000
-0.1243286133
-0.1243286133
-0.2486572266
0.1243286133
-0.2486572266
0.1243286133
-0.1243286133
-0.1790008545
-0.1790008545
0.0894927979
0.1790008545
-0.2684936523
0.0000000000
0.7159881592
0.1790008545
0.4147491455
0.3369903564
0.6739807129
0.1814575195
0.1555328369
0.3629150391
-0.1814575195
0.1296081543
-0.6226654053
-0.0444793701
0.3113250732
-0.2223815918
-0.1779022217
-0.0444793701
-0.5781860352
0.1779022217
0.0000000000
-0.1190643311
0.5953521729
0.1190643311
-0.1190643311
0.0000000000
-0.1190643311
0.1190643311
0.7405548096
0.0000000000
-0.3332519531
0.0370330811
0.1110839844
0.3332519531
0.3702697754
0.1851348877
-0.0595397949
-0.0396881104
0.8136596680
-0.1587677002
-0.3175201416
0.1190795898
0.4167480469
-0.0793762207
0.0000000000
-0.1237182617
0.0000000000
0.3711547852
-0.1237182617
0.0000000000
0.1237182617
0.0000000000
-0.1642608643
-0.1095123291
0.1095123291
-0.9582061768
-0.0273742676
0.0547485352
-0.0547485352
0.0000000000
-0.0327453613
0.9824066162
0.0491180420
-0.0982360840
0.0491180420
0.0000000000
-0.0982360840
-0.0327453613
-0.1091308594
0.2182617188
0.0545654297
0.2728424072
0.6002349854
-0.3274078369
0.3274078369
0.4365386963
-0.2760772705
-0.1840515137
0.2760772705
-0.5521545410
-0.3681030273
0.1840515137
-0.0920257568
0.1840515137
-0.0923004150
-0.4615325928
0.2153778076
-0.0923004150
0.3384552002
0.2769165039
0.0307617188
-0.7076873779
0.1051025391
-0.1051025391
-0.0467071533
0.9809265137
0.0467071533
-0.0116729736
-0.0583953857
0.0583953857
-0.2598114014
0.9353485107
0.0866088867
0.1212463379
-0.0173187256
-0.1558837891
0.0000000000
0.0346374512
0.3887481689
-0.2691345215
0.3289489746
-0.3289489746
-0.0598144531
0.5681762695
0.0598144531
0.4485626221
0.0000000000
-0.6028289795
0.0000000000
-0.4018859863
0.1004791260
0.0000000000
-0.3014221191
0.1004791260
0.6829223633
0.4780426025
0.0682983398
-0.1365814209
-0.2048797607
0.2048797607
0.0000000000
-0.2048797607
0.1150360107
0.0000000000
-0.2300720215
0.0000000000
0.0000000000
0.0000000000
0.1150360107
0.1150360107
0.0000000000
-0.3689117432
0.1229705811
-0.2459411621
-0.2459411621
-0.2459411621
0.1229705811
0.0000000000
0.0714111328
0.9711303711
0.0714111328
-0.0999755859
0.0428466797
0.0428466797
0.0999755859
-0.1285247803
-0.0818634033
0.0982360840
-0.4748382568
0.7204284668
0.1146087646
0.0163726807
-0.1473541260
-0.4420776367
0.1112365723
0.0000000000
-0.3707885742
0.0370788574
-0.8898925781
-0.0741577148
0.0370788574
-0.0741577148
0.1227264404
-0.0306854248
0.0000000000
0.0920410156
-0.4602355957
-0.8284149170
-0.2147827148
-0.0306854248
0.3173370361
0.2720031738
0.3626708984
-0.2720031738
-0.7253570557
-0.0906677246
-0.1360015869
0.0000000000
0.3913726807
0.1118164062
-0.5591125488
0.2236480713
0.1677398682
0.1677398682
0.0000000000
-0.5591125488
0.7665863037
0.2787628174
-0.0232238770
-0.1626129150
-0.3252105713
0.2555236816
-0.3252105713
-0.1161499023
0.0296630859
-0.0296630859
0.9342803955
0.3114318848
-0.0889739990
-0.0444946289
0.0889739990
0.0593261719
-0.3871765137
0.0000000000
0.3871765137
-0.0553131104
0.4424896240
0.6084289551
-0.1659393311
-0.0553131104
0.0357818604
-0.0536804199
-0.0536804199
0.0536804199
-0.0894775391
-0.0178985596
-0.9841766357
-0.0536804199
0.5699157715
-0.0814208984
0.6106262207
0.1628265381
0.3256683350
-0.0407104492
-0.2849578857
-0.1628265381
0.0389404297
0.9865112305
0.0259552002
0.0259552002
0.0129852295
0.0778808594
-0.0389404297
0.1038360596
0.1242218018
0.0000000000
-0.3726806641
0.0000000000
0.2484588623
-0.1242218018
0.1242218018
-0.2484588623
-0.2831726074
-0.3539581299
0.0000000000
0.1415863037
-0.2831726074
0.1415863037
0.7079162598
-0.0707855225
0.3823242188
0.3148498535
0.6971740723
0.1124420166
0.1799163818
0.3373413086
-0.2923583984
0.0899658203
-0.7360076904
-0.0774688721
0.2711639404
-0.2711639404
-0.1549530029
0.1936798096
-0.4261169434
0.1162109375
-0.1219482422
0.1219482422
0.4878082275
0.2438964844
-0.1219482422
0.0000000000
0.1219482422
0.1219482422
0.8579406738
-0.1072387695
-0.2413024902
-0.0536193848
0.0536193848
0.2949218750
0.2681121826
0.0804290771
-0.0780792236
-0.1171264648
0.8589324951
-0.1561737061
-0.2342529297
0.1171264648
0.3513793945
-0.1171264648
-0.1199951172
-0.1199951172
0.0000000000
0.2400054932
0.0000000000
0.1199951172
0.1199951172
-0.1199951172
-0.1318664551
-0.0879211426
0.1318664551
-0.9670562744
-0.0659332275
0.0219726562
0.0000000000
0.0439605713
0.0000000000
0.9856414795
0.0463867188
-0.1043548584
0.0347900391
0.0000000000
-0.0811767578
-0.0579833984
0.0000000000
0.3240509033
0.2160339355
0.3240509033
0.5400848389
-0.2700500488
0.4860839844
0.2160339355
-0.1499938965
-0.3000030518
0.7500000000
-0.2250061035
-0.2250061035
-0.1499938965
0.0749969482
-0.0749969482
0.0330963135
-0.4301757812
0.1323547363
-0.2316284180
0.2316284180
0.2647247314
-0.0661773682
-0.7610626221
0.0761108398
-0.0761108398
-0.0190277100
0.9894409180
-0.0095062256
-0.0285491943
-0.0285491943
0.0666046143
-0.2230377197
0.9479217529
0.0975799561
0.1394042969
-0.0836334229
-0.0278778076
-0.0418243408
0.0836334229
0.3603820801
-0.2217712402
0.4158325195
-0.2217712402
-0.1108856201
0.5267181396
-0.0831604004
0.5267181396
0.1557159424
-0.7007446289
0.0000000000
-0.4671630859
0.1557159424
-0.0778656006
-0.0778656006
-0.1557159424
0.9464111328
0.1245269775
0.1494293213
0.0498046875
-0.1245269775
0.0747222900
0.0249023438
-0.1494293213
0.0000000000
-0.3736267090
-0.1245422363
0.2490844727
0.0000000000
0.2490844727
0.1245422363
0.0000000000
-0.2490844727
-0.1245422363
-0.1245422363
-0.3736267090
-0.1245422363
-0.1245422363
0.1245422363
0.1245422363
0.0708007812
0.9675140381
0.0354003906
-0.0708007812
0.0825958252
0.0943908691
0.0943908691
-0.1533813477
-0.1208953857
0.0362701416
-0.4352264404
0.8099975586
0.0120849609
0.0604400635
-0.0846252441
-0.3506011963
0.1432495117
-0.0859527588
-0.3151550293
-0.0286560059
-0.9168243408
0.0286560059
-0.0286560059
-0.0572967529
0.0929260254
-0.0929260254
-0.0309753418
0.0619506836
-0.2478027344
-0.8982849121
-0.2787780762
0.0309753418
0.4419097900
0.2946166992
0.3682708740
-0.3314361572
-0.6260528564
-0.0368194580
-0.1841278076
0.0368194580
0.3720703125
0.0744171143
-0.4092712402
0.2232360840
0.0744171143
0.2976531982
0.0000000000
-0.7069244385
0.7651672363
0.3060760498
0.0510101318
-0.2550506592
-0.2295532227
0.2040405273
-0.3570861816
-0.1020202637
0.0453796387
-0.0907745361
0.9304351807
0.3404083252
-0.0113525391
-0.0113525391
0.0226898193
0.0567321777
-0.1779022217
0.0000000000
0.4002838135
0.0889587402
0.4892272949
0.6671295166
-0.2223815918
-0.0444793701
-0.0498352051
-0.0996856689
0.0332336426
0.0664520264
-0.0830688477
-0.0332336426
-0.9801940918
-0.0664520264
0.6311645508
-0.0701293945
0.5610351562
0.2103881836
0.3506469727
-0.1402587891
-0.2103881836
-0.1051940918
0.0306091309
0.9898986816
0.0204162598
0.0204162598
0.0204162598
0.0612335205
-0.0204162598
0.1020507812
0.2283172607
0.2283172607
-0.2283172607
-0.1141510010
0.1141510010
-0.2283172607
0.2283172607
-0.4566192627
-0.1442260742
-0.6250000000
0.0961608887
0.0961608887
-0.1923065186
0.2403869629
0.6250000000
-0.0961608887
0.3569641113
0.2677307129
0.6068420410
0.1427917480
0.1963348389
0.4283599854
-0.3926696777
0.1606292725
-0.7387390137
-0.0590972900
0.2068481445
-0.3250427246
-0.1772918701
0.3841400146
-0.2955017090
0.0886535645
-0.2307739258
0.1153869629
0.3461608887
0.2307739258
0.1153869629
-0.2307739258
0.3461608887
0.2307739258
0.9262390137
-0.1543731689
-0.1764221191
-0.0661621094
0.0220489502
0.2205352783
0.1323242188
0.0220489502
-0.0699462891
-0.1748657227
0.8918457031
-0.1398925781
-0.1923522949
0.1398925781
0.2798004150
-0.0699462891
-0.2494506836
-0.1247253418
-0.1247253418
0.1247253418
-0.1247253418
0.2494506836
0.1247253418
-0.1247253418
-0.0618743896
-0.0154724121
0.0464019775
-0.9898986816
-0.0464019775
-0.0309295654
0.0309295654
0.0464019775
0.0170593262
0.9894256592
0.0255889893
-0.0597076416
0.0597076416
0.0341186523
-0.0767669678
-0.0597076416
0.1304931641
0.2609863281
0.3914794922
0.3479919434
0.3479919434
-0.3479919434
0.5654754639
0.1304931641
-0.1201629639
-0.3003997803
0.8411102295
-0.1802368164
-0.0600738525
-0.1201629639
-0.1201629639
0.0600738525
0.2001953125
-0.2335510254
0.0667266846
-0.4003753662
0.2001953125
0.2335510254
-0.2669219971
-0.7340240479
0.0554504395
-0.0237579346
-0.0237579346
0.9901275635
-0.0712890625
-0.0316772461
-0.0475311279
0.0712890625
-0.1338500977
0.9752349854
0.0669250488
0.0956115723
-0.0573730469
0.0382385254
-0.0478057861
0.0860443115
0.2102966309
-0.2365875244
0.4994506836
-0.2365875244
-0.0525665283
0.4731597900
-0.1051483154
0.5783081055
0.2852935791
-0.6419219971
0.1426544189
-0.4279479980
0.0713195801
-0.2139739990
0.0000000000
-0.2852935791
0.9524841309
0.0000000000
0.1689910889
0.0768127441
-0.1689910889
0.0460815430
0.0307312012
-0.1382598877
0.0000000000
-0.3674163818
0.0000000000
0.3674163818
0.0000000000
0.1224670410
0.2449493408
0.1224670410
-0.4493408203
0.0000000000
-0.3370056152
-0.3370056152
-0.1123352051
-0.1123352051
0.1123352051
0.2246704102
0.0675811768
0.9799346924
0.0000000000
-0.0450592041
0.0901031494
0.0788421631
0.0450592041
-0.1126403809
-0.1319274902
0.0202941895
-0.3957672119
0.8524017334
-0.0304412842
0.0405883789
-0.0202941895
-0.3044281006
0.1170959473
-0.0468444824
-0.1639404297
-0.1405181885
-0.9367980957
0.1405181885
-0.0936737061
-0.1170959473
0.0564270020
0.0000000000
0.0564270020
-0.0282135010
0.0282135010
-0.9592895508
-0.1974945068
0.0846405029
0.5113983154
0.2386627197
0.2727508545
-0.3409423828
-0.5795898438
0.1363677979
-0.2386474609
0.2045593262
0.2722778320
0.1361389160
-0.4764862061
0.2722778320
0.1020965576
0.3063049316
0.0340270996
-0.6806793213
0.8223114014
0.2652587891
0.0530548096
-0.2387390137
-0.1856842041
0.1326293945
-0.3183135986
-0.1326293945
0.0371398926
-0.0835723877
0.9378814697
0.3250122070
0.0000000000
0.0092926025
0.0464324951
0.0371398926
-0.0944213867
0.0472106934
0.3777008057
0.2360687256
0.4721374512
0.6609802246
-0.2360687256
0.0472106934
-0.0588226318
-0.0735321045
0.0294189453
0.0294189453
-0.0147094727
-0.0294189453
-0.9852905273
-0.1029357910
0.6236114502
-0.1312866211
0.5251464844
0.1641082764
0.3938598633
-0.1969299316
-0.2297515869
-0.0984649658
0.0454711914
0.9912414551
0.0272827148
0.0272827148
0.0181884766
0.0363769531
-0.0363769531
0.0909423828
0.2344665527
0.2344665527
0.0000000000
-0.2344665527
0.0000000000
-0.1172332764
0.2344665527
-0.4689483643
-0.1375732422
-0.5044097900
0.2292785645
0.0917053223
-0.2751312256
0.5502624512
0.4585571289
-0.0917053223
0.3880004883
0.2586669922
0.5173339844
0.1455078125
0.2586669922
0.4365081787
-0.4203338623
0.2263336182
-0.6309051514
0.0504760742
0.1766510010
-0.4290161133
-0.2776031494
0.4794921875
-0.2018890381
0.1261749268
0.0000000000
0.0000000000
0.3642120361
0.2428131104
0.2428131104
-0.2428131104
0.2428131104
0.1213989258
0.9530334473
-0.1622161865
-0.1216583252
0.0202789307
-0.1013793945
0.1622161865
0.0000000000
-0.0202789307
-0.0474853516
-0.2216033936
0.9339141846
-0.0633087158
-0.1582946777
0.0949707031
0.1741180420
0.0000000000
-0.3999938965
-0.3999938965
-0.1999969482
0.1999969482
-0.1999969482
0.3999938965
0.1999969482
0.0000000000
-0.0111846924
0.0223541260
-0.0335388184
-0.9949798584
-0.0223541260
-0.0558929443
0.0223541260
0.0111846924
0.0233459473
0.9882965088
0.0077819824
-0.0077819824
0.0778198242
0.0466918945
-0.1011657715
-0.0466918945
0.2015533447
0.1209259033
0.4434051514
0.3224792480
0.2821655273
-0.3627929688
0.6046447754
0.1209259033
-0.1233520508
-0.3289489746
0.8223724365
-0.1644744873
-0.0411224365
0.0822296143
-0.2878265381
0.1644744873
0.2451477051
-0.1400909424
0.0700378418
-0.4902954102
0.1050567627
0.2801666260
-0.3852386475
-0.6303863525
0.0700836182
-0.0155792236
-0.0467224121
0.9890441895
-0.0856628418
0.0000000000
-0.0545196533
0.0467224121
-0.0779113770
0.9895019531
0.0155792236
0.0545349121
-0.0389556885
0.0545349121
-0.0467529297
0.0545349121
0.0251770020
-0.2013854980
0.6041412354
-0.2517242432
-0.0503387451
0.4531097412
-0.1510314941
0.5286254883
0.0826873779
-0.5787506104
0.3307189941
-0.1653594971
0.0826873779
-0.1653594971
0.0826873779
-0.4960784912
0.9370117188
0.0000000000
0.1646118164
0.2152557373
-0.1392822266
0.1266174316
0.0126647949
-0.0886383057
0.0000000000
-0.3517150879
0.0000000000
0.3517150879
-0.1172332764
0.2344665527
0.3517150879
0.1172332764
-0.4330139160
0.0000000000
-0.3247528076
-0.3247528076
-0.3247528076
0.0000000000
0.2165069580
0.1082458496
0.0780944824
0.9818420410
0.0334777832
-0.0669403076
0.0892639160
0.0334777832
0.0334777832
-0.1004180908
-0.1092224121
0.0000000000
-0.3822784424
0.8646697998
-0.0182037354
0.0182037354
0.0272979736
-0.3003540039
0.0861663818
0.0000000000
-0.1077117920
-0.1077117920
-0.9477996826
0.1938629150
-0.0430755615
-0.1292419434
-0.0353240967
0.0353240967
0.1412963867
-0.1412963867
0.2119598389
-0.8831481934
-0.2472839355
0.1766357422
0.4637603760
0.1987609863
0.3312683105
-0.3643951416
-0.4637603760
0.2318878174
-0.3312683105
0.2981414795
0.2056427002
0.1371002197
-0.4798278809
0.3084564209
0.1713714600
0.2741851807
0.0342712402
-0.6854705811
0.8939514160
0.2048645020
0.0000000000
-0.0744934082
-0.1117401123
0.1117401123
-0.3166046143
-0.1303710938
0.0231475830
-0.0771636963
0.9414520264
0.3163909912
0.0077209473
0.0077209473
0.0694580078
0.0154266357
-0.0458526611
0.1834259033
0.3668365479
0.1834259033
0.5044097900
0.6419677734
-0.2292785645
0.0917053223
0.0000000000
-0.0669860840
-0.0223236084
0.0111694336
-0.0223236084
-0.0111694336
-0.9935607910
-0.0558166504
0.6529235840
-0.0652923584
0.4244079590
0.1632385254
0.4897003174
-0.0979461670
-0.2285308838
-0.1632385254
0.0404052734
0.9938812256
0.0161590576
0.0161590576
0.0323181152
0.0242462158
-0.0323181152
0.0727233887
0.1178436279
0.2357025146
0.0000000000
-0.1178436279
0.0000000000
-0.1178436279
0.3535461426
-0.4714050293
-0.1770324707
-0.2655487061
0.3540649414
0.0442504883
-0.2655487061
0.6638641357
0.4425811768
0.0000000000
0.4190216064
0.2578582764
0.4996032715
0.1289367676
0.3223266602
0.4190216064
-0.3706817627
0.2578582764
-0.5800628662
0.2017669678
0.1513214111
-0.4287414551
-0.3530883789
0.4791870117
-0.1008758545
0.1765441895
0.2459411621
0.1229705811
-0.3689117432
0.0000000000
0.2459411621
0.0000000000
0.1229705811
0.2459411621
0.9428100586
-0.1294097900
-0.0924377441
0.0924377441
-0.2033538818
0.1478881836
0.0000000000
-0.0554656982
-0.0162963867
-0.2281951904
0.9453582764
0.0162963867
-0.1140899658
0.0977935791
0.0977935791
0.1140899658
-0.3014221191
-0.4018859863
-0.1004791260
0.2009429932
-0.2009429932
0.5023651123
0.2009429932
0.0000000000
0.0000000000
0.0474090576
0.0000000000
-0.9956665039
-0.0189666748
-0.0474090576
0.0284423828
-0.0094757080
0.0388793945
0.9874725342
-0.0155487061
0.0622100830
0.0777587891
0.0388793945
-0.0699768066
-0.0699768066
0.1622924805
0.2028656006
0.4463195801
0.2840118408
0.3245849609
-0.4057312012
0.5680389404
0.0811462402
-0.0588684082
-0.1766052246
0.9124603271
-0.1177368164
-0.0588684082
0.1177368164
-0.2649078369
0.0588684082
0.2987976074
-0.1991882324
0.0332031250
-0.5311889648
0.0663909912
0.2655944824
-0.3983917236
-0.5643768311
0.0475616455
-0.0079345703
-0.0158538818
0.9909667969
-0.0951385498
0.0079345703
-0.0634155273
0.0158538818
-0.0859527588
0.9923706055
0.0078125000
0.0156250000
-0.0390625000
0.0390625000
-0.0390625000
0.0312500000
0.0213623047
-0.0854797363
0.7265167236
-0.2136840820
-0.0427398682
0.5128326416
-0.1495819092
0.3418884277
0.0741729736
-0.5192565918
0.2967224121
0.0741729736
0.1483612061
-0.1483612061
0.2225341797
-0.5934448242
0.9321899414
0.0000000000
0.1313018799
0.2625885010
-0.1050415039
0.1575469971
-0.0262603760
-0.0525207520
0.1147766113
-0.3443145752
0.0000000000
0.3443145752
0.0000000000
0.3443145752
0.3443145752
0.0000000000
-0.2307739258
0.1153869629
-0.4615325928
-0.3461608887
-0.2307739258
0.0000000000
0.1153869629
0.1153869629
0.0899200439
0.9779510498
0.0449676514
-0.0449676514
0.0899200439
0.0224761963
0.0786895752
-0.1124114990
-0.0913696289
-0.0152282715
-0.3806915283
0.8679809570
-0.0152282715
0.0000000000
0.0532989502
-0.2969360352
0.1397247314
0.0349273682
-0.1047973633
-0.1397247314
-0.8907623291
0.3318481445
0.0698699951
-0.1746520996
-0.2189178467
0.0547332764
0.2189178467
-0.1641845703
0.3831024170
-0.7114868164
-0.2736511230
0.2189178467
0.5308990479
0.1137695312
0.3412933350
-0.3792114258
-0.3033752441
0.3792114258
-0.3033752441
0.2654571533
0.1806335449
0.1204223633
-0.3913879395
0.3010711670
0.0903167725
0.2408599854
-0.0301055908
-0.7827758789
0.9463806152
0.1278839111
0.0255737305
-0.0255737305
-0.0511627197
0.0511627197
-0.2685699463
-0.0639495850
0.0370178223
-0.0740509033
0.9403533936
0.3183898926
0.0148162842
-0.0296173096
0.0666351318
0.0148162842
-0.0928955078
0.2786712646
0.3251037598
0.1393280029
0.5573272705
0.6037750244
-0.1857757568
0.0928955078
0.0089569092
-0.0447998047
-0.0358428955
0.0358428955
-0.0089569092
0.0179290771
-0.9947204590
-0.0537719727
0.6249694824
-0.1171875000
0.1953125000
0.1562500000
0.5468597412
0.0781250000
-0.2343597412
-0.3515472412
0.0156402588
0.9931640625
0.0469207764
-0.0078125000
0.0312805176
0.0156402588
-0.0234527588
0.0860290527
0.1044464111
0.0000000000
0.0000000000
0.1044464111
-0.2089080811
-0.2089080811
0.3133544922
-0.6267242432
-0.2731628418
-0.2731628418
0.4097595215
-0.1365814209
-0.2048797607
0.5463409424
0.4097595215
0.0000000000
0.4356994629
0.2904663086
0.5186920166
0.0829925537
0.3319549561
0.3734588623
-0.3527069092
0.2489624023
-0.4950256348
0.1823730469
0.1042175293
-0.4168548584
-0.3386993408
0.5992431641
0.1302642822
0.1563262939
0.1769409180
0.0884704590
-0.7077941895
-0.1769409180
0.1769409180
0.0000000000
0.0000000000
0.3538970947
0.9385833740
-0.1317291260
-0.0658721924
0.1152648926
-0.2305297852
0.1317291260
-0.0493927002
-0.0493927002
0.0000000000
-0.1943817139
0.9395141602
0.0323944092
-0.1295928955
0.1457824707
0.0162048340
0.1781768799
-0.1208343506
-0.2416839600
0.0000000000
0.1208343506
-0.2416839600
0.4833679199
0.1208343506
0.0000000000
-0.0176544189
0.0176544189
0.0264892578
-0.9975433350
-0.0088348389
-0.0176544189
0.0264892578
0.0000000000
0.0464935303
0.9841156006
-0.0232391357
0.1084899902
0.0697326660
0.0387420654
-0.0387420654
-0.0852355957
-0.1303100586
0.3909301758
0.3583526611
0.3257751465
0.3909301758
-0.3909301758
0.4886474609
0.1303100586
-0.0212402344
-0.0637359619
0.9561309814
-0.0849914551
-0.0637359619
0.0212402344
-0.2337188721
-0.0212402344
0.3427734375
-0.1142578125
0.0000000000
-0.5712890625
0.0000000000
0.1904296875
-0.4189453125
-0.5332031250
0.0389709473
-0.0233917236
-0.0233917236
0.9900054932
-0.0779571533
0.0155944824
-0.0935516357
0.0155944824
-0.0549011230
0.9961395264
-0.0078430176
-0.0078430176
-0.0078430176
0.0313720703
-0.0392150879
0.0000000000
0.1395568848
0.0000000000
0.7908172607
-0.0930328369
-0.0310058594
0.5427093506
-0.1860656738
0.0930328369
0.1380004883
-0.8280029297
0.0460052490
0.0919952393
0.1380004883
-0.0919952393
0.2299957275
-0.3679962158
0.9291381836
0.0000000000
0.0929107666
0.2632598877
-0.1393737793
0.1548614502
-0.0619354248
-0.0619354248
-0.2400054932
0.1199951172
0.0000000000
-0.1199951172
0.0000000000
0.1199951172
0.1199951172
-0.1199951172
0.2039337158
-0.5438232422
0.2719116211
-0.1359558105
-0.2719116211
-0.4758453369
0.2719116211
-0.2039337158
0.0160980225
0.9815673828
0.0804595947
-0.0482788086
0.0482788086
-0.0804595947
0.0965423584
-0.0321807861
-0.0357818604
0.0715789795
-0.4831390381
0.6799774170
0.1431579590
-0.1252593994
-0.0178985596
-0.5010375977
0.0685424805
-0.0685424805
-0.6169128418
-0.0342712402
-0.5483703613
0.0342712402
0.5140991211
-0.0685424805
0.1804962158
0.1082916260
0.0000000000
0.2888031006
-0.1443939209
-0.8663940430
-0.1082916260
-0.2165985107
0.1806335449
0.5419158936
0.0301055908
-0.3010711670
-0.6924591064
0.1204223633
-0.2107543945
0.1204223633
0.2480316162
0.0826873779
-0.6614379883
0.1653594971
0.3307189941
-0.0826721191
-0.0826721191
-0.3307189941
0.6408386230
0.2136077881
-0.0949401855
-0.0474700928
-0.4272308350
0.2848205566
-0.4272308350
-0.2610778809
0.1087799072
-0.1359863281
0.9246673584
0.3127593994
-0.0679931641
0.0000000000
-0.0408020020
-0.0679931641
-0.6967926025
0.0000000000
0.1990814209
0.0000000000
0.4977111816
0.2488555908
-0.2488555908
0.1493072510
0.0000000000
0.0363464355
-0.1272125244
0.0545196533
-0.0181732178
0.0181732178
-0.9813232422
-0.0726928711
0.4075775146
-0.0582275391
0.6404724121
0.2328948975
0.1746673584
0.0582275391
-0.4657897949
-0.0582275391
0.0125122070
0.9888153076
-0.0751037598
0.0250396729
-0.0250396729
0.0625762939
-0.0751037598
0.0250396729
-0.1249389648
0.1249389648
-0.1249389648
0.0000000000
0.0000000000
-0.2498779297
0.1249389648
-0.3748321533
-0.1249389648
0.0000000000
0.2498626709
0.1249389648
-0.2498626709
-0.1249389648
0.0000000000
-0.2498626709
0.4657592773
0.3431854248
0.6128387451
0.2206268311
0.1961059570
0.3186798096
-0.1470794678
0.2451324463
-0.4452209473
0.0635986328
0.0000000000
-0.1908111572
-0.1908111572
-0.0635986328
-0.5088195801
0.5724334717
0.2295379639
-0.2295379639
0.5738525391
0.1147766113
-0.1147766113
0.1147766113
0.0000000000
-0.1147766113
0.7004241943
0.0700378418
-0.3151855469
-0.3151855469
-0.3502197266
0.2451477051
0.2801666260
0.0700378418
-0.0474090576
-0.1422119141
0.8295440674
-0.0711059570
-0.2844085693
0.1659088135
0.3792266846
-0.1184997559
-0.1000061035
-0.1000061035
0.0000000000
0.1000061035
0.0000000000
0.0000000000
0.1000061035
0.0000000000
-0.0598907471
-0.0299377441
0.0898284912
-0.9582214355
-0.1497192383
0.0000000000
-0.1197814941
0.0598907471
-0.0665283203
0.9812774658
-0.0332641602
0.0000000000
0.0997924805
-0.0166320801
-0.0997924805
-0.0498962402
-0.2379302979
0.2379302979
0.1903381348
0.3330993652
0.5710296631
-0.3330993652
0.0475921631
0.4758453369
-0.1521301270
-0.0760650635
0.7606353760
-0.3803100586
-0.1521301270
-0.1521301270
0.0000000000
-0.0760650635
0.0000000000
-0.3757171631
0.1502838135
-0.0751495361
0.3005828857
0.0751495361
0.0751495361
-0.8265838623
0.1555328369
-0.1196441650
-0.0837554932
0.9691009521
0.0358886719
0.0119628906
-0.0478515625
0.0837554932
-0.1922302246
0.9397735596
0.0854339600
0.0213623047
0.0427093506
-0.2349395752
0.0213623047
0.0000000000
0.5301971436
-0.0558166504
0.3906707764
-0.3906707764
-0.0837097168
0.5301971436
-0.0558166504
0.3069610596
0.0697631836
-0.7673645020
0.0000000000
-0.1395263672
0.0697631836
-0.1395263672
-0.3488006592
0.2790374756
0.6159820557
0.5599822998
0.0559997559
-0.3919830322
-0.1679992676
-0.0559997559
-0.0559997559
0.1119995117
-0.2456817627
0.0000000000
0.1228332520
-0.1228332520
-0.2456817627
0.0000000000
0.0000000000
0.1228332520
0.1463775635
-0.4391479492
0.2927703857
-0.1463775635
-0.2195739746
-0.5855255127
0.2927703857
-0.1463775635
0.0502929688
0.9723510742
0.1005859375
-0.0502929688
0.0167694092
-0.0167694092
0.1508789062
-0.0838165283
-0.0356750488
0.1248779297
-0.4638366699
0.6779174805
0.1248779297
-0.1784057617
-0.0356750488
-0.4995117188
0.0000000000
-0.0981445312
-0.5561676025
-0.0654296875
-0.5888824463
0.2617340088
0.4580230713
-0.1308593750
0.2536621094
0.0422821045
-0.0422821045
0.3382110596
0.0422821045
-0.7609863281
-0.3382110596
-0.2536621094
0.3440246582
0.5351562500
0.0764465332
-0.3058013916
-0.6116027832
0.0382232666
-0.2675781250
0.0382232666
0.3391113281
0.0678253174
-0.5425872803
0.0678253174
0.3391113281
0.1356506348
0.0000000000
-0.5425872803
0.5449676514
0.2934417725
-0.1676788330
-0.1047973633
-0.3563232422
0.3144073486
-0.5240173340
-0.2515258789
0.1816558838
-0.1956329346
0.9083099365
0.2934570312
-0.0978240967
0.0000000000
0.0000000000
-0.0419158936
-0.6258392334
0.0569000244
0.3413696289
-0.1706848145
0.4551544189
0.3413696289
-0.1706848145
0.0000000000
-0.0184783936
0.0739135742
-0.0739135742
0.0924072266
-0.0554351807
0.0369567871
-0.9794464111
-0.0739135742
0.4556884766
-0.0911407471
0.6835327148
0.0911407471
0.2278442383
-0.0455627441
-0.4101257324
-0.1367034912
0.0235595703
0.9776916504
-0.1766967773
0.0117797852
0.0000000000
0.0471191406
-0.0706787109
0.0235595703
0.0000000000
0.0000000000
-0.1250000000
-0.1250000000
0.0000000000
-0.3750000000
0.1250000000
-0.2500000000
-0.1060485840
-0.4241790771
0.2120971680
0.2120971680
-0.3181304932
0.1060485840
0.1060485840
-0.4241790771
0.4091796875
0.3876495361
0.6245422363
0.2368927002
0.2584381104
0.2799682617
-0.1722869873
0.2153625488
-0.6561737061
-0.0596466064
-0.0596466064
-0.2386016846
-0.1193084717
0.2386016846
-0.2982635498
0.4772186279
0.1129455566
-0.2258758545
0.5646972656
0.2258758545
0.0000000000
-0.1129455566
0.2258758545
0.1129455566
0.7673339844
0.0494995117
-0.3217773438
-0.2475280762
-0.2970275879
0.2722778320
0.2475280762
0.0247497559
0.0000000000
-0.2251739502
0.8162689209
-0.1125946045
-0.2814788818
0.1970367432
0.3377685547
-0.1125946045
-0.1243286133
0.0000000000
0.0000000000
0.1243286133
0.1243286133
-0.1243286133
0.3729858398
0.0000000000
-0.0767364502
-0.0511627197
0.0767364502
-0.9720764160
-0.1278991699
0.0255737305
0.0000000000
0.0511627197
-0.0140533447
0.9840545654
-0.0281219482
-0.0140533447
0.0984039307
0.0140533447
-0.0843505859
-0.0843505859
0.0000000000
0.3493499756
0.2911224365
0.4075775146
0.5822448730
-0.2328948975
0.0000000000
0.3493499756
-0.2463989258
-0.1642608643
0.7391815186
-0.2463989258
-0.0821380615
-0.0821380615
0.0000000000
-0.2463989258
0.1855163574
-0.2968292236
-0.0371093750
-0.2968292236
0.2226257324
0.0742034912
-0.1484222412
-0.8162841797
0.1041717529
-0.1145782471
-0.0729217529
0.9791717529
-0.0312500000
-0.0208282471
0.0104217529
0.0833282471
-0.1328887939
0.9634552002
0.1162719727
0.0498352051
0.0166168213
-0.1661071777
-0.0166168213
0.0332183838
0.4619750977
0.0256652832
0.4363098145
-0.2823181152
-0.2309875488
0.3849792480
-0.2823181152
0.4619750977
-0.0454254150
-0.8631286621
0.0908508301
-0.2271423340
0.0908508301
-0.2271423340
-0.1817169189
0.1817169189
0.9371337891
0.2116088867
0.1511535645
-0.1209259033
0.0000000000
-0.0302276611
0.0906982422
-0.0302276611
-0.3689117432
-0.3689117432
0.2459411621
0.0000000000
0.0000000000
0.0000000000
-0.1229705811
0.0000000000
0.0000000000
-0.4037933350
0.2019042969
-0.2019042969
-0.3028411865
-0.4037933350
0.3028411865
-0.2019042969
0.0949249268
0.9303283691
0.1518859863
-0.0569610596
0.0759429932
0.0949249268
0.2088470459
-0.1708831787
-0.0330047607
0.0825042725
-0.4125061035
0.7259979248
0.0825042725
-0.1320037842
-0.0164947510
-0.5115051270
-0.0313110352
-0.0313110352
-0.5948333740
-0.0626068115
-0.5635375977
0.3756866455
0.3756866455
-0.0939178467
0.3122558594
-0.0446014404
-0.0892181396
0.3122558594
0.3122558594
-0.5799102783
-0.4460754395
-0.3122558594
0.5070190430
0.3510131836
0.1560058594
-0.4290161133
-0.4290161133
0.0000000000
-0.3510131836
0.2340087891
0.4071807861
0.1357269287
-0.3166961670
0.1357269287
0.2262115479
0.3166961670
-0.1357269287
-0.6786346436
0.6850738525
0.3223876953
-0.1410369873
-0.2014923096
-0.2417907715
0.2216491699
-0.4432830811
-0.2216339111
0.1988677979
-0.2320251465
0.8949279785
0.2983093262
-0.0773468018
0.0662841797
0.0220947266
-0.0441894531
-0.2169799805
0.2169799805
0.3797149658
-0.1627349854
0.5424652100
0.5424652100
-0.2169799805
-0.0542449951
0.0000000000
-0.0412445068
-0.1237487793
0.1443634033
-0.0412445068
0.0206298828
-0.9692993164
-0.0824890137
0.4487609863
-0.1795043945
0.6282653809
0.1346282959
0.3141326904
-0.1346282959
-0.4038848877
-0.0897521973
-0.0204772949
0.9728393555
-0.1945648193
-0.0307159424
-0.0102386475
0.0614471436
-0.0204772949
0.0819244385
0.1234283447
0.0000000000
-0.1234283447
0.0000000000
-0.1234283447
-0.3703002930
0.1234283447
-0.3703002930
-0.0637359619
-0.5735778809
0.0637359619
0.2549285889
-0.3186645508
0.1274566650
0.3823852539
-0.4461212158
0.3201599121
0.4055328369
0.6616516113
0.1920928955
0.2347869873
0.2988128662
-0.2774658203
0.1493988037
-0.7478790283
0.0393676758
-0.1574554443
-0.1180877686
-0.0787200928
0.5117034912
-0.0787200928
0.2755279541
0.0000000000
-0.4678039551
0.5613555908
0.1871185303
0.0000000000
-0.1871185303
0.2806854248
0.0935668945
0.8404388428
-0.0454254150
-0.2725830078
-0.2271423340
-0.2725830078
0.2044372559
0.1817169189
0.0000000000
0.0284271240
-0.2558746338
0.8813323975
-0.0852966309
-0.2274475098
0.1990051270
0.1705780029
-0.0568542480
-0.2495727539
-0.2495727539
-0.1247863770
0.0000000000
0.0000000000
0.0000000000
0.3743438721
0.0000000000
-0.0680236816
-0.0170135498
0.0170135498
-0.9864501953
-0.0680236816
-0.0170135498
0.0850372314
-0.0170135498
0.0459594727
0.9765625000
0.0229797363
0.0114898682
0.1493530273
0.0459594727
-0.0804290771
-0.0919036865
0.0941162109
0.3293914795
0.4705657959
0.3764495850
0.3764495850
-0.3764495850
0.3293914795
0.2352752686
-0.3904724121
-0.3123779297
0.6247558594
-0.3123779297
0.0000000000
0.0780944824
-0.1561889648
0.1561889648
0.2759704590
-0.2414703369
-0.0690002441
-0.4484558105
0.1379852295
0.1379852295
-0.2414703369
-0.7244262695
0.0787048340
-0.0787048340
-0.0699615479
0.9794464111
-0.0961914062
-0.0262298584
0.0000000000
0.1049346924
-0.1062622070
0.9799346924
0.1062622070
0.0000000000
0.0118103027
-0.1062622070
0.0000000000
0.0354156494
0.2777862549
-0.0231475830
0.5324249268
-0.2546386719
-0.2546386719
0.2546386719
-0.2546386719
0.6018676758
0.0000000000
-0.9066314697
0.2901306152
-0.1813201904
0.0362701416
-0.1087951660
-0.0725250244
0.0000000000
0.9672088623
0.0819702148
0.1475372314
-0.0491790771
-0.0327911377
-0.0491790771
0.0655670166
-0.1311492920
-0.3517150879
-0.3517150879
0.3517150879
0.2344665527
-0.1172332764
0.0000000000
0.1172332764
0.0000000000
-0.3689117432
-0.1229705811
0.0000000000
-0.2459411621
-0.2459411621
-0.1229705811
0.2459411621
0.0000000000
0.0899658203
0.9220733643
0.1349334717
-0.0674743652
0.0674743652
0.1574249268
0.2024078369
-0.1799163818
-0.0428924561
0.0000000000
-0.3002166748
0.8148651123
0.0000000000
-0.1143646240
0.0428924561
-0.4717559814
-0.2185974121
0.2185974121
-0.5100708008
-0.1092987061
-0.5465087891
0.4736328125
0.2550354004
-0.0364379883
0.2341918945
-0.0780639648
-0.0780639648
0.1951599121
0.6244964600
-0.5074005127
-0.3512878418
-0.2732238770
0.4788970947
0.2693786621
0.1795806885
-0.4190368652
-0.4489593506
0.1496582031
-0.3591766357
0.3292388916
0.3800354004
0.0760040283
-0.3420257568
0.1900177002
0.2280273438
0.3420257568
-0.1140136719
-0.6840667725
0.7385864258
0.3109893799
-0.1554870605
-0.2915496826
-0.1749267578
0.1943664551
-0.3498535156
-0.2138061523
0.1911926270
-0.2172698975
0.8951416016
0.3215637207
-0.0521392822
0.0782165527
0.0173797607
0.0000000000
-0.0478057861
0.2868041992
0.3824157715
0.0000000000
0.5736236572
0.5736236572
-0.1912078857
0.0000000000
-0.0493927002
-0.0658569336
-0.0493927002
0.1152496338
0.0823211670
-0.0329284668
-0.9713897705
-0.1317138672
0.4774475098
-0.1101837158
0.6610870361
0.1836395264
0.2938232422
-0.1101837158
-0.3672637939
-0.1101837158
-0.0086364746
0.9757995605
-0.1986083984
-0.0086364746
-0.0172729492
0.0345458984
-0.0259094238
0.0604553223
0.2438964844
0.2438964844
0.2438964844
-0.1219482422
-0.3658599854
-0.1219482422
0.1219482422
-0.1219482422
-0.1679992676
-0.5039825439
0.1679992676
0.1679992676
-0.3919830322
0.4479827881
0.2239990234
-0.3919830322
0.3224487305
0.4232177734
0.5239868164
0.2015380859
0.2216796875
0.4030609131
-0.4030609131
0.1209259033
-0.7061920166
0.0672607422
-0.1008911133
-0.2017669678
-0.2017669678
0.5716705322
-0.0336303711
0.2017669678
0.0000000000
-0.3696136475
0.6468200684
0.1847991943
0.1847991943
-0.1847991943
0.1847991943
-0.0924072266
0.8262176514
-0.1376953125
-0.2360687256
-0.1967163086
-0.3737640381
0.1770477295
0.1376953125
0.0393371582
-0.0566711426
-0.3400573730
0.8501586914
0.0000000000
-0.2833862305
0.2267150879
-0.0283355713
0.0000000000
-0.3999938965
-0.3000030518
-0.1999969482
0.1000061035
-0.3000030518
0.3000030518
0.3999938965
0.0000000000
-0.0589447021
-0.0147399902
-0.0442199707
-0.9874267578
-0.0589447021
-0.0442199707
0.0589447021
-0.0589447021
0.0301666260
0.9756317139
0.0402374268
0.0301666260
0.1810455322
0.0502929688
-0.0603485107
-0.0502929688
0.0885162354
0.1770324707
0.5753479004
0.3540649414
0.3540649414
-0.3983154297
0.3540649414
0.1770324707
-0.3132934570
-0.3655090332
0.6265869141
-0.2088623047
0.0000000000
0.2088623047
-0.1566467285
0.4177246094
0.3541412354
-0.0708312988
-0.1062469482
-0.4958038330
0.0708312988
0.2833099365
-0.2833099365
-0.6374664307
0.0776519775
-0.0603942871
-0.0603942871
0.9749755859
-0.1553039551
-0.0172576904
-0.0172576904
0.0949096680
-0.0460510254
0.9945526123
0.0368347168
-0.0092163086
0.0092163086
-0.0368347168
-0.0092163086
0.0552520752
0.1683502197
0.0000000000
0.6313171387
-0.2314758301
-0.2104339600
0.2946166992
-0.2735748291
0.5471496582
0.0000000000
-0.9013061523
0.3418731689
-0.1243133545
0.0000000000
-0.0932464600
-0.1243133545
0.0000000000
0.9739379883
0.0749206543
0.1623229980
0.0624389648
0.0000000000
0.0249786377
0.0000000000
-0.0998840332
-0.3658599854
-0.2438964844
0.3658599854
0.1219482422
-0.1219482422
0.0000000000
0.0000000000
0.1219482422
-0.3625183105
-0.1208343506
-0.1208343506
-0.1208343506
-0.3625183105
0.1208343506
0.2416839600
0.1208343506
0.0640563965
0.9395599365
0.1494750977
-0.0854187012
0.0640563965
0.1067657471
0.1281280518
-0.1921844482
-0.0261840820
-0.0130920410
-0.3011169434
0.7986297607
0.0523681641
-0.1178283691
0.1178283691
-0.4844207764
-0.4051361084
0.3376159668
-0.2363281250
-0.0675201416
-0.5401916504
0.5401916504
0.2025756836
0.0000000000
0.0714111328
-0.0357055664
0.0000000000
0.0357055664
0.8569641113
-0.3213653564
-0.2856445312
-0.1785278320
0.4574737549
0.2287445068
0.1715545654
-0.4002990723
-0.4002990723
0.2001495361
-0.3717041016
0.4288787842
0.3197174072
0.1278839111
-0.3516998291
0.2238006592
0.1598663330
0.2877502441
-0.1598663330
-0.7353515625
0.8454437256
0.2305755615
-0.1537170410
-0.1537170410
-0.1229705811
0.1690826416
-0.3381805420
-0.1383514404
0.1309967041
-0.1772155762
0.9092254639
0.3390350342
-0.0308227539
0.0539398193
0.0616455078
0.0154113770
0.0000000000
0.3772888184
0.3301239014
-0.0943145752
0.5187683105
0.6130828857
-0.1414794922
-0.0471649170
0.0134429932
-0.0806274414
-0.0403137207
0.0940704346
0.0537567139
-0.0537567139
-0.9810333252
-0.0940704346
0.4840545654
-0.0645446777
0.6776733398
0.1290740967
0.2904357910
-0.0645446777
-0.3549652100
-0.1936187744
0.0076446533
0.9700622559
-0.2291412354
0.0076446533
0.0000000000
0.0381927490
-0.0305480957
0.0458221436
0.2468566895
0.2468566895
0.2468566895
-0.1234283447
-0.2468566895
0.0000000000
0.1234283447
-0.2468566895
-0.1608581543
-0.2680969238
0.3217163086
-0.0536193848
-0.2680969238
0.6970672607
0.2680969238
-0.2680969238
0.3672790527
0.3866119385
0.4832763672
0.1353149414
0.2512969971
0.4639434814
-0.3866119385
0.1546478271
-0.5962677002
0.1987609863
-0.1325073242
-0.2318878174
-0.2981414795
0.5962677002
0.0000000000
0.2318878174
0.1249389648
-0.2498626709
0.0000000000
0.0000000000
0.1249389648
-0.1249389648
0.2498626709
0.2498626709
0.8124694824
-0.1133728027
-0.1700439453
-0.1133728027
-0.5101470947
0.0944671631
0.0566864014
0.0377960205
0.0000000000
-0.4035339355
0.7734375000
0.1008911133
-0.3362731934
0.2017669678
-0.1681365967
0.1008911133
-0.4864349365
-0.2918548584
-0.0972900391
0.0972900391
-0.2918548584
0.2918548584
0.3891448975
0.0000000000
-0.0541229248
0.0541229248
-0.0541229248
-0.9876556396
-0.0270538330
-0.0541229248
0.0405883789
-0.0676422119
0.0504150391
0.9579315186
0.0201721191
0.1310882568
0.2218322754
0.0403289795
-0.0403289795
-0.0806732178
0.1286773682
0.1286773682
0.6005249023
0.2573699951
0.4289398193
-0.3860473633
0.3431549072
0.1715698242
-0.0833740234
-0.2084350586
0.8753967285
-0.1667480469
0.0000000000
0.0833740234
-0.0833740234
0.2917938232
0.3732910156
-0.0339355469
-0.2036132812
-0.4411773682
0.0000000000
0.2714843750
-0.3732910156
-0.6108551025
0.0197753906
-0.0098876953
-0.0098876953
0.9788055420
-0.1779632568
-0.0296630859
-0.0296630859
0.0692138672
-0.0284576416
0.9960327148
0.0379486084
-0.0094909668
0.0000000000
-0.0094909668
-0.0189666748
0.0474243164
0.1613006592
0.1433868408
0.6989898682
-0.1075439453
-0.1613006592
0.4301452637
-0.3405303955
0.3405303955
-0.0558471680
-0.9215850830
0.2792663574
-0.0837860107
0.0558471680
-0.0558471680
-0.1675567627
0.0558471680
0.9611816406
0.0658416748
0.1580047607
0.1580047607
-0.0131683350
0.0658416748
-0.0263366699
-0.1053314209
-0.3480072021
-0.2320098877
0.4640045166
0.2320098877
-0.1159973145
0.0000000000
-0.1159973145
0.0000000000
-0.3498535156
0.1166229248
-0.3498535156
0.0000000000
-0.1166229248
0.2332305908
0.1166229248
0.3498535156
-0.0236968994
0.9480590820
0.1422119141
0.0236968994
0.0474090576
0.0948028564
0.0711059570
-0.2133178711
-0.0113983154
-0.0455932617
-0.3761596680
0.7865295410
0.0455932617
-0.0911865234
0.1595916748
-0.4445648193
-0.3666229248
0.3666229248
-0.0785675049
-0.0523681641
-0.4713745117
0.6284942627
0.2880554199
0.0000000000
-0.0357360840
-0.1071929932
0.0000000000
-0.1071929932
0.9289550781
0.0714569092
-0.2143707275
-0.1429138184
0.4668426514
0.1000366211
0.2000732422
-0.4668426514
-0.3001098633
0.2000732422
-0.4001617432
0.4335021973
0.3175354004
0.1587677002
-0.2910766602
0.2381439209
0.0793762207
0.2646179199
-0.2116851807
-0.7673645020
0.9094696045
0.1688995361
-0.1039428711
-0.0909423828
-0.0259857178
0.1169281006
-0.3118133545
-0.0909423828
0.1112060547
-0.1705017090
0.9192504883
0.3261871338
-0.0222473145
0.0222473145
0.0593109131
0.0296478271
0.0000000000
0.5565032959
0.2023620605
-0.2023620605
0.5059051514
0.5059051514
-0.0505981445
-0.1011810303
0.0574798584
-0.0804748535
-0.0344848633
0.0574798584
0.0114898682
-0.0574798584
-0.9886932373
-0.0229949951
0.4610595703
-0.1536865234
0.6147460938
0.1536865234
0.3457946777
-0.0768432617
-0.3073730469
-0.3073730469
-0.0078430176
0.9720458984
-0.2194976807
-0.0078430176
0.0078430176
0.0391998291
-0.0156707764
0.0548706055
0.1184692383
0.2369232178
0.1184692383
0.0000000000
-0.2369232178
-0.1184692383
0.2369232178
-0.4738464355
-0.2618865967
-0.1309509277
0.3928375244
-0.0654754639
-0.1964111328
0.6547241211
0.3273620605
-0.1964111328
0.3491973877
0.3880004883
0.4850006104
0.0776062012
0.1940002441
0.4655914307
-0.4267883301
0.1940002441
-0.4525146484
0.1740417480
-0.2088470459
-0.2784729004
-0.2784729004
0.6613616943
0.1740417480
0.2436676025
0.1055145264
-0.2110137939
-0.4220428467
-0.2110137939
0.1055145264
-0.1055145264
0.1055145264
0.5275421143
0.8193969727
-0.1045989990
-0.1045989990
-0.1045989990
-0.5230255127
0.1045989990
-0.0174407959
0.0348663330
0.0000000000
-0.3435211182
0.6107025146
0.1526794434
-0.4962005615
0.3053588867
-0.3053588867
0.0763397217
-0.3480072021
-0.1159973145
0.0000000000
0.0000000000
-0.2320098877
0.2320098877
0.4640045166
-0.1159973145
0.0000000000
0.0125427246
-0.0376434326
-0.9914550781
-0.0125427246
-0.0251007080
0.0627441406
-0.0753021240
0.0552673340
0.9285278320
0.0442199707
0.2210845947
0.2542419434
-0.0221099854
0.0110473633
-0.1215972900
-0.0984649658
0.2953948975
0.5251464844
0.2625732422
0.4595031738
-0.3610382080
0.3938598633
0.1641082764
0.0324096680
-0.0648040771
0.9721679688
-0.0324096680
0.0324096680
-0.0648040771
0.0000000000
0.0972137451
0.4295806885
0.0000000000
-0.2147827148
-0.4295806885
-0.0715942383
0.2863769531
-0.3579711914
-0.5727691650
-0.0576477051
0.0461120605
0.0230560303
0.9684600830
-0.1959991455
0.0000000000
-0.1152954102
0.0115356445
0.0000000000
0.9959411621
0.0284576416
0.0000000000
0.0569152832
0.0000000000
-0.0284576416
0.0189666748
0.2217407227
0.1921691895
0.7539215088
0.0000000000
-0.1182556152
0.4730529785
-0.2808685303
0.1478271484
-0.0239257812
-0.9569549561
0.1913909912
0.0239257812
0.0478515625
0.0000000000
-0.1435394287
0.0717773438
0.9492492676
0.0459289551
0.1377868652
0.1837310791
-0.0612487793
0.0918579102
-0.0306243896
-0.1531066895
-0.2490844727
0.0000000000
0.0000000000
-0.2490844727
-0.1245422363
0.1245422363
0.0000000000
-0.3736267090
0.2250518799
-0.3938446045
0.3375701904
-0.1125183105
-0.2813110352
-0.6188964844
0.2250518799
-0.2250518799
0.0190734863
0.9728698730
0.0763092041
-0.0190734863
0.0381469727
-0.1526031494
0.0953826904
-0.0381469727
0.1287384033
0.0858306885
-0.4934997559
0.6865997314
0.0214538574
-0.1072845459
0.1072845459
-0.4720458984
0.2859039307
-0.2042236328
-0.6126556396
0.0408477783
-0.1225280762
-0.0408477783
0.6535034180
-0.0408477783
0.2523956299
0.3154907227
-0.1261901855
0.3785858154
0.5047760010
-0.3785858154
-0.3785858154
0.0630950928
0.1542816162
0.4628601074
-0.2468566895
-0.2777099609
-0.6788482666
0.2777099609
-0.0925750732
0.2160034180
0.0000000000
-0.0862121582
-0.6896514893
0.0862121582
0.4310302734
-0.1724090576
0.1724090576
0.0862121582
0.8035888672
0.0000000000
-0.1181793213
0.0945434570
-0.2363433838
0.1418151855
-0.4490661621
-0.1890869141
0.0972290039
-0.2638854980
0.8888854980
0.2361145020
0.0138854980
0.2222137451
-0.0833282471
-0.1111145020
-0.7399291992
-0.0462493896
0.1849822998
0.0000000000
0.5086975098
0.1387329102
-0.1849822998
0.1849822998
-0.1241149902
0.0354614258
-0.0354614258
0.1773071289
-0.0354614258
0.1063842773
-0.9574279785
-0.1063842773
0.2497100830
0.2497100830
0.4994354248
0.0832366943
0.1664733887
-0.0832366943
-0.5826721191
-0.0832366943
0.0744018555
0.9547729492
-0.2479858398
0.0619964600
-0.0124053955
0.0124053955
-0.0991973877
-0.0495910645
-0.2468566895
-0.2468566895
-0.1234283447
0.1234283447
-0.1234283447
-0.1234283447
-0.1234283447
-0.3703002930
-0.0783233643
0.3133239746
0.3916473389
0.3916473389
-0.3133239746
0.4699859619
0.0783233643
-0.2349853516
0.4559936523
0.3419952393
0.5129852295
0.3134918213
0.2279968262
0.3134918213
-0.1425018311
0.3419952393
0.5539550781
0.0000000000
-0.1107940674
-0.0553894043
-0.1661834717
-0.6093444824
-0.1661834717
0.3877716064
0.1243286133
-0.2486572266
0.2486572266
0.1243286133
-0.1243286133
-0.1243286133
0.0000000000
0.1243286133
0.6431121826
0.1286163330
-0.1543426514
-0.4115905762
-0.5916595459
0.0000000000
0.0514526367
-0.0514526367
0.1346282959
-0.0897521973
0.7180175781
0.1346282959
-0.2692565918
0.2243804932
0.4936370850
-0.0897521973
0.0000000000
0.1178436279
0.1178436279
0.0000000000
-0.1178436279
0.0000000000
-0.1178436279
0.2357025146
-0.0326080322
-0.0652160645
0.0000000000
-0.9457397461
-0.1956634521
-0.0978393555
-0.0326080322
0.1304473877
0.0360870361
0.9563751221
-0.1082763672
0.1804504395
0.1263122559
0.0721740723
-0.0902252197
0.0000000000
-0.3361511230
0.3841705322
0.3361511230
0.3361511230
0.2881317139
-0.3841705322
-0.1440582275
0.4321899414
-0.1344299316
-0.0672149658
0.8065490723
-0.0672149658
0.0000000000
-0.3360595703
0.1344299316
-0.2016296387
0.0000000000
-0.1590423584
0.0000000000
-0.0530090332
0.3180847168
-0.3180847168
0.2120666504
-0.7952270508
0.1445465088
-0.1445465088
0.0206451416
0.9705505371
0.0000000000
0.0000000000
-0.0206451416
0.0413055420
-0.3964691162
0.4757537842
0.4757537842
0.2378845215
0.0792999268
-0.3171691895
0.0792999268
0.0792999268
0.4940032959
0.4649505615
0.2905883789
-0.2324676514
-0.3196563721
0.3777618408
-0.3487091064
0.0871734619
0.0512542725
-0.8712310791
0.2050018311
0.1024932861
0.0000000000
-0.2562408447
-0.1537475586
0.1024932861
0.8307037354
0.3045959473
-0.0553741455
-0.1384582520
0.3045959473
-0.0276947021
-0.2215270996
0.1661376953
-0.2381439209
-0.1190643311
0.0000000000
-0.2381439209
-0.1190643311
0.2381439209
0.0000000000
-0.4762878418
0.1947631836
-0.3246154785
0.3246154785
-0.1298370361
-0.2596893311
-0.6492156982
0.1947631836
-0.2596893311
0.1430816650
0.9156951904
0.2003021240
0.0000000000
0.0286102295
-0.1430816650
0.2289276123
-0.0286102295
0.2005615234
0.1203308105
-0.4612884521
0.6618347168
-0.0200500488
-0.2206115723
0.1403961182
-0.4612884521
0.1915435791
-0.2681579590
-0.4214019775
0.0766143799
-0.1532287598
0.4597015381
0.6512451172
-0.0383148193
0.2415008545
0.1448974609
-0.1932067871
0.3381042480
0.7728118896
0.0482940674
-0.2897949219
-0.0966033936
0.2931976318
0.4691314697
-0.2345581055
-0.3225250244
-0.5570831299
0.3518371582
-0.1759185791
0.2052459717
0.1499938965
0.1499938965
-0.5249938965
0.0000000000
0.3750000000
-0.0749969482
0.3750000000
0.4499969482
0.7105560303
0.0444030762
-0.1998443604
0.0888214111
-0.2442626953
0.2442626953
-0.5107116699
-0.2220458984
0.2080078125
-0.2936706543
0.8442840576
0.2324829102
-0.0122375488
0.2814331055
-0.0856475830
-0.1101226807
-0.6258392334
0.0000000000
0.2275848389
-0.1137847900
0.5689392090
0.2844696045
-0.0569000244
0.1706848145
-0.1128234863
0.1128234863
0.0564117432
0.1880340576
-0.0564117432
0.0940246582
-0.9402008057
-0.1692352295
0.2643432617
0.2114715576
0.7401428223
-0.0528717041
0.2643432617
-0.0528717041
-0.3171997070
-0.2643432617
0.0819702148
0.9133605957
-0.3630065918
0.0819702148
0.0117034912
0.0234222412
-0.0819702148
-0.0936737061
0.0000000000
-0.1000061035
-0.1000061035
0.0000000000
-0.1000061035
0.0000000000
-0.1000061035
0.0000000000
0.0000000000
0.1773834229
0.2956542969
0.2956542969
-0.3547821045
0.5912933350
0.1773834229
-0.4139099121
0.3601379395
0.4115905762
0.5402069092
0.3086853027
0.3601379395
0.2829742432
-0.0514526367
0.2829742432
0.4110565186
0.1174468994
-0.1761627197
-0.2348937988
-0.1761627197
-0.5285034180
-0.2936096191
0.4697723389
0.1111450195
-0.4445648193
0.4445648193
0.1111450195
0.2222900391
0.0000000000
0.2222900391
-0.1111450195
0.5928649902
0.1338653564
-0.1912536621
-0.4207458496
-0.6311187744
0.0573730469
0.0191192627
-0.0573730469
0.2823333740
-0.1882324219
0.7058410645
0.0941162109
-0.1411743164
0.2352752686
0.4705657959
-0.0941162109
0.0000000000
0.2357025146
0.1178436279
0.0000000000
0.0000000000
-0.1178436279
0.1178436279
0.1178436279
-0.1063232422
-0.2658233643
0.0531616211
-0.7974700928
-0.2658233643
-0.2658233643
0.0000000000
0.2126617432
0.0187988281
0.9776458740
-0.0563964844
0.0563964844
0.1128082275
0.0563964844
-0.0940093994
-0.0375976562
-0.0633544922
0.2534027100
0.4434356689
0.4434356689
0.3800964355
-0.3800964355
-0.1266937256
0.3167419434
-0.1067810059
0.1601715088
0.8008575439
0.0000000000
0.0000000000
-0.2135620117
0.0000000000
-0.4271240234
0.2736511230
-0.0547332764
-0.2189178467
-0.3283843994
0.2736511230
-0.0547332764
-0.0547332764
-0.7662200928
0.1739959717
-0.1566009521
-0.0348052979
0.9569854736
-0.0695953369
-0.0522003174
0.0000000000
0.1044006348
-0.2641448975
0.5283050537
0.5283050537
0.3301849365
-0.0660400391
-0.2641448975
-0.0660400391
0.1981201172
0.3396301270
0.5337066650
0.2911224365
-0.1212921143
-0.4366760254
0.2668609619
-0.4366760254
0.1698150635
-0.0795898438
-0.9152984619
0.1591796875
0.0000000000
0.0000000000
-0.2785644531
-0.0397949219
0.0000000000
0.9288482666
0.1728057861
0.0216064453
-0.1080017090
0.2376098633
-0.0216064453
-0.1080017090
0.1080017090
-0.3726806641
0.0000000000
0.0000000000
-0.1242218018
-0.1242218018
0.0000000000
0.0000000000
-0.3726806641
0.1855621338
-0.2783508301
0.0927886963
-0.0927886963
-0.1855621338
-0.6494903564
0.2783508301
-0.1855621338
0.2200012207
0.7480010986
0.4400024414
0.0440063477
0.0440063477
-0.0879974365
0.3520050049
0.0000000000
0.2404937744
0.0000000000
-0.3279418945
0.6340179443
-0.0437316895
-0.3060760498
0.2623596191
-0.5028381348
0.0416564941
-0.1249542236
-0.4581451416
0.1665954590
0.0416564941
0.5830993652
0.5830993652
0.0832977295
0.3972930908
0.0000000000
-0.1324310303
0.1655426025
0.7614898682
0.2317504883
-0.2979736328
-0.1986541748
0.4363708496
0.3173675537
-0.1586761475
-0.3173675537
-0.4760437012
0.3173675537
-0.3570404053
0.2776947021
0.4576873779
0.4576873779
-0.5339660645
0.1525573730
0.1525573730
0.1525573730
0.1525573730
-0.0762786865
0.8100433350
0.1620025635
-0.2340087891
-0.0359954834
-0.1260070801
0.1980133057
-0.3960266113
-0.1980133057
0.2270660400
-0.2838287354
0.8515014648
0.1930084229
-0.0567626953
0.2838287354
-0.0454101562
-0.1248931885
-0.3016815186
0.1508331299
0.3771057129
-0.1508331299
0.5279388428
0.4525146484
-0.1508331299
0.1508331299
-0.1397552490
0.0698852539
0.0931701660
0.1863403320
-0.1630554199
0.0233001709
-0.9317169189
-0.1397552490
0.2181091309
0.0872497559
0.7415771484
-0.0436248779
0.4362182617
0.0000000000
-0.2181091309
-0.3053588867
0.0504608154
0.8956451416
-0.4162902832
0.0378417969
0.0126190186
0.0504608154
-0.0504608154
-0.1009216309
0.1000061035
0.0000000000
-0.1000061035
0.0000000000
0.0000000000
-0.1000061035
0.0000000000
-0.1000061035
0.0630950928
0.0000000000
0.3785858154
0.2523956299
-0.3785858154
0.5047760010
0.2523956299
-0.4416809082
0.3244781494
0.4975280762
0.5624237061
0.2595825195
0.2812042236
0.3677368164
-0.0648956299
0.1730499268
0.0000000000
0.3025817871
-0.4236145020
-0.3025817871
-0.2420654297
-0.3630981445
-0.3025817871
0.4841156006
0.0000000000
-0.4908447266
0.5890197754
0.0981750488
0.1963348389
0.0000000000
0.0981750488
-0.0981750488
0.6095886230
0.1250457764
-0.2344665527
-0.3594970703
-0.6408538818
0.0937805176
0.0156250000
-0.0312652588
0.3905181885
-0.1464385986
0.6834106445
0.1464385986
0.0000000000
0.1464385986
0.4881439209
0.0000000000
0.0000000000
0.0000000000
0.0000000000
0.0000000000
0.1064758301
0.0000000000
0.2129516602
0.0000000000
-0.0433807373
-0.0867462158
0.0433807373
-0.9542541504
-0.0433807373
-0.0867462158
0.0867462158
0.0000000000
0.0924987793
0.9619598389
-0.0184936523
0.0554962158
0.2034912109
0.0184936523
-0.0370025635
-0.0924987793
0.3167419434
0.1900482178
0.5701446533
0.3800964355
0.3167419434
-0.3800964355
0.0000000000
0.1266937256
-0.2050018311
0.2562408447
0.7687377930
0.0000000000
0.0512542725
-0.2050018311
-0.0512542725
-0.4099884033
0.4337463379
0.0000000000
-0.3036346436
-0.4771270752
0.0433807373
0.1735076904
-0.1735076904
-0.6072540283
0.1679840088
-0.1374359131
-0.0763549805
0.9468078613
-0.1374359131
0.0000000000
0.0305480957
0.1527099609
-0.1604614258
0.8825225830
0.3209228516
0.0802307129
0.0000000000
-0.1604614258
-0.0401153564
0.0802307129
0.2603759766
0.4339447021
0.4990386963
-0.1084899902
-0.3471527100
0.2820739746
-0.4339447021
0.2820739746
-0.1206970215
-0.9052581787
0.3017578125
0.0603485107
0.0000000000
-0.1810455322
0.0905303955
-0.0301818848
0.9746551514
0.0618896484
0.0464172363
-0.1547088623
0.0618896484
-0.0618896484
0.0309448242
-0.0618896484
-0.4469451904
-0.1117401123
0.3352050781
0.1117401123
-0.1117401123
0.1117401123
0.2234802246
-0.3352050781
-0.1166229248
-0.2332305908
-0.2332305908
0.0000000000
-0.2332305908
-0.2332305908
0.4664764404
-0.1166229248
0.1257019043
0.3142395020
0.6284942627
0.1885528564
0.0000000000
0.0000000000
0.5656433105
-0.0628509521
0.1343231201
-0.0895538330
-0.1567230225
0.7164154053
-0.0895538330
-0.2910461426
0.2910461426
-0.4925384521
-0.1496582031
0.2244873047
-0.3741455078
0.2244873047
0.2244873047
0.6360473633
0.4489746094
0.1870727539
0.3171997070
-0.1321716309
-0.1585998535
0.1585998535
0.7929992676
0.3436279297
-0.2114715576
-0.1321716309
0.4860839844
0.2025299072
0.0405120850
-0.3240509033
-0.3645629883
0.3645629883
-0.3645629883
0.4050750732
0.4259490967
0.4259490967
-0.4259490967
0.3650970459
0.1825408936
0.1825408936
0.0000000000
-0.3650970459
0.8828430176
0.1904144287
-0.1731109619
-0.1211700439
-0.0692443848
0.1557922363
-0.2769775391
-0.1557922363
0.1916046143
-0.2778167725
0.8813629150
0.2299194336
-0.0670623779
0.2107543945
-0.0478973389
-0.0478973389
0.0745849609
0.1491699219
0.2237548828
-0.2237548828
0.5221099854
0.5966949463
-0.2237548828
0.0745849609
-0.1734619141
0.0000000000
0.0963592529
0.1734619141
-0.1156463623
0.0000000000
-0.9443817139
-0.1156463623
0.3828125000
0.0765686035
0.7273406982
-0.0382843018
0.3828125000
0.0765686035
-0.1531219482
-0.3062438965
0.0484008789
0.9075775146
-0.3993377686
0.0363006592
0.0121002197
0.0242004395
-0.0242004395
-0.0847015381
0.1178436279
0.1178436279
0.0000000000
-0.1178436279
-0.1178436279
-0.2357025146
0.0000000000
0.0000000000
-0.0613098145
0.0000000000
0.3678131104
0.2452087402
-0.4291229248
0.5517272949
0.0613098145
-0.4291229248
0.2530364990
0.5422363281
0.4699401855
0.2530364990
0.1084442139
0.5422363281
-0.1807403564
0.0903778076
-0.1849517822
0.3082427979
-0.6165008545
-0.3082427979
-0.3082427979
-0.0616455078
-0.1849517822
0.3699035645
-0.1135406494
-0.4541778564
0.4541778564
0.0000000000
0.1135406494
0.1135406494
0.2270965576
0.0000000000
0.6053924561
0.0422363281
-0.1970977783
-0.3238067627
-0.6898651123
0.0703887939
-0.0281524658
0.0000000000
0.3604736328
0.0000000000
0.6007843018
0.1201629639
0.0000000000
0.3604736328
0.4806365967
0.1201629639
-0.1247253418
-0.1247253418
-0.1247253418
-0.1247253418
0.1247253418
0.0000000000
0.3741607666
0.0000000000
-0.1012878418
-0.1350402832
-0.0337677002
-0.9453277588
0.0000000000
-0.0337677002
0.1012878418
-0.1688079834
0.0638885498
0.9263610840
0.0159759521
0.1437530518
0.3034667969
0.0159759521
0.0000000000
-0.1277770996
0.0563507080
0.1127014160
0.6762237549
0.3944702148
0.3944702148
-0.2817535400
0.1690521240
0.0563507080
-0.1740875244
0.2901458740
0.8124084473
0.0000000000
0.2321166992
-0.2321166992
0.0580291748
-0.0580291748
0.4676666260
0.0389709473
-0.3117828369
-0.4676666260
-0.0779418945
0.3117828369
-0.2338256836
-0.5066375732
0.1079711914
-0.1079711914
-0.0925445557
0.9254760742
-0.2622222900
0.0000000000
0.0308532715
0.1850891113
-0.0589599609
0.9629821777
0.1768798828
0.1179199219
0.0786132812
0.0196533203
-0.0393066406
0.0589599609
0.1708984375
0.3204498291
0.6408996582
-0.1495361328
-0.2136383057
0.2990875244
-0.4272613525
0.3204498291
-0.0772552490
-0.9269866943
0.2832489014
-0.0257568359
0.0000000000
-0.1544952393
0.0772552490
0.0514984131
0.9846496582
0.0872497559
0.0498504639
-0.0623168945
0.0747833252
0.0124664307
0.0124664307
-0.0747833252
-0.3590087891
-0.1196746826
0.3590087891
0.2393341064
0.0000000000
0.1196746826
0.1196746826
-0.2393341064
-0.2484588623
0.0000000000
-0.1242218018
0.0000000000
-0.2484588623
0.1242218018
0.3726806641
-0.1242218018
-0.1051483154
0.6309051514
0.4731750488
0.1577301025
0.0525817871
0.0525817871
0.4205932617
-0.2628784180
0.0944671631
-0.0472259521
-0.1889190674
0.7792968750
-0.0708465576
-0.1653137207
0.3069915771
-0.4486846924
-0.3650665283
0.3650665283
-0.1825256348
0.2555389404
0.4015655518
0.5475921631
0.2555389404
0.2555389404
0.2519683838
-0.1763763428
-0.1511840820
0.1511840820
0.8566741943
0.2771606445
-0.1511840820
-0.0755920410
0.5553894043
0.1190185547
0.1190185547
-0.3173675537
-0.2380218506
0.3173675537
-0.3570404053
0.4760437012
0.3391876221
0.3957214355
-0.2261199951
0.3957214355
0.0565338135
0.1130676270
-0.1130676270
-0.6218414307
0.9202728271
0.1428070068
-0.1586761475
-0.0476074219
-0.0793304443
0.1586761475
-0.2380065918
-0.0951995850
0.1233367920
-0.2466735840
0.9013366699
0.2941131592
-0.0474395752
0.1328277588
0.0000000000
0.0474395752
0.0733795166
0.2201538086
0.2935485840
-0.1467742920
0.5137023926
0.5870819092
-0.2201538086
0.0000000000
-0.0805358887
-0.1127624512
0.0483245850
0.1288604736
-0.0805358887
-0.0805358887
-0.9664764404
-0.0805358887
0.3285675049
0.0328521729
0.7885742188
-0.1314239502
0.2957153320
0.1314239502
-0.0657196045
-0.3285675049
0.0845031738
0.9083404541
-0.3907928467
0.0739288330
0.0316925049
0.0211181641
-0.0422515869
-0.0528106689
0.1178436279
0.1178436279
0.0000000000
-0.1178436279
-0.2357025146
0.0000000000
0.0000000000
-0.1178436279
-0.0815887451
-0.2447814941
0.3263702393
0.0000000000
-0.3263702393
0.5711517334
0.0000000000
-0.4079742432
0.2748413086
0.4809722900
0.4294433594
0.2061309814
0.0515289307
0.6355590820
-0.1889495850
0.1202392578
-0.2301940918
0.2877349854
-0.6905822754
-0.2301940918
-0.2301940918
0.2301940918
0.0000000000
0.3452911377
0.1238555908
-0.1238555908
-0.2477111816
0.1238555908
0.0000000000
0.1238555908
0.2477111816
0.3715667725
0.5811462402
0.0138397217
-0.1106872559
-0.2628936768
-0.7471923828
0.0000000000
-0.1245269775
0.0276794434
0.3566284180
0.0713195801
0.3566284180
0.0713195801
-0.0713195801
0.4279479980
0.4992675781
0.3566284180
-0.2153778076
-0.1076965332
0.1076965332
-0.1076965332
-0.2153778076
0.1076965332
0.6461486816
0.1076965332
-0.1315002441
-0.1315002441
-0.1643676758
-0.9204864502
-0.0328674316
-0.0328674316
-0.0328674316
-0.2301177979
0.0805511475
0.8860473633
0.0322265625
0.2416534424
0.3383178711
0.0161132812
0.0000000000
-0.1611022949
-0.0565338135
0.1130676270
0.6218414307
0.3957214355
0.3957214355
-0.3391876221
0.2261199951
0.1130676270
0.1338195801
0.1338195801
0.8698730469
0.0669097900
0.1338195801
-0.1338195801
0.0000000000
0.1338195801
0.4455871582
0.0405120850
-0.3645629883
-0.4050750732
0.0000000000
0.3645629883
-0.2835540771
-0.4860839844
0.0000000000
-0.0202026367
-0.0202026367
0.9093017578
-0.3637237549
-0.0202026367
-0.0202026367
0.1616516113
0.0000000000
0.9366455078
0.1192016602
0.2554473877
0.0681152344
0.1192016602
-0.0681152344
0.1021728516
0.1625213623
0.4062957764
0.5688171387
-0.1015777588
-0.1828308105
0.4062957764
-0.4266052246
0.2844085693
-0.0747222900
-0.9464111328
0.1992492676
-0.0747222900
0.0249023438
-0.1494293213
0.0249023438
0.0996246338
0.9838562012
0.0983886719
0.0562133789
0.0000000000
0.0702819824
0.0281066895
0.0000000000
-0.0843353271
-0.3316650391
0.0000000000
0.4422149658
0.1105499268
0.0000000000
0.1105499268
-0.1105499268
-0.4422149658
-0.2490844727
0.0000000000
-0.2490844727
0.1245422363
-0.1245422363
0.2490844727
0.2490844727
0.1245422363
-0.3824157715
0.6692199707
0.2868041992
0.2390136719
0.0955963135
0.0000000000
0.1912078857
-0.3824157715
0.1009521484
-0.0504760742
-0.3533020020
0.6813812256
-0.0757141113
-0.2018890381
0.3533020020
-0.4542541504
-0.4190521240
0.4190521240
-0.0838165283
0.2514343262
0.2514343262
0.5866699219
0.2933349609
0.1676177979
0.2285919189
-0.1777954102
-0.1777954102
0.0254058838
0.8635559082
0.3301849365
-0.0762023926
-0.0507965088
0.5543518066
-0.1385955811
0.1847839355
-0.2771759033
-0.2309875488
0.2309875488
-0.4157714844
0.4619598389
0.2673339844
0.3742675781
-0.2138671875
0.4277343750
0.0534667969
0.1604003906
-0.1604003906
-0.6416015625
0.9365692139
0.0921173096
-0.1381835938
0.0153503418
0.0000000000
0.1688842773
-0.2303009033
-0.0767669678
0.0902557373
-0.2005615234
0.9125518799
0.3108673096
-0.0601654053
0.0701904297
0.0200500488
0.1002807617
0.0747985840
0.2991638184
0.2243804932
-0.2991638184
0.5235443115
0.5235443115
-0.0747985840
-0.1495819092
0.0155639648
-0.1712646484
0.0000000000
0.0467071533
-0.0934143066
-0.1401214600
-0.9653320312
0.0155639648
0.3088226318
0.0343170166
0.8235321045
-0.1029357910
0.2401885986
0.0343170166
0.0000000000
-0.3431396484
0.0881805420
0.9148559570
-0.3747558594
0.0551147461
0.0440826416
0.0661315918
-0.0330657959
-0.0220489502
0.0000000000
0.2490844727
-0.1245422363
0.1245422363
0.0000000000
0.0000000000
0.2490844727
-0.3736267090
-0.0927886963
0.0927886963
0.2783508301
-0.1855621338
-0.0927886963
0.5567016602
-0.1855621338
-0.4639129639
0.2975311279
0.4541168213
0.4071350098
0.2035675049
0.0156555176
0.6420288086
-0.2192230225
0.1722564697
-0.0520782471
0.2082977295
-0.6769714355
-0.2082977295
-0.1041564941
0.4686737061
0.0000000000
0.3645172119
0.1895141602
-0.0947570801
-0.6633148193
-0.1895141602
-0.0947570801
0.1895141602
0.1895141602
0.2842712402
0.5299835205
0.0481872559
0.0000000000
-0.2569580078
-0.7708892822
-0.0481872559
-0.2087860107
0.0481872559
0.1600799561
0.0800323486
0.4001922607
-0.0800323486
-0.3201599121
0.4001922607
0.5602722168
0.0800323486
-0.2199401855
-0.1099700928
0.3299102783
0.1099700928
-0.2199401855
-0.1099700928
0.5498504639
0.0000000000
-0.0309448242
-0.0928344727
-0.1237792969
-0.9283599854
0.0618896484
0.0000000000
-0.0309448242
-0.2785034180
0.1166992188
0.8169403076
0.0778045654
0.2917633057
0.4084777832
-0.0972595215
0.0388946533
-0.1945037842
-0.0999145508
0.1498718262
0.6494293213
0.3497009277
0.3497009277
-0.2997436523
0.2997436523
0.1998291016
0.3217163086
0.1072387695
0.8579254150
0.1072387695
0.0536193848
-0.1608581543
0.1072387695
-0.0536193848
0.5231781006
0.0402374268
-0.4024353027
-0.4024353027
-0.1207275391
0.2817077637
-0.2414703369
-0.4426879883
-0.1640777588
0.1640777588
0.0820465088
0.8203887939
-0.4375457764
0.1093902588
-0.1640777588
0.1093902588
0.0184478760
0.9222869873
0.0737762451
0.2766876221
0.1291198730
0.1475677490
-0.1106719971
0.0737762451
0.2236938477
0.3863830566
0.6304168701
0.0000000000
-0.1016845703
0.4677276611
-0.3457031250
0.2033538818
0.0000000000
-0.9617309570
0.1602935791
-0.1068572998
-0.0534362793
-0.0267181396
0.0000000000
0.1068572998
0.9743804932
0.1367492676
0.0341949463
0.0341949463
0.0683746338
0.0683746338
-0.0170898438
-0.1025695801
-0.1245422363
0.0000000000
0.0000000000
-0.2490844727
-0.2490844727
0.1245422363
0.0000000000
-0.3736267090
0.3359832764
-0.3359832764
0.3359832764
-0.1679992676
-0.3359832764
-0.5039825439
0.2239990234
-0.3359832764
0.0307617188
0.9841461182
0.0461273193
-0.0307617188
0.0153808594
-0.1383972168
0.0153808594
-0.0153808594
0.2461090088
0.0567932129
-0.4165039062
0.7383422852
0.0567932129
0.0378570557
0.2082519531
-0.3975677490
0.4042663574
-0.0367584229
-0.0735015869
0.1102600098
-0.1837615967
0.4410247803
0.7350311279
-0.0735015869
0.1306610107
0.2613372803
0.3266754150
0.3266754150
0.5226745605
0.1959991455
-0.1959991455
0.4573364258
-0.0528717041
0.2643432617
-0.2643432617
-0.2114715576
-0.2643432617
0.7401428223
-0.0528717041
0.3171997070
0.0000000000
-0.2892761230
-0.5785369873
0.2892761230
-0.0964202881
-0.1928405762
0.2892761230
-0.1928405762
0.8849029541
-0.1287078857
-0.1608886719
0.1608886719
-0.1448059082
0.0643615723
-0.3378753662
-0.0321807861
-0.0320739746
-0.1710510254
0.9300689697
0.1924285889
-0.0427551270
0.2138061523
0.0000000000
-0.1282806396
-0.7022552490
0.0000000000
0.2340850830
-0.0585174561
0.4681701660
0.1755676270
-0.1755676270
0.2340850830
-0.0618743896
-0.0247497559
-0.0247497559
0.1361389160
0.0866241455
0.0866241455
-0.9776916504
-0.0247497559
0.0000000000
0.2830657959
0.2830657959
-0.1887054443
0.2830657959
-0.0943603516
-0.5661315918
-0.2830657959
0.0659332275
0.9626922607
-0.2241821289
0.0659332275
-0.0395660400
-0.0263824463
-0.0791320801
0.0131835938
0.0000000000
-0.3729858398
-0.1243286133
0.0000000000
-0.1243286133
0.0000000000
-0.1243286133
0.1243286133
-0.0586242676
0.5276031494
0.2931060791
0.2931060791
-0.1758728027
0.5862121582
0.0586242676
-0.2344818115
0.5023040771
0.3196411133
0.4109802246
0.3196411133
0.3196411133
0.3653106689
-0.1369934082
0.2283172607
0.5755920410
-0.0677185059
0.0000000000
-0.2031555176
-0.1692962646
-0.7448883057
-0.0338592529
0.0338592529
-0.1242218018
0.1242218018
-0.4969024658
0.0000000000
0.0000000000
0.0000000000
0.1242218018
0.1242218018
0.6687164307
0.0000000000
0.0000000000
-0.1253814697
-0.6269226074
-0.2089691162
0.0000000000
-0.2089691162
0.0458984375
-0.1836090088
0.7803649902
0.2295227051
0.3213195801
0.1377105713
-0.3213195801
-0.0918121338
0.1250000000
0.1250000000
0.0000000000
-0.2500000000
-0.2500000000
0.1250000000
-0.1250000000
0.2500000000
0.0704498291
-0.1174163818
-0.1174163818
-0.9628753662
0.0234832764
0.0000000000
0.1409149170
-0.0469665527
0.0208740234
0.9599761963
-0.1460876465
0.1669464111
0.0000000000
0.1043395996
0.0000000000
0.0626068115
-0.4924163818
0.5275878906
0.1406860352
0.4220733643
0.1406860352
-0.3869018555
0.1055145264
0.2462158203
0.0000000000
0.1701812744
0.8083343506
-0.0425415039
-0.0425415039
-0.2127227783
0.1701812744
-0.4254455566
0.0000000000
0.0000000000
-0.1904296875
-0.1904296875
0.0000000000
-0.5712738037
0.2539062500
-0.6347503662
0.0000000000
-0.2622680664
0.4496002197
0.8242645264
-0.0374603271
0.0374603271
0.0000000000
-0.0374603271
-0.3154449463
0.9200439453
0.1051483154
0.0000000000
-0.0262908936
-0.1051483154
0.0788574219
-0.0525665283
0.4492645264
0.6220550537
0.2764739990
0.1036682129
-0.3110198975
0.3455810547
-0.2419128418
-0.1036682129
0.0000000000
-0.9362792969
0.0000000000
0.0407104492
0.0814208984
-0.2442474365
0.0000000000
-0.0407104492
0.9153137207
0.1046142578
-0.0784606934
-0.0523071289
0.2615203857
-0.1569061279
-0.1569061279
-0.0523071289
0.0000000000
-0.1153869629
-0.1153869629
-0.3461608887
-0.2307739258
0.2307739258
0.1153869629
-0.4615325928
0.3330841064
-0.1998443604
0.2664642334
-0.1332397461
-0.2664642334
-0.5329437256
0.1998596191
-0.4663238525
0.0166778564
0.9835968018
0.0666809082
0.0166778564
0.0166778564
-0.1333618164
-0.0166778564
0.0166778564
0.2346649170
0.0361022949
-0.4512634277
0.7761840820
0.0180511475
0.0000000000
0.1805114746
-0.3068695068
0.2010803223
-0.0670318604
0.0670318604
0.1340637207
-0.2681121826
0.5697479248
0.7037963867
-0.0670318604
0.2446594238
0.0000000000
0.0000000000
0.2446594238
0.7747344971
0.3262023926
-0.2446594238
0.2446594238
0.2042236328
-0.0408477783
-0.3675842285
-0.2859039307
0.1225280762
0.7760314941
-0.1633758545
0.2042236328
0.0888061523
0.2664337158
-0.1776275635
0.2664337158
0.1776275635
-0.1776275635
0.5328674316
0.4440612793
0.8827362061
-0.1444549561
-0.2247009277
0.1284027100
-0.1123504639
0.0802459717
-0.3049468994
-0.1123504639
0.0326232910
-0.1739807129
0.9133605957
0.1957244873
-0.0108795166
0.2827148438
-0.0217437744
-0.1087341309
-0.4470214844
0.0000000000
0.3193054199
0.0000000000
0.4470214844
0.4470214844
-0.3831634521
0.1277160645
-0.0821838379
-0.0137023926
0.0547943115
0.1917572021
0.0821838379
0.0958862305
-0.9588165283
-0.1095733643
0.1994171143
0.3323516846
0.1329345703
-0.0664672852
0.5317687988
0.2658843994
-0.3323516846
-0.4653015137
0.0637054443
0.9555816650
-0.2675628662
0.0382232666
-0.0127410889
-0.0382232666
-0.0382232666
-0.0382232666
0.0000000000
-0.1184692383
-0.3553924561
0.0000000000
0.1184692383
0.2369232178
0.0000000000
0.4738464355
-0.0518646240
0.3630523682
0.3111877441
0.2593231201
-0.1555938721
0.6742401123
0.2593231201
-0.2593231201
0.4791564941
0.3726806641
0.2662048340
0.3726806641
0.4259185791
0.3194427490
0.0000000000
0.2129516602
0.6235504150
-0.0346374512
0.0692901611
-0.3117675781
-0.1732025146
-0.6581878662
-0.0692901611
0.0346374512
-0.1249389648
-0.1249389648
-0.3748016357
0.1249389648
0.0000000000
0.1249389648
0.1249389648
0.1249389648
0.4320678711
0.1661834717
-0.0664672852
-0.1661834717
-0.8308868408
-0.0997009277
0.0000000000
-0.1329498291
0.2964630127
-0.0847015381
0.7200012207
0.2541198730
0.3811798096
0.1694183350
-0.2964630127
0.0423583984
-0.1150360107
-0.1150360107
0.1150360107
0.0000000000
-0.1150360107
-0.1150360107
-0.1150360107
0.1150360107
0.0000000000
-0.2565612793
-0.0320739746
-0.9300384521
-0.0320739746
0.0641479492
0.1603546143
-0.0641479492
-0.0200958252
0.9845123291
-0.0200958252
0.0000000000
0.1205596924
0.0200958252
-0.0200958252
0.0401916504
-0.4993286133
0.3883666992
0.2219238281
0.4438476562
0.0554809570
-0.4438476562
0.0554809570
0.2219238281
-0.0343475342
0.1374206543
0.8588562012
-0.0343475342
0.0343475342
-0.2404785156
0.0343475342
-0.3778991699
0.1483612061
0.2225341797
-0.2967224121
-0.2967224121
0.2225341797
-0.1483612061
0.2225341797
-0.6676177979
0.1318969727
-0.2373962402
0.2373962402
0.8968505859
-0.1582641602
-0.0791320801
-0.0263824463
0.1055145264
-0.2006225586
0.9529266357
0.1003112793
0.1003112793
-0.0752258301
-0.0501556396
0.0501556396
0.0250701904
0.2182922363
0.6237030029
0.4054107666
0.0935516357
-0.4365997314
0.3118591309
-0.2494812012
0.0935516357
-0.0544891357
-0.9262695312
0.0000000000
0.1089782715
0.0000000000
-0.1634521484
0.0000000000
-0.0544891357
0.9389801025
0.1091766357
-0.0873413086
-0.0873413086
0.2183685303
-0.1528625488
-0.0655059814
-0.0218353271
0.0000000000
-0.1249389648
-0.1249389648
-0.1249389648
-0.1249389648
0.1249389648
-0.1249389648
-0.3748016357
0.2131805420
-0.2131805420
0.0000000000
-0.1065826416
-0.3197631836
-0.2131805420
0.2131805420
-0.5329437256
-0.0191955566
0.9789428711
0.0575866699
0.0767822266
0.0383911133
-0.0959777832
-0.0191955566
0.0959777832
0.3511505127
-0.1316833496
-0.3511505127
0.7681427002
0.0438995361
-0.1097412109
0.2414093018
-0.2414093018
0.0310058594
0.0310058594
0.1860351562
0.1550292969
-0.3100433350
0.6511077881
0.6201019287
0.0620117188
0.2733306885
-0.1518402100
-0.1518402100
0.1822204590
0.7896118164
0.3036956787
-0.3036956787
0.0911102295
0.2606201172
0.0000000000
-0.2978515625
-0.1861572266
0.1116943359
0.7074127197
-0.3350982666
0.3723297119
0.1999969482
0.5000000000
0.0000000000
0.1999969482
-0.1000061035
-0.1000061035
0.5000000000
0.1999969482
0.9195404053
-0.0901489258
-0.2884826660
0.0540924072
-0.0180358887
0.0721282959
-0.1802978516
-0.1081848145
0.0371704102
-0.1610412598
0.9167327881
0.1610412598
-0.0247802734
0.2973175049
0.0000000000
-0.1114959717
-0.3778381348
0.0000000000
0.4408111572
-0.0629730225
0.4408111572
0.5037841797
-0.2518920898
0.1259460449
-0.0832519531
0.0000000000
0.1803588867
0.0693664551
-0.0554962158
-0.0138702393
-0.9711914062
-0.0554962158
0.2518768311
0.2518768311
0.2518768311
0.0000000000
0.5457153320
0.4617614746
-0.1679077148
-0.4617614746
0.0660095215
0.9571380615
-0.2475280762
0.0330047607
-0.0164947510
-0.0330047607
-0.0164947510
-0.0825042725
-0.1199951172
-0.1199951172
-0.1199951172
0.0000000000
0.1199951172
0.0000000000
-0.1199951172
0.2400054932
-0.0437927246
0.2627258301
0.3503112793
0.1751556396
-0.2189483643
0.7444152832
0.3065185547
-0.1313629150
0.4075775146
0.4816894531
0.2593688965
0.5187377930
0.2964172363
0.3334808350
0.0000000000
0.1482086182
0.5122985840
0.0000000000
-0.0341491699
-0.4439849854
-0.1366119385
-0.6489105225
-0.2390747070
0.0683135986
-0.1213989258
0.0000000000
-0.4856262207
-0.1213989258
0.0000000000
0.2428131104
0.0000000000
0.2428131104
0.3807830811
0.0671997070
-0.1119995117
-0.1343994141
-0.8959655762
-0.0223999023
-0.0223999023
0.0000000000
0.4786834717
-0.0398864746
0.5185852051
0.1994476318
0.4786834717
0.1595611572
-0.3590087891
0.1595611572
-0.1064758301
-0.1064758301
0.1064758301
0.0000000000
0.0000000000
-0.1064758301
0.1064758301
0.0000000000
-0.0617675781
-0.2162017822
-0.0308837891
-0.9574737549
0.0000000000
0.0000000000
0.0308837891
0.0000000000
-0.0227508545
0.9555053711
0.0000000000
0.0000000000
0.2274932861
-0.1137542725
0.0227508545
-0.0682525635
-0.3142700195
0.0785675049
0.2357025146
0.5499725342
0.0785675049
-0.4714050293
0.0000000000
0.3142700195
-0.0724792480
0.1087188721
0.8697967529
0.0000000000
0.1087188721
-0.2536926270
-0.0362396240
-0.3261718750
0.4041748047
0.2694549561
-0.3368225098
-0.3368225098
0.2694549561
0.0673675537
-0.1347198486
-0.5389099121
0.0715484619
-0.1252136230
0.1252136230
0.9480743408
-0.2146606445
-0.0178833008
-0.0536651611
0.0715484619
-0.0883026123
0.9492187500
0.0662231445
0.1986694336
-0.0883026123
0.1324462891
0.0662231445
0.0441436768
0.1854858398
0.6359558105
0.4239654541
0.1324920654
-0.3444824219
0.3444824219
-0.3179779053
0.0529937744
-0.1181793213
-0.9454193115
0.1181793213
0.0393981934
0.0000000000
-0.1181793213
0.0787811279
0.0787811279
0.9559326172
0.0183868408
-0.0367736816
-0.1654510498
0.1470642090
-0.1470642090
0.0000000000
-0.0551452637
-0.2456817627
0.0000000000
0.1228332520
0.0000000000
-0.1228332520
0.0000000000
-0.1228332520
-0.2456817627
0.1129455566
-0.3388214111
-0.3388214111
0.1129455566
-0.1129455566
0.1129455566
0.3388214111
-0.3388214111
-0.0881042480
0.9471435547
0.0660858154
0.1541900635
-0.0220336914
-0.0220336914
-0.0440521240
0.2202606201
0.4607696533
-0.2439422607
-0.1626281738
0.6776123047
-0.0270996094
-0.1626281738
0.4065704346
-0.1626281738
-0.0838165283
0.1396942139
0.3073120117
0.1396942139
-0.2793731689
0.7263793945
0.4749450684
0.0558776855
0.2266235352
-0.3115997314
-0.2266235352
0.1416320801
0.7648315430
0.2549438477
-0.2549438477
0.1982879639
0.3512878418
-0.1561279297
-0.0390319824
-0.0780639648
0.1951599121
0.6635284424
-0.3122558594
0.4683685303
0.1039276123
0.5196685791
0.1039276123
0.3117980957
0.0000000000
-0.2078704834
0.4157409668
0.0000000000
0.9581909180
-0.0391082764
-0.2346649170
0.0000000000
0.0391082764
0.0195617676
-0.0391082764
-0.0977783203
0.0694732666
-0.1389465332
0.9309082031
0.1945190430
-0.0416870117
0.2362060547
-0.0277862549
-0.0833587646
-0.2874755859
0.0000000000
0.3593444824
-0.1437377930
0.5030822754
0.5030822754
-0.2874755859
0.0718688965
-0.0801239014
-0.0400695801
0.2270355225
0.0133514404
-0.0801239014
-0.0534210205
-0.9615325928
0.0267028809
0.4214019775
0.1149291992
0.2681579590
-0.1149291992
0.4597015381
0.4980163574
-0.0766143799
-0.4597015381
0.1209106445
0.9430694580
-0.1692657471
0.0241851807
-0.0241851807
-0.0967254639
0.0241851807
-0.1934509277
-0.1216278076
0.0000000000
0.0000000000
0.0000000000
0.0000000000
-0.1216278076
-0.2432556152
0.2432556152
0.0572662354
0.2290649414
0.4581298828
-0.0572662354
-0.2290649414
0.7444458008
-0.0572662354
-0.1145324707
0.2118225098
0.5295562744
0.1765136719
0.5648651123
0.0353088379
0.5295562744
-0.0353088379
0.0353088379
0.1891937256
0.0378417969
-0.1891937256
-0.5675964355
-0.1135253906
-0.6054382324
-0.3784027100
0.1891937256
-0.1019134521
0.1019134521
-0.6115264893
-0.1019134521
-0.2038421631
0.4076843262
0.0000000000
0.1019134521
0.3251800537
-0.0382537842
-0.0191345215
-0.1338958740
-0.9181518555
-0.0191345215
-0.1338958740
0.0382537842
0.5129089355
0.0394592285
0.3550872803
0.1183624268
0.4734497070
0.2367248535
-0.4339904785
0.2761840820
0.0000000000
0.1178436279
0.0000000000
0.0000000000
0.2357025146
-0.1178436279
0.1178436279
0.1178436279
0.0000000000
-0.2033843994
0.0000000000
-0.9491271973
0.0338897705
0.0000000000
-0.0338897705
-0.1355895996
-0.0242919922
0.8986663818
0.0242919922
0.1700134277
0.3157501221
-0.1700134277
0.0728607178
-0.0971527100
-0.0947570801
0.0000000000
0.3790283203
0.6633148193
0.0000000000
-0.2842712402
0.0947570801
0.0000000000
-0.2301635742
0.0000000000
0.6137847900
-0.0767211914
0.3068847656
-0.4603424072
-0.0767211914
-0.2301635742
0.4236145020
0.1815490723
-0.4841156006
-0.3025817871
0.1815490723
0.2420654297
-0.1210327148
-0.4841156006
0.0000000000
-0.0169830322
0.1359100342
0.9003601074
-0.3737335205
0.0169830322
-0.1189117432
0.0849456787
0.0472564697
0.9293823242
0.1102600098
0.2205352783
0.0472564697
0.2205352783
0.0472564697
-0.1102600098
0.2087860107
0.6263580322
0.4436645508
0.1565856934
-0.1826934814
0.3653717041
-0.3914794922
-0.0260925293
-0.1033782959
-0.9562377930
0.1292266846
0.0258483887
-0.0516815186
-0.1033782959
0.0775299072
0.1292266846
0.9706878662
0.0455017090
-0.0303344727
-0.0910034180
0.1668395996
-0.0910034180
-0.0303344727
-0.0455017090
-0.2486572266
0.1243286133
0.1243286133
0.1243286133
0.1243286133
0.0000000000
-0.2486572266
-0.1243286133
0.0000000000
0.0000000000
-0.2283172607
0.1141510010
-0.2283172607
0.4566192627
0.2283172607
-0.3424682617
-0.2272644043
0.9090576172
0.0227203369
0.2045440674
0.0000000000
0.0227203369
0.0000000000
0.2499847412
0.4958038330
-0.2313690186
-0.2313690186
0.6280212402
-0.0330505371
0.0330505371
0.4627532959
-0.0330505371
-0.0924835205
0.2466278076
0.3699340820
0.2157897949
-0.2774505615
0.7398681641
0.2774505615
0.1233062744
0.1884918213
-0.4308319092
-0.3231201172
0.1346282959
0.7001037598
0.2423400879
-0.2692718506
0.1077117920
0.3325653076
-0.1478118896
0.5173187256
-0.1108551025
0.1847534180
0.5912322998
-0.2217102051
0.3325653076
0.0000000000
0.4263610840
0.2131805420
0.2131805420
0.0000000000
-0.3197631836
0.3197631836
-0.3197631836
0.9552612305
-0.0424499512
-0.2335052490
0.0212249756
-0.0212249756
0.0212249756
-0.0636901855
-0.1061401367
0.0320587158
-0.1282348633
0.9296875000
0.2724914551
-0.0480804443
0.1442565918
0.0000000000
0.1121978760
-0.4023742676
0.0670623779
0.3353118896
-0.0670623779
0.5364990234
0.4023742676
-0.3353118896
0.0670623779
-0.0440673828
-0.1175384521
0.2203674316
0.0146942139
-0.0587615967
-0.0881500244
-0.9549407959
0.0734558105
0.4027709961
0.1208343506
0.2819366455
-0.2416534424
0.2819366455
0.6041564941
0.1611022949
-0.4027709961
0.1186523438
0.9492187500
-0.1977539062
0.0197753906
0.0395507812
-0.0791015625
0.0000000000
-0.1582031250
0.0000000000
0.0000000000
-0.1064758301
0.0000000000
0.0000000000
0.0000000000
0.0000000000
0.2129516602
-0.1433715820
-0.0716857910
0.4301147461
-0.0716857910
-0.2150573730
0.6451873779
-0.1433715820
-0.3584289551
0.1945343018
0.3242187500
0.0648498535
0.4863433838
-0.1296844482
0.7457122803
-0.0972747803
0.0000000000
-0.0816802979
0.0000000000
-0.4084320068
-0.4492797852
0.0000000000
-0.6126556396
-0.3675842285
0.2450561523
0.0000000000
0.1903381348
-0.4758453369
-0.0951690674
-0.1903381348
0.4758453369
0.0000000000
0.3806762695
0.3301239014
-0.1100463867
0.0183410645
-0.0917053223
-0.8986511230
-0.0183410645
-0.2200775146
0.0550231934
0.4325408936
0.0865020752
0.3892822266
0.1297607422
0.3892822266
0.2162628174
-0.4757843018
0.3892822266
0.0000000000
-0.1044464111
0.2089080811
0.0000000000
0.3133544922
-0.2089080811
0.6267242432
-0.1044464111
0.0000000000
-0.2272033691
-0.1893310547
-0.8709411621
0.1136016846
-0.0378723145
-0.0378723145
-0.3029327393
-0.0529937744
0.7949523926
0.0529937744
0.3444824219
0.4239654541
-0.1854858398
-0.0265045166
-0.0794982910
-0.5294342041
0.1512603760
0.2268981934
0.6050567627
0.0756378174
-0.1512603760
0.2268981934
-0.0756378174
0.0000000000
0.0000000000
0.1243286133
0.1243286133
0.1243286133
-0.3729858398
-0.1243286133
0.0000000000
0.4168243408
0.1190948486
-0.4168243408
-0.2977294922
0.0595397949
0.3572845459
-0.1190948486
-0.5359191895
-0.0797119141
0.0797119141
0.1195678711
0.8768310547
-0.3985595703
0.0597839355
-0.1594238281
0.0597839355
0.1018829346
0.8733215332
0.1309967041
0.3493347168
0.0291137695
0.2474365234
0.0727844238
-0.1164398193
0.2580718994
0.5734863281
0.4587860107
0.2580718994
-0.1147003174
0.4301147461
-0.3154144287
-0.0573425293
-0.1328582764
-0.9566192627
0.0531463623
-0.0531463623
-0.0265655518
-0.1328582764
0.0531463623
0.1328582764
0.9601440430
0.1244659424
-0.0711212158
-0.0355682373
0.1955871582
-0.0711212158
-0.0533447266
0.0000000000
-0.1229705811
0.2459411621
0.1229705811
0.0000000000
0.2459411621
0.0000000000
-0.3689117432
-0.2459411621
0.0000000000
0.0000000000
-0.1213989258
0.2428131104
0.0000000000
0.4856262207
0.1213989258
-0.2428131104
-0.3516540527
0.8791503906
0.0000000000
0.1758270264
0.0219726562
-0.0219726562
-0.0879211426
0.2197875977
0.5680389404
-0.2840118408
-0.3245849609
0.4868927002
0.0000000000
0.0000000000
0.4463195801
0.0405731201
-0.1464385986
0.2928924561
0.4393310547
0.2928924561
-0.1952514648
0.6834106445
0.1464385986
0.0976257324
0.2204284668
-0.4683990479
-0.3030853271
0.0550994873
0.6888275146
0.2755279541
-0.2479858398
0.0275573730
0.3268737793
-0.1867828369
0.5603485107
-0.0933990479
0.0000000000
0.4669647217
-0.3268737793
0.3735656738
0.0000000000
0.2307739258
0.0000000000
0.2307739258
0.2307739258
-0.2307739258
0.2307739258
-0.4615325928
0.9340972900
-0.0434417725
-0.2823944092
0.0000000000
-0.0434417725
0.0651702881
-0.0868988037
-0.1303405762
-0.0181121826
-0.0181121826
0.9057922363
0.3442077637
-0.0362243652
0.0000000000
0.0362243652
0.2173919678
-0.4499969482
0.0749969482
0.3750000000
-0.2250061035
0.5249938965
0.3000030518
-0.1499938965
-0.1499938965
-0.0164642334
-0.1811523438
0.1976318359
-0.0164642334
-0.0494079590
-0.1482238770
-0.9387207031
0.1152801514
0.4468383789
0.0993041992
0.4964904785
-0.2978973389
0.1985931396
0.3971862793
0.2978973389
-0.2978973389
0.1158294678
0.9652709961
-0.1737518311
-0.0193023682
0.0772247314
0.0193023682
0.0000000000
-0.0772247314
0.1228332520
0.0000000000
-0.2456817627
0.2456817627
0.0000000000
0.1228332520
0.1228332520
0.0000000000
-0.0995330811
-0.1990661621
0.0000000000
-0.3981323242
0.0995330811
0.2985992432
-0.2985992432
-0.4976654053
0.2455749512
0.3376617432
0.0920867920
0.3683624268
-0.1227874756
0.7674102783
-0.2148742676
-0.0307006836
-0.0488128662
-0.1952514648
-0.4881439209
-0.3905181885
0.2440795898
-0.4393310547
-0.3905181885
0.2928924561
0.0000000000
0.2089080811
-0.5222625732
-0.1044464111
-0.2089080811
0.4178161621
0.1044464111
0.2089080811
0.2282714844
-0.1369628906
0.1597900391
-0.0456542969
-0.8902435303
-0.0456542969
-0.2967529297
0.0456542969
0.2392883301
0.0000000000
0.7657012939
0.0000000000
0.3349914551
0.1435699463
-0.3349914551
0.1914215088
-0.1034240723
-0.2068481445
0.3102722168
0.1034240723
0.1034240723
-0.2068481445
0.6205291748
-0.1034240723
0.1293945312
-0.1725311279
-0.2588043213
-0.7763977051
0.1725311279
-0.0862731934
0.0000000000
-0.4313354492
-0.0395812988
0.6728210449
0.1187286377
0.1187286377
0.5936584473
-0.3166198730
-0.1187286377
0.0000000000
-0.5550537109
0.0792999268
0.1585845947
0.5550537109
0.0000000000
-0.2378845215
0.2378845215
0.1585845947
0.2484588623
-0.2484588623
0.1242218018
0.3726806641
-0.1242218018
-0.1242218018
0.0000000000
0.0000000000
0.5027923584
0.0628509521
-0.4399414062
-0.3770904541
-0.0628509521
0.2514038086
-0.1257019043
-0.4399414062
-0.1005249023
0.1256561279
0.1508026123
0.8042449951
-0.4775238037
0.1508026123
-0.1759338379
0.0502624512
0.1123046875
0.8503112793
0.1283416748
0.3690032959
0.0320892334
0.2887878418
0.0802154541
-0.1123046875
0.3069610596
0.4185791016
0.5581054688
0.2790527344
0.0000000000
0.5022888184
-0.2511444092
-0.0279083252
-0.0647125244
-0.9382781982
0.0000000000
-0.1941223145
-0.0323486328
-0.0647125244
-0.0323486328
0.1941223145
0.9130401611
0.2402801514
-0.1201324463
0.0720825195
0.2402801514
-0.0480499268
-0.0720825195
0.0720825195
