-0.1247863770
0.2495727539
-0.1247863770
-0.1247863770
0.1247863770
0.3743438721
-0.1247863770
0.0000000000
0.3230743408
0.0000000000
-0.2153778076
-0.1076965332
-0.3230743408
-0.3230743408
0.1076965332
-0.4307708740
0.0390167236
0.9911041260
0.0234069824
-0.0780334473
-0.0156097412
0.0468292236
0.0468292236
-0.0546264648
-0.0259246826
0.0604705811
-0.4147033691
0.8553161621
0.1036682129
-0.0431976318
-0.0259246826
-0.2764739990
0.0775756836
0.0581817627
-0.0969696045
-0.0193939209
-0.9696197510
0.1163482666
0.1163482666
0.0387878418
0.1931610107
-0.1655731201
-0.1103820801
0.1655731201
-0.3311462402
-0.8278503418
-0.2759552002
0.0000000000
0.0000000000
-0.6323852539
0.2371520996
-0.4742889404
-0.2371520996
0.1580963135
-0.1580963135
0.0000000000
0.3125152588
0.0347290039
-0.4861450195
0.1736297607
0.0000000000
0.1041717529
0.0347290039
-0.7639465332
0.9825592041
0.0080566406
0.1208038330
-0.0724792480
-0.0724792480
-0.0241546631
-0.0161132812
0.0805358887
-0.0528411865
0.0679473877
0.9588165283
0.2415924072
-0.0603942871
0.0301971436
0.0755004883
0.0528411865
-0.4308319092
-0.0538482666
0.3500518799
0.3231201172
0.4846801758
0.5116119385
-0.2154083252
0.1346282959
-0.0077819824
0.0077819824
0.0155639648
-0.0077819824
-0.0622558594
-0.0389099121
-0.9959869385
-0.0155639648
0.2324981689
-0.1162567139
-0.4068908691
-0.0581207275
0.1743774414
0.6975097656
-0.1162567139
-0.3487548828
-0.0473175049
0.9936676025
0.0567779541
-0.0283966064
0.0473175049
0.0094604492
0.0189208984
0.0283966064
-0.1516876221
-0.0758514404
0.0000000000
0.0758514404
0.0000000000
0.2275390625
0.3792419434
-0.7584686279
-0.0754241943
0.1508331299
0.0000000000
0.1508331299
-0.1508331299
-0.1508331299
0.8296203613
0.1508331299
0.4288787842
0.3717041016
0.6862182617
-0.0571899414
0.1143646240
0.3717041016
-0.1143646240
0.1143646240
-0.3309173584
-0.1240844727
0.2895507812
-0.7445526123
-0.2481842041
0.2068176270
0.1240844727
0.2481842041
0.1044464111
0.0000000000
-0.6267242432
0.0000000000
-0.2089080811
-0.2089080811
0.1044464111
-0.3133544922
0.9503021240
-0.0413208008
0.0000000000
0.2685699463
0.0826416016
0.0413208008
-0.0206604004
0.0206604004
0.0000000000
0.0093536377
0.9824676514
-0.0654907227
0.0280761719
-0.0093536377
0.1590728760
0.0374298096
0.0000000000
0.1237182617
0.0000000000
0.1237182617
-0.1237182617
-0.2474365234
0.2474365234
0.1237182617
-0.0508880615
-0.0678405762
0.0932769775
-0.9837188721
-0.0848083496
0.0339202881
-0.0339202881
0.0678405762
-0.0563812256
0.9906768799
0.0563812256
-0.0885925293
-0.0080566406
0.0000000000
-0.0402679443
-0.0241699219
-0.3200836182
0.4481201172
0.0640106201
0.3840942383
0.3414154053
-0.3414154053
0.4694519043
0.2774047852
-0.1134033203
-0.0971984863
0.9396362305
-0.0648040771
-0.0323944092
-0.0648040771
-0.0323944092
-0.2754058838
-0.3275909424
-0.4679870605
0.4679870605
-0.0467987061
-0.0467987061
-0.3743896484
-0.1403961182
-0.4679870605
-0.0248565674
0.0165710449
0.0248565674
0.9943847656
0.0414276123
-0.0331420898
-0.0662994385
0.0165710449
-0.0852355957
0.9840850830
0.0155029297
0.1084747314
-0.0774841309
-0.0464935303
-0.0077514648
0.0464935303
0.1839599609
-0.0919799805
0.7511749268
0.0000000000
-0.0153350830
0.6132049561
-0.0766448975
0.0613250732
0.1317443848
-0.9222106934
-0.2195739746
-0.0878295898
0.0878295898
-0.0439147949
-0.0439147949
0.0439147949
0.9161834717
0.0000000000
0.0000000000
0.0000000000
-0.2694702148
0.0000000000
0.1347351074
-0.2155761719
-0.1113433838
0.1113433838
0.0000000000
0.0000000000
-0.1113433838
0.1113433838
-0.1113433838
0.1113433838
0.2357025146
0.1178436279
0.0000000000
0.1178436279
0.0000000000
0.0000000000
-0.1178436279
-0.1178436279
0.0078430176
0.9952239990
-0.0313415527
-0.0313415527
0.0156707764
0.0391845703
0.0470123291
-0.0391845703
-0.0579681396
0.0579681396
-0.4154815674
0.8696136475
0.1062927246
0.0193176270
-0.0193176270
-0.2222290039
0.0000000000
0.0875244141
-0.0175018311
0.0700225830
-0.9628295898
0.1050415039
-0.1400451660
0.1400451660
0.5877075195
-0.3917999268
-0.1175384521
0.2742614746
-0.2350769043
-0.3134460449
-0.2350769043
-0.3917999268
-0.3535461426
-0.7660217285
-0.1178436279
-0.2357025146
0.2357025146
0.1178436279
-0.1767730713
-0.0589294434
0.1425933838
-0.2376556396
-0.5228424072
0.1425933838
0.0475311279
-0.0950622559
-0.1901245117
-0.7129669189
0.9826507568
0.0086975098
0.1130523682
-0.0347900391
-0.0347900391
-0.0695648193
-0.0521697998
0.0956573486
-0.0828552246
0.0552368164
0.9667205811
0.1288909912
-0.0460357666
0.1473083496
0.1012725830
0.0460357666
-0.3844757080
-0.0606994629
0.3642425537
0.4249420166
0.5666046143
0.3844757080
-0.1821136475
0.1416473389
-0.0164184570
0.0410461426
0.0492553711
-0.0328369141
-0.0574493408
-0.0492553711
-0.9931640625
-0.0164184570
-0.0921020508
-0.1381530762
-0.6907348633
-0.0921020508
-0.2762908936
0.5065460205
-0.0921020508
-0.2762908936
-0.0832061768
0.9866180420
0.1069793701
-0.0356597900
0.0475463867
0.0118865967
0.0000000000
0.0000000000
-0.2477111816
-0.1238555908
-0.1238555908
0.0000000000
0.1238555908
0.1238555908
0.3715667725
-0.2477111816
-0.1711730957
-0.1711730957
-0.0855865479
0.0855865479
-0.0855865479
-0.2567596436
0.7702941895
-0.0855865479
0.4676971436
0.4417114258
0.6235961914
0.0000000000
0.1818847656
0.2858123779
-0.0779571533
0.2338562012
0.0866699219
-0.2166748047
-0.0433349609
-0.7800292969
-0.2166748047
0.0866699219
0.3900146484
0.2600097656
0.1159973145
0.1159973145
-0.5800018311
0.2320098877
-0.1159973145
-0.1159973145
0.1159973145
-0.1159973145
0.9013671875
0.0360565186
0.0540771484
0.2163238525
-0.1261901855
-0.1261901855
-0.3064575195
0.0180206299
0.0000000000
0.0186157227
0.9864807129
-0.0651397705
0.0744476318
-0.0558319092
0.1023712158
-0.0186157227
-0.1243286133
-0.1243286133
-0.1243286133
0.1243286133
0.2486572266
0.0000000000
-0.2486572266
0.1243286133
-0.0268402100
-0.0536651611
0.0715637207
-0.9929351807
-0.0089416504
0.0000000000
-0.0268402100
0.0447235107
-0.0632476807
0.9881439209
0.0316162109
-0.0948638916
-0.0553436279
0.0000000000
-0.0474243164
0.0474243164
-0.4271240234
0.5024871826
0.1004943848
0.3014984131
0.2763671875
-0.2763671875
0.4773712158
0.2512512207
-0.0851135254
-0.0141906738
0.9221038818
-0.0567474365
0.0000000000
-0.0425567627
-0.0709228516
-0.3546600342
-0.3963470459
-0.4529724121
0.3397216797
0.0000000000
-0.5095977783
-0.3397216797
-0.1132354736
-0.1698608398
-0.0240478516
0.0400848389
0.0160369873
0.9940338135
0.0320587158
-0.0561218262
-0.0561218262
0.0080108643
0.0316009521
0.9955902100
-0.0079040527
0.0553131104
-0.0395050049
0.0000000000
-0.0236968994
0.0236968994
0.2261810303
-0.0807800293
0.7754974365
-0.0161590576
-0.1130981445
0.5493164062
-0.1292572021
-0.0323181152
0.1027526855
-0.9248352051
-0.1370086670
-0.2397766113
0.0000000000
-0.1027526855
-0.0685119629
0.0685119629
0.9172363281
-0.0887603760
0.0000000000
-0.1479492188
-0.2071228027
-0.1479492188
0.1479492188
-0.1183471680
-0.1228332520
0.2456817627
0.1228332520
0.2456817627
0.0000000000
0.0000000000
0.0000000000
0.1228332520
0.0000000000
0.3689117432
0.2459411621
0.2459411621
0.2459411621
0.0000000000
-0.1229705811
-0.1229705811
-0.0156860352
0.9959869385
-0.0392150879
-0.0235290527
0.0235290527
0.0078430176
0.0392150879
-0.0392150879
-0.0781250000
0.0669708252
-0.3683013916
0.8928680420
0.1004486084
0.1339263916
-0.0111541748
-0.1562500000
-0.0352783203
0.1058197021
0.0176391602
0.0705413818
-0.9347229004
0.0881805420
-0.2821807861
0.1058197021
0.6259765625
-0.3953552246
-0.0329437256
0.1647338867
0.3624114990
0.3624114990
-0.1317901611
-0.3294525146
-0.4370574951
-0.5959930420
-0.2781372070
-0.2384033203
0.3576049805
0.3178710938
-0.1986694336
0.0000000000
0.0000000000
-0.3936767578
-0.2624511719
0.3936767578
-0.0656127930
-0.0656127930
-0.1968383789
-0.6561279297
0.9787292480
0.0341491699
0.0569000244
0.0113830566
-0.0569000244
-0.0569000244
-0.1365661621
0.0910491943
-0.0698699951
0.0116424561
0.9549102783
0.0815124512
-0.0349426270
0.2445526123
0.1048126221
-0.0116424561
-0.4112548828
-0.0205688477
0.3701171875
0.4318084717
0.6168670654
0.2673187256
-0.1439361572
0.1439361572
-0.0102081299
0.0714263916
0.0510101318
-0.0510101318
-0.0408172607
-0.0714263916
-0.9896850586
0.0000000000
-0.2520446777
-0.0720062256
-0.8281402588
-0.1440277100
-0.3600616455
0.2160339355
-0.0720062256
-0.0360107422
-0.0677032471
0.9930267334
0.0338592529
-0.0112915039
0.0225677490
0.0112915039
-0.0564270020
-0.0112915039
-0.1199951172
0.0000000000
-0.2400054932
-0.1199951172
0.1199951172
0.0000000000
0.1199951172
-0.1199951172
0.0000000000
-0.2591400146
0.0647888184
0.1943664551
-0.1943664551
0.3239288330
0.5830841064
-0.5182952881
0.5186767578
0.3966369629
0.5796966553
-0.0305175781
0.3050994873
0.2135772705
-0.0915374756
0.2440795898
0.3715515137
-0.0464477539
-0.1393280029
-0.6966552734
-0.3251037598
-0.3251037598
0.1393280029
0.2322235107
-0.1243286133
0.1243286133
0.2486572266
0.1243286133
0.0000000000
-0.1243286133
0.1243286133
0.2486572266
0.8008728027
0.0511169434
0.0000000000
0.2044830322
-0.3748779297
-0.1533508301
-0.3748779297
-0.0170440674
0.0192108154
-0.0095977783
0.9890594482
-0.0288085938
0.0672149658
-0.0960235596
0.0480194092
-0.0384063721
-0.3642120361
-0.1213989258
-0.1213989258
0.1213989258
0.3642120361
0.2428131104
-0.1213989258
0.0000000000
0.0000000000
0.0095977783
0.0287780762
-0.9974212646
0.0287780762
-0.0191802979
-0.0095977783
0.0000000000
-0.0502319336
0.9878997803
-0.0251159668
-0.0753479004
-0.0586090088
0.0000000000
-0.0502319336
0.0837249756
-0.5002136230
0.4644775391
0.1429138184
0.2143707275
0.1071929932
-0.2858276367
0.5359344482
0.2143707275
-0.0486907959
0.0000000000
0.9090270996
-0.0649261475
0.0162353516
0.0000000000
-0.0811614990
-0.3895874023
-0.2654266357
-0.1769409180
0.0884704590
-0.4423675537
-0.2654266357
-0.4423675537
-0.1769409180
-0.3538970947
-0.0078430176
0.0392150879
0.0313720703
0.9959564209
0.0156860352
-0.0313720703
-0.0470581055
0.0078430176
0.0684967041
0.9933013916
-0.0171203613
0.0513763428
-0.0428161621
0.0342559814
0.0085601807
0.0171203613
0.2784576416
0.0000000000
0.7193450928
0.0000000000
-0.3248596191
0.5104980469
-0.1392211914
-0.0464019775
0.0307159424
-0.9213409424
-0.0307159424
-0.3071136475
0.0000000000
-0.1535491943
0.0000000000
-0.0307159424
0.9155578613
-0.1307983398
0.0980987549
-0.2615814209
-0.0653991699
-0.1634979248
0.0000000000
0.0326995850
0.0000000000
0.1000061035
0.1000061035
0.1000061035
0.1000061035
0.0000000000
0.0000000000
0.0000000000
-0.2405242920
0.3607788086
0.1202545166
0.3607788086
0.1202545166
0.0000000000
0.0000000000
-0.2405242920
-0.0083770752
0.9973297119
-0.0083770752
-0.0419006348
0.0000000000
-0.0167541504
0.0251464844
-0.0167541504
-0.0994262695
0.0745697021
-0.3231353760
0.9196929932
0.0372924805
0.1242828369
0.0000000000
-0.1118621826
-0.0599365234
0.0599365234
0.1198730469
0.0599365234
-0.9390411377
0.0799255371
-0.2597351074
0.0799255371
0.4413146973
-0.2574310303
0.0735473633
0.0367736816
0.5884246826
0.4413146973
-0.1103363037
-0.3677673340
-0.2665252686
-0.4738311768
-0.2961425781
-0.2073059082
0.6219024658
0.3553771973
-0.1776885986
-0.0296173096
0.0986175537
-0.1972351074
0.0000000000
0.3944702148
-0.2958526611
0.0986175537
0.0000000000
-0.5917053223
0.9884643555
0.0141143799
0.0282440186
0.0141143799
0.0000000000
-0.0423583984
-0.1129608154
0.0282440186
-0.0654754639
-0.0163726807
0.9330444336
0.0982208252
-0.0654754639
0.2946472168
0.1145782471
-0.0491027832
-0.4036102295
0.0807189941
0.3767089844
0.3497924805
0.6996002197
0.1883544922
-0.0807189941
0.1076354980
0.0122375488
0.0733947754
0.0366973877
-0.0489349365
0.0122375488
-0.0611724854
-0.9909057617
0.0122375488
-0.2779846191
0.0617675781
-0.8339385986
-0.1235504150
-0.2779846191
0.3088684082
-0.0308837891
0.0617675781
-0.0422515869
0.9927825928
-0.0528106689
-0.0316772461
0.0316772461
0.0211181641
-0.0528106689
-0.0316772461
0.0000000000
0.0000000000
-0.2300720215
-0.1150360107
0.0000000000
0.0000000000
0.1150360107
-0.1150360107
-0.0848541260
-0.1697082520
0.2969970703
0.2545776367
-0.2969970703
0.5515747070
0.4242858887
-0.4242858887
0.5117340088
0.3695983887
0.4833068848
0.1421508789
0.4548797607
0.2558746338
-0.1705780029
0.1421508789
0.3758850098
0.1073913574
0.1073913574
-0.6443634033
-0.3221893311
-0.4295806885
-0.1610870361
0.1073913574
0.0000000000
0.0000000000
0.3748321533
0.1249389648
0.1249389648
-0.2498779297
0.1249389648
0.1249389648
0.6998443604
0.0777587891
-0.1166381836
0.1360778809
-0.5637664795
-0.1166381836
-0.3499145508
-0.0777587891
0.0109405518
-0.0656433105
0.9847412109
0.0218811035
0.1094207764
-0.0875396729
0.0000000000
-0.0437622070
0.0000000000
-0.1178436279
0.0000000000
0.1178436279
0.2357025146
0.0000000000
-0.1178436279
-0.1178436279
0.0209960938
0.0419769287
0.0000000000
-0.9969635010
0.0000000000
-0.0104980469
-0.0104980469
-0.0104980469
-0.0374298096
0.9919586182
-0.0561523438
-0.0374298096
-0.0280761719
-0.0093536377
-0.0280761719
0.0748596191
-0.5330963135
0.2961730957
0.1184692383
0.0592346191
0.0000000000
-0.2369384766
0.6515655518
0.1184692383
-0.0580749512
0.0580749512
0.8903808594
-0.0774230957
0.0580749512
0.0193634033
-0.1161346436
-0.4064788818
0.0849761963
0.1699676514
-0.1699676514
-0.5948791504
0.2549438477
-0.0849761963
0.0000000000
-0.5099029541
0.0235443115
0.0156860352
0.0392303467
0.9965515137
0.0078430176
-0.0156860352
-0.0470733643
0.0078430176
0.0935516357
0.9874420166
-0.0103912354
0.0415802002
-0.0519714355
0.0623626709
0.0623626709
0.0207824707
0.1350708008
0.0810394287
0.6753845215
-0.0540313721
-0.4592590332
0.5132904053
-0.1080627441
0.0810394287
-0.0493164062
-0.9371490479
-0.0493164062
-0.2219543457
0.0246582031
-0.1726379395
0.0493164062
-0.1233062744
0.9324645996
-0.0601654053
0.1503906250
-0.1503906250
0.0601654053
-0.0902404785
-0.1804809570
0.0902404785
0.0785675049
0.0000000000
0.0000000000
0.0000000000
0.0000000000
0.0000000000
0.0000000000
0.0785675049
0.0000000000
0.3711547852
0.0000000000
0.0000000000
-0.1237182617
0.0000000000
0.1237182617
-0.1237182617
0.0216369629
0.9954223633
0.0432739258
-0.0324554443
-0.0108184814
0.0000000000
0.0432739258
0.0000000000
-0.0784759521
0.0653991699
-0.2877349854
0.9416809082
0.0130767822
0.0523223877
0.0261535645
-0.1046295166
-0.0450286865
0.0675354004
0.2476348877
0.0675354004
-0.9230041504
0.1800994873
-0.1575927734
0.0450286865
0.2854309082
-0.1223297119
0.0815582275
0.1223297119
0.7339630127
0.2854309082
-0.0815582275
-0.4485321045
-0.0253143311
-0.3543243408
-0.2277832031
-0.1265411377
0.7592773438
0.4302520752
-0.1518554688
0.0253143311
0.0000000000
0.0000000000
-0.2428131104
0.1213989258
-0.4856262207
0.0000000000
0.1213989258
-0.2428131104
0.9897766113
0.0291137695
-0.0145568848
-0.0145568848
0.0582275391
0.0145568848
-0.0727844238
-0.0582275391
-0.0408935547
-0.0204467773
0.8996276855
0.1226806641
-0.1840209961
0.2862396240
0.1840209961
-0.1022338867
-0.4044036865
0.1617584229
0.3235321045
0.2022094727
0.7683868408
0.0808868408
0.0000000000
0.1213226318
0.0000000000
0.0825500488
0.0707550049
-0.0117950439
0.0235900879
-0.0235900879
-0.9905700684
-0.0353698730
-0.2223358154
0.1588134766
-0.7622833252
-0.0317687988
-0.0952911377
0.5399475098
-0.0952911377
0.0317687988
-0.0641937256
0.9885559082
-0.0770263672
-0.0641937256
0.0385131836
0.0385131836
0.0128326416
0.0128326416
-0.0911560059
0.0000000000
-0.0911560059
-0.0911560059
0.0000000000
0.0000000000
0.0000000000
0.0000000000
-0.0789642334
-0.0789642334
0.3553619385
0.1974182129
-0.2763977051
0.6712341309
0.4343261719
-0.2369079590
0.5166931152
0.4623107910
0.3807220459
0.2447509766
0.4895019531
0.1903686523
-0.1087799072
0.0543823242
0.3957214355
0.1483917236
0.2473297119
-0.6430664062
-0.2967987061
-0.3957214355
-0.1483917236
0.0000000000
0.0000000000
0.1150360107
0.0000000000
0.0000000000
0.0000000000
-0.1150360107
0.1150360107
0.2300720215
0.6177978516
0.0475158691
-0.2376098633
0.0475158691
-0.6653137207
-0.0237579346
-0.3088989258
-0.0237579346
0.0298767090
-0.0896301270
0.9710083008
0.0597534180
0.1792602539
-0.0298767090
-0.0597534180
-0.0298767090
0.0000000000
-0.1178436279
0.0000000000
0.1178436279
0.2357025146
0.0000000000
-0.1178436279
-0.1178436279
0.0118713379
0.0237426758
-0.0118713379
-0.9971008301
-0.0118713379
0.0118713379
-0.0118713379
0.0000000000
-0.0125274658
0.9895019531
-0.0751495361
-0.0250549316
-0.0375823975
-0.0626220703
0.0125274658
0.0626220703
-0.5191192627
0.1730346680
0.0000000000
0.1730346680
0.0865173340
-0.2595672607
0.5191192627
0.2595672607
-0.1957397461
0.1739959717
0.8264465332
0.0000000000
0.1304931641
0.0000000000
-0.0869903564
-0.4567260742
0.2790374756
0.3488006592
-0.1395263672
-0.6278381348
0.2790374756
0.0697631836
-0.1395263672
-0.3488006592
0.0392456055
0.0000000000
0.0078430176
0.9969482422
0.0078430176
0.0000000000
-0.0471038818
0.0157012939
0.0847167969
0.9803161621
-0.0242004395
0.0484161377
-0.0726165771
0.0847167969
0.0968170166
0.0484161377
0.1206665039
0.1689300537
0.7239685059
-0.0241394043
-0.3619842529
0.4826354980
-0.2171936035
0.0482635498
-0.1223754883
-0.9545898438
-0.0489501953
-0.0979003906
0.0489501953
-0.1713409424
0.0734252930
-0.0734252930
0.9639129639
-0.1014709473
0.1014709473
-0.1014709473
0.0253601074
-0.0760955811
-0.1014709473
0.0507354736
0.0000000000
0.0000000000
0.0000000000
-0.0588226318
0.0000000000
0.0000000000
0.0000000000
0.0000000000
0.1238555908
0.1238555908
0.0000000000
-0.2477111816
-0.1238555908
0.1238555908
0.3715667725
-0.2477111816
0.0287628174
0.9925231934
0.0575408936
0.0000000000
-0.0143890381
0.0143890381
0.0431518555
0.0431518555
-0.0610198975
-0.0152587891
-0.2288513184
0.9611816406
0.0000000000
0.0610198975
0.0915374756
0.0152587891
0.0456542969
0.0456542969
0.3880615234
0.0913085938
-0.8445892334
0.2967529297
-0.1369628906
0.0000000000
0.2817230225
-0.2347564697
-0.0939025879
0.2817230225
0.7512359619
0.0000000000
0.0000000000
-0.3756256104
0.1069030762
-0.2137908936
-0.0534515381
-0.0801696777
0.7482757568
0.5612182617
-0.1336212158
0.1336212158
0.1184692383
0.1184692383
-0.2369232178
0.0000000000
-0.3553924561
0.0000000000
0.0000000000
-0.4738464355
0.9813842773
0.0700988770
-0.0525817871
-0.0700988770
0.0876312256
0.0350494385
-0.0525817871
-0.0525817871
0.0491638184
-0.0245819092
0.8602905273
0.1720581055
-0.2458038330
0.2949523926
0.1474761963
-0.1966400146
-0.4160919189
0.1783294678
0.2377624512
0.0594482422
0.7727355957
-0.0594482422
0.0594482422
0.1188812256
-0.0881500244
0.0881500244
0.1007385254
0.0377807617
0.0000000000
0.0251770020
-0.9821624756
-0.0503692627
-0.2038574219
0.1358947754
-0.7474517822
-0.0679473877
0.0000000000
0.5775756836
-0.0339813232
0.0679473877
-0.0268096924
0.9651794434
0.0804290771
-0.1072387695
0.0000000000
-0.0268096924
0.1608581543
0.0000000000
-0.0911560059
-0.0911560059
-0.0911560059
0.0000000000
0.0000000000
0.0000000000
0.0000000000
0.0000000000
-0.0671386719
0.0000000000
0.4364166260
0.0671386719
-0.3021392822
0.7385559082
0.2685699463
-0.2350006104
0.3804473877
0.5706634521
0.3804473877
0.3804473877
0.3260955811
0.3260955811
-0.0543518066
-0.0271759033
0.2217254639
0.0886840820
0.3990936279
-0.6208190918
-0.1773834229
-0.5321350098
-0.1330261230
-0.0443420410
0.0000000000
0.1064758301
-0.1064758301
0.0000000000
-0.1064758301
-0.1064758301
0.1064758301
0.0000000000
0.4235229492
0.0529479980
-0.2117614746
0.0264739990
-0.7941131592
-0.0264739990
-0.3441162109
0.0000000000
0.0662689209
-0.0662689209
0.9057312012
0.0662689209
0.3092803955
0.0662689209
-0.2209167480
0.0441894531
0.2400054932
0.0000000000
0.0000000000
-0.1199951172
0.1199951172
-0.1199951172
-0.1199951172
-0.1199951172
0.0000000000
0.0280609131
0.0000000000
-0.9963378906
0.0000000000
0.0140380859
0.0000000000
0.0000000000
0.0381622314
0.9730529785
-0.0763244629
0.1144714355
-0.0763244629
-0.0763244629
0.0953979492
0.0190734863
-0.3133544922
0.2089080811
-0.1044464111
0.4178161621
0.2089080811
-0.2089080811
0.4178161621
0.1044464111
-0.5451812744
0.1703643799
0.6814727783
-0.1022186279
0.1022186279
0.1022186279
0.0000000000
-0.3748168945
0.2684936523
0.4474945068
-0.2684936523
-0.4474945068
0.3579864502
0.0894927979
-0.0894927979
-0.1790008545
0.0318908691
-0.0079650879
-0.0159454346
0.9964599609
-0.0398559570
0.0079650879
-0.0318908691
0.0318908691
0.1422271729
0.9671936035
0.0000000000
0.1137847900
0.0142211914
0.1137847900
0.0995635986
-0.0426635742
0.2037811279
0.2547302246
0.7132415771
0.0509490967
-0.2037811279
0.4585113525
-0.3056793213
-0.1273651123
-0.1047821045
-0.9692687988
0.0000000000
-0.0261993408
0.0261993408
-0.1309814453
0.0785827637
-0.0523986816
0.9705352783
-0.1164703369
0.0388183594
-0.0970611572
-0.0388183594
-0.1164703369
-0.0194091797
-0.0776367188
-0.2494506836
0.1247253418
0.0000000000
0.0000000000
-0.2494506836
0.2494506836
0.0000000000
0.1247253418
0.0000000000
-0.2038421631
-0.3057556152
0.5095977783
0.1019134521
-0.4076843262
-0.2038421631
-0.1019134521
-0.0578002930
0.9922180176
-0.0481719971
0.0000000000
0.0578002930
0.0481719971
-0.0192718506
0.0289001465
-0.0071105957
0.0000000000
-0.4268798828
0.7897338867
0.1067199707
-0.0996093750
0.0284576416
-0.4126586914
-0.3057708740
0.1945800781
-0.2501678467
0.0278015137
-0.7227172852
0.1667785645
0.4725494385
0.0833892822
0.3713073730
-0.2475280762
0.4331817627
0.4950714111
0.0618896484
-0.0618896484
-0.3713073730
-0.3094177246
0.1954498291
-0.4886322021
-0.2931823730
-0.4886322021
0.0000000000
-0.1954498291
0.0977325439
0.0977325439
0.1829986572
0.0000000000
-0.3659973145
0.2352905273
0.0784301758
0.1568603516
-0.1568603516
-0.8365631104
0.9369659424
0.0551147461
0.0826721191
-0.0734863281
-0.2112731934
0.0459289551
-0.2388305664
0.0183715820
-0.0435638428
0.0261383057
0.9671936035
0.2004089355
-0.0174255371
-0.0958404541
0.0261383057
0.0958404541
-0.8030090332
0.2248382568
0.2248382568
0.0000000000
0.4175567627
0.1927185059
-0.0963592529
0.0000000000
-0.0233306885
-0.0077819824
0.0077819824
-0.0155639648
-0.0700073242
-0.0233306885
-0.9957275391
-0.0155639648
0.0000000000
-0.3148651123
-0.6297302246
-0.1259460449
-0.1889190674
0.5667572021
0.0000000000
0.0000000000
-0.0085906982
0.9972229004
0.0343933105
-0.0085906982
0.0000000000
-0.0429840088
0.0000000000
0.0000000000
-0.1338195801
-0.1338195801
0.0000000000
-0.2007446289
0.0000000000
0.0000000000
0.1338195801
-0.8698730469
0.1954498291
-0.3908996582
-0.0977325439
-0.0977325439
0.0977325439
-0.5863494873
0.0977325439
0.2931823730
0.4738464355
0.4738464355
0.5415344238
0.1579437256
0.0902557373
0.4061431885
-0.1353759766
0.1579437256
0.0407714844
-0.1223297119
-0.0815582275
-0.4077606201
-0.1223297119
0.3669738770
0.5708618164
0.5300750732
0.0000000000
0.1365814209
-0.8878021240
0.0682983398
-0.0682983398
-0.0682983398
-0.0682983398
0.1365814209
0.9682769775
-0.0900726318
0.1801452637
-0.0225219727
0.0000000000
-0.0225219727
0.0000000000
0.0675506592
-0.1070251465
-0.1337738037
0.9765472412
-0.0133819580
-0.0401306152
-0.0535125732
0.0133819580
-0.0802612305
-0.1199951172
0.1199951172
-0.1199951172
-0.1199951172
0.0000000000
-0.2400054932
0.0000000000
0.1199951172
-0.0707702637
-0.0303344727
0.0707702637
-0.9907073975
-0.0606536865
0.0202178955
-0.0101165771
0.0101165771
-0.0421142578
0.9940185547
-0.0589599609
0.0000000000
0.0252685547
0.0168457031
-0.0589599609
0.0000000000
-0.3737030029
0.4359741211
0.2283630371
0.3944549561
0.3737030029
-0.2906494141
0.4152221680
0.2283630371
0.0000000000
0.0840301514
0.9578704834
-0.0672149658
0.0000000000
-0.1176300049
-0.0167999268
-0.2184600830
-0.0429382324
-0.2575988770
0.2146759033
-0.0858612061
-0.6440124512
-0.3005371094
-0.0429382324
-0.5581359863
-0.0416717529
0.0312500000
0.0520935059
0.9896850586
0.0520935059
0.0312500000
-0.0833435059
-0.0312500000
0.0470581055
0.9960784912
-0.0078430176
0.0000000000
0.0078430176
0.0549011230
-0.0156860352
0.0156860352
0.3903350830
0.0853881836
0.6464843750
0.0121917725
0.0121917725
0.6098937988
-0.2073669434
-0.0487976074
0.1556854248
-0.9341430664
-0.1037902832
-0.0518951416
0.0518951416
-0.2335357666
0.0000000000
0.1037902832
0.9069366455
0.1343536377
0.0000000000
0.0671844482
-0.3023071289
-0.0671844482
0.1343536377
0.0671844482
0.0000000000
0.1064758301
0.0000000000
0.1064758301
-0.1064758301
0.1064758301
0.0000000000
0.1064758301
0.1099700928
0.0000000000
-0.2199401855
0.5498504639
0.1099700928
-0.2199401855
-0.3299102783
-0.1099700928
-0.0829162598
0.9845733643
-0.1139984131
0.0518188477
0.0310974121
0.0310974121
-0.0310974121
0.0414581299
0.0081481934
0.0000000000
-0.4071502686
0.7898712158
0.1221466064
-0.0977172852
0.1058654785
-0.4152984619
-0.1521606445
0.1141204834
-0.1141204834
-0.0760803223
-0.8939666748
0.3233489990
0.1711883545
0.0190277100
0.3074035645
-0.0878295898
0.3074035645
0.2195739746
0.1317443848
0.7465515137
-0.2195739746
-0.2634887695
-0.1667480469
-0.6669769287
-0.2917938232
-0.2501220703
0.5419158936
0.0833740234
-0.1250610352
0.0833740234
-0.0524291992
-0.1048583984
-0.1048583984
0.2097167969
0.0000000000
0.0524291992
-0.2097167969
-0.8913269043
0.9422607422
0.0188446045
0.0376892090
0.0094299316
-0.1696014404
0.0282745361
-0.2732543945
0.0565338135
-0.0497436523
-0.0198974609
0.9748382568
0.1790466309
-0.0099487305
0.0397949219
0.0596771240
0.0795745850
-0.6850738525
0.2802581787
0.2491149902
0.1868438721
0.5293731689
0.1868438721
0.0000000000
0.0934143066
-0.0155792236
0.0389556885
0.0155792236
-0.0311737061
0.0077972412
-0.0155792236
-0.9973907471
0.0000000000
-0.3783416748
-0.2751617432
-0.7222900391
-0.1719665527
-0.2751617432
0.3095550537
-0.0343933105
-0.1375732422
-0.0233459473
0.9922637939
0.0233459473
0.0233459473
-0.0233459473
-0.0583648682
-0.0700378418
-0.0233459473
-0.1099700928
-0.1099700928
-0.1099700928
-0.2199401855
0.3299102783
0.0000000000
0.2199401855
-0.5498504639
0.0800323486
-0.4802398682
-0.3201599121
-0.0800323486
0.0800323486
-0.5602722168
0.2401123047
-0.2401123047
0.4677276611
0.5169525146
0.4677276611
0.2215576172
0.1230926514
0.2954101562
-0.1477050781
0.3200225830
0.4398498535
-0.2399139404
-0.2399139404
-0.1999359131
0.0399932861
0.0399932861
0.7197570801
0.2799072266
0.0756378174
-0.0756378174
-0.7563323975
0.0756378174
-0.1512603760
0.0000000000
-0.2268981934
0.3781585693
0.9245147705
0.0000000000
0.0943450928
-0.0377349854
-0.1698150635
-0.0566101074
-0.3018798828
0.0188751221
-0.0675201416
-0.1519317627
0.9284667969
0.1012878418
0.0168762207
-0.1181640625
-0.2194519043
-0.1688079834
-0.4918823242
0.0000000000
-0.1229705811
0.2459411621
0.1229705811
0.0000000000
0.0000000000
0.1229705811
-0.0409851074
-0.0102539062
0.0614776611
-0.9939880371
0.0409851074
0.0000000000
-0.0307464600
-0.0204925537
-0.0460815430
0.9907226562
-0.0576019287
0.0230407715
0.0000000000
0.0230407715
-0.0806427002
0.0345611572
-0.4232330322
0.4867095947
0.2962646484
0.3385772705
0.2751007080
-0.2751007080
0.4020690918
0.2327728271
0.0685882568
0.2194824219
0.8779449463
-0.0137176514
0.0548706055
-0.1371765137
0.0274353027
-0.3840942383
0.0000000000
-0.5764312744
0.0000000000
-0.1441040039
-0.6484832764
-0.2161560059
-0.0720520020
0.0000000000
-0.0771484375
0.0440826416
0.0110168457
0.9809265137
0.0440826416
0.0440826416
-0.0991973877
-0.1102142334
0.1015472412
0.9919738770
-0.0156250000
-0.0078125000
0.0468597412
0.0312500000
-0.0156250000
0.0000000000
0.3144226074
0.1634979248
0.7168731689
0.0628814697
-0.1131896973
0.5282287598
-0.2012329102
-0.1383514404
0.1076812744
-0.9475860596
-0.0646057129
-0.1938171387
0.0430755615
-0.1507568359
0.0430755615
-0.0861511230
0.8963623047
0.0779418945
-0.1169128418
0.0389709473
-0.1169128418
-0.1558837891
0.2727966309
0.1169128418
0.0000000000
0.3685150146
0.0000000000
0.1228332520
0.0000000000
0.0000000000
0.1228332520
0.0000000000
-0.2307739258
0.3461608887
-0.1153869629
0.3461608887
0.0000000000
-0.3461608887
-0.2307739258
0.0000000000
-0.0785217285
0.9871368408
-0.0897369385
0.0560913086
0.0000000000
-0.0224304199
-0.0560913086
0.0224304199
0.0305480957
-0.0101776123
-0.3258209229
0.8552703857
0.1119995117
-0.0305480957
0.1323699951
-0.3563690186
-0.0172882080
0.0518646240
-0.0518646240
-0.0518646240
-0.9508056641
0.2765960693
0.0172882080
0.0345764160
0.2872161865
-0.1148834229
0.0861663818
0.0000000000
0.4020996094
0.7754821777
-0.3159332275
-0.0861663818
-0.1715545654
-0.6004333496
-0.3145141602
-0.1429595947
0.6290283203
0.2287445068
-0.1143646240
0.0571899414
0.0000000000
-0.1856536865
0.6188354492
0.1856536865
-0.3094177246
0.0000000000
-0.1237640381
-0.5569610596
0.9435272217
-0.0117950439
-0.0353851318
0.0353851318
-0.1415252686
0.0117950439
-0.2712707520
0.0943603516
0.0000000000
-0.0474395752
0.9606781006
0.1423187256
-0.0830230713
0.1779022217
0.1067352295
-0.0118560791
-0.6167907715
0.2055969238
0.2643432617
0.2643432617
0.5874176025
0.2055969238
-0.0293731689
0.1468505859
-0.0266113281
0.0709381104
0.0000000000
-0.0088653564
0.0709381104
-0.0088653564
-0.9932098389
-0.0088653564
-0.5107116699
-0.1418609619
-0.7660675049
-0.0851135254
-0.1986083984
0.1986083984
-0.0851135254
-0.1134948730
-0.0140075684
0.9808654785
-0.0840759277
0.0420379639
-0.0560455322
-0.0420379639
-0.1261138916
0.0420379639
-0.1247253418
0.1247253418
-0.2494506836
-0.2494506836
0.1247253418
-0.1247253418
0.1247253418
-0.1247253418
-0.1659088135
-0.1659088135
-0.1659088135
-0.1659088135
-0.0829620361
0.2488708496
0.4977416992
-0.5807037354
0.4539642334
0.4539642334
0.4539642334
0.2269897461
0.1986083984
0.3121032715
-0.2269897461
0.3404693604
0.6914062500
-0.2160644531
-0.0864257812
-0.0432128906
0.0864257812
-0.1728515625
0.6049804688
0.0432128906
-0.1190643311
-0.1190643311
0.4762878418
0.1190643311
-0.1190643311
0.0000000000
0.1190643311
0.3572082520
0.8358001709
-0.0545043945
-0.1271820068
0.0181732178
-0.4542388916
0.0000000000
-0.2543792725
-0.0181732178
-0.0451049805
-0.1804199219
0.7442321777
0.2706298828
0.0451049805
-0.2029724121
-0.4961547852
-0.1804199219
-0.3674163818
-0.1224670410
-0.2449493408
0.2449493408
0.2449493408
0.0000000000
-0.1224670410
-0.1224670410
-0.0225372314
0.0450897217
0.0225372314
-0.9919586182
0.0676269531
-0.0338134766
-0.0338134766
-0.0450897217
-0.0390167236
0.9884338379
-0.0390167236
0.0650329590
0.0000000000
0.0390167236
-0.0520172119
0.0780334473
-0.4848175049
0.4848175049
0.2908935547
0.2585601807
0.1292877197
-0.2908935547
0.4201660156
0.2585601807
0.0894775391
0.2386169434
0.8351593018
0.0149078369
0.0447387695
-0.1044006348
0.0596618652
-0.4623260498
0.3742370605
-0.3742370605
-0.3742370605
-0.4678039551
0.1871185303
-0.0935668945
0.0000000000
0.0935668945
-0.0956115723
0.0597534180
0.0358581543
0.9561157227
0.0119476318
0.1195068359
-0.1075592041
-0.2031707764
0.0502777100
0.9971923828
-0.0167541504
-0.0083770752
0.0167541504
-0.0083770752
0.0083770752
0.0083770752
0.3012847900
0.2061462402
0.7135620117
0.0792846680
-0.2220001221
0.4915618896
-0.1902770996
-0.1268615723
0.0184478760
-0.9221191406
-0.0737762451
-0.2581939697
0.0737762451
-0.2028656006
0.0553283691
-0.1291046143
0.8292694092
0.0000000000
-0.0592346191
-0.1184692383
0.1777038574
-0.2961730957
0.0592346191
0.2369384766
0.0000000000
0.2129516602
0.0000000000
0.0000000000
0.0000000000
0.0000000000
0.1064758301
0.0000000000
0.0000000000
0.3674163818
0.0000000000
0.2449493408
0.0000000000
-0.3674163818
-0.1224670410
-0.1224670410
-0.0354156494
0.9918060303
-0.0354156494
0.0118103027
-0.0118103027
-0.0590362549
-0.0708465576
0.0236206055
0.0229644775
0.0229644775
-0.3099365234
0.9068450928
0.0459136963
-0.0114746094
0.1262664795
-0.2410583496
-0.0415802002
0.0207824707
0.0207824707
0.0207824707
-0.9770202637
0.1663055420
-0.0207824707
0.0207824707
0.1401214600
-0.0840759277
0.0560455322
-0.1121063232
0.5605010986
0.7566833496
-0.1961822510
-0.0840759277
-0.1060638428
-0.6098937988
-0.2651672363
-0.1060638428
0.6894378662
0.1591033936
-0.1060638428
-0.0265197754
0.1931610107
0.0643920898
0.7082366943
0.1287689209
-0.3863067627
0.0000000000
0.0643920898
-0.3863067627
0.9688720703
-0.0323028564
-0.0968933105
0.0484466553
0.0000000000
0.0161437988
-0.1937713623
0.0484466553
-0.0305328369
-0.0916137695
0.9161529541
0.1679687500
-0.0916137695
0.2748413086
0.1526947021
-0.0916137695
-0.5983581543
0.2393493652
0.2792358398
0.1994476318
0.5983581543
0.1595611572
-0.0797882080
0.1595611572
-0.0253601074
0.0253601074
0.0253601074
0.0634002686
0.1014404297
0.0126800537
-0.9890899658
-0.0126800537
-0.4057312012
0.0000000000
-0.8368072510
0.0000000000
-0.1014251709
0.3042907715
-0.0760803223
-0.0760803223
0.0000000000
0.9761352539
-0.1978607178
0.0263824463
0.0131835938
0.0000000000
-0.0395660400
0.0000000000
-0.1150360107
0.1150360107
-0.2300720215
0.0000000000
-0.1150360107
0.0000000000
0.0000000000
0.0000000000
-0.1101226807
0.0550537109
0.2752990723
0.0550537109
-0.1651763916
0.7708282471
0.3303527832
-0.2752990723
0.4176025391
0.4732818604
0.4454345703
0.2227172852
0.2227172852
0.3897552490
-0.2227172852
0.2783966064
0.7895812988
-0.1214752197
0.1822052002
-0.1822052002
0.0607299805
-0.3644256592
0.1822052002
-0.0607299805
-0.1224670410
0.0000000000
0.4898986816
0.2449493408
0.1224670410
0.1224670410
0.1224670410
0.0000000000
0.6888275146
-0.1076354980
-0.3013610840
0.0430450439
-0.6242523193
0.0861053467
-0.0861053467
-0.0430450439
-0.0642700195
-0.2892303467
0.6105957031
0.3213653564
0.1285400391
-0.1606903076
-0.5784606934
-0.1606903076
-0.1228332520
-0.1228332520
0.0000000000
0.2456817627
0.1228332520
0.0000000000
0.2456817627
0.0000000000
-0.0112915039
0.0564575195
-0.0112915039
-0.9935455322
-0.0112915039
-0.0677337646
-0.0112915039
-0.0225830078
-0.0389709473
0.9871826172
-0.0389709473
0.0649414062
0.0779418945
0.0000000000
-0.0259857178
0.0779418945
-0.4886016846
0.3664398193
0.1221466064
0.1832275391
0.0000000000
-0.3053741455
0.5496673584
0.2442932129
0.0849304199
0.2760314941
0.7856140137
0.0000000000
0.0849304199
-0.1273956299
0.0424652100
-0.5095825195
0.2009429932
-0.2009429932
-0.3014221191
-0.4018859863
0.5023651123
0.0000000000
0.1004791260
-0.2009429932
-0.0721740723
0.0481109619
0.0601348877
0.9622497559
0.0120239258
0.0962219238
-0.0841979980
-0.2044830322
-0.0112915039
0.9932861328
0.0112915039
0.0112915039
-0.0451507568
0.0338592529
0.0677185059
0.0338592529
0.1691131592
0.2066955566
0.7516326904
0.0375823975
-0.2630767822
0.4697723389
-0.2442779541
0.0375823975
-0.0189819336
-0.9303283691
-0.0569610596
-0.2088470459
0.0569610596
-0.2088470459
0.0759429932
-0.1518859863
0.8298339844
-0.1555938721
0.2074584961
-0.1037292480
0.2074584961
-0.1555938721
-0.2593231201
0.1037292480
0.0000000000
0.0911560059
0.0911560059
-0.0911560059
0.0000000000
0.0000000000
0.0000000000
0.0000000000
0.0000000000
0.3750000000
-0.1250000000
-0.1250000000
0.0000000000
-0.2500000000
0.0000000000
-0.1250000000
0.0138092041
0.9940643311
0.0000000000
0.0138092041
-0.0138092041
-0.0414123535
-0.0414123535
0.0414123535
0.0130615234
0.0261230469
-0.2873840332
0.9274902344
0.0261230469
-0.0653228760
0.1306304932
-0.1698150635
-0.0700073242
-0.0233306885
0.1866912842
0.0000000000
-0.9101409912
0.3267211914
0.0700073242
-0.0466766357
0.0304870605
-0.0609588623
0.0304870605
-0.0609588623
0.5486755371
0.7620544434
-0.1828918457
-0.2133789062
0.0264129639
-0.5811309814
-0.2905578613
0.0000000000
0.7131958008
0.1849060059
-0.0264129639
-0.1056671143
0.1659088135
0.1659088135
0.4977416992
0.0829620361
-0.5807037354
-0.0829620361
0.0000000000
-0.3318328857
0.9776611328
-0.0207977295
-0.1040039062
0.0000000000
0.1248016357
0.0000000000
-0.0415954590
-0.0415954590
-0.0193023682
-0.0965423584
0.8882141113
0.1351623535
-0.0965423584
0.3282623291
0.1544799805
-0.1737823486
-0.5339660645
0.2288513184
0.2288513184
-0.0762786865
0.6102447510
0.0762786865
-0.0762786865
0.1525573730
-0.0138397217
0.0276794434
0.1107330322
0.0830535889
0.0553741455
0.0000000000
-0.9827880859
-0.0692138672
-0.3478088379
0.0993804932
-0.7453155518
0.0248413086
0.0000000000
0.5217285156
-0.0745391846
-0.1242218018
0.0000000000
0.9689636230
-0.2249450684
0.0173034668
0.0000000000
0.0000000000
0.0173034668
-0.0173034668
-0.0785675049
0.0000000000
-0.0785675049
0.0000000000
0.0000000000
0.0000000000
0.0000000000
0.0000000000
-0.1425933838
0.0950622559
0.4277801514
0.0475311279
-0.1425933838
0.7604980469
0.3327178955
-0.0475311279
0.4710235596
0.5701751709
0.3718566895
0.2479095459
0.2231140137
0.3222808838
-0.1735382080
0.2231140137
0.8350982666
-0.0463867188
0.1855773926
-0.3247528076
0.0463867188
-0.2783660889
0.0463867188
-0.0927886963
0.0000000000
0.1064758301
0.0000000000
0.0000000000
-0.1064758301
0.1064758301
0.1064758301
0.1064758301
0.5670471191
-0.1232757568
-0.3698120117
0.0246582031
-0.6903228760
0.1479339600
-0.0493164062
0.0739593506
0.0854034424
-0.3415832520
0.2988891602
0.2988891602
0.4696807861
0.0000000000
-0.6404724121
-0.0854034424
0.0000000000
-0.2226867676
0.0000000000
0.1113433838
0.1113433838
0.0000000000
0.0000000000
0.0000000000
0.0000000000
-0.0121154785
-0.0242309570
-0.9935913086
-0.0363464355
-0.0727081299
0.0121154785
0.0242309570
-0.0854339600
0.9739532471
0.0170898438
0.0854339600
0.0854339600
-0.0683441162
0.0683441162
0.1025238037
-0.4685668945
0.1561889648
-0.1561889648
0.2342834473
0.0000000000
-0.3123779297
0.4685668945
0.3904724121
-0.0262298584
0.3147888184
0.7607421875
0.0524597168
0.1311645508
-0.2360992432
0.0262298584
-0.4721832275
0.3281707764
0.1093902588
-0.3281707764
-0.4375762939
0.3281707764
0.0000000000
0.1093902588
-0.1093902588
-0.0240936279
0.0000000000
0.0240936279
0.9878082275
0.0120391846
0.0361328125
-0.0722808838
-0.1084136963
-0.0307617188
0.9692230225
0.0000000000
0.0615386963
-0.1076965332
0.0769195557
0.1384582520
0.1076965332
0.0970916748
0.1941833496
0.7573089600
0.0194244385
-0.1941833496
0.5048675537
-0.2718505859
0.0194244385
-0.0501556396
-0.9529266357
-0.1253814697
-0.1003112793
0.0000000000
-0.2006225586
0.0501556396
-0.0250701904
0.9032287598
-0.1570892334
0.0785369873
-0.0785369873
0.0785369873
-0.1178131104
-0.2749023438
0.0392761230
0.0000000000
0.1000061035
0.0000000000
-0.1000061035
0.0000000000
0.1000061035
0.0000000000
-0.1000061035
0.1113433838
0.1113433838
-0.1113433838
-0.1113433838
0.0000000000
-0.1113433838
0.1113433838
0.0000000000
0.0344543457
0.9820251465
-0.0172271729
0.0861358643
-0.0172271729
0.0344543457
-0.0344543457
0.1206054688
0.0167846680
0.0335693359
-0.2350311279
0.9569244385
0.0503692627
-0.0335693359
0.1175231934
-0.0335693359
0.0000000000
-0.0445861816
0.3343963623
-0.0222930908
-0.8248443604
0.4235687256
0.0445861816
-0.0891723633
-0.0979766846
-0.2449493408
-0.0979766846
0.0000000000
0.6858520508
0.5388946533
-0.1469726562
-0.2449493408
0.1273651123
-0.4457855225
-0.2547302246
0.0636901855
0.7323760986
0.3821105957
0.0000000000
-0.0318450928
0.0905609131
0.1811065674
0.2716674805
0.0000000000
-0.5433349609
-0.0905609131
0.0000000000
-0.5433349609
0.9333496094
0.0266723633
-0.0533294678
-0.0800018311
0.2400054932
-0.0533294678
0.1866760254
-0.0266723633
-0.0275573730
-0.0275573730
0.8817138672
0.0826568604
-0.1377716064
0.3030853271
0.0550994873
-0.2755279541
-0.3553924561
0.1184692383
0.1184692383
-0.1184692383
0.4738464355
-0.1184692383
-0.1184692383
0.1184692383
-0.0444641113
0.0296478271
0.1630401611
0.0741119385
-0.0148162842
0.0000000000
-0.9782257080
-0.0296478271
-0.2780761719
0.0834197998
-0.6951904297
-0.0834197998
0.0834197998
0.6117706299
-0.0834197998
-0.1112365723
-0.0562591553
0.8439483643
0.0000000000
0.0000000000
-0.1125183105
-0.2250518799
0.3375701904
-0.0562591553
-0.0785675049
0.0000000000
0.0000000000
0.0000000000
0.0785675049
0.0000000000
0.0000000000
0.0000000000
-0.0906677246
0.1813354492
0.4533538818
-0.0906677246
-0.0906677246
0.7706909180
0.2720031738
-0.0453338623
0.3805084229
0.6183166504
0.3091583252
0.4042816162
0.1189117432
0.3805084229
-0.0951232910
0.1664733887
0.6937561035
-0.0816192627
0.2856597900
-0.4488983154
0.0000000000
-0.4080963135
-0.0408020020
-0.0816192627
0.0000000000
0.1000061035
-0.1000061035
0.0000000000
-0.1000061035
0.0000000000
0.1000061035
0.0000000000
0.3728179932
-0.0798950195
-0.2662963867
0.0266265869
-0.8521423340
0.1065216064
-0.1065216064
0.1065216064
0.2404937744
-0.1603240967
-0.1603240967
0.1603240967
0.6012420654
0.1603240967
-0.6413116455
0.1202545166
0.0000000000
-0.1000061035
-0.1000061035
0.0000000000
0.0000000000
0.0000000000
-0.1000061035
-0.1000061035
0.0146026611
-0.0292053223
-0.0292053223
-0.9930419922
0.0000000000
-0.0584106445
0.0292053223
0.0292053223
-0.1556396484
0.8819427490
0.0259399414
0.2853393555
0.0778198242
-0.1296997070
0.2334594727
0.1296997070
-0.3000030518
0.1000061035
0.0000000000
0.3999938965
0.0000000000
-0.1999969482
0.5000000000
0.3000030518
-0.1737976074
0.2896575928
0.7531127930
0.0000000000
0.1737976074
-0.2317199707
0.0579376221
-0.3475952148
0.4445648193
0.2222900391
-0.2222900391
-0.2222900391
0.3334350586
0.2222900391
0.1111450195
0.1111450195
-0.0118255615
-0.0354766846
0.0354766846
0.9933319092
-0.0591278076
0.0118255615
-0.0354766846
-0.0354766846
0.1134033203
0.9450683594
0.0189056396
0.1890106201
0.0000000000
0.1701049805
0.1323089600
0.0000000000
0.2238769531
0.3233642578
0.5969848633
0.1492462158
-0.0497436523
0.5223693848
-0.3482513428
-0.2238769531
-0.0299377441
-0.9577941895
-0.0897979736
0.0000000000
-0.0299377441
-0.1795806885
0.0598602295
0.0897979736
0.9482879639
-0.1843872070
-0.0526885986
-0.1053619385
-0.0263366699
-0.1317138672
-0.0790252686
-0.0790252686
-0.1237182617
0.1237182617
0.0000000000
0.2474365234
-0.1237182617
0.0000000000
-0.2474365234
-0.1237182617
-0.1105499268
0.0000000000
0.1105499268
0.5527648926
0.1105499268
-0.4422149658
0.0000000000
0.0000000000
-0.3603057861
0.7806549072
-0.3002471924
0.2101745605
-0.0900726318
0.0300292969
-0.2101745605
0.2101745605
0.0715484619
-0.0817718506
-0.3986053467
0.6847839355
0.1635284424
-0.1737518311
0.1328735352
-0.5314636230
-0.6263427734
0.4760131836
0.0000000000
0.2254791260
0.4259033203
0.0000000000
0.3256988525
0.1503143311
0.0000000000
0.1469116211
0.4774475098
-0.0367279053
0.7712707520
0.3305358887
0.0000000000
-0.0367279053
0.2087707520
0.2783660889
-0.2087707520
-0.3479614258
-0.4871520996
-0.3479614258
-0.1391906738
0.4175567627
0.0674896240
-0.0674896240
-0.1687164307
0.3036804199
0.1687164307
0.0337371826
-0.3036804199
-0.8435668945
0.9346160889
0.0315093994
0.0209960938
-0.0104980469
-0.1365203857
0.0420074463
-0.3150329590
0.0420074463
0.0111999512
-0.1456756592
0.9412689209
0.2465209961
0.0224151611
-0.1008453369
-0.0448150635
0.1232604980
-0.7613677979
0.4478607178
-0.1343536377
0.0000000000
0.3135070801
-0.1343536377
0.1343536377
-0.0447845459
-0.0509185791
-0.0254669189
0.0169677734
-0.0254669189
-0.0339508057
-0.0763854980
-0.9929199219
0.0254669189
-0.6866760254
-0.2942962646
-0.1471405029
-0.4904785156
-0.2452392578
-0.0490417480
0.1961975098
0.0000000000
0.0112457275
0.9676361084
-0.2250366211
0.0337524414
-0.0450134277
-0.0450134277
-0.0225067139
-0.0562591553
-0.0968475342
-0.1937103271
0.1937103271
-0.2905578613
0.0000000000
0.0000000000
-0.1937103271
-0.6779632568
0.0000000000
-0.6338958740
-0.1811065674
-0.1811065674
0.0000000000
-0.4527893066
0.1811065674
0.0905609131
0.2919464111
0.4963226318
0.4963226318
0.2919464111
-0.0291900635
0.3795318604
-0.2043609619
0.3503417969
0.4411163330
-0.1890563965
-0.4096069336
-0.0945281982
0.1260375977
0.1260375977
0.6931915283
0.2205657959
-0.1278686523
0.0852355957
-0.8950347900
0.0426177979
-0.0426177979
-0.0852355957
-0.1278686523
0.2983398438
0.8038940430
-0.1121673584
0.1495666504
-0.4673767090
-0.2056427002
-0.0934753418
-0.1869506836
0.0560913086
-0.2501068115
-0.0714569092
0.7860412598
0.1786499023
-0.1786499023
0.0000000000
-0.2858276367
-0.3572998047
-0.2495727539
0.1247863770
0.0000000000
-0.2495727539
-0.2495727539
0.1247863770
-0.2495727539
0.0000000000
-0.1297912598
-0.0778656006
0.0519104004
-0.9604187012
-0.0778656006
-0.1038360596
0.0519104004
0.1038360596
-0.0346527100
0.9530944824
-0.1213073730
0.1559600830
0.1213073730
0.0866394043
-0.1213073730
0.0693206787
-0.4526062012
0.4202880859
0.4202880859
0.4041137695
0.2909698486
-0.2424774170
0.2747955322
0.2263031006
0.0000000000
0.1956329346
0.9048156738
0.1222686768
-0.0489044189
-0.0733642578
0.0000000000
-0.3179168701
0.1408843994
0.1408843994
0.0704498291
-0.3522186279
-0.7044219971
-0.2113342285
0.2817687988
-0.2113342285
-0.0789184570
0.2104339600
0.2630462646
0.8943634033
0.0789184570
0.0263061523
-0.1841278076
-0.1315307617
0.3798065186
0.8650970459
0.0211029053
-0.1477050781
0.1477050781
0.1898956299
-0.0422058105
0.1054992676
0.4642944336
0.2901916504
0.5803680420
0.0696411133
0.0000000000
0.5571594238
-0.1973266602
-0.0696411133
0.0280609131
-0.9819183350
0.0561065674
-0.0280609131
0.0701446533
-0.1262512207
-0.0280609131
0.0561065674
0.9579315186
0.0000000000
-0.0926971436
0.0308990479
0.0617980957
-0.0617980957
0.0000000000
0.1854095459
0.1224670410
0.3674163818
-0.2449493408
0.2449493408
-0.1224670410
0.0000000000
-0.1224670410
-0.2449493408
-0.1099700928
0.0000000000
0.2199401855
0.3299102783
0.3299102783
-0.3299102783
-0.3299102783
0.2199401855
-0.3505554199
0.6471862793
-0.4314575195
0.3505554199
-0.0809020996
0.0000000000
-0.2696685791
0.2157287598
0.1257934570
-0.0838623047
-0.3878631592
0.6604156494
0.1362762451
-0.1886901855
0.2411041260
-0.5241394043
-0.6749877930
0.4618377686
0.1065826416
0.0710449219
0.0000000000
0.4263153076
0.2842102051
0.1065826416
0.0537109375
-0.0268554688
0.2417297363
-0.2417297363
0.5640411377
0.7251892090
-0.1074371338
-0.0268554688
-0.2315216064
-0.3086853027
-0.5402069092
-0.3086853027
0.3858642578
-0.2315216064
-0.0771789551
0.2315216064
0.1114807129
-0.0557403564
0.2786865234
0.2786865234
0.1114807129
0.1672058105
-0.2786865234
-0.7803344727
0.9426879883
0.0095214844
-0.0380859375
0.0190429688
-0.1237792969
0.0856933594
-0.2856597900
0.0476074219
0.0211181641
-0.1267089844
0.9502716064
0.2322845459
0.0211181641
-0.0316772461
-0.0739135742
0.1267089844
-0.6844177246
0.4277648926
-0.0427703857
0.2566528320
0.4277648926
-0.0855560303
0.1711120605
0.0427703857
-0.0088653564
0.0177154541
0.0442962646
-0.0620117188
0.0088653564
-0.0708618164
-0.9920806885
0.0442962646
-0.8543701172
-0.1798706055
-0.1349029541
-0.3147735596
-0.1798706055
0.0449676514
0.0449676514
-0.1349029541
0.0147705078
0.9300994873
-0.3247985840
0.0738220215
-0.0885772705
0.0000000000
-0.0590515137
-0.0738220215
-0.2307739258
0.0000000000
-0.1153869629
-0.1153869629
0.3461608887
-0.2307739258
-0.1153869629
-0.4615325928
-0.0935668945
-0.3742370605
-0.1871185303
-0.3742370605
0.0935668945
-0.5613555908
0.1871185303
-0.0935668945
0.2635498047
0.5563659668
0.4978027344
0.2342529297
-0.0292816162
0.3806762695
-0.1464080811
0.3513946533
0.6954650879
-0.2225494385
-0.3338165283
-0.0834503174
0.1947326660
-0.1669158936
0.5007324219
0.0834503174
0.0000000000
0.0000000000
-0.9221801758
0.0000000000
0.0000000000
-0.0542449951
-0.0542449951
0.2169799805
0.7102203369
-0.0617523193
-0.0463256836
-0.4786224365
-0.3859863281
0.0000000000
-0.3087921143
0.0926361084
-0.4742431641
-0.1422729492
-0.1896972656
0.1896972656
-0.2371215820
-0.0948486328
-0.5216674805
-0.5216674805
-0.3726806641
0.1242218018
-0.1242218018
0.1242218018
0.0000000000
-0.2484588623
0.0000000000
-0.2484588623
-0.0656127930
-0.0984191895
0.0984191895
-0.9513092041
0.1312103271
0.0328063965
0.0328063965
0.1312103271
-0.0231628418
0.9035339355
0.0000000000
0.2780151367
0.2085113525
0.0463409424
-0.1853332520
0.0926666260
-0.4975433350
0.4797668457
0.4442291260
0.3376159668
0.1954650879
-0.2310028076
0.2665405273
0.1954650879
0.0567474365
0.2458953857
0.7944183350
0.2269744873
0.0189208984
-0.1134948730
0.1513214111
-0.4539489746
0.2089080811
-0.1044464111
0.0000000000
-0.3133544922
-0.4178161621
0.0000000000
0.3133544922
0.4178161621
-0.2624816895
0.5249633789
-0.1312408447
0.5687103271
0.0000000000
0.0874938965
-0.3499755859
-0.3499755859
0.3004608154
0.9228363037
-0.0643768311
-0.0429229736
0.0858459473
0.0858459473
0.0000000000
0.1502227783
0.3524780273
0.2842559814
0.7504272461
0.0682220459
-0.0341033936
0.4320678711
-0.1819305420
-0.0454864502
-0.0148468018
-0.9803771973
0.0148468018
-0.0594177246
0.0594177246
-0.1485443115
0.0445556641
-0.0148468018
0.9598083496
-0.1421966553
0.0355529785
0.0710906982
0.0000000000
-0.0710906982
0.0710906982
0.0355529785
-0.1213989258
0.4856262207
0.1213989258
0.2428131104
-0.1213989258
0.1213989258
-0.1213989258
-0.1213989258
-0.2246704102
-0.1123352051
0.1123352051
0.2246704102
0.2246704102
-0.3370056152
-0.3370056152
0.3370056152
-0.3365631104
0.5889892578
-0.3926696777
0.3926696777
-0.0280456543
-0.0280456543
-0.3926696777
0.2243804932
0.0927886963
-0.0530242920
-0.3976440430
0.7290039062
0.0530242920
-0.1192932129
0.2915954590
-0.4373931885
-0.2742614746
0.0914154053
-0.0457153320
0.1828460693
-0.7770996094
0.3656921387
0.0000000000
0.2742614746
0.1438293457
-0.1678009033
0.0479431152
-0.2636871338
0.4794464111
0.7431335449
-0.2636871338
0.0958862305
-0.2621459961
-0.5243072510
-0.4194488525
-0.0524291992
0.5767364502
0.1048583984
0.0000000000
-0.2097167969
0.2632446289
0.0526428223
0.6317749023
0.2632446289
-0.2632446289
0.1053009033
-0.1053009033
-0.5264739990
0.9480895996
-0.0360107422
-0.0600128174
0.0840148926
-0.0840148926
0.1080169678
-0.2520294189
0.0480041504
0.0229339600
-0.1490936279
0.9633483887
0.1490936279
0.0344085693
0.0000000000
-0.0917510986
0.1146850586
-0.6233367920
0.1385192871
-0.0692596436
0.2770385742
0.5540771484
0.1385192871
-0.0692596436
0.1385192871
-0.0515747070
0.1160278320
0.1031341553
-0.0386810303
0.0386810303
-0.0257873535
-0.9798431396
0.0644683838
-0.8712463379
0.0000000000
-0.2751312256
-0.1375732422
-0.0458526611
0.0000000000
0.0000000000
-0.2751312256
0.0366058350
0.8600921631
-0.4757995605
0.0731964111
-0.0366058350
-0.0915069580
-0.0731964111
-0.0366058350
-0.2459411621
-0.1229705811
0.0000000000
-0.1229705811
0.0000000000
-0.4918823242
0.0000000000
0.1229705811
-0.1014251709
0.0000000000
-0.1014251709
-0.6085968018
0.2028656006
-0.3042907715
0.3042907715
-0.1014251709
0.2891540527
0.5163574219
0.4543914795
0.1652374268
0.0206604004
0.5163574219
-0.2272033691
0.2891540527
0.7712707520
-0.3018035889
-0.1676635742
-0.1006011963
0.3353271484
-0.2682647705
0.2347259521
0.0000000000
0.0000000000
0.0000000000
-0.2498779297
0.1249389648
0.1249389648
-0.1249389648
0.3748321533
0.1249389648
0.6270599365
-0.0557403564
-0.1950836182
-0.4459075928
-0.5573883057
0.0696716309
-0.1950836182
0.0836029053
-0.2821655273
-0.0806121826
-0.6449584961
0.1209259033
-0.1612396240
-0.2821655273
-0.4030914307
-0.4030914307
-0.1224670410
0.1224670410
-0.1224670410
0.2449493408
0.2449493408
-0.3674163818
0.0000000000
-0.2449493408
0.0000000000
-0.0710906982
-0.1066436768
-0.9242553711
0.2488403320
0.0355529785
0.0710906982
-0.1421966553
-0.0449218750
0.8759918213
0.1123046875
0.2246093750
0.2470703125
0.0673828125
-0.2470703125
0.1572265625
-0.5842132568
0.4868469238
0.3245697021
0.2596588135
0.0649108887
-0.2596588135
0.3245697021
0.1947326660
0.1324462891
0.2648925781
0.7284698486
0.2428283691
0.0662231445
-0.1324462891
0.2648925781
-0.4635772705
0.4908447266
-0.0981750488
-0.1963348389
-0.3926696777
0.0981750488
0.0981750488
0.3926696777
0.1963348389
-0.2641296387
0.4527893066
-0.3395843506
0.3773193359
0.0000000000
0.3018646240
-0.2263946533
-0.5282592773
0.1039581299
0.9772338867
-0.0623779297
0.0000000000
-0.0207977295
0.0207977295
0.0000000000
0.1247558594
0.2608184814
0.2752990723
0.8403930664
0.0289764404
-0.0579528809
0.3187713623
-0.1883697510
-0.0434722900
-0.0359191895
-0.9520416260
-0.0718536377
-0.1077728271
0.1257476807
-0.1976013184
0.0718536377
-0.0718536377
0.8939361572
0.0000000000
-0.0894012451
0.1340942383
0.2234802246
0.0894012451
-0.0446929932
0.2234802246
0.0000000000
0.1150360107
0.0000000000
0.0000000000
-0.2300720215
0.0000000000
-0.1150360107
0.1150360107
0.0000000000
0.1196746826
0.1196746826
0.1196746826
0.2393341064
-0.3590087891
-0.3590087891
0.2393341064
-0.2792968750
0.7109375000
-0.2792968750
0.2792968750
-0.0253906250
-0.0253906250
-0.4316406250
0.2285156250
0.0518341064
0.0172729492
-0.3974304199
0.8639831543
-0.0172729492
0.0000000000
0.1555175781
-0.2419128418
-0.0434112549
-0.1302490234
-0.1736602783
0.3039093018
-0.8249053955
-0.0868377686
-0.1302490234
0.3039093018
0.1388092041
-0.1735229492
0.0000000000
-0.2776336670
0.4511566162
0.7634887695
-0.2082214355
0.0694122314
0.0000000000
-0.5389099121
-0.2020874023
-0.0673675537
0.5389099121
0.2020874023
-0.1347198486
-0.4041748047
0.1365814209
-0.0682983398
0.7512207031
0.0682983398
-0.4097595215
-0.0682983398
-0.0682983398
-0.2731628418
0.9564361572
-0.1039581299
-0.1039581299
0.1455383301
0.1039581299
0.0831756592
-0.1039581299
0.0000000000
-0.0511779785
-0.1535186768
0.9722595215
0.0000000000
0.0852813721
0.0170593262
-0.1023406982
0.0341186523
-0.2187805176
-0.1093902588
-0.1093902588
0.1093902588
0.5469665527
0.1093902588
-0.3281707764
0.2187805176
-0.0952606201
0.0952606201
0.1905212402
0.0714416504
-0.0238189697
0.0952606201
-0.9526062012
0.0714416504
-0.6247406006
0.0000000000
-0.6663970947
-0.0416564941
0.0000000000
0.2082519531
0.0416564941
-0.2498931885
0.0381774902
0.8397979736
-0.5153350830
0.0572662354
0.0190887451
-0.0954284668
0.0000000000
-0.0572662354
-0.1199951172
0.0000000000
0.1199951172
0.1199951172
-0.1199951172
-0.2400054932
0.0000000000
0.1199951172
0.0000000000
0.1123352051
0.1123352051
-0.4493408203
0.1123352051
0.3370056152
0.3370056152
0.2246704102
0.3197937012
0.4903411865
0.4050750732
0.0852813721
-0.0639648438
0.5969390869
-0.2131958008
0.2558288574
0.7013854980
-0.2475433350
-0.0825195312
-0.1650390625
0.3300628662
-0.4538421631
-0.2062835693
0.0000000000
-0.2498779297
0.2498779297
0.2498779297
0.1249389648
0.1249389648
-0.1249389648
0.1249389648
0.1249389648
0.5794067383
-0.0869140625
-0.2607269287
-0.3910980225
-0.6373443604
0.1158752441
-0.0434570312
0.0869140625
-0.2021026611
-0.1515808105
-0.6568450928
0.0505218506
0.0000000000
-0.4042053223
-0.3031616211
-0.4042053223
0.0000000000
0.0000000000
0.0000000000
0.0911560059
0.0000000000
0.0000000000
0.0911560059
-0.0911560059
0.0000000000
-0.0575103760
-0.1150360107
-0.9489898682
0.0287628174
-0.0862731934
0.2012939453
-0.0862731934
0.0000000000
0.8999328613
0.0428466797
0.2142639160
0.2785491943
0.0642852783
-0.1714172363
0.1285552979
-0.6120147705
0.3059997559
-0.0765075684
0.2295074463
-0.0765075684
-0.0765075684
0.4590148926
0.2295074463
0.1773834229
0.4434509277
0.5321350098
0.2660675049
0.1773834229
-0.2660675049
0.3547515869
-0.3547515869
0.3370056152
-0.1123352051
0.0000000000
-0.3370056152
-0.2246704102
0.1123352051
0.4493408203
-0.1123352051
-0.3384552002
0.3999938965
-0.1846160889
0.5230712891
0.0615386963
0.3076934814
-0.1230773926
-0.5230712891
-0.0255432129
0.9707946777
0.0255432129
0.0000000000
-0.1277313232
0.0511016846
0.0766448975
0.1021881104
0.1709289551
0.3906860352
0.8302154541
0.0244140625
-0.0488433838
0.2686004639
-0.1709289551
-0.0732574463
-0.0782928467
-0.9395294189
-0.1304931641
-0.0522003174
0.1304931641
-0.2087860107
0.0522003174
-0.0782928467
0.7901306152
0.0376281738
-0.1128692627
0.2257537842
0.3010101318
0.2633819580
-0.1881256104
0.2633819580
0.0000000000
0.2357025146
0.1178436279
0.0000000000
-0.1178436279
-0.1178436279
-0.1178436279
0.0000000000
0.0000000000
0.0000000000
0.1249389648
0.1249389648
0.1249389648
-0.2498626709
-0.2498626709
0.2498626709
-0.1030883789
0.8659973145
-0.1649475098
0.1855773926
-0.0824737549
0.0206146240
-0.3092803955
0.2474365234
0.0912170410
-0.0227966309
-0.3420410156
0.9121246338
-0.0912170410
0.0912170410
0.0912170410
0.0227966309
-0.3452911377
-0.1726379395
0.0575408936
0.4603881836
-0.5179290771
-0.2877349854
-0.1150970459
0.4028320312
0.0000000000
-0.1284484863
-0.0856323242
-0.1284484863
0.2997131348
0.8991241455
0.0000000000
-0.0428161621
0.2416381836
-0.1611022949
-0.2416381836
0.0805511475
0.0000000000
0.7249298096
0.0000000000
-0.3221893311
0.0871582031
-0.0871582031
0.6101074219
-0.0871582031
-0.5229492188
-0.2614746094
0.0000000000
0.0000000000
0.8709411621
-0.1451568604
-0.1088714600
0.1088714600
0.3265991211
0.0000000000
0.2177429199
0.0000000000
-0.1266326904
-0.0759735107
0.9117126465
-0.2026062012
0.1013031006
0.0506439209
-0.2026062012
-0.1772766113
-0.1219482422
-0.4878082275
-0.1219482422
-0.1219482422
0.1219482422
0.0000000000
-0.2438964844
0.1219482422
-0.0499725342
-0.0249786377
0.1748809814
0.0999298096
-0.1499023438
0.0999298096
-0.9493560791
0.0499725342
-0.5429840088
0.0000000000
-0.6787261963
-0.1696777344
0.0000000000
0.3732910156
0.1696777344
-0.1018066406
0.1005249023
0.7791137695
-0.5277862549
0.0251312256
-0.0251312256
-0.2261962891
0.0251312256
-0.1759338379
-0.1113433838
-0.1113433838
0.0000000000
0.1113433838
-0.1113433838
-0.1113433838
0.0000000000
0.1113433838
0.0000000000
0.3928375244
0.1571350098
-0.1571350098
0.0785675049
0.4714050293
0.5499725342
0.2357025146
0.4268493652
0.6026153564
0.3264160156
0.0502166748
-0.1255493164
0.4770660400
-0.1757659912
0.2259826660
0.6791839600
-0.1852264404
0.0000000000
-0.1852264404
0.1852264404
-0.4939422607
-0.4013366699
0.0000000000
-0.2474365234
0.1237182617
-0.2474365234
0.1237182617
0.1237182617
-0.1237182617
0.0000000000
0.0000000000
0.5299987793
-0.1211395264
-0.2574310303
-0.3785705566
-0.6662750244
0.1362915039
-0.0454254150
0.1514282227
0.0000000000
-0.1547241211
-0.7735900879
0.0386810303
0.3094329834
-0.1933898926
-0.3481140137
-0.2707519531
0.0000000000
0.0000000000
0.0000000000
0.0000000000
-0.0785675049
0.0000000000
0.0785675049
0.0000000000
0.0622253418
-0.0933227539
-0.0622253418
-0.9332885742
0.0311126709
-0.0311126709
0.2799835205
-0.0311126709
-0.0735626221
0.9072723389
-0.0245208740
0.2697296143
0.2697296143
0.0245208740
0.0000000000
0.0735626221
-0.4566192627
0.0000000000
0.0000000000
0.2283172607
0.0000000000
0.0000000000
0.3424682617
0.3424682617
0.0813293457
0.4066467285
0.0813293457
0.4066467285
0.2439880371
-0.4879760742
0.3253173828
0.1626586914
0.3715667725
0.1238555908
0.0000000000
-0.2477111816
0.1238555908
0.1238555908
0.2477111816
0.1238555908
-0.4201507568
0.2626037598
-0.1313018799
0.6827545166
0.0262603760
0.2626037598
-0.0525207520
-0.4201507568
0.0000000000
0.9096374512
0.0727691650
-0.0363922119
-0.2183074951
0.1455383301
0.1819305420
0.1455383301
0.1282196045
0.5128479004
0.6410675049
0.1709442139
0.1709442139
0.0854797363
0.0427398682
-0.4273681641
-0.0437011719
-0.9178009033
-0.2185211182
0.0874176025
0.1311187744
-0.1311187744
0.0437011719
0.0437011719
0.8057098389
-0.0671386719
-0.1007080078
0.3021392822
0.2350006104
0.2685699463
-0.2014312744
0.2014312744
0.1178436279
0.2357025146
0.0000000000
0.0000000000
0.1178436279
0.0000000000
0.1178436279
-0.1178436279
-0.1242218018
-0.1242218018
-0.1242218018
0.2484588623
0.1242218018
-0.2484588623
-0.2484588623
0.2484588623
0.0174865723
0.9090576172
-0.1398620605
0.1573333740
-0.0874023438
0.0874023438
-0.2097778320
0.2447509766
0.0860595703
0.0000000000
-0.2868652344
0.8318939209
-0.1434326172
0.2294921875
0.0000000000
0.3442382812
-0.4205932617
-0.1051483154
0.4731750488
0.2628784180
-0.5783233643
0.0000000000
-0.1577301025
0.2628784180
-0.1911621094
-0.2867431641
-0.2867431641
-0.0955810547
0.3823242188
0.4779052734
0.2867431641
-0.0955810547
0.1644287109
-0.1096191406
-0.1096191406
0.0548095703
-0.2740631104
0.8769836426
0.0548095703
0.0000000000
0.0000000000
-0.1990661621
0.3981323242
-0.1990661621
-0.3981323242
-0.3981323242
0.0000000000
0.2985992432
0.2223815918
-0.2223815918
0.0000000000
0.0000000000
0.4892272949
-0.0889587402
0.7560882568
0.1334228516
-0.1665496826
0.0999298096
0.7661132812
-0.3664093018
0.0666198730
0.0000000000
-0.3330993652
-0.2997894287
-0.2176361084
-0.6529235840
0.0000000000
-0.2176361084
0.0000000000
0.1088256836
-0.1088256836
-0.1088256836
-0.0753784180
0.0251312256
0.2261199951
0.0753784180
-0.1758728027
0.1256256104
-0.9296112061
0.0753784180
-0.4503784180
-0.0300292969
-0.6905822754
-0.3002471924
-0.0600433350
0.3903350830
0.2101745605
0.0000000000
0.0416107178
0.3745269775
-0.4993591309
-0.0416107178
-0.2080688477
-0.5825958252
0.1664581299
-0.3745269775
0.1150360107
0.0000000000
0.0000000000
0.0000000000
0.0000000000
0.1150360107
0.1150360107
0.2300720215
-0.0572662354
0.5153808594
0.2290649414
-0.1717987061
0.1145324707
0.4581298828
0.5153808594
0.2290649414
0.3505859375
0.6037902832
0.3311004639
0.2532043457
-0.0389556885
0.5063934326
-0.1752929688
0.1947631836
0.5988464355
-0.1497192383
0.0249481201
-0.2495269775
0.0998077393
-0.5239868164
-0.4990386963
0.0499114990
-0.1237182617
0.0000000000
-0.3711547852
0.1237182617
0.1237182617
0.0000000000
0.0000000000
0.0000000000
0.5237731934
-0.1013793945
-0.2365417480
-0.2872314453
-0.7096252441
0.1689605713
-0.0337982178
0.1858520508
0.0000000000
-0.1349639893
-0.8773040771
-0.0337371826
0.2361907959
-0.0674896240
-0.2699432373
-0.2024536133
0.0000000000
0.0000000000
0.0000000000
0.1000061035
-0.1000061035
0.0000000000
0.1000061035
-0.1000061035
0.1660003662
-0.0663909912
-0.0332031250
-0.8963775635
0.1660003662
-0.0332031250
0.2987976074
-0.0995941162
-0.1339111328
0.8570098877
-0.0267791748
0.3749389648
0.2142486572
-0.1071319580
0.1606903076
0.0000000000
-0.1250000000
-0.2500000000
0.0000000000
0.1250000000
0.0000000000
0.1250000000
0.3750000000
0.0000000000
0.0432586670
-0.1730194092
-0.7785644531
0.1297607422
0.0865020752
0.0000000000
0.0865020752
0.5190429688
0.4018859863
0.1004791260
0.0000000000
-0.1004791260
0.6028289795
0.1004791260
0.2009429932
0.2009429932
-0.2626953125
0.0750579834
-0.0562896729
0.9194488525
-0.1125793457
0.1313476562
0.0187683105
-0.1876373291
0.1714630127
0.9259185791
0.0685882568
0.0000000000
-0.1028747559
0.1714630127
0.1714630127
-0.0342864990
0.0000000000
0.4283447266
-0.1606292725
0.3212585449
0.3212585449
-0.3748016357
0.0535430908
-0.5889739990
0.0826873779
-0.7441101074
-0.3307189941
0.1653594971
-0.0826721191
-0.0826721191
0.1653594971
0.1653594971
0.9455871582
-0.1477508545
-0.0886535645
0.1477508545
0.0590972900
0.1181945801
-0.0886535645
0.0295562744
0.1243286133
0.1243286133
-0.1243286133
0.0000000000
-0.1243286133
0.1243286133
0.2486572266
-0.2486572266
0.1213989258
-0.1213989258
0.3642120361
0.2428131104
0.1213989258
-0.3642120361
0.1213989258
0.0000000000
-0.5301513672
0.3180847168
-0.3711090088
0.4241180420
-0.1060333252
-0.1590423584
-0.2650756836
0.3180847168
0.2674407959
-0.3209228516
-0.1872100830
0.3744049072
0.3209228516
-0.1604614258
0.2941741943
-0.6418457031
-0.5356292725
0.3749389648
0.2410430908
0.1874694824
0.6695404053
0.0267791748
0.0267791748
0.0803527832
0.0655670166
-0.1639251709
0.0327911377
-0.2295074463
0.6229400635
0.6885070801
-0.1311492920
-0.0327911377
0.3102722168
0.4136962891
0.2068481445
-0.2068481445
0.0000000000
-0.2068481445
-0.2068481445
0.4136962891
-0.2602386475
0.0000000000
0.7156372070
0.1951751709
-0.0650634766
-0.1301116943
-0.2602386475
-0.3903503418
0.9848632812
0.0114593506
-0.0343627930
-0.0343627930
-0.0572662354
-0.0458068848
-0.1259765625
0.0458068848
0.0161895752
-0.1781616211
0.9069976807
0.2915344238
0.0323944092
0.0000000000
-0.0809783936
0.2105560303
-0.7466278076
0.0000000000
-0.0829620361
0.3318328857
0.1659088135
-0.1659088135
0.0829620361
-0.1659088135
-0.0775451660
-0.0646209717
0.0904693604
0.0000000000
0.0904693604
-0.0258483887
-0.9822235107
0.0516967773
-0.4554138184
-0.0650634766
0.7156372070
-0.1951751709
-0.0650634766
-0.1301116943
0.1951751709
-0.1951751709
0.0921325684
0.9397735596
-0.2763977051
0.0368499756
-0.1289825439
-0.0368499756
-0.0368499756
-0.0184326172
-0.1249389648
0.0000000000
-0.1249389648
-0.2498779297
0.1249389648
0.0000000000
-0.1249389648
-0.3748321533
-0.1247863770
0.0000000000
0.1247863770
-0.1247863770
-0.2495727539
-0.1247863770
0.3743438721
-0.1247863770
-0.1444854736
0.5057220459
0.3973541260
0.1444854736
-0.2889862061
0.5779724121
-0.0361175537
0.2889862061
0.7003784180
-0.2334594727
-0.3890991211
-0.2334594727
0.1296997070
-0.3112792969
0.3372192383
0.0000000000
0.0000000000
0.0000000000
-0.9161224365
0.0000000000
0.0610809326
0.0000000000
0.0000000000
0.1832275391
0.5270080566
-0.0263519287
0.2635040283
-0.5006561279
-0.5006561279
-0.2371520996
-0.2635040283
0.0527038574
-0.5809326172
0.2178497314
0.3630828857
0.2904663086
0.2904663086
-0.0726165771
-0.2904663086
-0.2178497314
-0.3729858398
0.0000000000
-0.1243286133
0.0000000000
-0.1243286133
-0.1243286133
0.0000000000
-0.1243286133
0.0000000000
0.0000000000
0.1019134521
0.7134399414
0.1019134521
0.3057556152
0.0000000000
0.0000000000
-0.2808685303
0.2808685303
0.2247009277
-0.4494018555
0.0561676025
0.3932189941
-0.1123504639
0.5617370605
-0.5898895264
0.4247131348
0.4483184814
0.3775329590
0.1651611328
-0.1651611328
0.1887664795
0.1415710449
0.1595001221
0.3721466064
0.3721466064
0.2658233643
-0.1063232422
-0.2126617432
0.0000000000
-0.6911468506
-0.3696136475
0.0924072266
0.1847991943
0.1847991943
0.3696136475
0.0000000000
0.4620056152
-0.3696136475
-0.0393066406
0.2751159668
0.5109252930
0.7074279785
-0.0785980225
-0.0785980225
-0.3144073486
0.0000000000
0.5819396973
-0.6595306396
-0.0775909424
0.0000000000
-0.0388031006
0.2715759277
0.0000000000
0.3103637695
0.4255981445
0.3273773193
0.6711273193
0.0818481445
0.0327453613
0.4747009277
-0.1309509277
0.0491027832
0.0172729492
-0.9848022461
0.0000000000
-0.0863800049
0.0172729492
-0.0863800049
0.0172729492
0.0691070557
0.9729003906
-0.0833892822
0.0278015137
-0.0278015137
0.0833892822
-0.0555877686
0.0833892822
0.0555877686
0.1243286133
0.2486572266
0.0000000000
0.1243286133
-0.1243286133
0.1243286133
0.1243286133
-0.2486572266
-0.1242218018
-0.1242218018
0.2484588623
0.2484588623
0.1242218018
-0.2484588623
-0.2484588623
0.1242218018
-0.4760437012
0.3966979980
-0.3570404053
0.4760437012
-0.1586761475
-0.0396728516
-0.3570404053
0.2380218506
0.4089050293
-0.3212890625
-0.2920684814
0.2336578369
0.2336578369
-0.2628631592
0.4381103516
-0.4965209961
-0.6050109863
0.3025054932
0.3025054932
0.1512451172
0.6050109863
-0.0378112793
-0.0378112793
0.1134338379
0.0849151611
-0.2830505371
-0.1415252686
-0.3113555908
0.4528656006
0.7076110840
-0.2264404297
0.1132202148
0.1756134033
0.6146697998
-0.3512420654
0.0000000000
-0.3512420654
-0.0878143311
0.0000000000
0.2634277344
-0.0666198730
0.1332397461
0.7994079590
0.1332397461
-0.0666198730
-0.0666198730
-0.0666198730
-0.3997039795
0.9849853516
-0.0127868652
0.0000000000
-0.0383758545
-0.0895385742
0.0127868652
-0.1151275635
0.0383758545
-0.0536346436
-0.1788024902
0.8761138916
0.2860717773
0.1609191895
-0.0357666016
-0.1251525879
0.2503204346
-0.5917053223
0.0000000000
0.0000000000
0.3944702148
0.2958526611
-0.0986175537
0.0986175537
-0.1972351074
0.0000000000
0.0146942139
0.1763305664
-0.0587768555
0.1175537109
-0.0440826416
-0.9698486328
0.0440826416
-0.3123779297
0.1561889648
0.7028503418
0.0780944824
-0.0780944824
-0.3904724121
0.0780944824
-0.0780944824
0.1920013428
0.8777160645
-0.3565673828
-0.0274353027
-0.1097106934
-0.1371459961
-0.0548553467
-0.0822906494
-0.2295379639
0.0000000000
-0.1147766113
-0.1147766113
0.2295379639
-0.1147766113
-0.1147766113
-0.5738525391
0.0000000000
0.2393341064
-0.1196746826
-0.3590087891
0.1196746826
-0.2393341064
0.3590087891
-0.1196746826
-0.0335693359
0.5707092285
0.4028472900
0.1342773438
-0.3021392822
0.5371398926
0.0671386719
0.2685699463
0.7594757080
-0.2712402344
-0.2441253662
-0.2712402344
0.2441253662
-0.3254852295
0.1627502441
0.0271301270
0.1543426514
0.0771789551
-0.8488922119
0.0771789551
0.0771789551
-0.0771789551
0.1543426514
0.0771789551
0.2862091064
0.0260162354
0.1561126709
-0.6504669189
-0.5724029541
-0.1300964355
-0.3122253418
0.0780487061
-0.5824584961
-0.0727996826
-0.5824584961
-0.0727996826
0.1456146240
0.0727996826
-0.1456146240
-0.2912292480
-0.3748016357
0.0000000000
-0.1249389648
0.0000000000
0.0000000000
-0.2498626709
0.0000000000
-0.1249389648
0.0000000000
-0.1863555908
-0.0621185303
0.8696899414
0.1863555908
0.1863555908
0.0621185303
-0.0621185303
-0.3353729248
0.2874755859
0.3353729248
-0.3832855225
0.2874755859
0.1437377930
-0.1916503906
0.5749359131
-0.6695404053
0.4351959229
0.3347625732
0.3347625732
0.1339111328
-0.1673889160
0.1673889160
0.1673889160
0.1867218018
0.1867218018
0.3112030029
0.4979248047
0.0000000000
-0.1867218018
0.1867218018
-0.6224060059
-0.0898437500
-0.0898437500
0.1796875000
0.0000000000
0.7187805176
-0.0898437500
0.2695465088
-0.2695465088
-0.0898437500
0.4492187500
0.0000000000
0.7636718750
-0.1796875000
-0.0898437500
-0.3144531250
-0.0449218750
0.5312500000
-0.2951354980
-0.0590209961
0.2361145020
-0.0590209961
0.5312500000
0.0000000000
0.4131927490
0.4481353760
0.3312377930
0.7209167480
0.1558685303
0.0584564209
0.3507232666
-0.0584564209
-0.0584564209
-0.0438232422
-0.9640350342
-0.0876464844
-0.0876464844
0.1095428467
-0.1095428467
-0.0438232422
0.1095428467
0.9339599609
-0.0812072754
0.1218261719
0.1218261719
0.1218261719
0.1218261719
-0.0406036377
0.0812072754
0.0000000000
0.1228332520
0.0000000000
0.1228332520
-0.2456817627
0.1228332520
-0.2456817627
0.0000000000
0.0000000000
0.1113433838
0.1113433838
0.0000000000
0.1113433838
-0.1113433838
-0.1113433838
0.1113433838
-0.4144592285
0.2637481689
-0.3391113281
0.4521484375
-0.0753631592
0.0753631592
-0.4898223877
0.3767852783
0.3791351318
-0.3791351318
-0.5055236816
0.2527618408
0.1685028076
-0.1685028076
0.4633941650
-0.2527618408
-0.5027923584
0.1885528564
0.2514038086
0.2514038086
0.4399414062
-0.3142395020
-0.3142395020
0.2514038086
0.0903167725
-0.3311767578
-0.2408599854
-0.3612823486
0.3311767578
0.6623535156
-0.2408599854
0.2408599854
-0.0832366943
0.4994354248
-0.1664733887
0.0000000000
-0.6659088135
0.0000000000
0.1664733887
0.0832366943
0.0669097900
0.0669097900
0.6691284180
-0.0669097900
-0.3345642090
-0.2007446289
-0.1338195801
-0.4683837891
0.9845123291
-0.0428009033
0.0642089844
0.0000000000
-0.0428009033
0.0214080811
-0.0214080811
0.0856018066
-0.1064758301
-0.1331024170
0.8784637451
0.1064758301
0.2662048340
-0.1064758301
-0.1597137451
0.2395782471
-0.1247863770
-0.2495727539
0.0000000000
0.3743438721
0.2495727539
0.0000000000
0.0000000000
0.0000000000
0.0000000000
0.1083831787
0.3468322754
-0.1083831787
0.0867156982
-0.0216827393
-0.9104461670
0.0650329590
-0.2381439209
0.1190643311
0.2381439209
0.0000000000
-0.2381439209
-0.4762878418
0.1190643311
0.0000000000
0.1092224121
0.7281799316
-0.5097351074
-0.1092224121
0.0728149414
-0.2912750244
-0.0728149414
-0.2184600830
0.0000000000
0.0000000000
0.1113433838
-0.1113433838
0.0000000000
0.0000000000
0.0000000000
-0.2226867676
0.2222900391
0.1111450195
-0.1111450195
-0.2222900391
0.2222900391
0.0000000000
0.5557098389
0.2222900391
0.1403503418
0.5613708496
0.3859405518
0.0701751709
-0.2105102539
0.5964660645
-0.1052551270
0.2456054688
0.7448883057
-0.3385772705
-0.0338592529
-0.3385772705
0.2708740234
-0.3047180176
-0.1015777588
0.0338592529
0.1172332764
0.1172332764
-0.4689483643
0.1172332764
0.1172332764
-0.2344665527
0.3517150879
0.0000000000
0.3203277588
0.0228881836
0.0000000000
-0.6864166260
-0.5948944092
-0.0228881836
-0.2288055420
0.0457611084
-0.2664642334
-0.1332397461
-0.7327880859
-0.1998443604
-0.0666198730
-0.1332397461
-0.0666198730
-0.3997039795
-0.1178436279
0.1178436279
-0.1178436279
0.1178436279
0.1178436279
-0.1178436279
0.1178436279
-0.1178436279
0.0593414307
-0.2373504639
-0.2373504639
0.8307189941
0.1780090332
0.0000000000
0.1186676025
-0.1780090332
-0.1467895508
0.6361083984
0.2935943604
-0.2446594238
0.2446594238
0.0978698730
-0.2935943604
0.4403839111
-0.7150573730
0.3575286865
0.0000000000
0.2145080566
0.0715026855
-0.2145080566
0.2145080566
0.2145080566
0.2378845215
0.2378845215
-0.3964691162
0.5550537109
0.0000000000
-0.1585845947
0.3964691162
-0.1585845947
0.2614746094
-0.0871582031
0.0000000000
-0.0871582031
0.7844238281
0.0000000000
0.0871582031
-0.1743164062
-0.0894012451
0.4469757080
-0.2234802246
0.7598419189
-0.1340942383
-0.0446929932
-0.2681884766
-0.0894012451
0.2053527832
0.5476074219
0.0000000000
0.2053527832
-0.1369018555
0.6160583496
-0.1369018555
0.2053527832
0.5279235840
0.2463684082
0.6334991455
0.2111663818
0.1759796143
0.2111663818
0.1407775879
-0.2815551758
-0.1294250488
-0.9059295654
-0.1941223145
-0.0323486328
0.1941223145
-0.1617736816
-0.0970611572
0.1294250488
0.7943725586
0.0496520996
0.0496520996
0.1489410400
0.2978973389
0.2978973389
-0.1489410400
0.2482452393
0.1199951172
0.0000000000
-0.1199951172
0.0000000000
-0.2400054932
-0.1199951172
-0.1199951172
0.1199951172
0.1178436279
0.0000000000
0.1178436279
0.1178436279
0.2357025146
0.0000000000
-0.1178436279
0.0000000000
-0.2626342773
0.4877471924
-0.2626342773
0.3376770020
-0.0375213623
0.1500701904
-0.4877471924
0.4502258301
0.2757263184
-0.5514678955
-0.4825286865
0.2068023682
0.0689392090
0.2068023682
0.1378631592
0.3446655273
-0.3964691162
0.0792999268
0.3171691895
0.2378845215
0.1585845947
-0.4757537842
-0.3964691162
0.2378845215
0.0509185791
-0.3054962158
-0.3564147949
-0.4582519531
0.2036743164
0.6110076904
-0.0509185791
0.2545776367
-0.1214752197
0.3644256592
0.2429504395
0.0000000000
-0.7895812988
0.1214752197
0.1822052002
0.0000000000
0.0000000000
-0.1082458496
0.4330139160
-0.1082458496
-0.3247528076
-0.4330139160
-0.2165069580
-0.1082458496
0.8374176025
-0.1092224121
0.2184600830
-0.1092224121
0.2548675537
-0.0364074707
0.2912750244
0.1820526123
-0.2695312500
0.1347656250
0.5390625000
-0.4492187500
0.3593750000
-0.4042968750
-0.2246093750
0.0898437500
0.1247863770
-0.3743438721
-0.1247863770
0.2495727539
-0.1247863770
0.0000000000
-0.1247863770
0.1247863770
0.0000000000
0.0000000000
0.3775482178
-0.1258544922
-0.1258544922
0.0943908691
-0.8809356689
0.0943908691
-0.3316650391
-0.2211151123
-0.4422149658
-0.1105499268
-0.3316650391
0.0000000000
0.1105499268
0.2211151123
0.0000000000
0.8030090332
-0.4817962646
-0.0642395020
0.0963592529
-0.1605987549
0.0000000000
-0.2248382568
0.1000061035
0.0000000000
0.1000061035
0.1000061035
0.0000000000
0.0000000000
-0.1000061035
0.0000000000
0.1847991943
0.0924072266
-0.1847991943
-0.0924072266
0.1847991943
0.0000000000
0.7392120361
0.1847991943
0.2247009277
0.5055694580
0.1685180664
-0.1123504639
-0.3370513916
0.6179199219
-0.2247009277
0.0561676025
0.5961303711
-0.1862945557
0.2608032227
-0.3725891113
0.1490325928
-0.4098358154
-0.4098358154
0.0000000000
0.0000000000
0.0000000000
-0.1064758301
0.1064758301
0.1064758301
-0.1064758301
0.1064758301
0.0000000000
0.4437713623
-0.0233612061
-0.0233612061
-0.6539764404
-0.5839080811
0.0000000000
-0.1167755127
0.0467071533
-0.1483612061
-0.3708953857
-0.1483612061
-0.3708953857
-0.1483612061
-0.1483612061
0.0741729736
-0.6676177979
-0.1150360107
0.0000000000
0.0000000000
0.1150360107
-0.1150360107
0.0000000000
0.2300720215
0.0000000000
0.0790557861
-0.3161926270
-0.1580963135
0.7904968262
0.0000000000
0.0000000000
0.1580963135
-0.0790557861
0.1693267822
0.9030609131
0.0564422607
0.0564422607
0.1693267822
0.1128845215
-0.0564422607
0.0000000000
-0.3726806641
0.0000000000
-0.2484588623
0.1242218018
0.0000000000
0.1242218018
0.2484588623
0.1242218018
0.2102661133
0.1682128906
-0.7989959717
0.2102661133
0.0420532227
-0.1682128906
0.2102661133
0.3364257812
0.1238555908
-0.2477111816
0.2477111816
0.0000000000
0.2477111816
0.2477111816
0.2477111816
0.0000000000
-0.1569671631
0.3924102783
-0.1961975098
0.8240661621
0.0000000000
0.0392456055
-0.1961975098
-0.1177215576
0.1219177246
0.7315368652
0.0609588623
0.0000000000
-0.0609588623
0.5486602783
-0.0609588623
-0.1219177246
0.3886718750
-0.0485839844
-0.0971679688
0.2429199219
0.4372558594
-0.1943359375
0.4858398438
-0.4858398438
-0.2123718262
-0.7787017822
-0.2123718262
0.2123718262
0.2123718262
-0.1415863037
-0.0707855225
0.1415863037
0.8916320801
0.0387725830
0.0000000000
0.1163024902
0.1938323975
0.2713623047
-0.0775299072
0.1550598145
0.0000000000
0.0000000000
0.0000000000
0.0000000000
-0.0785675049
-0.0785675049
0.0000000000
0.0000000000
0.3750000000
0.0000000000
0.2500000000
0.1250000000
0.1250000000
0.0000000000
-0.1250000000
0.0000000000
-0.0284271240
0.8813323975
-0.0852966309
0.1705780029
0.0000000000
0.2558746338
-0.1705780029
0.2558746338
0.1659393311
-0.4978027344
-0.1106262207
0.1106262207
-0.0553131104
0.2765502930
0.0553131104
0.7190399170
-0.3719177246
0.0743865967
0.5206756592
0.2231445312
0.1487579346
-0.3719177246
-0.3719177246
0.2231445312
-0.0776367188
-0.0776367188
-0.4657745361
-0.3881530762
0.0000000000
0.1552581787
0.5434112549
0.3105163574
-0.0947418213
0.3789672852
0.0947418213
0.0473785400
-0.7579498291
0.3789672852
0.1894836426
0.0947418213
0.0000000000
-0.1196746826
0.0000000000
0.1196746826
-0.4786834717
-0.1196746826
0.1196746826
0.3590087891
0.5414886475
-0.1804962158
0.2888031006
-0.1443939209
0.3609924316
-0.1443939209
0.5414886475
0.2888031006
-0.2828521729
0.2424468994
0.2424468994
-0.4848937988
0.3232574463
-0.5252990723
-0.3636779785
-0.0404052734
0.1172332764
-0.5861816406
0.0000000000
0.2344665527
-0.1172332764
0.0000000000
-0.1172332764
0.1172332764
0.0000000000
-0.1506958008
0.3014068604
-0.0753479004
-0.2762908936
0.0753479004
-0.8790893555
0.0753479004
-0.3650207520
-0.1042938232
-0.6778869629
-0.3128662109
-0.3128662109
0.2085876465
0.2085876465
0.1564331055
0.0639190674
0.7349853516
-0.5112915039
-0.0319519043
0.0639190674
-0.2236938477
0.0639190674
-0.3195495605
0.1000061035
-0.1000061035
0.0000000000
0.1000061035
-0.1000061035
0.0000000000
0.0000000000
0.0000000000
0.0888061523
0.2664337158
-0.1776275635
-0.0888061523
0.1776275635
0.0000000000
0.7104949951
0.2664337158
0.1269531250
0.6982269287
0.0634765625
-0.1904296875
-0.3808593750
0.3808593750
-0.1269531250
0.1269531250
0.5324859619
-0.1681518555
0.2802581787
-0.3082733154
0.0840759277
-0.5044555664
-0.4764251709
-0.0280303955
0.0000000000
-0.1000061035
-0.1000061035
0.0000000000
0.1000061035
0.0000000000
-0.1000061035
0.0000000000
0.4931640625
-0.0274047852
0.0274047852
-0.5479583740
-0.6301422119
0.0000000000
-0.1643829346
0.0821990967
-0.1287689209
-0.3863067627
-0.1931610107
-0.3863067627
0.0000000000
-0.0643920898
-0.0643920898
-0.7082366943
-0.1178436279
0.1178436279
0.1178436279
0.0000000000
0.0000000000
0.0000000000
0.2357025146
-0.1178436279
0.2879943848
-0.2879943848
-0.0959930420
0.5760040283
0.0959930420
0.1920013428
0.2879943848
-0.1920013428
0.1985473633
0.6618194580
-0.1323699951
0.3970947266
0.1323699951
-0.0661773682
0.3309020996
-0.2647247314
-0.1249389648
-0.2498779297
-0.1249389648
0.0000000000
0.1249389648
0.3748321533
0.0000000000
-0.1249389648
0.2089843750
0.0696563721
-0.8359222412
0.1393127441
0.0000000000
-0.1393127441
0.0000000000
0.4179534912
0.0000000000
-0.2405242920
0.1202545166
0.1202545166
0.1202545166
0.4810485840
0.2405242920
0.1202545166
-0.2412872314
0.2412872314
-0.2714538574
0.8746795654
0.0000000000
0.0603179932
-0.0603179932
-0.0904846191
0.1479034424
0.8504791260
0.0369720459
0.0369720459
0.0000000000
0.4437255859
0.0739593506
-0.0739593506
0.0668487549
-0.3007812500
-0.3007812500
0.2005310059
0.4678955078
-0.4678955078
0.4344635010
-0.3342132568
0.0000000000
0.1224670410
0.1224670410
0.4898986816
0.1224670410
0.2449493408
0.1224670410
0.0000000000
0.9398345947
0.0000000000
-0.0348052979
0.1740417480
0.0696105957
0.1740417480
0.0000000000
0.1044311523
0.1150360107
0.1150360107
-0.1150360107
-0.1150360107
0.0000000000
-0.1150360107
0.1150360107
-0.1150360107
0.2432556152
0.0000000000
0.1216278076
0.1216278076
0.0000000000
0.0000000000
-0.2432556152
0.0000000000
0.0961761475
0.9617004395
-0.0384674072
0.0769348145
-0.0192413330
0.1923370361
0.0000000000
0.0961761475
0.0466461182
-0.1865844727
-0.0932922363
0.1399383545
-0.1399383545
0.3731689453
0.0000000000
0.8396148682
-0.2824707031
-0.1412353516
0.7767791748
0.0000000000
-0.2118530273
0.0000000000
-0.2824707031
0.0706176758
-0.1467895508
0.1467895508
-0.2935943604
-0.2446594238
0.0489349365
-0.6850433350
0.4893188477
0.1467895508
-0.0825805664
0.2064666748
0.0412902832
0.1238861084
-0.6606903076
0.6194000244
0.2064666748
0.1238861084
-0.1147766113
0.1147766113
0.0000000000
0.2295379639
-0.2295379639
-0.1147766113
-0.1147766113
0.5738525391
0.0000000000
-0.2333068848
0.2333068848
-0.1555328369
0.3888397217
-0.2333068848
0.6999053955
0.3499450684
-0.2025299072
0.3645629883
0.2835540771
-0.4050750732
0.2835540771
-0.5265960693
-0.4050750732
-0.0810089111
-0.1004791260
-0.6028289795
0.2009429932
0.1004791260
-0.2009429932
0.3014221191
-0.2009429932
0.2009429932
0.0000000000
-0.1270751953
0.3049774170
0.0254211426
-0.2287292480
0.1524963379
-0.8895263672
0.0508270264
-0.3502197266
0.0350189209
-0.6654052734
-0.3852386475
-0.2801666260
0.2101287842
0.2801666260
0.2101287842
0.0643005371
0.7073669434
-0.5466003418
0.0964660645
0.0964660645
-0.1929168701
0.0643005371
-0.3215332031
0.2400054932
-0.1199951172
0.0000000000
0.1199951172
-0.1199951172
0.1199951172
0.0000000000
-0.1199951172
0.1595764160
0.3191528320
-0.2393646240
-0.0797882080
0.1595764160
0.1595764160
0.7180938721
0.1595764160
0.2530212402
0.5060577393
0.2530212402
0.2891693115
0.0361480713
0.6145019531
-0.2530212402
0.2168884277
0.4619903564
-0.1616973877
0.3233947754
-0.2540893555
0.0693054199
-0.5774841309
-0.4850921631
-0.0231018066
-0.1250000000
-0.1250000000
-0.1250000000
-0.2500000000
0.0000000000
0.2500000000
-0.2500000000
0.1250000000
0.4958343506
0.0000000000
0.1525726318
-0.2288513184
-0.7246856689
0.0000000000
-0.3051300049
0.1144256592
-0.0634765625
-0.2539062500
-0.3173828125
-0.4443359375
-0.0634765625
0.0634765625
0.0634765625
-0.6982269287
0.0000000000
0.1208343506
0.2416839600
-0.1208343506
0.2416839600
-0.2416839600
0.2416839600
-0.3625183105
0.3411407471
-0.1705627441
-0.1705627441
-0.4264221191
0.3411407471
0.0852813721
0.5117034912
-0.0852813721
0.0590209961
0.2361145020
-0.2951354980
0.5902709961
0.1180572510
-0.3541564941
0.3541564941
-0.3541564941
0.0000000000
-0.1237182617
-0.1237182617
0.0000000000
0.1237182617
0.2474365234
0.1237182617
-0.2474365234
0.2511901855
0.0000000000
-0.8791961670
0.0628051758
0.0314025879
-0.0628051758
-0.0628051758
0.3453979492
0.2258758545
-0.3388214111
0.2258758545
0.0000000000
0.2258758545
0.3388214111
0.3388214111
0.1129455566
-0.2122802734
0.0796051025
-0.2122802734
0.9287414551
-0.0796051025
0.0265350342
0.1061401367
0.0000000000
0.0988311768
0.9388732910
0.0000000000
0.0988311768
0.0741271973
0.2223663330
0.0494079590
-0.1482391357
-0.1944274902
-0.4444122314
-0.4721832275
0.1388854980
0.2777557373
-0.5832824707
0.2777557373
-0.0555572510
0.1441040039
0.8646545410
0.0720520020
0.1441040039
0.0000000000
0.1441040039
0.0720520020
-0.0720520020
0.9828186035
-0.0280761719
-0.0561676025
0.0000000000
-0.0561676025
0.0280761719
-0.0280761719
0.0000000000
-0.1237182617
0.1237182617
0.2474365234
0.2474365234
0.0000000000
0.0000000000
0.1237182617
-0.1237182617
0.3197631836
-0.2131805420
0.2131805420
0.0000000000
-0.1065826416
-0.1065826416
0.4263610840
-0.4263610840
-0.2278594971
0.9289550781
-0.0876312256
0.2278594971
-0.0525817871
-0.0175323486
-0.0701141357
0.0876312256
0.2964630127
-0.2541198730
-0.3388214111
0.3811798096
0.2541198730
-0.1270599365
0.3811798096
-0.5505828857
-0.5839843750
0.2123565674
0.4778137207
0.1061859131
0.3716278076
0.0530853271
-0.3716278076
-0.0530853271
-0.1228332520
-0.4299163818
-0.3070831299
-0.6141815186
-0.2456665039
-0.1228332520
-0.3070831299
-0.1842498779
-0.0871582031
0.2614746094
0.5229492188
-0.2614746094
0.0871582031
-0.2614746094
-0.3486328125
0.3486328125
-0.1756134033
0.1756134033
0.7024688721
0.1756134033
-0.2634277344
0.0000000000
-0.0878143311
-0.2634277344
0.9833679199
-0.0453796387
-0.0907745361
0.0151214600
-0.0907745361
-0.0302581787
-0.0756378174
-0.0151214600
-0.0676727295
-0.1691741943
0.8966217041
0.3552703857
0.0676727295
-0.0676727295
0.0000000000
0.1353454590
-0.2234802246
-0.4469451904
0.3352050781
0.1117401123
0.1117401123
0.1117401123
0.1117401123
-0.3352050781
0.0000000000
-0.0791320801
0.1450958252
0.0131835938
0.1187133789
0.0000000000
-0.9760437012
-0.0131835938
0.0964202881
0.0964202881
0.7713928223
0.0000000000
-0.1928405762
0.0964202881
0.0000000000
-0.0964202881
0.1253509521
0.9610290527
-0.1880340576
-0.0208892822
-0.0417785645
-0.0208892822
-0.0417785645
-0.0835723877
0.0000000000
0.0000000000
0.0000000000
-0.1178436279
0.1178436279
0.1178436279
-0.2357025146
0.1178436279
-0.1238555908
-0.2477111816
0.0000000000
-0.2477111816
-0.1238555908
-0.3715667725
-0.1238555908
0.1238555908
-0.0800323486
0.4802246094
0.3201446533
0.1600799561
-0.2801208496
0.6803131104
0.0400238037
0.2000885010
0.2441101074
-0.3138427734
-0.0697479248
-0.3835906982
0.2441101074
-0.7671813965
0.0348663330
-0.0348663330
0.1213989258
0.1213989258
-0.3642120361
0.0000000000
-0.2428131104
0.1213989258
0.1213989258
0.3642120361
0.3466796875
-0.1300048828
0.2166748047
-0.3033447266
-0.6933593750
0.0000000000
-0.3900146484
0.1733398438
-0.2505493164
0.0417633057
0.8769226074
-0.2505493164
0.1252746582
-0.0417633057
-0.0417633057
-0.1670379639
0.1113433838
0.1113433838
-0.1113433838
-0.1113433838
0.0000000000
0.1113433838
0.1113433838
0.0000000000
0.1711730957
-0.2567596436
-0.4279479980
-0.5135345459
0.3423614502
0.1711730957
0.1711730957
-0.1711730957
-0.2975311279
0.2975311279
0.3471069336
-0.4958801270
0.1487579346
0.0000000000
0.0000000000
0.5950469971
-0.6555786133
0.3059387207
0.0874176025
0.3933410645
0.1748199463
-0.2622375488
0.3496398926
0.1748199463
0.2879943848
0.0959930420
-0.1920013428
0.2879943848
-0.1920013428
-0.2879943848
0.0959930420
-0.5760040283
-0.2911224365
-0.2911224365
0.1164550781
0.2911224365
0.0582275391
0.1746673584
0.1164550781
-0.7569122314
0.0000000000
0.1435546875
0.0000000000
0.9474182129
-0.0287170410
0.0287170410
-0.2296752930
-0.0287170410
0.1343841553
0.9676208496
-0.0537567139
0.0806274414
0.0268859863
0.1075134277
0.0000000000
0.0268859863
0.4109649658
0.2175750732
0.6768798828
0.1933898926
0.0483551025
0.5076599121
0.0966949463
0.0000000000
-0.0301361084
-0.9341583252
-0.0904083252
-0.2410736084
0.0000000000
-0.0904083252
-0.0904083252
0.1205291748
0.9465332031
-0.0411529541
0.0000000000
0.1646118164
0.0411529541
0.0411529541
0.0411529541
0.1234588623
-0.1150360107
0.1150360107
0.1150360107
0.1150360107
-0.1150360107
0.1150360107
0.1150360107
0.0000000000
0.2246704102
-0.3370056152
0.3370056152
0.1123352051
-0.1123352051
0.0000000000
0.1123352051
-0.4493408203
-0.1988220215
0.9329528809
-0.0764770508
0.1988220215
-0.0764770508
-0.0305938721
-0.1376495361
0.1070556641
0.5105285645
-0.2127227783
-0.5956115723
0.1276245117
0.1276245117
-0.0425415039
0.4254455566
-0.2552642822
-0.5867614746
0.1955871582
0.3911743164
0.2607879639
0.0652008057
-0.1955871582
-0.4563751221
0.0652008057
0.0893096924
-0.3125610352
-0.4911804199
-0.4911804199
-0.4911804199
-0.2679138184
-0.1786041260
0.0446472168
0.0000000000
0.6324310303
0.2108154297
0.0702667236
-0.4918975830
-0.3513488770
0.0000000000
0.1405334473
0.0000000000
0.1521301270
0.4563751221
0.0760650635
-0.3042602539
-0.0760650635
0.0000000000
-0.6845703125
0.9792633057
-0.0910949707
0.0000000000
0.0000000000
-0.1138610840
0.0455474854
-0.0227661133
0.0227661133
-0.0828247070
-0.1242370605
0.8904113770
0.3520202637
0.1242370605
-0.1449584961
0.0000000000
0.1035308838
0.0000000000
-0.2477111816
0.2477111816
0.2477111816
0.2477111816
0.1238555908
0.0000000000
-0.2477111816
0.0596923828
-0.0149230957
0.1790618896
0.0000000000
0.1193695068
0.0000000000
-0.9699249268
-0.0447692871
0.1937103271
0.1937103271
0.5811157227
0.2905578613
-0.2905578613
-0.1937103271
-0.1937103271
0.0968475342
0.1726837158
0.9127655029
-0.2713623047
-0.0246734619
-0.0246734619
-0.1233520508
-0.0740051270
-0.1480102539
0.0000000000
-0.1178436279
0.1178436279
-0.1178436279
0.0000000000
0.1178436279
-0.2357025146
0.0000000000
0.0000000000
-0.1249389648
0.0000000000
0.0000000000
0.0000000000
-0.3748016357
0.2498626709
0.1249389648
0.0000000000
0.4902038574
0.4010772705
0.1336975098
-0.1336975098
0.6684570312
-0.0445709229
0.2228240967
0.2408752441
-0.4014739990
0.0802917480
-0.4416198730
0.4014739990
-0.6022033691
-0.0401458740
-0.0401458740
0.1199951172
0.1199951172
-0.1199951172
0.0000000000
0.0000000000
0.1199951172
0.1199951172
0.2400054932
0.1137847900
-0.0569000244
0.2275848389
-0.5120544434
-0.6258392334
0.0000000000
-0.3982696533
0.1137847900
-0.2915039062
-0.0971679688
0.6801757812
-0.4858398438
-0.0971679688
0.0485839844
0.0485839844
-0.3400878906
0.1216278076
0.2432556152
-0.1216278076
-0.1216278076
0.0000000000
0.1216278076
0.1216278076
-0.1216278076
0.1571350098
-0.3928375244
-0.5499725342
-0.3142700195
0.3142700195
0.0000000000
0.2357025146
-0.2357025146
-0.2458801270
0.5737304688
0.2868652344
-0.4507904053
0.0819549561
-0.1229400635
-0.0819549561
0.4917602539
-0.6552581787
0.2184143066
-0.1456146240
0.2912292480
0.1456146240
-0.2912292480
0.2912292480
0.2184143066
0.1626586914
-0.0813293457
-0.8132781982
0.1626586914
-0.1626586914
0.0000000000
0.0000000000
-0.1626586914
-0.1195220947
-0.2987823486
0.1195220947
0.1195220947
0.4780578613
0.2987823486
0.0000000000
-0.6573333740
0.0251617432
0.1761016846
-0.1257781982
0.9307861328
0.0000000000
0.0503082275
-0.2515716553
0.0000000000
-0.0172882080
0.9852447510
-0.0518493652
0.0518493652
0.0518493652
0.1037139893
-0.0172882080
0.0172882080
0.5356445312
0.0595092773
0.5951690674
0.3571014404
0.1785430908
0.2975769043
0.2380676270
-0.1487884521
-0.0401458740
-0.8832244873
-0.1204376221
-0.2007293701
0.1605834961
-0.0401458740
-0.2408752441
0.1605834961
0.8453063965
0.0704498291
-0.0704498291
0.2817687988
0.0000000000
0.0704498291
-0.0704498291
0.1408843994
-0.1000061035
0.1000061035
0.0000000000
0.0000000000
-0.1000061035
0.0000000000
-0.1000061035
0.0000000000
0.1237182617
0.0000000000
0.2474365234
0.1237182617
0.1237182617
0.1237182617
0.0000000000
-0.2474365234
-0.1443786621
0.9384918213
-0.0902404785
0.1804809570
-0.0721893311
0.0180511475
-0.1443786621
0.1443786621
0.3259582520
-0.3259582520
-0.6519012451
0.0543212891
0.0000000000
0.1629791260
0.4346008301
0.2173004150
-0.3512420654
0.2634277344
0.3512420654
0.1756134033
-0.1756134033
-0.2634277344
-0.5268554688
0.0878143311
0.0000000000
-0.1677703857
-0.4613494873
-0.5032958984
-0.5452423096
-0.3774719238
0.0419464111
0.0838775635
-0.0971679688
0.6315917969
0.2429199219
0.0971679688
-0.6315917969
0.0000000000
0.0971679688
0.1943359375
-0.0838012695
0.0838165283
0.1676177979
0.0000000000
-0.4190368652
-0.2514190674
-0.1676177979
-0.6704711914
0.8279876709
-0.1241912842
0.2483978271
-0.1656036377
0.0827941895
-0.0413970947
0.2897949219
0.2483978271
-0.0674133301
-0.1011199951
0.8763122559
0.2359313965
0.2696380615
-0.2022247314
-0.0337066650
0.1011199951
0.0000000000
-0.2226867676
0.0000000000
0.1113433838
0.0000000000
0.0000000000
0.0000000000
-0.1113433838
0.0000000000
0.0391082764
0.2346649170
-0.0195617676
0.0391082764
0.0391082764
-0.9581909180
-0.0977783203
0.3388214111
0.2258758545
-0.2258758545
0.2258758545
-0.4517517090
-0.1129455566
-0.1129455566
0.1129455566
0.0872192383
0.8721466064
-0.3488616943
0.0290679932
0.0581359863
-0.1453552246
-0.0581359863
-0.2325744629
0.1150360107
0.0000000000
0.1150360107
-0.1150360107
-0.1150360107
0.1150360107
-0.1150360107
-0.1150360107
0.1117401123
-0.1117401123
-0.1117401123
0.0000000000
0.1117401123
-0.3352050781
0.5586853027
0.2234802246
0.0000000000
0.3338165283
0.4005889893
-0.0667572021
-0.1335296631
0.6676483154
-0.2670593262
0.2002868652
0.2804870605
-0.3272247314
0.4674682617
-0.5142211914
0.2337341309
-0.4207305908
-0.1402435303
-0.0934906006
0.0000000000
-0.1242218018
0.1242218018
0.2484588623
0.2484588623
0.0000000000
0.3726806641
-0.1242218018
0.3333892822
0.1111297607
0.3333892822
-0.5000915527
-0.5000915527
-0.1111297607
-0.3889617920
0.0000000000
-0.1343536377
-0.2239379883
0.5822296143
-0.4926452637
-0.1791381836
0.0447845459
0.0895690918
-0.4926452637
0.1216278076
0.2432556152
-0.1216278076
-0.1216278076
0.1216278076
0.0000000000
0.1216278076
-0.1216278076
0.1088256836
-0.3264617920
-0.5440979004
-0.1088256836
0.1088256836
-0.1088256836
0.0000000000
-0.3264617920
-0.0588226318
0.7647094727
0.2941131592
-0.3529357910
-0.1176452637
-0.0588226318
-0.1176452637
0.2352905273
-0.3461608887
0.1153869629
-0.2307739258
0.1153869629
0.2307739258
-0.2307739258
0.2307739258
0.3461608887
0.0818176270
-0.0409088135
-0.9409637451
0.0818176270
-0.0409088135
-0.0409088135
0.0000000000
0.2045593262
0.0823974609
-0.2472076416
0.0823974609
0.0000000000
0.5768280029
0.4944305420
-0.0823974609
-0.3296203613
0.0262908936
0.1840667725
-0.2103729248
0.9203643799
0.0262908936
0.0788879395
-0.2103729248
0.0262908936
-0.0192108154
0.9794921875
-0.0768280029
0.0000000000
0.0576171875
0.1152343750
-0.0768280029
0.0000000000
0.3808593750
-0.4189453125
0.0761718750
0.3808593750
0.3808593750
0.0000000000
0.5332031250
-0.2285156250
-0.1981506348
-0.5944366455
-0.1981506348
-0.0990753174
0.3963012695
0.0990753174
-0.1981506348
0.0000000000
0.8757324219
-0.1347198486
-0.1347198486
0.0000000000
-0.0673675537
0.2020874023
0.0000000000
0.0000000000
-0.1178436279
0.1178436279
0.0000000000
0.0000000000
-0.1178436279
-0.1178436279
-0.2357025146
0.0000000000
0.3715667725
0.0000000000
0.1238555908
0.1238555908
0.2477111816
0.1238555908
-0.1238555908
-0.2477111816
-0.0196380615
0.9622497559
-0.0981903076
0.1571044922
-0.0785522461
0.0589141846
-0.0589141846
0.1178283691
0.1137847900
-0.3982696533
0.0569000244
-0.3982696533
-0.1137847900
0.2275848389
0.1706848145
0.6827392578
-0.1963348389
0.2945098877
0.3926696777
-0.0981750488
-0.2945098877
-0.1963348389
-0.4908447266
0.0000000000
-0.1757507324
0.0351562500
-0.2812042236
-0.3515167236
-0.5272674561
-0.5975646973
0.2812042236
0.1054534912
-0.1347656250
0.5390625000
0.3593750000
0.0000000000
-0.6289062500
0.2246093750
0.1347656250
0.1796875000
0.0000000000
0.3014221191
0.2009429932
0.1004791260
-0.5023651123
-0.2009429932
-0.2009429932
-0.4018859863
0.1941070557
-0.1455841064
0.3882141113
-0.3396911621
0.3396911621
-0.2426300049
0.5823211670
0.2911682129
-0.1359558105
0.1359558105
0.4078674316
-0.1359558105
0.6118011475
-0.4758453369
-0.1359558105
0.0679779053
0.0000000000
-0.2357025146
0.0000000000
0.1178436279
-0.1178436279
0.0000000000
-0.1178436279
0.1178436279
-0.0237121582
0.0000000000
0.2370758057
-0.0237121582
-0.0948333740
0.0474090576
-0.9483184814
-0.1185455322
0.1238555908
-0.1238555908
-0.2477111816
0.1238555908
-0.3715667725
0.2477111816
-0.1238555908
0.0000000000
0.0361633301
0.8680877686
-0.3617095947
0.0723419189
0.1085052490
-0.1446838379
0.0361633301
-0.1808471680
0.0000000000
-0.1113433838
0.1113433838
0.1113433838
-0.1113433838
0.1113433838
-0.1113433838
0.0000000000
0.0927886963
0.0000000000
-0.2783508301
-0.0927886963
0.0927886963
-0.3711395264
0.6494903564
0.1855621338
-0.1172332764
0.0000000000
-0.1172332764
-0.4689483643
-0.3517150879
0.2344665527
-0.1172332764
-0.1172332764
0.1881256104
-0.1128692627
0.6772613525
-0.4891357422
0.0376281738
-0.3010101318
-0.3386230469
-0.0376281738
0.0000000000
-0.2468566895
0.2468566895
0.2468566895
0.2468566895
-0.1234283447
0.2468566895
-0.1234283447
0.4237060547
0.1412353516
0.4943237305
-0.2824707031
-0.4237060547
-0.2118530273
-0.2824707031
-0.0706176758
-0.1612396240
-0.2015533447
0.6046447754
-0.4030914307
-0.1612396240
0.0403137207
0.0806121826
-0.5643310547
-0.1250000000
0.1250000000
0.0000000000
0.1250000000
0.0000000000
0.0000000000
0.3750000000
-0.2500000000
0.2258758545
-0.2258758545
-0.4517517090
0.2258758545
0.0000000000
0.2258758545
-0.2258758545
-0.2258758545
0.3059997559
0.7650146484
0.2295074463
0.0765075684
-0.0765075684
0.0765075684
0.0000000000
-0.2295074463
-0.2498626709
0.0000000000
-0.1249389648
0.1249389648
0.2498626709
0.0000000000
0.1249389648
0.2498626709
0.1202087402
-0.0601043701
-0.9316253662
-0.0300598145
-0.0601043701
-0.0601043701
-0.0601043701
0.2704772949
0.0909118652
-0.2727508545
0.0909118652
0.0909118652
0.0000000000
0.7273406982
0.0909118652
-0.2727508545
0.0000000000
0.1358032227
-0.2037048340
0.9505920410
0.0226287842
0.0226287842
-0.1358032227
0.0226287842
0.0206604004
0.9713745117
-0.1033325195
-0.0413360596
0.0619964600
0.1240081787
-0.1033325195
0.0000000000
0.1158447266
-0.6081848145
-0.2606506348
0.2606506348
0.4054565430
-0.2316894531
0.4633789062
-0.1448059082
-0.1076965332
0.5384674072
0.0000000000
0.1076965332
0.4307708740
0.2153778076
0.1076965332
-0.1076965332
0.9286346436
-0.1211242676
-0.0807495117
-0.1211242676
-0.1614990234
0.0403747559
0.0807495117
-0.1211242676
-0.1199951172
0.1199951172
0.1199951172
0.0000000000
-0.2400054932
0.0000000000
-0.1199951172
-0.1199951172
0.3535461426
0.0000000000
0.3535461426
0.0000000000
0.1178436279
0.2357025146
0.0000000000
-0.3535461426
0.0516204834
0.9808502197
-0.0688323975
0.0860443115
-0.0516204834
0.1032409668
0.0172119141
0.0000000000
0.1209259033
-0.3224792480
0.2015533447
-0.4434051514
-0.0806121826
0.2418518066
0.0000000000
0.7255706787
0.0000000000
0.1401977539
0.2803955078
-0.2803955078
-0.4205932617
-0.2803955078
-0.6308898926
-0.0700988770
-0.1570739746
0.1570739746
-0.1570739746
-0.1832427979
-0.2617797852
-0.8377075195
0.2879638672
0.1308898926
-0.1863861084
0.4193572998
0.1863861084
0.0931854248
-0.6523284912
0.4193572998
0.1397857666
0.2329711914
0.0000000000
0.2234802246
0.1117401123
0.4469451904
-0.4469451904
-0.1117401123
-0.2234802246
0.0000000000
0.0665130615
-0.1995239258
0.3657989502
-0.2660369873
0.3657989502
-0.2992858887
0.5985717773
0.3657989502
-0.1959533691
0.1469726562
0.2449493408
0.0000000000
0.6368713379
-0.4898986816
-0.3429260254
0.1959533691
0.1242218018
-0.2484588623
0.0000000000
0.0000000000
-0.2484588623
0.1242218018
-0.1242218018
0.3726806641
-0.0427703857
-0.0641479492
0.2352142334
-0.0213775635
-0.1710662842
0.0427703857
-0.9408416748
-0.0855255127
-0.0823974609
-0.0823974609
-0.5768280029
-0.2472076416
-0.3296203613
0.4944305420
0.0000000000
-0.0823974609
0.0000000000
0.8021392822
-0.4583587646
0.1527862549
0.1527862549
-0.1527862549
0.0764007568
-0.1527862549
0.0000000000
-0.1199951172
0.1199951172
0.1199951172
-0.1199951172
0.0000000000
-0.1199951172
-0.2400054932
0.0995330811
0.0000000000
-0.2985992432
-0.0995330811
0.0995330811
-0.3981323242
0.5971984863
0.0995330811
-0.2187805176
0.4375762939
-0.2187805176
-0.1093902588
-0.3281707764
0.2187805176
-0.2187805176
0.2187805176
0.2050628662
-0.0878906250
0.6737823486
-0.4394226074
-0.0585937500
-0.3808288574
-0.3515472412
-0.0585937500
0.1228332520
-0.2456817627
-0.1228332520
0.0000000000
0.2456817627
0.0000000000
0.1228332520
0.0000000000
0.3739624023
0.1495819092
0.5983428955
0.0747985840
-0.2991638184
-0.2243804932
-0.3739624023
-0.0747985840
-0.2183227539
-0.0873260498
0.5676269531
-0.3929748535
-0.2619781494
0.0873260498
0.0873260498
-0.5676269531
0.0000000000
0.1250000000
0.2500000000
0.0000000000
0.1250000000
0.0000000000
0.3750000000
-0.1250000000
0.3742370605
-0.1871185303
-0.3742370605
-0.3742370605
0.0000000000
0.4678039551
0.0935668945
-0.0935668945
0.5308380127
0.1769409180
0.0884704590
0.4423675537
0.0000000000
-0.0884704590
0.0884704590
-0.4423675537
-0.1229705811
0.0000000000
-0.3689117432
0.2459411621
0.2459411621
0.2459411621
0.0000000000
0.1229705811
0.0957031250
-0.1435394287
-0.9091186523
-0.0957031250
-0.0717773438
0.0239257812
-0.1674652100
0.2870941162
0.0818634033
-0.1637268066
0.0000000000
0.0818634033
0.0000000000
0.8186035156
0.0000000000
-0.2455902100
-0.0407104492
0.0407104492
-0.1628265381
0.9769287109
-0.0203552246
0.0000000000
0.0203552246
0.0407104492
-0.0166625977
0.9833221436
-0.1000061035
0.0166625977
0.0333404541
0.0666656494
-0.0833282471
0.0333404541
-0.0492858887
-0.7391815186
-0.1724700928
0.0985565186
0.3695983887
-0.3449554443
0.3695983887
0.0000000000
0.2167205811
0.7946472168
0.1444854736
0.0722351074
0.2167205811
0.1444854736
0.2167205811
-0.0722351074
0.9573059082
-0.0265960693
0.0000000000
-0.0531768799
-0.1595458984
0.0000000000
0.0797729492
-0.1595458984
0.1247253418
0.1247253418
0.0000000000
-0.1247253418
0.0000000000
0.1247253418
-0.1247253418
-0.3741607666
0.2270965576
0.2270965576
0.4541778564
-0.1135406494
0.0000000000
0.3406372070
-0.1135406494
-0.2270965576
0.0875701904
0.9778137207
-0.0729675293
0.0583801270
0.0000000000
0.0875701904
0.0729675293
-0.0875701904
0.0312347412
-0.1561584473
0.2810821533
-0.3747711182
-0.0936889648
0.3435363770
-0.1873779297
0.7495422363
0.2212524414
-0.1106262207
0.0737457275
-0.4056396484
-0.6637725830
-0.0737457275
-0.4794006348
-0.2212524414
-0.1544799805
0.2206878662
-0.0662078857
-0.1324157715
-0.0882720947
-0.9048461914
0.1986236572
0.1544799805
-0.0648498535
0.3566436768
0.2269592285
0.1296844482
-0.6808776855
0.5187530518
0.1296844482
0.1296844482
-0.0769500732
0.2308349609
0.4616851807
0.4616851807
0.0000000000
-0.1539001465
0.0000000000
0.5386199951
0.0308990479
-0.2472076416
0.2472076416
-0.2163085938
0.3399047852
-0.4326171875
0.5562133789
0.4326171875
-0.1633758545
0.2450561523
0.2859039307
0.1225280762
0.5718078613
-0.4901275635
-0.3675842285
0.2450561523
0.3352355957
-0.0838012695
0.0000000000
-0.2514190674
-0.6704711914
0.0838165283
-0.0838012695
0.3352355957
-0.0441131592
-0.0661621094
0.1984863281
0.0000000000
-0.1543731689
0.0882110596
-0.9482879639
-0.0882110596
-0.1911926270
0.0000000000
-0.4461212158
-0.4461212158
-0.2549285889
0.5098571777
0.3186645508
-0.0637359619
0.0000000000
0.7916564941
-0.5066528320
0.2216644287
0.1583251953
-0.0950012207
0.0316619873
0.0000000000
0.2405242920
0.0000000000
-0.1202545166
0.2405242920
-0.1202545166
0.1202545166
0.1202545166
-0.4810485840
0.0000000000
0.2912292480
-0.0727996826
0.3640289307
0.0000000000
0.2912292480
0.6552581787
0.2912292480
0.0608520508
0.2433929443
0.2433929443
0.4259490967
0.2433929443
0.5476379395
-0.4259490967
0.1825408936
0.1681976318
-0.0480499268
0.6967926025
-0.3363800049
-0.0961151123
-0.4084625244
-0.4084625244
-0.0961151123
-0.1111450195
-0.1111450195
-0.4445648193
-0.1111450195
0.2222900391
0.2222900391
0.0000000000
0.4445648193
0.2447814941
-0.0815887451
0.5711517334
0.4895629883
-0.1631927490
0.0000000000
-0.3263702393
0.0815887451
-0.1767730713
0.1178436279
0.5892486572
-0.1767730713
-0.4714050293
0.2357025146
0.1178436279
-0.4124755859
0.2246704102
0.1123352051
0.4493408203
-0.1123352051
0.1123352051
0.0000000000
0.3370056152
-0.3370056152
0.2928924561
-0.0976257324
-0.1952514648
-0.8298492432
0.0488128662
0.1464385986
0.1952514648
0.1952514648
0.4642791748
-0.0663299561
-0.3316345215
0.5969238281
0.0000000000
-0.0663299561
-0.0663299561
-0.3979492188
0.2405242920
0.0000000000
-0.3607788086
0.2405242920
0.0000000000
0.3607788086
-0.1202545166
-0.1202545166
0.1653594971
-0.2126007080
-0.8267669678
-0.2126007080
-0.0708618164
0.0708618164
-0.2126007080
0.3543243408
0.4294891357
-0.2576904297
-0.0858917236
-0.2576904297
0.1717987061
0.6012725830
0.0000000000
-0.1717987061
-0.0408935547
-0.0408935547
-0.0613403320
0.9814147949
-0.0613403320
0.0204467773
0.1022338867
0.0408935547
0.0000000000
0.9813537598
-0.1207885742
0.0301971436
0.0301971436
-0.0452880859
-0.1056823730
0.0000000000
-0.2690582275
-0.6726531982
-0.1793670654
0.0448455811
0.2242126465
-0.4932708740
0.3363189697
0.1345367432
0.1914215088
0.9092712402
0.1435699463
-0.0478515625
0.0957183838
0.0000000000
0.1435699463
-0.0957183838
0.9640350342
-0.0438232422
0.0438232422
0.0000000000
-0.1533660889
0.0000000000
0.0657348633
-0.1533660889
-0.1150360107
0.1150360107
0.1150360107
0.1150360107
0.1150360107
-0.1150360107
0.0000000000
0.1150360107
0.2879943848
-0.2879943848
0.0000000000
-0.1920013428
-0.2879943848
-0.0959930420
0.3840026855
-0.4799957275
-0.0910797119
0.9918212891
-0.0101165771
0.0404815674
0.0000000000
-0.0404815674
-0.0202484131
0.0303649902
0.1327209473
-0.0995483398
-0.4645385742
0.7299804688
0.0995483398
0.0000000000
0.2986297607
-0.2986297607
-0.3117980957
0.4157409668
0.1039276123
0.3117980957
-0.4157409668
0.0000000000
-0.2078704834
-0.1039276123
0.0000000000
0.1685791016
0.1264343262
-0.0632171631
-0.3160858154
-0.9060974121
0.0210723877
-0.1264343262
-0.0700988770
0.4205932617
0.4205932617
0.1401977539
-0.4205932617
-0.1401977539
-0.1401977539
0.4906921387
-0.1693725586
0.0846862793
0.5081176758
0.0846862793
-0.4234313965
0.0846862793
-0.0846862793
-0.5081176758
0.9452972412
-0.0210113525
0.0840301514
0.1050262451
-0.2310791016
0.0630187988
-0.1260375977
0.0210113525
-0.0410766602
-0.0958404541
0.9172821045
0.3696594238
0.0000000000
-0.0684509277
0.0136871338
-0.0136871338
-0.2416839600
-0.2416839600
0.3625183105
0.1208343506
0.2416839600
0.2416839600
-0.1208343506
0.0000000000
0.0350189209
-0.0233459473
0.0350189209
0.0233459473
0.0116729736
0.0350189209
-0.9920043945
-0.0816955566
0.0964202881
0.0964202881
0.6749725342
-0.0964202881
-0.0964202881
-0.2892761230
-0.0964202881
0.2892761230
0.0356750488
0.9808807373
-0.1248321533
0.0356750488
-0.0891723633
0.0356750488
-0.0178375244
0.0000000000
0.1166229248
-0.1166229248
0.0000000000
-0.2332305908
-0.1166229248
-0.1166229248
-0.1166229248
-0.5830993652
-0.1249389648
0.1249389648
0.0000000000
0.1249389648
-0.1249389648
-0.2498779297
-0.3748321533
0.0000000000
0.0659027100
0.1976928711
0.5271606445
-0.0659027100
0.0659027100
0.7248535156
0.0000000000
0.0000000000
-0.4573364258
-0.2613372803
0.2613372803
-0.3266754150
0.1959991455
-0.5879974365
-0.0653381348
-0.1306610107
-0.2432556152
0.2432556152
0.1216278076
0.0000000000
0.0000000000
0.0000000000
0.1216278076
0.0000000000
0.6022186279
-0.3345642090
-0.2007446289
0.2007446289
-0.0669097900
0.4683837891
-0.2676544189
0.0000000000
-0.2006378174
-0.0445861816
0.8917236328
-0.2452239990
-0.1114654541
0.1783447266
0.2006378174
-0.0445861816
0.2400054932
0.0000000000
-0.2400054932
0.0000000000
0.0000000000
0.0000000000
0.0000000000
-0.1199951172
0.0000000000
-0.0739898682
-0.1479644775
-0.9802856445
0.0000000000
0.0184936523
0.0184936523
0.0000000000
-0.1071624756
0.9644927979
0.0535888672
-0.1071624756
0.0000000000
-0.0535888672
0.0000000000
0.1339569092
-0.4249114990
0.3304901123
-0.1416320801
0.3777008057
0.2832794189
-0.3777008057
0.3304901123
0.3777008057
0.0826873779
-0.4133911133
-0.4960784912
-0.1653594971
-0.3307189941
0.1653594971
-0.4133911133
-0.0826721191
-0.3824157715
-0.3824157715
0.1912078857
0.2868041992
0.0478057861
0.3824157715
0.1912078857
-0.5736236572
0.0389709473
0.0389709473
-0.0584564209
0.9549102783
0.1169281006
0.0974426270
-0.2143707275
-0.0194854736
-0.1077270508
0.9814910889
0.0000000000
0.0598449707
0.0478820801
-0.1196899414
-0.0119628906
0.0119628906
0.4292297363
-0.3301696777
0.3301696777
0.1650848389
0.1650848389
0.4952697754
0.4952697754
-0.1320648193
-0.1123352051
-0.1123352051
-0.4493408203
-0.4493408203
-0.1123352051
-0.1123352051
-0.1123352051
-0.2246704102
0.8307189941
-0.1780090332
0.1186676025
0.1780090332
-0.2373504639
0.1186676025
0.1780090332
-0.1186676025
-0.1216278076
0.1216278076
0.1216278076
-0.1216278076
-0.1216278076
-0.2432556152
0.0000000000
0.1216278076
0.2818603516
-0.0939483643
0.1879119873
-0.2818603516
-0.2818603516
-0.0939483643
0.2818603516
-0.5637359619
-0.0591278076
0.9954223633
0.0098571777
0.0197143555
-0.0197143555
-0.0394287109
0.0000000000
-0.0098571777
0.1670989990
-0.1002655029
-0.6015777588
0.6684112549
0.0334167480
0.0000000000
0.3342132568
-0.0668487549
0.0000000000
0.3206024170
-0.1923675537
0.0641174316
-0.8335723877
-0.1282348633
0.0641174316
-0.0641174316
0.0000000000
0.2273101807
0.0189361572
-0.0757751465
-0.3409576416
-0.8902740479
0.1136474609
-0.0947113037
-0.0522155762
0.4177246094
0.4177246094
0.2610778809
-0.5743713379
-0.1566467285
-0.0522155762
0.3655090332
-0.0667572021
0.0000000000
0.4673461914
-0.0667572021
-0.4005889893
-0.1335296631
0.0000000000
-0.6676483154
0.9290924072
-0.0819854736
0.2186126709
0.0273284912
-0.1639556885
-0.0273284912
0.0546569824
0.1639556885
-0.0257720947
-0.0644226074
0.9276580811
0.3478698730
-0.0128784180
-0.0773010254
0.0257720947
-0.0386505127
-0.1172332764
-0.2344665527
0.2344665527
0.2344665527
0.3517150879
0.3517150879
-0.1172332764
-0.1172332764
0.0306854248
-0.0102233887
0.0000000000
0.0409240723
-0.0102233887
0.0511474609
-0.9922180176
-0.0818328857
0.2320098877
0.1159973145
0.3480072021
0.1159973145
-0.1159973145
-0.3480072021
-0.3480072021
0.1159973145
0.0483245850
0.9827117920
-0.1127777100
0.0322265625
-0.0805511475
0.0483245850
0.0000000000
0.0322265625
0.0000000000
0.0000000000
0.0000000000
0.0000000000
-0.1213989258
0.0000000000
0.0000000000
-0.6070251465
0.0000000000
0.3674163818
0.1224670410
0.2449493408
0.1224670410
-0.1224670410
-0.2449493408
0.2449493408
0.1634521484
0.2179412842
0.4903717041
0.0000000000
0.1634521484
0.6538391113
-0.3269195557
0.1634521484
-0.2927703857
-0.2927703857
0.5855255127
-0.4391479492
0.1463775635
-0.1463775635
-0.2195739746
-0.1463775635
0.0000000000
0.1247253418
0.0000000000
0.2494506836
0.2494506836
0.0000000000
0.2494506836
-0.1247253418
0.5000000000
0.0000000000
0.3000030518
0.0000000000
0.1999969482
0.0000000000
-0.5000000000
-0.1000061035
-0.1594543457
-0.0597991943
0.8570709229
-0.2989807129
-0.1793823242
0.1993255615
0.2192535400
-0.1195983887
0.2494506836
0.0000000000
0.0000000000
-0.1247253418
0.0000000000
-0.1247253418
0.2494506836
-0.2494506836
-0.0161132812
-0.1288604736
-0.0805358887
-0.9825897217
-0.0161132812
0.0161132812
0.0483245850
0.0000000000
-0.0719757080
0.9837036133
0.0479888916
0.0239868164
0.0000000000
-0.0719757080
0.0000000000
0.0239868164
-0.3572692871
0.2977294922
-0.0595397949
0.4168243408
0.1786346436
-0.4168243408
0.2381896973
0.4763641357
0.1176452637
-0.4117584229
-0.7647094727
-0.1764678955
-0.1176452637
0.1176452637
-0.2352905273
0.0588226318
-0.2309570312
-0.3464355469
0.2309570312
0.1154785156
0.4619140625
0.4041748047
0.0577392578
-0.5196533203
0.0183410645
0.0183410645
-0.0733337402
0.9533538818
0.1466674805
0.1100006104
-0.2016754150
0.0000000000
-0.1399230957
0.9795074463
-0.0186614990
0.0466461182
0.0373077393
-0.1119384766
-0.0373077393
0.0186614990
0.3484954834
-0.5702819824
0.3801879883
0.1900939941
0.2534484863
0.2217712402
0.4752349854
-0.0316772461
-0.1093902588
0.4375762939
-0.2187805176
-0.3281707764
0.0000000000
0.0000000000
0.0000000000
-0.4375762939
0.7212524414
-0.3328857422
0.0554809570
0.2219238281
-0.2774047852
0.1109619141
0.2219238281
-0.2774047852
-0.1150360107
0.0000000000
0.0000000000
-0.1150360107
0.0000000000
-0.2300720215
-0.1150360107
0.0000000000
0.3028411865
0.2019042969
0.2019042969
-0.2019042969
-0.2019042969
0.0000000000
0.1009521484
-0.6056976318
-0.0108184814
0.9957733154
-0.0216522217
0.0432891846
-0.0324707031
0.0000000000
0.0108184814
-0.0324707031
0.0476379395
-0.3334808350
-0.3811187744
0.6669464111
-0.1429138184
0.0952758789
0.2858276367
0.3334808350
0.1561279297
0.2341918945
-0.1170959473
-0.1951599121
-0.8977203369
0.0000000000
0.0000000000
-0.1170959473
-0.0762023926
0.2095642090
-0.0190582275
-0.1524200439
-0.3429260254
-0.8763732910
0.1714630127
0.0000000000
0.0000000000
0.4977111816
0.4479370117
0.0995483398
-0.5474853516
0.1990814209
0.0000000000
0.3484039307
0.0000000000
0.1223754883
0.3671264648
-0.0611877441
-0.4895019531
-0.1223754883
-0.1223754883
-0.6730651855
0.6949768066
-0.0906524658
0.3625946045
-0.1813049316
0.1208648682
-0.3323822021
0.3625946045
0.2417297363
0.0000000000
-0.0764312744
0.9324035645
0.3362731934
0.0458526611
-0.0305633545
0.0305633545
0.0152893066
-0.1216278076
-0.1216278076
0.1216278076
0.1216278076
0.2432556152
0.1216278076
-0.1216278076
0.0000000000
0.0000000000
-0.0323791504
0.0000000000
0.0323791504
-0.0323791504
0.0539703369
-0.9929809570
-0.0647583008
0.3424682617
0.2283172607
0.2283172607
0.1141510010
0.1141510010
0.1141510010
-0.3424682617
-0.3424682617
0.0624237061
0.9780883789
-0.1456756592
0.0416259766
-0.0208129883
0.0000000000
0.0208129883
0.0416259766
0.0000000000
0.1166229248
0.0000000000
0.2332305908
-0.2332305908
0.0000000000
0.0000000000
-0.5830993652
0.0000000000
0.4640045166
0.1159973145
0.2320098877
0.1159973145
0.0000000000
0.3480072021
0.2320098877
0.0846862793
0.0000000000
0.2540588379
-0.2540588379
0.0000000000
0.5081176758
-0.5928039551
0.0846862793
-0.1482238770
0.0000000000
0.7904968262
-0.4446563721
-0.0988159180
0.0494079590
-0.2470245361
-0.0494079590
-0.1224670410
0.0000000000
-0.2449493408
0.2449493408
0.3674163818
-0.1224670410
0.2449493408
-0.1224670410
0.6278381348
0.1395263672
0.4185638428
-0.1395263672
0.0697631836
-0.0697631836
-0.4185638428
-0.2092742920
-0.1510009766
-0.0647125244
0.8412628174
-0.3235626221
-0.1725616455
0.1725616455
0.2372741699
-0.1725616455
0.2486572266
0.0000000000
0.0000000000
-0.1243286133
0.0000000000
0.0000000000
0.2486572266
-0.2486572266
-0.0358734131
-0.1076354980
-0.0179443359
-0.9867095947
0.0000000000
0.0358734131
-0.0358734131
-0.0179443359
0.0826873779
0.9647369385
0.0551300049
0.0826873779
-0.1102600098
-0.0551300049
0.0275573730
-0.1102600098
-0.2424163818
0.2424163818
0.0808105469
0.3232269287
0.2424163818
-0.4040222168
0.0808105469
0.5656433105
0.0377807617
-0.2644958496
-0.9068603516
-0.1133575439
-0.0755767822
0.0000000000
-0.0755767822
0.1889343262
0.0000000000
-0.2664337158
0.1776275635
-0.1776275635
0.4440612793
0.4440612793
0.0000000000
-0.4440612793
0.0157623291
0.0315399170
-0.0788421631
0.9776153564
0.0473022461
0.0788421631
-0.1419067383
-0.0157623291
-0.1021270752
0.9841766357
-0.0557098389
0.0371398926
0.0185699463
-0.1021270752
-0.0464172363
0.0278472900
0.1353302002
-0.7307434082
0.2165222168
0.2435760498
0.3247833252
0.0270690918
0.4600982666
0.0000000000
-0.0800323486
0.8003845215
0.0000000000
0.0000000000
0.0000000000
0.1600799561
0.0800323486
-0.3201599121
0.8391113281
-0.3051300049
-0.0381469727
0.0381469727
-0.2669830322
0.0762786865
0.1525726318
-0.2288513184
0.1064758301
0.1064758301
0.0000000000
0.0000000000
0.0000000000
-0.1064758301
-0.1064758301
-0.1064758301
0.3874053955
0.1937103271
0.2905578613
-0.1937103271
-0.0968475342
0.0968475342
0.0000000000
-0.5811157227
0.0408477783
0.9907226562
-0.0510711670
0.0510711670
-0.0204315186
0.0510711670
0.0510711670
-0.0510711670
-0.1286773682
-0.4718322754
0.3431549072
0.0000000000
-0.2573699951
0.2144775391
0.0000000000
0.6863098145
0.2084045410
0.1488647461
-0.1190795898
-0.2977142334
-0.8633728027
0.0595397949
-0.1488647461
-0.1786346436
-0.1437835693
0.2076873779
0.0000000000
-0.1437835693
-0.3354949951
-0.8786773682
0.1278076172
0.0798797607
0.1035919189
0.4661560059
0.3107757568
0.0517883301
-0.5697479248
0.4661560059
0.0000000000
0.2071838379
0.1269531250
0.3173828125
0.3808593750
0.1269531250
-0.6347503662
-0.0634765625
-0.1904296875
-0.3808593750
0.3004760742
-0.1365814209
0.3824157715
-0.2458496094
0.2731628418
-0.4916839600
0.5189971924
0.2731628418
0.0188446045
-0.1319274902
0.8858337402
0.3769531250
0.1884765625
-0.0376892090
-0.0376892090
0.0753936768
0.0000000000
-0.1150360107
-0.1150360107
0.0000000000
0.0000000000
-0.1150360107
0.0000000000
0.2300720215
-0.0249633789
-0.0249633789
0.0749053955
0.0374603271
-0.0624237061
0.0499420166
-0.9862670898
-0.0873870850
0.2534027100
0.1900482178
0.3167419434
0.0633544922
0.3167419434
0.3800964355
-0.1266937256
-0.6334838867
0.1108093262
0.9418334961
-0.2216033936
0.1385040283
0.0276947021
-0.0276947021
0.0554046631
0.0554046631
0.0000000000
0.1234283447
0.1234283447
0.1234283447
-0.1234283447
0.1234283447
-0.1234283447
-0.4937286377
0.0000000000
0.2985992432
0.1990661621
0.0995330811
0.0000000000
0.0995330811
0.6967315674
0.0995330811
-0.2211151123
-0.1105499268
-0.1105499268
-0.3316650391
0.0000000000
0.2211151123
-0.5527648926
0.0000000000
-0.1285400391
0.0321350098
0.7712860107
-0.4820556641
-0.1928253174
0.0000000000
-0.2892303467
-0.0321350098
-0.1242218018
0.0000000000
-0.3726806641
0.1242218018
0.3726806641
0.0000000000
0.0000000000
0.0000000000
0.5119171143
0.1279754639
0.5759124756
0.0639953613
0.2559661865
-0.1279754639
-0.2559661865
-0.3199462891
-0.1925048828
-0.0274963379
0.7975311279
-0.3575134277
-0.2200164795
0.1925048828
0.2475128174
-0.1650085449
-0.1238555908
0.1238555908
0.1238555908
0.0000000000
0.0000000000
-0.1238555908
0.4954071045
-0.1238555908
-0.0205078125
-0.0615386963
0.0000000000
-0.9847106934
0.0410308838
0.0820617676
-0.0615386963
0.0205078125
0.2218780518
0.9192352295
0.0316925049
0.1584930420
-0.0950927734
-0.0316925049
0.0316925049
-0.1901855469
0.1055145264
0.2110137939
0.1055145264
0.3165283203
0.2110137939
-0.3165283203
0.0000000000
0.5275421143
0.0792236328
-0.2112426758
-0.8977966309
-0.2112426758
-0.1056213379
0.0528106689
-0.1320343018
0.2112426758
0.2586212158
-0.1724090576
0.0862121582
-0.1724090576
0.2586212158
0.5172424316
-0.0862121582
-0.5172424316
-0.0404815674
0.0539855957
-0.0674743652
0.9852294922
-0.0404815674
0.0404815674
-0.0674743652
-0.0809783936
-0.0575714111
0.9882812500
-0.0863494873
0.0383758545
0.0000000000
-0.0575714111
-0.0575714111
0.0383758545
0.0000000000
-0.8145904541
0.1481018066
0.1974792480
0.2962188721
-0.0987396240
0.3949584961
0.0493621826
0.0835266113
0.7517089844
0.2505645752
0.0835266113
0.0000000000
0.2505645752
0.1670379639
-0.1670379639
0.9153137207
-0.1830596924
-0.0261535645
0.0261535645
-0.2092132568
0.0261535645
0.1307525635
-0.2092132568
0.1150360107
0.0000000000
0.0000000000
0.0000000000
-0.1150360107
0.0000000000
-0.1150360107
-0.2300720215
0.2958526611
0.2958526611
0.3944702148
-0.1972351074
0.0000000000
0.1972351074
0.0000000000
-0.4930877686
0.0553436279
0.9870147705
-0.0645751953
0.0184478760
0.0092315674
0.0830230713
0.0553436279
-0.0737915039
-0.1470031738
-0.3675231934
0.4042663574
-0.1470031738
-0.2205047607
0.2572631836
-0.1102600098
0.6982879639
0.3005981445
-0.0214691162
-0.1932373047
-0.3650054932
-0.7944335938
0.0858917236
-0.1717681885
-0.2361907959
-0.1503143311
0.2404937744
0.0450897217
-0.1202545166
-0.2104339600
-0.9018707275
0.0751495361
0.1803741455
0.2552642822
0.3828887939
0.2127227783
0.0850830078
-0.5530700684
0.5956115723
0.0000000000
0.1276245117
0.0000000000
0.1782989502
0.2674560547
0.2674560547
-0.6240692139
0.0000000000
-0.1782989502
0.3566131592
0.3553161621
-0.2131958008
0.3553161621
-0.2368774414
0.2605743408
-0.4500732422
0.4974517822
0.3316345215
0.0000000000
-0.1394042969
0.8364562988
0.4008026123
0.2613983154
-0.0522766113
-0.1219787598
0.1568298340
0.1840515137
0.0000000000
-0.1840515137
-0.2760772705
-0.6441650391
-0.2760772705
0.1840515137
0.1840515137
-0.0599212646
0.0000000000
0.1647796631
0.0449371338
-0.0749053955
0.0898895264
-0.9587402344
-0.1647796631
0.3203125000
0.0915222168
0.3203125000
0.0000000000
0.4118347168
0.2745513916
-0.0457611084
-0.6863861084
0.0944366455
0.9128417969
-0.2518157959
0.2203369141
0.0944366455
-0.0629577637
0.0000000000
0.0314788818
0.0000000000
0.1178436279
0.0000000000
0.2357025146
0.0000000000
0.1178436279
-0.1178436279
-0.5892486572
0.0000000000
0.4799957275
0.2879943848
0.1920013428
0.0000000000
0.2879943848
0.4799957275
0.0959930420
0.0656127930
0.0656127930
0.1312255859
0.2624511719
0.3936767578
0.2624511719
-0.7217407227
0.1312255859
-0.0541229248
0.0811920166
0.7578125000
-0.4871673584
-0.2977142334
-0.0811920166
-0.2435760498
-0.0270690918
0.0000000000
0.0000000000
-0.6395263672
0.1065826416
0.3197631836
0.1065826416
0.0000000000
0.2131805420
0.6065673828
0.0000000000
0.5514373779
0.1654357910
0.2205657959
0.0000000000
-0.2757110596
-0.2757110596
-0.1764068604
0.1058502197
0.7761993408
-0.2469787598
-0.3881072998
0.1764068604
0.2469787598
-0.1058502197
-0.1208343506
0.1208343506
0.2416839600
0.0000000000
0.2416839600
0.0000000000
0.4833679199
-0.1208343506
0.0000000000
-0.0232543945
0.0232543945
-0.9766998291
0.0232543945
0.0930175781
-0.1162719727
0.0697631836
0.4400024414
0.7920074463
-0.0879974365
0.2200012207
-0.0879974365
0.0440063477
-0.0440063477
-0.2200012207
0.2048339844
0.5120697021
-0.1024169922
0.4096679688
0.2048339844
0.0000000000
0.0000000000
0.3072509766
0.1079559326
-0.2159118652
-0.7988739014
-0.3238677979
-0.0863647461
0.1079559326
-0.1727294922
0.3670501709
0.4258117676
-0.1419372559
0.0000000000
-0.3548431396
0.1419372559
0.2838745117
-0.2838745117
-0.5677490234
-0.0739593506
0.0123291016
0.0123291016
0.9862213135
-0.0739593506
0.0000000000
0.0616455078
-0.0862884521
-0.0098419189
0.9839477539
-0.1082305908
0.0787200928
0.0098419189
-0.0491943359
-0.0885620117
0.0196838379
-0.1394500732
-0.8134765625
0.2324218750
0.0929718018
0.2324218750
-0.2091827393
0.3486328125
0.1394500732
0.1441040039
0.7926025391
0.2882232666
0.0000000000
-0.0720520020
0.2161560059
0.1441040039
-0.1441040039
0.9568176270
-0.0562896729
0.0187683105
0.1125640869
-0.1500854492
0.0938110352
0.0562896729
-0.1500854492
0.1243286133
0.1243286133
0.0000000000
0.0000000000
0.0000000000
0.1243286133
-0.1243286133
-0.3729858398
0.1034240723
0.5171051025
0.3102722168
-0.1034240723
0.2068481445
0.2068481445
-0.3102722168
-0.2068481445
0.0855560303
0.9838714600
-0.0342254639
-0.0342254639
0.0342254639
0.0941162109
0.0513305664
-0.0855560303
-0.2414703369
-0.1379852295
0.4139556885
0.0690002441
-0.2414703369
0.3794708252
-0.2759704590
0.6554412842
0.3283081055
-0.1209564209
-0.2073516846
-0.3628692627
-0.7603149414
0.1209564209
-0.1555175781
-0.2764739990
-0.2033691406
0.2503051758
0.0938568115
-0.1564331055
-0.1251525879
-0.8604125977
-0.0312805176
0.3128814697
0.3342132568
0.4177703857
0.2228088379
-0.0556945801
-0.5848693848
0.5291595459
-0.0835571289
0.0835571289
0.0769500732
0.2308349609
0.4616851807
0.1539001465
-0.4616851807
0.0000000000
0.0000000000
0.5386199951
0.6381072998
-0.1963500977
0.2699737549
-0.1472625732
0.2208862305
-0.3681488037
0.3190612793
0.3926849365
0.0000000000
-0.1236724854
0.8244628906
0.4397125244
0.2335968018
-0.0961914062
-0.1374053955
0.1511535645
0.2243499756
0.2243499756
-0.1682586670
-0.3926086426
-0.7291259766
-0.2243499756
0.1682586670
0.0560913086
-0.0863037109
0.0345306396
0.1898803711
0.0863037109
-0.0863037109
0.1380920410
-0.9321289062
-0.2071380615
0.2788085938
0.0697021484
0.3136596680
0.0000000000
0.5924682617
0.1742553711
0.0697021484
-0.6273193359
0.0264892578
0.9006195068
-0.3178710938
0.1854248047
0.0794677734
-0.0794677734
-0.0794677734
0.1059570312
0.2438964844
0.1219482422
0.0000000000
0.1219482422
-0.1219482422
0.1219482422
0.1219482422
-0.4878082275
-0.0552215576
0.4418182373
0.2761383057
0.3313598633
-0.2209014893
0.5522613525
0.3865814209
0.1104583740
0.0999145508
-0.0499572754
0.1998291016
0.3497009277
0.3996582031
0.3996582031
-0.6494293213
0.0499572754
-0.1651153564
0.1179504395
0.7312622070
-0.4246063232
-0.3066558838
-0.1887054443
-0.3066558838
-0.0471801758
0.0000000000
0.0000000000
-0.5171051025
-0.1034240723
0.2068481445
0.1034240723
-0.1034240723
0.5171051025
0.7997741699
-0.2221527100
0.3110198975
0.2665863037
0.0000000000
0.2665863037
0.0000000000
-0.0888671875
-0.1166534424
0.1944122314
0.8165588379
0.1166534424
-0.4277191162
0.0777740479
0.1555328369
0.0777740479
0.0000000000
0.1141510010
0.3424682617
0.0000000000
0.1141510010
-0.1141510010
0.5707855225
-0.1141510010
0.0235748291
0.0235748291
0.1178436279
-0.9663391113
-0.0235748291
0.0707092285
-0.1178436279
0.1178436279
0.5531158447
0.4978027344
-0.2212371826
0.3318634033
0.0000000000
0.3318634033
-0.2212371826
-0.1659393311
0.4779052734
0.4779052734
-0.2867431641
0.2867431641
0.0955810547
0.1911621094
0.0000000000
0.0955810547
0.1826171875
-0.2054443359
-0.6163330078
-0.4565429688
-0.0913085938
0.1597900391
-0.1826171875
0.5021972656
0.4997100830
-0.1817169189
0.0454254150
-0.4542846680
0.2271423340
0.1362915039
-0.2725677490
-0.5451354980
-0.0942077637
-0.0353240967
0.0588836670
0.9774780273
-0.0588836670
-0.0235595703
0.1059875488
-0.1059875488
0.0215148926
0.9786071777
-0.1075439453
0.1075439453
0.0107574463
-0.0537719727
-0.1075439453
-0.0215148926
-0.3312530518
-0.7098388672
0.2602691650
0.0000000000
0.1419677734
-0.3312530518
0.3785858154
0.1656341553
0.1971435547
0.8378601074
0.2957153320
0.0000000000
-0.0985717773
0.1478576660
0.1478576660
-0.1971435547
0.9608001709
-0.0331268311
0.0165710449
0.1656494141
-0.1159515381
0.1159515381
0.0496978760
-0.0993957520
