0.1150360107
0.0000000000
0.0000000000
0.0000000000
-0.2300720215
0.1150360107
0.1150360107
0.0000000000
0.1242218018
-0.2484588623
0.2484588623
0.1242218018
0.0000000000
-0.3726806641
0.0000000000
-0.1242218018
-0.0720367432
0.9845581055
0.0000000000
0.0720367432
0.0000000000
-0.0240173340
0.0240173340
0.0240173340
-0.1244812012
-0.0622406006
-0.0622406006
0.3112030029
0.4356842041
0.0000000000
-0.4979248047
-0.5601654053
0.0607299805
-0.1822052002
-0.3036804199
0.0000000000
-0.7288513184
-0.3036804199
-0.3036804199
0.1822052002
-0.1276855469
0.0957641602
-0.0319213867
-0.1915435791
-0.6703796387
-0.6703796387
-0.0319213867
-0.0638427734
0.1233062744
0.6781463623
0.0616455078
-0.1849517822
-0.5548400879
0.0616455078
-0.1849517822
0.1233062744
0.0891571045
0.0000000000
0.7132263184
-0.1782989502
-0.1782989502
0.0891571045
-0.0891571045
-0.3566131592
0.8769989014
0.0000000000
0.1547698975
-0.1031799316
-0.3095245361
0.0000000000
0.1031799316
-0.0515899658
0.4673767090
0.0000000000
0.4089508057
0.0584259033
-0.0584259033
-0.7010650635
-0.0584259033
0.0000000000
-0.2456817627
-0.2456817627
0.0000000000
0.0000000000
0.0000000000
-0.1228332520
-0.1228332520
-0.1228332520
0.1423797607
0.0854339600
-0.0569458008
-0.0284729004
-0.0284729004
0.0569458008
-0.9681854248
-0.0284729004
0.0000000000
-0.2486572266
0.1243286133
0.1243286133
-0.1243286133
-0.1243286133
-0.2486572266
-0.1243286133
-0.0689392090
0.8961334229
0.0000000000
-0.0689392090
-0.1378631592
-0.0689392090
0.0689392090
0.0000000000
0.0000000000
0.0000000000
0.0000000000
-0.0911560059
0.0000000000
0.0911560059
0.0911560059
0.0000000000
-0.1190643311
0.2381439209
0.1190643311
0.1190643311
-0.2381439209
0.1190643311
0.3572082520
0.3572082520
0.0927886963
-0.0927886963
0.4639129639
0.0927886963
0.0000000000
0.0927886963
0.5567016602
0.3711395264
-0.1356506348
-0.2034759521
0.6104125977
-0.0678253174
0.2034759521
-0.5425872803
-0.2712860107
0.0000000000
0.1113433838
0.0000000000
-0.1113433838
-0.1113433838
-0.1113433838
0.1113433838
-0.1113433838
0.0000000000
0.3197631836
0.2131805420
-0.3197631836
-0.1065826416
0.1065826416
0.3197631836
0.3197631836
0.3197631836
-0.0947113037
-0.0315704346
0.7577056885
-0.2525634766
-0.2525634766
-0.1578521729
0.4420013428
-0.1894226074
0.0000000000
-0.0911560059
0.0911560059
0.0000000000
0.0000000000
0.0911560059
0.0000000000
0.0000000000
0.0000000000
-0.1203765869
-0.0601806641
-0.9028015137
0.1203765869
0.1203765869
0.1203765869
-0.0601806641
-0.1575012207
0.7875366211
0.3150177002
-0.3150177002
-0.1050109863
0.1050109863
0.0000000000
0.2100067139
-0.2564849854
0.1282348633
-0.1282348633
0.3206024170
0.3847198486
-0.3847198486
0.3206024170
0.5129699707
-0.0694274902
-0.2082824707
-0.6942596436
-0.2082824707
-0.0694274902
0.2082824707
-0.2082824707
0.4165496826
-0.3664703369
-0.2137756348
0.2748565674
0.4275512695
0.6413116455
0.2137756348
0.1221618652
-0.2443084717
0.1374664307
0.0229034424
-0.2291107178
0.9393310547
0.1603698730
0.0229034424
-0.0458221436
0.0229034424
-0.0466003418
0.9319000244
0.0466003418
0.0931854248
0.0466003418
-0.1863861084
-0.0931854248
0.0466003418
0.7083282471
0.0000000000
0.2724304199
-0.2179412842
0.1089782715
0.4358825684
0.2724304199
-0.0544891357
0.3197631836
-0.6395263672
0.0000000000
-0.1065826416
0.0000000000
0.1065826416
0.2131805420
0.0000000000
-0.5063476562
0.0000000000
0.1687774658
0.0000000000
-0.6751251221
-0.0843963623
0.0000000000
0.0843963623
0.1064758301
0.0000000000
-0.1064758301
0.0000000000
-0.1064758301
0.0000000000
0.1064758301
0.1064758301
0.1199951172
-0.1199951172
0.1199951172
0.1199951172
0.0000000000
-0.2400054932
0.0000000000
-0.1199951172
-0.1041717529
0.9722900391
0.0000000000
0.0000000000
0.0000000000
-0.0694427490
0.0000000000
0.0000000000
0.0460052490
0.0000000000
-0.3679962158
0.5520019531
0.4600067139
-0.0460052490
-0.3220062256
-0.4140014648
0.2232666016
-0.1339569092
-0.2679138184
0.0000000000
-0.8483886719
-0.2232666016
-0.0893096924
0.1339569092
-0.0292663574
0.0292663574
-0.1463470459
-0.1463470459
-0.7317504883
-0.6146697998
-0.0292663574
-0.1170806885
0.0891265869
0.5347595215
0.1782531738
-0.0891265869
-0.7575836182
-0.0445709229
-0.1336975098
0.0891265869
-0.1093902588
-0.1093902588
0.4375762939
-0.4375762939
-0.1093902588
-0.1093902588
-0.1093902588
-0.3281707764
0.7696685791
0.0549774170
0.3848419189
-0.2748870850
-0.2199096680
0.0549774170
0.1649322510
0.0549774170
0.1712341309
0.1712341309
0.6278686523
0.1712341309
-0.2283172607
-0.5707855225
0.1712341309
-0.0570831299
-0.0911560059
-0.0911560059
0.0000000000
0.0911560059
0.0000000000
0.0000000000
0.0000000000
0.0000000000
0.2874755859
0.1437377930
-0.2395629883
-0.0479125977
0.0958251953
0.0958251953
-0.8624114990
0.0000000000
0.1172332764
-0.1172332764
0.4689483643
0.2344665527
0.0000000000
-0.3517150879
-0.1172332764
-0.1172332764
-0.0991821289
0.9421539307
0.0991821289
0.0000000000
-0.0991821289
0.0000000000
0.0000000000
-0.0495910645
0.1243286133
0.1243286133
-0.1243286133
-0.2486572266
0.0000000000
0.1243286133
0.1243286133
-0.2486572266
0.0000000000
-0.1213989258
0.1213989258
0.2428131104
-0.1213989258
0.1213989258
0.3642120361
0.3642120361
0.3111877441
0.3111877441
0.6223754883
0.0518646240
0.1037292480
0.4667816162
-0.0518646240
0.3111877441
-0.2281951904
-0.3803100586
0.5324401855
-0.0760650635
0.2281951904
-0.2281951904
-0.4563751221
-0.0760650635
0.1199951172
0.0000000000
-0.2400054932
-0.1199951172
-0.1199951172
0.1199951172
-0.1199951172
0.0000000000
0.6293640137
0.1398620605
-0.2797088623
-0.4195709229
0.0000000000
0.2097930908
0.2797088623
0.2097930908
-0.1164398193
-0.0873260498
0.7277069092
-0.2619781494
-0.2328643799
-0.1746520996
0.4075164795
-0.3201904297
0.0000000000
0.0000000000
0.0000000000
0.0000000000
0.0000000000
0.0000000000
0.0588226318
0.0000000000
0.0608520508
-0.1217041016
0.0000000000
-0.9127349854
0.0608520508
0.0608520508
0.1217041016
-0.0608520508
-0.1216278076
0.9324340820
0.1621551514
-0.1621551514
-0.0405426025
0.0405426025
0.0000000000
0.0810852051
-0.2505645752
0.2505645752
0.0000000000
0.3340911865
0.4176177979
-0.2505645752
0.3340911865
0.4176177979
0.0000000000
0.0000000000
-0.7397918701
-0.2465972900
-0.1233062744
0.3082427979
-0.2465972900
0.3082427979
-0.2486114502
-0.3314819336
0.2486114502
0.2071685791
0.7043914795
0.2486114502
0.0000000000
-0.3314819336
0.1593933105
-0.0199279785
-0.1793212891
0.9364318848
0.2191619873
0.0199279785
-0.0597686768
0.0199279785
-0.2417907715
0.9187774658
0.0967102051
0.0000000000
0.0483551025
-0.0967102051
0.0000000000
0.0000000000
0.6437377930
-0.2340850830
0.2926025391
-0.2926025391
0.2340850830
0.3511352539
0.1170501709
0.2340850830
0.2258758545
-0.5646972656
0.1129455566
-0.1129455566
0.0000000000
0.1129455566
0.2258758545
-0.2258758545
-0.4157409668
0.1039276123
-0.1039276123
0.1039276123
-0.6236114502
0.1039276123
0.0000000000
0.0000000000
0.1000061035
0.0000000000
-0.1000061035
0.0000000000
-0.1000061035
-0.1000061035
0.0000000000
0.0000000000
0.1064758301
0.0000000000
0.1064758301
0.0000000000
0.1064758301
-0.1064758301
0.0000000000
-0.1064758301
-0.0722045898
0.9746856689
0.0000000000
0.0000000000
0.0000000000
0.0361022949
-0.0361022949
0.0000000000
0.1004180908
0.1004180908
-0.4016571045
0.5522766113
0.4518585205
-0.0502014160
-0.2510375977
-0.4016571045
0.1346282959
-0.0448760986
-0.1346282959
0.0897521973
-0.8975219727
-0.1795043945
-0.1346282959
0.1795043945
0.0366973877
0.0000000000
-0.1835174561
-0.0366973877
-0.7707519531
-0.5505371094
-0.0366973877
-0.1468048096
0.0000000000
0.5428009033
0.1973876953
-0.0986938477
-0.7401885986
0.0986938477
-0.0986938477
0.0986938477
0.0000000000
0.0000000000
-0.1150360107
-0.1150360107
-0.1150360107
0.0000000000
-0.2300720215
0.0000000000
0.7288513184
0.1822052002
0.4251556396
-0.3036804199
-0.1822052002
0.0607299805
0.0607299805
0.0000000000
0.0650634766
0.1951751709
0.7156372070
0.0650634766
-0.3903503418
-0.3252868652
0.1951751709
-0.0650634766
-0.3517150879
-0.1172332764
0.1172332764
0.2344665527
0.3517150879
0.2344665527
-0.1172332764
0.2344665527
0.0418701172
0.2093353271
-0.1256103516
-0.1674652100
-0.0418701172
0.0418701172
-0.9210968018
0.0418701172
0.2246704102
0.0000000000
0.5616760254
0.1123352051
0.0000000000
-0.3370056152
0.1123352051
-0.1123352051
-0.0463867188
0.9278869629
-0.0463867188
0.0000000000
-0.0463867188
0.0000000000
-0.0927886963
-0.2319641113
0.1249389648
0.1249389648
-0.2498779297
-0.2498779297
0.1249389648
0.1249389648
0.1249389648
-0.2498779297
-0.0924072266
-0.1847991943
0.0000000000
0.1847991943
-0.0924072266
0.1847991943
0.7392120361
0.1847991943
0.3863983154
0.4347076416
0.6278991699
0.0966033936
0.0482940674
0.3863983154
-0.1448974609
0.0966033936
0.0874786377
-0.2624511719
0.5248870850
-0.0874786377
0.1749572754
-0.3499298096
-0.4374084473
-0.1749572754
0.0000000000
-0.1113433838
-0.1113433838
-0.1113433838
-0.1113433838
0.1113433838
-0.1113433838
0.0000000000
0.8311920166
0.0874938965
-0.2187347412
-0.3499755859
-0.2187347412
0.1312408447
-0.0437469482
0.0437469482
-0.0806579590
-0.0806579590
0.7797546387
-0.2688751221
-0.1075592041
-0.1613311768
0.3226623535
-0.3764343262
0.1000061035
0.1000061035
-0.1000061035
0.0000000000
0.0000000000
0.0000000000
0.0000000000
-0.1000061035
0.1143493652
-0.1715087891
0.0571746826
-0.9147491455
-0.0571746826
0.0000000000
-0.0571746826
-0.0571746826
-0.0792846680
0.9513397217
0.1189117432
-0.0792846680
-0.1189117432
-0.0396423340
0.0000000000
0.0396423340
-0.2806854248
0.2806854248
0.0000000000
0.3742370605
0.2806854248
-0.1871185303
0.3742370605
0.3742370605
-0.1224670410
0.1224670410
-0.4898986816
-0.2449493408
0.0000000000
0.1224670410
-0.1224670410
0.0000000000
-0.0829620361
-0.5807037354
0.2488708496
0.0829620361
0.4147949219
0.2488708496
-0.0829620361
-0.3318328857
0.0887756348
0.0000000000
-0.1065368652
0.9765472412
0.1242828369
-0.0177612305
0.0000000000
0.0355072021
-0.2026214600
0.9117889404
0.1519622803
-0.0506591797
-0.1013031006
0.0506591797
0.0506591797
0.0506591797
0.5364990234
-0.4023742676
0.2682495117
-0.2682495117
0.1341247559
0.4023742676
0.0670623779
0.2682495117
0.1153869629
-0.5769195557
0.0000000000
-0.2307739258
0.0000000000
0.1153869629
0.1153869629
-0.2307739258
0.4664764404
0.2332305908
-0.2332305908
0.0000000000
-0.3498535156
0.0000000000
0.1166229248
0.0000000000
0.0000000000
0.0000000000
0.1000061035
0.1000061035
0.0000000000
0.0000000000
-0.1000061035
-0.1000061035
-0.0911560059
0.0000000000
0.0000000000
0.0000000000
0.0911560059
-0.0911560059
0.0000000000
0.0000000000
-0.0545959473
0.9826354980
0.0000000000
0.0000000000
0.0000000000
0.0818939209
-0.0272979736
0.0000000000
0.2030029297
0.2030029297
-0.4060211182
0.4736785889
0.4060211182
0.0676727295
-0.2030029297
-0.4060211182
-0.0469970703
0.0469970703
-0.1880187988
0.2350158691
-0.7520751953
-0.2820281982
-0.2820281982
0.3290252686
0.2108154297
-0.0702667236
-0.1405334473
0.0702667236
-0.7026977539
-0.4918975830
-0.0702667236
-0.1405334473
-0.1312255859
0.5249023438
0.0656127930
-0.1968383789
-0.6561279297
0.2624511719
-0.1312255859
0.0656127930
-0.2456817627
0.0000000000
-0.1228332520
0.0000000000
0.0000000000
-0.1228332520
-0.1228332520
0.2456817627
0.7393341064
0.0672149658
0.4032745361
-0.2688446045
-0.2016296387
0.0000000000
-0.1344299316
-0.0672149658
0.0000000000
-0.1471710205
0.8094024658
0.0000000000
-0.2207489014
0.2207489014
0.1471710205
-0.1471710205
-0.3739624023
-0.1495819092
0.2243804932
0.4487609863
0.5235443115
0.2243804932
-0.1495819092
0.2243804932
-0.0808105469
0.2424468994
0.0000000000
-0.1212310791
-0.0404052734
-0.0404052734
-0.9293823242
0.0000000000
0.0000000000
0.1238555908
0.0000000000
0.1238555908
-0.1238555908
-0.4954071045
0.1238555908
0.1238555908
0.0465393066
0.8843383789
-0.1861724854
0.0930938721
-0.0465393066
0.0465393066
-0.1396331787
-0.2792663574
0.1249389648
0.2498779297
-0.2498779297
-0.1249389648
0.2498779297
0.1249389648
0.1249389648
-0.1249389648
-0.0778656006
-0.1557159424
0.0778656006
0.3892974854
-0.3114471436
0.3114471436
0.6228790283
-0.1557159424
0.4333496094
0.4766845703
0.5200195312
0.2166748047
0.0866699219
0.3900146484
-0.1300048828
0.1733398438
0.3548431396
-0.2129058838
0.3548431396
0.0000000000
0.1419372559
-0.4967803955
-0.4967803955
-0.1419372559
0.1178436279
0.1178436279
-0.1178436279
-0.2357025146
-0.1178436279
0.0000000000
0.0000000000
0.0000000000
0.7982940674
0.1260528564
-0.2100830078
-0.2941131592
-0.3361206055
0.0420227051
-0.2100830078
0.0000000000
-0.0301971436
-0.1208038330
0.8154754639
-0.2416229248
0.0000000000
-0.2114257812
0.1812133789
-0.3926391602
0.0000000000
0.2300720215
0.0000000000
-0.1150360107
0.1150360107
0.0000000000
0.1150360107
0.0000000000
0.0455627441
-0.0911407471
0.0000000000
-0.9569549561
0.0000000000
-0.0455627441
-0.0455627441
-0.0455627441
0.0000000000
0.9662628174
0.0386505127
0.0000000000
-0.1159515381
-0.0386505127
-0.0386505127
0.0000000000
-0.2153778076
0.3230743408
0.1076965332
0.3230743408
0.2153778076
-0.2153778076
0.3230743408
0.3230743408
0.0000000000
0.2187805176
0.2187805176
0.0000000000
0.1093902588
-0.1093902588
0.0000000000
-0.6563568115
0.0000000000
-0.6668548584
0.1111450195
-0.1111450195
0.0000000000
0.1111450195
0.0000000000
-0.2222900391
0.0000000000
0.0373382568
-0.0373382568
0.9893035889
0.0373382568
-0.0186614990
0.0746612549
0.0000000000
-0.2692565918
0.8616333008
0.2154083252
-0.0538482666
-0.1615600586
0.1077117920
0.0000000000
0.0538482666
0.2664337158
-0.4440612793
0.1776275635
-0.3552398682
-0.1776275635
0.2664337158
0.0000000000
0.4440612793
0.0000000000
-0.7180938721
0.0000000000
-0.3191528320
0.0000000000
-0.0797882080
0.2393646240
-0.3191528320
0.8227233887
0.0747985840
-0.1495819092
-0.1495819092
-0.0747985840
-0.2243804932
0.1495819092
0.0747985840
0.0000000000
0.1113433838
0.1113433838
0.1113433838
0.0000000000
0.1113433838
-0.1113433838
-0.1113433838
-0.2486572266
0.1243286133
0.1243286133
0.1243286133
0.2486572266
-0.1243286133
-0.1243286133
0.0000000000
-0.0190429688
0.9899597168
-0.0190429688
0.0000000000
0.0000000000
0.0761566162
-0.0190429688
0.0380706787
0.1419372559
0.2129058838
-0.4258117676
0.6387176514
0.2129058838
0.2129058838
-0.0709686279
-0.2838745117
-0.0921936035
0.0921936035
-0.0921936035
0.2765808105
-0.7375640869
-0.2765808105
-0.3226928711
0.3226928711
0.3625183105
-0.2416839600
-0.2416839600
0.0000000000
0.2416839600
0.1208343506
0.1208343506
0.2416839600
-0.2371520996
0.2371520996
-0.2371520996
-0.2371520996
-0.3161926270
0.6323852539
-0.2371520996
0.0790557861
-0.3149414062
0.1049804688
0.1049804688
0.0000000000
0.3149414062
-0.3149414062
0.0000000000
0.5248870850
0.7806549072
-0.1419372559
0.2129058838
-0.0709686279
-0.2129058838
0.1419372559
-0.2838745117
-0.0709686279
-0.0666198730
-0.1998443604
0.7994079590
0.0666198730
0.0000000000
0.3997039795
0.0000000000
-0.0666198730
-0.4694366455
-0.0670623779
0.2011871338
0.4694366455
0.5364990234
0.1341247559
-0.1341247559
0.2011871338
-0.0404815674
0.2428436279
0.0809478760
-0.0809478760
0.0000000000
-0.0809478760
-0.9309082031
0.0000000000
-0.3171691895
0.1585845947
-0.7136383057
-0.0792999268
-0.2378845215
-0.0792999268
0.1585845947
0.2378845215
0.0391845703
0.9011535645
-0.2742614746
0.0783538818
-0.0391845703
0.0391845703
-0.1175384521
-0.1959075928
0.1216278076
0.2432556152
-0.1216278076
0.0000000000
0.1216278076
0.1216278076
0.1216278076
-0.1216278076
-0.1114807129
0.1672058105
0.1672058105
0.3344268799
-0.2786865234
0.6131134033
0.3901672363
-0.3344268799
0.4848937988
0.4040832520
0.4444885254
0.3232574463
0.2020416260
0.3636779785
-0.1212310791
0.2424468994
0.3929748535
-0.0436706543
0.1746520996
0.0436706543
0.0000000000
-0.6112823486
-0.6112823486
-0.0436706543
0.1000061035
0.1000061035
0.0000000000
0.0000000000
0.1000061035
0.0000000000
0.1000061035
0.0000000000
0.7019653320
0.1316223145
-0.2632446289
-0.2193603516
-0.4826049805
0.0000000000
-0.2632446289
-0.0877532959
0.0381164551
-0.0762329102
0.8385009766
-0.0381164551
0.0762329102
-0.3430175781
0.0000000000
-0.3430175781
-0.1113433838
0.2226867676
0.0000000000
0.0000000000
0.0000000000
0.0000000000
0.1113433838
0.0000000000
-0.0297393799
-0.0297393799
0.0594940186
-0.9815826416
-0.0297393799
-0.0297393799
0.0000000000
-0.0297393799
0.0000000000
0.9772796631
-0.0888366699
0.0296173096
-0.0592346191
-0.0296173096
-0.0592346191
0.0000000000
-0.1178436279
0.1178436279
0.2357025146
0.2357025146
0.0000000000
-0.2357025146
0.3535461426
0.3535461426
0.0000000000
0.1863403320
0.5590209961
0.0931701660
0.0931701660
-0.0931701660
0.0931701660
-0.5590209961
0.0000000000
-0.3741607666
0.0000000000
-0.1247253418
0.0000000000
0.0000000000
0.0000000000
-0.2494506836
-0.0766754150
0.0575103760
0.0575103760
0.9776763916
0.0191650391
0.0191650391
0.1150207520
-0.0766754150
-0.1092224121
0.9102325439
0.1456298828
0.0364074707
-0.2548675537
0.1092224121
0.1092224121
0.0728149414
-0.1590728760
0.0000000000
0.0795440674
-0.3181610107
-0.5567779541
-0.1590728760
0.0795440674
0.5567779541
-0.0663299561
-0.7295837402
0.0000000000
-0.3316345215
0.1326446533
-0.1989746094
0.1989746094
-0.3316345215
0.8823547363
-0.0588226318
0.0000000000
-0.1176452637
0.0588226318
-0.2352905273
0.0000000000
0.1764678955
0.0000000000
0.1000061035
0.1000061035
0.1000061035
0.0000000000
0.0000000000
0.0000000000
-0.1000061035
-0.2490844727
0.2490844727
0.1245422363
0.1245422363
0.2490844727
0.2490844727
-0.1245422363
0.0000000000
0.0000000000
0.9909667969
0.0000000000
0.0154876709
0.0000000000
0.0774230957
-0.0154876709
0.0619354248
-0.0788116455
0.1576080322
-0.2364196777
0.7880706787
0.0788116455
0.1576080322
-0.1576080322
-0.1576080322
-0.1183624268
0.0394592285
0.1183624268
0.2367248535
-0.8285369873
-0.1578216553
-0.2761840820
0.2761840820
0.0795440674
-0.1590728760
-0.1590728760
-0.0795440674
0.7158508301
0.3976898193
0.1590728760
0.1590728760
-0.0594482422
0.0000000000
-0.3566436768
-0.2377624512
0.3566436768
0.7133026123
-0.2377624512
0.0594482422
-0.2110137939
0.2110137939
0.0000000000
-0.1055145264
0.2110137939
-0.2110137939
0.0000000000
0.6330566406
0.8757324219
-0.1347198486
0.1347198486
-0.0673675537
0.0000000000
0.1347198486
-0.1347198486
-0.0673675537
0.0660400391
-0.0660400391
0.7924499512
0.0000000000
0.0660400391
0.3962249756
-0.1981201172
-0.1320800781
-0.4133911133
0.0826873779
0.3307189941
0.4133911133
0.4960784912
0.1653594971
-0.0826721191
0.1653594971
-0.0287780762
0.1439056396
0.1439056396
-0.0863494873
-0.1151275635
-0.0863494873
-0.9497680664
0.0287780762
-0.4200134277
0.2100067139
-0.7350311279
-0.1575012207
-0.1050109863
0.1575012207
0.2100067139
0.2100067139
-0.0364532471
0.9114379883
-0.3281250000
0.0364532471
-0.0364532471
0.0364532471
-0.0364532471
-0.1093750000
0.0911560059
0.0911560059
0.0000000000
0.0000000000
0.0000000000
0.0000000000
0.0911560059
0.0000000000
-0.1219177246
0.1625671387
0.2844848633
0.2844848633
-0.3251190186
0.6908874512
0.3657684326
-0.1625671387
0.5003814697
0.4415130615
0.3532104492
0.3826446533
0.2943420410
0.3237762451
-0.1471710205
0.2060394287
0.5486907959
0.0685882568
0.0685882568
-0.0685882568
-0.0685882568
-0.5486907959
-0.5829925537
0.0342864990
0.0000000000
0.0000000000
0.0000000000
-0.1000061035
0.1000061035
0.1000061035
0.0000000000
-0.1000061035
0.5943145752
0.1981048584
-0.3466796875
-0.1485748291
-0.5943145752
0.0000000000
-0.1485748291
-0.0990600586
0.0445251465
0.0890350342
0.8458709717
0.0890350342
0.1780853271
-0.3116302490
-0.0445251465
-0.2671203613
0.0000000000
0.1000061035
0.0000000000
0.0000000000
0.1000061035
0.1000061035
0.1000061035
0.0000000000
-0.0201568604
0.0201568604
0.0806274414
-0.9877166748
-0.0604705811
0.0000000000
0.0201568604
0.0000000000
-0.0312652588
0.9691009521
-0.0625152588
0.0625152588
-0.0625152588
-0.1250457764
0.0312652588
0.0000000000
-0.1199951172
0.0000000000
0.1199951172
0.1199951172
0.0000000000
-0.1199951172
0.2400054932
0.1199951172
-0.1422882080
0.1422882080
0.7114562988
-0.1422882080
0.0711517334
0.0711517334
-0.0711517334
-0.4980163574
0.1250000000
0.1250000000
0.0000000000
-0.2500000000
0.1250000000
0.0000000000
0.0000000000
-0.3750000000
-0.0580749512
0.0145111084
0.0725860596
0.9872589111
0.0145111084
0.0000000000
0.0871124268
-0.0435485840
0.0549468994
0.9065093994
0.0274658203
0.0824127197
-0.3021697998
0.0549468994
0.1922912598
0.1098785400
-0.2102966309
0.4205932617
0.2102966309
-0.2803955078
-0.5607910156
0.0000000000
0.0000000000
0.4205932617
-0.2243804932
-0.7479248047
-0.0747985840
-0.2243804932
0.2243804932
-0.1495819092
0.1495819092
-0.2243804932
0.9330596924
-0.0888671875
0.0000000000
-0.0444335938
0.0888671875
-0.0888671875
-0.0888671875
0.1777343750
0.0000000000
0.0000000000
0.0000000000
-0.1113433838
-0.2226867676
0.0000000000
0.1113433838
0.0000000000
-0.1237182617
0.0000000000
0.0000000000
0.2474365234
0.1237182617
-0.2474365234
-0.1237182617
-0.1237182617
-0.0455169678
0.9559631348
0.0455169678
0.0000000000
-0.0455169678
-0.0910491943
0.0455169678
-0.0455169678
0.1344299316
-0.1344299316
-0.2688446045
0.3360595703
0.4704895020
0.0672149658
-0.3360595703
-0.5377044678
0.1237640381
-0.1856536865
-0.2475280762
-0.0618896484
-0.8044891357
-0.2475280762
-0.1237640381
0.1856536865
-0.1412200928
0.1412200928
0.0000000000
-0.1765136719
-0.7413787842
-0.5648651123
0.0000000000
-0.1412200928
0.1195220947
0.5975799561
0.1195220947
-0.1195220947
-0.6573333740
-0.1195220947
-0.1792755127
0.0597534180
-0.0749969482
0.0000000000
0.7500000000
-0.3000030518
-0.2250061035
-0.0749969482
-0.0749969482
-0.3000030518
0.8138427734
0.0000000000
0.1878051758
-0.2504119873
-0.3130187988
-0.0626068115
0.0626068115
-0.0626068115
0.3383483887
-0.1353454590
0.5413513184
0.0676727295
-0.0676727295
-0.5413513184
-0.0676727295
-0.3383483887
-0.1000061035
0.0000000000
0.0000000000
0.1000061035
0.1000061035
-0.1000061035
0.0000000000
0.0000000000
0.1654510498
0.0661773682
-0.0992736816
0.0000000000
0.0330963135
0.0330963135
-0.9596099854
0.0000000000
0.1249389648
-0.2498779297
0.1249389648
0.2498779297
0.1249389648
-0.1249389648
-0.2498779297
-0.1249389648
-0.0959930420
0.7680053711
0.0000000000
-0.0959930420
-0.0959930420
-0.0959930420
0.0959930420
0.1920013428
0.0000000000
0.0000000000
0.0000000000
0.0000000000
0.0000000000
0.0000000000
0.0000000000
0.0000000000
0.0000000000
0.1064758301
0.1064758301
0.0000000000
-0.1064758301
0.1064758301
-0.1064758301
0.0000000000
0.2123718262
0.0707855225
0.4955444336
0.1415863037
0.1415863037
0.3539581299
0.3539581299
0.4955444336
-0.0733795166
-0.2935485840
0.6604766846
-0.0733795166
0.2935485840
-0.4403076172
0.0733795166
0.0000000000
0.2129516602
0.0000000000
0.0000000000
0.0000000000
0.0000000000
0.1064758301
0.0000000000
0.0000000000
-0.4330139160
0.3247528076
0.2165069580
-0.2165069580
0.2165069580
-0.3247528076
0.1082458496
0.1082458496
-0.1703338623
-0.0851593018
0.7664794922
-0.0851593018
-0.2129058838
-0.1703338623
0.3832397461
-0.2980804443
0.0000000000
-0.0911560059
0.0911560059
0.0000000000
0.0000000000
0.0911560059
0.0000000000
0.0000000000
0.0000000000
-0.0920257568
0.0000000000
-0.8282165527
0.0000000000
0.0000000000
0.0000000000
-0.0920257568
-0.0901947021
0.6314086914
0.1804046631
-0.2705993652
-0.3607940674
0.0901947021
0.1804046631
0.1804046631
-0.3033905029
0.1516876221
-0.0758514404
0.3792419434
0.3033905029
-0.3792419434
0.1516876221
0.5309295654
0.1137847900
-0.1137847900
-0.7965240479
-0.1706848145
0.0569000244
0.1706848145
-0.1137847900
0.3982696533
-0.2856445312
-0.2142333984
0.1785278320
0.3927764893
0.7498321533
0.1785278320
0.0714111328
-0.2142333984
0.1198272705
-0.0299530029
-0.2097015381
0.9286956787
0.2097015381
0.0299530029
-0.0299530029
0.0599212646
-0.1152801514
0.8646545410
0.0000000000
0.0576477051
0.1729278564
-0.1729278564
-0.2305755615
-0.1152801514
0.7440185547
0.1860046387
0.1240081787
-0.2480010986
0.1240081787
0.4340209961
-0.0619964600
0.0000000000
0.1847991943
-0.7392120361
0.0924072266
-0.0924072266
0.0924072266
-0.0924072266
0.2772064209
-0.0924072266
-0.5527648926
-0.1381988525
0.1381988525
-0.0690917969
-0.6909637451
-0.0690917969
0.0690917969
-0.0690917969
0.0000000000
0.0000000000
0.0000000000
0.0000000000
-0.0785675049
0.0000000000
0.0000000000
0.0785675049
0.0000000000
0.0000000000
0.0000000000
0.0000000000
0.0000000000
-0.2129516602
0.0000000000
-0.1064758301
0.1141510010
0.4566192627
0.2283172607
-0.3424682617
0.0000000000
-0.2283172607
0.0000000000
-0.2283172607
0.1735076904
0.0000000000
-0.3903808594
0.6506347656
0.3470001221
-0.1301269531
-0.0867462158
-0.4337463379
0.2215881348
-0.1107940674
-0.2769775391
-0.0553894043
-0.8309326172
-0.1107940674
0.1661834717
0.1661834717
0.0000000000
0.0450134277
-0.0900268555
-0.0450134277
-0.8102264404
-0.4951324463
-0.0450134277
-0.1350402832
0.0930938721
0.6050720215
0.1396331787
-0.1396331787
-0.6981658936
0.0000000000
-0.1396331787
0.0930938721
-0.1029205322
0.0000000000
0.5145721436
-0.3087463379
-0.3087463379
-0.2058258057
-0.1029205322
-0.3087463379
0.6076354980
0.1350250244
0.4050903320
-0.4050903320
-0.3375854492
0.0000000000
0.0000000000
-0.1350250244
0.1908111572
0.0000000000
0.6996307373
0.1908111572
-0.1908111572
-0.4452209473
0.0635986328
-0.2544097900
-0.0785675049
0.0000000000
0.0000000000
0.0000000000
0.0000000000
0.0000000000
0.0000000000
0.0785675049
0.0000000000
0.1795959473
-0.1795959473
-0.0598602295
0.0598602295
0.0598602295
-0.8979644775
0.0000000000
0.3316650391
0.0000000000
0.5527648926
0.2211151123
0.0000000000
-0.1105499268
-0.2211151123
-0.1105499268
-0.0607299805
0.9110565186
0.1214752197
0.0000000000
-0.1214752197
0.1214752197
0.0000000000
0.0000000000
0.0000000000
0.1000061035
0.0000000000
-0.1000061035
0.0000000000
0.1000061035
0.1000061035
0.0000000000
0.0000000000
0.1247253418
0.2494506836
0.1247253418
0.0000000000
0.2494506836
0.0000000000
0.2494506836
0.2931060791
0.3517303467
0.5276031494
0.0586242676
0.0586242676
0.4689788818
-0.0586242676
0.4103546143
-0.0981750488
-0.2945098877
0.6871795654
0.0000000000
0.1963348389
-0.1963348389
0.0000000000
-0.0981750488
0.2474365234
0.0000000000
-0.2474365234
-0.1237182617
0.0000000000
0.1237182617
-0.1237182617
-0.1237182617
0.4133911133
0.2480316162
0.0000000000
-0.6614379883
-0.2480316162
-0.1653594971
0.0000000000
0.0826873779
-0.1622924805
-0.1622924805
0.6897583008
-0.1217193604
-0.1217193604
-0.2434387207
0.4057312012
-0.4057312012
0.0000000000
0.0000000000
-0.0588226318
0.0000000000
0.0000000000
0.0000000000
0.0000000000
0.0000000000
0.1065826416
-0.1065826416
0.0000000000
-0.6395263672
-0.2131805420
-0.2131805420
-0.2131805420
0.1065826416
-0.0735778809
0.8829803467
0.0735778809
0.0000000000
-0.1471710205
0.0735778809
0.0000000000
0.0000000000
-0.2958526611
0.1972351074
0.0000000000
0.3944702148
0.1972351074
-0.2958526611
0.0000000000
0.4930877686
0.0874786377
0.1749572754
-0.6998596191
-0.3499298096
0.0000000000
0.0874786377
-0.0874786377
0.2624511719
-0.1398620605
-0.3496398926
0.1398620605
0.1398620605
0.6992950439
0.2097930908
0.0000000000
-0.3496398926
0.1881408691
-0.0806274414
-0.1881408691
0.9138641357
0.2418975830
0.0000000000
-0.0537567139
0.0537567139
-0.3086853027
0.7717285156
0.1543426514
-0.0771789551
0.1543426514
-0.0771789551
-0.1543426514
-0.1543426514
0.6806945801
0.0000000000
0.2268981934
-0.2268981934
0.1512603760
0.3781585693
-0.2268981934
0.1512603760
0.1049804688
-0.7348480225
0.1049804688
-0.1049804688
0.0000000000
-0.1049804688
0.1049804688
0.0000000000
0.0000000000
0.0000000000
0.1065826416
0.0000000000
-0.7461242676
0.1065826416
0.0000000000
0.0000000000
0.0000000000
0.0000000000
0.0785675049
0.0000000000
-0.0785675049
0.0000000000
0.0000000000
0.0000000000
0.1000061035
0.0000000000
0.1000061035
0.0000000000
0.0000000000
-0.1000061035
0.0000000000
-0.1000061035
0.0000000000
0.1113433838
-0.1113433838
0.0000000000
-0.1113433838
0.1113433838
-0.1113433838
0.1113433838
0.2446594238
0.0489349365
-0.4403839111
0.5871734619
0.2935943604
-0.1957244873
0.0489349365
-0.4403839111
0.0000000000
0.0878143311
-0.1756134033
0.0878143311
-0.7024688721
-0.2634277344
0.0000000000
0.3512420654
0.1452331543
0.0726165771
-0.0726165771
0.0000000000
-0.7987823486
-0.2904663086
-0.1452331543
-0.2178497314
0.0591278076
0.5912933350
0.0591278076
-0.2365264893
-0.6504364014
0.1773834229
-0.1182556152
0.0591278076
-0.1216278076
0.0000000000
0.2432556152
-0.2432556152
-0.1216278076
0.0000000000
0.0000000000
0.0000000000
0.5264587402
0.0752105713
0.5264587402
-0.3008422852
-0.3760528564
-0.0752105713
-0.0752105713
-0.0752105713
0.0604095459
0.0000000000
0.8456726074
0.1812133789
-0.1812133789
-0.1812133789
0.0604095459
-0.2416229248
-0.0911560059
-0.0911560059
0.0000000000
0.0000000000
0.0911560059
0.0000000000
0.0000000000
0.0000000000
-0.1641845703
0.2189178467
-0.1094665527
-0.2189178467
0.0000000000
0.0000000000
-0.8756713867
0.0000000000
0.3165283203
0.1055145264
0.6330566406
0.0000000000
0.1055145264
-0.2110137939
-0.1055145264
-0.1055145264
-0.0718688965
0.8624420166
0.0000000000
-0.0718688965
-0.2156066895
0.0000000000
-0.0718688965
-0.1437377930
0.0000000000
0.0000000000
-0.1000061035
-0.1000061035
0.0000000000
0.1000061035
0.1000061035
0.0000000000
0.1238555908
0.1238555908
0.2477111816
0.1238555908
0.0000000000
0.1238555908
0.3715667725
0.2477111816
0.3330841064
0.5329437256
0.5329437256
0.0000000000
-0.0666198730
0.3330841064
-0.1332397461
0.1998596191
0.2099609375
-0.2099609375
0.5248870850
0.0000000000
0.2099609375
-0.2099609375
0.3149414062
-0.2099609375
0.1249389648
0.0000000000
-0.2498626709
-0.2498626709
0.0000000000
0.1249389648
-0.2498626709
-0.1249389648
0.7291259766
0.1121673584
-0.1121673584
-0.5047760010
-0.2804260254
0.0000000000
-0.0560913086
0.0560913086
-0.1636962891
-0.2182617188
0.5456695557
-0.2182617188
0.0545654297
-0.2728424072
0.3274078369
-0.5456695557
0.0000000000
0.1000061035
-0.1000061035
0.0000000000
0.1000061035
0.0000000000
0.1000061035
0.0000000000
0.2490844727
0.0000000000
0.0000000000
0.0000000000
-0.2490844727
-0.1245422363
-0.3736267090
0.1245422363
-0.1539001465
0.8464202881
0.1539001465
0.1539001465
-0.0769500732
0.0000000000
0.0000000000
-0.0769500732
-0.2405242920
0.2405242920
0.0000000000
0.3607788086
0.1202545166
-0.1202545166
0.0000000000
0.3607788086
0.0000000000
0.2459411621
-0.4918823242
-0.1229705811
0.1229705811
0.0000000000
0.0000000000
-0.1229705811
0.0000000000
-0.5707855225
0.1141510010
0.0000000000
0.1141510010
0.1141510010
-0.1141510010
-0.3424682617
0.1571502686
-0.0314331055
-0.1571502686
0.9429168701
0.1257171631
-0.0628662109
0.0000000000
0.0942993164
-0.3891448975
0.5837097168
0.0972900391
-0.3891448975
0.0000000000
0.0000000000
-0.0972900391
0.0000000000
0.5866699219
-0.1676177979
0.2514343262
-0.2514190674
0.0838165283
0.3352355957
-0.3352355957
0.1676177979
0.0964202881
-0.7713928223
0.0964202881
-0.0964202881
-0.0964202881
-0.1928405762
0.0000000000
0.0000000000
0.7392120361
0.0000000000
0.0000000000
0.0000000000
-0.3696136475
0.0924072266
0.0924072266
0.0000000000
0.0000000000
-0.1113433838
0.1113433838
0.1113433838
0.0000000000
0.1113433838
-0.1113433838
-0.1113433838
0.0000000000
-0.1000061035
0.1000061035
0.0000000000
-0.1000061035
0.0000000000
0.0000000000
-0.1000061035
-0.1159973145
0.5800018311
-0.2320098877
0.0000000000
0.0000000000
0.0000000000
-0.2320098877
0.1159973145
0.2575378418
0.0643920898
-0.5150756836
0.4506988525
0.1931610107
-0.0643920898
0.1287689209
-0.5150756836
-0.0852813721
0.0000000000
-0.3411407471
0.1705627441
-0.4264221191
-0.3411407471
-0.4264221191
0.3411407471
0.3642120361
0.1213989258
0.1213989258
0.0000000000
-0.3642120361
-0.1213989258
-0.2428131104
-0.1213989258
-0.0846862793
0.4234313965
-0.0846862793
-0.1693725586
-0.5081176758
0.4234313965
-0.2540588379
0.1693725586
-0.3517150879
-0.1172332764
0.2344665527
0.0000000000
0.1172332764
-0.1172332764
0.1172332764
0.4689483643
0.6658172607
-0.0739746094
0.3698883057
-0.1479644775
-0.3698883057
0.0000000000
-0.2219390869
-0.1479644775
-0.0441741943
-0.1766815186
0.9275970459
0.0883483887
0.0000000000
0.1325073242
0.0000000000
-0.1325073242
-0.0911560059
-0.0911560059
0.0000000000
0.0000000000
0.0911560059
0.0000000000
0.0000000000
0.0000000000
-0.2595672607
0.3460845947
0.0000000000
-0.2595672607
0.0865173340
0.0000000000
-0.6921691895
0.0000000000
0.1153869629
0.0000000000
0.3461608887
0.0000000000
0.0000000000
-0.5769195557
0.0000000000
0.1153869629
0.0000000000
0.8249969482
-0.1499938965
-0.0749969482
-0.1499938965
-0.1499938965
-0.0749969482
-0.2250061035
0.0000000000
0.1113433838
-0.1113433838
0.0000000000
0.1113433838
0.1113433838
0.1113433838
0.1113433838
0.0000000000
0.1237182617
0.0000000000
0.1237182617
0.0000000000
0.1237182617
0.3711547852
0.0000000000
0.4055175781
0.5213928223
0.5213928223
0.1737976074
0.1158599854
0.2317199707
-0.1737976074
0.2317199707
0.5120697021
-0.2048339844
0.3072509766
0.1024169922
0.1024169922
-0.3072509766
0.1024169922
-0.3072509766
0.1150360107
0.0000000000
0.0000000000
-0.1150360107
0.0000000000
0.0000000000
-0.1150360107
-0.2300720215
0.7583312988
0.0446014404
-0.2230377197
-0.4460754395
-0.3122558594
0.0446014404
-0.0892181396
0.0446014404
-0.1426544189
-0.2139739990
0.3566284180
-0.2139739990
0.0713195801
-0.3566284180
0.2139739990
-0.6419219971
0.0000000000
0.1064758301
0.0000000000
-0.1064758301
0.1064758301
0.0000000000
0.1064758301
0.1064758301
0.0911560059
0.0000000000
0.0000000000
-0.0911560059
0.0000000000
0.0000000000
-0.0911560059
0.0000000000
-0.0735778809
0.8829803467
0.0000000000
0.1471710205
0.0000000000
0.0000000000
-0.0735778809
-0.0735778809
-0.1249389648
0.2498779297
0.1249389648
0.2498779297
-0.1249389648
-0.1249389648
0.1249389648
0.2498779297
0.0000000000
0.4640045166
-0.1159973145
0.0000000000
0.2320098877
-0.1159973145
0.2320098877
-0.3480072021
0.1147766113
-0.5738525391
0.0000000000
-0.1147766113
-0.2295379639
0.1147766113
-0.1147766113
-0.2295379639
0.1224212646
-0.0408020020
-0.0408020020
0.9386138916
0.0816192627
-0.0816192627
0.1632385254
0.0816192627
-0.3000030518
0.7500000000
0.0749969482
-0.3750000000
-0.0749969482
-0.0749969482
0.0000000000
0.0000000000
0.1743164062
-0.2614746094
0.5229492188
-0.4357910156
-0.1743164062
0.0871582031
-0.2614746094
0.2614746094
0.0000000000
-0.7648468018
0.0849761963
-0.2549438477
-0.0849761963
-0.1699676514
0.1699676514
-0.1699676514
0.9161224365
0.0610809326
-0.0610809326
0.0610809326
-0.0610809326
0.0610809326
0.0610809326
0.1221466064
0.0000000000
0.1199951172
0.0000000000
0.1199951172
0.1199951172
0.1199951172
-0.1199951172
-0.2400054932
-0.1199951172
0.0000000000
0.2400054932
0.1199951172
0.0000000000
-0.1199951172
-0.1199951172
-0.1199951172
-0.0645141602
0.9032440186
-0.0645141602
-0.0645141602
0.0000000000
0.0000000000
-0.1290283203
0.1290283203
0.1676177979
0.1676177979
-0.5028533936
0.5028533936
0.1676177979
0.1676177979
0.1676177979
-0.3352355957
0.0797882080
-0.0797882080
-0.3191528320
0.1595764160
-0.4787292480
-0.3989410400
-0.4787292480
0.1595764160
0.3000030518
0.0000000000
0.0000000000
-0.1000061035
0.3999938965
0.6000061035
-0.1000061035
0.1000061035
-0.0981750488
0.0981750488
-0.1963348389
-0.1963348389
-0.2945098877
0.5890197754
-0.1963348389
0.2945098877
-0.2048339844
-0.1024169922
0.2048339844
0.0000000000
0.3072509766
-0.2048339844
0.1024169922
0.6144866943
0.7249298096
-0.1611022949
0.0805511475
0.0805511475
-0.3221893311
0.0805511475
-0.3221893311
0.0000000000
0.0000000000
-0.1613616943
0.9278717041
0.0806884766
0.0806884766
0.1613616943
-0.0806884766
-0.1210327148
-0.1150360107
0.1150360107
0.0000000000
0.1150360107
0.2300720215
0.0000000000
0.0000000000
0.0000000000
-0.2153778076
0.3230743408
0.1076965332
-0.1076965332
0.2153778076
0.2153778076
-0.5384674072
-0.1076965332
-0.1249389648
0.0000000000
-0.3748016357
0.0000000000
0.0000000000
-0.2498626709
0.0000000000
0.1249389648
0.0000000000
0.8797149658
-0.3421173096
0.0000000000
-0.0977478027
-0.0977478027
-0.0488739014
-0.0977478027
0.1216278076
0.2432556152
-0.1216278076
0.0000000000
0.1216278076
0.1216278076
0.1216278076
0.1216278076
0.0000000000
0.4096679688
0.1024169922
0.2048339844
0.0000000000
0.5120697021
0.2048339844
-0.3072509766
0.4060211182
0.4060211182
0.5413513184
0.2706756592
0.1353454590
0.2030029297
-0.1353454590
0.2706756592
0.4644012451
-0.1548004150
0.2321929932
0.0773925781
0.0773925781
-0.6192016602
-0.2321929932
-0.2321929932
0.1113433838
0.0000000000
0.1113433838
0.0000000000
0.1113433838
-0.1113433838
0.1113433838
-0.1113433838
0.6764373779
0.0000000000
-0.3382110596
-0.3804931641
-0.4650421143
0.0845489502
-0.0422821045
0.0000000000
-0.1855621338
-0.2783508301
0.1855621338
0.1855621338
0.1855621338
-0.3711395264
-0.1855621338
-0.5567016602
0.0000000000
0.0785675049
0.0000000000
0.0000000000
0.0000000000
0.0000000000
0.0785675049
0.0000000000
0.0000000000
0.0000000000
0.1945648193
-0.7782897949
-0.0972900391
0.0000000000
0.0000000000
0.0972900391
-0.0448760986
0.9423980713
-0.0897521973
0.0897521973
0.0897521973
0.1346282959
-0.0448760986
0.0000000000
0.0000000000
0.0000000000
0.1237182617
0.0000000000
-0.3711547852
-0.1237182617
0.0000000000
0.1237182617
0.1004791260
0.5023651123
0.1004791260
0.1004791260
0.1004791260
-0.3014221191
0.4018859863
-0.3014221191
0.0972900391
-0.4864349365
0.0000000000
-0.2918548584
-0.4864349365
0.0972900391
0.0000000000
-0.2918548584
0.0393981934
-0.0787811279
0.1181793213
0.9060363770
0.0787811279
0.0000000000
0.3151397705
-0.0393981934
-0.1934204102
0.8704223633
0.1450653076
-0.1934204102
-0.1934204102
-0.0967102051
0.1450653076
0.0483551025
-0.1705627441
-0.0852813721
0.4264221191
-0.4264221191
-0.3411407471
-0.3411407471
0.0000000000
0.3411407471
-0.0776367188
-0.7762908936
0.0000000000
-0.2328948975
0.0776367188
-0.3105163574
0.0776367188
-0.1552581787
0.8763275146
0.1168518066
-0.1168518066
0.0584259033
0.1752624512
0.0000000000
-0.0584259033
0.2336883545
0.0911560059
0.0911560059
0.0000000000
0.0000000000
0.0000000000
-0.0911560059
0.0000000000
0.0000000000
0.0000000000
0.0000000000
0.0911560059
0.0911560059
0.0911560059
0.0000000000
0.0000000000
0.0000000000
-0.0295257568
0.9742889404
-0.0295257568
0.0295257568
0.0295257568
0.0590515137
-0.0885772705
0.0885772705
0.0835266113
0.0835266113
-0.3340911865
0.7517089844
0.0000000000
0.0000000000
0.0835266113
-0.2505645752
-0.0924072266
0.0000000000
0.0924072266
0.2772064209
-0.6468200684
-0.2772064209
-0.2772064209
0.1847991943
0.0000000000
0.0000000000
-0.0686035156
-0.1372222900
0.5488891602
0.6174926758
0.1372222900
0.3430480957
0.0912780762
-0.0912780762
-0.5476989746
-0.0912780762
-0.0912780762
0.5476989746
0.0000000000
0.2738494873
-0.1887054443
0.0943603516
0.0943603516
-0.0943603516
0.0943603516
-0.1887054443
0.0943603516
0.7548370361
0.7904968262
-0.1580963135
0.1580963135
0.0790557861
0.0000000000
0.2371520996
-0.1580963135
0.1580963135
0.0000000000
-0.0820312500
0.9433441162
0.0410156250
0.0410156250
0.1230468750
-0.1230468750
-0.1230468750
-0.1064758301
0.1064758301
0.0000000000
0.1064758301
0.1064758301
-0.1064758301
0.0000000000
0.0000000000
-0.0517272949
0.0517272949
0.1551818848
0.0000000000
-0.0517272949
0.1034545898
-0.9310607910
-0.0517272949
-0.3566131592
0.1782989502
-0.7132263184
-0.0891571045
0.0000000000
0.0891571045
0.1782989502
0.0891571045
-0.0378112793
0.9075164795
-0.3403167725
0.0000000000
-0.0756225586
-0.0378112793
0.0000000000
-0.0756225586
0.0000000000
0.0911560059
0.0000000000
0.0000000000
0.0000000000
0.0911560059
0.0000000000
-0.0911560059
-0.0694274902
0.2082824707
0.2777099609
0.1388549805
-0.1388549805
0.6942596436
0.4165496826
-0.1388549805
0.5240325928
0.5240325928
0.3334808350
0.3334808350
0.2381896973
0.2381896973
-0.1429138184
0.1429138184
0.5515899658
-0.0501403809
0.1002960205
-0.0501403809
0.1002960205
-0.6017303467
-0.4512939453
-0.1504364014
0.0000000000
0.0000000000
0.0000000000
0.0000000000
0.0588226318
0.0000000000
0.0000000000
0.0000000000
0.6050720215
0.0000000000
-0.3258056641
-0.2792663574
-0.6050720215
0.0930938721
0.0465393066
0.0465393066
-0.0912780762
-0.0912780762
-0.1825714111
0.2738494873
0.2738494873
-0.2738494873
-0.3651275635
-0.5476989746
0.0000000000
0.1113433838
0.0000000000
0.1113433838
0.0000000000
0.0000000000
0.2226867676
0.0000000000
-0.0968322754
0.0000000000
0.1936492920
-0.9198455811
-0.0968322754
0.0484161377
0.0968322754
0.0968322754
-0.1158599854
0.9655456543
0.0000000000
0.0386199951
0.0386199951
0.0000000000
0.0386199951
0.0386199951
0.1150360107
-0.1150360107
0.0000000000
-0.1150360107
-0.1150360107
0.1150360107
-0.1150360107
0.1150360107
0.1082458496
0.4330139160
0.1082458496
0.1082458496
0.2165069580
-0.4330139160
0.3247528076
0.0000000000
0.1111450195
-0.2222900391
0.0000000000
-0.1111450195
-0.4445648193
0.2222900391
0.1111450195
-0.4445648193
-0.0607604980
0.0000000000
0.1519165039
0.9418792725
0.0607604980
0.0607604980
0.2126770020
-0.0607604980
-0.0362243652
0.9054412842
0.0362243652
0.0362243652
-0.2535247803
-0.0362243652
0.2173004150
0.1448669434
-0.3181610107
0.2386169434
0.3181610107
-0.3976898193
-0.3181610107
-0.3976898193
0.0795440674
0.3181610107
-0.1769409180
-0.7962646484
-0.0884704590
-0.0884704590
0.1769409180
-0.0884704590
-0.0884704590
0.0000000000
0.8999938965
0.0529479980
0.0000000000
0.1058807373
0.1588287354
0.1058807373
-0.0529479980
0.2117614746
-0.1064758301
0.0000000000
0.0000000000
-0.1064758301
-0.1064758301
-0.1064758301
0.1064758301
0.0000000000
-0.1250000000
0.0000000000
0.0000000000
0.2500000000
0.1250000000
-0.3750000000
-0.1250000000
0.0000000000
-0.1031799316
0.9285888672
-0.0515899658
0.0515899658
0.0515899658
-0.1031799316
-0.1031799316
-0.1031799316
0.1430053711
-0.0715026855
-0.4290313721
0.5005340576
0.4290313721
0.1430053711
-0.2860260010
-0.2860260010
0.2891693115
-0.2891693115
-0.1735076904
0.0000000000
-0.7518615723
-0.2891693115
-0.1156768799
0.1735076904
-0.0694885254
0.1389770508
0.0000000000
-0.1042327881
-0.7296600342
-0.5906829834
-0.0347442627
-0.2084808350
0.1306610107
0.5879974365
0.0653381348
-0.0653381348
-0.6533355713
-0.1306610107
-0.1959991455
0.0653381348
0.0000000000
0.0000000000
0.6661682129
-0.3806762695
-0.1903381348
-0.0951690674
-0.0951690674
-0.1903381348
0.7564849854
-0.0687713623
0.3438568115
-0.2750854492
-0.0687713623
-0.1375427246
0.2063140869
0.0687713623
0.2028656006
-0.2028656006
0.5071563721
0.1014251709
0.1014251709
-0.4057312012
-0.1014251709
-0.3042907715
0.1064758301
-0.1064758301
-0.1064758301
0.0000000000
0.0000000000
-0.1064758301
-0.1064758301
0.0000000000
0.0905609131
0.1811065674
-0.0905609131
0.0000000000
0.1811065674
0.2716674805
-0.7244567871
0.1811065674
0.0000000000
-0.2494506836
0.0000000000
0.2494506836
0.0000000000
-0.2494506836
-0.1247253418
-0.1247253418
-0.1123352051
0.5616760254
-0.1123352051
-0.3370056152
0.0000000000
-0.2246704102
0.1123352051
0.0000000000
0.0000000000
0.0000000000
0.0000000000
0.0911560059
-0.0911560059
0.0000000000
0.0000000000
-0.0911560059
0.0000000000
0.1000061035
0.1000061035
0.0000000000
0.1000061035
0.0000000000
-0.1000061035
0.0000000000
0.2239990234
0.3359832764
0.5039825439
0.1119995117
0.0000000000
0.5039825439
0.1119995117
0.4479827881
-0.0670623779
-0.4023742676
0.5364990234
-0.1341247559
0.3353118896
-0.4694366455
-0.2011871338
-0.0670623779
0.0785675049
0.0000000000
0.0000000000
0.0000000000
0.0000000000
0.0000000000
0.0000000000
0.0785675049
0.1000061035
0.1999969482
0.1999969482
-0.5000000000
-0.1999969482
-0.3999938965
0.1000061035
0.3000030518
-0.2966918945
-0.1186676025
0.5933685303
-0.1186676025
-0.1186676025
-0.2373504639
0.4153594971
-0.4153594971
0.0785675049
0.0000000000
0.0785675049
0.0000000000
0.0000000000
0.0000000000
0.0000000000
0.0000000000
0.0000000000
-0.0959930420
-0.0959930420
-0.7680053711
0.0959930420
0.0959930420
0.1920013428
-0.0959930420
0.0690917969
0.8291625977
0.2763824463
0.0000000000
-0.0690917969
0.2072906494
-0.0690917969
0.1381988525
-0.3486328125
0.2614746094
-0.0871582031
0.4357910156
0.1743164062
-0.3486328125
0.0871582031
0.4357910156
0.1214752197
-0.1214752197
-0.8503265381
-0.1214752197
0.0607299805
0.1214752197
0.0000000000
0.3036804199
-0.1957244873
-0.2935943604
0.1467895508
0.3425140381
0.7339630127
0.2446594238
0.0000000000
-0.2446594238
0.0854339600
-0.0569458008
-0.2562866211
0.9112396240
0.2562866211
0.0284729004
0.0000000000
0.0284729004
0.0000000000
0.3790283203
-0.0947570801
-0.2842712402
0.3790283203
-0.2842712402
-0.2842712402
-0.3790283203
0.7024688721
0.2634277344
0.0878143311
-0.2634277344
0.1756134033
0.1756134033
-0.1756134033
0.0000000000
0.0881347656
-0.7932586670
0.0881347656
-0.0881347656
0.0881347656
-0.0881347656
0.1762847900
-0.1762847900
-0.3891448975
-0.0972900391
0.0000000000
-0.0972900391
-0.6809997559
0.0972900391
-0.0972900391
-0.0972900391
-0.0785675049
0.0000000000
0.0785675049
0.0000000000
0.0000000000
0.0000000000
0.0000000000
0.0000000000
0.0000000000
-0.1237182617
0.1237182617
0.1237182617
0.0000000000
-0.3711547852
0.0000000000
0.0000000000
-0.0805511475
0.8054809570
-0.1611022949
0.0805511475
0.0805511475
-0.1611022949
-0.2416381836
0.0000000000
0.2817687988
0.0000000000
-0.4931030273
0.4931030273
0.3522186279
-0.1408843994
0.0000000000
-0.3522186279
0.2531738281
-0.1687774658
-0.1687774658
0.0000000000
-0.6751251221
-0.3375549316
0.0000000000
0.2531738281
0.0579376221
0.1158599854
-0.0579376221
0.0000000000
-0.7531127930
-0.4634552002
-0.0579376221
-0.2896575928
0.1123504639
0.5617370605
-0.0561676025
-0.1123504639
-0.7302703857
0.0561676025
-0.1123504639
0.0561676025
-0.1219482422
0.0000000000
0.1219482422
-0.4878082275
-0.1219482422
-0.2438964844
-0.1219482422
-0.1219482422
0.1879119873
0.0939483643
0.6576843262
-0.2818603516
-0.1879119873
-0.2818603516
0.0939483643
-0.0939483643
0.2727508545
-0.2727508545
0.5455017090
0.1818389893
0.0909118652
-0.2727508545
-0.2727508545
-0.2727508545
0.0000000000
-0.2300720215
0.0000000000
-0.1150360107
0.0000000000
-0.1150360107
0.0000000000
-0.1150360107
-0.3590087891
0.3590087891
0.0000000000
0.0000000000
0.1196746826
0.3590087891
0.1196746826
0.0000000000
0.0000000000
0.1238555908
0.4954071045
0.0000000000
0.0000000000
-0.2477111816
0.0000000000
0.0000000000
-0.0871582031
0.7844238281
-0.0871582031
-0.0871582031
-0.2614746094
0.0000000000
0.0000000000
-0.1743164062
0.0000000000
0.0000000000
0.0000000000
0.0785675049
0.0000000000
0.0000000000
0.0000000000
0.0785675049
0.0000000000
0.2456817627
0.1228332520
0.1228332520
0.0000000000
0.2456817627
0.1228332520
0.0000000000
0.3269195557
0.4903717041
0.4903717041
0.1089782715
-0.0544891357
0.4358825684
-0.0544891357
0.3269195557
0.2586212158
-0.3448333740
0.3448333740
-0.0862121582
0.2586212158
-0.5172424316
-0.2586212158
-0.1724090576
0.1064758301
0.0000000000
-0.1064758301
0.0000000000
0.0000000000
-0.1064758301
-0.1064758301
-0.1064758301
0.5063629150
0.1125183105
0.0000000000
-0.6188964844
-0.4501037598
-0.1687927246
0.0000000000
0.1125183105
-0.1968383789
-0.2624511719
0.3936767578
-0.1968383789
0.1312255859
-0.3280639648
0.3936767578
-0.5249023438
0.0785675049
0.0000000000
0.0000000000
0.0000000000
0.0785675049
0.0000000000
0.0000000000
0.0000000000
0.2400054932
-0.1199951172
-0.1199951172
-0.1199951172
0.0000000000
-0.1199951172
0.0000000000
0.1199951172
0.0745849609
0.8204498291
0.1491699219
0.2237548828
0.0000000000
0.2237548828
-0.0745849609
0.0745849609
-0.3247528076
0.3247528076
0.1082458496
0.4330139160
0.0000000000
-0.2165069580
0.0000000000
0.3247528076
0.0805511475
-0.0805511475
-0.8054809570
-0.0805511475
0.0805511475
0.0000000000
0.0000000000
0.3221893311
0.0000000000
-0.6115264893
0.1019134521
0.0000000000
0.3057556152
0.2038421631
-0.1019134521
-0.3057556152
0.1126708984
-0.0563354492
-0.1690216064
0.9295959473
0.2535247803
0.0281677246
-0.0281677246
0.0000000000
0.0821380615
-0.6570434570
0.0000000000
-0.3285217285
0.2463989258
-0.1642608643
-0.1642608643
-0.3285217285
0.5863494873
0.3908996582
0.0000000000
-0.1954498291
0.1954498291
0.0000000000
-0.2931823730
0.0000000000
0.0000000000
-0.8248596191
0.0916442871
0.0000000000
0.0000000000
-0.0916442871
0.0000000000
0.0916442871
0.7100219727
0.0000000000
0.0000000000
0.0000000000
-0.3042907715
0.1014251709
-0.1014251709
0.1014251709
0.0000000000
-0.0785675049
0.0785675049
0.0000000000
0.0000000000
0.0000000000
0.0000000000
0.0000000000
0.1178436279
-0.1178436279
0.1178436279
0.0000000000
0.0000000000
-0.2357025146
0.0000000000
-0.1178436279
-0.0800323486
0.7203521729
-0.3201599121
0.1600799561
0.0000000000
0.0000000000
-0.3201599121
0.1600799561
0.4475250244
0.0000000000
-0.5221099854
0.1491699219
0.0000000000
-0.2983398438
0.2983398438
-0.3729400635
-0.1060485840
0.0000000000
0.0000000000
0.3181304932
-0.1060485840
-0.4241790771
-0.3181304932
0.4241790771
0.2028656006
0.1014251709
0.0000000000
-0.1014251709
-0.6085968018
-0.3042907715
-0.1014251709
-0.3042907715
0.0632171631
0.5057830811
-0.0632171631
-0.1896667480
-0.6954498291
0.2528839111
-0.0632171631
0.1264495850
-0.3674163818
0.0000000000
-0.1224670410
-0.3674163818
0.0000000000
0.0000000000
0.1224670410
0.2449493408
-0.0916442871
-0.1833038330
0.7332153320
-0.0916442871
-0.1833038330
-0.2749481201
0.0000000000
-0.0916442871
0.1499938965
-0.3000030518
0.6750030518
0.0749969482
0.0749969482
0.0000000000
-0.3000030518
-0.3750000000
-0.1199951172
-0.2400054932
0.1199951172
0.0000000000
0.1199951172
-0.1199951172
0.0000000000
-0.1199951172
-0.4352722168
0.4352722168
0.1088256836
-0.2176361084
0.0000000000
0.1088256836
-0.3264617920
0.0000000000
0.0000000000
0.1076965332
0.5384674072
-0.2153778076
0.1076965332
-0.4307708740
0.1076965332
0.1076965332
0.0000000000
0.6972656250
-0.1743164062
0.0000000000
-0.2614746094
0.0000000000
-0.1743164062
-0.3486328125
0.0000000000
0.0000000000
0.0000000000
0.1064758301
0.0000000000
0.0000000000
0.0000000000
0.2129516602
0.1237182617
0.2474365234
0.0000000000
0.1237182617
0.1237182617
0.1237182617
0.2474365234
0.0000000000
0.4143676758
0.5697479248
0.4143676758
0.1553802490
-0.0517883301
0.3107757568
-0.1553802490
0.3107757568
0.5455017090
-0.2727508545
0.0909118652
-0.0909118652
0.2727508545
-0.4545898438
-0.0909118652
-0.1818389893
0.0000000000
0.0000000000
-0.1150360107
-0.1150360107
0.0000000000
0.0000000000
-0.2300720215
-0.1150360107
0.5692596436
0.1313629150
-0.0875701904
-0.5692596436
-0.4816741943
-0.0875701904
-0.1313629150
0.0875701904
-0.0737762451
-0.2951202393
0.2213439941
-0.2951202393
0.2213439941
-0.3688964844
0.3688964844
-0.5164642334
0.0000000000
0.0000000000
0.0000000000
0.0000000000
0.0588226318
0.0000000000
0.0000000000
0.0000000000
0.3535461426
0.0000000000
-0.2357025146
0.4714050293
0.0000000000
-0.1178436279
-0.1178436279
0.1178436279
0.0000000000
0.7516326904
0.0939483643
0.2818603516
-0.0939483643
0.0939483643
0.0939483643
0.0939483643
-0.1172332764
0.3517150879
0.1172332764
0.4689483643
0.2344665527
-0.1172332764
0.0000000000
0.1172332764
-0.0935668945
-0.2806854248
-0.7484741211
0.0000000000
0.0935668945
0.0000000000
0.0000000000
0.1871185303
0.0000000000
-0.5923156738
0.1184692383
-0.1184692383
0.1184692383
0.1184692383
-0.1184692383
-0.1184692383
0.1730041504
-0.0691986084
-0.1038055420
0.9341888428
0.2075958252
0.0000000000
0.0000000000
0.0000000000
0.0694274902
-0.7636871338
-0.0694274902
-0.4165496826
0.1388549805
-0.0694274902
-0.0694274902
-0.2082824707
0.4469451904
0.3352050781
0.0000000000
-0.2234802246
0.0000000000
-0.2234802246
-0.3352050781
0.0000000000
0.0959930420
-0.7680053711
0.0959930420
0.0959930420
-0.1920013428
0.0000000000
-0.0959930420
0.0959930420
0.8829803467
0.0000000000
0.0000000000
0.0735778809
0.0000000000
0.1471710205
-0.0735778809
0.0735778809
0.0000000000
-0.1064758301
0.1064758301
0.1064758301
0.0000000000
0.1064758301
0.1064758301
0.0000000000
0.0000000000
-0.1113433838
0.0000000000
0.0000000000
0.0000000000
-0.2226867676
0.0000000000
-0.1113433838
0.0000000000
0.7978820801
-0.2393646240
0.0797882080
0.0000000000
0.0000000000
-0.1595764160
0.2393646240
0.4499969482
-0.0749969482
-0.4499969482
0.0000000000
-0.0749969482
-0.2250061035
0.4499969482
-0.3750000000
0.1076965332
-0.1076965332
-0.2153778076
0.2153778076
-0.1076965332
-0.3230743408
-0.5384674072
0.2153778076
0.1208343506
0.0000000000
0.1208343506
-0.2416839600
0.0000000000
0.4833679199
-0.2416839600
0.1208343506
0.0000000000
0.4806365967
-0.1201629639
-0.0600738525
-0.6608734131
0.4205474854
-0.0600738525
0.1201629639
-0.4307708740
-0.1076965332
0.1076965332
-0.2153778076
0.0000000000
-0.1076965332
0.1076965332
0.5384674072
0.2842712402
-0.3790283203
0.3790283203
0.0947570801
-0.3790283203
0.0000000000
-0.2842712402
-0.2842712402
0.0891265869
-0.2228240967
0.8467102051
0.0891265869
0.1336975098
0.1782531738
-0.1782531738
-0.2673797607
-0.1064758301
-0.1064758301
0.1064758301
-0.1064758301
0.0000000000
0.0000000000
0.0000000000
-0.1064758301
-0.3299102783
0.4398803711
0.1099700928
-0.2199401855
0.2199401855
0.3299102783
0.1099700928
-0.1099700928
-0.1060485840
-0.1060485840
0.4241790771
-0.1060485840
0.2120971680
-0.5302276611
0.0000000000
0.2120971680
0.0709686279
0.7096862793
-0.3548431396
0.0709686279
-0.1419372559
0.0000000000
-0.2129058838
-0.3548431396
0.0000000000
0.1113433838
-0.1113433838
0.1113433838
0.1113433838
0.1113433838
0.0000000000
0.1113433838
0.1224670410
0.2449493408
0.1224670410
0.2449493408
0.0000000000
0.3674163818
0.2449493408
0.1224670410
0.4083862305
0.4594421387
0.4594421387
0.1531524658
0.1531524658
0.3573455811
-0.1531524658
0.3573455811
0.5768280029
-0.0823974609
0.0000000000
0.0000000000
-0.0823974609
-0.5768280029
-0.2472076416
-0.1648101807
0.1000061035
0.0000000000
0.0000000000
-0.1000061035
0.0000000000
0.0000000000
-0.1000061035
-0.1000061035
0.6230773926
0.1557769775
-0.2336578369
-0.4673156738
-0.5062561035
0.0389404297
-0.0778808594
0.0389404297
-0.0849761963
-0.3399353027
-0.0849761963
-0.2549438477
0.0000000000
-0.4249114990
0.3399353027
-0.5099029541
-0.0911560059
0.0000000000
0.0000000000
0.0000000000
0.0911560059
0.0000000000
0.0000000000
0.0911560059
0.4178161621
0.1044464111
-0.1044464111
0.6267242432
0.0000000000
0.1044464111
0.0000000000
0.0000000000
0.1009521484
0.7066345215
-0.1009521484
0.2019042969
-0.2019042969
0.1009521484
0.1009521484
-0.1009521484
0.0000000000
0.2400054932
0.1199951172
0.2400054932
0.0000000000
0.0000000000
0.0000000000
0.0000000000
-0.0924072266
-0.0924072266
-0.7392120361
0.0924072266
0.1847991943
-0.0924072266
0.0924072266
0.2772064209
0.1184692383
-0.5923156738
0.0000000000
-0.2369232178
0.0000000000
0.0000000000
0.0000000000
-0.1184692383
0.2148742676
-0.1289215088
0.0000000000
0.9024353027
0.0859527588
-0.0429687500
0.2148742676
0.0859527588
0.0000000000
-0.5411987305
-0.0901947021
-0.5411987305
0.0901947021
-0.2705993652
-0.0901947021
-0.1804046631
-0.1648101807
0.0823974609
0.4944305420
-0.4120178223
-0.2472076416
-0.4120178223
-0.1648101807
0.2472076416
0.1117401123
-0.6704254150
0.0000000000
0.0000000000
-0.2234802246
0.0000000000
0.0000000000
-0.1117401123
0.8816986084
0.0518646240
-0.0518646240
0.1555938721
0.1037292480
0.1555938721
-0.0518646240
0.2593231201
0.0000000000
0.0000000000
0.1064758301
0.1064758301
0.1064758301
0.1064758301
0.0000000000
-0.1064758301
0.0000000000
0.0000000000
0.0000000000
0.0000000000
0.0000000000
-0.0588226318
0.0000000000
0.0000000000
0.1717987061
0.7730712891
0.0858917236
-0.0858917236
0.0000000000
0.1717987061
-0.0858917236
0.2576904297
0.3142700195
0.0000000000
-0.3928375244
0.3928375244
0.0000000000
-0.0785675049
0.4714050293
-0.3928375244
0.2078704834
-0.3117980957
-0.3117980957
0.1039276123
-0.4157409668
0.0000000000
-0.4157409668
0.1039276123
0.0813293457
-0.1626586914
0.0000000000
-0.2439880371
0.2439880371
0.7319488525
-0.1626586914
0.2439880371
0.0000000000
0.4863891602
-0.1621246338
-0.0810699463
-0.4863891602
0.4863891602
-0.0810699463
0.1621246338
-0.2307739258
0.0000000000
0.2307739258
-0.1153869629
0.0000000000
-0.1153869629
0.1153869629
0.5769195557
0.7295837402
-0.2431945801
0.1621246338
0.0810699463
-0.2431945801
0.0810699463
-0.2431945801
-0.1621246338
0.0369720459
-0.1479034424
0.8874511719
0.0000000000
0.0739593506
0.2588348389
-0.0739593506
-0.2588348389
-0.1113433838
-0.1113433838
0.0000000000
-0.1113433838
-0.1113433838
0.1113433838
0.0000000000
-0.1113433838
-0.2038421631
0.3057556152
0.2038421631
0.1019134521
0.2038421631
0.5095977783
0.3057556152
-0.2038421631
-0.1216278076
-0.1216278076
0.0000000000
0.0000000000
0.2432556152
-0.2432556152
0.0000000000
0.0000000000
0.0999145508
0.7993011475
-0.4496154785
0.0499572754
0.0000000000
0.0000000000
-0.0499572754
-0.2497863770
0.0911560059
0.0911560059
0.0000000000
0.0000000000
0.0000000000
0.0000000000
0.0000000000
0.0911560059
0.0000000000
0.2484588623
0.1242218018
0.2484588623
-0.1242218018
0.3726806641
0.1242218018
0.0000000000
0.3664398193
0.4275207520
0.4275207520
0.1832275391
0.1832275391
0.4275207520
-0.1832275391
0.3053741455
0.5580749512
-0.0697631836
0.0697631836
0.0000000000
0.0000000000
-0.6278381348
-0.2092742920
-0.2790374756
0.1243286133
0.0000000000
0.3729858398
0.0000000000
0.1243286133
-0.1243286133
0.0000000000
-0.1243286133
0.5801849365
0.1547241211
-0.3094329834
-0.3867950439
-0.5801849365
0.0773620605
0.0386810303
-0.0386810303
-0.1055145264
-0.3165283203
-0.4220428467
0.0000000000
0.1055145264
-0.4220428467
0.1055145264
-0.3165283203
-0.0588226318
0.0000000000
0.0000000000
0.0000000000
0.0000000000
0.0000000000
0.0000000000
0.0000000000
0.2486572266
-0.1243286133
0.0000000000
0.1243286133
-0.2486572266
0.1243286133
0.1243286133
0.1243286133
0.0000000000
0.8564605713
-0.1557159424
0.0000000000
-0.1557159424
0.0778656006
0.0778656006
0.0000000000
0.0911560059
0.0000000000
0.0911560059
0.0000000000
-0.0911560059
0.0000000000
0.0000000000
0.0000000000
0.0898437500
0.1796875000
-0.6289367676
0.1796875000
0.2695465088
-0.2695465088
0.2695465088
0.1796875000
0.2222900391
-0.5557098389
0.0000000000
-0.2222900391
-0.2222900391
0.1111450195
0.1111450195
-0.2222900391
0.1506195068
-0.1506195068
0.2008361816
0.8535308838
0.0000000000
-0.0502014160
0.3012390137
0.1004180908
0.0000000000
0.5071563721
0.1014251709
-0.5071563721
-0.1014251709
-0.2028656006
0.1014251709
-0.2028656006
-0.2694549561
0.0673675537
0.5389099121
-0.4041748047
-0.3368225098
-0.3368225098
-0.1347198486
0.2694549561
-0.1039276123
-0.7275390625
0.0000000000
-0.1039276123
0.0000000000
-0.2078704834
0.0000000000
-0.1039276123
0.8210601807
0.1539459229
-0.1026306152
0.1026306152
0.2565765381
0.1539459229
-0.1026306152
0.3079071045
0.0000000000
0.1178436279
0.0000000000
0.0000000000
0.1178436279
-0.1178436279
0.1178436279
-0.2357025146
0.0000000000
0.0000000000
0.0911560059
0.0911560059
0.0911560059
0.0000000000
0.0000000000
0.0000000000
0.0894775391
0.9395751953
0.0894775391
0.0000000000
0.0000000000
0.1342315674
0.0000000000
0.1342315674
0.1706848145
0.0569000244
-0.2275848389
0.7965240479
0.0569000244
-0.0569000244
0.2275848389
-0.3413696289
0.1117401123
-0.3352050781
-0.1117401123
0.2234802246
-0.5586853027
0.1117401123
-0.1117401123
0.0000000000
-0.0670623779
-0.1341247559
-0.1341247559
-0.2011871338
0.3353118896
0.7376861572
0.0000000000
0.3353118896
0.1019134521
0.4076843262
-0.3057556152
-0.1019134521
-0.4076843262
0.4076843262
0.0000000000
0.1019134521
-0.1088256836
0.1088256836
0.2176361084
0.0000000000
0.0000000000
-0.1088256836
0.2176361084
0.6529235840
0.8473968506
-0.1412353516
0.0000000000
0.0706176758
-0.1412353516
0.2118530273
-0.0706176758
-0.1412353516
0.0000000000
0.0000000000
0.8470611572
-0.2117614746
-0.0423583984
0.2964630127
-0.0423583984
-0.2964630127
0.0911560059
-0.0911560059
0.0000000000
0.0000000000
0.0000000000
0.0911560059
0.0000000000
0.0000000000
-0.1552581787
0.1552581787
0.3105163574
0.2328948975
0.0776367188
0.3881530762
-0.6210327148
-0.2328948975
-0.3590087891
-0.1196746826
-0.4786834717
-0.1196746826
0.1196746826
0.0000000000
0.0000000000
-0.1196746826
0.0509185791
0.8655853271
-0.3564147949
0.0000000000
0.0000000000
0.0509185791
0.1018371582
-0.1527557373
0.0000000000
0.0000000000
0.0000000000
0.0000000000
0.0000000000
0.0000000000
0.0000000000
0.0000000000
0.0000000000
0.1153869629
0.1153869629
0.1153869629
-0.2307739258
0.4615325928
0.3461608887
-0.2307739258
0.4848327637
0.4848327637
0.2424163818
0.2424163818
0.1616058350
0.3232269287
0.0000000000
0.2424163818
0.4993286133
-0.1109619141
0.0554809570
0.0000000000
0.0554809570
-0.6657714844
-0.3328857422
-0.2774047852
0.0000000000
0.0000000000
0.2300720215
0.0000000000
0.1150360107
-0.1150360107
0.0000000000
-0.1150360107
0.5703430176
0.0877532959
-0.3509826660
-0.2193603516
-0.6142272949
0.0877532959
0.2193603516
0.0000000000
-0.0990753174
-0.1981506348
-0.5944366455
0.0000000000
0.1981506348
-0.3963012695
-0.0990753174
-0.1981506348
0.0000000000
0.0000000000
0.0000000000
0.0911560059
-0.0911560059
0.0000000000
0.0911560059
0.0000000000
0.0000000000
-0.1928405762
0.1928405762
-0.6749725342
-0.0964202881
0.1928405762
0.2892761230
0.0964202881
-0.0623626709
0.8730468750
-0.1247253418
-0.0623626709
-0.1870880127
0.0000000000
0.1870880127
0.1247253418
0.0000000000
-0.1064758301
0.0000000000
0.0000000000
-0.1064758301
0.1064758301
-0.1064758301
0.1064758301
0.1621246338
0.3242645264
-0.5674591064
0.3242645264
0.1621246338
-0.3242645264
0.1621246338
0.2431945801
0.1123352051
-0.3370056152
0.0000000000
-0.2246704102
-0.1123352051
0.3370056152
0.1123352051
-0.4493408203
0.0544128418
-0.0544128418
0.1632232666
0.8704986572
0.0000000000
0.0544128418
0.3264312744
0.0544128418
0.0000000000
0.9268951416
0.0926818848
0.0000000000
-0.1390380859
0.0000000000
0.1853790283
0.0926818848
-0.3232269287
0.1616058350
0.4848327637
-0.3232269287
-0.4040222168
-0.2424163818
-0.1616058350
0.2424163818
-0.1123352051
-0.6740112305
0.0000000000
0.0000000000
0.0000000000
-0.2246704102
0.0000000000
0.0000000000
0.8655853271
0.1527557373
-0.0509185791
0.1018371582
0.1527557373
0.2036743164
0.0000000000
0.2545776367
0.0000000000
-0.1178436279
0.0000000000
0.0000000000
-0.2357025146
-0.1178436279
0.1178436279
0.1178436279
0.0000000000
0.0000000000
0.1064758301
0.0000000000
0.0000000000
-0.2129516602
0.0000000000
0.0000000000
-0.0983276367
0.9341735840
-0.0491638184
0.0491638184
0.0491638184
-0.1475067139
-0.0983276367
0.0000000000
0.1947631836
-0.1298370361
-0.5193786621
0.4544525146
0.3895263672
0.0649261475
-0.2596893311
-0.3246154785
0.2324981689
-0.1743774414
-0.1743774414
0.1162567139
-0.6975097656
-0.4068908691
-0.2324981689
0.2324981689
-0.0355072021
0.0710144043
-0.1065063477
-0.1065063477
-0.7810821533
-0.5325469971
-0.0710144043
-0.1775207520
0.1053009033
0.5791168213
0.0526428223
0.0000000000
-0.7370605469
-0.0526428223
-0.1053009033
0.0526428223
-0.1216278076
-0.1216278076
0.2432556152
-0.2432556152
0.0000000000
0.0000000000
0.0000000000
0.0000000000
0.6730346680
-0.0560913086
0.5047760010
-0.2804260254
0.0000000000
0.0000000000
0.2804260254
0.1682586670
0.0000000000
0.0000000000
0.7905731201
0.0718688965
0.0000000000
-0.4312133789
0.0718688965
-0.0718688965
0.0911560059
0.0000000000
0.0000000000
0.0911560059
0.0911560059
0.0000000000
0.0000000000
0.0000000000
0.0000000000
0.4157409668
-0.1039276123
-0.1039276123
0.3117980957
0.5196685791
0.0000000000
0.2078704834
0.0000000000
-0.2120971680
0.5302276611
0.3181304932
0.0000000000
-0.3181304932
0.2120971680
-0.1060485840
-0.0638580322
0.8301849365
-0.1277160645
-0.1277160645
-0.1915893555
-0.2554473877
0.0000000000
-0.1915893555
0.0000000000
0.1064758301
0.0000000000
0.0000000000
0.0000000000
0.0000000000
0.0000000000
-0.2129516602
0.0000000000
-0.2456817627
0.0000000000
0.0000000000
0.1228332520
-0.1228332520
0.1228332520
0.2456817627
0.2347564697
0.4225769043
0.5634307861
0.0939025879
0.0469512939
0.5164794922
-0.1408538818
0.2817230225
0.0778656006
-0.4671630859
0.3892974854
-0.0778656006
0.2335815430
-0.3892974854
-0.3892974854
-0.2335815430
0.1113433838
-0.1113433838
0.0000000000
-0.1113433838
-0.1113433838
-0.1113433838
0.0000000000
0.1113433838
0.6872711182
0.0528717041
-0.2643432617
-0.4757995605
-0.2114715576
0.1057281494
0.1057281494
0.2643432617
-0.2302398682
-0.1841888428
0.4144439697
-0.4144439697
-0.2302398682
-0.1381530762
0.5065460205
-0.4144439697
0.0785675049
0.0000000000
0.0000000000
0.0000000000
0.0785675049
0.0000000000
0.0000000000
0.0000000000
0.0000000000
-0.0981750488
0.0000000000
-0.6871795654
0.2945098877
0.1963348389
0.0981750488
-0.1963348389
0.0000000000
0.9300994873
0.2113800049
-0.0845489502
0.0000000000
0.1268310547
-0.0422821045
0.0845489502
-0.3891448975
0.3891448975
-0.0972900391
0.3891448975
0.1945648193
-0.1945648193
0.1945648193
0.2918548584
0.0000000000
0.0000000000
-0.8457641602
-0.1301116943
0.0000000000
0.1301116943
-0.0650634766
0.3252868652
-0.1459960938
-0.5109863281
0.1459960938
0.0729980469
0.5839843750
0.2919921875
0.0000000000
-0.2919921875
0.1101531982
-0.0440673828
-0.1762542725
0.9473724365
0.1982879639
0.0000000000
-0.0440673828
0.0220336914
-0.1029205322
0.5145721436
-0.1029205322
-0.4116668701
0.2058258057
-0.1029205322
-0.1029205322
-0.3087463379
0.7024688721
0.0000000000
0.2634277344
-0.1756134033
0.3512420654
0.0878143311
-0.0878143311
0.0000000000
0.0000000000
-0.8086242676
0.0898437500
0.0000000000
0.0898437500
-0.0898437500
0.1796875000
-0.0898437500
0.3299102783
0.2199401855
-0.1099700928
0.1099700928
-0.4398803711
0.2199401855
-0.3299102783
-0.1099700928
0.0000000000
0.0000000000
0.0000000000
0.0000000000
-0.0785675049
0.0000000000
0.0000000000
0.0785675049
0.1113433838
0.0000000000
0.1113433838
0.0000000000
0.0000000000
-0.2226867676
0.0000000000
0.0000000000
-0.0643920898
0.9013824463
-0.0643920898
0.0643920898
0.0643920898
-0.1287689209
-0.1287689209
0.0000000000
0.3525543213
-0.1762847900
-0.4407043457
0.1762847900
0.3525543213
0.0000000000
-0.1762847900
-0.4407043457
0.1804046631
-0.0901947021
-0.1804046631
0.2705993652
-0.4510040283
-0.4510040283
-0.1804046631
0.3607940674
0.0598602295
0.0598602295
-0.1795959473
0.0598602295
-0.7782287598
-0.4190521240
0.0000000000
-0.2394561768
0.0506591797
0.5572052002
-0.0506591797
-0.0506591797
-0.7598266602
0.1013031006
0.0000000000
0.1013031006
-0.2498626709
0.0000000000
-0.2498626709
-0.2498626709
-0.1249389648
0.0000000000
-0.1249389648
0.1249389648
0.1653594971
0.0826873779
0.7441101074
-0.3307189941
-0.0826721191
-0.1653594971
0.1653594971
0.0826873779
0.2195739746
-0.1097869873
0.8783111572
0.0549011230
-0.0549011230
-0.0549011230
-0.1097869873
-0.2195739746
-0.1250000000
0.1250000000
0.0000000000
0.2500000000
0.3750000000
0.0000000000
0.0000000000
0.1250000000
-0.2199401855
0.2199401855
-0.1099700928
-0.1099700928
0.4398803711
0.3299102783
0.3299102783
0.1099700928
-0.1034240723
-0.1034240723
0.5171051025
0.2068481445
0.0000000000
-0.5171051025
0.1034240723
0.0000000000
0.0000000000
0.8712310791
-0.2050018311
0.0000000000
-0.2050018311
-0.0512542725
-0.0512542725
-0.2562408447
-0.0588226318
0.0000000000
0.0000000000
0.0000000000
0.0000000000
0.0000000000
0.0000000000
0.0000000000
0.0000000000
-0.2459411621
0.0000000000
0.1229705811
0.0000000000
0.1229705811
0.4918823242
0.1229705811
0.3328857422
0.5548095703
0.4993286133
0.1109619141
-0.1109619141
0.3883666992
-0.1664428711
0.1664428711
0.4185638428
-0.4185638428
0.0697631836
-0.0697631836
0.2092742920
-0.5580749512
-0.2092742920
-0.2790374756
0.0000000000
-0.1064758301
0.0000000000
0.0000000000
-0.1064758301
-0.1064758301
-0.1064758301
-0.1064758301
0.7451171875
0.0438232422
-0.1314849854
-0.4821319580
-0.3506469727
0.0000000000
0.0000000000
0.0876617432
-0.2286834717
-0.2858581543
0.4002075195
-0.4002075195
0.0571746826
-0.2286834717
0.3430328369
-0.5145416260
0.0000000000
0.0000000000
0.0000000000
0.0000000000
0.0785675049
-0.0785675049
0.0000000000
0.0000000000
0.2498626709
0.0000000000
-0.1249389648
0.1249389648
0.3748016357
0.0000000000
0.0000000000
0.0000000000
0.0000000000
0.9296875000
0.1467895508
-0.0489349365
-0.0489349365
0.0978698730
0.0000000000
0.1467895508
-0.3316650391
0.4422149658
0.0000000000
0.4422149658
0.1105499268
0.0000000000
0.1105499268
0.1105499268
0.0000000000
-0.0697631836
-0.8371124268
0.0000000000
0.0697631836
-0.2092742920
0.0697631836
0.2790374756
-0.1065826416
-0.6395263672
0.1065826416
0.0000000000
-0.2131805420
0.0000000000
0.0000000000
-0.3197631836
0.1043853760
-0.0522003174
-0.0782928467
0.9656372070
0.1565856934
-0.0260925293
0.0000000000
0.0260925293
-0.0951690674
-0.5709991455
-0.0951690674
-0.5709991455
0.0000000000
0.0000000000
0.0000000000
-0.0951690674
0.5971984863
0.1990661621
0.0995330811
0.0995330811
0.2985992432
-0.2985992432
-0.1990661621
-0.0995330811
0.0000000000
-0.8248596191
0.0916442871
0.0000000000
0.0000000000
-0.0916442871
0.0916442871
0.0000000000
0.8736724854
0.1456146240
0.0000000000
0.0000000000
-0.0727996826
0.0727996826
-0.1456146240
-0.0727996826
0.0000000000
-0.1113433838
0.1113433838
0.0000000000
-0.1113433838
0.1113433838
0.1113433838
0.1113433838
0.0000000000
0.0000000000
0.0000000000
0.0000000000
0.1064758301
-0.2129516602
0.0000000000
0.0000000000
-0.1405334473
0.8432464600
-0.0702667236
0.0702667236
0.0702667236
-0.0702667236
-0.2810821533
0.0702667236
0.4541778564
-0.2270965576
-0.3406372070
-0.2270965576
0.1135406494
0.0000000000
-0.1135406494
-0.2270965576
-0.1681976318
0.0840911865
0.0000000000
0.3363952637
0.2522888184
-0.5045928955
-0.3363952637
0.4204864502
0.2258758545
0.1129455566
-0.2258758545
0.1129455566
-0.4517517090
-0.3388214111
0.2258758545
-0.1129455566
-0.0561676025
0.4494018555
-0.0561676025
-0.0561676025
-0.7864379883
0.2247009277
0.0561676025
0.1123504639
-0.3674163818
0.0000000000
-0.1224670410
-0.2449493408
-0.1224670410
0.0000000000
0.0000000000
0.3674163818
-0.1847991943
-0.0924072266
0.7392120361
-0.1847991943
-0.1847991943
-0.1847991943
0.0000000000
-0.0924072266
0.1531524658
-0.1531524658
0.8678283691
0.0000000000
-0.0510559082
0.1531524658
-0.1531524658
-0.2552490234
-0.3247528076
-0.1082458496
0.1082458496
0.4330139160
0.4330139160
0.1082458496
0.0000000000
0.2165069580
-0.3424682617
0.2283172607
0.1141510010
-0.3424682617
0.2283172607
0.1141510010
-0.3424682617
-0.1141510010
-0.1039276123
-0.1039276123
0.3117980957
0.2078704834
0.0000000000
-0.6236114502
-0.1039276123
0.2078704834
0.0459594727
0.8730926514
-0.2297668457
0.0919036865
-0.1378631592
0.0459594727
-0.0919036865
-0.2757110596
0.0000000000
0.1000061035
0.0000000000
0.1000061035
0.0000000000
0.0000000000
0.1000061035
0.1000061035
0.0000000000
0.0000000000
0.0000000000
0.2490844727
-0.1245422363
0.2490844727
0.3736267090
0.1245422363
0.4479827881
0.5599822998
0.3919830322
0.2239990234
0.0559997559
0.3359832764
-0.1119995117
0.2239990234
0.6153259277
-0.2461395264
-0.0615386963
-0.1230621338
0.1230621338
-0.5538024902
-0.2461395264
-0.1846008301
0.1228332520
0.1228332520
-0.1228332520
-0.1228332520
-0.1228332520
0.1228332520
-0.2456817627
-0.1228332520
0.6263732910
0.1670379639
-0.0417633057
-0.5010986328
-0.4593353271
-0.1252746582
-0.2087860107
0.0000000000
-0.1197204590
-0.3591918945
0.4789123535
-0.3591918945
0.0598602295
-0.2993164062
0.2394561768
-0.4789123535
-0.0911560059
0.0000000000
0.0000000000
0.0000000000
0.0911560059
0.0000000000
0.0000000000
0.0911560059
0.4664764404
0.0000000000
-0.3498535156
0.2332305908
0.1166229248
0.0000000000
0.2332305908
0.0000000000
0.0000000000
0.8940429688
0.0638580322
-0.0638580322
-0.1277160645
0.0000000000
0.0638580322
0.1915893555
-0.2495727539
0.3743438721
0.0000000000
0.2495727539
0.1247863770
0.0000000000
0.0000000000
0.0000000000
0.0000000000
-0.0981750488
-0.6871795654
0.0981750488
0.2945098877
-0.1963348389
0.0000000000
0.1963348389
-0.1129455566
-0.5646972656
0.0000000000
0.0000000000
-0.3388214111
0.0000000000
-0.1129455566
-0.2258758545
0.1644744873
-0.0411224365
0.0411224365
0.9457244873
0.1233520508
-0.0411224365
0.0411224365
0.0411224365
-0.0909118652
-0.7273406982
-0.1818389893
-0.3636779785
0.0000000000
0.0000000000
0.0000000000
-0.0909118652
0.4517517090
0.2258758545
0.0000000000
0.0000000000
0.0000000000
-0.4517517090
-0.2258758545
0.0000000000
0.0977325439
-0.7817993164
0.0977325439
0.0000000000
-0.0977325439
-0.0977325439
0.0977325439
0.0000000000
0.9353027344
0.0984497070
0.0000000000
0.0984497070
0.0000000000
0.1476745605
-0.0492248535
0.0492248535
0.0000000000
-0.1150360107
0.1150360107
0.0000000000
0.0000000000
0.1150360107
0.2300720215
0.0000000000
0.0000000000
0.0000000000
0.0000000000
0.0785675049
0.0000000000
-0.0785675049
0.0000000000
0.0000000000
0.0000000000
0.8646545410
0.0000000000
0.0000000000
0.0720520020
-0.0720520020
-0.2161560059
0.1441040039
0.5120697021
-0.1024169922
-0.3072509766
0.2048339844
0.1024169922
0.1024169922
0.3072509766
-0.3072509766
-0.1895141602
-0.0947570801
-0.0947570801
0.2842712402
0.1895141602
-0.3790283203
-0.4738006592
0.3790283203
0.1213989258
0.0000000000
0.0000000000
-0.1213989258
0.2428131104
0.2428131104
0.0000000000
0.4856262207
-0.0498962402
0.4989471436
-0.1496887207
-0.0498962402
-0.6985168457
0.3492584229
0.0997924805
0.1496887207
-0.4136962891
-0.1034240723
0.3102722168
-0.2068481445
-0.1034240723
-0.1034240723
0.0000000000
0.5171051025
0.0000000000
-0.2142791748
0.3214111328
0.0000000000
-0.4285430908
0.1071319580
-0.2142791748
-0.4285430908
0.0903015137
-0.0903015137
0.8578491211
0.0000000000
0.0000000000
0.2709045410
-0.0903015137
-0.3160400391
-0.3674163818
-0.2449493408
0.2449493408
0.1224670410
0.2449493408
0.1224670410
-0.1224670410
0.0000000000
-0.2234802246
0.3352050781
0.2234802246
-0.2234802246
0.3352050781
0.2234802246
-0.2234802246
-0.2234802246
-0.1049804688
-0.1049804688
0.3149414062
0.1049804688
0.2099609375
-0.5248870850
-0.2099609375
0.3149414062
0.1237792969
0.8664245605
-0.2888031006
0.1237792969
-0.0412597656
0.0412597656
-0.1237792969
-0.2475433350
0.0000000000
0.0000000000
0.0000000000
0.1000061035
0.0000000000
0.1000061035
0.1000061035
0.1000061035
0.0000000000
0.3117980957
0.1039276123
0.4157409668
-0.2078704834
0.5196685791
0.1039276123
0.0000000000
0.4755249023
0.4160919189
0.4160919189
0.2377624512
0.2377624512
0.3566436768
-0.1188812256
0.2377624512
0.5213928223
-0.1158599854
0.0000000000
-0.0579376221
0.0000000000
-0.6372528076
-0.4055175781
-0.1737976074
0.1199951172
0.1199951172
0.0000000000
-0.2400054932
-0.1199951172
0.0000000000
-0.1199951172
-0.1199951172
0.5948944092
0.1858978271
-0.1487274170
-0.4089965820
-0.5948944092
0.0000000000
-0.1487274170
-0.0371856689
0.0000000000
-0.4001922607
0.4001922607
-0.2401123047
0.0800323486
-0.4001922607
0.0800323486
-0.4802398682
-0.1064758301
0.1064758301
0.0000000000
-0.1064758301
0.1064758301
0.0000000000
-0.1064758301
0.0000000000
0.4307708740
0.0000000000
-0.4307708740
0.0000000000
0.0000000000
-0.1076965332
0.4307708740
0.0000000000
0.0664672852
0.8641204834
-0.1329345703
0.0000000000
-0.2658843994
-0.0664672852
0.0664672852
0.0664672852
-0.0911560059
0.0000000000
0.0000000000
0.0000000000
0.0000000000
0.0911560059
-0.0911560059
0.0000000000
0.1024169922
-0.1024169922
-0.5120697021
0.2048339844
0.3072509766
-0.3072509766
0.1024169922
0.3072509766
-0.1178436279
-0.5892486572
-0.1178436279
0.0000000000
-0.1178436279
0.0000000000
0.0000000000
-0.2357025146
0.2232971191
-0.1116485596
0.1674652100
0.8373565674
-0.0558166504
-0.1116485596
0.2791137695
0.1116485596
-0.1249389648
0.0000000000
-0.2498626709
-0.3748016357
-0.1249389648
0.0000000000
0.0000000000
0.0000000000
-0.0981750488
0.1963348389
0.1963348389
-0.2945098877
-0.2945098877
-0.5890197754
-0.0981750488
0.1963348389
0.2199401855
-0.6598205566
0.0000000000
-0.1099700928
-0.1099700928
-0.1099700928
0.1099700928
-0.1099700928
0.8805236816
0.1553802490
-0.0517883301
0.1035919189
0.1035919189
0.2071838379
-0.0517883301
0.2071838379
0.1064758301
-0.1064758301
0.0000000000
0.0000000000
0.0000000000
0.1064758301
0.1064758301
-0.1064758301
0.0000000000
0.0000000000
0.1000061035
0.1000061035
0.0000000000
0.0000000000
-0.1000061035
-0.1000061035
0.1398620605
0.8391418457
0.0000000000
0.0699310303
-0.0699310303
0.0699310303
-0.1398620605
0.2797088623
0.2694549561
-0.0673675537
-0.2694549561
0.7409973145
0.0000000000
0.0673675537
0.2694549561
-0.2694549561
-0.1238555908
-0.1238555908
0.0000000000
0.2477111816
0.1238555908
-0.1238555908
-0.3715667725
0.2477111816
-0.0986175537
0.0000000000
0.0000000000
-0.2958526611
0.3944702148
0.4930877686
0.0000000000
0.3944702148
0.0000000000
0.5057830811
-0.1896667480
-0.1264495850
-0.4425659180
0.5690002441
0.0632171631
0.1896667480
-0.2357025146
0.0000000000
0.3535461426
-0.1178436279
-0.1178436279
-0.1178436279
0.0000000000
0.4714050293
0.7114410400
-0.1580963135
0.1580963135
0.0000000000
-0.3161926270
0.0790557861
-0.1580963135
-0.3161926270
0.0501403809
0.0000000000
0.8023071289
-0.1504364014
0.0000000000
0.3510131836
-0.0501403809
-0.3510131836
-0.3715667725
-0.1238555908
0.2477111816
-0.1238555908
0.0000000000
0.1238555908
-0.2477111816
-0.1238555908
-0.1911621094
0.2867431641
0.3823242188
0.0000000000
0.2867431641
0.3823242188
-0.3823242188
-0.1911621094
0.0000000000
-0.1245422363
0.0000000000
0.0000000000
0.2490844727
-0.2490844727
-0.3736267090
0.1245422363
0.0451965332
0.8587188721
-0.3615722656
0.0903930664
0.0451965332
0.0000000000
-0.0451965332
-0.2259826660
0.1000061035
0.0000000000
0.0000000000
0.1000061035
0.0000000000
0.1000061035
0.1000061035
0.0000000000
-0.0955810547
0.2867431641
0.2867431641
0.2867431641
-0.2867431641
0.5734863281
0.0955810547
0.0000000000
0.4275207520
0.4275207520
0.3664398193
0.2442932129
0.2442932129
0.4275207520
-0.1221466064
0.2442932129
0.5527648926
-0.0614166260
0.0614166260
-0.1228332520
0.0000000000
-0.6141815186
-0.3684997559
-0.1842498779
0.1064758301
0.0000000000
0.1064758301
-0.1064758301
0.0000000000
0.0000000000
-0.1064758301
-0.1064758301
0.5819396973
0.1551818848
-0.2327728271
-0.3103637695
-0.6595306396
0.0388031006
0.0000000000
-0.0388031006
0.0000000000
-0.3149414062
0.3149414062
-0.1049804688
0.1049804688
-0.5248870850
0.0000000000
-0.3149414062
-0.1064758301
0.1064758301
0.0000000000
-0.1064758301
0.0000000000
0.1064758301
-0.1064758301
0.0000000000
0.1196746826
0.0000000000
-0.2393341064
-0.3590087891
-0.2393341064
-0.1196746826
0.3590087891
0.1196746826
0.0713195801
0.8558959961
-0.1426544189
0.0000000000
-0.2139739990
-0.0713195801
0.1426544189
0.0000000000
-0.1000061035
0.0000000000
0.0000000000
0.0000000000
-0.1000061035
0.1000061035
-0.1000061035
0.0000000000
0.1000061035
0.1000061035
-0.3999938965
0.3000030518
0.3999938965
-0.3999938965
0.1999969482
0.1000061035
0.1229705811
-0.4918823242
0.0000000000
-0.1229705811
0.0000000000
0.1229705811
0.0000000000
-0.2459411621
0.1244812012
-0.0622406006
0.1867218018
0.8091278076
-0.1244812012
-0.1244812012
0.3112030029
0.1867218018
0.0000000000
0.8409881592
-0.0840911865
-0.1681976318
-0.0840911865
0.0000000000
0.0840911865
0.0000000000
-0.2867431641
0.0955810547
0.2867431641
-0.2867431641
-0.3823242188
-0.4779052734
-0.1911621094
0.0955810547
0.0000000000
-0.5923156738
0.0000000000
0.0000000000
0.0000000000
-0.2369232178
0.1184692383
-0.1184692383
0.8252563477
0.1375427246
-0.0687713623
0.0000000000
0.2063140869
0.1375427246
0.0000000000
0.2750854492
0.0000000000
0.0000000000
0.0000000000
0.0000000000
0.0000000000
0.0000000000
0.2129516602
-0.1064758301
0.0000000000
0.0000000000
0.1064758301
0.1064758301
0.1064758301
0.1064758301
-0.1064758301
0.0000000000
0.1007995605
0.9071655273
0.0503997803
0.1007995605
-0.1007995605
0.1007995605
-0.1007995605
0.2015991211
0.1549682617
-0.1033172607
-0.1549682617
0.8781738281
0.0516510010
0.1033172607
0.0516510010
-0.2582855225
0.1249389648
-0.2498779297
0.0000000000
0.0000000000
-0.3748321533
0.1249389648
-0.1249389648
0.1249389648
0.0000000000
-0.0868377686
-0.1736755371
-0.3473510742
0.5210266113
0.4341888428
0.0000000000
0.3473510742
0.0000000000
0.4994354248
-0.0832366943
-0.0832366943
-0.1664733887
0.6659088135
0.0000000000
0.1664733887
-0.1249389648
0.1249389648
0.2498626709
0.2498626709
-0.1249389648
0.0000000000
0.0000000000
0.2498626709
0.7595062256
-0.1687774658
0.0000000000
-0.0843963623
-0.2531738281
0.0843963623
-0.0843963623
-0.2531738281
0.0000000000
0.2063140869
0.6189422607
-0.4126281738
0.0000000000
0.2750854492
0.0000000000
-0.4126281738
0.0000000000
-0.1216278076
0.1216278076
-0.1216278076
-0.1216278076
0.2432556152
-0.1216278076
0.1216278076
-0.1729278564
0.2305755615
0.3458557129
0.1152801514
0.0000000000
0.2882232666
-0.7493591309
-0.1729278564
-0.1184692383
-0.1184692383
-0.4738464355
-0.2369232178
0.1184692383
0.2369232178
-0.2369232178
0.0000000000
0.0000000000
0.8060302734
-0.4340209961
0.0000000000
0.0000000000
-0.0619964600
0.1240081787
-0.1240081787
0.0000000000
0.0000000000
0.0000000000
0.0000000000
0.0000000000
0.0000000000
0.0785675049
-0.0785675049
-0.1903381348
0.1903381348
0.2855072021
0.1903381348
-0.2855072021
0.5709991455
0.2855072021
0.0000000000
0.3149414062
0.5248870850
0.1049804688
0.1049804688
0.1049804688
0.2099609375
0.3149414062
0.2099609375
0.5321655273
-0.0591278076
0.2365264893
-0.1773834229
0.0591278076
-0.5912933350
-0.3547821045
-0.1773834229
0.0000000000
0.0000000000
0.0785675049
0.0000000000
0.0000000000
0.0000000000
-0.0785675049
0.0000000000
0.5540771484
0.1278686523
-0.3409729004
-0.2131042480
-0.6393127441
0.1278686523
0.1704864502
0.0426177979
0.0000000000
-0.2428131104
0.0000000000
0.0000000000
0.2428131104
-0.4856262207
-0.1213989258
-0.1213989258
0.0000000000
0.0000000000
-0.0785675049
0.0000000000
0.0000000000
-0.0785675049
0.0000000000
0.0000000000
0.0000000000
-0.0959930420
-0.0959930420
-0.7680053711
-0.0959930420
0.0959930420
0.1920013428
0.0959930420
0.0776367188
0.7762908936
-0.3105163574
0.0776367188
-0.2328948975
-0.0776367188
0.1552581787
0.0000000000
-0.1000061035
0.0000000000
-0.1000061035
0.0000000000
0.0000000000
0.1000061035
-0.1000061035
0.0000000000
0.1847991943
0.2772064209
-0.4620056152
0.2772064209
0.2772064209
-0.4620056152
0.0924072266
0.0000000000
0.0000000000
-0.3590087891
0.0000000000
-0.1196746826
0.0000000000
0.3590087891
0.1196746826
-0.3590087891
0.1682586670
-0.1121673584
0.0560913086
0.8973846436
-0.0560913086
-0.0560913086
0.1682586670
0.1121673584
0.0000000000
0.9720916748
0.0373840332
0.0000000000
-0.0373840332
0.0000000000
0.0747833252
0.0373840332
-0.2048339844
0.1024169922
0.5120697021
-0.2048339844
-0.4096679688
-0.2048339844
-0.2048339844
0.1024169922
0.1224670410
-0.4898986816
0.0000000000
0.0000000000
-0.1224670410
-0.2449493408
0.1224670410
-0.1224670410
0.8782958984
0.0731964111
-0.0731964111
0.0000000000
0.1463775635
0.0731964111
0.0731964111
0.0731964111
0.0000000000
0.0000000000
0.0000000000
0.1064758301
-0.1064758301
-0.1064758301
-0.1064758301
0.1064758301
0.1228332520
-0.1228332520
0.1228332520
-0.1228332520
-0.1228332520
-0.2456817627
0.1228332520
-0.1228332520
0.0000000000
0.9880828857
0.0439147949
-0.0439147949
-0.0439147949
-0.0219573975
0.0000000000
-0.0439147949
0.0541687012
0.1083374023
-0.4875030518
0.6499938965
0.1625061035
-0.1083374023
0.0541687012
-0.4333343506
0.2237548828
-0.0745849609
-0.0745849609
0.0000000000
-0.8204498291
-0.2237548828
-0.1491699219
-0.0745849609
-0.0296783447
0.1187133789
-0.0593566895
-0.1483917236
-0.7123107910
-0.6232757568
0.0593566895
-0.1780700684
-0.0410461426
0.5336456299
0.2873382568
0.0000000000
-0.7388916016
0.0410461426
0.0410461426
0.1641998291
-0.1004791260
-0.2009429932
0.2009429932
-0.2009429932
-0.6028289795
0.1004791260
-0.2009429932
-0.3014221191
0.2897033691
0.2172851562
0.5069885254
-0.2897033691
-0.5069885254
0.0724334717
0.2897033691
-0.0724334717
0.0256347656
-0.0512847900
0.8973846436
0.3589477539
-0.0512847900
-0.1794738770
0.0769195557
-0.0256347656
0.0000000000
-0.1199951172
0.0000000000
0.1199951172
0.2400054932
0.1199951172
-0.1199951172
0.1199951172
-0.0762481689
0.1016540527
0.0254211426
0.0254211426
0.0508270264
0.1016540527
-0.9657745361
-0.1270751953
0.2416381836
0.0000000000
0.8054809570
0.1611022949
-0.0805511475
-0.1611022949
-0.0805511475
0.0805511475
0.0652160645
0.9564971924
-0.1521759033
0.0869598389
-0.0652160645
0.0000000000
-0.0869598389
-0.1521759033
0.0000000000
0.0000000000
0.1178436279
-0.1178436279
-0.1178436279
0.0000000000
-0.1178436279
-0.2357025146
0.0000000000
-0.2120971680
0.1060485840
0.2120971680
-0.1060485840
0.1060485840
0.5302276611
0.4241790771
0.2920532227
0.3337707520
0.5423889160
0.0417175293
0.2086029053
0.5006713867
-0.3755035400
0.1251678467
-0.1998443604
-0.2664642334
0.5995483398
-0.2664642334
-0.1998443604
-0.2664642334
-0.3997039795
-0.1998443604
0.0000000000
-0.0911560059
0.0000000000
-0.0911560059
-0.0911560059
0.0000000000
0.0000000000
0.0000000000
0.7401885986
0.2467346191
-0.1480407715
-0.4934539795
-0.0493469238
0.1480407715
0.0000000000
0.1480407715
-0.2603302002
-0.2603302002
0.5785064697
-0.4627990723
-0.2024688721
0.0000000000
0.2892456055
-0.4049530029
0.0911560059
0.0000000000
0.0000000000
-0.0911560059
0.0000000000
0.0911560059
0.0000000000
0.0000000000
0.0494079590
-0.0494079590
-0.1482238770
-0.9387054443
0.0494079590
0.0000000000
0.0000000000
-0.0988159180
-0.0491485596
0.9828948975
0.0000000000
-0.0737152100
-0.0737152100
0.0245666504
0.0000000000
-0.0245666504
-0.3299102783
0.3299102783
0.0000000000
0.3299102783
0.3299102783
-0.1099700928
0.2199401855
0.2199401855
-0.0706176758
0.0706176758
-0.8473968506
-0.2824707031
-0.0706176758
0.0000000000
0.0000000000
0.1412353516
-0.0862121582
-0.5172424316
0.2586212158
-0.0862121582
0.0000000000
0.3448333740
0.0862121582
-0.5172424316
0.1151733398
-0.0383911133
-0.1727600098
0.9597473145
0.1151733398
0.0000000000
-0.0767822266
0.0575866699
-0.1316223145
0.9778137207
-0.0187988281
-0.0940246582
0.0376129150
0.0000000000
-0.0564117432
-0.0376129150
0.3171997070
-0.6344146729
0.1585998535
0.0528717041
0.3700714111
0.0528717041
0.4757995605
0.1057281494
0.0000000000
-0.1247863770
-0.1247863770
-0.2495727539
0.0000000000
-0.2495727539
0.2495727539
-0.2495727539
0.7648468018
-0.0849761963
0.0000000000
0.1699676514
-0.2549438477
0.1699676514
-0.0849761963
-0.1699676514
0.0000000000
0.1064758301
0.0000000000
0.1064758301
-0.1064758301
0.0000000000
-0.1064758301
0.1064758301
0.2344665527
-0.1172332764
0.3517150879
-0.1172332764
-0.2344665527
-0.2344665527
0.1172332764
-0.3517150879
0.0000000000
0.9892883301
0.0449676514
-0.0449676514
-0.0224914551
0.0000000000
0.0000000000
-0.0224914551
0.2020874023
0.0000000000
-0.3368225098
0.6062774658
0.0000000000
-0.1347198486
0.1347198486
-0.5389099121
0.0000000000
0.0000000000
0.0000000000
0.1954498291
-0.7817993164
0.0000000000
0.0000000000
0.0977325439
-0.0358734131
0.2510681152
0.0000000000
-0.0717315674
-0.6097412109
-0.6814727783
0.1434631348
-0.1793365479
-0.1084899902
0.5967102051
0.1627349854
0.0000000000
-0.6509552002
0.1627349854
0.1084899902
0.2169799805
-0.1762847900
0.0000000000
0.1762847900
-0.1762847900
-0.7051239014
0.0881347656
-0.3525543213
-0.0881347656
0.1521301270
0.0000000000
0.5324401855
-0.0760650635
-0.6845703125
0.0000000000
0.0000000000
-0.1521301270
-0.0276184082
-0.1104583740
0.9389495850
0.2761688232
0.0000000000
-0.0276184082
0.0276184082
-0.0552368164
-0.1213989258
0.0000000000
0.0000000000
0.2428131104
0.4856262207
0.1213989258
0.0000000000
0.2428131104
-0.1463012695
0.1254119873
0.1045074463
-0.0209045410
0.0209045410
0.0418090820
-0.9614410400
-0.1045074463
0.0968475342
0.0968475342
0.6779632568
0.2905578613
-0.0968475342
-0.0968475342
-0.2905578613
0.0000000000
0.1079254150
0.9281921387
-0.2158660889
0.1079254150
-0.0647583008
0.0647583008
-0.0863494873
-0.1942749023
-0.0785675049
0.0000000000
0.0000000000
-0.0785675049
0.0000000000
0.0000000000
0.0000000000
0.0000000000
0.0000000000
-0.3133544922
0.0000000000
0.1044464111
-0.2089080811
0.1044464111
0.6267242432
0.2089080811
0.3553924561
0.4146270752
0.4146270752
0.0592346191
0.1184692383
0.4146270752
-0.4738616943
0.0000000000
0.1430053711
-0.2860260010
0.6435394287
-0.3575286865
-0.2145080566
-0.2145080566
-0.2145080566
-0.2145080566
0.0000000000
-0.1150360107
-0.1150360107
-0.1150360107
0.0000000000
0.0000000000
0.0000000000
-0.2300720215
0.7701263428
0.1925354004
-0.0481262207
-0.5294647217
-0.0962677002
0.0481262207
0.0000000000
0.0000000000
-0.2204437256
-0.2834320068
0.6613464355
-0.4723968506
-0.0314941406
-0.0314941406
0.0944824219
-0.4094085693
0.0000000000
0.0000000000
0.0000000000
0.0911560059
0.0911560059
0.0000000000
0.0911560059
0.0000000000
0.1252136230
0.0626068115
-0.2504119873
-0.8764495850
0.0626068115
0.1252136230
0.0000000000
0.0000000000
-0.0479583740
0.9831390381
-0.0239715576
-0.0719299316
-0.0719299316
-0.0239715576
-0.0239715576
-0.0239715576
-0.3498535156
0.3498535156
-0.1166229248
0.2332305908
0.3498535156
0.0000000000
0.1166229248
0.1166229248
-0.0785675049
0.0785675049
-0.7856750488
-0.1571350098
-0.0785675049
-0.3142700195
0.0785675049
-0.1571350098
-0.2078704834
-0.3117980957
0.1039276123
0.0000000000
-0.5196685791
0.1039276123
0.0000000000
-0.4157409668
0.0793304443
-0.0264434814
-0.0793304443
0.9783782959
0.0264434814
-0.0528869629
-0.0264434814
0.0528869629
-0.1105651855
0.9766235352
-0.0368499756
-0.1289825439
0.0368499756
0.0184326172
-0.0552825928
-0.0184326172
0.3042449951
-0.6084899902
0.0000000000
0.3042449951
0.3042449951
-0.1825408936
0.4259490967
-0.1217041016
0.0000000000
-0.2432556152
0.0000000000
-0.2432556152
0.0000000000
0.0000000000
0.1216278076
-0.1216278076
0.9506835938
0.0000000000
0.0000000000
0.0000000000
-0.1296386719
0.0000000000
0.0432128906
-0.1296386719
-0.1000061035
0.1000061035
0.1000061035
0.0000000000
-0.1000061035
0.0000000000
0.0000000000
0.0000000000
0.0000000000
-0.1242218018
0.2484588623
0.0000000000
-0.2484588623
-0.1242218018
0.1242218018
-0.3726806641
-0.0593414307
0.9889678955
0.0395660400
-0.0395660400
0.0395660400
-0.0197753906
-0.0197753906
-0.0197753906
0.4237060547
-0.1412353516
-0.2824707031
0.4237060547
-0.0706176758
-0.2118530273
0.2824707031
-0.4943237305
0.0959930420
-0.0959930420
-0.1920013428
0.0959930420
-0.7680053711
0.0000000000
-0.0959930420
0.0959930420
0.0409393311
0.4094543457
0.1228332520
0.0000000000
-0.3275604248
-0.7779693604
0.2047271729
-0.0818939209
-0.1259460449
0.5667572021
-0.1259460449
0.0629730225
-0.5037841797
0.3778381348
0.1259460449
0.3148651123
-0.1954498291
-0.1954498291
0.3908996582
-0.0977325439
-0.4886322021
-0.0977325439
-0.2931823730
0.2931823730
0.2824707031
-0.2118530273
0.4943237305
0.0706176758
-0.6355438232
0.0706176758
-0.2118530273
-0.0706176758
-0.1193847656
-0.1910095215
0.9073028564
0.2865142822
0.0955047607
0.0955047607
-0.0477600098
-0.0716247559
-0.2405242920
0.0000000000
0.1202545166
0.3607788086
0.3607788086
0.0000000000
-0.1202545166
0.2405242920
-0.1718444824
0.1527404785
0.1718444824
-0.0190887451
0.0190887451
0.0190887451
-0.9355621338
-0.1718444824
0.2068481445
0.0000000000
0.4136962891
0.4136962891
0.0000000000
-0.2068481445
-0.4136962891
0.1034240723
0.1429748535
0.8986816406
-0.2451019287
0.1225433350
-0.0408477783
0.0816955566
-0.1225433350
-0.2451019287
0.0000000000
0.1000061035
-0.1000061035
0.0000000000
0.1000061035
0.0000000000
0.0000000000
-0.1000061035
0.0000000000
0.0000000000
0.1247253418
0.1247253418
-0.2494506836
0.2494506836
0.2494506836
0.0000000000
0.4931030273
0.4226531982
0.2817687988
0.2113342285
0.2817687988
0.2817687988
-0.3522186279
0.0704498291
0.3671264648
-0.1223754883
0.4283142090
-0.4895019531
-0.3671264648
-0.2447509766
-0.3059387207
-0.1223754883
0.1245422363
0.0000000000
-0.1245422363
-0.1245422363
0.0000000000
0.0000000000
0.0000000000
-0.4981536865
0.7598266602
0.1519622803
-0.0506591797
-0.5065460205
-0.1519622803
0.0000000000
-0.1519622803
-0.1013031006
-0.2000732422
-0.3001098633
0.7336273193
-0.4001617432
0.0000000000
0.0000000000
-0.0333404541
-0.3668060303
0.0000000000
0.0000000000
0.0000000000
0.0000000000
0.0785675049
0.0000000000
0.0785675049
0.0000000000
0.1558074951
0.0519409180
-0.3115997314
-0.8828887939
-0.0519409180
0.0519409180
0.0519409180
0.0000000000
0.0232391357
0.9761810303
-0.1394500732
0.0232391357
0.0000000000
-0.0464782715
-0.0464782715
-0.0697326660
-0.3480072021
0.4640045166
-0.1159973145
0.2320098877
0.2320098877
0.0000000000
0.1159973145
0.0000000000
0.0000000000
0.1093902588
-0.4375762939
-0.3281707764
-0.1093902588
-0.3281707764
-0.1093902588
-0.3281707764
-0.2211151123
-0.1105499268
0.0000000000
0.0000000000
-0.6633300781
0.1105499268
-0.1105499268
-0.1105499268
0.0000000000
-0.0380859375
0.0380859375
0.9521484375
-0.0761718750
-0.1142578125
0.1523437500
0.0380859375
-0.0816650391
0.9799194336
-0.0489959717
-0.0979919434
0.0489959717
0.0326690674
-0.0816650391
-0.0489959717
0.2256317139
-0.6016693115
0.0000000000
0.3008422852
0.1504211426
-0.3760528564
0.3008422852
-0.2256317139
-0.1249389648
-0.3748321533
0.0000000000
-0.1249389648
-0.1249389648
0.0000000000
0.1249389648
-0.2498779297
0.9644012451
0.0000000000
0.0000000000
0.0933227539
-0.0933227539
0.0622253418
0.0933227539
-0.0933227539
0.0000000000
0.0000000000
0.1150360107
0.0000000000
0.0000000000
0.1150360107
0.2300720215
-0.1150360107
-0.1249389648
-0.1249389648
0.2498779297
0.0000000000
-0.1249389648
-0.1249389648
0.0000000000
-0.3748321533
-0.0401611328
0.9839172363
0.0401611328
-0.0602416992
0.0602416992
-0.0803222656
-0.0401611328
-0.0200805664
0.3825378418
-0.1092987061
-0.2732391357
0.7104339600
0.0546417236
-0.1092987061
0.2732391357
-0.2732391357
0.2165069580
-0.2165069580
-0.2165069580
0.0000000000
-0.6495208740
0.0000000000
0.0000000000
0.0000000000
0.1230621338
0.4922637939
0.1846008301
-0.0615386963
0.2461395264
-0.6153259277
-0.0615386963
0.3692016602
0.0000000000
0.4772186279
-0.1789550781
0.0000000000
-0.2982635498
0.6561737061
0.1193084717
0.2982635498
-0.2268981934
-0.0756378174
0.6806945801
-0.1512603760
-0.3025360107
-0.1512603760
-0.0756378174
0.3781585693
0.5071716309
-0.3381042480
0.2817535400
0.1127014160
-0.5635223389
0.0000000000
-0.3381042480
0.0000000000
-0.0951232910
-0.1426849365
0.9274749756
0.2378234863
0.0713500977
0.1189117432
-0.0475616455
-0.1189117432
-0.2500000000
-0.1250000000
0.2500000000
0.1250000000
0.1250000000
0.1250000000
-0.2500000000
0.0000000000
-0.1599273682
0.1399383545
0.1399383545
0.0000000000
0.0599822998
0.0599822998
-0.9396057129
-0.1799316406
-0.1196746826
0.0000000000
0.1196746826
0.2393341064
0.2393341064
-0.3590087891
-0.3590087891
0.1196746826
0.1385955811
0.9008789062
-0.2771911621
0.1616973877
-0.0693054199
0.0693054199
-0.1154937744
-0.1616973877
0.2456817627
0.2456817627
0.0000000000
0.0000000000
0.0000000000
0.1228332520
0.1228332520
-0.1228332520
-0.0846862793
0.5081176758
0.2540588379
0.1693725586
-0.1693725586
0.5928039551
-0.0846862793
-0.0846862793
0.4978027344
0.2765502930
0.2765502930
0.2765502930
0.3871765137
0.3318634033
-0.3871765137
0.1106262207
0.3553924561
0.0000000000
0.2961730957
-0.4146270752
-0.2961730957
-0.4738616943
-0.4146270752
-0.1184692383
0.1178436279
0.0000000000
0.0000000000
-0.2357025146
-0.1178436279
0.0000000000
0.1178436279
-0.1178436279
0.7301940918
0.0608520508
-0.1217041016
-0.3042449951
-0.4259490967
0.0608520508
0.1217041016
-0.1825408936
-0.1551818848
-0.3620758057
0.7758941650
-0.2586364746
0.0000000000
-0.0517272949
-0.2069091797
-0.2069091797
0.1113433838
0.1113433838
0.0000000000
-0.1113433838
0.1113433838
0.1113433838
0.1113433838
0.0000000000
0.0426635742
0.0426635742
-0.2133026123
-0.9385070801
-0.0426635742
-0.0426635742
0.0853118896
0.0000000000
0.0529479980
0.9529266357
-0.1852874756
0.1323547363
0.0264739990
0.0000000000
-0.0529479980
-0.1058807373
-0.2459411621
0.3689117432
-0.1229705811
0.2459411621
0.1229705811
0.0000000000
-0.2459411621
0.0000000000
0.2357025146
-0.1178436279
0.2357025146
-0.2357025146
-0.1178436279
-0.3535461426
0.0000000000
-0.3535461426
0.0000000000
-0.1250000000
-0.1250000000
0.0000000000
-0.3750000000
-0.1250000000
-0.2500000000
0.0000000000
0.0000000000
-0.1259460449
0.3148651123
0.7556762695
-0.1889190674
-0.0629730225
0.3778381348
0.0000000000
-0.1050109863
0.9800262451
-0.0525054932
-0.0875091553
0.0175018311
-0.0175018311
-0.0700073242
-0.0525054932
-0.2393646240
-0.3989410400
-0.2393646240
0.0797882080
-0.1595764160
-0.5585174561
0.3989410400
-0.0797882080
0.0000000000
-0.1234283447
-0.1234283447
-0.3703002930
0.0000000000
-0.1234283447
0.1234283447
-0.3703002930
0.9577178955
0.0000000000
0.0000000000
0.1149291992
-0.0383148193
0.0766143799
0.1149291992
-0.0383148193
0.0000000000
-0.1113433838
0.0000000000
0.0000000000
0.0000000000
0.0000000000
0.2226867676
-0.1113433838
0.1237182617
-0.1237182617
0.2474365234
0.1237182617
0.0000000000
0.0000000000
-0.1237182617
-0.2474365234
-0.0201568604
0.9877166748
-0.0201568604
0.0000000000
0.0000000000
-0.0604705811
-0.0806274414
0.0201568604
0.1843872070
-0.0368804932
-0.2950134277
0.8850402832
0.0737457275
0.0368804932
0.1475067139
-0.1475067139
0.2058258057
-0.1029205322
0.0000000000
-0.2058258057
-0.5145721436
0.2058258057
0.4116668701
-0.2058258057
0.0587158203
0.3523406982
0.2348937988
-0.2936096191
0.4697723389
-0.2936096191
-0.1761627197
0.5285034180
0.0675201416
0.2025451660
-0.1350250244
-0.0675201416
-0.0675201416
0.8101959229
0.0675201416
0.3375854492
-0.2058258057
0.1372222900
0.7547149658
0.0000000000
-0.4116668701
-0.1372222900
-0.0686035156
0.1372222900
0.8071289062
-0.2848663330
0.1424407959
0.0474853516
-0.3323516846
-0.0474853516
-0.2373962402
0.0474853516
-0.0542449951
-0.0271301270
0.9493560791
0.2169952393
0.0542449951
0.1084899902
-0.0542449951
-0.0813751221
-0.2432556152
0.0000000000
0.1216278076
-0.1216278076
0.0000000000
0.0000000000
-0.2432556152
0.0000000000
-0.0832519531
0.0624389648
0.1457061768
0.0624389648
0.0832519531
0.1040802002
-0.9574737549
-0.1248931885
-0.2211151123
0.0000000000
-0.1105499268
0.0000000000
0.5527648926
-0.1105499268
-0.2211151123
-0.3316650391
0.0537414551
0.9135284424
-0.3224182129
0.1612091064
-0.0537414551
0.0268707275
-0.0537414551
-0.0537414551
0.1113433838
0.1113433838
0.0000000000
0.1113433838
-0.1113433838
0.1113433838
0.0000000000
-0.1113433838
-0.1964111328
0.3928375244
0.3273620605
0.1964111328
-0.2618865967
0.6547241211
0.0654754639
-0.1309509277
0.4468383789
0.3475341797
0.2978973389
0.2978973389
0.3475341797
0.3475341797
-0.3971862793
0.1489410400
0.2126617432
0.1063232422
0.3189849854
-0.4784851074
-0.2126617432
-0.5316467285
-0.4253234863
-0.1063232422
0.1000061035
-0.1000061035
0.0000000000
0.0000000000
0.0000000000
-0.1000061035
0.1000061035
0.0000000000
0.5794677734
0.0643920898
-0.1287689209
-0.0643920898
-0.5794677734
0.0000000000
0.3863067627
-0.1287689209
-0.1642608643
-0.3285217285
0.6570434570
-0.1642608643
0.0000000000
-0.0821380615
-0.4106597900
0.0000000000
0.1178436279
0.2357025146
0.0000000000
-0.1178436279
0.0000000000
0.1178436279
0.1178436279
0.0000000000
-0.0346069336
0.0346069336
-0.1383972168
-0.9687957764
0.0000000000
0.0000000000
0.0000000000
-0.0346069336
0.0311889648
0.9667358398
-0.0623779297
0.1559295654
0.0311889648
0.0000000000
0.0000000000
-0.0623779297
-0.3553924561
0.3553924561
-0.1184692383
0.3553924561
0.1184692383
-0.1184692383
-0.1184692383
0.0000000000
0.2234802246
-0.3352050781
0.4469451904
-0.2234802246
0.1117401123
-0.2234802246
0.0000000000
-0.2234802246
0.2432556152
-0.2432556152
0.0000000000
0.0000000000
0.0000000000
0.0000000000
-0.1216278076
-0.1216278076
0.0000000000
-0.1972656250
0.3287658691
0.7890472412
-0.1972656250
-0.0657501221
0.1972656250
-0.0657501221
-0.0896759033
0.9863891602
-0.0538024902
-0.0358734131
0.0000000000
-0.0538024902
-0.0358734131
-0.0179290771
-0.3928375244
-0.2357025146
-0.3142700195
0.0000000000
-0.3142700195
-0.4714050293
0.3928375244
0.0785675049
0.1247863770
-0.1247863770
-0.1247863770
-0.2495727539
0.0000000000
-0.1247863770
0.1247863770
-0.3743438721
0.9517059326
-0.0475921631
-0.0475921631
0.0475921631
0.0475921631
0.0000000000
0.0951690674
-0.0475921631
0.0000000000
0.1000061035
0.0000000000
0.0000000000
0.0000000000
-0.1000061035
0.1000061035
-0.1000061035
0.0000000000
0.0000000000
0.1113433838
0.1113433838
0.1113433838
0.1113433838
-0.1113433838
-0.1113433838
0.0420379639
0.9879760742
-0.0210266113
0.0420379639
0.0000000000
0.0000000000
-0.0630645752
0.0420379639
0.1548767090
-0.0929260254
-0.3097534180
0.8982849121
0.0929260254
0.0309753418
0.0929260254
-0.1239013672
0.1605834961
-0.0802917480
0.0802917480
-0.1605834961
-0.5620422363
0.2408752441
0.5620422363
-0.1605834961
0.0000000000
0.1712341309
0.1141510010
-0.3995513916
0.5137176514
-0.2854003906
-0.2854003906
0.5137176514
0.1391906738
0.0000000000
-0.1391906738
0.0000000000
0.1391906738
0.8351135254
0.0695953369
0.2783660889
-0.2654266357
0.1769409180
0.6193237305
0.0000000000
-0.4423675537
-0.0884704590
-0.0884704590
0.1769409180
0.8852996826
-0.2795715332
0.0931854248
-0.0466003418
-0.1397857666
-0.0931854248
-0.0931854248
0.1397857666
0.0326843262
0.0000000000
0.9477539062
0.1960906982
0.0980377197
0.0980377197
-0.0653686523
-0.0653686523
-0.1228332520
0.1228332520
0.1228332520
0.0000000000
0.0000000000
0.2456817627
-0.2456817627
0.0000000000
-0.0184936523
0.0370025635
0.1295013428
0.0554962158
0.0000000000
0.0554962158
-0.9804534912
-0.0554962158
0.0000000000
0.0788116455
-0.3152313232
0.0788116455
0.4728393555
0.4728393555
-0.0788116455
-0.4728393555
0.0000000000
0.8738250732
-0.4033050537
0.1344299316
-0.1344299316
-0.0336151123
0.0000000000
0.0000000000
0.0000000000
0.1000061035
0.1000061035
0.1000061035
-0.1000061035
0.0000000000
0.0000000000
0.0000000000
-0.1698608398
0.3397216797
0.3963470459
0.1698608398
-0.2264862061
0.6794586182
0.2264862061
0.0000000000
0.3904724121
0.3904724121
0.0780944824
0.3904724121
0.3904724121
0.2342834473
-0.3123779297
0.1561889648
0.1952514648
0.0488128662
0.3417053223
-0.5857696533
-0.1464385986
-0.4881439209
-0.3905181885
-0.0976257324
0.0000000000
0.0000000000
0.0000000000
0.0911560059
0.0000000000
-0.0911560059
0.0911560059
0.0000000000
0.5237884521
0.1309509277
-0.1964111328
0.0654754639
-0.5892486572
0.1309509277
0.3928375244
0.0654754639
0.1060485840
-0.2120971680
0.4241790771
-0.2120971680
0.1060485840
-0.1060485840
-0.4241790771
0.3181304932
0.1178436279
0.1178436279
0.0000000000
0.0000000000
-0.1178436279
-0.1178436279
0.2357025146
0.0000000000
-0.1039276123
0.0346374512
-0.0346374512
-0.9699554443
-0.0346374512
-0.0346374512
-0.0692901611
0.0000000000
0.0383911133
0.9598388672
0.0000000000
0.1151733398
0.0000000000
-0.0383911133
0.1151733398
-0.0383911133
-0.1150360107
0.1150360107
-0.1150360107
0.1150360107
0.1150360107
-0.1150360107
0.0000000000
0.1150360107
0.1234283447
-0.2468566895
0.3703002930
-0.2468566895
0.1234283447
-0.1234283447
-0.1234283447
-0.1234283447
0.1242218018
-0.2484588623
0.0000000000
0.0000000000
0.1242218018
0.2484588623
-0.1242218018
-0.3726806641
0.0000000000
-0.1971435547
0.2464294434
0.8871459961
-0.1478576660
-0.0492858887
0.0985717773
0.0000000000
-0.0503540039
0.9903564453
-0.0335693359
0.0335693359
-0.0503540039
-0.0503540039
0.0000000000
0.0167846680
-0.4116668701
-0.1029205322
-0.1029205322
-0.1029205322
-0.5145721436
-0.2058258057
0.1029205322
0.3087463379
0.1199951172
-0.2400054932
0.0000000000
-0.1199951172
0.0000000000
-0.1199951172
0.1199951172
-0.1199951172
0.9222869873
-0.0576477051
-0.0576477051
0.0000000000
0.1152801514
-0.0576477051
0.0576477051
-0.1152801514
-0.1150360107
0.1150360107
0.0000000000
0.0000000000
0.0000000000
-0.1150360107
-0.2300720215
0.0000000000
0.2089080811
0.0000000000
0.2089080811
-0.3133544922
-0.3133544922
-0.2089080811
0.3133544922
-0.4178161621
0.0000000000
0.9940948486
0.0106964111
-0.0534515381
0.0000000000
0.0000000000
0.0320739746
-0.0641326904
0.0516357422
0.0258178711
-0.3872680664
0.8261871338
-0.1290893555
-0.2065429688
0.2581787109
-0.1290893555
0.1888580322
0.1416320801
-0.2832794189
-0.2360687256
-0.8026275635
0.0472106934
0.0944213867
-0.2832794189
-0.0903320312
0.3071136475
0.1445312500
-0.0722656250
-0.2529144287
-0.8852081299
0.0722656250
-0.0903320312
0.1217193604
0.4868927002
0.2028656006
0.0405731201
-0.6897583008
0.2028656006
0.0405731201
0.3651580811
-0.1277160645
-0.0638580322
0.4470214844
-0.2554473877
-0.7024688721
-0.0638580322
-0.1277160645
-0.2554473877
0.7031860352
0.0827331543
0.4550018311
-0.0413665771
-0.3722686768
-0.2481842041
0.1654510498
0.0827331543
-0.0113067627
-0.0904388428
0.9156188965
0.3843383789
0.0113067627
-0.0113067627
0.0339050293
-0.0113067627
0.1113433838
-0.1113433838
0.0000000000
0.1113433838
0.1113433838
0.1113433838
0.0000000000
0.1113433838
-0.0644989014
0.0322570801
0.0107574463
0.0429992676
-0.0322570801
0.0752563477
-0.9890747070
-0.0644989014
0.2205657959
0.1654357910
0.8822937012
0.0000000000
0.1654357910
-0.1102905273
-0.0551452637
-0.0551452637
0.0906066895
0.9578094482
-0.2200317383
0.0776672363
-0.0776672363
0.0129394531
-0.0647125244
-0.0647125244
0.0000000000
-0.1172332764
0.3517150879
0.1172332764
-0.2344665527
-0.1172332764
0.1172332764
-0.4689483643
0.0000000000
-0.1196746826
0.2393341064
0.1196746826
-0.1196746826
0.3590087891
0.3590087891
0.2393341064
0.2890777588
0.2248382568
0.5139160156
0.0321197510
0.3211975098
0.4175567627
-0.5139160156
0.1605987549
-0.2411804199
0.0000000000
0.6632537842
-0.3014831543
-0.3617706299
0.1205902100
-0.3617706299
-0.1205902100
0.0000000000
0.0000000000
-0.1178436279
-0.1178436279
0.1178436279
0.0000000000
0.1178436279
-0.2357025146
0.7819061279
0.1646118164
-0.0411529541
-0.4938354492
0.0411529541
0.2057647705
-0.0411529541
-0.1234588623
-0.2875061035
-0.2156219482
0.7187500000
-0.3593750000
-0.1437530518
0.2875061035
0.2875061035
-0.1437530518
0.2474365234
0.2474365234
0.0000000000
0.0000000000
0.1237182617
-0.1237182617
0.1237182617
-0.1237182617
0.0141601562
-0.0283355713
-0.0849914551
-0.9916381836
-0.0283355713
0.0141601562
0.0141601562
-0.0283355713
-0.0156097412
0.9831695557
-0.0624237061
0.0936279297
0.0156097412
0.0156097412
-0.0156097412
-0.1092376709
-0.1863403320
0.4658508301
0.1863403320
0.4658508301
0.1863403320
-0.2795104980
0.0000000000
0.2795104980
0.0000000000
-0.0795440674
-0.7953948975
-0.3181610107
-0.0795440674
-0.0795440674
-0.1590728760
-0.0795440674
0.0795440674
-0.3976898193
0.2386169434
-0.1590728760
-0.3181610107
0.3181610107
0.1590728760
-0.5567779541
0.0652160645
-0.0163116455
-0.1141357422
0.9783477783
0.0326080322
0.0489196777
-0.1141357422
0.0163116455
-0.1348419189
0.9824523926
0.0000000000
-0.0096282959
0.0000000000
-0.1059570312
-0.0481567383
0.0000000000
0.0881195068
-0.7636413574
0.2643432617
0.0000000000
0.2349700928
0.0587463379
0.4992980957
0.0587463379
-0.0821380615
0.7391815186
0.0000000000
-0.1642608643
-0.0821380615
-0.2463989258
0.2463989258
-0.2463989258
0.9109954834
-0.1584320068
-0.0792236328
0.2376556396
-0.1188201904
0.1188201904
0.0396118164
0.0396118164
0.0000000000
0.1178436279
0.0000000000
0.0000000000
-0.1178436279
-0.1178436279
-0.2357025146
0.1178436279
0.1762847900
0.0000000000
0.2644195557
-0.3525543213
-0.3525543213
-0.2644195557
0.1762847900
-0.5288391113
0.0000000000
0.9962158203
-0.0195312500
-0.0292968750
0.0000000000
0.0292968750
0.0292968750
-0.0390625000
0.1810455322
-0.0905303955
-0.3017578125
0.6940307617
-0.3017578125
-0.3621063232
0.3621063232
-0.0603485107
0.1679077148
0.1259307861
-0.2938537598
-0.0839538574
-0.8395690918
0.2098846436
0.1679077148
-0.1679077148
-0.1334381104
0.4002990723
0.1906127930
-0.0381164551
-0.1524963379
-0.8577880859
0.1143646240
-0.0190582275
0.1860046387
0.4340209961
-0.0619964600
0.3100128174
-0.4340209961
0.3720092773
0.1860046387
0.4340209961
-0.2222595215
-0.0555725098
0.5556640625
-0.1667022705
-0.6667938232
-0.1111297607
-0.2222595215
-0.0555725098
0.6875762939
-0.1718902588
0.4727020264
0.0429687500
-0.3008117676
-0.3008117676
0.1718902588
0.0429687500
-0.0528259277
-0.1162261963
0.9192504883
0.3592529297
0.0739593506
0.0105590820
0.0000000000
0.0211334229
0.3715667725
-0.1238555908
-0.1238555908
0.2477111816
0.1238555908
0.0000000000
0.1238555908
0.2477111816
-0.0924987793
0.0647430420
0.0832519531
0.0277557373
-0.0740051270
0.0554962158
-0.9804687500
-0.0832519531
0.2048797607
0.1365814209
0.8195037842
0.0682983398
0.2048797607
-0.0682983398
-0.1365814209
-0.2048797607
0.1005249023
0.9424438477
-0.2638854980
0.1005249023
-0.0377044678
0.0377044678
-0.0628356934
-0.1005249023
-0.1237182617
-0.1237182617
0.0000000000
0.0000000000
0.0000000000
0.0000000000
0.1237182617
-0.3711547852
0.1065826416
-0.1065826416
0.3197631836
0.0000000000
-0.2131805420
0.4263610840
0.4263610840
0.2131805420
0.2921905518
0.1947937012
0.3895874023
0.0000000000
0.3895874023
0.2921905518
-0.6330871582
0.0973968506
0.0000000000
0.0000000000
0.6698913574
-0.3349456787
-0.4465942383
0.3349456787
-0.1116485596
-0.1116485596
0.0000000000
0.0000000000
-0.3572082520
-0.2381439209
0.1190643311
0.0000000000
0.0000000000
-0.4762878418
0.7461547852
0.1570892334
0.0392761230
-0.5497894287
0.1178131104
0.1570892334
0.0392761230
-0.1570892334
-0.2227172852
-0.1670379639
0.7516784668
-0.4176025391
-0.0278472900
0.3619232178
0.1392059326
-0.0835266113
0.1199951172
0.1199951172
0.0000000000
0.0000000000
0.1199951172
-0.1199951172
0.2400054932
-0.1199951172
0.0291442871
-0.0291442871
-0.0874328613
-0.9909210205
-0.0291442871
0.0145721436
0.0291442871
0.0000000000
-0.0296936035
0.9800567627
-0.1039428711
0.0742492676
0.0000000000
-0.0148468018
-0.0296936035
-0.1187896729
-0.0916442871
0.4582519531
0.3666076660
0.3666076660
0.2749481201
-0.1833038330
-0.1833038330
0.2749481201
0.0783233643
-0.0783233643
-0.7832946777
-0.2349853516
-0.1566619873
-0.2349853516
-0.0783233643
-0.1566619873
-0.1044464111
-0.2089080811
0.2089080811
0.0000000000
-0.4178161621
0.2089080811
0.1044464111
-0.5222625732
0.0457916260
-0.0229034424
-0.0686950684
0.9846343994
-0.0457916260
0.0000000000
-0.0457916260
-0.0457916260
-0.0861663818
0.9908599854
-0.0086212158
-0.0086212158
0.0172271729
-0.0775451660
-0.0430755615
-0.0086212158
0.0332794189
-0.7652740479
0.3992767334
0.1330871582
0.1996307373
-0.0332794189
0.3992767334
0.0000000000
-0.0981750488
0.6871795654
0.0981750488
-0.1963348389
-0.1963348389
-0.0981750488
0.1963348389
-0.1963348389
0.9499206543
-0.1540374756
-0.0256805420
0.1797180176
-0.0513458252
0.1026916504
0.0770263672
0.0256805420
0.0000000000
0.1000061035
0.0000000000
0.0000000000
-0.1000061035
-0.1000061035
-0.1000061035
0.0000000000
0.0000000000
0.0977325439
0.1954498291
-0.2931823730
-0.2931823730
-0.2931823730
0.0977325439
-0.5863494873
-0.0100708008
0.9964904785
-0.0301971436
-0.0201263428
0.0100708008
0.0301971436
0.0301971436
-0.0201263428
0.2292480469
-0.1273651123
-0.2801971436
0.6113433838
-0.3311462402
-0.4075622559
0.4075622559
-0.1273651123
0.2851409912
0.0000000000
-0.3801879883
-0.1584167480
-0.7603607178
0.2534484863
0.2217712402
-0.1584167480
-0.1343688965
0.4702606201
0.2687225342
-0.0223999023
-0.0447845459
-0.8061676025
0.0447845459
0.1343688965
0.3529357910
0.3529357910
-0.4117584229
0.3529357910
-0.0588226318
0.4705810547
0.1764678955
0.2941131592
-0.3391876221
-0.1130676270
0.6783752441
-0.1695861816
-0.3957214355
-0.1130676270
-0.1695861816
0.2826538086
0.6749267578
-0.4367218018
0.3970184326
0.1191101074
-0.3176116943
-0.1191101074
-0.0397033691
0.1191101074
-0.0708465576
-0.1416778564
0.9108123779
0.3542022705
0.1113281250
0.0303649902
-0.0404815674
0.0404815674
0.2498779297
0.1249389648
0.0000000000
0.1249389648
-0.1249389648
-0.3748321533
0.1249389648
0.0000000000
-0.1228179932
0.1228179932
0.1417083740
0.0566864014
-0.0377960205
0.0944671631
-0.9541931152
-0.1511535645
0.0000000000
0.0000000000
0.6465148926
0.3232574463
0.3879089355
-0.1293029785
-0.2586059570
-0.3232574463
0.1175537109
0.9274139404
-0.2873687744
0.1175537109
-0.0130615234
0.0522460938
-0.0653076172
-0.1306152344
0.0000000000
0.1224670410
-0.1224670410
-0.1224670410
0.2449493408
0.0000000000
0.1224670410
-0.4898986816
0.1123352051
0.0000000000
0.3370056152
-0.2246704102
-0.1123352051
0.3370056152
-0.4493408203
0.1123352051
0.2736511230
0.0000000000
0.2736511230
0.1641845703
0.4378356934
0.2736511230
-0.6567535400
0.1641845703
0.1491241455
0.0994262695
0.6462249756
-0.3479614258
-0.4971008301
0.2485504150
0.0000000000
-0.1988372803
0.0000000000
0.0000000000
-0.3553924561
-0.1184692383
0.0000000000
-0.1184692383
0.2369232178
-0.4738464355
0.7671203613
0.0000000000
-0.0403747559
-0.5248718262
0.0000000000
0.2018737793
0.1211242676
-0.1614990234
-0.1385650635
-0.1732025146
0.7621154785
-0.3810577393
-0.0346374512
0.4156951904
-0.0346374512
0.1039276123
0.1243286133
0.1243286133
0.0000000000
0.0000000000
0.3729858398
0.0000000000
0.1243286133
-0.1243286133
0.0325012207
-0.0325012207
-0.0650024414
-0.9912414551
-0.0325012207
0.0162506104
0.0325012207
0.0162506104
0.0147399902
0.9729003906
-0.1326751709
0.0736999512
0.0147399902
0.0000000000
-0.0736999512
-0.1326751709
0.0000000000
0.5944366455
0.2972259521
0.2972259521
0.0990753174
-0.0990753174
-0.2972259521
0.0990753174
0.2684936523
0.0000000000
-0.4474945068
-0.4474945068
-0.1790008545
-0.4474945068
-0.0894927979
-0.0894927979
-0.1247253418
-0.1247253418
0.1247253418
-0.1247253418
-0.3741607666
0.1247253418
0.0000000000
0.0000000000
-0.0726776123
-0.0363311768
0.0000000000
0.9084320068
-0.2180175781
-0.1090087891
0.1816864014
-0.1816864014
-0.0397796631
0.9946289062
-0.0318298340
0.0079498291
0.0238647461
-0.0477447510
-0.0556945801
-0.0079498291
-0.1185455322
-0.6322479248
0.6322479248
0.1185455322
0.0790252686
-0.1975708008
0.2766113281
0.0000000000
-0.2211151123
0.2211151123
0.2211151123
-0.3316650391
-0.2211151123
-0.1105499268
0.3316650391
-0.3316650391
0.9567108154
-0.1112518311
-0.0222473145
0.1779937744
-0.0444946289
0.0889892578
0.1112518311
0.0444946289
0.0000000000
0.0000000000
0.0785675049
0.0000000000
0.0000000000
0.0785675049
0.0000000000
0.0000000000
-0.1196746826
0.0000000000
0.1196746826
0.0000000000
-0.1196746826
-0.3590087891
-0.1196746826
-0.4786834717
0.0000000000
0.9961547852
0.0109405518
-0.0437927246
-0.0109405518
0.0109405518
0.0218963623
-0.0328369141
0.2102966309
-0.0420532227
-0.2733917236
0.8201751709
-0.1682434082
-0.2313232422
0.2733917236
-0.1892700195
0.2899780273
0.0000000000
-0.3866424561
-0.2255401611
-0.6443939209
0.2577667236
0.3866424561
-0.2255401611
-0.0832977295
0.4164733887
0.3331756592
-0.0832977295
0.2221221924
-0.5830688477
-0.1943511963
0.4997711182
0.4459075928
0.2229461670
-0.3901672363
0.1114807129
0.1114807129
0.6688537598
0.1114807129
0.1114807129
-0.2259826660
-0.0451965332
0.8135223389
-0.0903930664
-0.4067535400
-0.0903930664
-0.1355895996
0.1355895996
0.8408813477
-0.3941650391
0.1576690674
0.1051177979
-0.1839447021
-0.0262756348
-0.1051177979
0.1839447021
-0.0704498291
-0.1107025146
0.9258422852
0.3320922852
0.0905761719
0.0201263428
-0.0503234863
0.0301971436
0.1105499268
0.2211151123
0.0000000000
-0.4422149658
-0.2211151123
-0.3316650391
0.1105499268
-0.3316650391
-0.1337127686
0.1234283447
0.1542816162
0.0925750732
0.0000000000
0.1439971924
-0.9360046387
-0.1851501465
-0.2332916260
0.0000000000
0.2332916260
0.2916107178
0.5832366943
0.0000000000
-0.1166534424
-0.5832366943
0.1024475098
0.9219818115
-0.3219604492
0.1317138672
-0.0292663574
0.0731811523
-0.0438995361
-0.0585327148
0.1243286133
0.1243286133
-0.1243286133
0.0000000000
0.1243286133
0.0000000000
0.0000000000
-0.3729858398
0.0818634033
0.3274383545
0.1637268066
-0.1637268066
0.0000000000
0.4093017578
-0.5730285645
-0.3274383545
0.2851867676
0.0000000000
0.1901245117
0.2376556396
0.3802490234
0.3802490234
-0.6654357910
0.1425933838
0.0000000000
0.2835998535
0.6617279053
-0.3781280518
-0.4726562500
-0.0472717285
-0.1417999268
-0.1417999268
0.1249389648
-0.1249389648
-0.1249389648
0.0000000000
0.0000000000
-0.2498626709
0.2498626709
-0.2498626709
0.7472991943
-0.0786590576
-0.1573333740
-0.3146514893
-0.2359924316
0.2359924316
0.3539886475
-0.1573333740
-0.1089782715
-0.2724304199
0.5448608398
-0.1089782715
-0.0544891357
0.4358825684
-0.2724304199
0.4903717041
0.2500000000
0.2500000000
-0.1250000000
-0.1250000000
0.2500000000
0.0000000000
0.1250000000
-0.1250000000
-0.0168457031
0.0000000000
0.0000000000
-0.9938659668
-0.0168457031
0.0336914062
0.0336914062
-0.0168457031
0.0491333008
0.9662933350
-0.0982666016
0.0818939209
0.0655059814
0.0655059814
-0.1310272217
-0.1146392822
-0.1129455566
0.5646972656
0.0000000000
0.3388214111
0.1129455566
0.0000000000
-0.2258758545
0.0000000000
0.4545898438
0.0000000000
-0.0909118652
-0.4545898438
0.0000000000
-0.4545898438
0.2727508545
0.0909118652
0.2357025146
-0.1178436279
0.1178436279
0.0000000000
0.1178436279
0.0000000000
-0.1178436279
0.0000000000
-0.4712219238
0.0523529053
0.2094421387
0.4188690186
-0.3665161133
-0.1047210693
0.3141479492
-0.4712219238
-0.0509490967
0.9935607910
-0.0169830322
0.0339660645
-0.0169830322
-0.0594482422
-0.0509490967
0.0084991455
-0.3582763672
-0.4094543457
0.6653747559
0.0511779785
-0.1023712158
-0.3070983887
0.2559051514
-0.0511779785
-0.1034240723
0.2068481445
0.0000000000
-0.4136962891
0.0000000000
-0.2068481445
0.4136962891
-0.4136962891
0.9343566895
-0.0533905029
-0.0267028809
0.2135620117
-0.1067810059
0.1067810059
0.1601715088
0.0800933838
0.0000000000
-0.1000061035
0.0000000000
-0.1000061035
0.0000000000
0.1000061035
0.0000000000
-0.1000061035
0.1249389648
-0.1249389648
0.1249389648
0.1249389648
0.1249389648
-0.2498779297
-0.2498779297
-0.2498779297
0.0118560791
0.9959869385
0.0118560791
-0.0355682373
-0.0355682373
0.0000000000
0.0118560791
-0.0237121582
0.1541900635
-0.0171356201
-0.3255157471
0.9080047607
-0.0171356201
-0.0513916016
0.1370544434
-0.1199188232
0.2903137207
-0.0362854004
-0.3628997803
-0.2903137207
-0.5806274414
0.2540283203
0.4354705811
-0.2540283203
-0.0827484131
0.3034362793
0.3034362793
-0.1655120850
0.3310241699
-0.4689483643
-0.3034362793
0.5792846680
0.4479827881
0.0000000000
-0.1119995117
-0.1119995117
0.1679992676
0.7839813232
0.0000000000
0.1679992676
-0.1873931885
0.0000000000
0.7964477539
-0.0468444824
-0.4684906006
-0.1405487061
-0.0937042236
-0.0937042236
0.8993530273
-0.2922973633
0.1349029541
0.0000000000
-0.0449676514
-0.0899353027
0.0000000000
0.2473297119
-0.0576934814
-0.0346221924
0.9461517334
0.3000030518
0.0576934814
0.0461578369
0.0000000000
0.0230712891
0.0000000000
0.3607788086
0.0000000000
-0.3607788086
-0.1202545166
-0.2405242920
-0.1202545166
-0.2405242920
-0.0659027100
0.0549316406
0.1208343506
0.0878753662
0.0000000000
0.1208343506
-0.9666748047
-0.1318206787
-0.1427612305
0.0475921631
0.0000000000
0.1903381348
0.6186065674
0.1427612305
0.1427612305
-0.6661987305
0.0496673584
0.9271697998
-0.3476867676
0.0827789307
-0.0165557861
0.0331115723
0.0000000000
0.0000000000
0.0000000000
0.1237182617
0.1237182617
0.0000000000
0.0000000000
0.0000000000
-0.1237182617
-0.3711547852
-0.0697631836
0.4185638428
0.3488006592
0.0000000000
-0.1395263672
0.6278381348
-0.2092742920
-0.2790374756
0.2609863281
0.0869903564
0.2174835205
0.3044891357
0.3044891357
0.4784851074
-0.6089782715
0.1739959717
-0.0450134277
0.2700805664
0.5401458740
-0.4501190186
-0.4951324463
-0.2250671387
-0.2250671387
-0.1350402832
0.0000000000
-0.1113433838
0.0000000000
0.0000000000
0.0000000000
0.0000000000
0.2226867676
-0.1113433838
0.7033233643
-0.0439605713
-0.1318664551
-0.0439605713
-0.4395751953
0.1318664551
0.4395751953
-0.1318664551
-0.1659393311
-0.1659393311
0.1659393311
0.1659393311
0.0000000000
0.2765502930
-0.4424896240
0.7190399170
0.1178436279
0.2357025146
-0.1178436279
-0.1178436279
0.0000000000
0.0000000000
0.1178436279
0.0000000000
-0.0630340576
0.0157623291
0.0315093994
-0.9927673340
-0.0315093994
0.0157623291
0.0000000000
0.0000000000
0.0536956787
0.9843292236
-0.0178985596
0.0357971191
0.0178985596
0.0715942383
-0.0894775391
-0.0536956787
-0.3388214111
0.4517517090
-0.1129455566
0.3388214111
0.2258758545
0.0000000000
-0.1129455566
0.0000000000
0.2958526611
-0.2958526611
-0.1972351074
-0.3944702148
0.0000000000
-0.2958526611
0.1972351074
0.3944702148
0.3729858398
0.0000000000
0.1243286133
0.0000000000
0.1243286133
0.1243286133
0.0000000000
-0.1243286133
-0.5319213867
0.0483551025
0.3385009766
0.3385009766
-0.3385009766
-0.0483551025
0.2417907715
-0.4835662842
-0.0466461182
0.9889678955
-0.0186614990
0.0839691162
-0.0653076172
-0.0559844971
-0.0279846191
0.0373229980
-0.4450836182
-0.3708953857
0.5934448242
0.0000000000
-0.2225341797
-0.1483612061
0.2225341797
0.0741729736
0.0939483643
0.0939483643
0.0000000000
-0.2818603516
0.0939483643
-0.3758239746
0.4697723389
-0.4697723389
0.9057006836
-0.0312347412
-0.0624542236
0.3123016357
-0.0624542236
0.1561584473
0.0936889648
0.0936889648
0.0000000000
-0.1000061035
0.0000000000
-0.1000061035
-0.1000061035
0.0000000000
0.0000000000
-0.1000061035
0.1000061035
0.0000000000
0.0000000000
0.1000061035
0.0000000000
0.0000000000
-0.1000061035
-0.1000061035
0.0136108398
0.9933929443
-0.0272216797
0.0136108398
-0.0408172607
0.0544281006
0.0272216797
0.0272216797
0.1289367676
-0.0644683838
-0.3223266602
0.9186248779
0.0322265625
0.0000000000
0.1128082275
-0.0966949463
0.3059539795
-0.1019897461
-0.2039642334
-0.3399505615
-0.5779113770
0.3399505615
0.4419403076
-0.2379608154
-0.1622009277
0.1946411133
0.2595214844
-0.2270812988
0.3892669678
-0.3244018555
-0.3244018555
0.6487884521
0.3854217529
-0.1651763916
0.0550537109
0.0550537109
0.3303527832
0.7708282471
0.0550537109
0.1101226807
-0.1642608643
0.0000000000
0.6570434570
-0.0821380615
-0.4927825928
-0.2463989258
0.0000000000
0.0000000000
0.8991851807
-0.1954803467
0.1368255615
-0.0586395264
0.0195465088
-0.1368255615
0.1172790527
0.2932128906
-0.0149078369
0.0149078369
0.9543609619
0.2535095215
0.0298309326
0.1192932129
0.0447387695
-0.0149078369
0.1064758301
0.1064758301
0.0000000000
0.0000000000
-0.1064758301
0.1064758301
-0.1064758301
0.0000000000
-0.0203552246
0.0203552246
0.1017761230
0.0407104492
-0.0407104492
0.0610656738
-0.9872741699
-0.0610656738
0.0000000000
-0.0772399902
-0.1931152344
0.0000000000
0.4248352051
0.5407104492
0.2317352295
-0.6179504395
-0.0215454102
0.9051361084
-0.3879089355
0.0431060791
-0.0215454102
-0.0646514893
0.0646514893
0.0646514893
0.0000000000
0.1064758301
0.1064758301
0.1064758301
0.0000000000
0.1064758301
0.0000000000
-0.1064758301
-0.1849517822
0.3699035645
0.4315490723
0.0616455078
-0.1849517822
0.6781463623
0.0616455078
-0.1233062744
0.1865844727
0.0932922363
0.1399383545
0.3731689453
0.3265228271
0.4664611816
-0.6063995361
0.1865844727
0.0979766846
0.0979766846
0.4409027100
-0.6368713379
-0.3429260254
-0.2939453125
-0.2449493408
-0.1959533691
-0.1249389648
-0.1249389648
-0.1249389648
0.1249389648
0.0000000000
-0.1249389648
0.3748016357
-0.1249389648
0.5622711182
0.0000000000
0.0511169434
0.2555847168
-0.5622711182
0.0000000000
0.4600372314
-0.0511169434
-0.0565338135
-0.0565338135
-0.1695861816
0.0565338135
0.1695861816
0.1695861816
-0.5087738037
0.7349090576
0.0000000000
0.0911560059
0.0000000000
0.0000000000
0.0000000000
0.0000000000
0.0911560059
0.0911560059
-0.0773315430
-0.0154724121
0.0464019775
-0.9897766113
-0.0618591309
0.0154724121
0.0000000000
0.0154724121
0.0348052979
0.9920806885
0.0000000000
0.0174102783
-0.0522155762
0.0348052979
0.0174102783
-0.0174102783
-0.3590087891
0.3590087891
0.0000000000
0.2393341064
0.2393341064
-0.1196746826
-0.1196746826
-0.1196746826
0.0000000000
-0.3607788086
-0.2405242920
-0.2405242920
0.0000000000
-0.1202545166
-0.1202545166
0.3607788086
0.2490844727
-0.1245422363
-0.1245422363
0.0000000000
0.1245422363
0.2490844727
-0.2490844727
-0.2490844727
-0.6117858887
0.0000000000
0.3568725586
0.4588470459
-0.2549133301
-0.0509796143
0.2039337158
-0.3058929443
-0.0100402832
0.9835510254
-0.0200653076
0.1405029297
-0.0802917480
-0.0100402832
0.0100402832
0.0501861572
-0.2892761230
-0.0964202881
0.6749725342
0.0964202881
-0.2892761230
0.0964202881
-0.0964202881
-0.0964202881
0.0000000000
0.2019042969
0.0000000000
-0.2019042969
0.2019042969
-0.4037933350
0.5047454834
-0.3028411865
0.8792266846
-0.0418701172
-0.0837402344
0.3349456787
-0.0418701172
0.2093353271
0.0418701172
0.0418701172
