0.1064758301
0.1064758301
0.0000000000
0.0000000000
-0.1064758301
-0.1064758301
0.1064758301
0.0000000000
0.0000000000
0.0000000000
0.0000000000
0.0000000000
0.0000000000
0.0000000000
-0.0588226318
0.0000000000
0.0512542725
0.8199920654
0.0512542725
0.1537475586
-0.1024932861
0.3074951172
0.2050018311
0.2562408447
-0.2225341797
-0.0741729736
0.1483612061
0.5192565918
0.1483612061
-0.0741729736
-0.5934448242
0.2967224121
-0.2889556885
0.2167205811
0.3612060547
0.0000000000
-0.5056762695
-0.5056762695
0.0722351074
0.2167205811
-0.2025299072
0.0405120850
0.0810089111
-0.0810089111
-0.7696380615
-0.4455871582
0.2430419922
-0.2025299072
0.3607940674
0.1804046631
0.4510040283
-0.3607940674
-0.2705993652
0.0901947021
0.0901947021
-0.3607940674
0.3865814209
0.2209014893
0.2761383057
-0.2209014893
-0.4418182373
0.1104583740
0.0000000000
-0.6074981689
0.4507293701
-0.1001586914
0.2504119873
-0.2003326416
0.5008087158
-0.3004913330
0.5008087158
0.1001586914
0.1009368896
0.2355346680
-0.7738800049
-0.1682281494
-0.1009368896
-0.5046997070
-0.0672912598
0.0336456299
0.2400054932
0.1199951172
-0.1199951172
0.1199951172
0.0000000000
0.0000000000
-0.1199951172
0.1199951172
-0.1346588135
-0.0336608887
-0.0673370361
0.1009979248
-0.3029937744
0.1009979248
-0.9089813232
0.0336608887
0.0000000000
0.0426940918
-0.8112792969
0.0000000000
0.0000000000
0.5123901367
-0.0426940918
-0.1280975342
0.1039276123
-0.7275390625
0.0000000000
-0.2078704834
0.0000000000
-0.1039276123
0.0000000000
-0.1039276123
0.0000000000
0.0000000000
0.0000000000
0.0911560059
0.0000000000
0.0911560059
0.0000000000
-0.0911560059
0.1076965332
0.0000000000
0.0000000000
-0.3230743408
0.1076965332
-0.1076965332
0.6461486816
-0.1076965332
-0.1172485352
0.0586242676
-0.4689788818
-0.5276031494
-0.5276031494
-0.0586242676
0.0586242676
-0.2931060791
-0.1216278076
0.0000000000
0.7297363281
-0.4864807129
0.1216278076
0.2837829590
-0.2026977539
0.1621551514
0.1178436279
0.0000000000
-0.1178436279
0.1178436279
0.0000000000
-0.2357025146
0.0000000000
0.1178436279
-0.3781585693
-0.3025360107
0.3781585693
-0.5294342041
0.0756378174
-0.3025360107
0.0000000000
0.2268981934
-0.0982055664
-0.0982055664
0.7855987549
-0.2946014404
0.0000000000
0.0327301025
0.3928070068
-0.2946014404
-0.0911560059
0.0000000000
0.0911560059
0.0000000000
0.0000000000
0.0000000000
0.0911560059
0.0000000000
-0.0735778809
-0.0735778809
0.5886535645
-0.5886535645
-0.0735778809
0.0000000000
-0.2943267822
0.1471710205
0.1939544678
0.8404693604
0.1293029785
0.2586059570
0.0000000000
0.1293029785
0.0000000000
-0.1293029785
-0.3370056152
0.3370056152
0.0000000000
0.3370056152
0.1123352051
0.0000000000
0.2246704102
0.3370056152
0.0659027100
0.0659027100
-0.4612731934
-0.2635803223
-0.0659027100
0.3294830322
-0.1317901611
0.6589508057
0.0682983398
0.3414611816
0.1365814209
-0.0682983398
0.7512207031
0.3414611816
0.0000000000
0.1365814209
0.0275878906
0.1655120850
-0.3861846924
0.8275451660
0.2758483887
0.0827484131
-0.1655120850
0.0551757812
0.3711090088
0.7952270508
-0.0530090332
0.0530090332
-0.1590423584
0.3180847168
-0.0530090332
-0.0530090332
0.4370574951
-0.3277893066
-0.3004760742
0.1912078857
0.4916839600
0.1912078857
0.3551025391
-0.3824157715
0.1249389648
0.2498626709
0.0000000000
0.2498626709
0.0000000000
0.1249389648
0.1249389648
-0.2498626709
-0.3957214355
-0.1130676270
-0.0565338135
-0.2826538086
-0.5087738037
-0.1130676270
0.2261199951
-0.5653076172
0.0000000000
0.0000000000
0.0000000000
0.0000000000
0.0000000000
-0.1064758301
0.2129516602
0.0000000000
0.0000000000
0.0000000000
-0.1064758301
0.1064758301
0.1064758301
0.0000000000
-0.1064758301
0.1064758301
0.1667480469
0.7920227051
0.0416870117
0.1667480469
-0.0833740234
0.4168548584
0.1250610352
0.2501220703
-0.1176452637
-0.0588226318
0.0000000000
0.1764678955
0.2352905273
0.0588226318
-0.5294189453
0.7058868408
-0.4353942871
0.1741638184
0.3047790527
0.1741638184
-0.0435333252
-0.6095428467
-0.2612304688
0.3918609619
-0.0728607178
0.1092987061
0.0000000000
-0.1092987061
-0.5465087891
-0.7286682129
0.2550354004
-0.1821746826
0.2110137939
-0.1055145264
0.2110137939
-0.3165283203
-0.4220428467
0.3165283203
0.1055145264
-0.3165283203
0.3863067627
0.1931610107
0.0643920898
-0.1931610107
-0.5150756836
0.1287689209
-0.1287689209
-0.5794677734
0.1082153320
-0.1623229980
0.2976074219
-0.2976074219
0.4328765869
-0.3246612549
0.6493225098
0.2164459229
-0.0348358154
0.2438049316
-0.6965942383
-0.1741485596
0.0000000000
-0.5572814941
-0.2089843750
0.1741485596
0.0000000000
-0.2456817627
-0.2456817627
0.1228332520
0.1228332520
0.0000000000
0.0000000000
0.1228332520
0.0000000000
-0.1630554199
-0.0652160645
0.0000000000
-0.3587341309
0.0652160645
-0.8805084229
0.1630554199
-0.1424560547
0.0712280273
-0.8191680908
-0.2136993408
-0.1068420410
0.4273834229
0.1068420410
-0.1068420410
0.0000000000
-0.8950042725
0.1579437256
-0.1053009033
0.0000000000
-0.2105865479
0.0526428223
-0.1579437256
0.0000000000
-0.0911560059
0.0000000000
0.0000000000
-0.0911560059
0.0000000000
-0.0911560059
0.0000000000
0.0000000000
0.0835266113
-0.1670379639
-0.4176177979
0.2505645752
-0.4176177979
0.5011291504
-0.2505645752
0.1296386719
0.7778320312
-0.1728515625
0.0432128906
-0.4321289062
0.2592773438
-0.1728515625
0.0432128906
0.3062896729
-0.1020965576
0.6636352539
-0.4594421387
0.1531524658
0.0000000000
-0.3062896729
0.2041931152
0.1199951172
-0.1199951172
-0.1199951172
0.2400054932
0.0000000000
-0.1199951172
0.0000000000
0.1199951172
-0.3630828857
-0.1452331543
0.5083160400
-0.2904663086
0.0726165771
-0.3630828857
-0.4356994629
0.0000000000
-0.1396636963
-0.1047363281
0.7681274414
-0.3142242432
0.0698242188
0.1047363281
0.2793121338
-0.3840637207
0.0000000000
0.0000000000
0.0000000000
0.0000000000
0.0000000000
0.0000000000
0.0000000000
0.0588226318
0.0000000000
-0.1576080322
0.5516510010
-0.6304626465
0.1576080322
0.0788116455
-0.1576080322
-0.0788116455
-0.0720520020
0.8646545410
0.1441040039
0.2161560059
0.0000000000
0.0000000000
0.0720520020
0.0000000000
-0.3165283203
0.2110137939
-0.1055145264
0.4220428467
0.3165283203
0.2110137939
0.3165283203
0.1055145264
-0.0688781738
-0.2754821777
-0.5854034424
-0.1721801758
-0.1377410889
0.2754821777
-0.1721801758
0.6198425293
0.0716857910
0.4301147461
0.2150573730
0.0000000000
0.6451873779
0.2150573730
0.2150573730
0.2867431641
-0.0718383789
0.0718383789
-0.1915588379
0.9577789307
0.0957794189
0.0718383789
-0.0478820801
-0.0239410400
0.5109863281
0.2919921875
-0.0729980469
-0.0729980469
-0.0729980469
0.6569824219
-0.1459960938
-0.0729980469
0.3420867920
-0.4736480713
-0.2894592285
0.1578826904
0.6052246094
0.0000000000
0.2105102539
-0.3420867920
0.2449493408
0.2449493408
-0.1224670410
0.3674163818
-0.1224670410
0.2449493408
0.1224670410
0.0000000000
0.3039245605
-0.2026214600
-0.0506591797
-0.3545837402
-0.5572052002
-0.2532806396
0.1519622803
-0.5065460205
0.1064758301
0.0000000000
0.0000000000
0.0000000000
0.0000000000
0.0000000000
0.2129516602
0.0000000000
0.1000061035
0.0000000000
-0.1000061035
0.0000000000
-0.1000061035
0.0000000000
0.0000000000
-0.1000061035
0.4705810547
0.5751647949
0.0522918701
0.0522918701
0.0000000000
0.5228729248
0.1045684814
0.2614440918
-0.1118469238
0.0000000000
-0.0745697021
-0.2609863281
0.2237091064
0.4101257324
-0.4474029541
0.6711120605
-0.1813201904
0.0362701416
0.2901306152
0.0000000000
-0.3989257812
-0.4351806641
-0.6527709961
0.2538604736
-0.0656433105
0.0656433105
-0.0656433105
-0.0656433105
-0.3282165527
-0.8533630371
0.3282165527
-0.0656433105
0.1595001221
0.0000000000
0.4253234863
0.0531616211
-0.7443084717
0.3721466064
0.0531616211
0.0531616211
-0.0955810547
0.2867431641
0.4779052734
-0.3823242188
-0.2867431641
-0.1911621094
-0.2867431641
0.0955810547
-0.0726470947
-0.1937408447
0.3148193359
-0.3632507324
0.3632507324
-0.3874664307
0.6054229736
0.2421722412
-0.0291748047
0.2917022705
-0.7000885010
-0.2333679199
-0.0291748047
-0.4667205811
-0.2625274658
0.2333679199
0.1039276123
-0.5196685791
0.1039276123
0.1039276123
-0.3117980957
0.3117980957
-0.3117980957
0.1039276123
0.1459197998
-0.4377746582
0.0486450195
-0.0486450195
-0.2918548584
-0.0486450195
-0.7296142578
0.2918548584
-0.2055969238
0.1233520508
-0.7401275635
-0.4111785889
-0.2055969238
0.2467041016
0.2467041016
-0.0822296143
0.1709594727
-0.6268463135
0.2849273682
-0.1139678955
0.1709594727
-0.3989105225
0.1709594727
-0.3989105225
0.1178436279
0.0000000000
-0.1178436279
0.0000000000
-0.1178436279
0.1178436279
0.2357025146
0.0000000000
0.0838165283
0.5028533936
-0.3352355957
-0.1676177979
0.4190521240
-0.3352355957
0.0838165283
0.2514343262
0.2184600830
0.4369049072
0.0364074707
0.3276824951
-0.2548675537
0.6917724609
-0.1820526123
0.1820526123
0.5485382080
-0.1371307373
0.3199768066
-0.3199768066
0.0457153320
-0.5028228760
-0.3656921387
0.1371307373
0.0000000000
0.2199401855
-0.3299102783
0.1099700928
-0.2199401855
0.1099700928
-0.1099700928
0.5498504639
0.0555725098
-0.0555725098
0.3333892822
0.1667022705
-0.2222595215
-0.2222595215
-0.7779235840
-0.2222595215
-0.1414794922
-0.0707397461
0.8488769531
-0.2475891113
0.0000000000
0.1061096191
0.2475891113
-0.2829589844
0.0000000000
0.0000000000
0.2494506836
0.2494506836
0.1247253418
0.0000000000
0.2494506836
-0.1247253418
0.1703338623
-0.1703338623
0.1277465820
-0.8942260742
0.1703338623
-0.0851593018
-0.1703338623
-0.0425872803
-0.1945648193
-0.5837097168
-0.0972900391
0.3891448975
0.0000000000
-0.1945648193
0.2918548584
0.0000000000
-0.3221893311
0.3221893311
-0.3221893311
0.4027404785
0.4832916260
0.0805511475
0.2416381836
0.0805511475
0.0000000000
-0.2874603271
-0.6068420410
-0.2874603271
-0.1277618408
0.2235717773
-0.1916351318
0.5749053955
-0.0569000244
0.2275848389
0.2844696045
0.2275848389
0.6827392578
0.0000000000
0.3982696533
0.2844696045
0.0378875732
-0.0378875732
-0.0757751465
0.9849853516
-0.0757751465
-0.0189361572
0.0189361572
0.0568237305
0.4525146484
-0.1508331299
-0.3016815186
-0.0754241943
-0.0754241943
0.6033630371
-0.3016815186
-0.1508331299
0.2069854736
-0.6209411621
-0.2414703369
0.1379852295
0.5864410400
-0.2069854736
0.1034851074
-0.2414703369
0.4053344727
0.6485290527
-0.1621246338
0.0000000000
-0.0810699463
0.3242645264
-0.1621246338
0.1621246338
0.9421081543
-0.0807495117
0.0538330078
-0.0269165039
-0.2153320312
0.0807495117
0.0000000000
-0.1614990234
0.1178436279
0.1178436279
0.0000000000
0.0000000000
0.1178436279
0.2357025146
0.0000000000
-0.1178436279
0.1093902588
-0.6563568115
-0.1093902588
0.1093902588
-0.1093902588
0.1093902588
-0.2187805176
-0.1093902588
0.3891296387
0.8171691895
-0.0778198242
-0.1945648193
-0.1167449951
0.2334747314
-0.0778198242
0.1167449951
-0.2552185059
0.0255279541
0.0255279541
-0.3062744141
-0.0510406494
0.5614929199
-0.3062744141
0.6380615234
0.0997161865
-0.0747833252
0.2742156982
-0.0249328613
-0.5234985352
-0.2991485596
-0.7229309082
0.0498504639
-0.2392883301
0.0000000000
-0.1914215088
0.0000000000
-0.5264282227
-0.7178497314
0.1914215088
0.0478515625
-0.1407775879
0.2111663818
0.2463684082
0.2463684082
-0.8446655273
0.2111663818
0.1055908203
0.0703887939
-0.2113342285
0.1408843994
0.7748718262
0.0704498291
-0.1408843994
-0.1408843994
-0.2113342285
0.2817687988
0.2083435059
-0.1736297607
0.2430725098
-0.3819732666
0.2778015137
-0.4861450195
0.5208740234
0.3125152588
0.0000000000
0.4807739258
-0.4326934814
-0.1442260742
-0.1923065186
-0.3365325928
-0.3846130371
0.4326934814
0.1736755371
-0.4341888428
0.0868377686
0.0000000000
-0.4341888428
0.4341888428
-0.2605133057
0.2605133057
0.3154907227
-0.6309814453
-0.0630950928
0.0630950928
0.0000000000
0.1892852783
0.0630950928
0.5678710938
-0.2779083252
0.1191101074
-0.5955200195
-0.5161285400
-0.2779083252
0.2382049561
0.2779083252
0.1588134766
0.0386810303
0.8509521484
-0.1547241211
0.0386810303
0.2320709229
-0.3481140137
0.1547241211
-0.0386810303
0.2498626709
-0.1249389648
-0.1249389648
0.0000000000
-0.1249389648
0.0000000000
0.2498626709
-0.2498626709
0.1681976318
0.2522888184
-0.3363952637
0.0840911865
0.3363952637
0.0000000000
0.5045928955
0.4204864502
0.1230621338
0.3692016602
0.0000000000
0.3076629639
-0.3692016602
0.6768646240
0.0000000000
0.1846008301
0.4207305908
-0.1577758789
0.2366638184
-0.1051788330
0.0788879395
-0.7888793945
-0.2629547119
-0.1051788330
-0.1202545166
0.0000000000
0.1202545166
0.1202545166
-0.2405242920
-0.1202545166
-0.2405242920
0.4810485840
0.5145111084
0.1187286377
0.1583099365
0.1583099365
-0.5145111084
-0.1187286377
-0.5145111084
-0.2770385742
-0.0359344482
0.1796875000
0.9343414307
-0.0359344482
0.0718688965
-0.0359344482
0.1796875000
-0.1078033447
0.0000000000
-0.1249389648
0.1249389648
0.0000000000
0.1249389648
-0.1249389648
0.3748321533
-0.2498779297
0.1832275391
-0.2290344238
0.0916137695
-0.7787170410
-0.0916137695
-0.1374206543
-0.4122619629
0.1832275391
-0.1091613770
-0.9096221924
0.0727691650
-0.0727691650
-0.2183074951
-0.0727691650
0.1455383301
0.1819305420
-0.4780426025
0.2731628418
-0.4780426025
0.4097595215
0.2048797607
-0.2048797607
0.1365814209
0.2048797607
0.1254882812
-0.3346557617
-0.6274719238
-0.2509918213
-0.1673278809
0.2509918213
-0.1254882812
0.5019683838
-0.1101226807
-0.1651763916
0.2752990723
0.1101226807
0.7708282471
-0.0550537109
0.3854217529
0.1651763916
0.0000000000
-0.0378112793
-0.0756225586
0.9830474854
-0.0567169189
-0.0756225586
0.0189056396
0.0756225586
0.1920013428
-0.2879943848
-0.5760040283
0.0959930420
-0.2879943848
-0.1920013428
0.0959930420
-0.2879943848
0.0000000000
-0.5799255371
-0.1581573486
0.3163299561
0.2635955811
-0.3163299561
0.3163299561
-0.4217681885
0.2393646240
0.6383056641
-0.0797882080
-0.3191528320
0.1595764160
0.2393646240
-0.1595764160
0.3191528320
0.9575195312
-0.0660400391
0.0330200195
0.0660400391
0.0330200195
0.0990600586
-0.1320648193
0.0990600586
0.1237182617
0.2474365234
0.0000000000
-0.1237182617
-0.1237182617
0.0000000000
0.2474365234
-0.1237182617
0.2048797607
-0.7512207031
0.0000000000
0.0682983398
0.0682983398
0.4097595215
-0.2048797607
-0.1365814209
0.1631774902
0.8625335693
-0.2564239502
-0.0233154297
-0.1631774902
0.1631774902
-0.2564239502
0.1631774902
-0.2421722412
0.2152557373
-0.0807189941
0.0000000000
-0.0807189941
0.6457824707
-0.3497924805
0.5650634766
0.1285095215
-0.1070861816
0.1070861816
0.0428314209
-0.4283447266
-0.4069213867
-0.7710113525
0.0214233398
-0.1203765869
-0.1805572510
-0.1805572510
0.0000000000
-0.7222442627
-0.4814910889
-0.1805572510
0.1203765869
-0.1978912354
0.2638549805
0.1319274902
0.0989379883
-0.8575286865
0.2968292236
0.0659637451
0.0329742432
-0.2919921875
0.0729980469
0.5839843750
0.2919921875
-0.3649902344
0.0000000000
-0.2919921875
0.2919921875
0.6859741211
0.0000000000
0.1920776367
-0.2743835449
0.2195129395
-0.3567047119
0.4115905762
0.2195129395
-0.1712341309
0.5137176514
0.3424682617
0.2854003906
-0.4566345215
-0.0570831299
0.1712341309
0.3995513916
0.4205932617
-0.5607910156
0.0700988770
0.1401977539
-0.4205932617
0.2803955078
-0.1401977539
0.2102966309
0.3447875977
-0.3830871582
-0.1915435791
0.1149291992
0.3447875977
0.2298583984
0.4214019775
0.5363311768
-0.1581573486
0.1054382324
-0.5272064209
-0.5799255371
-0.3163299561
0.2108764648
0.2635955811
0.2108764648
-0.0790252686
0.9482879639
-0.1975555420
0.0395050049
0.0987854004
-0.1185302734
0.0592651367
0.1185302734
0.1178436279
-0.1178436279
-0.1178436279
-0.1178436279
0.0000000000
0.2357025146
0.0000000000
0.0000000000
0.0643920898
0.1287689209
-0.3219299316
0.0000000000
0.1287689209
-0.1287689209
0.8370056152
0.0643920898
0.1978607178
0.5441284180
0.4451904297
0.2473297119
-0.0989379883
0.4946594238
-0.2473297119
-0.0989379883
0.3126220703
-0.0833740234
0.2917785645
-0.1667327881
0.0833740234
-0.8336791992
-0.2501068115
-0.0625305176
-0.1247863770
-0.1247863770
0.2495727539
0.3743438721
-0.1247863770
0.0000000000
0.1247863770
0.1247863770
0.6152191162
0.2050781250
0.2050781250
-0.0410156250
-0.4921722412
-0.2050781250
-0.3691253662
-0.2460937500
-0.0536193848
0.2413024902
0.9383697510
0.0000000000
0.0000000000
-0.0536193848
0.1608581543
-0.0804290771
-0.1129455566
-0.4517517090
0.0000000000
0.1129455566
-0.1129455566
-0.1129455566
0.4517517090
-0.2258758545
0.1230621338
-0.1230621338
0.1846008301
-0.3692016602
-0.1846008301
-0.2461395264
-0.7384033203
0.1846008301
-0.2321319580
-0.5637664795
0.4974365234
-0.3979492188
-0.2321319580
0.0000000000
0.0000000000
0.3647918701
-0.5569610596
0.1237640381
-0.4331817627
0.3713073730
-0.0618896484
-0.2475280762
0.2475280762
0.3094177246
0.0366210938
-0.4029083252
-0.5860595703
-0.2930297852
-0.1831359863
0.3662872314
-0.1831359863
0.4029083252
-0.1457519531
-0.3886718750
0.2915039062
0.0000000000
0.7773437500
-0.0485839844
0.2429199219
0.0000000000
0.0311889648
-0.0155944824
-0.0779876709
0.9826965332
-0.0155944824
-0.0779876709
0.0311889648
0.1091918945
-0.0923004150
0.1845855713
-0.4614715576
0.0461425781
-0.5076141357
-0.5999145508
0.2307281494
-0.0461425781
0.0000000000
-0.8283996582
0.2209014893
0.0552215576
0.0000000000
0.0552215576
0.3313598633
-0.2209014893
0.2540588379
0.1693725586
-0.0846862793
-0.6774902344
0.0846862793
0.0000000000
-0.0846862793
0.4234313965
0.9511413574
-0.0920410156
0.0613708496
0.0920410156
0.0613708496
0.0920410156
-0.1534118652
0.0920410156
0.0000000000
0.0000000000
-0.1249389648
-0.1249389648
-0.2498779297
-0.1249389648
0.3748321533
0.1249389648
0.1981048584
-0.7924194336
0.0495300293
0.0000000000
-0.0990600586
0.4457397461
0.0495300293
-0.1981048584
0.0703430176
0.8264617920
-0.3516845703
0.1406707764
-0.1758422852
0.1758422852
-0.2285919189
0.2110137939
0.0575408936
0.2301483154
-0.5466156006
0.4890747070
0.1438446045
0.5466156006
-0.1726074219
0.1726074219
0.1139526367
-0.0854644775
-0.1424407959
0.0854644775
-0.2848815918
-0.3988342285
-0.8261413574
0.0569763184
0.2257690430
-0.3950958252
-0.2822113037
0.0000000000
-0.5644073486
0.0564422607
-0.5079650879
0.1693267822
-0.1313629150
0.4925842285
0.2627105713
-0.2627105713
-0.6567840576
0.3612365723
-0.0656738281
-0.0328369141
-0.3486328125
-0.1743164062
0.2614746094
0.4357910156
-0.4357910156
0.0871582031
-0.3486328125
-0.0871582031
0.9064788818
0.0411987305
0.1236114502
-0.1648101807
0.1854095459
-0.0205993652
0.2266235352
0.1854095459
-0.2783508301
0.3578796387
0.5964660645
0.0000000000
-0.3181152344
0.2385864258
0.4771728516
0.0397644043
0.0530090332
-0.6361846924
0.3180847168
0.3711090088
0.1060333252
0.4241180420
-0.2120666504
0.1590423584
0.3274078369
0.2728424072
-0.1091308594
0.0545654297
0.6002349854
0.2182617188
0.0000000000
0.5456695557
0.0797882080
0.3191528320
-0.3191528320
-0.3989410400
-0.3989410400
0.0000000000
0.1595764160
0.4787292480
-0.1565551758
0.9393005371
-0.2087249756
0.0173950195
-0.0173950195
-0.1217651367
0.0000000000
0.1565551758
0.0000000000
-0.1249389648
0.0000000000
-0.2498626709
0.1249389648
0.1249389648
-0.2498626709
0.2498626709
-0.0412292480
0.0412292480
-0.0824432373
0.2473449707
-0.2061157227
0.0412292480
0.9069061279
-0.0824432373
0.0729217529
0.4739532471
0.6926879883
0.0364532471
-0.0729217529
0.2187500000
-0.2916564941
-0.3281250000
0.2970123291
-0.0185699463
0.2598724365
-0.2970123291
0.0000000000
-0.8538970947
-0.1113739014
-0.0556945801
0.1055145264
-0.3165283203
0.5275421143
0.2110137939
0.0000000000
0.1055145264
0.2110137939
-0.3165283203
0.7467193604
0.0746765137
0.0373382568
-0.2240142822
-0.4853668213
-0.1866760254
-0.2613525391
0.0373382568
0.0250854492
0.2006835938
0.9281463623
0.0752563477
-0.1254272461
0.0501708984
0.2257690430
0.0501708984
0.0000000000
-0.3424682617
-0.2283172607
0.1141510010
-0.4566192627
0.2283172607
0.2283172607
0.0000000000
-0.0643920898
0.2575378418
0.2575378418
0.2575378418
-0.1287689209
-0.3219299316
-0.7082366943
0.1931610107
-0.3812255859
0.1524963379
0.6353759766
-0.4828796387
-0.1524963379
0.0508270264
-0.0508270264
0.3812255859
-0.3344268799
0.1672058105
-0.1672058105
0.4459075928
-0.1672058105
-0.3901672363
0.3901672363
0.4459075928
-0.0354156494
-0.4249725342
-0.6020507812
-0.0354156494
-0.0708312988
0.4603881836
-0.2124786377
0.3895568848
-0.2786712646
-0.4644470215
0.3715515137
-0.0464477539
0.6966552734
0.0000000000
0.0464477539
-0.0928955078
0.0118865967
0.0594329834
-0.0832061768
0.9865570068
-0.0118865967
-0.0475463867
-0.0118865967
0.0950927734
-0.1351165771
0.3378143311
-0.2026824951
0.0675659180
-0.5404968262
-0.6756134033
0.1351165771
0.1351165771
-0.0417633057
-0.5846099854
0.1670379639
-0.2087860107
-0.4593353271
0.5428619385
-0.0835113525
0.1252746582
0.3000030518
-0.3999938965
0.0000000000
-0.3999938965
0.1000061035
-0.3000030518
0.1999969482
0.3000030518
0.9630279541
-0.1167297363
0.0875549316
0.0000000000
0.0291900635
0.0291900635
-0.1459197998
0.0291900635
0.0000000000
0.1000061035
0.0000000000
0.0000000000
-0.1000061035
-0.1000061035
0.1000061035
0.0000000000
-0.0911560059
0.0000000000
0.0911560059
0.0000000000
0.0000000000
-0.0911560059
0.0000000000
0.0000000000
-0.3424682617
0.1141510010
-0.1141510010
0.3424682617
-0.3424682617
0.2283172607
-0.1141510010
0.2283172607
-0.0645141602
-0.0645141602
0.2580718994
0.0000000000
0.1935577393
0.0000000000
-0.7742156982
0.3871002197
-0.2943267822
0.2207489014
0.4414978027
0.2207489014
-0.1471710205
-0.5886535645
-0.1471710205
0.2207489014
-0.0881652832
0.0881652832
0.0881652832
-0.1322631836
-0.7935333252
-0.3526763916
0.1322631836
-0.3526763916
0.2195739746
0.2195739746
0.4391479492
-0.3659515381
-0.5123443604
0.2927703857
0.0000000000
-0.2195739746
0.3681030273
0.2760772705
0.1840515137
-0.1840515137
-0.4601287842
0.0000000000
0.0000000000
-0.4601287842
0.2832794189
-0.0472106934
0.3777008057
-0.3304901123
0.2832794189
-0.2832794189
0.6137695312
0.2360687256
0.0648498535
0.2593841553
-0.7132873535
-0.1621093750
-0.2269592285
-0.5511779785
0.0000000000
0.0648498535
0.1113433838
0.1113433838
-0.1113433838
0.1113433838
0.0000000000
0.0000000000
-0.1113433838
0.1113433838
0.0480804443
-0.3365325928
-0.3846130371
-0.0480804443
-0.3365325928
0.0961608887
-0.6730804443
0.2884674072
0.0000000000
-0.1205902100
-0.7235565186
0.0603027344
-0.1205902100
0.4823608398
-0.2411804199
-0.1808929443
0.0000000000
-0.2131805420
-0.1065826416
-0.4263610840
-0.4263610840
-0.2131805420
-0.3197631836
-0.1065826416
0.0000000000
0.0000000000
0.0000000000
0.0000000000
0.0000000000
0.0000000000
0.0000000000
-0.0588226318
0.1129455566
0.1129455566
-0.2258758545
-0.2258758545
0.2258758545
-0.4517517090
0.3388214111
0.1129455566
0.0000000000
0.4048461914
-0.2891693115
-0.3470153809
-0.5205230713
0.0578308105
-0.4048461914
-0.2891693115
0.0000000000
-0.1869964600
0.7012023926
-0.4207305908
0.2337341309
0.3272247314
-0.2337341309
0.0934906006
0.0000000000
-0.1178436279
-0.1178436279
0.1178436279
0.0000000000
-0.2357025146
0.0000000000
0.1178436279
0.2559661865
-0.1919708252
0.1919708252
-0.7678833008
-0.1919708252
-0.1279754639
-0.1279754639
0.2559661865
-0.1994171143
-0.0997009277
0.6647186279
-0.3656005859
-0.1329498291
0.0332336426
0.4320678711
-0.3656005859
-0.1000061035
-0.1000061035
0.0000000000
0.1000061035
0.0000000000
0.0000000000
0.0000000000
0.1000061035
-0.1928405762
0.1928405762
0.4821166992
0.4821166992
0.0000000000
0.2892761230
-0.1928405762
-0.0964202881
0.1682586670
0.8412933350
0.2243499756
0.0560913086
0.2804260254
0.1121673584
-0.0560913086
-0.1121673584
-0.2490844727
0.2490844727
0.0000000000
0.2490844727
0.1245422363
0.1245422363
0.2490844727
0.1245422363
-0.0559082031
-0.1118164062
-0.7268371582
-0.1118164062
0.0000000000
0.1677398682
0.0000000000
0.5591125488
0.0000000000
0.0000000000
0.1172332764
-0.1172332764
0.5861816406
0.2344665527
0.1172332764
-0.1172332764
0.0542144775
0.1084136963
-0.3252563477
0.8673400879
0.2168426514
0.0542144775
-0.2168426514
0.0813140869
0.4057312012
0.5071563721
-0.1014251709
-0.2028656006
-0.1014251709
0.3042907715
-0.2028656006
-0.1014251709
0.3863372803
-0.5243072510
-0.2759552002
0.1103820801
0.5519104004
0.0000000000
0.3311462402
-0.2207641602
0.0000000000
0.5800018311
0.0000000000
0.2320098877
0.0000000000
0.2320098877
0.1159973145
-0.1159973145
-0.0835266113
0.1670379639
0.0000000000
-0.2505645752
-0.5011291504
-0.0835266113
0.2505645752
-0.5846557617
0.1243286133
0.0000000000
0.0000000000
0.1243286133
0.0000000000
-0.1243286133
0.3729858398
0.1243286133
-0.1150360107
0.0000000000
0.0000000000
0.0000000000
0.1150360107
-0.2300720215
-0.1150360107
0.0000000000
0.1082458496
-0.2165069580
-0.2165069580
0.3247528076
-0.2165069580
0.5412597656
0.0000000000
0.1082458496
-0.0894775391
-0.0447387695
0.1789703369
-0.2684478760
0.1342315674
0.1342315674
-0.6263885498
0.6263885498
-0.3527832031
0.1511993408
0.4031829834
0.1511993408
0.0503997803
-0.6047668457
-0.3527832031
0.3023834229
0.0839538574
0.1679077148
0.0000000000
-0.1259307861
-0.4617614746
-0.7556152344
0.2098846436
-0.2518768311
0.0699310303
-0.0699310303
0.2797088623
-0.2797088623
-0.6992950439
0.4195709229
0.0699310303
0.0000000000
0.0000000000
0.1190643311
0.1190643311
-0.3572082520
-0.4762878418
-0.1190643311
-0.1190643311
-0.1190643311
-0.0531768799
-0.1329650879
0.3722839355
-0.3191070557
0.2659149170
-0.4254608154
0.6381988525
0.2393188477
-0.0312194824
0.2497253418
-0.7491760254
-0.1872863770
-0.0936431885
-0.4994506836
-0.1248626709
0.1872863770
0.0000000000
-0.3748321533
-0.1249389648
0.1249389648
-0.1249389648
0.0000000000
-0.1249389648
0.2498779297
0.0468444824
-0.4684906006
-0.3279418945
-0.0937042236
-0.2810974121
0.0468444824
-0.6558990479
0.2810974121
-0.0522918701
0.0000000000
-0.8365936279
-0.2614440918
-0.1568603516
0.2614440918
-0.0522918701
-0.2091522217
0.1338195801
-0.8029479980
0.1338195801
-0.2676544189
-0.2007446289
-0.1338195801
0.0000000000
-0.2007446289
0.1064758301
0.0000000000
0.0000000000
0.0000000000
-0.1064758301
0.1064758301
0.1064758301
-0.1064758301
-0.0939483643
0.2818603516
-0.2818603516
-0.0939483643
0.2818603516
-0.5637359619
0.1879119873
0.2818603516
0.1771850586
0.6378631592
0.0354309082
0.2126159668
-0.3189239502
0.4252319336
-0.4252319336
0.1063079834
0.3115997314
-0.3115997314
0.6751403809
-0.3115997314
0.2596740723
0.0000000000
-0.3115997314
0.0000000000
-0.1245422363
0.0000000000
-0.3736267090
0.1245422363
0.0000000000
0.0000000000
-0.2490844727
0.2490844727
0.2484893799
-0.1242370605
0.2484893799
-0.6212158203
-0.2484893799
-0.1863555908
-0.4969635010
0.0621185303
-0.2874603271
-0.0638732910
0.6707305908
-0.3193969727
-0.1596984863
0.0319366455
0.3193969727
-0.4471588135
0.0000000000
0.0000000000
0.0000000000
0.0000000000
0.0000000000
0.0785675049
0.0000000000
0.0785675049
-0.0884704590
0.0884704590
0.3538970947
0.7077941895
0.0000000000
0.2654266357
-0.0884704590
-0.0884704590
0.3406372070
0.4541778564
0.2270965576
0.0000000000
0.3406372070
0.1135406494
0.0000000000
0.0000000000
-0.1034240723
0.2068481445
0.0000000000
0.5171051025
0.4136962891
0.1034240723
0.3102722168
0.1034240723
-0.0349426270
-0.2445526123
-0.6637878418
-0.1746826172
-0.0349426270
0.2096099854
-0.1746826172
0.5939025879
-0.1000061035
0.1999969482
0.3000030518
0.1000061035
0.6000061035
0.0000000000
0.3000030518
0.1999969482
0.0291900635
0.0291900635
-0.1751708984
0.9634399414
0.0291900635
0.0875854492
-0.0583953857
0.0000000000
0.4176177979
-0.5846557617
-0.1670379639
-0.2505645752
0.0835266113
0.3340911865
-0.1670379639
-0.0835266113
0.2725524902
-0.6268615723
-0.2998046875
0.0272521973
0.5723571777
-0.2180328369
0.1907806396
-0.0817718506
0.0977325439
0.6840820312
-0.2931823730
0.1954498291
0.0977325439
0.1954498291
0.0977325439
0.0000000000
0.7779693604
0.0000000000
0.0000000000
-0.1555938721
-0.4149169922
-0.1037292480
0.0518646240
-0.3111877441
0.1113433838
-0.1113433838
-0.1113433838
0.0000000000
-0.1113433838
0.0000000000
0.1113433838
-0.1113433838
0.1172332764
0.0000000000
-0.1172332764
0.0000000000
0.2344665527
-0.5861816406
-0.1172332764
-0.1172332764
0.3538970947
0.3538970947
-0.3538970947
0.4423675537
0.0000000000
0.3538970947
-0.1769409180
0.0000000000
-0.2097473145
0.0699157715
0.1747894287
-0.2796630859
0.1398315430
0.3845367432
-0.4893951416
0.6292266846
0.0790252686
-0.1580657959
0.2766113281
-0.1580657959
-0.5137023926
-0.3161163330
-0.6717681885
0.0395202637
0.0348968506
0.1395721436
-0.1046752930
-0.1744689941
-0.1744689941
-0.9072265625
0.2093658447
-0.0348968506
0.0872497559
0.0872497559
0.4798431396
-0.0436248779
-0.7415771484
0.3489685059
-0.0436248779
0.1308593750
-0.2472076416
0.0823974609
0.6592407227
-0.2472076416
-0.0823974609
-0.1648101807
0.0000000000
0.4120178223
0.1656951904
-0.1104583740
0.3866271973
-0.3037719727
0.1933135986
-0.5523223877
0.5247039795
0.2761688232
0.0265502930
0.2919921875
-0.7963409424
-0.1061859131
-0.0530853271
-0.3716278076
-0.1858215332
0.2654418945
-0.1762847900
-0.5288391113
0.0881347656
0.0000000000
-0.2644195557
0.1762847900
-0.5288391113
0.1762847900
0.3226928711
-0.6453704834
-0.3687896729
-0.0921936035
0.2304840088
0.0000000000
0.2765808105
0.3687896729
0.0000000000
0.0000000000
-0.7328948975
-0.5496673584
-0.0610809326
-0.0610809326
0.1221466064
-0.1221466064
0.3088378906
-0.6794281006
0.2470703125
-0.2470703125
0.0000000000
-0.4323577881
0.0617675781
-0.0617675781
0.1247863770
0.1247863770
-0.1247863770
0.0000000000
-0.1247863770
0.2495727539
0.1247863770
-0.3743438721
0.0573577881
0.5162353516
-0.2294311523
0.1720733643
0.2867889404
-0.1720733643
-0.1720733643
0.6309509277
0.2267150879
0.3886566162
0.0971679688
0.2914886475
-0.2914886475
0.6477661133
-0.3562774658
0.1943359375
0.3039093018
-0.2170867920
0.4775848389
-0.3039093018
0.1302490234
-0.4341583252
-0.5209960938
-0.0434112549
-0.1049804688
0.2099609375
-0.5248870850
0.0000000000
-0.2099609375
0.0000000000
-0.2099609375
0.4199066162
0.4751434326
-0.2111816406
0.0000000000
-0.1055908203
-0.5279388428
0.1055908203
-0.5807342529
0.0000000000
-0.2506561279
0.0278472900
0.7798309326
-0.1949615479
-0.2785034180
0.0000000000
0.3063659668
-0.3063659668
0.1150360107
0.0000000000
0.2300720215
0.0000000000
-0.1150360107
0.1150360107
0.0000000000
0.0000000000
0.0905609131
-0.4527893066
0.1811065674
-0.5433349609
0.0000000000
0.1811065674
-0.3622283936
-0.0905609131
0.2034759521
-0.7460632324
0.3391113281
-0.1356506348
0.1356506348
-0.1356506348
0.0678253174
0.2712860107
-0.0874786377
0.1749572754
-0.3499298096
0.4374084473
0.5248870850
-0.0874786377
0.2624511719
0.1749572754
-0.0383148193
-0.2681579590
-0.5363311768
-0.3830871582
-0.0766143799
0.1915435791
-0.2681579590
0.5746307373
-0.1306610107
-0.0653381348
0.2613372803
0.1959991455
0.7840118408
-0.0653381348
0.3266754150
0.0653381348
0.0685119629
-0.0228424072
-0.0685119629
0.9820709229
-0.0913543701
0.0000000000
-0.0228424072
0.0000000000
0.2097930908
-0.5594329834
-0.5594329834
-0.2097930908
0.0699310303
-0.2797088623
-0.1398620605
-0.1398620605
0.1085052490
-0.7234039307
-0.1808471680
0.0000000000
0.4702148438
-0.3617095947
0.1808471680
-0.0723419189
0.2087707520
0.7655181885
-0.3479614258
0.0000000000
0.2087707520
0.1391906738
-0.0695953369
0.1391906738
0.9414672852
0.0276947021
0.1107635498
0.1384582520
-0.1384582520
0.1661376953
-0.0830688477
-0.0553741455
0.1113433838
0.1113433838
0.0000000000
0.0000000000
0.0000000000
0.0000000000
-0.2226867676
0.0000000000
0.1937103271
-0.5811157227
0.0000000000
0.1937103271
0.2905578613
-0.0968475342
-0.3874053955
0.0968475342
0.0262756348
0.9459991455
-0.1839447021
0.0525512695
-0.0525512695
0.0788269043
-0.1839447021
0.0525512695
-0.3854522705
0.2202606201
0.0825958252
-0.0275268555
0.0000000000
0.5506439209
-0.4405212402
0.5231170654
0.2531433105
-0.2109527588
0.0632934570
-0.1054840088
-0.6328582764
-0.2320556641
-0.6328582764
-0.0843811035
-0.0383300781
-0.0766754150
-0.1916809082
-0.1533508301
-0.3833770752
-0.8050842285
-0.1916809082
0.2300262451
-0.0627136230
0.2508239746
0.2194671631
0.0940551758
-0.8778991699
0.2194671631
0.0313568115
0.1567687988
0.0000000000
0.0823974609
0.6592407227
0.1648101807
-0.1648101807
-0.1648101807
0.0000000000
0.4944305420
0.7180480957
0.0861663818
0.2584991455
-0.1723327637
0.1148834229
-0.4595489502
0.3159332275
0.1723327637
0.0507812500
0.3554992676
-0.4062805176
0.3047180176
-0.1523590088
-0.3047180176
-0.2031402588
0.6094207764
0.1459960938
-0.5839843750
-0.0729980469
0.0000000000
-0.4379882812
0.1459960938
-0.4379882812
0.2189941406
0.3405609131
-0.3405609131
-0.2786407471
0.0000000000
0.3096008301
0.0619201660
0.6811218262
0.3096008301
-0.1184692383
0.0592346191
-0.5330963135
-0.7108001709
-0.1184692383
0.0592346191
0.2369384766
0.0592346191
0.0000000000
0.8148803711
-0.0543212891
-0.1086578369
0.1086578369
-0.4346008301
0.1086578369
0.1086578369
0.2449493408
-0.1224670410
-0.1224670410
0.0000000000
-0.2449493408
0.2449493408
0.1224670410
-0.3674163818
0.0000000000
0.2716217041
-0.1086578369
0.2716217041
0.1086578369
0.1086578369
0.5432586670
0.6519012451
0.2257537842
0.4063415527
0.4063415527
0.2257537842
-0.2709045410
0.5869445801
-0.1806030273
0.2257537842
0.0805816650
-0.1611480713
0.3223114014
-0.1880187988
0.0268554688
-0.7251892090
-0.5103149414
-0.1342926025
0.1202545166
0.0000000000
-0.2405242920
0.1202545166
-0.1202545166
-0.1202545166
-0.2405242920
0.4810485840
0.6954956055
0.0818176270
-0.0818176270
-0.2045593262
-0.5318450928
0.1636505127
-0.2863769531
-0.1227416992
-0.0704498291
0.2583312988
0.8454437256
-0.0939331055
-0.2583312988
-0.1643981934
0.2818145752
-0.1174163818
0.1237182617
-0.2474365234
0.1237182617
0.0000000000
0.0000000000
0.2474365234
0.1237182617
-0.1237182617
0.0941162109
-0.2823333740
0.0941162109
-0.8470153809
0.0000000000
0.0470581055
-0.3293914795
-0.0470581055
0.0000000000
-0.5729675293
0.5729675293
-0.3342285156
0.0477447510
0.0000000000
-0.0954895020
0.3819732666
-0.2991638184
0.1495819092
-0.5235443115
0.3739624023
0.0747985840
-0.2243804932
0.3739624023
0.2991638184
0.1369934082
-0.3196411133
-0.4566345215
-0.5023040771
-0.1826629639
0.2739868164
-0.1826629639
0.4566345215
-0.0428619385
-0.4285430908
0.2571258545
-0.0428619385
0.7713928223
0.1285705566
0.1714172363
-0.2142791748
0.0300750732
0.0000000000
-0.0751953125
0.9925079346
0.0150451660
0.0000000000
0.0000000000
-0.0300750732
0.0000000000
-0.1881713867
-0.5018005371
0.0627288818
-0.1881713867
-0.6899871826
0.0627288818
-0.2509002686
-0.2026214600
-0.6585235596
0.2532806396
-0.0506591797
0.0506591797
-0.3039245605
0.5065460205
-0.1519622803
0.3981323242
0.3981323242
-0.2985992432
-0.2985992432
0.1990661621
0.2985992432
-0.0995330811
0.0995330811
0.8832397461
0.1103973389
0.0368041992
0.1840057373
0.1103973389
0.1840057373
-0.2208099365
0.1840057373
0.0000000000
0.3715667725
-0.2477111816
-0.2477111816
-0.1238555908
-0.1238555908
-0.1238555908
0.1238555908
0.0758514404
-0.7584686279
0.0000000000
0.1516876221
0.2275390625
0.2275390625
-0.3033905029
0.0758514404
-0.0268096924
0.9654235840
-0.1474914551
0.0536346436
-0.0268096924
0.0536346436
-0.1743164062
0.0536346436
-0.2554779053
0.3576660156
-0.1788330078
0.3832092285
0.1277313232
0.5620422363
-0.3832092285
0.3576660156
0.2032775879
-0.1847991943
-0.0184783936
0.0000000000
-0.6283264160
-0.3141632080
-0.6468048096
-0.0369567871
0.1484222412
-0.2597351074
-0.1855163574
-0.1113128662
-0.4823455811
-0.6307678223
-0.4081420898
0.1484222412
-0.0602111816
0.2709655762
0.2408599854
0.0000000000
-0.8429870605
0.3311767578
-0.0301055908
0.1204223633
-0.1972351074
0.0000000000
-0.2958526611
0.1972351074
-0.2958526611
-0.3944702148
-0.2958526611
0.3944702148
0.8541412354
0.1250000000
0.2083282471
-0.1875000000
0.1250000000
-0.2500000000
0.2708282471
0.1041717529
-0.0959320068
0.2398376465
0.3837280273
0.5755920410
-0.3837280273
-0.0479736328
0.2877960205
0.3837280273
0.0684509277
-0.7529602051
0.1369018555
0.2053527832
-0.2053527832
0.2738037109
-0.2738037109
0.1369018555
0.4374847412
-0.2552032471
-0.2552032471
0.0729217529
0.3645782471
0.1093750000
0.5104064941
0.4739532471
0.1184692383
0.1184692383
-0.4146270752
-0.7700347900
-0.1777038574
0.0592346191
0.2369384766
0.0000000000
0.0000000000
0.9820098877
-0.0239562988
0.0478973389
0.0000000000
-0.0718536377
0.0000000000
0.0958099365
0.1153869629
-0.2307739258
-0.1153869629
-0.1153869629
0.0000000000
0.4615325928
0.2307739258
0.3461608887
-0.1408538818
0.0939025879
-0.1408538818
0.2817230225
-0.1408538818
0.1878051758
0.7981872559
0.3286743164
0.2697906494
0.4384002686
0.6407470703
0.1011657715
-0.1686096191
0.4384002686
-0.2360687256
0.0337219238
-0.0218505859
-0.0437011719
0.2184753418
-0.3058624268
-0.0437011719
-0.7646484375
-0.5024871826
-0.0437011719
0.0000000000
0.1249389648
-0.1249389648
0.2498626709
-0.2498626709
0.1249389648
0.0000000000
0.2498626709
0.7799530029
0.0899963379
0.0000000000
-0.2399902344
-0.4799652100
0.0000000000
-0.2099914551
-0.1499938965
-0.0515899658
0.2579345703
0.8941497803
-0.0687866211
-0.1891479492
-0.1547546387
0.2235412598
-0.0859832764
-0.1219482422
-0.4878082275
0.1219482422
0.2438964844
0.0000000000
0.1219482422
0.1219482422
-0.1219482422
-0.0757904053
-0.1894683838
0.0757904053
-0.9094696045
0.0757904053
0.0378875732
-0.2652587891
-0.0378875732
-0.1223297119
0.2038726807
0.7747344971
-0.4077606201
0.0000000000
0.0407714844
-0.1223297119
0.3262023926
-0.3678131104
0.1839141846
-0.4291229248
0.3065185547
-0.0613098145
-0.1226043701
0.6130218506
0.1839141846
0.0000000000
-0.5263824463
-0.2255859375
-0.5263824463
-0.2255859375
0.4135894775
-0.1127929688
0.3383941650
-0.0961151123
-0.5446319580
0.2242584229
-0.0320434570
0.7048339844
0.0961151123
0.0320434570
-0.3203735352
0.0000000000
0.0100708008
0.0000000000
0.9976654053
0.0302276611
0.0000000000
0.0000000000
-0.0201568604
-0.1091308594
0.1636962891
-0.4911041260
0.1636962891
-0.3274078369
-0.6548004150
0.1091308594
-0.2182617188
-0.2160644531
-0.6049804688
0.4753417969
-0.2592773438
-0.2592773438
0.1728515625
0.3457031250
0.1296386719
0.5602722168
-0.3201599121
0.0000000000
-0.4802398682
-0.3201599121
0.1600799561
-0.0800323486
0.0000000000
0.8864593506
0.0611419678
0.0917053223
0.1528320312
0.1528320312
0.1528320312
-0.3056793213
0.0917053223
0.1178436279
0.1178436279
-0.2357025146
-0.2357025146
-0.3535461426
-0.3535461426
0.0000000000
0.2357025146
0.1911926270
-0.8285064697
0.0637359619
0.0637359619
0.1274566650
0.3186645508
0.0000000000
0.1274566650
0.0101013184
0.9797515869
-0.1110992432
0.0404052734
-0.0707092285
0.0707092285
-0.1009979248
0.0505065918
-0.0849761963
0.3399200439
-0.5098876953
0.5665435791
0.1982879639
0.4532318115
-0.1133117676
0.1133117676
0.1246948242
-0.1662597656
-0.0831298828
0.0831298828
-0.6442871094
-0.2078399658
-0.6858520508
0.0207824707
0.3169403076
-0.4578094482
-0.2817230225
-0.0352172852
-0.5634613037
-0.1760864258
-0.4578094482
0.1056518555
-0.0316009521
0.5056457520
0.4424438477
-0.2212219238
-0.5372467041
0.3792266846
-0.0948028564
0.1580200195
-0.1264495850
-0.0632171631
-0.8218994141
0.0000000000
0.0000000000
-0.3161163330
-0.1896667480
-0.1896667480
0.9128570557
0.0365142822
0.1825714111
-0.1460571289
0.1643218994
-0.1278076172
0.2008361816
0.1278076172
-0.2470245361
0.0494079590
0.4940643311
0.1482238770
-0.3458404541
0.3458404541
0.5928649902
0.0000000000
-0.3236389160
-0.4315185547
0.3955535889
0.3955535889
0.3955535889
0.3595886230
-0.2517089844
0.0719146729
0.3656921387
0.1828460693
-0.0914154053
-0.0914154053
0.2742614746
-0.1371307373
-0.5942535400
0.5485382080
0.0673675537
0.1347198486
-0.2694549561
-0.5389099121
-0.4715423584
-0.0673675537
0.2694549561
0.4041748047
-0.0201110840
0.9853210449
0.0000000000
0.0201110840
-0.0402221680
-0.0603179932
-0.0603179932
0.0804290771
-0.2393341064
-0.2393341064
0.0000000000
0.0000000000
0.1196746826
0.2393341064
0.0000000000
0.4786834717
-0.0650787354
-0.1301727295
-0.0976257324
0.2928771973
-0.3254241943
0.1627044678
0.8460998535
-0.0325469971
0.2866210938
0.4299468994
0.7452239990
-0.0286560059
-0.0859832764
0.3152923584
-0.2006378174
-0.0573272705
-0.0436706543
-0.0218353271
0.1528625488
-0.4367370605
-0.0873413086
-0.8079528809
-0.3275451660
-0.0218353271
0.1099700928
0.2199401855
0.5498504639
0.1099700928
-0.1099700928
0.2199401855
0.0000000000
-0.3299102783
0.7758331299
0.0431060791
-0.0215454102
-0.1508636475
-0.4956665039
-0.0861968994
-0.3232574463
-0.0215454102
0.0139617920
0.1256866455
0.9496765137
-0.0279388428
-0.0977630615
-0.1117248535
0.2234497070
-0.0558624268
-0.1199951172
-0.2400054932
0.0000000000
0.1199951172
-0.1199951172
0.1199951172
0.0000000000
-0.1199951172
-0.0314178467
-0.0628356934
0.0000000000
-0.9738769531
0.0628356934
0.0314178467
-0.0942382812
-0.0314178467
-0.2297668457
0.7352600098
0.5054931641
-0.2757263184
-0.0919036865
0.0689239502
-0.0459594727
0.2067871094
-0.3317565918
0.3732299805
-0.2488250732
0.3317565918
0.1658782959
-0.1658782959
0.6635284424
0.1658782959
-0.2417602539
-0.6907501221
0.0000000000
-0.1726837158
-0.1036071777
0.5871429443
-0.1036071777
0.1726837158
-0.2456054688
-0.5262908936
0.2806854248
0.0350799561
0.7017211914
0.0350799561
-0.0701751709
-0.2105102539
-0.0078582764
0.0235748291
0.0000000000
0.9977722168
0.0392761230
-0.0078582764
0.0000000000
-0.0157165527
-0.1617889404
0.5393066406
-0.1078643799
0.3235778809
-0.4853668213
-0.4853668213
0.0000000000
0.0000000000
0.0419464111
-0.3355255127
0.2097015381
-0.2516479492
-0.5871734619
0.5452423096
0.1258239746
0.2516479492
0.3475952148
-0.7531127930
0.0579376221
-0.2896575928
-0.2317199707
0.0579376221
0.0579376221
-0.2317199707
0.9313659668
-0.1596679688
0.1330566406
0.0532226562
0.0532226562
0.0532226562
-0.2395019531
-0.0266113281
0.0000000000
0.1113433838
0.0000000000
0.0000000000
-0.1113433838
0.0000000000
0.2226867676
0.0000000000
-0.1064758301
-0.1064758301
0.1064758301
0.0000000000
0.0000000000
-0.1064758301
-0.1064758301
0.0000000000
-0.3334350586
0.2222900391
-0.2222900391
0.4445648193
-0.2222900391
-0.1111450195
-0.2222900391
-0.1111450195
-0.0454254150
-0.1362762451
0.3179931641
-0.5905609131
0.1817169189
0.0000000000
-0.5451354980
0.3634185791
-0.2817535400
0.2254028320
0.2817535400
0.1690521240
0.1127014160
-0.7325744629
-0.2817535400
0.1690521240
-0.0728149414
0.1820526123
0.0728149414
-0.0728149414
-0.7281799316
-0.4733276367
0.1456298828
-0.3640899658
0.1335296631
0.2670593262
0.2670593262
-0.2670593262
-0.7344055176
0.2002868652
0.0000000000
-0.2002868652
0.2498779297
0.1249389648
0.0000000000
-0.1249389648
-0.3748321533
0.0000000000
-0.1249389648
-0.1249389648
0.1462707520
-0.0975189209
0.4875640869
-0.3412933350
0.1950225830
-0.2437896729
0.6338348389
0.1950225830
0.1101074219
0.2936248779
-0.5138244629
-0.1101074219
-0.3670196533
-0.6606445312
-0.0734100342
0.0734100342
0.1150360107
0.1150360107
-0.1150360107
0.1150360107
0.1150360107
0.0000000000
-0.1150360107
0.1150360107
-0.0419006348
-0.3352355957
-0.4609527588
-0.1257171631
-0.2514343262
-0.0419006348
-0.6704711914
0.2933349609
-0.0862121582
-0.0862121582
-0.6034545898
0.0000000000
-0.1724090576
0.4310302734
-0.3448333740
-0.1724090576
0.0843963623
0.3375549316
-0.1687774658
-0.2531738281
-0.5907287598
-0.0843963623
-0.4219512939
-0.0843963623
0.1000061035
0.0000000000
-0.1000061035
-0.1000061035
0.0000000000
0.0000000000
0.1000061035
0.0000000000
0.0000000000
-0.1000061035
-0.1999969482
-0.1999969482
0.3000030518
-0.6000061035
0.3000030518
-0.1000061035
0.1667022705
0.6112213135
-0.0555725098
0.0555725098
-0.2778320312
0.1111297607
-0.6112213135
-0.1667022705
0.2199096680
-0.0549774170
0.7146911621
-0.3848419189
0.0549774170
0.1649322510
-0.3848419189
0.1099548340
-0.1216278076
-0.1216278076
-0.1216278076
0.1216278076
-0.1216278076
-0.1216278076
0.0000000000
0.2432556152
0.4068908691
-0.0581207275
0.1743774414
-0.7556457520
-0.0581207275
-0.1743774414
-0.2324981689
0.1743774414
-0.2608795166
-0.0579681396
0.6376953125
-0.3768157959
-0.2318878174
0.1159362793
0.3478240967
-0.4058074951
0.0000000000
-0.1000061035
-0.1000061035
0.1000061035
0.0000000000
0.0000000000
0.0000000000
0.1000061035
-0.1911621094
0.1911621094
0.3823242188
0.3823242188
0.0955810547
0.4779052734
-0.1911621094
-0.1911621094
0.1740875244
0.8124084473
0.2901458740
-0.1160583496
0.2901458740
0.0580291748
0.1160583496
0.0000000000
-0.2490844727
0.2490844727
0.0000000000
0.2490844727
0.1245422363
0.1245422363
0.2490844727
0.1245422363
-0.1132354736
-0.1132354736
-0.7926940918
-0.1698608398
0.0000000000
0.0566253662
-0.0566253662
0.4529724121
-0.1202545166
-0.1202545166
0.2405242920
-0.1202545166
0.4810485840
0.1202545166
0.0000000000
-0.2405242920
-0.0216827393
0.0433502197
-0.2167663574
0.9537963867
0.1083831787
0.0216827393
-0.1083831787
0.0433502197
0.1595764160
0.7180938721
-0.2393646240
-0.3989410400
0.0000000000
0.0000000000
-0.1595764160
0.0000000000
0.3271789551
-0.5998382568
-0.2181243896
0.0000000000
0.5453033447
-0.1090545654
0.3817138672
-0.0818023682
0.0000000000
0.5953521729
-0.1190643311
0.1190643311
0.0000000000
0.1190643311
0.1190643311
-0.1190643311
0.4630279541
0.3858642578
-0.0771789551
-0.2315216064
-0.3858642578
-0.1543426514
0.2315216064
-0.3858642578
0.1199951172
-0.1199951172
0.0000000000
0.1199951172
-0.1199951172
0.0000000000
0.2400054932
0.1199951172
-0.1196746826
0.1196746826
0.1196746826
-0.1196746826
0.2393341064
-0.4786834717
-0.1196746826
0.2393341064
0.0000000000
0.2038421631
-0.3057556152
0.6115264893
0.0000000000
0.3057556152
-0.1019134521
-0.1019134521
-0.1934204102
-0.0644683838
0.3545989990
-0.6447296143
0.0000000000
0.0000000000
-0.3868408203
0.4835510254
-0.1570739746
0.0523529053
0.1570739746
-0.1047210693
-0.1570739746
-0.7330169678
-0.5235900879
0.1047210693
0.0000000000
0.1910552979
-0.0955200195
-0.0955200195
-0.4139404297
-0.7960510254
0.2865753174
-0.1592102051
0.1796875000
0.2695312500
0.1796875000
-0.2246093750
-0.8085937500
0.2695312500
-0.0449218750
0.1347656250
-0.2058258057
-0.1029205322
0.3087463379
-0.3087463379
-0.3087463379
0.0000000000
-0.1029205322
0.5145721436
-0.0607910156
-0.0911865234
0.4559631348
-0.3343658447
0.1519927979
-0.4863586426
0.5775451660
0.2127838135
0.1421966553
0.2488403320
-0.6398620605
-0.0710906982
-0.0710906982
-0.5687713623
-0.3199310303
0.1777343750
0.0000000000
-0.3480072021
-0.2320098877
0.2320098877
-0.3480072021
-0.1159973145
-0.2320098877
0.2320098877
-0.0585174561
-0.6437377930
-0.4681701660
-0.1170501709
-0.1170501709
0.0000000000
-0.4096527100
0.2340850830
0.0888061523
0.0000000000
-0.7104949951
-0.3552398682
-0.0888061523
0.0000000000
-0.0888061523
-0.2664337158
0.2455902100
-0.4093017578
-0.0818634033
-0.4093017578
-0.4911651611
-0.0818634033
-0.2455902100
-0.2455902100
0.1199951172
0.0000000000
0.0000000000
-0.1199951172
-0.1199951172
0.2400054932
0.1199951172
-0.1199951172
-0.0773925781
0.3869934082
-0.2321929932
0.0773925781
0.3096008301
-0.3096008301
0.3096008301
0.5417938232
0.1694793701
0.5762481689
0.1694793701
0.3050689697
-0.2372741699
0.4406585693
-0.4745635986
0.0677947998
0.3279418945
-0.1873931885
0.6090393066
-0.2810974121
0.0937042236
-0.0937042236
-0.5621948242
-0.0468444824
0.0000000000
0.0000000000
-0.5738525391
0.2295379639
0.0000000000
0.0000000000
-0.2295379639
0.2295379639
0.3901672363
-0.1114807129
0.1114807129
-0.7245941162
-0.1672058105
-0.1114807129
-0.3901672363
-0.0557403564
-0.2682800293
-0.0243835449
0.6341094971
-0.3414459229
-0.2682800293
0.0487823486
0.3170623779
-0.4633941650
0.1178436279
0.1178436279
0.0000000000
0.0000000000
-0.2357025146
0.1178436279
0.0000000000
0.1178436279
-0.1580963135
0.0790557861
0.1580963135
0.7114410400
0.0000000000
0.3161926270
-0.3161926270
-0.1580963135
0.3806762695
0.2855072021
0.3806762695
-0.1903381348
0.3806762695
-0.0951690674
0.2855072021
0.1903381348
-0.1014251709
0.3042907715
0.0000000000
0.5071563721
0.3042907715
0.1014251709
0.4057312012
0.0000000000
-0.0818176270
-0.1636505127
-0.6954956055
-0.2045593262
0.0409088135
0.1227416992
-0.2045593262
0.5727691650
-0.0981750488
0.1963348389
0.4908447266
0.1963348389
0.4908447266
0.1963348389
0.1963348389
0.0981750488
-0.0211334229
0.0000000000
-0.1902008057
0.9721221924
-0.0422668457
0.0211334229
0.0422668457
0.0000000000
0.2386169434
-0.2386169434
-0.4772338867
-0.6363220215
0.1590728760
0.0000000000
-0.0795440674
0.0795440674
0.2731170654
-0.6207122803
-0.2234649658
-0.0496520996
0.5214080811
-0.3475952148
0.2731170654
-0.0248260498
0.0000000000
0.6921691895
-0.3460845947
0.1730346680
0.1730346680
0.2595672607
0.0865173340
0.0865173340
0.9167633057
0.1057739258
0.0352630615
-0.0352630615
-0.2820739746
-0.0352630615
0.0705261230
-0.1410369873
0.1150360107
0.0000000000
0.0000000000
0.0000000000
-0.2300720215
0.1150360107
-0.1150360107
0.0000000000
0.0939483643
0.2818603516
-0.0939483643
0.0000000000
0.3758239746
-0.6576843262
-0.0939483643
0.0939483643
-0.0441741943
0.8392486572
-0.1766815186
0.3533630371
0.1325073242
0.2208557129
-0.0883483887
0.0000000000
-0.3403930664
0.0618896484
0.3713531494
-0.4951324463
0.0309448242
0.1856689453
-0.4641876221
0.4641876221
0.2429504395
-0.1822204590
-0.0303649902
-0.2429504395
-0.6377563477
-0.2733306885
-0.5770263672
-0.0607452393
-0.0580902100
0.1452331543
-0.1742858887
-0.1742858887
-0.1742858887
-0.8714141846
0.2904663086
0.1161804199
0.1578369141
0.3419647217
0.1841278076
-0.1052246094
-0.8154602051
0.2630462646
-0.0263061523
0.2367401123
0.2089080811
0.1044464111
0.4178161621
-0.2089080811
-0.1044464111
0.0000000000
0.2089080811
0.5222625732
0.2761383057
-0.0690307617
0.5522766113
-0.2071075439
0.0345153809
-0.5867919922
0.3796844482
0.2071075439
0.2799987793
0.2799987793
-0.4550018311
0.1399993896
0.0700073242
-0.5249938965
-0.3849945068
0.3849945068
-0.2472076416
-0.5768280029
-0.1648101807
0.0000000000
-0.4120178223
0.0000000000
-0.4120178223
0.0823974609
0.2372741699
-0.4745483398
-0.3163757324
-0.1186370850
0.2768249512
0.0000000000
0.6722869873
0.1581878662
0.0802917480
0.0802917480
-0.4014587402
-0.6423339844
0.0802917480
-0.4014587402
0.1605834961
0.0000000000
0.4041748047
0.0673675537
-0.2694549561
-0.3368225098
-0.1347198486
-0.6736297607
-0.0673675537
-0.1347198486
0.1249389648
0.0000000000
0.0000000000
0.0000000000
-0.2498779297
0.2498779297
0.2498779297
-0.2498779297
0.0000000000
0.4789276123
-0.0870819092
0.1741638184
0.2176971436
-0.0435333252
0.0870819092
0.7837066650
0.2171630859
0.3981323242
0.1447753906
0.2895507812
-0.3257446289
0.5791015625
-0.3981323242
0.2171630859
0.2895507812
-0.1447753906
0.3257446289
-0.2895507812
0.0000000000
-0.2895507812
-0.7600708008
-0.0361938477
0.1024169922
0.2048339844
-0.6144866943
0.1024169922
0.0000000000
0.0000000000
-0.1024169922
0.4096679688
0.6460571289
-0.1384429932
-0.2768859863
-0.3230285645
-0.3691711426
0.4153289795
-0.0461425781
-0.0461425781
-0.2014923096
0.0402984619
0.6649322510
-0.3022308350
-0.3828277588
-0.0402984619
0.3626861572
-0.3626861572
0.2495727539
0.1247863770
0.2495727539
0.0000000000
-0.2495727539
0.2495727539
0.0000000000
0.1247863770
0.0000000000
-0.4037933350
0.1009521484
0.0000000000
-0.2019042969
0.1009521484
-0.6056976318
-0.2019042969
0.3928375244
-0.2357025146
0.4714050293
-0.2357025146
0.3142700195
-0.1571350098
0.1571350098
0.3928375244
-0.0808105469
0.1616058350
-0.3232269287
0.4040222168
0.5656433105
-0.1616058350
0.3232269287
0.1616058350
-0.0816192627
-0.2040405273
-0.4897155762
-0.3672790527
0.0000000000
0.1224212646
-0.2856597900
0.6529541016
-0.0634765625
0.0000000000
0.3808593750
0.0634765625
0.7617034912
0.1269531250
0.3173828125
-0.1269531250
0.0505981445
0.0168609619
-0.1686401367
0.9781341553
-0.0337219238
-0.0168609619
0.0168609619
-0.0337219238
0.1931610107
-0.1287689209
-0.7082366943
-0.4506988525
0.2575378418
-0.1287689209
-0.0643920898
-0.1287689209
0.1246795654
-0.5610656738
-0.0935058594
-0.0935058594
0.4675445557
-0.5610656738
0.2805328369
-0.0935058594
0.2959136963
0.6658172607
-0.2959136963
0.0739746094
0.2219390869
0.3698883057
0.0000000000
0.0739746094
0.9252471924
0.1000213623
0.1000213623
0.2000579834
-0.0500183105
0.2000579834
-0.1250305176
0.0750122070
0.1199951172
0.2400054932
-0.1199951172
0.0000000000
0.0000000000
-0.1199951172
-0.1199951172
0.1199951172
0.1099700928
-0.2199401855
0.2199401855
0.3299102783
0.4398803711
-0.1099700928
-0.3299102783
0.1099700928
-0.0483245850
0.9825897217
-0.0805358887
0.0483245850
0.0322113037
0.0483245850
-0.0966491699
0.0483245850
-0.4167022705
0.2083435059
0.0694427490
-0.0694427490
0.1736297607
0.4861450195
-0.6250457764
0.2778015137
0.2782897949
-0.1498565674
-0.0642242432
-0.0856323242
-0.7492523193
-0.2568817139
-0.4923706055
-0.0642242432
-0.1080932617
-0.0720520020
-0.2161712646
-0.2161712646
-0.4323577881
-0.7566223145
-0.0720520020
0.2882385254
0.0443572998
0.3104858398
0.0665283203
-0.0221710205
-0.8649291992
0.2883148193
0.0221710205
0.2217712402
0.2234802246
0.2234802246
-0.2234802246
0.0000000000
-0.2234802246
-0.1117401123
0.0000000000
0.5586853027
0.8587036133
0.1226654053
0.3680114746
-0.0613403320
0.0000000000
-0.2146759033
0.1533355713
0.0920104980
0.1429138184
0.1429138184
0.5240325928
0.6193084717
0.0476379395
-0.3334808350
-0.0476379395
0.3334808350
0.0000000000
-0.6925201416
-0.1539001465
0.0769500732
-0.3847351074
0.1539001465
-0.3077850342
0.1539001465
0.4821319580
-0.3506469727
-0.3944702148
-0.1314849854
0.3506469727
0.0000000000
0.4383087158
0.3068084717
0.0000000000
0.2048797607
-0.2048797607
-0.8195037842
0.0000000000
-0.2048797607
0.2048797607
0.0682983398
0.0281066895
0.9277496338
-0.1967926025
-0.0562286377
0.0000000000
-0.2530212402
0.0000000000
-0.0843353271
0.1250000000
-0.2500000000
-0.1250000000
-0.1250000000
-0.1250000000
0.2500000000
0.0000000000
0.2500000000
-0.0397644043
0.2385864258
-0.0397644043
0.1988220215
0.0000000000
0.1988220215
0.6362304688
0.6362304688
0.3593597412
0.4312286377
0.5031127930
0.1796875000
-0.1078033447
0.5031127930
-0.2156219482
0.2156219482
-0.0278930664
-0.1394653320
0.2510528564
-0.1673583984
-0.0557861328
-0.5299835205
-0.7531433105
-0.1115722656
0.2332305908
0.0000000000
-0.3498535156
0.0000000000
0.0000000000
-0.1166229248
-0.2332305908
0.4664764404
0.7915649414
0.0000000000
-0.2183685303
-0.2729492188
-0.3275451660
0.3002471924
0.1637725830
-0.0545959473
-0.0401458740
0.1405334473
0.7428131104
-0.2409057617
-0.3412933350
-0.1606140137
0.3814392090
-0.2609863281
0.1199951172
-0.1199951172
0.0000000000
0.1199951172
-0.1199951172
0.2400054932
0.0000000000
-0.1199951172
0.0000000000
-0.1301116943
0.1301116943
-0.8457641602
0.0000000000
0.0000000000
-0.3252868652
-0.0650634766
0.2011871338
0.6035614014
0.5364990234
-0.2011871338
0.2011871338
0.0000000000
-0.0670623779
0.2682495117
-0.2139739990
0.1426544189
-0.2852935791
0.2852935791
0.4279479980
-0.2139739990
0.5706024170
0.2139739990
0.1022338867
-0.1533508301
-0.5111541748
-0.4600372314
-0.1022338867
0.1022338867
-0.1022338867
0.6133880615
0.0812072754
-0.3248596191
0.2842559814
-0.0812072754
0.6903228760
0.1624298096
0.0812072754
-0.4872894287
0.0472869873
0.0354614258
-0.0591125488
0.9930572510
0.0354614258
0.0000000000
0.0236511230
-0.0236511230
-0.0649261475
0.6492156982
-0.5193786621
-0.1947631836
-0.0649261475
-0.2596893311
0.1947631836
-0.1298370361
-0.0536193848
-0.5361938477
0.2680969238
-0.3217163086
0.2144775391
-0.3217163086
0.5361938477
-0.0536193848
0.3715667725
0.1238555908
0.0000000000
0.1238555908
0.1238555908
0.3715667725
0.0000000000
0.0000000000
0.7640075684
0.2325286865
-0.0664367676
0.2325286865
0.2657318115
0.2325286865
-0.2325286865
0.2989501953
0.2142791748
0.4285430908
-0.3214111328
-0.2142791748
-0.2142791748
-0.2142791748
0.0000000000
0.3214111328
-0.1135406494
-0.2270965576
0.1135406494
0.2270965576
0.3406372070
0.0000000000
-0.4541778564
0.2270965576
-0.0338592529
0.9931030273
-0.0338592529
0.0000000000
0.0112915039
0.0225677490
-0.0789947510
0.0225677490
-0.2759704590
0.2759704590
-0.3104705811
0.4484558105
0.2759704590
0.4484558105
-0.4829559326
0.0345001221
0.1475372314
-0.0632324219
-0.0210723877
0.0632324219
-0.8009185791
-0.2740020752
-0.4847564697
0.0632324219
0.0790252686
-0.1975708008
-0.2766113281
-0.1975708008
-0.5532226562
-0.6322479248
-0.2766113281
0.0790252686
0.0237274170
0.2847290039
0.0474548340
-0.0711822510
-0.8542022705
0.3559265137
-0.0237274170
0.1898193359
-0.0591278076
0.0591278076
-0.7686920166
-0.0591278076
-0.1182556152
-0.2365264893
-0.2956542969
0.3547821045
0.8953094482
0.0655059814
0.3493804932
-0.1528625488
0.0436706543
-0.0873413086
0.1091766357
0.1091766357
-0.0622558594
0.0622558594
0.8403625488
0.4357452393
-0.1244964600
0.0311279297
0.2178802490
0.0311279297
-0.2961730957
-0.5923309326
0.1777038574
0.2961730957
0.1777038574
0.4738616943
-0.2369384766
0.1184692383
0.4427032471
-0.2043304443
-0.2724304199
-0.2043304443
0.1362152100
-0.1021575928
-0.6810760498
0.3405456543
-0.0676727295
0.2030029297
-0.2706756592
-0.8120269775
-0.1353454590
-0.0676727295
0.2030029297
-0.0676727295
0.0555725098
0.9817962646
-0.0926208496
0.0185241699
0.0000000000
-0.0555725098
-0.0370483398
-0.0926208496
-0.0955810547
-0.2867431641
-0.0955810547
-0.1911621094
0.0000000000
0.2867431641
0.0955810547
0.6690673828
-0.1082305908
0.1082305908
-0.0360717773
0.2164611816
-0.1443023682
0.3246917725
0.7936706543
0.3607635498
0.4238281250
0.4238281250
0.6357269287
0.0529785156
-0.0529785156
0.4238281250
-0.1324462891
0.1059570312
-0.0535278320
-0.0535278320
0.1873321533
-0.2943878174
-0.1070556641
-0.5620117188
-0.7225952148
0.0000000000
0.1245422363
-0.1245422363
-0.3736267090
0.1245422363
-0.1245422363
0.1245422363
-0.1245422363
0.2490844727
0.8985443115
0.0399322510
-0.0798645020
-0.1797027588
-0.3394470215
0.1198120117
0.0000000000
-0.0998382568
-0.0304565430
0.0761566162
0.8681182861
-0.1827697754
-0.1827697754
-0.1522979736
0.2589111328
-0.2741394043
0.1216278076
-0.1216278076
0.1216278076
0.1216278076
0.1216278076
-0.1216278076
0.0000000000
-0.2432556152
-0.0733032227
-0.0366516113
0.1099548340
-0.9529724121
0.0000000000
0.1099548340
-0.1099548340
-0.0733032227
0.0278320312
0.9461975098
0.2504577637
-0.1113128662
0.0000000000
-0.0556640625
-0.0278320312
0.0000000000
-0.2770385742
0.2077789307
-0.1385192871
0.2770385742
0.3462982178
-0.0692596436
0.6926116943
0.1385192871
0.2324981689
-0.4068908691
0.1743774414
-0.6393890381
-0.1743774414
0.1743774414
-0.0581207275
0.4068908691
-0.0823059082
-0.5349884033
0.2469177246
0.0411529541
0.6172943115
0.0411529541
-0.0411529541
-0.4526824951
0.0279541016
0.0372619629
0.0186309814
0.9969482422
0.0279541016
0.0000000000
0.0000000000
0.0000000000
-0.1616363525
0.8889770508
-0.1616363525
0.0404052734
-0.2020416260
-0.1212310791
0.2020416260
-0.0808105469
0.0000000000
-0.5047760010
0.3926086426
-0.4486846924
-0.1682586670
0.1682586670
0.4486846924
0.1682586670
0.4582519531
-0.5499114990
0.1833038330
-0.1833038330
-0.1833038330
0.2749481201
-0.0916442871
-0.0916442871
0.8610839844
0.1781616211
-0.0593872070
0.2078552246
0.1781616211
0.1781616211
-0.2375335693
0.1781616211
0.1242218018
0.2484588623
-0.1242218018
-0.1242218018
-0.2484588623
0.0000000000
0.0000000000
0.3726806641
-0.1216278076
0.0000000000
0.1216278076
0.1216278076
0.2432556152
-0.1216278076
-0.1216278076
0.1216278076
0.0000000000
0.9964447021
-0.0098724365
-0.0197296143
0.0000000000
0.0394592285
-0.0197296143
-0.0394592285
-0.0615692139
0.2154846191
-0.4617614746
0.6772460938
0.3078308105
0.3386230469
-0.1847076416
-0.0615692139
0.0429992676
0.0214996338
0.0214996338
0.1719665527
-0.8383483887
-0.1289825439
-0.4514160156
0.1719665527
0.4313201904
-0.3528900146
-0.3136901855
-0.0392150879
-0.3921051025
-0.5097351074
-0.3528900146
-0.0392150879
-0.1033020020
0.2754821777
0.1033020020
-0.2066192627
-0.7575836182
0.4476623535
-0.0688781738
0.2066192627
0.0000000000
-0.0810699463
-0.7295837402
0.0000000000
-0.2431945801
-0.0810699463
-0.4053344727
-0.0810699463
0.9347534180
0.0000000000
0.2585449219
-0.0994415283
0.0397796631
-0.1193237305
-0.0397796631
0.1392211914
-0.0956726074
-0.0239105225
0.8849334717
0.1195831299
-0.1435089111
0.3109283447
0.2391662598
0.0000000000
-0.3873596191
-0.2766876221
0.3320312500
0.3873748779
0.4980468750
0.4427032471
-0.1936798096
0.0830078125
0.1103668213
0.0367889404
-0.0184020996
-0.1471710205
-0.0735778809
-0.1287689209
-0.9565734863
0.1287689209
-0.3171691895
0.1585845947
-0.5550537109
-0.3964691162
-0.3964691162
-0.0792999268
0.1585845947
-0.0792999268
0.0179443359
0.9873352051
-0.0718078613
0.0359039307
0.0359039307
-0.0179443359
-0.0359039307
-0.0718078613
-0.2438964844
-0.1219482422
-0.2438964844
-0.1219482422
0.1219482422
0.2438964844
0.1219482422
0.3658599854
-0.1055145264
0.0000000000
0.0000000000
0.2462158203
-0.2813873291
0.3869018555
0.8089752197
-0.0703430176
0.4658050537
0.3847961426
0.6278228760
0.0405120850
0.1215209961
0.4252929688
-0.1417694092
0.1012573242
0.0000000000
-0.0870666504
0.0870666504
-0.3482666016
-0.1160888672
-0.6965332031
-0.5804443359
0.0290222168
0.0785675049
0.0785675049
0.0000000000
0.0000000000
0.0000000000
0.0000000000
0.0000000000
0.0000000000
0.8800811768
0.0517730713
-0.0517730713
-0.1035461426
-0.3623809814
-0.0172576904
-0.2588500977
-0.0345153809
-0.0219879150
-0.0439758301
0.9453887939
-0.1099243164
-0.0109863281
-0.1539001465
0.1429138184
-0.2088623047
0.1237182617
0.1237182617
0.1237182617
0.1237182617
0.2474365234
0.0000000000
0.0000000000
-0.2474365234
-0.0206146240
-0.0412139893
0.0412139893
-0.9893035889
0.0412139893
0.0412139893
0.0000000000
-0.0206146240
-0.0453643799
0.9829254150
0.1209716797
-0.0302429199
-0.0907287598
-0.0151214600
-0.0151214600
0.0151214600
-0.3065185547
0.4291229248
-0.0613098145
0.2452087402
0.3065185547
-0.0613098145
0.6130218506
0.2452087402
0.1429138184
-0.1071929932
0.8932342529
-0.1429138184
0.0000000000
0.0714569092
0.0000000000
-0.3215637207
-0.3065185547
-0.6743316650
0.2452087402
0.1839141846
0.2452087402
-0.1839141846
-0.0613098145
-0.3678131104
0.0000000000
0.0408477783
0.0326843262
0.9968566895
0.0326843262
-0.0163421631
-0.0081634521
0.0000000000
-0.1438446045
0.9206085205
0.0863037109
0.1438446045
-0.2301483154
0.0863037109
0.1150817871
0.0575408936
0.0480804443
-0.4326934814
0.1923065186
-0.3365325928
-0.4807739258
0.2884674072
0.2884674072
0.4326934814
0.2559051514
-0.8189239502
0.1535491943
-0.2559051514
-0.1023712158
0.1023712158
0.0511779785
-0.2559051514
0.9785614014
-0.0863494873
0.0287780762
0.0000000000
0.0000000000
-0.0575561523
-0.0575561523
0.0287780762
-0.1216278076
0.1216278076
0.1216278076
0.1216278076
0.0000000000
0.1216278076
0.2432556152
-0.1216278076
-0.1113433838
-0.1113433838
0.1113433838
0.1113433838
-0.1113433838
-0.1113433838
0.0000000000
0.0000000000
0.0966644287
0.9665985107
-0.0322265625
0.0644378662
-0.0644378662
0.0000000000
0.0644378662
-0.0966644287
-0.0916137695
-0.1374206543
0.3664550781
-0.7329101562
-0.0458068848
-0.2290344238
-0.3206481934
0.2748413086
0.0522155762
0.1566467285
0.0522155762
-0.0522155762
-0.0522155762
-0.8354644775
-0.4177246094
-0.0522155762
-0.1633605957
0.2567138672
0.0933532715
-0.0466766357
-0.5834197998
-0.6067657471
0.2800445557
-0.3033752441
0.0000000000
0.3422546387
0.2738037109
-0.2738037109
-0.7529602051
0.0684509277
0.0000000000
-0.0684509277
0.3247528076
0.1082458496
-0.2165069580
-0.1082458496
-0.2165069580
0.3247528076
-0.2165069580
0.4330139160
0.0414276123
-0.0414276123
0.4972229004
-0.2900390625
0.2071685791
-0.2071685791
0.7043914795
0.1657409668
0.0754089355
0.2262268066
0.6786956787
0.1508178711
-0.3016510010
-0.5655822754
-0.0377044678
-0.0377044678
0.0000000000
0.1000061035
-0.1000061035
0.1000061035
0.0000000000
0.0000000000
0.0000000000
0.1000061035
-0.2729339600
-0.0682373047
-0.0909729004
-0.0227508545
-0.1592102051
0.0227508545
-0.9325103760
0.0000000000
0.0000000000
0.0000000000
-0.2089080811
-0.1044464111
0.0000000000
0.5222625732
-0.4178161621
-0.3133544922
0.0534667969
0.8554687500
-0.0534667969
-0.1604003906
-0.2673339844
0.0000000000
-0.2138671875
-0.1604003906
0.1064758301
0.0000000000
0.0000000000
-0.1064758301
-0.1064758301
0.0000000000
0.1064758301
0.1064758301
0.0000000000
-0.2783508301
-0.2783508301
-0.2783508301
0.2783508301
-0.5567016602
0.2783508301
0.0000000000
0.2052612305
0.6157989502
0.2052612305
0.2565765381
0.0513153076
0.0000000000
-0.6157989502
-0.0513153076
0.1577301025
0.0525817871
0.7360534668
-0.4731750488
-0.1577301025
0.1051483154
-0.2628784180
0.1051483154
-0.1064758301
-0.1064758301
0.0000000000
0.0000000000
0.0000000000
-0.1064758301
0.1064758301
0.1064758301
0.5030822754
0.1437377930
0.0718688965
-0.5749664307
0.4312133789
-0.0718688965
-0.1437377930
0.0718688965
-0.2900543213
-0.0791015625
0.6064910889
-0.4219055176
-0.2373199463
0.2109527588
0.2900543213
-0.3955383301
0.0000000000
0.0000000000
-0.1064758301
0.1064758301
0.1064758301
0.1064758301
0.0000000000
0.1064758301
-0.2301635742
-0.0767211914
0.3068847656
-0.6137847900
0.0767211914
0.3836212158
-0.3068847656
-0.1534423828
0.1208343506
0.9263610840
0.0805511475
-0.1611022949
-0.1611022949
-0.0402832031
0.1208343506
0.0000000000
-0.3625183105
0.3625183105
0.1208343506
0.2416839600
0.1208343506
0.1208343506
0.1208343506
0.1208343506
-0.0939025879
-0.1408538818
-0.8451538086
-0.1878051758
0.0939025879
0.0000000000
0.0000000000
0.3756256104
-0.2211151123
-0.2211151123
0.1105499268
-0.1105499268
0.2211151123
0.2211151123
-0.1105499268
-0.5527648926
-0.0160675049
0.0160675049
-0.1607513428
0.9805450439
0.0160675049
-0.0160675049
-0.0321502686
0.0482177734
-0.0215759277
0.9711456299
-0.1726531982
-0.0863189697
-0.0431671143
0.0000000000
-0.0215759277
0.0431671143
0.3065643311
-0.6386871338
-0.0766448975
0.0000000000
0.5620422363
-0.0766448975
0.3832092285
-0.0511016846
-0.1147766113
0.5738525391
-0.3443145752
0.0000000000
0.0000000000
0.0000000000
0.1147766113
0.1147766113
0.7241668701
0.1551818848
0.0517272949
-0.2069091797
-0.3103485107
-0.1551818848
0.2586364746
-0.3620758057
0.1113433838
-0.1113433838
0.0000000000
0.1113433838
-0.1113433838
0.1113433838
0.1113433838
0.0000000000
-0.2369232178
0.1184692383
0.2369232178
-0.1184692383
0.0000000000
-0.4738464355
-0.1184692383
0.2369232178
0.1348114014
0.9100189209
-0.0337066650
0.2022247314
0.0000000000
0.2359313965
0.1348114014
-0.0337066650
-0.2013854980
-0.0863037109
0.4027709961
-0.8055419922
-0.1150817871
-0.1438446045
-0.1150817871
0.2589263916
0.1821746826
-0.1457366943
-0.2185974121
-0.3278961182
-0.5465087891
-0.4371948242
-0.4736328125
-0.1821746826
-0.1838531494
0.2451477051
-0.0204315186
-0.0612792969
-0.4902954102
-0.6741485596
0.4085845947
-0.1634368896
0.1251678467
0.4172210693
0.1668853760
-0.1668853760
-0.7927246094
0.0834503174
0.0000000000
0.2503356934
0.1099700928
0.0000000000
0.0000000000
-0.2199401855
-0.4398803711
0.2199401855
-0.2199401855
0.4398803711
-0.3117675781
-0.0346374512
0.4849853516
-0.3117675781
0.1385650635
-0.3810577393
0.5888977051
0.1385650635
0.2952117920
0.1107025146
0.5535278320
0.1845092773
0.0368957520
-0.5904235840
-0.4059143066
0.0368957520
0.2344665527
0.0000000000
-0.3517150879
0.3517150879
-0.3517150879
-0.1172332764
0.0000000000
0.1172332764
-0.3217620850
-0.1430053711
0.0000000000
-0.0357513428
-0.0357513428
0.0357513428
-0.8937988281
-0.1787567139
0.1213989258
-0.1213989258
-0.3642120361
-0.3642120361
0.0000000000
-0.1213989258
-0.2428131104
-0.1213989258
0.2268981934
0.5294342041
-0.3025360107
-0.3781585693
-0.2268981934
-0.1512603760
-0.1512603760
-0.3781585693
0.0000000000
0.0000000000
0.0000000000
-0.1150360107
-0.1150360107
0.2300720215
0.1150360107
0.0000000000
0.0000000000
0.0000000000
-0.2602386475
-0.0650634766
0.3252868652
-0.5204620361
0.2602386475
0.5855255127
0.0000000000
0.6007843018
0.2403106689
0.3604736328
-0.0600738525
0.1802368164
-0.5407104492
-0.0600738525
0.1511993408
-0.0503997803
0.7055664062
-0.4031829834
-0.1511993408
0.0503997803
-0.4535827637
0.0000000000
0.0000000000
-0.1178436279
-0.1178436279
0.1178436279
-0.1178436279
0.0000000000
0.0000000000
0.2357025146
0.3847351074
0.1539001465
0.0000000000
-0.5386199951
0.3077850342
0.1539001465
-0.0769500732
-0.4616851807
-0.2516326904
-0.0419464111
0.6290893555
-0.3984222412
-0.2726135254
0.1258239746
0.2516326904
-0.4613342285
0.2432556152
0.2432556152
0.0000000000
0.0000000000
0.0000000000
0.1216278076
0.0000000000
0.1216278076
-0.0785675049
0.0000000000
0.3142700195
0.2357025146
0.1571350098
0.3928375244
-0.6285400391
-0.2357025146
0.2222595215
0.7223510742
0.0555725098
-0.3333892822
-0.2778320312
-0.1111297607
0.3333892822
0.1111297607
-0.2234802246
0.4469451904
0.0000000000
0.2234802246
0.2234802246
0.2234802246
0.3352050781
-0.1117401123
-0.0326538086
-0.1632385254
-0.7508697510
-0.1958770752
0.0979461670
-0.0326538086
-0.1305847168
0.5549926758
-0.1004791260
0.1004791260
0.5023651123
0.1004791260
0.3014221191
0.4018859863
0.1004791260
-0.3014221191
-0.0140533447
-0.0140533447
-0.1546020508
0.9698028564
-0.0843353271
-0.0702819824
0.0983886719
0.0843353271
0.0000000000
0.9303894043
-0.2448425293
-0.1958770752
0.0734558105
0.0244903564
-0.0734558105
0.0734558105
0.2782287598
-0.6028442383
-0.0231933594
0.0231933594
0.5796508789
-0.3246002197
0.3014221191
-0.0927429199
-0.1937103271
0.5811157227
-0.2905578613
0.1937103271
0.1937103271
0.2905578613
-0.0968475342
0.1937103271
0.9476318359
0.0526428223
0.0789642334
-0.0789642334
-0.2105865479
0.0000000000
0.0526428223
-0.1316223145
0.1199951172
-0.1199951172
-0.1199951172
0.0000000000
-0.2400054932
0.1199951172
-0.1199951172
0.0000000000
-0.1099700928
0.3299102783
0.1099700928
0.0000000000
0.2199401855
-0.5498504639
-0.1099700928
0.2199401855
0.0521392822
0.9125061035
0.0260772705
0.1042938232
0.0782165527
0.3128662109
0.1564331055
-0.0521392822
-0.4413452148
-0.0315246582
0.4098205566
-0.7250518799
-0.0630493164
-0.0315246582
-0.1576232910
0.2206726074
0.2273254395
-0.1363983154
-0.2045898438
-0.3637237549
-0.7274322510
-0.1363983154
-0.3864440918
-0.2045898438
-0.2201690674
0.2201690674
-0.1000823975
-0.1000823975
-0.3802947998
-0.7405700684
0.4203338623
0.0200195312
0.1179809570
0.4483184814
0.1415710449
-0.0471954346
-0.8258361816
0.0707855225
0.0471954346
0.2359619141
0.5302276611
0.1060485840
-0.3181304932
-0.2120971680
-0.2120971680
0.3181304932
0.0000000000
0.0000000000
-0.6239318848
0.1101074219
0.4771270752
-0.1835174561
-0.1101074219
-0.3670196533
0.3670196533
0.1101074219
0.3460083008
0.0494232178
0.6178588867
0.3954315186
0.1482849121
-0.3954315186
-0.3460083008
0.1482849121
0.0000000000
-0.1928405762
-0.4821166992
-0.0964202881
-0.5785369873
-0.1928405762
0.0964202881
-0.0964202881
0.0733795166
-0.4403076172
0.0733795166
-0.1467742920
0.3669281006
0.0000000000
-0.5137023926
-0.4403076172
0.2270965576
0.0000000000
-0.2270965576
-0.4541778564
0.2270965576
-0.3406372070
-0.1135406494
0.1135406494
0.2449951172
0.8268585205
-0.3368682861
-0.0918731689
0.0306243896
-0.2756195068
-0.0612487793
-0.1531219482
0.1178436279
0.0000000000
0.0000000000
0.0000000000
-0.2357025146
0.1178436279
0.1178436279
-0.1178436279
0.0474853516
0.0949554443
-0.1899108887
0.0000000000
0.1899108887
-0.3323516846
0.0474853516
0.8545989990
0.2264862061
0.4529724121
0.2264862061
0.3963470459
-0.1698608398
0.3397216797
-0.4529724121
0.2831115723
0.1208343506
-0.1208343506
0.4833221436
-0.3624877930
-0.1611022949
0.0000000000
-0.7249755859
-0.0402832031
0.3750000000
0.0000000000
0.1250000000
0.1250000000
0.0000000000
0.0000000000
-0.1250000000
0.2500000000
0.5426635742
0.0603027344
-0.1808929443
-0.3617706299
-0.0603027344
0.4220733643
0.2411804199
-0.4220733643
-0.1782226562
-0.0534667969
0.6416168213
-0.3386383057
-0.3921051025
0.0178222656
0.3029937744
-0.4277496338
0.2494506836
0.2494506836
0.1247253418
0.0000000000
0.0000000000
0.2494506836
-0.1247253418
0.0000000000
-0.0849761963
-0.2549438477
0.1699676514
0.0000000000
-0.4249114990
0.0000000000
-0.6798706055
-0.0849761963
0.3522186279
0.6339874268
0.0000000000
-0.3522186279
-0.1408843994
-0.2817687988
0.2817687988
0.0704498291
-0.2199401855
0.2199401855
-0.2199401855
0.2199401855
0.5498504639
0.0000000000
0.2199401855
0.0000000000
0.0000000000
-0.1557769775
-0.6854095459
-0.2492370605
0.0000000000
-0.0934600830
-0.1246185303
0.6230926514
-0.1186676025
0.0593414307
0.4747009277
0.1780090332
0.4747009277
0.4747009277
0.1780090332
-0.3560180664
0.0263061523
0.0000000000
-0.1841278076
0.9732666016
-0.0526123047
-0.0526123047
0.0657653809
0.0526123047
0.0000000000
0.9219970703
-0.2787475586
-0.1286468506
0.1286468506
0.0857696533
-0.1286468506
0.0214385986
0.2155761719
-0.5658721924
0.0538940430
-0.0269470215
0.5119781494
-0.4580841064
0.3503112793
-0.1077880859
0.0000000000
0.4527893066
-0.1811065674
0.2716674805
0.3622283936
0.3622283936
-0.0905609131
0.3622283936
0.9451293945
0.0945129395
0.1181488037
0.1181488037
-0.1181488037
0.1890258789
-0.0472564697
0.0000000000
0.1247253418
0.1247253418
-0.2494506836
0.0000000000
-0.2494506836
0.0000000000
0.0000000000
0.2494506836
0.0000000000
-0.1249389648
0.2498626709
0.2498626709
0.1249389648
0.1249389648
-0.2498626709
0.0000000000
-0.0164031982
0.9843902588
0.0656280518
-0.0328063965
0.0328063965
0.1148529053
0.0492248535
0.0000000000
-0.8065490723
0.1344299316
0.0000000000
-0.0672149658
0.2016296387
0.1344299316
-0.3360595703
0.0672149658
0.1452178955
-0.0484008789
-0.1694183350
-0.1694183350
-0.8712921143
-0.1452178955
-0.3146362305
-0.1452178955
-0.1958770752
0.1468963623
-0.1468963623
-0.1468963623
-0.4407043457
-0.7834930420
0.2448425293
0.0979309082
0.0220031738
0.4181060791
0.1100311279
0.0000000000
-0.8361968994
0.1540374756
0.0660095215
0.2640686035
0.1855621338
0.1855621338
-0.5567016602
-0.1855621338
-0.1855621338
0.0000000000
-0.1855621338
0.4639129639
-0.0520782471
0.4686737061
0.6248931885
-0.3645172119
-0.3124542236
-0.1562194824
0.2082977295
0.0000000000
0.1159362793
0.0463714600
0.8347015381
0.4405364990
0.0927429199
-0.2550506592
-0.0463714600
0.0231933594
0.0000000000
-0.3316650391
-0.3316650391
-0.3316650391
-0.4422149658
0.0000000000
-0.1105499268
0.0000000000
0.2211151123
-0.1105499268
0.0368499756
-0.1473999023
0.0000000000
-0.0368499756
-0.9212799072
-0.1473999023
0.3165283203
0.1055145264
0.2110137939
-0.5275421143
0.3165283203
-0.2110137939
0.0000000000
0.1055145264
0.0753631592
0.9496459961
-0.2411804199
0.0452270508
0.0602874756
-0.0301513672
-0.0452270508
-0.1356658936
0.1247863770
-0.2495727539
-0.1247863770
-0.3743438721
-0.1247863770
0.1247863770
0.0000000000
0.1247863770
-0.0592346191
0.0592346191
-0.1184692383
0.0000000000
-0.0592346191
0.0592346191
0.5923309326
0.7108001709
0.5082397461
0.3811798096
0.5082397461
0.1270599365
0.1270599365
0.2964630127
-0.2117614746
0.3388214111
-0.1612701416
0.0000000000
0.3870391846
-0.2902832031
-0.1612701416
-0.3547821045
-0.7418212891
-0.0645141602
0.3743438721
-0.2495727539
0.1247863770
0.0000000000
0.0000000000
0.0000000000
0.0000000000
0.2495727539
0.7532806396
0.1965026855
0.0000000000
-0.3930053711
-0.2947540283
0.1637573242
0.1965026855
-0.2292633057
-0.0994262695
-0.1193084717
0.7357330322
-0.2783813477
-0.2982635498
-0.0596466064
0.2783813477
-0.4175720215
0.0000000000
0.0000000000
0.0000000000
0.0000000000
0.0000000000
0.0911560059
0.0911560059
-0.0911560059
-0.1595764160
0.0797882080
0.1595764160
-0.7180938721
-0.3191528320
-0.1595764160
-0.2393646240
-0.1595764160
0.1496582031
0.9353485107
-0.0748291016
-0.0748291016
0.0000000000
-0.1496582031
-0.0374145508
-0.1496582031
-0.2393341064
-0.1196746826
-0.1196746826
0.1196746826
0.4786834717
0.1196746826
0.2393341064
0.1196746826
0.0778808594
-0.0389404297
-0.7788543701
-0.3115386963
-0.1168212891
-0.0389404297
-0.0778808594
0.4673156738
0.0490417480
-0.2942962646
0.2942962646
0.0490417480
0.3923950195
0.4904785156
0.0490417480
-0.5885772705
0.0361938477
0.0241241455
-0.0844573975
0.9893798828
0.0120697021
0.0000000000
0.0603332520
0.0603332520
-0.0657348633
0.9859771729
-0.0821685791
-0.0657348633
0.0164337158
0.0493011475
-0.0328674316
0.0000000000
0.2845458984
-0.6165161133
0.1422729492
-0.1896972656
0.2371215820
-0.1422729492
0.5690917969
0.0948486328
0.1196746826
0.3590087891
0.1196746826
0.2393341064
0.3590087891
0.0000000000
0.1196746826
0.2393341064
0.8740234375
0.1294860840
-0.0647430420
0.2265930176
0.0647430420
0.3237152100
-0.0647430420
0.1294860840
0.1039276123
0.3117980957
-0.3117980957
-0.2078704834
-0.4157409668
-0.1039276123
0.0000000000
0.4157409668
0.1243286133
-0.2486572266
0.1243286133
0.1243286133
0.1243286133
-0.1243286133
-0.2486572266
0.0000000000
-0.0264739990
0.9926147461
0.0397033691
-0.0397033691
0.0264739990
0.0661773682
0.0000000000
0.0132293701
-0.1680603027
0.2100830078
-0.5041809082
0.6722412109
0.2100830078
-0.0840301514
0.0000000000
-0.3361206055
-0.0577239990
0.0577239990
-0.0577239990
-0.0288696289
-0.9525451660
-0.1154632568
-0.2020568848
-0.0288696289
0.0000000000
0.1575469971
-0.1260375977
-0.0630187988
-0.4411163330
-0.8507385254
0.0630187988
0.0315093994
-0.0646820068
0.3233795166
0.0646820068
0.0323333740
-0.8407745361
0.2263641357
0.0970153809
0.2910461426
-0.1422882080
0.0000000000
-0.3557281494
-0.2134399414
-0.3557281494
-0.0711517334
-0.4268798828
0.5691680908
0.6803131104
0.1600799561
0.4402008057
-0.2401123047
-0.4001770020
0.0400238037
-0.2000885010
-0.0800323486
-0.0603942871
0.0000000000
0.9059753418
0.3825225830
-0.0402679443
-0.0805358887
0.0805358887
-0.0402679443
-0.4241790771
-0.4241790771
0.1060485840
-0.1060485840
0.2120971680
0.3181304932
-0.2120971680
0.1060485840
0.1181182861
0.0000000000
0.0168762207
-0.1012420654
-0.0843658447
-0.0337524414
-0.9786987305
-0.0168762207
0.2038421631
0.1019134521
0.2038421631
-0.7134399414
0.0000000000
-0.1019134521
-0.1019134521
0.0000000000
0.0904083252
0.9557342529
-0.1808166504
0.0774841309
0.0387420654
0.0258331299
-0.0904083252
-0.1549835205
-0.2405242920
-0.3607788086
0.0000000000
-0.2405242920
0.0000000000
0.1202545166
0.1202545166
0.3607788086
-0.2025451660
0.2025451660
-0.0675201416
0.0000000000
-0.2025451660
0.2025451660
0.6751556396
0.4726104736
0.5541076660
0.4237213135
0.5541076660
0.0651855469
0.1303710938
0.2933502197
-0.1629638672
0.1955718994
-0.1018066406
-0.0339355469
0.3732910156
-0.3393554688
-0.1696777344
-0.5429840088
-0.6108551025
0.0000000000
0.2486572266
-0.2486572266
0.0000000000
-0.1243286133
0.0000000000
0.2486572266
0.0000000000
0.0000000000
0.8510131836
0.1501770020
0.0250244141
-0.3003540039
-0.3253936768
0.0750885010
0.0000000000
-0.1752166748
-0.0904998779
-0.1448059082
0.8145446777
-0.2534179688
-0.1267089844
-0.1086120605
0.1267089844
-0.4344177246
0.1224670410
0.1224670410
0.1224670410
0.0000000000
0.3674163818
-0.2449493408
0.2449493408
-0.2449493408
-0.0791473389
0.0000000000
0.0791473389
-0.9498596191
-0.1187286377
0.0000000000
-0.0791473389
-0.1187286377
0.0205383301
0.9650115967
-0.0821228027
0.0410614014
0.0205383301
-0.1231994629
-0.0615997314
-0.1642608643
-0.3165283203
0.1055145264
0.0000000000
0.0000000000
0.4220428467
0.1055145264
0.5275421143
0.1055145264
0.2378845215
0.0000000000
-0.3964691162
-0.6343383789
-0.0792999268
-0.3964691162
0.0000000000
0.0792999268
0.0000000000
-0.6351318359
0.0577392578
0.2309570312
0.1154785156
0.2886962891
0.0000000000
-0.5773925781
0.0118408203
0.0000000000
0.0000000000
0.9951477051
0.0236968994
0.0000000000
0.0473937988
0.0473937988
-0.0391387939
0.9914550781
0.0000000000
-0.0391387939
0.0260925293
0.0782775879
-0.0130462646
-0.0391387939
0.3466796875
-0.6438446045
0.3466796875
-0.1981048584
-0.1485748291
0.2476348877
0.3466796875
0.1485748291
0.5196685791
-0.3117980957
0.2078704834
-0.3117980957
0.0000000000
-0.2078704834
0.2078704834
-0.1039276123
0.9370574951
0.1419830322
-0.1135864258
0.1703796387
0.0283966064
0.1703796387
-0.0283966064
0.0567932129
0.0000000000
0.2490844727
0.0000000000
-0.2490844727
-0.3736267090
0.0000000000
-0.1245422363
0.1245422363
0.0000000000
0.0000000000
0.1242218018
0.0000000000
0.0000000000
-0.3726806641
-0.1242218018
-0.3726806641
-0.0451965332
0.9944305420
0.0113067627
-0.0339050293
0.0339050293
0.0451965332
0.0000000000
-0.0225982666
0.0818023682
0.0545349121
-0.4635009766
0.7906951904
0.1635894775
-0.0545349121
0.0818023682
-0.2999114990
-0.1099700928
0.0274963379
-0.0549774170
0.0549774170
-0.9621734619
0.0000000000
-0.1374511719
0.1099700928
0.3683929443
0.1841888428
-0.1381530762
0.0460510254
-0.1841888428
-0.8288879395
-0.1381530762
0.0000000000
-0.3391113281
0.0000000000
-0.2034759521
0.0678253174
-0.6104125977
0.5425872803
0.0000000000
0.1356506348
-0.1642608643
-0.3285217285
0.4927825928
0.0000000000
-0.4927825928
-0.1642608643
-0.2463989258
0.2463989258
0.8234863281
-0.0823516846
0.2195892334
-0.0274505615
-0.3019409180
0.0000000000
-0.3842926025
0.0549011230
-0.1036529541
-0.1036529541
0.9328308105
0.2591247559
-0.0690917969
0.1209259033
0.0863800049
-0.0690917969
-0.4718780518
-0.2097167969
0.3670196533
0.1048583984
0.5243072510
0.4194488525
-0.2097167969
0.0524291992
0.0000000000
0.1109619141
0.0493164062
-0.0493164062
-0.0493164062
-0.0123291016
-0.9863739014
-0.0493164062
-0.4096679688
-0.1024169922
-0.4096679688
-0.4096679688
-0.3072509766
0.0000000000
0.0000000000
-0.1024169922
0.0821380615
0.9583587646
-0.1506042480
0.0958404541
0.0000000000
0.0547637939
-0.1369018555
-0.1232147217
-0.1249389648
0.1249389648
-0.1249389648
0.0000000000
0.1249389648
0.0000000000
0.3748321533
0.2498779297
-0.2275390625
0.3792419434
0.0000000000
0.1516876221
-0.2275390625
0.3792419434
0.6067810059
-0.1516876221
0.5414886475
0.4002380371
0.4708557129
0.1412658691
0.2118835449
0.3766937256
-0.2118835449
0.2354278564
0.0802307129
-0.1203460693
0.4011383057
-0.2808074951
-0.1604614258
-0.6819458008
-0.4412536621
-0.0401153564
0.1178436279
0.1178436279
-0.1178436279
-0.2357025146
0.0000000000
0.0000000000
0.0000000000
-0.1178436279
0.8646545410
0.0934753418
0.0233764648
-0.2103271484
-0.3505401611
-0.0233764648
-0.2103271484
-0.1168518066
-0.0348205566
-0.2089233398
0.8705139160
-0.1392822266
0.0522308350
-0.1915130615
-0.0870513916
-0.3482055664
0.1178436279
0.0000000000
0.0000000000
0.1178436279
0.2357025146
0.0000000000
0.1178436279
-0.1178436279
0.0000000000
0.0000000000
-0.0366210938
-0.9888610840
0.0000000000
0.0183105469
0.0366210938
-0.0915679932
0.0000000000
0.9706878662
-0.1194610596
0.1343994141
0.0149383545
-0.0149383545
-0.0597381592
-0.1194610596
-0.3375549316
0.4219512939
0.1687774658
0.1687774658
0.1687774658
-0.0843963623
0.5063476562
0.3375549316
0.1142578125
0.3046875000
0.6474609375
-0.1523437500
0.0380859375
-0.3427734375
0.0380859375
-0.5332031250
0.1415863037
-0.7787017822
-0.1415863037
0.1415863037
0.0000000000
0.2831726074
-0.0707855225
-0.2831726074
-0.0402984619
-0.0134277344
0.0402984619
0.9938507080
0.0268554688
0.0000000000
0.0402984619
-0.0268554688
-0.0543975830
0.9901275635
0.0326385498
-0.0543975830
0.0326385498
0.0761566162
-0.0108795166
-0.0435180664
0.2628784180
-0.5257568359
0.4731750488
-0.1577301025
-0.4731750488
0.2628784180
0.1051483154
0.1051483154
0.2894592285
-0.6271820068
0.0964813232
-0.3859558105
-0.0482482910
-0.3377075195
0.2412261963
-0.3377075195
0.9543609619
0.0561370850
-0.1122741699
0.0561370850
-0.0561370850
-0.0561370850
0.1964874268
0.0000000000
-0.1250000000
0.0000000000
0.1250000000
0.2500000000
0.0000000000
0.3750000000
0.1250000000
0.0000000000
0.1234283447
-0.1234283447
0.0000000000
-0.2468566895
-0.2468566895
-0.2468566895
0.2468566895
-0.2468566895
0.0372924805
0.9942626953
-0.0372924805
0.0248565674
-0.0372924805
0.0124359131
0.0372924805
-0.0124206543
-0.1104736328
-0.1473083496
-0.2209625244
0.7733612061
-0.4419097900
-0.1841278076
0.1841278076
0.1104736328
0.3303527832
0.0550537109
-0.0550537109
-0.1651763916
-0.4404754639
-0.6056518555
-0.3854217529
-0.2202453613
-0.1994018555
0.3081665039
0.1812744141
-0.0543823242
-0.3988037109
-0.7613677979
0.2175292969
-0.1812744141
0.0562591553
0.4501037598
0.3375701904
-0.1687927246
-0.6751556396
0.1125183105
0.0000000000
0.2813110352
0.2985992432
0.0000000000
-0.1990661621
-0.2985992432
-0.2985992432
0.2985992432
0.0000000000
0.4976654053
0.4586639404
-0.1764068604
0.5292358398
-0.1411285400
0.0000000000
-0.2822570801
0.5645141602
0.1411285400
0.0000000000
0.0000000000
0.9582672119
0.2647857666
0.0000000000
0.0126037598
-0.0252227783
-0.0756530762
0.1245422363
0.3736267090
0.0000000000
0.2490844727
0.0000000000
0.0000000000
0.1245422363
0.2490844727
-0.1798400879
0.0000000000
0.0479583740
0.0359649658
-0.0599517822
0.0599517822
-0.9711151123
-0.0959167480
0.0000000000
0.1847991943
0.3696136475
-0.2772064209
0.1847991943
0.5544128418
-0.2772064209
-0.1847991943
0.0200195312
0.9809570312
-0.1201171875
0.0200195312
-0.0400390625
0.0000000000
-0.0400390625
-0.0800781250
0.1238555908
0.0000000000
0.1238555908
-0.2477111816
-0.1238555908
0.1238555908
0.3715667725
0.2477111816
0.0000000000
0.0000000000
-0.2332305908
-0.3498535156
0.1166229248
-0.4664764404
0.0000000000
0.2332305908
0.2545776367
0.4242858887
0.4242858887
0.2121429443
0.2969970703
0.1697082520
-0.5940093994
0.0424346924
0.1857757568
0.0000000000
0.7431030273
-0.4179992676
-0.2786712646
0.1857757568
-0.2322235107
-0.0464477539
-0.1000061035
0.0000000000
0.0000000000
-0.1000061035
0.0000000000
0.1000061035
0.0000000000
0.1000061035
0.5436553955
0.2416229248
0.0000000000
-0.4228363037
0.5436553955
0.1208038330
-0.0604095459
-0.1812133789
-0.3027343750
-0.1261444092
0.6811676025
-0.3531951904
-0.1766052246
0.3531951904
0.2522888184
-0.2522888184
0.1178436279
0.0000000000
-0.1178436279
0.2357025146
-0.1178436279
0.0000000000
0.1178436279
0.0000000000
-0.0436706543
-0.0218353271
0.0000000000
-0.9826507568
-0.0655059814
0.0873413086
-0.0218353271
-0.0655059814
0.0632324219
0.9695281982
-0.0421600342
0.0000000000
-0.1896820068
0.0000000000
0.0632324219
0.0000000000
-0.4057312012
0.5071563721
0.2028656006
0.3042907715
0.1014251709
-0.1014251709
-0.1014251709
0.2028656006
-0.0960388184
-0.2401123047
-0.8163604736
-0.1920928955
0.1920928955
-0.0480194092
-0.0480194092
0.3361511230
-0.1196746826
-0.1196746826
-0.1196746826
0.0000000000
0.0000000000
0.1196746826
0.0000000000
-0.5983581543
0.0141601562
0.0000000000
-0.0849609375
0.9911346436
-0.0141601562
0.0141601562
-0.0566406250
0.0141601562
-0.0719451904
0.9831848145
-0.1079101562
-0.0119934082
-0.0719451904
-0.0719451904
0.0119934082
0.0359649658
0.2232513428
-0.6697540283
0.1488342285
-0.0248107910
0.5209197998
0.0000000000
0.4216918945
-0.0992279053
-0.0767211914
0.8439483643
-0.1534423828
0.0000000000
-0.0767211914
0.1534423828
0.1534423828
-0.0767211914
0.9206542969
-0.0736541748
0.0736541748
-0.0736541748
-0.1841278076
-0.1104736328
0.1104736328
-0.1841278076
0.0000000000
0.0000000000
0.0000000000
0.0000000000
-0.2129516602
0.1064758301
0.0000000000
0.0000000000
-0.1153869629
0.0000000000
0.1153869629
-0.2307739258
-0.2307739258
-0.5769195557
0.0000000000
-0.1153869629
0.0487518311
0.9872894287
-0.0365600586
0.0609436035
-0.0487518311
0.0731353760
0.0731353760
0.0000000000
-0.1561279297
-0.2732238770
0.3512878418
-0.3903198242
-0.5464324951
-0.1951599121
0.2341918945
0.4293365479
0.4046173096
-0.0867004395
-0.2023010254
-0.2601165771
-0.7514190674
-0.0867004395
-0.2601165771
-0.2312011719
-0.2360534668
0.2989959717
0.1101531982
-0.0314788818
-0.3934173584
-0.7396240234
0.3462066650
-0.1101531982
0.0436706543
0.4803009033
0.2183227539
0.0000000000
-0.6986236572
0.0873260498
0.0873260498
0.3929748535
0.2258758545
-0.1129455566
0.1129455566
-0.2258758545
-0.3388214111
0.2258758545
-0.1129455566
0.4517517090
-0.3127136230
-0.0694885254
0.4516906738
-0.2084808350
0.1042327881
-0.4516906738
0.6254272461
0.0694885254
0.0613403320
-0.0245361328
0.9446563721
0.2821655273
0.0245361328
-0.0245361328
-0.0736083984
-0.1104125977
0.4398803711
0.1099700928
-0.3299102783
0.1099700928
-0.4398803711
0.0000000000
0.1099700928
0.1099700928
-0.1722717285
-0.0132446289
0.0530090332
0.0530090332
-0.0662536621
0.0662536621
-0.9674072266
-0.1192626953
-0.1172332764
0.1172332764
0.4689483643
-0.1172332764
0.1172332764
0.0000000000
-0.2344665527
0.3517150879
0.0879211426
0.9378509521
-0.2344665527
-0.0293121338
0.0000000000
-0.0879211426
0.0000000000
-0.1465454102
0.0000000000
0.0000000000
0.0000000000
-0.3748016357
-0.1249389648
0.2498626709
0.1249389648
0.0000000000
0.0641174316
0.0000000000
-0.1282348633
-0.1923675537
0.3206024170
-0.4488525391
-0.0641174316
0.7053375244
0.0783233643
0.4699859619
0.5483093262
0.1566619873
0.2349853516
0.1566619873
-0.3916473389
0.0783233643
0.0952758789
0.0000000000
0.7145843506
-0.3811187744
-0.3334808350
0.1905517578
-0.3334808350
-0.0476379395
-0.1064758301
0.0000000000
-0.1064758301
0.0000000000
-0.1064758301
0.0000000000
-0.1064758301
0.1064758301
0.4889373779
0.2716217041
-0.1629791260
-0.3802795410
0.2716217041
0.3259582520
0.0000000000
-0.4889373779
-0.2800445557
-0.0933532715
0.6767730713
-0.3967285156
-0.2100372314
0.2800445557
0.1866912842
-0.3500518799
0.3729858398
0.0000000000
0.1243286133
-0.1243286133
0.0000000000
0.1243286133
0.0000000000
0.1243286133
-0.0269622803
0.0000000000
0.0539398193
-0.9707794189
0.0269622803
0.1078643799
-0.1078643799
-0.0809020996
0.1249084473
0.9243774414
-0.0999298096
-0.0249786377
-0.2748107910
-0.0749511719
0.1249084473
-0.0499725342
-0.2222900391
0.5557098389
0.0000000000
0.2222900391
0.2222900391
-0.1111450195
-0.2222900391
0.1111450195
0.0000000000
-0.1747283936
-0.8153839111
-0.2038421631
0.0873565674
-0.0582427979
-0.0873565674
0.4659271240
0.1082458496
0.0000000000
0.1082458496
-0.1082458496
0.0000000000
0.3247528076
0.0000000000
-0.6495208740
-0.0248565674
0.0000000000
-0.0870208740
0.9820709229
-0.0994567871
-0.0497283936
0.0870208740
0.0497283936
-0.0827941895
0.9831542969
-0.1241912842
-0.0517425537
0.0103454590
-0.0620880127
-0.0310516357
0.0103454590
0.1492767334
-0.6610565186
0.2558898926
0.0000000000
0.5117797852
-0.2558898926
0.3625183105
-0.0426483154
-0.2237548828
0.8204498291
-0.0745849609
0.1491699219
0.0745849609
0.2237548828
0.0745849609
0.0000000000
0.9780273438
-0.0850524902
0.0850524902
0.0000000000
-0.0850524902
0.0000000000
0.0000000000
-0.0850524902
0.1199951172
0.1199951172
-0.1199951172
-0.1199951172
-0.2400054932
0.0000000000
0.0000000000
0.1199951172
-0.1071319580
0.1071319580
0.1071319580
0.1071319580
0.0000000000
-0.6428222656
-0.3214111328
-0.1071319580
0.0256347656
0.9868469238
-0.0384521484
0.0512695312
-0.0384521484
0.0897064209
0.0769042969
-0.0256347656
-0.3264770508
-0.2448577881
0.4488983154
-0.4488983154
-0.4080963135
-0.1224212646
0.2448577881
0.3672790527
0.3312377930
-0.0584564209
-0.2922668457
-0.3701934814
-0.7598876953
0.0389709473
-0.1363830566
-0.2338104248
-0.2633209229
0.3097839355
0.0774536133
-0.0309753418
-0.3407592773
-0.7589721680
0.3562622070
-0.0309753418
0.0797424316
0.5050659180
0.1860809326
0.0531616211
-0.7443084717
0.1063232422
0.1063232422
0.3189849854
0.3999938965
0.0000000000
-0.1999969482
-0.1999969482
0.1999969482
0.3999938965
0.1999969482
0.3999938965
-0.6378173828
-0.0318908691
0.4145812988
-0.1913452148
-0.0637817383
-0.4464721680
0.3826904297
0.0318908691
0.1007080078
-0.1230926514
0.9064025879
0.3692779541
0.0559539795
-0.0223846436
-0.0895233154
-0.0335693359
0.2892761230
-0.0964202881
-0.3856964111
-0.1928405762
-0.5785369873
-0.1928405762
0.0964202881
-0.0964202881
-0.1099395752
-0.0628204346
0.0628204346
0.0785217285
-0.0157012939
0.0785217285
-0.9580383301
-0.2041778564
0.0843963623
0.0843963623
0.5907287598
0.0843963623
0.3375549316
-0.4219512939
-0.1687774658
0.2531738281
0.1251373291
0.9384918213
-0.2502593994
-0.0417175293
0.0625610352
-0.1251373291
0.0625610352
-0.0417175293
-0.1228332520
0.0000000000
0.0000000000
-0.1228332520
-0.2456817627
0.2456817627
-0.1228332520
0.0000000000
0.1010589600
-0.0505218506
-0.1515808105
-0.2021026611
0.3031616211
-0.4547424316
-0.2021026611
0.7073669434
0.3692016602
0.3692016602
0.3692016602
0.1846008301
0.1230621338
0.3076629639
-0.3692016602
0.4307250977
-0.0514526367
0.0000000000
0.6688690186
-0.4116210938
-0.2572631836
0.3087158203
-0.3601684570
-0.0514526367
0.2486572266
0.0000000000
-0.2486572266
0.1243286133
-0.1243286133
-0.1243286133
0.1243286133
0.1243286133
0.6428222656
0.1714172363
-0.1285705566
-0.3428344727
-0.0857086182
0.3428344727
0.1285705566
-0.4714050293
-0.2819366455
-0.0650634766
0.6723022461
-0.3686828613
-0.3036193848
0.1951904297
0.2168731689
-0.3686828613
0.3748321533
0.0000000000
0.1249389648
-0.2498779297
0.0000000000
0.1249389648
-0.1249389648
-0.1249389648
-0.0589141846
-0.0589141846
0.0294647217
-0.9721679688
-0.0294647217
0.0294647217
-0.1178436279
-0.0589141846
0.2263641357
0.9054565430
-0.1293487549
0.0000000000
-0.1616821289
-0.1616821289
0.0970153809
-0.1293487549
-0.3230743408
0.4307708740
0.0000000000
0.3230743408
0.3230743408
-0.1076965332
-0.2153778076
0.1076965332
0.1127166748
-0.1690826416
-0.7608795166
-0.2536315918
0.0281829834
-0.1690826416
-0.0563659668
0.5072479248
0.1724090576
0.0862121582
0.2586212158
-0.0862121582
0.2586212158
0.5172424316
0.1724090576
-0.5172424316
-0.0356292725
0.0237579346
-0.0831298828
0.9856567383
-0.1068725586
-0.0118713379
0.0593719482
0.0118713379
-0.0861053467
0.9815979004
-0.1033325195
-0.0430450439
0.0774993896
-0.0258331299
-0.0861053467
-0.0086059570
0.0901641846
-0.6536865234
0.2930297852
0.0000000000
0.4282836914
-0.3606567383
0.3831939697
-0.0450744629
-0.0977325439
0.6840820312
0.0977325439
0.2931823730
0.1954498291
0.0977325439
0.1954498291
0.0000000000
0.9727020264
-0.0405273438
0.0810546875
0.1013183594
-0.1013183594
0.1013183594
0.0000000000
-0.0405273438
-0.1237182617
0.1237182617
0.0000000000
-0.1237182617
-0.2474365234
0.0000000000
0.2474365234
0.1237182617
0.0000000000
-0.1238555908
0.2477111816
0.1238555908
-0.1238555908
-0.1238555908
-0.3715667725
-0.2477111816
0.0000000000
0.9944305420
0.0110473633
-0.0441894531
-0.0110473633
0.0331420898
0.0441894531
-0.0441894531
-0.2738037109
-0.0684509277
-0.0684509277
0.5476074219
-0.3422546387
-0.4107055664
0.4107055664
0.0684509277
0.1871490479
0.0701904297
-0.2339477539
-0.3275299072
-0.8422088623
0.0000000000
-0.0701904297
-0.2573394775
-0.2074127197
0.2938385010
0.0691375732
-0.0518493652
-0.2765655518
-0.8469543457
0.2419891357
0.0345764160
0.0281982422
0.5358581543
0.1410217285
0.0281982422
-0.7332763672
0.2256317139
0.1128082275
0.2538299561
0.0868377686
-0.0868377686
-0.0868377686
-0.2605133057
-0.0868377686
0.1736755371
0.0000000000
0.7815399170
0.1099548340
0.1099548340
0.7146911621
-0.2199096680
-0.3298645020
-0.3848419189
0.2199096680
0.1099548340
0.0000000000
-0.1509704590
0.8932342529
0.4025878906
0.1006469727
-0.0377349854
-0.0251617432
0.0000000000
0.3566131592
-0.1782989502
-0.3566131592
-0.2674560547
-0.5349121094
-0.2674560547
0.0891571045
0.0000000000
-0.0700073242
0.0140075684
0.0700073242
0.0559997559
-0.0420074463
0.0840148926
-0.9660949707
-0.1960144043
0.0709686279
0.0709686279
0.8516235352
-0.0709686279
0.2838745117
-0.0709686279
0.0000000000
-0.0709686279
0.1140899658
0.9554748535
-0.2424316406
0.0570373535
0.0142669678
0.0142669678
0.0000000000
-0.0713043213
0.1247253418
-0.1247253418
0.1247253418
-0.2494506836
-0.2494506836
0.1247253418
-0.1247253418
0.1247253418
0.0947570801
0.0000000000
-0.0947570801
-0.3790283203
0.1895141602
-0.1895141602
-0.0947570801
0.6633148193
0.4805145264
0.2669525146
0.3737335205
0.1067810059
0.3203430176
0.2669525146
-0.3737335205
0.3737335205
-0.2376556396
0.1188201904
0.6733398438
-0.3960876465
-0.2772521973
-0.0396118164
-0.4356842041
0.0000000000
0.2438964844
-0.2438964844
-0.4878082275
0.0000000000
0.0000000000
0.0000000000
0.0000000000
0.1219482422
0.7419891357
0.2077636719
-0.0296783447
-0.3858337402
-0.3561553955
0.1483917236
0.0890350342
-0.2671203613
-0.2616119385
-0.2092895508
0.7324981689
-0.2877655029
-0.2092895508
0.1569671631
0.2092895508
-0.3662414551
0.1243286133
0.1243286133
0.1243286133
-0.1243286133
0.0000000000
0.0000000000
0.3729858398
0.0000000000
-0.0862731934
0.0000000000
0.0000000000
-0.9777526855
-0.0287628174
-0.0287628174
-0.0862731934
-0.0287628174
0.1728973389
0.9221343994
-0.1728973389
0.0576324463
0.0576324463
-0.1152648926
-0.1152648926
-0.1728973389
-0.2307739258
0.1153869629
0.0000000000
0.2307739258
0.3461608887
0.0000000000
-0.3461608887
0.3461608887
0.1196746826
-0.1196746826
-0.8775939941
-0.2792358398
-0.0797882080
-0.0797882080
-0.0398864746
0.2393493652
0.2108154297
-0.0702667236
0.1405334473
0.0000000000
0.2108154297
0.5621643066
0.0702667236
-0.6324310303
-0.0501708984
0.0501708984
-0.0250854492
0.9909057617
-0.0627136230
0.0250854492
0.0376281738
-0.0376281738
-0.0676269531
0.9891052246
-0.0760803223
-0.0338134766
0.0507202148
-0.0253601074
-0.0676269531
-0.0084533691
0.1424560547
-0.7123107910
0.3917694092
0.0000000000
0.2493133545
-0.1780853271
0.4273834229
-0.0356140137
0.1833038330
0.6415557861
0.2749481201
0.1833038330
0.1833038330
-0.1833038330
0.2749481201
-0.0916442871
0.9396514893
-0.0234985352
0.0000000000
0.2114257812
-0.0939636230
0.2114257812
0.0000000000
-0.0234985352
0.0000000000
0.2405242920
-0.1202545166
-0.2405242920
-0.3607788086
-0.1202545166
0.0000000000
0.3607788086
0.2369232178
-0.1184692383
0.3553924561
0.0000000000
0.0000000000
-0.2369232178
-0.2369232178
-0.3553924561
-0.0206756592
0.9927062988
0.0103454590
-0.0620422363
0.0206756592
0.0516967773
0.0310211182
-0.0516967773
0.1963500977
0.0000000000
-0.3927154541
0.5497894287
-0.1178131104
-0.5105285645
0.3534393311
-0.2356262207
0.0000000000
0.1002044678
-0.2672119141
-0.2672119141
-0.8684539795
-0.0334014893
-0.0334014893
-0.2338104248
-0.1386871338
0.3814086914
0.1386871338
-0.0520172119
-0.1733703613
-0.8668365479
0.1213531494
0.0866851807
0.0407714844
0.5708618164
0.0407714844
0.0815582275
-0.6931915283
0.2854309082
0.0815582275
0.2038726807
-0.3059387207
-0.1835632324
0.4283142090
-0.2447509766
-0.4283142090
-0.0611877441
-0.1223754883
0.5506896973
0.7615814209
-0.0725250244
0.4714508057
-0.0362701416
-0.2901306152
-0.1087951660
-0.2175903320
0.0725250244
-0.0825347900
-0.1650695801
0.8843078613
0.4008941650
0.1179046631
-0.0589599609
-0.0353698730
0.0117950439
0.1945648193
-0.1945648193
-0.2918548584
-0.1945648193
-0.3891448975
-0.4864349365
0.1945648193
0.1945648193
-0.0814208984
0.0814208984
0.1046905518
0.0348968506
-0.0814208984
0.0697937012
-0.9654998779
-0.1628570557
-0.0645141602
0.1935577393
0.7742156982
-0.2580718994
0.2580718994
0.1290283203
0.0645141602
-0.2580718994
0.1098632812
0.9337768555
-0.2609100342
0.1373138428
0.0000000000
0.0549316406
-0.0686645508
-0.1235961914
0.0000000000
-0.2474365234
0.2474365234
-0.1237182617
-0.1237182617
0.0000000000
0.1237182617
-0.1237182617
0.2438964844
-0.1219482422
0.1219482422
-0.3658599854
0.0000000000
0.1219482422
0.0000000000
0.3658599854
0.4511566162
0.2871093750
0.3691253662
0.2050781250
0.3691253662
0.2460937500
-0.4921722412
0.2050781250
-0.2285156250
0.1142578125
0.6855468750
-0.4570312500
-0.3046875000
-0.1523437500
-0.3046875000
0.0000000000
0.0000000000
-0.2270965576
-0.5677337646
-0.2270965576
0.1135406494
0.1135406494
0.0000000000
-0.2270965576
0.7602844238
0.1824645996
0.0304107666
-0.4561767578
-0.2432861328
0.1216430664
0.0304107666
-0.2736968994
-0.3097534180
-0.3097534180
0.6814575195
-0.3097534180
-0.1239013672
0.1548767090
0.1239013672
-0.4026794434
0.0000000000
0.1229705811
0.0000000000
0.0000000000
0.2459411621
-0.1229705811
0.4918823242
-0.1229705811
-0.0265350342
0.0000000000
-0.0530700684
-0.9818115234
-0.0796051025
-0.0530700684
-0.0265350342
0.0000000000
0.0947265625
0.8998870850
-0.2131347656
0.1894531250
0.1184082031
-0.0473632812
-0.1420898438
-0.2131347656
-0.2078704834
0.3117980957
0.3117980957
0.3117980957
0.4157409668
0.1039276123
-0.2078704834
0.2078704834
0.0551452637
0.0000000000
-0.8271484375
-0.4411468506
-0.0551452637
-0.0551452637
-0.1102905273
0.0000000000
0.1730346680
-0.4326019287
0.0000000000
0.1730346680
-0.0865173340
0.3460845947
0.0000000000
-0.6056518555
-0.0890502930
0.0534362793
0.0000000000
0.9796295166
-0.0534362793
0.0000000000
0.0712432861
-0.1068725586
-0.0272674561
0.9908294678
-0.0454559326
-0.0454559326
0.0727233887
-0.0090942383
-0.0636291504
-0.0363616943
0.1758270264
-0.7472839355
0.4835357666
0.0000000000
0.1318664551
0.0000000000
0.3077087402
-0.0439605713
0.3051300049
0.3814086914
0.4576873779
-0.1525573730
0.0000000000
-0.3051300049
0.3814086914
-0.3051300049
0.9240875244
-0.0192565918
0.0000000000
0.2695312500
-0.0770111084
0.2310180664
0.0384979248
-0.0192565918
-0.1228332520
0.2456817627
0.1228332520
-0.1228332520
-0.1228332520
-0.1228332520
-0.1228332520
0.1228332520
0.2211151123
-0.1105499268
0.3316650391
-0.2211151123
0.1105499268
-0.3316650391
0.0000000000
-0.4422149658
-0.0210876465
0.9908447266
-0.0210876465
-0.0421600342
0.0527038574
0.0737915039
0.0316162109
-0.0527038574
0.3118133545
-0.0239868164
-0.4317474365
0.6236267090
0.0000000000
-0.3358001709
0.2878265381
-0.3358001709
0.0000000000
-0.0329589844
-0.3626098633
-0.1977844238
-0.8570556641
0.1648254395
0.0659332275
-0.1648254395
-0.0433654785
0.4336395264
0.2385101318
-0.0650482178
0.0216827393
-0.8239288330
-0.0867309570
0.2168273926
0.2328948975
0.3105163574
-0.3105163574
0.3105163574
-0.3881530762
0.5434112549
-0.0776367188
0.0000000000
-0.2064666748
-0.1238861084
0.8258666992
-0.0412902832
-0.3716430664
-0.0412902832
-0.0412902832
0.2477569580
0.8094940186
-0.2618865967
0.0952301025
0.1428527832
-0.2618865967
0.0238037109
-0.3809356689
0.1190490723
-0.0967559814
-0.1838226318
0.9094543457
0.3289489746
0.1161041260
-0.0193481445
-0.0677185059
0.0096740723
0.1166229248
0.0000000000
0.0000000000
-0.2332305908
-0.3498535156
-0.4664764404
0.2332305908
0.0000000000
-0.1068572998
0.1389160156
0.1496124268
0.0534362793
-0.0534362793
0.0854949951
-0.9510650635
-0.1602935791
-0.3422546387
0.1369018555
0.5476074219
0.0000000000
0.4107055664
0.0684509277
-0.0684509277
-0.4791564941
0.0953826904
0.8993072510
-0.3270263672
0.1635131836
-0.0272521973
0.0681304932
-0.1362609863
-0.1362609863
0.0000000000
0.0000000000
-0.1199951172
0.0000000000
0.0000000000
0.0000000000
0.2400054932
-0.2400054932
0.0000000000
0.1250000000
0.2500000000
-0.1250000000
-0.1250000000
0.2500000000
-0.1250000000
-0.2500000000
0.3816528320
0.2642211914
0.3522949219
0.2935791016
0.4110107422
0.2935791016
-0.4990844727
0.2055053711
-0.1335601807
0.1335601807
0.7123107910
-0.3561553955
-0.3561553955
-0.2671203613
-0.2225952148
-0.1335601807
0.0000000000
-0.1199951172
-0.1199951172
-0.2400054932
0.1199951172
-0.1199951172
0.0000000000
-0.1199951172
0.7822875977
-0.0869140625
-0.0869140625
-0.4925537109
-0.2317962646
0.2028198242
0.0289764404
-0.0869140625
-0.2559051514
-0.4094543457
0.6653747559
-0.3070983887
-0.1535491943
0.0511779785
-0.1535491943
-0.3070983887
0.0000000000
0.0000000000
0.0000000000
0.2486572266
0.2486572266
-0.1243286133
0.2486572266
0.0000000000
0.0000000000
0.0000000000
-0.0858306885
-0.9869995117
-0.0429077148
-0.0429077148
0.0000000000
0.0000000000
0.0896911621
0.8968505859
-0.1973114014
0.2331848145
0.1434936523
0.0717468262
-0.1793670654
-0.1614379883
0.0000000000
0.5095977783
0.4076843262
0.3057556152
0.1019134521
-0.2038421631
0.1019134521
0.2038421631
0.2401123047
0.4001922607
-0.1600799561
-0.5602722168
0.0000000000
-0.2401123047
0.0800323486
-0.4001922607
0.3825073242
-0.6885070801
-0.0765075684
-0.1529998779
0.0000000000
0.2295074463
-0.0765075684
-0.3059997559
-0.2078552246
-0.0346374512
-0.0346374512
0.8660278320
-0.0692901611
-0.0692901611
0.2424926758
-0.3117675781
-0.0089416504
0.9924163818
-0.0268249512
-0.0536499023
0.0625915527
-0.0089416504
-0.0536499023
-0.0447082520
-0.0819549561
-0.5737304688
0.7376403809
-0.1229400635
-0.1229400635
-0.0409851074
0.1639251709
0.0819549561
0.1677398682
-0.1677398682
0.3913726807
-0.2795562744
-0.0559082031
-0.3913726807
0.4472961426
-0.5032043457
0.9380493164
-0.0187683105
-0.0187683105
0.2438964844
-0.0562896729
0.1500854492
0.1500854492
0.0187683105
0.0000000000
0.1113433838
-0.1113433838
0.1113433838
-0.1113433838
0.1113433838
-0.1113433838
0.0000000000
0.2480010986
0.0619964600
-0.1240081787
-0.4960174561
-0.3100128174
-0.1240081787
0.4960174561
-0.4340209961
0.0000000000
0.9951019287
-0.0414581299
-0.0207366943
-0.0621948242
0.0103607178
-0.0103607178
-0.0103607178
-0.1006774902
-0.0503387451
-0.2894287109
0.9186096191
-0.2013397217
0.0000000000
0.0629119873
-0.1006774902
0.5086975098
-0.1695556641
0.0000000000
-0.2967376709
-0.6358642578
-0.2119598389
-0.1695556641
-0.2967376709
-0.1967468262
0.3040466309
0.1788482666
-0.1251983643
-0.1967468262
-0.8763885498
0.0536499023
-0.0357666016
0.0580291748
0.4062042236
0.2321166992
0.0000000000
-0.6963500977
-0.0580291748
0.1160583496
0.4062042236
0.2058258057
0.1029205322
-0.5145721436
-0.3087463379
-0.3087463379
0.3087463379
0.0000000000
0.1029205322
0.8749847412
-0.1458282471
0.3124847412
-0.0625000000
-0.0416717529
-0.2083282471
0.2291564941
0.0000000000
0.0000000000
-0.0087585449
0.9631042480
0.2539062500
0.0262603760
0.0525360107
-0.0087585449
-0.0437774658
0.2905578613
0.3874053955
-0.3874053955
0.3874053955
0.0000000000
-0.1937103271
0.0968475342
0.2905578613
-0.1692199707
0.0187988281
0.0564117432
0.1128082275
0.0470123291
0.1410217285
-0.9494934082
-0.1692199707
0.2176208496
0.1088104248
0.6528625488
-0.0544128418
0.5984649658
0.0544128418
-0.1632232666
-0.1632232666
0.0111236572
0.9898681641
-0.1112213135
0.0222473145
0.0000000000
0.0556030273
0.0111236572
0.0000000000
-0.1892852783
0.1892852783
-0.0630950928
0.0630950928
0.0630950928
0.0630950928
0.0000000000
-0.8833618164
0.1250000000
-0.2500000000
-0.1250000000
0.0000000000
-0.1250000000
-0.1250000000
0.2500000000
0.2500000000
0.1857757568
0.0464477539
0.3715515137
0.0928955078
0.4179992676
0.1393280029
-0.7431030273
0.0000000000
0.2555389404
0.0364990234
0.6936187744
-0.3650665283
-0.3285522461
0.4015655518
-0.0364990234
-0.0730133057
0.0000000000
0.0000000000
-0.3711547852
-0.1237182617
0.0000000000
0.1237182617
-0.1237182617
0.0000000000
0.8360748291
0.0760040283
0.0000000000
-0.2280273438
0.3040313721
0.2280273438
0.0000000000
-0.2280273438
-0.1502227783
-0.0500793457
0.7010650635
-0.1752624512
-0.2003021240
0.5258026123
0.3254852295
0.1001586914
0.1243286133
-0.1243286133
-0.2486572266
0.2486572266
-0.1243286133
-0.1243286133
0.0000000000
-0.1243286133
0.0000000000
0.0362243652
0.0120697021
-0.9900360107
-0.1086578369
0.0362243652
0.0241546631
0.0000000000
0.0329895020
0.9897308350
0.0000000000
0.0164947510
-0.0824737549
0.0000000000
0.0329895020
-0.0494842529
-0.4168243408
0.6550140381
0.1786346436
0.3572845459
0.1190948486
-0.2977294922
0.0595397949
0.1190948486
-0.0808105469
0.0000000000
0.6464385986
-0.2424163818
0.1616058350
0.1616058350
-0.0808105469
0.4848327637
0.2222900391
0.2222900391
-0.2222900391
-0.2222900391
0.0000000000
0.1111450195
0.1111450195
-0.5557098389
0.0269927979
0.0809631348
-0.0269927979
0.9851379395
-0.0809631348
-0.0134887695
-0.0944671631
0.0000000000
-0.1668548584
0.9566802979
-0.0778656006
0.0556182861
-0.1557312012
-0.0667419434
0.0111236572
0.1223602295
0.1607513428
-0.5281982422
0.5511627197
-0.0688934326
0.4133758545
0.2985382080
0.2755737305
-0.1837158203
-0.0737762451
0.8853607178
-0.1475524902
0.0000000000
0.0000000000
0.0000000000
0.0737762451
0.0000000000
0.9738616943
-0.1311035156
0.0749053955
0.1123657227
-0.0187225342
0.0000000000
0.0374603271
-0.0561828613
-0.1228332520
0.0000000000
0.0000000000
0.0000000000
-0.3685150146
0.0000000000
-0.1228332520
0.0000000000
0.1441040039
0.2161560059
-0.1441040039
-0.4323272705
-0.3602752686
-0.2882232666
0.2882232666
-0.5043792725
0.0300750732
0.9922332764
-0.0200500488
-0.0200500488
-0.0801849365
0.0300750732
0.0400848389
-0.0400848389
-0.1335754395
-0.0834808350
-0.1502685547
0.9016265869
-0.3339385986
-0.0333862305
0.1335754395
0.0166931152
0.4857482910
-0.0809631348
-0.0269927979
-0.3238220215
-0.7286224365
0.1349334717
-0.0809631348
-0.2698516846
-0.2368774414
0.3158264160
0.1421203613
-0.1105346680
-0.2368774414
-0.8527374268
0.1421203613
0.0157928467
0.2278594971
0.4177398682
0.2278594971
0.0379791260
-0.7215423584
0.1139221191
0.1519012451
0.3417816162
0.3424682617
-0.1141510010
-0.4566192627
-0.2283172607
0.0000000000
0.2283172607
0.0000000000
0.2283172607
0.7492370605
-0.1873168945
0.3277893066
-0.1170654297
0.0702362061
-0.3043823242
0.3980407715
0.0936584473
0.0420837402
-0.0084228516
0.9595031738
0.2525024414
0.0252532959
0.0589141846
-0.0168304443
-0.0841674805
0.5768280029
0.2472076416
-0.3296203613
0.0823974609
-0.4120178223
-0.1648101807
0.2472076416
0.0000000000
-0.1405181885
0.0301055908
0.0602264404
0.1003723145
0.0301055908
0.1405181885
-0.9534912109
-0.1806640625
0.0547332764
0.2189178467
0.7114868164
-0.0547332764
0.5473022461
-0.0547332764
-0.1094665527
-0.1641845703
0.0828704834
0.9806365967
-0.1381225586
0.0276184082
-0.0276184082
0.0414428711
0.0000000000
-0.0552520752
-0.1769409180
0.0884704590
-0.0884704590
-0.1769409180
0.0884704590
0.0884704590
0.0000000000
-0.7962646484
0.0756378174
0.0756378174
-0.0756378174
-0.2268981934
0.1512603760
-0.4537963867
-0.3781585693
0.6050567627
-0.1039276123
-0.2078704834
0.2078704834
-0.1039276123
0.3117980957
0.0000000000
-0.6236114502
0.1039276123
0.2573699951
0.0428924561
0.6863098145
-0.3431549072
-0.3002624512
0.4289398193
0.0428924561
-0.0857849121
0.0000000000
0.2344665527
-0.5861816406
0.0000000000
-0.2344665527
0.0000000000
0.0000000000
0.0000000000
0.8531036377
0.1523437500
-0.0609283447
-0.2437438965
0.0000000000
0.2437438965
-0.0609283447
-0.3046722412
-0.1445007324
-0.0481719971
0.7224884033
-0.2649078369
-0.1204223633
0.5298309326
0.2649078369
0.0240783691
0.2357025146
-0.1178436279
-0.1178436279
0.0000000000
-0.1178436279
0.0000000000
0.1178436279
0.0000000000
0.0000000000
0.0363311768
0.0484466553
-0.9931488037
-0.0484466553
0.0484466553
0.0000000000
-0.0242156982
0.0817871094
0.9609680176
-0.0613403320
0.0000000000
-0.1431274414
-0.0817871094
0.1022338867
-0.1226806641
-0.1512603760
0.7563323975
0.2268981934
0.3025360107
0.0756378174
-0.2268981934
-0.0756378174
0.0756378174
-0.0523529053
-0.1047210693
-0.4712219238
-0.4188690186
0.1047210693
0.0000000000
-0.1570739746
0.6806640625
0.4157409668
0.2078704834
-0.1039276123
-0.3117980957
0.0000000000
0.3117980957
-0.1039276123
-0.4157409668
-0.0116729736
0.0700531006
-0.0467071533
0.9807281494
-0.1517791748
-0.0467071533
0.0350189209
0.0116729736
-0.1497344971
0.9732818604
-0.0935821533
0.0374298096
-0.0842285156
-0.0748748779
-0.0187225342
0.0655059814
0.0406036377
-0.4872589111
0.7511901855
-0.0203094482
0.3451385498
0.1015167236
0.1827239990
-0.1421203613
-0.1412353516
0.8473968506
0.0000000000
0.0000000000
0.0706176758
0.2824707031
0.0706176758
-0.0706176758
0.9745635986
-0.1156311035
0.0660705566
0.1321411133
-0.0495605469
0.0495605469
0.0165252686
-0.0330352783
0.0000000000
0.0000000000
0.0000000000
-0.1245422363
-0.4981536865
0.0000000000
-0.1245422363
0.1245422363
0.1543426514
0.2315216064
-0.0771789551
-0.3858642578
-0.2315216064
-0.4630279541
0.0771789551
-0.5402069092
0.0294647217
0.9921569824
-0.0098266602
-0.0098266602
-0.0687561035
0.0294647217
0.0589447021
-0.0491180420
-0.1708221436
-0.1067657471
-0.0213470459
0.8541412354
-0.3843688965
-0.1067657471
0.2348937988
0.0213470459
0.4205017090
-0.0485229492
-0.1617279053
-0.3396301270
-0.7116241455
0.2911224365
0.0646972656
-0.2749481201
-0.2808837891
0.3139343262
0.1652221680
-0.0991363525
-0.2313232422
-0.8261260986
0.1652221680
0.1156616211
0.3347625732
0.4351959229
0.1339111328
0.1004333496
-0.6695404053
0.2343444824
0.2008666992
0.3012847900
0.4330139160
0.0000000000
-0.2165069580
-0.2165069580
0.0000000000
0.4330139160
0.2165069580
0.2165069580
0.8013000488
-0.1299438477
0.3248443604
-0.1299438477
0.0433197021
-0.3248443604
0.3031921387
0.0649719238
0.0584564209
-0.0584564209
0.9435424805
0.3005981445
0.0250549316
0.0751495361
-0.0250549316
-0.0584564209
0.4813995361
0.0687713623
-0.4126281738
-0.2063140869
-0.5501708984
-0.2063140869
0.2063140869
-0.0687713623
-0.1442413330
0.0665740967
0.0887756348
0.1664428711
0.0887756348
0.1997222900
-0.9098815918
-0.2441101074
0.0000000000
0.1339569092
0.6697845459
0.0893096924
0.5804748535
-0.2679138184
-0.0446472168
-0.2232666016
0.1578979492
0.9631652832
-0.1736907959
0.0315856934
0.0315856934
0.0000000000
0.0315856934
-0.0789489746
-0.2187805176
-0.1093902588
0.0000000000
0.0000000000
-0.1093902588
0.2187805176
0.0000000000
-0.6563568115
0.1912078857
0.0478057861
-0.1434020996
-0.3346099854
0.3346099854
-0.4780120850
-0.4780120850
0.4302215576
0.0849761963
0.0000000000
0.2549438477
0.0000000000
0.1699676514
0.3399353027
-0.4249114990
0.5948791504
0.1964263916
0.0982208252
0.6383972168
-0.2946472168
-0.3437500000
0.4910736084
0.0982208252
-0.0982208252
0.0000000000
0.1049804688
-0.7348480225
0.1049804688
-0.1049804688
0.0000000000
0.1049804688
-0.1049804688
0.8419342041
0.0962219238
-0.1202697754
-0.2164916992
-0.1924438477
0.2405548096
-0.0962219238
-0.3127136230
-0.1903839111
-0.0634613037
0.6663208008
-0.2855682373
-0.1586456299
0.5711364746
0.2221069336
0.0317230225
0.4738464355
0.0000000000
-0.2369232178
-0.3553924561
0.1184692383
0.0000000000
0.0000000000
-0.1184692383
-0.0122528076
0.0122528076
0.0980072021
-0.9923858643
0.0000000000
0.0122528076
-0.0122528076
-0.0122528076
0.1751098633
0.9412231445
-0.1313323975
0.0656738281
-0.0875549316
-0.0875549316
0.0875549316
-0.1532287598
-0.1534423828
0.7672271729
0.1534423828
0.3068847656
0.0767211914
-0.2301635742
-0.0767211914
0.0767211914
0.0465393066
-0.0930938721
-0.5585327148
-0.4188995361
0.0465393066
-0.2327270508
-0.0930938721
0.6050720215
0.5172424316
0.1724090576
0.0000000000
-0.4310302734
-0.2586212158
0.2586212158
-0.0862121582
-0.3448333740
-0.0560607910
0.0784912109
-0.0448455811
0.9754943848
-0.1681823730
-0.0336303711
0.0560607910
-0.0224304199
-0.1131896973
0.9863739014
-0.0727691650
0.0161743164
0.0080871582
-0.0646820068
-0.0485076904
0.0000000000
-0.0358276367
-0.4656982422
0.8418273926
0.0179138184
0.1970214844
0.0000000000
0.1253814697
-0.0895538330
-0.3000030518
0.6000061035
0.1999969482
0.1000061035
0.1000061035
0.1999969482
0.3000030518
0.0000000000
0.9662322998
-0.0702667236
0.0175628662
0.1932525635
-0.0351409912
0.1054077148
-0.0351409912
-0.0175628662
0.0000000000
0.0000000000
0.0000000000
-0.1113433838
-0.2226867676
0.0000000000
0.1113433838
0.0000000000
0.3253173828
0.2439880371
0.0813293457
-0.3253173828
-0.2439880371
-0.3253173828
0.0813293457
-0.5692901611
0.0083770752
0.9967346191
-0.0083770752
-0.0251312256
-0.0335083008
0.0000000000
0.0251312256
-0.0418853760
-0.1043090820
-0.0173797607
-0.1043090820
0.9213409424
-0.2781372070
-0.1216888428
0.1564483643
-0.0521545410
0.4324951172
-0.0596618652
-0.2237091064
-0.2982788086
-0.7307739258
0.2386169434
0.0894775391
-0.2535247803
-0.2607421875
0.3166046143
0.1676177979
-0.1303710938
-0.1862335205
-0.8194580078
0.0372467041
0.2607421875
0.4515075684
0.4515075684
0.0000000000
0.0752563477
-0.5267486572
0.4138793945
0.1504974365
0.2633819580
0.0000000000
-0.0972900391
0.1945648193
-0.3891448975
-0.5837097168
0.2918548584
0.0000000000
0.1945648193
0.8737335205
-0.0685272217
0.3255157471
-0.0856628418
0.0171356201
-0.2569732666
0.1884460449
0.0856628418
0.0086364746
-0.0950775146
0.9248962402
0.3544006348
0.0691528320
0.0518646240
0.0000000000
0.0000000000
0.5533447266
-0.0790557861
-0.3952484131
-0.0790557861
-0.4742889404
-0.2371520996
0.1580963135
0.0790557861
-0.1618957520
0.1295166016
0.1079254150
0.1942749023
0.0971374512
0.2266540527
-0.8742523193
-0.2806243896
0.0744171143
0.0744171143
0.5953063965
0.1116180420
0.5953063965
-0.1488189697
0.0372009277
-0.4464721680
0.1553192139
0.9601287842
-0.1835479736
0.0847167969
0.0282440186
0.0282440186
0.0141143799
-0.0706024170
-0.2165069580
-0.1082458496
0.1082458496
0.0000000000
-0.1082458496
0.2165069580
-0.1082458496
-0.6495208740
0.1782989502
0.1782989502
-0.0891571045
-0.4457702637
0.3566131592
-0.3566131592
-0.3566131592
0.2674560547
0.2129058838
-0.1419372559
0.2129058838
-0.1419372559
0.3548431396
0.3548431396
-0.5677490234
0.3548431396
-0.1216278076
0.2026977539
0.7297363281
-0.2837829590
-0.4054107666
0.2837829590
0.0810852051
-0.1621551514
0.0000000000
0.0000000000
-0.7385559082
0.0000000000
0.0000000000
0.0000000000
0.0000000000
-0.2110137939
0.8768005371
0.0815582275
-0.1019592285
-0.1631317139
-0.2650756836
0.1835174561
0.0000000000
-0.2650756836
-0.2681884766
-0.2234802246
0.5810546875
-0.2681884766
-0.0894012451
0.5810546875
0.0894012451
0.2234802246
0.2468566895
0.0000000000
0.0000000000
-0.3703002930
0.2468566895
0.0000000000
0.2468566895
0.1234283447
-0.0129089355
0.0258331299
0.0645751953
-0.9945526123
0.0129089355
-0.0129089355
-0.0129089355
0.0000000000
0.1494598389
0.9714813232
-0.0934143066
0.0560455322
-0.0373687744
-0.0186767578
-0.0186767578
-0.0934143066
-0.1782989502
0.7132263184
0.0000000000
0.3566131592
0.0891571045
-0.0891571045
-0.0891571045
0.1782989502
0.1060333252
-0.1060333252
-0.6891937256
-0.4241180420
0.0530090332
-0.2120666504
-0.0530090332
0.4241180420
0.5328674316
0.1776275635
0.0888061523
-0.3552398682
-0.2664337158
0.2664337158
0.0888061523
-0.3552398682
-0.0468750000
0.0585937500
-0.0117187500
0.9844207764
-0.1171875000
-0.0117187500
0.0585937500
-0.0585937500
-0.0703277588
0.9923400879
-0.0547027588
0.0312500000
0.0000000000
-0.0468750000
-0.0468750000
0.0000000000
-0.0388336182
-0.4272003174
0.8738098145
0.0776672363
0.0776672363
0.0970916748
0.0970916748
-0.0970916748
-0.1088256836
0.6529235840
0.2176361084
0.0000000000
-0.1088256836
-0.1088256836
0.2176361084
0.0000000000
0.9404296875
-0.0391845703
-0.0587768555
0.2546997070
-0.0391845703
0.1763305664
-0.0195922852
0.0195922852
0.0000000000
0.0000000000
0.1228332520
-0.2456817627
-0.2456817627
-0.1228332520
0.0000000000
0.1228332520
0.4294891357
0.1717987061
0.1717987061
-0.3435821533
-0.0858917236
-0.4294891357
0.0858917236
-0.4294891357
0.0167541504
0.9969787598
-0.0167541504
-0.0418853760
0.0000000000
0.0083770752
0.0167541504
-0.0335083008
0.0160522461
-0.0160522461
-0.1766357422
0.9153137207
-0.2408752441
-0.1766357422
0.1284637451
-0.1284637451
0.4119415283
-0.0617980957
-0.2883605957
-0.2883605957
-0.7209014893
0.1853790283
0.1441802979
-0.2677612305
-0.2459411621
0.3594512939
0.2270202637
-0.1324310303
-0.0567474365
-0.7378082275
-0.0945892334
0.4161987305
0.5105285645
0.5105285645
-0.0392761230
0.0785369873
-0.4712524414
0.3927154541
0.0785369873
0.1963500977
-0.2232971191
-0.1674652100
0.5582427979
-0.2232971191
-0.6698913574
0.0558166504
-0.0558166504
0.0558166504
0.9200897217
-0.1288146973
0.2944335938
0.0000000000
0.0000000000
-0.1472167969
0.1104125977
0.0736083984
-0.0083770752
-0.1006164551
0.9138641357
0.3772888184
0.0922241211
0.0251464844
-0.0251464844
0.0167694092
0.5279388428
0.1508331299
-0.3771057129
0.0754241943
-0.3771057129
-0.3771057129
0.2262573242
0.1508331299
-0.1665344238
0.1769409180
0.1352996826
0.1769409180
0.0832672119
0.2081604004
-0.8742828369
-0.2706146240
0.0959625244
0.0319824219
0.4798278809
0.0959625244
0.6717529297
-0.0639801025
0.0000000000
-0.5118103027
0.1266784668
0.9430999756
-0.2252197266
0.1548309326
0.0000000000
0.0563049316
-0.0563049316
-0.0844573975
-0.1049804688
-0.1049804688
0.1049804688
-0.1049804688
0.0000000000
0.0000000000
-0.1049804688
-0.7348480225
0.2222900391
0.3334350586
0.0000000000
-0.2222900391
0.3334350586
0.0000000000
-0.4445648193
0.1111450195
0.0608520508
-0.3042449951
0.0608520508
0.0608520508
0.3650970459
0.3042449951
-0.7301940918
0.1217041016
-0.1698760986
0.2378234863
0.7134857178
-0.3397521973
-0.4416809082
0.1698760986
0.1019287109
-0.1358947754
-0.0909118652
0.0000000000
-0.7273406982
-0.1818389893
0.0000000000
0.2727508545
-0.1818389893
-0.1818389893
0.8882598877
0.0233764648
-0.0701293945
-0.1636199951
-0.2571258545
0.1636199951
0.1168823242
-0.2337493896
-0.3189849854
-0.3645477295
0.4556884766
-0.1367034912
-0.0455627441
0.5468292236
-0.0455627441
0.4101257324
0.0000000000
0.2477111816
0.1238555908
-0.2477111816
0.2477111816
0.0000000000
0.2477111816
0.2477111816
0.0443420410
0.0443420410
0.0147857666
-0.9902191162
-0.0443420410
-0.0591125488
-0.0443420410
0.0295562744
0.0995788574
0.9791107178
-0.0995635986
0.0166015625
-0.0331878662
0.0663757324
-0.0663757324
-0.0497894287
-0.0862121582
0.6896514893
0.0862121582
0.4310302734
0.1724090576
0.0862121582
-0.1724090576
0.0000000000
0.0946350098
-0.1419525146
-0.7097778320
-0.4258728027
0.0473175049
-0.0946350098
-0.1419525146
0.4258728027
0.5000000000
0.0000000000
0.0000000000
-0.3000030518
-0.1000061035
0.0000000000
0.1999969482
-0.5000000000
-0.0692291260
0.0519104004
0.0346069336
0.9691162109
-0.1211395264
-0.0346069336
0.0865325928
-0.1384429932
-0.0334167480
0.9943237305
-0.0501403809
0.0334167480
-0.0083618164
-0.0417785645
-0.0501403809
0.0000000000
-0.1427764893
-0.3807220459
0.8804168701
0.0951843262
0.0951843262
0.0713806152
0.0951843262
-0.0951843262
0.1999969482
0.6999969482
0.1999969482
0.0000000000
-0.1000061035
-0.1000061035
0.1999969482
-0.1000061035
0.9128265381
-0.0526580811
-0.0702209473
0.2984313965
-0.0526580811
0.2282104492
0.0175476074
0.0702209473
-0.1245422363
0.2490844727
0.0000000000
-0.3736267090
0.0000000000
-0.1245422363
0.0000000000
0.2490844727
0.2320098877
0.2320098877
0.1159973145
-0.1159973145
0.1159973145
-0.4640045166
-0.2320098877
-0.2320098877
0.0289154053
0.9927673340
0.0000000000
-0.0578308105
0.0096435547
0.0481872559
0.0578308105
-0.0385589600
0.0869293213
-0.0144805908
-0.2752685547
0.8982696533
-0.1448822021
-0.1448822021
0.1593627930
-0.1883392334
0.3506469727
-0.1252288818
-0.3756866455
-0.3255920410
-0.6010894775
0.2254180908
0.2754974365
-0.3255920410
-0.2362976074
0.3544311523
0.2756652832
-0.1575317383
0.0984497070
-0.5513458252
-0.2559814453
0.5710296631
0.5766296387
0.4530639648
-0.1647491455
0.1647491455
-0.4118804932
0.4118804932
0.0823822021
0.0823822021
-0.1796875000
-0.1796875000
0.7187500000
-0.0449218750
-0.5390625000
0.0449218750
-0.0898437500
-0.2246093750
0.9547271729
-0.1948394775
0.1558685303
0.0779418945
-0.0194854736
-0.0389709473
0.0000000000
0.0779418945
-0.0079650879
-0.0796356201
0.9237518311
0.3583526611
0.0876007080
0.0238952637
-0.0238952637
0.0318603516
0.2605133057
0.1736755371
-0.1736755371
-0.1736755371
-0.5210266113
-0.5210266113
0.1736755371
-0.0868377686
-0.1361389160
0.1653137207
0.1361389160
0.1264190674
0.0680694580
0.1750335693
-0.9140930176
-0.2139282227
0.0909881592
0.0000000000
0.3639373779
0.2122955322
0.6975250244
0.0000000000
0.0000000000
-0.5458984375
0.0856018066
0.9416961670
-0.2425537109
0.1569519043
0.0142669678
0.0570678711
-0.0713348389
-0.0856018066
0.0000000000
-0.1129455566
0.1129455566
-0.1129455566
0.0000000000
0.0000000000
0.1129455566
-0.6776275635
0.1796875000
0.4492340088
0.1796875000
-0.0898437500
0.1796875000
0.0898437500
-0.6289367676
0.0898437500
0.0949554443
-0.1424407959
0.0949554443
0.2373962402
0.3798217773
0.4747772217
-0.6646881104
0.1424407959
-0.1669158936
0.2670745850
0.6676635742
-0.3004455566
-0.5007476807
0.2003021240
0.1001434326
-0.1669158936
-0.0972900391
0.0972900391
-0.6809997559
-0.1945648193
-0.0972900391
0.2918548584
-0.1945648193
-0.0972900391
0.8427886963
-0.0255432129
-0.1021575928
-0.1787719727
-0.3830871582
0.1787719727
0.1532287598
-0.1532287598
-0.2100067139
-0.3675231934
0.3150177002
0.1050109863
-0.1575012207
0.3150177002
-0.3150177002
0.6300354004
0.0000000000
0.2226867676
0.0000000000
-0.1113433838
0.1113433838
0.0000000000
0.0000000000
0.0000000000
0.0449676514
0.0449676514
0.0000000000
-0.9892578125
-0.0749511719
-0.0299835205
0.0000000000
0.0599517822
0.0451812744
0.9788970947
-0.0753021240
-0.0150604248
0.0000000000
0.1204833984
-0.1054229736
-0.0301208496
0.0000000000
0.6633148193
-0.0947570801
0.3790283203
0.1895141602
0.1895141602
-0.0947570801
-0.0947570801
0.2141723633
-0.0535430908
-0.6425170898
-0.4283447266
0.0000000000
-0.1606292725
0.0535430908
0.4818878174
0.4510040283
-0.2705993652
0.0000000000
-0.3607940674
0.0901947021
0.0000000000
0.0901947021
-0.5411987305
-0.1617584229
-0.0404357910
0.0808868408
0.8088226318
-0.2426452637
-0.1213226318
0.2830810547
-0.3235321045
-0.0174102783
0.9921264648
-0.0435180664
0.0696258545
-0.0348052979
-0.0609130859
-0.0348052979
0.0086975098
-0.2688751221
-0.3495483398
0.8604125977
0.0000000000
0.0537719727
-0.0268859863
0.1882171631
0.0537719727
0.1631927490
0.4895629883
0.1631927490
-0.0815887451
-0.0815887451
-0.2447814941
0.4895629883
-0.4079742432
0.8979797363
-0.0195159912
-0.0585632324
0.2928161621
-0.0976104736
0.2342529297
0.1171264648
0.1171264648
