0.3774108887
-0.2830657959
-0.2830657959
0.1887054443
-0.1887054443
0.2830657959
0.4717712402
-0.0943603516
0.4824371338
-0.1447296143
0.1447296143
-0.5789337158
-0.2894592285
-0.1447296143
0.1447296143
-0.4342041016
0.1162719727
0.9844665527
0.0077514648
-0.0775146484
-0.0077514648
0.0697631836
0.0620117188
-0.0232543945
-0.1309814453
0.0818634033
-0.4093322754
0.8350524902
-0.0491180420
0.2128601074
0.0982360840
0.2128601074
0.2295532227
0.0000000000
-0.1460876465
-0.1878204346
-0.8347625732
0.1252136230
-0.3339080811
-0.2295532227
0.0398254395
0.1792449951
0.1792449951
0.0597534180
-0.1991577148
-0.9360504150
0.0398254395
-0.0199127197
0.2795867920
0.4970397949
0.4970397949
-0.1242523193
-0.4038391113
0.4659729004
0.0000000000
-0.0310668945
0.2114715576
-0.2114715576
-0.6344146729
0.3171997070
0.1585998535
0.3171997070
0.4229431152
0.1057281494
0.9489288330
0.0102081299
0.0612182617
-0.0612182617
0.1632537842
-0.1530456543
0.1734619141
0.0918273926
-0.0773773193
-0.0945739746
0.9112854004
0.3524780273
0.0085906982
0.1289520264
0.1031646729
0.0257873535
-0.1448974609
-0.4830017090
0.1448974609
0.4347076416
0.3863983154
0.1932067871
-0.4347076416
0.2897949219
-0.0356445312
0.0534667969
0.0712890625
0.0445556641
-0.0356445312
0.0534667969
-0.9890594482
-0.0623779297
0.2583160400
0.0000000000
0.6888427734
0.1722106934
0.3874816895
0.1291656494
-0.1291656494
-0.4305267334
-0.0313110352
0.9916839600
-0.0522003174
-0.0208740234
0.0313110352
-0.0626373291
-0.0104370117
0.0626373291
0.0000000000
0.2068481445
-0.1034240723
0.1034240723
-0.1034240723
-0.1034240723
0.0000000000
-0.7239532471
0.0713195801
0.1426544189
0.0000000000
0.4279479980
-0.4279479980
0.0713195801
0.4279479980
-0.4992675781
0.2120819092
0.2827911377
0.5655670166
-0.0706939697
0.4948730469
0.1413879395
-0.4948730469
0.0000000000
-0.1990203857
0.0663452148
0.4422454834
-0.7075958252
-0.3538055420
-0.3316955566
0.0663452148
-0.0663452148
0.0000000000
0.2760772705
-0.7361907959
0.0000000000
0.2760772705
0.0000000000
0.0000000000
0.0920257568
0.7400512695
-0.0344238281
0.1548919678
0.0860595703
-0.2065277100
-0.0344238281
-0.5851593018
-0.1548919678
-0.0337524414
-0.0337524414
0.9786987305
-0.0224914551
-0.0674896240
0.1012420654
0.1012420654
0.1012420654
-0.1243286133
0.1243286133
0.1243286133
0.0000000000
-0.2486572266
0.1243286133
0.1243286133
-0.2486572266
0.0221405029
-0.0110626221
0.0332031250
-0.9962463379
0.0110626221
-0.0110626221
-0.0221405029
0.0332031250
0.0861968994
0.9481201172
0.0172424316
-0.1723785400
-0.1896209717
0.0517120361
0.0689544678
0.1034393311
-0.3912811279
0.4751281738
-0.0558929443
0.3353881836
0.1956329346
-0.3912811279
0.4751281738
0.2515411377
-0.5727081299
-0.5488433838
-0.0715942383
-0.0954437256
-0.1670379639
0.4295349121
-0.2386322021
0.2624969482
0.1130676270
-0.1130676270
0.0565338135
-0.7914276123
0.1695861816
0.2261199951
-0.2826538086
-0.2826538086
-0.0930786133
0.0465393066
-0.0310211182
0.9850311279
-0.0930786133
-0.0310211182
0.0698089600
-0.0387878418
-0.0542755127
0.9845886230
-0.0387573242
0.1085357666
-0.0232543945
-0.0387573242
-0.1007843018
0.0155029297
0.0000000000
-0.4342956543
0.7850646973
0.0000000000
-0.1169281006
0.3841857910
0.1336364746
0.0835113525
0.1290283203
-0.3871002197
0.0645141602
0.1935577393
-0.1290283203
0.1290283203
0.4516296387
-0.6451721191
0.9454650879
-0.1002807617
0.1289215088
0.1719055176
-0.1002807617
0.1002807617
-0.1002807617
-0.1146087646
0.3028411865
-0.3028411865
-0.2019042969
0.1009521484
-0.2019042969
0.3028411865
0.5047454834
-0.1009521484
0.4931945801
-0.3082427979
0.1233062744
-0.5548400879
-0.2465972900
0.0000000000
0.1233062744
-0.3699035645
0.0933227539
0.9877014160
0.0077819824
-0.0855560303
-0.0155487061
0.0544433594
0.0544433594
-0.0155487061
-0.0862121582
0.1207122803
-0.4310913086
0.8104553223
-0.0344848633
0.2586517334
0.0862121582
0.2241668701
0.1439666748
-0.0617065430
-0.0822601318
-0.1233978271
-0.8021087646
0.0411376953
-0.4936065674
-0.2262268066
0.0392913818
0.1964874268
0.2161407471
0.0196533203
-0.2161407471
-0.9235076904
-0.0196533203
-0.0196533203
0.2045593262
0.5113983154
0.5113983154
-0.1704711914
-0.4432220459
0.4091186523
0.0000000000
-0.0681915283
0.1030426025
-0.1545562744
-0.7212829590
0.2575988770
0.1545562744
0.3091278076
0.3606414795
0.2060852051
0.9503784180
0.0309906006
0.0619812012
-0.0413208008
0.1652832031
-0.1342926025
0.1756134033
0.1033020020
-0.1007080078
-0.0915527344
0.8972015381
0.3570404053
-0.0183105469
0.1464843750
0.1556396484
0.0183105469
0.1077117920
-0.5923767090
0.1615600586
0.3769683838
0.2154083252
0.2154083252
-0.4846649170
0.2154083252
0.0000000000
0.0545501709
0.0327301025
0.0327301025
0.0000000000
0.0654602051
-0.9928283691
-0.0327301025
0.3176727295
0.0000000000
0.7261047363
0.0453796387
0.3176727295
0.1815185547
-0.0453796387
-0.4084320068
-0.0319519043
0.9904174805
-0.0639038086
-0.0213012695
0.0106506348
-0.0639038086
-0.0532531738
0.0532531738
0.0000000000
0.2176361084
0.0000000000
0.1088256836
-0.2176361084
-0.1088256836
-0.1088256836
-0.6529235840
0.1378631592
-0.0689392090
-0.1378631592
0.4136047363
-0.3446655273
0.0689392090
0.6204071045
-0.3446655273
0.2319030762
0.2705535889
0.5797576904
-0.0773010254
0.5024566650
0.1159515381
-0.4638061523
-0.0386505127
-0.2578887939
0.0859680176
0.4298248291
-0.6877136230
-0.3653564453
-0.3438568115
0.0000000000
-0.0429840088
0.0000000000
0.2972259521
-0.6935119629
-0.0990753174
0.1981506348
0.0990753174
0.0990753174
0.0990753174
0.7786560059
-0.0158843994
0.1271209717
0.0635681152
-0.2701416016
-0.0317840576
-0.5243988037
-0.1271209717
-0.0110168457
-0.0330657959
0.9808654785
-0.0220489502
-0.0330657959
0.0661315918
0.1212310791
0.1102142334
-0.1150360107
0.0000000000
0.1150360107
0.0000000000
-0.1150360107
0.0000000000
0.0000000000
-0.2300720215
0.0359191895
0.0239562988
0.0239562988
-0.9938812256
0.0478973389
0.0000000000
-0.0478973389
0.0239562988
0.0550079346
0.9351806641
0.0550079346
-0.2200469971
-0.1650238037
0.0916900635
0.0550079346
0.1466979980
-0.3885803223
0.4782562256
-0.0597839355
0.2989044189
0.1793518066
-0.3885803223
0.5081481934
0.2391204834
-0.5172271729
-0.5603179932
-0.1508636475
-0.1077575684
-0.1724090576
0.4525756836
-0.2370605469
0.2801666260
0.0587158203
-0.1761627197
0.0587158203
-0.7633972168
0.2348937988
0.1761627197
-0.2348937988
-0.3523406982
-0.1082000732
0.0540924072
-0.0077209473
0.9814605713
-0.1082000732
-0.0386352539
0.0772857666
-0.0309143066
-0.0488281250
0.9845886230
-0.0406799316
0.0976409912
-0.0325469971
-0.0650939941
-0.0976409912
-0.0081329346
-0.0700378418
-0.4552307129
0.7353668213
-0.0350189209
-0.1575775146
0.4202117920
0.1400756836
0.1225585938
0.2237548828
-0.0745849609
0.0000000000
0.2237548828
-0.2237548828
0.0745849609
0.4475250244
-0.6712799072
0.9355468750
-0.0550384521
0.1238250732
0.2063751221
-0.0275115967
0.1513366699
-0.1651000977
-0.0825500488
0.3461608887
-0.2307739258
-0.2307739258
-0.1153869629
-0.2307739258
0.2307739258
0.3461608887
-0.1153869629
0.5187835693
-0.4611511230
0.0576477051
-0.4611511230
-0.2305755615
-0.0576477051
0.2305755615
-0.2882232666
0.0779876709
0.9905242920
0.0000000000
-0.0779876709
-0.0312042236
0.0467987061
0.0390014648
-0.0077972412
-0.0558776855
0.1490173340
-0.5029296875
0.8009643555
0.0372467041
0.2048950195
0.0931396484
0.1303863525
0.0469665527
-0.0469665527
-0.0704498291
0.0000000000
-0.7749938965
-0.0234832764
-0.5871124268
-0.1643981934
0.1627502441
0.1356201172
0.2441253662
0.0542449951
-0.3254852295
-0.8679809570
-0.0542449951
-0.0813751221
0.0864257812
0.4753417969
0.6481933594
-0.3457031250
-0.2592773438
0.2592773438
-0.0432128906
-0.1728515625
0.1447296143
-0.1929779053
-0.8201446533
0.1929779053
0.1929779053
0.2412261963
0.2412261963
0.0482482910
0.9561004639
0.0311737061
0.0831451416
-0.0519561768
0.1454925537
-0.1247100830
0.1558837891
0.1039276123
-0.0983581543
-0.0885162354
0.9048309326
0.3048858643
-0.0688476562
0.1671905518
0.1868743896
0.0098419189
-0.0384216309
-0.5763244629
0.1921081543
0.4226379395
0.3073730469
0.2689514160
-0.4610595703
0.1536865234
0.0478668213
0.0598297119
-0.0119628906
0.0000000000
0.0239257812
0.0358886719
-0.9931030273
0.0358886719
0.3621368408
0.0000000000
0.7242736816
0.0000000000
0.0000000000
0.2897033691
0.0000000000
-0.2897033691
-0.0418243408
0.9933013916
-0.0418243408
-0.0313720703
0.0104522705
-0.0418243408
-0.0418243408
0.0418243408
-0.2468566895
0.1234283447
0.2468566895
0.2468566895
-0.2468566895
0.0000000000
-0.2468566895
-0.1234283447
0.1415863037
-0.1415863037
-0.2831726074
0.3539581299
-0.2831726074
-0.1415863037
0.6371307373
-0.2831726074
0.2269134521
0.4084320068
0.5899505615
-0.0907592773
0.3630523682
-0.0453796387
-0.4538116455
-0.1361389160
-0.2467041016
0.1121368408
0.3588409424
-0.7176666260
-0.3139801025
-0.4036865234
0.0672760010
-0.0224304199
0.1105499268
0.2211151123
-0.5527648926
-0.1105499268
0.2211151123
0.1105499268
0.2211151123
-0.2211151123
0.7595214844
0.0000000000
0.1486053467
0.0990753174
-0.2476654053
-0.0825500488
-0.5448760986
-0.1320953369
0.0309753418
0.0206451416
0.9809417725
-0.0103302002
-0.0309753418
0.0309753418
0.1342315674
0.1135864258
-0.1064758301
-0.1064758301
0.1064758301
0.0000000000
-0.1064758301
0.0000000000
0.0000000000
-0.1064758301
0.0257110596
0.0128631592
0.0771484375
-0.9901123047
0.0514373779
0.0128631592
-0.0642852783
0.0257110596
-0.0365142822
0.8946075439
0.1460571289
-0.3103790283
-0.1643218994
0.0365142822
0.0365142822
0.2008361816
-0.4640197754
0.4640197754
-0.0818939209
0.2729492188
0.1910705566
-0.3548431396
0.4913177490
0.2456665039
-0.5381469727
-0.6027221680
-0.0215301514
-0.0645751953
-0.1722106934
0.4520416260
-0.2367858887
0.1937408447
-0.3602752686
-0.1441040039
0.0000000000
-0.5764312744
0.4323272705
-0.1441040039
-0.0720520020
-0.3602752686
-0.0932464600
0.0466156006
0.0000000000
0.9868469238
-0.0776977539
-0.0466156006
0.0699310303
-0.0155334473
-0.0565490723
0.9801330566
-0.0471191406
0.1036682129
-0.0753936768
-0.0942382812
-0.0753936768
0.0094299316
0.0176544189
-0.3884124756
0.7062225342
-0.0529632568
-0.2118682861
0.5120086670
0.0706176758
0.1589050293
0.1529998779
-0.6885070801
-0.3059997559
0.2295074463
-0.0765075684
-0.0765075684
0.2295074463
-0.3059997559
0.9326629639
-0.0300903320
0.1353912354
0.1805114746
-0.0150451660
0.1353912354
-0.2106018066
-0.0902557373
0.2498779297
-0.2498779297
-0.2498779297
-0.1249389648
-0.1249389648
0.1249389648
0.1249389648
-0.1249389648
0.4969635010
-0.6212158203
0.1242370605
-0.3727264404
-0.1863555908
0.0000000000
0.1863555908
-0.1242370605
0.0625152588
0.9924621582
0.0000000000
-0.0625152588
-0.0468902588
0.0390777588
0.0390777588
0.0000000000
-0.0609130859
0.1827545166
-0.5279693604
0.7919464111
0.1015319824
0.1624450684
0.0812225342
0.0203094482
0.0257720947
-0.0257720947
-0.0257720947
0.0515441895
-0.7732696533
0.0257720947
-0.5928344727
-0.1546478271
0.4051055908
-0.0900268555
0.2700805664
0.3150939941
-0.5401458740
-0.4951324463
-0.0450134277
-0.2250671387
-0.0811462402
0.4868927002
0.6491851807
-0.4463195801
-0.0405731201
0.2434387207
-0.0811462402
-0.1217193604
0.2246093750
-0.2246093750
-0.8085937500
0.1347656250
0.2695312500
0.2695312500
0.0898437500
-0.0898437500
0.9695587158
0.0106506348
0.0639343262
-0.0319671631
0.1278533936
-0.0958862305
0.1278533936
0.0958862305
-0.0961151123
-0.0747528076
0.9076995850
0.2669677734
-0.1067810059
0.1708679199
0.2135772705
-0.0106811523
-0.1988677979
-0.4308776855
0.2651519775
0.4308776855
0.4640197754
0.2651519775
-0.3977355957
0.1988677979
0.0225677490
0.0789794922
0.0225677490
-0.0112762451
0.0225677490
0.0000000000
-0.9929656982
0.0451354980
0.1840515137
-0.0920257568
0.1840515137
0.0000000000
-0.6441650391
0.4601287842
0.0000000000
0.0000000000
-0.0523376465
0.9943389893
-0.0104675293
-0.0314025879
0.0104675293
-0.0104675293
-0.0314025879
0.0523376465
-0.1113433838
0.1113433838
0.1113433838
0.1113433838
-0.1113433838
0.0000000000
-0.1113433838
0.0000000000
0.0546417236
-0.2185974121
-0.2185974121
0.3278961182
-0.3278961182
-0.1092987061
0.6557769775
-0.3825378418
0.2069091797
0.4655303955
0.5172576904
-0.2586364746
0.2586364746
-0.1551818848
-0.3103485107
-0.3620758057
-0.1933441162
0.0724945068
0.2658386230
-0.7491912842
-0.2416687012
-0.4591827393
0.1933441162
0.0000000000
0.1250000000
0.1250000000
-0.1250000000
-0.2500000000
0.2500000000
0.0000000000
0.1250000000
-0.2500000000
0.7007904053
0.0179748535
0.1617279053
0.1257781982
-0.2515716553
-0.1437530518
-0.5929718018
-0.1437530518
0.0521240234
0.0625457764
0.9797973633
0.0104217529
-0.0208435059
0.0104217529
0.1354980469
0.1042327881
-0.1228332520
-0.1228332520
0.0000000000
0.0000000000
-0.2456817627
0.0000000000
-0.1228332520
-0.2456817627
-0.0144653320
0.0000000000
0.1302490234
-0.9840545654
0.0289459229
-0.0144653320
-0.0578918457
0.0578918457
-0.1384887695
0.8111114502
0.1978302002
-0.4154510498
-0.1780548096
-0.0197906494
0.0197906494
0.2571868896
-0.4959564209
0.4684143066
-0.0826568604
0.2755279541
0.1928710938
-0.3306427002
0.4684143066
0.2479858398
-0.5560913086
-0.6005706787
0.0222473145
0.0222473145
-0.1334533691
0.4893493652
-0.1779479980
0.1557006836
-0.5123443604
0.0000000000
0.0000000000
-0.2195739746
0.5123443604
-0.4391479492
-0.0731964111
-0.2195739746
-0.0780029297
0.0467987061
0.0077972412
0.9907073975
-0.0546112061
-0.0467987061
0.0546112061
0.0077972412
-0.0415039062
0.9753570557
-0.0415039062
0.1348876953
-0.1141357422
-0.0830078125
-0.0311279297
0.0518798828
0.1246337891
-0.2670898438
0.6944274902
-0.0890350342
-0.2492828369
0.5697937012
-0.0178070068
0.1602478027
0.1112976074
-0.8904266357
-0.2782592773
0.0556488037
-0.0556488037
-0.0556488037
0.0556488037
-0.0556488037
0.9219360352
-0.0723114014
0.1988525391
0.1446228027
-0.0723114014
0.0903930664
-0.1988525391
-0.1446228027
0.1064758301
0.0000000000
-0.1064758301
-0.1064758301
-0.1064758301
0.0000000000
0.0000000000
-0.1064758301
0.3952484131
-0.6323852539
0.2371520996
-0.3161926270
-0.0790557861
0.2371520996
0.0790557861
0.0790557861
0.0469665527
0.9940032959
-0.0078277588
-0.0313110352
-0.0469665527
0.0391387939
0.0547943115
0.0000000000
-0.0655364990
0.2184753418
-0.5024871826
0.7864990234
0.1529235840
0.1747741699
0.0873870850
0.0000000000
0.0967102051
-0.0322418213
0.0322418213
0.0644683838
-0.8059234619
0.1611785889
-0.5157928467
-0.0967102051
0.5369720459
-0.3221893311
0.1073913574
0.3221893311
-0.5369720459
0.1610870361
0.1073913574
-0.2684783936
-0.1036071777
0.4489898682
0.5871429443
-0.4489898682
0.2072296143
0.3453826904
-0.1726837158
-0.1036071777
0.3189849854
-0.2126617432
-0.7443084717
0.0531616211
0.2126617432
0.3189849854
0.1063232422
-0.2126617432
0.9806213379
0.0000000000
0.0450897217
-0.0338134766
0.1352539062
-0.0450897217
0.0789031982
0.0676269531
-0.1029357910
-0.0643310547
0.9006958008
0.2444763184
-0.1286773682
0.1801452637
0.2444763184
-0.0128631592
-0.3775482178
-0.2831573486
0.2831573486
0.4089965820
0.5663146973
0.2202301025
-0.2831573486
0.2202301025
0.0108642578
0.0977630615
0.0543212891
-0.0325927734
0.0217285156
-0.0434570312
-0.9885406494
0.0543212891
-0.0733795166
0.0000000000
-0.4403076172
-0.1467742920
-0.6604766846
0.3669281006
-0.0733795166
0.1467742920
-0.0568695068
0.9895935059
-0.0568695068
-0.0568695068
0.0000000000
0.0000000000
-0.0227508545
0.0796203613
0.0000000000
0.0000000000
0.1000061035
0.0000000000
-0.1000061035
-0.1000061035
0.0000000000
-0.1000061035
0.0422821045
-0.2113800049
-0.0422821045
0.3382110596
-0.4650421143
0.1268310547
0.6341552734
-0.3804931641
0.3002624512
0.5147247314
0.5147247314
-0.1286773682
0.3431549072
-0.0428924561
-0.2573699951
-0.3431549072
-0.1304016113
0.0260772705
0.2347259521
-0.7302551270
-0.1304016113
-0.5476837158
0.2347259521
0.0000000000
0.0000000000
0.1247253418
0.0000000000
-0.1247253418
0.3741607666
-0.1247253418
0.1247253418
-0.1247253418
0.6281280518
0.0209350586
0.1884307861
0.1465606689
-0.2931213379
-0.2093811035
-0.6071929932
-0.1884307861
0.0346527100
0.0577545166
0.9818267822
0.0346527100
-0.0346527100
-0.0115509033
0.1501617432
0.0462036133
0.0000000000
0.0000000000
0.0000000000
0.0000000000
-0.1113433838
-0.1113433838
0.0000000000
-0.2226867676
-0.0340270996
0.0340270996
0.1871337891
-0.9697113037
-0.0340270996
-0.0170135498
-0.0340270996
0.1020812988
-0.1787872314
0.7375030518
0.1787872314
-0.4916687012
-0.1787872314
-0.0670471191
0.0000000000
0.3128814697
-0.5132141113
0.4226531982
-0.0905609131
0.2716979980
0.2113189697
-0.3320770264
0.4830169678
0.2415161133
-0.6111450195
-0.5238342285
0.1091308594
0.0654754639
-0.1091308594
0.5238342285
-0.1309509277
0.1309509277
-0.3471221924
0.2777099609
-0.1388549805
-0.1388549805
0.5554046631
-0.4165496826
-0.2082824707
-0.2777099609
-0.0547637939
0.0469360352
0.0000000000
0.9936065674
-0.0391235352
-0.0391235352
0.0391235352
0.0312957764
0.0000000000
0.9573669434
-0.0330200195
0.1870727539
-0.1650695801
-0.0770263672
0.0220031738
0.0990447998
0.1894226074
-0.1325988770
0.6629638672
-0.0947113037
-0.3220062256
0.5872039795
-0.0947113037
0.1704711914
0.0000000000
-0.9409637451
-0.2045593262
-0.0409088135
0.0409088135
-0.0818176270
0.0409088135
-0.0818176270
0.8929748535
-0.1089019775
0.2613525391
0.1306762695
-0.1306762695
0.0653381348
-0.1960144043
-0.1742401123
0.2474365234
0.0000000000
-0.1237182617
-0.1237182617
-0.1237182617
0.1237182617
0.2474365234
0.0000000000
0.3435821533
-0.5153808594
0.3435821533
-0.3435821533
-0.0858917236
0.3435821533
0.0000000000
0.0000000000
0.0424346924
0.9930877686
0.0084838867
-0.0254669189
-0.0424346924
0.0594177246
0.0594177246
-0.0084838867
-0.0643615723
0.2359619141
-0.4933776855
0.7722473145
0.1501617432
0.2359619141
0.0858001709
0.0000000000
0.1375732422
-0.0917053223
0.1375732422
0.0917053223
-0.7336883545
0.2751312256
-0.5044097900
-0.0917053223
0.5656433105
-0.3142395020
0.0628509521
0.1257019043
-0.3142395020
0.5027923584
0.1257019043
-0.2514038086
-0.0315704346
0.3157196045
0.5051422119
-0.4104309082
0.4420013428
0.4104309082
-0.2525634766
-0.1262817383
0.3970947266
-0.1323699951
-0.7279968262
0.0000000000
0.0661773682
0.2647247314
0.0661773682
-0.2647247314
0.9795989990
0.0376739502
0.0251159668
-0.0627899170
0.1632690430
-0.0251159668
0.0376739502
0.0251159668
-0.1245880127
-0.0889892578
0.8364715576
0.2847595215
-0.1601715088
0.2135620117
0.3381500244
0.0000000000
-0.4595184326
-0.1767425537
0.2827911377
0.4241790771
0.6009216309
0.1413879395
-0.2120819092
0.1767425537
-0.0120086670
0.1200866699
0.0840606689
-0.0240173340
0.0480346680
-0.0240173340
-0.9847412109
0.0240173340
-0.1835632324
0.2447509766
-0.6730651855
-0.1835632324
-0.4283142090
0.3059387207
-0.0611877441
0.1223754883
-0.0527191162
0.9752044678
-0.1317901611
-0.1054229736
0.0263519287
0.0131835938
-0.0131835938
0.1054229736
0.1064758301
0.0000000000
0.0000000000
0.1064758301
-0.1064758301
0.1064758301
0.1064758301
0.0000000000
0.0000000000
-0.1492462158
0.0746154785
0.2984771729
-0.5223388672
0.3357849121
0.5596466064
-0.3730926514
0.3303222656
0.4771270752
0.4771270752
0.0000000000
0.4771270752
0.1101074219
-0.2936248779
-0.2569122314
-0.1404571533
0.0280914307
0.2528228760
-0.7022857666
-0.1404571533
-0.5899200439
0.1685485840
0.0280914307
-0.1250000000
0.2500000000
0.0000000000
-0.3750000000
0.1250000000
0.0000000000
0.0000000000
0.1250000000
0.5843963623
0.0796966553
0.1328125000
0.0796966553
-0.3453216553
-0.2125091553
-0.6375274658
-0.1859436035
-0.0140991211
0.0140991211
0.9870910645
0.0281982422
-0.0140991211
-0.0422973633
0.1269073486
0.0000000000
0.1178436279
-0.1178436279
0.2357025146
0.0000000000
0.0000000000
-0.1178436279
0.0000000000
-0.1178436279
-0.0224914551
0.0674743652
0.1574249268
-0.9670562744
-0.0899658203
0.0224914551
0.0449829102
0.0899658203
-0.1493835449
0.7220306396
0.1244964600
-0.5228576660
-0.1991882324
-0.0497894287
0.0249023438
0.3236694336
-0.5271301270
0.3765258789
-0.0376586914
0.2635650635
0.1882629395
-0.3388671875
0.5271301270
0.1882629395
-0.6933441162
-0.3899993896
0.1300048828
0.0216674805
-0.0866699219
0.5416717529
-0.1300048828
0.1300048828
-0.2184143066
0.4368438721
-0.2912292480
-0.1456146240
0.5096435547
0.0000000000
-0.3640289307
-0.2912292480
-0.0078430176
0.0313720703
-0.0156860352
0.9963073730
0.0000000000
-0.0235290527
0.0235290527
0.0549163818
0.0814819336
0.9505462646
-0.0271606445
0.2036895752
-0.1629486084
-0.0407409668
0.0407409668
0.1086273193
0.2081451416
-0.0416259766
0.6036224365
-0.0832519531
-0.3954772949
0.6036224365
-0.1665191650
0.1457061768
-0.1235504150
-0.9574737549
-0.0617675781
0.0308837891
0.0000000000
-0.1235504150
0.0926666260
-0.0926666260
0.9007873535
-0.1460723877
0.1947631836
0.0973815918
-0.1704254150
0.0486907959
-0.1460723877
-0.2191162109
0.2199401855
-0.4398803711
-0.1099700928
0.3299102783
-0.2199401855
0.1099700928
0.3299102783
-0.1099700928
0.3522186279
0.2113342285
-0.1408843994
-0.6339874268
-0.2817687988
-0.0704498291
0.2817687988
-0.2817687988
0.1142120361
0.9669647217
0.0380706787
-0.0989837646
0.0304565430
0.0989837646
0.1065979004
-0.1294403076
-0.1138610840
0.0071105957
-0.3629608154
0.9038238525
0.0142364502
0.0854034424
-0.0071105957
-0.1708068848
0.2975311279
-0.0476074219
-0.1071166992
-0.1309204102
-0.9044952393
0.1428222656
-0.1309204102
-0.1428222656
0.0000000000
0.0000000000
0.2393188477
-0.0265960693
-0.0265960693
-0.9307098389
-0.1861419678
0.1329650879
0.7011413574
0.1001586914
0.2003326416
-0.3004913330
-0.3505706787
0.4006500244
-0.0500793457
0.0000000000
0.2663269043
-0.0332946777
-0.6325225830
0.2996215820
0.0998687744
0.1331634521
0.2330322266
-0.5659484863
0.9920043945
0.0234375000
0.0702972412
-0.0390625000
0.0390625000
-0.0624847412
-0.0312500000
0.0234375000
-0.0364074707
-0.0655517578
0.9249114990
0.3568572998
0.0801086426
0.0000000000
0.0291290283
0.0509796143
-0.1660308838
-0.2075347900
0.1660308838
0.5395812988
0.5395812988
0.3735504150
-0.2490386963
0.2490386963
-0.0766754150
0.0383300781
0.0460052490
0.0843353271
0.0460052490
0.0690002441
-0.9813995361
-0.1073455811
0.3900146484
-0.0433349609
0.4766845703
0.0866699219
0.5200195312
0.0866699219
-0.0433349609
-0.5200195312
-0.0237121582
0.9957427979
0.0316162109
-0.0316162109
0.0474090576
-0.0079040527
0.0079040527
0.0395202637
0.2431945801
0.2431945801
-0.1621246338
-0.1621246338
-0.0810699463
-0.0810699463
0.2431945801
-0.7295837402
0.0000000000
-0.2153778076
0.1076965332
-0.1076965332
0.1076965332
-0.4307708740
0.5384674072
-0.1076965332
0.3196716309
0.2397460938
0.5860595703
-0.0266418457
0.4528656006
0.3196716309
-0.3995819092
0.0799102783
-0.3681640625
0.1299438477
0.2382202148
-0.6063842773
-0.4547882080
0.4331359863
0.1082763672
0.0433197021
-0.0754241943
0.3771057129
-0.7541961670
-0.0754241943
0.2262573242
0.0754241943
0.0754241943
0.1508331299
0.8968200684
-0.0965881348
-0.0965881348
0.2345581055
-0.0551910400
0.1655731201
-0.2759399414
-0.0965881348
-0.0089263916
-0.0446624756
0.9736328125
-0.0267944336
-0.0178680420
0.1429138184
0.0893249512
0.1339874268
-0.1196746826
-0.1196746826
-0.1196746826
0.0000000000
-0.1196746826
0.5983581543
0.0000000000
0.0000000000
0.0077972412
0.0077972412
0.0311737061
-0.9975891113
0.0233764648
0.0000000000
-0.0311737061
-0.0155944824
0.0771179199
0.9939270020
-0.0085754395
0.0085754395
-0.0171356201
0.0514068604
-0.0085754395
-0.0257110596
-0.2572479248
0.4501647949
0.1500549316
0.3429870605
0.3001098633
-0.4073028564
0.5144805908
0.2358093262
-0.1553955078
-0.1036071777
0.9324035645
-0.1381378174
-0.0518035889
0.0690612793
-0.2417297363
-0.0345306396
0.2148742676
-0.0429687500
0.3867645264
-0.6446075439
-0.0429687500
0.1718902588
-0.1718902588
-0.5156860352
0.0000000000
0.0467376709
-0.0545196533
0.9891662598
-0.1012573242
-0.0545196533
-0.0155792236
-0.0311584473
-0.0700988770
0.9891357422
-0.0623016357
0.0545196533
-0.0311584473
0.0623016357
-0.0545196533
0.0077819824
0.0482788086
-0.1545104980
0.8690795898
-0.0482788086
0.0000000000
0.4441986084
-0.1255340576
-0.0096588135
0.1350402832
-0.8552398682
0.0000000000
0.0450134277
-0.0900268555
-0.0450134277
0.2700805664
-0.3150939941
0.9418640137
-0.0697631836
0.0813903809
0.1976776123
-0.1744232178
0.1162719727
0.0232543945
-0.1162719727
0.2416839600
-0.3625183105
-0.1208343506
0.2416839600
-0.1208343506
0.0000000000
0.2416839600
-0.2416839600
0.4352722168
0.1088256836
-0.1088256836
-0.5440979004
-0.1088256836
0.1088256836
0.1088256836
-0.1088256836
0.0848388672
0.9794464111
0.0385589600
-0.1002655029
0.0154266357
0.0616912842
0.0771179199
-0.1002655029
-0.1169738770
0.0073089600
-0.3363189697
0.9139251709
0.0292510986
0.1096649170
-0.0438690186
-0.1462249756
0.2414550781
-0.0362243652
-0.0603637695
-0.0482940674
-0.9295959473
0.0603637695
-0.2293853760
-0.0965881348
0.1019897461
-0.0679931641
0.2719573975
0.0000000000
-0.0339965820
-0.9178619385
-0.1699676514
-0.0339965820
0.5438232422
-0.0679779053
0.0679779053
-0.4758453369
-0.2039337158
0.4758453369
-0.0679779053
-0.2039337158
0.2143707275
0.0000000000
-0.7503204346
0.2501068115
0.0714569092
0.1071929932
0.1429138184
-0.5002136230
0.9897155762
0.0233764648
0.1013031006
-0.0311737061
0.0389709473
-0.0545501709
-0.0077972412
0.0467529297
-0.0516815186
-0.0442962646
0.9375762939
0.3248291016
0.0369110107
0.0295257568
0.0738220215
0.0369110107
-0.0686645508
-0.1716613770
0.2060089111
0.5493469238
0.4806671143
0.4463348389
-0.3090057373
0.2403411865
-0.0542144775
0.0309753418
0.0000000000
0.0464630127
0.0542144775
0.0387268066
-0.9913177490
-0.0697021484
0.4992675781
-0.0713195801
0.3566284180
-0.1426544189
0.3566284180
0.2139739990
-0.0713195801
-0.4992675781
-0.0394897461
0.9949951172
0.0394897461
-0.0473785400
0.0236968994
-0.0315856934
-0.0079040527
0.0315856934
0.0000000000
0.1234283447
0.0000000000
0.0000000000
-0.2468566895
-0.2468566895
0.2468566895
-0.3703002930
0.0000000000
-0.2262573242
0.0754241943
0.0000000000
0.0754241943
-0.0754241943
0.8296203613
0.2262573242
0.3379821777
0.3072509766
0.6452331543
-0.0921783447
0.4608917236
0.2150726318
-0.2765350342
0.0307312012
-0.3656158447
0.1371002197
0.2056579590
-0.6169738770
-0.4570159912
0.4341583252
0.0914001465
0.0457000732
0.0000000000
0.3123779297
-0.7809448242
-0.1561889648
0.1561889648
0.1561889648
0.0780944824
0.0780944824
0.9085693359
-0.0363464355
-0.1453704834
0.1817169189
-0.1574859619
0.1453704834
-0.2543945312
-0.0605773926
0.0170440674
-0.0170440674
0.9796142578
-0.0425872803
0.0085144043
0.1022186279
0.0937042236
0.1277770996
0.0000000000
0.0000000000
-0.1237182617
-0.1237182617
0.0000000000
0.3711547852
0.0000000000
-0.1237182617
-0.0077819824
0.0233612061
0.0311431885
-0.9964447021
0.0389251709
0.0000000000
-0.0389251709
-0.0233612061
0.0502471924
0.9965209961
0.0000000000
-0.0083770752
-0.0167541504
0.0418701172
-0.0083770752
0.0000000000
-0.3003692627
0.4158935547
0.1386260986
0.3003692627
0.3003692627
-0.4158935547
0.5314331055
0.2541656494
-0.1912536621
-0.1390991211
0.9040985107
-0.1564788818
-0.0521545410
0.0869293213
-0.2781829834
-0.0695495605
0.1027679443
-0.1027679443
0.5138397217
-0.6166076660
0.1027679443
0.0000000000
-0.1541595459
-0.4624633789
-0.0155792236
0.0623016357
-0.0077819824
0.9890441895
-0.1090240479
-0.0545196533
-0.0233612061
-0.0155792236
-0.0624237061
0.9908599854
-0.0780181885
0.0390167236
-0.0390167236
0.0468139648
-0.0312042236
0.0077972412
0.0414276123
-0.1553802490
0.8597412109
-0.0621490479
-0.0414276123
0.4557647705
-0.1346588135
-0.0103607178
0.1840057373
-0.8740081787
-0.0919952393
0.0919952393
-0.0919952393
-0.0460052490
0.2299957275
-0.2299957275
0.9539337158
-0.0130615234
0.0522766113
0.1829528809
-0.1176147461
0.1437377930
-0.0522766113
-0.1045379639
0.1178436279
-0.1178436279
-0.1178436279
-0.1178436279
-0.1178436279
-0.1178436279
0.1178436279
-0.1178436279
0.3658599854
0.1219482422
-0.1219482422
-0.3658599854
0.0000000000
0.2438964844
0.0000000000
0.1219482422
0.0621032715
0.9858245850
0.0310516357
-0.0931549072
0.0077667236
0.0388183594
0.0621032715
-0.0853881836
-0.1214904785
0.0162048340
-0.3482666016
0.9071197510
0.0567016602
0.0971984863
-0.0485992432
-0.1538848877
0.1512756348
0.0137481689
0.0137481689
0.0275115967
-0.9351959229
0.0275115967
-0.3025665283
-0.0550079346
0.3265228271
-0.2332305908
0.2798767090
0.1865844727
-0.0932922363
-0.6530303955
-0.0466461182
-0.4664611816
0.0000000000
-0.4014587402
-0.2408752441
-0.5620422363
0.2408752441
0.1605834961
0.0000000000
-0.4014587402
0.1358947754
0.0000000000
-0.8493804932
0.2038574219
0.1019287109
0.0679473877
0.0000000000
-0.4076995850
0.9874725342
0.0233306885
0.1166229248
-0.0155487061
0.0155487061
-0.0622100830
-0.0388793945
0.0544281006
-0.0453491211
-0.0302276611
0.9598083496
0.2494049072
0.0000000000
0.0680236816
0.0831298828
0.0151214600
-0.2357635498
-0.1047821045
0.2357635498
0.5239257812
0.5501251221
0.3929443359
-0.2619628906
0.2357635498
-0.0398254395
0.0318603516
-0.0159301758
0.0159301758
0.0477752686
0.0079650879
-0.9954528809
-0.0398254395
0.2028656006
0.0000000000
-0.2028656006
-0.2028656006
-0.4057312012
0.4057312012
0.1014251709
-0.4057312012
-0.0407562256
0.9945373535
0.0570678711
-0.0489044189
0.0244598389
-0.0244598389
0.0000000000
0.0162963867
-0.2486572266
0.0000000000
0.1243286133
0.1243286133
-0.2486572266
-0.1243286133
0.1243286133
0.1243286133
0.0000000000
-0.2927703857
-0.0731964111
-0.0731964111
0.0731964111
-0.2195739746
0.8050994873
0.1463775635
0.3534393311
0.4319763184
0.6283416748
-0.1963500977
0.4319763184
0.0785369873
-0.0785369873
-0.0785369873
-0.2747039795
0.1098785400
0.1098785400
-0.7142181396
-0.4395141602
0.3296356201
0.2472229004
0.0549468994
0.0909118652
0.1818389893
-0.7273406982
-0.2727508545
0.1818389893
0.1818389893
0.0000000000
0.0000000000
0.9010925293
0.0000000000
-0.1095886230
0.1826477051
-0.1582946777
0.0852355957
-0.3166046143
-0.0730590820
0.0321197510
0.0080261230
0.9875488281
-0.0401458740
0.0240936279
0.0481719971
0.0883178711
0.0963439941
0.1178436279
0.0000000000
-0.1178436279
0.0000000000
0.1178436279
0.0000000000
-0.1178436279
-0.2357025146
-0.0077819824
0.0077819824
0.0388946533
-0.9957275391
0.0466766357
0.0077819824
-0.0466766357
-0.0233306885
0.0184326172
0.9953155518
0.0092163086
-0.0552978516
-0.0368652344
0.0184326172
-0.0092163086
0.0368652344
-0.3944702148
0.4437866211
0.1232757568
0.2711944580
0.2711944580
-0.3698120117
0.5177459717
0.2465515137
-0.1812286377
-0.1153259277
0.9226226807
-0.1153259277
-0.0329437256
0.0659027100
-0.2306518555
-0.1482849121
-0.2943267822
-0.2207489014
0.6622314453
-0.2943267822
0.0000000000
-0.2943267822
-0.1471710205
-0.2207489014
-0.0156097412
0.0624694824
0.0078125000
0.9915771484
-0.0780792236
-0.0624542236
-0.0234222412
-0.0078125000
-0.0312957764
0.9934234619
-0.0782165527
0.0156402588
-0.0469360352
0.0312957764
-0.0078277588
0.0234680176
0.0874938965
-0.1203002930
0.8420867920
-0.0546875000
-0.0765533447
0.4812011719
-0.1531066895
-0.0328063965
0.0993804932
-0.9606628418
-0.1325073242
0.0331268311
-0.0331268311
-0.0331268311
0.0993804932
-0.0331268311
0.9594116211
-0.0319824219
0.0639648438
0.1439056396
-0.1119384766
0.1279144287
-0.0639648438
-0.1119384766
0.0000000000
0.0000000000
0.0000000000
0.0000000000
0.1000061035
-0.1000061035
0.1000061035
-0.1000061035
0.2490844727
0.1245422363
0.0000000000
-0.2490844727
0.1245422363
0.2490844727
-0.1245422363
0.2490844727
0.0544586182
0.9879455566
0.0388946533
-0.0777893066
0.0000000000
0.0233306885
0.0700073242
-0.0777893066
-0.1116943359
0.0372314453
-0.3257751465
0.9121856689
0.0837707520
0.0930786133
-0.0372314453
-0.1675415039
0.0950012207
0.0633392334
0.0791625977
0.0316619873
-0.9341430664
0.0791625977
-0.3008270264
-0.0475006104
0.5678253174
-0.4258728027
0.1892700195
0.1892700195
0.0946350098
0.1419525146
0.0000000000
-0.5678253174
-0.3112030029
-0.4356842041
-0.1867218018
-0.3734436035
0.5601654053
0.2489624023
0.0000000000
-0.1867218018
0.1851348877
-0.0370330811
-0.7775878906
0.2221679688
0.0000000000
0.1481170654
-0.1110839844
-0.4813537598
0.9877319336
0.0077819824
0.0933227539
0.0000000000
0.0000000000
-0.0622253418
-0.0699920654
0.0699920654
-0.0249633789
-0.0249633789
0.9737854004
0.1831054688
-0.0249633789
0.0832366943
0.0832366943
-0.0166473389
-0.3103027344
-0.0954742432
0.2625579834
0.4773864746
0.6206054688
0.3341674805
-0.1909484863
0.2148284912
-0.0388793945
0.0544281006
0.0000000000
0.0000000000
0.0310974121
-0.0233306885
-0.9952697754
-0.0388793945
-0.1667022705
0.0000000000
-0.6667938232
-0.1111297607
-0.5000915527
0.3333892822
0.0555725098
-0.2222595215
-0.0439453125
0.9930267334
0.0790863037
-0.0527343750
0.0087890625
-0.0087890625
0.0000000000
0.0175781250
-0.1064758301
0.1064758301
0.0000000000
0.1064758301
-0.1064758301
0.0000000000
0.0000000000
-0.1064758301
0.0000000000
-0.3557281494
-0.1422882080
0.0000000000
-0.0711517334
-0.2134399414
0.7826080322
-0.1422882080
0.3537139893
0.4421386719
0.5747833252
-0.2652893066
0.4421386719
0.0442199707
0.0000000000
-0.1326446533
-0.1358947754
0.0339813232
0.0339813232
-0.7814331055
-0.3057708740
0.2038574219
0.4416809082
0.0339813232
0.2357025146
0.1178436279
-0.3535461426
-0.3535461426
0.2357025146
0.2357025146
0.1178436279
0.0000000000
0.8679046631
0.0000000000
-0.0688781738
0.1790924072
-0.1928710938
0.0137786865
-0.3995208740
-0.0826568604
0.0236358643
0.0236358643
0.9925537109
-0.0157623291
0.0472717285
0.0157623291
0.0708923340
0.0630187988
0.0000000000
-0.1243286133
-0.1243286133
0.1243286133
0.2486572266
0.1243286133
-0.1243286133
-0.2486572266
-0.0171508789
0.0000000000
0.0514678955
-0.9950866699
0.0514678955
0.0000000000
-0.0428924561
0.0000000000
-0.0106353760
0.9895782471
0.0000000000
-0.0851287842
-0.0638427734
0.0000000000
-0.0106353760
0.0744781494
-0.4846801758
0.4561767578
0.1140441895
0.2280883789
0.2280883789
-0.3136138916
0.5131988525
0.2280883789
-0.1658782959
-0.0829467773
0.9289398193
-0.0829467773
-0.0165863037
0.0829467773
-0.1824645996
-0.2156524658
-0.3989410400
-0.0797882080
0.4787292480
0.0000000000
0.0000000000
-0.4787292480
-0.3191528320
-0.2393646240
-0.0078125000
0.0625305176
0.0234527588
0.9927673340
-0.0547180176
-0.0625305176
-0.0312652588
0.0078125000
-0.0156250000
0.9919738770
-0.0624847412
0.0156250000
-0.0702972412
0.0390472412
0.0312500000
0.0468597412
0.1587677002
-0.0854797363
0.8304443359
-0.0488433838
-0.1221160889
0.4762878418
-0.1587677002
-0.0610656738
0.0788879395
-0.9729461670
-0.0788879395
-0.0788879395
-0.0525970459
-0.0788879395
0.0525970459
-0.0262908936
0.9413604736
-0.1045989990
0.1464385986
0.1045989990
-0.1673583984
0.0836791992
0.0000000000
-0.1464385986
-0.1237182617
0.1237182617
0.2474365234
0.0000000000
0.2474365234
0.0000000000
0.1237182617
-0.1237182617
0.0000000000
0.3689117432
0.1229705811
0.0000000000
0.1229705811
0.2459411621
-0.2459411621
0.2459411621
0.0545501709
0.9897155762
0.0389709473
-0.0701446533
-0.0155792236
0.0311737061
0.0701446533
-0.0545501709
-0.0851135254
0.0531921387
-0.3191528320
0.9148864746
0.0957489014
0.0957489014
-0.0106353760
-0.1702117920
0.0735168457
0.0551452637
0.1102752686
0.0367584229
-0.9373779297
0.1102752686
-0.2756958008
-0.0183868408
0.5372772217
-0.4546203613
0.1653137207
0.0413360596
0.3306274414
0.3719635010
-0.0413360596
-0.4132843018
-0.3587341309
-0.4384460449
-0.1594390869
-0.1992950439
0.6775970459
0.2790069580
0.0000000000
-0.1594390869
0.3391265869
-0.0847778320
-0.5086822510
0.2967376709
-0.1271667480
0.2119598389
-0.0847778320
-0.6358642578
0.9876251221
0.0083770752
0.0669555664
0.0000000000
-0.0167388916
-0.0418548584
-0.1004333496
0.0753326416
-0.0105743408
-0.0317230225
0.9730682373
0.1692352295
-0.0211486816
0.1057739258
0.0846099854
-0.0317230225
-0.3503112793
-0.0538940430
0.2694702148
0.4580841064
0.6736602783
0.2694702148
-0.0808410645
0.1886291504
-0.0336914062
0.0758056641
0.0252685547
0.0084228516
0.0252685547
-0.0336914062
-0.9938507080
-0.0252685547
-0.2685546875
0.0383605957
-0.7673034668
-0.1534576416
-0.3836517334
0.3452911377
0.0000000000
0.0000000000
-0.0386810303
0.9958801270
0.0096740723
-0.0580139160
0.0096740723
-0.0096740723
0.0000000000
0.0096740723
0.0000000000
0.1113433838
0.0000000000
0.0000000000
-0.1113433838
0.0000000000
0.0000000000
-0.2226867676
0.0000000000
-0.2461395264
0.0615386963
0.1230621338
-0.3692016602
0.1230621338
0.6768646240
-0.4307250977
0.3450622559
0.3881988525
0.5607299805
-0.2588043213
0.4744567871
0.1293945312
-0.1293945312
-0.1725311279
-0.0879974365
-0.0440063477
0.0440063477
-0.7920074463
-0.1759948730
0.1759948730
0.4839935303
0.0440063477
0.0000000000
0.0000000000
0.0000000000
-0.2498626709
0.3748016357
0.0000000000
0.1249389648
0.1249389648
0.7936248779
-0.0165405273
-0.0661315918
0.1653442383
-0.2976074219
-0.0330657959
-0.4794769287
-0.0991973877
0.0165710449
0.0165710449
0.9945220947
0.0082855225
0.0662994385
-0.0082855225
0.0580139160
0.0165710449
0.0000000000
0.0000000000
-0.1228332520
0.0000000000
0.3685150146
0.0000000000
0.0000000000
-0.1228332520
-0.0098724365
0.0000000000
0.0493469238
-0.9968719482
0.0197448730
0.0098724365
0.0000000000
0.0098724365
-0.0448760986
0.9871978760
-0.0336608887
-0.0897521973
-0.0448760986
-0.0112152100
0.0000000000
0.0897521973
-0.5187377930
0.4446411133
0.1111602783
0.2223205566
0.1111602783
-0.3334808350
0.5187377930
0.1852722168
-0.1835327148
-0.0333709717
0.9176788330
-0.0834197998
-0.0166778564
0.1334838867
-0.1334838867
-0.2669677734
-0.2540588379
0.4234313965
0.2540588379
-0.0846862793
0.1693725586
-0.3387451172
-0.3387451172
-0.4234313965
0.0078277588
0.0547790527
0.0391235352
0.9938201904
-0.0391235352
-0.0547790527
-0.0156555176
0.0312957764
0.0088043213
0.9855346680
-0.0352020264
0.0352020264
-0.1055908203
0.0615997314
0.0615997314
0.0703887939
0.1789245605
-0.0298156738
0.8051605225
-0.0447235107
-0.2087402344
0.4771270752
-0.1938323975
-0.0298156738
0.0448455811
-0.9641265869
-0.0224151611
-0.1345367432
0.0000000000
-0.1569519043
0.0672607422
-0.0672607422
0.9348907471
-0.1722106934
0.1968231201
0.0738067627
-0.1230163574
0.0492095947
0.0000000000
-0.1230163574
0.0000000000
0.0000000000
0.0911560059
0.0000000000
0.0911560059
0.0000000000
0.0911560059
0.0000000000
-0.1224670410
0.2449493408
0.1224670410
0.0000000000
-0.1224670410
0.4898986816
-0.1224670410
0.0000000000
0.0559539795
0.9884033203
0.0466156006
-0.0652770996
-0.0279693604
0.0652770996
0.0652770996
-0.0372924805
-0.0831756592
0.0594024658
-0.3089141846
0.9267272949
0.0475311279
0.0831756592
0.0356445312
-0.1425781250
0.0226593018
0.0906219482
0.1812438965
0.0000000000
-0.9289093018
0.0679626465
-0.2718811035
-0.0226593018
0.4774780273
-0.2864837646
0.1909942627
0.0000000000
0.5729675293
0.1432495117
0.0477447510
-0.4774780273
-0.1614379883
-0.4305267334
-0.1614379883
-0.1076354980
0.7803192139
0.3228912354
-0.0538177490
-0.1076354980
0.4247131348
-0.0530853271
-0.4247131348
0.2123565674
-0.2123565674
0.2123565674
-0.0530853271
-0.6370849609
0.9921264648
0.0300598145
0.0400848389
-0.0100250244
0.0400848389
-0.0300598145
-0.0801696777
0.0300598145
-0.0150146484
-0.0300140381
0.9606933594
0.1951446533
-0.0300140381
0.1200866699
0.1200866699
-0.0300140381
-0.2784729004
0.0348052979
0.3132781982
0.4525146484
0.6961669922
0.2436676025
-0.0696105957
0.1740417480
-0.0380706787
0.0951843262
0.0666351318
0.0190429688
0.0285644531
-0.0095214844
-0.9899749756
-0.0285644531
-0.2071075439
0.0690307617
-0.8284149170
-0.1035461426
-0.2071075439
0.4142150879
-0.0345153809
-0.0345153809
-0.0449523926
0.9889526367
-0.0449523926
-0.0899047852
0.0561828613
-0.0112304688
0.0449523926
0.0224761963
0.1150360107
0.1150360107
-0.1150360107
-0.1150360107
0.0000000000
0.1150360107
0.1150360107
-0.1150360107
-0.1014404297
-0.2536010742
0.2028808594
0.1014404297
-0.3550415039
0.4057617188
0.6593627930
-0.2536010742
0.4034881592
0.4034881592
0.4931488037
-0.1793212891
0.5379791260
0.1344909668
-0.0896606445
-0.1344909668
0.0000000000
-0.0545654297
0.1091308594
-0.8185119629
-0.2182617188
0.1091308594
0.3819732666
-0.1091308594
0.0000000000
0.1178436279
0.0000000000
-0.1178436279
0.1178436279
-0.1178436279
0.0000000000
0.2357025146
0.7320556641
0.0000000000
-0.1076507568
0.1291809082
-0.4090881348
-0.0645904541
-0.4952087402
-0.0645904541
0.0100097656
0.0000000000
0.9910430908
0.0200195312
0.1101226807
-0.0200195312
0.0400390625
0.0000000000
0.2486572266
-0.1243286133
0.0000000000
0.0000000000
0.2486572266
0.0000000000
0.0000000000
-0.2486572266
0.0000000000
0.0000000000
0.0442504883
-0.9957580566
-0.0221252441
0.0221252441
0.0331878662
0.0221252441
-0.0499877930
0.9871063232
-0.0499877930
-0.0874633789
-0.0499877930
-0.0374908447
0.0124969482
0.0624694824
-0.5264739990
0.3685302734
0.0526428223
0.2105865479
0.0526428223
-0.3158874512
0.5791168213
0.1053009033
-0.2456665039
0.0188903809
0.8881988525
-0.0755920410
0.0377960205
0.1322784424
-0.1511840820
-0.3023681641
0.0000000000
0.5886535645
0.0000000000
-0.2207489014
0.2207489014
0.1471710205
-0.2943267822
-0.5150756836
0.0078430176
0.0470275879
0.0313568115
0.9953460693
-0.0078430176
-0.0470275879
-0.0156707764
0.0391845703
0.0500793457
0.9816131592
-0.0300445557
0.0400695801
-0.1001586914
0.0901489258
0.0601043701
0.0801391602
0.1480407715
0.0000000000
0.7957458496
-0.0555114746
-0.2590789795
0.4626312256
-0.2220611572
0.0185089111
-0.0470886230
-0.9652709961
0.0000000000
-0.0470886230
0.0235443115
-0.1883392334
0.0706329346
-0.0706329346
0.9212188721
-0.2233276367
0.1674957275
0.0000000000
-0.1395721436
0.0279235840
0.0000000000
-0.1674957275
0.2048339844
-0.5120697021
0.0000000000
0.2048339844
-0.1024169922
0.3072509766
0.4096679688
0.0000000000
0.1249389648
0.0000000000
-0.1249389648
-0.2498626709
-0.2498626709
0.0000000000
0.2498626709
-0.1249389648
0.0833282471
0.9761810303
0.0595245361
-0.0238037109
0.0833282471
0.0476226807
0.0714263916
-0.1309509277
-0.0918426514
-0.0459136963
-0.3935852051
0.8330688477
0.0131225586
-0.0393524170
0.0852813721
-0.3607788086
0.0928192139
0.0928192139
-0.0618743896
-0.1856231689
-0.8198547363
0.4485931396
0.1856231689
-0.1701507568
-0.5329437256
-0.1998443604
0.2664642334
-0.0666198730
0.1332397461
-0.5329437256
-0.3330841064
0.1998596191
0.6434478760
0.0000000000
0.3217163086
-0.3753356934
-0.3217163086
0.1608581543
-0.2144775391
0.2680969238
0.2691955566
0.1570281982
-0.3813629150
0.2691955566
0.0000000000
0.2243347168
-0.0448608398
-0.7851562500
0.9617309570
0.0756378174
0.0000000000
-0.0756378174
-0.0324249268
0.0216064453
-0.2377319336
-0.0432281494
0.0580139160
-0.0870208740
0.9208984375
0.3553009033
0.0580139160
-0.0725097656
0.0435028076
0.0507507324
-0.3001098633
0.3001098633
0.2000732422
0.2000732422
0.6502532959
0.4501647949
-0.1500549316
0.1000366211
0.0000000000
-0.0666656494
-0.0166625977
0.0500030518
0.0000000000
0.0166625977
-0.9916229248
-0.0833282471
0.6566162109
0.0000000000
0.2345123291
0.1876068115
0.4221038818
0.0937957764
-0.2814025879
-0.3752136230
0.0000000000
0.9937286377
0.0234680176
-0.0312957764
0.0312957764
0.0234680176
0.0078277588
0.0860748291
0.0000000000
0.0000000000
0.0891571045
0.0000000000
-0.2674560547
-0.0891571045
0.3566131592
-0.7132263184
-0.2167205811
-0.5056762695
0.1444854736
-0.5056762695
0.1444854736
-0.2167205811
0.2167205811
0.3612060547
0.3748168945
0.3212585449
0.5622100830
0.0000000000
0.1874084473
0.3748168945
-0.4283599854
0.2409515381
-0.3251342773
0.1161193848
0.0000000000
-0.4180297852
-0.3019104004
0.6967010498
0.2786865234
0.1857910156
-0.0858917236
0.1717987061
-0.6012725830
-0.0858917236
0.3435821533
0.0858917236
-0.1717987061
0.4294891357
0.9588470459
-0.1855773926
0.0154724121
0.1082611084
-0.1391906738
0.0773315430
-0.0309295654
0.0154724121
0.0160827637
-0.1930389404
0.9491424561
0.0000000000
-0.0804290771
0.1608734131
0.0000000000
0.1447906494
0.1229705811
0.0000000000
-0.1229705811
-0.1229705811
-0.2459411621
0.4918823242
0.0000000000
0.0000000000
0.0077972412
0.0077972412
-0.0155944824
-0.9980773926
0.0077972412
-0.0155944824
0.0311889648
-0.0155944824
0.0540924072
0.9813385010
0.0000000000
0.1081848145
0.1081848145
0.0231781006
-0.0309143066
-0.0849914551
-0.2562255859
0.4139099121
0.3350677490
0.3350677490
0.3941955566
-0.3744964600
0.4533233643
0.1576843262
-0.0523681641
-0.0523681641
0.9774932861
-0.0174560547
-0.0523681641
0.0174560547
-0.1571044922
-0.0349121094
0.3941040039
0.0000000000
0.0875701904
-0.6568298340
0.0000000000
0.1313629150
-0.3065185547
-0.4816741943
0.0386810303
0.0077362061
-0.0386810303
0.9826049805
-0.1083221436
-0.0386810303
-0.1237945557
0.0309448242
-0.0313262939
0.9943695068
-0.0078277588
-0.0548095703
0.0234832764
0.0469818115
-0.0469818115
0.0156555176
0.1997985840
0.0940246582
0.7639617920
0.0117492676
0.0000000000
0.5641632080
-0.2115631104
0.0000000000
0.1013946533
-0.9632873535
-0.0253448486
0.1013946533
0.0760498047
-0.0507049561
0.0760498047
-0.1267547607
0.9475708008
0.0000000000
0.0778808594
0.2206726074
-0.1298065186
0.1168212891
-0.1038360596
-0.0259552002
0.1123352051
-0.3370056152
0.0000000000
0.1123352051
-0.1123352051
0.2246704102
0.5616760254
0.0000000000
0.1245422363
0.1245422363
-0.3736267090
0.0000000000
0.0000000000
0.0000000000
-0.2490844727
0.2490844727
0.0608673096
0.9861145020
0.0486907959
-0.0243530273
0.0730438232
0.0000000000
0.0365295410
-0.0973968506
-0.0869293213
-0.0468139648
-0.3811492920
0.8425445557
0.0267486572
-0.0534973145
0.0668640137
-0.3544006348
0.0450744629
0.1352081299
-0.0450744629
-0.1201782227
-0.8863372803
0.3755645752
0.1051635742
-0.1352081299
-0.4423675537
-0.2654266357
0.5308380127
0.0884704590
0.0000000000
-0.2654266357
-0.1769409180
-0.2654266357
0.5692901611
-0.4066467285
0.0000000000
-0.4879760742
-0.0813293457
0.0813293457
-0.1626586914
0.0813293457
0.1191864014
0.1489868164
-0.4469757080
0.2085876465
-0.0894012451
0.1489868164
-0.1191864014
-0.8045501709
0.9650115967
0.0857849121
0.0536041260
-0.0643310547
-0.0643310547
0.0214385986
-0.2144470215
-0.0107269287
0.0365753174
-0.0658416748
0.9291687012
0.3438568115
0.0073089600
-0.0365753174
0.0877990723
0.0438995361
-0.1976165771
0.4446563721
0.1976165771
0.0988159180
0.6422729492
0.4446563721
-0.1482238770
0.0494079590
0.0000000000
-0.0575103760
-0.0410766602
0.0328674316
0.0000000000
0.0000000000
-0.9942016602
-0.0575103760
0.5943450928
-0.1320800781
0.0660400391
0.1320800781
0.3301849365
0.2641448975
-0.2641448975
-0.4622650146
0.0000000000
0.9956512451
0.0156860352
-0.0313568115
0.0156860352
0.0000000000
-0.0156860352
0.0705566406
-0.0898437500
-0.2695465088
0.3593902588
0.2695465088
-0.3593902588
-0.1796875000
0.2695465088
-0.4492340088
-0.1237640381
-0.5569610596
0.0618896484
-0.4950714111
0.0618896484
-0.2475280762
0.3094177246
0.3713073730
0.4135131836
0.4135131836
0.5907440186
-0.0886077881
0.2362976074
0.2953643799
-0.2953643799
0.2067565918
-0.2684020996
0.1073608398
-0.0268402100
-0.3757476807
-0.3220672607
0.7246704102
0.2952423096
0.1878814697
-0.0780944824
0.1561889648
-0.7028503418
-0.0780944824
0.3123779297
-0.0780944824
-0.0780944824
0.3904724121
0.9532470703
-0.1191558838
-0.0661926270
0.0661926270
-0.2250671387
0.1059112549
-0.0264739990
0.0132446289
0.0151672363
-0.1517028809
0.9709167480
0.0151672363
-0.0758514404
0.0758514404
-0.0606842041
0.1062011719
0.3461608887
0.0000000000
-0.3461608887
-0.1153869629
0.0000000000
0.3461608887
-0.2307739258
-0.2307739258
-0.0158386230
0.0079193115
-0.0079193115
-0.9978637695
0.0079193115
-0.0237579346
0.0158386230
-0.0316772461
0.0389404297
0.9891357422
0.0000000000
0.0778808594
0.0856781006
0.0155792236
-0.0389404297
-0.0545196533
-0.2946777344
0.4080200195
0.3173522949
0.3173522949
0.4080200195
-0.3626861572
0.4533538818
0.1586761475
-0.0171203613
0.0171203613
0.9760894775
-0.0171203613
0.0000000000
-0.0513763428
-0.1541137695
-0.1027526855
0.2484893799
-0.1863555908
0.2484893799
-0.5590820312
0.0000000000
0.1242370605
-0.3727264404
-0.4969635010
0.0232391357
0.0154876709
0.0000000000
0.9837493896
-0.0852050781
-0.0232391357
-0.1471710205
0.0077514648
-0.0156707764
0.9948577881
-0.0313415527
-0.0548400879
0.0391693115
0.0313415527
-0.0391693115
0.0000000000
0.2426147461
0.0924224854
0.7278442383
0.0231018066
-0.0462188721
0.5892028809
-0.2195129395
-0.0231018066
0.0979614258
-0.9551544189
-0.0979614258
0.0979614258
0.0734710693
-0.1224517822
0.0979614258
-0.0979614258
0.9405822754
0.0151672363
0.0606842041
0.2275543213
-0.1213684082
0.1365356445
-0.1365356445
-0.0151672363
0.2393341064
-0.1196746826
-0.1196746826
-0.1196746826
-0.1196746826
0.2393341064
0.4786834717
-0.1196746826
0.2459411621
0.1229705811
-0.2459411621
0.0000000000
0.0000000000
0.1229705811
-0.3689117432
0.2459411621
0.0358886719
0.9931030273
0.0239257812
-0.0119628906
0.0598297119
-0.0358886719
0.0000000000
-0.0478668213
-0.0857238770
-0.0357208252
-0.3857269287
0.8357391357
0.0285797119
-0.0642852783
0.1000061035
-0.3571472168
-0.0161132812
0.1450805664
0.0000000000
-0.0805969238
-0.9027404785
0.3546447754
0.0805969238
-0.1289672852
-0.1287689209
-0.1931610107
0.5150756836
0.1287689209
-0.1931610107
0.3863067627
0.0643920898
-0.5794677734
0.0000000000
-0.6959228516
-0.3479614258
-0.2087707520
0.4175567627
-0.0695953369
0.0695953369
-0.0695953369
0.0000000000
0.0853118896
-0.5119171143
0.1279754639
-0.1706390381
0.0853118896
-0.1706390381
-0.7678680420
0.9602355957
0.0400085449
0.0600128174
-0.0100097656
-0.0800170898
0.0100097656
-0.2500610352
0.0200042725
0.0223846436
-0.0746307373
0.9478454590
0.2910614014
-0.0074615479
0.0074615479
0.0895538330
0.0298461914
-0.3633728027
0.4844970703
0.2018737793
0.1614990234
0.6459960938
0.2826232910
-0.0403747559
0.1211242676
-0.0082244873
-0.0329284668
-0.0329284668
0.0246887207
0.0246887207
-0.0082244873
-0.9959259033
-0.0493774414
0.2342834473
-0.2342834473
-0.4685668945
0.0780944824
-0.0780944824
0.3123779297
-0.2342834473
-0.5466613770
0.0000000000
0.9977111816
0.0157165527
-0.0157165527
0.0078582764
-0.0078582764
-0.0314178467
0.0314178467
-0.1088256836
-0.2176361084
0.3264617920
0.2176361084
-0.3264617920
0.0000000000
0.2176361084
-0.4352722168
0.0000000000
-0.6118774414
-0.0611877441
-0.4283142090
0.0611877441
-0.4283142090
0.3059387207
0.1835632324
0.4583740234
0.5289001465
0.5641632080
-0.1057739258
0.2115631104
0.2115631104
-0.1410369873
0.1763000488
-0.0345611572
-0.0345611572
-0.0691223145
-0.3801422119
-0.2419128418
0.5874938965
0.6220550537
0.1382293701
0.0000000000
0.0823974609
-0.6592407227
-0.1648101807
0.2472076416
0.0823974609
-0.2472076416
0.4120178223
0.9516601562
-0.0651855469
-0.0651855469
0.0391082764
-0.2346649170
0.0782165527
-0.1303710938
-0.0260772705
0.0144348145
-0.1299438477
0.9817962646
0.0144348145
0.0000000000
0.0000000000
-0.1010742188
0.0433197021
0.3689117432
0.0000000000
-0.2459411621
-0.1229705811
0.1229705811
0.0000000000
-0.2459411621
-0.2459411621
-0.0087432861
0.0087432861
0.0000000000
-0.9970855713
0.0262451172
-0.0349884033
-0.0087432861
-0.0349884033
0.0261383057
0.9930725098
0.0000000000
0.0522613525
0.0696868896
0.0000000000
-0.0435485840
-0.0348510742
-0.3646392822
0.4375762939
0.2674102783
0.2917175293
0.3646392822
-0.3403320312
0.4618835449
0.1944732666
0.0314483643
0.1100616455
0.9591064453
0.0157165527
0.0314483643
-0.1100616455
-0.0628967285
-0.2044067383
-0.0916442871
-0.5499114990
0.4582519531
0.0916442871
0.0000000000
0.0916442871
-0.3666076660
-0.1833038330
0.0155639648
0.0155639648
0.0155639648
0.9879760742
-0.0544586182
-0.0155639648
-0.1322479248
-0.0233306885
0.0313415527
0.9949188232
-0.0234985352
-0.0548400879
0.0391693115
0.0391693115
-0.0234985352
0.0000000000
0.2667999268
0.1000518799
0.7114562988
0.0333557129
-0.0889282227
0.5891723633
-0.2112121582
-0.0889282227
0.0895690918
-0.9629211426
-0.0895690918
0.0000000000
0.0447845459
-0.1343688965
0.0895690918
-0.1119689941
0.9251098633
-0.0192718506
0.0770874023
0.2505493164
-0.1541900635
0.1734619141
-0.0963592529
0.0000000000
0.1249389648
0.1249389648
-0.1249389648
-0.1249389648
0.0000000000
0.1249389648
0.3748016357
-0.1249389648
0.1224670410
0.0000000000
-0.2449493408
-0.1224670410
-0.1224670410
0.2449493408
-0.3674163818
0.2449493408
0.0242309570
0.9932250977
0.0242309570
-0.0121154785
0.0605621338
-0.0363311768
0.0121154785
-0.0484466553
-0.0658569336
-0.0329284668
-0.3539733887
0.8561248779
0.0411529541
-0.0576171875
0.1234741211
-0.3375091553
-0.0348358154
0.1567840576
0.0696868896
-0.0870971680
-0.8884582520
0.3832550049
0.0696868896
-0.1045227051
0.1749877930
-0.3062286377
0.1749877930
-0.0874938965
0.1749877930
0.7874450684
-0.1749877930
-0.3062286377
-0.1748199463
-0.6555786133
-0.3059387207
0.0000000000
0.6118774414
0.0437011719
0.0000000000
-0.0874176025
0.1430816650
-0.0476989746
-0.1430816650
0.2384643555
-0.3338470459
0.1430816650
-0.1907653809
-0.8107910156
0.9571838379
0.0101776123
0.0305480957
0.0203704834
-0.0712738037
-0.0101776123
-0.2647552490
0.0610961914
0.0330810547
-0.0744323730
0.9593658447
0.2481079102
-0.0248107910
0.0413513184
0.0827026367
-0.0082702637
-0.4431152344
0.3323364258
0.2215576172
0.2215576172
0.6646728516
0.2954101562
0.0000000000
0.1477050781
-0.0343017578
0.0171508789
0.0000000000
0.0343017578
0.0257263184
0.0000000000
-0.9947967529
-0.0686035156
-0.1364288330
-0.1364288330
-0.8185424805
0.0000000000
-0.1819000244
0.2273712158
-0.0909423828
-0.3638000488
0.0173187256
0.9959411621
0.0259857178
-0.0259857178
-0.0259857178
-0.0173187256
-0.0346374512
0.0433044434
-0.1247863770
0.0000000000
0.1247863770
0.1247863770
-0.2495727539
0.1247863770
0.1247863770
-0.3743438721
0.0000000000
-0.5161437988
-0.1290283203
-0.4516296387
0.0645141602
-0.3871002197
0.4516296387
-0.1290283203
0.3966979980
0.5553894043
0.5553894043
-0.1586761475
0.1983489990
0.2380218506
-0.1983489990
0.1190185547
0.0378417969
-0.1513671875
0.0378417969
-0.3405609131
-0.0378417969
0.4162445068
0.7946472168
0.0756835938
0.1117401123
-0.1117401123
-0.1117401123
-0.3352050781
0.4469451904
0.2234802246
-0.1117401123
0.3352050781
0.9172363281
-0.0739746094
-0.1035614014
0.0443878174
-0.2958831787
0.0591735840
-0.1923217773
-0.0739746094
0.0309143066
-0.1082153320
0.9739532471
0.0463867188
0.0618438721
-0.0309143066
-0.1546020508
0.0154571533
0.1216278076
-0.1216278076
-0.2432556152
0.1216278076
0.1216278076
0.0000000000
-0.1216278076
-0.1216278076
-0.0101470947
0.0304260254
0.0101470947
-0.9937591553
0.0709838867
-0.0304260254
-0.0202789307
-0.0405578613
0.0105743408
0.9935455322
0.0000000000
0.0634155273
0.0634155273
0.0000000000
-0.0105743408
-0.0317077637
-0.4118957520
0.4668121338
0.2471313477
0.2471313477
0.3020629883
-0.3295135498
0.4668121338
0.2196807861
0.0297393799
0.1338348389
0.9368591309
0.0446166992
0.0148773193
-0.0743560791
-0.0148773193
-0.2974090576
0.1972351074
-0.2958526611
0.0986175537
0.1972351074
0.3944702148
0.1972351074
-0.4930877686
-0.1972351074
0.0000000000
0.0266723633
0.0088958740
0.9867553711
-0.0622253418
0.0088958740
-0.1333465576
-0.0355529785
0.0163269043
0.9956665039
-0.0244903564
-0.0571289062
0.0081634521
0.0408020020
0.0081634521
0.0244903564
0.2931823730
0.1172790527
0.7153778076
0.0469055176
-0.1172790527
0.5511932373
-0.2110900879
-0.1407318115
0.0599365234
-0.9590148926
-0.0998992920
-0.1198730469
0.0199737549
-0.1598358154
0.0599365234
-0.0998992920
0.8989410400
-0.0579986572
0.1159973145
0.2899780273
-0.1739807129
0.1739807129
-0.0579986572
0.0000000000
0.0000000000
0.1199951172
0.0000000000
-0.1199951172
0.1199951172
0.1199951172
0.2400054932
-0.1199951172
0.0000000000
0.2432556152
-0.1216278076
-0.1216278076
-0.1216278076
0.1216278076
-0.1216278076
0.1216278076
0.0000000000
0.9962921143
0.0000000000
-0.0121459961
0.0243072510
-0.0243072510
0.0000000000
-0.0364532471
-0.0651550293
-0.0186157227
-0.3444061279
0.8843078613
0.0372314453
-0.0279235840
0.1303253174
-0.2699432373
-0.0196838379
0.0984497070
0.0984497070
-0.0984497070
-0.9254760742
0.2953643799
0.0196838379
-0.1181488037
0.2356262207
-0.1963500977
0.0785369873
-0.1963500977
0.5497894287
0.6676025391
-0.1570892334
-0.1963500977
-0.1458435059
-0.6417388916
-0.2625274658
0.0000000000
0.6709136963
0.0583343506
-0.0583343506
-0.1166839600
0.4084320068
-0.0408477783
0.0816802979
0.2450561523
-0.2859039307
0.2859039307
-0.0816802979
-0.7351837158
0.9636230469
-0.0116119385
0.0000000000
0.0464324951
-0.0464324951
-0.0116119385
-0.2321929932
0.0928802490
0.0339813232
-0.1019592285
0.9515991211
0.2492218018
-0.0226593018
0.0679779053
0.1019592285
-0.0339813232
-0.4651947021
0.2713623047
0.2326049805
0.2713623047
0.6590270996
0.2713623047
-0.0387725830
0.1550598145
-0.0514526367
0.0514526367
0.0514526367
0.0720214844
0.0411529541
0.0308685303
-0.9877471924
-0.0720214844
-0.2310028076
-0.0330047607
-0.8909912109
-0.0330047607
-0.1320037842
0.2639923096
0.0330047607
-0.1649932861
0.0000000000
0.9953613281
-0.0207366943
-0.0518493652
0.0103759766
-0.0207366943
-0.0207366943
0.0414733887
0.0000000000
0.1242218018
0.1242218018
0.0000000000
-0.1242218018
0.0000000000
0.1242218018
-0.4969024658
-0.0808105469
-0.4040222168
0.0808105469
-0.4040222168
-0.0808105469
0.0808105469
0.5656433105
-0.3232269287
0.3973236084
0.5562591553
0.5562591553
-0.1589355469
0.1986694336
0.2384033203
-0.1589355469
0.1589355469
0.0860290527
-0.1720581055
0.1290435791
-0.3441009521
0.0860290527
0.4731445312
0.7312164307
-0.0430145264
0.0000000000
-0.2270965576
0.5677337646
-0.1135406494
0.2270965576
0.1135406494
0.0000000000
0.2270965576
0.8608245850
-0.1054077148
-0.1932525635
0.0351409912
-0.3864898682
0.0878448486
-0.1932525635
-0.0702667236
0.0340270996
-0.1190948486
0.9527130127
0.1020812988
0.1190948486
-0.0340270996
-0.2041473389
0.0170135498
0.1064758301
-0.1064758301
-0.1064758301
0.0000000000
0.1064758301
0.1064758301
0.0000000000
0.0000000000
0.0000000000
0.0442504883
-0.0221252441
-0.9955291748
0.0110626221
-0.0442504883
0.0000000000
-0.0221252441
-0.0220947266
0.9941253662
0.0110473633
0.0331420898
0.0773162842
-0.0110473633
0.0000000000
0.0000000000
-0.4631195068
0.5017089844
0.1543731689
0.2315521240
0.1543731689
-0.3087463379
0.5017089844
0.1929626465
0.0000000000
0.1551055908
0.9150848389
0.0155029297
0.0310211182
-0.0465240479
-0.0155029297
-0.3567199707
0.2522888184
0.0840911865
0.0000000000
-0.1681976318
0.6727905273
0.3363952637
-0.1681976318
-0.2522888184
0.0000000000
0.0185241699
0.0462951660
0.9906616211
-0.0462951660
0.0092620850
-0.1018371582
-0.0277709961
-0.0097351074
0.9937133789
0.0000000000
-0.0292205811
-0.0097351074
0.0779418945
0.0292205811
0.0389709473
0.2744445801
0.1300048828
0.7077636719
0.0288848877
-0.1444396973
0.5488739014
-0.2455444336
-0.1300048828
0.0362854004
-0.9435729980
-0.0725860596
-0.1633148193
0.0362854004
-0.2177429199
0.0725860596
-0.1088714600
0.8832244873
-0.1204376221
0.2007293701
0.2408752441
-0.0802917480
0.2007293701
-0.0802917480
0.0401458740
0.0000000000
0.0000000000
0.0000000000
-0.1000061035
0.0000000000
0.1000061035
0.1000061035
0.1000061035
0.1178436279
0.2357025146
-0.1178436279
0.0000000000
0.0000000000
-0.1178436279
-0.1178436279
0.0000000000
0.0131072998
0.9966430664
-0.0262298584
0.0000000000
-0.0131072998
0.0000000000
-0.0131072998
0.0000000000
-0.0535125732
0.0000000000
-0.3211212158
0.9098358154
0.0321044922
-0.0428161621
0.1177368164
-0.2140808105
-0.0452728271
0.0905303955
0.1810607910
-0.1810607910
-0.8826904297
0.2942352295
0.0226287842
-0.2037048340
0.1289215088
-0.0429687500
0.1289215088
-0.2148742676
0.6875762939
0.5586547852
-0.0859527588
-0.2578430176
-0.0748748779
-0.6239929199
-0.2745513916
0.0748748779
0.6988677979
0.0748748779
0.0000000000
-0.0998382568
0.3905181885
0.0488128662
0.0976257324
0.1464385986
-0.3905181885
0.1952514648
-0.0976257324
-0.7322235107
0.9777069092
0.0000000000
-0.0310363770
0.0310363770
0.0465545654
-0.0310363770
-0.1707153320
0.0465545654
0.0000000000
-0.0667724609
0.9347534180
0.2670745850
-0.0333862305
0.1001586914
0.1669158936
-0.0500793457
-0.4681701660
0.2340850830
0.2340850830
0.2340850830
0.6437377930
0.1755676270
-0.0585174561
0.2340850830
-0.0490112305
0.0367584229
0.0857849121
0.0980377197
0.0367584229
0.0490112305
-0.9803619385
-0.0980377197
-0.2520294189
0.0279998779
-0.8401031494
-0.0559997559
-0.1120147705
0.4200439453
0.0000000000
-0.1120147705
-0.0123901367
0.9915161133
-0.0495758057
-0.0619659424
0.0495758057
0.0000000000
0.0247802734
0.0495758057
0.0000000000
0.0000000000
0.0000000000
-0.1150360107
-0.1150360107
0.0000000000
0.1150360107
-0.2300720215
-0.1504211426
-0.3008422852
0.3008422852
-0.1504211426
-0.0752105713
0.5264587402
0.5264587402
-0.1504211426
0.4504089355
0.5732421875
0.4913482666
-0.0818939209
0.2047271729
0.2866210938
-0.1637878418
0.1228332520
0.2916107178
-0.1166534424
0.2332916260
-0.3499450684
0.0583190918
0.4082641602
0.6415557861
-0.1749725342
0.0000000000
-0.1237182617
0.2474365234
0.0000000000
0.1237182617
0.1237182617
-0.1237182617
0.2474365234
0.8019866943
-0.0972137451
-0.2430267334
0.0485992432
-0.4860534668
0.0972137451
-0.1458129883
0.0000000000
0.0464782715
-0.1626586914
0.9062042236
0.1394195557
0.2091217041
0.0464782715
-0.2555999756
0.0464782715
0.2226867676
0.0000000000
0.0000000000
0.0000000000
0.0000000000
0.1113433838
0.1113433838
0.0000000000
0.0000000000
0.0117034912
-0.0234069824
-0.9951171875
-0.0468292236
-0.0468292236
0.0117034912
0.0117034912
-0.0508422852
0.9913177490
0.0127105713
0.0381317139
0.0762481689
-0.0381317139
0.0254211426
0.0000000000
-0.4228363037
0.4228363037
-0.0604095459
0.2416229248
0.1208038330
-0.3020324707
0.5436553955
0.2416229248
0.0000000000
0.2223205566
0.8892974854
0.0222320557
0.1111602783
-0.1333923340
-0.0444641113
-0.3334808350
0.3473510742
0.2605133057
-0.0868377686
-0.2605133057
0.4341888428
0.4341888428
-0.1736755371
-0.2605133057
0.0104522705
0.0313720703
0.0313720703
0.9935760498
0.0000000000
0.0104522705
-0.0836639404
-0.0104522705
0.0119323730
0.9897766113
0.0000000000
0.0119323730
-0.0238494873
0.0953979492
0.0476989746
0.0596313477
0.1734008789
0.0578002930
0.7513732910
0.0192718506
-0.1348571777
0.5587158203
-0.2311859131
-0.0770568848
0.0222473145
-0.9564666748
-0.0667266846
-0.0889739990
0.0222473145
-0.2224273682
0.0444946289
-0.0667266846
0.8338317871
-0.2942962646
0.2452392578
0.0980987549
-0.0980987549
0.1471405029
-0.1961975098
0.0000000000
-0.2405242920
-0.3607788086
0.3607788086
0.2405242920
-0.1202545166
0.0000000000
0.1202545166
0.0000000000
-0.1238555908
0.1238555908
-0.2477111816
0.1238555908
-0.2477111816
0.0000000000
0.3715667725
0.1238555908
0.0722503662
0.7585906982
0.1806182861
0.1444854736
0.0722503662
0.2889862061
0.2167358398
-0.4334716797
-0.0302734375
-0.1008911133
-0.3833618164
0.7566528320
0.0605316162
-0.0908050537
0.1715087891
-0.4741668701
-0.4493408203
0.4493408203
-0.0673980713
-0.0673980713
-0.1797332764
0.6515350342
0.3370056152
0.0224609375
-0.1116943359
-0.1116943359
0.0372314453
-0.0744628906
0.8935699463
0.2606201172
-0.1489257812
-0.1861572266
0.5667266846
-0.1030426025
-0.1545562744
-0.5151977539
-0.2060852051
-0.1030426025
-0.1545562744
0.4636840820
0.3471679688
0.1952819824
-0.2603759766
0.2386779785
-0.0650939941
0.1735839844
-0.2386779785
-0.7811126709
0.9397888184
0.1220550537
-0.1098480225
-0.1464538574
0.0610198975
0.0488128662
-0.2319030762
-0.0610198975
0.0964050293
-0.1853942871
0.9195251465
0.3188629150
0.0296630859
-0.0222473145
0.0222473145
0.0741577148
-0.1795959473
0.3591918945
0.1197357178
-0.1795959473
0.5387725830
0.5387725830
-0.2993164062
0.0598602295
0.0326385498
-0.0761413574
-0.0217590332
0.0761413574
0.0326385498
-0.0326385498
-0.9898834229
-0.0326385498
0.2647705078
-0.0882568359
0.7943115234
0.0000000000
0.1765136719
0.0441284180
-0.2647705078
-0.3530273438
-0.0379028320
0.9625854492
-0.2577056885
-0.0303192139
0.0151519775
0.0000000000
0.0227355957
0.0454711914
0.1141510010
0.1141510010
0.1141510010
-0.2283172607
-0.2283172607
-0.1141510010
0.1141510010
-0.5707855225
-0.2028656006
-0.5071563721
0.1014251709
-0.4057312012
0.1014251709
-0.2028656006
0.3042907715
-0.1014251709
0.1436309814
0.4548187256
0.5266265869
-0.0957489014
0.0478820801
0.5266265869
-0.4308776855
0.0478820801
-0.0919189453
0.0919189453
-0.3983001709
-0.1838378906
-0.2144775391
0.7659759521
0.3063964844
0.1838378906
-0.0823974609
-0.1648101807
-0.6592407227
-0.0823974609
0.3296203613
0.0823974609
-0.0823974609
0.4120178223
0.8434448242
-0.1183776855
-0.0443878174
-0.1627655029
-0.4735107422
0.0591888428
-0.0591888428
0.0887908936
0.0000000000
-0.0861053467
0.7319030762
0.0430603027
-0.3874816895
0.3444213867
-0.3444213867
0.0861053467
0.1249389648
0.2498626709
0.0000000000
-0.1249389648
0.0000000000
0.3748016357
0.0000000000
0.0000000000
0.0394897461
-0.0131683350
-0.0394897461
-0.9873504639
0.0526580811
0.0263366699
0.0658264160
-0.0921478271
0.0943908691
0.9202575684
0.1061859131
0.1887664795
0.2831573486
-0.0354003906
-0.0117950439
-0.1061859131
-0.3073272705
0.3483123779
0.4302673340
0.3278198242
0.4302673340
-0.3278198242
0.3892822266
0.1844024658
0.0824737549
-0.0549774170
0.9621734619
0.0000000000
0.0824737549
-0.1649475098
0.0549774170
-0.0549774170
0.5464324951
0.1170959473
-0.1951599121
-0.4293365479
-0.1951599121
0.1561279297
-0.2341918945
-0.5464324951
-0.0479431152
0.1198425293
0.0000000000
0.9347534180
-0.2516632080
-0.0599212646
-0.1917419434
0.0359497070
0.0658111572
0.9872741699
-0.0329132080
-0.0658111572
0.0658111572
0.0329132080
-0.0438842773
0.0658111572
0.2411804199
0.2538757324
0.7235412598
0.0634765625
-0.0888519287
0.5077514648
-0.2665710449
0.0888519287
-0.0170593262
-0.9722595215
0.1364593506
0.0341186523
0.0511779785
0.0341186523
-0.0852813721
0.1194000244
0.9692382812
0.0302886963
0.1211547852
0.1211547852
-0.0605773926
0.0302886963
-0.0605773926
-0.1211547852
-0.2500000000
-0.2500000000
0.2500000000
0.1250000000
-0.1250000000
0.1250000000
0.1250000000
0.0000000000
-0.1213989258
0.2428131104
-0.3642120361
0.1213989258
-0.1213989258
-0.1213989258
0.0000000000
0.3642120361
-0.0390319824
0.8586883545
0.1170959473
0.1170959473
0.0780639648
0.1561279297
0.0390319824
-0.3903198242
-0.0188903809
-0.0755767822
-0.3778839111
0.7368621826
0.0944671631
-0.1511535645
0.1511535645
-0.5006866455
-0.4965362549
0.4288177490
-0.0451354980
-0.0677032471
-0.2708282471
0.6319580078
0.2708435059
0.0225677490
-0.1682128906
-0.0420532227
0.2523193359
-0.0420532227
0.7989959717
0.3784790039
-0.0420532227
-0.2523193359
0.2286834717
-0.2858581543
-0.4573822021
-0.5145416260
0.2858581543
-0.3430328369
-0.0571746826
0.2858581543
0.2863922119
0.1431884766
-0.2291107178
0.1145629883
-0.1145629883
0.1431884766
-0.2863922119
-0.8305358887
0.9435882568
0.1225433350
-0.0490112305
-0.1102905273
0.0000000000
0.0490112305
-0.2695922852
-0.0122528076
0.0605773926
-0.1741638184
0.9313659668
0.2953033447
-0.0075683594
-0.0302886963
0.0530090332
0.0757141113
-0.0689392090
0.6893310547
-0.0689392090
-0.2068023682
0.4825286865
0.2757263184
-0.0689392090
0.0000000000
0.0100250244
-0.0601959229
-0.0100250244
0.0601959229
0.0200653076
-0.0300903320
-0.9931793213
-0.0401306152
0.0000000000
-0.1500549316
0.8503265381
0.0000000000
0.1000366211
0.0000000000
-0.2000732422
-0.3501281738
-0.0077514648
0.9691009521
-0.2403411865
-0.0077514648
0.0077514648
0.0000000000
0.0000000000
0.0310058594
0.1202545166
-0.1202545166
0.2405242920
0.0000000000
-0.2405242920
-0.1202545166
0.1202545166
-0.4810485840
-0.0788116455
-0.7092590332
0.0000000000
-0.3152313232
0.0000000000
-0.3940429688
0.0000000000
0.1576080322
0.1874694824
0.5088500977
0.5088500977
-0.0803527832
0.0803527832
0.5088500977
-0.3749389648
0.1071319580
0.0714569092
-0.0357360840
-0.4644775391
-0.0357360840
-0.1429138184
0.7145843506
0.4287567139
0.1429138184
-0.1272125244
0.0000000000
-0.7632446289
-0.1272125244
0.1908111572
0.0000000000
-0.1272125244
0.4452209473
0.8385314941
-0.0962219238
-0.1099700928
-0.1786956787
-0.4673767090
0.0962219238
-0.0824737549
0.0549926758
-0.0966033936
-0.0966033936
0.5796051025
0.1932067871
-0.3381042480
0.1448974609
-0.6278991699
-0.0482940674
0.1242218018
0.1242218018
-0.2484588623
-0.2484588623
0.1242218018
0.2484588623
-0.2484588623
-0.1242218018
0.0000000000
-0.0143280029
-0.0573120117
-0.9887390137
0.0143280029
-0.0143280029
0.0429840088
-0.1003112793
0.0986022949
0.9155731201
0.0986022949
0.1972045898
0.2817230225
-0.0563507080
-0.0422515869
-0.1126861572
-0.3854522705
0.3627777100
0.4308013916
0.2947540283
0.3854522705
-0.3174285889
0.3854522705
0.1813964844
0.1287994385
0.0858612061
0.9230499268
0.0429382324
0.1287994385
-0.2146606445
0.0858612061
-0.1931915283
0.2935485840
0.0733795166
0.0000000000
-0.1467742920
-0.3669281006
0.2935485840
-0.2201538086
-0.6604766846
-0.0984954834
0.1688385010
0.0562744141
0.9005126953
-0.2391967773
-0.0562744141
-0.2814025879
-0.0422058105
0.1016540527
0.9826202393
-0.0451812744
-0.0451812744
0.0903625488
0.0677642822
-0.0451812744
0.0338897705
0.2856750488
0.2618713379
0.6784667969
0.0952301025
-0.0833282471
0.5475463867
-0.2618713379
0.0238037109
-0.0166320801
-0.9810028076
0.0997619629
0.0332489014
0.0498809814
-0.0498809814
-0.0498809814
0.0997619629
0.9487457275
0.0000000000
0.1277160645
0.1641998291
-0.1094665527
0.1277160645
-0.0364837646
-0.1277160645
-0.1178436279
0.0000000000
0.1178436279
0.0000000000
0.0000000000
0.1178436279
-0.1178436279
-0.2357025146
0.0000000000
0.0000000000
-0.1250000000
0.0000000000
-0.2500000000
0.1250000000
-0.1250000000
0.3750000000
-0.0994873047
0.9285583496
-0.0331573486
0.1658172607
0.0663299561
0.0663299561
-0.0331573486
-0.2321319580
0.0186767578
-0.0373382568
-0.3827972412
0.7282409668
0.0840301514
-0.1680603027
0.1960601807
-0.4948272705
-0.4246215820
0.3575744629
0.0000000000
-0.0894012451
-0.3799285889
0.6704559326
0.2681884766
-0.0446929932
-0.2061157227
-0.0824432373
0.2885589600
-0.1648864746
0.5359039307
0.6595764160
-0.0412292480
-0.2473449707
-0.0528717041
-0.3700714111
-0.3171997070
-0.3171997070
0.6344146729
-0.3700714111
0.0528717041
0.1585998535
0.2235565186
0.0745239258
-0.0745086670
0.0372619629
-0.1862945557
0.1862945557
-0.2980651855
-0.8569335938
0.9414367676
0.0672454834
-0.0560455322
-0.0336303711
-0.0560455322
0.0784606934
-0.3026123047
0.0000000000
0.0404205322
-0.1778717041
0.9378967285
0.2829895020
-0.0080871582
-0.0242614746
0.0323486328
0.0565948486
-0.2489624023
0.7468872070
-0.0622406006
-0.0622406006
0.4356842041
0.1867218018
0.1244812012
0.0622406006
-0.0292358398
-0.0194854736
0.0194854736
0.0487213135
0.0487213135
-0.0194854736
-0.9938964844
-0.0487213135
-0.2053527832
-0.2053527832
0.6845092773
0.0684509277
0.0000000000
0.0000000000
-0.3422546387
-0.4107055664
-0.0090637207
0.9698028564
-0.2356567383
0.0181274414
0.0000000000
0.0090637207
-0.0090637207
0.0271911621
0.1202545166
-0.1202545166
0.2405242920
0.0000000000
-0.2405242920
-0.1202545166
0.1202545166
-0.4810485840
-0.0771789551
-0.6945495605
0.0771789551
-0.3086853027
0.0000000000
-0.3858642578
0.0771789551
0.2315216064
0.1881256104
0.5330047607
0.5016479492
-0.0940551758
0.0940551758
0.5330047607
-0.2821807861
0.1254119873
0.1887969971
-0.1887969971
-0.4153442383
0.0000000000
0.0755157471
0.4908752441
0.6796722412
0.0377655029
-0.1254577637
-0.0627288818
-0.7527160645
-0.1881713867
0.1881713867
0.0627288818
-0.1254577637
0.4390869141
0.8184967041
-0.0832366943
-0.1526031494
-0.2080841064
-0.4577941895
0.1109771729
-0.1664733887
0.0277404785
-0.2294311523
-0.1147155762
0.2867889404
0.2294311523
-0.2867889404
0.0000000000
-0.7456665039
-0.2294311523
0.0000000000
0.1216278076
-0.2432556152
-0.1216278076
0.1216278076
-0.1216278076
-0.1216278076
-0.1216278076
0.0157165527
0.0000000000
-0.0471649170
-0.9905548096
0.0314483643
-0.0314483643
0.0157165527
-0.0786132812
0.0890350342
0.8724822998
0.1246337891
0.2492828369
0.3383178711
-0.0890350342
-0.0712280273
-0.1246337891
-0.4401855469
0.4157257080
0.3912811279
0.3179168701
0.3179168701
-0.2934570312
0.3668212891
0.1956329346
0.1513214111
0.1891479492
0.8511657715
0.1134948730
0.1324005127
-0.2458953857
0.1513214111
-0.3026428223
0.0000000000
0.0000000000
0.1782989502
0.5349121094
-0.0891571045
0.4457702637
-0.2674560547
-0.3566131592
-0.1343078613
0.2302551270
-0.0191802979
0.8442687988
-0.2686309814
-0.0575561523
-0.3453826904
-0.0959320068
0.1092376709
0.9832000732
-0.0606842041
-0.0121307373
0.0606842041
0.0728302002
-0.0121307373
0.0606842041
0.2947082520
0.2720489502
0.7027740479
0.0906829834
-0.1020202637
0.5100860596
-0.2493743896
-0.0113372803
-0.0345611572
-0.9849395752
0.0518341064
0.0000000000
0.0518341064
-0.1036834717
-0.0172729492
0.0518341064
0.8782501221
-0.0752716064
0.2007446289
0.2258300781
-0.2007446289
0.2007446289
0.0000000000
-0.1756439209
-0.2494506836
0.2494506836
0.1247253418
0.0000000000
0.0000000000
0.0000000000
-0.1247253418
-0.2494506836
-0.2344665527
-0.1172332764
-0.1172332764
-0.1172332764
-0.3517150879
0.0000000000
-0.1172332764
0.4689483643
-0.1411285400
0.9173278809
-0.0352783203
0.1411285400
0.1058502197
0.0000000000
-0.0705566406
-0.2469787598
0.0401153564
-0.0300903320
-0.3810424805
0.7520751953
0.0701904297
-0.1303558350
0.2406616211
-0.4512481689
-0.2744903564
0.2516174316
0.0457458496
-0.1143798828
-0.5947418213
0.6404876709
0.2516174316
-0.0457458496
0.0312500000
-0.2187194824
0.0937347412
-0.2499694824
0.4999389648
0.7499084473
-0.1874694824
0.0312500000
-0.1200561523
-0.5202331543
-0.2401123047
-0.1200561523
0.7203216553
-0.2000885010
0.0800323486
-0.1600799561
0.2352600098
0.0000000000
0.3024749756
0.0336151123
-0.3697052002
0.2016601562
-0.2016601562
-0.7730102539
0.9400787354
0.0238037109
-0.1071014404
0.0238037109
-0.0594940186
0.0832977295
-0.2974853516
0.0119018555
0.0379180908
-0.1706085205
0.9478302002
0.2559204102
-0.0094757080
-0.0189514160
0.0284423828
0.0379180908
-0.3096008301
0.5417938232
0.0000000000
0.0773925781
0.5417938232
0.3096008301
0.0773925781
0.0773925781
-0.0518341064
0.0622100830
0.0829315186
0.0622100830
0.0725708008
0.0103607178
-0.9848937988
-0.0622100830
-0.6247558594
0.0780944824
-0.1561889648
0.0780944824
-0.0780944824
0.0780944824
-0.2342834473
-0.5466613770
0.0253448486
0.9503479004
-0.2914428711
0.0253448486
-0.0126647949
-0.0253448486
-0.0253448486
0.0633544922
0.1237182617
0.0000000000
0.1237182617
0.0000000000
-0.2474365234
-0.1237182617
0.1237182617
-0.2474365234
-0.0874786377
-0.6123657227
0.0000000000
-0.3499298096
0.0000000000
-0.4374084473
0.1749572754
0.0874786377
0.2318878174
0.5300140381
0.4637603760
-0.0993804932
0.1325073242
0.5300140381
-0.2981414795
0.1325073242
0.1174468994
-0.2740478516
-0.1566009521
0.0000000000
0.3132019043
0.4306640625
0.7438659668
0.0000000000
0.0000000000
-0.2393341064
-0.2393341064
-0.1196746826
0.3590087891
0.1196746826
0.1196746826
0.3590087891
0.7724761963
-0.1126556396
-0.2413940430
-0.2092132568
-0.4828033447
0.1448364258
-0.1609344482
-0.0160980225
-0.2108154297
0.0000000000
-0.2810821533
0.2108154297
-0.1405334473
-0.0702667236
-0.7729797363
-0.2108154297
0.0000000000
-0.1243286133
-0.1243286133
0.1243286133
0.2486572266
-0.2486572266
-0.1243286133
-0.1243286133
0.0184936523
0.0554809570
-0.0554809570
-0.9802856445
0.0924835205
-0.0184936523
-0.0184936523
-0.1109771729
0.0633087158
0.8230895996
0.1477355957
0.2954711914
0.4009857178
-0.1055297852
-0.0844116211
-0.1266326904
-0.4892730713
0.4604949951
0.3165893555
0.2878112793
0.2302551270
-0.2878112793
0.4029388428
0.2014617920
0.0899505615
0.1978759766
0.8455047607
0.1439208984
0.1079406738
-0.1619110107
0.1619110107
-0.3777770996
0.2184143066
0.1456146240
0.0727996826
0.4368438721
0.5096435547
0.4368438721
-0.1456146240
-0.2912292480
-0.1952819824
0.2929382324
-0.0976409912
0.7567443848
-0.3173370361
0.0000000000
-0.3905792236
-0.1464691162
0.0384979248
0.9881439209
-0.0641632080
0.0128326416
0.0128326416
0.0641632080
0.0128326416
0.0898284912
0.2781524658
0.2660675049
0.7498168945
0.0846557617
-0.1330261230
0.4474792480
-0.2418823242
-0.0362854004
-0.0554809570
-0.9802856445
-0.0369873047
-0.0554809570
0.0554809570
-0.1294708252
-0.0184936523
0.0184936523
0.7829742432
-0.0435028076
0.2609863281
0.3044891357
-0.2174835205
0.2609863281
0.0000000000
-0.2174835205
-0.0785675049
0.0785675049
0.0000000000
0.0000000000
0.0000000000
0.0000000000
0.0000000000
0.0000000000
-0.1245422363
0.2490844727
0.0000000000
-0.2490844727
-0.2490844727
-0.1245422363
-0.1245422363
0.2490844727
-0.1484222412
0.9275970459
0.0000000000
0.0742034912
0.1113128662
0.0000000000
-0.0742034912
-0.2226257324
0.0447540283
0.0000000000
-0.3916320801
0.8056335449
0.0559539795
-0.1007080078
0.2237854004
-0.3580627441
-0.1308441162
0.1046752930
-0.0261688232
-0.1046752930
-0.8112640381
0.4710540771
0.2355194092
-0.0523376465
0.1660003662
-0.2655944824
0.0000000000
-0.1991882324
0.5311889648
0.6971740723
-0.2323913574
0.0663909912
-0.0609893799
-0.6099243164
-0.0914916992
-0.0305023193
0.7014160156
-0.1829833984
0.0000000000
-0.2439727783
0.2986297607
0.0331878662
0.3649902344
0.0663604736
-0.3981628418
0.1659088135
-0.1327209473
-0.7299804688
0.9561157227
-0.0289764404
-0.1593475342
0.0579528809
0.0144805908
0.0434570312
-0.2173004150
0.0144805908
0.0255126953
-0.1657867432
0.9564361572
0.2167968750
0.0000000000
0.0127563477
0.0637664795
0.0255126953
-0.4066467285
0.4066467285
0.1626586914
0.0813293457
0.5692901611
0.2439880371
0.0000000000
0.1626586914
-0.0570068359
0.0712585449
0.1282501221
0.1140136719
0.1140136719
0.0427551270
-0.9690551758
-0.0427551270
-0.4705657959
0.0941162109
-0.7058410645
0.0000000000
-0.0941162109
0.2823333740
-0.0470581055
-0.3293914795
0.0000000000
0.9299316406
-0.3449707031
0.0149993896
0.0299987793
-0.0449981689
-0.0149993896
0.0749969482
0.1216278076
0.1216278076
0.1216278076
0.0000000000
-0.1216278076
-0.1216278076
0.2432556152
-0.1216278076
-0.1024169922
-0.6144866943
0.1024169922
-0.4096679688
0.0000000000
-0.2048339844
0.0000000000
0.1024169922
0.2417602539
0.4835357666
0.4144592285
-0.1036071777
0.0690765381
0.6216888428
-0.2763061523
0.1381530762
0.0896606445
-0.3138122559
0.0448303223
-0.0448303223
0.4034881592
0.4483184814
0.6724700928
-0.0896606445
0.0000000000
-0.1213989258
0.4856262207
0.0000000000
0.2428131104
0.2428131104
0.0000000000
0.1213989258
0.7289581299
-0.1457977295
-0.3097991943
-0.1640167236
-0.5102691650
0.2004547119
-0.1093444824
0.0364532471
-0.0878143311
0.0000000000
-0.4390411377
0.1756134033
-0.0878143311
0.0000000000
-0.7024688721
0.0000000000
0.0000000000
0.0000000000
0.0000000000
0.0785675049
0.0785675049
0.0000000000
0.0000000000
0.0000000000
0.0173034668
0.0519104004
-0.0865325928
-0.9864196777
-0.0173034668
-0.0519104004
0.0346069336
-0.0519104004
0.0000000000
0.8577880859
0.1539611816
0.2199401855
0.3959045410
-0.0879821777
-0.0659790039
-0.0879821777
-0.5264739990
0.5264739990
0.1316223145
0.2632446289
0.1316223145
-0.2632446289
0.4387359619
0.1316223145
0.0805206299
0.2415618896
0.8051910400
0.1610412598
0.1610412598
-0.1878814697
0.1878814697
-0.3757476807
0.2480316162
0.1653594971
0.0826873779
0.1653594971
0.5787506104
0.4960784912
0.0000000000
-0.2480316162
-0.2352905273
0.2875671387
-0.0261383057
0.7842864990
-0.2091369629
0.0522918701
-0.3659973145
-0.2091369629
-0.0290222168
0.9866485596
-0.0290222168
0.0580444336
-0.0145111084
0.0580444336
0.0290222168
0.1015625000
0.2155914307
0.2309875488
0.7853546143
0.0769958496
-0.1231994629
0.4311676025
-0.2617797852
-0.0153961182
-0.0633697510
-0.9716796875
-0.0211181641
-0.0844879150
0.0211181641
-0.1689910889
0.0211181641
-0.0211181641
0.8101348877
-0.0540161133
0.2700500488
0.1620330811
-0.1620330811
0.2700500488
0.0000000000
-0.2160339355
-0.0785675049
0.0785675049
0.0000000000
0.0000000000
0.0000000000
0.0000000000
0.0000000000
0.0000000000
0.1228332520
0.1228332520
0.1228332520
-0.1228332520
-0.1228332520
-0.2456817627
-0.1228332520
0.1228332520
-0.0713653564
0.9634552002
-0.0356903076
0.0713653564
-0.0356903076
0.0356903076
-0.0713653564
-0.1070556641
0.0543670654
0.0135955811
-0.3262329102
0.8835449219
0.0543670654
-0.0543670654
0.1767120361
-0.2582702637
-0.0930633545
0.0000000000
0.0310211182
-0.1861114502
-0.8065185547
0.4342803955
0.2481536865
-0.1551055908
0.0463409424
-0.1390380859
0.0463409424
-0.1390380859
0.4170989990
0.8341979980
-0.0926818848
-0.0926818848
0.0338745117
-0.5759277344
-0.1355133057
0.1016387939
0.7114257812
-0.0338745117
0.0338745117
-0.3049011230
0.2935943604
0.0838775635
0.3355255127
0.0419464111
-0.4613494873
0.0838775635
-0.0838775635
-0.7129974365
0.9629821777
0.0000000000
-0.1639099121
0.0204925537
0.1434173584
-0.0204925537
-0.1024475098
-0.0204925537
-0.0397796631
-0.1392211914
0.9546508789
0.1790008545
0.0000000000
0.0596618652
0.1392211914
0.0000000000
-0.4241790771
0.3181304932
0.1060485840
0.0000000000
0.4241790771
0.1060485840
0.0000000000
0.3181304932
-0.0368347168
0.0000000000
0.1289367676
0.1657867432
0.1105194092
0.0921020508
-0.9578704834
-0.0736846924
-0.4179534912
0.0348358154
-0.6965942383
-0.0348358154
-0.0348358154
0.4876098633
0.0000000000
-0.2438049316
0.0201263428
0.9257354736
-0.3421173096
0.0201263428
0.0603790283
-0.0201263428
0.0402526855
0.0805053711
0.0000000000
0.0000000000
0.1000061035
0.0000000000
-0.1000061035
0.0000000000
0.1000061035
-0.1000061035
-0.1224670410
-0.3674163818
0.2449493408
-0.2449493408
-0.1224670410
0.2449493408
0.1224670410
0.0000000000
0.2799072266
0.5198211670
0.3598785400
-0.0799713135
-0.0799713135
0.5997924805
-0.2399139404
0.1999359131
0.2510375977
-0.3514556885
0.1004180908
0.0000000000
0.4518585205
0.3012390137
0.6024932861
-0.2510375977
-0.1150360107
0.0000000000
0.1150360107
0.0000000000
0.0000000000
0.0000000000
-0.2300720215
0.1150360107
0.6635894775
-0.2041778564
-0.3317871094
-0.0765686035
-0.5870208740
0.1531372070
-0.0510406494
0.1020965576
-0.0654754639
-0.1309509277
-0.5892486572
0.2618865967
0.1309509277
0.1309509277
-0.5892486572
0.1964111328
0.0911560059
0.0000000000
0.0000000000
0.0000000000
0.0911560059
0.0911560059
0.0000000000
0.0000000000
0.0179290771
0.0179290771
-0.0717315674
-0.9863891602
-0.0717315674
-0.0538024902
0.0538024902
0.0000000000
-0.0546264648
0.8741149902
0.1365814209
0.2458496094
0.3551025391
-0.0273132324
0.0000000000
-0.0546264648
-0.4943237305
0.4237060547
0.0000000000
0.2824707031
0.1412353516
-0.2118530273
0.4943237305
0.1412353516
0.1234588623
0.2880706787
0.7819061279
0.2057647705
0.1646118164
-0.3292236328
0.1234588623
-0.2057647705
0.4157409668
0.2078704834
-0.1039276123
-0.1039276123
0.4157409668
0.4157409668
-0.1039276123
-0.1039276123
-0.2671203613
0.2671203613
-0.0296783447
0.8013458252
-0.0890350342
0.0890350342
-0.3561553955
-0.2077636719
-0.0180358887
0.9737854004
-0.0180358887
0.1262359619
-0.0540924072
0.0540924072
0.0540924072
0.1262359619
0.1632690430
0.1865997314
0.7696990967
0.1166229248
-0.0233306885
0.4898071289
-0.2565612793
-0.0932922363
-0.0874786377
-0.9622039795
-0.0583190918
-0.0583190918
0.0000000000
-0.1749420166
0.0291595459
0.0291595459
0.7824249268
-0.1805572510
0.1203765869
0.1805572510
-0.1203765869
0.2407531738
-0.2407531738
-0.2407531738
-0.3736267090
0.0000000000
0.2490844727
0.1245422363
0.0000000000
0.1245422363
0.0000000000
-0.2490844727
0.1055145264
0.1055145264
-0.2110137939
0.3165283203
0.1055145264
0.1055145264
0.6330566406
0.0000000000
-0.5072021484
0.0507202148
0.1521606445
0.7608032227
-0.0507202148
0.1014404297
0.0000000000
-0.2028808594
0.1041717529
-0.2291564941
-0.3333282471
0.5208129883
0.0625000000
-0.3333282471
0.2916564941
-0.5833129883
-0.4852752686
0.4567260742
0.0000000000
0.1998138428
0.4567260742
0.3996429443
0.2854614258
0.1998138428
0.2001953125
-0.1779479980
-0.1557006836
0.0222473145
0.8230133057
0.4448699951
-0.1112213135
0.0000000000
0.3082427979
-0.4931945801
-0.4315490723
-0.2465972900
0.1233062744
-0.4931945801
-0.1233062744
0.1233062744
0.1551818848
0.5172576904
-0.1034545898
0.4138031006
-0.1551818848
-0.1551818848
-0.2586364746
-0.5689849854
0.9627990723
0.0583496094
-0.1312866211
0.0000000000
0.0729370117
0.0875244141
-0.1750488281
-0.0437622070
0.0120544434
-0.2289123535
0.9156646729
0.2771148682
0.0120544434
0.0481872559
0.0240936279
0.1566314697
0.0868377686
0.0868377686
0.0868377686
-0.1736755371
0.4341888428
0.6078643799
-0.3473510742
-0.0868377686
0.0136718750
-0.1777954102
0.0273590088
0.0547027588
-0.0683898926
-0.0957336426
-0.9710540771
0.0410308838
0.1053161621
0.0000000000
0.9127960205
-0.2106475830
0.0702209473
0.0351104736
0.0702209473
-0.2457580566
0.0372009277
0.9300384521
-0.3472137451
-0.0124053955
0.0619964600
0.0124053955
0.0124053955
-0.0619964600
0.0000000000
0.1243286133
-0.1243286133
0.0000000000
0.1243286133
0.0000000000
0.1243286133
-0.3729858398
0.1840515137
-0.4601287842
-0.1840515137
-0.3681030273
0.1840515137
-0.4601287842
-0.0920257568
-0.1840515137
0.1524047852
0.5080261230
0.4064178467
0.1185455322
-0.1354675293
0.6773681641
-0.1354675293
0.1862792969
0.4426879883
-0.0402374268
-0.7243957520
-0.0402374268
0.0000000000
0.3219604492
0.2012176514
0.2817077637
0.0000000000
0.0000000000
-0.8094024658
0.0000000000
0.1471710205
0.2207489014
0.0735778809
0.2943267822
0.5784454346
0.0141143799
0.0141143799
-0.3809204102
-0.6912994385
-0.0141143799
-0.1834106445
0.0423278809
0.1150970459
0.2877349854
0.6330261230
-0.1150970459
-0.0575408936
0.4028320312
0.4028320312
0.2301940918
0.1250000000
0.3750000000
0.0000000000
-0.2500000000
-0.1250000000
0.1250000000
0.0000000000
0.0000000000
-0.0522918701
-0.2614440918
-0.0522918701
-0.8365936279
0.1045684814
-0.0522918701
-0.1568603516
-0.3137207031
0.1380310059
0.7453613281
0.1932373047
0.0552062988
0.5521087646
-0.1656341553
-0.0276031494
-0.1656341553
-0.3968963623
0.2551574707
0.4819488525
0.3968963623
0.3118438721
-0.3118438721
0.3401947021
0.2268066406
0.2529449463
0.1264801025
0.7272338867
0.2213287354
0.0632324219
-0.3478088379
0.1264801025
-0.4110412598
0.4747772217
0.0474853516
-0.3798217773
-0.4273071289
-0.2848663330
0.0949554443
-0.0949554443
-0.5222625732
-0.0769195557
0.3333129883
0.1538391113
0.6153564453
-0.5384368896
-0.0256347656
-0.4102325439
0.0256347656
0.1846160889
0.8000030518
0.0000000000
0.1846160889
0.1538391113
0.3384552002
-0.2769165039
0.2153778076
0.2824401855
0.3883514404
0.6001892090
0.1059112549
-0.0706176758
0.5648803711
-0.2294769287
0.1059112549
0.0000000000
-0.9788513184
0.0533905029
-0.0711822510
0.0177917480
-0.0533905029
0.0177917480
0.1423797607
0.9732513428
0.1035308838
0.0000000000
0.0000000000
0.1449584961
0.0414123535
-0.0621185303
-0.0414123535
-0.1113433838
-0.1113433838
0.1113433838
0.0000000000
-0.1113433838
0.1113433838
0.0000000000
-0.1113433838
0.1219482422
0.2438964844
-0.1219482422
0.1219482422
0.1219482422
-0.1219482422
0.4878082275
0.0000000000
-0.5536804199
0.2013397217
0.0000000000
0.7046813965
0.0000000000
0.0000000000
-0.1006622314
-0.2516632080
0.0946960449
-0.1704406738
-0.3030090332
0.5113372803
0.0757598877
-0.3787689209
0.2840728760
-0.6060333252
-0.5095062256
0.4495697021
0.0599365234
0.0899200439
0.4495697021
0.4495697021
0.2997131348
0.0599365234
0.1376037598
-0.1926574707
-0.0825653076
0.0275268555
0.7981414795
0.5229187012
-0.0275268555
0.0275268555
0.1031799316
-0.4127044678
-0.3095245361
-0.2063598633
0.5158843994
-0.5674743652
-0.0515899658
-0.0515899658
0.0000000000
0.4126281738
0.2063140869
0.0687713623
-0.3438568115
-0.0687713623
-0.3438568115
-0.6189422607
0.9708251953
0.0285491943
-0.0856628418
0.0285491943
0.0142822266
0.0428314209
-0.1998748779
0.0000000000
-0.0560607910
-0.2242584229
0.9250946045
0.2102508545
0.0000000000
-0.0420532227
0.0000000000
0.1962280273
-0.1099700928
0.4398803711
0.0000000000
-0.1099700928
0.4398803711
0.3299102783
-0.1099700928
-0.1099700928
-0.0392913818
-0.1309967041
0.0523986816
0.0523986816
-0.0261993408
-0.0654907227
-0.9824218750
-0.0130920410
-0.0780029297
-0.0780029297
0.8970336914
-0.1950073242
0.1170043945
-0.0390014648
0.0780029297
-0.2730102539
0.1160583496
0.9284057617
-0.3191375732
0.0725250244
0.0725250244
0.0435180664
-0.0145111084
-0.0580291748
0.0000000000
0.1249389648
-0.1249389648
0.0000000000
0.1249389648
0.1249389648
0.2498779297
-0.3748321533
0.0778656006
-0.4671630859
-0.1557159424
-0.3114471436
0.0778656006
-0.4671630859
-0.4671630859
0.0778656006
0.1577453613
0.4929351807
0.3943481445
0.0985870361
-0.1971740723
0.6703948975
-0.0197143555
0.2563323975
0.5312194824
-0.1770782471
-0.6728668213
0.0708312988
0.1062469482
0.1770782471
0.3541412354
0.1416625977
-0.0604095459
0.0604095459
-0.8456726074
-0.0604095459
-0.0604095459
0.1208038330
0.0604095459
0.3624267578
0.5761566162
0.0000000000
-0.0303192139
-0.3942108154
-0.6671142578
0.0151672363
-0.2425842285
0.0151672363
0.0000000000
0.4738006592
0.3790283203
-0.0947570801
0.0000000000
0.3790283203
0.2842712402
0.2842712402
0.0000000000
0.2474365234
0.0000000000
-0.2474365234
0.1237182617
0.1237182617
-0.1237182617
0.1237182617
-0.1303863525
-0.1955871582
-0.0652008057
-0.8475494385
0.0000000000
-0.1955871582
-0.0652008057
-0.1955871582
0.2133026123
0.4265899658
0.2559509277
0.0426635742
0.7252197266
-0.2133026123
-0.1706390381
-0.2133026123
-0.4681243896
0.3218383789
0.4681243896
0.3803405762
0.2340545654
-0.2925720215
0.3218383789
0.2048034668
0.2713470459
0.1899414062
0.6783599854
0.1899414062
0.0814056396
-0.3527526855
0.1628112793
-0.4612884521
0.0000000000
0.0943603516
-0.2830657959
0.1887054443
-0.2830657959
0.1887054443
0.0943603516
-0.6604766846
-0.1631469727
0.4894256592
0.2284088135
0.2284088135
-0.4894256592
-0.0326232910
-0.5873260498
-0.0978851318
0.3084564209
0.6511993408
-0.0685424805
0.3084564209
0.1713714600
0.4455566406
-0.2399139404
0.2399139404
0.3300476074
0.4290618896
0.5775756836
0.1485137939
-0.0164947510
0.5610809326
-0.1650238037
0.0164947510
-0.0175018311
-0.9801788330
0.0000000000
-0.0525054932
0.0000000000
-0.1050262451
0.0175018311
0.1225280762
0.9618072510
0.0274810791
0.0549621582
0.0824432373
0.0274810791
0.1648864746
0.0000000000
-0.1099243164
0.0000000000
0.1064758301
0.0000000000
-0.1064758301
-0.1064758301
0.0000000000
-0.1064758301
-0.1064758301
0.1150360107
0.0000000000
0.0000000000
0.0000000000
-0.1150360107
0.0000000000
0.2300720215
0.1150360107
-0.5228729248
0.3137207031
-0.0522918701
0.6797332764
0.0522918701
-0.0522918701
-0.1568603516
-0.2091522217
0.1747436523
-0.1223144531
-0.2970581055
0.5242156982
0.0873718262
-0.3494720459
0.3145294189
-0.5941162109
-0.4485321045
0.3844451904
0.0961151123
0.0000000000
0.3203735352
0.5766754150
0.4164886475
0.0000000000
0.0990447998
-0.2476043701
-0.0247650146
-0.1237945557
0.6685180664
0.6437683105
-0.0990447998
0.1485595703
0.0594482422
-0.2972106934
-0.2377624512
-0.0594482422
0.6538543701
-0.5349731445
0.0594482422
-0.1188812256
0.0000000000
0.1111297607
0.5556640625
-0.0555725098
-0.3889617920
0.0000000000
-0.2222595215
-0.6112213135
0.9560241699
0.0000000000
-0.0969848633
0.0415649414
-0.0554199219
0.0969848633
-0.2355499268
-0.0277099609
-0.0638580322
-0.2075195312
0.9258880615
0.2075347900
0.0159606934
-0.0798187256
-0.0319213867
0.1915588379
-0.2099609375
0.5248870850
0.0000000000
0.0000000000
0.4199066162
0.3149414062
0.0000000000
0.0000000000
-0.0505676270
-0.0505676270
0.1011352539
0.0505676270
0.0126342773
-0.0252838135
-0.9859924316
-0.0632019043
-0.2294311523
0.0000000000
0.8603820801
-0.1720733643
0.0000000000
-0.0573577881
0.1147155762
-0.2294311523
0.2095642090
0.9011077881
-0.3143463135
0.1466979980
0.0628662109
0.0628662109
0.0000000000
-0.0419158936
0.0000000000
-0.1202545166
0.0000000000
0.0000000000
0.1202545166
0.0000000000
0.1202545166
-0.6013031006
0.0802917480
-0.3211669922
-0.1605834961
-0.2408752441
0.0802917480
-0.4014587402
-0.5620422363
0.3211669922
0.1519470215
0.4992828369
0.4124450684
0.0651245117
-0.1736602783
0.6512298584
0.0651245117
0.2821960449
0.4945678711
-0.2472839355
-0.5652160645
0.0353240967
0.2826080322
0.1766357422
0.4592437744
0.1059722900
-0.0699310303
0.0699310303
-0.8391418457
-0.0699310303
0.0000000000
0.1398620605
0.1398620605
0.2797088623
0.5180053711
0.0000000000
-0.0690612793
-0.4143981934
-0.6906738281
0.0345306396
-0.2590026855
-0.0172729492
-0.1990661621
0.3981323242
-0.3981323242
-0.2985992432
-0.0995330811
0.2985992432
0.2985992432
0.0995330811
-0.1247863770
0.1247863770
-0.1247863770
-0.1247863770
0.1247863770
-0.3743438721
-0.2495727539
0.0000000000
-0.0865173340
-0.0865173340
0.0865173340
-0.7786865234
0.2595672607
-0.0865173340
-0.0865173340
-0.1730346680
0.2239379883
0.0895690918
0.3135070801
0.1791381836
0.7613677979
-0.2239379883
-0.3135070801
-0.1343536377
-0.5705566406
0.3803710938
0.3486785889
0.3803710938
0.2218780518
-0.2535858154
0.2852783203
0.1901855469
0.2001190186
0.2001190186
0.6503753662
0.2751617432
0.1000518799
-0.3001708984
0.2251281738
-0.5002899170
-0.1762847900
0.0881347656
-0.0881347656
0.4407043457
0.2644195557
0.1762847900
-0.0881347656
-0.6169738770
-0.1525726318
0.4958343506
0.1144256592
-0.0762786865
-0.5339813232
-0.0381469727
-0.6102600098
-0.0762786865
0.1047363281
0.7332000732
-0.1396636963
0.3840637207
0.0698242188
0.3491516113
-0.1396636963
0.3142242432
0.3435211182
0.4253082275
0.6379699707
0.1472167969
-0.0327148438
0.4907379150
-0.1472167969
-0.0163574219
-0.0189971924
-0.9688262939
-0.0569915771
-0.0569915771
0.0189971924
-0.1709747314
0.0189971924
0.1139831543
0.8498382568
-0.0944213867
0.2360687256
0.0944213867
-0.1416320801
0.2360687256
0.0000000000
-0.2360687256
0.0000000000
0.2400054932
0.1199951172
-0.1199951172
-0.1199951172
0.0000000000
-0.1199951172
-0.1199951172
0.0000000000
0.0000000000
0.0000000000
-0.1150360107
-0.2300720215
-0.1150360107
0.0000000000
0.1150360107
-0.5466308594
0.1214752197
-0.1214752197
0.6073760986
0.1214752197
-0.1214752197
-0.3036804199
-0.2429504395
0.1551055908
-0.0861663818
-0.3791351318
0.6204071045
0.0516967773
-0.2757415771
0.3446655273
-0.4825439453
-0.2817077637
0.2817077637
0.1207275391
-0.1609802246
-0.0402374268
0.6439056396
0.5634155273
-0.1207275391
0.1445007324
-0.2408294678
-0.0481719971
-0.1685791016
0.6020812988
0.6502380371
-0.1685791016
0.2408294678
-0.0458984375
-0.5049438477
-0.0918121338
0.0458984375
0.5967407227
-0.4131317139
0.1836090088
-0.3213195801
0.0728607178
0.0364379883
0.6193695068
-0.0364379883
-0.4007720947
0.0000000000
-0.1457366943
-0.6193695068
0.9556884766
-0.0313415527
-0.1410064697
0.0783386230
-0.0626678467
0.0783386230
-0.2036743164
-0.0156707764
-0.0973358154
-0.2530517578
0.8954315186
0.1946563721
0.0778656006
-0.1167907715
-0.0194702148
0.2335968018
-0.2332305908
0.3498535156
0.1166229248
0.1166229248
0.3498535156
0.3498535156
0.0000000000
0.1166229248
-0.0282592773
0.0424041748
0.1695861816
0.0565338135
0.0565338135
0.0000000000
-0.9751129150
-0.0706634521
-0.4564056396
0.0912780762
0.4564056396
-0.2738494873
-0.0912780762
0.1825714111
0.1825714111
-0.3651275635
0.3213653564
0.8034210205
-0.3856353760
0.2249603271
0.0964050293
-0.0321350098
-0.0642700195
-0.0642700195
0.1199951172
-0.1199951172
0.1199951172
0.0000000000
-0.1199951172
0.0000000000
0.1199951172
-0.2400054932
0.0749969482
-0.3000030518
-0.1499938965
-0.3750000000
0.1499938965
-0.4499969482
-0.5249938965
0.2250061035
0.1928253174
0.5061798096
0.3615570068
0.0241088867
-0.1687316895
0.6749114990
0.0482025146
0.2651519775
0.3379058838
-0.3754577637
-0.1877288818
-0.1126403809
0.4505462646
0.4130096436
0.5256347656
0.0375518799
0.0000000000
0.0000000000
-0.3743438721
-0.1247863770
0.0000000000
0.2495727539
0.2495727539
0.0000000000
0.4781799316
-0.0199279785
-0.1593933105
-0.4582519531
-0.6774139404
0.1195373535
-0.2191619873
-0.0398406982
-0.1699676514
0.2549438477
-0.7648468018
-0.1699676514
0.1699676514
0.0849761963
0.0000000000
0.0849761963
-0.1249389648
0.1249389648
0.0000000000
0.0000000000
0.2498779297
-0.3748321533
-0.1249389648
-0.1249389648
-0.0935668945
0.0000000000
-0.1871185303
-0.7484741211
0.1871185303
-0.0935668945
0.0935668945
-0.1871185303
0.0858612061
0.2146759033
0.2575988770
0.1717376709
0.7298736572
-0.2575988770
-0.4293365479
-0.0858612061
-0.6188659668
0.4125823975
0.2475433350
0.2888031006
0.1650390625
-0.2888031006
0.3300628662
0.1650390625
0.2040252686
0.1748657227
0.6120605469
0.3206024170
0.0582885742
-0.2040252686
0.3206024170
-0.5246124268
0.0000000000
0.1543426514
-0.1543426514
0.3086853027
0.6945495605
0.1543426514
0.0000000000
-0.3858642578
-0.2073516846
0.4976501465
0.0829467773
-0.1244049072
-0.5391082764
-0.0414733887
-0.5805816650
-0.0414733887
-0.1282806396
0.7376251221
-0.0962066650
0.4169158936
0.0320739746
0.3207092285
-0.1282806396
0.3207092285
0.3736877441
0.3933563232
0.6490478516
0.1966857910
-0.0196685791
0.4523620605
-0.1573486328
-0.0590057373
-0.0216674805
-0.9531250000
-0.1083068848
-0.0433197021
0.0433197021
-0.2166137695
0.0433197021
0.1083068848
0.6751556396
0.0000000000
0.2700653076
0.1350250244
0.0000000000
0.4726104736
-0.0675201416
-0.2700653076
0.0000000000
0.0911560059
0.0000000000
-0.0911560059
-0.0911560059
0.0000000000
0.0000000000
0.0000000000
0.0000000000
0.1113433838
0.0000000000
0.0000000000
0.0000000000
-0.2226867676
0.0000000000
0.1113433838
-0.5056762695
0.0000000000
-0.2167205811
0.5779266357
0.2167205811
-0.0722351074
-0.3612060547
-0.0722351074
0.1325988770
-0.0189361572
-0.3788452148
0.7576751709
0.0568237305
-0.1894226074
0.2651824951
-0.3788452148
-0.0772399902
0.0772399902
0.0772399902
-0.3089752197
-0.1931152344
0.6179504395
0.6179504395
-0.1931152344
0.1813812256
-0.3023071289
-0.0604553223
-0.1511535645
0.5441436768
0.6650695801
-0.1511535645
0.2418365479
-0.1189117432
-0.5549468994
0.1981964111
0.0792846680
0.5153045654
-0.3171081543
0.1585540771
-0.4360351562
0.1798706055
0.0000000000
0.4496765137
0.0000000000
-0.4047088623
0.0000000000
-0.1349029541
-0.7194671631
0.9751281738
-0.0414886475
-0.1244812012
0.0414886475
0.0622406006
0.0414886475
-0.1037445068
0.0000000000
-0.2260131836
-0.1614379883
0.8717498779
0.0000000000
0.0645751953
-0.0645751953
0.1291503906
0.3228759766
-0.1228332520
0.2456817627
0.0000000000
0.0000000000
0.1228332520
0.2456817627
0.0000000000
0.1228332520
0.0204772949
0.0000000000
0.1842498779
0.1023559570
0.1023559570
0.0409393311
-0.9621734619
-0.0614166260
-0.4863891602
0.0000000000
-0.4863891602
-0.1621246338
-0.3242645264
0.4053344727
0.0000000000
-0.0810699463
0.1534576416
0.8056640625
-0.4220123291
0.1918334961
0.2301940918
0.0000000000
-0.0767364502
-0.0767364502
0.1243286133
0.1243286133
0.1243286133
0.0000000000
-0.1243286133
-0.1243286133
0.2486572266
-0.2486572266
0.0858917236
-0.4294891357
-0.1717987061
-0.2576904297
0.0858917236
-0.3435821533
-0.5153808594
0.2576904297
0.2137756348
0.4580841064
0.2443084717
-0.0916137695
-0.2748565674
0.7329254150
0.0000000000
0.1832275391
0.1329040527
-0.3987121582
0.1329040527
-0.1329040527
0.4430084229
0.5316162109
0.4873046875
-0.0886077881
0.1150360107
0.0000000000
0.0000000000
0.0000000000
0.1150360107
0.2300720215
0.0000000000
-0.1150360107
0.5097198486
-0.0443267822
-0.1772918701
-0.4653930664
-0.6648406982
0.0886383057
-0.1551361084
0.0221557617
-0.1249389648
0.1249389648
-0.3748321533
0.0000000000
0.2498779297
-0.1249389648
-0.1249389648
0.0000000000
-0.1150360107
0.1150360107
0.2300720215
0.0000000000
0.0000000000
0.0000000000
0.1150360107
0.0000000000
0.0000000000
-0.0840911865
-0.0840911865
-0.8409881592
-0.1681976318
0.0000000000
0.0000000000
0.0840911865
0.0986938477
0.4441070557
0.1973876953
0.1480407715
0.6908416748
-0.0986938477
-0.3947601318
-0.0986938477
-0.6212158203
0.4348449707
0.1242370605
0.2484893799
0.1242370605
-0.2484893799
0.3727264404
0.0621185303
0.3221893311
0.2684783936
0.3758850098
0.4295806885
0.1610870361
-0.2684783936
0.4832763672
-0.2684783936
0.1159973145
0.1159973145
-0.1159973145
0.1159973145
0.5800018311
0.2320098877
-0.1159973145
-0.1159973145
-0.2395629883
0.5270233154
0.0479125977
-0.3353729248
-0.2874755859
-0.0479125977
-0.6228485107
-0.0479125977
-0.0732574463
0.6959381104
-0.0366210938
0.5494232178
0.0000000000
0.2563934326
-0.1098785400
0.2930297852
0.3801879883
0.2534484863
0.5702819824
0.3168182373
0.0950469971
0.5385894775
-0.0950469971
-0.1584167480
-0.0621032715
-0.9314880371
-0.1552429199
0.0000000000
0.0310516357
-0.2173461914
0.0310516357
0.1552429199
0.7007446289
0.0778656006
0.1557159424
0.0000000000
0.0778656006
0.4671630859
-0.1557159424
-0.1557159424
0.0000000000
0.0588226318
0.0000000000
0.0000000000
0.0000000000
0.0000000000
0.0000000000
0.0000000000
0.1216278076
0.1216278076
-0.1216278076
-0.1216278076
0.0000000000
-0.2432556152
0.1216278076
0.1216278076
-0.4219512939
0.5063476562
-0.2531738281
0.4219512939
-0.0843963623
0.0000000000
-0.2531738281
0.0843963623
0.1073608398
0.0000000000
-0.3220672607
0.8803253174
0.0644073486
-0.0429382324
0.1502990723
-0.2576599121
0.0753021240
-0.1129608154
0.1129608154
-0.3388671875
-0.2259063721
0.6400909424
0.5271301270
-0.2635650635
0.1519622803
-0.3545837402
0.0000000000
-0.1013031006
0.4559020996
0.6585235596
-0.1519622803
0.3039245605
-0.0887756348
-0.5326538086
0.4438781738
0.1331634521
0.5326538086
-0.0443878174
0.1331634521
-0.3551025391
0.1971435547
0.0000000000
0.2464294434
0.0000000000
-0.4435729980
0.0492858887
0.0000000000
-0.7885742188
0.9686737061
0.0000000000
-0.0269012451
-0.0269012451
0.1345367432
-0.0807189941
0.1076354980
0.0269012451
-0.4846649170
0.0000000000
0.5385284424
-0.2154083252
-0.0538482666
-0.2692565918
0.2692565918
0.4308166504
-0.1000061035
0.0000000000
0.0000000000
0.1000061035
0.0000000000
0.0000000000
-0.1000061035
0.1000061035
0.0232849121
-0.0698547363
0.1862945557
0.1397247314
0.0465698242
0.0931396484
-0.9547424316
-0.0232849121
-0.3221893311
-0.1073913574
-0.6443634033
-0.1073913574
-0.2147827148
0.5369720459
-0.0536956787
-0.1610870361
0.0756378174
0.5294342041
-0.5294342041
0.1512603760
0.4537963867
0.0000000000
0.0756378174
0.0756378174
0.0000000000
0.1199951172
0.1199951172
0.1199951172
-0.1199951172
0.0000000000
0.1199951172
-0.2400054932
0.0000000000
-0.1153869629
0.0000000000
0.0000000000
0.0000000000
-0.1153869629
-0.5769195557
0.3461608887
0.0898437500
0.4941406250
0.1796875000
-0.1796875000
-0.4941406250
0.5839843750
0.0000000000
0.1796875000
0.1411743164
-0.4235076904
0.2823333740
-0.0941162109
0.4705657959
0.3764495850
0.4705657959
-0.2352752686
0.1113433838
-0.1113433838
-0.1113433838
0.0000000000
0.1113433838
0.1113433838
0.0000000000
-0.1113433838
0.4902191162
-0.0919189453
-0.1531982422
-0.4595794678
-0.6740570068
0.0919189453
-0.1225585938
0.0919189453
-0.1782989502
-0.1782989502
-0.5349121094
0.1782989502
0.3566131592
-0.0891571045
-0.4457702637
0.0891571045
-0.0911560059
0.0911560059
0.0000000000
0.0000000000
0.0000000000
0.0000000000
0.0911560059
0.0000000000
0.0000000000
-0.1648101807
0.0000000000
-0.8240356445
-0.1648101807
0.0000000000
-0.0823974609
0.1648101807
0.0709686279
0.4967803955
0.0709686279
0.2838745117
0.6387176514
0.0000000000
-0.2838745117
-0.0709686279
-0.5171051025
0.3102722168
0.1034240723
0.2068481445
0.1034240723
-0.1034240723
0.4136962891
0.0000000000
0.5434112549
0.3105163574
0.3105163574
0.3881530762
0.0776367188
-0.3105163574
0.2328948975
0.0000000000
0.2498626709
-0.1249389648
-0.2498626709
-0.1249389648
0.0000000000
0.2498626709
-0.1249389648
0.0000000000
-0.3505401611
0.4673767090
0.0000000000
-0.1752624512
-0.2921142578
-0.1168518066
-0.6426391602
-0.0584259033
0.0990600586
0.8254394531
0.0990600586
0.4622497559
0.0000000000
0.1981048584
-0.0330200195
0.0990600586
0.3290252686
0.0000000000
0.2350158691
0.4230346680
0.4700469971
0.4700469971
-0.0469970703
-0.3760375977
-0.0966033936
-0.9177093506
-0.0966033936
0.0482940674
0.0000000000
-0.1448974609
0.0482940674
0.1932067871
0.5302276611
-0.2120971680
0.0000000000
0.0000000000
-0.1060485840
0.3181304932
-0.2120971680
-0.3181304932
-0.2498626709
0.1249389648
0.1249389648
0.1249389648
0.0000000000
0.0000000000
-0.2498626709
-0.2498626709
0.1224670410
0.0000000000
-0.2449493408
0.2449493408
0.1224670410
0.2449493408
0.3674163818
-0.1224670410
-0.4186553955
0.7176971436
-0.0598144531
0.3289489746
-0.0598144531
0.0000000000
-0.2392272949
0.3289489746
0.4142150879
-0.4832458496
-0.1725921631
0.1380767822
0.3106536865
-0.3451690674
0.2416229248
-0.4832458496
-0.5086822510
0.4662933350
0.2543487549
0.2543487549
0.3815155029
0.3815155029
0.1271667480
0.1695709229
0.2729034424
-0.5117034912
-0.3411407471
0.0000000000
0.5458221436
0.3411407471
-0.3070220947
-0.0341186523
0.0000000000
-0.5747528076
-0.1915893555
-0.1915893555
0.5108795166
-0.3831634521
-0.1915893555
-0.1277160645
-0.3214111328
0.3214111328
0.3214111328
-0.1071319580
-0.2142791748
-0.3214111328
0.0000000000
-0.3214111328
0.9653167725
-0.0429077148
-0.1930694580
0.0214538574
-0.0214538574
-0.0429077148
-0.0858001709
-0.0643615723
-0.1606903076
-0.0535583496
0.9105834961
0.2410430908
0.0267791748
-0.0535583496
0.1071319580
0.2142486572
-0.4120178223
-0.1648101807
0.4120178223
-0.0823974609
0.3296203613
0.3296203613
-0.4120178223
-0.0823974609
-0.0179901123
-0.1619262695
0.2159118652
-0.0539703369
-0.0179901123
-0.1079559326
-0.9355926514
0.1619262695
0.1915893555
0.1277160645
0.7663269043
-0.2554473877
0.1277160645
0.0638580322
0.3193054199
-0.1915893555
0.0582733154
0.9613952637
-0.0582733154
-0.1165313721
0.0000000000
-0.0582733154
0.0582733154
-0.1456604004
0.0000000000
0.0000000000
-0.1113433838
0.0000000000
0.1113433838
0.0000000000
0.0000000000
0.2226867676
0.0773925781
-0.5417938232
-0.2321929932
-0.3096008301
0.0773925781
-0.5417938232
0.1548004150
-0.1548004150
-0.1892852783
0.1261901855
-0.0630950928
0.2523956299
-0.4416809082
0.6940765381
0.1892852783
-0.1892852783
0.2401123047
-0.2881317139
-0.4802093506
-0.0480194092
0.2881317139
-0.6242828369
-0.1440582275
0.2401123047
-0.1196746826
0.1196746826
-0.4786834717
-0.1196746826
0.0000000000
0.3590087891
0.0000000000
0.1196746826
0.3968963623
-0.3118438721
0.1417541504
-0.1984558105
-0.7937927246
0.0283508301
-0.1701049805
0.0000000000
0.0897521973
0.0897521973
0.8526458740
-0.0897521973
0.2243804932
0.2243804932
-0.1795043945
0.2243804932
0.2357025146
0.1178436279
0.0000000000
-0.1178436279
0.1178436279
0.1178436279
0.0000000000
0.0000000000
0.1833038330
-0.2749481201
-0.4582519531
-0.1833038330
-0.0916442871
-0.1833038330
0.0916442871
-0.5499114990
-0.2890472412
-0.1238861084
0.2477569580
-0.7019805908
0.2890472412
-0.3716430664
-0.1651763916
0.2064666748
-0.5361938477
0.1608581543
0.1072387695
0.4825744629
0.0000000000
-0.3217163086
0.3753356934
0.3217163086
0.1968383789
-0.0656127930
0.5249023438
0.3280639648
0.0000000000
-0.3936767578
0.0000000000
-0.5249023438
-0.0810699463
-0.2431945801
-0.0810699463
0.0810699463
0.0000000000
0.3242645264
0.2431945801
-0.7295837402
0.0000000000
0.2408599854
0.2709655762
0.6924591064
-0.4214935303
0.0602111816
-0.4214935303
-0.0301055908
0.3491516113
0.6284637451
0.1745758057
0.3491516113
-0.1047363281
0.5237121582
0.0349121094
0.0698242188
0.3285064697
0.3285064697
0.4692993164
0.2581176758
-0.0469360352
0.6804962158
-0.1173248291
-0.0234680176
-0.0530395508
-0.9546051025
-0.0795440674
-0.0530395508
0.0000000000
-0.0795440674
-0.0530395508
0.2121276855
0.7782592773
0.2334747314
-0.2334747314
0.0778198242
0.3891296387
0.0000000000
-0.1556549072
0.2334747314
0.0000000000
0.0000000000
0.0000000000
0.1178436279
0.1178436279
0.1178436279
-0.2357025146
-0.1178436279
0.2494506836
0.1247253418
-0.1247253418
0.1247253418
0.1247253418
0.1247253418
0.2494506836
-0.1247253418
-0.3576507568
0.7703247070
-0.0825347900
0.3576507568
-0.0825347900
0.0000000000
-0.1925811768
0.2751159668
0.4306793213
-0.3947906494
-0.0717773438
0.1794433594
0.2871246338
-0.3230133057
0.2512359619
-0.5742340088
-0.5327453613
0.4098052979
0.2458801270
0.0409851074
0.4507904053
0.4098052979
0.2458801270
0.0000000000
0.1622924805
-0.6086120605
-0.3651580811
-0.0811462402
0.4057312012
0.4057312012
-0.2840118408
0.0000000000
0.0000000000
-0.4028320312
0.0575408936
-0.1726379395
0.6905822754
-0.4603881836
-0.0575408936
-0.0575408936
-0.3273620605
0.1309509277
0.5892486572
-0.3273620605
-0.3928375244
-0.1309509277
0.0000000000
-0.3273620605
0.9572753906
-0.0574340820
-0.1914520264
0.0382843018
-0.0765838623
-0.0574340820
-0.1340179443
-0.0574340820
-0.1684265137
-0.0336914062
0.8758087158
0.1684265137
0.1010589600
-0.2694854736
0.0000000000
0.2357940674
-0.5023651123
0.0000000000
0.4018859863
0.0000000000
0.3014221191
0.2009429932
-0.3014221191
0.0000000000
-0.0621032715
-0.0931549072
0.2173461914
-0.0155181885
0.0310516357
-0.0621032715
-0.9625396729
0.0310516357
0.1776275635
0.0000000000
0.7104949951
-0.2664337158
0.0888061523
0.0888061523
0.2664337158
-0.1776275635
0.1507110596
0.9419708252
0.1130371094
-0.0376739502
0.0000000000
0.1507110596
0.0376739502
-0.0753631592
0.0911560059
0.0000000000
-0.0911560059
0.0000000000
0.0000000000
0.0000000000
-0.0911560059
0.0000000000
0.0000000000
-0.5567016602
-0.1855621338
-0.1855621338
0.0927886963
-0.5567016602
0.0000000000
0.0000000000
-0.4042053223
-0.1515808105
-0.2526245117
0.0000000000
-0.5052642822
0.3031616211
0.5557861328
-0.1010589600
0.1434020996
-0.3824157715
-0.2868041992
-0.1434020996
0.4302215576
-0.6692199707
0.0478057861
0.1434020996
-0.1208343506
0.0000000000
-0.4833679199
-0.1208343506
-0.1208343506
0.2416839600
0.0000000000
0.2416839600
0.2982940674
-0.3314361572
0.1325836182
-0.1988677979
-0.7954711914
0.0662841797
-0.2651519775
-0.0331420898
0.0553894043
0.1107940674
0.8309326172
-0.1107940674
0.2769775391
0.1661834717
-0.1661834717
0.2215881348
0.1113433838
0.1113433838
0.0000000000
-0.1113433838
0.1113433838
0.1113433838
-0.1113433838
0.0000000000
0.1945648193
-0.2918548584
-0.3891448975
-0.1945648193
0.0972900391
-0.3891448975
0.1945648193
-0.3891448975
-0.2267150879
-0.4912261963
0.3022918701
-0.5667877197
0.2644958496
-0.3022918701
-0.1889343262
0.2267150879
-0.5735931396
0.1720733643
0.0573577881
0.4588775635
0.0000000000
-0.3441619873
0.3441619873
0.2867889404
0.2956542969
0.0000000000
0.2956542969
0.4139099121
0.0591278076
-0.4139099121
0.1182556152
-0.5912933350
-0.4352416992
-0.1632232666
0.1632232666
0.4896545410
0.3808441162
0.2720336914
0.1088104248
-0.4352416992
0.0000000000
0.3382110596
0.2113800049
0.4227752686
-0.4227752686
0.1268310547
-0.6341552734
-0.0845489502
0.3591156006
0.6529235840
0.1305847168
0.3917541504
-0.0979461670
0.4570465088
0.0652923584
0.1305847168
0.3633422852
0.3419647217
0.5129547119
0.2778472900
0.0000000000
0.6198120117
-0.0213775635
-0.1068572998
-0.0783233643
-0.9398498535
-0.1044311523
-0.0783233643
0.0000000000
-0.1305389404
-0.1044311523
0.2088623047
0.8182067871
0.0000000000
-0.0743865967
0.2975311279
0.0000000000
0.1487579346
0.0743865967
0.1487579346
0.0000000000
0.2486572266
0.0000000000
0.0000000000
0.0000000000
0.2486572266
-0.1243286133
-0.2486572266
0.0000000000
-0.1064758301
-0.1064758301
0.0000000000
0.0000000000
0.1064758301
0.1064758301
-0.1064758301
-0.3929901123
0.7557525635
-0.0604553223
0.3325347900
-0.0906982422
-0.0604553223
-0.2116088867
0.2720794678
0.5048828125
-0.3155517578
-0.1262207031
0.2839965820
0.3155517578
-0.2208862305
0.2839965820
-0.5364379883
-0.4917602539
0.4098052979
0.2458801270
-0.0409851074
0.3688201904
0.4098052979
0.4098052979
0.0409851074
0.2175598145
-0.4972686768
-0.3107910156
-0.2175598145
0.3729553223
0.5283508301
-0.3107910156
0.1243133545
0.0000000000
-0.3280639648
0.0656127930
-0.0656127930
0.6561279297
-0.5249023438
0.1312255859
-0.1312255859
-0.0390014648
0.0390014648
0.6630249023
-0.1560058594
-0.4290161133
0.0000000000
-0.0390014648
-0.5460205078
0.9328308105
-0.0414581299
-0.2280273438
0.0207366943
-0.1658325195
0.0000000000
-0.1658325195
-0.0829162598
-0.1103363037
-0.0367736816
0.8090820312
0.2574310303
0.0735473633
-0.4413146973
0.0000000000
0.1471099854
-0.3999938965
0.1000061035
0.3999938965
0.1999969482
0.3999938965
0.3000030518
-0.1000061035
0.1000061035
-0.0292663574
0.0000000000
0.2341308594
0.0000000000
0.0438995361
-0.0438995361
-0.9657897949
-0.0292663574
0.0000000000
0.0000000000
0.3748016357
-0.1249389648
0.1249389648
0.0000000000
0.2498626709
0.0000000000
0.5638275146
0.4832916260
0.4027404785
0.0805511475
-0.1611022949
0.1611022949
0.0000000000
0.0805511475
0.1150360107
-0.1150360107
-0.1150360107
-0.1150360107
0.1150360107
0.1150360107
0.0000000000
-0.1150360107
0.0000000000
-0.4263610840
-0.1065826416
-0.2131805420
0.0000000000
-0.5329437256
-0.2131805420
0.1065826416
-0.4320678711
-0.1080169678
-0.2160339355
-0.1080169678
-0.4320678711
0.3240509033
0.5941009521
-0.0540161133
-0.0483551025
-0.4835662842
-0.0483551025
-0.2901458740
0.6286315918
-0.2901458740
0.1934204102
0.2901458740
-0.1000061035
0.0000000000
-0.1000061035
0.0000000000
0.0000000000
0.1000061035
0.1000061035
0.0000000000
-0.0825195312
-0.3713226318
0.1650390625
-0.1650390625
-0.8251647949
0.0825195312
-0.1237792969
-0.2062835693
0.0821380615
0.0821380615
0.6570434570
-0.2463989258
0.4106597900
0.1642608643
-0.0821380615
0.2463989258
0.0000000000
-0.1150360107
0.0000000000
0.0000000000
0.2300720215
-0.1150360107
-0.1150360107
0.0000000000
0.2068481445
0.0000000000
-0.3102722168
0.3102722168
0.3102722168
-0.3102722168
0.1034240723
-0.4136962891
-0.1830444336
-0.4118347168
0.3203125000
-0.5033569336
0.4118347168
-0.2745513916
-0.2745513916
0.2287902832
-0.6284942627
0.1885528564
0.0000000000
0.3770904541
0.0000000000
-0.3142395020
0.3142395020
0.3142395020
0.0562591553
0.0000000000
0.3938446045
0.4501037598
0.0000000000
-0.2250518799
0.1687927246
-0.6751556396
-0.2783508301
-0.0397644043
0.1192932129
0.3976440430
0.7157592773
0.2385864258
0.0000000000
-0.3578796387
0.0000000000
0.2874755859
0.2395629883
0.0958251953
-0.4791107178
0.1437377930
-0.7186737061
-0.0958251953
0.0293579102
0.7926635742
0.0587158203
0.3816528320
-0.1174316406
0.3816528320
0.0587158203
0.1761474609
0.4598846436
0.3503875732
0.4817810059
0.3065948486
0.0218963623
0.5474853516
-0.0218963623
-0.1532897949
-0.0848846436
-0.9053802490
-0.1697540283
-0.0848846436
0.0282897949
-0.1980590820
-0.1414642334
0.2263488770
0.0000000000
0.1237182617
0.0000000000
0.3711547852
0.0000000000
0.1237182617
-0.1237182617
0.0000000000
0.0000000000
0.1113433838
-0.1113433838
0.0000000000
-0.1113433838
0.1113433838
-0.1113433838
-0.1113433838
0.1064758301
0.0000000000
0.0000000000
-0.1064758301
-0.1064758301
0.0000000000
0.1064758301
-0.1064758301
-0.4610595703
0.5379028320
-0.1536865234
0.3842163086
-0.1152648926
-0.1536865234
-0.3073730469
0.3842163086
0.4311065674
-0.2653045654
-0.2984619141
0.5637664795
0.2653045654
-0.1658172607
0.2653045654
-0.3647918701
-0.3166961670
0.3619384766
0.2714538574
-0.2262115479
0.1357269287
0.4524230957
0.5881500244
-0.0904846191
0.2509460449
-0.5019073486
-0.3136901855
-0.2823181152
0.3450622559
0.5019073486
-0.2823181152
0.1568450928
-0.0550537109
-0.4404754639
0.2752990723
-0.0550537109
0.5505981445
-0.4955444336
0.1651763916
-0.2202453613
0.0331115723
0.0662231445
0.5628356934
-0.1324310303
-0.3641815186
-0.0662231445
-0.0662231445
-0.6952667236
0.9597778320
-0.0492248535
-0.2214813232
0.0000000000
-0.0246124268
-0.0492248535
-0.0492248535
-0.0492248535
-0.1617889404
-0.0539245605
0.5932312012
0.2157135010
0.1617889404
-0.5932312012
0.1617889404
0.2696533203
-0.4422149658
0.0000000000
0.3316650391
0.1105499268
0.3316650391
0.2211151123
-0.2211151123
0.1105499268
0.0182495117
0.0182495117
0.2736358643
0.0182495117
0.1094512939
-0.0182495117
-0.9485778809
-0.0364837646
0.1234283447
0.0000000000
-0.4937286377
0.0000000000
0.0000000000
0.2468566895
0.1234283447
0.0000000000
0.4714050293
-0.1178436279
0.3535461426
-0.1178436279
0.0000000000
-0.1178436279
-0.2357025146
0.0000000000
0.1000061035
-0.1000061035
0.0000000000
-0.1000061035
0.0000000000
0.0000000000
0.0000000000
-0.1000061035
0.1088256836
-0.4352722168
0.0000000000
-0.2176361084
0.0000000000
-0.4352722168
-0.3264617920
0.1088256836
-0.2926025391
-0.1170501709
-0.2340850830
-0.2340850830
-0.4096527100
0.5852203369
0.4096527100
0.0000000000
-0.1259307861
-0.5037384033
0.2518768311
-0.4197845459
0.5457153320
0.2098846436
0.2518768311
0.1679077148
-0.1150360107
-0.1150360107
0.1150360107
0.0000000000
0.1150360107
0.1150360107
0.1150360107
-0.1150360107
-0.0430908203
-0.3447418213
0.0861816406
-0.4740142822
-0.7325744629
0.1292724609
-0.1292724609
-0.1292724609
0.0000000000
-0.1049804688
0.5248870850
-0.1049804688
0.5248870850
0.1049804688
0.0000000000
0.1049804688
0.0000000000
0.0000000000
0.1064758301
0.0000000000
0.2129516602
0.0000000000
0.0000000000
0.0000000000
0.3590087891
0.0000000000
-0.2393341064
0.1196746826
0.1196746826
-0.3590087891
0.1196746826
-0.2393341064
-0.2340850830
-0.1170501709
0.2926025391
-0.4096527100
0.5267028809
-0.2340850830
-0.4681701660
0.1170501709
-0.6101074219
0.1743164062
-0.0871582031
0.2614746094
0.0000000000
-0.2614746094
0.3486328125
0.2614746094
0.1762847900
-0.0881347656
-0.2644195557
0.5288391113
0.0000000000
0.1762847900
0.1762847900
-0.5288391113
-0.1289215088
0.0429687500
0.0429687500
0.2148742676
0.9024353027
0.1718902588
0.0000000000
-0.1718902588
0.0000000000
0.3868560791
0.1450653076
-0.2417907715
-0.2901458740
0.0967102051
-0.7737121582
-0.0483551025
-0.0651550293
0.7492675781
0.0651550293
0.4234924316
-0.0977325439
0.4234924316
0.0325775146
0.1628875732
0.5223999023
0.1451110840
0.2902221680
0.4643554688
0.1741333008
0.5514221191
0.0580444336
-0.2031555176
-0.1124725342
-0.8998260498
-0.1499786377
-0.0749816895
0.0749816895
-0.2249603271
-0.1124725342
0.1874694824
-0.3642120361
0.2428131104
0.0000000000
0.1213989258
0.1213989258
0.3642120361
-0.1213989258
-0.1213989258
0.0000000000
0.0588226318
0.0000000000
0.0000000000
0.0000000000
0.0000000000
0.0000000000
0.0000000000
0.1064758301
-0.1064758301
0.0000000000
0.0000000000
-0.1064758301
-0.1064758301
0.1064758301
0.0000000000
-0.4230346680
0.3290252686
-0.1880187988
0.3760375977
-0.1410064697
-0.1880187988
-0.3760375977
0.5170440674
0.2778015137
-0.0694427490
-0.2778015137
0.8333892822
0.2083435059
-0.0347290039
0.1389007568
-0.2083435059
-0.0812835693
0.1625671387
0.2032012939
-0.3657684326
0.0406341553
0.5689697266
0.6096191406
-0.2032012939
0.2709045410
-0.4966430664
-0.2257537842
-0.3160400391
0.2257537842
0.5417938232
-0.3160400391
0.1354522705
-0.1531524658
-0.4594421387
0.6125946045
0.0000000000
0.3573455811
-0.2041931152
0.2041931152
-0.3062896729
0.0894012451
0.0446929932
0.3575744629
-0.1340942383
-0.3575744629
-0.0446929932
-0.0446929932
-0.8045501709
0.9427337646
0.0000000000
-0.1625366211
-0.0975189209
0.1625366211
-0.0975189209
0.0650177002
-0.0325012207
-0.2580718994
0.2580718994
-0.3871002197
-0.1935577393
-0.0645141602
-0.5161437988
0.4516296387
0.2580718994
-0.4786834717
-0.1196746826
0.2393341064
0.1196746826
0.1196746826
0.1196746826
-0.2393341064
0.1196746826
0.0497283936
-0.0497283936
0.1989288330
0.0994720459
0.1492004395
0.0994720459
-0.9449462891
-0.0248718262
-0.0924072266
-0.1847991943
-0.5544128418
-0.0924072266
-0.1847991943
0.5544128418
0.0000000000
0.0000000000
0.1208343506
-0.2416839600
0.2416839600
-0.1208343506
0.4833679199
0.0000000000
-0.1208343506
0.0000000000
0.1000061035
0.1000061035
0.0000000000
0.0000000000
0.0000000000
0.0000000000
0.1000061035
-0.1000061035
-0.1199951172
-0.1199951172
0.1199951172
0.0000000000
-0.1199951172
0.0000000000
-0.2400054932
0.1199951172
-0.2777099609
-0.1388549805
-0.2777099609
-0.3471221924
-0.5554046631
0.4165496826
0.2082824707
-0.1388549805
-0.2264404297
-0.4075927734
0.3623046875
-0.2717285156
0.4528808594
0.4528808594
0.3170166016
0.0000000000
0.1064758301
-0.1064758301
-0.1064758301
0.0000000000
0.1064758301
0.0000000000
0.0000000000
-0.1064758301
0.2160644531
-0.2592773438
0.0000000000
-0.6049804688
-0.6481933594
0.0864257812
-0.1728515625
-0.0432128906
-0.1653594971
-0.3307189941
0.7441101074
0.0826873779
0.1653594971
0.1653594971
0.0826873779
-0.0826721191
0.0000000000
0.1000061035
0.1000061035
0.0000000000
0.1000061035
0.0000000000
0.1000061035
0.0000000000
0.3461608887
-0.2307739258
-0.1153869629
0.2307739258
-0.2307739258
-0.3461608887
-0.2307739258
0.1153869629
0.0000000000
0.2576904297
0.2576904297
-0.2576904297
0.5153808594
0.0858917236
-0.5153808594
-0.0858917236
-0.5275421143
0.2110137939
-0.1055145264
0.3165283203
0.0000000000
-0.2110137939
0.3165283203
0.1055145264
0.3117980957
0.0000000000
-0.5196685791
0.4157409668
-0.1039276123
0.0000000000
-0.1039276123
0.2078704834
0.1887054443
0.0943603516
-0.0943603516
-0.0943603516
0.7548370361
0.1887054443
0.0943603516
-0.0943603516
0.0558166504
0.3349456787
0.0000000000
-0.3907623291
-0.1116485596
-0.0558166504
-0.7815399170
0.0558166504
0.0816192627
0.6937561035
0.1224212646
0.5713348389
-0.0816192627
0.3264770508
-0.0408020020
0.0408020020
0.4293365479
-0.1561279297
-0.1170959473
0.5074005127
0.3903198242
0.4683685303
0.1561279297
-0.2732238770
-0.1285095215
-0.8352813721
-0.1927642822
0.0000000000
0.0642547607
-0.1927642822
-0.0642547607
0.2570037842
-0.3748321533
0.0000000000
0.0000000000
-0.1249389648
-0.1249389648
0.1249389648
-0.1249389648
-0.2498779297
0.0000000000
0.0911560059
0.0000000000
0.0911560059
0.0000000000
0.0911560059
0.0000000000
0.0000000000
0.0000000000
0.0000000000
-0.1064758301
-0.1064758301
-0.1064758301
-0.1064758301
0.1064758301
0.0000000000
-0.4403076172
0.3669281006
-0.1467742920
0.2935485840
-0.2201538086
-0.1467742920
-0.2201538086
0.5137023926
0.2685699463
0.0335693359
-0.2685699463
0.8728485107
0.2014312744
0.1007080078
0.0335693359
-0.0671386719
0.1249542236
-0.0416564941
0.2498931885
-0.3748474121
-0.1665954590
0.5830993652
0.5414428711
-0.2498931885
0.3557281494
-0.4980163574
-0.2134399414
-0.2134399414
0.2845764160
-0.1422882080
-0.4268798828
0.2845764160
-0.0484161377
-0.5325469971
0.6293792725
0.0000000000
0.4357147217
0.1452331543
0.0968322754
-0.1452331543
0.1421203613
-0.0473785400
0.1421203613
-0.0473785400
-0.3789672852
0.0947418213
0.0473785400
-0.8526916504
0.7553405762
-0.0686645508
0.1029968262
-0.2060089111
0.2403411865
-0.2403411865
0.4463348389
0.1373291016
-0.2210693359
0.2210693359
-0.7074279785
-0.0884246826
-0.0884246826
-0.4421386719
0.1768646240
0.3094940186
-0.2226867676
-0.1113433838
0.0000000000
0.0000000000
0.0000000000
-0.1113433838
0.0000000000
0.0000000000
0.0546112061
-0.0819244385
0.1638336182
0.0819244385
0.0819244385
0.1092224121
-0.9557037354
0.0273132324
0.1022338867
-0.0511169434
-0.7156219482
-0.1022338867
-0.1022338867
0.5622711182
-0.1022338867
-0.2044677734
-0.0729980469
-0.8029785156
0.2919921875
-0.0729980469
0.1459960938
0.0729980469
-0.0729980469
0.2189941406
0.0000000000
0.0000000000
0.1000061035
0.0000000000
-0.1000061035
0.0000000000
0.1000061035
-0.1000061035
-0.2498626709
-0.1249389648
0.1249389648
0.0000000000
-0.1249389648
0.0000000000
-0.2498626709
0.2498626709
-0.3180084229
0.2544097900
0.0000000000
-0.0635986328
-0.5724334717
0.5724334717
-0.0635986328
0.1908111572
-0.1425933838
-0.4277801514
0.4753112793
-0.2376556396
0.4277801514
0.3327178955
0.3327178955
-0.1901245117
0.0911560059
0.0000000000
0.0000000000
0.0000000000
0.0000000000
0.0000000000
0.0911560059
-0.0911560059
0.1323699951
-0.3309020996
0.0000000000
-0.5294494629
-0.5956268311
0.1323699951
-0.2647247314
0.0661773682
-0.3607940674
-0.4510040283
0.4510040283
-0.0901947021
0.0901947021
0.3607940674
0.0000000000
-0.1804046631
0.0000000000
0.0000000000
0.0000000000
0.0000000000
0.0785675049
0.0785675049
0.0000000000
0.0000000000
0.2320098877
-0.3480072021
-0.1159973145
-0.1159973145
-0.3480072021
-0.1159973145
-0.3480072021
0.1159973145
-0.0874786377
0.6123657227
0.0874786377
0.1749572754
0.5248870850
0.0874786377
-0.1749572754
0.0000000000
-0.2477111816
0.2477111816
-0.1238555908
0.3715667725
-0.1238555908
0.1238555908
0.1238555908
0.0000000000
0.2514343262
-0.0838012695
-0.6704711914
0.1676177979
-0.0838012695
0.1676177979
-0.2514190674
0.3352355957
0.2494506836
0.0000000000
-0.1247253418
-0.2494506836
0.1247253418
0.2494506836
0.0000000000
0.0000000000
0.0865173340
0.1730346680
0.0000000000
0.4326019287
-0.4326019287
-0.1730346680
-0.5191192627
0.1730346680
0.1233062744
0.8323516846
0.2157897949
0.4007568359
0.0616607666
0.2157897949
0.0000000000
-0.0616607666
0.2002563477
-0.5606994629
-0.4004974365
0.2402954102
0.5606994629
0.2002563477
0.0800933838
-0.1201477051
-0.0939483643
-0.7516326904
0.0000000000
0.0000000000
0.0000000000
-0.1879119873
0.0000000000
0.2818603516
-0.1049804688
-0.1049804688
-0.1049804688
-0.3149414062
-0.3149414062
-0.4199066162
-0.1049804688
-0.4199066162
