0.0000000000
0.2494506836
0.0000000000
-0.2494506836
-0.1247253418
0.0000000000
-0.2494506836
0.1247253418
0.4821166992
-0.2892761230
0.0964202881
-0.1928405762
-0.1928405762
-0.3856964111
0.2892761230
-0.1928405762
-0.0514221191
0.9897766113
0.0257110596
-0.0642700195
0.0642700195
-0.0514221191
0.0128479004
0.0257110596
0.0747070312
0.0149383545
-0.4780883789
0.6573638916
0.1195220947
-0.1643371582
0.1643371582
-0.5079650879
-0.2454681396
0.2045593262
0.2045593262
0.1227416992
-0.4091186523
0.3682098389
0.6954956055
0.0000000000
-0.0321807861
0.1287536621
0.4184265137
0.2574920654
-0.4184265137
-0.6759185791
0.0965576172
-0.2574920654
-0.2488708496
-0.3318328857
-0.4977416992
0.4147949219
-0.3318328857
0.0000000000
0.2488708496
0.0000000000
0.2416381836
-0.0805511475
-0.6443786621
0.3221893311
-0.1611022949
0.2416381836
-0.3221893311
-0.0805511475
0.8898162842
-0.0654296875
0.0523376465
0.0915985107
-0.2486267090
0.1439361572
-0.3140563965
0.0785064697
-0.0716400146
-0.1535186768
0.9210968018
0.3172760010
-0.1125793457
0.0511779785
0.0511779785
-0.0307006836
-0.8186492920
0.1889190674
0.1259460449
-0.0629730225
0.3148651123
0.0629730225
-0.1889190674
0.0629730225
-0.0255584717
-0.0255584717
-0.0340728760
-0.0255584717
0.0170288086
-0.0340728760
-0.9965057373
0.0085144043
-0.2824707031
-0.0706176758
0.7061614990
-0.2824707031
-0.1412353516
0.3530883789
0.0706176758
-0.1412353516
0.0229644775
0.9877777100
-0.1033782959
0.0229644775
-0.0574340820
-0.0229644775
-0.0574340820
-0.0344543457
0.0000000000
-0.1903381348
0.0000000000
-0.0951690674
0.1903381348
0.0951690674
-0.0951690674
-0.7613372803
0.0000000000
-0.5000000000
-0.1000061035
-0.1999969482
-0.1000061035
-0.3999938965
-0.3999938965
0.1000061035
0.5305938721
0.3979492188
0.5305938721
0.1326446533
0.1989746094
0.3979492188
-0.0994873047
0.1326446533
0.2055969238
-0.1233520508
-0.1644744873
-0.2055969238
-0.0822296143
-0.8223724365
0.3289489746
0.1644744873
0.2120971680
-0.1060485840
-0.4241790771
-0.3181304932
-0.2120971680
0.1060485840
-0.1060485840
0.4241790771
0.8734741211
-0.0513763428
-0.0513763428
-0.2312164307
-0.2055206299
0.0513763428
-0.3339691162
-0.0256958008
-0.1361083984
-0.0453643799
0.9527893066
0.0453643799
0.0453643799
-0.1134338379
-0.1587982178
-0.1134338379
-0.1219482422
-0.1219482422
-0.2438964844
-0.1219482422
0.3658599854
-0.2438964844
-0.2438964844
0.1219482422
-0.0680694580
-0.0170135498
0.0000000000
-0.9870147705
-0.0340423584
0.0000000000
-0.1021118164
0.0000000000
-0.1223754883
0.9545898438
-0.1223754883
0.0244750977
-0.0734252930
-0.0489501953
0.1468658447
0.0979003906
-0.4890136719
0.3958740234
0.0232849121
0.3260040283
0.2794342041
-0.3725891113
0.3958740234
0.3260040283
0.0000000000
0.0000000000
0.9013519287
-0.0333862305
-0.0667724609
-0.3004455566
0.1669158936
-0.1669158936
-0.2680969238
-0.2144775391
-0.1608581543
0.4289550781
-0.2144775391
-0.5898132324
0.0000000000
-0.4289550781
-0.1110534668
-0.1110534668
0.2221221924
0.8884735107
0.1110534668
0.2221221924
-0.1110534668
-0.1943511963
-0.0736694336
0.9822082520
-0.0368347168
-0.0613861084
0.0613861084
-0.0368347168
0.0859375000
-0.0859375000
0.5423583984
0.1668853760
0.2294616699
-0.0417175293
-0.0834350586
0.7509613037
-0.1668853760
-0.1042938232
0.0388031006
-0.8923034668
-0.0775909424
0.0000000000
-0.0775909424
-0.3491668701
0.0775909424
0.1163940430
0.7647094727
0.1176452637
-0.2352905273
-0.0588226318
-0.1764678955
-0.1176452637
0.1176452637
-0.4117584229
0.1237182617
0.3711547852
0.0000000000
-0.1237182617
-0.1237182617
0.0000000000
0.0000000000
0.0000000000
0.4079742432
-0.0815887451
0.2447814941
-0.2447814941
-0.3263702393
-0.4895629883
0.1631927490
-0.3263702393
-0.0465698242
0.9964294434
-0.0186309814
0.0000000000
0.0279388428
-0.0186309814
-0.0186309814
0.0186309814
0.0954742432
0.0477447510
-0.4933013916
0.7479095459
0.1113891602
0.0000000000
0.2068634033
-0.3500823975
-0.3085937500
0.1322631836
0.2204284668
0.3967742920
-0.6612854004
-0.0881652832
0.3526763916
0.2204284668
0.0671386719
0.2685699463
0.4028472900
0.1678619385
-0.3357086182
-0.7385559082
-0.1007080078
-0.1678619385
-0.2725372314
-0.4088134766
-0.4088134766
0.4088134766
0.1362762451
0.4769439697
-0.0681304932
-0.1362762451
0.4736785889
0.0000000000
-0.2706756592
0.6090240479
-0.0676727295
0.2030029297
-0.1353454590
-0.3383483887
0.8991241455
-0.1138153076
0.0455322266
0.1251983643
-0.2048645020
0.0682830811
-0.3072967529
0.1251983643
-0.0912017822
-0.1114807129
0.9424743652
0.2634887695
-0.0709381104
0.1013488770
0.0202636719
-0.0506744385
-0.8126373291
0.0955963135
0.2390136719
0.0000000000
0.4302215576
0.0955963135
-0.0478057861
0.0478057861
-0.0782318115
0.0469360352
0.0312957764
0.0391082764
0.0078277588
0.0078277588
-0.9934844971
-0.0078277588
-0.5267028809
-0.1170501709
-0.5267028809
-0.3511352539
-0.2340850830
0.2340850830
0.1755676270
-0.2340850830
-0.0129699707
0.9855194092
-0.1037445068
-0.0388946533
-0.0648345947
-0.0778045654
0.0000000000
0.0259399414
0.0964202881
0.0000000000
-0.1928405762
-0.1928405762
0.2892761230
0.1928405762
-0.0964202881
-0.6749725342
-0.1172332764
0.2344665527
0.0000000000
0.0000000000
-0.1172332764
0.1172332764
0.1172332764
-0.5861816406
0.5271301270
0.4894714355
0.4518280029
0.1129608154
0.1129608154
0.4141693115
-0.1129608154
0.1506042480
0.4226379395
-0.1536865234
-0.0384216309
-0.2689514160
0.1152648926
-0.6915893555
0.4226379395
0.0768432617
-0.1202545166
0.2405242920
0.1202545166
0.1202545166
-0.1202545166
0.0000000000
0.2405242920
0.4810485840
0.8264617920
-0.0435028076
0.0869903564
-0.1739959717
-0.0869903564
-0.2174835205
-0.3914794922
0.0869903564
-0.0762481689
0.0000000000
0.9340362549
0.0190582275
0.1524963379
-0.1143646240
-0.2096862793
-0.1715545654
-0.2498626709
-0.1249389648
-0.2498626709
0.1249389648
0.0000000000
0.1249389648
0.0000000000
0.2498626709
-0.0284118652
-0.0426177979
0.0000000000
-0.9943237305
0.0426177979
0.0000000000
-0.0142059326
-0.0142059326
-0.1041259766
0.9579010010
-0.0624694824
0.0624694824
-0.1041259766
0.0208282471
0.1041259766
0.1665954590
-0.5261230469
0.4259033203
0.1002197266
0.3256988525
0.2254791260
-0.3507537842
0.3758087158
0.3006439209
-0.0203552246
0.1627807617
0.8953247070
-0.0203552246
-0.0813903809
-0.1017456055
0.0813903809
-0.3662719727
0.0790557861
0.0790557861
-0.3952484131
0.2371520996
-0.0790557861
-0.5533447266
0.1580963135
-0.4742889404
-0.1010437012
-0.0757751465
0.1768188477
0.9093780518
0.2020874023
0.1515655518
-0.0252532959
-0.2020874023
0.0000000000
0.9868316650
-0.0464324951
-0.0812683105
0.0464324951
-0.0348358154
0.0696563721
-0.0696563721
0.5366363525
0.1118011475
0.4024810791
0.0223541260
-0.0894470215
0.6484375000
-0.0894470215
-0.2906799316
0.0000000000
-0.9102478027
-0.1213684082
-0.1820526123
0.0303344727
-0.3034210205
-0.0303344727
0.0000000000
0.4806365967
0.1201629639
-0.4205474854
-0.3003997803
0.0000000000
-0.4205474854
0.4205474854
-0.1201629639
0.1178436279
0.1178436279
0.0000000000
0.0000000000
0.0000000000
0.2357025146
0.1178436279
-0.1178436279
0.3057556152
0.1019134521
0.2038421631
-0.1019134521
-0.3057556152
-0.4076843262
0.2038421631
-0.4076843262
-0.0313110352
0.9938812256
-0.0469512939
0.0469512939
-0.0156555176
0.0078277588
-0.0391235352
0.0547790527
0.0646972656
0.0000000000
-0.5564270020
0.7764129639
0.0517578125
0.0000000000
0.1941070557
-0.1941070557
-0.1701812744
0.0000000000
-0.1276245117
0.4254455566
-0.6381530762
-0.5105285645
-0.0425415039
0.2127227783
0.2129516602
0.3726806641
0.3726806641
0.3726806641
-0.1064758301
-0.6388702393
0.0000000000
-0.1597137451
-0.0535430908
-0.4283447266
-0.4818878174
0.1606292725
0.5354309082
0.2677154541
-0.3212585449
0.0000000000
0.5368652344
0.0596466064
-0.1789550781
0.4175567627
0.1193084717
0.1193084717
0.0000000000
-0.5965118408
0.9162445068
-0.1018066406
0.0381774902
0.1272583008
-0.1272583008
0.0763549805
-0.2926940918
0.1399841309
-0.1045379639
-0.0653381348
0.9539337158
0.2090759277
0.0000000000
0.1437377930
-0.0261383057
-0.0653381348
-0.7820129395
0.1840057373
0.2299957275
0.0919952393
0.4600067139
0.0919952393
-0.0460052490
0.0460052490
-0.1237487793
0.0380706787
0.0951995850
0.0951995850
-0.0190429688
0.0190429688
-0.9804992676
-0.0095214844
-0.3466186523
-0.0693206787
-0.8665466309
-0.0346679688
-0.1733093262
0.2079772949
0.1039886475
0.0000000000
-0.0637969971
0.9825897217
-0.1403656006
-0.0510406494
0.0127563477
-0.0127563477
0.0510406494
0.0000000000
0.1076965332
0.1076965332
-0.2153778076
-0.3230743408
0.1076965332
0.2153778076
-0.2153778076
-0.5384674072
-0.0931701660
0.3726806641
0.2795104980
0.0931701660
0.0000000000
0.5590209961
0.0931701660
-0.3726806641
0.4747467041
0.6013488770
0.4114532471
0.2848510742
0.0632934570
0.3164978027
-0.0316467285
0.1582489014
0.6201934814
0.0364837646
-0.0729675293
-0.2918548584
0.0000000000
-0.6566772461
0.2188873291
0.0364837646
-0.1242218018
0.1242218018
0.2484588623
0.2484588623
0.1242218018
0.1242218018
0.2484588623
0.2484588623
0.5649261475
0.0000000000
0.1412353516
0.0706176758
-0.1412353516
-0.4237060547
-0.4943237305
0.2118530273
0.0000000000
0.0000000000
0.9538726807
-0.0221862793
0.1552886963
0.0221862793
-0.1774597168
-0.1331024170
-0.2456817627
0.0000000000
-0.1228332520
0.1228332520
-0.1228332520
0.0000000000
0.2456817627
0.0000000000
-0.0258026123
-0.0644989014
0.0128936768
-0.9933166504
-0.0258026123
-0.0386962891
0.0128936768
0.0258026123
-0.0733489990
0.9829559326
-0.0293426514
0.0733489990
-0.0293426514
-0.0440063477
0.0440063477
0.1026916504
-0.5230865479
0.4533386230
0.1046142578
0.3487243652
0.1743621826
-0.3138427734
0.3487243652
0.3138427734
-0.1025848389
0.0769500732
0.8976745605
0.0256500244
0.0256500244
-0.1538848877
0.0513000488
-0.3590698242
-0.2019042969
0.1009521484
0.0000000000
0.0000000000
-0.3028411865
-0.4037933350
0.4037933350
-0.4037933350
-0.0310974121
-0.0777435303
0.0777435303
0.9640502930
0.1865844727
0.0466461182
0.0310974121
-0.1088409424
0.0461730957
0.9928436279
-0.0115509033
-0.0115509033
0.0577239990
0.0000000000
0.0461730957
-0.0461730957
0.4050140381
0.1575012207
0.6300354004
-0.0675048828
-0.0900115967
0.5625305176
-0.1350097656
-0.2250061035
-0.0242309570
-0.9689636230
-0.0242309570
-0.0968933105
0.0726776123
-0.1211242676
-0.0968933105
0.0484466553
0.5591125488
-0.1677398682
-0.2236480713
-0.4472961426
0.1677398682
-0.4472961426
0.2236480713
-0.1677398682
0.1113433838
0.0000000000
0.1113433838
0.0000000000
0.1113433838
0.1113433838
-0.1113433838
-0.1113433838
0.3741607666
0.1247253418
-0.1247253418
0.0000000000
-0.1247253418
0.0000000000
0.1247253418
-0.1247253418
0.0156097412
0.9908905029
-0.0624237061
0.0702209473
-0.0156097412
0.0312042236
-0.0312042236
0.0702209473
0.0325012207
-0.0812530518
-0.5200653076
0.8125915527
0.0162506104
-0.0975189209
0.1625213623
-0.1300201416
-0.2434997559
-0.0487060547
0.0000000000
0.3408966064
-0.7304840088
-0.3895874023
-0.1947937012
0.1461029053
-0.0874786377
0.3499298096
0.0874786377
0.6123657227
0.0000000000
-0.1749572754
0.3499298096
-0.2624511719
0.0549774170
-0.2748870850
-0.5497741699
0.1099548340
0.5497741699
0.4398193359
-0.1099548340
0.0000000000
0.4285430908
0.3214111328
0.0000000000
0.3214111328
0.0000000000
0.0000000000
0.0000000000
-0.4285430908
0.9334716797
-0.1593780518
0.0910644531
0.0455322266
0.0682983398
0.1138458252
-0.1593780518
0.1821441650
-0.0815887451
-0.0326385498
0.9626922607
0.1142120361
0.0326385498
0.1631622314
-0.0815887451
-0.0979003906
-0.7773437500
0.1457519531
0.1943359375
0.0971679688
0.4858398438
0.0485839844
0.0485839844
0.0971679688
-0.0943298340
0.0235900879
0.1297149658
0.0589599609
-0.0825347900
-0.0235900879
-0.9786987305
-0.0235900879
-0.3862457275
0.0321807861
-0.7724761963
0.0000000000
-0.1287536621
0.4506072998
0.0000000000
0.0000000000
-0.0998687744
0.9821014404
-0.1165161133
-0.0166473389
-0.0166473389
0.0332946777
0.0332946777
0.0166473389
-0.1150360107
0.1150360107
-0.1150360107
-0.1150360107
0.1150360107
0.0000000000
-0.1150360107
-0.1150360107
-0.0905609131
0.5433349609
0.3622283936
-0.1811065674
0.1811065674
0.4527893066
0.0905609131
0.0000000000
0.4719085693
0.6134796143
0.3539276123
0.3775329590
0.1415710449
0.2595520020
-0.1179809570
0.1179809570
0.6623382568
0.1576995850
0.0315399170
-0.3469390869
-0.0630798340
-0.5992584229
-0.1261596680
0.0630798340
0.0000000000
0.0000000000
0.4954071045
0.0000000000
0.0000000000
0.1238555908
0.0000000000
-0.2477111816
0.2738494873
-0.2738494873
-0.0912780762
0.2738494873
-0.3651275635
-0.3651275635
-0.2738494873
0.3651275635
0.0609588623
-0.1219329834
0.9144592285
-0.1524047852
0.1524047852
0.2133789062
0.0000000000
-0.1524047852
0.0000000000
-0.1150360107
-0.2300720215
-0.1150360107
0.0000000000
0.0000000000
0.1150360107
0.0000000000
0.0000000000
-0.0988616943
0.0282440186
-0.9886627197
-0.0423736572
-0.0423736572
-0.0141296387
0.0423736572
-0.1152648926
0.9797515869
0.0288238525
0.0864562988
0.0144042969
-0.0864562988
0.0288238525
0.0576324463
-0.4821319580
0.3506469727
0.0438232422
0.3506469727
0.2191467285
-0.3068084717
0.3506469727
0.4383087158
-0.2748870850
-0.0549774170
0.7146911621
0.1649322510
0.2199096680
-0.3848419189
0.1099548340
-0.2748870850
-0.2484588623
0.1242218018
0.1242218018
0.0000000000
0.0000000000
-0.3726806641
0.2484588623
0.1242218018
0.0218811035
-0.0656280518
-0.0218811035
0.9844970703
0.1093902588
0.0437622070
-0.0109405518
-0.0875091553
0.0387268066
0.9941406250
-0.0129089355
0.0000000000
0.0129089355
0.0129089355
0.0645599365
0.0129089355
0.2885589600
0.0262298584
0.7869720459
-0.0787048340
0.0524597168
0.4984130859
-0.0787048340
-0.1049346924
0.0000000000
-0.9670410156
-0.0333404541
0.0000000000
0.0000000000
0.0000000000
-0.1000366211
0.1333923340
0.7656250000
-0.2296905518
-0.0765686035
-0.4210968018
0.0000000000
-0.2679595947
0.0765686035
-0.2296905518
-0.1064758301
0.0000000000
0.0000000000
-0.1064758301
0.1064758301
0.0000000000
-0.1064758301
-0.1064758301
0.2474365234
-0.1237182617
-0.1237182617
0.0000000000
-0.1237182617
0.0000000000
0.2474365234
-0.1237182617
0.0586547852
0.9874420166
-0.0586547852
0.0879974365
-0.0097808838
0.0684356689
0.0097808838
0.0488891602
-0.1354370117
-0.1015777588
-0.4062957764
0.8464660645
-0.0677185059
-0.1354370117
0.0338592529
0.1692962646
-0.0827941895
-0.1241912842
0.2483978271
0.0827941895
-0.8693847656
0.0827941895
-0.2897949219
-0.0827941895
-0.4673461914
0.0000000000
-0.2002868652
0.3338165283
0.2002868652
-0.4673461914
0.4673461914
-0.0667572021
0.2290649414
-0.0572662354
-0.2863311768
-0.1145324707
0.5726470947
0.6299133301
-0.0572662354
-0.1145324707
-0.1166229248
0.3498535156
0.2332305908
0.0000000000
-0.1166229248
-0.3498535156
0.1166229248
0.3498535156
0.8108062744
-0.1621551514
0.0405426025
-0.0810852051
0.4459533691
0.1621551514
0.1216278076
0.1216278076
0.0196228027
-0.0784912109
0.9615020752
0.1177368164
0.0196228027
0.1373596191
-0.0981140137
-0.1177368164
-0.7158508301
0.0795440674
0.1590728760
-0.0795440674
0.4772338867
0.0000000000
0.0000000000
0.0795440674
-0.1012725830
0.0337524414
0.2025451660
0.0337524414
-0.1012725830
-0.0337524414
-0.9620971680
-0.0168762207
-0.3400878906
0.0485839844
-0.6315917969
0.0000000000
0.0485839844
0.6315917969
-0.0485839844
-0.0485839844
-0.1924285889
0.9621124268
-0.0320739746
0.0000000000
-0.0320739746
0.0000000000
0.0320739746
0.0320739746
0.0000000000
0.1113433838
-0.1113433838
0.0000000000
0.1113433838
-0.1113433838
-0.1113433838
-0.1113433838
0.0000000000
0.3161926270
0.3952484131
-0.3161926270
0.1580963135
0.6323852539
0.0000000000
-0.0790557861
0.3752288818
0.5420074463
0.3335418701
0.4794616699
0.2084655762
0.3335418701
-0.1667785645
0.1667785645
0.4880676270
0.1435546875
0.1148376465
-0.4880676270
-0.1435546875
-0.5742034912
-0.3158111572
0.1148376465
0.0000000000
-0.1150360107
0.2300720215
0.0000000000
0.0000000000
0.0000000000
0.1150360107
-0.1150360107
-0.0810699463
-0.1621246338
-0.1621246338
0.4863891602
-0.6485290527
-0.0810699463
-0.1621246338
0.1621246338
0.1380004883
-0.0919952393
0.7820129395
-0.2299957275
0.1840057373
0.4140014648
0.0000000000
-0.1840057373
0.0000000000
-0.0911560059
-0.0911560059
0.0000000000
-0.0911560059
0.0000000000
0.0000000000
0.0000000000
0.0165405273
-0.0496368408
0.0330963135
-0.9928436279
0.0165405273
-0.0165405273
-0.0330963135
0.0000000000
-0.1014862061
0.9743041992
0.0811920166
0.0811920166
-0.0202941895
-0.1014862061
0.0406036377
0.0406036377
-0.4379882812
0.3649902344
0.0000000000
0.3649902344
0.3649902344
-0.2189941406
0.3649902344
0.2189941406
-0.4146270752
-0.5330963135
-0.5330963135
-0.1184692383
0.1184692383
0.1184692383
-0.1184692383
0.2961730957
0.1202545166
0.2405242920
0.1202545166
-0.2405242920
0.4810485840
0.1202545166
0.1202545166
0.0000000000
0.0364379883
-0.0910797119
-0.0182189941
0.9928436279
0.0000000000
0.0182189941
0.0000000000
-0.0364379883
0.0821838379
0.9861145020
-0.0493011475
0.0657348633
0.0000000000
0.0657348633
0.0328674316
0.0000000000
0.2624816895
0.0000000000
0.7874450684
0.0000000000
0.0874938965
0.4374694824
-0.2187347412
0.0437469482
0.0000000000
-0.9209747314
-0.0921020508
-0.0460510254
-0.0921020508
0.0921020508
-0.0460510254
0.2302398682
0.9540252686
-0.1135711670
-0.0227203369
-0.1589965820
-0.0227203369
-0.0908660889
0.0227203369
-0.1589965820
0.0000000000
0.0000000000
0.0000000000
-0.0588226318
0.0000000000
0.0000000000
0.0000000000
0.0000000000
0.0000000000
0.1234283447
0.0000000000
-0.1234283447
0.0000000000
0.4937286377
0.2468566895
0.0000000000
0.0705566406
0.9877777100
0.0000000000
0.0423278809
0.0000000000
0.0846710205
0.0564422607
0.0282287598
-0.3278350830
0.0000000000
-0.2868652344
0.5737304688
-0.2048950195
0.3688201904
-0.0819549561
0.4917602539
0.1604309082
-0.1283416748
0.1925201416
0.0000000000
-0.8342590332
0.2246093750
-0.3529510498
-0.1283416748
-0.2315216064
-0.2315216064
-0.1543426514
0.3858642578
0.3858642578
-0.4630279541
0.3858642578
0.0771789551
0.2997436523
0.0999145508
0.3996582031
-0.1498718262
0.3497009277
0.6993865967
-0.1498718262
-0.0499572754
-0.1242218018
0.1242218018
0.3726806641
-0.2484588623
0.0000000000
-0.2484588623
0.0000000000
0.1242218018
0.5329437256
0.1998596191
0.0000000000
0.0000000000
0.3330841064
0.5995483398
-0.1998443604
-0.1332397461
0.0924682617
-0.0693511963
0.9478302002
0.1849365234
-0.0924682617
0.1618194580
-0.0462341309
0.0000000000
-0.3689117432
0.2459411621
0.0000000000
-0.2459411621
0.1229705811
-0.2459411621
0.0000000000
-0.1229705811
-0.1506958008
0.0000000000
0.1758117676
0.0502319336
-0.1004638672
0.0000000000
-0.9544372559
0.0502319336
-0.4430389404
-0.0984497070
-0.5907135010
-0.1968994141
0.1476745605
0.5414886475
0.0984497070
-0.0492248535
-0.1595306396
0.9572143555
-0.0957183838
-0.0319061279
-0.0319061279
-0.0319061279
0.0957183838
0.0638122559
0.1113433838
0.1113433838
-0.1113433838
0.0000000000
0.1113433838
-0.1113433838
0.0000000000
-0.1113433838
-0.1391754150
0.1391754150
0.4175415039
0.0463867188
-0.2783660889
0.7423095703
0.0927886963
-0.2783660889
0.3357391357
0.4252624512
0.3357391357
0.5371704102
0.2238159180
0.4252624512
-0.2238159180
0.0895233154
0.1248626709
0.1560821533
0.1248626709
-0.4370117188
-0.1872863770
-0.6867370605
-0.4370117188
0.1560821533
0.0000000000
0.1150360107
0.2300720215
-0.1150360107
-0.1150360107
0.0000000000
0.0000000000
0.0000000000
0.4044036865
0.0000000000
-0.3235321045
0.1617584229
-0.7683868408
0.0808868408
-0.2022094727
0.1213226318
0.3008422852
0.0752105713
0.6768798828
0.0000000000
0.3008422852
0.2256317139
-0.3008422852
0.1504211426
-0.1229705811
-0.1229705811
0.1229705811
0.0000000000
-0.3689117432
0.1229705811
0.3689117432
0.1229705811
-0.0373840332
0.0186920166
0.0373840332
-0.9908599854
-0.0186920166
0.0000000000
-0.0560913086
0.0186920166
-0.0418243408
0.8784637451
0.0418243408
0.3764801025
0.0418243408
-0.1254882812
-0.0418243408
0.0836639404
-0.3197631836
0.4263610840
0.1065826416
0.2131805420
0.2131805420
-0.1065826416
0.4263610840
0.0000000000
-0.3167572021
-0.4223327637
-0.5631103516
-0.2111663818
-0.0703887939
0.3167572021
-0.0703887939
0.4575347900
0.1055145264
0.3165283203
0.0000000000
-0.2110137939
0.5275421143
0.2110137939
0.1055145264
-0.3165283203
0.0268707275
-0.0537261963
-0.0447692871
0.9940490723
-0.0537261963
0.0089569092
0.0000000000
0.0268707275
0.1753234863
0.9350738525
0.0000000000
0.2337646484
-0.0584411621
0.0000000000
0.1363677979
-0.0779266357
0.2906341553
0.0000000000
0.6975097656
0.1162567139
-0.1162567139
0.3487548828
-0.2906341553
0.2906341553
-0.1782989502
-0.7132263184
-0.0891571045
0.2674560547
0.0000000000
0.2674560547
0.0000000000
0.1782989502
0.9874114990
0.0411376953
0.0000000000
-0.0411376953
0.0205688477
-0.0205688477
0.0205688477
-0.0822906494
0.0000000000
0.2468566895
0.0000000000
-0.1234283447
0.0000000000
-0.3703002930
-0.2468566895
0.2468566895
0.3136291504
-0.3136291504
0.0000000000
-0.3763580322
-0.1881713867
-0.5645294189
0.3763580322
-0.1881713867
-0.0918121338
0.9794006348
-0.0612182617
0.0000000000
0.1071166992
-0.0918121338
-0.0153045654
0.0306091309
0.1815338135
-0.0279235840
-0.5166778564
0.6423645020
0.0698242188
-0.1954956055
0.2234344482
-0.4328918457
-0.1800537109
0.1800537109
-0.1800537109
0.1800537109
0.2700805664
0.2700805664
0.8102264404
-0.0450134277
0.1067504883
0.2134857178
0.3736114502
0.0800628662
0.2935485840
-0.8272705078
-0.0533752441
0.0266876221
0.3713073730
0.2475280762
-0.4331817627
0.3094177246
-0.5569610596
0.0618896484
0.1237640381
0.2475280762
0.0000000000
-0.0981750488
0.1963348389
0.4908447266
-0.3926696777
0.1963348389
-0.2945098877
-0.2945098877
0.8907012939
-0.0732116699
0.0366058350
0.1342163086
-0.1952209473
0.1708221436
-0.3294372559
0.0366058350
-0.0916442871
-0.1833038330
0.8936004639
0.3895263672
0.0114593506
-0.0114593506
-0.0458221436
0.0343627930
-0.5711517334
-0.1631927490
0.0000000000
0.1631927490
0.2447814941
0.0000000000
-0.4079742432
0.4079742432
-0.0483703613
0.0241851807
-0.0121002197
0.0241851807
0.0725708008
0.0241851807
-0.9916992188
-0.0483703613
-0.2390289307
0.0000000000
0.8366088867
-0.0597534180
0.2390289307
0.0597534180
-0.0597534180
-0.2390289307
0.0411834717
0.9609680176
-0.2196502686
0.0686340332
-0.0549163818
-0.0549163818
-0.0549163818
-0.0823669434
0.0545654297
-0.1091308594
-0.1091308594
-0.1091308594
0.0545654297
0.0000000000
0.0000000000
-0.9276428223
0.0000000000
-0.3928375244
-0.0785675049
0.0000000000
-0.1571350098
-0.2357025146
-0.6285400391
0.3928375244
0.3519439697
0.2463684082
0.6334991455
-0.0352020264
0.2815551758
0.4575347900
-0.0703887939
0.2815551758
0.2440795898
-0.1952514648
-0.4881439209
0.0488128662
0.0488128662
-0.5857696533
0.4881439209
0.0000000000
0.0855865479
0.0000000000
-0.6847076416
-0.0855865479
-0.2567596436
0.0855865479
-0.0855865479
0.4279479980
0.8111419678
-0.1720581055
-0.1474761963
-0.2949523926
-0.3441162109
0.1474761963
-0.1966400146
0.0737457275
-0.2783508301
0.0397644043
0.7555236816
0.0795288086
-0.2783508301
0.3181152344
0.2385864258
0.2385864258
-0.1178436279
-0.1178436279
-0.1178436279
0.0000000000
0.4714050293
-0.2357025146
-0.3535461426
0.0000000000
-0.0913085938
-0.0456542969
-0.0228271484
-0.9587249756
-0.1369628906
-0.0228271484
-0.1597900391
0.0913085938
-0.0434265137
0.9553680420
0.0000000000
0.1085662842
0.2171325684
0.0868530273
-0.0434265137
0.0434265137
-0.5357055664
0.4464111328
0.0446472168
0.4241027832
0.2232055664
-0.3125000000
0.2901763916
0.2901763916
0.0000000000
-0.0346069336
0.8995971680
0.0691986084
0.0000000000
-0.3114013672
0.1383972168
-0.1730041504
-0.0594482422
-0.3566436768
-0.1188812256
0.1188812256
-0.4755249023
-0.2972106934
0.2377624512
-0.5944061279
-0.0913238525
-0.0913238525
0.0000000000
0.9436340332
-0.0913238525
0.0913238525
-0.1521911621
-0.1521911621
-0.1769409180
0.9289550781
-0.0442352295
-0.0663604736
0.0884704590
-0.2433013916
0.1105957031
-0.0663604736
0.5106201172
0.3063659668
0.2808380127
0.0000000000
-0.1021270752
0.6638031006
-0.2042388916
-0.2297821045
-0.0466918945
-0.8405303955
-0.1400909424
0.0000000000
-0.0466918945
-0.4202728271
0.1400909424
0.0466918945
0.8578491211
0.2523040771
-0.2018432617
-0.2523040771
0.1009216309
0.0000000000
0.0000000000
-0.0504608154
0.0000000000
0.2474365234
0.1237182617
0.0000000000
-0.1237182617
-0.1237182617
-0.1237182617
0.2474365234
0.2658843994
-0.1994171143
0.1329345703
-0.3323516846
-0.2658843994
-0.4653015137
0.4653015137
-0.3323516846
-0.0346221924
0.9927062988
-0.0692596436
0.0346221924
0.0346221924
-0.0346221924
-0.0115356445
0.0230865479
0.1604461670
0.0246887207
-0.5307006836
0.7034912109
0.0740509033
-0.1110839844
0.2344970703
-0.3455657959
-0.0480804443
0.0480804443
-0.3846130371
0.1923065186
-0.5288391113
0.0000000000
0.6730804443
0.0480804443
0.1475524902
0.2655944824
0.3541259766
0.1475524902
0.2951049805
-0.7672882080
-0.2065734863
0.1180419922
0.1616058350
0.0000000000
-0.4848327637
0.4040222168
-0.4040222168
0.3232269287
-0.2424163818
0.1616058350
0.3232269287
0.1616058350
0.0808105469
0.4848327637
-0.1616058350
0.2424163818
0.0000000000
-0.5656433105
0.9091491699
-0.1351470947
0.0368652344
0.1597137451
-0.1719970703
0.1228637695
-0.2579956055
0.1105651855
-0.0698547363
-0.0798339844
0.9481048584
0.2894287109
-0.0199584961
0.0000000000
-0.0498962402
0.0000000000
-0.7628173828
0.0000000000
0.2288513184
0.1525573730
0.3051300049
0.1525573730
-0.0762786865
0.1525573730
-0.0626525879
0.0626525879
0.0313262939
0.0417633057
0.0104370117
0.0417633057
-0.9920043945
0.0000000000
-0.6343383789
0.0000000000
0.1585845947
-0.3171691895
0.0792999268
0.1585845947
0.0000000000
-0.4757537842
-0.0122222900
0.9660797119
-0.2323455811
0.0122222900
-0.0489196777
-0.0611419678
-0.0122222900
-0.0366821289
0.0000000000
-0.0621185303
-0.2484893799
-0.1863555908
0.1242370605
0.0000000000
0.0000000000
-0.8696899414
-0.1076965332
-0.3230743408
0.1076965332
-0.1076965332
-0.2153778076
-0.2153778076
-0.5384674072
0.2153778076
0.3690185547
0.3690185547
0.5904235840
0.0000000000
0.1845092773
0.4797210693
-0.2214050293
0.1476135254
0.5710296631
-0.2379302979
-0.1903381348
-0.0951690674
0.1427612305
-0.5234375000
0.4282684326
-0.1427612305
-0.1202545166
0.2405242920
-0.1202545166
0.2405242920
-0.3607788086
0.0000000000
0.0000000000
0.3607788086
0.8442840576
-0.1407165527
-0.1876220703
-0.3048858643
-0.2814331055
0.0938110352
-0.1172637939
0.1407165527
-0.0793457031
0.3173675537
0.7934112549
0.0396728516
-0.0396728516
0.2380218506
0.1586761475
0.3570404053
0.0000000000
0.0000000000
0.0000000000
0.1000061035
0.1000061035
-0.1000061035
0.1000061035
0.0000000000
-0.1229553223
-0.0702667236
0.0351257324
-0.9660949707
-0.1229553223
0.0175628662
-0.0702667236
0.1229553223
-0.0878143311
0.9659423828
0.0175628662
0.1580657959
0.1405029297
0.0526885986
-0.0351257324
0.0175628662
-0.4999847412
0.4999847412
0.0952301025
0.4047393799
0.1428527832
-0.3333129883
0.3095092773
0.2857055664
-0.0296630859
0.0890045166
0.8899993896
0.0593261719
-0.0890045166
-0.2373352051
0.1779937744
-0.2669982910
0.0955810547
-0.4779052734
-0.0955810547
0.0000000000
-0.1911621094
-0.2867431641
0.2867431641
-0.4779052734
-0.1089324951
-0.1089324951
0.0817108154
0.9532165527
0.0817108154
0.0272369385
-0.0544738770
-0.1634063721
-0.1491699219
0.9509735107
0.0000000000
0.0559387207
0.0000000000
-0.2237548828
0.0932312012
0.0186462402
0.3092193604
0.1855316162
0.6802825928
-0.0824584961
-0.1443023682
0.5359802246
-0.2267608643
-0.1649169922
-0.0357513428
-0.9295501709
-0.0715026855
-0.1430053711
0.0000000000
-0.2502593994
0.0715026855
0.0000000000
0.8121490479
0.2842559814
-0.2842559814
-0.1624298096
0.2436370850
-0.0812072754
0.0812072754
0.1624298096
0.1000061035
0.0000000000
0.0000000000
0.0000000000
-0.1000061035
0.1000061035
0.0000000000
0.1000061035
0.3473510742
0.0000000000
0.2605133057
-0.2605133057
-0.3473510742
-0.3473510742
0.3473510742
-0.3473510742
0.0000000000
0.9921264648
-0.0715942383
0.0715942383
-0.0102233887
0.0306854248
0.0102233887
0.0306854248
0.1482238770
0.0000000000
-0.5390167236
0.7276763916
0.0404205322
-0.1078033447
0.2425537109
-0.2829895020
0.0000000000
0.0000000000
-0.4921569824
0.2684478760
-0.5816345215
-0.1789703369
0.4474182129
0.2237091064
0.4290313721
0.1430053711
0.0000000000
0.5005340576
0.5720367432
-0.1430053711
0.0715026855
0.1430053711
-0.0762786865
-0.3051300049
-0.4576873779
0.1525573730
0.3814086914
0.3051300049
-0.4576873779
0.1525573730
0.4474945068
0.0894927979
-0.2684936523
0.3579864502
0.0894927979
0.0894927979
0.0894927979
-0.5369873047
0.9426574707
-0.1571044922
0.0571289062
0.1285400391
-0.0856933594
0.0571289062
-0.1713867188
0.1428222656
-0.0310363770
-0.0310363770
0.9727020264
0.1966094971
-0.0310363770
0.0724334717
-0.0310363770
-0.0517425537
-0.6882324219
0.1588287354
0.3705902100
0.1588287354
0.4235229492
0.2117614746
-0.1058807373
0.1058807373
-0.0576629639
0.0115356445
0.0461425781
0.0576629639
-0.0346069336
0.0346069336
-0.9919128418
0.0230712891
-0.5536499023
-0.0790863037
-0.6722869873
-0.0790863037
-0.1977386475
0.3163757324
0.1186370850
-0.1581878662
-0.0646820068
0.9702606201
-0.2199249268
-0.0129394531
0.0000000000
-0.0129394531
0.0129394531
-0.0129394531
0.0000000000
0.1595764160
-0.2393646240
-0.0797882080
0.1595764160
0.1595764160
0.0797882080
-0.7978820801
-0.2153778076
-0.1076965332
0.3230743408
-0.1076965332
-0.1076965332
-0.2153778076
-0.5384674072
0.2153778076
0.4334716797
0.5779724121
0.4696044922
0.1083679199
0.0361175537
0.3973541260
-0.1083679199
0.1806182861
0.7098846436
-0.1494445801
-0.2241668701
-0.1120910645
0.1494445801
-0.5230712891
0.2615356445
-0.0373687744
-0.1199951172
0.0000000000
0.1199951172
0.1199951172
-0.2400054932
0.1199951172
-0.1199951172
0.0000000000
0.8350524902
-0.1002044678
-0.1336059570
-0.2338104248
-0.3340148926
-0.0668029785
-0.1670074463
0.2004089355
0.0761108398
0.3044738770
0.8372955322
-0.0380554199
0.1141815186
0.1522369385
0.1522369385
0.3044738770
0.1228332520
0.2456817627
0.0000000000
-0.1228332520
-0.1228332520
0.0000000000
0.2456817627
0.0000000000
-0.0739898682
-0.0739898682
0.0591888428
-0.9766235352
-0.1183776855
0.0443878174
0.0296020508
0.0887908936
-0.1179504395
0.9772949219
0.0337066650
0.1347961426
0.0337066650
0.0168457031
0.0000000000
0.0337066650
-0.5041351318
0.5041351318
0.0630187988
0.4096069336
0.0945281982
-0.3150787354
0.2835845947
0.3150787354
-0.1217193604
0.0000000000
0.8114776611
0.1622924805
0.0000000000
-0.4057312012
0.2028656006
-0.2028656006
-0.2369232178
-0.2369232178
0.0000000000
-0.1184692383
-0.2369232178
-0.4738464355
0.1184692383
-0.1184692383
-0.0754394531
-0.1006011963
0.1257476807
0.9304962158
0.2514801025
0.0251464844
0.0502929688
-0.1257476807
-0.1036224365
0.9498138428
0.0172729492
0.1208801270
-0.0863494873
-0.1726989746
0.1208801270
0.1036224365
0.2172393799
0.2764739990
0.8096923828
-0.0592498779
-0.0789947510
0.3554687500
-0.2567291260
-0.0789947510
-0.0897064209
-0.9569396973
-0.0299072266
-0.0299072266
0.0000000000
-0.2093353271
0.0299072266
0.0299072266
0.7261047363
0.1037292480
-0.3630523682
-0.3630523682
0.2074584961
-0.2074584961
0.1555938721
0.0000000000
0.1216278076
-0.1216278076
-0.1216278076
0.0000000000
-0.1216278076
0.1216278076
-0.2432556152
0.1216278076
0.4714050293
0.0000000000
0.3535461426
-0.1178436279
-0.1178436279
-0.2357025146
0.1178436279
0.0000000000
0.0000000000
0.9818878174
-0.1091003418
0.1190185547
-0.0396728516
0.0396728516
0.0000000000
0.0595092773
0.1004028320
-0.0200805664
-0.4819183350
0.7831268311
-0.0401611328
-0.1004028320
0.2008056641
-0.2811279297
0.1437377930
-0.1916503906
-0.4791107178
0.2874755859
-0.6707611084
-0.0479125977
0.2874755859
0.1437377930
-0.0821380615
-0.0821380615
-0.4106597900
0.4106597900
0.0821380615
0.4927825928
0.3285217285
0.2463989258
0.0878143311
0.0878143311
-0.4390411377
-0.2634277344
-0.2634277344
0.4390411377
-0.3512420654
0.2634277344
0.2009429932
0.3014221191
0.2009429932
0.2009429932
-0.3014221191
-0.2009429932
-0.2009429932
-0.5023651123
0.9719848633
-0.1334075928
0.0381164551
0.0952911377
-0.0190582275
0.0000000000
-0.0762329102
0.0952911377
0.0118255615
-0.0473175049
0.9700927734
0.1064758301
0.0118255615
0.1774597168
-0.0473175049
-0.0828094482
-0.6835327148
0.1367034912
0.2734069824
0.2734069824
0.4556884766
0.1367034912
-0.1367034912
0.2278442383
-0.0469970703
-0.0469970703
0.0626678467
0.0626678467
-0.0626678467
0.0313262939
-0.9868927002
0.0313262939
-0.4727020264
-0.0429687500
-0.7305450439
0.0000000000
-0.0429687500
0.3867645264
0.0000000000
-0.1718902588
-0.1199951172
0.9599761963
-0.2200012207
0.0000000000
-0.0200042725
-0.0200042725
0.0200042725
0.0399932861
-0.0964202881
0.0000000000
-0.0964202881
-0.0964202881
0.0964202881
0.1928405762
0.0000000000
-0.7713928223
-0.2258758545
0.0000000000
0.3388214111
0.0000000000
0.0000000000
-0.1129455566
-0.5646972656
0.1129455566
0.4495697021
0.5994262695
0.3596496582
0.2097930908
0.0599365234
0.3896331787
-0.0899200439
0.2697448730
0.7360229492
-0.1472015381
-0.2208099365
-0.0736083984
0.1840057373
-0.5520172119
0.0000000000
0.0000000000
-0.1250000000
0.0000000000
0.1250000000
-0.1250000000
-0.2500000000
0.0000000000
-0.3750000000
0.0000000000
0.6612548828
-0.1653137207
-0.1239929199
-0.0826568604
-0.6199340820
-0.1239929199
-0.1239929199
0.2066497803
0.0731964111
0.3659515381
0.7319183350
-0.0731964111
0.1463775635
0.2195739746
0.2195739746
0.1463775635
0.0000000000
0.2400054932
-0.1199951172
0.0000000000
0.1199951172
-0.1199951172
0.1199951172
0.1199951172
-0.0182189941
-0.0364227295
0.1092681885
-0.9834289551
-0.0364227295
0.0546417236
0.0364227295
0.0546417236
-0.1519165039
0.9684753418
0.1139373779
0.0189971924
-0.0379791260
-0.0569763184
-0.0189971924
0.0949554443
-0.5306854248
0.4342041016
0.0482482910
0.3377075195
0.1447296143
-0.2894592285
0.2894592285
0.3859558105
-0.1441040039
-0.2882232666
0.2882232666
0.4323272705
0.1441040039
-0.6484832764
0.0720520020
0.0720520020
0.0000000000
0.0927886963
-0.0927886963
-0.1855621338
-0.2783508301
-0.7422637939
0.0927886963
-0.0927886963
-0.0419616699
-0.0629425049
0.0209808350
0.9650268555
0.1678314209
0.0629425049
0.0209808350
-0.1258697510
-0.0205535889
0.9456787109
-0.0205535889
0.1027832031
-0.1850280762
-0.1233520508
0.1027832031
0.1439056396
0.1735534668
0.2313995361
0.8677520752
0.0000000000
0.0000000000
0.2603302002
-0.2603302002
-0.0289306641
-0.0518646240
-0.9335632324
-0.0518646240
-0.0518646240
-0.0518646240
-0.1555938721
0.0518646240
0.0518646240
0.6838378906
0.0000000000
-0.3419189453
-0.4558868408
0.1139678955
-0.2849273682
-0.0569915771
-0.0569915771
0.0000000000
0.0000000000
0.0000000000
0.0000000000
0.0000000000
0.0000000000
-0.0785675049
0.0785675049
0.0911560059
0.0911560059
0.0911560059
0.0000000000
0.0000000000
0.0000000000
0.0000000000
0.0000000000
0.0110321045
0.9820556641
-0.1103363037
0.0993041992
-0.0441436768
0.0551757812
-0.0110321045
0.0662078857
-0.1248016357
0.0312042236
-0.4056091309
0.8736114502
-0.0935974121
0.0000000000
0.0000000000
-0.1248016357
0.1701812744
-0.2552642822
-0.0425415039
0.0000000000
-0.8083343506
0.3828887939
0.1701812744
-0.1276245117
-0.4018859863
-0.3014221191
-0.1004791260
0.2009429932
0.2009429932
0.2009429932
0.4018859863
0.3014221191
0.2778320312
0.3333892822
0.0000000000
-0.4445343018
-0.2778320312
0.6112213135
-0.2222595215
0.1111297607
0.0000000000
0.1249389648
0.3748321533
-0.1249389648
-0.1249389648
-0.2498779297
-0.1249389648
0.0000000000
0.9415740967
-0.1681365967
0.0672607422
-0.0672607422
0.1345062256
-0.0336303711
0.1008911133
0.1008911133
0.1009521484
-0.0504760742
0.9422607422
0.0168304443
0.0504760742
0.2355651855
-0.1346130371
-0.1177825928
-0.6928710938
0.1154785156
0.2309570312
0.2886962891
0.4619140625
0.0577392578
-0.1154785156
0.1732177734
-0.0747833252
-0.0249328613
0.1495666504
0.0498504639
-0.0498504639
0.0249328613
-0.9722137451
-0.0249328613
-0.4175567627
-0.1193084717
-0.6561737061
-0.0596466064
0.1193084717
0.4772186279
0.0596466064
-0.1193084717
-0.1303710938
0.9452362061
-0.2281646729
0.0325927734
0.0325927734
0.0000000000
0.0000000000
0.0325927734
0.1247863770
-0.1247863770
0.0000000000
0.0000000000
0.0000000000
0.0000000000
0.0000000000
-0.4991302490
-0.1166229248
0.1166229248
0.1166229248
-0.1166229248
0.1166229248
0.3498535156
-0.4664764404
0.2332305908
0.4414215088
0.4933471680
0.3375549316
0.3894958496
0.2336883545
0.3635253906
-0.0778961182
0.2856292725
0.7866363525
-0.0786590576
0.0000000000
-0.2359924316
0.0393371582
-0.4719848633
-0.1966552734
0.0786590576
0.0000000000
0.0000000000
0.0000000000
-0.1178436279
-0.1178436279
0.1178436279
-0.2357025146
0.1178436279
0.5246276855
0.0000000000
-0.1907653809
0.0953826904
-0.7630920410
-0.0476989746
-0.1430816650
0.0000000000
0.2009429932
0.4018859863
0.1004791260
0.0000000000
-0.1004791260
0.5023651123
0.4018859863
0.0000000000
-0.1113433838
0.1113433838
0.1113433838
0.0000000000
0.1113433838
-0.1113433838
0.0000000000
0.1113433838
0.0445251465
-0.0445251465
0.1335906982
-0.9796905518
0.0000000000
0.0222625732
0.0000000000
0.0445251465
-0.1845245361
0.9489593506
0.1054382324
-0.0527191162
-0.0790863037
-0.1054382324
-0.0263671875
0.1054382324
-0.6155700684
0.4616851807
0.0000000000
0.2308349609
0.1539001465
-0.2308349609
0.2308349609
0.1539001465
-0.1879119873
-0.3758239746
-0.3758239746
-0.0939483643
0.2818603516
0.0000000000
-0.3758239746
0.3758239746
0.1082458496
0.4330139160
0.0000000000
-0.2165069580
-0.1082458496
-0.4330139160
0.1082458496
-0.3247528076
0.0000000000
-0.0729980469
0.0000000000
0.9928283691
-0.0292053223
-0.0146026611
0.0292053223
-0.0146026611
0.1014099121
0.9532318115
-0.0608367920
0.1419677734
-0.1622467041
-0.0608367920
0.0608367920
0.1014099121
0.2752990723
0.2752990723
0.6607208252
0.2202453613
-0.0550537109
0.3303527832
-0.3854217529
-0.0550537109
0.0000000000
-0.7978820801
-0.2393646240
-0.0797882080
0.0000000000
0.0000000000
-0.1595764160
0.2393646240
0.8730926514
0.0459594727
-0.1838073730
-0.2757110596
0.0459594727
-0.1838073730
-0.1378631592
-0.0459442139
0.1150360107
0.0000000000
0.0000000000
-0.2300720215
0.0000000000
0.0000000000
-0.1150360107
0.1150360107
-0.1224670410
0.3674163818
0.0000000000
0.1224670410
0.2449493408
0.2449493408
-0.1224670410
0.2449493408
0.0291595459
0.9915618896
-0.0291595459
0.0291595459
-0.0583343506
0.0437469482
0.0145874023
0.0437469482
-0.4050750732
0.0810089111
-0.2025299072
0.7696380615
-0.1215209961
0.2835540771
-0.2025299072
0.0810089111
0.1897430420
-0.1897430420
0.2276916504
-0.0379486084
-0.7969207764
0.3794860840
-0.1138458252
-0.1897430420
0.0000000000
-0.2089080811
0.2089080811
0.3133544922
0.4178161621
0.2089080811
0.3133544922
0.3133544922
0.3167572021
0.3167572021
0.3695526123
-0.3695526123
0.1583862305
0.5807342529
-0.2639617920
0.0527954102
0.0000000000
0.0000000000
0.0000000000
-0.3685150146
-0.1228332520
0.0000000000
-0.1228332520
0.0000000000
0.8890533447
0.1111297607
-0.1111297607
-0.1111297607
0.0555725098
0.1667022705
-0.1667022705
-0.1111297607
0.1057281494
-0.0264282227
0.9251708984
-0.0264282227
-0.1585998535
0.2643280029
-0.0528717041
-0.1057281494
-0.6330566406
0.1055145264
0.3165283203
0.1055145264
0.1055145264
-0.2110137939
0.1055145264
0.0000000000
-0.1516876221
0.0758361816
0.1516876221
0.0000000000
0.0000000000
0.0379180908
-0.9480438232
0.0379180908
-0.3778381348
-0.0629730225
-0.6927032471
-0.1889190674
0.0629730225
0.4408111572
-0.0629730225
-0.0629730225
-0.1344299316
0.9410552979
-0.2016601562
-0.0336151123
0.0672149658
0.0672149658
0.0672149658
0.0672149658
0.1178436279
-0.1178436279
0.0000000000
0.0000000000
-0.1178436279
0.0000000000
-0.1178436279
-0.2357025146
-0.0603027344
0.1808929443
0.3617706299
0.1808929443
-0.2411804199
0.7838439941
-0.0603027344
0.0603027344
0.4354400635
0.4354400635
0.3265686035
0.5170745850
0.2721405029
0.3537902832
-0.1088562012
0.1088562012
0.3775177002
0.0000000000
0.2157135010
-0.2157135010
-0.1078643799
-0.6471557617
-0.4853668213
0.0539245605
0.0000000000
0.1216278076
0.1216278076
-0.1216278076
-0.1216278076
0.1216278076
-0.1216278076
0.2432556152
0.5451965332
0.0389404297
-0.3504791260
0.0000000000
-0.7009582520
0.1168212891
-0.1557769775
0.0000000000
0.3247528076
0.3247528076
0.4330139160
0.1082458496
0.2165069580
0.2165069580
0.2165069580
0.1082458496
0.1228332520
0.1228332520
0.1228332520
-0.2456817627
0.2456817627
0.0000000000
0.0000000000
0.0000000000
0.0193481445
0.0193481445
0.0580596924
-0.9869689941
-0.0774078369
0.0000000000
0.0193481445
0.0580596924
-0.0880889893
0.9248962402
-0.0880889893
0.0000000000
-0.0440368652
-0.2202148438
-0.0880889893
0.0880889893
-0.4898986816
0.2449493408
-0.1224670410
-0.1224670410
0.0000000000
0.1224670410
0.0000000000
-0.1224670410
-0.4356994629
-0.4356994629
-0.0726165771
-0.2904663086
0.0000000000
0.5083160400
-0.2178497314
0.2178497314
0.0000000000
0.4330139160
0.1082458496
-0.2165069580
0.3247528076
-0.1082458496
0.1082458496
-0.4330139160
0.0218505859
-0.0546264648
0.0109252930
0.9940795898
-0.0437011719
-0.0218505859
0.0109252930
0.0437011719
0.1700592041
0.9140472412
-0.0425109863
0.2338256836
-0.1488037109
-0.0425109863
0.1913146973
0.0637664795
0.3928375244
0.3928375244
0.3928375244
0.3142700195
-0.1571350098
0.3142700195
-0.3142700195
0.0785675049
-0.4018859863
-0.4018859863
-0.2009429932
0.3014221191
0.1004791260
0.3014221191
-0.2009429932
0.2009429932
0.9575195312
0.0990600586
-0.0660400391
-0.1650848389
0.0000000000
-0.0660400391
-0.0330200195
-0.0330200195
0.0000000000
0.1250000000
0.1250000000
0.0000000000
0.0000000000
-0.1250000000
0.2500000000
0.3750000000
0.3186645508
-0.2549285889
0.0637359619
-0.3186645508
-0.0637359619
-0.6373138428
0.3823852539
-0.1911926270
-0.0838470459
0.9726257324
-0.0838470459
0.0167694092
0.0335388184
-0.1341552734
-0.0670776367
0.0838470459
0.2380676270
-0.0510101318
-0.4761505127
0.6121826172
0.1360473633
-0.1190338135
0.0340118408
-0.5441741943
-0.0869140625
0.0869140625
-0.4780273438
0.0869140625
0.2607421875
0.0000000000
0.7822265625
-0.0869140625
0.2074737549
-0.2420501709
0.0691528320
0.1383209229
0.5186920166
-0.1383209229
-0.5878448486
0.4495239258
0.2647094727
0.4235229492
-0.2117614746
0.1588287354
-0.7411804199
-0.0529479980
0.1058807373
0.1588287354
0.1685180664
-0.1123504639
0.0561676025
0.3370513916
-0.3932189941
0.2247009277
-0.2808685303
-0.6740875244
0.8823547363
-0.0705871582
-0.0529479980
0.1058807373
-0.2294158936
0.2117614746
-0.3000030518
-0.0705871582
-0.0289459229
-0.1302337646
0.9260711670
0.3328094482
-0.0289459229
-0.0289459229
-0.0144653320
0.0723419189
-0.6459503174
-0.3523406982
0.0587158203
0.1174468994
0.0587158203
0.1761627197
-0.4110565186
0.3523406982
-0.0161437988
0.0161437988
-0.0484313965
0.0645751953
0.2098693848
0.0484313965
-0.9686126709
0.0000000000
-0.2897033691
0.0000000000
0.7242736816
0.2897033691
0.2897033691
0.1448516846
-0.1448516846
-0.0724334717
0.0564422607
0.9736633301
-0.1128845215
0.1128845215
-0.0987701416
-0.0564422607
-0.0564422607
-0.0282287598
0.1950225830
0.0000000000
-0.0487518311
-0.1462707520
0.0487518311
0.0000000000
0.0000000000
-0.9263763428
-0.0792999268
0.0792999268
0.0000000000
0.0792999268
-0.1585845947
-0.0792999268
-0.7136383057
0.4757537842
0.2983398438
0.1704864502
0.5540771484
0.0000000000
0.2131042480
0.5540771484
-0.1278686523
0.3835906982
0.4588470459
-0.1019592285
-0.5098266602
-0.0509796143
-0.1529541016
-0.5608062744
0.3058929443
0.0000000000
-0.2176361084
0.2176361084
-0.3264617920
-0.2176361084
-0.3264617920
0.3264617920
-0.2176361084
0.2176361084
0.7584381104
-0.2607116699
-0.2844085693
-0.0711059570
-0.3792266846
0.2607116699
0.1896057129
0.0711059570
-0.0352172852
0.3169403076
0.3521575928
0.1760864258
-0.4578094482
0.1056518555
0.3521575928
0.5986785889
-0.1242218018
-0.2484588623
0.0000000000
0.1242218018
0.3726806641
0.0000000000
-0.2484588623
0.1242218018
-0.0646820068
0.0970153809
-0.0646820068
-0.9377899170
-0.1940307617
-0.0323333740
-0.1616821289
0.0646820068
-0.1139526367
0.9496612549
0.0569763184
-0.0569763184
0.2089233398
0.1139526367
-0.0949707031
0.0379791260
-0.5078125000
0.4062500000
-0.0253906250
0.4570312500
0.2285156250
-0.3300781250
0.3046875000
0.3046875000
-0.1448516846
-0.5794219971
0.2897033691
0.1448516846
-0.1448516846
-0.4345703125
0.3621368408
0.1448516846
-0.0937957764
-0.1407012939
-0.0469055176
-0.0469055176
0.2814025879
-0.5159149170
0.2345123291
-0.7035217285
0.0229034424
-0.0687255859
0.1603698730
0.9393310547
-0.1374664307
0.0000000000
-0.2061920166
-0.0916442871
-0.5146179199
0.7567901611
0.0302734375
0.1513519287
-0.0605468750
-0.2724456787
0.1513519287
0.0908203125
0.3946838379
0.2537231445
0.4228820801
-0.1409606934
-0.0845794678
0.7048034668
-0.2255401611
0.0281982422
0.0821685791
-0.8627624512
-0.0821685791
-0.0410766602
-0.0821685791
-0.3697509766
0.1232452393
0.1643371582
0.8545532227
0.2532043457
-0.0632934570
-0.0632934570
0.3164978027
0.0000000000
-0.2215576172
0.1266021729
0.1216278076
0.1216278076
-0.1216278076
0.0000000000
-0.1216278076
0.2432556152
0.1216278076
0.1216278076
0.2118530273
-0.2824707031
0.2824707031
-0.1412353516
-0.2824707031
-0.6355438232
0.2824707031
-0.2118530273
-0.0169982910
0.9860229492
-0.0680084229
0.0169982910
-0.0680084229
-0.0339965820
-0.0169982910
0.0850067139
0.2006378174
-0.0267486572
-0.4681701660
0.7089385986
0.1070098877
-0.0936279297
0.0668792725
-0.4547882080
0.0000000000
-0.1060333252
-0.3711090088
0.0530090332
0.1590423584
-0.1060333252
0.8482513428
0.0000000000
0.2267150879
-0.3886566162
-0.1619415283
0.1943359375
0.4210510254
0.3562774658
-0.5182189941
0.3562774658
0.1293029785
0.5172119141
-0.2586059570
0.0000000000
-0.6465148926
0.1939544678
0.1293029785
0.1939544678
0.3650207520
0.0000000000
-0.3650207520
0.4171600342
-0.1042938232
0.1564331055
-0.2085876465
-0.6257476807
0.9343414307
-0.0849456787
0.0169830322
0.0000000000
-0.2378387451
0.1359100342
-0.1868743896
0.0169830322
-0.0359649658
0.0000000000
0.9712524414
0.2158355713
-0.0479583740
0.0239868164
0.0000000000
0.0359649658
-0.8296661377
-0.2212371826
0.1659393311
0.0553131104
0.1659393311
0.2212371826
-0.1659393311
0.1659393311
-0.0353393555
0.0235595703
0.0117797852
0.0117797852
0.1177825928
0.0117797852
-0.9893951416
0.0235595703
-0.6216888428
-0.1776275635
0.0000000000
-0.1776275635
-0.2664337158
0.4440612793
0.0000000000
-0.0888061523
-0.0233764648
0.9936218262
-0.0701446533
0.0116882324
-0.0233764648
-0.0467529297
0.0000000000
0.0000000000
0.1570739746
0.0523529053
-0.1047210693
-0.1570739746
0.1047210693
0.2094421387
0.0000000000
-0.8901062012
-0.0951690674
0.2855072021
0.1903381348
0.1903381348
-0.1903381348
0.0951690674
-0.5709991455
0.3806762695
0.3211822510
0.3211822510
0.4817657471
0.0802917480
0.0802917480
0.6423492432
-0.2408752441
0.1605834961
0.6847076416
-0.2819366455
-0.2416534424
-0.2013854980
0.0000000000
-0.4027709961
0.3624877930
0.0805511475
-0.1093902588
0.2187805176
-0.5469665527
-0.1093902588
-0.3281707764
0.2187805176
-0.1093902588
-0.1093902588
0.8062744141
-0.1465911865
-0.1710357666
-0.3176269531
-0.3664855957
0.1221618652
0.1221618652
0.1221618652
0.0314025879
0.3139953613
0.6907958984
0.2511901855
-0.0628051758
-0.0628051758
0.1884002686
0.5337982178
-0.1113433838
0.1113433838
0.1113433838
0.1113433838
0.0000000000
0.1113433838
0.0000000000
0.1113433838
-0.1272430420
-0.0254516602
0.0509033203
-0.9161224365
-0.2799224854
0.1017913818
0.0000000000
0.1781311035
-0.1425170898
0.9691467285
0.0712585449
-0.0570068359
0.1425170898
0.0570068359
-0.0427551270
0.0142517090
-0.5210876465
0.4342346191
0.0289459229
0.4342346191
0.1736907959
-0.2894897461
0.3763427734
0.2605438232
-0.0488128662
-0.1952514648
0.6834106445
0.2440795898
-0.0976257324
-0.4393310547
0.3905181885
0.0000000000
-0.1121673584
-0.1121673584
0.0000000000
0.0560913086
0.2804260254
-0.7291259766
0.0560913086
-0.5047760010
0.0263824463
-0.0527801514
0.1847076416
0.9499359131
-0.0263824463
-0.1055450439
-0.1583251953
-0.0263824463
-0.3817138672
0.7888793945
0.0509033203
0.2035827637
-0.2290344238
-0.2035827637
0.2035827637
0.1781311035
0.3329467773
0.2853851318
0.5707550049
-0.1189117432
-0.1189117432
0.5945434570
-0.2853851318
0.0237884521
0.0000000000
-0.8798675537
-0.1759796143
-0.0703887939
0.0352020264
-0.3519439697
0.0703887939
0.1407775879
0.8443145752
0.2922668457
-0.0974273682
0.0000000000
0.2922668457
0.0649414062
-0.1298980713
0.2273101807
0.0000000000
0.0000000000
-0.1113433838
0.1113433838
0.0000000000
0.2226867676
0.0000000000
0.0000000000
0.1653594971
-0.3307189941
0.3307189941
-0.0826721191
-0.3307189941
-0.5787506104
0.2480316162
-0.0826721191
-0.0775756836
0.9502258301
-0.1551361084
0.1551361084
-0.0969696045
0.0387878418
-0.0387878418
0.1357421875
0.1557464600
0.0000000000
-0.4389343262
0.7787475586
0.0708007812
-0.0283203125
0.0849609375
-0.3964538574
0.0000000000
-0.1799163818
-0.3598327637
0.2398834229
0.1199493408
0.0000000000
0.7196502686
0.3598327637
0.2886352539
-0.4169158936
-0.2565612793
0.1924285889
0.2244873047
0.6093444824
-0.3848419189
0.1924285889
-0.1398620605
0.4895019531
-0.2097930908
-0.2097930908
-0.2797088623
0.5594329834
-0.1398620605
0.2797088623
0.3705902100
0.1058807373
-0.4764709473
0.3176422119
0.0000000000
0.0529479980
-0.1588287354
-0.6352996826
0.9670867920
-0.0426635742
0.0568847656
0.0000000000
-0.1848907471
0.0284423828
-0.1279907227
0.0426635742
-0.0892028809
0.0764617920
0.9812316895
0.0509796143
-0.0509796143
0.1019439697
0.0509796143
0.0000000000
-0.8667144775
0.0456237793
0.2280883789
0.1368560791
0.3193206787
0.0456237793
-0.0456237793
0.0456237793
-0.0627593994
0.0000000000
0.0753021240
0.0000000000
0.0376586914
0.0125579834
-0.9915313721
0.0251007080
-0.6617126465
-0.2757110596
-0.4411468506
0.0000000000
-0.3860015869
0.1654357910
0.0551452637
0.1102905273
-0.1178894043
0.9767456055
0.0000000000
-0.1010437012
0.0336761475
-0.0841979980
0.0673675537
0.0000000000
0.0699310303
0.1398620605
-0.1398620605
-0.1398620605
0.1398620605
0.2097930908
0.0699310303
-0.8391418457
-0.2783508301
0.2783508301
0.3711395264
0.2783508301
-0.1855621338
0.0000000000
-0.4639129639
0.2783508301
0.4635925293
0.4992523193
0.4279327393
0.2139739990
0.0000000000
0.4992523193
-0.0713195801
0.1069793701
0.7081909180
-0.2697906494
-0.1011657715
-0.2697906494
0.1011657715
-0.4046783447
0.3372344971
0.1348876953
-0.1093902588
0.0000000000
-0.6563568115
0.0000000000
-0.2187805176
0.0000000000
-0.1093902588
-0.2187805176
0.7729339600
-0.0572509766
-0.1145019531
-0.4294128418
-0.3721618652
0.0000000000
-0.0858764648
0.1717681885
0.0000000000
0.2327728271
0.8313598633
0.2992858887
0.1330108643
-0.1995239258
0.0332489014
0.2660369873
0.1178436279
0.2357025146
0.0000000000
0.1178436279
0.0000000000
0.1178436279
0.0000000000
0.1178436279
-0.1651916504
0.0000000000
0.1651916504
-0.9085693359
-0.2202606201
0.1376647949
0.0275268555
0.1651916504
-0.1500701904
0.9754791260
0.0600280762
-0.0750427246
0.0450286865
0.0300140381
-0.0300140381
0.0750427246
-0.4976501465
0.4976501465
0.0765686035
0.4210968018
0.1914062500
-0.2679595947
0.3062438965
0.2679595947
0.0609893799
0.1219787598
0.8233947754
0.1829833984
0.0305023193
-0.3659515381
0.2134704590
-0.2439727783
-0.1732177734
0.0000000000
0.0577392578
0.0000000000
-0.5196533203
-0.6928710938
-0.2309570312
-0.2309570312
-0.0569763184
0.0569763184
0.1994171143
0.9400939941
0.0284881592
-0.1994171143
-0.0569763184
0.0000000000
-0.1111907959
0.8617095947
0.0278015137
0.1945800781
-0.3057708740
-0.1111907959
0.1945800781
0.1945800781
0.2505340576
0.2922973633
0.7098541260
-0.0417633057
-0.0835113525
0.4384460449
-0.3549346924
-0.0835113525
-0.1322631836
-0.8817138672
-0.0881652832
-0.0881652832
0.0000000000
-0.3085937500
0.0000000000
0.1763458252
0.7924194336
0.1981048584
-0.0990600586
-0.1485748291
0.2971649170
-0.0990600586
-0.0495300293
0.3466796875
-0.1216278076
0.0000000000
0.0000000000
0.2432556152
0.1216278076
0.2432556152
0.0000000000
0.0000000000
0.0000000000
-0.1029205322
0.4116668701
0.0000000000
-0.1029205322
-0.6174926758
0.2058258057
0.0000000000
-0.0791168213
0.9494018555
-0.1780090332
0.1780090332
-0.0197753906
0.0197753906
-0.0395660400
0.1186828613
0.0876159668
0.0350494385
-0.4030151367
0.8410644531
0.0525665283
0.1226501465
0.0700836182
-0.2978820801
0.1214752197
-0.1214752197
-0.4859008789
0.3036804199
-0.2429504395
0.3644256592
0.4859008789
0.3036804199
0.2995758057
-0.2995758057
-0.1497955322
0.0898742676
0.3594970703
0.7189941406
-0.2396697998
0.2396697998
-0.1588287354
0.3176422119
-0.2117614746
-0.2647094727
-0.3705902100
0.5823516846
-0.1058807373
0.4235229492
0.1681976318
-0.0840911865
-0.1681976318
0.1681976318
-0.2522888184
0.0000000000
-0.1681976318
-0.7568817139
0.9611358643
-0.0505828857
0.0168609619
0.0505828857
-0.1686248779
-0.0168609619
-0.1686248779
0.0674438477
-0.0696868896
0.0870971680
0.9581451416
-0.1045227051
0.0696868896
0.2090454102
0.0000000000
-0.0174255371
-0.7351837158
0.1225280762
0.2450561523
0.2450561523
0.4492797852
0.0408477783
-0.0816802979
0.2450561523
-0.0756530762
-0.0189056396
0.0945587158
0.0378265381
0.0189056396
0.0567321777
-0.9833984375
0.0378265381
-0.5258026123
-0.2336883545
-0.7010650635
0.0584259033
-0.1752624512
0.0584259033
-0.1168518066
0.1168518066
-0.1141357422
0.9701538086
-0.0285339355
-0.0285339355
0.0570678711
-0.1141357422
0.0285339355
-0.0285339355
0.1796875000
0.0898437500
-0.0898437500
-0.2695465088
0.0000000000
0.2695465088
0.0898437500
-0.7187805176
-0.0884704590
0.4423675537
0.2654266357
0.4423675537
-0.1769409180
0.4423675537
-0.1769409180
0.0000000000
0.4369049072
0.4733276367
0.4369049072
0.2912750244
0.0728149414
0.4369049072
-0.0728149414
0.2548675537
0.7268066406
-0.1912689209
0.0765075684
-0.2677764893
0.0000000000
-0.5355377197
0.0000000000
0.1530151367
-0.1196746826
-0.1196746826
-0.3590087891
0.0000000000
-0.3590087891
0.1196746826
-0.2393341064
0.2393341064
0.8041992188
-0.0309295654
-0.1546478271
-0.1855773926
-0.4948883057
-0.0309295654
-0.0927886963
0.0927886963
0.0000000000
0.1661834717
0.8309326172
0.2769775391
0.1107940674
-0.2769775391
0.0553894043
0.1107940674
0.1064758301
0.1064758301
0.0000000000
0.1064758301
0.0000000000
0.1064758301
0.1064758301
0.0000000000
0.0000000000
0.0358734131
0.1076049805
-0.9683990479
0.0000000000
0.0717315674
0.0358734131
0.0358734131
-0.0545959473
0.9827728271
-0.0182037354
-0.0182037354
-0.0910034180
0.0182037354
-0.0545959473
0.0910034180
-0.4559020996
0.5572052002
0.1013031006
0.4559020996
0.1013031006
-0.2532806396
0.2532806396
0.2026214600
0.2507476807
0.2149200439
0.7880554199
0.1791076660
0.1432800293
-0.2865600586
0.1074676514
-0.2865600586
-0.0608520508
0.1217041016
0.0608520508
-0.1825408936
-0.6693420410
-0.5476379395
-0.1217041016
-0.2433929443
-0.0304260254
0.0304260254
0.0912780762
0.9736175537
0.0000000000
-0.0912780762
0.0608520508
0.0000000000
-0.0282897949
0.9053802490
0.0848846436
0.2263488770
-0.2546386719
-0.0565795898
0.0848846436
0.1414642334
0.1982116699
0.2973175049
0.7267913818
0.0330352783
-0.1982116699
0.3303527832
-0.3633880615
-0.1651763916
-0.1783294678
-0.8321838379
0.0000000000
-0.2377624512
0.0000000000
-0.1783294678
-0.1188812256
0.2377624512
0.6291656494
0.0000000000
-0.2097167969
-0.3670196533
0.3145904541
-0.3670196533
-0.0524291992
0.3145904541
0.1064758301
0.0000000000
0.0000000000
0.1064758301
0.0000000000
-0.1064758301
-0.1064758301
0.1064758301
0.0000000000
0.1153869629
0.4615325928
0.1153869629
0.0000000000
-0.4615325928
0.1153869629
-0.1153869629
-0.0194854736
0.9740295410
-0.1363677979
0.0973968506
-0.0194854736
-0.0194854736
-0.0194854736
0.0973968506
-0.0210876465
0.0632629395
-0.3584594727
0.8645324707
0.0000000000
0.2108612061
0.0843505859
-0.2319488525
0.1390380859
-0.0463409424
-0.0463409424
-0.0926818848
-0.6024780273
0.6488189697
0.3244171143
-0.0926818848
0.2261199951
-0.2261199951
-0.0969085693
-0.0646057129
0.5814666748
0.6137695312
-0.0969085693
0.3553466797
0.0000000000
-0.1316223145
-0.2632446289
-0.4387359619
-0.0438690186
0.7019653320
-0.0877532959
0.3948516846
0.1199951172
0.1199951172
0.1199951172
0.0000000000
-0.1199951172
0.2400054932
-0.1199951172
0.0000000000
0.9615325928
-0.1232757568
-0.0246582031
0.0000000000
-0.1232757568
-0.0493164062
-0.1479339600
0.0246582031
0.0236053467
0.0236053467
0.9207305908
-0.0708312988
0.0708312988
0.3305206299
-0.0708312988
-0.0944366455
-0.6149902344
0.2050018311
0.1537475586
0.3587493896
0.5124969482
0.0512542725
-0.1024932861
0.2562408447
-0.0901641846
0.0000000000
0.0601043701
0.0601043701
0.1502685547
0.0901641846
-0.9616699219
0.0000000000
-0.4136047363
-0.1378631592
-0.7582702637
-0.1378631592
-0.0689392090
0.0689392090
-0.0689392090
0.2068023682
0.0330505371
0.9585571289
-0.0991668701
0.0991668701
0.0991668701
-0.0661010742
-0.0330505371
-0.0991668701
0.1237182617
0.0000000000
0.0000000000
-0.1237182617
0.0000000000
0.1237182617
0.0000000000
-0.3711547852
0.0000000000
0.3338165283
0.2670593262
0.4005889893
-0.2002868652
0.6676483154
0.0667572021
-0.1335296631
0.4714050293
0.3856964111
0.3428344727
0.3856964111
0.2571258545
0.3428344727
-0.1714172363
0.2999877930
0.6460571289
-0.0461425781
0.2768859863
-0.2307281494
-0.0461425781
-0.5537567139
-0.2307281494
0.1384429932
-0.1249389648
-0.1249389648
-0.2498626709
0.0000000000
-0.2498626709
0.0000000000
-0.1249389648
0.2498626709
0.6848449707
0.0326080322
-0.2282867432
0.0000000000
-0.6522369385
0.0000000000
-0.1304473877
-0.0326080322
0.1681976318
0.0000000000
0.7568817139
0.3363952637
0.0840911865
-0.1681976318
0.0840911865
0.0000000000
0.0000000000
0.0911560059
0.0000000000
0.0000000000
0.0911560059
0.0000000000
0.0000000000
-0.0911560059
0.0692443848
0.0000000000
0.1038665771
-0.9693756104
-0.0346221924
0.0692443848
0.0000000000
0.0000000000
-0.0426177979
0.9802551270
-0.0852355957
0.0000000000
-0.0852355957
0.0000000000
-0.0639343262
0.0639343262
-0.5099029541
0.5948791504
0.1699676514
0.2549438477
0.1699676514
-0.0849761963
0.0849761963
0.0000000000
0.2193603516
0.2193603516
0.8335876465
-0.0438690186
0.1754913330
-0.1316223145
-0.0438690186
-0.3071136475
0.0000000000
0.2099609375
0.2099609375
-0.4199066162
-0.2099609375
-0.4199066162
0.1049804688
-0.3149414062
0.0000000000
-0.0458374023
0.0458374023
0.9854125977
-0.0687561035
-0.0229187012
0.0229187012
0.0458374023
0.0223388672
0.9379425049
0.0446624756
0.2009887695
-0.1786499023
-0.0670013428
0.1116638184
0.1116638184
0.1176452637
0.5294189453
0.5294189453
0.1764678955
-0.4705810547
0.1764678955
-0.1176452637
-0.1176452637
-0.0745849609
-0.8204498291
-0.0745849609
-0.2983398438
0.0745849609
-0.0745849609
-0.1491699219
0.0745849609
0.7073669434
0.0505218506
-0.1515808105
-0.3536834717
0.3031616211
-0.3031616211
-0.2021026611
0.2021026611
0.1228332520
0.0000000000
0.1228332520
0.0000000000
0.0000000000
-0.1228332520
-0.2456817627
0.2456817627
-0.2495727539
0.2495727539
0.0000000000
0.2495727539
0.1247863770
0.0000000000
-0.2495727539
0.1247863770
0.0229034424
0.9848937988
-0.0229034424
-0.0229034424
-0.0687103271
-0.0458068848
0.0000000000
0.0687103271
-0.1462860107
0.0877685547
-0.2340545654
0.9069824219
-0.0292510986
0.1755523682
-0.0585174561
-0.1755371094
0.0806121826
-0.0403137207
0.2821655273
-0.0806121826
-0.7255706787
0.5240173340
0.1612396240
-0.1612396240
0.2033996582
-0.1525573730
-0.1016998291
0.0000000000
0.7119140625
0.5085144043
-0.1016998291
0.2542572021
0.1024932861
-0.2562408447
-0.1024932861
-0.3587493896
0.3074951172
0.7174835205
-0.1537475586
0.2562408447
0.1237182617
0.1237182617
-0.1237182617
-0.2474365234
0.0000000000
0.1237182617
0.0000000000
0.2474365234
0.9500885010
-0.0380096436
-0.1520080566
0.0380096436
-0.0760040283
0.0000000000
-0.1140136719
-0.0760040283
0.0578308105
0.0000000000
0.8963012695
0.0000000000
-0.1445617676
0.3758697510
0.0289154053
-0.0578308105
-0.4398803711
0.3299102783
0.2199401855
0.1099700928
0.3299102783
-0.1099700928
0.2199401855
0.1099700928
-0.0332489014
0.0332489014
0.0332489014
0.0665130615
0.1330108643
0.0665130615
-0.9643707275
-0.0665130615
-0.2262573242
0.1508331299
-0.7541961670
0.0000000000
0.0000000000
0.3016815186
-0.2262573242
0.1508331299
0.0000000000
0.9705200195
-0.1252288818
0.0313110352
0.0626220703
0.0626220703
-0.0313110352
0.0313110352
0.1064758301
-0.1064758301
0.0000000000
0.0000000000
-0.1064758301
-0.1064758301
0.0000000000
-0.1064758301
-0.0971679688
0.2429199219
0.3400878906
0.2915039062
-0.2915039062
0.7287597656
0.1943359375
0.0000000000
0.4951019287
0.3713226318
0.2888031006
0.4951019287
0.3713226318
0.2475433350
-0.0825195312
0.1650390625
0.4665832520
0.0000000000
0.4082641602
-0.2332916260
0.0000000000
-0.4665832520
-0.4665832520
0.1166534424
0.0000000000
0.0000000000
0.0000000000
0.0000000000
0.0000000000
0.0000000000
0.0000000000
0.0588226318
0.5486907959
0.0731658936
-0.3292083740
0.0000000000
-0.7315826416
0.0365753174
-0.0731658936
0.0000000000
0.2275390625
0.0758514404
0.7584686279
0.3033905029
0.2275390625
0.0758514404
0.1516876221
0.0000000000
0.0000000000
0.0000000000
0.1113433838
-0.1113433838
0.2226867676
0.0000000000
0.0000000000
0.0000000000
0.0245666504
0.0000000000
0.0491333008
-0.9826049805
-0.0982666016
0.0491333008
0.0000000000
0.0000000000
-0.0603485107
0.9656066895
-0.0905303955
-0.0603485107
-0.0603485107
-0.1206970215
-0.0603485107
0.0301818848
-0.1250000000
0.0000000000
-0.1250000000
-0.2500000000
-0.1250000000
0.1250000000
-0.2500000000
-0.2500000000
0.0000000000
0.2871398926
0.8135681152
-0.0957183838
0.1435699463
-0.0478515625
-0.0478515625
-0.3828582764
0.1088256836
0.2176361084
0.1088256836
-0.4352722168
0.3264617920
0.0000000000
0.0000000000
-0.4352722168
0.0159301758
-0.0318450928
0.0796203613
0.9873504639
-0.0637054443
-0.0159301758
-0.0318450928
0.0637054443
0.0460205078
0.9205474854
-0.0230102539
0.2071228027
-0.2071228027
-0.0460205078
0.1610870361
0.1380767822
0.0920257568
0.5521545410
0.2760772705
0.1840515137
-0.4601287842
0.1840515137
0.0000000000
0.1840515137
-0.2211151123
-0.6633300781
0.0000000000
-0.1105499268
0.1105499268
0.0000000000
-0.1105499268
-0.1105499268
0.8671569824
0.0825805664
0.0000000000
-0.2064666748
0.1651763916
-0.1651763916
-0.2477569580
0.1651763916
-0.1249389648
0.2498626709
0.0000000000
0.2498626709
-0.1249389648
-0.2498626709
0.0000000000
0.1249389648
0.1508331299
-0.6033630371
0.3016815186
-0.1508331299
-0.2262573242
-0.4525146484
0.2262573242
0.0000000000
-0.2808074951
0.8985748291
-0.1123199463
0.1403961182
0.0280761719
-0.1403961182
-0.0842437744
0.1684875488
0.1293029785
0.0000000000
-0.5172271729
0.5172271729
0.2068939209
0.0775909424
-0.2327575684
-0.5689544678
-0.1026306152
0.1026306152
-0.4105377197
0.2052612305
0.4105377197
-0.2565765381
0.6671142578
0.0513153076
0.2916107178
-0.4665832520
-0.2916107178
0.0583190918
0.0000000000
0.0583190918
-0.5249023438
0.4665832520
0.1403503418
0.5262908936
0.0000000000
0.0701751709
-0.8069763184
-0.0350799561
0.0701751709
0.0350799561
0.3247528076
-0.0463867188
-0.2783660889
0.2319641113
-0.1855773926
0.1855773926
-0.3711547852
-0.6959075928
0.8134307861
0.0000000000
-0.2440338135
0.0813446045
-0.1626892090
0.2711486816
-0.2982635498
-0.2440338135
0.1262054443
-0.1081848145
0.9375762939
0.2343902588
-0.0721282959
-0.1081848145
-0.0540924072
0.0901489258
-0.5742797852
-0.4307098389
0.0957183838
0.0000000000
0.3349914551
0.2871398926
-0.4307098389
0.1435699463
0.0951843262
-0.0761566162
-0.1713409424
0.0190429688
0.1522979736
-0.0380706787
-0.9518890381
0.1142272949
0.0000000000
-0.0871582031
0.7844238281
0.0000000000
0.1743164062
0.0871582031
0.2614746094
0.0871582031
0.0145111084
0.9864349365
-0.0725250244
0.0580291748
-0.0725250244
-0.0290069580
-0.0435180664
0.0580291748
0.2558593750
0.1705627441
-0.1705627441
-0.1705627441
0.0852813721
0.0852813721
-0.3411407471
-0.6822814941
0.0000000000
0.2405242920
0.1202545166
0.2405242920
0.0000000000
-0.1202545166
-0.3607788086
0.3607788086
0.2720031738
0.3626708984
0.6346893311
0.0906677246
-0.0453338623
0.3626708984
-0.2266693115
0.3626708984
0.1184692383
-0.0592346191
-0.5330963135
-0.3553924561
0.0000000000
-0.5330963135
0.0000000000
0.4146270752
-0.0894927979
0.2684936523
-0.6264953613
-0.2684936523
-0.3579864502
0.0894927979
-0.0894927979
0.1790008545
0.8038177490
-0.1654968262
-0.1182098389
-0.3309783936
-0.3782653809
0.1182098389
0.1654968262
0.0236358643
-0.0358886719
0.2153472900
0.7895812988
0.2512359619
-0.3589019775
-0.1435546875
0.1076660156
0.2512359619
-0.1234283447
-0.3703002930
0.0000000000
0.3703002930
0.0000000000
0.1234283447
0.1234283447
0.1234283447
-0.0645141602
-0.1290283203
-0.1290283203
-0.8387298584
0.0000000000
0.2580718994
-0.1290283203
-0.1935577393
-0.1477813721
0.9359283447
0.1477813721
-0.0820922852
0.1970367432
0.0820922852
-0.0985260010
0.0985260010
-0.4135284424
0.2862854004
-0.0636138916
0.5089569092
0.3817138672
-0.3180999756
0.2862854004
0.3499145508
-0.1150054932
-0.4600524902
-0.5750579834
0.0000000000
-0.1150054932
-0.0766754150
0.0383300781
0.6133880615
0.1124725342
0.1499786377
-0.0749816895
-0.0374908447
0.2624511719
-0.5249023438
0.0749816895
-0.7498626709
0.0206604004
-0.1032714844
-0.0413055420
0.9707489014
0.0000000000
0.1239318848
-0.1239318848
0.0206604004
-0.3828887939
0.7657623291
-0.0638122559
-0.1276245117
-0.0319061279
-0.4147949219
0.1914367676
-0.0638122559
0.5466003418
0.1607666016
0.0321502686
-0.4179992676
-0.0964660645
0.5466003418
-0.0964660645
0.3858337402
0.0000000000
-0.8286895752
-0.1242980957
-0.0414276123
0.0414276123
-0.4557800293
0.1242980957
0.1242980957
0.8455352783
0.2113800049
-0.0845489502
-0.0845489502
0.1691131592
0.0845489502
-0.2113800049
0.2959442139
-0.1243286133
0.3729858398
0.0000000000
0.1243286133
0.0000000000
-0.1243286133
-0.1243286133
0.0000000000
0.0678253174
-0.5425872803
0.4747619629
0.0000000000
-0.2712860107
-0.4747619629
0.1356506348
-0.0678253174
-0.4244384766
0.7427673340
-0.2829589844
0.1768493652
0.0707397461
-0.0707397461
-0.2122192383
0.2475891113
0.1318817139
0.0376892090
-0.5463867188
0.6405944824
0.1318817139
0.0188446045
-0.0565185547
-0.4898681641
-0.1291656494
0.0861053467
-0.2152709961
0.2152709961
0.6027374268
-0.4305267334
0.5166320801
0.0861053467
0.3539886475
-0.4719848633
-0.1966552734
0.1179962158
0.2753295898
0.4719848633
-0.3539886475
0.3539886475
0.1468048096
0.5872344971
0.0734100342
-0.0734100342
-0.7340393066
0.1835174561
0.0366973877
0.0734100342
0.2851867676
0.0814819336
-0.4889068604
0.3259277344
0.1629638672
0.0814819336
-0.3259277344
-0.6111297607
0.8789215088
-0.0199737549
-0.0798950195
0.0199737549
-0.1997528076
0.1997528076
-0.3196105957
-0.1598052979
-0.0325164795
-0.0162658691
0.9756317139
0.1626129150
-0.0650482178
-0.0650482178
-0.0325164795
0.0487823486
-0.7989807129
-0.2663269043
0.1331634521
-0.0887756348
0.3107147217
0.1775512695
-0.2663269043
0.0443878174
-0.0444183350
0.0296173096
0.0148010254
0.0296173096
0.0444183350
-0.0444183350
-0.9920654297
0.0296173096
-0.2845764160
-0.0711517334
0.0711517334
-0.4268798828
-0.4980163574
0.0000000000
0.4268798828
0.3557281494
-0.0477447510
0.9906158447
-0.0477447510
-0.0596771240
-0.0358123779
-0.0596771240
0.0238647461
0.0238647461
0.0894927979
0.1790008545
-0.2684936523
0.0000000000
0.1790008545
0.1790008545
-0.1790008545
-0.7159881592
-0.1743164062
0.6101074219
0.2614746094
0.4357910156
-0.1743164062
0.1743164062
-0.0871582031
0.0871582031
0.2575988770
0.3434753418
0.6010742188
0.1287994385
-0.1717376709
0.4722747803
-0.3434753418
0.0858612061
0.5954895020
-0.3206481934
-0.3206481934
-0.2748413086
0.0916137695
-0.4580688477
0.0458068848
0.2748413086
-0.0596466064
0.2386016846
-0.8947753906
0.0596466064
-0.1193084717
-0.0596466064
0.0000000000
0.0000000000
0.6771240234
-0.0410308838
-0.0410308838
-0.6566162109
-0.2872619629
-0.0205230713
0.0000000000
0.1026000977
-0.0690307617
0.1725921631
0.8974456787
0.2071075439
-0.1725921631
-0.2071075439
0.0690307617
0.0345153809
0.0000000000
-0.1113433838
0.0000000000
0.2226867676
-0.1113433838
0.0000000000
0.0000000000
0.0000000000
-0.1195220947
-0.1792755127
-0.1195220947
-0.7768554688
-0.3585510254
0.2390289307
0.1792755127
0.0000000000
-0.1211853027
0.9560546875
0.1077270508
-0.0269317627
0.1885223389
0.0673217773
-0.0807952881
0.0807952881
-0.4382934570
0.3506469727
0.0584411621
0.5259552002
0.2922058105
-0.2922058105
0.3214263916
0.3214263916
0.0000000000
-0.2912292480
0.2912292480
0.3640289307
-0.2184143066
-0.2184143066
0.2912292480
0.5824584961
0.0895690918
0.0895690918
0.0000000000
-0.0895690918
0.0000000000
-0.6717987061
0.0895690918
-0.6717987061
0.0228729248
-0.0228729248
0.0686187744
0.9836120605
0.0228729248
0.0228729248
-0.0914916992
0.0228729248
-0.1079406738
0.9355468750
0.0000000000
-0.0719604492
-0.1079406738
-0.1439361572
0.1799163818
0.0359802246
0.5932617188
0.3235931396
0.3505554199
-0.2696685791
-0.1078643799
0.4853973389
-0.2426910400
0.1348266602
-0.0317687988
-0.8893280029
-0.1588134766
-0.0635223389
0.0635223389
-0.3493804932
0.0635223389
0.1270446777
0.7916259766
0.2878570557
-0.0359802246
0.0719604492
0.1799163818
0.1799163818
-0.1439361572
0.3958129883
-0.1245422363
0.2490844727
0.0000000000
0.2490844727
0.2490844727
0.1245422363
-0.2490844727
-0.1245422363
0.0000000000
-0.5005340576
0.5005340576
0.0715026855
-0.2145080566
-0.5005340576
0.0715026855
-0.1430053711
-0.3244171143
0.7299499512
-0.3784942627
0.2162780762
-0.0270385742
0.0000000000
-0.2433166504
0.2973785400
0.1278991699
0.0159912109
-0.5276031494
0.7034759521
0.1119232178
0.0639495850
0.1119232178
-0.4156951904
-0.2527618408
0.1263732910
-0.1263732910
0.3370208740
0.5897827148
-0.3791351318
0.4212646484
0.2527618408
0.3668060303
-0.2751007080
-0.0917053223
0.0305633545
0.3362426758
0.7336120605
-0.2751007080
0.1528320312
0.0353240967
0.5298919678
0.0353240967
-0.1412963867
-0.5652160645
0.5298919678
-0.1059722900
0.2119598389
0.1519622803
0.0506591797
-0.5572052002
0.2532806396
0.2026214600
0.0000000000
-0.2026214600
-0.6585235596
0.9127349854
-0.0629425049
0.0629425049
0.0629425049
-0.2045745850
0.0786895752
-0.3147277832
0.0000000000
-0.1074218750
0.0358123779
0.9846496582
0.0358123779
-0.0537109375
-0.0537109375
-0.0178985596
0.0000000000
-0.9094696045
-0.0757904053
0.1136779785
-0.1136779785
0.3031616211
0.0000000000
-0.0378875732
-0.0378875732
-0.0971527100
0.0277557373
0.0416412354
-0.0555114746
0.0000000000
-0.0693969727
-0.9853515625
0.0555114746
-0.5816345215
-0.0484771729
-0.2423553467
-0.3392944336
-0.5331726074
-0.0484771729
0.1938781738
0.2908172607
-0.0615692139
0.9851989746
-0.0615692139
-0.0615692139
-0.0307922363
-0.0923614502
0.0307922363
0.0000000000
0.1928405762
0.0964202881
-0.1928405762
-0.2892761230
0.0964202881
0.1928405762
0.0000000000
-0.6749725342
-0.1123504639
0.4494018555
0.1685180664
0.5055694580
-0.2808685303
0.5055694580
0.2247009277
-0.1123504639
0.3536682129
0.4715576172
0.5010375977
0.3536682129
-0.1178894043
0.4420928955
-0.1768341064
0.0884246826
0.7338562012
-0.2233428955
-0.0957183838
-0.2871551514
0.0638122559
-0.4786071777
0.0638122559
0.2233428955
-0.0519409180
0.1038665771
-0.9348144531
0.1038665771
-0.1038665771
-0.0519409180
0.0000000000
0.0000000000
0.6297302246
0.0000000000
-0.0185241699
-0.6667633057
-0.3148651123
-0.0740814209
-0.1852111816
0.0926055908
-0.0771331787
-0.0385589600
0.8484191895
0.1542510986
-0.0385589600
-0.3856506348
-0.1156921387
-0.1928253174
0.0000000000
0.0000000000
-0.1228332520
0.1228332520
-0.1228332520
0.0000000000
-0.2456817627
-0.2456817627
-0.0605163574
0.0000000000
-0.0605163574
-0.9077301025
-0.1210327148
0.1210327148
0.1210327148
-0.0605163574
-0.0817413330
0.9809570312
0.0163421631
0.0326995850
0.0817413330
0.0817413330
-0.0326995850
0.0817413330
-0.4657440186
0.4967956543
0.1552429199
0.4967956543
0.2173461914
-0.2173461914
0.2794494629
0.2483978271
0.1114654541
0.2229309082
0.8917236328
0.1857757568
-0.0371551514
-0.1486206055
0.0743103027
-0.1857757568
0.0000000000
0.0692596436
0.2077789307
-0.1385192871
-0.4155578613
-0.7618713379
0.0000000000
-0.1385192871
-0.0531158447
0.0531158447
0.2124328613
0.9559478760
0.0265502930
0.0000000000
-0.0265502930
-0.1062164307
0.0812835693
0.9347381592
0.1625671387
-0.0812835693
-0.1219177246
0.0406341553
0.1219177246
0.0406341553
0.4178009033
0.3945922852
0.5802764893
-0.1160583496
-0.1160583496
0.4178009033
-0.3249511719
-0.0928497314
-0.0552673340
-0.9673156738
-0.0829162598
-0.0829162598
0.0276336670
-0.1381835938
0.0000000000
0.0552673340
0.7215423584
0.1898803711
-0.0759582520
0.1519012451
0.3417816162
0.0759582520
-0.0379791260
0.4936981201
0.0000000000
0.0000000000
0.0000000000
0.2474365234
0.2474365234
0.0000000000
-0.2474365234
0.0000000000
-0.0858917236
-0.2576904297
0.5153808594
0.0000000000
-0.0858917236
-0.6012725830
0.0858917236
-0.1717987061
-0.1517791748
0.8803100586
-0.2731933594
0.1214141846
-0.0607147217
0.0303497314
-0.1821289062
0.2124938965
0.1601715088
0.0000000000
-0.4093475342
0.7474975586
0.1245880127
0.1245880127
0.2313690186
-0.3915405273
0.0000000000
0.0666198730
-0.3330841064
0.3330841064
0.0666198730
0.1332397461
0.6661682129
0.3997039795
0.3081817627
-0.1797790527
-0.0770416260
-0.0256805420
0.5393218994
0.6677246094
-0.2054595947
0.2568206787
0.0000000000
0.2260131836
-0.1291503906
-0.2260131836
-0.3228759766
0.7748870850
-0.1291503906
0.3551635742
0.0000000000
0.0000000000
0.0000000000
0.1202545166
0.1202545166
0.0000000000
-0.1202545166
-0.6013031006
0.9254913330
-0.1411743164
0.0627441406
0.0627441406
-0.1568603516
0.0000000000
-0.2666625977
0.1098022461
-0.0402069092
0.0000000000
0.9851074219
-0.0201110840
-0.0201110840
0.1005249023
-0.0201110840
-0.0603179932
-0.8703155518
0.0000000000
0.1513671875
0.0756835938
0.3784027100
0.1135253906
-0.0756835938
0.0756835938
-0.0497131348
0.0165710449
0.0165710449
-0.1159973145
0.0331420898
-0.0662841797
-0.9776306152
0.1159973145
-0.7276000977
0.0000000000
-0.5002288818
-0.2728424072
-0.2273712158
-0.0909423828
0.0000000000
0.1364288330
0.0240936279
0.9638824463
-0.1927795410
0.0481872559
-0.0481872559
-0.0481872559
-0.0722961426
-0.0481872559
0.1238555908
0.0000000000
0.0000000000
-0.3715667725
0.0000000000
0.1238555908
-0.1238555908
-0.3715667725
-0.1221313477
0.4477844238
0.0814208984
0.3663787842
-0.2035369873
0.6106262207
0.3663787842
-0.2035369873
0.4536590576
0.4234161377
0.4536590576
0.3629302979
0.0302429199
0.4234161377
-0.1512145996
0.2117156982
0.7061157227
-0.1176910400
0.0588378906
-0.2648010254
-0.0294189453
-0.5884246826
-0.0882720947
0.1765289307
0.0000000000
0.0000000000
-0.8464202881
0.1539001465
-0.0769500732
-0.1539001465
0.0769500732
0.1539001465
0.6543884277
0.0000000000
-0.0396575928
-0.5155792236
-0.4560852051
-0.0793151855
-0.2776184082
0.0198364258
0.0000000000
-0.2999877930
0.6428222656
0.2571258545
0.0857086182
-0.2999877930
-0.4285430908
-0.2999877930
0.0000000000
0.1150360107
-0.1150360107
0.0000000000
-0.1150360107
0.0000000000
0.0000000000
-0.2300720215
0.0000000000
-0.0546417236
-0.0546417236
-0.9290161133
0.1639404297
-0.0546417236
0.0000000000
-0.0546417236
0.0181427002
0.9618682861
-0.1270446777
0.1451873779
-0.1088867188
0.1088867188
0.0544433594
0.0000000000
-0.4572448730
0.5627593994
0.2110290527
0.4572448730
0.2110290527
-0.1758575439
0.2462158203
0.2110290527
0.1476898193
0.2953643799
0.8270263672
0.1476898193
-0.0295410156
-0.0886077881
0.0295410156
-0.3839721680
0.2549438477
0.0000000000
0.2549438477
-0.5099029541
-0.0849761963
-0.5099029541
0.1699676514
0.2549438477
-0.1875610352
0.0937805176
0.2500915527
0.8753204346
-0.0937805176
0.0937805176
0.1250457764
-0.2500915527
-0.1371765137
0.9259185791
0.2400512695
-0.0685882568
-0.1371765137
0.0000000000
0.0685882568
0.0000000000
0.2892456055
0.5206604004
0.6074218750
0.0000000000
-0.2892456055
0.2603302002
-0.2603302002
-0.1735534668
-0.1157989502
-0.9553375244
0.0000000000
-0.1157989502
0.0578918457
-0.1157989502
0.0578918457
-0.1157989502
0.7596282959
-0.0843963623
-0.1266021729
0.0000000000
0.3376159668
-0.3376159668
0.0000000000
0.3376159668
0.1113433838
0.1113433838
0.0000000000
0.1113433838
0.0000000000
-0.1113433838
-0.1113433838
0.1113433838
-0.1082458496
0.1082458496
0.3247528076
0.0000000000
0.0000000000
-0.6495208740
0.0000000000
-0.1082458496
0.0306854248
0.9511413574
-0.0920410156
0.0306854248
-0.0920410156
-0.0613708496
-0.0920410156
0.1840972900
0.1280975342
-0.0182952881
-0.3659973145
0.8235015869
0.0549011230
0.1280975342
0.2561950684
-0.2745056152
0.2328948975
-0.0582275391
0.0000000000
0.0000000000
-0.4657897949
0.5822448730
0.5240173340
0.0000000000
0.2083435059
-0.1620483398
-0.1157379150
-0.1620483398
0.6481628418
0.5787200928
-0.1157379150
0.3240814209
-0.0351715088
-0.2813873291
-0.2110290527
-0.3165588379
0.1055145264
0.7738037109
-0.0351715088
0.3517303467
0.1825714111
0.0912780762
0.6389770508
-0.0912780762
0.1825714111
0.0912780762
0.3651275635
0.2738494873
0.9645538330
-0.1350402832
-0.0385894775
0.0192871094
-0.0771636963
0.0000000000
-0.1736145020
0.0385894775
-0.0215759277
-0.0431671143
0.9495697021
0.0000000000
-0.0431671143
0.2373962402
0.0000000000
-0.1510620117
-0.7024688721
0.0638580322
0.1277160645
0.2554473877
0.5108795166
0.0638580322
-0.0638580322
0.1277160645
-0.0800018311
0.0200042725
0.0399932861
-0.0200042725
0.1199951172
0.0000000000
-0.9799804688
0.0599975586
-0.5346679688
0.0534667969
-0.7485351562
-0.1604003906
0.0000000000
0.0534667969
0.0534667969
0.1604003906
0.0821380615
0.9308319092
-0.3011474609
0.0273742676
0.0547485352
-0.0273742676
-0.0273742676
-0.0821380615
0.0911560059
0.0000000000
0.0000000000
-0.0911560059
0.0000000000
0.0000000000
-0.0911560059
0.0000000000
-0.0741119385
0.4816894531
0.1482086182
0.2223205566
-0.1852722168
0.7040100098
0.2593688965
-0.2223205566
0.5073852539
0.3624114990
0.2899322510
0.3624114990
0.1812133789
0.4349060059
-0.2174530029
0.2899322510
0.6203918457
-0.0310211182
0.1861114502
-0.2481536865
-0.0930633545
-0.6203918457
-0.2791748047
0.1240844727
0.0000000000
0.0000000000
-0.6042022705
0.0000000000
0.0000000000
0.1208343506
0.0000000000
-0.1208343506
0.5811767578
0.0252685547
-0.2021484375
-0.2779541016
-0.6822509766
0.0000000000
-0.2274169922
-0.0758056641
0.0552215576
-0.4418182373
0.2209014893
0.4418182373
0.1104583740
-0.1656799316
-0.6074981689
-0.2209014893
-0.1178436279
0.1178436279
0.1178436279
0.0000000000
0.0000000000
0.0000000000
0.2357025146
-0.1178436279
0.0835113525
-0.0417633057
0.0417633057
-0.9604492188
0.0000000000
-0.0417633057
0.0417633057
-0.0835113525
0.0392303467
0.9613189697
-0.1373291016
0.1569519043
-0.0784759521
0.0784759521
0.0784759521
0.0000000000
-0.4726104736
0.6076354980
0.2700653076
0.3375854492
0.1350250244
-0.2025451660
0.0675201416
0.0675201416
0.1647338867
0.2965087891
0.8236541748
0.0988311768
0.0000000000
-0.0658874512
0.0329437256
-0.3953552246
0.2879943848
-0.0959930420
0.1920013428
-0.6719970703
0.1920013428
-0.0959930420
0.0959930420
0.1920013428
-0.2410736084
0.1205291748
0.3013458252
0.8437500000
-0.2109375000
0.0602722168
0.1205291748
-0.1808013916
-0.1759948730
0.9386444092
0.1173248291
0.0000000000
-0.1759948730
0.0293273926
0.1173248291
0.0293273926
0.1136779785
0.5305175781
0.6820983887
0.1136779785
-0.3410491943
0.1894683838
-0.1515808105
-0.0757904053
-0.0691528320
-0.9336395264
0.0000000000
-0.0345764160
0.1037445068
-0.1383209229
0.1037445068
-0.2074737549
0.8811035156
-0.1149291992
0.0000000000
-0.0383148193
0.2681579590
-0.2298583984
-0.1149291992
0.1532287598
0.0000000000
0.0000000000
0.0000000000
0.0000000000
0.0000000000
0.0000000000
0.0000000000
0.0000000000
-0.1178436279
0.1178436279
-0.1178436279
0.1178436279
0.0000000000
-0.2357025146
0.0000000000
0.0000000000
0.0898284912
0.9582214355
0.0000000000
-0.0299377441
-0.0299377441
-0.1197814941
-0.1197814941
0.1197814941
0.0460968018
0.0230560303
-0.2765960693
0.9220123291
0.0000000000
0.0921936035
0.1383056641
-0.1613464355
0.0468444824
-0.0937042236
0.2810974121
-0.0468444824
-0.6090393066
0.5621948242
0.3748016357
-0.0937042236
0.1436157227
-0.1436157227
-0.1148834229
-0.1148834229
0.6605987549
0.6318817139
-0.1723327637
0.2010498047
-0.0879211426
-0.5714416504
-0.2637481689
-0.1758270264
0.3956146240
0.5714416504
-0.0439605713
0.1318664551
0.3230743408
0.0000000000
0.5384674072
-0.1076965332
0.0000000000
0.1076965332
0.2153778076
0.3230743408
0.9577941895
-0.0897979736
-0.1795806885
0.0299377441
0.0299377441
0.0000000000
-0.0897979736
-0.0598602295
0.0000000000
-0.1121673584
0.8973236084
0.0448608398
-0.0897369385
0.3365020752
0.0448608398
-0.2019042969
-0.1199951172
0.0000000000
0.1199951172
-0.1199951172
0.2400054932
0.1199951172
0.0000000000
-0.1199951172
-0.0754394531
-0.0251464844
0.1006011963
0.1508941650
0.1257476807
0.0754394531
-0.9556427002
-0.0754394531
-0.2728424072
0.1636962891
-0.7639465332
0.0000000000
0.1091308594
0.4365386963
-0.1091308594
0.0545654297
0.0873260498
0.9314727783
-0.2910766602
0.0582122803
0.0873260498
-0.0291137695
-0.0291137695
0.0000000000
0.0000000000
0.0000000000
-0.0785675049
0.0000000000
-0.0785675049
0.0000000000
0.0000000000
0.0000000000
-0.0809478760
0.2833251953
0.3237915039
0.2023773193
-0.2023773193
0.7690124512
0.2833251953
-0.0404815674
0.5439605713
0.3885345459
0.2331237793
0.3885345459
0.2719726562
0.3496856689
-0.0777130127
0.3108367920
0.5961456299
0.0000000000
0.2554931641
-0.2129058838
-0.0425872803
-0.5961456299
-0.3406524658
0.0425872803
0.1064758301
0.0000000000
-0.2129516602
0.0000000000
0.0000000000
0.0000000000
0.0000000000
0.0000000000
0.4980010986
0.0311279297
-0.3112487793
-0.0933685303
-0.7781219482
0.0622558594
-0.0311279297
-0.0622558594
0.1976928711
-0.2635803223
-0.1976928711
0.5930633545
0.3294830322
-0.1317901611
-0.4612731934
-0.1317901611
-0.1064758301
0.0000000000
0.1064758301
0.0000000000
0.0000000000
0.1064758301
0.1064758301
0.1064758301
0.0266113281
-0.0266113281
0.0532226562
-0.9845886230
-0.0532226562
0.0000000000
0.0266113281
0.0000000000
-0.0603485107
0.9656066895
-0.0603485107
0.1206970215
-0.0301818848
0.0000000000
0.1206970215
0.0301818848
-0.2474365234
0.1237182617
-0.1237182617
0.0000000000
0.0000000000
-0.1237182617
-0.2474365234
0.1237182617
0.1192016602
0.3576049805
0.7946624756
0.0000000000
0.0794677734
-0.1986694336
0.0397338867
-0.3576049805
0.2449493408
0.1224670410
0.0000000000
-0.3674163818
0.3674163818
0.0000000000
0.0000000000
-0.1224670410
-0.1440277100
0.0000000000
0.2592468262
0.9217529297
-0.1440277100
0.0288085938
0.0288085938
-0.1152191162
-0.1183471680
0.9172363281
0.0000000000
0.1183471680
-0.2367095947
0.0295867920
0.1775360107
0.1183471680
-0.0983276367
0.3933410645
0.6883392334
0.0000000000
-0.3933410645
0.2949981689
-0.1966705322
0.0491638184
0.0000000000
-0.8691253662
0.0000000000
-0.0724334717
0.0724334717
-0.0724334717
0.0724334717
-0.2172851562
0.8707885742
-0.0435333252
0.0000000000
-0.0435333252
0.2176971436
-0.1741638184
-0.2612304688
0.1741638184
-0.2449493408
0.1224670410
0.0000000000
0.3674163818
0.1224670410
-0.2449493408
0.2449493408
0.1224670410
0.2986297607
-0.4977111816
0.3484039307
-0.1990814209
-0.2986297607
-0.3484039307
0.3484039307
-0.2986297607
-0.1347351074
0.9700775146
0.0000000000
0.0269470215
0.0808410645
-0.0538940430
0.0808410645
0.0269470215
0.0000000000
0.1113891602
-0.7425994873
0.3341674805
0.2970428467
0.1113891602
-0.1113891602
-0.4084320068
-0.2783660889
0.2783660889
-0.1391906738
0.1391906738
0.5567321777
-0.4871520996
0.2783660889
0.1391906738
0.0910491943
0.0910491943
-0.0910491943
0.2276153564
-0.2731323242
-0.8649139404
0.0000000000
-0.1820831299
0.0728607178
0.4736328125
0.1092987061
0.0364379883
-0.8379669189
0.0000000000
0.0000000000
0.1092987061
0.4875030518
0.0000000000
-0.4333343506
0.2166595459
0.1625061035
0.2166595459
-0.0541687012
-0.5958251953
0.9482879639
0.0000000000
-0.0661621094
0.0220489502
0.0441131592
0.2425842285
-0.1323242188
-0.0441131592
0.1054229736
-0.2635650635
0.8609619141
0.3514099121
-0.0351409912
-0.1757049561
-0.0702819824
0.0878601074
-0.5085144043
-0.4068145752
0.1525573730
-0.0508575439
0.4576568604
0.1525573730
-0.4576568604
0.1525573730
0.0000000000
-0.0209197998
0.0418243408
0.0418243408
-0.0836639404
-0.0836639404
-0.9829864502
0.0418243408
0.0679779053
0.0679779053
0.8157501221
0.0679779053
-0.0679779053
0.3398895264
0.2039337158
0.0679779053
0.0000000000
0.9588623047
-0.2495727539
-0.0393981934
-0.0262756348
-0.0788116455
-0.0525360107
-0.0393981934
0.0000000000
0.3590087891
-0.3590087891
0.0000000000
0.1196746826
0.0000000000
-0.1196746826
-0.3590087891
0.0000000000
0.1234283447
0.2468566895
0.2468566895
0.0000000000
-0.2468566895
0.0000000000
0.3703002930
0.3346252441
0.3718109131
0.6692504883
-0.0743560791
0.1487274170
0.2230834961
-0.3346252441
0.2602691650
-0.0652008057
-0.1955871582
-0.4563751221
-0.3911743164
-0.0652008057
-0.5867614746
-0.2607879639
0.1955871582
-0.0792999268
0.1585845947
-0.4757537842
-0.0792999268
-0.3964691162
0.0000000000
-0.2378845215
0.5550537109
0.6607208252
0.0660705566
0.0660705566
-0.5615997314
-0.3633880615
-0.0330352783
-0.2312469482
0.1321411133
-0.0961608887
0.0000000000
0.8654632568
-0.0961608887
-0.3205413818
0.0641021729
0.2884826660
-0.0961608887
0.2400054932
0.0000000000
0.1199951172
0.1199951172
0.0000000000
0.1199951172
0.1199951172
0.1199951172
0.0000000000
-0.0927886963
-0.0927886963
-0.7422637939
0.0927886963
0.2783508301
-0.0927886963
-0.1855621338
-0.0394744873
0.9475555420
0.1184387207
0.0197448730
0.2368927002
0.0987091064
-0.0394744873
0.0789642334
-0.4451141357
0.3497314453
0.0317993164
0.5086975098
0.4451141357
-0.2861480713
0.1589660645
0.2861480713
-0.1081695557
-0.3245239258
-0.2163543701
-0.2163543701
-0.2704315186
0.0000000000
-0.2163543701
0.7572174072
0.3176422119
0.0000000000
0.0529479980
-0.1588287354
0.1588287354
-0.1588287354
0.1058807373
-0.8470611572
0.0144348145
-0.0577392578
-0.1443481445
0.9815979004
0.0144348145
0.0000000000
0.0000000000
0.0721740723
-0.0284118652
0.9378204346
-0.1420898438
-0.1989288330
0.0568389893
-0.1420898438
0.0568389893
-0.0852508545
0.7881469727
0.2298736572
-0.0656738281
-0.2627105713
-0.0328369141
0.4597473145
-0.0656738281
0.0328369141
-0.0972137451
-0.9073486328
0.0648040771
0.0324096680
0.1296234131
-0.2916564941
0.0000000000
0.1620330811
0.7474670410
0.3203430176
0.0533905029
-0.4271240234
-0.2135620117
0.1067810059
0.0533905029
0.0000000000
-0.2490844727
0.1245422363
0.0000000000
0.2490844727
0.2490844727
-0.1245422363
0.2490844727
0.1245422363
0.2904815674
-0.4841308594
0.4841308594
-0.0968322754
-0.2420654297
-0.3872985840
0.1936492920
-0.3388977051
-0.1142730713
0.9713439941
-0.0857086182
-0.0285644531
0.0285644531
0.0857086182
0.0285644531
0.0000000000
0.1032409668
0.1032409668
-0.7226715088
0.4645690918
0.2064819336
-0.0516204834
0.1548614502
-0.3871459961
-0.2028808594
0.3550415039
-0.1014404297
0.0507202148
0.7100830078
-0.2536010742
0.4057617188
-0.0507202148
0.2205657959
0.2757110596
0.0551452637
0.3860015869
-0.1654357910
-0.6617126465
0.3308563232
-0.2205657959
0.1259765625
0.5038909912
0.1574707031
-0.0314941406
-0.7873229980
0.1259765625
-0.0314941406
0.1889648438
0.2554473877
-0.1277160645
-0.5747528076
0.0638580322
0.1915893555
-0.0638580322
0.0000000000
-0.6386108398
0.9366607666
0.0000000000
-0.0180053711
-0.0180053711
-0.0360260010
0.2161560059
-0.2521820068
0.0000000000
0.0000000000
-0.1944274902
0.8837280273
0.3535003662
-0.0530242920
-0.1944274902
-0.0530242920
0.0530242920
-0.7010955811
-0.3235778809
0.1078643799
-0.1078643799
0.4853668213
0.0000000000
-0.2157135010
0.0539245605
-0.0827789307
0.0331115723
0.0993347168
0.0496673584
-0.0827789307
-0.0993347168
-0.9768371582
0.0000000000
-0.0633544922
0.0000000000
0.8235321045
-0.1266937256
-0.3167419434
0.0000000000
0.2534027100
0.0633544922
0.0000000000
0.9648742676
-0.2438659668
-0.0424041748
-0.0106048584
-0.0424041748
-0.0212097168
-0.0424041748
0.1093902588
0.1093902588
-0.3281707764
0.1093902588
0.1093902588
-0.2187805176
0.2187805176
-0.5469665527
-0.1055145264
0.3165283203
0.2110137939
0.5275421143
-0.3165283203
0.2110137939
0.0000000000
0.1055145264
0.2482757568
0.3103485107
0.6827697754
0.1241455078
0.1241455078
0.3413848877
-0.4034576416
0.1862030029
0.4441070557
-0.2467346191
-0.1973876953
-0.4934539795
-0.0986938477
-0.5921478271
0.0986938477
0.0986938477
-0.1770782471
0.1770782471
-0.7673492432
0.0590209961
-0.2951354980
-0.0590209961
-0.1180572510
0.3541564941
0.5593261719
0.0932159424
0.1165313721
-0.6758575439
-0.2563629150
-0.1398315430
-0.3029632568
0.1165313721
-0.1691131592
-0.0845489502
0.8455352783
-0.0845489502
-0.2959442139
0.1268310547
0.1268310547
-0.2536621094
0.1000061035
0.1000061035
0.0000000000
0.1000061035
0.0000000000
0.1000061035
0.0000000000
0.0000000000
0.0000000000
-0.4895629883
-0.2447814941
-0.5711517334
-0.3263702393
0.0815887451
0.1631927490
0.0815887451
-0.0538482666
0.9514312744
0.0000000000
0.0718078613
0.2513275146
0.1077117920
-0.0179443359
0.0359039307
-0.5268249512
0.4338531494
0.1549530029
0.4958343506
0.3718872070
-0.1549530029
0.1549530029
0.2169342041
-0.2576904297
0.0858917236
0.0000000000
-0.0858917236
-0.5153808594
-0.2576904297
-0.2576904297
0.5153808594
0.2301635742
-0.2301635742
0.1534423828
-0.3068847656
-0.2301635742
-0.1534423828
0.1534423828
-0.6905059814
0.0000000000
-0.0471954346
0.0157318115
0.9911651611
0.0471954346
-0.0314636230
0.0000000000
0.0629272461
0.0666503906
0.9331817627
-0.0999908447
-0.1999664307
0.1333160400
0.0999908447
-0.0999908447
-0.0333251953
0.7470703125
0.3596954346
0.3043670654
-0.1106719971
-0.0830078125
0.3596954346
-0.1660156250
-0.1383514404
-0.0221710205
-0.9753417969
0.0664978027
0.0000000000
0.0443267822
-0.1329956055
-0.0221710205
0.0886688232
0.9525451660
0.1731872559
-0.0288696289
-0.0577239990
0.0577239990
0.1443176270
0.0000000000
0.0865936279
-0.1249389648
0.1249389648
-0.3748016357
0.1249389648
0.1249389648
0.0000000000
-0.1249389648
0.1249389648
0.3433380127
-0.3433380127
0.5885772705
-0.0980987549
-0.1961975098
-0.4414367676
0.0980987549
-0.2942962646
-0.1050415039
0.9453430176
-0.2100830078
0.0000000000
-0.0262603760
0.1575622559
-0.0262603760
0.0525207520
0.2131042480
-0.0426177979
-0.5753631592
0.5114288330
0.1278533936
-0.1278533936
0.3622741699
-0.4261932373
-0.3811340332
0.3430175781
0.1143341064
0.1524505615
0.7241668701
-0.0762329102
0.3430175781
0.0762329102
0.3895263672
0.2596893311
0.0649261475
0.1298370361
0.5843048096
0.2596893311
0.4544525146
-0.0649261475
0.1484222412
0.5565643311
0.1484222412
0.0000000000
-0.5936584473
0.4452514648
-0.0371093750
0.2226257324
0.1711730957
-0.2567596436
-0.4279479980
0.0000000000
0.0000000000
0.0000000000
0.0000000000
-0.6847076416
0.9403533936
-0.0587768555
0.1028442383
-0.0293884277
-0.1028442383
0.1028442383
-0.2350921631
0.1322326660
-0.0449676514
-0.1499023438
0.9144287109
0.3447875977
-0.0749511719
-0.0749511719
-0.0449676514
0.0000000000
-0.8604278564
-0.1434020996
0.0955963135
0.0000000000
0.3824157715
0.0000000000
-0.0955963135
0.0000000000
-0.0402679443
-0.0134277344
0.0536804199
-0.0939483643
0.0000000000
-0.1342010498
-0.9797058105
0.0536804199
-0.5321655273
0.1182556152
0.4730377197
-0.4139099121
-0.4139099121
-0.1182556152
0.0591278076
0.0591278076
0.0241394043
0.9536743164
-0.2655792236
0.0362091064
-0.0482940674
0.0241394043
-0.0724334717
-0.0724334717
0.1147766113
-0.2295379639
-0.2295379639
-0.2295379639
0.0000000000
-0.2295379639
0.2295379639
-0.4590759277
-0.2315216064
0.3858642578
0.2315216064
0.4630279541
-0.3858642578
0.3858642578
0.1543426514
-0.0771789551
0.2342529297
0.4099578857
0.5856475830
0.2928314209
0.0000000000
0.3806762695
-0.4099578857
0.0878448486
0.6143951416
-0.1706695557
-0.0682678223
-0.4778594971
-0.0341339111
-0.5461273193
0.1365356445
0.0682678223
-0.2108764648
0.1054382324
-0.8962554932
0.1054382324
-0.1581573486
-0.0527191162
0.0000000000
0.1054382324
0.4968261719
0.0596160889
0.1788482666
-0.6558074951
-0.2782135010
-0.1987304688
-0.3974609375
0.0000000000
-0.1570892334
-0.3141632080
0.7461547852
-0.0785369873
0.0392761230
0.0000000000
-0.2749023438
-0.4319763184
-0.1247253418
0.2494506836
0.0000000000
0.2494506836
0.0000000000
0.0000000000
-0.1247253418
-0.2494506836
-0.0972900391
-0.4864349365
-0.2918548584
-0.3891448975
-0.3891448975
0.0972900391
0.0972900391
0.0972900391
-0.0792541504
0.9709014893
-0.0594482422
0.0792541504
0.1387023926
0.0792541504
0.0396270752
0.0396270752
-0.5083770752
0.4784698486
0.2691345215
0.4485626221
0.3289489746
-0.1495208740
0.2392272949
0.1495208740
-0.3088378906
0.4323577881
0.4941253662
0.2470703125
-0.1853027344
-0.4323577881
0.0617675781
-0.2470703125
0.0894927979
-0.2684936523
0.3579864502
-0.1790008545
-0.6264953613
-0.0894927979
0.2684936523
0.0894927979
0.0000000000
-0.0871734619
0.1743621826
0.9589538574
0.0581207275
-0.0581207275
0.0871734619
-0.0290527344
0.0861053467
0.8610534668
-0.0430603027
-0.3444213867
0.0430603027
0.2583160400
0.0430603027
0.0000000000
0.6560363770
0.3148956299
0.5248260498
0.0524902344
-0.0524902344
0.3411407471
-0.1312103271
-0.1836853027
-0.0209808350
-0.9864501953
0.0839538574
-0.0209808350
0.0209808350
-0.0629577637
0.0209808350
0.0000000000
0.9785614014
0.0466003418
-0.0932006836
-0.0233001709
0.0932006836
-0.0233001709
0.0466003418
0.0466003418
-0.1250000000
0.1250000000
-0.2500000000
0.2500000000
0.1250000000
0.0000000000
-0.2500000000
0.1250000000
0.2570037842
-0.1927642822
0.5782775879
-0.0642547607
-0.1285095215
-0.5782775879
-0.0642547607
-0.2570037842
-0.1135864258
0.9370574951
-0.2271575928
0.0567932129
-0.0283966064
0.1135864258
-0.0851898193
0.0851898193
0.3048553467
-0.1422576904
-0.4267883301
0.4877624512
0.1016235352
-0.1219329834
0.5283966064
-0.3861389160
-0.3793334961
0.1896667480
0.0632171631
0.2528839111
0.5690002441
0.1896667480
0.4425659180
0.2528839111
0.3408966064
-0.1549530029
-0.0929718018
-0.1239624023
0.6817779541
0.5268249512
-0.0309906006
0.2479248047
0.0520782471
0.2082977295
-0.1041564941
0.0000000000
-0.2603759766
0.8852691650
-0.0520782471
0.0000000000
0.1811065674
-0.1811065674
0.6338958740
0.0000000000
-0.2716674805
-0.0905609131
0.3622283936
-0.1811065674
0.9405822754
-0.1059875488
0.0397491455
0.0132446289
-0.1192321777
0.0662384033
-0.2384490967
0.1457214355
-0.0971374512
-0.1804046631
0.9436187744
0.2359008789
-0.0138702393
0.0555114746
-0.0416259766
-0.0277557373
-0.7963409424
-0.1061859131
0.1592712402
0.2123565674
0.3716278076
0.1592712402
-0.1592712402
0.0530853271
-0.0620269775
0.0868377686
0.1488494873
-0.1116333008
0.0496215820
-0.0992279053
-0.9675445557
0.0248107910
-0.8503265381
0.1214752197
0.2429504395
-0.1822052002
-0.1822052002
0.0000000000
-0.1214752197
0.0000000000
0.0823974609
0.8899078369
-0.3790435791
0.0823974609
-0.0494384766
0.0659179688
-0.1483154297
-0.1153564453
0.0000000000
0.0000000000
-0.1245422363
-0.3736267090
0.1245422363
-0.2490844727
0.0000000000
-0.2490844727
-0.1099548340
0.6597137451
0.0549774170
0.1099548340
-0.1649322510
0.4398193359
0.3298645020
-0.3298645020
0.3179321289
0.3885803223
0.4239044189
0.3179321289
0.0353240967
0.5298919678
-0.3532562256
0.1412963867
0.6143951416
-0.1396331787
0.1396331787
-0.4468231201
-0.0837860107
-0.5864562988
-0.0837860107
-0.0279235840
-0.1796875000
0.0898437500
-0.8086242676
0.0898437500
0.0898437500
0.0000000000
0.0000000000
-0.0898437500
0.3670501709
0.0863647461
0.1295471191
-0.6261444092
-0.4318237305
-0.1943206787
-0.4534149170
-0.0647735596
-0.0399932861
-0.4398498535
0.4798278809
0.1199645996
0.1999359131
-0.1599426270
-0.5597991943
-0.3598785400
0.0000000000
0.2498779297
0.0000000000
0.1249389648
-0.1249389648
-0.1249389648
0.1249389648
-0.3748321533
-0.1009521484
-0.6056976318
-0.3028411865
-0.3028411865
0.1009521484
0.1009521484
0.2019042969
-0.1009521484
0.0000000000
0.9651794434
-0.1135559082
0.1703186035
0.0378570557
0.1135559082
0.0189208984
0.0189208984
-0.5044250488
0.4707946777
0.3362731934
0.4035339355
0.2353973389
-0.2353973389
0.2690277100
0.1681365967
-0.1314849854
0.3506469727
0.6574554443
0.2191467285
-0.0876617432
-0.2629852295
0.0876617432
-0.4821319580
0.4927825928
-0.1642608643
0.1642608643
-0.4106597900
-0.1642608643
0.1642608643
0.0821380615
0.4927825928
-0.1575012207
-0.0525054932
0.2100067139
0.7875366211
-0.2625122070
-0.0525054932
0.3675231934
-0.1050109863
-0.0894317627
0.8943328857
-0.0298156738
-0.2682952881
-0.0894317627
0.2384948730
0.1490631104
0.0596160889
0.3574218750
0.2978515625
0.7743988037
0.0595703125
-0.2084960938
0.2680664062
-0.1489257812
-0.1191406250
-0.0751342773
-0.9517364502
0.0250396729
-0.0751342773
0.0751342773
-0.1753234863
0.1001892090
-0.1252288818
0.9610595703
-0.0259704590
-0.0779266357
-0.0779266357
0.0779266357
-0.1558532715
0.1038970947
0.0259704590
-0.1064758301
0.0000000000
-0.1064758301
0.1064758301
-0.1064758301
0.0000000000
0.0000000000
0.1064758301
0.0000000000
0.1105499268
0.3316650391
-0.2211151123
-0.2211151123
-0.5527648926
0.0000000000
-0.1105499268
-0.0567932129
0.9370574951
-0.1135864258
0.0851898193
-0.0567932129
0.0283966064
-0.1703796387
0.1987762451
0.2339019775
-0.0779724121
-0.4093322754
0.7211914062
0.0779724121
-0.0389862061
0.4093322754
-0.2533874512
-0.1999969482
-0.1000061035
0.0000000000
0.3000030518
0.1000061035
0.3000030518
0.6000061035
0.1999969482
0.2256317139
-0.1410217285
-0.0564117432
-0.2256317139
0.7332763672
0.4512481689
-0.1692199707
0.2820281982
-0.1842498779
-0.4299163818
-0.2456665039
0.0000000000
0.3684997559
0.6755981445
-0.0614166260
0.0000000000
0.0715026855
0.0000000000
0.7150573730
0.0715026855
0.1430053711
-0.1430053711
0.4290313721
0.2860260010
0.9533996582
-0.1021423340
-0.1021423340
0.0680999756
-0.0510711670
0.0851287842
-0.2042999268
0.0680999756
-0.1333007812
-0.1333007812
0.9627685547
0.0888671875
0.0296173096
0.1036834717
-0.0148162842
-0.1036834717
-0.2099609375
0.1049804688
0.2099609375
0.3149414062
0.4199066162
0.4199066162
-0.2099609375
0.0000000000
-0.1127777100
0.0986785889
0.2255554199
-0.0140991211
0.0281982422
-0.0140991211
-0.9586029053
-0.0140991211
-0.6992950439
0.0699310303
-0.4895019531
-0.0699310303
0.2097930908
0.2097930908
0.0699310303
-0.0699310303
0.0776519775
0.8348236084
-0.5047760010
0.0582427979
0.0582427979
0.0194091797
-0.1164855957
-0.0970764160
-0.1178436279
0.0000000000
0.1178436279
-0.1178436279
0.0000000000
-0.2357025146
-0.1178436279
0.0000000000
-0.0524291992
0.4194488525
0.1572875977
0.1048583984
-0.2097167969
0.7340240479
0.2097167969
-0.2621459961
0.4264526367
0.4264526367
0.2296295166
0.2296295166
0.0984191895
0.5904693604
-0.2624359131
0.2624359131
0.6168060303
-0.0560760498
0.1121520996
-0.3925018311
-0.1121520996
-0.6168060303
-0.1682128906
-0.0560760498
-0.1247253418
0.1247253418
0.1247253418
-0.1247253418
0.1247253418
0.2494506836
-0.1247253418
-0.2494506836
0.4400939941
0.0258941650
-0.1294403076
-0.4400939941
-0.7248535156
-0.0517730713
-0.2070922852
-0.0517730713
0.1290283203
-0.4516296387
0.0000000000
0.1935577393
0.2580718994
-0.3225860596
-0.6451721191
-0.1290283203
0.0000000000
0.1113433838
0.0000000000
0.0000000000
0.0000000000
-0.1113433838
0.0000000000
-0.2226867676
0.0507202148
-0.2028808594
-0.1014404297
-0.8622436523
0.1014404297
-0.2028808594
0.2536010742
-0.0507202148
0.0000000000
0.9501037598
-0.1583557129
0.2035980225
0.0904846191
0.0452423096
0.0452423096
0.0452423096
-0.5450744629
0.4769439697
0.2044067383
0.2725372314
0.2044067383
-0.3406677246
0.2044067383
0.0681304932
0.0426940918
0.2988891602
0.6831817627
0.2988891602
0.1280975342
-0.2561950684
0.1707916260
-0.4269866943
0.3666076660
-0.0916442871
0.0916442871
-0.5499114990
-0.1833038330
0.2749481201
0.0916442871
0.3666076660
-0.3871765137
0.1659393311
0.3871765137
0.3871765137
-0.4424896240
-0.0553131104
0.4424896240
-0.1659393311
-0.1620483398
0.9490966797
0.0462951660
-0.0462951660
-0.0925903320
0.1851959229
0.0925903320
0.0000000000
0.0000000000
0.3589172363
0.7830963135
0.0000000000
-0.2610321045
0.2610321045
-0.2936553955
-0.0326232910
-0.1026458740
-0.9237518311
-0.0342102051
-0.0342102051
0.1710662842
-0.2394866943
0.0684204102
-0.0684204102
0.9493560791
0.0306243896
-0.0306243896
0.0612487793
0.2449951172
0.0306243896
-0.0306243896
0.0306243896
-0.1113433838
0.1113433838
0.1113433838
-0.1113433838
-0.1113433838
0.0000000000
-0.1113433838
0.0000000000
0.1113433838
0.1113433838
0.0000000000
0.0000000000
-0.1113433838
-0.1113433838
-0.1113433838
0.1113433838
0.0252380371
0.9337463379
-0.0757141113
0.0757141113
-0.0504760742
-0.0252380371
-0.2018890381
0.2271270752
0.1568298340
-0.0448150635
-0.3136596680
0.8961944580
0.0223999023
0.0448150635
0.2016448975
-0.1120300293
-0.2695465088
-0.1796875000
0.2695465088
0.1796875000
-0.1796875000
0.2695465088
0.6289367676
0.0898437500
0.0687103271
-0.1717681885
-0.0343475342
-0.1374206543
0.6870880127
0.5840148926
-0.1374206543
0.2748260498
-0.0749969482
-0.5249938965
-0.1499938965
0.1499938965
0.4499969482
0.5249938965
0.0749969482
0.0000000000
0.0000000000
-0.0868377686
0.7815399170
0.0868377686
-0.0868377686
-0.0868377686
0.2605133057
0.1736755371
0.9600219727
-0.1066741943
-0.1600036621
0.0533294678
0.1066741943
0.0266723633
-0.0533294678
0.0266723633
-0.1001434326
-0.1201629639
0.9412994385
-0.0600891113
0.0600891113
0.1602172852
-0.0600891113
-0.2002716064
0.2432556152
0.1216278076
0.1216278076
-0.1216278076
0.0000000000
0.1216278076
-0.1216278076
-0.1216278076
-0.0509033203
-0.0169677734
0.2036285400
0.0848388672
0.0000000000
0.0509033203
-0.9672088623
-0.0339355469
-0.2971649170
0.0000000000
-0.6438446045
-0.0990600586
0.1485748291
0.5943145752
0.0990600586
-0.1485748291
0.1522674561
0.7917938232
-0.5177154541
0.1522674561
0.1522674561
-0.0609130859
0.0304565430
-0.0304565430
0.0000000000
0.0911560059
-0.0911560059
0.0000000000
0.0000000000
0.0000000000
0.0911560059
0.0000000000
-0.0997924805
0.2494659424
0.3492584229
0.1496887207
-0.1995849609
0.7983093262
0.1496887207
0.0498962402
0.5612487793
0.4748992920
0.1726989746
0.2158660889
0.1295166016
0.4317321777
0.0000000000
0.3453826904
0.5531463623
0.0368804932
0.1475067139
-0.3687591553
-0.0737457275
-0.6268920898
-0.2950134277
-0.0737457275
0.0000000000
0.0000000000
-0.1000061035
-0.1000061035
0.0000000000
0.0000000000
-0.1000061035
0.1000061035
0.4293518066
-0.0306701660
-0.2453460693
-0.1840057373
-0.8280334473
0.0306701660
0.0000000000
-0.0613403320
0.1726379395
-0.1726379395
-0.6330261230
0.2877349854
0.3452911377
-0.1150970459
-0.4603881836
0.0575408936
0.0000000000
0.0000000000
0.0785675049
0.0000000000
0.0785675049
0.0000000000
0.0000000000
0.0000000000
-0.0331878662
-0.1327209473
0.0663604736
-0.9622497559
0.0331878662
-0.0663604736
0.0995483398
0.0000000000
-0.0763397217
0.8778991699
-0.1526794434
0.3053588867
0.0763397217
0.0000000000
0.2290191650
0.0381622314
-0.3750000000
0.1250000000
-0.1250000000
0.0000000000
0.0000000000
-0.1250000000
0.0000000000
0.2500000000
0.1712341309
0.3995513916
0.6849517822
0.1712341309
0.1712341309
-0.3424682617
0.1712341309
-0.1712341309
0.2490844727
0.0000000000
-0.1245422363
-0.1245422363
0.2490844727
0.2490844727
-0.1245422363
0.2490844727
-0.6769866943
0.1934204102
0.4352111816
-0.0967102051
-0.2901458740
0.0967102051
0.1450653076
-0.3385009766
-0.1615600586
0.9463195801
0.0461578369
0.1154022217
-0.1384887695
0.0923309326
0.1154022217
0.0692443848
-0.1525573730
0.5593566895
0.5593566895
0.0508575439
-0.2033996582
0.3050994873
-0.2542572021
-0.2542572021
-0.0638580322
-0.8940429688
-0.0638580322
0.0000000000
0.1915893555
-0.1277160645
0.0638580322
0.0000000000
0.8683929443
-0.0964813232
-0.0964813232
0.1447296143
0.2894592285
0.0964813232
-0.1929779053
0.0000000000
-0.1178436279
0.0000000000
-0.1178436279
0.1178436279
0.0000000000
0.0000000000
0.2357025146
0.1178436279
0.4006500244
-0.4006500244
0.1502380371
-0.3004913330
-0.3505706787
-0.2003326416
0.4006500244
-0.4006500244
0.0000000000
0.9957122803
-0.0272827148
0.0000000000
0.0272827148
-0.0272827148
0.0136413574
0.0136413574
0.0314178467
0.0314178467
-0.6597137451
0.6597137451
0.0314178467
0.1256561279
0.2513275146
-0.1256561279
0.0756378174
0.1512603760
-0.3781585693
-0.2268981934
-0.3025360107
-0.4537963867
-0.5294342041
-0.0756378174
-0.0462799072
0.1851348877
0.0231475830
0.1620025635
-0.3008575439
-0.8794097900
0.0462799072
-0.2314300537
0.0000000000
0.2923126221
0.2505493164
0.0835113525
-0.8351745605
0.1670379639
0.0000000000
0.2505493164
0.3856964111
0.0000000000
-0.4821166992
0.1928405762
0.0964202881
0.0964202881
0.4821166992
0.0000000000
0.9580993652
0.0833129883
0.1041412354
0.0624847412
-0.0624847412
0.0833129883
-0.0208282471
0.1874542236
-0.0133972168
-0.1876373291
0.8845672607
0.4154815674
0.0000000000
0.0536041260
0.0268096924
-0.0133972168
-0.3774108887
-0.3774108887
0.1887054443
-0.1887054443
0.3774108887
0.0943603516
-0.3774108887
0.1887054443
-0.0423278809
-0.0141143799
0.0564270020
0.0423278809
-0.0987548828
0.0000000000
-0.9874725342
-0.0423278809
0.0525817871
-0.1051483154
0.8937683105
0.0000000000
0.2102966309
0.1577301025
-0.0525817871
-0.1577301025
0.0363464355
0.9692840576
-0.1938629150
0.0000000000
0.0000000000
-0.1090393066
-0.0363464355
-0.0605773926
0.1249389648
0.1249389648
-0.2498626709
0.0000000000
0.1249389648
0.0000000000
0.2498626709
-0.2498626709
0.1159973145
0.1159973145
0.1159973145
0.1159973145
0.1159973145
-0.1159973145
0.2320098877
0.5800018311
0.3270568848
0.2973175049
0.6540985107
0.0594635010
0.1783905029
0.4757080078
-0.2081298828
0.2081298828
0.1096191406
-0.1096191406
0.0548095703
-0.3288726807
-0.2740631104
-0.8221740723
-0.0548095703
-0.1096191406
0.0000000000
0.1216278076
0.0000000000
0.1216278076
-0.2432556152
0.0000000000
0.0000000000
0.2432556152
0.7019805908
0.1403961182
0.0000000000
-0.2807922363
-0.3275909424
0.0935974121
-0.4679870605
0.0467987061
-0.2092437744
-0.0929870605
0.8137054443
-0.2557373047
-0.1627349854
0.2092437744
0.3254852295
-0.1627349854
0.1150360107
0.1150360107
0.1150360107
-0.1150360107
-0.1150360107
0.0000000000
-0.1150360107
0.1150360107
0.0222320557
-0.0666961670
-0.1333923340
-0.9782257080
-0.0444641113
0.0000000000
-0.0444641113
-0.0222320557
0.0619964600
0.9713745117
0.0000000000
0.0826721191
0.1033325195
0.1446685791
0.0000000000
-0.0206604004
-0.4930114746
0.3697509766
0.0821685791
0.4930114746
0.2875823975
-0.2875823975
0.2054138184
0.3286743164
0.0000000000
-0.2635803223
-0.5271606445
-0.3953704834
-0.1976928711
0.0000000000
-0.3953704834
0.3953704834
0.0534667969
-0.3742675781
0.2673339844
-0.1604003906
0.0000000000
0.4277343750
0.2673339844
-0.6416015625
0.0239562988
0.0000000000
-0.0119781494
0.9939575195
-0.0359191895
-0.0239562988
-0.0598754883
0.0359191895
-0.1177673340
0.9757843018
0.0000000000
-0.0336456299
0.0672912598
-0.0672912598
-0.1009368896
-0.0672912598
0.5206604004
-0.3204040527
0.2402954102
-0.2002563477
-0.0400543213
0.5606994629
0.4004974365
0.0000000000
-0.1543579102
-0.7717742920
0.0514526367
0.1029052734
0.2058105469
-0.4116210938
0.2572631836
-0.0514526367
0.9143218994
0.1306152344
0.0000000000
-0.1306152344
0.0435333252
0.2176971436
-0.1306152344
-0.0435333252
-0.2456817627
0.0000000000
-0.1228332520
-0.1228332520
0.0000000000
0.0000000000
0.2456817627
0.1228332520
0.4686737061
-0.3124542236
0.2603759766
-0.2603759766
-0.2603759766
-0.4165954590
0.2082977295
-0.4165954590
0.0529022217
0.9920043945
0.0000000000
-0.0529022217
0.0396728516
0.0000000000
0.0396728516
-0.0396728516
0.2415161133
0.0000000000
-0.6641540527
0.5735931396
-0.0603790283
-0.0603790283
0.3622741699
-0.0603790283
0.0000000000
0.6123657227
-0.1749572754
-0.3499298096
0.0874786377
-0.0874786377
0.2624511719
-0.3499298096
-0.0904846191
0.2940826416
0.1357269287
0.1583557129
-0.2035980225
-0.8370056152
0.2488403320
-0.2035980225
0.0474243164
0.3319702148
0.2845458984
0.2845458984
-0.7113647461
0.2845458984
0.0948486328
0.2371215820
0.1000061035
-0.3000030518
-0.1000061035
-0.1999969482
-0.3999938965
-0.1000061035
0.3999938965
0.3999938965
0.9703369141
0.0000000000
0.1238708496
0.0000000000
-0.0412902832
0.0000000000
-0.0206451416
0.1651611328
-0.0742340088
-0.1113586426
0.9156036377
0.3711853027
-0.0123748779
0.0247497559
0.0123748779
-0.0123748779
-0.5206756592
-0.4462890625
0.1487579346
0.0743865967
0.4462890625
0.1487579346
-0.0743865967
0.2975311279
-0.0646667480
-0.0215606689
0.0431060791
0.0431060791
-0.0431060791
0.0000000000
-0.9915466309
-0.0538940430
-0.1364288330
-0.0909423828
0.9095001221
-0.0909423828
0.0454711914
0.0909423828
-0.0909423828
-0.2273712158
0.0222625732
0.9798278809
-0.1670227051
0.0222625732
-0.0445404053
-0.0445404053
-0.0445404053
-0.0334014893
0.0000000000
0.0000000000
-0.1234283447
0.0000000000
0.0000000000
-0.1234283447
0.4937286377
-0.2468566895
0.2468566895
0.1234283447
0.0000000000
0.0000000000
0.0000000000
0.0000000000
0.1234283447
0.4937286377
0.3165435791
0.3429107666
0.5803222656
0.0791320801
0.2373962402
0.4748077393
-0.3429107666
0.1318969727
0.2580718994
-0.1290435791
0.0430145264
-0.5591735840
-0.2580718994
-0.6882019043
0.0000000000
-0.0430145264
-0.1247253418
0.0000000000
-0.3741607666
0.1247253418
0.0000000000
0.1247253418
-0.1247253418
0.1247253418
0.6767730713
0.1503906250
0.2255859375
-0.4511871338
-0.3383941650
-0.1879882812
-0.2631988525
0.0000000000
-0.3070831299
-0.1653594971
0.8503875732
-0.1889801025
-0.0708618164
0.1889801025
0.0708618164
-0.2362213135
-0.1064758301
-0.1064758301
0.0000000000
0.1064758301
0.0000000000
-0.1064758301
-0.1064758301
0.0000000000
0.0213775635
-0.1282348633
-0.1709899902
-0.9617919922
-0.0641174316
0.0427398682
0.0641174316
0.0641174316
0.0362243652
0.9782562256
-0.0181121826
0.0724639893
0.0905761719
0.1268157959
0.0000000000
-0.0362243652
-0.5259704590
0.4383087158
0.1314849854
0.5259704590
0.2191467285
-0.2191467285
0.1753234863
0.2191467285
0.0000000000
-0.0968475342
-0.1937103271
-0.2905578613
-0.1937103271
-0.5811157227
-0.0968475342
-0.3874053955
0.0000000000
-0.4497680664
0.1927642822
-0.2570037842
-0.1927642822
0.3855133057
0.1927642822
-0.5782775879
-0.0132446289
-0.0397186279
0.0529632568
0.9929656982
0.0264739990
-0.0132446289
-0.0529632568
0.0132446289
-0.0809326172
0.9845886230
-0.0404663086
-0.0404663086
0.0674438477
-0.0539550781
-0.0674438477
-0.0539550781
0.5259704590
-0.2629852295
0.5697937012
0.0438232422
-0.0438232422
0.3506469727
0.3506469727
-0.1314849854
-0.0997924805
-0.8981018066
-0.0498962402
-0.0997924805
-0.0498962402
-0.2494659424
0.1496887207
-0.0498962402
0.9739685059
0.0000000000
-0.0679473877
-0.0226440430
0.0679473877
0.1359100342
0.0453033447
-0.0679473877
0.0000000000
0.1199951172
-0.2400054932
-0.1199951172
0.1199951172
0.1199951172
0.0000000000
0.1199951172
0.4818878174
-0.1070861816
0.3748016357
-0.2677154541
-0.1070861816
-0.5354309082
0.1070861816
-0.3748016357
0.0402069092
0.9917907715
-0.0402069092
-0.0268096924
0.0536041260
0.0268096924
0.0133972168
-0.0536041260
0.4891662598
-0.1630554199
-0.4239501953
0.3913421631
-0.1304473877
-0.2608947754
0.5217895508
-0.0978393555
-0.2213439941
0.4426727295
-0.2213439941
-0.2213439941
0.0737762451
0.0737762451
0.6640167236
-0.1475524902
-0.0581207275
0.3777618408
0.2034149170
0.1162414551
0.0871734619
-0.8136596680
0.3196563721
0.0000000000
0.2639617920
0.4751434326
0.0527954102
0.4223480225
-0.3695526123
0.4751434326
0.2111816406
0.1583862305
-0.1048583984
-0.1048583984
0.6815948486
-0.0524291992
-0.6291656494
-0.1572875977
0.0000000000
0.0000000000
0.9594726562
-0.1370697021
0.1174926758
0.0000000000
-0.0783233643
-0.0587463379
-0.0783233643
0.1370697021
-0.1321563721
-0.1081237793
0.9250946045
0.3243865967
0.0360412598
-0.0120086670
-0.0600738525
0.0120086670
-0.5969238281
-0.1989746094
0.1326446533
0.2653045654
0.5306091309
0.1326446533
0.0000000000
0.2653045654
-0.0896606445
0.0000000000
0.1075897217
0.0269012451
-0.0179290771
-0.0089721680
-0.9862823486
-0.0627593994
-0.3112030029
0.0000000000
0.8091278076
-0.0622406006
0.0622406006
0.1244812012
-0.1867218018
-0.2489624023
0.0669250488
0.9637756348
-0.2007904053
0.0669250488
-0.0803070068
0.0401611328
-0.0803070068
-0.0401611328
0.0000000000
-0.1196746826
-0.1196746826
0.0000000000
0.1196746826
-0.1196746826
0.4786834717
-0.3590087891
0.2495727539
-0.1247863770
0.0000000000
-0.2495727539
0.0000000000
-0.1247863770
0.2495727539
0.2495727539
0.2083435059
0.4167022705
0.5555877686
0.0694427490
0.1389007568
0.4861450195
-0.4167022705
-0.0347290039
0.2854309082
-0.1631011963
0.2038726807
-0.6524047852
-0.2854309082
-0.5300750732
-0.0407714844
-0.0815582275
-0.2110137939
-0.2110137939
-0.6330566406
0.0000000000
0.1055145264
0.2110137939
0.0000000000
-0.2110137939
0.4748992920
0.0730590820
0.3653106689
-0.5844879150
-0.3653106689
-0.2191772461
-0.2191772461
-0.1461181641
-0.3083953857
-0.2242889404
0.8130493164
-0.1682128906
0.0280303955
0.2242889404
-0.2242889404
-0.1962585449
-0.2474365234
0.0000000000
-0.1237182617
0.2474365234
0.0000000000
-0.1237182617
-0.1237182617
-0.1237182617
0.0568084717
-0.1136322021
-0.2272644043
-0.9374389648
-0.0284118652
0.0568084717
0.1420288086
0.0568084717
0.0164184570
0.9846496582
-0.0820617676
0.0656433105
0.0492401123
0.0820617676
-0.0164184570
-0.0328216553
-0.5515899658
0.4512939453
0.2005767822
0.5014495850
0.2507171631
-0.1002960205
0.1504364014
0.1504364014
0.0000000000
0.1529998779
-0.3059997559
0.0000000000
0.0000000000
-0.6120147705
0.1529998779
-0.5355072021
0.0898437500
-0.4492340088
0.2695465088
-0.2695465088
-0.1796875000
0.3593902588
0.2695465088
-0.3593902588
-0.0249938965
-0.0999603271
0.0999603271
0.9746398926
-0.0249938965
-0.0499877930
-0.0749664307
-0.0249938965
-0.0482940674
0.9900360107
-0.0482940674
-0.0362243652
0.0845184326
0.0120697021
-0.0362243652
-0.0241546631
0.4951324463
-0.2700805664
0.4051055908
0.4051055908
0.2250671387
0.0900268555
0.3600921631
-0.3150939941
-0.1005401611
-0.9048767090
0.0502777100
-0.2010803223
-0.0502777100
-0.1508178711
0.1005401611
-0.1005401611
0.9864807129
-0.0334472656
-0.0334472656
0.0000000000
0.0000000000
0.0334472656
0.1003265381
-0.0668792725
0.1237182617
0.2474365234
-0.1237182617
0.0000000000
0.1237182617
0.0000000000
-0.2474365234
0.1237182617
0.3879089355
0.0000000000
0.4525604248
-0.2586059570
-0.1293029785
-0.5172119141
-0.0646514893
-0.3879089355
0.0000000000
0.9913024902
-0.0528717041
0.0396575928
0.0132141113
0.0792999268
0.0264282227
-0.0132141113
0.4133911133
-0.1459045410
-0.4133911133
0.4863433838
-0.1215820312
-0.2431640625
0.5349731445
-0.1459045410
-0.1347198486
0.0673675537
-0.6062774658
-0.2694549561
-0.2694549561
0.0673675537
0.5389099121
-0.1347198486
0.0692901611
0.2771301270
0.1732025146
0.0346374512
0.5196228027
-0.6581878662
0.0000000000
0.3810577393
0.4236145020
0.3025817871
-0.1815490723
0.3025817871
-0.1815490723
0.6656646729
0.0605163574
0.0605163574
0.0000000000
0.0000000000
0.8492584229
0.0499572754
-0.3497009277
-0.1498718262
0.0999145508
-0.1998291016
0.9074249268
-0.2495422363
0.0000000000
0.0680541992
-0.1361083984
0.0000000000
-0.2041625977
0.1814880371
-0.1528320312
-0.1309967041
0.9170074463
0.3165893555
0.0982513428
-0.0109100342
-0.0655059814
0.0218353271
-0.5811157227
-0.1937103271
0.1937103271
0.2905578613
0.3874053955
0.0968475342
0.0968475342
0.0000000000
-0.1039733887
0.0606536865
0.2079467773
0.0346527100
-0.0173339844
0.0260009766
-0.9617614746
-0.1126403809
-0.3486328125
0.0871582031
0.5229492188
0.2614746094
0.2614746094
0.2614746094
-0.0871582031
-0.3486328125
0.1356506348
0.9224548340
-0.3120117188
0.0813903809
0.0000000000
0.0000000000
-0.1085205078
-0.0949554443
-0.1237182617
-0.1237182617
0.0000000000
-0.1237182617
0.1237182617
0.0000000000
0.2474365234
-0.2474365234
0.1249389648
-0.1249389648
0.0000000000
-0.2498626709
0.0000000000
0.3748016357
0.0000000000
0.0000000000
0.2376861572
0.3735198975
0.3735198975
0.2037353516
0.2376861572
0.5772552490
-0.4414215088
0.0339508057
0.2938232422
-0.1101837158
0.3672637939
-0.6243591309
-0.3305358887
-0.4039916992
-0.1101837158
-0.2203674316
-0.2494506836
-0.1247253418
-0.2494506836
0.0000000000
0.1247253418
0.2494506836
0.0000000000
0.0000000000
0.4555511475
-0.1051330566
0.1051330566
-0.5957336426
-0.5957336426
0.0000000000
-0.1401672363
-0.0350494385
-0.1861572266
-0.1116943359
0.8563385010
-0.1116943359
0.0000000000
0.1489257812
-0.3723297119
0.0372314453
-0.1250000000
0.1250000000
0.0000000000
0.1250000000
0.2500000000
-0.2500000000
-0.1250000000
-0.2500000000
0.0000000000
-0.2082214355
-0.1735229492
-0.9369964600
0.0000000000
0.0000000000
0.0694122314
0.0694122314
0.0147705078
0.9750213623
-0.0738677979
0.0886383057
0.1034088135
0.0738677979
-0.1034088135
-0.0443115234
-0.6552581787
0.3640289307
0.0000000000
0.4368438721
0.1456146240
-0.1456146240
0.0727996826
0.1456146240
0.3423614502
0.1711730957
0.0000000000
0.0855865479
0.0000000000
-0.5135345459
0.2567596436
-0.5135345459
0.5000000000
-0.3999938965
0.1999969482
-0.3999938965
-0.1000061035
0.1000061035
0.1000061035
0.0000000000
-0.1841278076
-0.1104736328
0.0000000000
0.8470001221
-0.3314361572
-0.2209625244
0.1473083496
-0.1104736328
-0.0310058594
0.9923858643
-0.0413513184
0.0103302002
0.0516815186
0.0723571777
-0.0310058594
-0.0103302002
0.1874389648
-0.2499237061
0.6248168945
0.4373779297
0.0000000000
-0.1249694824
0.1874389648
-0.3748931885
-0.0597534180
-0.8366088867
0.1195220947
-0.2390289307
0.0597534180
-0.1792755127
0.1195220947
-0.2390289307
0.9840698242
0.0000000000
-0.0209350586
0.0209350586
0.0209350586
0.0000000000
0.1256256104
-0.0209350586
0.1113433838
0.0000000000
0.0000000000
0.1113433838
-0.1113433838
-0.1113433838
-0.1113433838
0.1113433838
0.1224670410
0.2449493408
0.2449493408
-0.1224670410
0.0000000000
-0.3674163818
-0.1224670410
-0.2449493408
-0.0149993896
0.9900360107
-0.0449981689
0.0299987793
0.0000000000
0.0749969482
-0.0149993896
0.0599975586
0.3736419678
-0.0879211426
-0.4395751953
0.6813354492
-0.0659332275
-0.1538543701
0.3736419678
-0.1098937988
-0.2918548584
0.0972900391
-0.2918548584
-0.1945648193
-0.0972900391
-0.0972900391
0.5837097168
-0.2918548584
0.0738525391
0.0738525391
0.1477050781
-0.1477050781
0.7385253906
0.0000000000
-0.2215576172
0.5538940430
0.0767211914
0.0000000000
-0.3068847656
0.3836212158
0.2301635742
0.6905059814
0.1534423828
0.0000000000
-0.0718688965
-0.0718688965
0.5749664307
0.0718688965
0.2874755859
-0.2874755859
0.4312133789
0.3593444824
0.9122467041
-0.2640686035
-0.0480194092
0.0480194092
-0.0240020752
0.0480194092
-0.1200256348
0.2400665283
-0.1637725830
-0.0503845215
0.9574279785
0.2015686035
0.0881805420
0.0126037598
0.0126037598
-0.0126037598
-0.2449493408
0.2449493408
0.3674163818
0.1224670410
0.1224670410
0.2449493408
0.0000000000
-0.1224670410
-0.0810546875
0.0506591797
0.2127685547
0.0202636719
-0.0506591797
0.0506591797
-0.9625396729
-0.1013183594
-0.2505645752
-0.0835266113
-0.1670379639
0.2505645752
0.3340911865
0.5011291504
0.2505645752
-0.4176177979
0.0740966797
0.9039154053
-0.3852844238
0.0740966797
0.0740966797
0.0000000000
-0.0740966797
-0.0740966797
-0.0911560059
0.0000000000
0.0000000000
0.0000000000
0.0000000000
-0.0911560059
0.0911560059
0.0000000000
-0.0795440674
0.0795440674
0.2386169434
0.0000000000
-0.1590728760
0.7953948975
-0.2386169434
0.0000000000
0.3320465088
0.3320465088
0.1660308838
0.2905426025
0.2905426025
0.5395812988
-0.4565734863
0.1660308838
0.3455352783
0.0000000000
0.3455352783
-0.6526947021
-0.3071441650
-0.3455352783
-0.1919708252
-0.1919708252
-0.2357025146
0.1178436279
-0.1178436279
0.0000000000
0.1178436279
0.1178436279
0.0000000000
0.0000000000
0.4968872070
-0.0993804932
-0.0993804932
-0.3975067139
-0.7287750244
0.0662536621
0.0000000000
0.0662536621
0.0686035156
-0.1372222900
0.6174926758
0.1372222900
0.0000000000
0.1372222900
-0.4802703857
0.4116668701
0.1243286133
0.1243286133
0.0000000000
-0.1243286133
0.1243286133
-0.2486572266
-0.1243286133
-0.2486572266
-0.1320037842
-0.2200012207
0.0440063477
-0.9239959717
0.0000000000
0.0000000000
0.0879974365
0.0879974365
-0.0214843750
0.9666595459
-0.0859222412
0.0644378662
0.1503753662
0.0214843750
-0.1074066162
-0.0644378662
-0.4833679199
0.2416839600
-0.1208343506
0.1208343506
0.2416839600
-0.1208343506
0.0000000000
0.0000000000
0.2772064209
0.0924072266
0.0924072266
0.3696136475
0.1847991943
-0.4620056152
0.4620056152
-0.0924072266
0.2468566895
-0.2468566895
-0.1234283447
-0.2468566895
0.0000000000
0.0000000000
0.0000000000
0.3703002930
-0.5181884766
0.0942230225
0.2355346680
0.3768615723
-0.5181884766
-0.2355346680
0.3297576904
-0.1413269043
-0.0218658447
0.9947814941
-0.0109252930
0.0655975342
-0.0109252930
0.0327911377
-0.0218658447
0.0000000000
-0.5349121094
0.0891571045
0.5349121094
0.0000000000
-0.0891571045
-0.1782989502
-0.1782989502
-0.2674560547
-0.1985473633
-0.7941741943
-0.0661773682
-0.0661773682
0.2647247314
-0.2647247314
0.1323699951
-0.1323699951
0.9354400635
0.1206970215
-0.0603485107
0.1206970215
0.1810455322
0.1206970215
0.1206970215
0.0301818848
0.0000000000
-0.0911560059
0.0000000000
0.0000000000
-0.0911560059
0.0911560059
0.0000000000
0.0000000000
0.2357025146
0.1178436279
0.1178436279
0.0000000000
-0.1178436279
0.0000000000
0.0000000000
-0.1178436279
0.0171966553
0.9805603027
-0.0516052246
0.0344085693
0.0000000000
0.0688171387
-0.0344085693
0.1376190186
0.3204650879
-0.1165313721
-0.3495941162
0.8157196045
-0.1165313721
-0.0291290283
0.2330627441
0.0000000000
0.0000000000
-0.2905578613
0.1937103271
-0.2905578613
-0.1937103271
0.0000000000
0.5811157227
-0.2905578613
-0.1575775146
-0.0393981934
0.1575775146
-0.1181793213
0.6302795410
0.1181793213
-0.1575775146
0.6696777344
-0.0912780762
-0.2738494873
0.2738494873
0.2738494873
0.1825714111
0.6389770508
0.1825714111
0.0000000000
-0.1552581787
-0.0776367188
0.6210327148
-0.0776367188
-0.0776367188
-0.3105163574
0.4657745361
0.2328948975
0.9067840576
-0.1670379639
0.0477294922
-0.0477294922
0.1670379639
-0.0477294922
0.1670379639
0.2624969482
-0.1244506836
0.0622253418
0.9749145508
0.0829772949
0.0622253418
0.0414886475
0.0000000000
-0.0622253418
0.1249389648
0.2498626709
0.0000000000
-0.2498626709
-0.2498626709
-0.1249389648
0.0000000000
-0.1249389648
-0.0133209229
-0.0399475098
0.1731109619
0.0399475098
-0.0932159424
0.0665893555
-0.9721221924
-0.0532684326
-0.0954895020
-0.1432495117
-0.4297332764
-0.0954895020
0.1432495117
0.7162170410
0.2387390137
-0.3342285156
0.0000000000
0.8230133057
-0.5181884766
0.0914459229
0.0914459229
-0.0609588623
0.0000000000
0.0609588623
0.1113433838
0.1113433838
-0.1113433838
0.1113433838
0.0000000000
0.0000000000
0.1113433838
-0.1113433838
-0.1947631836
0.3246154785
0.3895263672
0.0649261475
-0.1298370361
0.6492156982
-0.3246154785
0.1298370361
0.0000000000
0.1911621094
-0.1911621094
0.3823242188
0.2867431641
0.4779052734
0.0000000000
0.3823242188
0.3151397705
0.1181793213
0.2363586426
-0.6696777344
-0.1969604492
-0.4333190918
-0.3151397705
-0.0787811279
0.0000000000
0.0000000000
-0.3685150146
0.0000000000
0.0000000000
0.0000000000
0.1228332520
0.1228332520
0.3316040039
-0.1894836426
-0.0947418213
-0.0947418213
-0.8526916504
0.0000000000
0.1894836426
0.0000000000
0.0000000000
-0.2472076416
-0.3296203613
0.3296203613
0.1648101807
0.3296203613
-0.4944305420
0.3296203613
0.0000000000
0.0000000000
0.0911560059
0.0000000000
0.0911560059
-0.0911560059
0.0000000000
0.0000000000
-0.1644287109
-0.2192535400
0.2192535400
-0.8769836426
0.0548095703
0.0548095703
0.0000000000
-0.0548095703
-0.0658874512
0.9554290771
-0.0988311768
0.1647338867
0.0658874512
0.0329437256
0.0329437256
-0.0658874512
-0.1178436279
0.0000000000
-0.1178436279
0.0000000000
0.2357025146
0.0000000000
-0.1178436279
-0.1178436279
0.2972259521
0.0990753174
-0.3963012695
0.1981506348
0.0000000000
-0.3963012695
0.1981506348
0.3963012695
0.1196746826
0.0000000000
-0.2393341064
-0.1196746826
0.3590087891
0.3590087891
-0.2393341064
0.1196746826
-0.7463226318
0.1865844727
0.3265228271
-0.1399383545
-0.3731689453
-0.0466461182
0.1865844727
-0.1865844727
0.0000000000
0.9832305908
0.0289154053
0.1445922852
-0.0433807373
0.0433807373
0.0289154053
-0.0144653320
-0.1711730957
0.2567596436
-0.0855865479
0.1711730957
0.3423614502
0.0000000000
-0.1711730957
-0.6847076416
0.0000000000
-0.5677337646
0.1135406494
-0.2270965576
0.0000000000
-0.2270965576
0.2270965576
-0.1135406494
0.9049530029
0.0861816406
-0.0430908203
0.2154693604
0.2154693604
0.1292724609
0.0000000000
-0.0430908203
